id,nro_animal,fecha,nombre_animal,peso_leche,ordeñador,am_pm
609,80472,2023-11-18 00:00:00,catalina,1.7,junior,AM
610,5077,2023-11-18 00:00:00,guanota,1.8,junior,AM
611,EMB 5,2023-11-18 00:00:00,mama juana,1.8,Manuel,AM
612,0128,2023-11-18 00:00:00,plateada,1.9,Alberto,AM
613,8030,2023-11-18 00:00:00,,1.9,Alberto,AM
614,40072,2023-11-18 00:00:00,flor de mayo,2.1,junior,AM
615,9040,2023-11-18 00:00:00,,2.2,junior,AM
616,2047,2023-11-18 00:00:00,mal tiempo,2.3,Alberto,AM
617,9071,2023-11-18 00:00:00,,2.3,Manuel,AM
618,2050,2023-11-18 00:00:00,fabiola,2.4,claudio,AM
619,6021,2023-11-18 00:00:00,berenjena,2.6,claudio,AM
620,4007,2023-11-18 00:00:00,victoria,2.6,Manuel,AM
621,3107,2023-11-18 00:00:00,toldita,2.7,claudio,AM
622,2133A,2023-11-18 00:00:00,paso doble,2.8,Alberto,AM
623,5010,2023-11-18 00:00:00,saco de hueso,2.8,Alberto,AM
624,4055,2023-11-18 00:00:00,campanita,2.9,Junior,AM
625,8077,2023-11-18 00:00:00,chiquita,2.9,Alberto,AM
626,1091A,2023-11-18 00:00:00,goldita,2.9,Alberto,AM
627,4079,2023-11-18 00:00:00,maniña,2.9,Alberto,AM
628,5052,2023-11-18 00:00:00,manzanita,2.9,claudio,AM
629,2208A,2023-11-18 00:00:00,manzanare i,3.1,Alberto,AM
630,7077,2023-11-18 00:00:00,topita dos,3.1,junior,AM
631,4101,2023-11-18 00:00:00,reina mora,3.2,junior,AM
632,2219,2023-11-18 00:00:00,paraulata,3.3,junior,AM
633,8086,2023-11-18 00:00:00,,3.3,claudio,AM
634,1112A,2023-11-18 00:00:00,,3.3,Manuel,AM
635,3119,2023-11-18 00:00:00,campesina,3.5,Alberto,AM
636,7033,2023-11-18 00:00:00,mina de oro,3.5,junior,AM
637,9020,2023-11-18 00:00:00,Pato real,3.5,Alberto,AM
638,8017,2023-11-18 00:00:00,yanire,3.5,claudio,AM
639,7087,2023-11-18 00:00:00,mandarina,3.6,junior,AM
640,8050,2023-11-18 00:00:00,rosa blanca,3.6,Alberto,AM
641,9051,2023-11-18 00:00:00,garcita,3.7,claudio,AM
642,7076,2023-11-18 00:00:00,,3.7,Alberto,AM
643,8094,2023-11-18 00:00:00,,3.7,Manuel,AM
644,3003A,2023-11-18 00:00:00,blanca nieves,3.8,claudio,AM
645,0740,2023-11-18 00:00:00,gisela,3.8,claudio,AM
646,5144,2023-11-18 00:00:00,la mona,3.8,Manuel,AM
647,6035,2023-11-18 00:00:00,mikaela,3.8,junior,AM
648,4072,2023-11-18 00:00:00,,3.8,Alberto,AM
649,31102,2023-11-18 00:00:00,catira,3.9,Alberto,AM
650,8079,2023-11-18 00:00:00,doña maria,3.9,Alberto,AM
651,5146,2023-11-18 00:00:00,,4.0,Alberto,AM
652,8087,2023-11-18 00:00:00,dalmata,4.1,junior,AM
653,2062,2023-11-18 00:00:00,fondo blanco,4.1,claudio,AM
654,2090A,2023-11-18 00:00:00,guacharaca,4.1,Alberto,AM
655,8019,2023-11-18 00:00:00,ropa sucia,4.1,Alberto,AM
656,6010,2023-11-18 00:00:00,tembladora,4.1,Alberto,AM
657,0500,2023-11-18 00:00:00,tiburona,4.1,Alberto,AM
658,8028,2023-11-18 00:00:00,,4.1,Manuel,AM
659,7067,2023-11-18 00:00:00,canelita 1,4.2,Alberto,AM
660,80882,2023-11-18 00:00:00,corazon,4.2,junior,AM
661,7007,2023-11-18 00:00:00,puerto rico,4.2,junior,AM
662,4043,2023-11-18 00:00:00,jacinta,4.2,claudio,AM
663,4057,2023-11-18 00:00:00,,4.2,junior,AM
664,5079,2023-11-18 00:00:00,noche oscura,4.3,Alberto,AM
665,2063A,2023-11-18 00:00:00,cacho e gusano,4.5,claudio,AM
666,2148A,2023-11-18 00:00:00,cara negra,4.5,junior,AM
667,3028A,2023-11-18 00:00:00,lucerito,4.5,Alberto,AM
668,809,2023-11-18 00:00:00,,4.5,claudio,AM
669,7074,2023-11-18 00:00:00,cacho e tornillo,4.6,claudio,AM
670,2072,2023-11-18 00:00:00,pan quemado,4.6,Manuel,AM
671,7012,2023-11-18 00:00:00,rojita,4.6,Manuel,AM
672,7017,2023-11-18 00:00:00,maita,4.7,claudio,AM
673,2079,2023-11-18 00:00:00,ñeca,4.7,Manuel,AM
674,9389,2023-11-18 00:00:00,zamura,4.7,Alberto,AM
675,8043,2023-11-18 00:00:00,,4.7,claudio,AM
676,7059,2023-11-18 00:00:00,chinga dos,4.9,claudio,AM
677,2124A,2023-11-18 00:00:00,luisa,5.0,junior,AM
678,4087,2023-11-18 00:00:00,negra fina,5.0,Manuel,AM
679,4151,2023-11-18 00:00:00,la que amarro,5.1,Manuel,AM
680,2196A,2023-11-18 00:00:00,peluche,5.1,junior,AM
681,1015 ,2023-11-18 00:00:00,la chinga,5.2,Manuel,AM
682,3021A,2023-11-18 00:00:00,luna llena,5.2,claudio,AM
683,5679,2023-11-18 00:00:00,redonda,5.2,Manuel,AM
684,8048,2023-11-18 00:00:00,safira,5.2,Alberto,AM
685,2094A,2023-11-18 00:00:00,venaita,5.3,junior,AM
686,8033,2023-11-18 00:00:00,guariqueña,5.4,Manuel,AM
687,4018,2023-11-18 00:00:00,bocanegra,5.5,junior,AM
688,2083,2023-11-18 00:00:00,tesoro,5.5,claudio,AM
689,7028,2023-11-18 00:00:00,cigarrona,5.6,junior,AM
690,3066B,2023-11-18 00:00:00,la mocha,5.6,junior,AM
691,2226,2023-11-18 00:00:00,san cristobal,5.6,Manuel,AM
692,2234,2023-11-18 00:00:00,taparita,5.6,Alberto,AM
693,8045,2023-11-18 00:00:00,frescolita,5.7,Manuel,AM
694,2149A,2023-11-18 00:00:00,camukenga,5.8,claudio,AM
695,5033,2023-11-18 00:00:00,nieve,5.8,claudio,AM
696,2,2023-11-18 00:00:00,,5.8,Manuel,AM
697,2143,2023-11-18 00:00:00,catrina,5.9,Alberto,AM
698,3750,2023-11-18 00:00:00,eloiza,6.2,Alberto,AM
699,7083,2023-11-18 00:00:00,margarita,6.5,claudio,AM
700,3024A,2023-11-18 00:00:00,sin nombre,6.6,Manuel,AM
701,8046,2023-11-18 00:00:00,princesa,6.9,Alberto,AM
702,0018,2023-11-07 00:00:00,,3.6,Claudio,AM
703,0128,2023-11-07 00:00:00,plateada,1.9,Nelson,AM
704,0500,2023-11-07 00:00:00,tiburona,4.1,Alberto,AM
705,0740,2023-11-07 00:00:00,gisela,3.0,Nelson,AM
706,1015 ,2023-11-07 00:00:00,la chinga,4.1,Claudio,AM
707,1091A,2023-11-07 00:00:00,goldita,2.8,Alberto,AM
708,1112A,2023-11-07 00:00:00,,3.3,Claudio,AM
709,2,2023-11-07 00:00:00,,5.2,Alberto,AM
710,2047,2023-11-07 00:00:00,mal tiempo,2.0,Junior,AM
711,2050,2023-11-07 00:00:00,fabiola,4.4,Alberto,AM
712,2062,2023-11-07 00:00:00,fondo blanco,2.9,Claudio,AM
713,2063A,2023-11-07 00:00:00,cacho e gusano,4.9,Junior,AM
714,2072,2023-11-07 00:00:00,pan quemado,3.5,Nelson,AM
715,2079,2023-11-07 00:00:00,ñeca,3.8,Alberto,AM
716,2090A,2023-11-07 00:00:00,guacharaca,2.2,Nelson,AM
717,2094A,2023-11-07 00:00:00,venaita,7.9,Junior,AM
718,2124A,2023-11-07 00:00:00,luisa,6.2,Alberto,AM
719,2133A,2023-11-07 00:00:00,paso doble,3.4,Alberto,AM
720,2143,2023-11-07 00:00:00,catrina,5.1,Junior,AM
721,2148A,2023-11-07 00:00:00,cara negra,5.4,Nelson,AM
722,2149A,2023-11-07 00:00:00,camukenga,4.9,Claudio,AM
723,2196A,2023-11-07 00:00:00,peluche,7.0,Claudio,AM
724,2208A,2023-11-07 00:00:00,manzanare i,3.5,Claudio,AM
725,2219,2023-11-07 00:00:00,paraulata,4.6,Nelson,AM
726,2226,2023-11-07 00:00:00,san cristobal,6.9,Nelson,AM
727,2234,2023-11-07 00:00:00,taparita,4.2,Junior,AM
728,3003A,2023-11-07 00:00:00,blanca nieves,5.0,Nelson,AM
729,3021A,2023-11-07 00:00:00,luna llena,7.6,Nelson,AM
730,3024A,2023-11-07 00:00:00,sin nombre,6.2,Claudio,AM
731,3028A,2023-11-07 00:00:00,,3.8,Claudio,AM
732,3066B,2023-11-07 00:00:00,la mocha,5.7,Claudio,AM
733,3107,2023-11-07 00:00:00,toldita,3.0,Nelson,AM
734,31102,2023-11-07 00:00:00,catira,6.0,Claudio,AM
735,3119,2023-11-07 00:00:00,campesina,3.9,Nelson,AM
736,3750,2023-11-07 00:00:00,eloiza,4.9,Nelson,AM
737,4007,2023-11-07 00:00:00,victoria,3.0,Alberto,AM
738,40072,2023-11-07 00:00:00,flor de mayo,2.2,Junior,AM
739,4018,2023-11-07 00:00:00,bocanegra,5.3,Alberto,AM
740,4043,2023-11-07 00:00:00,Jacinta,4.9,Claudio,AM
741,4055,2023-11-07 00:00:00,campanita,3.8,Alberto,AM
742,4057,2023-11-07 00:00:00,,2.9,Junior,AM
743,4079,2023-11-07 00:00:00,maniña,3.2,Alberto,AM
744,4087,2023-11-07 00:00:00,negra fina,4.1,Alberto,AM
745,4101,2023-11-07 00:00:00,reina mora,2.3,Claudio,AM
746,4151,2023-11-07 00:00:00,la que amarro,5.4,Nelson,AM
747,5010,2023-11-07 00:00:00,saco de hueso,1.9,Junior,AM
748,5033,2023-11-07 00:00:00,nieve,5.4,Junior,AM
749,5052,2023-11-07 00:00:00,manzanita,2.6,Nelson,AM
750,5077,2023-11-07 00:00:00,,2.1,Claudio,AM
751,5079,2023-11-07 00:00:00,,4.1,Alberto,AM
752,5144,2023-11-07 00:00:00,la mona,3.6,Alberto,AM
753,5146,2023-11-07 00:00:00,,3.9,Claudio,AM
754,5679,2023-11-07 00:00:00,redonda,6.1,Alberto,AM
755,6010,2023-11-07 00:00:00,tembladora,3.2,Junior,AM
756,6021,2023-11-07 00:00:00,berenjena,2.6,Claudio,AM
757,6035,2023-11-07 00:00:00,mikaela,5.9,Claudio,AM
758,7007,2023-11-07 00:00:00,puerto rico,7.6,Alberto,AM
759,7012,2023-11-07 00:00:00,rojita,4.6,Alberto,AM
760,7028,2023-11-07 00:00:00,cigarrona,4.8,Junior,AM
761,7033,2023-11-07 00:00:00,mina de oro,4.7,Alberto,AM
762,7059,2023-11-07 00:00:00,chinga dos,4.7,Claudio,AM
763,7067,2023-11-07 00:00:00,canelita 1,5.4,Claudio,AM
764,7074,2023-11-07 00:00:00,cacho e tornillo,4.4,Alberto,AM
765,7076,2023-11-07 00:00:00,,3.4,Nelson,AM
766,7077,2023-11-07 00:00:00,topita dos,3.0,Alberto,AM
767,7083,2023-11-07 00:00:00,margarita,7.9,Junior,AM
768,7087,2023-11-07 00:00:00,mandarina,5.4,Alberto,AM
769,8017,2023-11-07 00:00:00,yanire,3.1,Nelson,AM
770,8019,2023-11-07 00:00:00,ropa sucia,4.7,Claudio,AM
771,8028,2023-11-07 00:00:00,,2.8,Claudio,AM
772,8030,2023-11-07 00:00:00,,2.7,Nelson,AM
773,8043,2023-11-07 00:00:00,,4.8,Alberto,AM
774,8045,2023-11-07 00:00:00,frescolita,3.0,Claudio,AM
775,8046,2023-11-07 00:00:00,princesa,8.6,Claudio,AM
776,80472,2023-11-07 00:00:00,catalina,2.4,Junior,AM
777,8048,2023-11-07 00:00:00,safira,3.5,Nelson,AM
778,8050,2023-11-07 00:00:00,rosa blanca,3.8,Alberto,AM
779,8079,2023-11-07 00:00:00,doña maria,3.6,Nelson,AM
780,8086,2023-11-07 00:00:00,,3.4,Alberto,AM
781,8087,2023-11-07 00:00:00,dalmata,4.0,Nelson,AM
782,80882,2023-11-07 00:00:00,corazon,4.9,Junior,AM
783,809,2023-11-07 00:00:00,,4.3,Nelson,AM
784,8094,2023-11-07 00:00:00,,2.5,Junior,AM
785,9040,2023-11-07 00:00:00,,4.8,Junior,AM
786,9051,2023-11-07 00:00:00,garcita,5.7,Junior,AM
787,9071,2023-11-07 00:00:00,,2.3,Junior,AM
788,9389,2023-11-07 00:00:00,zamura,6.6,Claudio,AM
789,2050,2023-10-21 00:00:00,fabiola,4.2,Junior,AM
790,2062,2023-10-21 00:00:00,fondo blanco,4.7,Junior,AM
791,8045,2023-10-21 00:00:00,frescolita,4.3,Carlos,AM
792,9051,2023-10-21 00:00:00,garcita,7.2,Angel,AM
793,0740,2023-10-21 00:00:00,gisela,4.8,Carlos,AM
794,1091A,2023-10-21 00:00:00,goldita,3.7,Angel,AM
795,2090A,2023-10-21 00:00:00,guacharaca,4.7,Angel,AM
796,8033,2023-10-21 00:00:00,guariqueña,4.7,Carlos,AM
797,1015 ,2023-10-21 00:00:00,la chinga,4.6,Nelson,AM
798,5144,2023-10-21 00:00:00,la mona,4.5,Angel,AM
799,4151,2023-10-21 00:00:00,la que amarro,7.2,Nelson,AM
800,2124A,2023-10-21 00:00:00,luisa,8.4,Junior,AM
801,7017,2023-10-21 00:00:00,maita,5.3,Carlos,AM
802,2047,2023-10-21 00:00:00,mal tiempo,2.8,Junior,AM
803,7087,2023-10-21 00:00:00,mandarina,7.2,Angel,AM
804,3044A,2023-10-21 00:00:00,manzanare,1.5,Junior,AM
805,2208A,2023-10-21 00:00:00,manzanare i,4.5,Angel,AM
806,5052,2023-10-21 00:00:00,manzanita,3.7,Junior,AM
807,7083,2023-10-21 00:00:00,margarita,8.3,Junior,AM
808,1095A,2023-10-21 00:00:00,marucha1,1.3,Junior,AM
809,6035,2023-10-21 00:00:00,mikaela,9.5,Angel,AM
810,7033,2023-10-21 00:00:00,mina de oro,8.8,Angel,AM
811,2073,2023-10-21 00:00:00,morena,2.3,Junior,AM
812,4087,2023-10-21 00:00:00,negra fina,6.4,Carlos,AM
813,5033,2023-10-21 00:00:00,nieve,3.9,Nelson,AM
814,2079,2023-10-21 00:00:00,ñeca,4.6,Junior,AM
815,1168,2023-10-21 00:00:00,pan de azucar,4.7,Junior,AM
816,2219,2023-10-21 00:00:00,paraulata,5.2,Angel,AM
817,9020,2023-10-21 00:00:00,Pato real,3.0,Carlos,AM
818,2196A,2023-10-21 00:00:00,peluche,9.4,Angel,AM
819,0128,2023-10-21 00:00:00,plateada,2.1,Angel,AM
820,8046,2023-10-21 00:00:00,princesa,7.8,Carlos,AM
821,7007,2023-10-21 00:00:00,puerto rico,7.3,Carlos,AM
822,3043,2023-10-21 00:00:00,punto fijo,1.6,Nelson,AM
823,5679,2023-10-21 00:00:00,redonda,2.6,Nelson,AM
824,4101,2023-10-21 00:00:00,reina mora,4.5,Carlos,AM
825,7012,2023-10-21 00:00:00,rojita,5.5,Angel,AM
826,8019,2023-10-21 00:00:00,ropa sucia,5.2,Junior,AM
827,8050,2023-10-21 00:00:00,rosa blanca,3.3,Junior,AM
828,8048,2023-10-21 00:00:00,safira,1.6,Junior,AM
829,2226,2023-10-21 00:00:00,san cristobal,5.0,Carlos,AM
830,3024A,2023-10-21 00:00:00,sin nombre,10.8,Angel,AM
831,2234,2023-10-21 00:00:00,taparita,4.8,Angel,AM
832,6010,2023-10-21 00:00:00,tembladora,4.2,Carlos,AM
833,2083,2023-10-21 00:00:00,tesoro,3.6,Nelson,AM
834,0500,2023-10-21 00:00:00,tiburona,5.0,Angel,AM
835,3107,2023-10-21 00:00:00,toldita,3.8,Nelson,AM
836,7077,2023-10-21 00:00:00,topita dos,2.5,Nelson,AM
837,5076,2023-10-21 00:00:00,anais,2.0,Junior,AM
838,6021,2023-10-21 00:00:00,berenjena,4.3,Carlos,AM
839,3003A,2023-10-21 00:00:00,blanca nieves,8.7,Angel,AM
840,4018,2023-10-21 00:00:00,bocanegra,7.8,Nelson,AM
841,80272,2023-10-21 00:00:00,cachicama,2.5,Junior,AM
842,2063A,2023-10-21 00:00:00,cacho e gusano,8.4,Carlos,AM
843,7074,2023-10-21 00:00:00,cacho e tornillo,5.8,Angel,AM
844,4055,2023-10-21 00:00:00,campanita,3.2,Nelson,AM
845,3119,2023-10-21 00:00:00,campesina,5.0,Nelson,AM
846,2149A,2023-10-21 00:00:00,camukenga,5.8,Junior,AM
847,7067,2023-10-21 00:00:00,canelita 1,8.3,Angel,AM
848,2148A,2023-10-21 00:00:00,cara negra,5.1,Carlos,AM
849,80472,2023-10-21 00:00:00,catalina,2.3,Nelson,AM
850,31102,2023-10-21 00:00:00,catira,8.3,Angel,AM
851,2143,2023-10-21 00:00:00,catrina,5.7,Carlos,AM
852,5090,2023-10-21 00:00:00,chenchena,2.5,Nelson,AM
853,7059,2023-10-21 00:00:00,chinga dos,4.2,Angel,AM
854,7028,2023-10-21 00:00:00,cigarrona,5.7,Carlos,AM
855,1128,2023-10-21 00:00:00,contraseña,2.9,Junior,AM
856,80882,2023-10-21 00:00:00,corazon,5.5,Nelson,AM
857,8087,2023-10-21 00:00:00,dalmata,5.6,Nelson,AM
858,8079,2023-10-21 00:00:00,doña maria,3.9,Nelson,AM
859,3750,2023-10-21 00:00:00,eloiza,6.5,Nelson,AM
860,7,2023-10-21 00:00:00,espejito,1.9,Carlos,AM
861,2094A,2023-10-21 00:00:00,venaita,5.7,Junior,AM
862,8017,2023-10-21 00:00:00,yanire,4.1,Nelson,AM
863,9389,2023-10-21 00:00:00,zamura,5.1,Junior,AM
864,2,2023-10-21 00:00:00,,5.1,Angel,AM
865,809,2023-10-21 00:00:00,,6.5,Carlos,AM
866,2072,2023-10-21 00:00:00,,3.7,Nelson,AM
867,4008,2023-10-21 00:00:00,,3.1,Junior,AM
868,4043,2023-10-21 00:00:00,jacinta,5.3,Angel,AM
869,5077,2023-10-21 00:00:00,,2.5,Junior,AM
870,5079,2023-10-21 00:00:00,,5.2,Junior,AM
871,5146,2023-10-21 00:00:00,,3.9,Junior,AM
872,7076,2023-10-21 00:00:00,,4.6,Nelson,AM
873,8028,2023-10-21 00:00:00,,2.6,Junior,AM
874,8030,2023-10-21 00:00:00,,3.4,Nelson,AM
875,8043,2023-10-21 00:00:00,,5.4,Carlos,AM
876,8086,2023-10-21 00:00:00,,3.1,Junior,AM
877,8094,2023-10-21 00:00:00,,4.5,Carlos,AM
878,9040,2023-10-21 00:00:00,,5.5,Nelson,AM
879,9071,2023-10-21 00:00:00,,2.8,Junior,AM
880,1112A,2023-10-21 00:00:00,,4.6,Carlos,AM
881,3028A,2023-10-21 00:00:00,,4.7,Junior,AM
882,80472,2023-09-29 00:00:00,catalina,2.3,Junior,AM
883,31102,2023-09-29 00:00:00,catira,5.5,Junior,AM
884,2143,2023-09-29 00:00:00,catrina,6.3,Claudio,AM
885,2180A,2023-09-29 00:00:00,ceniza,4.1,Nelson,AM
886,5090,2023-09-29 00:00:00,chenchena,2.8,Claudio,AM
887,7059,2023-09-29 00:00:00,chinga dos,3.7,Carlos,AM
888,7028,2023-09-29 00:00:00,cigarrona,5.3,Carlos,AM
889,1128,2023-09-29 00:00:00,contraseña,2.6,Junior,AM
890,80882,2023-09-29 00:00:00,corazon,5.8,Nelson,AM
891,2028A,2023-09-29 00:00:00,cucaracho,3.5,Junior,AM
892,8087,2023-09-29 00:00:00,dalmata,4.4,Nelson,AM
893,8079,2023-09-29 00:00:00,doña maria,3.8,Nelson,AM
894,3750,2023-09-29 00:00:00,eloiza,6.0,Nelson,AM
895,7,2023-09-29 00:00:00,espejito,2.3,Carlos,AM
896,2050,2023-09-29 00:00:00,fabiola,5.1,Carlos,AM
897,2062,2023-09-29 00:00:00,fondo blanco,3.7,Nelson,AM
898,8045,2023-09-29 00:00:00,frescolita,4.4,Carlos,AM
899,9051,2023-09-29 00:00:00,garcita,5.4,Junior,AM
900,1091A,2023-09-29 00:00:00,goldita,3.0,Carlos,AM
901,2090A,2023-09-29 00:00:00,guacharaca,4.1,Carlos,AM
902,1015 ,2023-09-29 00:00:00,la chinga,5.8,Claudio,AM
903,3066B,2023-09-29 00:00:00,la mocha,4.7,Nelson,AM
904,5144,2023-09-29 00:00:00,la mona,3.4,Carlos,AM
905,4151,2023-09-29 00:00:00,la que amarro,6.7,Nelson,AM
906,60286,2023-09-29 00:00:00,llena el  pote,3.8,Junior,AM
907,2124A,2023-09-29 00:00:00,luisa,5.8,Claudio,AM
908,7017,2023-09-29 00:00:00,maita,2.6,Junior,AM
909,2047,2023-09-29 00:00:00,mal tiempo,3.2,Claudio,AM
910,EMB 5,2023-09-29 00:00:00,mama juana,3.7,Carlos,AM
911,7087,2023-09-29 00:00:00,mandarina,7.3,Junior,AM
912,2208A,2023-09-29 00:00:00,manzanare i,4.5,Junior,AM
913,5052,2023-09-29 00:00:00,manzanita,3.4,Nelson,AM
914,6067,2023-09-29 00:00:00,mariposa,3.4,Claudio,AM
915,1095A,2023-09-29 00:00:00,marucha1,2.7,Carlos,AM
916,6035,2023-09-29 00:00:00,mikaela,5.2,Junior,AM
917,7033,2023-09-29 00:00:00,mina de oro,6.4,Carlos,AM
918,2073,2023-09-29 00:00:00,morena,3.3,Carlos,AM
919,4087,2023-09-29 00:00:00,negra fina,5.9,Claudio,AM
920,2079,2023-09-29 00:00:00,ñeca,4.6,Claudio,AM
921,1168,2023-09-29 00:00:00,pan de azucar,3.8,Carlos,AM
922,2219,2023-09-29 00:00:00,paraulata,4.4,Claudio,AM
923,2196A,2023-09-29 00:00:00,peluche,3.0,Carlos,AM
924,8046,2023-09-29 00:00:00,princesa,4.5,Nelson,AM
925,7007,2023-09-29 00:00:00,puerto rico,4.8,Carlos,AM
926,3043,2023-09-29 00:00:00,punto fijo,2.5,Claudio,AM
927,4101,2023-09-29 00:00:00,reina mora,3.5,Claudio,AM
928,7012,2023-09-29 00:00:00,rojita,4.2,Claudio,AM
929,8019,2023-09-29 00:00:00,ropa sucia,4.5,Junior,AM
930,5076,2023-09-29 00:00:00,anais,2.2,Junior,AM
931,6021,2023-09-29 00:00:00,berenjena,3.8,Carlos,AM
932,4035,2023-09-29 00:00:00,blanca flor,2.3,Nelson,AM
933,3003A,2023-09-29 00:00:00,blanca nieves,6.9,Nelson,AM
934,4018,2023-09-29 00:00:00,bocanegra,5.8,Nelson,AM
935,80272,2023-09-29 00:00:00,cachicama,3.4,Claudio,AM
936,2063A,2023-09-29 00:00:00,cacho e gusano,5.8,Claudio,AM
937,7074,2023-09-29 00:00:00,cacho e tornillo,4.5,Carlos,AM
938,4055,2023-09-29 00:00:00,campanita,2.0,Junior,AM
939,2149A,2023-09-29 00:00:00,camukenga,6.4,Junior,AM
940,7067,2023-09-29 00:00:00,canelita 1,6.6,Claudio,AM
941,2148A,2023-09-29 00:00:00,cara negra,6.1,Nelson,AM
942,0132,2023-09-29 00:00:00,carbon,2.4,Claudio,AM
943,8050,2023-09-29 00:00:00,rosa blanca,4.0,Carlos,AM
944,3024A,2023-09-29 00:00:00,sin nombre,6.5,Claudio,AM
945,2234,2023-09-29 00:00:00,taparita,5.0,Junior,AM
946,6010,2023-09-29 00:00:00,tembladora,5.2,Carlos,AM
947,2083,2023-09-29 00:00:00,tesoro,2.5,Junior,AM
948,0500,2023-09-29 00:00:00,tiburona,4.2,Claudio,AM
949,3107,2023-09-29 00:00:00,toldita,4.5,Nelson,AM
950,7077,2023-09-29 00:00:00,topita dos,2.9,Nelson,AM
951,2130,2023-09-29 00:00:00,veratris,2.5,Carlos,AM
952,4007,2023-09-29 00:00:00,victoria,3.7,Nelson,AM
953,8017,2023-09-29 00:00:00,yanire,3.9,Junior,AM
954,9389,2023-09-29 00:00:00,zamura,5.9,Junior,AM
955,809,2023-09-29 00:00:00,,6.0,Nelson,AM
956,2072,2023-09-29 00:00:00,,4.6,Nelson,AM
957,4008,2023-09-29 00:00:00,,2.4,Nelson,AM
958,5077,2023-09-29 00:00:00,,2.8,Junior,AM
959,5079,2023-09-29 00:00:00,,4.9,Nelson,AM
960,7076,2023-09-29 00:00:00,,4.1,Nelson,AM
961,8028,2023-09-29 00:00:00,,3.2,Junior,AM
962,8030,2023-09-29 00:00:00,,3.1,Nelson,AM
963,8043,2023-09-29 00:00:00,,3.7,Claudio,AM
964,8086,2023-09-29 00:00:00,,3.0,Junior,AM
965,8094,2023-09-29 00:00:00,,4.4,Claudio,AM
966,9020,2023-09-29 00:00:00,,4.6,Carlos,AM
967,9040,2023-09-29 00:00:00,,4.6,Nelson,AM
968,9071,2023-09-29 00:00:00,,1.5,Junior,AM
969,1112A,2023-09-29 00:00:00,,3.3,Junior,AM
970,3028A,2023-09-29 00:00:00,,4.2,Carlos,AM
971,0132,2023-09-16 00:00:00,carbon,7.6,Angel,AM
972,0500,2023-09-16 00:00:00,tiburona,4.1,Claudio,AM
973,1015 ,2023-09-16 00:00:00,la chinga,5.0,Claudio,AM
974,1091A,2023-09-16 00:00:00,goldita,3.2,Carlos,AM
975,1095A,2023-09-16 00:00:00,marucha1,2.8,Carlos,AM
976,1112A,2023-09-16 00:00:00,,4.7,Carlos,AM
977,1128,2023-09-16 00:00:00,contraseña,3.2,Claudio,AM
978,1168,2023-09-16 00:00:00,pan de azucar,3.8,Angel,AM
979,2028A,2023-09-16 00:00:00,cucaracho,2.3,Angel,AM
980,2047,2023-09-16 00:00:00,mal tiempo,4.4,Claudio,AM
981,2050,2023-09-16 00:00:00,fabiola,5.8,Carlos,AM
982,2062,2023-09-16 00:00:00,fondo blanco,3.7,Carlos,AM
983,2063A,2023-09-16 00:00:00,cacho e gusano,6.6,Claudio,AM
984,2072,2023-09-16 00:00:00,,5.2,Nelson,AM
985,2073,2023-09-16 00:00:00,morena,2.5,Nelson,AM
986,2079,2023-09-16 00:00:00,ñeca,4.6,Claudio,AM
987,2090A,2023-09-16 00:00:00,guacharaca,3.2,Angel,AM
988,2124A,2023-09-16 00:00:00,luisa,8.1,Angel,AM
989,2130,2023-09-16 00:00:00,veratris,1.5,Claudio,AM
990,2143,2023-09-16 00:00:00,catrina,3.3,Angel,AM
991,2149A,2023-09-16 00:00:00,camukenga,5.6,Claudio,AM
992,2180A,2023-09-16 00:00:00,ceniza,4.0,Carlos,AM
993,2196A,2023-09-16 00:00:00,peluche,9.2,Carlos,AM
994,2234,2023-09-16 00:00:00,taparita,5.4,Carlos,AM
995,3003A,2023-09-16 00:00:00,blanca nieves,6.9,Claudio,AM
996,3024A,2023-09-16 00:00:00,sin nombre,7.7,Claudio,AM
997,3028A,2023-09-16 00:00:00,,5.1,Angel,AM
998,3043,2023-09-16 00:00:00,punto fijo,2.3,Nelson,AM
999,3107,2023-09-16 00:00:00,toldita,4.0,Nelson,AM
1000,31102,2023-09-16 00:00:00,catira,8.3,Angel,AM
1001,3750,2023-09-16 00:00:00,eloiza,6.5,Nelson,AM
1002,4007,2023-09-16 00:00:00,victoria,3.6,Angel,AM
1003,4008,2023-09-16 00:00:00,,2.4,Nelson,AM
1004,4018,2023-09-16 00:00:00,bocanegra,6.2,Nelson,AM
1005,4035,2023-09-16 00:00:00,blanca flor,2.8,Angel,AM
1006,4055,2023-09-16 00:00:00,campanita,3.5,Claudio,AM
1007,4101,2023-09-16 00:00:00,reina mora,4.5,Angel,AM
1008,4151,2023-09-16 00:00:00,la que amarro,6.3,Claudio,AM
1009,5052,2023-09-16 00:00:00,manzanita,2.9,Claudio,AM
1010,5076,2023-09-16 00:00:00,anais,2.4,Claudio,AM
1011,5077,2023-09-16 00:00:00,,2.6,Claudio,AM
1012,5079,2023-09-16 00:00:00,,4.0,Nelson,AM
1013,5090,2023-09-16 00:00:00,chenchena,2.9,Nelson,AM
1014,5144,2023-09-16 00:00:00,la mona,3.5,Claudio,AM
1015,6010,2023-09-16 00:00:00,,5.1,Angel,AM
1016,6021,2023-09-16 00:00:00,berenjena,3.3,Carlos,AM
1017,6035,2023-09-16 00:00:00,mikaela,5.4,Angel,AM
1018,6067,2023-09-16 00:00:00,mariposa,2.4,Claudio,AM
1019,7,2023-09-16 00:00:00,espejito,3.8,Angel,AM
1020,7007,2023-09-16 00:00:00,,7.2,Carlos,AM
1021,7012,2023-09-16 00:00:00,rojita,3.4,Claudio,AM
1022,7028,2023-09-16 00:00:00,cigarrona,6.8,Angel,AM
1023,7033,2023-09-16 00:00:00,mina de oro,6.8,Angel,AM
1024,7059,2023-09-16 00:00:00,chinga dos,4.1,Nelson,AM
1025,7067,2023-09-16 00:00:00,canelita 1,4.0,Claudio,AM
1026,7074,2023-09-16 00:00:00,cacho e tornillo,3.8,Claudio,AM
1027,7076,2023-09-16 00:00:00,,4.3,Nelson,AM
1028,7077,2023-09-16 00:00:00,topita dos,3.0,Angel,AM
1029,7087,2023-09-16 00:00:00,mandarina,6.0,Nelson,AM
1030,8017,2023-09-16 00:00:00,yanire,3.6,Angel,AM
1031,8019,2023-09-16 00:00:00,ropa sucia,4.8,Nelson,AM
1032,80272,2023-09-16 00:00:00,cachicama,3.0,Angel,AM
1033,8028,2023-09-16 00:00:00,,2.6,Claudio,AM
1034,8030,2023-09-16 00:00:00,,2.2,Nelson,AM
1035,8033,2023-09-16 00:00:00,,4.6,Carlos,AM
1036,8043,2023-09-16 00:00:00,,5.2,Carlos,AM
1037,8045,2023-09-16 00:00:00,frescolita,4.7,Carlos,AM
1038,8046,2023-09-16 00:00:00,princesa,4.8,Nelson,AM
1039,80472,2023-09-16 00:00:00,catalina,1.4,Claudio,AM
1040,8050,2023-09-16 00:00:00,rosa blanca,5.1,Angel,AM
1041,8079,2023-09-16 00:00:00,doña maria,3.7,Nelson,AM
1042,8086,2023-09-16 00:00:00,,4.0,Angel,AM
1043,8087,2023-09-16 00:00:00,dalmata,4.4,Nelson,AM
1044,80882,2023-09-16 00:00:00,corazon,5.8,Carlos,AM
1045,809,2023-09-16 00:00:00,,6.7,Nelson,AM
1046,8094,2023-09-16 00:00:00,,4.7,Angel,AM
1047,9040,2023-09-16 00:00:00,,1.6,Angel,AM
1048,9051,2023-09-16 00:00:00,garcita,7.7,Angel,AM
1049,9071,2023-09-16 00:00:00,,2.0,Nelson,AM
1050,EMB 5,2023-09-16 00:00:00,mama juana,2.5,Nelson,AM
1051,8063,2023-08-19 00:00:00,amarilla,2.2,Antonio,AM
1052,5076,2023-08-19 00:00:00,anais,3.1,Antonio,AM
1053,6021,2023-08-19 00:00:00,berenjena,6.9,Angel,AM
1054,1066A,2023-08-19 00:00:00,biscocho,2.4,Nelson,AM
1055,4035,2023-08-19 00:00:00,blanca flor,4.0,Angel,AM
1056,3003A,2023-08-19 00:00:00,blanca nieves,8.1,Carlos,AM
1057,2220,2023-08-19 00:00:00,blanquita,2.3,Nelson,AM
1058,80272,2023-08-19 00:00:00,cachicama,4.0,Angel,AM
1059,7074,2023-08-19 00:00:00,cacho e tornillo,7.1,Antonio,AM
1060,2149A,2023-08-19 00:00:00,camukenga,6.2,Carlos,AM
1061,7067,2023-08-19 00:00:00,canelita 1,7.1,Angel,AM
1062,4095,2023-08-19 00:00:00,cara sucia,2.5,Nelson,AM
1063,0132,2023-08-19 00:00:00,carbon,3.8,Angel,AM
1064,80472,2023-08-19 00:00:00,catalina,2.4,Antonio,AM
1065,31102,2023-08-19 00:00:00,catira,10.5,Angel,AM
1066,2143,2023-08-19 00:00:00,catrina,8.1,Antonio,AM
1067,2180A,2023-08-19 00:00:00,ceniza,5.9,Angel,AM
1068,5090,2023-08-19 00:00:00,chenchena,4.2,Carlos,AM
1069,7059,2023-08-19 00:00:00,chinga dos,6.1,Angel,AM
1070,7028,2023-08-19 00:00:00,cigarrona,6.5,Antonio,AM
1071,80882,2023-08-19 00:00:00,corazon,5.5,Nelson,AM
1072,2028A,2023-08-19 00:00:00,cucaracho,4.0,Angel,AM
1073,8087,2023-08-19 00:00:00,dalmata,6.5,Antonio,AM
1074,8079,2023-08-19 00:00:00,doña maria,3.9,Nelson,AM
1075,3750,2023-08-19 00:00:00,eloiza,7.9,Nelson,AM
1076,2050,2023-08-19 00:00:00,fabiola,7.6,Angel,AM
1077,2062,2023-08-19 00:00:00,fondo blanco,4.9,Nelson,AM
1078,1091A,2023-08-19 00:00:00,goldita,3.4,Nelson,AM
1079,2090A,2023-08-19 00:00:00,guacharaca,4.2,Angel,AM
1080,5144,2023-08-19 00:00:00,la mona,3.6,Carlos,AM
1081,4151,2023-08-19 00:00:00,la que amarro,8.2,Nelson,AM
1082,60286,2023-08-19 00:00:00,llena el  pote,5.2,Antonio,AM
1083,2124A,2023-08-19 00:00:00,luisa,8.9,Carlos,AM
1084,2209A,2023-08-19 00:00:00,lunita,2.5,Carlos,AM
1085,2047,2023-08-19 00:00:00,mal tiempo,5.2,Angel,AM
1086,EMB 5,2023-08-19 00:00:00,,1.9,Antonio,AM
1087,5052,2023-08-19 00:00:00,manzanita,4.0,Nelson,AM
1088,6067,2023-08-19 00:00:00,mariposa,3.2,Antonio,AM
1089,1095A,2023-08-19 00:00:00,marucha1,4.4,Angel,AM
1090,2073,2023-08-19 00:00:00,morena,4.5,Carlos,AM
1091,8036,2023-08-19 00:00:00,negrita,2.6,Antonio,AM
1092,2079,2023-08-19 00:00:00,ñeca,7.4,Angel,AM
1093,1168,2023-08-19 00:00:00,pan de azucar,3.2,Carlos,AM
1094,2133A,2023-08-19 00:00:00,paso doble,2.4,Nelson,AM
1095,2196A,2023-08-19 00:00:00,peluche,6.3,Antonio,AM
1096,8096,2023-08-19 00:00:00,petroleo,3.1,Nelson,AM
1097,3043,2023-08-19 00:00:00,punto fijo,3.4,Antonio,AM
1098,7012,2023-08-19 00:00:00,rojita,3.5,Antonio,AM
1099,8048,2023-08-19 00:00:00,safira,5.7,Angel,AM
1100,2234,2023-08-19 00:00:00,taparita,4.6,Carlos,AM
1101,0500,2023-08-19 00:00:00,tiburona,6.5,Angel,AM
1102,1109A,2023-08-19 00:00:00,tigresa,2.8,Antonio,AM
1103,3107,2023-08-19 00:00:00,toldita,6.2,Nelson,AM
1104,7077,2023-08-19 00:00:00,topita dos,4.1,Angel,AM
1105,2130,2023-08-19 00:00:00,veratris,3.0,Carlos,AM
1106,809,2023-08-19 00:00:00,,7.0,Nelson,AM
1107,1128,2023-08-19 00:00:00,,3.4,Carlos,AM
1108,2072,2023-08-19 00:00:00,,7.2,Nelson,AM
1109,2217,2023-08-19 00:00:00,,2.3,Nelson,AM
1110,4008,2023-08-19 00:00:00,,3.2,Nelson,AM
1111,4143,2023-08-19 00:00:00,,3.2,Carlos,AM
1112,5077,2023-08-19 00:00:00,,3.4,Antonio,AM
1113,5146,2023-08-19 00:00:00,,4.5,Angel,AM
1114,7033,2023-08-19 00:00:00,,7.4,Angel,AM
1115,7076,2023-08-19 00:00:00,,4.8,Nelson,AM
1116,8019,2023-08-19 00:00:00,,4.4,Antonio,AM
1117,8028,2023-08-19 00:00:00,,4.5,Carlos,AM
1118,8030,2023-08-19 00:00:00,,3.3,Nelson,AM
1119,8033,2023-08-19 00:00:00,,3.1,Carlos,AM
1120,8043,2023-08-19 00:00:00,,5.5,Antonio,AM
1121,8045,2023-08-19 00:00:00,,5.0,Carlos,AM
1122,8050,2023-08-19 00:00:00,,5.5,Antonio,AM
1123,8077,2023-08-19 00:00:00,,4.1,Antonio,AM
1124,8086,2023-08-19 00:00:00,,4.3,Angel,AM
1125,8094,2023-08-19 00:00:00,,4.9,Angel,AM
1126,9040,2023-08-19 00:00:00,,6.0,Nelson,AM
1127,9051,2023-08-19 00:00:00,,5.9,Antonio,AM
1128,9071,2023-08-19 00:00:00,,3.0,Carlos,AM
1129,9238,2023-08-19 00:00:00,,0.8,Antonio,AM
1130,1112A,2023-08-19 00:00:00,,4.8,Angel,AM
1131,1139A,2023-08-19 00:00:00,,2.7,Nelson,AM
1132,3028A,2023-08-19 00:00:00,,6.1,Nelson,AM
1133,EMB 5,2023-07-27 00:00:00,mama juana,1.3,Carlos,AM
1134,8005,2023-07-27 00:00:00,,1.8,Nelson,AM
1135,5146,2023-07-27 00:00:00,,1.8,Angel,AM
1136,7076,2023-07-27 00:00:00,,2.4,Walter,AM
1137,8063,2023-07-27 00:00:00,amarilla,2.5,Angel,AM
1138,9046,2023-07-27 00:00:00,,2.5,Angel,AM
1139,5076,2023-07-27 00:00:00,anais,2.6,Carlos,AM
1140,4065,2023-07-27 00:00:00,yoile,2.6,Angel,AM
1141,1128,2023-07-27 00:00:00,,2.6,Carlos,AM
1142,9238,2023-07-27 00:00:00,,2.6,Nelson,AM
1143,2220,2023-07-27 00:00:00,blanquita,3.1,Nelson,AM
1144,8086,2023-07-27 00:00:00,,3.2,Angel,AM
1145,2028A,2023-07-27 00:00:00,cucaracho,3.3,Nelson,AM
1146,40072,2023-07-27 00:00:00,flor de mayo,3.3,Angel,AM
1147,9071,2023-07-27 00:00:00,,3.3,Carlos,AM
1148,4008,2023-07-27 00:00:00,,3.3,Nelson,AM
1149,6067,2023-07-27 00:00:00,mariposa,3.4,Angel,AM
1150,1139A,2023-07-27 00:00:00,,3.4,Angel,AM
1151,4143,2023-07-27 00:00:00,,3.5,Walter,AM
1152,2217,2023-07-27 00:00:00,,3.6,Walter,AM
1153,8077,2023-07-27 00:00:00,,3.7,Carlos,AM
1154,4035,2023-07-27 00:00:00,blanca flor,3.8,Angel,AM
1155,2337,2023-07-27 00:00:00,soy sola,3.8,Angel,AM
1156,80472,2023-07-27 00:00:00,catalina,3.9,Walter,AM
1157,5090,2023-07-27 00:00:00,chenchena,3.9,Angel,AM
1158,5144,2023-07-27 00:00:00,la mona,3.9,Walter,AM
1159,8036,2023-07-27 00:00:00,negrita,3.9,Angel,AM
1160,5077,2023-07-27 00:00:00,,3.9,Walter,AM
1161,0132,2023-07-27 00:00:00,carbon,4.2,Walter,AM
1162,8079,2023-07-27 00:00:00,doña maria,4.2,Carlos,AM
1163,1109A,2023-07-27 00:00:00,tigresa,4.2,Angel,AM
1164,2130,2023-07-27 00:00:00,veratris,4.2,Angel,AM
1165,4095,2023-07-27 00:00:00,cara sucia,4.4,Nelson,AM
1166,2133A,2023-07-27 00:00:00,paso doble,4.4,Carlos,AM
1167,7059,2023-07-27 00:00:00,chinga dos,4.5,Angel,AM
1168,8096,2023-07-27 00:00:00,petroleo,4.6,Nelson,AM
1169,3043,2023-07-27 00:00:00,punto fijo,4.6,Walter,AM
1170,8030,2023-07-27 00:00:00,,4.6,Nelson,AM
1171,8045,2023-07-27 00:00:00,,4.6,Carlos,AM
1172,7077,2023-07-27 00:00:00,topita dos,4.7,Walter,AM
1173,1066A,2023-07-27 00:00:00,biscocho,4.8,Carlos,AM
1174,8093,2023-07-27 00:00:00,orejona,4.8,Carlos,AM
1175,7012,2023-07-27 00:00:00,rojita,4.8,Walter,AM
1176,8028,2023-07-27 00:00:00,,4.8,Angel,AM
1177,5052,2023-07-27 00:00:00,manzanita,4.9,Nelson,AM
1178,7033,2023-07-27 00:00:00,,4.9,Angel,AM
1179,80272,2023-07-27 00:00:00,cachicama,5.0,Angel,AM
1180,1112A,2023-07-27 00:00:00,,5.0,Nelson,AM
1181,60286,2023-07-27 00:00:00,llena el  pote,5.1,Angel,AM
1182,2209A,2023-07-27 00:00:00,lunita,5.1,Angel,AM
1183,8017,2023-07-27 00:00:00,yanire,5.2,Angel,AM
1184,2090A,2023-07-27 00:00:00,guacharaca,5.3,Walter,AM
1185,8048,2023-07-27 00:00:00,safira,5.4,Nelson,AM
1186,1095A,2023-07-27 00:00:00,marucha1,5.5,Carlos,AM
1187,8050,2023-07-27 00:00:00,,5.5,Carlos,AM
1188,2062,2023-07-27 00:00:00,fondo blanco,5.6,Carlos,AM
1189,8087,2023-07-27 00:00:00,dalmata,5.8,Nelson,AM
1190,1091A,2023-07-27 00:00:00,goldita,5.8,Walter,AM
1191,4151,2023-07-27 00:00:00,la que amarro,5.8,Nelson,AM
1192,2073,2023-07-27 00:00:00,morena,5.8,Carlos,AM
1193,8043,2023-07-27 00:00:00,,5.8,Carlos,AM
1194,8094,2023-07-27 00:00:00,,5.8,Carlos,AM
1195,3021A,2023-07-27 00:00:00,luna llena,5.9,Carlos,AM
1196,7074,2023-07-27 00:00:00,cacho e tornillo,6.0,Walter,AM
1197,9040,2023-07-27 00:00:00,,6.0,Walter,AM
1198,2149A,2023-07-27 00:00:00,camukenga,6.6,Walter,AM
1199,2079,2023-07-27 00:00:00,ñeca,6.6,Carlos,AM
1200,7028,2023-07-27 00:00:00,cigarrona,6.8,Nelson,AM
1201,80882,2023-07-27 00:00:00,corazon,6.8,Carlos,AM
1202,7017,2023-07-27 00:00:00,maita,6.9,Carlos,AM
1203,2180A,2023-07-27 00:00:00,ceniza,7.0,Nelson,AM
1204,2047,2023-07-27 00:00:00,mal tiempo,7.2,Walter,AM
1205,0500,2023-07-27 00:00:00,tiburona,7.2,Angel,AM
1206,3003A,2023-07-27 00:00:00,blanca nieves,7.3,Walter,AM
1207,1168,2023-07-27 00:00:00,pan de azucar,7.8,Walter,AM
1208,809,2023-07-27 00:00:00,,7.8,Nelson,AM
1209,2050,2023-07-27 00:00:00,fabiola,7.9,Nelson,AM
1210,3107,2023-07-27 00:00:00,toldita,7.9,Nelson,AM
1211,2072,2023-07-27 00:00:00,,7.9,Nelson,AM
1212,7067,2023-07-27 00:00:00,canelita 1,8.2,Angel,AM
1213,3750,2023-07-27 00:00:00,eloiza,8.2,Walter,AM
1214,2143,2023-07-27 00:00:00,catrina,8.9,Walter,AM
1215,31102,2023-07-27 00:00:00,catira,9.0,Walter,AM
1216,2124A,2023-07-27 00:00:00,luisa,11.5,Walter,AM
1217,2133A,2023-11-18 00:00:00,paso doble,2.6,Alberto,PM
1218,2219,2023-11-18 00:00:00,paraulata,2.8,Junior,PM
1219,3003A,2023-11-18 00:00:00,blanca nieves,2.9,Junior,PM
1220,7087,2023-11-18 00:00:00,mandarina,3.1,Alberto,PM
1221,6035,2023-11-18 00:00:00,mikaela,3.2,Junior,PM
1222,0740,2023-11-18 00:00:00,gisela,3.3,Alberto,PM
1223,2208A,2023-11-18 00:00:00,manzanare i,3.4,Manuel,PM
1224,9020,2023-11-18 00:00:00,Pato real,3.4,Carlos,PM
1225,31102,2023-11-18 00:00:00,catira,3.4,Alberto,PM
1226,4079,2023-11-18 00:00:00,maniña,3.5,Alberto,PM
1227,9051,2023-11-18 00:00:00,garcita,3.6,Manuel,PM
1228,4087,2023-11-18 00:00:00,negra fina,3.7,Manuel,PM
1229,2148A,2023-11-18 00:00:00,cara negra,3.8,Carlos,PM
1230,2050,2023-11-18 00:00:00,fabiola,3.9,Junior,PM
1231,7067,2023-11-18 00:00:00,canelita 1,4.0,Manuel,PM
1232,7007,2023-11-18 00:00:00,puerto rico,4.0,Carlos,PM
1233,4043,2023-11-18 00:00:00,jacinta,4.0,Alberto,PM
1234,3119,2023-11-18 00:00:00,campesina,4.1,Manuel,PM
1235,7033,2023-11-18 00:00:00,mina de oro,4.2,Carlos,PM
1236,3024A,2023-11-18 00:00:00,sin nombre,4.2,Manuel,PM
1237,9389,2023-11-18 00:00:00,zamura,4.3,Junior,PM
1238,2124A,2023-11-18 00:00:00,luisa,4.4,Carlos,PM
1239,4151,2023-11-18 00:00:00,la que amarro,4.5,Carlos,PM
1240,2063A,2023-11-18 00:00:00,cacho e gusano,4.6,Carlos,PM
1241,8046,2023-11-18 00:00:00,princesa,4.8,Junior,PM
1242,3021A,2023-11-18 00:00:00,luna llena,5.0,Manuel,PM
1243,2094A,2023-11-18 00:00:00,venaita,5.0,Manuel,PM
1244,2226,2023-11-18 00:00:00,san cristobal,5.3,Manuel,PM
1245,2196A,2023-11-18 00:00:00,peluche,5.4,Carlos,PM
1246,7083,2023-11-18 00:00:00,margarita,6.3,Alberto,PM
1247,0018,2023-12-02 00:00:00,,3.3,Alberto,PM
1248,0740,2023-12-02 00:00:00,gisela,3.7,Alberto,PM
1249,2050,2023-12-02 00:00:00,fabiola,2.3,Alberto,PM
1250,2063A,2023-12-02 00:00:00,cacho e gusano,4.0,Yunior,PM
1251,2094A,2023-12-02 00:00:00,venaita,5.2,Yunior,PM
1252,2124A,2023-12-02 00:00:00,luisa,4.0,Yunior,PM
1253,2133A,2023-12-02 00:00:00,paso doble,2.2,Alberto,PM
1254,2148A,2023-12-02 00:00:00,cara negra,4.1,Carlos,PM
1255,2196A,2023-12-02 00:00:00,peluche,4.7,Carlos,PM
1256,2208A,2023-12-02 00:00:00,manzanare i,3.8,Carlos,PM
1257,2219,2023-12-02 00:00:00,paraulata,3.5,Alberto,PM
1258,2226,2023-12-02 00:00:00,san cristobal,4.9,Carlos,PM
1259,3003A,2023-12-02 00:00:00,blanca nieves,3.7,Alberto,PM
1260,3021A,2023-12-02 00:00:00,luna llena,5.3,Carlos,PM
1261,3024A,2023-12-02 00:00:00,sin nombre,5.5,Alberto,PM
1262,31102,2023-12-02 00:00:00,catira,4.4,Carlos,PM
1263,3119,2023-12-02 00:00:00,campesina,3.0,Carlos,PM
1264,4043,2023-12-02 00:00:00,Jacinta,4.2,Carlos,PM
1265,4079,2023-12-02 00:00:00,maniña,2.0,Alberto,PM
1266,4087,2023-12-02 00:00:00,negra fina,4.5,Yunior,PM
1267,4151,2023-12-02 00:00:00,la que amarro,4.6,Alberto,PM
1268,6035,2023-12-02 00:00:00,mikaela,3.8,Carlos,PM
1269,7007,2023-12-02 00:00:00,puerto rico,4.1,Carlos,PM
1270,7033,2023-12-02 00:00:00,mina de oro,3.5,Yunior,PM
1271,7067,2023-12-02 00:00:00,canelita 1,3.8,Alberto,PM
1272,7083,2023-12-02 00:00:00,margarita,6.0,Yunior,PM
1273,7087,2023-12-02 00:00:00,mandarina,4.5,Carlos,PM
1274,8046,2023-12-02 00:00:00,princesa,5.6,Yunior,PM
1275,9007,2023-12-02 00:00:00,susana,3.8,Alberto,PM
1276,9020,2023-12-02 00:00:00,Pato real,3.3,Yunior,PM
1277,9051,2023-12-02 00:00:00,garcita,3.3,Alberto,PM
1278,9389,2023-12-02 00:00:00,zamura,4.4,Carlos,PM
1279,0018,2023-12-02 00:00:00,,3.2,Claudio,AM
1280,0500,2023-12-02 00:00:00,tiburona,4.7,Manuel,AM
1281,0740,2023-12-02 00:00:00,gisela,3.8,Yunior,AM
1282,1015,2023-12-02 00:00:00,la chinga,5.2,Manuel,AM
1283,1112A,2023-12-02 00:00:00,,3.3,Manuel,AM
1284,2,2023-12-02 00:00:00,ardilla,5.7,Carlos,AM
1285,2050,2023-12-02 00:00:00,fabiola,1.8,Yunior,AM
1286,2063A,2023-12-02 00:00:00,cacho e gusano,4.7,Carlos,AM
1287,2072,2023-12-02 00:00:00,pan quemado,4.7,Manuel,AM
1288,2079,2023-12-02 00:00:00,ñeca,4.2,Manuel,AM
1289,2083,2023-12-02 00:00:00,tesoro,4.9,Manuel,AM
1290,2094A,2023-12-02 00:00:00,venaita,6.0,Manuel,AM
1291,2124A,2023-12-02 00:00:00,luisa,4.4,Claudio,AM
1292,2133A,2023-12-02 00:00:00,paso doble,2.3,Claudio,AM
1293,2143,2023-12-02 00:00:00,catrina,5.7,Claudio,AM
1294,2148A,2023-12-02 00:00:00,cara negra,3.9,Carlos,AM
1295,2149A,2023-12-02 00:00:00,camukenga,6.1,Claudio,AM
1296,2196A,2023-12-02 00:00:00,peluche,5.2,Yunior,AM
1297,2208A,2023-12-02 00:00:00,manzanare i,4.3,Claudio,AM
1298,2219,2023-12-02 00:00:00,paraulata,3.8,Manuel,AM
1299,2226,2023-12-02 00:00:00,san cristobal,3.7,Yunior,AM
1300,2234,2023-12-02 00:00:00,taparita,5.5,Claudio,AM
1301,3003A,2023-12-02 00:00:00,blanca nieves,3.7,Claudio,AM
1302,3021A,2023-12-02 00:00:00,luna llena,5.7,Manuel,AM
1303,3024A,2023-12-02 00:00:00,sin nombre,5.9,Manuel,AM
1304,3028A,2023-12-02 00:00:00,lucerito,4.7,Manuel,AM
1305,3066B,2023-12-02 00:00:00,la mocha,5.7,Carlos,AM
1306,3084,2023-12-02 00:00:00,tigra,3.2,Yunior,AM
1307,3107,2023-12-02 00:00:00,toldita,2.8,Yunior,AM
1308,31102,2023-12-02 00:00:00,catira,3.9,Claudio,AM
1309,3119,2023-12-02 00:00:00,campesina,4.7,Yunior,AM
1310,3750,2023-12-02 00:00:00,eloiza,6.0,Manuel,AM
1311,4007,2023-12-02 00:00:00,victoria,2.7,Manuel,AM
1312,4018,2023-12-02 00:00:00,bocanegra,5.3,Yunior,AM
1313,4043,2023-12-02 00:00:00,Jacinta,4.8,Carlos,AM
1314,4055,2023-12-02 00:00:00,campanita,2.4,Yunior,AM
1315,4057,2023-12-02 00:00:00,,2.3,Manuel,AM
1316,4072,2023-12-02 00:00:00,andrea,4.4,Carlos,AM
1317,4079,2023-12-02 00:00:00,maniña,3.8,Carlos,AM
1318,4087,2023-12-02 00:00:00,negra fina,4.5,Yunior,AM
1319,4101,2023-12-02 00:00:00,reina mora,4.0,Claudio,AM
1320,4151,2023-12-02 00:00:00,la que amarro,4.7,Carlos,AM
1321,5010,2023-12-02 00:00:00,saco de hueso,4.0,Yunior,AM
1322,5033,2023-12-02 00:00:00,nieve,6.0,Claudio,AM
1323,5079,2023-12-02 00:00:00,noche oscura,5.6,Yunior,AM
1324,5144,2023-12-02 00:00:00,la mona,3.7,Carlos,AM
1325,5146,2023-12-02 00:00:00,,3.5,Yunior,AM
1326,5679,2023-12-02 00:00:00,redonda,4.3,Carlos,AM
1327,6010,2023-12-02 00:00:00,tembladora,3.9,Carlos,AM
1328,6021,2023-12-02 00:00:00,berenjena,3.2,Manuel,AM
1329,6035,2023-12-02 00:00:00,mikaela,3.9,Carlos,AM
1330,7007,2023-12-02 00:00:00,puerto rico,5.4,Manuel,AM
1331,7012,2023-12-02 00:00:00,rojita,3.3,Yunior,AM
1332,7017,2023-12-02 00:00:00,maita,4.6,Claudio,AM
1333,7028,2023-12-02 00:00:00,cigarrona,5.8,Yunior,AM
1334,7033,2023-12-02 00:00:00,mina de oro,3.7,Yunior,AM
1335,7059,2023-12-02 00:00:00,chinga dos,4.0,Carlos,AM
1336,7067,2023-12-02 00:00:00,canelita 1,4.3,Manuel,AM
1337,7074,2023-12-02 00:00:00,cacho e tornillo,4.6,Manuel,AM
1338,7076,2023-12-02 00:00:00,uvita,3.7,Manuel,AM
1339,7077,2023-12-02 00:00:00,topita dos,2.7,Yunior,AM
1340,7083,2023-12-02 00:00:00,margarita,6.7,Claudio,AM
1341,7087,2023-12-02 00:00:00,mandarina,3.7,Manuel,AM
1342,8019,2023-12-02 00:00:00,ropa sucia,6.1,Manuel,AM
1343,8028,2023-12-02 00:00:00,,3.0,Yunior,AM
1344,8033,2023-12-02 00:00:00,guariqueña,5.2,Manuel,AM
1345,8043,2023-12-02 00:00:00,,4.9,Claudio,AM
1346,8045,2023-12-02 00:00:00,frescolita,4.9,Yunior,AM
1347,8046,2023-12-02 00:00:00,princesa,5.9,Claudio,AM
1348,8048,2023-12-02 00:00:00,safira,5.0,Claudio,AM
1349,8050,2023-12-02 00:00:00,rosa blanca,4.4,Manuel,AM
1350,8077,2023-12-02 00:00:00,chiquita,2.3,Claudio,AM
1351,8079,2023-12-02 00:00:00,doña maria,3.9,Carlos,AM
1352,8086,2023-12-02 00:00:00,,4.0,Carlos,AM
1353,8087,2023-12-02 00:00:00,dalmata,4.8,Manuel,AM
1354,80882,2023-12-02 00:00:00,corazon,4.8,Claudio,AM
1355,809,2023-12-02 00:00:00,,5.7,Carlos,AM
1356,9007,2023-12-02 00:00:00,susana,4.4,Manuel,AM
1357,9020,2023-12-02 00:00:00,Pato real,3.7,Yunior,AM
1358,9040,2023-12-02 00:00:00,,5.6,Claudio,AM
1359,9051,2023-12-02 00:00:00,garcita,3.7,Carlos,AM
1360,9071,2023-12-02 00:00:00,,2.6,Yunior,AM
1361,9389,2023-12-02 00:00:00,zamura,5.1,Claudio,AM
1362,0500,2023-12-16 00:00:00,tiburona,4.4,Junior,AM
1363,0740,2023-12-16 00:00:00,gisela,3.9,Claudio,AM
1364,1015,2023-12-16 00:00:00,la chinga,4.5,Claudio,AM
1365,1112A,2023-12-16 00:00:00,,3.4,Claudio,AM
1366,2,2023-12-16 00:00:00,ardilla,5.7,Carlos,AM
1367,2021,2023-12-16 00:00:00,rabo podrido,3.1,Jose,AM
1368,2050,2023-12-16 00:00:00,fabiola,3.7,Jose,AM
1369,2063A,2023-12-16 00:00:00,cacho e gusano,3.7,Claudio,AM
1370,2072,2023-12-16 00:00:00,pan quemado,4.5,Jose,AM
1371,2079,2023-12-16 00:00:00,ñeca,4.8,Claudio,AM
1372,2083,2023-12-16 00:00:00,tesoro,4.7,Jose,AM
1373,2094A,2023-12-16 00:00:00,venaita,5.9,Jose,AM
1374,2096,2023-12-16 00:00:00,gaviota,4.2,Claudio,AM
1375,2124A,2023-12-16 00:00:00,luisa,3.8,Junior,AM
1376,2133A,2023-12-16 00:00:00,paso doble,2.1,Carlos,AM
1377,2143,2023-12-16 00:00:00,catrina,6.4,Junior,AM
1378,2148A,2023-12-16 00:00:00,cara negra,3.9,Junior,AM
1379,2149A,2023-12-16 00:00:00,camukenga,6.1,Jose,AM
1380,2196A,2023-12-16 00:00:00,peluche,4.3,Carlos,AM
1381,2208A,2023-12-16 00:00:00,manzanare i,3.6,Junior,AM
1382,2219,2023-12-16 00:00:00,paraulata,3.4,Carlos,AM
1383,2226,2023-12-16 00:00:00,san cristobal,4.1,Junior,AM
1384,2234,2023-12-16 00:00:00,taparita,5.3,Claudio,AM
1385,3003A,2023-12-16 00:00:00,blanca nieves,4.2,Jose,AM
1386,3021A,2023-12-16 00:00:00,luna llena,5.1,Carlos,AM
1387,3024A,2023-12-16 00:00:00,sin nombre,5.9,Jose,AM
1388,3028A,2023-12-16 00:00:00,lucerito,4.2,Claudio,AM
1389,3066B,2023-12-16 00:00:00,la mocha,5.5,Jose,AM
1390,3084,2023-12-16 00:00:00,tigra,3.8,Junior,AM
1391,31102,2023-12-16 00:00:00,catira,3.4,Junior,AM
1392,3119,2023-12-16 00:00:00,campesina,3.8,Claudio,AM
1393,4018,2023-12-16 00:00:00,bocanegra,5.4,Carlos,AM
1394,4043,2023-12-16 00:00:00,Jacinta,3.9,Junior,AM
1395,4057,2023-12-16 00:00:00,(en blanco),4.5,Jose,AM
1396,4072,2023-12-16 00:00:00,andrea,3.9,Claudio,AM
1397,4075,2023-12-16 00:00:00,(en blanco),5.4,Carlos,AM
1398,4079,2023-12-16 00:00:00,maniña,3.8,Carlos,AM
1399,4087,2023-12-16 00:00:00,negra fina,4.3,Jose,AM
1400,4101,2023-12-16 00:00:00,reina mora,4.4,Jose,AM
1401,4151,2023-12-16 00:00:00,la que amarro,4.3,Carlos,AM
1402,5010,2023-12-16 00:00:00,saco de hueso,5.3,Junior,AM
1403,5013,2023-12-16 00:00:00,(en blanco),3.8,Carlos,AM
1404,5033,2023-12-16 00:00:00,nieve,5.8,Claudio,AM
1405,5079,2023-12-16 00:00:00,noche oscura,4.4,Claudio,AM
1406,5146,2023-12-16 00:00:00,(en blanco),4.5,Junior,AM
1407,5679,2023-12-16 00:00:00,redonda,4.7,Junior,AM
1408,6010,2023-12-16 00:00:00,tembladora,4.6,Jose,AM
1409,6021,2023-12-16 00:00:00,berenjena,4.9,Carlos,AM
1410,6035,2023-12-16 00:00:00,mikaela,3.2,Claudio,AM
1411,7007,2023-12-16 00:00:00,puerto rico,3.9,Junior,AM
1412,7012,2023-12-16 00:00:00,rojita,1.6,Carlos,AM
1413,7017,2023-12-16 00:00:00,maita,4.7,Junior,AM
1414,7028,2023-12-16 00:00:00,cigarrona,6.3,Junior,AM
1415,7033,2023-12-16 00:00:00,mina de oro,3.8,Junior,AM
1416,7059,2023-12-16 00:00:00,chinga dos,4.3,Carlos,AM
1417,7067,2023-12-16 00:00:00,canelita 1,2.9,Carlos,AM
1418,7074,2023-12-16 00:00:00,cacho e tornillo,4.2,Claudio,AM
1419,7076,2023-12-16 00:00:00,uvita,3.3,Claudio,AM
1420,7083,2023-12-16 00:00:00,margarita,5.5,Claudio,AM
1421,7087,2023-12-16 00:00:00,mandarina,3.1,Carlos,AM
1422,8019,2023-12-16 00:00:00,ropa sucia,6.5,Jose,AM
1423,8033,2023-12-16 00:00:00,guariqueña,4.7,Jose,AM
1424,8043,2023-12-16 00:00:00,(en blanco),4.3,Carlos,AM
1425,8045,2023-12-16 00:00:00,frescolita,5.9,Jose,AM
1426,8046,2023-12-16 00:00:00,princesa,6.9,Jose,AM
1427,8048,2023-12-16 00:00:00,safira,5.3,Claudio,AM
1428,8050,2023-12-16 00:00:00,rosa blanca,3.4,Junior,AM
1429,8079,2023-12-16 00:00:00,doña maria,4.0,Carlos,AM
1430,8086,2023-12-16 00:00:00,(en blanco),3.4,Claudio,AM
1431,8087,2023-12-16 00:00:00,dalmata,4.6,Jose,AM
1432,80882,2023-12-16 00:00:00,corazon,5.4,Jose,AM
1433,809,2023-12-16 00:00:00,(en blanco),5.6,Jose,AM
1434,9007,2023-12-16 00:00:00,susana,4.6,Jose,AM
1435,9020,2023-12-16 00:00:00,Pato real,2.9,Jose,AM
1436,9040,2023-12-16 00:00:00,(en blanco),5.7,Junior,AM
1437,9051,2023-12-16 00:00:00,garcita,3.1,Claudio,AM
1438,9389,2023-12-16 00:00:00,zamura,3.9,Claudio,AM
1439,SNA,2023-12-16 00:00:00,cacho zurdo,5.2,Carlos,AM
1440,0740,2023-12-16 00:00:00,gisela,3.6,Carlos,PM
1441,2021,2023-12-16 00:00:00,rabo podrido,3.6,Carlos,PM
1442,2063A,2023-12-16 00:00:00,cacho e gusano,4.4,Jose,PM
1443,2094A,2023-12-16 00:00:00,venaita,5.6,Jose,PM
1444,2096,2023-12-16 00:00:00,gaviota,4.2,Carlos,PM
1445,2124A,2023-12-16 00:00:00,luisa,4.0,Carlos,PM
1446,2133A,2023-12-16 00:00:00,paso doble,2.0,Alberto,PM
1447,2148A,2023-12-16 00:00:00,cara negra,3.9,Alberto,PM
1448,2196A,2023-12-16 00:00:00,peluche,4.5,Carlos,PM
1449,2208A,2023-12-16 00:00:00,manzanare i,3.3,Jose,PM
1450,2219,2023-12-16 00:00:00,paraulata,3.5,Carlos,PM
1451,2226,2023-12-16 00:00:00,san cristobal,4.3,Alberto,PM
1452,3003A,2023-12-16 00:00:00,blanca nieves,3.3,Carlos,PM
1453,3021A,2023-12-16 00:00:00,luna llena,4.6,Jose,PM
1454,3024A,2023-12-16 00:00:00,sin nombre,4.8,Alberto,PM
1455,31102,2023-12-16 00:00:00,catira,3.8,Jose,PM
1456,3119,2023-12-16 00:00:00,campesina,4.3,Jose,PM
1457,4043,2023-12-16 00:00:00,Jacinta,3.8,Alberto,PM
1458,4079,2023-12-16 00:00:00,maniña,2.1,Alberto,PM
1459,4087,2023-12-16 00:00:00,negra fina,4.1,Jose,PM
1460,4151,2023-12-16 00:00:00,la que amarro,4.5,Alberto,PM
1461,6035,2023-12-16 00:00:00,mikaela,3.5,Jose,PM
1462,7007,2023-12-16 00:00:00,puerto rico,4.0,Alberto,PM
1463,7033,2023-12-16 00:00:00,mina de oro,4.2,Alberto,PM
1464,7067,2023-12-16 00:00:00,canelita 1,3.2,Carlos,PM
1465,7083,2023-12-16 00:00:00,margarita,6.5,Jose,PM
1466,7087,2023-12-16 00:00:00,mandarina,3.5,Jose,PM
1467,8046,2023-12-16 00:00:00,princesa,5.7,Carlos,PM
1468,9007,2023-12-16 00:00:00,susana,4.3,Jose,PM
1469,9020,2023-12-16 00:00:00,Pato real,3.0,Alberto,PM
1470,9051,2023-12-16 00:00:00,garcita,3.9,Carlos,PM
1471,9389,2023-12-16 00:00:00,zamura,4.2,Alberto,PM
1472,SNA,2023-12-16 00:00:00,cacho zurdo,4.5,Carlos,PM
1473,0018,2024-01-06 00:00:00,cacho solo,3.6,Claudio,AM
1474,0132,2024-01-06 00:00:00,carbon,3.4,Carlos,AM
1475,0229,2024-01-06 00:00:00,navidad,2.7,Claudio,AM
1476,0272,2024-01-06 00:00:00,la guara,4.3,Manuel,AM
1477,0338,2024-01-06 00:00:00,domitila,3.2,Claudio,AM
1478,0500,2024-01-06 00:00:00,tiburona,3.1,Yunior,AM
1479,0740,2024-01-06 00:00:00,gisela,3.2,Oliver,AM
1480,1015,2024-01-06 00:00:00,la chinga,3.8,Oliver,AM
1481,1078A,2024-01-06 00:00:00,panorama,1.7,Yunior,AM
1482,1112A,2024-01-06 00:00:00,,3.4,Oliver,AM
1483,1139A,2024-01-06 00:00:00,motica,1.7,Oliver,AM
1484,1310,2024-01-06 00:00:00,araguata,2.8,Oliver,AM
1485,2,2024-01-06 00:00:00,ardilla,3.5,Manuel,AM
1486,2021,2024-01-06 00:00:00,rabo podrido,4.3,Oliver,AM
1487,2050,2024-01-06 00:00:00,fabiola,2.5,Oliver,AM
1488,2063A,2024-01-06 00:00:00,cacho e gusano,4.1,Manuel,AM
1489,2072,2024-01-06 00:00:00,pan quemado,3.8,Manuel,AM
1490,2079,2024-01-06 00:00:00,ñeca,4.0,Manuel,AM
1491,2083,2024-01-06 00:00:00,tesoro,4.3,Manuel,AM
1492,2094A,2024-01-06 00:00:00,venaita,4.3,Claudio,AM
1493,2096,2024-01-06 00:00:00,gaviota,6.2,Manuel,AM
1494,2124A,2024-01-06 00:00:00,luisa,3.3,Yunior,AM
1495,2133A,2024-01-06 00:00:00,paso doble,4.0,Oliver,AM
1496,2143,2024-01-06 00:00:00,catrina,6.0,Claudio,AM
1497,2148A,2024-01-06 00:00:00,cara negra,2.9,Manuel,AM
1498,2149A,2024-01-06 00:00:00,camukenga,5.2,Oliver,AM
1499,2171,2024-01-06 00:00:00,mis amores,4.2,Claudio,AM
1500,2196A,2024-01-06 00:00:00,peluche,4.0,Yunior,AM
1501,2208A,2024-01-06 00:00:00,manzanare i,3.8,Oliver,AM
1502,2209A,2024-01-06 00:00:00,lunita,4.5,Claudio,AM
1503,2219,2024-01-06 00:00:00,paraulata,3.3,Oliver,AM
1504,2226,2024-01-06 00:00:00,san cristobal,3.8,Oliver,AM
1505,2234,2024-01-06 00:00:00,taparita,3.4,Manuel,AM
1506,3003A,2024-01-06 00:00:00,blanca nieves,3.4,Claudio,AM
1507,3021A,2024-01-06 00:00:00,luna llena,4.4,Manuel,AM
1508,3024A,2024-01-06 00:00:00,sin nombre,5.5,Manuel,AM
1509,3028A,2024-01-06 00:00:00,lucerito,4.1,Oliver,AM
1510,3066B,2024-01-06 00:00:00,la mocha,4.7,Manuel,AM
1511,3084,2024-01-06 00:00:00,tigra,3.6,Yunior,AM
1512,31102,2024-01-06 00:00:00,catira,3.2,Claudio,AM
1513,3119,2024-01-06 00:00:00,campesina,2.0,Yunior,AM
1514,3132,2024-01-06 00:00:00,canelita 2,3.7,Carlos,AM
1515,4018,2024-01-06 00:00:00,bocanegra,5.1,Claudio,AM
1516,4025,2024-01-06 00:00:00,luna clara,3.4,Claudio,AM
1517,4043,2024-01-06 00:00:00,Jacinta,3.8,Yunior,AM
1518,4057,2024-01-06 00:00:00,guzerat,3.6,Yunior,AM
1519,4072,2024-01-06 00:00:00,andrea,4.3,Manuel,AM
1520,4075,2024-01-06 00:00:00,rosalia,2.0,Claudio,AM
1521,4079,2024-01-06 00:00:00,maniña,5.9,Claudio,AM
1522,4087,2024-01-06 00:00:00,negra fina,3.4,Claudio,AM
1523,4101,2024-01-06 00:00:00,reina mora,2.9,Yunior,AM
1524,4151,2024-01-06 00:00:00,la que amarro,3.8,Manuel,AM
1525,5010,2024-01-06 00:00:00,saco de hueso,4.0,Yunior,AM
1526,5013,2024-01-06 00:00:00,coliflor,2.6,Carlos,AM
1527,5033,2024-01-06 00:00:00,nieve,4.2,Claudio,AM
1528,5079,2024-01-06 00:00:00,noche oscura,4.1,Oliver,AM
1529,5146,2024-01-06 00:00:00,pata quebrada,3.1,Claudio,AM
1530,5679,2024-01-06 00:00:00,redonda,4.0,Manuel,AM
1531,6010,2024-01-06 00:00:00,tembladora,3.8,Manuel,AM
1532,6021,2024-01-06 00:00:00,berenjena,2.7,Claudio,AM
1533,6035,2024-01-06 00:00:00,mikaela,4.0,Oliver,AM
1534,6043,2024-01-06 00:00:00,rosita,2.5,Claudio,AM
1535,6067,2024-01-06 00:00:00,mariposa,5.5,Yunior,AM
1536,7007,2024-01-06 00:00:00,puerto rico,4.6,Oliver,AM
1537,7017,2024-01-06 00:00:00,maita,5.3,Oliver,AM
1538,7022,2024-01-06 00:00:00,hato grande,5.4,Manuel,AM
1539,7028,2024-01-06 00:00:00,cigarrona,5.0,Yunior,AM
1540,7032,2024-01-06 00:00:00,tamañua,2.5,Oliver,AM
1541,7033,2024-01-06 00:00:00,mina de oro,7.1,Manuel,AM
1542,7038,2024-01-06 00:00:00,anita,1.7,Claudio,AM
1543,7059,2024-01-06 00:00:00,chinga dos,3.8,Claudio,AM
1544,7067,2024-01-06 00:00:00,canelita 1,7.2,Manuel,AM
1545,7074,2024-01-06 00:00:00,cacho e tornillo,3.8,Yunior,AM
1546,7076,2024-01-06 00:00:00,uvita,3.7,Yunior,AM
1547,7083,2024-01-06 00:00:00,margarita,5.1,Oliver,AM
1548,7087,2024-01-06 00:00:00,mandarina,3.4,Oliver,AM
1549,8019,2024-01-06 00:00:00,ropa sucia,4.8,Manuel,AM
1550,8033,2024-01-06 00:00:00,guariqueña,4.0,Claudio,AM
1551,8036,2024-01-06 00:00:00,negrita,3.5,Carlos,AM
1552,8043,2024-01-06 00:00:00,,4.6,Oliver,AM
1553,8045,2024-01-06 00:00:00,frescolita,5.0,Manuel,AM
1554,8046,2024-01-06 00:00:00,princesa,6.2,Manuel,AM
1555,8048,2024-01-06 00:00:00,safira,5.1,Oliver,AM
1556,8050,2024-01-06 00:00:00,rosa blanca,3.8,Oliver,AM
1557,8061,2024-01-06 00:00:00,abrana,2.3,Oliver,AM
1558,8062,2024-01-06 00:00:00,cara de queso,5.7,Claudio,AM
1559,8076,2024-01-06 00:00:00,yorgelis,3.8,Oliver,AM
1560,8079,2024-01-06 00:00:00,doña maria,3.4,Claudio,AM
1561,8086,2024-01-06 00:00:00,,3.0,Manuel,AM
1562,8087,2024-01-06 00:00:00,dalmata,4.5,Yunior,AM
1563,80882,2024-01-06 00:00:00,corazon,5.0,Manuel,AM
1564,809,2024-01-06 00:00:00,,4.7,Yunior,AM
1565,8096,2024-01-06 00:00:00,petroleo,2.8,Claudio,AM
1566,9007,2024-01-06 00:00:00,susana,3.7,Manuel,AM
1567,9020,2024-01-06 00:00:00,Pato real,5.9,Claudio,AM
1568,9040,2024-01-06 00:00:00,mala maña,5.5,Claudio,AM
1569,9051,2024-01-06 00:00:00,garcita,3.0,Claudio,AM
1570,9058,2024-01-06 00:00:00,año nuevo,2.7,Claudio,AM
1571,9113,2024-01-06 00:00:00,mireya,5.3,Manuel,AM
1572,9125,2024-01-06 00:00:00,golondrina,3.4,Yunior,AM
1573,91262,2024-01-06 00:00:00,olivia,5.3,Manuel,AM
1574,9389,2024-01-06 00:00:00,zamura,4.0,Yunior,AM
1575,SNA,2024-01-06 00:00:00,cacho zurdo,5.5,Carlos,AM
1576,7038,2024-01-06 00:00:00,anita,1.0,Manuel,PM
1577,8061,2024-01-06 00:00:00,abrana,1.5,Carlos,PM
1578,3132,2024-01-06 00:00:00,canelita 2,2.3,Carlos,PM
1579,8096,2024-01-06 00:00:00,petroleo,2.4,Oliver,PM
1580,3119,2024-01-06 00:00:00,campesina,2.6,Oliver,PM
1581,2208A,2024-01-06 00:00:00,manzanare i,3.0,Yunior,PM
1582,0740,2024-01-06 00:00:00,gisela,3.1,Yunior,PM
1583,3003A,2024-01-06 00:00:00,blanca nieves,3.1,Carlos,PM
1584,7087,2024-01-06 00:00:00,mandarina,3.1,Yunior,PM
1585,2219,2024-01-06 00:00:00,paraulata,3.2,Carlos,PM
1586,9051,2024-01-06 00:00:00,garcita,3.3,Carlos,PM
1587,2148A,2024-01-06 00:00:00,cara negra,3.4,Yunior,PM
1588,0338,2024-01-06 00:00:00,domitila,3.6,Yunior,PM
1589,2124A,2024-01-06 00:00:00,luisa,3.6,Carlos,PM
1590,31102,2024-01-06 00:00:00,catira,3.6,Carlos,PM
1591,4043,2024-01-06 00:00:00,Jacinta,3.6,Yunior,PM
1592,4087,2024-01-06 00:00:00,negra fina,3.6,Oliver,PM
1593,4151,2024-01-06 00:00:00,la que amarro,3.6,Manuel,PM
1594,2063A,2024-01-06 00:00:00,cacho e gusano,3.8,Carlos,PM
1595,2196A,2024-01-06 00:00:00,peluche,3.8,Manuel,PM
1596,8036,2024-01-06 00:00:00,negrita,3.8,Carlos,PM
1597,6035,2024-01-06 00:00:00,mikaela,3.9,Oliver,PM
1598,7007,2024-01-06 00:00:00,puerto rico,3.9,Oliver,PM
1599,0132,2024-01-06 00:00:00,carbon,4.0,Carlos,PM
1600,2021,2024-01-06 00:00:00,rabo podrido,4.0,Carlos,PM
1601,2226,2024-01-06 00:00:00,san cristobal,4.1,Oliver,PM
1602,6043,2024-01-06 00:00:00,rosita,4.1,Carlos,PM
1603,9007,2024-01-06 00:00:00,susana,4.1,Manuel,PM
1604,9389,2024-01-06 00:00:00,zamura,4.2,Yunior,PM
1605,2094A,2024-01-06 00:00:00,venaita,4.3,Oliver,PM
1606,3021A,2024-01-06 00:00:00,luna llena,4.3,Manuel,PM
1607,0272,2024-01-06 00:00:00,la guara,4.6,Manuel,PM
1608,2209A,2024-01-06 00:00:00,lunita,4.7,Oliver,PM
1609,6067,2024-01-06 00:00:00,mariposa,4.7,Manuel,PM
1610,7083,2024-01-06 00:00:00,margarita,4.7,Yunior,PM
1611,3024A,2024-01-06 00:00:00,sin nombre,5.1,Oliver,PM
1612,8046,2024-01-06 00:00:00,princesa,5.4,Carlos,PM
1613,91262,2024-01-06 00:00:00,olivia,5.4,Manuel,PM
1614,SNA,2024-01-06 00:00:00,cacho zurdo,5.6,Yunior,PM
1615,2096,2024-01-06 00:00:00,gaviota,6.0,Manuel,PM
1616,0018,2024-01-20 00:00:00,cacho solo,4.9,Carlos,PM
1617,0132,2024-01-20 00:00:00,carbon,5.2,Manuel,PM
1618,0229,2024-01-20 00:00:00,navidad,4.5,Manuel,PM
1619,0272,2024-01-20 00:00:00,la guara,4.2,Manuel,PM
1620,0338,2024-01-20 00:00:00,domitila,4.3,Oliver,PM
1621,0740,2024-01-20 00:00:00,gisela,3.6,Manuel,PM
1622,1139A,2024-01-20 00:00:00,motica,2.4,Alberto,PM
1623,1310,2024-01-20 00:00:00,araguata,1.8,Alberto,PM
1624,2021,2024-01-20 00:00:00,rabo podrido,4.4,Carlos,PM
1625,2063A,2024-01-20 00:00:00,cacho e gusano,3.9,Oliver,PM
1626,2094A,2024-01-20 00:00:00,venaita,4.9,Manuel,PM
1627,2096,2024-01-20 00:00:00,gaviota,6.0,Manuel,PM
1628,2124A,2024-01-20 00:00:00,luisa,4.3,Alberto,PM
1629,2130,2024-01-20 00:00:00,veratris,3.4,Alberto,PM
1630,2148A,2024-01-20 00:00:00,cara negra,3.6,Oliver,PM
1631,2171,2024-01-20 00:00:00,mis amores,4.9,Carlos,PM
1632,2196A,2024-01-20 00:00:00,peluche,4.1,Carlos,PM
1633,2208A,2024-01-20 00:00:00,manzanare i,3.5,Alberto,PM
1634,2209A,2024-01-20 00:00:00,lunita,6.3,Carlos,PM
1635,2219,2024-01-20 00:00:00,paraulata,3.2,Oliver,PM
1636,2226,2024-01-20 00:00:00,san cristobal,5.3,Oliver,PM
1637,3003A,2024-01-20 00:00:00,blanca nieves,4.2,Oliver,PM
1638,3021A,2024-01-20 00:00:00,luna llena,4.8,Manuel,PM
1639,3024A,2024-01-20 00:00:00,sin nombre,5.3,Manuel,PM
1640,31102,2024-01-20 00:00:00,catira,4.5,Manuel,PM
1641,3119,2024-01-20 00:00:00,campesina,3.3,Carlos,PM
1642,3132,2024-01-20 00:00:00,canelita 2,4.3,Manuel,PM
1643,4043,2024-01-20 00:00:00,Jacinta,3.4,Carlos,PM
1644,4087,2024-01-20 00:00:00,negra fina,4.1,Oliver,PM
1645,4151,2024-01-20 00:00:00,la que amarro,4.1,Oliver,PM
1646,6035,2024-01-20 00:00:00,mikaela,3.6,Carlos,PM
1647,6043,2024-01-20 00:00:00,rosita,4.1,Carlos,PM
1648,6067,2024-01-20 00:00:00,mariposa,5.3,Manuel,PM
1649,7007,2024-01-20 00:00:00,puerto rico,4.5,(en blanco),PM
1650,7022,2024-01-20 00:00:00,hato grande,5.5,Manuel,PM
1651,7083,2024-01-20 00:00:00,margarita,4.3,Carlos,PM
1652,7087,2024-01-20 00:00:00,mandarina,3.4,Oliver,PM
1653,8036,2024-01-20 00:00:00,negrita,6.3,Carlos,PM
1654,8061,2024-01-20 00:00:00,abrana,3.1,Manuel,PM
1655,8062,2024-01-20 00:00:00,cara de queso,4.1,Alberto,PM
1656,8076,2024-01-20 00:00:00,yorgelis,3.0,Carlos,PM
1657,8096,2024-01-20 00:00:00,petroleo,4.5,Alberto,PM
1658,9007,2024-01-20 00:00:00,susana,3.3,Oliver,PM
1659,9051,2024-01-20 00:00:00,garcita,3.1,Manuel,PM
1660,9058,2024-01-20 00:00:00,año nuevo,3.4,Alberto,PM
1661,91171,2024-01-20 00:00:00,caramelo,3.6,Alberto,PM
1662,9125,2024-01-20 00:00:00,golondrina,4.6,Carlos,PM
1663,91262,2024-01-20 00:00:00,olivia,5.3,Alberto,PM
1664,9389,2024-01-20 00:00:00,zamura,4.2,Carlos,PM
1665,SNA,2024-01-20 00:00:00,cacho zurdo,6.7,Alberto,PM
1666,4075,2024-01-20 00:00:00,rosalia,3.5,Alberto,AM
1667,0018,2024-01-20 00:00:00,cacho solo,4.3,Alberto,AM
1668,0132,2024-01-20 00:00:00,carbon,4.0,Alberto,AM
1669,0229,2024-01-20 00:00:00,navidad,4.1,Manuel,AM
1670,0272,2024-01-20 00:00:00,la guara,3.7,Manuel,AM
1671,0298A,2024-01-20 00:00:00,,3.2,Claudio,AM
1672,0338,2024-01-20 00:00:00,domitila,4.1,Oliver,AM
1673,0500,2024-01-20 00:00:00,tiburona,3.3,Alberto,AM
1674,0740,2024-01-20 00:00:00,gisela,4.2,Alberto,AM
1675,1015,2024-01-20 00:00:00,la chinga,3.3,Carlos,AM
1676,1078A,2024-01-20 00:00:00,panorama,3.7,Manuel,AM
1677,1112A,2024-01-20 00:00:00,,4.0,Carlos,AM
1678,1139A,2024-01-20 00:00:00,motica,2.4,Alberto,AM
1679,1310,2024-01-20 00:00:00,araguata,2.4,Oliver,AM
1680,2,2024-01-20 00:00:00,ardilla,3.4,Claudio,AM
1681,2021,2024-01-20 00:00:00,rabo podrido,4.0,Manuel,AM
1682,2050,2024-01-20 00:00:00,fabiola,1.7,Manuel,AM
1683,2063A,2024-01-20 00:00:00,cacho e gusano,4.5,Oliver,AM
1684,2072,2024-01-20 00:00:00,pan quemado,3.8,Alberto,AM
1685,2083,2024-01-20 00:00:00,tesoro,3.9,Manuel,AM
1686,2094A,2024-01-20 00:00:00,venaita,4.1,Claudio,AM
1687,2096,2024-01-20 00:00:00,gaviota,5.0,Claudio,AM
1688,2124A,2024-01-20 00:00:00,luisa,4.1,Oliver,AM
1689,2130,2024-01-20 00:00:00,veratris,4.2,Claudio,AM
1690,2133A,2024-01-20 00:00:00,paso doble,5.7,Carlos,AM
1691,2143,2024-01-20 00:00:00,catrina,5.4,Claudio,AM
1692,2148A,2024-01-20 00:00:00,cara negra,3.8,Claudio,AM
1693,2149A,2024-01-20 00:00:00,camukenga,4.6,Oliver,AM
1694,2171,2024-01-20 00:00:00,mis amores,6.2,Carlos,AM
1695,2196A,2024-01-20 00:00:00,peluche,4.4,Manuel,AM
1696,2208A,2024-01-20 00:00:00,manzanare i,2.8,Manuel,AM
1697,2209A,2024-01-20 00:00:00,lunita,6.3,Carlos,AM
1698,2219,2024-01-20 00:00:00,paraulata,3.8,Alberto,AM
1699,2220,2024-01-20 00:00:00,blanquita,3.8,Claudio,AM
1700,2226,2024-01-20 00:00:00,san cristobal,4.8,Claudio,AM
1701,2234,2024-01-20 00:00:00,taparita,3.8,Claudio,AM
1702,3003A,2024-01-20 00:00:00,blanca nieves,3.5,Carlos,AM
1703,3021A,2024-01-20 00:00:00,luna llena,5.3,Oliver,AM
1704,3024A,2024-01-20 00:00:00,sin nombre,5.0,Carlos,AM
1705,3028A,2024-01-20 00:00:00,lucerito,3.6,Claudio,AM
1706,3066B,2024-01-20 00:00:00,la mocha,4.6,Claudio,AM
1707,3084,2024-01-20 00:00:00,tigra,3.2,Manuel,AM
1708,31102,2024-01-20 00:00:00,catira,3.9,Oliver,AM
1709,3119,2024-01-20 00:00:00,campesina,3.0,Claudio,AM
1710,3132,2024-01-20 00:00:00,canelita 2,5.0,Manuel,AM
1711,4018,2024-01-20 00:00:00,bocanegra,5.0,Oliver,AM
1712,4025,2024-01-20 00:00:00,luna clara,1.6,Claudio,AM
1713,4043,2024-01-20 00:00:00,Jacinta,3.9,Alberto,AM
1714,4048,2024-01-20 00:00:00,marucha2,2.4,Manuel,AM
1715,4057,2024-01-20 00:00:00,guzerat,2.6,Alberto,AM
1716,4072,2024-01-20 00:00:00,andrea,3.3,Alberto,AM
1717,4079,2024-01-20 00:00:00,maniña,5.7,Manuel,AM
1718,4087,2024-01-20 00:00:00,negra fina,4.1,Claudio,AM
1719,4101,2024-01-20 00:00:00,reina mora,3.2,Carlos,AM
1720,4151,2024-01-20 00:00:00,la que amarro,4.5,Oliver,AM
1721,4A,2024-01-20 00:00:00,mantequilla,2.8,Carlos,AM
1722,5010,2024-01-20 00:00:00,saco de hueso,4.2,Carlos,AM
1723,5013,2024-01-20 00:00:00,coliflor,3.3,Carlos,AM
1724,5033,2024-01-20 00:00:00,nieve,4.9,Carlos,AM
1725,5079,2024-01-20 00:00:00,noche oscura,3.3,Alberto,AM
1726,5146,2024-01-20 00:00:00,pata quebrada,3.3,Oliver,AM
1727,5679,2024-01-20 00:00:00,redonda,3.9,Oliver,AM
1728,6010,2024-01-20 00:00:00,tembladora,3.9,Oliver,AM
1729,6021,2024-01-20 00:00:00,berenjena,3.0,Carlos,AM
1730,6035,2024-01-20 00:00:00,mikaela,4.0,Manuel,AM
1731,6043,2024-01-20 00:00:00,rosita,4.3,Carlos,AM
1732,6067,2024-01-20 00:00:00,mariposa,5.1,Alberto,AM
1733,7007,2024-01-20 00:00:00,puerto rico,4.5,Oliver,AM
1734,7017,2024-01-20 00:00:00,maita,4.9,Manuel,AM
1735,7022,2024-01-20 00:00:00,hato grande,4.3,Carlos,AM
1736,7028,2024-01-20 00:00:00,cigarrona,4.2,Carlos,AM
1737,7032,2024-01-20 00:00:00,tamañua,2.4,Oliver,AM
1738,7033,2024-01-20 00:00:00,mina de oro,6.4,Manuel,AM
1739,7038,2024-01-20 00:00:00,anita,2.2,Carlos,AM
1740,7059,2024-01-20 00:00:00,chinga dos,3.3,Claudio,AM
1741,7067,2024-01-20 00:00:00,canelita 1,6.4,Alberto,AM
1742,7074,2024-01-20 00:00:00,cacho e tornillo,3.8,Manuel,AM
1743,7076,2024-01-20 00:00:00,uvita,3.7,Oliver,AM
1744,7083,2024-01-20 00:00:00,margarita,5.5,Claudio,AM
1745,7087,2024-01-20 00:00:00,mandarina,4.0,Alberto,AM
1746,8019,2024-01-20 00:00:00,ropa sucia,5.1,Oliver,AM
1747,8033,2024-01-20 00:00:00,guariqueña,3.9,Oliver,AM
1748,8036,2024-01-20 00:00:00,negrita,5.1,Carlos,AM
1749,8043,2024-01-20 00:00:00,,3.7,Claudio,AM
1750,8045,2024-01-20 00:00:00,frescolita,5.0,Manuel,AM
1751,8046,2024-01-20 00:00:00,princesa,5.9,Manuel,AM
1752,8048,2024-01-20 00:00:00,safira,4.3,Manuel,AM
1753,8050,2024-01-20 00:00:00,rosa blanca,3.3,Claudio,AM
1754,8061,2024-01-20 00:00:00,abrana,3.2,Manuel,AM
1755,8062,2024-01-20 00:00:00,cara de queso,4.0,Claudio,AM
1756,8076,2024-01-20 00:00:00,yorgelis,3.9,Alberto,AM
1757,8079,2024-01-20 00:00:00,doña maria,3.0,Carlos,AM
1758,8086,2024-01-20 00:00:00,,3.7,Alberto,AM
1759,8087,2024-01-20 00:00:00,dalmata,4.0,Carlos,AM
1760,80882,2024-01-20 00:00:00,corazon,4.6,Manuel,AM
1761,809,2024-01-20 00:00:00,,4.1,Manuel,AM
1762,8096,2024-01-20 00:00:00,petroleo,4.3,Alberto,AM
1763,9007,2024-01-20 00:00:00,susana,3.7,Manuel,AM
1764,9020,2024-01-20 00:00:00,Pato real,5.2,Carlos,AM
1765,9040,2024-01-20 00:00:00,mala maña,4.3,Claudio,AM
1766,9051,2024-01-20 00:00:00,garcita,4.3,Carlos,AM
1767,9058,2024-01-20 00:00:00,año nuevo,3.6,Manuel,AM
1768,9099,2024-01-20 00:00:00,la china,4.0,Manuel,AM
1769,9113,2024-01-20 00:00:00,mireya,2.9,Claudio,AM
1770,91171,2024-01-20 00:00:00,caramelo,2.9,Alberto,AM
1771,91242,2024-01-20 00:00:00,,5.4,Alberto,AM
1772,9125,2024-01-20 00:00:00,golondrina,4.3,Oliver,AM
1773,91262,2024-01-20 00:00:00,olivia,5.3,Carlos,AM
1774,9389,2024-01-20 00:00:00,zamura,4.3,Carlos,AM
1775,SNA,2024-01-20 00:00:00,cacho zurdo,6.4,Claudio,AM
1878,6067,2024-02-03 00:00:00,mariposa,6.6,Claudio,AM
1934,0018,2024-02-03 00:00:00,cacho solo,4.1,Alberto,PM
1935,0132,2024-02-03 00:00:00,carbon,4.3,Manuel,PM
1936,0229,2024-02-03 00:00:00,navidad,4.4,Oliver,PM
1937,0272,2024-02-03 00:00:00,la guara,3.7,Manuel,PM
1938,0298A,2024-02-03 00:00:00,almendron,4.0,Manuel,PM
1939,0332,2024-02-03 00:00:00,carina,2.8,Alberto,PM
1940,0338,2024-02-03 00:00:00,domitila,3.5,Manuel,PM
1941,0740,2024-02-03 00:00:00,gisela,2.3,Manuel,PM
1942,2021,2024-02-03 00:00:00,rabo podrido,4.9,Carlos,PM
1943,2063A,2024-02-03 00:00:00,cacho e gusano,4.2,Oliver,PM
1944,2094A,2024-02-03 00:00:00,venaita,4.7,Oliver,PM
1945,2096,2024-02-03 00:00:00,gaviota,5.7,Oliver,PM
1946,2130,2024-02-03 00:00:00,veratris,3.4,Alberto,PM
1947,2148A,2024-02-03 00:00:00,cara negra,3.0,Carlos,PM
1948,2171,2024-02-03 00:00:00,mis amores,3.7,Manuel,PM
1949,2208A,2024-02-03 00:00:00,manzanare i,3.8,Oliver,PM
1950,2209A,2024-02-03 00:00:00,lunita,6.0,Oliver,PM
1951,2219,2024-02-03 00:00:00,paraulata,2.3,Carlos,PM
1952,2220,2024-02-03 00:00:00,blanquita,5.0,Carlos,PM
1953,2226,2024-02-03 00:00:00,san cristobal,3.9,Alberto,PM
1954,3021A,2024-02-03 00:00:00,luna llena,4.4,Alberto,PM
1955,3024A,2024-02-03 00:00:00,sin nombre,5.1,Alberto,PM
1956,3132,2024-02-03 00:00:00,canelita 2,3.8,Manuel,PM
1957,4043,2024-02-03 00:00:00,Jacinta,3.5,Manuel,PM
1958,4087,2024-02-03 00:00:00,negra fina,3.7,Manuel,PM
1959,4A,2024-02-03 00:00:00,mantequilla,2.6,Alberto,PM
1960,6035,2024-02-03 00:00:00,mikaela,3.9,Manuel,PM
1961,6043,2024-02-03 00:00:00,rosita,4.2,Oliver,PM
1962,6067,2024-02-03 00:00:00,mariposa,5.7,Manuel,PM
1963,7022,2024-02-03 00:00:00,hato grande,4.2,Oliver,PM
1964,7083,2024-02-03 00:00:00,margarita,3.6,Alberto,PM
1965,8036,2024-02-03 00:00:00,negrita,5.0,Carlos,PM
1966,8046,2024-02-03 00:00:00,princesa,4.3,Oliver,PM
1967,8062,2024-02-03 00:00:00,cara de queso,5.1,Manuel,PM
1968,8076,2024-02-03 00:00:00,yorgelis,3.4,Oliver,PM
1969,8096,2024-02-03 00:00:00,petroleo,3.9,Carlos,PM
1970,9007,2024-02-03 00:00:00,susana,4.1,Manuel,PM
1971,9058,2024-02-03 00:00:00,año nuevo,4.2,Carlos,PM
1972,9113,2024-02-03 00:00:00,mireya,2.7,Alberto,PM
1973,9116B,2024-02-03 00:00:00,chachita,3.0,Carlos,PM
1974,91171,2024-02-03 00:00:00,caramelo,3.9,Manuel,PM
1975,91242,2024-02-03 00:00:00,caroreña,5.1,Alberto,PM
1976,9125,2024-02-03 00:00:00,golondrina,4.2,Alberto,PM
1977,91262,2024-02-03 00:00:00,olivia,5.4,Carlos,PM
1978,9389,2024-02-03 00:00:00,zamura,4.3,Alberto,PM
1979,SNA,2024-02-03 00:00:00,cacho zurdo,5.9,Carlos,PM
1980,0018,2024-02-03 00:00:00,cacho solo,3.8,Carlos,AM
1981,0132,2024-02-03 00:00:00,carbon,4.0,Oliver,AM
1982,0202,2024-02-03 00:00:00,berta,3.1,Oliver,AM
1983,0229,2024-02-03 00:00:00,navidad,3.4,Manuel,AM
1984,0272,2024-02-03 00:00:00,la guara,3.9,Carlos,AM
1985,0298A,2024-02-03 00:00:00,almendron,3.4,Manuel,AM
1986,0332,2024-02-03 00:00:00,carina,3.0,Alberto,AM
1987,0338,2024-02-03 00:00:00,domitila,3.6,Carlos,AM
1988,0343,2024-02-03 00:00:00,,3.4,Carlos,AM
1989,0500,2024-02-03 00:00:00,tiburona,2.9,Alberto,AM
1990,0740,2024-02-03 00:00:00,gisela,3.6,Oliver,AM
1991,1015,2024-02-03 00:00:00,la chinga,3.7,Manuel,AM
1992,1078A,2024-02-03 00:00:00,panorama,3.3,Carlos,AM
1993,1112A,2024-02-03 00:00:00,,3.3,Claudio,AM
1994,1139A,2024-02-03 00:00:00,motica,4.8,Oliver,AM
1995,1310,2024-02-03 00:00:00,araguata,2.2,Claudio,AM
1996,2,2024-02-03 00:00:00,ardilla,2.9,Claudio,AM
1997,2021,2024-02-03 00:00:00,rabo podrido,4.5,Alberto,AM
1998,2063A,2024-02-03 00:00:00,cacho e gusano,4.1,Manuel,AM
1999,2072,2024-02-03 00:00:00,pan quemado,3.5,Manuel,AM
2000,2083,2024-02-03 00:00:00,tesoro,3.6,Manuel,AM
2001,2094A,2024-02-03 00:00:00,venaita,3.9,Carlos,AM
2002,2096,2024-02-03 00:00:00,gaviota,5.6,Manuel,AM
2003,2124A,2024-02-03 00:00:00,luisa,5.4,Carlos,AM
2004,2130,2024-02-03 00:00:00,veratris,3.4,Claudio,AM
2005,2133A,2024-02-03 00:00:00,paso doble,6.2,Carlos,AM
2006,2143,2024-02-03 00:00:00,catrina,6.0,Oliver,AM
2007,2148A,2024-02-03 00:00:00,cara negra,3.0,Carlos,AM
2008,2149A,2024-02-03 00:00:00,camukenga,4.3,Carlos,AM
2009,2171,2024-02-03 00:00:00,mis amores,5.8,Carlos,AM
2010,2196A,2024-02-03 00:00:00,peluche,7.4,Claudio,AM
2011,2208A,2024-02-03 00:00:00,manzanare i,2.9,Carlos,AM
2012,2209A,2024-02-03 00:00:00,lunita,4.4,Carlos,AM
2013,2219,2024-02-03 00:00:00,paraulata,3.3,Alberto,AM
2014,2220,2024-02-03 00:00:00,blanquita,4.7,Claudio,AM
2015,2226,2024-02-03 00:00:00,san cristobal,3.9,Alberto,AM
2016,2234,2024-02-03 00:00:00,taparita,3.9,Manuel,AM
2017,3003A,2024-02-03 00:00:00,blanca nieves,6.1,Oliver,AM
2018,3021A,2024-02-03 00:00:00,luna llena,4.5,Oliver,AM
2019,3024A,2024-02-03 00:00:00,sin nombre,4.4,Carlos,AM
2020,3028A,2024-02-03 00:00:00,lucerito,3.8,Oliver,AM
2021,3066B,2024-02-03 00:00:00,la mocha,4.2,Carlos,AM
2022,3084,2024-02-03 00:00:00,tigra,3.5,Carlos,AM
2023,31102,2024-02-03 00:00:00,catira,6.4,Claudio,AM
2024,3119,2024-02-03 00:00:00,campesina,4.5,Manuel,AM
2025,3132,2024-02-03 00:00:00,canelita 2,3.6,Claudio,AM
2026,4018,2024-02-03 00:00:00,bocanegra,4.6,Manuel,AM
2027,4025,2024-02-03 00:00:00,luna clara,3.0,Oliver,AM
2028,4043,2024-02-03 00:00:00,Jacinta,3.2,Manuel,AM
2029,4053,2024-02-03 00:00:00,rosimar,1.9,Manuel,AM
2030,4057,2024-02-03 00:00:00,guzerat,2.9,Claudio,AM
2031,4072,2024-02-03 00:00:00,andrea,3.2,Manuel,AM
2032,4075,2024-02-03 00:00:00,rosalia,4.1,Manuel,AM
2033,4079,2024-02-03 00:00:00,maniña,4.7,Carlos,AM
2034,4087,2024-02-03 00:00:00,negra fina,3.3,Claudio,AM
2035,4101,2024-02-03 00:00:00,reina mora,2.8,Carlos,AM
2036,4151,2024-02-03 00:00:00,la que amarro,6.1,Oliver,AM
2037,4A,2024-02-03 00:00:00,mantequilla,2.3,Manuel,AM
2038,5010,2024-02-03 00:00:00,saco de hueso,4.2,Alberto,AM
2039,5013,2024-02-03 00:00:00,coliflor,2.7,Carlos,AM
2040,5030,2024-02-03 00:00:00,carolay,1.4,Manuel,AM
2041,5033,2024-02-03 00:00:00,nieve,4.5,Claudio,AM
2042,5079,2024-02-03 00:00:00,noche oscura,3.0,Claudio,AM
2043,5146,2024-02-03 00:00:00,pata quebrada,3.0,Manuel,AM
2044,5150,2024-02-03 00:00:00,,3.1,Carlos,AM
2045,5679,2024-02-03 00:00:00,redonda,3.5,Oliver,AM
2046,6010,2024-02-03 00:00:00,tembladora,3.6,Alberto,AM
2047,6021,2024-02-03 00:00:00,berenjena,2.9,Manuel,AM
2048,6035,2024-02-03 00:00:00,mikaela,3.4,Claudio,AM
2049,6043,2024-02-03 00:00:00,rosita,3.9,Oliver,AM
2050,6067,2024-02-03 00:00:00,mariposa,5.7,Claudio,AM
2051,7017,2024-02-03 00:00:00,maita,4.3,Manuel,AM
2052,7022,2024-02-03 00:00:00,hato grande,3.9,Claudio,AM
2053,7028,2024-02-03 00:00:00,cigarrona,5.1,Carlos,AM
2054,7032,2024-02-03 00:00:00,tamañua,4.3,Oliver,AM
2055,7033,2024-02-03 00:00:00,mina de oro,6.4,Claudio,AM
2056,7038,2024-02-03 00:00:00,anita,3.5,Alberto,AM
2057,7061,2024-02-03 00:00:00,,4.4,Manuel,AM
2058,7067,2024-02-03 00:00:00,canelita 1,5.8,Oliver,AM
2059,7074,2024-02-03 00:00:00,cacho e tornillo,3.9,Oliver,AM
2060,7076,2024-02-03 00:00:00,uvita,3.2,Manuel,AM
2061,7083,2024-02-03 00:00:00,margarita,4.2,Oliver,AM
2062,7087,2024-02-03 00:00:00,mandarina,5.0,Manuel,AM
2063,8019,2024-02-03 00:00:00,ropa sucia,4.9,Manuel,AM
2064,8033,2024-02-03 00:00:00,guariqueña,3.3,Claudio,AM
2065,8036,2024-02-03 00:00:00,negrita,4.7,Alberto,AM
2066,8043,2024-02-03 00:00:00,,4.5,Claudio,AM
2067,8045,2024-02-03 00:00:00,frescolita,5.0,Manuel,AM
2068,8046,2024-02-03 00:00:00,princesa,4.6,Claudio,AM
2069,8048,2024-02-03 00:00:00,safira,4.1,Oliver,AM
2070,8050,2024-02-03 00:00:00,rosa blanca,3.4,Carlos,AM
2071,8061,2024-02-03 00:00:00,abrana,4.1,Claudio,AM
2072,8062,2024-02-03 00:00:00,cara de queso,3.3,Claudio,AM
2073,8076,2024-02-03 00:00:00,yorgelis,3.8,Oliver,AM
2074,8086,2024-02-03 00:00:00,,3.2,Alberto,AM
2075,8087,2024-02-03 00:00:00,dalmata,3.0,Carlos,AM
2076,8096,2024-02-03 00:00:00,petroleo,3.5,Alberto,AM
2077,9007,2024-02-03 00:00:00,susana,3.6,Manuel,AM
2078,9020,2024-02-03 00:00:00,Pato real,4.7,Claudio,AM
2079,9040,2024-02-03 00:00:00,mala maña,5.1,Alberto,AM
2080,9058,2024-02-03 00:00:00,año nuevo,3.4,Alberto,AM
2081,9099,2024-02-03 00:00:00,la china,2.7,Alberto,AM
2082,9113,2024-02-03 00:00:00,mireya,2.8,Oliver,AM
2083,9116B,2024-02-03 00:00:00,chachita,2.5,Manuel,AM
2084,91171,2024-02-03 00:00:00,caramelo,4.0,Manuel,AM
2085,91172,2024-02-03 00:00:00,,1.6,Manuel,AM
2086,91242,2024-02-03 00:00:00,caroreña,3.6,Claudio,AM
2087,9125,2024-02-03 00:00:00,golondrina,4.2,Oliver,AM
2088,91262,2024-02-03 00:00:00,olivia,4.9,Oliver,AM
2089,9389,2024-02-03 00:00:00,zamura,3.5,Carlos,AM
2090,EMB 2,2024-02-03 00:00:00,josefa,3.7,Claudio,AM
2091,SNA,2024-02-03 00:00:00,cacho zurdo,5.2,Manuel,AM
2092,0018,2024-02-17 00:00:00,cacho solo,3.4,Manuel,AM
2093,0111,2024-02-17 00:00:00,,3.5,Manuel,AM
2094,0132,2024-02-17 00:00:00,carbon,4.5,Roldan,AM
2095,0201,2024-02-17 00:00:00,patrona,2.5,Carlos,AM
2096,0202,2024-02-17 00:00:00,berta,2.5,Manuel,AM
2097,0220,2024-02-17 00:00:00,,3.3,Junior,AM
2098,0229,2024-02-17 00:00:00,navidad,4.2,Manuel,AM
2099,0272,2024-02-17 00:00:00,la guara,3.6,Carlos,AM
2100,0298A,2024-02-17 00:00:00,almendron,5.6,Manuel,AM
2101,0323,2024-02-17 00:00:00,olga lucia,6.3,Carlos,AM
2102,0333,2024-02-17 00:00:00,,3.2,Manuel,AM
2103,0338,2024-02-17 00:00:00,domitila,4.6,Carlos,AM
2104,0343,2024-02-17 00:00:00,dodge,3.1,Carlos,AM
2105,0740,2024-02-17 00:00:00,gisela,3.9,Manuel,AM
2106,1015,2024-02-17 00:00:00,la chinga,3.0,Eleise,AM
2107,1078A,2024-02-17 00:00:00,panorama,2.8,Carlos,AM
2108,1112A,2024-02-17 00:00:00,topa,2.3,Manuel,AM
2109,1139A,2024-02-17 00:00:00,motica,4.8,Manuel,AM
2110,2021,2024-02-17 00:00:00,rabo podrido,4.4,Eleise,AM
2111,20334,2024-02-17 00:00:00,media luna,1.6,Carlos,AM
2112,2063A,2024-02-17 00:00:00,cacho e gusano,4.7,Carlos,AM
2113,2072,2024-02-17 00:00:00,pan quemado,2.9,Roldan,AM
2114,2083,2024-02-17 00:00:00,tesoro,3.8,Manuel,AM
2115,2094A,2024-02-17 00:00:00,venaita,4.7,Eleise,AM
2116,2096,2024-02-17 00:00:00,gaviota,4.1,Roldan,AM
2117,2124A,2024-02-17 00:00:00,luisa,4.6,Carlos,AM
2118,2130,2024-02-17 00:00:00,veratris,3.8,Eleise,AM
2119,2133A,2024-02-17 00:00:00,paso doble,5.9,Carlos,AM
2120,2143,2024-02-17 00:00:00,catrina,5.1,Manuel,AM
2121,2148A,2024-02-17 00:00:00,cara negra,3.0,Eleise,AM
2122,2149A,2024-02-17 00:00:00,camukenga,4.2,Manuel,AM
2123,2171,2024-02-17 00:00:00,mis amores,5.7,Eleise,AM
2124,2196A,2024-02-17 00:00:00,peluche,5.3,Roldan,AM
2125,2208A,2024-02-17 00:00:00,manzanare i,2.6,Roldan,AM
2126,2209A,2024-02-17 00:00:00,lunita,6.8,Carlos,AM
2127,2219,2024-02-17 00:00:00,paraulata,4.1,Carlos,AM
2128,2220,2024-02-17 00:00:00,blanquita,5.1,Manuel,AM
2129,2226,2024-02-17 00:00:00,san cristobal,3.1,Roldan,AM
2130,2234,2024-02-17 00:00:00,taparita,4.4,Manuel,AM
2131,3003A,2024-02-17 00:00:00,blanca nieves,4.9,Manuel,AM
2132,3021A,2024-02-17 00:00:00,luna llena,4.2,Roldan,AM
2133,3024A,2024-02-17 00:00:00,sin nombre,4.7,Carlos,AM
2134,3028A,2024-02-17 00:00:00,lucerito,2.9,Roldan,AM
2135,3066B,2024-02-17 00:00:00,la mocha,3.6,Manuel,AM
2136,3084,2024-02-17 00:00:00,tigra,3.0,Carlos,AM
2137,31102,2024-02-17 00:00:00,catira,5.1,Eleise,AM
2138,3119,2024-02-17 00:00:00,campesina,4.6,Roldan,AM
2139,3132,2024-02-17 00:00:00,canelita 2,3.0,Roldan,AM
2140,32,2024-02-17 00:00:00,karina,3.0,Roldan,AM
2141,34,2024-02-17 00:00:00,esperanza,3.4,Manuel,AM
2142,4018,2024-02-17 00:00:00,bocanegra,3.5,Carlos,AM
2143,4025,2024-02-17 00:00:00,luna clara,4.8,Manuel,AM
2144,4043,2024-02-17 00:00:00,Jacinta,3.4,Eleise,AM
2145,4057,2024-02-17 00:00:00,guzerat,2.5,Manuel,AM
2146,4072,2024-02-17 00:00:00,andrea,2.7,Carlos,AM
2147,4075,2024-02-17 00:00:00,rosalia,3.1,Carlos,AM
2148,4079,2024-02-17 00:00:00,maniña,4.5,Carlos,AM
2149,4087,2024-02-17 00:00:00,negra fina,4.1,Eleise,AM
2150,4095,2024-02-17 00:00:00,cara sucia,3.1,Eleise,AM
2151,4101,2024-02-17 00:00:00,reina mora,2.1,Roldan,AM
2152,4151,2024-02-17 00:00:00,la que amarro,3.4,Roldan,AM
2153,4A,2024-02-17 00:00:00,mantequilla,3.3,Carlos,AM
2154,5007,2024-02-17 00:00:00,maravilla,5.7,Eleise,AM
2155,5010,2024-02-17 00:00:00,saco de hueso,3.7,Manuel,AM
2156,5013,2024-02-17 00:00:00,coliflor,2.3,Carlos,AM
2157,5030,2024-02-17 00:00:00,marisol,6.6,Roldan,AM
2158,5033,2024-02-17 00:00:00,nieve,3.9,Manuel,AM
2159,5079,2024-02-17 00:00:00,noche oscura,2.2,Manuel,AM
2160,5146,2024-02-17 00:00:00,pata quebrada,2.5,Manuel,AM
2161,5150,2024-02-17 00:00:00,carevieja,3.2,Carlos,AM
2162,5679,2024-02-17 00:00:00,redonda,1.9,Roldan,AM
2163,6010,2024-02-17 00:00:00,tembladora,3.4,Eleise,AM
2164,6035,2024-02-17 00:00:00,mikaela,4.0,Manuel,AM
2165,6043,2024-02-17 00:00:00,rosita,5.1,Carlos,AM
2166,6067,2024-02-17 00:00:00,mariposa,5.8,Carlos,AM
2167,7007,2024-02-17 00:00:00,puerto rico,1.4,Manuel,AM
2168,7017,2024-02-17 00:00:00,maita,2.5,Manuel,AM
2169,7022,2024-02-17 00:00:00,hato grande,4.4,Eleise,AM
2170,7028,2024-02-17 00:00:00,cigarrona,3.1,Roldan,AM
2171,7032,2024-02-17 00:00:00,tamañua,3.3,Roldan,AM
2172,7033,2024-02-17 00:00:00,mina de oro,3.8,Roldan,AM
2173,7038,2024-02-17 00:00:00,anita,2.8,Carlos,AM
2174,7061,2024-02-17 00:00:00,sofia,3.8,Eleise,AM
2175,7067,2024-02-17 00:00:00,canelita 1,5.9,Carlos,AM
2176,7074,2024-02-17 00:00:00,cacho e tornillo,2.2,Roldan,AM
2177,7076,2024-02-17 00:00:00,uvita,2.6,Roldan,AM
2178,7083,2024-02-17 00:00:00,margarita,5.6,Manuel,AM
2179,7087,2024-02-17 00:00:00,mandarina,4.4,Carlos,AM
2180,8019,2024-02-17 00:00:00,ropa sucia,2.4,Roldan,AM
2181,8033,2024-02-17 00:00:00,guariqueña,3.8,Eleise,AM
2182,8036,2024-02-17 00:00:00,negrita,4.2,Roldan,AM
2183,8043,2024-02-17 00:00:00,,4.0,Manuel,AM
2184,8045,2024-02-17 00:00:00,frescolita,4.1,Carlos,AM
2185,8046,2024-02-17 00:00:00,princesa,3.2,Roldan,AM
2186,8048,2024-02-17 00:00:00,safira,3.2,Roldan,AM
2187,8050,2024-02-17 00:00:00,rosa blanca,3.3,Manuel,AM
2188,8061,2024-02-17 00:00:00,abrana,4.1,Eleise,AM
2189,8062,2024-02-17 00:00:00,cara de queso,4.4,Eleise,AM
2190,8076,2024-02-17 00:00:00,yorgelis,4.7,Manuel,AM
2191,8086,2024-02-17 00:00:00,peresosa,2.6,Carlos,AM
2192,8087,2024-02-17 00:00:00,dalmata,3.5,Carlos,AM
2193,8096,2024-02-17 00:00:00,petroleo,3.0,Roldan,AM
2194,9007,2024-02-17 00:00:00,susana,2.5,Manuel,AM
2195,9020,2024-02-17 00:00:00,Pato real,5.4,Carlos,AM
2196,9036,2024-02-17 00:00:00,abuela,2.0,Carlos,AM
2197,9040,2024-02-17 00:00:00,mala maña,4.6,Eleise,AM
2198,9058,2024-02-17 00:00:00,año nuevo,4.8,Manuel,AM
2199,9099,2024-02-17 00:00:00,la china,3.1,Roldan,AM
2200,9113,2024-02-17 00:00:00,mireya,3.8,Manuel,AM
2201,9116B,2024-02-17 00:00:00,chachita,2.7,Eleise,AM
2202,91171,2024-02-17 00:00:00,caramelo,4.1,Manuel,AM
2203,91172,2024-02-17 00:00:00,carmeluisa,2.7,Manuel,AM
2204,91242,2024-02-17 00:00:00,caroreña,2.9,Roldan,AM
2205,9125,2024-02-17 00:00:00,golondrina,5.6,Carlos,AM
2206,91262,2024-02-17 00:00:00,olivia,3.8,Roldan,AM
2207,9389,2024-02-17 00:00:00,zamura,3.9,Carlos,AM
2208,EMB 2,2024-02-17 00:00:00,josefa,3.9,Manuel,AM
2209,SNA,2024-02-17 00:00:00,cacho zurdo,7.2,Carlos,AM
2210,0018,2024-02-17 00:00:00,cacho solo,3.5,Carlos,PM
2211,0132,2024-02-17 00:00:00,carbon,4.1,Eleise,PM
2212,0201,2024-02-17 00:00:00,patrona,3.0,Carlos,PM
2213,0202,2024-02-17 00:00:00,berta,2.4,Manuel,PM
2214,0229,2024-02-17 00:00:00,navidad,4.6,Eleise,PM
2215,0231A,2024-02-17 00:00:00,paola,3.2,Carlos,PM
2216,0272,2024-02-17 00:00:00,la guara,3.1,Carlos,PM
2217,0298A,2024-02-17 00:00:00,almendron,4.2,Carlos,PM
2218,0333,2024-02-17 00:00:00,(en blanco),3.2,Manuel,PM
2219,0740,2024-02-17 00:00:00,gisela,2.5,Roldan,PM
2220,2021,2024-02-17 00:00:00,rabo podrido,2.5,Roldan,PM
2221,20334,2024-02-17 00:00:00,media luna,1.8,Manuel,PM
2222,2063A,2024-02-17 00:00:00,cacho e gusano,3.9,Manuel,PM
2223,2094A,2024-02-17 00:00:00,venaita,4.0,Eleise,PM
2224,2096,2024-02-17 00:00:00,gaviota,5.3,Carlos,PM
2225,2130,2024-02-17 00:00:00,veratris,2.5,Manuel,PM
2226,2148A,2024-02-17 00:00:00,cara negra,2.8,Carlos,PM
2227,2171,2024-02-17 00:00:00,mis amores,6.2,Manuel,PM
2228,2208A,2024-02-17 00:00:00,manzanare i,3.0,Carlos,PM
2229,2209A,2024-02-17 00:00:00,lunita,6.7,Carlos,PM
2230,2220,2024-02-17 00:00:00,blanquita,3.2,Manuel,PM
2231,2226,2024-02-17 00:00:00,san cristobal,4.2,Eleise,PM
2232,3021A,2024-02-17 00:00:00,luna llena,4.5,Carlos,PM
2233,3024A,2024-02-17 00:00:00,sin nombre,4.0,Eleise,PM
2234,3043,2024-02-17 00:00:00,punto fijo,2.8,Eleise,PM
2235,3132,2024-02-17 00:00:00,canelita 2,3.4,Roldan,PM
2236,32,2024-02-17 00:00:00,karina,3.1,Roldan,PM
2237,4043,2024-02-17 00:00:00,Jacinta,3.4,Roldan,PM
2238,4087,2024-02-17 00:00:00,negra fina,3.3,Manuel,PM
2239,4095,2024-02-17 00:00:00,cara sucia,2.5,Manuel,PM
2240,4A,2024-02-17 00:00:00,mantequilla,1.7,Eleise,PM
2241,5013,2024-02-17 00:00:00,coliflor,4.1,Manuel,PM
2242,6035,2024-02-17 00:00:00,mikaela,3.1,Roldan,PM
2243,6043,2024-02-17 00:00:00,rosita,4.6,Carlos,PM
2244,6067,2024-02-17 00:00:00,mariposa,6.0,Eleise,PM
2245,7007,2024-02-17 00:00:00,puerto rico,2.5,Manuel,PM
2246,7022,2024-02-17 00:00:00,hato grande,4.3,Roldan,PM
2247,7028,2024-02-17 00:00:00,cigarrona,1.9,Carlos,PM
2248,7061,2024-02-17 00:00:00,sofia,3.8,Eleise,PM
2249,7083,2024-02-17 00:00:00,margarita,4.7,Carlos,PM
2250,8036,2024-02-17 00:00:00,negrita,4.5,Eleise,PM
2251,8046,2024-02-17 00:00:00,princesa,3.4,Roldan,PM
2252,8062,2024-02-17 00:00:00,cara de queso,4.3,Carlos,PM
2253,8076,2024-02-17 00:00:00,yorgelis,4.0,Eleise,PM
2254,8096,2024-02-17 00:00:00,petroleo,4.4,Carlos,PM
2255,9007,2024-02-17 00:00:00,susana,2.7,Eleise,PM
2256,9036,2024-02-17 00:00:00,abuela,2.2,Manuel,PM
2257,9058,2024-02-17 00:00:00,año nuevo,4.1,Eleise,PM
2258,9099,2024-02-17 00:00:00,la china,2.9,Carlos,PM
2259,9113,2024-02-17 00:00:00,mireya,3.2,Manuel,PM
2260,9116B,2024-02-17 00:00:00,chachita,1.9,Roldan,PM
2261,91242,2024-02-17 00:00:00,caroreña,4.9,Eleise,PM
2262,9125,2024-02-17 00:00:00,golondrina,4.0,Roldan,PM
2263,91262,2024-02-17 00:00:00,olivia,4.7,Carlos,PM
2264,9389,2024-02-17 00:00:00,zamura,2.9,Manuel,PM
2265,EMB 2,2024-02-17 00:00:00,josefa,3.1,Manuel,PM
2266,SNA,2024-02-17 00:00:00,cacho zurdo,4.9,Roldan,PM
2267,0220,2024-03-02 00:00:00,rusa,2.4,Manuel,AM
2268,8037,2024-03-02 00:00:00,amapola,2.4,Manuel,AM
2269,9036,2024-03-02 00:00:00,abuela,2.4,tapiquen,AM
2270,2037,2024-03-02 00:00:00,paturra,2.5,Manuel,AM
2271,3084,2024-03-02 00:00:00,tigra,2.5,Manuel,AM
2272,4035,2024-03-02 00:00:00,blanca flor,2.5,tapiquen,AM
2273,0343,2024-03-02 00:00:00,dodge,2.6,Manuel,AM
2274,9116B,2024-03-02 00:00:00,chachita,2.8,Carlos,AM
2275,5150,2024-03-02 00:00:00,carevieja,2.9,Manuel,AM
2276,7038,2024-03-02 00:00:00,anita,3.0,Ronald,AM
2277,8086,2024-03-02 00:00:00,peresosa,3.0,Manuel,AM
2278,9073,2024-03-02 00:00:00,cocoemono,3.0,Manuel,AM
2279,1078A,2024-03-02 00:00:00,panorama,3.1,tapiquen,AM
2280,1112A,2024-03-02 00:00:00,topa,3.1,Ronald,AM
2281,4072,2024-03-02 00:00:00,andrea,3.2,Ronald,AM
2282,20334,2024-03-02 00:00:00,media luna,3.2,Manuel,AM
2283,5079,2024-03-02 00:00:00,noche oscura,3.3,Carlos,AM
2284,2094A,2024-03-02 00:00:00,venaita,3.3,tapiquen,AM
2285,0202,2024-03-02 00:00:00,berta,3.4,Carlos,AM
2286,0329,2024-03-02 00:00:00,mapanare,3.4,Carlos,AM
2287,1015,2024-03-02 00:00:00,la chinga,3.4,Carlos,AM
2288,2220,2024-03-02 00:00:00,blanquita,3.4,Manuel,AM
2289,4101,2024-03-02 00:00:00,reina mora,3.4,Ronald,AM
2290,9113,2024-03-02 00:00:00,mireya,3.4,tapiquen,AM
2291,0231A,2024-03-02 00:00:00,paola,3.4,Ronald,AM
2292,34,2024-03-02 00:00:00,esperanza,3.5,Manuel,AM
2293,0740,2024-03-02 00:00:00,gisela,3.5,Ronald,AM
2294,2234,2024-03-02 00:00:00,taparita,3.5,Manuel,AM
2295,8048,2024-03-02 00:00:00,safira,3.5,tapiquen,AM
2296,3028A,2024-03-02 00:00:00,lucerito,3.5,tapiquen,AM
2297,0322,2024-03-02 00:00:00,manto negro,3.6,tapiquen,AM
2298,0201,2024-03-02 00:00:00,patrona,3.7,Manuel,AM
2299,4043,2024-03-02 00:00:00,Jacinta,3.7,Carlos,AM
2300,5013,2024-03-02 00:00:00,coliflor,3.7,Carlos,AM
2301,6010,2024-03-02 00:00:00,tembladora,3.7,tapiquen,AM
2302,9389,2024-03-02 00:00:00,zamura,3.7,tapiquen,AM
2303,2148A,2024-03-02 00:00:00,cara negra,3.7,Ronald,AM
2304,4A,2024-03-02 00:00:00,mantequilla,3.7,Manuel,AM
2305,0018,2024-03-02 00:00:00,cacho solo,3.8,Ronald,AM
2306,5679,2024-03-02 00:00:00,redonda,3.8,tapiquen,AM
2307,8061,2024-03-02 00:00:00,abrana,3.8,Ronald,AM
2308,7076,2024-03-02 00:00:00,uvita,3.9,tapiquen,AM
2309,8050,2024-03-02 00:00:00,rosa blanca,3.9,Manuel,AM
2310,2208A,2024-03-02 00:00:00,manzanare i,3.9,Carlos,AM
2311,32,2024-03-02 00:00:00,karina,4.0,Ronald,AM
2312,0278,2024-03-02 00:00:00,zulimar,4.0,tapiquen,AM
2313,8087,2024-03-02 00:00:00,dalmata,4.0,Manuel,AM
2314,9007,2024-03-02 00:00:00,susana,4.0,Carlos,AM
2315,4018,2024-03-02 00:00:00,bocanegra,4.1,Ronald,AM
2316,5030,2024-03-02 00:00:00,marisol,4.1,Carlos,AM
2317,5060,2024-03-02 00:00:00,rebelde,4.1,Manuel,AM
2318,7061,2024-03-02 00:00:00,sofia,4.1,Carlos,AM
2319,9058,2024-03-02 00:00:00,año nuevo,4.1,Ronald,AM
2320,0272,2024-03-02 00:00:00,la guara,4.2,Manuel,AM
2321,2226,2024-03-02 00:00:00,san cristobal,4.2,Manuel,AM
2322,4075,2024-03-02 00:00:00,rosalia,4.2,Manuel,AM
2323,1066A,2024-03-02 00:00:00,biscocho,4.2,Manuel,AM
2324,4087,2024-03-02 00:00:00,negra fina,4.3,tapiquen,AM
2325,6035,2024-03-02 00:00:00,mikaela,4.3,Manuel,AM
2326,7022,2024-03-02 00:00:00,hato grande,4.3,Ronald,AM
2327,91171,2024-03-02 00:00:00,caramelo,4.3,Carlos,AM
2328,0338,2024-03-02 00:00:00,domitila,4.4,Ronald,AM
2329,7087,2024-03-02 00:00:00,mandarina,4.4,Manuel,AM
2330,8076,2024-03-02 00:00:00,yorgelis,4.4,Ronald,AM
2331,9099,2024-03-02 00:00:00,la china,4.4,tapiquen,AM
2332,EMB 2,2024-03-02 00:00:00,josefa,4.4,Manuel,AM
2333,3043,2024-03-02 00:00:00,punto fijo,4.5,Ronald,AM
2334,5010,2024-03-02 00:00:00,saco de hueso,4.5,Manuel,AM
2335,8043,2024-03-02 00:00:00,,4.5,Carlos,AM
2336,8062,2024-03-02 00:00:00,cara de queso,4.5,Manuel,AM
2337,9076,2024-03-02 00:00:00,bonita,4.5,Carlos,AM
2338,3003A,2024-03-02 00:00:00,blanca nieves,4.5,Ronald,AM
2339,2021,2024-03-02 00:00:00,rabo podrido,4.6,tapiquen,AM
2340,2083,2024-03-02 00:00:00,tesoro,4.6,Carlos,AM
2341,8096,2024-03-02 00:00:00,petroleo,4.6,Carlos,AM
2342,8033,2024-03-02 00:00:00,guariqueña,4.7,tapiquen,AM
2343,91262,2024-03-02 00:00:00,olivia,4.7,Ronald,AM
2344,2124A,2024-03-02 00:00:00,luisa,4.7,Carlos,AM
2345,3024A,2024-03-02 00:00:00,sin nombre,4.7,tapiquen,AM
2346,0323,2024-03-02 00:00:00,olga lucia,4.8,Manuel,AM
2347,5033,2024-03-02 00:00:00,nieve,4.8,Carlos,AM
2348,6043,2024-03-02 00:00:00,rosita,4.8,tapiquen,AM
2349,8045,2024-03-02 00:00:00,frescolita,4.8,Manuel,AM
2350,8046,2024-03-02 00:00:00,princesa,4.8,Carlos,AM
2351,2063A,2024-03-02 00:00:00,cacho e gusano,4.8,tapiquen,AM
2352,3066B,2024-03-02 00:00:00,la mocha,4.9,Manuel,AM
2353,0229,2024-03-02 00:00:00,navidad,5.0,tapiquen,AM
2354,2130,2024-03-02 00:00:00,veratris,5.0,Ronald,AM
2355,2219,2024-03-02 00:00:00,paraulata,5.0,tapiquen,AM
2356,4151,2024-03-02 00:00:00,la que amarro,5.0,Manuel,AM
2357,7033,2024-03-02 00:00:00,mina de oro,5.0,Ronald,AM
2358,8036,2024-03-02 00:00:00,negrita,5.0,Ronald,AM
2359,3132,2024-03-02 00:00:00,canelita 2,5.1,Manuel,AM
2360,4079,2024-03-02 00:00:00,maniña,5.1,Manuel,AM
2361,31102,2024-03-02 00:00:00,catira,5.1,Ronald,AM
2362,3021A,2024-03-02 00:00:00,luna llena,5.1,Carlos,AM
2363,5007,2024-03-02 00:00:00,maravilla,5.2,Ronald,AM
2364,7032,2024-03-02 00:00:00,tamañua,5.2,tapiquen,AM
2365,2090A,2024-03-02 00:00:00,guacharaca,5.2,tapiquen,AM
2366,2149A,2024-03-02 00:00:00,camukenga,5.2,tapiquen,AM
2367,9020,2024-03-02 00:00:00,Pato real,5.3,Carlos,AM
2368,9125,2024-03-02 00:00:00,golondrina,5.3,tapiquen,AM
2369,0298A,2024-03-02 00:00:00,almendron,5.3,Carlos,AM
2370,0132,2024-03-02 00:00:00,carbon,5.4,Carlos,AM
2371,4095,2024-03-02 00:00:00,cara sucia,5.4,Manuel,AM
2372,6067,2024-03-02 00:00:00,mariposa,5.4,Carlos,AM
2373,91242,2024-03-02 00:00:00,caroreña,5.4,tapiquen,AM
2374,0333,2024-03-02 00:00:00,veronica,5.5,Manuel,AM
2375,1139A,2024-03-02 00:00:00,motica,5.6,Carlos,AM
2376,0249,2024-03-02 00:00:00,lula,5.7,Ronald,AM
2377,2096,2024-03-02 00:00:00,gaviota,5.7,Manuel,AM
2378,2143,2024-03-02 00:00:00,catrina,5.9,tapiquen,AM
2379,7083,2024-03-02 00:00:00,margarita,5.9,Ronald,AM
2380,SNA,2024-03-02 00:00:00,cacho zurdo,6.1,Carlos,AM
2381,0111,2024-03-02 00:00:00,yirbeli,6.3,Manuel,AM
2382,2171,2024-03-02 00:00:00,mis amores,6.3,tapiquen,AM
2383,4025,2024-03-02 00:00:00,luna clara,6.3,tapiquen,AM
2384,3119,2024-03-02 00:00:00,campesina,6.4,tapiquen,AM
2385,2196A,2024-03-02 00:00:00,peluche,6.5,Carlos,AM
2386,1095A,2024-03-02 00:00:00,marucha1,6.6,Carlos,AM
2387,2133A,2024-03-02 00:00:00,paso doble,6.6,Carlos,AM
2388,0259,2024-03-02 00:00:00,zambita,6.9,tapiquen,AM
2389,2209A,2024-03-02 00:00:00,lunita,7.5,tapiquen,AM
2390,7007,2024-03-02 00:00:00,puerto rico,8.3,tapiquen,AM
2391,0018,2024-03-02 00:00:00,cacho solo,2.8,tapiquen,PM
2392,32,2024-03-02 00:00:00,karina,2.6,Ronald,PM
2393,34,2024-03-02 00:00:00,esperanza,2.6,Manuel,PM
2394,0132,2024-03-02 00:00:00,carbon,3.8,Carlos,PM
2395,0201,2024-03-02 00:00:00,patrona,2.9,tapiquen,PM
2396,0202,2024-03-02 00:00:00,berta,2.6,Manuel,PM
2397,0220,2024-03-02 00:00:00,,1.9,tapiquen,PM
2398,0229,2024-03-02 00:00:00,navidad,3.3,tapiquen,PM
2399,0272,2024-03-02 00:00:00,la guara,3.4,tapiquen,PM
2400,0323,2024-03-02 00:00:00,olga lucia,2.7,Ronald,PM
2401,0333,2024-03-02 00:00:00,veronica,3.5,tapiquen,PM
2402,0338,2024-03-02 00:00:00,domitila,3.1,Manuel,PM
2403,0343,2024-03-02 00:00:00,dodge,1.6,Carlos,PM
2404,0740,2024-03-02 00:00:00,gisela,1.8,Manuel,PM
2405,2021,2024-03-02 00:00:00,rabo podrido,3.0,Ronald,PM
2406,2037,2024-03-02 00:00:00,paturra,1.8,Carlos,PM
2407,2096,2024-03-02 00:00:00,gaviota,4.2,Carlos,PM
2408,2130,2024-03-02 00:00:00,veratris,3.3,tapiquen,PM
2409,2171,2024-03-02 00:00:00,mis amores,4.8,Manuel,PM
2410,2226,2024-03-02 00:00:00,san cristobal,3.0,Ronald,PM
2411,3043,2024-03-02 00:00:00,punto fijo,3.9,Manuel,PM
2412,3132,2024-03-02 00:00:00,canelita 2,2.4,Ronald,PM
2413,4035,2024-03-02 00:00:00,blanca flor,3.6,Carlos,PM
2414,4043,2024-03-02 00:00:00,Jacinta,2.5,Manuel,PM
2415,4087,2024-03-02 00:00:00,negra fina,2.6,tapiquen,PM
2416,4095,2024-03-02 00:00:00,cara sucia,4.7,Manuel,PM
2417,5007,2024-03-02 00:00:00,maravilla,1.8,Carlos,PM
2418,5030,2024-03-02 00:00:00,marisol,4.6,Manuel,PM
2419,5150,2024-03-02 00:00:00,carevieja,1.5,Manuel,PM
2420,6035,2024-03-02 00:00:00,mikaela,2.9,Ronald,PM
2421,6043,2024-03-02 00:00:00,rosita,3.5,tapiquen,PM
2422,6067,2024-03-02 00:00:00,mariposa,3.8,Carlos,PM
2423,7007,2024-03-02 00:00:00,puerto rico,2.0,Carlos,PM
2424,7022,2024-03-02 00:00:00,hato grande,5.7,Manuel,PM
2425,7061,2024-03-02 00:00:00,sofia,2.7,Manuel,PM
2426,7083,2024-03-02 00:00:00,margarita,1.8,Carlos,PM
2427,8036,2024-03-02 00:00:00,negrita,4.6,Ronald,PM
2428,8046,2024-03-02 00:00:00,princesa,4.6,tapiquen,PM
2429,8062,2024-03-02 00:00:00,cara de queso,2.1,Carlos,PM
2430,8076,2024-03-02 00:00:00,yorgelis,3.9,Manuel,PM
2431,8096,2024-03-02 00:00:00,petroleo,3.7,tapiquen,PM
2432,9007,2024-03-02 00:00:00,susana,3.6,Manuel,PM
2433,9036,2024-03-02 00:00:00,abuela,2.0,Carlos,PM
2434,9058,2024-03-02 00:00:00,año nuevo,4.0,Manuel,PM
2435,9099,2024-03-02 00:00:00,la china,3.0,Ronald,PM
2436,9113,2024-03-02 00:00:00,mireya,1.8,Ronald,PM
2437,9125,2024-03-02 00:00:00,golondrina,3.8,tapiquen,PM
2438,9389,2024-03-02 00:00:00,zamura,2.5,Ronald,PM
2439,20334,2024-03-02 00:00:00,media luna,2.5,Carlos,PM
2440,91171,2024-03-02 00:00:00,caramelo,3.4,tapiquen,PM
2441,91172,2024-03-02 00:00:00,carmeluisa,1.5,Manuel,PM
2442,91242,2024-03-02 00:00:00,caroreña,2.8,Ronald,PM
2443,91262,2024-03-02 00:00:00,olivia,4.6,tapiquen,PM
2444,0231A,2024-03-02 00:00:00,paola,2.9,tapiquen,PM
2445,0298A,2024-03-02 00:00:00,almendron,3.7,Carlos,PM
2446,1066A,2024-03-02 00:00:00,biscocho,2.3,Ronald,PM
2447,2063A,2024-03-02 00:00:00,cacho e gusano,2.9,Manuel,PM
2448,2090A,2024-03-02 00:00:00,guacharaca,4.1,Ronald,PM
2449,2094A,2024-03-02 00:00:00,venaita,2.6,Ronald,PM
2450,2148A,2024-03-02 00:00:00,cara negra,2.2,Carlos,PM
2451,2208A,2024-03-02 00:00:00,manzanare i,3.4,Manuel,PM
2452,2209A,2024-03-02 00:00:00,lunita,6.2,Manuel,PM
2453,3021A,2024-03-02 00:00:00,luna llena,4.3,tapiquen,PM
2454,3024A,2024-03-02 00:00:00,sin nombre,3.4,Ronald,PM
2455,4A,2024-03-02 00:00:00,mantequilla,2.2,Ronald,PM
2456,9116B,2024-03-02 00:00:00,chachita,2.0,tapiquen,PM
2457,EMB 2,2024-03-02 00:00:00,josefa,2.8,Carlos,PM
2458,SNA,2024-03-02 00:00:00,cacho zurdo,4.8,tapiquen,PM
2459,8061,2024-03-17 00:00:00,abrana,2.7,Manuel,AM
2460,9036,2024-03-17 00:00:00,abuela,1.3,Carlos,AM
2461,0298A,2024-03-17 00:00:00,almendron,3.9,Ronald,AM
2462,8037,2024-03-17 00:00:00,amapola,1.2,Ronald,AM
2463,4072,2024-03-17 00:00:00,andrea,1.9,yunior,AM
2464,7038,2024-03-17 00:00:00,anita,1.5,Ronald,AM
2465,9058,2024-03-17 00:00:00,año nuevo,2.9,tapiquen,AM
2466,0202,2024-03-17 00:00:00,berta,1.8,Ronald,AM
2467,1066A,2024-03-17 00:00:00,biscocho,2.4,yunior,AM
2468,4035,2024-03-17 00:00:00,blanca flor,4.0,yunior,AM
2469,3003A,2024-03-17 00:00:00,blanca nieves,3.0,tapiquen,AM
2470,4018,2024-03-17 00:00:00,bocanegra,2.6,Manuel,AM
2471,9076,2024-03-17 00:00:00,bonita,3.9,Carlos,AM
2472,2063A,2024-03-17 00:00:00,cacho e gusano,2.8,yunior,AM
2473,0018,2024-03-17 00:00:00,cacho solo,2.3,Manuel,AM
2474,SNA,2024-03-17 00:00:00,cacho zurdo,3.3,tapiquen,AM
2475,3119,2024-03-17 00:00:00,campesina,3.7,Ronald,AM
2476,2149A,2024-03-17 00:00:00,camukenga,1.8,Carlos,AM
2477,0226,2024-03-17 00:00:00,candidita,2.6,Ronald,AM
2478,3132,2024-03-17 00:00:00,canelita 2,2.9,yunior,AM
2479,8062,2024-03-17 00:00:00,cara de queso,3.2,Manuel,AM
2480,2148A,2024-03-17 00:00:00,cara negra,2.5,Carlos,AM
2481,4095,2024-03-17 00:00:00,cara sucia,3.6,tapiquen,AM
2482,91171,2024-03-17 00:00:00,caramelo,3.4,tapiquen,AM
2483,0132,2024-03-17 00:00:00,carbon,3.7,Carlos,AM
2484,5150,2024-03-17 00:00:00,carevieja,4.2,Manuel,AM
2485,91172,2024-03-17 00:00:00,carmeluisa,2.2,Manuel,AM
2486,91242,2024-03-17 00:00:00,caroreña,2.5,Ronald,AM
2487,31102,2024-03-17 00:00:00,catira,4.0,yunior,AM
2488,9116B,2024-03-17 00:00:00,chachita,1.9,Manuel,AM
2489,9073,2024-03-17 00:00:00,cocoemono,2.9,Manuel,AM
2490,9042,2024-03-17 00:00:00,cua cua,1.5,Ronald,AM
2491,0329,2024-03-17 00:00:00,culebra,1.3,Ronald,AM
2492,8087,2024-03-17 00:00:00,dalmata,1.3,yunior,AM
2493,0338,2024-03-17 00:00:00,domitila,2.6,Ronald,AM
2494,8045,2024-03-17 00:00:00,frescolita,2.3,Manuel,AM
2495,2096,2024-03-17 00:00:00,gaviota,2.7,Ronald,AM
2496,0740,2024-03-17 00:00:00,gisela,2.4,Ronald,AM
2497,9125,2024-03-17 00:00:00,golondrina,3.2,tapiquen,AM
2498,2090A,2024-03-17 00:00:00,guacharaca,2.9,Carlos,AM
2499,8033,2024-03-17 00:00:00,guariqueña,2.7,tapiquen,AM
2500,7022,2024-03-17 00:00:00,hato grande,3.3,Ronald,AM
2501,EMB 2,2024-03-17 00:00:00,josefa,3.0,tapiquen,AM
2502,32,2024-03-17 00:00:00,karina,2.7,Manuel,AM
2503,9099,2024-03-17 00:00:00,la china,2.9,tapiquen,AM
2504,1015,2024-03-17 00:00:00,la chinga,2.0,yunior,AM
2505,0272,2024-03-17 00:00:00,la guara,2.6,Ronald,AM
2506,3066B,2024-03-17 00:00:00,la mocha,3.5,tapiquen,AM
2507,4151,2024-03-17 00:00:00,la que amarro,1.7,yunior,AM
2508,19,2024-03-17 00:00:00,lagartija,2.0,Ronald,AM
2509,3028A,2024-03-17 00:00:00,lucerito,2.0,Manuel,AM
2510,2124A,2024-03-17 00:00:00,luisa,1.6,tapiquen,AM
2511,0249,2024-03-17 00:00:00,lula,4.7,Manuel,AM
2512,4025,2024-03-17 00:00:00,luna clara,4.0,tapiquen,AM
2513,3021A,2024-03-17 00:00:00,luna llena,2.1,yunior,AM
2514,2209A,2024-03-17 00:00:00,lunita,4.6,Carlos,AM
2515,7087,2024-03-17 00:00:00,mandarina,2.5,yunior,AM
2516,4079,2024-03-17 00:00:00,maniña,2.6,Carlos,AM
2517,4A,2024-03-17 00:00:00,mantequilla,2.2,Carlos,AM
2518,0322,2024-03-17 00:00:00,manto negro,3.3,tapiquen,AM
2519,2208A,2024-03-17 00:00:00,manzanare i,2.5,Ronald,AM
2520,5007,2024-03-17 00:00:00,maravilla,3.9,yunior,AM
2521,7083,2024-03-17 00:00:00,margarita,4.3,yunior,AM
2522,6067,2024-03-17 00:00:00,mariposa,3.7,yunior,AM
2523,5030,2024-03-17 00:00:00,marisol,3.8,tapiquen,AM
2524,1095A,2024-03-17 00:00:00,marucha1,4.7,Manuel,AM
2525,20334,2024-03-17 00:00:00,media luna,3.3,yunior,AM
2526,6035,2024-03-17 00:00:00,mikaela,2.5,Ronald,AM
2527,7033,2024-03-17 00:00:00,mina de oro,2.4,Ronald,AM
2528,9113,2024-03-17 00:00:00,mireya,2.2,tapiquen,AM
2529,2171,2024-03-17 00:00:00,mis amores,5.0,Manuel,AM
2530,1139A,2024-03-17 00:00:00,motica,3.6,Carlos,AM
2531,0229,2024-03-17 00:00:00,navidad,4.2,tapiquen,AM
2532,4087,2024-03-17 00:00:00,negra fina,2.3,Manuel,AM
2533,8036,2024-03-17 00:00:00,negrita,4.2,tapiquen,AM
2534,5033,2024-03-17 00:00:00,nieve,2.7,yunior,AM
2535,5079,2024-03-17 00:00:00,noche oscura,2.1,Carlos,AM
2536,0323,2024-03-17 00:00:00,olga lucia,4.3,Carlos,AM
2537,91262,2024-03-17 00:00:00,olivia,3.6,Ronald,AM
2538,1078A,2024-03-17 00:00:00,panorama,2.4,yunior,AM
2539,0231A,2024-03-17 00:00:00,paola,3.3,tapiquen,AM
2540,2219,2024-03-17 00:00:00,paraulata,2.3,Manuel,AM
2541,2133A,2024-03-17 00:00:00,paso doble,3.7,Ronald,AM
2542,9020,2024-03-17 00:00:00,Pato real,3.8,Carlos,AM
2543,0201,2024-03-17 00:00:00,patrona,3.4,Carlos,AM
2544,2037,2024-03-17 00:00:00,paturra,1.8,Carlos,AM
2545,2196A,2024-03-17 00:00:00,peluche,3.7,Carlos,AM
2546,8086,2024-03-17 00:00:00,peresosa,2.1,Carlos,AM
2547,8096,2024-03-17 00:00:00,petroleo,3.2,yunior,AM
2548,8046,2024-03-17 00:00:00,princesa,4.2,Manuel,AM
2549,7007,2024-03-17 00:00:00,puerto rico,2.4,Manuel,AM
2550,3043,2024-03-17 00:00:00,punto fijo,2.8,yunior,AM
2551,2021,2024-03-17 00:00:00,rabo podrido,3.3,yunior,AM
2552,5060,2024-03-17 00:00:00,rebelde,2.8,Carlos,AM
2553,5679,2024-03-17 00:00:00,redonda,1.6,Ronald,AM
2554,4101,2024-03-17 00:00:00,reina mora,1.8,Ronald,AM
2555,8050,2024-03-17 00:00:00,rosa blanca,2.3,tapiquen,AM
2556,4075,2024-03-17 00:00:00,rosalia,2.6,Ronald,AM
2557,6043,2024-03-17 00:00:00,rosita,3.5,Manuel,AM
2558,0220,2024-03-17 00:00:00,rusa,1.8,Carlos,AM
2559,5010,2024-03-17 00:00:00,saco de hueso,2.6,Manuel,AM
2560,8048,2024-03-17 00:00:00,safira,3.2,tapiquen,AM
2561,0259,2024-03-17 00:00:00,sambita,5.3,Manuel,AM
2562,2226,2024-03-17 00:00:00,san cristobal,2.5,yunior,AM
2563,3024A,2024-03-17 00:00:00,sin nombre,1.0,Carlos,AM
2564,7061,2024-03-17 00:00:00,sofia,2.8,Manuel,AM
2565,0278,2024-03-17 00:00:00,sulimar,3.1,tapiquen,AM
2566,9007,2024-03-17 00:00:00,susana,3.5,yunior,AM
2567,7032,2024-03-17 00:00:00,tamañua,2.6,tapiquen,AM
2568,2234,2024-03-17 00:00:00,taparita,2.0,yunior,AM
2569,6010,2024-03-17 00:00:00,tembladora,1.2,Ronald,AM
2570,2083,2024-03-17 00:00:00,tesoro,2.7,Carlos,AM
2571,7076,2024-03-17 00:00:00,uvita,1.8,Carlos,AM
2572,2094A,2024-03-17 00:00:00,venaita,2.7,Carlos,AM
2573,2130,2024-03-17 00:00:00,veratris,3.6,Ronald,AM
2574,0333,2024-03-17 00:00:00,veronica,2.4,Carlos,AM
2575,0111,2024-03-17 00:00:00,yirbeli,2.5,Manuel,AM
2576,8076,2024-03-17 00:00:00,yorgelis,3.1,yunior,AM
2577,9389,2024-03-17 00:00:00,zamura,2.2,Manuel,AM
2578,0206A,2024-03-17 00:00:00,camasita,2.1,Manuel,AM
2579,1004,2024-03-17 00:00:00,,3.6,Ronald,AM
2580,0298A,2024-03-17 00:00:00,almendron,2.8,Manuel,PM
2581,9058,2024-03-17 00:00:00,año nuevo,2.7,tapiquen,PM
2582,0202,2024-03-17 00:00:00,berta,2.0,Ronald,PM
2583,1066A,2024-03-17 00:00:00,biscocho,2.4,Carlos,PM
2584,4035,2024-03-17 00:00:00,blanca flor,3.1,tapiquen,PM
2585,9076,2024-03-17 00:00:00,bonita,3.2,Carlos,PM
2586,2063A,2024-03-17 00:00:00,cacho e gusano,2.5,Manuel,PM
2587,0018,2024-03-17 00:00:00,cacho solo,2.3,Carlos,PM
2588,SNA,2024-03-17 00:00:00,cacho zurdo,3.5,tapiquen,PM
2589,0226,2024-03-17 00:00:00,candidita,2.2,yunior,PM
2590,3132,2024-03-17 00:00:00,canelita 2,2.6,yunior,PM
2591,8062,2024-03-17 00:00:00,cara de queso,2.4,Ronald,PM
2592,2148A,2024-03-17 00:00:00,cara negra,2.1,Carlos,PM
2593,4095,2024-03-17 00:00:00,cara sucia,3.7,yunior,PM
2594,91171,2024-03-17 00:00:00,caramelo,3.0,tapiquen,PM
2595,0132,2024-03-17 00:00:00,carbon,3.3,Carlos,PM
2596,91242,2024-03-17 00:00:00,caroreña,2.6,Ronald,PM
2597,9073,2024-03-17 00:00:00,cocoemono,2.5,tapiquen,PM
2598,0338,2024-03-17 00:00:00,domitila,2.6,yunior,PM
2599,2096,2024-03-17 00:00:00,gaviota,3.4,Manuel,PM
2600,0740,2024-03-17 00:00:00,gisela,2.7,yunior,PM
2601,9125,2024-03-17 00:00:00,golondrina,3.0,Ronald,PM
2602,2090A,2024-03-17 00:00:00,guacharaca,3.6,Manuel,PM
2603,7022,2024-03-17 00:00:00,hato grande,3.0,Ronald,PM
2604,EMB 2,2024-03-17 00:00:00,josefa,2.2,tapiquen,PM
2605,32,2024-03-17 00:00:00,karina,2.2,Ronald,PM
2606,9099,2024-03-17 00:00:00,la china,3.3,Manuel,PM
2607,0272,2024-03-17 00:00:00,la guara,2.8,Carlos,PM
2608,0249,2024-03-17 00:00:00,lula,2.9,Manuel,PM
2609,3021A,2024-03-17 00:00:00,luna llena,1.7,Manuel,PM
2610,2209A,2024-03-17 00:00:00,lunita,4.0,yunior,PM
2611,4A,2024-03-17 00:00:00,mantequilla,1.6,tapiquen,PM
2612,0322,2024-03-17 00:00:00,manto negro,2.7,tapiquen,PM
2613,2208A,2024-03-17 00:00:00,manzanare i,2.3,Ronald,PM
2614,7083,2024-03-17 00:00:00,margarita,3.5,Carlos,PM
2615,6067,2024-03-17 00:00:00,mariposa,1.8,tapiquen,PM
2616,5030,2024-03-17 00:00:00,marisol,3.4,yunior,PM
2617,1095A,2024-03-17 00:00:00,marucha1,4.5,Manuel,PM
2618,20334,2024-03-17 00:00:00,media luna,2.9,yunior,PM
2619,6035,2024-03-17 00:00:00,mikaela,2.2,Manuel,PM
2620,9113,2024-03-17 00:00:00,mireya,1.6,Ronald,PM
2621,2171,2024-03-17 00:00:00,mis amores,4.1,Manuel,PM
2622,0229,2024-03-17 00:00:00,navidad,1.9,Manuel,PM
2623,4087,2024-03-17 00:00:00,negra fina,2.2,yunior,PM
2624,8036,2024-03-17 00:00:00,negrita,2.8,Manuel,PM
2625,0323,2024-03-17 00:00:00,olga lucia,3.0,tapiquen,PM
2626,91262,2024-03-17 00:00:00,olivia,3.6,yunior,PM
2627,0231A,2024-03-17 00:00:00,paola,1.8,Ronald,PM
2628,0201,2024-03-17 00:00:00,patrona,3.8,yunior,PM
2629,2037,2024-03-17 00:00:00,paturra,1.6,Carlos,PM
2630,8096,2024-03-17 00:00:00,petroleo,2.9,Carlos,PM
2631,8046,2024-03-17 00:00:00,princesa,3.1,yunior,PM
2632,3043,2024-03-17 00:00:00,punto fijo,2.7,Manuel,PM
2633,2021,2024-03-17 00:00:00,rabo podrido,2.5,yunior,PM
2634,6043,2024-03-17 00:00:00,rosita,2.7,Carlos,PM
2635,0220,2024-03-17 00:00:00,rusa,1.3,Ronald,PM
2636,0259,2024-03-17 00:00:00,sambita,4.2,Carlos,PM
2637,2226,2024-03-17 00:00:00,san cristobal,2.7,tapiquen,PM
2638,3024A,2024-03-17 00:00:00,sin nombre,4.8,Manuel,PM
2639,7061,2024-03-17 00:00:00,sofia,2.5,tapiquen,PM
2640,0278,2024-03-17 00:00:00,sulimar,3.3,Manuel,PM
2641,9007,2024-03-17 00:00:00,susana,2.3,Ronald,PM
2642,2094A,2024-03-17 00:00:00,venaita,3.0,Ronald,PM
2643,2130,2024-03-17 00:00:00,veratris,3.0,yunior,PM
2644,0333,2024-03-17 00:00:00,veronica,2.2,Carlos,PM
2645,0111,2024-03-17 00:00:00,yirbeli,3.1,Ronald,PM
2646,8076,2024-03-17 00:00:00,yorgelis,1.9,tapiquen,PM
2647,0107,2024-03-17 00:00:00,doble cero,1.6,yunior,PM
2648,0206A,2024-03-17 00:00:00,camasita,1.6,Ronald,PM
2649,8061,2024-03-30 00:00:00,abrana,2.9,Tapiquen,AM
2650,0298A,2024-03-30 00:00:00,almendron,3.9,Carlos,AM
2651,8037,2024-03-30 00:00:00,amapola,3.2,Tapiquen,AM
2652,9058,2024-03-30 00:00:00,año nuevo,3.4,Manuel,AM
2653,0202,2024-03-30 00:00:00,berta,1.8,Tapiquen,AM
2654,1066A,2024-03-30 00:00:00,biscocho,2.5,Carlos,AM
2655,4035,2024-03-30 00:00:00,blanca flor,4.2,Tapiquen,AM
2656,2220,2024-03-30 00:00:00,blanquita,2.2,Ronald,AM
2657,4018,2024-03-30 00:00:00,bocanegra,2.6,Carlos,AM
2658,9076,2024-03-30 00:00:00,bonita,4.0,Carlos,AM
2659,2063A,2024-03-30 00:00:00,cacho e gusano,2.5,Tapiquen,AM
2660,0018,2024-03-30 00:00:00,cacho solo,2.7,Ronald,AM
2661,SNA,2024-03-30 00:00:00,cacho zurdo,3.2,Tapiquen,AM
2662,0206A,2024-03-30 00:00:00,camasita,2.0,Ronald,AM
2663,3119,2024-03-30 00:00:00,campesina,2.3,Tapiquen,AM
2664,0226,2024-03-30 00:00:00,candidita,4.6,Manuel,AM
2665,3132,2024-03-30 00:00:00,canelita 2,2.3,Ronald,AM
2666,8062,2024-03-30 00:00:00,cara de queso,2.7,Carlos,AM
2667,2148A,2024-03-30 00:00:00,cara negra,2.5,Ronald,AM
2668,4095,2024-03-30 00:00:00,cara sucia,4.1,Ronald,AM
2669,91171,2024-03-30 00:00:00,caramelo,2.4,Ronald,AM
2670,0132,2024-03-30 00:00:00,carbon,3.7,Carlos,AM
2671,5150,2024-03-30 00:00:00,carevieja,3.4,Tapiquen,AM
2672,91172,2024-03-30 00:00:00,carmeluisa,2.1,Manuel,AM
2673,91242,2024-03-30 00:00:00,caroreña,3.8,Tapiquen,AM
2674,31102,2024-03-30 00:00:00,catira,4.1,Tapiquen,AM
2675,9073,2024-03-30 00:00:00,cocoemono,3.3,Ronald,AM
2676,9042,2024-03-30 00:00:00,cuara_cua_cua,1.4,Tapiquen,AM
2677,0329,2024-03-30 00:00:00,culebra,3.5,Manuel,AM
2678,0338,2024-03-30 00:00:00,domitila,2.9,Manuel,AM
2679,34,2024-03-30 00:00:00,esperanza,4.3,Carlos,AM
2680,2096,2024-03-30 00:00:00,gaviota,3.1,Carlos,AM
2681,0740,2024-03-30 00:00:00,gisela,3.1,Manuel,AM
2682,9125,2024-03-30 00:00:00,golondrina,2.9,Tapiquen,AM
2683,2090A,2024-03-30 00:00:00,guacharaca,4.2,Carlos,AM
2684,8033,2024-03-30 00:00:00,guariqueña,2.1,Manuel,AM
2685,7022,2024-03-30 00:00:00,hato grande,5.3,Manuel,AM
2686,EMB 2,2024-03-30 00:00:00,josefa,3.4,Carlos,AM
2687,9099,2024-03-30 00:00:00,la china,3.4,Tapiquen,AM
2688,0272,2024-03-30 00:00:00,la guara,2.4,Ronald,AM
2689,3066B,2024-03-30 00:00:00,la mocha,3.1,Manuel,AM
2690,19,2024-03-30 00:00:00,lagartija,3.1,,AM
2691,0249,2024-03-30 00:00:00,lula,3.4,Carlos,AM
2692,4025,2024-03-30 00:00:00,luna clara,3.6,Ronald,AM
2693,3021A,2024-03-30 00:00:00,luna llena,3.4,Tapiquen,AM
2694,2209A,2024-03-30 00:00:00,lunita,4.9,Carlos,AM
2695,7087,2024-03-30 00:00:00,mandarina,3.0,Carlos,AM
2696,4079,2024-03-30 00:00:00,maniña,3.2,Carlos,AM
2697,4A,2024-03-30 00:00:00,mantequilla,2.6,Ronald,AM
2698,0322,2024-03-30 00:00:00,manto negro,2.4,Tapiquen,AM
2699,2208A,2024-03-30 00:00:00,manzanare i,3.3,Manuel,AM
2700,5007,2024-03-30 00:00:00,maravilla,2.7,Manuel,AM
2701,7083,2024-03-30 00:00:00,margarita,3.2,Carlos,AM
2702,6067,2024-03-30 00:00:00,mariposa,3.6,Tapiquen,AM
2703,5030,2024-03-30 00:00:00,marisol,3.5,Tapiquen,AM
2704,1095A,2024-03-30 00:00:00,marucha1,4.0,Ronald,AM
2705,20334,2024-03-30 00:00:00,media luna,3.0,Tapiquen,AM
2706,6035,2024-03-30 00:00:00,mikaela,2.7,Ronald,AM
2707,7033,2024-03-30 00:00:00,mina de oro,3.7,Tapiquen,AM
2708,9113,2024-03-30 00:00:00,mireya,3.1,Carlos,AM
2709,2171,2024-03-30 00:00:00,mis amores,4.7,Tapiquen,AM
2710,1139A,2024-03-30 00:00:00,motica,3.1,Manuel,AM
2711,0229,2024-03-30 00:00:00,navidad,3.5,Tapiquen,AM
2712,4087,2024-03-30 00:00:00,negra fina,3.0,Manuel,AM
2713,8036,2024-03-30 00:00:00,negrita,3.8,Carlos,AM
2714,5033,2024-03-30 00:00:00,nieve,3.2,Tapiquen,AM
2715,5079,2024-03-30 00:00:00,noche oscura,2.0,Ronald,AM
2716,0323,2024-03-30 00:00:00,olga lucia,3.6,Carlos,AM
2717,91262,2024-03-30 00:00:00,olivia,3.9,Manuel,AM
2718,1078A,2024-03-30 00:00:00,panorama,2.0,Carlos,AM
2719,0231A,2024-03-30 00:00:00,paola,2.4,Ronald,AM
2720,2219,2024-03-30 00:00:00,paraulata,1.8,Ronald,AM
2721,2133A,2024-03-30 00:00:00,paso doble,3.3,Ronald,AM
2722,9020,2024-03-30 00:00:00,Pato real,3.6,Carlos,AM
2723,0201,2024-03-30 00:00:00,patrona,2.6,Tapiquen,AM
2724,2037,2024-03-30 00:00:00,paturra,5.0,Carlos,AM
2725,2196A,2024-03-30 00:00:00,peluche,3.1,Carlos,AM
2726,8096,2024-03-30 00:00:00,petroleo,2.5,Ronald,AM
2727,8046,2024-03-30 00:00:00,princesa,3.6,Ronald,AM
2728,7007,2024-03-30 00:00:00,puerto rico,2.8,Manuel,AM
2729,3043,2024-03-30 00:00:00,punto fijo,4.0,Manuel,AM
2730,2021,2024-03-30 00:00:00,rabo podrido,2.5,Ronald,AM
2731,5679,2024-03-30 00:00:00,redonda,2.0,Tapiquen,AM
2732,4075,2024-03-30 00:00:00,rosalia,2.4,Manuel,AM
2733,6043,2024-03-30 00:00:00,rosita,3.0,Tapiquen,AM
2734,0220,2024-03-30 00:00:00,rusa,3.4,Manuel,AM
2735,5010,2024-03-30 00:00:00,saco de hueso,1.7,Ronald,AM
2736,8048,2024-03-30 00:00:00,safira,3.2,Tapiquen,AM
2737,0259,2024-03-30 00:00:00,sambita,5.5,Manuel,AM
2738,2226,2024-03-30 00:00:00,san cristobal,2.0,Tapiquen,AM
2739,3024A,2024-03-30 00:00:00,sin nombre,3.2,Manuel,AM
2740,7061,2024-03-30 00:00:00,sofia,3.2,Manuel,AM
2741,0278,2024-03-30 00:00:00,sulimar,2.8,Tapiquen,AM
2742,9007,2024-03-30 00:00:00,susana,3.2,Carlos,AM
2743,7032,2024-03-30 00:00:00,tamañua,2.9,Ronald,AM
2744,2083,2024-03-30 00:00:00,tesoro,2.7,Manuel,AM
2745,7077,2024-03-30 00:00:00,topita dos,3.6,Carlos,AM
2746,2094A,2024-03-30 00:00:00,venaita,3.1,Tapiquen,AM
2747,2130,2024-03-30 00:00:00,veratris,3.4,Ronald,AM
2748,0333,2024-03-30 00:00:00,veronica,3.5,Manuel,AM
2749,0111,2024-03-30 00:00:00,yirbeli,3.1,Carlos,AM
2750,8076,2024-03-30 00:00:00,yorgelis,3.3,Ronald,AM
2751,9389,2024-03-30 00:00:00,zamura,2.4,Carlos,AM
2752,0233,2024-03-30 00:00:00,,1.0,Tapiquen,AM
2753,0327,2024-03-30 00:00:00,,0.5,Alberto,AM
2754,1004,2024-03-30 00:00:00,cachito,4.4,Manuel,AM
2755,30212,2024-03-30 00:00:00,,3.4,Alberto,AM
2756,8094,2024-03-30 00:00:00,,1.3,Carlos,AM
2757,9006,2024-03-30 00:00:00,carolina,2.6,Tapiquen,AM
2758,9015,2024-03-30 00:00:00,diabla,4.5,Manuel,AM
2759,9016,2024-03-30 00:00:00,,1.6,Tapiquen,AM
2760,9037,2024-03-30 00:00:00,,1.9,Alberto,AM
2761,9053,2024-03-30 00:00:00,uña de gato,2.4,Carlos,AM
2762,0298A,2024-03-30 00:00:00,almendron,3.0,Carlos,PM
2763,8037,2024-03-30 00:00:00,amapola,3.0,Ronald,PM
2764,9058,2024-03-30 00:00:00,año nuevo,2.8,Carlos,PM
2765,0202,2024-03-30 00:00:00,berta,1.6,Ronald,PM
2766,1066A,2024-03-30 00:00:00,biscocho,2.6,Manuel,PM
2767,4035,2024-03-30 00:00:00,blanca flor,3.2,Tapiquen,PM
2768,9076,2024-03-30 00:00:00,bonita,3.5,Carlos,PM
2769,2063A,2024-03-30 00:00:00,cacho e gusano,2.3,Manuel,PM
2770,0018,2024-03-30 00:00:00,cacho solo,2.2,Manuel,PM
2771,SNA,2024-03-30 00:00:00,cacho zurdo,1.8,Tapiquen,PM
2772,0206A,2024-03-30 00:00:00,camasita,1.5,Manuel,PM
2773,0226,2024-03-30 00:00:00,candidita,2.5,Tapiquen,PM
2774,3132,2024-03-30 00:00:00,canelita 2,2.8,Carlos,PM
2775,8062,2024-03-30 00:00:00,cara de queso,2.9,Tapiquen,PM
2776,2148A,2024-03-30 00:00:00,cara negra,2.0,Ronald,PM
2777,4095,2024-03-30 00:00:00,cara sucia,3.1,Ronald,PM
2778,91171,2024-03-30 00:00:00,caramelo,2.6,Tapiquen,PM
2779,0132,2024-03-30 00:00:00,carbon,3.1,Carlos,PM
2780,91242,2024-03-30 00:00:00,caroreña,3.1,Tapiquen,PM
2781,9073,2024-03-30 00:00:00,cocoemono,3.3,Ronald,PM
2782,9042,2024-03-30 00:00:00,cuara_cua_cua,1.1,Ronald,PM
2783,0329,2024-03-30 00:00:00,culebra,3.1,Manuel,PM
2784,0338,2024-03-30 00:00:00,domitila,2.3,Ronald,PM
2785,34,2024-03-30 00:00:00,esperanza,2.5,Ronald,PM
2786,2096,2024-03-30 00:00:00,gaviota,2.4,Carlos,PM
2787,0740,2024-03-30 00:00:00,gisela,2.2,Ronald,PM
2788,9125,2024-03-30 00:00:00,golondrina,2.5,Tapiquen,PM
2789,2090A,2024-03-30 00:00:00,guacharaca,3.8,Manuel,PM
2790,7022,2024-03-30 00:00:00,hato grande,2.4,Ronald,PM
2791,EMB 2,2024-03-30 00:00:00,josefa,2.5,Manuel,PM
2792,9099,2024-03-30 00:00:00,la china,2.7,Ronald,PM
2793,0272,2024-03-30 00:00:00,la guara,2.5,Manuel,PM
2794,0249,2024-03-30 00:00:00,lula,2.1,Tapiquen,PM
2795,2209A,2024-03-30 00:00:00,lunita,3.6,Carlos,PM
2796,0322,2024-03-30 00:00:00,manto negro,2.1,Tapiquen,PM
2797,2208A,2024-03-30 00:00:00,manzanare i,2.3,Tapiquen,PM
2798,7083,2024-03-30 00:00:00,margarita,2.9,Carlos,PM
2799,6067,2024-03-30 00:00:00,mariposa,3.1,Manuel,PM
2800,5030,2024-03-30 00:00:00,marisol,2.5,Tapiquen,PM
2801,1095A,2024-03-30 00:00:00,marucha1,4.7,Tapiquen,PM
2802,20334,2024-03-30 00:00:00,media luna,2.4,Tapiquen,PM
2803,6035,2024-03-30 00:00:00,mikaela,2.7,Manuel,PM
2804,2171,2024-03-30 00:00:00,mis amores,4.1,Carlos,PM
2805,0229,2024-03-30 00:00:00,navidad,3.2,Manuel,PM
2806,4087,2024-03-30 00:00:00,negra fina,2.3,Tapiquen,PM
2807,8036,2024-03-30 00:00:00,negrita,3.2,Tapiquen,PM
2808,0323,2024-03-30 00:00:00,olga lucia,4.0,Carlos,PM
2809,91262,2024-03-30 00:00:00,olivia,3.5,Carlos,PM
2810,0231A,2024-03-30 00:00:00,paola,2.7,Carlos,PM
2811,0201,2024-03-30 00:00:00,patrona,2.8,Tapiquen,PM
2812,8096,2024-03-30 00:00:00,petroleo,3.0,Ronald,PM
2813,8046,2024-03-30 00:00:00,princesa,3.5,Manuel,PM
2814,3043,2024-03-30 00:00:00,punto fijo,2.7,Ronald,PM
2815,2021,2024-03-30 00:00:00,rabo podrido,2.9,Ronald,PM
2816,6043,2024-03-30 00:00:00,rosita,2.5,Ronald,PM
2817,0259,2024-03-30 00:00:00,sambita,3.1,Manuel,PM
2818,3024A,2024-03-30 00:00:00,sin nombre,2.9,Ronald,PM
2819,7061,2024-03-30 00:00:00,sofia,2.3,Tapiquen,PM
2820,0278,2024-03-30 00:00:00,sulimar,3.4,Manuel,PM
2821,9007,2024-03-30 00:00:00,susana,2.6,Carlos,PM
2822,7077,2024-03-30 00:00:00,topita dos,3.6,Manuel,PM
2823,2094A,2024-03-30 00:00:00,venaita,2.7,Manuel,PM
2824,2130,2024-03-30 00:00:00,veratris,2.6,Tapiquen,PM
2825,0333,2024-03-30 00:00:00,veronica,2.8,Manuel,PM
2826,0111,2024-03-30 00:00:00,yirbeli,2.3,Ronald,PM
2827,8076,2024-03-30 00:00:00,yorgelis,3.1,Carlos,PM
2828,9389,2024-03-30 00:00:00,zamura,1.9,Ronald,PM
2829,1004,2024-03-30 00:00:00,cachito,3.0,Manuel,PM
2830,8094,2024-03-30 00:00:00,,2.0,Carlos,PM
2831,9053,2024-03-30 00:00:00,uña de gato,4.4,Manuel,PM
2832,0332,2024-03-30 00:00:00,carina,2.7,Manuel,AM
2833,0332,2024-03-30 00:00:00,carina,2.3,Ronald,PM
2834,0284,2024-03-30 00:00:00,girasol,2.9,Manuel,AM
2835,0284,2024-03-30 00:00:00,girasol,2.1,Manuel,PM
2836,8061,2024-04-16 00:00:00,abrana,2.7,Manuel,AM
2837,0298A,2024-04-16 00:00:00,almendron,4.0,Yunior,AM
2838,8037,2024-04-16 00:00:00,amapola,3.5,Alberto,AM
2839,8063,2024-04-16 00:00:00,amarilla,3.0,Tampiquen,AM
2840,9058,2024-04-16 00:00:00,año nuevo,3.6,Tampiquen,AM
2841,0202,2024-04-16 00:00:00,berta,1.9,Ronald,AM
2842,1066A,2024-04-16 00:00:00,biscocho,2.6,Tampiquen,AM
2843,4035,2024-04-16 00:00:00,blanca flor,4.7,Tampiquen,AM
2844,4018,2024-04-16 00:00:00,bocanegra,2.2,Ronald,AM
2845,9076,2024-04-16 00:00:00,bonita,3.2,Tampiquen,AM
2846,2063A,2024-04-16 00:00:00,cacho e gusano,2.9,Tampiquen,AM
2847,0018,2024-04-16 00:00:00,cacho solo,1.1,Manuel,AM
2848,0206A,2024-04-16 00:00:00,camasita,1.7,Ronald,AM
2849,3119,2024-04-16 00:00:00,campesina,3.0,Yunior,AM
2850,0226,2024-04-16 00:00:00,candidita,4.3,Manuel,AM
2851,3132,2024-04-16 00:00:00,canelita 2,3.4,Manuel,AM
2852,8062,2024-04-16 00:00:00,cara de queso,2.5,Ronald,AM
2853,2148A,2024-04-16 00:00:00,cara negra,1.7,Ronald,AM
2854,4095,2024-04-16 00:00:00,cara sucia,2.6,Ronald,AM
2855,91171,2024-04-16 00:00:00,caramelo,2.8,Ronald,AM
2856,0132,2024-04-16 00:00:00,carbon,3.6,Tampiquen,AM
2857,5150,2024-04-16 00:00:00,carevieja,3.1,Tampiquen,AM
2858,0332,2024-04-16 00:00:00,carina,2.5,Alberto,AM
2859,91172,2024-04-16 00:00:00,carmeluisa,2.0,Manuel,AM
2860,91242,2024-04-16 00:00:00,caroreña,2.6,Ronald,AM
2861,31102,2024-04-16 00:00:00,catira,3.2,Yunior,AM
2862,9073,2024-04-16 00:00:00,cocoemono,2.8,Manuel,AM
2863,0329,2024-04-16 00:00:00,culebra,2.0,Ronald,AM
2864,0338,2024-04-16 00:00:00,domitila,2.5,Tampiquen,AM
2865,3750,2024-04-16 00:00:00,eloiza,2.8,Tampiquen,AM
2866,34,2024-04-16 00:00:00,esperanza,3.6,Tampiquen,AM
2867,2096,2024-04-16 00:00:00,gaviota,3.8,Yunior,AM
2868,0284,2024-04-16 00:00:00,girasol,2.4,Ronald,AM
2869,0740,2024-04-16 00:00:00,gisela,2.3,Ronald,AM
2870,9125,2024-04-16 00:00:00,golondrina,2.6,Ronald,AM
2871,2090A,2024-04-16 00:00:00,guacharaca,5.3,Tampiquen,AM
2872,8033,2024-04-16 00:00:00,guariqueña,2.2,Tampiquen,AM
2873,7022,2024-04-16 00:00:00,hato grande,3.2,Manuel,AM
2874,EMB 2,2024-04-16 00:00:00,josefa,2.9,Alberto,AM
2875,9099,2024-04-16 00:00:00,la china,2.9,Tampiquen,AM
2876,0272,2024-04-16 00:00:00,la guara,2.9,Manuel,AM
2877,3066B,2024-04-16 00:00:00,la mocha,2.5,Manuel,AM
2878,19,2024-04-16 00:00:00,lagartija,2.3,Alberto,AM
2879,0249,2024-04-16 00:00:00,lula,4.1,Manuel,AM
2880,4025,2024-04-16 00:00:00,luna clara,2.1,Ronald,AM
2881,3021A,2024-04-16 00:00:00,luna llena,3.8,Tampiquen,AM
2882,2209A,2024-04-16 00:00:00,lunita,4.7,Yunior,AM
2883,7087,2024-04-16 00:00:00,mandarina,2.6,Ronald,AM
2884,4A,2024-04-16 00:00:00,mantequilla,2.9,Yunior,AM
2885,0322,2024-04-16 00:00:00,manto negro,3.2,Tampiquen,AM
2886,2208A,2024-04-16 00:00:00,manzanare i,2.5,Ronald,AM
2887,5007,2024-04-16 00:00:00,maravilla,2.5,Manuel,AM
2888,7083,2024-04-16 00:00:00,margarita,3.2,Tampiquen,AM
2889,6067,2024-04-16 00:00:00,mariposa,4.3,Manuel,AM
2890,5030,2024-04-16 00:00:00,marisol,1.3,Yunior,AM
2891,1095A,2024-04-16 00:00:00,marucha1,3.0,Ronald,AM
2892,20334,2024-04-16 00:00:00,media luna,4.4,Yunior,AM
2893,6035,2024-04-16 00:00:00,mikaela,2.8,Yunior,AM
2894,7033,2024-04-16 00:00:00,mina de oro,2.5,Tampiquen,AM
2895,9113,2024-04-16 00:00:00,mireya,3.2,Yunior,AM
2896,2171,2024-04-16 00:00:00,mis amores,4.7,Ronald,AM
2897,1139A,2024-04-16 00:00:00,motica,2.7,Manuel,AM
2898,0229,2024-04-16 00:00:00,navidad,3.0,Tampiquen,AM
2899,4087,2024-04-16 00:00:00,negra fina,3.4,Yunior,AM
2900,8036,2024-04-16 00:00:00,negrita,3.9,Manuel,AM
2901,5033,2024-04-16 00:00:00,nieve,2.8,Manuel,AM
2902,5079,2024-04-16 00:00:00,noche oscura,1.0,Ronald,AM
2903,2079,2024-04-16 00:00:00,ñeca,3.0,Manuel,AM
2904,0323,2024-04-16 00:00:00,olga lucia,3.5,Yunior,AM
2905,91262,2024-04-16 00:00:00,olivia,4.5,Yunior,AM
2906,1078A,2024-04-16 00:00:00,panorama,2.3,Tampiquen,AM
2907,0231A,2024-04-16 00:00:00,paola,2.9,Tampiquen,AM
2908,2219,2024-04-16 00:00:00,paraulata,1.7,Manuel,AM
2909,2133A,2024-04-16 00:00:00,paso doble,2.8,Manuel,AM
2910,9020,2024-04-16 00:00:00,Pato real,2.4,Ronald,AM
2911,0201,2024-04-16 00:00:00,patrona,1.9,Tampiquen,AM
2912,2196A,2024-04-16 00:00:00,peluche,1.9,Tampiquen,AM
2913,8096,2024-04-16 00:00:00,petroleo,2.6,Ronald,AM
2914,8046,2024-04-16 00:00:00,princesa,3.2,Manuel,AM
2915,7007,2024-04-16 00:00:00,puerto rico,2.1,Ronald,AM
2916,3043,2024-04-16 00:00:00,punto fijo,2.8,Ronald,AM
2917,2021,2024-04-16 00:00:00,rabo podrido,3.3,Yunior,AM
2918,5060,2024-04-16 00:00:00,rebelde,2.5,Alberto,AM
2919,5679,2024-04-16 00:00:00,redonda,1.4,Yunior,AM
2920,4075,2024-04-16 00:00:00,rosalia,2.8,Manuel,AM
2921,6043,2024-04-16 00:00:00,rosita,3.0,Ronald,AM
2922,0220,2024-04-16 00:00:00,rusa,1.7,Tampiquen,AM
2923,5010,2024-04-16 00:00:00,saco de hueso,1.7,Ronald,AM
2924,0259,2024-04-16 00:00:00,sambita,5.7,Yunior,AM
2925,2226,2024-04-16 00:00:00,san cristobal,3.9,Yunior,AM
2926,3024A,2024-04-16 00:00:00,sin nombre,3.9,Manuel,AM
2927,7061,2024-04-16 00:00:00,sofia,2.8,Ronald,AM
2928,0278,2024-04-16 00:00:00,sulimar,2.9,Yunior,AM
2929,9007,2024-04-16 00:00:00,susana,3.4,Tampiquen,AM
2930,7032,2024-04-16 00:00:00,tamañua,2.5,Tampiquen,AM
2931,2083,2024-04-16 00:00:00,tesoro,2.4,Manuel,AM
2932,7077,2024-04-16 00:00:00,topita dos,4.1,Tampiquen,AM
2933,2094A,2024-04-16 00:00:00,venaita,3.0,Ronald,AM
2934,2130,2024-04-16 00:00:00,veratris,3.3,Ronald,AM
2935,0333,2024-04-16 00:00:00,veronica,2.3,Tampiquen,AM
2936,0111,2024-04-16 00:00:00,yirbeli,2.2,Ronald,AM
2937,8076,2024-04-16 00:00:00,yorgelis,3.9,Manuel,AM
2938,9389,2024-04-16 00:00:00,zamura,2.4,Yunior,AM
2939,0233,2024-04-16 00:00:00,,2.8,Ronald,AM
2940,0269,2024-04-16 00:00:00,,1.9,Manuel,AM
2941,0327,2024-04-16 00:00:00,,1.0,Ronald,AM
2942,0336,2024-04-16 00:00:00,,4.8,Alberto,AM
2943,1004,2024-04-16 00:00:00,,3.9,Tampiquen,AM
2944,30212,2024-04-16 00:00:00,,3.5,Alberto,AM
2945,8006,2024-04-16 00:00:00,,4.3,Manuel,AM
2946,8094,2024-04-16 00:00:00,,2.7,Manuel,AM
2947,9006,2024-04-16 00:00:00,,2.9,Alberto,AM
2948,9015,2024-04-16 00:00:00,,3.7,Manuel,AM
2949,9037,2024-04-16 00:00:00,,2.7,Manuel,AM
2950,9053,2024-04-16 00:00:00,,3.4,Yunior,AM
2951,9091,2024-04-16 00:00:00,,2.0,Manuel,AM
2952,9103,2024-04-16 00:00:00,,4.3,Manuel,AM
2953,2180A,2024-04-16 00:00:00,,2.8,Alberto,AM
2954,8030,2024-04-16 00:00:00,,2.4,Manuel,AM
2955,0298A,2024-04-16 00:00:00,almendron,3.0,Yunior,PM
2956,8037,2024-04-16 00:00:00,amapola,2.5,Tampiquen,PM
2957,8063,2024-04-16 00:00:00,amarilla,2.4,Ronald,PM
2958,9058,2024-04-16 00:00:00,año nuevo,2.7,Manuel,PM
2959,1066A,2024-04-16 00:00:00,biscocho,1.38,Ronald,PM
2960,4035,2024-04-16 00:00:00,blanca flor,3.0,Tampiquen,PM
2961,9076,2024-04-16 00:00:00,bonita,2.5,Ronald,PM
2962,0018,2024-04-16 00:00:00,cacho solo,2.1,Ronald,PM
2963,0206A,2024-04-16 00:00:00,camasita,1.0,Tampiquen,PM
2964,0226,2024-04-16 00:00:00,candidita,3.3,Manuel,PM
2965,3132,2024-04-16 00:00:00,canelita 2,1.7,Yunior,PM
2966,8062,2024-04-16 00:00:00,cara de queso,2.4,Manuel,PM
2967,4095,2024-04-16 00:00:00,cara sucia,3.0,Ronald,PM
2968,91171,2024-04-16 00:00:00,caramelo,1.7,Tampiquen,PM
2969,0132,2024-04-16 00:00:00,carbon,2.7,Tampiquen,PM
2970,0332,2024-04-16 00:00:00,carina,1.4,Tampiquen,PM
2971,91242,2024-04-16 00:00:00,caroreña,1.4,Ronald,PM
2972,9073,2024-04-16 00:00:00,cocoemono,2.9,Ronald,PM
2973,0329,2024-04-16 00:00:00,culebra,2.6,Tampiquen,PM
2974,0338,2024-04-16 00:00:00,domitila,2.1,Manuel,PM
2975,3750,2024-04-16 00:00:00,eloiza,2.6,Manuel,PM
2976,34,2024-04-16 00:00:00,esperanza,2.7,Tampiquen,PM
2977,2096,2024-04-16 00:00:00,gaviota,2.3,Tampiquen,PM
2978,0284,2024-04-16 00:00:00,girasol,1.8,Manuel,PM
2979,0740,2024-04-16 00:00:00,gisela,1.2,Yunior,PM
2980,9125,2024-04-16 00:00:00,golondrina,2.1,Ronald,PM
2981,2090A,2024-04-16 00:00:00,guacharaca,3.4,Tampiquen,PM
2982,7022,2024-04-16 00:00:00,hato grande,2.2,Tampiquen,PM
2983,EMB 2,2024-04-16 00:00:00,josefa,2.5,Manuel,PM
2984,9099,2024-04-16 00:00:00,la china,2.4,Ronald,PM
2985,0272,2024-04-16 00:00:00,la guara,2.2,Tampiquen,PM
2986,19,2024-04-16 00:00:00,lagartija,1.7,Manuel,PM
2987,0249,2024-04-16 00:00:00,lula,2.7,Tampiquen,PM
2988,2209A,2024-04-16 00:00:00,lunita,3.2,Tampiquen,PM
2989,0322,2024-04-16 00:00:00,manto negro,2.2,Tampiquen,PM
2990,2208A,2024-04-16 00:00:00,manzanare i,2.1,Yunior,PM
2991,5007,2024-04-16 00:00:00,maravilla,1.0,Yunior,PM
2992,7083,2024-04-16 00:00:00,margarita,2.5,Ronald,PM
2993,6067,2024-04-16 00:00:00,mariposa,3.4,Yunior,PM
2994,5030,2024-04-16 00:00:00,marisol,3.1,Yunior,PM
2995,1095A,2024-04-16 00:00:00,marucha1,3.6,Tampiquen,PM
2996,20334,2024-04-16 00:00:00,media luna,2.6,Yunior,PM
2997,6035,2024-04-16 00:00:00,mikaela,2.1,Ronald,PM
2998,2171,2024-04-16 00:00:00,mis amores,3.9,Yunior,PM
2999,0229,2024-04-16 00:00:00,navidad,2.6,Tampiquen,PM
3000,4087,2024-04-16 00:00:00,negra fina,1.7,Tampiquen,PM
3001,8036,2024-04-16 00:00:00,negrita,2.8,Ronald,PM
3002,0323,2024-04-16 00:00:00,olga lucia,2.0,Tampiquen,PM
3003,91262,2024-04-16 00:00:00,olivia,3.1,Tampiquen,PM
3004,0231A,2024-04-16 00:00:00,paola,2.3,Manuel,PM
3005,0201,2024-04-16 00:00:00,patrona,1.4,Tampiquen,PM
3006,8096,2024-04-16 00:00:00,petroleo,2.2,Ronald,PM
3007,8046,2024-04-16 00:00:00,princesa,2.3,Yunior,PM
3008,3043,2024-04-16 00:00:00,punto fijo,1.9,Ronald,PM
3009,2021,2024-04-16 00:00:00,rabo podrido,2.6,Ronald,PM
3010,5060,2024-04-16 00:00:00,rebelde,1.8,Tampiquen,PM
3011,6043,2024-04-16 00:00:00,rosita,2.4,Ronald,PM
3012,0259,2024-04-16 00:00:00,sambita,3.3,Yunior,PM
3013,7061,2024-04-16 00:00:00,sofia,2.2,Tampiquen,PM
3014,0278,2024-04-16 00:00:00,sulimar,2.8,Manuel,PM
3015,9007,2024-04-16 00:00:00,susana,1.1,Yunior,PM
3016,7077,2024-04-16 00:00:00,topita dos,3.3,Tampiquen,PM
3017,2130,2024-04-16 00:00:00,veratris,2.3,Ronald,PM
3018,0333,2024-04-16 00:00:00,veronica,2.7,Manuel,PM
3019,0111,2024-04-16 00:00:00,yirbeli,1.8,Ronald,PM
3020,8076,2024-04-16 00:00:00,yorgelis,2.6,Ronald,PM
3021,0336,2024-04-16 00:00:00,,3.1,Manuel,PM
3022,1004,2024-04-16 00:00:00,,2.7,Yunior,PM
3023,30212,2024-04-16 00:00:00,,3.0,Manuel,PM
3024,8094,2024-04-16 00:00:00,,2.0,Manuel,PM
3025,9006,2024-04-16 00:00:00,,2.5,Manuel,PM
3026,9037,2024-04-16 00:00:00,,2.5,Manuel,PM
3027,9053,2024-04-16 00:00:00,,3.2,Ronald,PM
3028,9091,2024-04-16 00:00:00,,1.7,Manuel,PM
3029,2180A,2024-04-16 00:00:00,,2.1,Manuel,PM
3030,8030,2024-04-16 00:00:00,,1.3,Manuel,PM
3031,8061,2024-04-29 00:00:00,abrana,2.9,Yunior,AM
3032,0298A,2024-04-29 00:00:00,almendron,3.8,Yunior,AM
3033,8037,2024-04-29 00:00:00,amapola,4.1,Alberto,AM
3034,8063,2024-04-29 00:00:00,amarilla,4.7,Alberto,AM
3035,9058,2024-04-29 00:00:00,año nuevo,3.5,Carlos,AM
3036,9103,2024-04-29 00:00:00,barco lleno,3.8,Tampiquen,AM
3037,8030,2024-04-29 00:00:00,barrilito,2.9,Ronald,AM
3038,0202,2024-04-29 00:00:00,berta,3.0,Tampiquen,AM
3039,1066A,2024-04-29 00:00:00,biscocho,2.4,Ronald,AM
3040,4035,2024-04-29 00:00:00,blanca flor,3.4,Ronald,AM
3041,4018,2024-04-29 00:00:00,bocanegra,2.0,Carlos,AM
3042,9076,2024-04-29 00:00:00,bonita,3.2,Tampiquen,AM
3043,2063A,2024-04-29 00:00:00,cacho e gusano,2.6,Yunior,AM
3044,0018,2024-04-29 00:00:00,cacho solo,3.2,Carlos,AM
3045,3119,2024-04-29 00:00:00,campesina,3.0,Manuel,AM
3046,0226,2024-04-29 00:00:00,candidita,3.7,Manuel,AM
3047,3132,2024-04-29 00:00:00,canelita 2,2.5,Carlos,AM
3048,0327,2024-04-29 00:00:00,cañoarena,0.8,Ronald,AM
3049,8062,2024-04-29 00:00:00,cara de queso,2.3,Ronald,AM
3050,1004,2024-04-29 00:00:00,cara linda,3.9,Tampiquen,AM
3051,2148A,2024-04-29 00:00:00,cara negra,1.9,Ronald,AM
3052,4095,2024-04-29 00:00:00,cara sucia,3.4,Ronald,AM
3053,91171,2024-04-29 00:00:00,caramelo,3.4,Alberto,AM
3054,0132,2024-04-29 00:00:00,carbon,3.2,Ronald,AM
3055,5150,2024-04-29 00:00:00,carevieja,3.7,Tampiquen,AM
3056,0332,2024-04-29 00:00:00,carina,2.6,Manuel,AM
3057,91172,2024-04-29 00:00:00,carmeluisa,2.1,Manuel,AM
3058,91242,2024-04-29 00:00:00,caroreña,4.4,Tampiquen,AM
3059,2180A,2024-04-29 00:00:00,ceniza,4.5,Manuel,AM
3060,8094,2024-04-29 00:00:00,chava,2.8,Tampiquen,AM
3061,9037,2024-04-29 00:00:00,chilindrina,1.9,Ronald,AM
3062,9073,2024-04-29 00:00:00,cocoemono,3.2,Ronald,AM
3063,9091,2024-04-29 00:00:00,colorin,3.5,Manuel,AM
3064,0269,2024-04-29 00:00:00,cruzada,2.5,Carlos,AM
3065,0329,2024-04-29 00:00:00,culebra,3.0,Carlos,AM
3066,30212,2024-04-29 00:00:00,diabla,5.2,Yunior,AM
3067,0338,2024-04-29 00:00:00,domitila,3.5,Tampiquen,AM
3068,8079,2024-04-29 00:00:00,doña maria,2.3,Carlos,AM
3069,3750,2024-04-29 00:00:00,eloiza,5.0,Carlos,AM
3070,34,2024-04-29 00:00:00,esperanza,4.0,Carlos,AM
3071,2096,2024-04-29 00:00:00,gaviota,3.8,Tampiquen,AM
3072,0284,2024-04-29 00:00:00,girasol,3.2,Ronald,AM
3073,0740,2024-04-29 00:00:00,gisela,2.7,Yunior,AM
3074,9125,2024-04-29 00:00:00,golondrina,3.4,Ronald,AM
3075,2090A,2024-04-29 00:00:00,guacharaca,3.9,Tampiquen,AM
3076,7022,2024-04-29 00:00:00,hato grande,2.6,Tampiquen,AM
3077,EMB 2,2024-04-29 00:00:00,josefa,3.6,Carlos,AM
3078,9099,2024-04-29 00:00:00,la china,3.2,Manuel,AM
3079,0272,2024-04-29 00:00:00,la guara,3.3,Ronald,AM
3080,3066B,2024-04-29 00:00:00,la mocha,2.8,Manuel,AM
3081,19,2024-04-29 00:00:00,lagartija,2.4,Alberto,AM
3082,0249,2024-04-29 00:00:00,lula,3.7,Carlos,AM
3083,4025,2024-04-29 00:00:00,luna clara,3.1,Ronald,AM
3084,3021A,2024-04-29 00:00:00,luna llena,3.2,Tampiquen,AM
3085,2209A,2024-04-29 00:00:00,lunita,4.4,Manuel,AM
3086,7087,2024-04-29 00:00:00,mandarina,2.3,Carlos,AM
3087,4A,2024-04-29 00:00:00,mantequilla,3.3,Yunior,AM
3088,0322,2024-04-29 00:00:00,manto negro,2.7,Ronald,AM
3089,2208A,2024-04-29 00:00:00,manzanare i,2.7,Ronald,AM
3090,5052,2024-04-29 00:00:00,manzanita,3.3,Carlos,AM
3091,5007,2024-04-29 00:00:00,maravilla,1.9,Yunior,AM
3092,7083,2024-04-29 00:00:00,margarita,2.9,Carlos,AM
3093,6067,2024-04-29 00:00:00,mariposa,4.3,Tampiquen,AM
3094,5030,2024-04-29 00:00:00,marisol,4.1,Tampiquen,AM
3095,1095A,2024-04-29 00:00:00,marucha1,5.6,Manuel,AM
3096,20334,2024-04-29 00:00:00,media luna,3.6,Yunior,AM
3097,8006,2024-04-29 00:00:00,metralleta,2.3,Manuel,AM
3098,6035,2024-04-29 00:00:00,mikaela,2.8,Ronald,AM
3099,7033,2024-04-29 00:00:00,mina de oro,3.9,Manuel,AM
3100,9113,2024-04-29 00:00:00,mireya,3.6,Ronald,AM
3101,2171,2024-04-29 00:00:00,mis amores,5.1,Yunior,AM
3102,1139A,2024-04-29 00:00:00,motica,3.2,Manuel,AM
3103,0229,2024-04-29 00:00:00,navidad,3.5,Tampiquen,AM
3104,4087,2024-04-29 00:00:00,negra fina,2.5,Ronald,AM
3105,8036,2024-04-29 00:00:00,negrita,2.7,Carlos,AM
3106,5033,2024-04-29 00:00:00,nieve,3.0,Manuel,AM
3107,0323,2024-04-29 00:00:00,olga lucia,3.0,Ronald,AM
3108,91262,2024-04-29 00:00:00,olivia,4.4,Tampiquen,AM
3109,1078A,2024-04-29 00:00:00,panorama,2.3,Ronald,AM
3110,0231A,2024-04-29 00:00:00,paola,2.6,Manuel,AM
3111,2219,2024-04-29 00:00:00,paraulata,1.8,Ronald,AM
3112,2133A,2024-04-29 00:00:00,paso doble,3.6,Carlos,AM
3113,9020,2024-04-29 00:00:00,Pato real,3.5,Yunior,AM
3114,0201,2024-04-29 00:00:00,patrona,4.2,Yunior,AM
3115,9006,2024-04-29 00:00:00,pegazo,2.8,Yunior,AM
3116,8096,2024-04-29 00:00:00,petroleo,2.7,Carlos,AM
3117,8046,2024-04-29 00:00:00,princesa,2.9,Ronald,AM
3118,7007,2024-04-29 00:00:00,puerto rico,2.4,Yunior,AM
3119,3043,2024-04-29 00:00:00,punto fijo,3.5,Carlos,AM
3120,2021,2024-04-29 00:00:00,rabo podrido,2.6,Carlos,AM
3121,5060,2024-04-29 00:00:00,rebelde,2.0,Yunior,AM
3122,9015,2024-04-29 00:00:00,reina del sur,3.8,Manuel,AM
3123,6043,2024-04-29 00:00:00,rosita,3.4,Tampiquen,AM
3124,0220,2024-04-29 00:00:00,rusa,2.4,Tampiquen,AM
3125,5010,2024-04-29 00:00:00,saco de hueso,2.4,Manuel,AM
3126,0259,2024-04-29 00:00:00,sambita,5.1,Yunior,AM
3127,2226,2024-04-29 00:00:00,san cristobal,4.1,Tampiquen,AM
3128,3024A,2024-04-29 00:00:00,sin nombre,4.6,Tampiquen,AM
3129,7061,2024-04-29 00:00:00,sofia,3.9,Tampiquen,AM
3130,0278,2024-04-29 00:00:00,sulimar,3.5,Yunior,AM
3131,9007,2024-04-29 00:00:00,susana,3.1,Carlos,AM
3132,2083,2024-04-29 00:00:00,tesoro,2.7,Carlos,AM
3133,3107,2024-04-29 00:00:00,toldita,3.3,Alberto,AM
3134,7077,2024-04-29 00:00:00,topita dos,4.7,Manuel,AM
3135,9053,2024-04-29 00:00:00,uñaegato,4.5,Yunior,AM
3136,2094A,2024-04-29 00:00:00,venaita,2.7,Ronald,AM
3137,2130,2024-04-29 00:00:00,veratris,2.6,Carlos,AM
3138,0333,2024-04-29 00:00:00,veronica,2.9,Manuel,AM
3139,0111,2024-04-29 00:00:00,yirbeli,2.9,Carlos,AM
3140,8076,2024-04-29 00:00:00,yorgelis,4.0,Tampiquen,AM
3141,9389,2024-04-29 00:00:00,zamura,2.4,Yunior,AM
3142,0233,2024-04-29 00:00:00,,2.4,Tampiquen,AM
3143,0241,2024-04-29 00:00:00,,5.1,Yunior,AM
3144,0336,2024-04-29 00:00:00,,3.6,Tampiquen,AM
3145,0298A,2024-04-29 00:00:00,almendron,2.9,Tampiquen,PM
3146,8037,2024-04-29 00:00:00,amapola,3.4,Ronald,PM
3147,8063,2024-04-29 00:00:00,amarilla,2.4,Ronald,PM
3148,9058,2024-04-29 00:00:00,año nuevo,3.0,Manuel,PM
3149,9103,2024-04-29 00:00:00,barco lleno,3.4,Manuel,PM
3150,8030,2024-04-29 00:00:00,barrilito,3.7,Ronald,PM
3151,1066A,2024-04-29 00:00:00,biscocho,2.1,Ronald,PM
3152,4035,2024-04-29 00:00:00,blanca flor,4.4,Tampiquen,PM
3153,9076,2024-04-29 00:00:00,bonita,3.0,Tampiquen,PM
3154,0226,2024-04-29 00:00:00,candidita,2.5,Tampiquen,PM
3155,3132,2024-04-29 00:00:00,canelita 2,2.5,Carlos,PM
3156,8062,2024-04-29 00:00:00,cara de queso,2.3,Tampiquen,PM
3157,1004,2024-04-29 00:00:00,cara linda,2.6,Ronald,PM
3158,4095,2024-04-29 00:00:00,cara sucia,3.4,Carlos,PM
3159,91171,2024-04-29 00:00:00,caramelo,3.1,Tampiquen,PM
3160,0132,2024-04-29 00:00:00,carbon,2.9,Carlos,PM
3161,0332,2024-04-29 00:00:00,carina,2.4,Manuel,PM
3162,91242,2024-04-29 00:00:00,caroreña,2.6,Carlos,PM
3163,2180A,2024-04-29 00:00:00,ceniza,2.7,Ronald,PM
3164,8094,2024-04-29 00:00:00,chava,1.9,Manuel,PM
3165,9037,2024-04-29 00:00:00,chilindrina,2.9,Tampiquen,PM
3166,9073,2024-04-29 00:00:00,cocoemono,2.7,Carlos,PM
3167,9091,2024-04-29 00:00:00,colorin,2.6,Ronald,PM
3168,0269,2024-04-29 00:00:00,cruzada,2.6,Carlos,PM
3169,0329,2024-04-29 00:00:00,culebra,2.9,Manuel,PM
3170,30212,2024-04-29 00:00:00,diabla,3.3,Tampiquen,PM
3171,0338,2024-04-29 00:00:00,domitila,2.5,Tampiquen,PM
3172,8079,2024-04-29 00:00:00,doña maria,1.6,Manuel,PM
3173,3750,2024-04-29 00:00:00,eloiza,3.4,Manuel,PM
3174,34,2024-04-29 00:00:00,esperanza,3.0,Ronald,PM
3175,2096,2024-04-29 00:00:00,gaviota,2.5,Carlos,PM
3176,0284,2024-04-29 00:00:00,girasol,1.9,Manuel,PM
3177,0740,2024-04-29 00:00:00,gisela,2.1,Ronald,PM
3178,9125,2024-04-29 00:00:00,golondrina,2.8,Manuel,PM
3179,2090A,2024-04-29 00:00:00,guacharaca,3.0,Tampiquen,PM
3180,7022,2024-04-29 00:00:00,hato grande,4.0,Manuel,PM
3181,9099,2024-04-29 00:00:00,la china,2.7,Ronald,PM
3182,0272,2024-04-29 00:00:00,la guara,2.8,Carlos,PM
3183,19,2024-04-29 00:00:00,lagartija,2.2,Tampiquen,PM
3184,0249,2024-04-29 00:00:00,lula,2.0,Ronald,PM
3185,2209A,2024-04-29 00:00:00,lunita,3.3,Tampiquen,PM
3186,0322,2024-04-29 00:00:00,manto negro,2.3,Tampiquen,PM
3187,2208A,2024-04-29 00:00:00,manzanare i,2.3,Manuel,PM
3188,5052,2024-04-29 00:00:00,manzanita,2.0,Manuel,PM
3189,5007,2024-04-29 00:00:00,maravilla,3.3,Ronald,PM
3190,7083,2024-04-29 00:00:00,margarita,1.6,Carlos,PM
3191,6067,2024-04-29 00:00:00,mariposa,3.4,Manuel,PM
3192,5030,2024-04-29 00:00:00,marisol,4.1,Manuel,PM
3193,1095A,2024-04-29 00:00:00,marucha1,3.7,Tampiquen,PM
3194,20334,2024-04-29 00:00:00,media luna,2.9,Ronald,PM
3195,6035,2024-04-29 00:00:00,mikaela,2.4,Ronald,PM
3196,2171,2024-04-29 00:00:00,mis amores,3.4,Tampiquen,PM
3197,0229,2024-04-29 00:00:00,navidad,3.1,Tampiquen,PM
3198,4087,2024-04-29 00:00:00,negra fina,2.0,Ronald,PM
3199,8036,2024-04-29 00:00:00,negrita,2.8,Manuel,PM
3200,0323,2024-04-29 00:00:00,olga lucia,3.0,Tampiquen,PM
3201,91262,2024-04-29 00:00:00,olivia,3.6,Carlos,PM
3202,0231A,2024-04-29 00:00:00,paola,2.1,Tampiquen,PM
3203,0201,2024-04-29 00:00:00,patrona,3.0,Tampiquen,PM
3204,9006,2024-04-29 00:00:00,pegazo,2.7,Ronald,PM
3205,8096,2024-04-29 00:00:00,petroleo,2.3,Carlos,PM
3206,8046,2024-04-29 00:00:00,princesa,2.1,Ronald,PM
3207,3043,2024-04-29 00:00:00,punto fijo,2.7,Ronald,PM
3208,2021,2024-04-29 00:00:00,rabo podrido,2.7,Carlos,PM
3209,5060,2024-04-29 00:00:00,rebelde,2.2,Carlos,PM
3210,9015,2024-04-29 00:00:00,reina del sur,3.0,Carlos,PM
3211,6043,2024-04-29 00:00:00,rosita,2.7,Ronald,PM
3212,0259,2024-04-29 00:00:00,sambita,3.9,Carlos,PM
3213,7061,2024-04-29 00:00:00,sofia,2.6,Tampiquen,PM
3214,0278,2024-04-29 00:00:00,sulimar,3.2,Manuel,PM
3215,9007,2024-04-29 00:00:00,susana,2.3,Carlos,PM
3216,3107,2024-04-29 00:00:00,toldita,3.1,Manuel,PM
3217,7077,2024-04-29 00:00:00,topita dos,4.1,Carlos,PM
3218,9053,2024-04-29 00:00:00,uñaegato,3.0,Ronald,PM
3219,2130,2024-04-29 00:00:00,veratris,2.2,Carlos,PM
3220,0333,2024-04-29 00:00:00,veronica,2.7,Manuel,PM
3221,0111,2024-04-29 00:00:00,yirbeli,2.2,Ronald,PM
3222,8076,2024-04-29 00:00:00,yorgelis,3.2,Carlos,PM
3223,0241,2024-04-29 00:00:00,,4.5,Manuel,PM
3224,0336,2024-04-29 00:00:00,,3.5,Tampiquen,PM
3225,8061,2024-05-20 00:00:00,abrana,3.4,Manuel,AM
3226,0298A,2024-05-20 00:00:00,almendron,3.3,Tampiquen,AM
3227,8037,2024-05-20 00:00:00,amapola,2.7,Tampiquen,AM
3228,8063,2024-05-20 00:00:00,amarilla,4.0,Junior,AM
3229,9058,2024-05-20 00:00:00,año nuevo,3.6,Tampiquen,AM
3230,6011,2024-05-20 00:00:00,azuleja,2.1,Carlos,AM
3231,9103,2024-05-20 00:00:00,barco lleno,3.9,Tampiquen,AM
3232,8030,2024-05-20 00:00:00,barrilito,3.1,Tampiquen,AM
3233,0202,2024-05-20 00:00:00,berta,3.6,Junior,AM
3234,1066A,2024-05-20 00:00:00,biscocho,1.5,Manuel,AM
3235,4035,2024-05-20 00:00:00,blanca flor,4.7,Tampiquen,AM
3236,2080,2024-05-20 00:00:00,blanquita1,2.9,Manuel,AM
3237,9076,2024-05-20 00:00:00,bonita,3.9,Manuel,AM
3238,0018,2024-05-20 00:00:00,cacho solo,3.3,Carlos,AM
3239,3119,2024-05-20 00:00:00,campesina,2.6,Manuel,AM
3240,0226,2024-05-20 00:00:00,candidita,3.1,Ronald,AM
3241,3132,2024-05-20 00:00:00,canelita 2,2.9,Tampiquen,AM
3242,8062,2024-05-20 00:00:00,cara de queso,3.2,Ronald,AM
3243,1004,2024-05-20 00:00:00,cara linda,3.9,Carlos,AM
3244,4095,2024-05-20 00:00:00,cara sucia,3.2,Junior,AM
3245,91171,2024-05-20 00:00:00,caramelo,3.0,Tampiquen,AM
3246,0132,2024-05-20 00:00:00,carbon,3.2,Ronald,AM
3247,5150,2024-05-20 00:00:00,carevieja,3.0,Junior,AM
3248,0332,2024-05-20 00:00:00,carina,2.33,Tampiquen,AM
3249,91242,2024-05-20 00:00:00,caroreña,3.3,Tampiquen,AM
3250,2180A,2024-05-20 00:00:00,ceniza,6.0,Carlos,AM
3251,8094,2024-05-20 00:00:00,chava,2.7,Carlos,AM
3252,9037,2024-05-20 00:00:00,chilindrina,3.2,Junior,AM
3253,9073,2024-05-20 00:00:00,cocoemono,3.2,Ronald,AM
3254,9091,2024-05-20 00:00:00,colorin,4.0,Manuel,AM
3255,80882,2024-05-20 00:00:00,corazon,3.1,Manuel,AM
3256,0233,2024-05-20 00:00:00,cristiana,3.3,Manuel,AM
3257,0329,2024-05-20 00:00:00,culebra,2.5,Junior,AM
3258,30212,2024-05-20 00:00:00,diabla,4.7,Manuel,AM
3259,0241,2024-05-20 00:00:00,dominguita,5.9,Junior,AM
3260,0338,2024-05-20 00:00:00,domitila,3.1,Junior,AM
3261,8079,2024-05-20 00:00:00,doña maria,3.7,Carlos,AM
3262,3750,2024-05-20 00:00:00,eloiza,5.1,Junior,AM
3263,34,2024-05-20 00:00:00,esperanza,4.1,Ronald,AM
3264,2096,2024-05-20 00:00:00,gaviota,3.4,Ronald,AM
3265,0284,2024-05-20 00:00:00,girasol,2.5,Tampiquen,AM
3266,0740,2024-05-20 00:00:00,gisela,4.1,Ronald,AM
3267,1091A,2024-05-20 00:00:00,goldita,3.2,Carlos,AM
3268,9125,2024-05-20 00:00:00,golondrina,3.8,Manuel,AM
3269,2090A,2024-05-20 00:00:00,guacharaca,3.1,Tampiquen,AM
3270,7022,2024-05-20 00:00:00,hato grande,2.9,Manuel,AM
3271,EMB 2,2024-05-20 00:00:00,josefa,3.9,Carlos,AM
3272,9099,2024-05-20 00:00:00,la china,2.6,Ronald,AM
3273,0272,2024-05-20 00:00:00,la guara,3.0,Manuel,AM
3274,3066B,2024-05-20 00:00:00,la mocha,2.4,Carlos,AM
3275,19,2024-05-20 00:00:00,lagartija,2.0,Carlos,AM
3276,0249,2024-05-20 00:00:00,lula,4.2,Junior,AM
3277,4025,2024-05-20 00:00:00,luna clara,3.4,Carlos,AM
3278,3021A,2024-05-20 00:00:00,luna llena,4.6,Tampiquen,AM
3279,2209A,2024-05-20 00:00:00,lunita,4.9,Junior,AM
3280,7017,2024-05-20 00:00:00,maita,3.3,Carlos,AM
3281,2047,2024-05-20 00:00:00,mal tiempo,2.8,Carlos,AM
3282,7087,2024-05-20 00:00:00,mandarina,3.2,Junior,AM
3283,0336,2024-05-20 00:00:00,mantecal,2.5,Tampiquen,AM
3284,4A,2024-05-20 00:00:00,mantequilla,2.5,Ronald,AM
3285,0322,2024-05-20 00:00:00,manto negro,3.0,Tampiquen,AM
3286,2208A,2024-05-20 00:00:00,manzanare i,2.8,Junior,AM
3287,5052,2024-05-20 00:00:00,manzanita,4.0,Carlos,AM
3288,5007,2024-05-20 00:00:00,maravilla,2.5,Junior,AM
3289,7083,2024-05-20 00:00:00,margarita,3.3,Ronald,AM
3290,6067,2024-05-20 00:00:00,mariposa,4.9,Junior,AM
3291,5030,2024-05-20 00:00:00,marisol,3.9,Carlos,AM
3292,1095A,2024-05-20 00:00:00,marucha1,4.5,Tampiquen,AM
3293,20334,2024-05-20 00:00:00,media luna,2.8,Junior,AM
3294,8006,2024-05-20 00:00:00,metralleta,2.8,Manuel,AM
3295,6035,2024-05-20 00:00:00,mikaela,2.8,Ronald,AM
3296,7033,2024-05-20 00:00:00,mina de oro,3.8,Tampiquen,AM
3297,9113,2024-05-20 00:00:00,mireya,1.8,Manuel,AM
3298,2171,2024-05-20 00:00:00,mis amores,3.7,Carlos,AM
3299,2073,2024-05-20 00:00:00,morena,3.5,Ronald,AM
3300,1139A,2024-05-20 00:00:00,motica,3.5,Junior,AM
3301,0229,2024-05-20 00:00:00,navidad,3.4,Carlos,AM
3302,4087,2024-05-20 00:00:00,negra fina,2.8,Tampiquen,AM
3303,8036,2024-05-20 00:00:00,negrita,3.2,Ronald,AM
3304,5033,2024-05-20 00:00:00,nieve,2.6,Tampiquen,AM
3305,0323,2024-05-20 00:00:00,olga lucia,2.5,Tampiquen,AM
3306,91262,2024-05-20 00:00:00,olivia,3.9,Tampiquen,AM
3307,1078A,2024-05-20 00:00:00,panorama,1.7,Manuel,AM
3308,0231A,2024-05-20 00:00:00,paola,2.5,Ronald,AM
3309,2133A,2024-05-20 00:00:00,paso doble,4.1,Ronald,AM
3310,9020,2024-05-20 00:00:00,Pato real,3.1,Manuel,AM
3311,0201,2024-05-20 00:00:00,patrona,4.4,Junior,AM
3312,9006,2024-05-20 00:00:00,pegazo,3.0,Ronald,AM
3313,8096,2024-05-20 00:00:00,petroleo,2.8,Ronald,AM
3314,7007,2024-05-20 00:00:00,puerto rico,2.8,Ronald,AM
3315,3043,2024-05-20 00:00:00,punto fijo,3.5,Tampiquen,AM
3316,2021,2024-05-20 00:00:00,rabo podrido,2.6,Carlos,AM
3317,5060,2024-05-20 00:00:00,rebelde,2.7,Ronald,AM
3318,9015,2024-05-20 00:00:00,reina del sur,2.4,Carlos,AM
3319,4075,2024-05-20 00:00:00,rosalia,1.9,Junior,AM
3320,6043,2024-05-20 00:00:00,rosita,3.0,Manuel,AM
3321,0220,2024-05-20 00:00:00,rusa,2.1,Tampiquen,AM
3322,5010,2024-05-20 00:00:00,saco de hueso,2.6,Junior,AM
3323,0259,2024-05-20 00:00:00,sambita,4.5,Junior,AM
3324,2226,2024-05-20 00:00:00,san cristobal,4.1,Ronald,AM
3325,3024A,2024-05-20 00:00:00,sin nombre,4.0,Carlos,AM
3326,7061,2024-05-20 00:00:00,sofia,2.9,Tampiquen,AM
3327,0278,2024-05-20 00:00:00,sulimar,2.9,Ronald,AM
3328,9007,2024-05-20 00:00:00,susana,2.7,Carlos,AM
3329,2083,2024-05-20 00:00:00,tesoro,2.2,Manuel,AM
3330,3107,2024-05-20 00:00:00,toldita,3.5,Manuel,AM
3331,7077,2024-05-20 00:00:00,topita dos,3.8,Tampiquen,AM
3332,9053,2024-05-20 00:00:00,uñaegato,3.1,Carlos,AM
3333,2094A,2024-05-20 00:00:00,venaita,0.3,Ronald,AM
3334,2130,2024-05-20 00:00:00,veratris,3.3,Junior,AM
3335,0333,2024-05-20 00:00:00,veronica,3.6,Manuel,AM
3336,0111,2024-05-20 00:00:00,yirbeli,3.2,Junior,AM
3337,8076,2024-05-20 00:00:00,yorgelis,3.1,Carlos,AM
3338,9389,2024-05-20 00:00:00,zamura,2.4,Carlos,AM
3339,4141,2024-05-20 00:00:00,doble fu,1.7,Manuel,AM
3340,80121,2024-05-20 00:00:00,lomo rayado,4.1,Manuel,AM
3341,0298A,2024-05-20 00:00:00,almendron,2.6,Tampiquen,PM
3342,8037,2024-05-20 00:00:00,amapola,3.1,Junior,PM
3343,8063,2024-05-20 00:00:00,amarilla,2.8,Junior,PM
3344,9058,2024-05-20 00:00:00,año nuevo,2.8,Carlos,PM
3345,6011,2024-05-20 00:00:00,azuleja,1.4,Manuel,PM
3346,9103,2024-05-20 00:00:00,barco lleno,3.6,Ronald,PM
3347,8030,2024-05-20 00:00:00,barrilito,2.6,Carlos,PM
3348,1066A,2024-05-20 00:00:00,biscocho,1.9,Ronald,PM
3349,4035,2024-05-20 00:00:00,blanca flor,3.8,Tampiquen,PM
3350,2080,2024-05-20 00:00:00,blanquita1,2.9,Carlos,PM
3351,9076,2024-05-20 00:00:00,bonita,2.8,Carlos,PM
3352,0226,2024-05-20 00:00:00,candidita,3.6,Tampiquen,PM
3353,3132,2024-05-20 00:00:00,canelita 2,1.9,Ronald,PM
3354,8062,2024-05-20 00:00:00,cara de queso,2.5,Junior,PM
3355,1004,2024-05-20 00:00:00,cara linda,3.1,Ronald,PM
3356,4095,2024-05-20 00:00:00,cara sucia,2.4,Ronald,PM
3357,91171,2024-05-20 00:00:00,caramelo,3.0,Tampiquen,PM
3358,0132,2024-05-20 00:00:00,carbon,2.9,Ronald,PM
3359,0332,2024-05-20 00:00:00,carina,2.4,Ronald,PM
3360,91242,2024-05-20 00:00:00,caroreña,2.7,Tampiquen,PM
3361,2180A,2024-05-20 00:00:00,ceniza,4.6,Carlos,PM
3362,8094,2024-05-20 00:00:00,chava,1.1,Carlos,PM
3363,9037,2024-05-20 00:00:00,chilindrina,3.1,Tampiquen,PM
3364,9073,2024-05-20 00:00:00,cocoemono,2.0,Carlos,PM
3365,9091,2024-05-20 00:00:00,colorin,2.7,Manuel,PM
3366,80882,2024-05-20 00:00:00,corazon,3.4,Manuel,PM
3367,0269,2024-05-20 00:00:00,cruzada,1.9,Carlos,PM
3368,0329,2024-05-20 00:00:00,culebra,2.2,Tampiquen,PM
3369,30212,2024-05-20 00:00:00,diabla,3.5,Junior,PM
3370,0241,2024-05-20 00:00:00,dominguita,3.8,Manuel,PM
3371,0338,2024-05-20 00:00:00,domitila,2.8,Junior,PM
3372,8079,2024-05-20 00:00:00,doña maria,2.5,Ronald,PM
3373,3750,2024-05-20 00:00:00,eloiza,4.4,Manuel,PM
3374,34,2024-05-20 00:00:00,esperanza,3.5,Manuel,PM
3375,2096,2024-05-20 00:00:00,gaviota,3.1,Tampiquen,PM
3376,0284,2024-05-20 00:00:00,girasol,1.8,Ronald,PM
3377,1091A,2024-05-20 00:00:00,goldita,2.1,Manuel,PM
3378,9125,2024-05-20 00:00:00,golondrina,2.7,Tampiquen,PM
3379,2090A,2024-05-20 00:00:00,guacharaca,3.2,Junior,PM
3380,7022,2024-05-20 00:00:00,hato grande,3.4,Manuel,PM
3381,9099,2024-05-20 00:00:00,la china,2.9,Ronald,PM
3382,0272,2024-05-20 00:00:00,la guara,3.0,Tampiquen,PM
3383,19,2024-05-20 00:00:00,lagartija,1.8,Carlos,PM
3384,0249,2024-05-20 00:00:00,lula,3.6,Junior,PM
3385,2209A,2024-05-20 00:00:00,lunita,3.9,Tampiquen,PM
3386,7017,2024-05-20 00:00:00,maita,3.4,Manuel,PM
3387,2047,2024-05-20 00:00:00,mal tiempo,2.2,Junior,PM
3388,0336,2024-05-20 00:00:00,mantecal,2.7,Junior,PM
3389,0322,2024-05-20 00:00:00,manto negro,2.6,Tampiquen,PM
3390,2208A,2024-05-20 00:00:00,manzanare i,2.1,Ronald,PM
3391,5052,2024-05-20 00:00:00,manzanita,3.2,Carlos,PM
3392,5007,2024-05-20 00:00:00,maravilla,2.9,Ronald,PM
3393,6067,2024-05-20 00:00:00,mariposa,3.4,Junior,PM
3394,5030,2024-05-20 00:00:00,marisol,3.9,Junior,PM
3395,1095A,2024-05-20 00:00:00,marucha1,3.4,Ronald,PM
3396,20334,2024-05-20 00:00:00,media luna,2.8,Manuel,PM
3397,8006,2024-05-20 00:00:00,metralleta,2.0,Tampiquen,PM
3398,6035,2024-05-20 00:00:00,mikaela,2.4,Ronald,PM
3399,2171,2024-05-20 00:00:00,mis amores,2.8,Junior,PM
3400,2073,2024-05-20 00:00:00,morena,2.9,Carlos,PM
3401,0229,2024-05-20 00:00:00,navidad,3.0,Tampiquen,PM
3402,8036,2024-05-20 00:00:00,negrita,3.0,Tampiquen,PM
3403,0323,2024-05-20 00:00:00,olga lucia,3.3,Junior,PM
3404,91262,2024-05-20 00:00:00,olivia,3.4,Carlos,PM
3405,0231A,2024-05-20 00:00:00,paola,2.5,Carlos,PM
3406,0201,2024-05-20 00:00:00,patrona,3.7,Junior,PM
3407,9006,2024-05-20 00:00:00,pegazo,2.7,Manuel,PM
3408,8096,2024-05-20 00:00:00,petroleo,2.6,Tampiquen,PM
3409,3043,2024-05-20 00:00:00,punto fijo,2.6,Manuel,PM
3410,2021,2024-05-20 00:00:00,rabo podrido,1.8,Ronald,PM
3411,5060,2024-05-20 00:00:00,rebelde,3.0,Tampiquen,PM
3412,9015,2024-05-20 00:00:00,reina del sur,2.7,Junior,PM
3413,6043,2024-05-20 00:00:00,rosita,2.5,Ronald,PM
3414,0259,2024-05-20 00:00:00,sambita,4.1,Junior,PM
3415,7061,2024-05-20 00:00:00,sofia,2.5,Tampiquen,PM
3416,0278,2024-05-20 00:00:00,sulimar,3.0,Manuel,PM
3417,9007,2024-05-20 00:00:00,susana,2.5,Junior,PM
3418,3107,2024-05-20 00:00:00,toldita,2.7,Ronald,PM
3419,7077,2024-05-20 00:00:00,topita dos,3.3,Tampiquen,PM
3420,9053,2024-05-20 00:00:00,uñaegato,3.2,Carlos,PM
3421,2130,2024-05-20 00:00:00,veratris,2.6,Carlos,PM
3422,0333,2024-05-20 00:00:00,veronica,2.8,Manuel,PM
3423,0111,2024-05-20 00:00:00,yirbeli,2.4,Ronald,PM
3424,8076,2024-05-20 00:00:00,yorgelis,2.5,Ronald,PM
3425,80121,2024-05-20 00:00:00,lomo rayado,2.8,Manuel,PM
3426,8061,2024-07-01 00:00:00,abrana,3.7,Carlos,AM
3427,0298A,2024-07-01 00:00:00,almendron,4.4,Cristian,AM
3428,8037,2024-07-01 00:00:00,amapola,2.5,Cristian,AM
3429,8063,2024-07-01 00:00:00,amarilla,4.1,Cristian,AM
3430,5076,2024-07-01 00:00:00,anais,3.5,Manuel,AM
3431,9058,2024-07-01 00:00:00,año nuevo,3.3,Carlos,AM
3432,6011,2024-07-01 00:00:00,azuleja,2.4,Cristian,AM
3433,9103,2024-07-01 00:00:00,barco lleno,3.4,Ronald,AM
3434,8030,2024-07-01 00:00:00,barrilito,3.9,Ronald,AM
3435,0202,2024-07-01 00:00:00,berta,3.3,Carlos,AM
3436,1066A,2024-07-01 00:00:00,biscocho,4.0,Ronald,AM
3437,4035,2024-07-01 00:00:00,blanca flor,4.8,Cristian,AM
3438,3003A,2024-07-01 00:00:00,blanca nieves,4.1,Ronald,AM
3439,2080,2024-07-01 00:00:00,blanquita1,6.3,Carlos,AM
3440,9076,2024-07-01 00:00:00,bonita,3.5,Cristian,AM
3441,80272,2024-07-01 00:00:00,cachicama,1.9,Manuel,AM
3442,7074,2024-07-01 00:00:00,cacho e tornillo,4.2,Carlos,AM
3443,0018,2024-07-01 00:00:00,cacho solo,3.1,Ronald,AM
3444,0226,2024-07-01 00:00:00,candidita,4.1,Carlos,AM
3445,3132,2024-07-01 00:00:00,canelita 2,3.6,Manuel,AM
3446,8062,2024-07-01 00:00:00,cara de queso,4.8,Cristian,AM
3447,1004,2024-07-01 00:00:00,cara linda,3.5,Ronald,AM
3448,4095,2024-07-01 00:00:00,cara sucia,3.5,Cristian,AM
3449,91171,2024-07-01 00:00:00,caramelo,4.5,Cristian,AM
3450,0132,2024-07-01 00:00:00,carbon,5.8,Carlos,AM
3451,5150,2024-07-01 00:00:00,carevieja,3.2,Cristian,AM
3452,0332,2024-07-01 00:00:00,carina,3.2,Ronald,AM
3453,91242,2024-07-01 00:00:00,caroreña,3.3,Cristian,AM
3454,2180A,2024-07-01 00:00:00,ceniza,5.1,Carlos,AM
3455,8094,2024-07-01 00:00:00,chava,3.5,Manuel,AM
3456,9037,2024-07-01 00:00:00,chilindrina,3.6,Cristian,AM
3457,7059,2024-07-01 00:00:00,chinga dos,5.3,Manuel,AM
3458,8077,2024-07-01 00:00:00,chiquita,2.6,Carlos,AM
3459,7028,2024-07-01 00:00:00,cigarrona,4.1,Cristian,AM
3460,9073,2024-07-01 00:00:00,cocoemono,3.0,Ronald,AM
3461,9091,2024-07-01 00:00:00,colorin,2.9,Carlos,AM
3462,3027A,2024-07-01 00:00:00,compotica,2.9,Cristian,AM
3463,80882,2024-07-01 00:00:00,corazon,6.0,Carlos,AM
3464,809,2024-07-01 00:00:00,corralito,4.3,Ronald,AM
3465,0233,2024-07-01 00:00:00,cristiana,2.9,Carlos,AM
3466,0329,2024-07-01 00:00:00,culebra,3.0,Carlos,AM
3467,30212,2024-07-01 00:00:00,diabla,4.7,Manuel,AM
3468,0241,2024-07-01 00:00:00,dominguita,6.3,Cristian,AM
3469,0338,2024-07-01 00:00:00,domitila,4.0,Manuel,AM
3470,8079,2024-07-01 00:00:00,doña maria,2.7,Ronald,AM
3471,3750,2024-07-01 00:00:00,eloiza,4.4,Carlos,AM
3472,34,2024-07-01 00:00:00,esperanza,3.4,Ronald,AM
3473,2050,2024-07-01 00:00:00,fabiola,3.1,Carlos,AM
3474,9051,2024-07-01 00:00:00,garcita,4.5,Manuel,AM
3475,2096,2024-07-01 00:00:00,gaviota,3.7,Carlos,AM
3476,0284,2024-07-01 00:00:00,girasol,3.3,Cristian,AM
3477,0740,2024-07-01 00:00:00,gisela,3.2,Manuel,AM
3478,1091A,2024-07-01 00:00:00,goldita,4.9,Carlos,AM
3479,9125,2024-07-01 00:00:00,golondrina,3.2,Cristian,AM
3480,2090A,2024-07-01 00:00:00,guacharaca,3.8,Carlos,AM
3481,7022,2024-07-01 00:00:00,hato grande,7.3,Manuel,AM
3482,9099,2024-07-01 00:00:00,la china,4.3,Manuel,AM
3483,0272,2024-07-01 00:00:00,la guara,3.4,Cristian,AM
3484,4151,2024-07-01 00:00:00,la que amarro,1.9,Manuel,AM
3485,19,2024-07-01 00:00:00,lagartija,1.8,Ronald,AM
3486,80121,2024-07-01 00:00:00,lomo rallado,3.4,Ronald,AM
3487,0249,2024-07-01 00:00:00,lula,4.3,Ronald,AM
3488,4025,2024-07-01 00:00:00,luna clara,3.1,Carlos,AM
3489,3021A,2024-07-01 00:00:00,luna llena,5.8,Cristian,AM
3490,2209A,2024-07-01 00:00:00,lunita,3.4,Carlos,AM
3491,7017,2024-07-01 00:00:00,maita,5.2,Manuel,AM
3492,2047,2024-07-01 00:00:00,mal tiempo,4.9,Ronald,AM
3493,0336,2024-07-01 00:00:00,mantecal,3.8,Carlos,AM
3494,4A,2024-07-01 00:00:00,mantequilla,2.5,Ronald,AM
3495,0322,2024-07-01 00:00:00,manto negro,3.1,Cristian,AM
3496,2208A,2024-07-01 00:00:00,manzanare i,3.3,Ronald,AM
3497,5052,2024-07-01 00:00:00,manzanita,4.2,Carlos,AM
3498,5007,2024-07-01 00:00:00,maravilla,5.0,Cristian,AM
3499,7083,2024-07-01 00:00:00,margarita,4.0,Cristian,AM
3500,6067,2024-07-01 00:00:00,mariposa,3.7,Cristian,AM
3501,5030,2024-07-01 00:00:00,marisol,4.6,Manuel,AM
3502,1095A,2024-07-01 00:00:00,marucha1,5.5,Manuel,AM
3503,20334,2024-07-01 00:00:00,media luna,3.6,Carlos,AM
3504,8006,2024-07-01 00:00:00,metralleta,4.1,Manuel,AM
3505,6035,2024-07-01 00:00:00,mikaela,1.7,Manuel,AM
3506,2171,2024-07-01 00:00:00,mis amores,5.3,Carlos,AM
3507,2073,2024-07-01 00:00:00,morena,6.8,Manuel,AM
3508,0229,2024-07-01 00:00:00,navidad,3.4,Ronald,AM
3509,8036,2024-07-01 00:00:00,negrita,4.1,Ronald,AM
3510,0323,2024-07-01 00:00:00,olga lucia,3.7,Cristian,AM
3511,91262,2024-07-01 00:00:00,olivia,3.8,Manuel,AM
3512,0231A,2024-07-01 00:00:00,paola,3.8,Manuel,AM
3513,2133A,2024-07-01 00:00:00,paso doble,3.5,Carlos,AM
3514,9020,2024-07-01 00:00:00,Pato real,3.1,Ronald,AM
3515,0201,2024-07-01 00:00:00,patrona,3.3,Cristian,AM
3516,9006,2024-07-01 00:00:00,pegazo,2.6,Ronald,AM
3517,9071,2024-07-01 00:00:00,perro de agua,2.1,Cristian,AM
3518,8096,2024-07-01 00:00:00,petroleo,4.2,Ronald,AM
3519,3043,2024-07-01 00:00:00,punto fijo,2.9,Manuel,AM
3520,2021,2024-07-01 00:00:00,rabo podrido,3.3,Carlos,AM
3521,5060,2024-07-01 00:00:00,rebelde,4.4,Cristian,AM
3522,9015,2024-07-01 00:00:00,reina del sur,2.4,Ronald,AM
3523,7012,2024-07-01 00:00:00,rojita,2.9,Carlos,AM
3524,8050,2024-07-01 00:00:00,rosa blanca,3.7,Manuel,AM
3525,6043,2024-07-01 00:00:00,rosita,4.5,Ronald,AM
3526,0259,2024-07-01 00:00:00,sambita,5.5,Carlos,AM
3527,2226,2024-07-01 00:00:00,san cristobal,5.7,Carlos,AM
3528,8054,2024-07-01 00:00:00,sangre de toro,3.2,Cristian,AM
3529,3024A,2024-07-01 00:00:00,sin nombre,3.2,Ronald,AM
3530,7061,2024-07-01 00:00:00,sofia,3.5,Cristian,AM
3531,0278,2024-07-01 00:00:00,sulimar,5.0,Cristian,AM
3532,9007,2024-07-01 00:00:00,susana,3.0,Carlos,AM
3533,2234,2024-07-01 00:00:00,taparita,3.5,Manuel,AM
3534,0500,2024-07-01 00:00:00,tiburona,4.8,Cristian,AM
3535,3107,2024-07-01 00:00:00,toldita,5.1,Manuel,AM
3536,7077,2024-07-01 00:00:00,topita dos,2.2,Cristian,AM
3537,9053,2024-07-01 00:00:00,uñaegato,3.2,Ronald,AM
3538,2130,2024-07-01 00:00:00,veratris,2.8,Cristian,AM
3539,0333,2024-07-01 00:00:00,veronica,3.2,Ronald,AM
3540,8017,2024-07-01 00:00:00,yanire,2.4,Manuel,AM
3541,0111,2024-07-01 00:00:00,yirbeli,2.7,Ronald,AM
3542,8076,2024-07-01 00:00:00,yorgelis,2.6,Ronald,AM
3543,9389,2024-07-01 00:00:00,zamura,3.5,Carlos,AM
3544,2217,2024-07-01 00:00:00,,2.7,Carlos,AM
3545,0298A,2024-07-01 00:00:00,almendron,3.5,Manuel,PM
3546,8037,2024-07-01 00:00:00,amapola,2.7,Cristian,PM
3547,8063,2024-07-01 00:00:00,amarilla,3.0,Cristian,PM
3548,5076,2024-07-01 00:00:00,anais,2.8,Cristian,PM
3549,9058,2024-07-01 00:00:00,año nuevo,2.7,Manuel,PM
3550,6011,2024-07-01 00:00:00,azuleja,2.4,Cristian,PM
3551,9103,2024-07-01 00:00:00,barco lleno,2.0,Ronald,PM
3552,8030,2024-07-01 00:00:00,barrilito,2.3,Cristian,PM
3553,4035,2024-07-01 00:00:00,blanca flor,3.4,Manuel,PM
3554,3003A,2024-07-01 00:00:00,blanca nieves,3.2,Carlos,PM
3555,2080,2024-07-01 00:00:00,blanquita1,4.8,Carlos,PM
3556,9076,2024-07-01 00:00:00,bonita,2.6,Carlos,PM
3557,80272,2024-07-01 00:00:00,cachicama,1.6,Manuel,PM
3558,7074,2024-07-01 00:00:00,cacho e tornillo,3.2,Carlos,PM
3559,0226,2024-07-01 00:00:00,candidita,2.8,Ronald,PM
3560,1004,2024-07-01 00:00:00,cara linda,3.2,Manuel,PM
3561,4095,2024-07-01 00:00:00,cara sucia,2.5,Cristian,PM
3562,91242,2024-07-01 00:00:00,caroreña,2.2,Ronald,PM
3563,2180A,2024-07-01 00:00:00,ceniza,3.1,Cristian,PM
3564,9037,2024-07-01 00:00:00,chilindrina,3.2,Cristian,PM
3565,7059,2024-07-01 00:00:00,chinga dos,4.7,Manuel,PM
3566,8077,2024-07-01 00:00:00,chiquita,1.9,Cristian,PM
3567,7028,2024-07-01 00:00:00,cigarrona,3.1,Cristian,PM
3568,9073,2024-07-01 00:00:00,cocoemono,2.3,Manuel,PM
3569,9091,2024-07-01 00:00:00,colorin,1.5,Ronald,PM
3570,3027A,2024-07-01 00:00:00,compotica,1.5,Ronald,PM
3571,80882,2024-07-01 00:00:00,corazon,4.5,Cristian,PM
3572,809,2024-07-01 00:00:00,corralito,5.1,Cristian,PM
3573,0329,2024-07-01 00:00:00,culebra,2.1,Carlos,PM
3574,30212,2024-07-01 00:00:00,diabla,31.0,Cristian,PM
3575,0241,2024-07-01 00:00:00,dominguita,3.5,Cristian,PM
3576,8079,2024-07-01 00:00:00,doña maria,3.7,Carlos,PM
3577,3750,2024-07-01 00:00:00,eloiza,4.1,Ronald,PM
3578,34,2024-07-01 00:00:00,esperanza,3.8,Carlos,PM
3579,2050,2024-07-01 00:00:00,fabiola,2.8,Ronald,PM
3580,9051,2024-07-01 00:00:00,garcita,4.8,Manuel,PM
3581,1091A,2024-07-01 00:00:00,goldita,2.6,Carlos,PM
3582,9125,2024-07-01 00:00:00,golondrina,2.4,Manuel,PM
3583,2090A,2024-07-01 00:00:00,guacharaca,3.6,Ronald,PM
3584,0272,2024-07-01 00:00:00,la guara,1.9,Cristian,PM
3585,4151,2024-07-01 00:00:00,la que amarro,1.9,Manuel,PM
3586,80121,2024-07-01 00:00:00,lomo rallado,2.9,Ronald,PM
3587,0249,2024-07-01 00:00:00,lula,3.2,Cristian,PM
3588,2209A,2024-07-01 00:00:00,lunita,3.4,Carlos,PM
3589,7017,2024-07-01 00:00:00,maita,3.4,Carlos,PM
3590,2047,2024-07-01 00:00:00,mal tiempo,4.4,Ronald,PM
3591,0336,2024-07-01 00:00:00,mantecal,1.9,Cristian,PM
3592,0322,2024-07-01 00:00:00,manto negro,2.1,Ronald,PM
3593,5052,2024-07-01 00:00:00,manzanita,3.6,Carlos,PM
3594,6067,2024-07-01 00:00:00,mariposa,3.5,Manuel,PM
3595,5030,2024-07-01 00:00:00,marisol,2.5,Ronald,PM
3596,1095A,2024-07-01 00:00:00,marucha1,3.9,Cristian,PM
3597,20334,2024-07-01 00:00:00,media luna,2.6,Ronald,PM
3598,2171,2024-07-01 00:00:00,mis amores,4.1,Carlos,PM
3599,2073,2024-07-01 00:00:00,morena,6.9,Ronald,PM
3600,0229,2024-07-01 00:00:00,navidad,3.0,Carlos,PM
3601,8036,2024-07-01 00:00:00,negrita,2.9,Carlos,PM
3602,0323,2024-07-01 00:00:00,olga lucia,2.6,Carlos,PM
3603,91262,2024-07-01 00:00:00,olivia,3.0,Manuel,PM
3604,0201,2024-07-01 00:00:00,patrona,2.0,Carlos,PM
3605,9006,2024-07-01 00:00:00,pegazo,2.1,Ronald,PM
3606,9071,2024-07-01 00:00:00,perro de agua,2.1,Carlos,PM
3607,3043,2024-07-01 00:00:00,punto fijo,2.8,Cristian,PM
3608,9015,2024-07-01 00:00:00,reina del sur,2.7,Cristian,PM
3609,7012,2024-07-01 00:00:00,rojita,3.5,Manuel,PM
3610,8050,2024-07-01 00:00:00,rosa blanca,3.3,Manuel,PM
3611,0259,2024-07-01 00:00:00,sambita,4.0,Cristian,PM
3612,8054,2024-07-01 00:00:00,sangre de toro,3.6,Manuel,PM
3613,7061,2024-07-01 00:00:00,sofia,2.6,Manuel,PM
3614,9007,2024-07-01 00:00:00,susana,2.6,Carlos,PM
3615,2234,2024-07-01 00:00:00,taparita,3.5,Manuel,PM
3616,0500,2024-07-01 00:00:00,tiburona,3.1,Ronald,PM
3617,3107,2024-07-01 00:00:00,toldita,3.0,Ronald,PM
3618,9053,2024-07-01 00:00:00,uñaegato,2.9,Carlos,PM
3619,2130,2024-07-01 00:00:00,veratris,2.6,Ronald,PM
3620,0333,2024-07-01 00:00:00,veronica,2.1,Ronald,PM
3621,8017,2024-07-01 00:00:00,yanire,2.7,Cristian,PM
3622,8076,2024-07-01 00:00:00,yorgelis,2.2,Ronald,PM
3623,9389,2024-07-01 00:00:00,zamura,2.5,Ronald,PM
3624,2217,2024-07-01 00:00:00,,1.9,Carlos,PM
3625,8061,2024-09-02 00:00:00,abrana,3.3,Carlos,AM
3626,0298A,2024-09-02 00:00:00,almendron,5.2,Manuel,AM
3627,8037,2024-09-02 00:00:00,amapola,3.7,Tampiquen,AM
3628,8063,2024-09-02 00:00:00,amarilla,2.7,Tampiquen,AM
3629,5076,2024-09-02 00:00:00,anais,3.7,Manuel,AM
3630,4072,2024-09-02 00:00:00,andrea,2.9,Tampiquen,AM
3631,9058,2024-09-02 00:00:00,año nuevo,3.4,Manuel,AM
3632,6011,2024-09-02 00:00:00,azuleja,2.6,Ronald,AM
3633,9103,2024-09-02 00:00:00,barco lleno,3.4,Manuel,AM
3634,8030,2024-09-02 00:00:00,barrilito,3.4,Ronald,AM
3635,6021,2024-09-02 00:00:00,berenjena,5.7,Manuel,AM
3636,1066A,2024-09-02 00:00:00,biscocho,3.4,Ronald,AM
3637,4035,2024-09-02 00:00:00,blanca flor,3.5,Carlos,AM
3638,3003A,2024-09-02 00:00:00,blanca nieves,4.5,Tampiquen,AM
3639,2080,2024-09-02 00:00:00,blanquita1,4.2,Ronald,AM
3640,4018,2024-09-02 00:00:00,bocanegra,3.4,Ronald,AM
3641,9076,2024-09-02 00:00:00,bonita,3.4,Tampiquen,AM
3642,80272,2024-09-02 00:00:00,cachicama,3.7,Manuel,AM
3643,2063A,2024-09-02 00:00:00,cacho e gusano,7.3,Manuel,AM
3644,7074,2024-09-02 00:00:00,cacho e tornillo,4.7,Yunior,AM
3645,4055,2024-09-02 00:00:00,campanita,1.9,Yunior,AM
3646,0226,2024-09-02 00:00:00,candidita,4.4,Tampiquen,AM
3647,3132,2024-09-02 00:00:00,canelita 2,3.8,Manuel,AM
3648,8062,2024-09-02 00:00:00,cara de queso,4.2,Yunior,AM
3649,1004,2024-09-02 00:00:00,cara linda,3.4,Carlos,AM
3650,2148A,2024-09-02 00:00:00,cara negra,5.5,Ronald,AM
3651,4095,2024-09-02 00:00:00,cara sucia,2.8,Ronald,AM
3652,91171,2024-09-02 00:00:00,caramelo,3.9,Tampiquen,AM
3653,0132,2024-09-02 00:00:00,carbon,3.7,Carlos,AM
3654,5150,2024-09-02 00:00:00,carevieja,4.0,Tampiquen,AM
3655,2180A,2024-09-02 00:00:00,ceniza,4.3,Ronald,AM
3656,8094,2024-09-02 00:00:00,chava,4.2,Carlos,AM
3657,9037,2024-09-02 00:00:00,chilindrina,3.0,Tampiquen,AM
3658,7059,2024-09-02 00:00:00,chinga dos,4.5,Manuel,AM
3659,8077,2024-09-02 00:00:00,chiquita,3.7,Manuel,AM
3660,7028,2024-09-02 00:00:00,cigarrona,5.2,Manuel,AM
3661,9091,2024-09-02 00:00:00,colorin,4.2,Manuel,AM
3662,80882,2024-09-02 00:00:00,corazon,4.6,Tampiquen,AM
3663,809,2024-09-02 00:00:00,corralito,4.6,Yunior,AM
3664,0329,2024-09-02 00:00:00,culebra,3.0,Yunior,AM
3665,8087,2024-09-02 00:00:00,dalmata,4.8,Yunior,AM
3666,30212,2024-09-02 00:00:00,diabla,4.0,Tampiquen,AM
3667,0241,2024-09-02 00:00:00,dominguita,4.9,Yunior,AM
3668,8079,2024-09-02 00:00:00,doña maria,4.0,Manuel,AM
3669,3750,2024-09-02 00:00:00,eloiza,5.0,Ronald,AM
3670,34,2024-09-02 00:00:00,esperanza,3.6,Carlos,AM
3671,2050,2024-09-02 00:00:00,fabiola,4.5,Carlos,AM
3672,8045,2024-09-02 00:00:00,frescolita,3.4,Yunior,AM
3673,9051,2024-09-02 00:00:00,garcita,5.0,Tampiquen,AM
3674,2096,2024-09-02 00:00:00,gaviota,4.2,Tampiquen,AM
3675,0284,2024-09-02 00:00:00,girasol,3.6,Manuel,AM
3676,1091A,2024-09-02 00:00:00,goldita,4.0,Manuel,AM
3677,9125,2024-09-02 00:00:00,golondrina,4.4,Manuel,AM
3678,2090A,2024-09-02 00:00:00,guacharaca,3.2,Yunior,AM
3679,5077,2024-09-02 00:00:00,guanota,4.4,Manuel,AM
3680,8033,2024-09-02 00:00:00,guariqueña,3.1,Carlos,AM
3681,7022,2024-09-02 00:00:00,hato grande,4.2,Carlos,AM
3682,0272,2024-09-02 00:00:00,la guara,3.6,Yunior,AM
3683,4151,2024-09-02 00:00:00,la que amarro,6.1,Yunior,AM
3684,80121,2024-09-02 00:00:00,lomo rallado,3.4,Ronald,AM
3685,2124A,2024-09-02 00:00:00,luisa,5.9,Ronald,AM
3686,0249,2024-09-02 00:00:00,lula,4.6,Manuel,AM
3687,2209A,2024-09-02 00:00:00,lunita,4.0,Carlos,AM
3688,7017,2024-09-02 00:00:00,maita,4.3,Carlos,AM
3689,2047,2024-09-02 00:00:00,mal tiempo,3.3,Yunior,AM
3690,EMB 5,2024-09-02 00:00:00,mama juana,2.6,Manuel,AM
3691,0336,2024-09-02 00:00:00,mantecal,2.6,Ronald,AM
3692,0322,2024-09-02 00:00:00,manto negro,3.3,Ronald,AM
3693,5052,2024-09-02 00:00:00,manzanita,3.9,Manuel,AM
3694,6067,2024-09-02 00:00:00,mariposa,4.4,Tampiquen,AM
3695,5030,2024-09-02 00:00:00,marisol,2.1,Carlos,AM
3696,1095A,2024-09-02 00:00:00,marucha1,4.6,Tampiquen,AM
3697,20334,2024-09-02 00:00:00,media luna,2.7,Yunior,AM
3698,2171,2024-09-02 00:00:00,mis amores,3.3,Manuel,AM
3699,2073,2024-09-02 00:00:00,morena,5.6,Carlos,AM
3700,0229,2024-09-02 00:00:00,navidad,4.6,Manuel,AM
3701,8036,2024-09-02 00:00:00,negrita,3.5,Manuel,AM
3702,5079,2024-09-02 00:00:00,noche oscura,3.4,Tampiquen,AM
3703,0323,2024-09-02 00:00:00,olga lucia,3.7,Ronald,AM
3704,91262,2024-09-02 00:00:00,olivia,3.4,Yunior,AM
3705,0231A,2024-09-02 00:00:00,paola,3.6,Ronald,AM
3706,5146,2024-09-02 00:00:00,pata quebrada,3.2,Carlos,AM
3707,0201,2024-09-02 00:00:00,patrona,3.7,Carlos,AM
3708,9006,2024-09-02 00:00:00,pegazo,4.4,Yunior,AM
3709,2196A,2024-09-02 00:00:00,peluche,5.3,Manuel,AM
3710,9071,2024-09-02 00:00:00,perro de agua,3.2,Yunior,AM
3711,8046,2024-09-02 00:00:00,princesa,9.4,Yunior,AM
3712,3043,2024-09-02 00:00:00,punto fijo,4.7,Carlos,AM
3713,2021,2024-09-02 00:00:00,rabo podrido,5.5,Yunior,AM
3714,5060,2024-09-02 00:00:00,rebelde,3.2,Yunior,AM
3715,9015,2024-09-02 00:00:00,reina del sur,3.0,Ronald,AM
3716,7012,2024-09-02 00:00:00,rojita,2.3,Carlos,AM
3717,0267,2024-09-02 00:00:00,roñera,4.6,Tampiquen,AM
3718,8019,2024-09-02 00:00:00,ropa sucia,3.3,Tampiquen,AM
3719,8050,2024-09-02 00:00:00,rosa blanca,3.6,Ronald,AM
3720,6043,2024-09-02 00:00:00,rosita,4.2,Tampiquen,AM
3721,0259,2024-09-02 00:00:00,sambita,4.5,Tampiquen,AM
3722,8054,2024-09-02 00:00:00,sangre de toro,3.7,Tampiquen,AM
3723,3026A,2024-09-02 00:00:00,sardina,5.6,Yunior,AM
3724,7061,2024-09-02 00:00:00,sofia,3.1,Ronald,AM
3725,0278,2024-09-02 00:00:00,sulimar,5.2,Tampiquen,AM
3726,2234,2024-09-02 00:00:00,taparita,3.8,Manuel,AM
3727,0500,2024-09-02 00:00:00,tiburona,3.8,Tampiquen,AM
3728,3107,2024-09-02 00:00:00,toldita,4.2,Carlos,AM
3729,7077,2024-09-02 00:00:00,topita dos,3.6,Ronald,AM
3730,9053,2024-09-02 00:00:00,uñaegato,4.4,Manuel,AM
3731,2094A,2024-09-02 00:00:00,venaita,4.6,Carlos,AM
3732,0333,2024-09-02 00:00:00,veronica,3.4,Tampiquen,AM
3733,4007,2024-09-02 00:00:00,victoria,3.6,Carlos,AM
3734,8017,2024-09-02 00:00:00,yanire,4.0,Carlos,AM
3735,0111,2024-09-02 00:00:00,yirbeli,3.9,Ronald,AM
3736,8076,2024-09-02 00:00:00,yorgelis,4.6,Carlos,AM
3737,0353,2024-09-02 00:00:00,altagracia,2.2,Yunior,AM
3738,8043,2024-09-02 00:00:00,tauro,4.7,Carlos,AM
3739,9024,2024-09-02 00:00:00,aventura,4.8,Carlos,AM
3740,9126A,2024-09-02 00:00:00,pintora,1.4,Manuel,AM
3741,1015,2024-09-02 00:00:00,la  chinga,5.3,Manuel,AM
3742,0298A,2024-09-02 00:00:00,almendron,3.9,Tampiquen,PM
3743,8063,2024-09-02 00:00:00,amarilla,2.4,Yunior,PM
3744,4072,2024-09-02 00:00:00,andrea,3.5,Tampiquen,PM
3745,9058,2024-09-02 00:00:00,año nuevo,2.7,Ronald,PM
3746,9103,2024-09-02 00:00:00,barco lleno,2.7,Ronald,PM
3747,8030,2024-09-02 00:00:00,barrilito,2.5,Ronald,PM
3748,6021,2024-09-02 00:00:00,berenjena,3.5,Carlos,PM
3749,4035,2024-09-02 00:00:00,blanca flor,3.1,Tampiquen,PM
3750,3003A,2024-09-02 00:00:00,blanca nieves,4.2,Tampiquen,PM
3751,2080,2024-09-02 00:00:00,blanquita1,4.4,Tampiquen,PM
3752,4018,2024-09-02 00:00:00,bocanegra,3.5,Manuel,PM
3753,9076,2024-09-02 00:00:00,bonita,2.6,Carlos,PM
3754,2063A,2024-09-02 00:00:00,cacho e gusano,4.2,Ronald,PM
3755,7074,2024-09-02 00:00:00,cacho e tornillo,3.5,Tampiquen,PM
3756,4055,2024-09-02 00:00:00,campanita,1.4,Tampiquen,PM
3757,0226,2024-09-02 00:00:00,candidita,2.8,Ronald,PM
3758,1004,2024-09-02 00:00:00,cara linda,1.8,Yunior,PM
3759,2148A,2024-09-02 00:00:00,cara negra,3.7,Carlos,PM
3760,4095,2024-09-02 00:00:00,cara sucia,2.8,Ronald,PM
3761,2180A,2024-09-02 00:00:00,ceniza,3.6,Yunior,PM
3762,9037,2024-09-02 00:00:00,chilindrina,2.2,Ronald,PM
3763,7059,2024-09-02 00:00:00,chinga dos,3.1,Carlos,PM
3764,7028,2024-09-02 00:00:00,cigarrona,4.0,Ronald,PM
3765,80882,2024-09-02 00:00:00,corazon,4.1,Tampiquen,PM
3766,809,2024-09-02 00:00:00,corralito,3.4,Ronald,PM
3767,0329,2024-09-02 00:00:00,culebra,2.5,Carlos,PM
3768,8087,2024-09-02 00:00:00,dalmata,3.5,Yunior,PM
3769,30212,2024-09-02 00:00:00,diabla,3.3,Tampiquen,PM
3770,0241,2024-09-02 00:00:00,dominguita,4.1,Yunior,PM
3771,8079,2024-09-02 00:00:00,doña maria,2.9,Yunior,PM
3772,3750,2024-09-02 00:00:00,eloiza,3.7,Carlos,PM
3773,34,2024-09-02 00:00:00,esperanza,3.1,Carlos,PM
3774,2050,2024-09-02 00:00:00,fabiola,2.5,Carlos,PM
3775,8045,2024-09-02 00:00:00,frescolita,2.9,Carlos,PM
3776,9051,2024-09-02 00:00:00,garcita,4.1,Manuel,PM
3777,1091A,2024-09-02 00:00:00,goldita,4.0,Manuel,PM
3778,2090A,2024-09-02 00:00:00,guacharaca,3.4,Yunior,PM
3779,5077,2024-09-02 00:00:00,guanota,3.0,Manuel,PM
3780,8033,2024-09-02 00:00:00,guariqueña,2.7,Ronald,PM
3781,4151,2024-09-02 00:00:00,la que amarro,4.3,Tampiquen,PM
3782,80121,2024-09-02 00:00:00,lomo rallado,4.1,Manuel,PM
3783,2124A,2024-09-02 00:00:00,luisa,6.4,Carlos,PM
3784,0249,2024-09-02 00:00:00,lula,2.9,Yunior,PM
3785,2209A,2024-09-02 00:00:00,lunita,3.7,Yunior,PM
3786,7017,2024-09-02 00:00:00,maita,3.7,Manuel,PM
3787,2047,2024-09-02 00:00:00,mal tiempo,3.2,Yunior,PM
3788,EMB 5,2024-09-02 00:00:00,mama juana,1.4,Manuel,PM
3789,0336,2024-09-02 00:00:00,mantecal,2.3,Ronald,PM
3790,5052,2024-09-02 00:00:00,manzanita,3.1,Carlos,PM
3791,6067,2024-09-02 00:00:00,mariposa,4.0,Yunior,PM
3792,5030,2024-09-02 00:00:00,marisol,2.3,Tampiquen,PM
3793,1095A,2024-09-02 00:00:00,marucha1,3.1,Ronald,PM
3794,20334,2024-09-02 00:00:00,media luna,2.4,Tampiquen,PM
3795,2171,2024-09-02 00:00:00,mis amores,3.0,Yunior,PM
3796,2073,2024-09-02 00:00:00,morena,4.3,Manuel,PM
3797,8036,2024-09-02 00:00:00,negrita,3.6,Carlos,PM
3798,5079,2024-09-02 00:00:00,noche oscura,2.0,Ronald,PM
3799,0323,2024-09-02 00:00:00,olga lucia,2.8,Manuel,PM
3800,91262,2024-09-02 00:00:00,olivia,3.1,Carlos,PM
3801,5146,2024-09-02 00:00:00,pata quebrada,3.1,Manuel,PM
3802,0201,2024-09-02 00:00:00,patrona,3.0,Ronald,PM
3803,2196A,2024-09-02 00:00:00,peluche,4.1,Ronald,PM
3804,8046,2024-09-02 00:00:00,princesa,6.8,Carlos,PM
3805,9015,2024-09-02 00:00:00,reina del sur,2.4,Yunior,PM
3806,7012,2024-09-02 00:00:00,rojita,2.2,Carlos,PM
3807,0267,2024-09-02 00:00:00,roñera,3.6,Tampiquen,PM
3808,8019,2024-09-02 00:00:00,ropa sucia,3.3,Manuel,PM
3809,0259,2024-09-02 00:00:00,sambita,4.1,Carlos,PM
3810,8054,2024-09-02 00:00:00,sangre de toro,2.6,Tampiquen,PM
3811,3026A,2024-09-02 00:00:00,sardina,3.8,Manuel,PM
3812,2234,2024-09-02 00:00:00,taparita,3.0,Manuel,PM
3813,0500,2024-09-02 00:00:00,tiburona,3.1,Tampiquen,PM
3814,3107,2024-09-02 00:00:00,toldita,3.4,Tampiquen,PM
3815,1112A,2024-09-02 00:00:00,topa,4.0,Yunior,PM
3816,9053,2024-09-02 00:00:00,uñaegato,3.5,Carlos,PM
3817,2094A,2024-09-02 00:00:00,venaita,3.1,Manuel,PM
3818,0333,2024-09-02 00:00:00,veronica,2.1,Yunior,PM
3819,4007,2024-09-02 00:00:00,victoria,1.4,Carlos,PM
3820,8017,2024-09-02 00:00:00,yanire,3.2,Ronald,PM
3821,0353,2024-09-02 00:00:00,altagracia,2.0,Yunior,PM
3822,8043,2024-09-02 00:00:00,tauro,3.2,Manuel,PM
3823,9024,2024-09-02 00:00:00,aventura,2.9,Carlos,PM
3824,1015,2024-09-02 00:00:00,la  chinga,3.1,Carlos,PM
3825,8061,2024-08-19 00:00:00,abrana,3.6,Ronald,AM
3826,0298A,2024-08-19 00:00:00,almendron,2.0,Tampiquen,AM
3827,8037,2024-08-19 00:00:00,amapola,3.4,Manuel,AM
3828,8063,2024-08-19 00:00:00,amarilla,3.8,Tampiquen,AM
3829,5076,2024-08-19 00:00:00,anais,2.8,Ronaldo,AM
3830,9058,2024-08-19 00:00:00,año nuevo,3.0,Manuel,AM
3831,6011,2024-08-19 00:00:00,azuleja,3.3,Manuel,AM
3832,9103,2024-08-19 00:00:00,barco lleno,3.2,Ronald,AM
3833,8030,2024-08-19 00:00:00,barrilito,3.1,Ronald,AM
3834,6021,2024-08-19 00:00:00,berenjena,4.6,Manuel,AM
3835,1066A,2024-08-19 00:00:00,biscocho,3.8,Ronald,AM
3836,4035,2024-08-19 00:00:00,blanca flor,3.7,Yunior,AM
3837,3003A,2024-08-19 00:00:00,blanca nieves,4.5,Yunior,AM
3838,2080,2024-08-19 00:00:00,blanquita1,3.3,Tampiquen,AM
3839,4018,2024-08-19 00:00:00,bocanegra,4.2,Yunior,AM
3840,9076,2024-08-19 00:00:00,bonita,3.4,Ronaldo,AM
3841,80272,2024-08-19 00:00:00,cachicama,4.9,Manuel,AM
3842,2063A,2024-08-19 00:00:00,cacho e gusano,6.3,Manuel,AM
3843,7074,2024-08-19 00:00:00,cacho e tornillo,4.4,Yunior,AM
3844,4055,2024-08-19 00:00:00,campanita,2.5,Manuel,AM
3845,0226,2024-08-19 00:00:00,candidita,3.5,Manuel,AM
3846,3132,2024-08-19 00:00:00,canelita 2,3.9,Manuel,AM
3847,8062,2024-08-19 00:00:00,cara de queso,5.5,Manuel,AM
3848,1004,2024-08-19 00:00:00,cara linda,3.3,Manuel,AM
3849,2148A,2024-08-19 00:00:00,cara negra,4.0,Ronald,AM
3850,4095,2024-08-19 00:00:00,cara sucia,3.9,Ronald,AM
3851,91171,2024-08-19 00:00:00,caramelo,4.9,Tampiquen,AM
3852,0132,2024-08-19 00:00:00,carbon,4.5,Carlos,AM
3853,5150,2024-08-19 00:00:00,carevieja,4.4,Tampiquen,AM
3854,91242,2024-08-19 00:00:00,caroreña,2.6,Ronald,AM
3855,2180A,2024-08-19 00:00:00,ceniza,3.3,Tampiquen,AM
3856,8094,2024-08-19 00:00:00,chava,3.9,Carlos,AM
3857,9037,2024-08-19 00:00:00,chilindrina,3.3,Ronaldo,AM
3858,7059,2024-08-19 00:00:00,chinga dos,5.0,Manuel,AM
3859,8077,2024-08-19 00:00:00,chiquita,4.5,Carlos,AM
3860,7028,2024-08-19 00:00:00,cigarrona,5.0,Ronaldo,AM
3861,9091,2024-08-19 00:00:00,colorin,3.8,Carlos,AM
3862,80882,2024-08-19 00:00:00,corazon,5.0,Yunior,AM
3863,809,2024-08-19 00:00:00,corralito,3.6,Ronald,AM
3864,0329,2024-08-19 00:00:00,culebra,3.1,Ronaldo,AM
3865,8087,2024-08-19 00:00:00,dalmata,3.2,Ronaldo,AM
3866,30212,2024-08-19 00:00:00,diabla,3.2,Ronaldo,AM
3867,0241,2024-08-19 00:00:00,dominguita,4.6,Yunior,AM
3868,8079,2024-08-19 00:00:00,doña maria,3.1,Ronald,AM
3869,3750,2024-08-19 00:00:00,eloiza,4.2,Carlos,AM
3870,34,2024-08-19 00:00:00,esperanza,3.7,Ronaldo,AM
3871,2050,2024-08-19 00:00:00,fabiola,4.6,Carlos,AM
3872,8045,2024-08-19 00:00:00,frescolita,3.8,Carlos,AM
3873,9051,2024-08-19 00:00:00,garcita,5.0,Yunior,AM
3874,2096,2024-08-19 00:00:00,gaviota,4.6,Tampiquen,AM
3875,0284,2024-08-19 00:00:00,girasol,4.0,Manuel,AM
3876,1091A,2024-08-19 00:00:00,goldita,4.3,Ronaldo,AM
3877,9125,2024-08-19 00:00:00,golondrina,4.1,Yunior,AM
3878,2090A,2024-08-19 00:00:00,guacharaca,4.2,Yunior,AM
3879,5077,2024-08-19 00:00:00,guanota,3.2,Ronaldo,AM
3880,8033,2024-08-19 00:00:00,guariqueña,2.6,Ronald,AM
3881,7022,2024-08-19 00:00:00,hato grande,8.4,Manuel,AM
3882,1015,2024-08-19 00:00:00,la chinga,4.1,Manuel,AM
3883,0272,2024-08-19 00:00:00,la guara,4.9,Yunior,AM
3884,4151,2024-08-19 00:00:00,la que amarro,5.3,Tampiquen,AM
3885,80121,2024-08-19 00:00:00,lomo rallado,3.1,Ronald,AM
3886,2124A,2024-08-19 00:00:00,luisa,7.1,Yunior,AM
3887,0249,2024-08-19 00:00:00,lula,3.0,Tampiquen,AM
3888,2209A,2024-08-19 00:00:00,lunita,3.5,Yunior,AM
3889,7017,2024-08-19 00:00:00,maita,3.4,Ronaldo,AM
3890,2047,2024-08-19 00:00:00,mal tiempo,3.8,Carlos,AM
3891,EMB 5,2024-08-19 00:00:00,mama juana,1.4,Yunior,AM
3892,0336,2024-08-19 00:00:00,mantecal,3.6,Ronaldo,AM
3893,0322,2024-08-19 00:00:00,manto negro,2.8,Ronald,AM
3894,5052,2024-08-19 00:00:00,manzanita,3.9,Yunior,AM
3895,6067,2024-08-19 00:00:00,mariposa,4.2,Manuel,AM
3896,5030,2024-08-19 00:00:00,marisol,3.6,Carlos,AM
3897,1095A,2024-08-19 00:00:00,marucha1,4.2,Tampiquen,AM
3898,20334,2024-08-19 00:00:00,media luna,3.1,Ronaldo,AM
3899,2171,2024-08-19 00:00:00,mis amores,2.8,Tampiquen,AM
3900,2073,2024-08-19 00:00:00,morena,6.8,Yunior,AM
3901,0229,2024-08-19 00:00:00,navidad,4.2,Tampiquen,AM
3902,8036,2024-08-19 00:00:00,negrita,3.1,Ronaldo,AM
3903,5079,2024-08-19 00:00:00,noche oscura,2.6,Manuel,AM
3904,0323,2024-08-19 00:00:00,olga lucia,3.3,Ronaldo,AM
3905,91262,2024-08-19 00:00:00,olivia,3.6,Tampiquen,AM
3906,0231A,2024-08-19 00:00:00,paola,3.8,Manuel,AM
3907,5146,2024-08-19 00:00:00,pata quebrada,2.8,Manuel,AM
3908,0201,2024-08-19 00:00:00,patrona,3.3,Carlos,AM
3909,9006,2024-08-19 00:00:00,pegazo,4.7,Manuel,AM
3910,2196A,2024-08-19 00:00:00,peluche,4.5,Ronald,AM
3911,9071,2024-08-19 00:00:00,perro de agua,2.7,Ronald,AM
3912,8046,2024-08-19 00:00:00,princesa,7.1,Yunior,AM
3913,3043,2024-08-19 00:00:00,punto fijo,3.0,Ronaldo,AM
3914,2021,2024-08-19 00:00:00,rabo podrido,5.7,Yunior,AM
3915,5060,2024-08-19 00:00:00,rebelde,4.3,Tampiquen,AM
3916,9015,2024-08-19 00:00:00,reina del sur,2.4,Ronald,AM
3917,7012,2024-08-19 00:00:00,rojita,3.6,Manuel,AM
3918,0267,2024-08-19 00:00:00,roñera,4.2,Tampiquen,AM
3919,8019,2024-08-19 00:00:00,ropa sucia,3.8,Tampiquen,AM
3920,8050,2024-08-19 00:00:00,rosa blanca,3.2,Ronaldo,AM
3921,6043,2024-08-19 00:00:00,rosita,3.6,Ronald,AM
3922,0259,2024-08-19 00:00:00,sambita,3.6,Carlos,AM
3923,8054,2024-08-19 00:00:00,sangre de toro,3.0,Tampiquen,AM
3924,3026A,2024-08-19 00:00:00,sardina,4.4,Manuel,AM
3925,7061,2024-08-19 00:00:00,sofia,3.0,Ronald,AM
3926,0278,2024-08-19 00:00:00,sulimar,4.3,Carlos,AM
3927,2234,2024-08-19 00:00:00,taparita,2.7,Carlos,AM
3928,0500,2024-08-19 00:00:00,tiburona,4.4,Yunior,AM
3929,3107,2024-08-19 00:00:00,toldita,5.2,Ronald,AM
3930,7077,2024-08-19 00:00:00,topita dos,3.7,Ronald,AM
3931,9053,2024-08-19 00:00:00,uñaegato,3.2,Tampiquen,AM
3932,2130,2024-08-19 00:00:00,veratris,2.8,Ronald,AM
3933,0333,2024-08-19 00:00:00,veronica,3.0,Ronaldo,AM
3934,4007,2024-08-19 00:00:00,victoria,1.7,Manuel,AM
3935,8017,2024-08-19 00:00:00,yanire,3.3,Ronald,AM
3936,0111,2024-08-19 00:00:00,yirbeli,4.5,Yunior,AM
3937,8076,2024-08-19 00:00:00,yorgelis,5.1,Yunior,AM
3938,8043,2024-08-19 00:00:00,,3.2,Carlos,AM
3939,9024,2024-08-19 00:00:00,aventura,2.1,Tampiquen,AM
3940,4072,2024-08-19 00:00:00,andrea,1.8,Manuel,AM
3941,0298A,2024-08-19 00:00:00,almendron,3.8,Tampiquen,PM
3942,8063,2024-08-19 00:00:00,amarilla,3.2,Tampiquen,PM
3943,5076,2024-08-19 00:00:00,anais,2.3,Ronaldo,PM
3944,9058,2024-08-19 00:00:00,año nuevo,3.4,Ronaldo,PM
3945,9103,2024-08-19 00:00:00,barco lleno,3.2,Manuel,PM
3946,8030,2024-08-19 00:00:00,barrilito,2.8,Manuel,PM
3947,6021,2024-08-19 00:00:00,berenjena,4.2,Manuel,PM
3948,4035,2024-08-19 00:00:00,blanca flor,3.5,Manuel,PM
3949,3003A,2024-08-19 00:00:00,blanca nieves,4.8,Manuel,PM
3950,2080,2024-08-19 00:00:00,blanquita1,3.3,Ronald,PM
3951,4018,2024-08-19 00:00:00,bocanegra,2.0,Tampiquen,PM
3952,9076,2024-08-19 00:00:00,bonita,3.1,Carlos,PM
3953,2063A,2024-08-19 00:00:00,cacho e gusano,5.4,Manuel,PM
3954,7074,2024-08-19 00:00:00,cacho e tornillo,3.2,Tampiquen,PM
3955,4055,2024-08-19 00:00:00,campanita,1.7,Tampiquen,PM
3956,0226,2024-08-19 00:00:00,candidita,3.0,Yunior,PM
3957,1004,2024-08-19 00:00:00,cara linda,3.0,Manuel,PM
3958,2148A,2024-08-19 00:00:00,cara negra,3.2,Ronald,PM
3959,4095,2024-08-19 00:00:00,cara sucia,2.5,Tampiquen,PM
3960,2180A,2024-08-19 00:00:00,ceniza,3.8,Carlos,PM
3961,9037,2024-08-19 00:00:00,chilindrina,2.5,Ronald,PM
3962,7059,2024-08-19 00:00:00,chinga dos,3.6,Yunior,PM
3963,7028,2024-08-19 00:00:00,cigarrona,4.1,Tampiquen,PM
3964,80882,2024-08-19 00:00:00,corazon,3.4,Yunior,PM
3965,809,2024-08-19 00:00:00,corralito,3.1,Ronald,PM
3966,0329,2024-08-19 00:00:00,culebra,2.4,Ronald,PM
3967,8087,2024-08-19 00:00:00,dalmata,2.5,Yunior,PM
3968,30212,2024-08-19 00:00:00,diabla,3.0,Tampiquen,PM
3969,0241,2024-08-19 00:00:00,dominguita,4.0,Yunior,PM
3970,8079,2024-08-19 00:00:00,doña maria,2.8,Tampiquen,PM
3971,3750,2024-08-19 00:00:00,eloiza,4.1,Ronald,PM
3972,34,2024-08-19 00:00:00,esperanza,2.8,Tampiquen,PM
3973,2050,2024-08-19 00:00:00,fabiola,3.5,Carlos,PM
3974,8045,2024-08-19 00:00:00,frescolita,4.1,Manuel,PM
3975,9051,2024-08-19 00:00:00,garcita,4.3,Ronaldo,PM
3976,1091A,2024-08-19 00:00:00,goldita,3.5,Ronaldo,PM
3977,2090A,2024-08-19 00:00:00,guacharaca,3.1,Carlos,PM
3978,5077,2024-08-19 00:00:00,guanota,3.7,Manuel,PM
3979,8033,2024-08-19 00:00:00,guariqueña,2.9,Tampiquen,PM
3980,1015,2024-08-19 00:00:00,la chinga,3.7,Yunior,PM
3981,4151,2024-08-19 00:00:00,la que amarro,3.8,Yunior,PM
3982,80121,2024-08-19 00:00:00,lomo rallado,3.1,Ronald,PM
3983,2124A,2024-08-19 00:00:00,luisa,6.3,Manuel,PM
3984,0249,2024-08-19 00:00:00,lula,3.2,Tampiquen,PM
3985,2209A,2024-08-19 00:00:00,lunita,3.7,Yunior,PM
3986,7017,2024-08-19 00:00:00,maita,3.2,Carlos,PM
3987,2047,2024-08-19 00:00:00,mal tiempo,3.8,Yunior,PM
3988,EMB 5,2024-08-19 00:00:00,mama juana,1.4,Manuel,PM
3989,0336,2024-08-19 00:00:00,mantecal,2.7,Ronald,PM
3990,0322,2024-08-19 00:00:00,manto negro,2.4,Tampiquen,PM
3991,5052,2024-08-19 00:00:00,manzanita,2.8,Ronaldo,PM
3992,6067,2024-08-19 00:00:00,mariposa,3.0,Yunior,PM
3993,5030,2024-08-19 00:00:00,marisol,3.4,Manuel,PM
3994,1095A,2024-08-19 00:00:00,marucha1,3.4,Ronald,PM
3995,20334,2024-08-19 00:00:00,media luna,2.8,Ronaldo,PM
3996,2171,2024-08-19 00:00:00,mis amores,3.3,Ronald,PM
3997,2073,2024-08-19 00:00:00,morena,5.2,Tampiquen,PM
3998,8036,2024-08-19 00:00:00,negrita,3.3,Carlos,PM
3999,5079,2024-08-19 00:00:00,noche oscura,1.9,Ronald,PM
4000,0323,2024-08-19 00:00:00,olga lucia,2.9,Ronaldo,PM
4001,91262,2024-08-19 00:00:00,olivia,3.6,Tampiquen,PM
4002,5146,2024-08-19 00:00:00,pata quebrada,2.3,Ronald,PM
4003,0201,2024-08-19 00:00:00,patrona,2.9,Ronaldo,PM
4004,2196A,2024-08-19 00:00:00,peluche,5.1,Carlos,PM
4005,8046,2024-08-19 00:00:00,princesa,5.5,Yunior,PM
4006,3043,2024-08-19 00:00:00,punto fijo,2.5,Ronald,PM
4007,9015,2024-08-19 00:00:00,reina del sur,2.8,Ronald,PM
4008,7012,2024-08-19 00:00:00,rojita,3.6,Manuel,PM
4009,0267,2024-08-19 00:00:00,roñera,3.6,Tampiquen,PM
4010,8019,2024-08-19 00:00:00,ropa sucia,3.4,Ronaldo,PM
4011,8050,2024-08-19 00:00:00,rosa blanca,1.7,Ronald,PM
4012,0259,2024-08-19 00:00:00,sambita,3.7,Yunior,PM
4013,8054,2024-08-19 00:00:00,sangre de toro,3.1,Tampiquen,PM
4014,3026A,2024-08-19 00:00:00,sardina,4.2,Yunior,PM
4015,7061,2024-08-19 00:00:00,sofia,2.7,Manuel,PM
4016,2234,2024-08-19 00:00:00,taparita,3.1,Ronaldo,PM
4017,0500,2024-08-19 00:00:00,tiburona,3.3,Ronaldo,PM
4018,3107,2024-08-19 00:00:00,toldita,4.6,Carlos,PM
4019,9053,2024-08-19 00:00:00,uñaegato,3.0,Yunior,PM
4020,0333,2024-08-19 00:00:00,veronica,2.5,Ronaldo,PM
4021,4007,2024-08-19 00:00:00,victoria,2.1,Tampiquen,PM
4022,8017,2024-08-19 00:00:00,yanire,3.6,Ronaldo,PM
4023,8043,2024-08-19 00:00:00,,2.6,Manuel,PM
4024,9024,2024-08-19 00:00:00,aventura,3.1,Carlos,PM
4025,8061,2024-07-29 00:00:00,abrana,3.6,Manuel,AM
4026,0298A,2024-07-29 00:00:00,almendron,3.8,Carlos,AM
4027,8063,2024-07-29 00:00:00,amarilla,3.2,Ronald,AM
4028,5076,2024-07-29 00:00:00,anais,2.8,Manuel,AM
4029,9058,2024-07-29 00:00:00,año nuevo,3.3,Tampiquen,AM
4030,9103,2024-07-29 00:00:00,barco lleno,3.4,Ronald,AM
4031,8030,2024-07-29 00:00:00,barrilito,3.1,Carlos,AM
4032,6021,2024-07-29 00:00:00,berenjena,2.1,Yunior,AM
4033,0202,2024-07-29 00:00:00,berta,2.5,Ronald,AM
4034,1066A,2024-07-29 00:00:00,biscocho,3.1,Tampiquen,AM
4035,4035,2024-07-29 00:00:00,blanca flor,3.4,Tampiquen,AM
4036,3003A,2024-07-29 00:00:00,blanca nieves,4.3,Tampiquen,AM
4037,2080,2024-07-29 00:00:00,blanquita1,6.1,Carlos,AM
4038,9076,2024-07-29 00:00:00,bonita,2.8,Carlos,AM
4039,80272,2024-07-29 00:00:00,cachicama,3.1,Manuel,AM
4040,7074,2024-07-29 00:00:00,cacho e tornillo,4.5,Yunior,AM
4041,0018,2024-07-29 00:00:00,cacho solo,2.9,Carlos,AM
4042,0226,2024-07-29 00:00:00,candidita,3.3,Manuel,AM
4043,3132,2024-07-29 00:00:00,canelita 2,2.8,Tampiquen,AM
4044,8062,2024-07-29 00:00:00,cara de queso,2.7,Yunior,AM
4045,1004,2024-07-29 00:00:00,cara linda,3.1,Ronald,AM
4046,4095,2024-07-29 00:00:00,cara sucia,3.5,Manuel,AM
4047,91171,2024-07-29 00:00:00,caramelo,3.0,Tampiquen,AM
4048,0132,2024-07-29 00:00:00,carbon,3.9,Carlos,AM
4049,5150,2024-07-29 00:00:00,carevieja,3.5,Manuel,AM
4050,0332,2024-07-29 00:00:00,carina,3.0,Ronald,AM
4051,91242,2024-07-29 00:00:00,caroreña,2.1,Tampiquen,AM
4052,2180A,2024-07-29 00:00:00,ceniza,4.1,Carlos,AM
4053,8094,2024-07-29 00:00:00,chava,6.0,Yunior,AM
4054,9037,2024-07-29 00:00:00,chilindrina,2.5,Tampiquen,AM
4055,7059,2024-07-29 00:00:00,chinga dos,5.1,Manuel,AM
4056,8077,2024-07-29 00:00:00,chiquita,2.5,Tampiquen,AM
4057,7028,2024-07-29 00:00:00,cigarrona,4.2,Tampiquen,AM
4058,9073,2024-07-29 00:00:00,cocoemono,3.3,Ronald,AM
4059,9091,2024-07-29 00:00:00,colorin,3.7,Manuel,AM
4060,80882,2024-07-29 00:00:00,corazon,3.6,Tampiquen,AM
4061,809,2024-07-29 00:00:00,corralito,4.8,Tampiquen,AM
4062,0233,2024-07-29 00:00:00,cristiana,2.0,Ronald,AM
4063,0329,2024-07-29 00:00:00,culebra,2.8,Carlos,AM
4064,30212,2024-07-29 00:00:00,diabla,4.0,Manuel,AM
4065,0241,2024-07-29 00:00:00,dominguita,5.4,Yunior,AM
4066,8079,2024-07-29 00:00:00,doña maria,3.4,Ronald,AM
4067,3750,2024-07-29 00:00:00,eloiza,4.3,Ronald,AM
4068,34,2024-07-29 00:00:00,esperanza,3.8,Manuel,AM
4069,2050,2024-07-29 00:00:00,fabiola,3.5,Ronald,AM
4070,9051,2024-07-29 00:00:00,garcita,5.3,Manuel,AM
4071,2096,2024-07-29 00:00:00,gaviota,4.2,Tampiquen,AM
4072,0284,2024-07-29 00:00:00,girasol,2.6,Ronald,AM
4073,1091A,2024-07-29 00:00:00,goldita,3.3,Yunior,AM
4074,9125,2024-07-29 00:00:00,golondrina,3.3,Manuel,AM
4075,2090A,2024-07-29 00:00:00,guacharaca,4.1,Yunior,AM
4076,5077,2024-07-29 00:00:00,guanota,3.4,Manuel,AM
4077,8033,2024-07-29 00:00:00,guariqueña,3.6,Manuel,AM
4078,7022,2024-07-29 00:00:00,hato grande,5.4,Carlos,AM
4079,9099,2024-07-29 00:00:00,la china,1.8,Tampiquen,AM
4080,0272,2024-07-29 00:00:00,la guara,4.2,Yunior,AM
4081,4151,2024-07-29 00:00:00,la que amarro,5.0,Tampiquen,AM
4082,80121,2024-07-29 00:00:00,lomo rallado,3.3,Ronald,AM
4083,2124A,2024-07-29 00:00:00,luisa,5.7,Carlos,AM
4084,0249,2024-07-29 00:00:00,lula,2.9,Tampiquen,AM
4085,3021A,2024-07-29 00:00:00,luna llena,4.6,Ronald,AM
4086,2209A,2024-07-29 00:00:00,lunita,3.5,Carlos,AM
4087,7017,2024-07-29 00:00:00,maita,3.3,Manuel,AM
4088,2047,2024-07-29 00:00:00,mal tiempo,4.9,Carlos,AM
4089,0336,2024-07-29 00:00:00,mantecal,3.3,Yunior,AM
4090,0322,2024-07-29 00:00:00,manto negro,2.8,Tampiquen,AM
4091,5052,2024-07-29 00:00:00,manzanita,3.8,Yunior,AM
4092,5007,2024-07-29 00:00:00,maravilla,3.7,Manuel,AM
4093,6067,2024-07-29 00:00:00,mariposa,4.5,Yunior,AM
4094,5030,2024-07-29 00:00:00,marisol,2.9,Carlos,AM
4095,1095A,2024-07-29 00:00:00,marucha1,4.1,Tampiquen,AM
4096,20334,2024-07-29 00:00:00,media luna,2.6,Yunior,AM
4097,8006,2024-07-29 00:00:00,metrelleta,2.0,Manuel,AM
4098,2171,2024-07-29 00:00:00,mis amores,4.1,Yunior,AM
4099,2073,2024-07-29 00:00:00,morena,6.8,Carlos,AM
4100,0229,2024-07-29 00:00:00,navidad,2.3,Tampiquen,AM
4101,8036,2024-07-29 00:00:00,negrita,4.0,Manuel,AM
4102,5079,2024-07-29 00:00:00,noche oscura,1.9,Manuel,AM
4103,0323,2024-07-29 00:00:00,olga lucia,4.0,Yunior,AM
4104,91262,2024-07-29 00:00:00,olivia,3.9,Manuel,AM
4105,0231A,2024-07-29 00:00:00,paola,2.9,Ronald,AM
4106,2133A,2024-07-29 00:00:00,paso doble,3.1,Carlos,AM
4107,5146,2024-07-29 00:00:00,pata quebrada,3.7,Manuel,AM
4108,0201,2024-07-29 00:00:00,patrona,2.8,Yunior,AM
4109,9006,2024-07-29 00:00:00,pegazo,3.8,Carlos,AM
4110,9071,2024-07-29 00:00:00,perro de agua,3.3,Carlos,AM
4111,8096,2024-07-29 00:00:00,petroleo,1.3,Ronald,AM
4112,3043,2024-07-29 00:00:00,punto fijo,2.9,Ronald,AM
4113,2021,2024-07-29 00:00:00,rabo podrido,2.9,Yunior,AM
4114,5060,2024-07-29 00:00:00,rebelde,3.8,Manuel,AM
4115,9015,2024-07-29 00:00:00,reina del sur,2.9,Ronald,AM
4116,7012,2024-07-29 00:00:00,rojita,4.1,Manuel,AM
4117,0267,2024-07-29 00:00:00,roñera,4.2,Tampiquen,AM
4118,8019,2024-07-29 00:00:00,ropa sucia,4.9,Yunior,AM
4119,8050,2024-07-29 00:00:00,rosa blanca,2.9,Ronald,AM
4120,6043,2024-07-29 00:00:00,rosita,4.0,Carlos,AM
4121,0259,2024-07-29 00:00:00,sambita,4.1,Carlos,AM
4122,8054,2024-07-29 00:00:00,sangre de toro,3.0,Tampiquen,AM
4123,3026A,2024-07-29 00:00:00,sardina,5.8,Manuel,AM
4124,7061,2024-07-29 00:00:00,sofia,3.0,Tampiquen,AM
4125,0278,2024-07-29 00:00:00,sulimar,3.3,Tampiquen,AM
4126,9007,2024-07-29 00:00:00,susana,2.7,Carlos,AM
4127,2234,2024-07-29 00:00:00,taparita,2.3,Ronald,AM
4128,0500,2024-07-29 00:00:00,tiburona,3.6,Yunior,AM
4129,3107,2024-07-29 00:00:00,toldita,4.6,Ronald,AM
4130,9053,2024-07-29 00:00:00,uñaegato,4.1,Yunior,AM
4131,2130,2024-07-29 00:00:00,veratris,2.5,Tampiquen,AM
4132,0333,2024-07-29 00:00:00,veronica,3.1,Manuel,AM
4133,8017,2024-07-29 00:00:00,yanire,3.1,Ronald,AM
4134,0111,2024-07-29 00:00:00,yirbeli,3.7,Ronald,AM
4135,0298A,2024-07-29 00:00:00,almendron,3.7,Manuel,PM
4136,8063,2024-07-29 00:00:00,amarilla,3.1,Yunior,PM
4137,5076,2024-07-29 00:00:00,anais,2.4,carlos,PM
4138,9058,2024-07-29 00:00:00,año nuevo,2.5,Manuel,PM
4139,9103,2024-07-29 00:00:00,barco lleno,3.3,Manuel,PM
4140,8030,2024-07-29 00:00:00,barrilito,2.5,Ronald,PM
4141,6021,2024-07-29 00:00:00,berenjena,4.5,carlos,PM
4142,4035,2024-07-29 00:00:00,blanca flor,3.1,carlos,PM
4143,3003A,2024-07-29 00:00:00,blanca nieves,4.3,Tampiquen,PM
4144,2080,2024-07-29 00:00:00,blanquita1,4.6,Tampiquen,PM
4145,9076,2024-07-29 00:00:00,bonita,2.3,Tampiquen,PM
4146,7074,2024-07-29 00:00:00,cacho e tornillo,4.1,Yunior,PM
4147,0226,2024-07-29 00:00:00,candidita,2.6,Tampiquen,PM
4148,1004,2024-07-29 00:00:00,cara linda,3.0,carlos,PM
4149,4095,2024-07-29 00:00:00,cara sucia,2.5,Ronald,PM
4150,91242,2024-07-29 00:00:00,caroreña,2.1,Yunior,PM
4151,2180A,2024-07-29 00:00:00,ceniza,3.9,carlos,PM
4152,9037,2024-07-29 00:00:00,chilindrina,2.1,Tampiquen,PM
4153,7059,2024-07-29 00:00:00,chinga dos,4.2,Manuel,PM
4154,7028,2024-07-29 00:00:00,cigarrona,3.5,Tampiquen,PM
4155,9073,2024-07-29 00:00:00,cocoemono,2.3,Ronald,PM
4156,80882,2024-07-29 00:00:00,corazon,3.4,Tampiquen,PM
4157,809,2024-07-29 00:00:00,corralito,4.0,Yunior,PM
4158,0329,2024-07-29 00:00:00,culebra,2.0,Ronald,PM
4159,30212,2024-07-29 00:00:00,diabla,3.1,Tampiquen,PM
4160,0241,2024-07-29 00:00:00,dominguita,4.0,Yunior,PM
4161,8079,2024-07-29 00:00:00,doña maria,2.8,carlos,PM
4162,3750,2024-07-29 00:00:00,eloiza,3.8,carlos,PM
4163,34,2024-07-29 00:00:00,esperanza,2.6,Manuel,PM
4164,2050,2024-07-29 00:00:00,fabiola,3.1,Ronald,PM
4165,9051,2024-07-29 00:00:00,garcita,4.2,carlos,PM
4166,1091A,2024-07-29 00:00:00,goldita,3.2,Yunior,PM
4167,2090A,2024-07-29 00:00:00,guacharaca,3.6,Yunior,PM
4168,5077,2024-07-29 00:00:00,guanota,2.8,Manuel,PM
4169,8033,2024-07-29 00:00:00,guariqueña,1.9,Yunior,PM
4170,4151,2024-07-29 00:00:00,la que amarro,3.8,Tampiquen,PM
4171,80121,2024-07-29 00:00:00,lomo rallado,3.3,Manuel,PM
4172,2124A,2024-07-29 00:00:00,luisa,5.2,Tampiquen,PM
4173,0249,2024-07-29 00:00:00,lula,2.6,Ronald,PM
4174,2209A,2024-07-29 00:00:00,lunita,2.7,Yunior,PM
4175,7017,2024-07-29 00:00:00,maita,3.8,Yunior,PM
4176,2047,2024-07-29 00:00:00,mal tiempo,4.2,Yunior,PM
4177,0336,2024-07-29 00:00:00,mantecal,2.4,Yunior,PM
4178,0322,2024-07-29 00:00:00,manto negro,2.2,Ronald,PM
4179,5052,2024-07-29 00:00:00,manzanita,3.5,Yunior,PM
4180,6067,2024-07-29 00:00:00,mariposa,3.4,carlos,PM
4181,5030,2024-07-29 00:00:00,marisol,3.1,Yunior,PM
4182,1095A,2024-07-29 00:00:00,marucha1,4.1,Ronald,PM
4183,20334,2024-07-29 00:00:00,media luna,2.4,Ronald,PM
4184,2171,2024-07-29 00:00:00,mis amores,3.2,Manuel,PM
4185,2073,2024-07-29 00:00:00,morena,5.3,carlos,PM
4186,0229,2024-07-29 00:00:00,navidad,2.1,Tampiquen,PM
4187,8036,2024-07-29 00:00:00,negrita,3.2,Ronald,PM
4188,5079,2024-07-29 00:00:00,noche oscura,1.5,Ronald,PM
4189,0323,2024-07-29 00:00:00,olga lucia,3.3,carlos,PM
4190,91262,2024-07-29 00:00:00,olivia,3.3,carlos,PM
4191,5146,2024-07-29 00:00:00,pata quebrada,4.0,Manuel,PM
4192,0201,2024-07-29 00:00:00,patrona,3.5,Yunior,PM
4193,3043,2024-07-29 00:00:00,punto fijo,2.4,Ronald,PM
4194,9015,2024-07-29 00:00:00,reina del sur,2.3,Ronald,PM
4195,7012,2024-07-29 00:00:00,rojita,2.4,Yunior,PM
4196,0267,2024-07-29 00:00:00,roñera,2.7,Tampiquen,PM
4197,8019,2024-07-29 00:00:00,ropa sucia,3.2,Tampiquen,PM
4198,8050,2024-07-29 00:00:00,rosa blanca,2.0,Ronald,PM
4199,0259,2024-07-29 00:00:00,sambita,3.9,Yunior,PM
4200,8054,2024-07-29 00:00:00,sangre de toro,2.5,Tampiquen,PM
4201,3026A,2024-07-29 00:00:00,sardina,4.5,Tampiquen,PM
4202,7061,2024-07-29 00:00:00,sofia,2.4,Ronald,PM
4203,2234,2024-07-29 00:00:00,taparita,2.4,Ronald,PM
4204,0500,2024-07-29 00:00:00,tiburona,3.3,Ronald,PM
4205,3107,2024-07-29 00:00:00,toldita,4.0,Ronald,PM
4206,9053,2024-07-29 00:00:00,uñaegato,3.5,Manuel,PM
4207,0333,2024-07-29 00:00:00,veronica,1.6,Ronald,PM
4208,8017,2024-07-29 00:00:00,yanire,3.7,carlos,PM
4209,0298A,2024-09-22 00:00:00,almendron,3.4,Carlos,AM
4210,8063,2024-09-22 00:00:00,amarilla,3.6,Tampiquen,AM
4211,5076,2024-09-22 00:00:00,anais,3.4,Ronaldo,AM
4212,9058,2024-09-22 00:00:00,año nuevo,3.5,Carlos,AM
4213,6011,2024-09-22 00:00:00,azuleja,2.8,Manuel,AM
4214,9103,2024-09-22 00:00:00,barco lleno,2.5,Carlos,AM
4215,8030,2024-09-22 00:00:00,barrilito,3.0,Carlos,AM
4216,6021,2024-09-22 00:00:00,berenjena,4.7,Ronaldo,AM
4217,1066A,2024-09-22 00:00:00,biscocho,3.4,Tampiquen,AM
4218,4035,2024-09-22 00:00:00,blanca flor,3.7,Ronaldo,AM
4219,3003A,2024-09-22 00:00:00,blanca nieves,4.9,Ronaldo,AM
4220,2080,2024-09-22 00:00:00,blanquita1,5.0,Tampiquen,AM
4221,4018,2024-09-22 00:00:00,bocanegra,4.2,Carlos,AM
4222,9076,2024-09-22 00:00:00,bonita,3.2,Tampiquen,AM
4223,80272,2024-09-22 00:00:00,cachicama,3.1,Carlos,AM
4224,2063A,2024-09-22 00:00:00,cacho e gusano,4.9,Manuel,AM
4225,7074,2024-09-22 00:00:00,cacho e tornillo,3.8,Tampiquen,AM
4226,4055,2024-09-22 00:00:00,campanita,3.3,Manuel,AM
4227,3119,2024-09-22 00:00:00,campesina,3.0,Carlos,AM
4228,2149A,2024-09-22 00:00:00,camukenga,4.2,Tampiquen,AM
4229,0226,2024-09-22 00:00:00,candidita,3.4,Carlos,AM
4230,3132,2024-09-22 00:00:00,canelita 2,2.2,Yunior,AM
4231,8062,2024-09-22 00:00:00,cara de queso,5.2,Manuel,AM
4232,1004,2024-09-22 00:00:00,cara linda,3.5,Manuel,AM
4233,2148A,2024-09-22 00:00:00,cara negra,4.5,Carlos,AM
4234,0132,2024-09-22 00:00:00,carbon,3.4,Carlos,AM
4235,5150,2024-09-22 00:00:00,carevieja,3.7,Manuel,AM
4236,2180A,2024-09-22 00:00:00,ceniza,3.7,Tampiquen,AM
4237,8094,2024-09-22 00:00:00,chava,4.6,Ronaldo,AM
4238,9037,2024-09-22 00:00:00,chilindrina,2.8,Ronaldo,AM
4239,7059,2024-09-22 00:00:00,chinga dos,3.2,Ronaldo,AM
4240,8077,2024-09-22 00:00:00,chiquita,3.9,Ronaldo,AM
4241,7028,2024-09-22 00:00:00,cigarrona,3.9,Manuel,AM
4242,9091,2024-09-22 00:00:00,colorin,3.5,Ronaldo,AM
4243,80882,2024-09-22 00:00:00,corazon,5.2,Ronaldo,AM
4244,809,2024-09-22 00:00:00,corralito,3.5,Yunior,AM
4245,0329,2024-09-22 00:00:00,culebra,2.3,Yunior,AM
4246,8087,2024-09-22 00:00:00,dalmata,4.4,Carlos,AM
4247,30212,2024-09-22 00:00:00,diabla,3.8,Tampiquen,AM
4248,0241,2024-09-22 00:00:00,dominguita,3.8,Ronaldo,AM
4249,8079,2024-09-22 00:00:00,doña maria,3.5,Tampiquen,AM
4250,3750,2024-09-22 00:00:00,eloiza,4.1,Yunior,AM
4251,34,2024-09-22 00:00:00,esperanza,2.8,Carlos,AM
4252,2050,2024-09-22 00:00:00,fabiola,4.4,Carlos,AM
4253,8045,2024-09-22 00:00:00,frescolita,4.2,Yunior,AM
4254,9051,2024-09-22 00:00:00,garcita,4.7,Manuel,AM
4255,2096,2024-09-22 00:00:00,gaviota,2.0,Yunior,AM
4256,0284,2024-09-22 00:00:00,girasol,3.8,Ronaldo,AM
4257,1091A,2024-09-22 00:00:00,goldita,4.0,Carlos,AM
4258,9125,2024-09-22 00:00:00,golondrina,4.2,Manuel,AM
4259,2090A,2024-09-22 00:00:00,guacharaca,3.6,Yunior,AM
4260,8033,2024-09-22 00:00:00,guariqueña,3.0,Carlos,AM
4261,7022,2024-09-22 00:00:00,hato grande,4.0,Yunior,AM
4262,1015,2024-09-22 00:00:00,la chinga,3.6,Yunior,AM
4263,0272,2024-09-22 00:00:00,la guara,3.8,Yunior,AM
4264,4151,2024-09-22 00:00:00,la que amarro,4.7,Ronaldo,AM
4265,80121,2024-09-22 00:00:00,lomo rallado,4.3,Ronaldo,AM
4266,2124A,2024-09-22 00:00:00,luisa,5.8,Tampiquen,AM
4267,0249,2024-09-22 00:00:00,lula,2.9,Tampiquen,AM
4268,2209A,2024-09-22 00:00:00,lunita,3.3,Yunior,AM
4269,7017,2024-09-22 00:00:00,maita,3.9,Manuel,AM
4270,2047,2024-09-22 00:00:00,mal tiempo,3.8,Tampiquen,AM
4271,EMB 5,2024-09-22 00:00:00,mama juana,2.1,Manuel,AM
4272,0336,2024-09-22 00:00:00,mantecal,3.9,Carlos,AM
4273,0322,2024-09-22 00:00:00,manto negro,3.5,Tampiquen,AM
4274,5052,2024-09-22 00:00:00,manzanita,3.2,Tampiquen,AM
4275,6067,2024-09-22 00:00:00,mariposa,3.9,Ronaldo,AM
4276,5030,2024-09-22 00:00:00,marisol,3.0,Tampiquen,AM
4277,1095A,2024-09-22 00:00:00,marucha1,5.0,Ronaldo,AM
4278,20334,2024-09-22 00:00:00,media luna,3.6,Carlos,AM
4279,2171,2024-09-22 00:00:00,mis amores,3.4,Yunior,AM
4280,2073,2024-09-22 00:00:00,morena,6.3,Tampiquen,AM
4281,0229,2024-09-22 00:00:00,navidad,3.7,Manuel,AM
4282,5079,2024-09-22 00:00:00,noche oscura,3.0,Carlos,AM
4283,0323,2024-09-22 00:00:00,olga lucia,3.5,Ronaldo,AM
4284,91262,2024-09-22 00:00:00,olivia,3.3,Yunior,AM
4285,0231A,2024-09-22 00:00:00,paola,2.7,Carlos,AM
4286,5146,2024-09-22 00:00:00,pata quebrada,3.4,Manuel,AM
4287,0201,2024-09-22 00:00:00,patrona,3.1,Carlos,AM
4288,9006,2024-09-22 00:00:00,pegazo,4.4,Carlos,AM
4289,2196A,2024-09-22 00:00:00,peluche,4.8,Yunior,AM
4290,8086,2024-09-22 00:00:00,peresosa,2.2,Carlos,AM
4291,9071,2024-09-22 00:00:00,perro de agua,2.2,Tampiquen,AM
4292,0128,2024-09-22 00:00:00,plateada,2.2,Manuel,AM
4293,8046,2024-09-22 00:00:00,princesa,6.7,Yunior,AM
4294,3043,2024-09-22 00:00:00,punto fijo,3.2,Ronaldo,AM
4295,2021,2024-09-22 00:00:00,rabo podrido,3.6,Yunior,AM
4296,5060,2024-09-22 00:00:00,rebelde,3.2,Manuel,AM
4297,5679,2024-09-22 00:00:00,redonda,3.6,Manuel,AM
4298,9015,2024-09-22 00:00:00,reina del sur,6.6,Manuel,AM
4299,4101,2024-09-22 00:00:00,reina mora,4.1,Carlos,AM
4300,7012,2024-09-22 00:00:00,rojita,3.5,Manuel,AM
4301,0267,2024-09-22 00:00:00,roñera,4.1,Tampiquen,AM
4302,8019,2024-09-22 00:00:00,ropa sucia,4.4,Manuel,AM
4303,8050,2024-09-22 00:00:00,rosa blanca,4.2,Carlos,AM
4304,6043,2024-09-22 00:00:00,rosita,3.8,Tampiquen,AM
4305,8048,2024-09-22 00:00:00,safira,3.3,Tampiquen,AM
4306,0259,2024-09-22 00:00:00,sambita,4.5,Yunior,AM
4307,8054,2024-09-22 00:00:00,sangre de toro,3.3,Tampiquen,AM
4308,3026A,2024-09-22 00:00:00,sardina,3.3,Carlos,AM
4309,7061,2024-09-22 00:00:00,sofia,2.9,Tampiquen,AM
4310,0278,2024-09-22 00:00:00,sulimar,5.2,Yunior,AM
4311,2234,2024-09-22 00:00:00,taparita,4.0,Yunior,AM
4312,0500,2024-09-22 00:00:00,tiburona,3.3,Tampiquen,AM
4313,3107,2024-09-22 00:00:00,toldita,3.4,Ronaldo,AM
4314,7077,2024-09-22 00:00:00,topita dos,2.8,Carlos,AM
4315,9053,2024-09-22 00:00:00,uñaegato,3.7,Manuel,AM
4316,2094A,2024-09-22 00:00:00,venaita,5.4,Ronaldo,AM
4317,0333,2024-09-22 00:00:00,veronica,2.9,Ronaldo,AM
4318,4007,2024-09-22 00:00:00,victoria,2.9,Manuel,AM
4319,8017,2024-09-22 00:00:00,yanire,3.7,Ronaldo,AM
4320,0111,2024-09-22 00:00:00,yirbeli,3.7,Ronaldo,AM
4321,8076,2024-09-22 00:00:00,yorgelis,4.0,Carlos,AM
4322,0353,2024-09-22 00:00:00,,3.9,Ronaldo,AM
4323,2040,2024-09-22 00:00:00,,4.5,Carlos,AM
4324,9024,2024-09-22 00:00:00,,3.0,Carlos,AM
4325,8043,2024-09-22 00:00:00,,5.7,Manuel,AM
4326,2072,2024-09-22 00:00:00,,2.7,Yunior,AM
4327,0298A,2024-09-22 00:00:00,almendron,3.3,Tampiquen,PM
4328,4072,2024-09-22 00:00:00,andrea,2.8,Tampiquen,PM
4329,9058,2024-09-22 00:00:00,año nuevo,3.4,Manuel,PM
4330,9103,2024-09-22 00:00:00,barco lleno,2.9,Yunior,PM
4331,8030,2024-09-22 00:00:00,barrilito,2.1,Tampiquen,PM
4332,6021,2024-09-22 00:00:00,berenjena,3.4,Manuel,PM
4333,4035,2024-09-22 00:00:00,blanca flor,3.0,Ronaldo,PM
4334,3003A,2024-09-22 00:00:00,blanca nieves,3.4,Yunior,PM
4335,2080,2024-09-22 00:00:00,blanquita1,3.8,Ronaldo,PM
4336,4018,2024-09-22 00:00:00,bocanegra,3.8,Ronaldo,PM
4337,9076,2024-09-22 00:00:00,bonita,2.8,Tampiquen,PM
4338,2063A,2024-09-22 00:00:00,cacho e gusano,5.0,Tampiquen,PM
4339,7074,2024-09-22 00:00:00,cacho e tornillo,3.5,Tampiquen,PM
4340,4055,2024-09-22 00:00:00,campanita,2.0,Manuel,PM
4341,3119,2024-09-22 00:00:00,campesina,2.8,Tampiquen,PM
4342,2149A,2024-09-22 00:00:00,camukenga,4.3,Yunior,PM
4343,0226,2024-09-22 00:00:00,candidita,3.0,Manuel,PM
4344,1004,2024-09-22 00:00:00,cara linda,2.5,Manuel,PM
4345,2148A,2024-09-22 00:00:00,cara negra,4.1,Carlos,PM
4346,2180A,2024-09-22 00:00:00,ceniza,3.5,Carlos,PM
4347,9037,2024-09-22 00:00:00,chilindrina,2.5,Tampiquen,PM
4348,7059,2024-09-22 00:00:00,chinga dos,3.1,Manuel,PM
4349,7028,2024-09-22 00:00:00,cigarrona,4.1,Yunior,PM
4350,80882,2024-09-22 00:00:00,corazon,3.6,Ronaldo,PM
4351,809,2024-09-22 00:00:00,corralito,3.2,Ronaldo,PM
4352,0329,2024-09-22 00:00:00,culebra,3.0,Ronaldo,PM
4353,8087,2024-09-22 00:00:00,dalmata,3.2,Yunior,PM
4354,30212,2024-09-22 00:00:00,diabla,2.8,Carlos,PM
4355,0241,2024-09-22 00:00:00,dominguita,4.1,Yunior,PM
4356,8079,2024-09-22 00:00:00,doña maria,2.8,Ronaldo,PM
4357,3750,2024-09-22 00:00:00,eloiza,3.7,Ronaldo,PM
4358,34,2024-09-22 00:00:00,esperanza,3.4,Manuel,PM
4359,2050,2024-09-22 00:00:00,fabiola,3.4,Carlos,PM
4360,8045,2024-09-22 00:00:00,frescolita,3.7,Tampiquen,PM
4361,9051,2024-09-22 00:00:00,garcita,3.3,Yunior,PM
4362,1091A,2024-09-22 00:00:00,goldita,3.0,Manuel,PM
4363,2090A,2024-09-22 00:00:00,guacharaca,3.3,Tampiquen,PM
4364,5077,2024-09-22 00:00:00,guanota,3.7,Ronaldo,PM
4365,8033,2024-09-22 00:00:00,guariqueña,2.2,Yunior,PM
4366,1015,2024-09-22 00:00:00,la chinga,4.1,Ronaldo,PM
4367,4151,2024-09-22 00:00:00,la que amarro,3.6,Tampiquen,PM
4368,80121,2024-09-22 00:00:00,lomo rallado,3.7,Ronaldo,PM
4369,2124A,2024-09-22 00:00:00,luisa,4.7,Tampiquen,PM
4370,0249,2024-09-22 00:00:00,lula,3.0,Manuel,PM
4371,2209A,2024-09-22 00:00:00,lunita,2.9,Carlos,PM
4372,7017,2024-09-22 00:00:00,maita,2.9,Tampiquen,PM
4373,2047,2024-09-22 00:00:00,mal tiempo,2.7,Yunior,PM
4374,0336,2024-09-22 00:00:00,mantecal,2.8,Yunior,PM
4375,5052,2024-09-22 00:00:00,manzanita,2.9,Manuel,PM
4376,6067,2024-09-22 00:00:00,mariposa,3.7,Yunior,PM
4377,5030,2024-09-22 00:00:00,marisol,2.5,Tampiquen,PM
4378,1095A,2024-09-22 00:00:00,marucha1,3.6,Carlos,PM
4379,2171,2024-09-22 00:00:00,mis amores,2.6,Manuel,PM
4380,2073,2024-09-22 00:00:00,morena,4.8,Carlos,PM
4381,5079,2024-09-22 00:00:00,noche oscura,3.0,Tampiquen,PM
4382,0323,2024-09-22 00:00:00,olga lucia,3.0,Ronaldo,PM
4383,91262,2024-09-22 00:00:00,olivia,3.1,Tampiquen,PM
4384,5146,2024-09-22 00:00:00,pata quebrada,2.7,Manuel,PM
4385,0201,2024-09-22 00:00:00,patrona,3.0,Carlos,PM
4386,2196A,2024-09-22 00:00:00,peluche,5.3,Carlos,PM
4387,8086,2024-09-22 00:00:00,peresosa,1.9,Manuel,PM
4388,0128,2024-09-22 00:00:00,plateada,1.4,Manuel,PM
4389,8046,2024-09-22 00:00:00,princesa,6.7,Ronaldo,PM
4390,5679,2024-09-22 00:00:00,redonda,3.3,Manuel,PM
4391,4101,2024-09-22 00:00:00,reina mora,2.4,Carlos,PM
4392,7012,2024-09-22 00:00:00,rojita,2.7,Carlos,PM
4393,0267,2024-09-22 00:00:00,roñera,3.2,Tampiquen,PM
4394,8019,2024-09-22 00:00:00,ropa sucia,3.7,Manuel,PM
4395,8048,2024-09-22 00:00:00,safira,3.3,Manuel,PM
4396,0259,2024-09-22 00:00:00,sambita,3.5,Yunior,PM
4397,8054,2024-09-22 00:00:00,sangre de toro,3.0,Tampiquen,PM
4398,3026A,2024-09-22 00:00:00,sardina,4.2,Yunior,PM
4399,2234,2024-09-22 00:00:00,taparita,2.9,Ronaldo,PM
4400,0500,2024-09-22 00:00:00,tiburona,2.7,Tampiquen,PM
4401,3107,2024-09-22 00:00:00,toldita,3.9,Yunior,PM
4402,9053,2024-09-22 00:00:00,uñaegato,3.1,Manuel,PM
4403,2094A,2024-09-22 00:00:00,venaita,4.2,Ronaldo,PM
4404,0333,2024-09-22 00:00:00,veronica,2.1,Manuel,PM
4405,4007,2024-09-22 00:00:00,victoria,1.8,Manuel,PM
4406,8017,2024-09-22 00:00:00,yanire,3.2,Carlos,PM
4407,0353,2024-09-22 00:00:00,,4.0,Carlos,PM
4408,2040,2024-09-22 00:00:00,,3.1,Carlos,PM
4409,9024,2024-09-22 00:00:00,,3.0,Carlos,PM
4410,9126A,2024-09-22 00:00:00,,1.7,Tampiquen,PM
4411,8043,2024-09-22 00:00:00,,4.3,Carlos,PM
4412,0298A,2024-10-14 00:00:00,almendron,3.3,Ronaldo,AM
4413,0353,2024-10-14 00:00:00,Altagracia,4.2,Ronaldo,AM
4414,8063,2024-10-14 00:00:00,amarilla,3.8,Ronaldo,AM
4415,5076,2024-10-14 00:00:00,anais,2.5,Tampiquen,AM
4416,4072,2024-10-14 00:00:00,andrea,3.3,Tampiquen,AM
4417,9024,2024-10-14 00:00:00,aventura,3.0,Carlos,AM
4418,6011,2024-10-14 00:00:00,azuleja,2.8,Tampiquen,AM
4419,9103,2024-10-14 00:00:00,barco lleno,2.9,Manuel,AM
4420,8030,2024-10-14 00:00:00,barrilito,2.0,Tampiquen,AM
4421,6021,2024-10-14 00:00:00,berenjena,2.6,Tampiquen,AM
4422,1066A,2024-10-14 00:00:00,biscocho,2.9,Carlos,AM
4423,3003A,2024-10-14 00:00:00,blanca nieves,4.2,Tampiquen,AM
4424,2080,2024-10-14 00:00:00,blanquita1,4.1,Yunior,AM
4425,4018,2024-10-14 00:00:00,bocanegra,4.1,Manuel,AM
4426,9076,2024-10-14 00:00:00,bonita,3.3,Carlos,AM
4427,80272,2024-10-14 00:00:00,cachicama,3.6,Tampiquen,AM
4428,2063A,2024-10-14 00:00:00,cacho e gusano,5.2,Tampiquen,AM
4429,7074,2024-10-14 00:00:00,cacho e tornillo,3.9,Tampiquen,AM
4430,4055,2024-10-14 00:00:00,campanita,2.0,Ronaldo,AM
4431,3119,2024-10-14 00:00:00,campesina,3.3,Carlos,AM
4432,2149A,2024-10-14 00:00:00,camukenga,3.9,Tampiquen,AM
4433,0226,2024-10-14 00:00:00,candidita,3.4,Manuel,AM
4434,3132,2024-10-14 00:00:00,canelita 2,1.6,Yunior,AM
4435,8062,2024-10-14 00:00:00,cara de queso,4.2,Carlos,AM
4436,1004,2024-10-14 00:00:00,cara linda,2.7,Yunior,AM
4437,2148A,2024-10-14 00:00:00,cara negra,3.4,Manuel,AM
4438,5150,2024-10-14 00:00:00,carevieja,3.4,Tampiquen,AM
4439,2180A,2024-10-14 00:00:00,ceniza,3.9,Tampiquen,AM
4440,9037,2024-10-14 00:00:00,chilindrina,4.8,Ronaldo,AM
4441,7059,2024-10-14 00:00:00,chinga dos,3.3,Yunior,AM
4442,8077,2024-10-14 00:00:00,chiquita,2.9,Yunior,AM
4443,7028,2024-10-14 00:00:00,cigarrona,4.0,Yunior,AM
4444,9091,2024-10-14 00:00:00,colorin,3.3,Manuel,AM
4445,80882,2024-10-14 00:00:00,corazon,4.5,Ronaldo,AM
4446,809,2024-10-14 00:00:00,corralito,3.8,Carlos,AM
4447,0329,2024-10-14 00:00:00,culebra,3.4,Yunior,AM
4448,8087,2024-10-14 00:00:00,dalmata,3.7,Yunior,AM
4449,30212,2024-10-14 00:00:00,diabla,3.1,Manuel,AM
4450,0241,2024-10-14 00:00:00,dominguita,4.2,Ronaldo,AM
4451,8079,2024-10-14 00:00:00,doña maria,3.1,Yunior,AM
4452,3750,2024-10-14 00:00:00,eloiza,3.9,Yunior,AM
4453,34,2024-10-14 00:00:00,esperanza,2.9,Ronaldo,AM
4454,2050,2024-10-14 00:00:00,fabiola,4.3,Carlos,AM
4455,8045,2024-10-14 00:00:00,frescolita,4.8,Yunior,AM
4456,9051,2024-10-14 00:00:00,garcita,3.7,Tampiquen,AM
4457,1091A,2024-10-14 00:00:00,goldita,3.4,Carlos,AM
4458,9125,2024-10-14 00:00:00,golondrina,3.8,Ronaldo,AM
4459,2090A,2024-10-14 00:00:00,guacharaca,3.6,Tampiquen,AM
4460,5077,2024-10-14 00:00:00,guanota,3.7,Ronaldo,AM
4461,8033,2024-10-14 00:00:00,guariqueña,2.9,Carlos,AM
4462,7022,2024-10-14 00:00:00,hato grande,7.9,Manuel,AM
4463,1015,2024-10-14 00:00:00,la chinga,5.0,Ronaldo,AM
4464,3066B,2024-10-14 00:00:00,la mocha,4.5,Tampiquen,AM
4465,5144,2024-10-14 00:00:00,la mona,3.5,Manuel,AM
4466,4151,2024-10-14 00:00:00,la que amarro,4.4,Tampiquen,AM
4467,80121,2024-10-14 00:00:00,lomo rallado,3.9,Ronaldo,AM
4468,2124A,2024-10-14 00:00:00,luisa,5.4,Carlos,AM
4469,0249,2024-10-14 00:00:00,lula,3.6,Manuel,AM
4470,2209A,2024-10-14 00:00:00,lunita,4.1,Ronaldo,AM
4471,7017,2024-10-14 00:00:00,maita,3.6,Carlos,AM
4472,2047,2024-10-14 00:00:00,mal tiempo,3.1,Tampiquen,AM
4473,9040,2024-10-14 00:00:00,mala maña,2.2,Ronaldo,AM
4474,0336,2024-10-14 00:00:00,mantecal,3.3,Yunior,AM
4475,0322,2024-10-14 00:00:00,manto negro,2.7,Tampiquen,AM
4476,5052,2024-10-14 00:00:00,manzanita,3.1,Tampiquen,AM
4477,6067,2024-10-14 00:00:00,mariposa,4.7,Ronaldo,AM
4478,5030,2024-10-14 00:00:00,marisol,3.9,Manuel,AM
4479,1095A,2024-10-14 00:00:00,marucha1,3.3,Ronaldo,AM
4480,20334,2024-10-14 00:00:00,media luna,3.3,Ronaldo,AM
4481,2171,2024-10-14 00:00:00,mis amores,4.3,Carlos,AM
4482,2073,2024-10-14 00:00:00,morena,4.6,Tampiquen,AM
4483,4087,2024-10-14 00:00:00,negra fina,1.4,Manuel,AM
4484,5079,2024-10-14 00:00:00,noche oscura,3.3,Tampiquen,AM
4485,0323,2024-10-14 00:00:00,olga lucia,3.4,Ronaldo,AM
4486,2072,2024-10-14 00:00:00,pan quemado,4.4,Carlos,AM
4487,0231A,2024-10-14 00:00:00,paola,3.2,Manuel,AM
4488,5146,2024-10-14 00:00:00,pata quebrada,3.2,Carlos,AM
4489,0201,2024-10-14 00:00:00,patrona,2.9,Carlos,AM
4490,9006,2024-10-14 00:00:00,pegazo,2.4,Manuel,AM
4491,2196A,2024-10-14 00:00:00,peluche,4.5,Tampiquen,AM
4492,8086,2024-10-14 00:00:00,peresosa,2.2,Carlos,AM
4493,9071,2024-10-14 00:00:00,perro de agua,2.6,Tampiquen,AM
4494,8046,2024-10-14 00:00:00,princesa,5.8,Carlos,AM
4495,3043,2024-10-14 00:00:00,punto fijo,3.3,Manuel,AM
4496,5679,2024-10-14 00:00:00,redonda,4.3,Yunior,AM
4497,9015,2024-10-14 00:00:00,reina del sur,4.7,Manuel,AM
4498,4101,2024-10-14 00:00:00,reina mora,2.7,Ronaldo,AM
4499,7012,2024-10-14 00:00:00,rojita,3.7,Tampiquen,AM
4500,0267,2024-10-14 00:00:00,roñera,3.0,Tampiquen,AM
4501,8019,2024-10-14 00:00:00,ropa sucia,4.2,Manuel,AM
4502,8050,2024-10-14 00:00:00,rosa blanca,2.4,Yunior,AM
4503,6043,2024-10-14 00:00:00,rosita,3.5,Tampiquen,AM
4504,8048,2024-10-14 00:00:00,safira,5.6,Manuel,AM
4505,0259,2024-10-14 00:00:00,sambita,3.9,Carlos,AM
4506,8054,2024-10-14 00:00:00,sangre de toro,3.1,Yunior,AM
4507,3026A,2024-10-14 00:00:00,sardina,4.0,Yunior,AM
4508,3024A,2024-10-14 00:00:00,sin nombre,7.0,Manuel,AM
4509,7061,2024-10-14 00:00:00,sofia,3.4,Tampiquen,AM
4510,0278,2024-10-14 00:00:00,sulimar,4.2,Tampiquen,AM
4511,2234,2024-10-14 00:00:00,taparita,3.5,Manuel,AM
4512,8043,2024-10-14 00:00:00,tauro,4.8,Ronaldo,AM
4513,2083,2024-10-14 00:00:00,tesoro,3.0,Manuel,AM
4514,0500,2024-10-14 00:00:00,tiburona,3.2,Yunior,AM
4515,3107,2024-10-14 00:00:00,toldita,3.3,Yunior,AM
4516,7077,2024-10-14 00:00:00,topita dos,3.4,Ronaldo,AM
4517,9053,2024-10-14 00:00:00,uñaegato,3.1,Yunior,AM
4518,2094A,2024-10-14 00:00:00,venaita,5.1,Ronaldo,AM
4519,0333,2024-10-14 00:00:00,veronica,3.6,Carlos,AM
4520,4007,2024-10-14 00:00:00,victoria,2.2,Carlos,AM
4521,8017,2024-10-14 00:00:00,yanire,4.0,Ronaldo,AM
4522,0111,2024-10-14 00:00:00,yirbeli,3.7,Yunior,AM
4523,2040,2024-10-14 00:00:00,Alcaraban,4.3,Carlos,AM
4524,0298A,2024-10-14 00:00:00,almendron,3.0,Tampiquen,PM
4525,0353,2024-10-14 00:00:00,Altagracia,3.8,Yunior,PM
4526,4072,2024-10-14 00:00:00,andrea,2.8,Ronaldo,PM
4527,9024,2024-10-14 00:00:00,aventura,2.8,Carlos,PM
4528,9103,2024-10-14 00:00:00,barco lleno,2.4,Manuel,PM
4529,8030,2024-10-14 00:00:00,barrilito,2.1,Yunior,PM
4530,6021,2024-10-14 00:00:00,berenjena,1.4,Yunior,PM
4531,3003A,2024-10-14 00:00:00,blanca nieves,3.5,Tampiquen,PM
4532,2080,2024-10-14 00:00:00,blanquita1,3.4,Manuel,PM
4533,4018,2024-10-14 00:00:00,bocanegra,3.0,Manuel,PM
4534,9076,2024-10-14 00:00:00,bonita,2.7,Tampiquen,PM
4535,2063A,2024-10-14 00:00:00,cacho e gusano,4.3,Tampiquen,PM
4536,7074,2024-10-14 00:00:00,cacho e tornillo,3.4,Ronaldo,PM
4537,4055,2024-10-14 00:00:00,campanita,2.6,Manuel,PM
4538,3119,2024-10-14 00:00:00,campesina,2.3,Carlos,PM
4539,2149A,2024-10-14 00:00:00,camukenga,3.4,Tampiquen,PM
4540,0226,2024-10-14 00:00:00,candidita,2.9,Manuel,PM
4541,1004,2024-10-14 00:00:00,cara linda,2.4,Yunior,PM
4542,2148A,2024-10-14 00:00:00,cara negra,3.0,Manuel,PM
4543,2180A,2024-10-14 00:00:00,ceniza,2.7,Tampiquen,PM
4544,7059,2024-10-14 00:00:00,chinga dos,3.3,Ronaldo,PM
4545,7028,2024-10-14 00:00:00,cigarrona,3.4,Ronaldo,PM
4546,80882,2024-10-14 00:00:00,corazon,4.1,Ronaldo,PM
4547,809,2024-10-14 00:00:00,corralito,2.5,Manuel,PM
4548,8087,2024-10-14 00:00:00,dalmata,3.1,Carlos,PM
4549,30212,2024-10-14 00:00:00,diabla,2.9,Ronaldo,PM
4550,0241,2024-10-14 00:00:00,dominguita,3.2,Ronaldo,PM
4551,8079,2024-10-14 00:00:00,doña maria,2.6,Manuel,PM
4552,3750,2024-10-14 00:00:00,eloiza,3.0,Tampiquen,PM
4553,34,2024-10-14 00:00:00,esperanza,2.5,Carlos,PM
4554,2050,2024-10-14 00:00:00,fabiola,3.0,Carlos,PM
4555,8045,2024-10-14 00:00:00,frescolita,3.3,Yunior,PM
4556,9051,2024-10-14 00:00:00,garcita,2.9,Carlos,PM
4557,1091A,2024-10-14 00:00:00,goldita,2.8,Carlos,PM
4558,2090A,2024-10-14 00:00:00,guacharaca,2.3,Tampiquen,PM
4559,5077,2024-10-14 00:00:00,guanota,3.3,Ronaldo,PM
4560,8033,2024-10-14 00:00:00,guariqueña,3.2,Tampiquen,PM
4561,1015,2024-10-14 00:00:00,la chinga,3.5,Ronaldo,PM
4562,3066B,2024-10-14 00:00:00,la mocha,3.4,Tampiquen,PM
4563,5144,2024-10-14 00:00:00,la mona,2.2,Carlos,PM
4564,4151,2024-10-14 00:00:00,la que amarro,2.9,Tampiquen,PM
4565,2124A,2024-10-14 00:00:00,luisa,4.0,Tampiquen,PM
4566,0249,2024-10-14 00:00:00,lula,2.5,Yunior,PM
4567,7017,2024-10-14 00:00:00,maita,3.4,Yunior,PM
4568,2047,2024-10-14 00:00:00,mal tiempo,2.5,Ronaldo,PM
4569,9040,2024-10-14 00:00:00,mala maña,2.0,Ronaldo,PM
4570,0336,2024-10-14 00:00:00,mantecal,2.7,Tampiquen,PM
4571,5052,2024-10-14 00:00:00,manzanita,2.4,Ronaldo,PM
4572,1095A,2024-10-14 00:00:00,marucha1,2.5,Tampiquen,PM
4573,2073,2024-10-14 00:00:00,morena,4.1,Tampiquen,PM
4574,5079,2024-10-14 00:00:00,noche oscura,3.4,Yunior,PM
4575,0323,2024-10-14 00:00:00,olga lucia,2.7,Ronaldo,PM
4576,2072,2024-10-14 00:00:00,pan quemado,3.1,Carlos,PM
4577,5146,2024-10-14 00:00:00,pata quebrada,2.8,Manuel,PM
4578,0201,2024-10-14 00:00:00,patrona,2.7,Manuel,PM
4579,2196A,2024-10-14 00:00:00,peluche,4.5,Carlos,PM
4580,8086,2024-10-14 00:00:00,peresosa,2.8,Manuel,PM
4581,8046,2024-10-14 00:00:00,princesa,5.2,Yunior,PM
4582,5679,2024-10-14 00:00:00,redonda,3.5,Carlos,PM
4583,4101,2024-10-14 00:00:00,reina mora,2.2,Carlos,PM
4584,7012,2024-10-14 00:00:00,rojita,2.9,Ronaldo,PM
4585,0267,2024-10-14 00:00:00,roñera,2.6,Yunior,PM
4586,8019,2024-10-14 00:00:00,ropa sucia,3.4,Manuel,PM
4587,8048,2024-10-14 00:00:00,safira,2.7,Yunior,PM
4588,0259,2024-10-14 00:00:00,sambita,3.5,Carlos,PM
4589,8054,2024-10-14 00:00:00,sangre de toro,2.6,Tampiquen,PM
4590,3026A,2024-10-14 00:00:00,sardina,2.7,Ronaldo,PM
4591,3024A,2024-10-14 00:00:00,sin nombre,4.0,Yunior,PM
4592,2234,2024-10-14 00:00:00,taparita,2.8,Ronaldo,PM
4593,8043,2024-10-14 00:00:00,tauro,3.8,Yunior,PM
4594,2083,2024-10-14 00:00:00,tesoro,2.1,Manuel,PM
4595,0500,2024-10-14 00:00:00,tiburona,2.6,Yunior,PM
4596,3107,2024-10-14 00:00:00,toldita,2.3,Yunior,PM
4597,9053,2024-10-14 00:00:00,uñaegato,2.7,Manuel,PM
4598,2094A,2024-10-14 00:00:00,venaita,3.9,Ronaldo,PM
4599,8017,2024-10-14 00:00:00,yanire,3.3,Tampiquen,PM
4600,2040,2024-10-14 00:00:00,Alcaraban,3.1,Carlos,PM
4601,0298A,2024-10-28 00:00:00,almendron,3.7,Manuel,AM
4602,0353,2024-10-28 00:00:00,Altagracia,3.8,Tampiquen,AM
4603,5076,2024-10-28 00:00:00,anais,2.9,Tampiquen,AM
4604,4072,2024-10-28 00:00:00,andrea,3.1,Carlos,AM
4605,9024,2024-10-28 00:00:00,aventura,2.0,Tampiquen,AM
4606,6011,2024-10-28 00:00:00,azuleja,2.9,Tampiquen,AM
4607,9103,2024-10-28 00:00:00,barco lleno,2.6,Manuel,AM
4608,8030,2024-10-28 00:00:00,barrilito,2.8,Carlos,AM
4609,6021,2024-10-28 00:00:00,berenjena,1.6,Tampiquen,AM
4610,1066A,2024-10-28 00:00:00,biscocho,2.7,Carlos,AM
4611,3003A,2024-10-28 00:00:00,blanca nieves,4.1,Ronaldo,AM
4612,2080,2024-10-28 00:00:00,blanquita1,4.0,Manuel,AM
4613,4018,2024-10-28 00:00:00,bocanegra,3.9,Carlos,AM
4614,9076,2024-10-28 00:00:00,bonita,2.9,Manuel,AM
4615,80272,2024-10-28 00:00:00,cachicama,3.1,Ronaldo,AM
4616,2063A,2024-10-28 00:00:00,cacho e gusano,4.2,Carlos,AM
4617,7074,2024-10-28 00:00:00,cacho e tornillo,3.4,Tampiquen,AM
4618,4055,2024-10-28 00:00:00,campanita,3.1,Ronaldo,AM
4619,3119,2024-10-28 00:00:00,campesina,2.9,Tampiquen,AM
4620,2149A,2024-10-28 00:00:00,camukenga,3.5,Manuel,AM
4621,0226,2024-10-28 00:00:00,candidita,3.3,Ronaldo,AM
4622,8062,2024-10-28 00:00:00,cara de queso,4.4,Manuel,AM
4623,1004,2024-10-28 00:00:00,cara linda,2.8,Tampiquen,AM
4624,2148A,2024-10-28 00:00:00,cara negra,4.0,Tampiquen,AM
4625,2180A,2024-10-28 00:00:00,ceniza,3.2,Carlos,AM
4626,8094,2024-10-28 00:00:00,chava,4.1,Carlos,AM
4627,9037,2024-10-28 00:00:00,chilindrina,4.7,Ronaldo,AM
4628,7059,2024-10-28 00:00:00,chinga dos,3.8,Manuel,AM
4629,8077,2024-10-28 00:00:00,chiquita,4.2,Manuel,AM
4630,7028,2024-10-28 00:00:00,cigarrona,3.8,Tampiquen,AM
4631,9091,2024-10-28 00:00:00,colorin,3.0,Manuel,AM
4632,80882,2024-10-28 00:00:00,corazon,3.7,Carlos,AM
4633,809,2024-10-28 00:00:00,corralito,3.7,Manuel,AM
4634,0329,2024-10-28 00:00:00,culebra,4.3,Tampiquen,AM
4635,8087,2024-10-28 00:00:00,dalmata,3.8,Manuel,AM
4636,30212,2024-10-28 00:00:00,diabla,3.4,Manuel,AM
4637,0241,2024-10-28 00:00:00,dominguita,4.5,Ronaldo,AM
4638,8079,2024-10-28 00:00:00,doña maria,2.9,Tampiquen,AM
4639,3750,2024-10-28 00:00:00,eloiza,3.5,Ronaldo,AM
4640,34,2024-10-28 00:00:00,esperanza,3.1,Tampiquen,AM
4641,2050,2024-10-28 00:00:00,fabiola,3.6,Manuel,AM
4642,8045,2024-10-28 00:00:00,frescolita,4.2,Tampiquen,AM
4643,9051,2024-10-28 00:00:00,garcita,3.0,Tampiquen,AM
4644,0284,2024-10-28 00:00:00,girasol,2.2,Carlos,AM
4645,1091A,2024-10-28 00:00:00,goldita,3.4,Ronaldo,AM
4646,9125,2024-10-28 00:00:00,golondrina,3.6,Ronaldo,AM
4647,2090A,2024-10-28 00:00:00,guacharaca,4.0,Manuel,AM
4648,5077,2024-10-28 00:00:00,guanota,2.7,Tampiquen,AM
4649,8033,2024-10-28 00:00:00,guariqueña,3.0,Manuel,AM
4650,7022,2024-10-28 00:00:00,hato grande,6.5,Manuel,AM
4651,1015,2024-10-28 00:00:00,la chinga,4.9,Manuel,AM
4652,3066B,2024-10-28 00:00:00,la mocha,4.6,Manuel,AM
4653,5144,2024-10-28 00:00:00,la mona,3.3,Ronaldo,AM
4654,4151,2024-10-28 00:00:00,la que amarro,4.5,Tampiquen,AM
4655,60286,2024-10-28 00:00:00,llena el pote,5.1,Carlos,AM
4656,80121,2024-10-28 00:00:00,lomo rallado,3.0,Tampiquen,AM
4657,2124A,2024-10-28 00:00:00,luisa,5.0,Carlos,AM
4658,0249,2024-10-28 00:00:00,lula,4.0,Manuel,AM
4659,2209A,2024-10-28 00:00:00,lunita,2.7,Carlos,AM
4660,7017,2024-10-28 00:00:00,maita,3.6,Ronaldo,AM
4661,2047,2024-10-28 00:00:00,mal tiempo,3.5,Tampiquen,AM
4662,9040,2024-10-28 00:00:00,mala maña,2.8,Carlos,AM
4663,0336,2024-10-28 00:00:00,mantecal,3.5,Carlos,AM
4664,0322,2024-10-28 00:00:00,manto negro,2.7,Manuel,AM
4665,5052,2024-10-28 00:00:00,manzanita,2.7,Carlos,AM
4666,6067,2024-10-28 00:00:00,mariposa,2.8,Ronaldo,AM
4667,5030,2024-10-28 00:00:00,marisol,3.5,Manuel,AM
4668,1095A,2024-10-28 00:00:00,marucha1,4.3,Tampiquen,AM
4669,2073,2024-10-28 00:00:00,morena,5.4,Carlos,AM
4670,4087,2024-10-28 00:00:00,negra fina,2.3,Manuel,AM
4671,5033,2024-10-28 00:00:00,nieve,4.9,Manuel,AM
4672,5079,2024-10-28 00:00:00,noche oscura,3.0,Ronaldo,AM
4673,0323,2024-10-28 00:00:00,olga lucia,3.3,Carlos,AM
4674,2072,2024-10-28 00:00:00,pan quemado,4.3,Manuel,AM
4675,0231A,2024-10-28 00:00:00,paola,2.9,Carlos,AM
4676,5146,2024-10-28 00:00:00,pata quebrada,2.9,Manuel,AM
4677,0201,2024-10-28 00:00:00,patrona,3.6,Tampiquen,AM
4678,9006,2024-10-28 00:00:00,pegazo,3.2,Ronaldo,AM
4679,2196A,2024-10-28 00:00:00,peluche,4.7,Ronaldo,AM
4680,8086,2024-10-28 00:00:00,peresosa,1.9,Carlos,AM
4681,9071,2024-10-28 00:00:00,perro de agua,2.2,Tampiquen,AM
4682,0128,2024-10-28 00:00:00,plateada,2.0,Carlos,AM
4683,8046,2024-10-28 00:00:00,princesa,6.3,Carlos,AM
4684,3043,2024-10-28 00:00:00,punto fijo,2.8,Ronaldo,AM
4685,5679,2024-10-28 00:00:00,redonda,4.2,Ronaldo,AM
4686,9015,2024-10-28 00:00:00,reina del sur,3.3,Carlos,AM
4687,4101,2024-10-28 00:00:00,reina mora,2.8,Manuel,AM
4688,7012,2024-10-28 00:00:00,rojita,2.8,Carlos,AM
4689,0267,2024-10-28 00:00:00,roñera,3.6,Tampiquen,AM
4690,8019,2024-10-28 00:00:00,ropa sucia,3.6,Carlos,AM
4691,8050,2024-10-28 00:00:00,rosa blanca,2.8,Manuel,AM
4692,6043,2024-10-28 00:00:00,rosita,3.3,Tampiquen,AM
4693,8048,2024-10-28 00:00:00,safira,3.9,Manuel,AM
4694,0259,2024-10-28 00:00:00,sambita,4.5,Manuel,AM
4695,8054,2024-10-28 00:00:00,sangre de toro,3.7,Ronaldo,AM
4696,3026A,2024-10-28 00:00:00,sardina,4.1,Ronaldo,AM
4697,3024A,2024-10-28 00:00:00,sin nombre,5.6,Ronaldo,AM
4698,7061,2024-10-28 00:00:00,sofia,2.1,Tampiquen,AM
4699,0278,2024-10-28 00:00:00,sulimar,4.6,Ronaldo,AM
4700,2234,2024-10-28 00:00:00,taparita,2.9,Carlos,AM
4701,8043,2024-10-28 00:00:00,tauro,4.5,Tampiquen,AM
4702,2083,2024-10-28 00:00:00,tesoro,3.3,Ronaldo,AM
4703,0500,2024-10-28 00:00:00,tiburona,2.3,Tampiquen,AM
4704,3107,2024-10-28 00:00:00,toldita,2.8,Manuel,AM
4705,7077,2024-10-28 00:00:00,topita dos,2.4,Tampiquen,AM
4706,9053,2024-10-28 00:00:00,uñaegato,3.1,Manuel,AM
4707,2094A,2024-10-28 00:00:00,venaita,4.6,Carlos,AM
4708,0333,2024-10-28 00:00:00,veronica,2.9,Manuel,AM
4709,4007,2024-10-28 00:00:00,victoria,2.5,Carlos,AM
4710,8017,2024-10-28 00:00:00,yanire,3.5,Tampiquen,AM
4711,0111,2024-10-28 00:00:00,yirbeli,2.0,Tampiquen,AM
4712,2040,2024-10-28 00:00:00,alcaraban,3.6,Carlos,AM
4713,6070,2024-10-28 00:00:00,,2.5,Ronaldo,AM
4714,8005,2024-10-28 00:00:00,,1.7,Tampiquen,AM
4715,0298A,2024-10-28 00:00:00,almendron,3.0,Ronaldo,PM
4716,0353,2024-10-28 00:00:00,Altagracia,3.7,Carlos,PM
4717,4072,2024-10-28 00:00:00,andrea,3.0,Tampiquen,PM
4718,9024,2024-10-28 00:00:00,aventura,2.4,Carlos,PM
4719,9103,2024-10-28 00:00:00,barco lleno,3.1,Manuel,PM
4720,3003A,2024-10-28 00:00:00,blanca nieves,3.3,Tampiquen,PM
4721,2080,2024-10-28 00:00:00,blanquita1,3.3,Manuel,PM
4722,4018,2024-10-28 00:00:00,bocanegra,2.8,Tampiquen,PM
4723,9076,2024-10-28 00:00:00,bonita,2.9,Manuel,PM
4724,2063A,2024-10-28 00:00:00,cacho e gusano,4.5,Ronaldo,PM
4725,7074,2024-10-28 00:00:00,cacho e tornillo,3.4,Tampiquen,PM
4726,4055,2024-10-28 00:00:00,campanita,2.5,Ronaldo,PM
4727,3119,2024-10-28 00:00:00,campesina,2.4,Carlos,PM
4728,2149A,2024-10-28 00:00:00,camukenga,2.5,Tampiquen,PM
4729,0226,2024-10-28 00:00:00,candidita,3.2,Tampiquen,PM
4730,1004,2024-10-28 00:00:00,cara linda,2.4,Manuel,PM
4731,2148A,2024-10-28 00:00:00,cara negra,3.0,Carlos,PM
4732,2180A,2024-10-28 00:00:00,ceniza,2.9,Manuel,PM
4733,7059,2024-10-28 00:00:00,chinga dos,3.0,Tampiquen,PM
4734,7028,2024-10-28 00:00:00,cigarrona,3.7,Ronaldo,PM
4735,80882,2024-10-28 00:00:00,corazon,3.8,Ronaldo,PM
4736,809,2024-10-28 00:00:00,corralito,3.3,Carlos,PM
4737,8087,2024-10-28 00:00:00,dalmata,3.4,Carlos,PM
4738,30212,2024-10-28 00:00:00,diabla,3.1,Ronaldo,PM
4739,0241,2024-10-28 00:00:00,dominguita,3.6,Ronaldo,PM
4740,8079,2024-10-28 00:00:00,doña maria,2.3,Tampiquen,PM
4741,3750,2024-10-28 00:00:00,eloiza,3.1,Carlos,PM
4742,34,2024-10-28 00:00:00,esperanza,3.0,Carlos,PM
4743,2050,2024-10-28 00:00:00,fabiola,2.5,Carlos,PM
4744,8045,2024-10-28 00:00:00,frescolita,4.1,Ronaldo,PM
4745,9051,2024-10-28 00:00:00,garcita,3.1,Tampiquen,PM
4746,1091A,2024-10-28 00:00:00,goldita,2.9,Carlos,PM
4747,2090A,2024-10-28 00:00:00,guacharaca,2.1,Manuel,PM
4748,5077,2024-10-28 00:00:00,guanota,2.8,Ronaldo,PM
4749,8033,2024-10-28 00:00:00,guariqueña,2.3,Tampiquen,PM
4750,1015,2024-10-28 00:00:00,la chinga,3.8,Tampiquen,PM
4751,3066B,2024-10-28 00:00:00,la mocha,3.1,Manuel,PM
4752,5144,2024-10-28 00:00:00,la mona,3.5,Manuel,PM
4753,4151,2024-10-28 00:00:00,la que amarro,3.5,Ronaldo,PM
4754,60286,2024-10-28 00:00:00,llena el pote,4.2,Carlos,PM
4755,80121,2024-10-28 00:00:00,lomo rallado,3.2,Manuel,PM
4756,2124A,2024-10-28 00:00:00,luisa,5.3,Tampiquen,PM
4757,0249,2024-10-28 00:00:00,lula,3.0,Manuel,PM
4758,7017,2024-10-28 00:00:00,maita,3.4,Manuel,PM
4759,2047,2024-10-28 00:00:00,mal tiempo,3.1,Tampiquen,PM
4760,9040,2024-10-28 00:00:00,mala maña,2.0,Ronaldo,PM
4761,0336,2024-10-28 00:00:00,mantecal,3.0,Manuel,PM
4762,5052,2024-10-28 00:00:00,manzanita,2.6,Tampiquen,PM
4763,1095A,2024-10-28 00:00:00,marucha1,3.2,Manuel,PM
4764,2073,2024-10-28 00:00:00,morena,3.6,Manuel,PM
4765,4087,2024-10-28 00:00:00,negra fina,1.6,Manuel,PM
4766,5033,2024-10-28 00:00:00,nieve,3.3,Carlos,PM
4767,5079,2024-10-28 00:00:00,noche oscura,2.8,Tampiquen,PM
4768,0323,2024-10-28 00:00:00,olga lucia,3.0,Manuel,PM
4769,2072,2024-10-28 00:00:00,pan quemado,2.9,Carlos,PM
4770,5146,2024-10-28 00:00:00,pata quebrada,2.2,Carlos,PM
4771,0201,2024-10-28 00:00:00,patrona,2.6,Carlos,PM
4772,2196A,2024-10-28 00:00:00,peluche,3.8,Manuel,PM
4773,8086,2024-10-28 00:00:00,peresosa,2.6,Carlos,PM
4774,8046,2024-10-28 00:00:00,princesa,5.3,Carlos,PM
4775,5679,2024-10-28 00:00:00,redonda,4.3,Manuel,PM
4776,4101,2024-10-28 00:00:00,reina mora,2.7,Carlos,PM
4777,7012,2024-10-28 00:00:00,rojita,2.9,Manuel,PM
4778,0267,2024-10-28 00:00:00,roñera,2.9,Tampiquen,PM
4779,8019,2024-10-28 00:00:00,ropa sucia,2.6,Manuel,PM
4780,8048,2024-10-28 00:00:00,safira,3.4,Manuel,PM
4781,0259,2024-10-28 00:00:00,sambita,2.8,Tampiquen,PM
4782,8054,2024-10-28 00:00:00,sangre de toro,3.3,Tampiquen,PM
4783,3026A,2024-10-28 00:00:00,sardina,3.3,Carlos,PM
4784,3024A,2024-10-28 00:00:00,sin nombre,5.2,Ronaldo,PM
4785,2234,2024-10-28 00:00:00,taparita,2.3,Ronaldo,PM
4786,8043,2024-10-28 00:00:00,tauro,4.0,Ronaldo,PM
4787,2083,2024-10-28 00:00:00,tesoro,3.2,Manuel,PM
4788,0500,2024-10-28 00:00:00,tiburona,2.4,Ronaldo,PM
4789,3107,2024-10-28 00:00:00,toldita,2.2,Ronaldo,PM
4790,9053,2024-10-28 00:00:00,uñaegato,2.9,Manuel,PM
4791,2094A,2024-10-28 00:00:00,venaita,4.3,Ronaldo,PM
4792,8017,2024-10-28 00:00:00,yanire,3.3,Tampiquen,PM
4793,2040,2024-10-28 00:00:00,alcaraban,2.5,Carlos,PM
4794,6070,2024-10-28 00:00:00,,1.5,Ronaldo,PM
4795,2040,2024-11-18 00:00:00,Alcaraban,3.5,Carlos,AM
4796,0298A,2024-11-18 00:00:00,almendron,3.7,Manuel,AM
4797,0353,2024-11-18 00:00:00,Altagracia,3.4,Ronaldo,AM
4798,5076,2024-11-18 00:00:00,anais,2.0,Carlos,AM
4799,4072,2024-11-18 00:00:00,andrea,3.4,Manuel,AM
4800,9024,2024-11-18 00:00:00,aventura,3.5,Ronaldo,AM
4801,6011,2024-11-18 00:00:00,azuleja,1.9,Tampiquen,AM
4802,9103,2024-11-18 00:00:00,barco lleno,3.0,Yunior,AM
4803,8030,2024-11-18 00:00:00,barrilito,2.3,Carlos,AM
4804,6021,2024-11-18 00:00:00,berenjena,3.4,Manuel,AM
4805,1066A,2024-11-18 00:00:00,biscocho,1.9,Carlos,AM
4806,3003A,2024-11-18 00:00:00,blanca nieves,4.6,Ronaldo,AM
4807,2080,2024-11-18 00:00:00,blanquita1,4.2,Tampiquen,AM
4808,4018,2024-11-18 00:00:00,bocanegra,3.6,Carlos,AM
4809,9076,2024-11-18 00:00:00,bonita,2.5,Yunior,AM
4810,80272,2024-11-18 00:00:00,cachicama,3.1,Manuel,AM
4811,2063A,2024-11-18 00:00:00,cacho e gusano,5.6,Carlos,AM
4812,7074,2024-11-18 00:00:00,cacho e tornillo,3.8,Ronaldo,AM
4813,4055,2024-11-18 00:00:00,campanita,2.6,Yunior,AM
4814,3119,2024-11-18 00:00:00,campesina,3.3,Carlos,AM
4815,2149A,2024-11-18 00:00:00,camukenga,3.6,Yunior,AM
4816,0226,2024-11-18 00:00:00,candidita,2.9,Tampiquen,AM
4817,8062,2024-11-18 00:00:00,cara de queso,3.5,Ronaldo,AM
4818,1004,2024-11-18 00:00:00,cara linda,2.7,Carlos,AM
4819,2148A,2024-11-18 00:00:00,cara negra,3.6,Tampiquen,AM
4820,2180A,2024-11-18 00:00:00,ceniza,3.3,Manuel,AM
4821,8094,2024-11-18 00:00:00,chava,3.2,Yunior,AM
4822,9037,2024-11-18 00:00:00,chilindrina,3.8,Ronaldo,AM
4823,7059,2024-11-18 00:00:00,chinga dos,2.6,Tampiquen,AM
4824,8077,2024-11-18 00:00:00,chiquita,3.7,Ronaldo,AM
4825,7028,2024-11-18 00:00:00,cigarrona,3.8,Tampiquen,AM
4826,9091,2024-11-18 00:00:00,colorin,2.9,Manuel,AM
4827,80882,2024-11-18 00:00:00,corazon,4.2,Ronaldo,AM
4828,809,2024-11-18 00:00:00,corralito,3.7,Tampiquen,AM
4829,0329,2024-11-18 00:00:00,culebra,3.0,Tampiquen,AM
4830,8087,2024-11-18 00:00:00,dalmata,4.0,Yunior,AM
4831,30212,2024-11-18 00:00:00,diabla,3.0,Yunior,AM
4832,0241,2024-11-18 00:00:00,dominguita,4.5,Ronaldo,AM
4833,8079,2024-11-18 00:00:00,doña maria,3.8,Ronaldo,AM
4834,3750,2024-11-18 00:00:00,eloiza,3.7,Carlos,AM
4835,34,2024-11-18 00:00:00,esperanza,3.4,Ronaldo,AM
4836,2050,2024-11-18 00:00:00,fabiola,3.3,Carlos,AM
4837,8045,2024-11-18 00:00:00,frescolita,3.3,Yunior,AM
4838,9051,2024-11-18 00:00:00,garcita,4.4,Tampiquen,AM
4839,0284,2024-11-18 00:00:00,girasol,2.9,Carlos,AM
4840,1091A,2024-11-18 00:00:00,goldita,3.2,Carlos,AM
4841,9125,2024-11-18 00:00:00,golondrina,2.8,Yunior,AM
4842,5077,2024-11-18 00:00:00,guanota,3.5,Ronaldo,AM
4843,8033,2024-11-18 00:00:00,guariqueña,2.3,Ronaldo,AM
4844,7022,2024-11-18 00:00:00,hato grande,6.6,Manuel,AM
4845,1015,2024-11-18 00:00:00,la chinga,3.0,Yunior,AM
4846,3066B,2024-11-18 00:00:00,la mocha,4.3,Carlos,AM
4847,5144,2024-11-18 00:00:00,la mona,3.9,Manuel,AM
4848,4151,2024-11-18 00:00:00,la que amarro,4.3,Ronaldo,AM
4849,60286,2024-11-18 00:00:00,llena el pote,6.2,Tampiquen,AM
4850,80121,2024-11-18 00:00:00,lomo rallado,3.7,Manuel,AM
4851,2124A,2024-11-18 00:00:00,luisa,4.7,Ronaldo,AM
4852,0249,2024-11-18 00:00:00,lula,3.2,Manuel,AM
4853,7017,2024-11-18 00:00:00,maita,3.1,Carlos,AM
4854,2047,2024-11-18 00:00:00,mal tiempo,2.0,Yunior,AM
4855,9040,2024-11-18 00:00:00,mala maña,4.8,Ronaldo,AM
4856,0336,2024-11-18 00:00:00,mantecal,3.3,Carlos,AM
4857,5052,2024-11-18 00:00:00,manzanita,3.6,Yunior,AM
4858,5030,2024-11-18 00:00:00,marisol,2.6,Yunior,AM
4859,1095A,2024-11-18 00:00:00,marucha1,2.8,Tampiquen,AM
4860,2073,2024-11-18 00:00:00,morena,3.7,Yunior,AM
4861,4087,2024-11-18 00:00:00,negra fina,3.7,Tampiquen,AM
4862,5033,2024-11-18 00:00:00,nieve,6.1,Manuel,AM
4863,5079,2024-11-18 00:00:00,noche oscura,3.2,Carlos,AM
4864,0323,2024-11-18 00:00:00,olga lucia,2.6,Carlos,AM
4865,8093,2024-11-18 00:00:00,orejona,1.9,Manuel,AM
4866,0231A,2024-11-18 00:00:00,paola,2.9,Carlos,AM
4867,5146,2024-11-18 00:00:00,pata quebrada,2.7,Carlos,AM
4868,9006,2024-11-18 00:00:00,pegazo,3.2,Ronaldo,AM
4869,2196A,2024-11-18 00:00:00,peluche,4.1,Yunior,AM
4870,8086,2024-11-18 00:00:00,peresosa,3.3,Carlos,AM
4871,9071,2024-11-18 00:00:00,perro de agua,2.1,Manuel,AM
4872,0128,2024-11-18 00:00:00,plateada,2.0,Carlos,AM
4873,8046,2024-11-18 00:00:00,princesa,4.3,Yunior,AM
4874,3043,2024-11-18 00:00:00,punto fijo,2.2,Manuel,AM
4875,5679,2024-11-18 00:00:00,redonda,4.3,Manuel,AM
4876,9015,2024-11-18 00:00:00,reina del sur,2.9,Yunior,AM
4877,4101,2024-11-18 00:00:00,reina mora,2.6,Carlos,AM
4878,7012,2024-11-18 00:00:00,rojita,3.3,Ronaldo,AM
4879,0267,2024-11-18 00:00:00,roñera,3.8,Tampiquen,AM
4880,8019,2024-11-18 00:00:00,ropa sucia,3.7,Tampiquen,AM
4881,8050,2024-11-18 00:00:00,rosa blanca,3.5,Ronaldo,AM
4882,4075,2024-11-18 00:00:00,rosalia,4.1,Manuel,AM
4883,6043,2024-11-18 00:00:00,rosita,2.0,Tampiquen,AM
4884,8048,2024-11-18 00:00:00,safira,3.4,Manuel,AM
4885,0259,2024-11-18 00:00:00,sambita,4.1,Yunior,AM
4886,8054,2024-11-18 00:00:00,sangre de toro,3.1,Tampiquen,AM
4887,3026A,2024-11-18 00:00:00,sardina,4.1,Manuel,AM
4888,3024A,2024-11-18 00:00:00,sin nombre,5.2,Ronaldo,AM
4889,0278,2024-11-18 00:00:00,sulimar,3.7,Manuel,AM
4890,2234,2024-11-18 00:00:00,taparita,2.7,Manuel,AM
4891,8043,2024-11-18 00:00:00,tauro,4.2,Carlos,AM
4892,2083,2024-11-18 00:00:00,tesoro,3.4,Manuel,AM
4893,0500,2024-11-18 00:00:00,tiburona,2.3,Tampiquen,AM
4894,3107,2024-11-18 00:00:00,toldita,2.7,Yunior,AM
4895,7077,2024-11-18 00:00:00,topita dos,2.2,Tampiquen,AM
4896,9053,2024-11-18 00:00:00,uñaegato,3.6,Manuel,AM
4897,2094A,2024-11-18 00:00:00,venaita,4.3,Carlos,AM
4898,0333,2024-11-18 00:00:00,veronica,3.1,Ronaldo,AM
4899,4007,2024-11-18 00:00:00,victoria,1.3,Ronaldo,AM
4900,8017,2024-11-18 00:00:00,yanire,3.7,Yunior,AM
4901,0111,2024-11-18 00:00:00,yirbeli,2.3,Yunior,AM
4902,0330A,2024-11-18 00:00:00,,1.5,Manuel,AM
4903,6070,2024-11-18 00:00:00,,3.0,Ronaldo,AM
4904,8005,2024-11-18 00:00:00,,1.3,Yunior,AM
4905,91171,2024-11-18 00:00:00,,2.8,Carlos,AM
4906,2040,2024-11-18 00:00:00,Alcaraban,2.3,Carlos,PM
4907,0298A,2024-11-18 00:00:00,almendron,2.8,Yunior,PM
4908,0353,2024-11-18 00:00:00,Altagracia,3.2,Yunior,PM
4909,4072,2024-11-18 00:00:00,andrea,2.2,Manuel,PM
4910,9024,2024-11-18 00:00:00,aventura,2.0,Carlos,PM
4911,9103,2024-11-18 00:00:00,barco lleno,2.5,Yunior,PM
4912,3003A,2024-11-18 00:00:00,blanca nieves,3.8,Ronaldo,PM
4913,2080,2024-11-18 00:00:00,blanquita1,3.0,Tampiquen,PM
4914,4018,2024-11-18 00:00:00,bocanegra,2.8,Carlos,PM
4915,9076,2024-11-18 00:00:00,bonita,2.1,Carlos,PM
4916,2063A,2024-11-18 00:00:00,cacho e gusano,4.0,Tampiquen,PM
4917,7074,2024-11-18 00:00:00,cacho e tornillo,2.9,Tampiquen,PM
4918,4055,2024-11-18 00:00:00,campanita,3.7,Ronaldo,PM
4919,3119,2024-11-18 00:00:00,campesina,1.9,Tampiquen,PM
4920,2149A,2024-11-18 00:00:00,camukenga,2.8,Carlos,PM
4921,0226,2024-11-18 00:00:00,candidita,2.6,Tampiquen,PM
4922,2148A,2024-11-18 00:00:00,cara negra,2.9,Tampiquen,PM
4923,2180A,2024-11-18 00:00:00,ceniza,2.8,Manuel,PM
4924,7059,2024-11-18 00:00:00,chinga dos,3.8,Manuel,PM
4925,7028,2024-11-18 00:00:00,cigarrona,4.1,Manuel,PM
4926,80882,2024-11-18 00:00:00,corazon,3.4,Yunior,PM
4927,809,2024-11-18 00:00:00,corralito,2.8,Tampiquen,PM
4928,8087,2024-11-18 00:00:00,dalmata,3.0,Yunior,PM
4929,30212,2024-11-18 00:00:00,diabla,2.6,Yunior,PM
4930,0241,2024-11-18 00:00:00,dominguita,3.2,Yunior,PM
4931,3750,2024-11-18 00:00:00,eloiza,2.7,Carlos,PM
4932,34,2024-11-18 00:00:00,esperanza,2.0,Carlos,PM
4933,2050,2024-11-18 00:00:00,fabiola,2.7,Carlos,PM
4934,8045,2024-11-18 00:00:00,frescolita,4.4,Manuel,PM
4935,9051,2024-11-18 00:00:00,garcita,3.1,Tampiquen,PM
4936,1091A,2024-11-18 00:00:00,goldita,2.8,Ronaldo,PM
4937,5077,2024-11-18 00:00:00,guanota,3.0,Manuel,PM
4938,1015,2024-11-18 00:00:00,la chinga,2.4,Yunior,PM
4939,3066B,2024-11-18 00:00:00,la mocha,3.4,Ronaldo,PM
4940,5144,2024-11-18 00:00:00,la mona,2.6,Ronaldo,PM
4941,4151,2024-11-18 00:00:00,la que amarro,3.5,Tampiquen,PM
4942,60286,2024-11-18 00:00:00,llena el pote,6.3,Ronaldo,PM
4943,80121,2024-11-18 00:00:00,lomo rallado,2.3,Manuel,PM
4944,2124A,2024-11-18 00:00:00,luisa,4.2,Carlos,PM
4945,0249,2024-11-18 00:00:00,lula,2.9,Carlos,PM
4946,7017,2024-11-18 00:00:00,maita,2.7,Manuel,PM
4947,2047,2024-11-18 00:00:00,mal tiempo,1.8,Carlos,PM
4948,9040,2024-11-18 00:00:00,mala maña,3.1,Ronaldo,PM
4949,0336,2024-11-18 00:00:00,mantecal,2.5,Tampiquen,PM
4950,5052,2024-11-18 00:00:00,manzanita,2.0,Yunior,PM
4951,1095A,2024-11-18 00:00:00,marucha1,2.8,Ronaldo,PM
4952,2073,2024-11-18 00:00:00,morena,3.7,Yunior,PM
4953,5033,2024-11-18 00:00:00,nieve,3.6,Tampiquen,PM
4954,5079,2024-11-18 00:00:00,noche oscura,2.5,Carlos,PM
4955,0323,2024-11-18 00:00:00,olga lucia,2.0,Yunior,PM
4956,5146,2024-11-18 00:00:00,pata quebrada,2.0,Ronaldo,PM
4957,0201,2024-11-18 00:00:00,patrona,1.6,Tampiquen,PM
4958,2196A,2024-11-18 00:00:00,peluche,3.5,Tampiquen,PM
4959,8086,2024-11-18 00:00:00,peresosa,2.5,Manuel,PM
4960,8046,2024-11-18 00:00:00,princesa,4.8,Carlos,PM
4961,5679,2024-11-18 00:00:00,redonda,3.5,Manuel,PM
4962,4101,2024-11-18 00:00:00,reina mora,2.2,Carlos,PM
4963,7012,2024-11-18 00:00:00,rojita,2.9,Manuel,PM
4964,0267,2024-11-18 00:00:00,roñera,2.9,Tampiquen,PM
4965,8019,2024-11-18 00:00:00,ropa sucia,3.3,Manuel,PM
4966,4075,2024-11-18 00:00:00,rosalia,2.5,Carlos,PM
4967,8048,2024-11-18 00:00:00,safira,3.6,Yunior,PM
4968,0259,2024-11-18 00:00:00,sambita,3.0,Ronaldo,PM
4969,8054,2024-11-18 00:00:00,sangre de toro,2.6,Yunior,PM
4970,3026A,2024-11-18 00:00:00,sardina,3.2,Ronaldo,PM
4971,3024A,2024-11-18 00:00:00,sin nombre,5.6,Tampiquen,PM
4972,2234,2024-11-18 00:00:00,taparita,2.2,Carlos,PM
4973,8043,2024-11-18 00:00:00,tauro,3.6,Ronaldo,PM
4974,2083,2024-11-18 00:00:00,tesoro,2.8,Yunior,PM
4975,9053,2024-11-18 00:00:00,uñaegato,2.4,Ronaldo,PM
4976,2094A,2024-11-18 00:00:00,venaita,3.7,Carlos,PM
4977,8017,2024-11-18 00:00:00,yanire,3.8,Ronaldo,PM
4978,6070,2024-11-18 00:00:00,,3.6,Ronaldo,PM
4979,2040,2024-12-09 00:00:00,Alcaraban,4.4,Yunior,AM
4980,0298A,2024-12-09 00:00:00,almendron,4.0,Yunior,AM
4981,0353,2024-12-09 00:00:00,Altagracia,3.7,Carlos,AM
4982,6070,2024-12-09 00:00:00,altamisa,3.7,Ronaldo,AM
4983,4072,2024-12-09 00:00:00,andrea,2.8,Tampiquen,AM
4984,9024,2024-12-09 00:00:00,aventura,3.5,Carlos,AM
4985,6011,2024-12-09 00:00:00,azuleja,2.9,Manuel,AM
4986,9103,2024-12-09 00:00:00,barco lleno,4.4,Ronaldo,AM
4987,8030,2024-12-09 00:00:00,barrilito,2.3,Carlos,AM
4988,6021,2024-12-09 00:00:00,berenjena,3.4,Ronaldo,AM
4989,3003A,2024-12-09 00:00:00,blanca nieves,3.9,Tampiquen,AM
4990,2080,2024-12-09 00:00:00,blanquita1,4.3,Tampiquen,AM
4991,4018,2024-12-09 00:00:00,bocanegra,2.4,Carlos,AM
4992,9076,2024-12-09 00:00:00,bonita,3.1,Tampiquen,AM
4993,80272,2024-12-09 00:00:00,cachicama,3.2,Manuel,AM
4994,2063A,2024-12-09 00:00:00,cacho e gusano,4.3,Manuel,AM
4995,7074,2024-12-09 00:00:00,cacho e tornillo,3.6,Ronaldo,AM
4996,4055,2024-12-09 00:00:00,campanita,2.4,Manuel,AM
4997,3119,2024-12-09 00:00:00,campesina,3.4,Carlos,AM
4998,2149A,2024-12-09 00:00:00,camukenga,3.7,Carlos,AM
4999,0226,2024-12-09 00:00:00,candidita,1.6,Tampiquen,AM
5000,7067,2024-12-09 00:00:00,canelita 1,4.2,Carlos,AM
5001,1004,2024-12-09 00:00:00,cara linda,2.8,Carlos,AM
5002,2148A,2024-12-09 00:00:00,cara negra,3.8,Manuel,AM
5003,91171,2024-12-09 00:00:00,caramelo,5.8,Carlos,AM
5004,80472,2024-12-09 00:00:00,catalina,3.0,Ronaldo,AM
5005,2143,2024-12-09 00:00:00,catrina,5.2,Carlos,AM
5006,2180A,2024-12-09 00:00:00,ceniza,3.8,Tampiquen,AM
5007,8094,2024-12-09 00:00:00,chava,3.4,Yunior,AM
5008,9037,2024-12-09 00:00:00,chilindrina,3.7,Tampiquen,AM
5009,7059,2024-12-09 00:00:00,chinga dos,2.5,Ronaldo,AM
5010,8077,2024-12-09 00:00:00,chiquita,3.6,Manuel,AM
5011,7028,2024-12-09 00:00:00,cigarrona,4.0,Manuel,AM
5012,0330A,2024-12-09 00:00:00,cojonuda,3.5,Manuel,AM
5013,9091,2024-12-09 00:00:00,colorin,3.4,Ronaldo,AM
5014,80882,2024-12-09 00:00:00,corazon,4.5,Ronaldo,AM
5015,809,2024-12-09 00:00:00,corralito,3.5,Tampiquen,AM
5016,0329,2024-12-09 00:00:00,culebra,2.3,Tampiquen,AM
5017,8087,2024-12-09 00:00:00,dalmata,3.5,Carlos,AM
5018,30212,2024-12-09 00:00:00,diabla,3.6,Ronaldo,AM
5019,0241,2024-12-09 00:00:00,dominguita,6.5,Yunior,AM
5020,8079,2024-12-09 00:00:00,doña maria,3.4,Ronaldo,AM
5021,3750,2024-12-09 00:00:00,eloiza,3.2,Yunior,AM
5022,34,2024-12-09 00:00:00,esperanza,3.4,Carlos,AM
5023,2050,2024-12-09 00:00:00,fabiola,3.1,Carlos,AM
5024,8045,2024-12-09 00:00:00,frescolita,3.4,Yunior,AM
5025,9051,2024-12-09 00:00:00,garcita,4.0,Tampiquen,AM
5026,0284,2024-12-09 00:00:00,girasol,2.8,Manuel,AM
5027,1091A,2024-12-09 00:00:00,goldita,3.2,Carlos,AM
5028,5077,2024-12-09 00:00:00,guanota,2.8,Ronaldo,AM
5029,8033,2024-12-09 00:00:00,guariqueña,3.0,Tampiquen,AM
5030,1015,2024-12-09 00:00:00,la chinga,4.8,Manuel,AM
5031,3066B,2024-12-09 00:00:00,la mocha,2.6,Ronaldo,AM
5032,5144,2024-12-09 00:00:00,la mona,3.7,Manuel,AM
5033,4151,2024-12-09 00:00:00,la que amarro,3.5,Tampiquen,AM
5034,60286,2024-12-09 00:00:00,llena el pote,5.0,Carlos,AM
5035,80121,2024-12-09 00:00:00,lomo rallado,3.4,Ronaldo,AM
5036,2124A,2024-12-09 00:00:00,luisa,4.5,Tampiquen,AM
5037,0249,2024-12-09 00:00:00,lula,4.3,Manuel,AM
5038,7017,2024-12-09 00:00:00,maita,3.4,Yunior,AM
5039,2047,2024-12-09 00:00:00,mal tiempo,2.4,Tampiquen,AM
5040,9040,2024-12-09 00:00:00,mala maña,4.3,Ronaldo,AM
5041,0336,2024-12-09 00:00:00,mantecal,3.4,Tampiquen,AM
5042,5052,2024-12-09 00:00:00,manzanita,1.0,Carlos,AM
5043,1095A,2024-12-09 00:00:00,marucha1,3.7,Manuel,AM
5044,2073,2024-12-09 00:00:00,morena,3.8,Carlos,AM
5045,4087,2024-12-09 00:00:00,negra fina,4.8,Manuel,AM
5046,5033,2024-12-09 00:00:00,nieve,4.9,Ronaldo,AM
5047,5079,2024-12-09 00:00:00,noche oscura,3.0,Carlos,AM
5048,0323,2024-12-09 00:00:00,olga lucia,3.9,Ronaldo,AM
5049,5146,2024-12-09 00:00:00,pata quebrada,3.1,Carlos,AM
5050,9006,2024-12-09 00:00:00,pegazo,2.8,Ronaldo,AM
5051,2196A,2024-12-09 00:00:00,peluche,3.8,Tampiquen,AM
5052,8086,2024-12-09 00:00:00,peresosa,2.9,Manuel,AM
5053,9071,2024-12-09 00:00:00,perro de agua,2.2,Carlos,AM
5054,0128,2024-12-09 00:00:00,plateada,1.1,Carlos,AM
5055,8046,2024-12-09 00:00:00,princesa,6.0,Yunior,AM
5056,3043,2024-12-09 00:00:00,punto fijo,2.3,Yunior,AM
5057,5679,2024-12-09 00:00:00,redonda,3.2,Ronaldo,AM
5058,9015,2024-12-09 00:00:00,reina del sur,3.4,Manuel,AM
5059,4101,2024-12-09 00:00:00,reina mora,3.7,Carlos,AM
5060,7012,2024-12-09 00:00:00,rojita,2.1,Yunior,AM
5061,0267,2024-12-09 00:00:00,roñera,3.9,Yunior,AM
5062,8019,2024-12-09 00:00:00,ropa sucia,3.8,Manuel,AM
5063,8050,2024-12-09 00:00:00,rosa blanca,2.6,Carlos,AM
5064,4075,2024-12-09 00:00:00,rosalia,4.6,Tampiquen,AM
5065,8048,2024-12-09 00:00:00,safira,4.3,Ronaldo,AM
5066,0259,2024-12-09 00:00:00,sambita,3.0,Yunior,AM
5067,2226,2024-12-09 00:00:00,san cristobal,5.4,Manuel,AM
5068,8054,2024-12-09 00:00:00,sangre de toro,3.4,Tampiquen,AM
5069,3026A,2024-12-09 00:00:00,sardina,3.7,Tampiquen,AM
5070,3024A,2024-12-09 00:00:00,sin nombre,5.2,Ronaldo,AM
5071,0278,2024-12-09 00:00:00,sulimar,3.4,Manuel,AM
5072,9007,2024-12-09 00:00:00,susana,3.9,Ronaldo,AM
5073,2234,2024-12-09 00:00:00,taparita,2.7,Yunior,AM
5074,8043,2024-12-09 00:00:00,tauro,4.6,Yunior,AM
5075,2083,2024-12-09 00:00:00,tesoro,3.1,Manuel,AM
5076,3107,2024-12-09 00:00:00,toldita,2.8,Yunior,AM
5077,9053,2024-12-09 00:00:00,uñaegato,3.2,Carlos,AM
5078,2094A,2024-12-09 00:00:00,venaita,4.4,Manuel,AM
5079,0333,2024-12-09 00:00:00,veronica,3.4,Ronaldo,AM
5080,8017,2024-12-09 00:00:00,yanire,2.9,Tampiquen,AM
5081,0101,2024-12-09 00:00:00,mojarrita,2.0,Yunior,AM
5082,0205,2024-12-09 00:00:00,cacao,2.7,Yunior,AM
5083,0270,2024-12-09 00:00:00,bienvenida,3.7,Tampiquen,AM
5084,0299C,2024-12-09 00:00:00,rebana,3.3,Tampiquen,AM
5085,1017A,2024-12-09 00:00:00,julieta,2.5,Manuel,AM
5086,1023,2024-12-09 00:00:00,samba negra,2.9,Yunior,AM
5087,1079,2024-12-09 00:00:00,pimpollo,3.5,Ronaldo,AM
5088,1088A,2024-12-09 00:00:00,patricia,3.9,Carlos,AM
5089,2039,2024-12-09 00:00:00,claudia,2.0,Ronaldo,AM
5090,35,2024-12-09 00:00:00,turula,4.8,Ronaldo,AM
5091,9100,2024-12-09 00:00:00,,1.4,Ronaldo,AM
5092,0298,2024-12-09 00:00:00,,1.8,Yunior,AM
5093,0353,2024-12-09 00:00:00,Altagracia,2.8,Yunior,PM
5094,6070,2024-12-09 00:00:00,altamisa,3.0,Carlos,PM
5095,3003A,2024-12-09 00:00:00,blanca nieves,2.8,Yunior,PM
5096,2080,2024-12-09 00:00:00,blanquita1,3.9,Tampiquen,PM
5097,4018,2024-12-09 00:00:00,bocanegra,2.2,Carlos,PM
5098,2063A,2024-12-09 00:00:00,cacho e gusano,3.8,Ronaldo,PM
5099,7074,2024-12-09 00:00:00,cacho e tornillo,3.3,Ronaldo,PM
5100,4055,2024-12-09 00:00:00,campanita,1.3,Carlos,PM
5101,3119,2024-12-09 00:00:00,campesina,2.6,Manuel,PM
5102,2149A,2024-12-09 00:00:00,camukenga,2.8,Manuel,PM
5103,7067,2024-12-09 00:00:00,canelita 1,3.1,Tampiquen,PM
5104,2148A,2024-12-09 00:00:00,cara negra,2.9,Tampiquen,PM
5105,91171,2024-12-09 00:00:00,caramelo,4.1,Tampiquen,PM
5106,80472,2024-12-09 00:00:00,catalina,2.2,Manuel,PM
5107,2143,2024-12-09 00:00:00,catrina,3.7,Manuel,PM
5108,7059,2024-12-09 00:00:00,chinga dos,2.3,Manuel,PM
5109,7028,2024-12-09 00:00:00,cigarrona,3.5,Manuel,PM
5110,0330A,2024-12-09 00:00:00,cojonuda,1.8,Manuel,PM
5111,80882,2024-12-09 00:00:00,corazon,2.7,Yunior,PM
5112,809,2024-12-09 00:00:00,corralito,2.5,Yunior,PM
5113,8087,2024-12-09 00:00:00,dalmata,3.0,Yunior,PM
5114,3750,2024-12-09 00:00:00,eloiza,2.8,Yunior,PM
5115,2050,2024-12-09 00:00:00,fabiola,2.4,Carlos,PM
5116,8045,2024-12-09 00:00:00,frescolita,3.3,Ronaldo,PM
5117,9051,2024-12-09 00:00:00,garcita,2.7,Carlos,PM
5118,1091A,2024-12-09 00:00:00,goldita,2.6,Ronaldo,PM
5119,5077,2024-12-09 00:00:00,guanota,1.9,Tampiquen,PM
5120,8033,2024-12-09 00:00:00,guariqueña,2.2,Ronaldo,PM
5121,3066B,2024-12-09 00:00:00,la mocha,3.7,Tampiquen,PM
5122,5144,2024-12-09 00:00:00,la mona,2.3,Carlos,PM
5123,4151,2024-12-09 00:00:00,la que amarro,2.7,Tampiquen,PM
5124,60286,2024-12-09 00:00:00,llena el pote,4.5,Yunior,PM
5125,80121,2024-12-09 00:00:00,lomo rallado,2.9,Manuel,PM
5126,2124A,2024-12-09 00:00:00,luisa,3.3,Yunior,PM
5127,7017,2024-12-09 00:00:00,maita,2.6,Carlos,PM
5128,9040,2024-12-09 00:00:00,mala maña,3.3,Ronaldo,PM
5129,4087,2024-12-09 00:00:00,negra fina,3.3,Ronaldo,PM
5130,5033,2024-12-09 00:00:00,nieve,4.2,Ronaldo,PM
5131,5079,2024-12-09 00:00:00,noche oscura,2.5,Carlos,PM
5132,2196A,2024-12-09 00:00:00,peluche,4.1,Yunior,PM
5133,8086,2024-12-09 00:00:00,peresosa,2.6,Carlos,PM
5134,8096,2024-12-09 00:00:00,petroleo,4.6,Carlos,PM
5135,8046,2024-12-09 00:00:00,princesa,4.5,Ronaldo,PM
5136,5679,2024-12-09 00:00:00,redonda,3.2,Ronaldo,PM
5137,7012,2024-12-09 00:00:00,rojita,2.5,Tampiquen,PM
5138,0267,2024-12-09 00:00:00,roñera,3.0,Tampiquen,PM
5139,8019,2024-12-09 00:00:00,ropa sucia,3.2,Manuel,PM
5140,4075,2024-12-09 00:00:00,rosalia,2.1,Carlos,PM
5141,8048,2024-12-09 00:00:00,safira,2.7,Tampiquen,PM
5142,0259,2024-12-09 00:00:00,sambita,2.6,Carlos,PM
5143,2226,2024-12-09 00:00:00,san cristobal,3.5,Tampiquen,PM
5144,8054,2024-12-09 00:00:00,sangre de toro,2.7,Tampiquen,PM
5145,3026A,2024-12-09 00:00:00,sardina,3.1,Ronaldo,PM
5146,3024A,2024-12-09 00:00:00,sin nombre,5.4,Carlos,PM
5147,9007,2024-12-09 00:00:00,susana,3.4,Manuel,PM
5148,7032,2024-12-09 00:00:00,tamañua,1.2,Ronaldo,PM
5149,8043,2024-12-09 00:00:00,tauro,3.6,Yunior,PM
5150,9053,2024-12-09 00:00:00,uñaegato,2.2,Yunior,PM
5151,2094A,2024-12-09 00:00:00,venaita,3.4,Manuel,PM
5152,8017,2024-12-09 00:00:00,yanire,2.5,Yunior,PM
5153,0205,2024-12-09 00:00:00,cacao,1.5,Yunior,PM
5154,0270,2024-12-09 00:00:00,bienvenida,3.1,Tampiquen,PM
5155,0299C,2024-12-09 00:00:00,rebana,2.1,Tampiquen,PM
5156,0342,2024-12-09 00:00:00,ojona,1.8,Manuel,PM
5157,1017A,2024-12-09 00:00:00,julieta,1.2,Manuel,PM
5158,1023,2024-12-09 00:00:00,samba negra,1.4,Yunior,PM
5159,1079,2024-12-09 00:00:00,pimpollo,2.2,Ronaldo,PM
5160,1088A,2024-12-09 00:00:00,patricia,2.7,Carlos,PM
5161,2039,2024-12-09 00:00:00,claudia,1.0,Yunior,PM
5162,35,2024-12-09 00:00:00,turula,3.6,Ronaldo,PM
5163,9100,2024-12-09 00:00:00,,2.2,Ronaldo,PM
5164,0298,2024-12-09 00:00:00,,1.9,Manuel,PM
5165,8061,2025-01-20 00:00:00,abrana,3.5,Carlos,AM
5166,0353,2025-01-20 00:00:00,Altagracia,3.6,Alvaro,AM
5167,6070,2025-01-20 00:00:00,altamisa,3.1,Angel,AM
5168,4072,2025-01-20 00:00:00,andrea,2.6,Carlos,AM
5169,1310,2025-01-20 00:00:00,araguata,3.2,Carlos,AM
5170,9024,2025-01-20 00:00:00,aventura,2.9,Yunior,AM
5171,6021,2025-01-20 00:00:00,berenjena,2.2,Tampiquen,AM
5172,0270,2025-01-20 00:00:00,bienvenida,4.7,Angel,AM
5173,3003A,2025-01-20 00:00:00,blanca nieves,3.5,Yunior,AM
5174,2220,2025-01-20 00:00:00,blanquita,3.2,Tampiquen,AM
5175,2080,2025-01-20 00:00:00,blanquita1,4.7,Alvaro,AM
5176,4018,2025-01-20 00:00:00,bocanegra,3.3,Yunior,AM
5177,0205,2025-01-20 00:00:00,cacao,2.3,Yunior,AM
5178,2063A,2025-01-20 00:00:00,cacho e gusano,4.1,Angel,AM
5179,7074,2025-01-20 00:00:00,cacho e tornillo,3.3,Yunior,AM
5180,3119,2025-01-20 00:00:00,campesina,3.4,Carlos,AM
5181,2149A,2025-01-20 00:00:00,camukenga,2.4,Tampiquen,AM
5182,7067,2025-01-20 00:00:00,canelita 1,4.5,Yunior,AM
5183,2148A,2025-01-20 00:00:00,cara negra,3.4,Carlos,AM
5184,91171,2025-01-20 00:00:00,caramelo,4.3,Tampiquen,AM
5185,0332,2025-01-20 00:00:00,carina,2.4,Tampiquen,AM
5186,91172,2025-01-20 00:00:00,carmeluisa,2.6,Carlos,AM
5187,80472,2025-01-20 00:00:00,catalina,2.7,Yunior,AM
5188,31102,2025-01-20 00:00:00,catira,4.6,Alvaro,AM
5189,2143,2025-01-20 00:00:00,catrina,5.5,Alvaro,AM
5190,5090,2025-01-20 00:00:00,chenchena,3.2,Tampiquen,AM
5191,7059,2025-01-20 00:00:00,chinga dos,3.9,Carlos,AM
5192,7028,2025-01-20 00:00:00,cigarrona,3.5,Angel,AM
5193,2039,2025-01-20 00:00:00,claudia,3.7,Tampiquen,AM
5194,0330A,2025-01-20 00:00:00,cojonuda,1.0,Tampiquen,AM
5195,80882,2025-01-20 00:00:00,corazon,3.9,Yunior,AM
5196,809,2025-01-20 00:00:00,corralito,3.3,Alvaro,AM
5197,8087,2025-01-20 00:00:00,dalmata,3.3,Tampiquen,AM
5198,8045,2025-01-20 00:00:00,frescolita,4.1,Carlos,AM
5199,9051,2025-01-20 00:00:00,garcita,1.5,Yunior,AM
5200,1091A,2025-01-20 00:00:00,goldita,4.9,Angel,AM
5201,5077,2025-01-20 00:00:00,guanota,4.1,Angel,AM
5202,8033,2025-01-20 00:00:00,guariqueña,2.8,Tampiquen,AM
5203,1017A,2025-01-20 00:00:00,julieta,0.6,Tampiquen,AM
5204,1015,2025-01-20 00:00:00,la chinga,3.8,Carlos,AM
5205,3066B,2025-01-20 00:00:00,la mocha,3.4,Angel,AM
5206,5144,2025-01-20 00:00:00,la mona,3.4,Angel,AM
5207,60286,2025-01-20 00:00:00,llena el pote,4.6,Angel,AM
5208,80121,2025-01-20 00:00:00,lomo rallado,3.7,Alvaro,AM
5209,2124A,2025-01-20 00:00:00,luisa,4.4,Yunior,AM
5210,7017,2025-01-20 00:00:00,maita,3.3,Angel,AM
5211,9040,2025-01-20 00:00:00,mala maña,3.8,Angel,AM
5212,7087,2025-01-20 00:00:00,mandarina,3.2,Carlos,AM
5213,0336,2025-01-20 00:00:00,mantecal,2.3,Yunior,AM
5214,2208A,2025-01-20 00:00:00,manzanare i,2.4,Carlos,AM
5215,2171,2025-01-20 00:00:00,mis amores,4.1,Alvaro,AM
5216,0101,2025-01-20 00:00:00,mojarrita,1.3,Yunior,AM
5217,0229,2025-01-20 00:00:00,navidad,4.7,Tampiquen,AM
5218,4087,2025-01-20 00:00:00,negra fina,3.3,Alvaro,AM
5219,5033,2025-01-20 00:00:00,nieve,4.6,Yunior,AM
5220,5079,2025-01-20 00:00:00,noche oscura,3.0,Angel,AM
5221,0342,2025-01-20 00:00:00,ojona,2.8,Angel,AM
5222,91262,2025-01-20 00:00:00,olivia,3.7,Tampiquen,AM
5223,0298,2025-01-20 00:00:00,oro fino,3.4,Yunior,AM
5224,8072,2025-01-20 00:00:00,oveja,2.2,Tampiquen,AM
5225,1078A,2025-01-20 00:00:00,panorama,2.4,Alvaro,AM
5226,5146,2025-01-20 00:00:00,pata quebrada,2.4,Alvaro,AM
5227,9020,2025-01-20 00:00:00,Pato real,3.6,Carlos,AM
5228,1088A,2025-01-20 00:00:00,patricia,4.0,Alvaro,AM
5229,2196A,2025-01-20 00:00:00,peluche,3.5,Tampiquen,AM
5230,8096,2025-01-20 00:00:00,petroleo,4.1,Angel,AM
5231,1079,2025-01-20 00:00:00,pimpollo,2.7,Carlos,AM
5232,8046,2025-01-20 00:00:00,princesa,4.4,Alvaro,AM
5233,0299C,2025-01-20 00:00:00,rebana,2.7,Tampiquen,AM
5234,5679,2025-01-20 00:00:00,redonda,3.0,Alvaro,AM
5235,4101,2025-01-20 00:00:00,reina mora,3.1,Carlos,AM
5236,7012,2025-01-20 00:00:00,rojita,3.6,Angel,AM
5237,0267,2025-01-20 00:00:00,roñera,4.2,Yunior,AM
5238,8019,2025-01-20 00:00:00,ropa sucia,3.2,Alvaro,AM
5239,4075,2025-01-20 00:00:00,rosalia,3.3,Carlos,AM
5240,8048,2025-01-20 00:00:00,safira,3.2,Angel,AM
5241,1023,2025-01-20 00:00:00,samba negra,2.9,Yunior,AM
5242,2226,2025-01-20 00:00:00,san cristobal,2.5,Yunior,AM
5243,8054,2025-01-20 00:00:00,sangre de toro,2.8,Carlos,AM
5244,3026A,2025-01-20 00:00:00,sardina,3.9,Alvaro,AM
5245,3024A,2025-01-20 00:00:00,sin nombre,3.7,Angel,AM
5246,9007,2025-01-20 00:00:00,susana,3.5,Carlos,AM
5247,7032,2025-01-20 00:00:00,tamañua,3.7,Alvaro,AM
5248,8043,2025-01-20 00:00:00,tauro,3.9,Angel,AM
5249,0500,2025-01-20 00:00:00,tiburona,2.4,Tampiquen,AM
5250,1109A,2025-01-20 00:00:00,tigresa,3.7,Alvaro,AM
5251,3107,2025-01-20 00:00:00,toldita,2.4,Yunior,AM
5252,35,2025-01-20 00:00:00,turula,3.1,Tampiquen,AM
5253,2094A,2025-01-20 00:00:00,venaita,3.6,Angel,AM
5254,8017,2025-01-20 00:00:00,yanire,4.4,Angel,AM
5255,1066,2025-01-20 00:00:00,,3.1,Tampiquen,AM
5256,2066,2025-01-20 00:00:00,,4.0,Tampiquen,AM
5257,7066,2025-01-20 00:00:00,,3.5,Angel,AM
5258,8005,2025-01-20 00:00:00,,2.7,Tampiquen,AM
5259,8036,2025-01-20 00:00:00,,2.8,Carlos,AM
5260,8082,2025-01-20 00:00:00,,3.0,Tampiquen,AM
5261,8089,2025-01-20 00:00:00,,3.7,Carlos,AM
5262,9100,2025-01-20 00:00:00,,3.6,Tampiquen,AM
5263,J01415,2025-01-20 00:00:00,,1.6,Carlos,AM
5264,2083,2025-01-20 00:00:00,Tesoro,3.3,Alvaro,AM
5265,8061,2025-01-20 00:00:00,abrana,2.3,Yunior,PM
5266,6070,2025-01-20 00:00:00,altamisa,2.1,Carlos,PM
5267,1310,2025-01-20 00:00:00,araguata,2.1,Carlos,PM
5268,0270,2025-01-20 00:00:00,bienvenida,2.5,Tampiquen,PM
5269,3003A,2025-01-20 00:00:00,blanca nieves,3.7,Yunior,PM
5270,2220,2025-01-20 00:00:00,blanquita,4.1,Carlos,PM
5271,0205,2025-01-20 00:00:00,cacao,1.8,Yunior,PM
5272,2063A,2025-01-20 00:00:00,cacho e gusano,3.5,Angel,PM
5273,7074,2025-01-20 00:00:00,cacho e tornillo,2.8,Yunior,PM
5274,3119,2025-01-20 00:00:00,campesina,3.9,Angel,PM
5275,7067,2025-01-20 00:00:00,canelita 1,3.6,Alvaro,PM
5276,2148A,2025-01-20 00:00:00,cara negra,2.5,Carlos,PM
5277,9,2025-01-20 00:00:00,carabobo,2.4,Carlos,PM
5278,91171,2025-01-20 00:00:00,caramelo,4.6,Tampiquen,PM
5279,0332,2025-01-20 00:00:00,carina,2.7,Carlos,PM
5280,91172,2025-01-20 00:00:00,carmeluisa,1.0,Tampiquen,PM
5281,80472,2025-01-20 00:00:00,catalina,2.3,Tampiquen,PM
5282,31102,2025-01-20 00:00:00,catira,5.0,Yunior,PM
5283,2143,2025-01-20 00:00:00,catrina,4.3,Alvaro,PM
5284,5090,2025-01-20 00:00:00,chenchena,2.4,Angel,PM
5285,7028,2025-01-20 00:00:00,cigarrona,3.1,Tampiquen,PM
5286,2039,2025-01-20 00:00:00,claudia,4.0,Alvaro,PM
5287,80882,2025-01-20 00:00:00,corazon,3.3,Alvaro,PM
5288,809,2025-01-20 00:00:00,corralito,2.4,Alvaro,PM
5289,8087,2025-01-20 00:00:00,dalmata,3.1,Angel,PM
5290,8045,2025-01-20 00:00:00,frescolita,3.8,Alvaro,PM
5291,9051,2025-01-20 00:00:00,garcita,3.7,Alvaro,PM
5292,1017A,2025-01-20 00:00:00,julieta,1.0,Tampiquen,PM
5293,3066B,2025-01-20 00:00:00,la mocha,2.5,Carlos,PM
5294,60286,2025-01-20 00:00:00,llena el pote,4.5,Yunior,PM
5295,2124A,2025-01-20 00:00:00,luisa,3.6,Yunior,PM
5296,9040,2025-01-20 00:00:00,mala maña,3.4,Tampiquen,PM
5297,7087,2025-01-20 00:00:00,mandarina,2.7,Carlos,PM
5298,2208A,2025-01-20 00:00:00,manzanare i,2.4,Carlos,PM
5299,20334,2025-01-20 00:00:00,media luna,2.4,Carlos,PM
5300,2171,2025-01-20 00:00:00,mis amores,3.3,Tampiquen,PM
5301,0229,2025-01-20 00:00:00,navidad,4.0,Carlos,PM
5302,4087,2025-01-20 00:00:00,negra fina,2.9,Alvaro,PM
5303,5033,2025-01-20 00:00:00,nieve,3.6,Angel,PM
5304,91262,2025-01-20 00:00:00,olivia,2.7,Tampiquen,PM
5305,1078A,2025-01-20 00:00:00,panorama,2.3,Alvaro,PM
5306,1088A,2025-01-20 00:00:00,patricia,3.7,Carlos,PM
5307,2196A,2025-01-20 00:00:00,peluche,3.1,Alvaro,PM
5308,8096,2025-01-20 00:00:00,petroleo,3.1,Tampiquen,PM
5309,1079,2025-01-20 00:00:00,pimpollo,2.7,Angel,PM
5310,8046,2025-01-20 00:00:00,princesa,2.3,Yunior,PM
5311,5679,2025-01-20 00:00:00,redonda,3.1,Yunior,PM
5312,0267,2025-01-20 00:00:00,roñera,3.3,Alvaro,PM
5313,8019,2025-01-20 00:00:00,ropa sucia,2.5,Angel,PM
5314,8048,2025-01-20 00:00:00,safira,2.9,Angel,PM
5315,1023,2025-01-20 00:00:00,samba negra,2.5,Yunior,PM
5316,2226,2025-01-20 00:00:00,san cristobal,2.6,Angel,PM
5317,8054,2025-01-20 00:00:00,sangre de toro,2.6,Yunior,PM
5318,3024A,2025-01-20 00:00:00,sin nombre,4.3,Alvaro,PM
5319,9007,2025-01-20 00:00:00,susana,3.6,Angel,PM
5320,8043,2025-01-20 00:00:00,tauro,2.3,Angel,PM
5321,1109A,2025-01-20 00:00:00,tigresa,2.5,Carlos,PM
5322,35,2025-01-20 00:00:00,turula,2.3,Yunior,PM
5323,2094A,2025-01-20 00:00:00,venaita,3.3,Angel,PM
5324,1066,2025-01-20 00:00:00,,2.7,Tampiquen,PM
5325,2066,2025-01-20 00:00:00,,3.1,Tampiquen,PM
5326,7066,2025-01-20 00:00:00,,3.0,Angel,PM
5327,8082,2025-01-20 00:00:00,,2.3,Tampiquen,PM
5328,8089,2025-01-20 00:00:00,,3.2,Carlos,PM
5329,8061,2025-05-22 00:00:00,abrana,4.5,Claudio,AM
5330,2040,2025-05-22 00:00:00,Alcaraban,2.5,Yunior,AM
5331,0353,2025-05-22 00:00:00,Altagracia,3.1,Claudio,AM
5332,6070,2025-05-22 00:00:00,altamisa,3.6,Carlos,AM
5333,8037,2025-05-22 00:00:00,amapola,5.1,Nixon,AM
5334,4072,2025-05-22 00:00:00,andrea,2.2,Yunior,AM
5335,9058,2025-05-22 00:00:00,año nuevo,4.2,Claudio,AM
5336,9024,2025-05-22 00:00:00,aventura,2.4,Yunior,AM
5337,8030,2025-05-22 00:00:00,barrilito,3.2,Nixon,AM
5338,0202,2025-05-22 00:00:00,berta,1.8,Claudio,AM
5339,0270,2025-05-22 00:00:00,bienvenida,5.9,Carlos,AM
5340,4035,2025-05-22 00:00:00,blanca flor,4.3,Tampiquen,AM
5341,2220,2025-05-22 00:00:00,blanquita,4.5,Yunior,AM
5342,4018,2025-05-22 00:00:00,bocanegra,3.2,Tampiquen,AM
5343,1188,2025-05-22 00:00:00,cacho aguja,4.2,Nixon,AM
5344,2063A,2025-05-22 00:00:00,cacho e gusano,3.3,Alberto,AM
5345,J426,2025-05-22 00:00:00,candelaria,2.6,Claudio,AM
5346,0226,2025-05-22 00:00:00,candidita,4.5,Claudio,AM
5347,7067,2025-05-22 00:00:00,canelita 1,6.2,Carlos,AM
5348,3132,2025-05-22 00:00:00,canelita 2,2.9,Claudio,AM
5349,1004,2025-05-22 00:00:00,cara linda,4.5,Carlos,AM
5350,2148A,2025-05-22 00:00:00,cara negra,3.5,Tampiquen,AM
5351,0132,2025-05-22 00:00:00,carbon,1.7,Claudio,AM
5352,5150,2025-05-22 00:00:00,carevieja,3.1,Tampiquen,AM
5353,0332,2025-05-22 00:00:00,carina,2.8,Nixon,AM
5354,91172,2025-05-22 00:00:00,carmeluisa,2.2,Claudio,AM
5355,91242,2025-05-22 00:00:00,caroreña,3.1,Carlos,AM
5356,80472,2025-05-22 00:00:00,catalina,3.2,Tampiquen,AM
5357,31102,2025-05-22 00:00:00,catira,4.0,Tampiquen,AM
5358,2143,2025-05-22 00:00:00,catrina,3.8,Carlos,AM
5359,5090,2025-05-22 00:00:00,chenchena,3.0,Nixon,AM
5360,2039,2025-05-22 00:00:00,claudia,3.9,Nixon,AM
5361,3027A,2025-05-22 00:00:00,compotica,0.7,Alberto,AM
5362,8087,2025-05-22 00:00:00,dalmata,4.6,Carlos,AM
5363,0338,2025-05-22 00:00:00,domitila,2.7,Tampiquen,AM
5364,8079,2025-05-22 00:00:00,doña maria,2.4,Yunior,AM
5365,8082,2025-05-22 00:00:00,escorpion,4.0,Nixon,AM
5366,8089,2025-05-22 00:00:00,española,3.6,Claudio,AM
5367,2050,2025-05-22 00:00:00,fabiola,5.3,Yunior,AM
5368,2062,2025-05-22 00:00:00,fondo blanco,5.1,Carlos,AM
5369,8045,2025-05-22 00:00:00,frescolita,4.6,Alberto,AM
5370,2096,2025-05-22 00:00:00,gaviota,3.7,Claudio,AM
5371,2090A,2025-05-22 00:00:00,guacharaca,2.5,Tampiquen,AM
5372,1017A,2025-05-22 00:00:00,julieta,2.9,Tampiquen,AM
5373,9099,2025-05-22 00:00:00,la china,3.3,Nixon,AM
5374,1015,2025-05-22 00:00:00,la chinga,2.1,Nixon,AM
5375,3066B,2025-05-22 00:00:00,la mocha,4.1,Nixon,AM
5376,5144,2025-05-22 00:00:00,la mona,2.7,Alberto,AM
5377,3028A,2025-05-22 00:00:00,lucerito,3.2,Carlos,AM
5378,2124A,2025-05-22 00:00:00,luisa,5.9,Claudio,AM
5379,2209A,2025-05-22 00:00:00,lunita,4.3,Tampiquen,AM
5380,7087,2025-05-22 00:00:00,mandarina,3.6,Alberto,AM
5381,4079,2025-05-22 00:00:00,maniña,2.5,Claudio,AM
5382,4A,2025-05-22 00:00:00,mantequilla,2.4,Claudio,AM
5383,0322,2025-05-22 00:00:00,manto negro,4.3,Alberto,AM
5384,5052,2025-05-22 00:00:00,manzanita,3.6,Tampiquen,AM
5385,7083,2025-05-22 00:00:00,margarita,3.0,Yunior,AM
5386,6067,2025-05-22 00:00:00,mariposa,3.1,Claudio,AM
5387,6035,2025-05-22 00:00:00,mikaela,3.5,Tampiquen,AM
5388,7033,2025-05-22 00:00:00,mina de oro,4.8,Alberto,AM
5389,2171,2025-05-22 00:00:00,mis amores,4.4,Yunior,AM
5390,2073,2025-05-22 00:00:00,morena,3.1,Carlos,AM
5391,1139A,2025-05-22 00:00:00,motica,2.1,Claudio,AM
5392,0229,2025-05-22 00:00:00,navidad,3.9,Yunior,AM
5393,J841,2025-05-22 00:00:00,negra,5.0,Yunior,AM
5394,8036,2025-05-22 00:00:00,negrita,4.4,Carlos,AM
5395,5033,2025-05-22 00:00:00,nieve,5.2,Nixon,AM
5396,91262,2025-05-22 00:00:00,olivia,4.1,Yunior,AM
5397,0298,2025-05-22 00:00:00,oro fino,3.5,Yunior,AM
5398,1100B,2025-05-22 00:00:00,osito,2.2,Carlos,AM
5399,8072,2025-05-22 00:00:00,oveja,3.5,Nixon,AM
5400,1078A,2025-05-22 00:00:00,panorama,3.2,Carlos,AM
5401,8011,2025-05-22 00:00:00,paraparo,2.4,Alberto,AM
5402,9020,2025-05-22 00:00:00,Pato real,1.9,Alberto,AM
5403,1088A,2025-05-22 00:00:00,patricia,3.5,Tampiquen,AM
5404,0201,2025-05-22 00:00:00,patrona,4.7,Carlos,AM
5405,0320,2025-05-22 00:00:00,peineta,4.2,Yunior,AM
5406,2196A,2025-05-22 00:00:00,peluche,3.2,Carlos,AM
5407,8096,2025-05-22 00:00:00,petroleo,2.9,Claudio,AM
5408,1079,2025-05-22 00:00:00,pimpollo,3.4,Claudio,AM
5409,8046,2025-05-22 00:00:00,princesa,3.8,Yunior,AM
5410,7007,2025-05-22 00:00:00,puerto rico,4.0,Carlos,AM
5411,2021,2025-05-22 00:00:00,rabo podrido,2.4,Tampiquen,AM
5412,0299C,2025-05-22 00:00:00,rebana,3.7,Nixon,AM
5413,5060,2025-05-22 00:00:00,rebelde,3.8,Nixon,AM
5414,5679,2025-05-22 00:00:00,redonda,3.6,Tampiquen,AM
5415,J424,2025-05-22 00:00:00,requesón,2.7,Alberto,AM
5416,8028,2025-05-22 00:00:00,resplandor,2.8,Nixon,AM
5417,0267,2025-05-22 00:00:00,roñera,5.3,Yunior,AM
5418,8019,2025-05-22 00:00:00,ropa sucia,2.6,Yunior,AM
5419,8050,2025-05-22 00:00:00,rosa blanca,3.1,Tampiquen,AM
5420,6043,2025-05-22 00:00:00,rosita,2.9,Alberto,AM
5421,0220,2025-05-22 00:00:00,rusa,2.4,Claudio,AM
5422,8048,2025-05-22 00:00:00,safira,4.9,Tampiquen,AM
5423,2226,2025-05-22 00:00:00,san cristobal,2.1,Tampiquen,AM
5424,3026A,2025-05-22 00:00:00,sardina,4.5,Claudio,AM
5425,7061,2025-05-22 00:00:00,sofia,3.7,Claudio,AM
5426,9007,2025-05-22 00:00:00,susana,3.9,Yunior,AM
5427,7032,2025-05-22 00:00:00,tamañua,3.4,Tampiquen,AM
5428,2234,2025-05-22 00:00:00,taparita,2.7,Yunior,AM
5429,8043,2025-05-22 00:00:00,tauro,3.9,Claudio,AM
5430,1109A,2025-05-22 00:00:00,tigresa,3.2,Tampiquen,AM
5431,35,2025-05-22 00:00:00,turula,3.2,Claudio,AM
5432,2094A,2025-05-22 00:00:00,venaita,3.6,Claudio,AM
5433,9389,2025-05-22 00:00:00,zamura,2.5,Carlos,AM
5434,0240,2025-05-22 00:00:00,,4.2,Alberto,AM
5435,0299A,2025-05-22 00:00:00,,2.1,Claudio,AM
5436,1005,2025-05-22 00:00:00,,3.7,Carlos,AM
5437,1015A,2025-05-22 00:00:00,,5.8,Yunior,AM
5438,10431,2025-05-22 00:00:00,,5.2,Yunior,AM
5439,1066,2025-05-22 00:00:00,,1.4,Yunior,AM
5440,1075,2025-05-22 00:00:00,,2.9,Claudio,AM
5441,1091,2025-05-22 00:00:00,,3.1,Tampiquen,AM
5442,1104A,2025-05-22 00:00:00,,1.4,Claudio,AM
5443,1109B,2025-05-22 00:00:00,,2.4,Alberto,AM
5444,2035A,2025-05-22 00:00:00,,5.7,Tampiquen,AM
5445,2146,2025-05-22 00:00:00,,6.8,Nixon,AM
5446,2203,2025-05-22 00:00:00,,1.6,Alberto,AM
5447,4078,2025-05-22 00:00:00,,2.6,Alberto,AM
5448,7066,2025-05-22 00:00:00,,2.5,Claudio,AM
5449,J01415,2025-05-22 00:00:00,,3.4,Nixon,AM
5450,2042,2025-05-22 00:00:00,,1.8,Alberto,AM
5451,8037,2025-05-22 00:00:00,amapola,4.1,Carlos,PM
5452,9058,2025-05-22 00:00:00,año nuevo,3.0,Claudio,PM
5453,8030,2025-05-22 00:00:00,barrilito,2.9,Yunior,PM
5454,0202,2025-05-22 00:00:00,berta,1.9,Carlos,PM
5455,4035,2025-05-22 00:00:00,blanca flor,4.0,Tampiquen,PM
5456,2220,2025-05-22 00:00:00,blanquita,3.9,Nixon,PM
5457,1188,2025-05-22 00:00:00,cacho aguja,2.7,Claudio,PM
5458,J426,2025-05-22 00:00:00,candelaria,2.2,Yunior,PM
5459,0226,2025-05-22 00:00:00,candidita,3.9,Nixon,PM
5460,3132,2025-05-22 00:00:00,canelita 2,2.9,Claudio,PM
5461,1004,2025-05-22 00:00:00,cara linda,4.2,Nixon,PM
5462,91171,2025-05-22 00:00:00,caramelo,3.5,Yunior,PM
5463,0132,2025-05-22 00:00:00,carbon,1.8,Alberto,PM
5464,5150,2025-05-22 00:00:00,carevieja,3.1,Claudio,PM
5465,0332,2025-05-22 00:00:00,carina,2.0,Claudio,PM
5466,91242,2025-05-22 00:00:00,caroreña,3.5,Carlos,PM
5467,31102,2025-05-22 00:00:00,catira,3.2,Yunior,PM
5468,2143,2025-05-22 00:00:00,catrina,3.4,Claudio,PM
5469,5090,2025-05-22 00:00:00,chenchena,2.1,Claudio,PM
5470,2039,2025-05-22 00:00:00,claudia,3.0,Nixon,PM
5471,0338,2025-05-22 00:00:00,domitila,2.4,Alberto,PM
5472,8079,2025-05-22 00:00:00,doña maria,2.3,Tampiquen,PM
5473,8089,2025-05-22 00:00:00,española,2.9,Tampiquen,PM
5474,2050,2025-05-22 00:00:00,fabiola,3.1,Carlos,PM
5475,2062,2025-05-22 00:00:00,fondo blanco,4.9,Claudio,PM
5476,2096,2025-05-22 00:00:00,gaviota,2.1,Alberto,PM
5477,2090A,2025-05-22 00:00:00,guacharaca,3.4,Yunior,PM
5478,9099,2025-05-22 00:00:00,la china,2.0,Yunior,PM
5479,3028A,2025-05-22 00:00:00,lucerito,2.5,Carlos,PM
5480,2209A,2025-05-22 00:00:00,lunita,2.5,Tampiquen,PM
5481,7087,2025-05-22 00:00:00,mandarina,2.6,Carlos,PM
5482,4079,2025-05-22 00:00:00,maniña,2.4,Claudio,PM
5483,4A,2025-05-22 00:00:00,mantequilla,1.8,Tampiquen,PM
5484,0322,2025-05-22 00:00:00,manto negro,3.1,Tampiquen,PM
5485,5052,2025-05-22 00:00:00,manzanita,3.3,Alberto,PM
5486,7083,2025-05-22 00:00:00,margarita,5.9,Nixon,PM
5487,6067,2025-05-22 00:00:00,mariposa,3.1,Yunior,PM
5488,6035,2025-05-22 00:00:00,mikaela,3.5,Claudio,PM
5489,7033,2025-05-22 00:00:00,mina de oro,2.6,Carlos,PM
5490,2171,2025-05-22 00:00:00,mis amores,3.6,Nixon,PM
5491,2073,2025-05-22 00:00:00,morena,2.4,Alberto,PM
5492,1139A,2025-05-22 00:00:00,motica,2.4,Nixon,PM
5493,0229,2025-05-22 00:00:00,navidad,3.2,Tampiquen,PM
5494,J841,2025-05-22 00:00:00,negra,3.5,Carlos,PM
5495,8036,2025-05-22 00:00:00,negrita,3.3,Nixon,PM
5496,91262,2025-05-22 00:00:00,olivia,3.1,Yunior,PM
5497,1100B,2025-05-22 00:00:00,osito,1.6,Carlos,PM
5498,8011,2025-05-22 00:00:00,paraparo,1.9,Alberto,PM
5499,1088A,2025-05-22 00:00:00,patricia,2.1,Nixon,PM
5500,0201,2025-05-22 00:00:00,patrona,4.3,Claudio,PM
5501,0320,2025-05-22 00:00:00,peineta,2.6,Alberto,PM
5502,8096,2025-05-22 00:00:00,petroleo,2.6,Claudio,PM
5503,7007,2025-05-22 00:00:00,puerto rico,2.4,Tampiquen,PM
5504,2021,2025-05-22 00:00:00,rabo podrido,2.6,Carlos,PM
5505,5060,2025-05-22 00:00:00,rebelde,3.9,Tampiquen,PM
5506,J424,2025-05-22 00:00:00,requesón,2.9,Nixon,PM
5507,8028,2025-05-22 00:00:00,resplandor,3.4,Carlos,PM
5508,8050,2025-05-22 00:00:00,rosa blanca,1.7,Carlos,PM
5509,6043,2025-05-22 00:00:00,rosita,2.9,Tampiquen,PM
5510,0220,2025-05-22 00:00:00,rusa,3.0,Nixon,PM
5511,2226,2025-05-22 00:00:00,san cristobal,2.8,Claudio,PM
5512,7061,2025-05-22 00:00:00,sofia,2.4,Tampiquen,PM
5513,9007,2025-05-22 00:00:00,susana,3.0,Nixon,PM
5514,2234,2025-05-22 00:00:00,taparita,0.8,Alberto,PM
5515,35,2025-05-22 00:00:00,turula,2.4,Claudio,PM
5516,9389,2025-05-22 00:00:00,zamura,1.9,Tampiquen,PM
5517,0240,2025-05-22 00:00:00,,3.0,Claudio,PM
5518,0299A,2025-05-22 00:00:00,,1.6,Claudio,PM
5519,1005,2025-05-22 00:00:00,,2.3,Alberto,PM
5520,1015A,2025-05-22 00:00:00,,4.2,Yunior,PM
5521,10431,2025-05-22 00:00:00,,3.4,Yunior,PM
5522,1091,2025-05-22 00:00:00,,1.2,Claudio,PM
5523,1104A,2025-05-22 00:00:00,,1.4,Carlos,PM
5524,1109B,2025-05-22 00:00:00,,1.9,Alberto,PM
5525,2035A,2025-05-22 00:00:00,,2.9,Tampiquen,PM
5526,2146,2025-05-22 00:00:00,,4.7,Nixon,PM
5527,2203,2025-05-22 00:00:00,,1.3,Alberto,PM
5528,4078,2025-05-22 00:00:00,,1.7,Alberto,PM
5529,7066,2025-05-22 00:00:00,,2.5,Yunior,PM
5530,J01415,2025-05-22 00:00:00,,2.3,Yunior,PM
5531,2042,2025-05-22 00:00:00,,1.1,Alberto,PM
6070,8061,2025-06-26 00:00:00,abrana,3.1,Carlos,AM
6071,2040,2025-06-26 00:00:00,Alcaraban,2.0,Tampiquen,AM
6072,0353,2025-06-26 00:00:00,Altagracia,1.8,Yunior,AM
6073,6070,2025-06-26 00:00:00,altamisa,4.1,Yunior,AM
6074,8037,2025-06-26 00:00:00,amapola,2.9,Carlos,AM
6075,5076,2025-06-26 00:00:00,anais,2.6,Yunior,AM
6076,9058,2025-06-26 00:00:00,año nuevo,4.0,Carlos,AM
6077,8030,2025-06-26 00:00:00,barrilito,3.8,Carlos,AM
6078,0202,2025-06-26 00:00:00,berta,2.9,Alberto,AM
6079,0270,2025-06-26 00:00:00,bienvenida,4.3,Tampiquen,AM
6080,4035,2025-06-26 00:00:00,blanca flor,3.8,Tampiquen,AM
6081,3003A,2025-06-26 00:00:00,blanca nieves,2.9,Tampiquen,AM
6082,2220,2025-06-26 00:00:00,blanquita,4.0,Nixon,AM
6083,4078,2025-06-26 00:00:00,cachito,3.2,Alberto,AM
6084,1188,2025-06-26 00:00:00,cacho aguja,4.7,Carlos,AM
6085,2063A,2025-06-26 00:00:00,cacho e gusano,1.7,Nixon,AM
6086,SNA,2025-06-26 00:00:00,cacho zurdo,5.4,Tampiquen,AM
6087,0240,2025-06-26 00:00:00,cafecito,2.3,Yunior,AM
6088,10431,2025-06-26 00:00:00,camila,5.1,Yunior,AM
6089,J426,2025-06-26 00:00:00,candelaria,2.9,Yunior,AM
6090,0226,2025-06-26 00:00:00,candidita,4.5,Nixon,AM
6091,7067,2025-06-26 00:00:00,canelita 1,5.0,Carlos,AM
6092,3132,2025-06-26 00:00:00,canelita 2,3.3,Alberto,AM
6093,1004,2025-06-26 00:00:00,cara linda,4.6,Tampiquen,AM
6094,91171,2025-06-26 00:00:00,caramelo,3.5,Yunior,AM
6095,0132,2025-06-26 00:00:00,carbon,4.9,Nixon,AM
6096,5150,2025-06-26 00:00:00,carevieja,3.7,Nixon,AM
6097,0332,2025-06-26 00:00:00,carina,4.5,Nixon,AM
6098,91172,2025-06-26 00:00:00,carmeluisa,2.1,Carlos,AM
6099,91242,2025-06-26 00:00:00,caroreña,3.4,Tampiquen,AM
6100,80472,2025-06-26 00:00:00,catalina,3.2,Yunior,AM
6101,31102,2025-06-26 00:00:00,catira,4.7,Tampiquen,AM
6102,2143,2025-06-26 00:00:00,catrina,3.6,Yunior,AM
6103,8094,2025-06-26 00:00:00,chava,3.1,Tampiquen,AM
6104,5090,2025-06-26 00:00:00,chenchena,3.0,Tampiquen,AM
6105,2039,2025-06-26 00:00:00,claudia,4.1,Tampiquen,AM
6106,9091,2025-06-26 00:00:00,colorin,3.4,Alberto,AM
6107,0329,2025-06-26 00:00:00,culebra,2.5,Alberto,AM
6108,8087,2025-06-26 00:00:00,dalmata,4.5,Nixon,AM
6109,0241,2025-06-26 00:00:00,dominguita,6.8,Yunior,AM
6110,0338,2025-06-26 00:00:00,domitila,4.2,Tampiquen,AM
6111,8079,2025-06-26 00:00:00,doña maria,3.0,Carlos,AM
6112,0208A,2025-06-26 00:00:00,emb puro,5.0,Alberto,AM
6113,8082,2025-06-26 00:00:00,escorpion,3.9,Tampiquen,AM
6114,8089,2025-06-26 00:00:00,española,3.3,Nixon,AM
6115,2050,2025-06-26 00:00:00,fabiola,3.3,Yunior,AM
6116,2062,2025-06-26 00:00:00,fondo blanco,5.1,Nixon,AM
6117,2096,2025-06-26 00:00:00,gaviota,3.6,Nixon,AM
6118,2090A,2025-06-26 00:00:00,guacharaca,3.5,Tampiquen,AM
6119,EMB 2,2025-06-26 00:00:00,josefa,3.6,Tampiquen,AM
6120,1017A,2025-06-26 00:00:00,julieta,2.1,Tampiquen,AM
6121,9099,2025-06-26 00:00:00,la china,3.5,Nixon,AM
6122,3066B,2025-06-26 00:00:00,la mocha,3.9,Carlos,AM
6123,5144,2025-06-26 00:00:00,la mona,1.5,Carlos,AM
6124,2146,2025-06-26 00:00:00,leopatrio,5.4,Nixon,AM
6125,60286,2025-06-26 00:00:00,llena el pote,2.7,Carlos,AM
6126,3028A,2025-06-26 00:00:00,lucerito,3.8,Yunior,AM
6127,2209A,2025-06-26 00:00:00,lunita,4.3,Yunior,AM
6128,9040,2025-06-26 00:00:00,mala maña,1.9,Tampiquen,AM
6129,7087,2025-06-26 00:00:00,mandarina,3.0,Yunior,AM
6130,4A,2025-06-26 00:00:00,mantequilla,2.9,Tampiquen,AM
6131,0322,2025-06-26 00:00:00,manto negro,3.9,Yunior,AM
6132,5052,2025-06-26 00:00:00,manzanita,2.2,Carlos,AM
6133,7083,2025-06-26 00:00:00,margarita,4.6,Tampiquen,AM
6134,6067,2025-06-26 00:00:00,mariposa,1.5,Yunior,AM
6135,6035,2025-06-26 00:00:00,mikaela,4.3,Yunior,AM
6136,7033,2025-06-26 00:00:00,mina de oro,3.7,Nixon,AM
6137,9113,2025-06-26 00:00:00,mireya,3.6,Alberto,AM
6138,2171,2025-06-26 00:00:00,mis amores,4.1,Yunior,AM
6139,2073,2025-06-26 00:00:00,morena,4.5,Carlos,AM
6140,1139A,2025-06-26 00:00:00,motica,3.3,Carlos,AM
6141,0229,2025-06-26 00:00:00,navidad,3.6,Yunior,AM
6142,J841,2025-06-26 00:00:00,negra,3.7,Yunior,AM
6143,8036,2025-06-26 00:00:00,negrita,3.4,Carlos,AM
6144,5033,2025-06-26 00:00:00,nieve,4.1,Nixon,AM
6145,5079,2025-06-26 00:00:00,noche oscura,1.9,Carlos,AM
6146,2203,2025-06-26 00:00:00,nucita,3.8,Alberto,AM
6147,91262,2025-06-26 00:00:00,olivia,3.7,Carlos,AM
6148,0298,2025-06-26 00:00:00,oro fino,3.3,Carlos,AM
6149,1100B,2025-06-26 00:00:00,osito,1.2,Carlos,AM
6150,8072,2025-06-26 00:00:00,oveja,3.3,Nixon,AM
6151,1078A,2025-06-26 00:00:00,panorama,2.6,Carlos,AM
6152,8011,2025-06-26 00:00:00,paraparo,2.4,Alberto,AM
6153,2219,2025-06-26 00:00:00,paraulata,4.0,Tampiquen,AM
6154,2133A,2025-06-26 00:00:00,paso doble,3.7,Alberto,AM
6155,5146,2025-06-26 00:00:00,pata quebrada,3.3,Tampiquen,AM
6156,1088A,2025-06-26 00:00:00,patricia,4.1,Yunior,AM
6157,0201,2025-06-26 00:00:00,patrona,4.8,Tampiquen,AM
6158,0320,2025-06-26 00:00:00,peineta,3.6,Tampiquen,AM
6159,9071,2025-06-26 00:00:00,perro de agua,2.1,Alberto,AM
6160,8096,2025-06-26 00:00:00,petroleo,3.1,Carlos,AM
6161,1079,2025-06-26 00:00:00,pimpollo,3.0,Yunior,AM
6162,8046,2025-06-26 00:00:00,princesa,4.6,Carlos,AM
6163,7007,2025-06-26 00:00:00,puerto rico,4.4,Tampiquen,AM
6164,2021,2025-06-26 00:00:00,rabo podrido,2.9,Yunior,AM
6165,0299C,2025-06-26 00:00:00,rebana,3.4,Nixon,AM
6166,5060,2025-06-26 00:00:00,rebelde,4.6,Nixon,AM
6167,5679,2025-06-26 00:00:00,redonda,2.5,Tampiquen,AM
6168,J424,2025-06-26 00:00:00,requesón,3.1,Alberto,AM
6169,8028,2025-06-26 00:00:00,resplandor,3.5,Nixon,AM
6170,0267,2025-06-26 00:00:00,roñera,4.5,Yunior,AM
6171,8050,2025-06-26 00:00:00,rosa blanca,3.6,Carlos,AM
6172,6043,2025-06-26 00:00:00,rosita,3.2,Tampiquen,AM
6173,0220,2025-06-26 00:00:00,rusa,3.1,Nixon,AM
6174,8048,2025-06-26 00:00:00,safira,4.5,Tampiquen,AM
6175,2226,2025-06-26 00:00:00,san cristobal,3.9,Nixon,AM
6176,3026A,2025-06-26 00:00:00,sardina,4.2,Nixon,AM
6177,7061,2025-06-26 00:00:00,sofia,4.5,Nixon,AM
6178,9007,2025-06-26 00:00:00,susana,3.4,Yunior,AM
6179,7032,2025-06-26 00:00:00,tamañua,3.2,Tampiquen,AM
6180,2234,2025-06-26 00:00:00,taparita,3.0,Tampiquen,AM
6181,8043,2025-06-26 00:00:00,tauro,4.5,Yunior,AM
6182,1109A,2025-06-26 00:00:00,tigresa,3.2,Nixon,AM
6183,35,2025-06-26 00:00:00,turula,3.3,Nixon,AM
6184,2094A,2025-06-26 00:00:00,venaita,3.6,Nixon,AM
6185,9389,2025-06-26 00:00:00,zamura,2.2,Alberto,AM
6186,0299A,2025-06-26 00:00:00,,4.1,Yunior,AM
6187,1005,2025-06-26 00:00:00,,4.2,Carlos,AM
6188,1015A,2025-06-26 00:00:00,,3.9,Carlos,AM
6189,1075,2025-06-26 00:00:00,,4.1,Alberto,AM
6190,1091,2025-06-26 00:00:00,,2.4,Tampiquen,AM
6191,1104A,2025-06-26 00:00:00,,4.4,Carlos,AM
6192,1109B,2025-06-26 00:00:00,,2.5,Alberto,AM
6193,2018,2025-06-26 00:00:00,,2.7,Alberto,AM
6194,2035A,2025-06-26 00:00:00,,4.8,Tampiquen,AM
6195,2042,2025-06-26 00:00:00,,1.5,Alberto,AM
6196,33,2025-06-26 00:00:00,,1.3,Nixon,AM
6197,7066,2025-06-26 00:00:00,,4.5,Tampiquen,AM
6198,7080,2025-06-26 00:00:00,,1.9,Carlos,AM
6199,9011,2025-06-26 00:00:00,,1.7,Alberto,AM
6200,J01415,2025-06-26 00:00:00,,2.3,Carlos,AM
6201,J420,2025-06-26 00:00:00,,3.2,Tampiquen,AM
6202,J425,2025-06-26 00:00:00,,1.6,Nixon,AM
6203,2124A,2025-06-26 00:00:00,luisa,5.3,Yunior,AM
6204,8037,2025-06-26 00:00:00,amapola,3.9,Nixon,PM
6205,5076,2025-06-26 00:00:00,anais,1.8,Yunior,PM
6206,9058,2025-06-26 00:00:00,año nuevo,3.1,Carlos,PM
6207,8030,2025-06-26 00:00:00,barrilito,3.0,Yunior,PM
6208,0202,2025-06-26 00:00:00,berta,3.0,Carlos,PM
6209,4035,2025-06-26 00:00:00,blanca flor,3.6,Jhoandri,PM
6210,3003A,2025-06-26 00:00:00,blanca nieves,2.8,Jhoandri,PM
6211,2220,2025-06-26 00:00:00,blanquita,3.1,Nixon,PM
6212,4078,2025-06-26 00:00:00,cachito,1.7,Alberto,PM
6213,1188,2025-06-26 00:00:00,cacho aguja,3.0,Tampiquen,PM
6214,SNA,2025-06-26 00:00:00,cacho zurdo,3.1,Carlos,PM
6215,0240,2025-06-26 00:00:00,cafecito,4.0,Jhoandri,PM
6216,10431,2025-06-26 00:00:00,camila,4.0,Carlos,PM
6217,0226,2025-06-26 00:00:00,candidita,3.2,Yunior,PM
6218,3132,2025-06-26 00:00:00,canelita 2,2.3,Jhoandri,PM
6219,1004,2025-06-26 00:00:00,cara linda,3.2,Nixon,PM
6220,91171,2025-06-26 00:00:00,caramelo,2.7,Yunior,PM
6221,5150,2025-06-26 00:00:00,carevieja,2.5,Yunior,PM
6222,91242,2025-06-26 00:00:00,caroreña,3.3,Carlos,PM
6223,31102,2025-06-26 00:00:00,catira,2.2,Yunior,PM
6224,2143,2025-06-26 00:00:00,catrina,3.5,Yunior,PM
6225,8094,2025-06-26 00:00:00,chava,2.6,Tampiquen,PM
6226,5090,2025-06-26 00:00:00,chenchena,2.0,Jhoandri,PM
6227,2039,2025-06-26 00:00:00,claudia,2.6,Nixon,PM
6228,9091,2025-06-26 00:00:00,colorin,2.2,Tampiquen,PM
6229,0329,2025-06-26 00:00:00,culebra,2.6,Alberto,PM
6230,0241,2025-06-26 00:00:00,dominguita,4.3,Yunior,PM
6231,0338,2025-06-26 00:00:00,domitila,2.9,Tampiquen,PM
6232,8079,2025-06-26 00:00:00,doña maria,2.3,Jhoandri,PM
6233,0208A,2025-06-26 00:00:00,emb puro,2.9,Nixon,PM
6234,8089,2025-06-26 00:00:00,española,2.7,Nixon,PM
6235,2050,2025-06-26 00:00:00,fabiola,2.7,Alberto,PM
6236,2062,2025-06-26 00:00:00,fondo blanco,4.6,Nixon,PM
6237,2096,2025-06-26 00:00:00,gaviota,3.0,Nixon,PM
6238,2090A,2025-06-26 00:00:00,guacharaca,2.4,Yunior,PM
6239,EMB 2,2025-06-26 00:00:00,josefa,2.3,Tampiquen,PM
6240,9099,2025-06-26 00:00:00,la china,3.3,Carlos,PM
6241,2146,2025-06-26 00:00:00,leopatrio,4.8,Nixon,PM
6242,3028A,2025-06-26 00:00:00,lucerito,2.3,Tampiquen,PM
6243,2209A,2025-06-26 00:00:00,lunita,3.2,Yunior,PM
6244,7087,2025-06-26 00:00:00,mandarina,2.7,Yunior,PM
6245,4A,2025-06-26 00:00:00,mantequilla,2.0,Nixon,PM
6246,0322,2025-06-26 00:00:00,manto negro,2.9,Jhoandri,PM
6247,5052,2025-06-26 00:00:00,manzanita,1.4,Nixon,PM
6248,7083,2025-06-26 00:00:00,margarita,4.8,Nixon,PM
6249,6067,2025-06-26 00:00:00,mariposa,1.4,Nixon,PM
6250,6035,2025-06-26 00:00:00,mikaela,3.5,Nixon,PM
6251,7033,2025-06-26 00:00:00,mina de oro,4.7,Jhoandri,PM
6252,9113,2025-06-26 00:00:00,mireya,3.4,Alberto,PM
6253,2171,2025-06-26 00:00:00,mis amores,3.7,Yunior,PM
6254,2073,2025-06-26 00:00:00,morena,4.8,Tampiquen,PM
6255,0229,2025-06-26 00:00:00,navidad,3.0,Carlos,PM
6256,J841,2025-06-26 00:00:00,negra,3.3,Carlos,PM
6257,8036,2025-06-26 00:00:00,negrita,3.3,Jhoandri,PM
6258,5079,2025-06-26 00:00:00,noche oscura,1.2,Alberto,PM
6259,2203,2025-06-26 00:00:00,nucita,2.7,Alberto,PM
6260,91262,2025-06-26 00:00:00,olivia,3.1,Carlos,PM
6261,1100B,2025-06-26 00:00:00,osito,0.8,Nixon,PM
6262,8011,2025-06-26 00:00:00,paraparo,2.3,Alberto,PM
6263,2219,2025-06-26 00:00:00,paraulata,3.0,Carlos,PM
6264,2133A,2025-06-26 00:00:00,paso doble,3.2,Alberto,PM
6265,5146,2025-06-26 00:00:00,pata quebrada,2.4,Tampiquen,PM
6266,0201,2025-06-26 00:00:00,patrona,4.6,Nixon,PM
6267,0320,2025-06-26 00:00:00,peineta,2.6,Tampiquen,PM
6268,9071,2025-06-26 00:00:00,perro de agua,1.7,Tampiquen,PM
6269,7007,2025-06-26 00:00:00,puerto rico,3.6,Tampiquen,PM
6270,2021,2025-06-26 00:00:00,rabo podrido,2.1,Yunior,PM
6271,5060,2025-06-26 00:00:00,rebelde,3.5,Nixon,PM
6272,J424,2025-06-26 00:00:00,requesón,2.4,Jhoandri,PM
6273,8028,2025-06-26 00:00:00,resplandor,3.0,Jhoandri,PM
6274,8050,2025-06-26 00:00:00,rosa blanca,2.1,Carlos,PM
6275,6043,2025-06-26 00:00:00,rosita,2.6,Tampiquen,PM
6276,0220,2025-06-26 00:00:00,rusa,2.8,Jhoandri,PM
6277,7061,2025-06-26 00:00:00,sofia,2.7,Yunior,PM
6278,9007,2025-06-26 00:00:00,susana,2.8,Yunior,PM
6279,2234,2025-06-26 00:00:00,taparita,2.2,Tampiquen,PM
6280,35,2025-06-26 00:00:00,turula,2.6,Yunior,PM
6281,9389,2025-06-26 00:00:00,zamura,1.1,Alberto,PM
6282,0299A,2025-06-26 00:00:00,,2.4,Alberto,PM
6283,1005,2025-06-26 00:00:00,,2.7,Carlos,PM
6284,1015A,2025-06-26 00:00:00,,3.4,Tampiquen,PM
6285,1075,2025-06-26 00:00:00,,2.9,Alberto,PM
6286,1091,2025-06-26 00:00:00,,1.6,Tampiquen,PM
6287,1104A,2025-06-26 00:00:00,,3.4,Carlos,PM
6288,1109B,2025-06-26 00:00:00,,2.1,Alberto,PM
6289,2018,2025-06-26 00:00:00,,1.3,Alberto,PM
6290,2035A,2025-06-26 00:00:00,,3.6,Tampiquen,PM
6291,2042,2025-06-26 00:00:00,,1.1,Alberto,PM
6292,33,2025-06-26 00:00:00,,1.1,Nixon,PM
6293,J01415,2025-06-26 00:00:00,,2.0,Yunior,PM
6294,J420,2025-06-26 00:00:00,,2.2,Alberto,PM
6295,J425,2025-06-26 00:00:00,,1.3,Carlos,PM
6296,8061,2025-07-16 00:00:00,abrana,3.3,Noel,AM
6297,0298A,2025-07-16 00:00:00,almendron,5.0,Claudio,AM
6298,6070,2025-07-16 00:00:00,altamisa,2.6,Noel,AM
6299,8037,2025-07-16 00:00:00,amapola,3.8,Claudio,AM
6300,8063,2025-07-16 00:00:00,amarilla,3.9,Claudio,AM
6301,5076,2025-07-16 00:00:00,anais,2.0,Alberto,AM
6302,9058,2025-07-16 00:00:00,año nuevo,3.8,Alejandro,AM
6303,1015A,2025-07-16 00:00:00,azul,3.7,Nixon,AM
6304,0202,2025-07-16 00:00:00,berta,3.2,Alberto,AM
6305,0270,2025-07-16 00:00:00,bienvenida,5.8,Nixon,AM
6306,4035,2025-07-16 00:00:00,blanca flor,4.1,Noel,AM
6307,3003A,2025-07-16 00:00:00,blanca nieves,4.9,Alberto,AM
6308,2220,2025-07-16 00:00:00,blanquita,3.1,Nixon,AM
6309,4078,2025-07-16 00:00:00,cachito,2.1,Alberto,AM
6310,1188,2025-07-16 00:00:00,cacho aguja,3.8,Claudio,AM
6311,0018,2025-07-16 00:00:00,cacho solo,2.4,Noel,AM
6312,SNA,2025-07-16 00:00:00,cacho zurdo,3.1,Alberto,AM
6313,0240,2025-07-16 00:00:00,cafecito,4.8,Noel,AM
6314,10431,2025-07-16 00:00:00,camila,3.1,,AM
6315,J426,2025-07-16 00:00:00,candelaria,3.4,Claudio,AM
6316,0226,2025-07-16 00:00:00,candidita,3.5,Claudio,AM
6317,7067,2025-07-16 00:00:00,canelita 1,5.7,Nixon,AM
6318,3132,2025-07-16 00:00:00,canelita 2,2.6,Alejandro,AM
6319,8062,2025-07-16 00:00:00,cara de queso,3.4,Alberto,AM
6320,1004,2025-07-16 00:00:00,cara linda,4.5,Nixon,AM
6321,91171,2025-07-16 00:00:00,caramelo,4.6,Alejandro,AM
6322,0132,2025-07-16 00:00:00,carbon,4.6,Claudio,AM
6323,5150,2025-07-16 00:00:00,carevieja,2.9,Alejandro,AM
6324,0332,2025-07-16 00:00:00,carina,5.5,Noel,AM
6325,91242,2025-07-16 00:00:00,caroreña,3.9,Claudio,AM
6326,J01415,2025-07-16 00:00:00,cata,3.7,Noel,AM
6327,80472,2025-07-16 00:00:00,catalina,3.2,Alberto,AM
6328,31102,2025-07-16 00:00:00,catira,3.2,Claudio,AM
6329,2143,2025-07-16 00:00:00,catrina,4.2,Nixon,AM
6330,8094,2025-07-16 00:00:00,chava,1.7,Alberto,AM
6331,5090,2025-07-16 00:00:00,chenchena,4.4,Noel,AM
6332,2039,2025-07-16 00:00:00,claudia,3.3,Noel,AM
6333,9091,2025-07-16 00:00:00,colorin,4.4,Nixon,AM
6334,0329,2025-07-16 00:00:00,culebra,3.2,Alberto,AM
6335,0241,2025-07-16 00:00:00,dominguita,5.1,Nixon,AM
6336,0338,2025-07-16 00:00:00,domitila,5.8,Noel,AM
6337,8079,2025-07-16 00:00:00,doña maria,3.1,Noel,AM
6338,0208A,2025-07-16 00:00:00,emb puro,4.8,Noel,AM
6339,8082,2025-07-16 00:00:00,escorpion,3.5,Alberto,AM
6340,8089,2025-07-16 00:00:00,española,3.4,Nixon,AM
6341,2050,2025-07-16 00:00:00,fabiola,3.0,Alejandro,AM
6342,2062,2025-07-16 00:00:00,fondo blanco,5.4,Claudio,AM
6343,0284,2025-07-16 00:00:00,girasol,4.2,Alberto,AM
6344,0740,2025-07-16 00:00:00,gisela,2.8,Alberto,AM
6345,2090A,2025-07-16 00:00:00,guacharaca,3.4,Noel,AM
6346,8033,2025-07-16 00:00:00,guariqueña,2.8,Alejandro,AM
6347,EMB 2,2025-07-16 00:00:00,josefa,2.6,Alberto,AM
6348,1017A,2025-07-16 00:00:00,julieta,1.8,Alejandro,AM
6349,9099,2025-07-16 00:00:00,la china,2.9,Alejandro,AM
6350,0272,2025-07-16 00:00:00,la guara,2.8,Alberto,AM
6351,3066B,2025-07-16 00:00:00,la mocha,3.8,Noel,AM
6352,5144,2025-07-16 00:00:00,la mona,3.1,Noel,AM
6353,2146,2025-07-16 00:00:00,leopatrio,5.1,Alejandro,AM
6354,3028A,2025-07-16 00:00:00,lucerito,2.8,Noel,AM
6355,2124A,2025-07-16 00:00:00,luisa,5.0,Claudio,AM
6356,3021A,2025-07-16 00:00:00,luna llena,5.2,Claudio,AM
6357,2209A,2025-07-16 00:00:00,lunita,3.8,Claudio,AM
6358,7087,2025-07-16 00:00:00,mandarina,3.5,Noel,AM
6359,4A,2025-07-16 00:00:00,mantequilla,2.9,Nixon,AM
6360,0322,2025-07-16 00:00:00,manto negro,4.4,Nixon,AM
6361,5052,2025-07-16 00:00:00,manzanita,1.8,Alberto,AM
6362,7083,2025-07-16 00:00:00,margarita,5.8,Nixon,AM
6363,6067,2025-07-16 00:00:00,mariposa,2.0,Nixon,AM
6364,6035,2025-07-16 00:00:00,mikaela,4.2,Nixon,AM
6365,7033,2025-07-16 00:00:00,mina de oro,4.1,Alejandro,AM
6366,9113,2025-07-16 00:00:00,mireya,4.2,Nixon,AM
6367,2171,2025-07-16 00:00:00,mis amores,3.7,Alberto,AM
6368,J425,2025-07-16 00:00:00,monica,2.9,Claudio,AM
6369,2073,2025-07-16 00:00:00,morena,5.7,Nixon,AM
6370,1139A,2025-07-16 00:00:00,motica,2.4,"2,4",AM
6371,0229,2025-07-16 00:00:00,navidad,3.5,Claudio,AM
6372,J841,2025-07-16 00:00:00,negra,3.7,Claudio,AM
6373,8036,2025-07-16 00:00:00,negrita,4.3,Noel,AM
6374,5033,2025-07-16 00:00:00,nieve,3.6,Claudio,AM
6375,5079,2025-07-16 00:00:00,noche oscura,3.1,Alejandro,AM
6376,2203,2025-07-16 00:00:00,nucita,3.1,Alejandro,AM
6377,91262,2025-07-16 00:00:00,olivia,3.9,Nixon,AM
6378,1100B,2025-07-16 00:00:00,osito,2.2,Noel,AM
6379,1078A,2025-07-16 00:00:00,panorama,2.9,Nixon,AM
6380,8011,2025-07-16 00:00:00,paraparo,2.3,Alberto,AM
6381,2219,2025-07-16 00:00:00,paraulata,2.2,Alberto,AM
6382,2133A,2025-07-16 00:00:00,paso doble,4.3,Noel,AM
6383,5146,2025-07-16 00:00:00,pata quebrada,3.8,Noel,AM
6384,1088A,2025-07-16 00:00:00,patricia,5.0,Claudio,AM
6385,0201,2025-07-16 00:00:00,patrona,5.0,Nixon,AM
6386,0320,2025-07-16 00:00:00,peineta,3.9,Nixon,AM
6387,9071,2025-07-16 00:00:00,perro de agua,2.2,Alberto,AM
6388,8096,2025-07-16 00:00:00,petroleo,3.3,Alejandro,AM
6389,1079,2025-07-16 00:00:00,pimpollo,3.1,Alberto,AM
6390,33,2025-07-16 00:00:00,pitola,2.6,Nixon,AM
6391,8046,2025-07-16 00:00:00,princesa,2.8,Alberto,AM
6392,7007,2025-07-16 00:00:00,puerto rico,4.3,Nixon,AM
6393,1104A,2025-07-16 00:00:00,quesadilla,4.5,Claudio,AM
6394,2021,2025-07-16 00:00:00,rabo podrido,3.2,Nixon,AM
6395,0299C,2025-07-16 00:00:00,rebana,3.9,Nixon,AM
6396,5060,2025-07-16 00:00:00,rebelde,3.7,Claudio,AM
6397,5679,2025-07-16 00:00:00,redonda,2.1,Alberto,AM
6398,J424,2025-07-16 00:00:00,requeson,3.4,Noel,AM
6399,8028,2025-07-16 00:00:00,resplandor,4.2,Alejandro,AM
6400,8050,2025-07-16 00:00:00,rosa blanca,3.5,Noel,AM
6401,6043,2025-07-16 00:00:00,rosita,3.3,Alberto,AM
6402,0220,2025-07-16 00:00:00,rusa,2.0,Alejandro,AM
6403,2226,2025-07-16 00:00:00,san cristobal,4.2,Claudio,AM
6404,3026A,2025-07-16 00:00:00,sardina,4.3,Nixon,AM
6405,7061,2025-07-16 00:00:00,sofia,3.5,Alejandro,AM
6406,2018,2025-07-16 00:00:00,sol y sombra,4.2,Alberto,AM
6407,9007,2025-07-16 00:00:00,susana,2.8,Alejandro,AM
6408,7032,2025-07-16 00:00:00,tamañua,2.7,Alberto,AM
6409,2234,2025-07-16 00:00:00,taparita,2.9,Claudio,AM
6410,8043,2025-07-16 00:00:00,tauro,3.5,Claudio,AM
6411,1109A,2025-07-16 00:00:00,tigresa,2.0,Alejandro,AM
6412,7077,2025-07-16 00:00:00,topita dos,3.0,Alberto,AM
6413,35,2025-07-16 00:00:00,turula,4.6,Noel,AM
6414,0299A,2025-07-16 00:00:00,,3.7,Noel,AM
6415,1005,2025-07-16 00:00:00,,2.9,Claudio,AM
6416,1063,2025-07-16 00:00:00,macarapana,2.0,Nixon,AM
6417,1075,2025-07-16 00:00:00,,2.3,Alberto,AM
6418,1091,2025-07-16 00:00:00,pavo real,2.1,Claudio,AM
6419,1102,2025-07-16 00:00:00,calucha,2.9,Nixon,AM
6420,1109B,2025-07-16 00:00:00,,3.3,Claudio,AM
6421,2014,2025-07-16 00:00:00,,2.2,Alberto,AM
6422,2035A,2025-07-16 00:00:00,,2.4,Alberto,AM
6423,2042,2025-07-16 00:00:00,,3.0,Alberto,AM
6424,2201,2025-07-16 00:00:00,chiguira,1.7,Claudio,AM
6425,7066,2025-07-16 00:00:00,,3.9,Alberto,AM
6426,9011,2025-07-16 00:00:00,,2.7,Claudio,AM
6427,J420,2025-07-16 00:00:00,,3.8,Claudio,AM
6428,0298A,2025-07-16 00:00:00,almendron,2.8,Carlos,PM
6429,8037,2025-07-16 00:00:00,amapola,3.0,Nixon,PM
6430,8063,2025-07-16 00:00:00,amarilla,2.0,Alberto,PM
6431,5076,2025-07-16 00:00:00,anais,2.0,Noel,PM
6432,9058,2025-07-16 00:00:00,año nuevo,3.7,Noel,PM
6433,1015A,2025-07-16 00:00:00,azul,3.6,Noel,PM
6434,8030,2025-07-16 00:00:00,barrilito,3.1,Carlos,PM
6435,0202,2025-07-16 00:00:00,berta,2.4,Carlos,PM
6436,4035,2025-07-16 00:00:00,blanca flor,3.4,Noel,PM
6437,3003A,2025-07-16 00:00:00,blanca nieves,3.3,Nixon,PM
6438,4078,2025-07-16 00:00:00,cachito,1.8,Alberto,PM
6439,1188,2025-07-16 00:00:00,cacho aguja,2.5,Alejandro,PM
6440,0018,2025-07-16 00:00:00,cacho solo,1.8,Alberto,PM
6441,SNA,2025-07-16 00:00:00,cacho zurdo,2.5,Alberto,PM
6442,0240,2025-07-16 00:00:00,cafecito,3.8,Alejandro,PM
6443,10431,2025-07-16 00:00:00,camila,4.1,Carlos,PM
6444,0226,2025-07-16 00:00:00,candidita,2.9,Alejandro,PM
6445,3132,2025-07-16 00:00:00,canelita 2,2.1,Claudio,PM
6446,8062,2025-07-16 00:00:00,cara de queso,1.7,Alberto,PM
6447,1004,2025-07-16 00:00:00,cara linda,5.1,Claudio,PM
6448,91171,2025-07-16 00:00:00,caramelo,3.2,Noel,PM
6449,5150,2025-07-16 00:00:00,carevieja,2.4,Alejandro,PM
6450,91242,2025-07-16 00:00:00,caroreña,2.8,Claudio,PM
6451,31102,2025-07-16 00:00:00,catira,2.9,Claudio,PM
6452,2143,2025-07-16 00:00:00,catrina,2.5,Claudio,PM
6453,8094,2025-07-16 00:00:00,chava,1.9,Carlos,PM
6454,9091,2025-07-16 00:00:00,colorin,2.9,Claudio,PM
6455,0329,2025-07-16 00:00:00,culebra,2.8,Alberto,PM
6456,0241,2025-07-16 00:00:00,dominguita,4.0,Nixon,PM
6457,0338,2025-07-16 00:00:00,domitila,3.9,Noel,PM
6458,8079,2025-07-16 00:00:00,doña maria,2.0,Alejandro,PM
6459,0208A,2025-07-16 00:00:00,emb puro,2.1,Noel,PM
6460,8089,2025-07-16 00:00:00,española,2.8,Nixon,PM
6461,2050,2025-07-16 00:00:00,fabiola,2.8,Alejandro,PM
6462,2062,2025-07-16 00:00:00,fondo blanco,4.0,Nixon,PM
6463,2096,2025-07-16 00:00:00,gaviota,2.5,Noel,PM
6464,0284,2025-07-16 00:00:00,girasol,4.9,Carlos,PM
6465,0740,2025-07-16 00:00:00,gisela,3.7,Alberto,PM
6466,2090A,2025-07-16 00:00:00,guacharaca,3.1,Alberto,PM
6467,8033,2025-07-16 00:00:00,guariqueña,1.6,Claudio,PM
6468,EMB 2,2025-07-16 00:00:00,josefa,1.4,Alberto,PM
6469,9099,2025-07-16 00:00:00,la china,2.5,Nixon,PM
6470,0272,2025-07-16 00:00:00,la guara,1.9,Alberto,PM
6471,2146,2025-07-16 00:00:00,leopatrio,4.5,Nixon,PM
6472,3028A,2025-07-16 00:00:00,lucerito,1.3,Carlos,PM
6473,3021A,2025-07-16 00:00:00,luna llena,4.5,Carlos,PM
6474,2209A,2025-07-16 00:00:00,lunita,3.0,Carlos,PM
6475,7087,2025-07-16 00:00:00,mandarina,2.7,Noel,PM
6476,4A,2025-07-16 00:00:00,mantequilla,1.4,Alejandro,PM
6477,0322,2025-07-16 00:00:00,manto negro,2.4,Alberto,PM
6478,5052,2025-07-16 00:00:00,manzanita,2.0,Alejandro,PM
6479,7083,2025-07-16 00:00:00,margarita,3.5,Claudio,PM
6480,6035,2025-07-16 00:00:00,mikaela,2.8,Nixon,PM
6481,7033,2025-07-16 00:00:00,mina de oro,3.1,Claudio,PM
6482,9113,2025-07-16 00:00:00,mireya,2.9,Carlos,PM
6483,2171,2025-07-16 00:00:00,mis amores,3.0,Carlos,PM
6484,J425,2025-07-16 00:00:00,monica,2.0,Carlos,PM
6485,2073,2025-07-16 00:00:00,morena,3.5,Carlos,PM
6486,0229,2025-07-16 00:00:00,navidad,2.7,Carlos,PM
6487,J841,2025-07-16 00:00:00,negra,3.4,Claudio,PM
6488,8036,2025-07-16 00:00:00,negrita,3.1,Claudio,PM
6489,5079,2025-07-16 00:00:00,noche oscura,1.9,Carlos,PM
6490,2203,2025-07-16 00:00:00,nucita,4.4,Noel,PM
6491,91262,2025-07-16 00:00:00,olivia,2.4,Claudio,PM
6492,1078A,2025-07-16 00:00:00,panorama,2.9,Nixon,PM
6493,8011,2025-07-16 00:00:00,paraparo,2.3,Alberto,PM
6494,2219,2025-07-16 00:00:00,paraulata,1.9,Noel,PM
6495,2133A,2025-07-16 00:00:00,paso doble,3.6,Nixon,PM
6496,5146,2025-07-16 00:00:00,pata quebrada,2.5,Carlos,PM
6497,0201,2025-07-16 00:00:00,patrona,3.9,Alejandro,PM
6498,0320,2025-07-16 00:00:00,peineta,2.4,Noel,PM
6499,9071,2025-07-16 00:00:00,perro de agua,1.3,Nixon,PM
6500,33,2025-07-16 00:00:00,pitola,1.1,Alejandro,PM
6501,7007,2025-07-16 00:00:00,puerto rico,3.2,Nixon,PM
6502,1104A,2025-07-16 00:00:00,quesadilla,3.3,Nixon,PM
6503,5060,2025-07-16 00:00:00,rebelde,2.4,Carlos,PM
6504,J424,2025-07-16 00:00:00,requeson,1.9,Noel,PM
6505,8028,2025-07-16 00:00:00,resplandor,3.5,Noel,PM
6506,8050,2025-07-16 00:00:00,rosa blanca,2.0,Claudio,PM
6507,6043,2025-07-16 00:00:00,rosita,2.9,Claudio,PM
6508,0220,2025-07-16 00:00:00,rusa,3.7,Noel,PM
6509,7061,2025-07-16 00:00:00,sofia,2.3,Nixon,PM
6510,2018,2025-07-16 00:00:00,sol y sombra,3.8,Alberto,PM
6511,9007,2025-07-16 00:00:00,susana,2.1,Nixon,PM
6512,2234,2025-07-16 00:00:00,taparita,2.0,Nixon,PM
6513,7077,2025-07-16 00:00:00,topita dos,2.8,Alejandro,PM
6514,0299A,2025-07-16 00:00:00,,2.5,Noel,PM
6515,1005,2025-07-16 00:00:00,,2.2,Carlos,PM
6516,1063,2025-07-16 00:00:00,macarapana,1.7,Nixon,PM
6517,1075,2025-07-16 00:00:00,,1.4,Alejandro,PM
6518,1091,2025-07-16 00:00:00,pavo real,1.5,Claudio,PM
6519,1102,2025-07-16 00:00:00,calucha,2.6,Nixon,PM
6520,1109B,2025-07-16 00:00:00,,2.7,Alejandro,PM
6521,2014,2025-07-16 00:00:00,,1.8,Alberto,PM
6522,2035A,2025-07-16 00:00:00,,3.3,Claudio,PM
6523,2042,2025-07-16 00:00:00,,2.2,Noel,PM
6524,2201,2025-07-16 00:00:00,chiguira,1.9,Carlos,PM
6525,9011,2025-07-16 00:00:00,,1.5,Claudio,PM
6526,J420,2025-07-16 00:00:00,,1.8,Nixon,PM
6527,BU006,2025-10-21 00:00:00,ponki,2.2,Florencio,AM
6528,BU035,2025-10-21 00:00:00,tiempo de agua,5.7,Miguel,AM
6529,BU036,2025-10-21 00:00:00,nube de agua,4.8,Ronie,AM
6530,BU048,2025-10-21 00:00:00,rosa linda,1.9,Miguel,AM
6531,BU053,2025-10-21 00:00:00,giorgina,5.7,Miguel,AM
6532,BU057,2025-10-21 00:00:00,entre 4,2.7,Ronie,AM
6533,BU076,2025-10-21 00:00:00,corokora,4.0,Ronie,AM
6534,BU106,2025-10-21 00:00:00,zamura ,6.3,Florencio,AM
6535,BU316,2025-10-21 00:00:00,juliana,3.9,Florencio,AM
6536,BU318,2025-10-21 00:00:00,Pantera,2.1,Miguel,AM
6537,BU320,2025-10-21 00:00:00,taparita,3.7,Ronie,AM
6538,BU324,2025-10-21 00:00:00,milagritos bufala,2.5,Florencio,AM
6539,BU329,2025-10-21 00:00:00,peluda,3.2,Ronie,AM
6540,BU332,2025-10-21 00:00:00,sota de oro,3.7,Florencio,AM
6541,BU333,2025-10-21 00:00:00,lagunon,3.2,Ronie,AM
6542,BU335,2025-10-21 00:00:00,vieja loca,3.1,Miguel,AM
6543,BU337,2025-10-21 00:00:00,mercedita ,2.4,Ronie,AM
6544,BU340,2025-10-21 00:00:00,negralinda,5.9,Miguel,AM
6545,BU341,2025-10-21 00:00:00,desengaño,1.1,Miguel,AM
6546,BU342,2025-10-21 00:00:00,negrita,2.4,Florencio,AM
6547,BU343,2025-10-21 00:00:00,caracol,2.6,Florencio,AM
6548,BU344,2025-10-21 00:00:00,tamborita,6.0,Miguel,AM
6549,BU346,2025-10-21 00:00:00,palmasola,4.2,Miguel,AM
6550,BU347,2025-10-21 00:00:00,toldita bufala,5.3,Florencio,AM
6551,BU348,2025-10-21 00:00:00,malamaña,2.4,Ronie,AM
6552,BU351,2025-10-21 00:00:00,cartagena,4.3,Ronie,AM
6553,8061,2026-01-15 00:00:00,abrana,3.1,Alberto,AM
6554,0298A,2026-01-15 00:00:00,almendron,4.2,Claudio,AM
6555,0353,2026-01-15 00:00:00,Altagracia,4.3,Carlos,AM
6556,8037,2026-01-15 00:00:00,amapola,5.5,Alberto,AM
6557,4072,2026-01-15 00:00:00,andrea,2.3,Pozuelo,AM
6558,1310,2026-01-15 00:00:00,araguata,2.4,Carlos,AM
6559,1015A,2026-01-15 00:00:00,azul,4.2,Carlos,AM
6560,6021,2026-01-15 00:00:00,berenjena,3.3,Alberto,AM
6561,0202,2026-01-15 00:00:00,berta,2.2,Carlos,AM
6562,3003A,2026-01-15 00:00:00,blanca nieves,3.5,Alberto,AM
6563,2080,2026-01-15 00:00:00,blanquita1,3.7,Yonier,AM
6564,4018,2026-01-15 00:00:00,bocanegra,2.4,Yonier,AM
6565,9076,2026-01-15 00:00:00,bonita,3.1,Pozuelo,AM
6566,2093,2026-01-15 00:00:00,bukana,3.0,Pozuelo,AM
6567,4078,2026-01-15 00:00:00,cachito,2.1,Alberto,AM
6568,2063A,2026-01-15 00:00:00,cacho e gusano,4.0,Alberto,AM
6569,7074,2026-01-15 00:00:00,cacho e tornillo,4.1,Alberto,AM
6570,0018,2026-01-15 00:00:00,cacho solo,2.8,Alberto,AM
6571,0240,2026-01-15 00:00:00,cafecito,2.9,Claudio,AM
6572,0206A,2026-01-15 00:00:00,camasita,3.1,Alberto,AM
6573,10431,2026-01-15 00:00:00,camila,4.3,Claudio,AM
6574,0327,2026-01-15 00:00:00,cañoarena,2.3,Carlos,AM
6575,8062,2026-01-15 00:00:00,cara de queso,4.2,Pozuelo,AM
6576,1004,2026-01-15 00:00:00,cara linda,1.8,Alberto,AM
6577,2148A,2026-01-15 00:00:00,cara negra,3.1,Yonier,AM
6578,0332,2026-01-15 00:00:00,carina,3.6,Alberto,AM
6579,91172,2026-01-15 00:00:00,carmeluisa,3.1,Yonier,AM
6580,2143,2026-01-15 00:00:00,catrina,3.8,Yonier,AM
6581,2180A,2026-01-15 00:00:00,ceniza,2.1,Carlos,AM
6582,8094,2026-01-15 00:00:00,chava,3.6,Alberto,AM
6583,2201,2026-01-15 00:00:00,chiguira,2.6,Carlos,AM
6584,9037,2026-01-15 00:00:00,chilindrina,3.0,Yonier,AM
6585,7059,2026-01-15 00:00:00,chinga dos,3.3,Pozuelo,AM
6586,8077,2026-01-15 00:00:00,chiquita,3.8,Carlos,AM
6587,7028,2026-01-15 00:00:00,cigarrona,3.5,Carlos,AM
6588,2039,2026-01-15 00:00:00,claudia,5.6,Claudio,AM
6589,9073,2026-01-15 00:00:00,cocoemono,3.6,Carlos,AM
6590,1045,2026-01-15 00:00:00,cocosete,4.3,Claudio,AM
6591,1075,2026-01-15 00:00:00,colita blanca,3.0,Pozuelo,AM
6592,9091,2026-01-15 00:00:00,colorin,2.2,Carlos,AM
6593,80882,2026-01-15 00:00:00,corazon,2.6,Pozuelo,AM
6594,0252,2026-01-15 00:00:00,cotua,2.1,Alberto,AM
6595,0269,2026-01-15 00:00:00,cruzada,3.7,Carlos,AM
6596,0329,2026-01-15 00:00:00,culebra,3.0,Claudio,AM
6597,30212,2026-01-15 00:00:00,diabla,2.8,Claudio,AM
6598,0306,2026-01-15 00:00:00,diamante,3.2,Claudio,AM
6599,0107,2026-01-15 00:00:00,doble cero,1.4,Alberto,AM
6600,0241,2026-01-15 00:00:00,dominguita,5.0,Yonier,AM
6601,0338,2026-01-15 00:00:00,domitila,2.5,Pozuelo,AM
6602,0208A,2026-01-15 00:00:00,emb puro,2.5,Carlos,AM
6603,2014,2026-01-15 00:00:00,erika,2.1,Pozuelo,AM
6604,34,2026-01-15 00:00:00,esperanza,3.7,Carlos,AM
6605,0297,2026-01-15 00:00:00,espiga de oro,3.1,Pozuelo,AM
6606,2062,2026-01-15 00:00:00,fondo blanco,3.8,Claudio,AM
6607,8045,2026-01-15 00:00:00,frescolita,4.5,Yonier,AM
6608,0284,2026-01-15 00:00:00,girasol,0.5,Yonier,AM
6609,9125,2026-01-15 00:00:00,golondrina,4.0,Carlos,AM
6610,5077,2026-01-15 00:00:00,guanota,3.2,Alberto,AM
6611,7022,2026-01-15 00:00:00,hato grande,2.9,Pozuelo,AM
6612,EMB 2,2026-01-15 00:00:00,josefa,3.5,Carlos,AM
6613,8005,2026-01-15 00:00:00,juguetona,3.2,Alberto,AM
6614,22135,2026-01-15 00:00:00,kelimar,3.8,Claudio,AM
6615,1015,2026-01-15 00:00:00,la chinga,3.4,Claudio,AM
6616,0272,2026-01-15 00:00:00,la guara,3.1,Yonier,AM
6617,3066B,2026-01-15 00:00:00,la mocha,3.2,Yonier,AM
6618,5144,2026-01-15 00:00:00,la mona,2.5,Claudio,AM
6619,4151,2026-01-15 00:00:00,la que amarro,3.5,Yonier,AM
6620,19,2026-01-15 00:00:00,lagartija,2.4,Yonier,AM
6621,2146,2026-01-15 00:00:00,leopatrio,5.5,Claudio,AM
6622,0249,2026-01-15 00:00:00,lula,3.6,Carlos,AM
6623,3021A,2026-01-15 00:00:00,luna llena,3.8,Pozuelo,AM
6624,2103,2026-01-15 00:00:00,lupita,2.8,Claudio,AM
6625,1063,2026-01-15 00:00:00,macarapan,4.1,Yonier,AM
6626,2048,2026-01-15 00:00:00,magdalena,3.1,Claudio,AM
6627,7017,2026-01-15 00:00:00,maita,2.5,Claudio,AM
6628,2047,2026-01-15 00:00:00,mal tiempo,2.1,Alberto,AM
6629,EMB 5,2026-01-15 00:00:00,mama juana,1.1,Pozuelo,AM
6630,0336,2026-01-15 00:00:00,mantecal,4.3,Carlos,AM
6631,7083,2026-01-15 00:00:00,margarita,4.2,Yonier,AM
6632,5030,2026-01-15 00:00:00,marisol,4.2,Claudio,AM
6633,2108,2026-01-15 00:00:00,mariugenia,2.6,Claudio,AM
6634,1095A,2026-01-15 00:00:00,marucha1,2.6,Pozuelo,AM
6635,20334,2026-01-15 00:00:00,media luna,2.5,Pozuelo,AM
6636,2095,2026-01-15 00:00:00,miranda,3.2,Pozuelo,AM
6637,9113,2026-01-15 00:00:00,mireya,3.4,Pozuelo,AM
6638,0101,2026-01-15 00:00:00,mojarrita,1.9,Yonier,AM
6639,J425,2026-01-15 00:00:00,monica,2.0,Claudio,AM
6640,2073,2026-01-15 00:00:00,morena,1.9,Claudio,AM
6641,5079,2026-01-15 00:00:00,noche oscura,2.7,Pozuelo,AM
6642,22144,2026-01-15 00:00:00,noviembre,1.5,Alberto,AM
6643,2203,2026-01-15 00:00:00,nucita,5.2,Alberto,AM
6644,0342,2026-01-15 00:00:00,ojona,2.2,Carlos,AM
6645,0323,2026-01-15 00:00:00,olga lucia,3.8,Yonier,AM
6646,1078A,2026-01-15 00:00:00,panorama,1.8,Alberto,AM
6647,0231A,2026-01-15 00:00:00,paola,3.0,Carlos,AM
6648,2133A,2026-01-15 00:00:00,paso doble,3.8,Yonier,AM
6649,5146,2026-01-15 00:00:00,pata quebrada,3.1,Claudio,AM
6650,9020,2026-01-15 00:00:00,Pato real,3.6,Claudio,AM
6651,1088A,2026-01-15 00:00:00,patricia,3.5,Yonier,AM
6652,1091,2026-01-15 00:00:00,pavo real,2.5,Pozuelo,AM
6653,9006,2026-01-15 00:00:00,pegazo,2.6,Yonier,AM
6654,2196A,2026-01-15 00:00:00,peluche,3.6,Pozuelo,AM
6655,20001,2026-01-15 00:00:00,pepa,3.4,Pozuelo,AM
6656,9071,2026-01-15 00:00:00,perro de agua,1.6,Pozuelo,AM
6657,8096,2026-01-15 00:00:00,petroleo,3.8,Carlos,AM
6658,8046,2026-01-15 00:00:00,princesa,3.5,Alberto,AM
6659,7007,2026-01-15 00:00:00,puerto rico,4.1,Carlos,AM
6660,1104A,2026-01-15 00:00:00,quesadilla,3.5,Claudio,AM
6661,5060,2026-01-15 00:00:00,rebelde,3.8,Carlos,AM
6662,8028,2026-01-15 00:00:00,resplandor,2.8,Yonier,AM
6663,7012,2026-01-15 00:00:00,rojita,3.2,Carlos,AM
6664,2030,2026-01-15 00:00:00,ronaisi,2.1,Claudio,AM
6665,8019,2026-01-15 00:00:00,ropa sucia,4.9,Yonier,AM
6666,02331,2026-01-15 00:00:00,rosa,1.0,Yonier,AM
6667,6043,2026-01-15 00:00:00,rosita,3.6,Carlos,AM
6668,0259,2026-01-15 00:00:00,sambita,5.0,Claudio,AM
6669,3026A,2026-01-15 00:00:00,sardina,2.4,Claudio,AM
6670,2111,2026-01-15 00:00:00,sobrecito,6.6,Carlos,AM
6671,2018,2026-01-15 00:00:00,sol y sombra,4.7,Carlos,AM
6672,0278,2026-01-15 00:00:00,sulimar,3.7,Yonier,AM
6673,7077,2026-01-15 00:00:00,topita dos,3.1,Yonier,AM
6674,2035A,2026-01-15 00:00:00,turpial,4.3,Claudio,AM
6675,9053,2026-01-15 00:00:00,uñaegato,2.9,Yonier,AM
6676,2094A,2026-01-15 00:00:00,venaita,3.2,Pozuelo,AM
6677,0333,2026-01-15 00:00:00,veronica,3.7,Claudio,AM
6678,4007,2026-01-15 00:00:00,victoria,3.1,Carlos,AM
6679,8017,2026-01-15 00:00:00,yanire,2.5,Yonier,AM
6680,0111,2026-01-15 00:00:00,yirbeli,3.9,Pozuelo,AM
6681,8076,2026-01-15 00:00:00,yorgelis,4.1,Yonier,AM
6682,0299A,2026-01-15 00:00:00,,1.9,Pozuelo,AM
6683,1005,2026-01-15 00:00:00,,3.0,Carlos,AM
6684,1100A,2026-01-15 00:00:00,,3.5,Carlos,AM
6685,1102,2026-01-15 00:00:00,,2.8,Claudio,AM
6686,1109B,2026-01-15 00:00:00,,3.1,Yonier,AM
6687,2023,2026-01-15 00:00:00,,4.1,Pozuelo,AM
6688,2034,2026-01-15 00:00:00,,2.5,Claudio,AM
6689,2042,2026-01-15 00:00:00,,3.7,Carlos,AM
6690,2052,2026-01-15 00:00:00,,3.0,Claudio,AM
6691,2102,2026-01-15 00:00:00,,1.0,Alberto,AM
6692,2137,2026-01-15 00:00:00,,1.0,Alberto,AM
6693,21391,2026-01-15 00:00:00,,1.5,Claudio,AM
6694,2140,2026-01-15 00:00:00,,2.8,Alberto,AM
6695,22098,2026-01-15 00:00:00,,3.3,Pozuelo,AM
6696,22161,2026-01-15 00:00:00,,1.5,Alberto,AM
6697,22172,2026-01-15 00:00:00,,2.4,Claudio,AM
6698,8041,2026-01-15 00:00:00,,2.8,Yonier,AM
6699,9126A,2026-01-15 00:00:00,,1.5,Carlos,AM
6700,9500,2026-01-15 00:00:00,,0.5,Alberto,AM
6701,6035,2026-01-15 00:00:00,mikaela,4.5,Alberto,AM
6702,8061,2026-01-15 00:00:00,abrana,1.1,Yonier,PM
6703,0298A,2026-01-15 00:00:00,almendron,4.0,Jhoandri,PM
6704,0353,2026-01-15 00:00:00,Altagracia,3.9,Claudio,PM
6705,4072,2026-01-15 00:00:00,andrea,1.7,Jhoandri,PM
6706,1310,2026-01-15 00:00:00,araguata,2.2,Pozuelo,PM
6707,2080,2026-01-15 00:00:00,blanquita1,2.0,Jhoandri,PM
6708,4018,2026-01-15 00:00:00,bocanegra,1.7,Jhoandri,PM
6709,2093,2026-01-15 00:00:00,bukana,2.6,Jhoandri,PM
6710,7074,2026-01-15 00:00:00,cacho e tornillo,3.1,Carlos,PM
6711,0206A,2026-01-15 00:00:00,camasita,2.5,Carlos,PM
6712,2148A,2026-01-15 00:00:00,cara negra,2.7,Yonier,PM
6713,0332,2026-01-15 00:00:00,carina,2.7,Carlos,PM
6714,91172,2026-01-15 00:00:00,carmeluisa,2.2,Carlos,PM
6715,2143,2026-01-15 00:00:00,catrina,3.1,Jhoandri,PM
6716,2180A,2026-01-15 00:00:00,ceniza,1.9,Claudio,PM
6717,7059,2026-01-15 00:00:00,chinga dos,2.2,Pozuelo,PM
6718,8077,2026-01-15 00:00:00,chiquita,2.5,Carlos,PM
6719,7028,2026-01-15 00:00:00,cigarrona,2.8,Pozuelo,PM
6720,2039,2026-01-15 00:00:00,claudia,5.3,Pozuelo,PM
6721,9073,2026-01-15 00:00:00,cocoemono,3.5,Jhoandri,PM
6722,1045,2026-01-15 00:00:00,cocosete,3.8,Pozuelo,PM
6723,80882,2026-01-15 00:00:00,corazon,2.6,Jhoandri,PM
6724,0269,2026-01-15 00:00:00,cruzada,3.4,Claudio,PM
6725,30212,2026-01-15 00:00:00,diabla,2.7,Claudio,PM
6726,0306,2026-01-15 00:00:00,diamante,3.0,Jhoandri,PM
6727,0107,2026-01-15 00:00:00,doble cero,0.8,Yonier,PM
6728,34,2026-01-15 00:00:00,esperanza,3.0,Yonier,PM
6729,9125,2026-01-15 00:00:00,golondrina,2.7,Carlos,PM
6730,5077,2026-01-15 00:00:00,guanota,2.1,Yonier,PM
6731,7022,2026-01-15 00:00:00,hato grande,2.4,Claudio,PM
6732,22135,2026-01-15 00:00:00,kelimar,2.6,Pozuelo,PM
6733,1015,2026-01-15 00:00:00,la chinga,3.3,Jhoandri,PM
6734,0272,2026-01-15 00:00:00,la guara,3.0,Carlos,PM
6735,3066B,2026-01-15 00:00:00,la mocha,2.8,Claudio,PM
6736,5144,2026-01-15 00:00:00,la mona,2.4,Jhoandri,PM
6737,4151,2026-01-15 00:00:00,la que amarro,2.8,Yonier,PM
6738,80121,2026-01-15 00:00:00,lomo rallado,3.4,Jhoandri,PM
6739,0249,2026-01-15 00:00:00,lula,3.4,Carlos,PM
6740,2103,2026-01-15 00:00:00,lupita,2.4,Carlos,PM
6741,2048,2026-01-15 00:00:00,magdalena,1.4,Pozuelo,PM
6742,0336,2026-01-15 00:00:00,mantecal,3.0,Yonier,PM
6743,1095A,2026-01-15 00:00:00,marucha1,2.2,Yonier,PM
6744,20334,2026-01-15 00:00:00,media luna,2.2,Pozuelo,PM
6745,22144,2026-01-15 00:00:00,noviembre,1.3,Yonier,PM
6746,0342,2026-01-15 00:00:00,ojona,2.0,Pozuelo,PM
6747,0323,2026-01-15 00:00:00,olga lucia,2.7,Claudio,PM
6748,1078A,2026-01-15 00:00:00,panorama,2.6,Carlos,PM
6749,0231A,2026-01-15 00:00:00,paola,1.8,Carlos,PM
6750,1088A,2026-01-15 00:00:00,patricia,2.9,Pozuelo,PM
6751,2196A,2026-01-15 00:00:00,peluche,3.2,Pozuelo,PM
6752,20001,2026-01-15 00:00:00,pepa,3.3,Claudio,PM
6753,8096,2026-01-15 00:00:00,petroleo,2.0,Yonier,PM
6754,8046,2026-01-15 00:00:00,princesa,2.0,Claudio,PM
6755,0259,2026-01-15 00:00:00,sambita,3.7,Claudio,PM
6756,3026A,2026-01-15 00:00:00,sardina,2.4,Jhoandri,PM
6757,0278,2026-01-15 00:00:00,sulimar,3.0,Yonier,PM
6758,9053,2026-01-15 00:00:00,uñaegato,2.5,Yonier,PM
6759,2094A,2026-01-15 00:00:00,venaita,2.1,Yonier,PM
6760,0333,2026-01-15 00:00:00,veronica,2.6,Claudio,PM
6761,8017,2026-01-15 00:00:00,yanire,2.8,Claudio,PM
6762,0111,2026-01-15 00:00:00,yirbeli,4.0,Claudio,PM
6763,8076,2026-01-15 00:00:00,yorgelis,3.0,Jhoandri,PM
6764,1100A,2026-01-15 00:00:00,,3.1,Carlos,PM
6765,2023,2026-01-15 00:00:00,,3.0,Pozuelo,PM
6766,2034,2026-01-15 00:00:00,,2.6,Claudio,PM
6767,2052,2026-01-15 00:00:00,,2.3,Claudio,PM
6768,2102,2026-01-15 00:00:00,,0.5,Alberto,PM
6769,2137,2026-01-15 00:00:00,,0.5,Claudio,PM
6770,21391,2026-01-15 00:00:00,,1.9,Claudio,PM
6771,2140,2026-01-15 00:00:00,,2.0,Pozuelo,PM
6772,22098,2026-01-15 00:00:00,,2.1,Pozuelo,PM
6773,22161,2026-01-15 00:00:00,,1.0,Claudio,PM
6774,22172,2026-01-15 00:00:00,,2.4,Jhoandri,PM
6775,8041,2026-01-15 00:00:00,,3.1,Jhoandri,PM
6776,9126A,2026-01-15 00:00:00,,1.0,Jhoandri,PM
6777,BU334,2026-01-20 00:00:00,alexa,4.0,Jose,AM
6778,BU339,2026-01-20 00:00:00,cacho fino,5.2,Florencio,AM
6779,BU343,2026-01-20 00:00:00,caracol,5.1,Miguel,AM
6780,BU351,2026-01-20 00:00:00,cartagena,3.1,Alfredo,AM
6781,BU076,2026-01-20 00:00:00,corokora,4.6,Jose,AM
6782,BU053,2026-01-20 00:00:00,giorgina,5.3,Alfredo,AM
6783,BU316,2026-01-20 00:00:00,juliana,4.0,Miguel,AM
6784,BU333,2026-01-20 00:00:00,lagunon,3.8,Florencio,AM
6785,BU348,2026-01-20 00:00:00,malamaña,4.1,Florencio,AM
6786,BU019,2026-01-20 00:00:00,mantequilla,2.5,Jose,AM
6787,BU324,2026-01-20 00:00:00,milagritos bufala,3.0,Florencio,AM
6788,BU338,2026-01-20 00:00:00,montañita,5.9,Florencio,AM
6789,BU340,2026-01-20 00:00:00,negralinda,4.6,Florencio,AM
6790,BU342,2026-01-20 00:00:00,negrita,2.7,Jose,AM
6791,BU345,2026-01-20 00:00:00,noche oscura,6.9,Jose,AM
6792,BU036,2026-01-20 00:00:00,nube de agua,4.5,Jose,AM
6793,BU346,2026-01-20 00:00:00,palmasola,4.1,Florencio,AM
6794,BU318,2026-01-20 00:00:00,Pantera,3.5,Florencio,AM
6795,BU329,2026-01-20 00:00:00,peluda,2.9,Jose,AM
6796,BU349,2026-01-20 00:00:00,raspicuin,4.4,Miguel,AM
6797,BU048,2026-01-20 00:00:00,rosa linda,2.2,Florencio,AM
6798,BU082,2026-01-20 00:00:00,siempre niña,3.3,Jose,AM
6799,BU332,2026-01-20 00:00:00,sota de oro,3.0,Alfredo,AM
6800,BU344,2026-01-20 00:00:00,tamborita,4.7,Miguel,AM
6801,BU320,2026-01-20 00:00:00,taparita,3.4,Alfredo,AM
6802,BU035,2026-01-20 00:00:00,tiempo de agua,4.9,Jose,AM
6803,BU347,2026-01-20 00:00:00,toldita bufala,4.0,Alfredo,AM
6804,BU335,2026-01-20 00:00:00,vieja loca,3.0,Florencio,AM
6805,BU106,2026-01-20 00:00:00,zamura ,7.4,Miguel,AM
6806,8061,2026-02-13 00:00:00,abrana,3.4,Carlos,AM
6807,2040,2026-02-13 00:00:00,Alcaraban,4.6,Elio,AM
6808,0298A,2026-02-13 00:00:00,almendron,5.5,Ismael,AM
6809,0353,2026-02-13 00:00:00,Altagracia,4.0,Elio,AM
6810,4072,2026-02-13 00:00:00,andrea,3.3,Ismael,AM
6811,1310,2026-02-13 00:00:00,araguata,2.3,Pozuelo,AM
6812,9024,2026-02-13 00:00:00,aventura,3.1,Pozuelo,AM
6813,1015A,2026-02-13 00:00:00,azul,3.9,Ismael,AM
6814,6021,2026-02-13 00:00:00,berenjena,2.0,Carlos,AM
6815,0202,2026-02-13 00:00:00,berta,1.3,Ismael,AM
6816,3003A,2026-02-13 00:00:00,blanca nieves,3.7,Elio,AM
6817,2080,2026-02-13 00:00:00,blanquita1,3.7,Carlos,AM
6818,4018,2026-02-13 00:00:00,bocanegra,3.3,Elio,AM
6819,9076,2026-02-13 00:00:00,bonita,2.8,Pozuelo,AM
6820,2093,2026-02-13 00:00:00,bukana,4.3,Carlos,AM
6821,7074,2026-02-13 00:00:00,cacho e tornillo,4.2,Ismael,AM
6822,0240,2026-02-13 00:00:00,cafecito,3.3,Elio,AM
6823,0206A,2026-02-13 00:00:00,camasita,4.5,Elio,AM
6824,10431,2026-02-13 00:00:00,camila,3.9,Ismael,AM
6825,0327,2026-02-13 00:00:00,cañoarena,2.1,Carlos,AM
6826,8062,2026-02-13 00:00:00,cara de queso,3.9,Carlos,AM
6827,1100A,2026-02-13 00:00:00,caracas,3.33,Carlos,AM
6828,0332,2026-02-13 00:00:00,carina,3.2,Carlos,AM
6829,91172,2026-02-13 00:00:00,carmeluisa,3.5,Carlos,AM
6830,2143,2026-02-13 00:00:00,catrina,4.4,Pozuelo,AM
6831,8094,2026-02-13 00:00:00,chava,3.7,Pozuelo,AM
6832,2201,2026-02-13 00:00:00,chiguira,1.5,Ismael,AM
6833,9037,2026-02-13 00:00:00,chilindrina,4.0,Pozuelo,AM
6834,7059,2026-02-13 00:00:00,chinga dos,3.9,Ismael,AM
6835,8077,2026-02-13 00:00:00,chiquita,2.7,Pozuelo,AM
6836,7028,2026-02-13 00:00:00,cigarrona,5.5,Elio,AM
6837,2039,2026-02-13 00:00:00,claudia,5.8,Elio,AM
6838,9073,2026-02-13 00:00:00,cocoemono,3.8,Pozuelo,AM
6839,1045,2026-02-13 00:00:00,cocosete,4.5,Ismael,AM
6840,9091,2026-02-13 00:00:00,colorin,2.5,Carlos,AM
6841,80882,2026-02-13 00:00:00,corazon,3.8,Elio,AM
6842,809,2026-02-13 00:00:00,corralito,3.3,Carlos,AM
6843,0252,2026-02-13 00:00:00,cotua,2.2,Elio,AM
6844,0269,2026-02-13 00:00:00,cruzada,3.7,Elio,AM
6845,0329,2026-02-13 00:00:00,culebra,2.7,Elio,AM
6846,8087,2026-02-13 00:00:00,dalmata,4.0,Ismael,AM
6847,2034,2026-02-13 00:00:00,desire,4.1,Carlos,AM
6848,30212,2026-02-13 00:00:00,diabla,2.0,Carlos,AM
6849,0306,2026-02-13 00:00:00,diamante,4.2,Elio,AM
6850,0107,2026-02-13 00:00:00,doble cero,2.5,Ismael,AM
6851,0241,2026-02-13 00:00:00,dominguita,4.3,Carlos,AM
6852,0338,2026-02-13 00:00:00,domitila,3.0,Elio,AM
6853,0208A,2026-02-13 00:00:00,emb puro,3.3,Pozuelo,AM
6854,2014,2026-02-13 00:00:00,erika,2.5,Ismael,AM
6855,34,2026-02-13 00:00:00,esperanza,3.8,Carlos,AM
6856,0297,2026-02-13 00:00:00,espiga de oro,1.1,Ismael,AM
6857,2062,2026-02-13 00:00:00,fondo blanco,1.6,Ismael,AM
6858,8045,2026-02-13 00:00:00,frescolita,5.0,Carlos,AM
6859,9125,2026-02-13 00:00:00,golondrina,5.5,Carlos,AM
6860,5077,2026-02-13 00:00:00,guanota,3.2,Pozuelo,AM
6861,EMB 2,2026-02-13 00:00:00,josefa,3.1,Pozuelo,AM
6862,8005,2026-02-13 00:00:00,juguetona,2.0,Pozuelo,AM
6863,22135,2026-02-13 00:00:00,kelimar,3.0,Ismael,AM
6864,1015,2026-02-13 00:00:00,la chinga,4.3,Pozuelo,AM
6865,0272,2026-02-13 00:00:00,la guara,5.3,Elio,AM
6866,3066B,2026-02-13 00:00:00,la mocha,2.9,Pozuelo,AM
6867,5144,2026-02-13 00:00:00,la mona,3.5,Elio,AM
6868,4151,2026-02-13 00:00:00,la que amarro,6.0,Pozuelo,AM
6869,19,2026-02-13 00:00:00,lagartija,1.7,Pozuelo,AM
6870,2146,2026-02-13 00:00:00,leopatrio,6.6,Elio,AM
6871,80121,2026-02-13 00:00:00,lomo rallado,2.6,Carlos,AM
6872,0249,2026-02-13 00:00:00,lula,6.7,Elio,AM
6873,3021A,2026-02-13 00:00:00,luna llena,3.3,Carlos,AM
6874,2103,2026-02-13 00:00:00,lupita,4.1,Carlos,AM
6875,1063,2026-02-13 00:00:00,macarapan,4.5,Carlos,AM
6876,2048,2026-02-13 00:00:00,magdalena,3.1,Pozuelo,AM
6877,9040,2026-02-13 00:00:00,mala maña,2.3,Ismael,AM
6878,0336,2026-02-13 00:00:00,mantecal,3.8,Carlos,AM
6879,0322,2026-02-13 00:00:00,manto negro,2.5,Carlos,AM
6880,7083,2026-02-13 00:00:00,margarita,2.9,Ismael,AM
6881,5030,2026-02-13 00:00:00,marisol,4.2,Carlos,AM
6882,2108,2026-02-13 00:00:00,mariugenia,2.8,Pozuelo,AM
6883,1095A,2026-02-13 00:00:00,marucha1,3.3,Elio,AM
6884,20334,2026-02-13 00:00:00,media luna,3.8,Ismael,AM
6885,6035,2026-02-13 00:00:00,mikaela,3.3,Ismael,AM
6886,2095,2026-02-13 00:00:00,miranda,2.9,Ismael,AM
6887,9113,2026-02-13 00:00:00,mireya,2.1,Ismael,AM
6888,0101,2026-02-13 00:00:00,mojarrita,4.2,Elio,AM
6889,J425,2026-02-13 00:00:00,monica,2.5,Pozuelo,AM
6890,0229,2026-02-13 00:00:00,navidad,4.9,Ismael,AM
6891,J841,2026-02-13 00:00:00,negra,4.1,Pozuelo,AM
6892,5033,2026-02-13 00:00:00,nieve,2.1,Ismael,AM
6893,22144,2026-02-13 00:00:00,noviembre,3.7,Ismael,AM
6894,2203,2026-02-13 00:00:00,nucita,4.1,Carlos,AM
6895,21391,2026-02-13 00:00:00,odst,3.1,Carlos,AM
6896,0342,2026-02-13 00:00:00,ojona,3.8,Elio,AM
6897,0323,2026-02-13 00:00:00,olga lucia,3.6,Pozuelo,AM
6898,91262,2026-02-13 00:00:00,olivia,3.9,Elio,AM
6899,8093,2026-02-13 00:00:00,orejona,0.8,Pozuelo,AM
6900,0298,2026-02-13 00:00:00,oro fino,2.4,Ismael,AM
6901,1078A,2026-02-13 00:00:00,panorama,2.7,Elio,AM
6902,0231A,2026-02-13 00:00:00,paola,4.1,Carlos,AM
6903,2133A,2026-02-13 00:00:00,paso doble,3.4,Elio,AM
6904,5146,2026-02-13 00:00:00,pata quebrada,3.3,Elio,AM
6905,9020,2026-02-13 00:00:00,Pato real,2.5,Carlos,AM
6906,1088A,2026-02-13 00:00:00,patricia,5.2,Pozuelo,AM
6907,9006,2026-02-13 00:00:00,pegazo,3.4,Elio,AM
6908,2196A,2026-02-13 00:00:00,peluche,4.6,Pozuelo,AM
6909,20001,2026-02-13 00:00:00,pepa,3.5,Pozuelo,AM
6910,9071,2026-02-13 00:00:00,perro de agua,1.2,Ismael,AM
6911,8096,2026-02-13 00:00:00,petroleo,3.8,Ismael,AM
6912,1079,2026-02-13 00:00:00,pimpollo,3.5,Elio,AM
6913,22098,2026-02-13 00:00:00,primavera,4.3,Pozuelo,AM
6914,8046,2026-02-13 00:00:00,princesa,5.0,Pozuelo,AM
6915,7007,2026-02-13 00:00:00,puerto rico,4.3,Ismael,AM
6916,1104A,2026-02-13 00:00:00,quesadilla,2.8,Carlos,AM
6917,7012,2026-02-13 00:00:00,rojita,3.5,Pozuelo,AM
6918,2030,2026-02-13 00:00:00,ronaisi,4.6,Elio,AM
6919,8019,2026-02-13 00:00:00,ropa sucia,5.5,Carlos,AM
6920,6043,2026-02-13 00:00:00,rosita,3.5,Elio,AM
6921,8048,2026-02-13 00:00:00,safira,4.1,Carlos,AM
6922,0259,2026-02-13 00:00:00,sambita,5.2,Ismael,AM
6923,3026A,2026-02-13 00:00:00,sardina,4.3,Elio,AM
6924,2111,2026-02-13 00:00:00,sobrecito,5.2,Elio,AM
6925,2018,2026-02-13 00:00:00,sol y sombra,2.2,Ismael,AM
6926,0278,2026-02-13 00:00:00,sulimar,3.7,Ismael,AM
6927,2083,2026-02-13 00:00:00,tesoro,2.1,Carlos,AM
6928,0500,2026-02-13 00:00:00,tiburona,4.6,Carlos,AM
6929,7077,2026-02-13 00:00:00,topita dos,2.5,Pozuelo,AM
6930,22161,2026-02-13 00:00:00,trujillo,2.0,Elio,AM
6931,2140,2026-02-13 00:00:00,turca,3.7,Pozuelo,AM
6932,2035A,2026-02-13 00:00:00,turpial,2.5,Ismael,AM
6933,9053,2026-02-13 00:00:00,uñaegato,5.7,Elio,AM
6934,2094A,2026-02-13 00:00:00,venaita,5.0,Elio,AM
6935,0333,2026-02-13 00:00:00,veronica,3.7,Pozuelo,AM
6936,8017,2026-02-13 00:00:00,yanire,4.1,Pozuelo,AM
6937,2023,2026-02-13 00:00:00,yelimar,3.5,Pozuelo,AM
6938,0111,2026-02-13 00:00:00,yirbeli,5.1,Elio,AM
6939,2052,2026-02-13 00:00:00,yolimar,5.6,Carlos,AM
6940,8076,2026-02-13 00:00:00,yorgelis,2.8,Carlos,AM
6941,1005,2026-02-13 00:00:00,,2.0,Ismael,AM
6942,1052A,2026-02-13 00:00:00,,2.2,Pozuelo,AM
6943,1073,2026-02-13 00:00:00,,3.4,Ismael,AM
6944,1102,2026-02-13 00:00:00,,3.2,Pozuelo,AM
6945,1109B,2026-02-13 00:00:00,,3.2,Elio,AM
6946,2042,2026-02-13 00:00:00,,3.2,Elio,AM
6947,2162,2026-02-13 00:00:00,,3.0,Pozuelo,AM
6948,0314,2026-02-13 00:00:00,,4.4,Ismael,AM
6949,2109,2026-02-13 00:00:00,,2.8,Elio,AM
6950,22049,2026-02-13 00:00:00,,2.4,Ismael,AM
6951,22172,2026-02-13 00:00:00,,5.5,Carlos,AM
6952,22186,2026-02-13 00:00:00,,2.8,Elio,AM
6953,8041,2026-02-13 00:00:00,,5.0,Carlos,AM
6954,9103,2026-02-13 00:00:00,,4.4,Carlos,AM
6955,9110A,2026-02-13 00:00:00,quibor,3.4,Pozuelo,AM
6956,pen41,2026-02-13 00:00:00,brito,1.1,Ismael,AM
6957,2040,2026-02-13 00:00:00,Alcaraban,3.8,Elio,PM
6958,0353,2026-02-13 00:00:00,Altagracia,3.6,Elio,PM
6959,1310,2026-02-13 00:00:00,araguata,2.0,Oliver,PM
6960,9024,2026-02-13 00:00:00,aventura,2.9,Pozuelo,PM
6961,1100A,2026-02-13 00:00:00,caracas,2.6,Oliver,PM
6962,0332,2026-02-13 00:00:00,carina,2.9,Pozuelo,PM
6963,7059,2026-02-13 00:00:00,chinga dos,3.8,Pozuelo,PM
6964,8077,2026-02-13 00:00:00,chiquita,2.8,Elio,PM
6965,2039,2026-02-13 00:00:00,claudia,4.9,Oliver,PM
6966,80882,2026-02-13 00:00:00,corazon,3.1,Oliver,PM
6967,809,2026-02-13 00:00:00,corralito,3.2,Carlos,PM
6968,0269,2026-02-13 00:00:00,cruzada,3.7,Oliver,PM
6969,8087,2026-02-13 00:00:00,dalmata,3.2,Carlos,PM
6970,2034,2026-02-13 00:00:00,desire,3.8,Carlos,PM
6971,0107,2026-02-13 00:00:00,doble cero,1.5,Elio,PM
6972,34,2026-02-13 00:00:00,esperanza,3.3,Oliver,PM
6973,3066B,2026-02-13 00:00:00,la mocha,2.5,Ismael,PM
6974,80121,2026-02-13 00:00:00,lomo rallado,2.7,Oliver,PM
6975,9040,2026-02-13 00:00:00,mala maña,3.3,Elio,PM
6976,0336,2026-02-13 00:00:00,mantecal,2.9,Ismael,PM
6977,0101,2026-02-13 00:00:00,mojarrita,3.3,Carlos,PM
6978,0229,2026-02-13 00:00:00,navidad,5.0,Carlos,PM
6979,J841,2026-02-13 00:00:00,negra,3.7,Ismael,PM
6980,5033,2026-02-13 00:00:00,nieve,2.6,Carlos,PM
6981,21391,2026-02-13 00:00:00,odst,2.7,Oliver,PM
6982,0323,2026-02-13 00:00:00,olga lucia,2.8,Ismael,PM
6983,91262,2026-02-13 00:00:00,olivia,3.1,Carlos,PM
6984,8093,2026-02-13 00:00:00,orejona,1.3,Elio,PM
6985,0298,2026-02-13 00:00:00,oro fino,1.6,Elio,PM
6986,1078A,2026-02-13 00:00:00,panorama,2.4,Ismael,PM
6987,20001,2026-02-13 00:00:00,pepa,3.3,Ismael,PM
6988,8096,2026-02-13 00:00:00,petroleo,2.7,Oliver,PM
6989,1079,2026-02-13 00:00:00,pimpollo,3.7,Pozuelo,PM
6990,22098,2026-02-13 00:00:00,primavera,3.4,Oliver,PM
6991,8048,2026-02-13 00:00:00,safira,2.8,Carlos,PM
6992,0259,2026-02-13 00:00:00,sambita,4.7,Ismael,PM
6993,8043,2026-02-13 00:00:00,tauro,2.0,Ismael,PM
6994,2083,2026-02-13 00:00:00,tesoro,1.4,Elio,PM
6995,0500,2026-02-13 00:00:00,tiburona,2.9,Elio,PM
6996,22161,2026-02-13 00:00:00,trujillo,1.3,Pozuelo,PM
6997,2094A,2026-02-13 00:00:00,venaita,3.7,Pozuelo,PM
6998,2023,2026-02-13 00:00:00,yelimar,3.7,Elio,PM
6999,0111,2026-02-13 00:00:00,yirbeli,3.5,Elio,PM
7000,8076,2026-02-13 00:00:00,yorgelis,2.6,Oliver,PM
7001,1052A,2026-02-13 00:00:00,,1.9,Carlos,PM
7002,1073,2026-02-13 00:00:00,,1.3,Ismael,PM
7003,2162,2026-02-13 00:00:00,,2.9,Pozuelo,PM
7004,22119,2026-02-13 00:00:00,,1.5,Pozuelo,PM
7005,0314,2026-02-13 00:00:00,,3.3,Oliver,PM
7006,2011,2026-02-13 00:00:00,,3.0,Carlos,PM
7007,2109,2026-02-13 00:00:00,,2.5,Carlos,PM
7008,22049,2026-02-13 00:00:00,,1.6,Elio,PM
7009,22186,2026-02-13 00:00:00,,1.4,Ismael,PM
7010,9103,2026-02-13 00:00:00,,4.5,Pozuelo,PM
7011,9110A,2026-02-13 00:00:00,quibor,3.7,Pozuelo,PM
7012,BU334,2026-03-03 00:00:00,alexa,2.3,Alvaro,AM
7013,BU339,2026-03-03 00:00:00,cacho fino,2.7,Florencio,AM
7014,BU343,2026-03-03 00:00:00,caracol,4.0,Alex,AM
7015,BU076,2026-03-03 00:00:00,corokora,3.4,Miguel,AM
7016,BU057,2026-03-03 00:00:00,entre 4,6.3,Alex,AM
7017,BU053,2026-03-03 00:00:00,giorgina,4.0,Miguel,AM
7018,BU316,2026-03-03 00:00:00,juliana,3.0,Alex,AM
7019,BU333,2026-03-03 00:00:00,lagunon,2.8,Florencio,AM
7020,BU348,2026-03-03 00:00:00,malamaña,4.2,Florencio,AM
7021,BU019,2026-03-03 00:00:00,mantequilla,2.1,Florencio,AM
7022,BU338,2026-03-03 00:00:00,montañita,5.9,Florencio,AM
7023,BU340,2026-03-03 00:00:00,negralinda,3.9,Miguel,AM
7024,BU345,2026-03-03 00:00:00,noche oscura,4.3,Miguel,AM
7025,BU036,2026-03-03 00:00:00,nube de agua,3.2,Miguel,AM
7026,BU346,2026-03-03 00:00:00,palmasola,2.8,Florencio,AM
7027,BU318,2026-03-03 00:00:00,Pantera,2.6,Alvaro,AM
7028,BU329,2026-03-03 00:00:00,peluda,2.2,Alvaro,AM
7029,BU349,2026-03-03 00:00:00,raspicuin,3.6,Alex,AM
7030,BU048,2026-03-03 00:00:00,rosa linda,1.5,Alex,AM
7031,BU082,2026-03-03 00:00:00,siempre niña,2.7,Florencio,AM
7032,BU344,2026-03-03 00:00:00,tamborita,3.8,Alex,AM
7033,BU320,2026-03-03 00:00:00,taparita,2.0,Alvaro,AM
7034,BU035,2026-03-03 00:00:00,tiempo de agua,3.3,Alvaro,AM
7035,BU347,2026-03-03 00:00:00,toldita bufala,2.6,Alex,AM
7036,BU335,2026-03-03 00:00:00,vieja loca,1.5,Florencio,AM
7037,BU106,2026-03-03 00:00:00,zamura ,5.2,Miguel,AM
7038,8061,2026-03-05 00:00:00,abrana,1.4,Luis,AM
7039,2040,2026-03-05 00:00:00,Alcaraban,4.0,Luis,AM
7040,0298A,2026-03-05 00:00:00,almendron,3.9,Carlos,AM
7041,0353,2026-03-05 00:00:00,Altagracia,2.9,Carlos,AM
7042,4072,2026-03-05 00:00:00,andrea,2.6,Pozuelo,AM
7043,1310,2026-03-05 00:00:00,araguata,1.6,Alberto,AM
7044,9024,2026-03-05 00:00:00,aventura,2.9,Alberto,AM
7045,1015A,2026-03-05 00:00:00,azul,2.4,Luis,AM
7046,9103,2026-03-05 00:00:00,barco lleno,3.6,Pozuelo,AM
7047,6021,2026-03-05 00:00:00,berenjena,1.6,Ismael,AM
7048,4035,2026-03-05 00:00:00,blanca flor,2.6,Pozuelo,AM
7049,3003A,2026-03-05 00:00:00,blanca nieves,2.9,Ismael,AM
7050,2220,2026-03-05 00:00:00,blanquita,3.0,Pozuelo,AM
7051,2080,2026-03-05 00:00:00,blanquita1,1.7,Carlos,AM
7052,4018,2026-03-05 00:00:00,bocanegra,2.5,Carlos,AM
7053,9076,2026-03-05 00:00:00,bonita,2.7,Alberto,AM
7054,2093,2026-03-05 00:00:00,bukana,2.7,Pozuelo,AM
7055,7074,2026-03-05 00:00:00,cacho e tornillo,3.0,Alberto,AM
7056,0240,2026-03-05 00:00:00,cafecito,1.9,Carlos,AM
7057,0206A,2026-03-05 00:00:00,camasita,2.6,Pozuelo,AM
7058,10431,2026-03-05 00:00:00,camila,2.2,Luis,AM
7059,J426,2026-03-05 00:00:00,candelaria,2.1,Alberto,AM
7060,0327,2026-03-05 00:00:00,cañoarena,1.6,Alberto,AM
7061,8062,2026-03-05 00:00:00,cara de queso,3.0,Ismael,AM
7062,2148A,2026-03-05 00:00:00,cara negra,1.9,Ismael,AM
7063,1100A,2026-03-05 00:00:00,caracas,2.8,Luis,AM
7064,5150,2026-03-05 00:00:00,carevieja,1.9,Alberto,AM
7065,0332,2026-03-05 00:00:00,carina,2.8,Carlos,AM
7066,91172,2026-03-05 00:00:00,carmeluisa,2.3,Luis,AM
7067,8094,2026-03-05 00:00:00,chava,1.8,Luis,AM
7068,9037,2026-03-05 00:00:00,chilindrina,2.8,Luis,AM
7069,7059,2026-03-05 00:00:00,chinga dos,3.0,Pozuelo,AM
7070,8077,2026-03-05 00:00:00,chiquita,2.5,Carlos,AM
7071,7028,2026-03-05 00:00:00,cigarrona,2.7,Pozuelo,AM
7072,2039,2026-03-05 00:00:00,claudia,4.2,Luis,AM
7073,9073,2026-03-05 00:00:00,cocoemono,2.9,Pozuelo,AM
7074,1045,2026-03-05 00:00:00,cocosete,4.4,Ismael,AM
7075,80882,2026-03-05 00:00:00,corazon,2.0,Luis,AM
7076,809,2026-03-05 00:00:00,corralito,3.1,Ismael,AM
7077,0252,2026-03-05 00:00:00,cotua,1.1,Luis,AM
7078,0269,2026-03-05 00:00:00,cruzada,3.0,Pozuelo,AM
7079,8087,2026-03-05 00:00:00,dalmata,3.7,Carlos,AM
7080,2034,2026-03-05 00:00:00,desire,3.5,Carlos,AM
7081,0306,2026-03-05 00:00:00,diamante,2.8,Luis,AM
7082,0107,2026-03-05 00:00:00,doble cero,1.5,Alberto,AM
7083,0241,2026-03-05 00:00:00,dominguita,3.6,Carlos,AM
7084,0338,2026-03-05 00:00:00,domitila,1.5,Alberto,AM
7085,0208A,2026-03-05 00:00:00,emb puro,2.2,Luis,AM
7086,2014,2026-03-05 00:00:00,erika,1.3,Ismael,AM
7087,34,2026-03-05 00:00:00,esperanza,3.2,Carlos,AM
7088,0297,2026-03-05 00:00:00,espiga de oro,2.8,Pozuelo,AM
7089,8045,2026-03-05 00:00:00,frescolita,3.2,Ismael,AM
7090,22119,2026-03-05 00:00:00,galleta,2.5,Carlos,AM
7091,2096,2026-03-05 00:00:00,gaviota,2.7,Carlos,AM
7092,9125,2026-03-05 00:00:00,golondrina,3.4,Carlos,AM
7093,5077,2026-03-05 00:00:00,guanota,1.8,Pozuelo,AM
7094,EMB 2,2026-03-05 00:00:00,josefa,2.2,Alberto,AM
7095,8005,2026-03-05 00:00:00,juguetona,1.2,Alberto,AM
7096,22135,2026-03-05 00:00:00,kelimar,2.9,Luis,AM
7097,1015,2026-03-05 00:00:00,la chinga,3.2,Pozuelo,AM
7098,0272,2026-03-05 00:00:00,la guara,3.3,Carlos,AM
7099,3066B,2026-03-05 00:00:00,la mocha,2.5,Ismael,AM
7100,5144,2026-03-05 00:00:00,la mona,2.5,Alberto,AM
7101,4151,2026-03-05 00:00:00,la que amarro,3.1,Luis,AM
7102,19,2026-03-05 00:00:00,lagartija,0.8,Ismael,AM
7103,2146,2026-03-05 00:00:00,leopatrio,3.6,Ismael,AM
7104,80121,2026-03-05 00:00:00,lomo rallado,2.4,Alberto,AM
7105,2124A,2026-03-05 00:00:00,luisa,2.0,Alberto,AM
7106,0249,2026-03-05 00:00:00,lula,4.6,Alberto,AM
7107,3021A,2026-03-05 00:00:00,luna llena,1.6,Carlos,AM
7108,2103,2026-03-05 00:00:00,lupita,2.5,Carlos,AM
7109,1063,2026-03-05 00:00:00,macarapan,3.5,Carlos,AM
7110,2048,2026-03-05 00:00:00,magdalena,2.6,Carlos,AM
7111,9040,2026-03-05 00:00:00,mala maña,5.5,Alberto,AM
7112,0336,2026-03-05 00:00:00,mantecal,3.4,Carlos,AM
7113,0322,2026-03-05 00:00:00,manto negro,2.9,Alberto,AM
7114,5007,2026-03-05 00:00:00,maravilla,3.3,Alberto,AM
7115,6067,2026-03-05 00:00:00,mariposa,4.5,Alberto,AM
7116,5030,2026-03-05 00:00:00,marisol,2.8,Ismael,AM
7117,2108,2026-03-05 00:00:00,mariugenia,1.7,Pozuelo,AM
7118,1095A,2026-03-05 00:00:00,marucha1,1.3,Carlos,AM
7119,22186,2026-03-05 00:00:00,medallita,2.2,Alberto,AM
7120,20334,2026-03-05 00:00:00,media luna,2.8,Carlos,AM
7121,2095,2026-03-05 00:00:00,miranda,2.0,Pozuelo,AM
7122,0101,2026-03-05 00:00:00,mojarrita,2.1,Carlos,AM
7123,0229,2026-03-05 00:00:00,navidad,4.6,Ismael,AM
7124,J841,2026-03-05 00:00:00,negra,3.9,Carlos,AM
7125,8036,2026-03-05 00:00:00,negrita,4.0,Luis,AM
7126,5033,2026-03-05 00:00:00,nieve,4.0,Carlos,AM
7127,22144,2026-03-05 00:00:00,noviembre,2.3,Alberto,AM
7128,2203,2026-03-05 00:00:00,nucita,2.5,Luis,AM
7129,21391,2026-03-05 00:00:00,odst,2.2,Luis,AM
7130,0323,2026-03-05 00:00:00,olga lucia,3.2,Carlos,AM
7131,91262,2026-03-05 00:00:00,olivia,4.0,Ismael,AM
7132,8093,2026-03-05 00:00:00,orejona,1.1,Alberto,AM
7133,0298,2026-03-05 00:00:00,oro fino,1.7,Alberto,AM
7134,2162,2026-03-05 00:00:00,panchita,2.9,Ismael,AM
7135,1078A,2026-03-05 00:00:00,panorama,1.8,Carlos,AM
7136,0231A,2026-03-05 00:00:00,paola,2.3,Alberto,AM
7137,2011,2026-03-05 00:00:00,papelon,3.7,Carlos,AM
7138,2133A,2026-03-05 00:00:00,paso doble,1.4,Alberto,AM
7139,5146,2026-03-05 00:00:00,pata quebrada,2.1,Pozuelo,AM
7140,9020,2026-03-05 00:00:00,Pato real,2.5,Carlos,AM
7141,1088A,2026-03-05 00:00:00,patricia,3.8,Ismael,AM
7142,9006,2026-03-05 00:00:00,pegazo,1.8,Luis,AM
7143,2196A,2026-03-05 00:00:00,peluche,3.2,Carlos,AM
7144,20001,2026-03-05 00:00:00,pepa,2.8,Luis,AM
7145,8096,2026-03-05 00:00:00,petroleo,2.8,Alberto,AM
7146,1079,2026-03-05 00:00:00,pimpollo,2.9,Pozuelo,AM
7147,22098,2026-03-05 00:00:00,primavera,3.4,Pozuelo,AM
7148,8046,2026-03-05 00:00:00,princesa,3.6,Carlos,AM
7149,9110A,2026-03-05 00:00:00,QUIBOR,3.0,Luis,AM
7150,7012,2026-03-05 00:00:00,rojita,2.2,Luis,AM
7151,2030,2026-03-05 00:00:00,ronaisi,2.2,Alberto,AM
7152,0267,2026-03-05 00:00:00,roñera,3.0,Alberto,AM
7153,8019,2026-03-05 00:00:00,ropa sucia,3.5,Pozuelo,AM
7154,6043,2026-03-05 00:00:00,rosita,1.4,Carlos,AM
7155,8048,2026-03-05 00:00:00,safira,2.2,Luis,AM
7156,2109,2026-03-05 00:00:00,sahara,3.0,Luis,AM
7157,0259,2026-03-05 00:00:00,sambita,4.9,Carlos,AM
7158,2226,2026-03-05 00:00:00,san cristobal,1.5,Pozuelo,AM
7159,3026A,2026-03-05 00:00:00,sardina,2.9,Alberto,AM
7160,2111,2026-03-05 00:00:00,sobrecito,3.2,Ismael,AM
7161,2018,2026-03-05 00:00:00,sol y sombra,3.0,Carlos,AM
7162,0278,2026-03-05 00:00:00,sulimar,4.1,Luis,AM
7163,2083,2026-03-05 00:00:00,tesoro,2.1,Carlos,AM
7164,0500,2026-03-05 00:00:00,tiburona,2.0,Luis,AM
7165,3107,2026-03-05 00:00:00,toldita,3.7,Luis,AM
7166,7077,2026-03-05 00:00:00,topita dos,2.0,Alberto,AM
7167,22161,2026-03-05 00:00:00,trujillo,3.0,Ismael,AM
7168,1073,2026-03-05 00:00:00,tuca,3.2,Pozuelo,AM
7169,2140,2026-03-05 00:00:00,turca,3.7,Luis,AM
7170,9053,2026-03-05 00:00:00,uñaegato,2.6,Pozuelo,AM
7171,2094A,2026-03-05 00:00:00,venaita,3.6,Luis,AM
7172,0333,2026-03-05 00:00:00,veronica,1.8,Alberto,AM
7173,4007,2026-03-05 00:00:00,victoria,1.7,Ismael,AM
7174,8017,2026-03-05 00:00:00,yanire,2.4,Carlos,AM
7175,2023,2026-03-05 00:00:00,yelimar,2.7,Alberto,AM
7176,0111,2026-03-05 00:00:00,yirbeli,3.5,Ismael,AM
7177,2052,2026-03-05 00:00:00,yolimar,3.7,Carlos,AM
7178,8076,2026-03-05 00:00:00,yorgelis,3.8,Ismael,AM
7179,1102,2026-03-05 00:00:00,,2.1,Pozuelo,AM
7180,1103,2026-03-05 00:00:00,,2.5,Luis,AM
7181,2042,2026-03-05 00:00:00,,1.7,Alberto,AM
7182,2087,2026-03-05 00:00:00,,3.3,Pozuelo,AM
7183,2141,2026-03-05 00:00:00,,3.0,Ismael,AM
7184,22085,2026-03-05 00:00:00,,2.8,Pozuelo,AM
7185,22112,2026-03-05 00:00:00,,1.8,Alberto,AM
7186,22117,2026-03-05 00:00:00,,2.0,Luis,AM
7187,22160,2026-03-05 00:00:00,,2.7,Pozuelo,AM
7188,9126A,2026-03-05 00:00:00,,1.9,Carlos,AM
7189,0307,2026-03-05 00:00:00,,2.6,Alberto,AM
7190,0314,2026-03-05 00:00:00,,3.2,Ismael,AM
7191,2026,2026-03-05 00:00:00,,2.0,Carlos,AM
7192,2088B,2026-03-05 00:00:00,,1.6,Carlos,AM
7193,2110,2026-03-05 00:00:00,,1.3,Ismael,AM
7194,22049,2026-03-05 00:00:00,,1.4,Alberto,AM
7195,22172,2026-03-05 00:00:00,,3.7,Pozuelo,AM
7196,22177,2026-03-05 00:00:00,,3.0,Pozuelo,AM
7197,8041,2026-03-05 00:00:00,,3.3,Luis,AM
7198,02331,2026-03-05 00:00:00,,2.2,Luis,AM
7199,2140,2026-03-05 00:00:00,,2.6,Pozuelo,AM
7200,2063A,2026-03-05 00:00:00,,2.4,Alberto,AM
7201,2040,2026-03-05 00:00:00,Alcaraban,3.0,Luis,PM
7202,0353,2026-03-05 00:00:00,Altagracia,2.2,Luis,PM
7203,1310,2026-03-05 00:00:00,araguata,1.4,Luis,PM
7204,9024,2026-03-05 00:00:00,aventura,2.2,Carlos,PM
7205,9103,2026-03-05 00:00:00,barco lleno,4.3,Ismael,PM
7206,4035,2026-03-05 00:00:00,blanca flor,2.2,Pozuelo,PM
7207,2220,2026-03-05 00:00:00,blanquita,4.3,Pozuelo,PM
7208,J426,2026-03-05 00:00:00,candelaria,1.6,Luis,PM
7209,1100A,2026-03-05 00:00:00,caracas,2.4,Carlos,PM
7210,5150,2026-03-05 00:00:00,carevieja,2.5,Carlos,PM
7211,0332,2026-03-05 00:00:00,carina,2.5,Carlos,PM
7212,7059,2026-03-05 00:00:00,chinga dos,2.8,Pozuelo,PM
7213,8077,2026-03-05 00:00:00,chiquita,0.7,Carlos,PM
7214,2039,2026-03-05 00:00:00,claudia,3.5,Luis,PM
7215,80882,2026-03-05 00:00:00,corazon,1.6,Luis,PM
7216,809,2026-03-05 00:00:00,corralito,2.7,Ismael,PM
7217,0269,2026-03-05 00:00:00,cruzada,2.6,Pozuelo,PM
7218,8087,2026-03-05 00:00:00,dalmata,3.7,Ismael,PM
7219,2034,2026-03-05 00:00:00,desire,2.5,Luis,PM
7220,34,2026-03-05 00:00:00,esperanza,2.6,Pozuelo,PM
7221,22119,2026-03-05 00:00:00,galleta,2.2,Luis,PM
7222,2096,2026-03-05 00:00:00,gaviota,3.3,Carlos,PM
7223,3066B,2026-03-05 00:00:00,la mocha,2.4,Ismael,PM
7224,80121,2026-03-05 00:00:00,lomo rallado,1.8,Carlos,PM
7225,2124A,2026-03-05 00:00:00,luisa,3.9,Carlos,PM
7226,9040,2026-03-05 00:00:00,mala maña,2.9,Alberto,PM
7227,0336,2026-03-05 00:00:00,mantecal,2.3,Alberto,PM
7228,0322,2026-03-05 00:00:00,manto negro,1.9,Luis,PM
7229,5007,2026-03-05 00:00:00,maravilla,2.1,Pozuelo,PM
7230,6067,2026-03-05 00:00:00,mariposa,3.6,Alberto,PM
7231,22186,2026-03-05 00:00:00,medallita,1.7,Luis,PM
7232,0101,2026-03-05 00:00:00,mojarrita,2.3,Carlos,PM
7233,0229,2026-03-05 00:00:00,navidad,3.7,Carlos,PM
7234,J841,2026-03-05 00:00:00,negra,3.3,Carlos,PM
7235,8036,2026-03-05 00:00:00,negrita,3.3,Alberto,PM
7236,5033,2026-03-05 00:00:00,nieve,4.0,Carlos,PM
7237,21391,2026-03-05 00:00:00,odst,2.4,Pozuelo,PM
7238,0323,2026-03-05 00:00:00,olga lucia,2.6,Carlos,PM
7239,91262,2026-03-05 00:00:00,olivia,4.0,Alberto,PM
7240,8093,2026-03-05 00:00:00,orejona,1.0,Ismael,PM
7241,0298,2026-03-05 00:00:00,oro fino,2.2,Ismael,PM
7242,2162,2026-03-05 00:00:00,panchita,2.5,Luis,PM
7243,1078A,2026-03-05 00:00:00,panorama,2.3,Ismael,PM
7244,2011,2026-03-05 00:00:00,papelon,2.9,Carlos,PM
7245,20001,2026-03-05 00:00:00,pepa,2.5,Ismael,PM
7246,8096,2026-03-05 00:00:00,petroleo,2.7,Alberto,PM
7247,1079,2026-03-05 00:00:00,pimpollo,2.6,Pozuelo,PM
7248,22098,2026-03-05 00:00:00,primavera,2.8,Pozuelo,PM
7249,9110A,2026-03-05 00:00:00,QUIBOR,2.2,Luis,PM
7250,0267,2026-03-05 00:00:00,roñera,2.4,Alberto,PM
7251,8048,2026-03-05 00:00:00,safira,1.8,Luis,PM
7252,2109,2026-03-05 00:00:00,sahara,2.5,Luis,PM
7253,0259,2026-03-05 00:00:00,sambita,4.0,Pozuelo,PM
7254,2083,2026-03-05 00:00:00,tesoro,4.3,Luis,PM
7255,0500,2026-03-05 00:00:00,tiburona,3.2,Alberto,PM
7256,3107,2026-03-05 00:00:00,toldita,3.5,Pozuelo,PM
7257,22161,2026-03-05 00:00:00,trujillo,2.1,Pozuelo,PM
7258,1073,2026-03-05 00:00:00,tuca,2.1,Ismael,PM
7259,2094A,2026-03-05 00:00:00,venaita,3.2,Pozuelo,PM
7260,2023,2026-03-05 00:00:00,yelimar,2.6,Carlos,PM
7261,0111,2026-03-05 00:00:00,yirbeli,3.5,Ismael,PM
7262,1103,2026-03-05 00:00:00,,2.5,Ismael,PM
7263,2087,2026-03-05 00:00:00,,2.5,Ismael,PM
7264,2141,2026-03-05 00:00:00,,3.0,Carlos,PM
7265,22085,2026-03-05 00:00:00,,2.5,Pozuelo,PM
7266,22112,2026-03-05 00:00:00,,1.5,Alberto,PM
7267,22117,2026-03-05 00:00:00,,1.3,Ismael,PM
7268,0307,2026-03-05 00:00:00,,2.2,Alberto,PM
7269,0314,2026-03-05 00:00:00,,3.4,Ismael,PM
7270,2026,2026-03-05 00:00:00,,2.0,Carlos,PM
7271,2110,2026-03-05 00:00:00,,1.5,Luis,PM
7272,22172,2026-03-05 00:00:00,,1.5,Luis,PM
7273,8061,2026-04-20 00:00:00,abrana,2.0,Nixon,AM
7274,0298A,2026-04-20 00:00:00,almendron,3.2,Jonier,AM
7275,0353,2026-04-20 00:00:00,Altagracia,2.3,Carlos,AM
7276,4072,2026-04-20 00:00:00,andrea,2.2,Ismael,AM
7277,1310,2026-04-20 00:00:00,araguata,0.4,Carlos,AM
7278,9024,2026-04-20 00:00:00,aventura,1.8,Jhonatan B,AM
7279,1015A,2026-04-20 00:00:00,azul,2.3,Jonier,AM
7280,9103,2026-04-20 00:00:00,barco lleno,3.4,Jonier,AM
7281,8030,2026-04-20 00:00:00,barrilito,2.1,Nixon,AM
7282,1066A,2026-04-20 00:00:00,biscocho,3.1,Nixon,AM
7283,4035,2026-04-20 00:00:00,blanca flor,3.8,Jonier,AM
7284,2220,2026-04-20 00:00:00,blanquita,4.2,Jonier,AM
7285,4018,2026-04-20 00:00:00,bocanegra,1.9,Nixon,AM
7286,9076,2026-04-20 00:00:00,bonita,2.6,Carlos,AM
7287,2093,2026-04-20 00:00:00,bukana,2.5,Jonier,AM
7288,7074,2026-04-20 00:00:00,cacho e tornillo,2.1,Jonier,AM
7289,0206A,2026-04-20 00:00:00,camasita,2.9,Carlos,AM
7290,J426,2026-04-20 00:00:00,candelaria,1.6,Carlos,AM
7291,0226,2026-04-20 00:00:00,candidita,5.0,Ismael,AM
7292,8062,2026-04-20 00:00:00,cara de queso,2.8,Nixon,AM
7293,1004,2026-04-20 00:00:00,cara linda,3.3,Nixon,AM
7294,2148A,2026-04-20 00:00:00,cara negra,1.3,Jonier,AM
7295,1100A,2026-04-20 00:00:00,caracas,2.6,Carlos,AM
7296,91171,2026-04-20 00:00:00,caramelo,4.8,Carlos,AM
7297,5150,2026-04-20 00:00:00,carevieja,2.9,Nixon,AM
7298,0332,2026-04-20 00:00:00,carina,2.9,Carlos,AM
7299,91172,2026-04-20 00:00:00,carmeluisa,2.0,Ismael,AM
7300,91242,2026-04-20 00:00:00,caroreña,2.9,Jhonatan B,AM
7301,2143,2026-04-20 00:00:00,catrina,2.9,Nixon,AM
7302,9037,2026-04-20 00:00:00,chilindrina,2.7,Jonier,AM
7303,7059,2026-04-20 00:00:00,chinga dos,2.1,Nixon,AM
7304,8077,2026-04-20 00:00:00,chiquita,3.0,Carlos,AM
7305,0307,2026-04-20 00:00:00,chivacoa,2.9,Carlos,AM
7306,7028,2026-04-20 00:00:00,cigarrona,2.3,Carlos,AM
7307,2039,2026-04-20 00:00:00,claudia,3.4,Jhonatan B,AM
7308,9073,2026-04-20 00:00:00,cocoemono,3.3,Nixon,AM
7309,80882,2026-04-20 00:00:00,corazon,3.1,Jhonatan B,AM
7310,809,2026-04-20 00:00:00,corralito,3.4,Nixon,AM
7311,0269,2026-04-20 00:00:00,cruzada,2.6,Jonier,AM
7312,8087,2026-04-20 00:00:00,dalmata,2.5,Ismael,AM
7313,2034,2026-04-20 00:00:00,desire,2.8,Jonier,AM
7314,0306,2026-04-20 00:00:00,diamante,2.5,Nixon,AM
7315,0107,2026-04-20 00:00:00,doble cero,1.6,Ismael,AM
7316,0241,2026-04-20 00:00:00,dominguita,3.5,Jhonatan B,AM
7317,8079,2026-04-20 00:00:00,doña maria,2.0,Carlos,AM
7318,0208A,2026-04-20 00:00:00,emb puro,2.6,Ismael,AM
7319,2014,2026-04-20 00:00:00,erika,1.5,Nixon,AM
7320,8089,2026-04-20 00:00:00,española,2.9,Nixon,AM
7321,34,2026-04-20 00:00:00,esperanza,2.9,Ismael,AM
7322,0297,2026-04-20 00:00:00,espiga de oro,1.7,Nixon,AM
7323,2050,2026-04-20 00:00:00,fabiola,3.3,Nixon,AM
7324,22085,2026-04-20 00:00:00,francely,2.4,Carlos,AM
7325,8045,2026-04-20 00:00:00,frescolita,2.3,Ismael,AM
7326,22119,2026-04-20 00:00:00,galleta,1.3,Carlos,AM
7327,9125,2026-04-20 00:00:00,golondrina,3.0,Nixon,AM
7328,5077,2026-04-20 00:00:00,guanota,2.0,Jonier,AM
7329,EMB 2,2026-04-20 00:00:00,josefa,2.0,Jonier,AM
7330,8005,2026-04-20 00:00:00,juguetona,1.1,Nixon,AM
7331,22135,2026-04-20 00:00:00,kelimar,3.6,Jonier,AM
7332,1015,2026-04-20 00:00:00,la chinga,3.1,Jhonatan B,AM
7333,0272,2026-04-20 00:00:00,la guara,3.3,Jonier,AM
7334,3066B,2026-04-20 00:00:00,la mocha,2.7,Jonier,AM
7335,4151,2026-04-20 00:00:00,la que amarro,4.3,Jonier,AM
7336,2146,2026-04-20 00:00:00,leopatrio,3.6,Nixon,AM
7337,80121,2026-04-20 00:00:00,lomo rallado,5.3,Ismael,AM
7338,2124A,2026-04-20 00:00:00,luisa,3.8,Ismael,AM
7339,0249,2026-04-20 00:00:00,lula,4.0,Carlos,AM
7340,3021A,2026-04-20 00:00:00,luna llena,2.3,Carlos,AM
7341,2103,2026-04-20 00:00:00,lupita,1.7,Carlos,AM
7342,1063,2026-04-20 00:00:00,macarapan,2.8,Nixon,AM
7343,2048,2026-04-20 00:00:00,magdalena,1.8,Jhonatan B,AM
7344,9040,2026-04-20 00:00:00,mala maña,2.0,Nixon,AM
7345,0336,2026-04-20 00:00:00,mantecal,2.7,Nixon,AM
7346,0322,2026-04-20 00:00:00,manto negro,2.8,Nixon,AM
7347,2208A,2026-04-20 00:00:00,manzanare i,2.6,Carlos,AM
7348,5052,2026-04-20 00:00:00,manzanita,2.4,Ismael,AM
7349,6067,2026-04-20 00:00:00,mariposa,3.5,Nixon,AM
7350,5030,2026-04-20 00:00:00,marisol,2.4,Ismael,AM
7351,2108,2026-04-20 00:00:00,mariugenia,2.5,Jhonatan B,AM
7352,22186,2026-04-20 00:00:00,medallita,1.7,Jonier,AM
7353,20334,2026-04-20 00:00:00,media luna,2.1,Carlos,AM
7354,2095,2026-04-20 00:00:00,miranda,2.3,Nixon,AM
7355,2171,2026-04-20 00:00:00,mis amores,3.1,Nixon,AM
7356,0101,2026-04-20 00:00:00,mojarrita,2.6,Carlos,AM
7357,0229,2026-04-20 00:00:00,navidad,3.6,Jonier,AM
7358,J841,2026-04-20 00:00:00,negra,3.5,Jhonatan B,AM
7359,8036,2026-04-20 00:00:00,negrita,3.4,Jonier,AM
7360,5033,2026-04-20 00:00:00,nieve,3.6,Nixon,AM
7361,22144,2026-04-20 00:00:00,noviembre,2.6,Jhonatan B,AM
7362,21391,2026-04-20 00:00:00,odst,2.2,Jonier,AM
7363,0323,2026-04-20 00:00:00,olga lucia,3.8,Jonier,AM
7364,91262,2026-04-20 00:00:00,olivia,3.2,Jonier,AM
7365,0298,2026-04-20 00:00:00,oro fino,1.1,Carlos,AM
7366,2162,2026-04-20 00:00:00,panchita,2.9,Jonier,AM
7367,1078A,2026-04-20 00:00:00,panorama,1.5,Jhonatan B,AM
7368,0231A,2026-04-20 00:00:00,paola,2.8,Carlos,AM
7369,2011,2026-04-20 00:00:00,papelon,3.0,Nixon,AM
7370,5146,2026-04-20 00:00:00,pata quebrada,0.5,Ismael,AM
7371,9020,2026-04-20 00:00:00,Pato real,1.6,Nixon,AM
7372,1088A,2026-04-20 00:00:00,patricia,3.5,Jonier,AM
7373,9006,2026-04-20 00:00:00,pegazo,2.6,Ismael,AM
7374,2196A,2026-04-20 00:00:00,peluche,3.1,Carlos,AM
7375,20001,2026-04-20 00:00:00,pepa,2.4,Nixon,AM
7376,8096,2026-04-20 00:00:00,petroleo,2.5,Jhonatan B,AM
7377,1079,2026-04-20 00:00:00,pimpollo,2.0,Ismael,AM
7378,0314,2026-04-20 00:00:00,polla,1.8,Ismael,AM
7379,22098,2026-04-20 00:00:00,primavera,2.3,Jonier,AM
7380,8046,2026-04-20 00:00:00,princesa,2.2,Ismael,AM
7381,9110A,2026-04-20 00:00:00,QUIBOR,3.0,Jonier,AM
7382,7012,2026-04-20 00:00:00,rojita,2.0,Nixon,AM
7383,2030,2026-04-20 00:00:00,ronaisi,2.7,Ismael,AM
7384,0267,2026-04-20 00:00:00,roñera,3.8,Ismael,AM
7385,8019,2026-04-20 00:00:00,ropa sucia,3.0,Nixon,AM
7386,02331,2026-04-20 00:00:00,rosa,1.7,Carlos,AM
7387,6043,2026-04-20 00:00:00,rosita,2.1,Carlos,AM
7388,0220,2026-04-20 00:00:00,rusa,2.0,Nixon,AM
7389,8048,2026-04-20 00:00:00,safira,3.3,Jhonatan B,AM
7390,2109,2026-04-20 00:00:00,sahara,2.7,Ismael,AM
7391,0259,2026-04-20 00:00:00,sambita,3.9,Jonier,AM
7392,2226,2026-04-20 00:00:00,san cristobal,3.1,Jhonatan B,AM
7393,3026A,2026-04-20 00:00:00,sardina,2.5,Jonier,AM
7394,2111,2026-04-20 00:00:00,sobrecito,2.1,Jonier,AM
7395,2018,2026-04-20 00:00:00,sol y sombra,2.3,Jhonatan B,AM
7396,0278,2026-04-20 00:00:00,sulimar,4.8,Jhonatan B,AM
7397,2234,2026-04-20 00:00:00,taparita,2.8,Nixon,AM
7398,2083,2026-04-20 00:00:00,tesoro,2.3,Carlos,AM
7399,0500,2026-04-20 00:00:00,tiburona,2.4,Jhonatan B,AM
7400,3107,2026-04-20 00:00:00,toldita,3.5,Jonier,AM
7401,7077,2026-04-20 00:00:00,topita dos,1.0,Jonier,AM
7402,22161,2026-04-20 00:00:00,trujillo,1.9,Jhonatan B,AM
7403,1073,2026-04-20 00:00:00,tuca,3.3,Nixon,AM
7404,2140,2026-04-20 00:00:00,turca,2.8,Jonier,AM
7405,2094A,2026-04-20 00:00:00,venaita,2.7,Jonier,AM
7406,8017,2026-04-20 00:00:00,yanire,2.5,Carlos,AM
7407,2023,2026-04-20 00:00:00,yelimar,2.7,Carlos,AM
7408,0111,2026-04-20 00:00:00,yirbeli,2.8,Ismael,AM
7409,2052,2026-04-20 00:00:00,yolimar,2.5,Carlos,AM
7410,8076,2026-04-20 00:00:00,yorgelis,3.1,Ismael,AM
7411,1103,2026-04-20 00:00:00,yuli,2.3,Ismael,AM
7412,0305,2026-04-20 00:00:00,,2.3,Jhonatan B,AM
7413,2002,2026-04-20 00:00:00,,2.8,Ismael,AM
7414,2066,2026-04-20 00:00:00,,5.6,Ismael,AM
7415,2087,2026-04-20 00:00:00,,3.0,Jhonatan B,AM
7416,2096A,2026-04-20 00:00:00,,2.7,Carlos,AM
7417,2141,2026-04-20 00:00:00,,3.0,Jhonatan B,AM
7418,2202,2026-04-20 00:00:00,,1.3,Nixon,AM
7419,22049,2026-04-20 00:00:00,,2.4,Carlos,AM
7420,22112,2026-04-20 00:00:00,,2.8,Carlos,AM
7421,22117,2026-04-20 00:00:00,,2.4,Ismael,AM
7422,22139,2026-04-20 00:00:00,,2.3,Jonier,AM
7423,22172,2026-04-20 00:00:00,,3.0,Ismael,AM
7424,22177,2026-04-20 00:00:00,,1.8,Nixon,AM
7425,22180,2026-04-20 00:00:00,,1.9,Jonier,AM
7426,2500,2026-04-20 00:00:00,,2.6,Jhonatan B,AM
7427,pend24,2026-04-20 00:00:00,,4.5,Carlos,AM
7428,0353,2026-04-20 00:00:00,Altagracia,1.6,Ismael,PM
7429,9024,2026-04-20 00:00:00,aventura,1.7,Jhonatan B,PM
7430,9103,2026-04-20 00:00:00,barco lleno,2.4,Jonier,PM
7431,8030,2026-04-20 00:00:00,barrilito,1.8,Ismael,PM
7432,1066A,2026-04-20 00:00:00,biscocho,2.3,Jhonatan B,PM
7433,4035,2026-04-20 00:00:00,blanca flor,3.2,Jonier,PM
7434,2220,2026-04-20 00:00:00,blanquita,3.4,Jonier,PM
7435,0226,2026-04-20 00:00:00,candidita,4.4,Ismael,PM
7436,1004,2026-04-20 00:00:00,cara linda,3.7,Carlos,PM
7437,1100A,2026-04-20 00:00:00,caracas,2.0,Carlos,PM
7438,91171,2026-04-20 00:00:00,caramelo,4.9,Alberto,PM
7439,5150,2026-04-20 00:00:00,carevieja,2.2,Jhonatan B,PM
7440,0332,2026-04-20 00:00:00,carina,2.0,Jhonatan B,PM
7441,91242,2026-04-20 00:00:00,caroreña,2.7,Alberto,PM
7442,7059,2026-04-20 00:00:00,chinga dos,2.2,Nixon,PM
7443,0307,2026-04-20 00:00:00,chivacoa,1.8,Alberto,PM
7444,2039,2026-04-20 00:00:00,claudia,2.1,Jhonatan B,PM
7445,809,2026-04-20 00:00:00,corralito,2.7,Ismael,PM
7446,8087,2026-04-20 00:00:00,dalmata,2.7,Carlos,PM
7447,2034,2026-04-20 00:00:00,desire,2.0,Jonier,PM
7448,8079,2026-04-20 00:00:00,doña maria,1.2,Nixon,PM
7449,8089,2026-04-20 00:00:00,española,2.5,Nixon,PM
7450,34,2026-04-20 00:00:00,esperanza,1.8,Ismael,PM
7451,2050,2026-04-20 00:00:00,fabiola,2.3,Nixon,PM
7452,22085,2026-04-20 00:00:00,francely,1.8,Carlos,PM
7453,22119,2026-04-20 00:00:00,galleta,1.3,Alberto,PM
7454,3066B,2026-04-20 00:00:00,la mocha,1.9,Nixon,PM
7455,2124A,2026-04-20 00:00:00,luisa,3.3,Jonier,PM
7456,9040,2026-04-20 00:00:00,mala maña,2.0,Carlos,PM
7457,0336,2026-04-20 00:00:00,mantecal,2.3,Nixon,PM
7458,0322,2026-04-20 00:00:00,manto negro,2.2,Jonier,PM
7459,2208A,2026-04-20 00:00:00,manzanare i,2.9,Jonier,PM
7460,5052,2026-04-20 00:00:00,manzanita,3.0,Carlos,PM
7461,6067,2026-04-20 00:00:00,mariposa,2.5,Nixon,PM
7462,22186,2026-04-20 00:00:00,medallita,1.0,Alberto,PM
7463,2171,2026-04-20 00:00:00,mis amores,3.1,Jhonatan B,PM
7464,0229,2026-04-20 00:00:00,navidad,3.2,Jonier,PM
7465,J841,2026-04-20 00:00:00,negra,3.2,Carlos,PM
7466,8036,2026-04-20 00:00:00,negrita,3.3,Ismael,PM
7467,5033,2026-04-20 00:00:00,nieve,3.1,Carlos,PM
7468,21391,2026-04-20 00:00:00,odst,1.9,Jonier,PM
7469,91262,2026-04-20 00:00:00,olivia,2.8,Nixon,PM
7470,0298,2026-04-20 00:00:00,oro fino,1.0,Alberto,PM
7471,2162,2026-04-20 00:00:00,panchita,2.6,Carlos,PM
7472,2011,2026-04-20 00:00:00,papelon,2.2,Carlos,PM
7473,20001,2026-04-20 00:00:00,pepa,2.0,Jonier,PM
7474,8096,2026-04-20 00:00:00,petroleo,2.3,Jhonatan B,PM
7475,1079,2026-04-20 00:00:00,pimpollo,2.1,Nixon,PM
7476,0314,2026-04-20 00:00:00,polla,2.7,Carlos,PM
7477,22098,2026-04-20 00:00:00,primavera,1.8,Jonier,PM
7478,9110A,2026-04-20 00:00:00,QUIBOR,1.7,Jhonatan B,PM
7479,0267,2026-04-20 00:00:00,roñera,2.8,Carlos,PM
7480,0220,2026-04-20 00:00:00,rusa,2.5,Alberto,PM
7481,8048,2026-04-20 00:00:00,safira,2.6,Nixon,PM
7482,2109,2026-04-20 00:00:00,sahara,2.4,Alberto,PM
7483,0259,2026-04-20 00:00:00,sambita,2.9,Ismael,PM
7484,2226,2026-04-20 00:00:00,san cristobal,2.0,Alberto,PM
7485,2234,2026-04-20 00:00:00,taparita,2.0,Nixon,PM
7486,2083,2026-04-20 00:00:00,tesoro,2.1,Carlos,PM
7487,0500,2026-04-20 00:00:00,tiburona,2.1,Jonier,PM
7488,3107,2026-04-20 00:00:00,toldita,2.2,Jonier,PM
7489,22161,2026-04-20 00:00:00,trujillo,1.9,Ismael,PM
7490,1073,2026-04-20 00:00:00,tuca,3.0,Ismael,PM
7491,2094A,2026-04-20 00:00:00,venaita,3.4,Jonier,PM
7492,2023,2026-04-20 00:00:00,yelimar,2.3,Jonier,PM
7493,0111,2026-04-20 00:00:00,yirbeli,2.5,Jhonatan B,PM
7494,1103,2026-04-20 00:00:00,yuli,2.1,Jhonatan B,PM
7495,0305,2026-04-20 00:00:00,,1.2,Nixon,PM
7496,2002,2026-04-20 00:00:00,,2.4,Ismael,PM
7497,2066,2026-04-20 00:00:00,,4.5,Nixon,PM
7498,2087,2026-04-20 00:00:00,,1.9,Nixon,PM
7499,2096A,2026-04-20 00:00:00,,2.5,Ismael,PM
7500,20971,2026-04-20 00:00:00,,0.8,Jonier,PM
7501,2141,2026-04-20 00:00:00,,2.4,Nixon,PM
7502,2202,2026-04-20 00:00:00,,1.2,Nixon,PM
7503,22049,2026-04-20 00:00:00,,0.8,Carlos,PM
7504,22112,2026-04-20 00:00:00,,2.0,Alberto,PM
7505,22117,2026-04-20 00:00:00,,2.5,Nixon,PM
7506,22139,2026-04-20 00:00:00,,2.4,Alberto,PM
7507,22160,2026-04-20 00:00:00,,2.2,Nixon,PM
7508,22177,2026-04-20 00:00:00,,1.5,Jhonatan B,PM
7509,22180,2026-04-20 00:00:00,,1.9,Alberto,PM
7510,2500,2026-04-20 00:00:00,,2.2,Nixon,PM
7511,pend24,2026-04-20 00:00:00,,2.4,Alberto,PM
