id,nro_animal,fecha,grupo_etareo
1601,23236,2024-07-18 00:00:00,Maute
1602,23221,2024-08-02 00:00:00,Becerro
1603,23223,2024-08-02 00:00:00,Mauta
1604,23224,2024-08-02 00:00:00,Becerro
1605,23225,2024-08-02 00:00:00,Becerro
1606,23226,2024-08-02 00:00:00,Becerro
1607,23227,2024-08-02 00:00:00,Becerra
1608,23230,2024-08-02 00:00:00,Becerro
1609,23232,2024-08-02 00:00:00,Becerra
1610,23238,2024-08-02 00:00:00,Becerro
1611,23240,2024-08-02 00:00:00,Becerro
1612,23241,2024-08-02 00:00:00,Becerro
1613,23244,2024-08-02 00:00:00,Becerro
1614,23246,2024-08-02 00:00:00,Becerra
1615,23250,2024-08-02 00:00:00,Becerra
1616,23252,2024-08-02 00:00:00,Becerra
1617,24001,2024-08-02 00:00:00,Becerra
1618,24002,2024-08-02 00:00:00,Becerro
1619,24003,2024-08-02 00:00:00,Becerro
1620,24004,2024-08-02 00:00:00,Becerra
1621,24005,2024-08-02 00:00:00,Becerra
1622,24006,2024-08-02 00:00:00,Becerra
1623,24007,2024-08-02 00:00:00,Becerra
1624,24008,2024-08-02 00:00:00,Becerro
1625,24009,2024-08-02 00:00:00,Becerro
1626,24010,2024-08-02 00:00:00,Becerra
1627,24011,2024-08-02 00:00:00,Becerra
1628,24012,2024-08-02 00:00:00,Becerra
1629,24014,2024-08-02 00:00:00,Becerra
1630,24013,2024-08-02 00:00:00,Becerra
1631,24015,2024-01-19 00:00:00,Becerra
1632,24016,2024-08-02 00:00:00,Becerra
1633,24017,2024-08-02 00:00:00,Becerro
1634,24018,2024-08-02 00:00:00,Becerro
1635,24019,2024-08-02 00:00:00,Becerra
1636,24020,2024-08-02 00:00:00,Becerro
1637,24021,2024-08-02 00:00:00,Becerra
1638,24022,2024-08-02 00:00:00,Becerro
1639,24023,2024-08-02 00:00:00,Becerro
1640,24024,2024-08-02 00:00:00,Becerro
1641,24025,2024-08-02 00:00:00,Becerra
1642,24026,2024-08-02 00:00:00,Becerro
1643,24027,2024-08-02 00:00:00,Becerra
1644,24028,2024-08-02 00:00:00,Becerra
1645,24029,2024-08-02 00:00:00,Becerro
1646,24030,2024-08-02 00:00:00,Becerra
1647,24031,2024-08-02 00:00:00,Becerra
1648,24032,2024-08-02 00:00:00,Becerra
1649,24033,2024-08-02 00:00:00,Becerro
1650,24034,2024-08-02 00:00:00,Becerro
1651,24035,2024-08-02 00:00:00,Becerra
1652,4501,2024-08-02 00:00:00,Becerro
1653,24037,2024-08-02 00:00:00,Becerro
1654,24036,2024-08-02 00:00:00,Becerro
1655,24038,2024-08-02 00:00:00,Becerro
1656,24039,2024-08-02 00:00:00,Becerra
1657,24040,2024-08-02 00:00:00,Becerra
1658,24043,2024-08-02 00:00:00,Becerra
1659,24041,2024-08-02 00:00:00,Becerro
1660,24042,2024-08-02 00:00:00,Becerra
1661,24044,2024-08-02 00:00:00,Becerro
1662,24045,2024-08-02 00:00:00,Becerra
1663,24046,2024-08-02 00:00:00,Becerra
1664,24047,2024-08-02 00:00:00,Becerra
1665,24048,2024-08-02 00:00:00,Becerra
1666,24049,2024-08-02 00:00:00,Becerro
1667,24050,2024-08-02 00:00:00,Becerro
1668,24051,2024-08-02 00:00:00,Becerra
1669,24052,2024-08-02 00:00:00,Becerra
1670,24053,2024-08-02 00:00:00,Becerra
1671,24054,2024-08-02 00:00:00,Becerra
1672,24055,2024-08-02 00:00:00,Becerra
1673,24056,2024-08-02 00:00:00,Becerro
1674,24058,2024-08-02 00:00:00,Becerra
1675,24057,2024-08-02 00:00:00,Becerro
1676,24059,2024-08-02 00:00:00,Becerro
1677,24060,2024-08-02 00:00:00,Becerro
1678,24061,2024-08-02 00:00:00,Becerro
1679,24062,2024-08-02 00:00:00,Becerro
1680,24063,2024-08-02 00:00:00,Becerra
1681,24064,2024-08-02 00:00:00,Becerro
1682,24065,2024-08-02 00:00:00,Becerro
1683,24066,2024-08-02 00:00:00,Becerro
1684,24067,2024-08-02 00:00:00,Becerro
1685,24068,2024-08-02 00:00:00,Becerro
1686,24069,2024-08-02 00:00:00,Becerro
1687,24070,2024-08-02 00:00:00,Becerra
1688,24071,2024-08-02 00:00:00,Becerro
1689,24072,2024-08-02 00:00:00,Becerra
1690,24073,2024-08-02 00:00:00,Becerro
1691,24074,2024-08-02 00:00:00,Becerro
1692,24075,2024-08-02 00:00:00,Becerra
1693,24076,2024-08-02 00:00:00,Becerro
1694,24077,2024-08-02 00:00:00,Becerro
1695,24078,2024-08-02 00:00:00,Becerra
1696,24079,2024-08-02 00:00:00,Becerro
1697,24080,2024-08-02 00:00:00,Becerro
1698,24081,2024-08-02 00:00:00,Becerro
1699,24082,2024-08-02 00:00:00,Becerro
1700,24083,2024-08-02 00:00:00,Becerro
1701,24084,2024-08-02 00:00:00,Becerra
1702,24085,2024-08-02 00:00:00,Becerra
1703,24086,2024-08-02 00:00:00,Becerro
1704,24087,2024-08-02 00:00:00,Becerra
1705,24088,2024-08-02 00:00:00,Becerro
1706,24089,2024-08-02 00:00:00,Becerro
1707,24090,2024-08-02 00:00:00,Becerra
1708,24091,2024-08-02 00:00:00,Becerro
1709,24092,2024-08-02 00:00:00,Becerra
1710,24093,2024-08-02 00:00:00,Becerra
1711,24094,2024-08-02 00:00:00,Becerra
1712,24095,2024-08-02 00:00:00,Becerra
1713,24096,2024-08-02 00:00:00,Becerro
1714,24097,2024-08-02 00:00:00,Becerra
1715,24098,2024-08-02 00:00:00,Becerro
1716,24099,2024-08-02 00:00:00,Becerra
1717,24100,2024-08-02 00:00:00,Becerra
1718,24103,2024-08-02 00:00:00,Becerra
1719,24102,2024-08-02 00:00:00,Becerro
1720,24101,2024-08-02 00:00:00,Becerra
1721,24104,2024-04-06 00:00:00,Becerra
1722,24105,2024-08-02 00:00:00,Becerro
1723,24106,2024-08-02 00:00:00,Becerra
1724,24107,2024-08-02 00:00:00,Becerro
1725,24108,2024-08-02 00:00:00,Becerro
1726,24109,2024-08-02 00:00:00,Becerro
1727,24110,2024-08-02 00:00:00,Becerra
1728,24111,2024-08-02 00:00:00,Becerro
1729,24112,2024-08-02 00:00:00,Becerro
1730,24113,2024-08-02 00:00:00,Becerro
1731,24114,2024-08-02 00:00:00,Becerro
1732,24115,2024-08-02 00:00:00,Becerra
1733,24116,2024-08-02 00:00:00,Becerra
1734,24117,2024-08-02 00:00:00,Becerro
1735,24118,2024-08-02 00:00:00,Becerro
1736,24119,2024-08-02 00:00:00,Becerra
1737,24120,2024-08-02 00:00:00,Becerra
1738,24121,2024-08-02 00:00:00,Becerro
1739,24122,2024-08-02 00:00:00,Becerra
1740,24123,2024-08-02 00:00:00,Becerro
1741,24124,2024-08-02 00:00:00,Becerra
1742,24125,2024-08-02 00:00:00,Becerro
1743,24126,2024-08-02 00:00:00,Becerro
1744,24127,2024-08-02 00:00:00,Becerro
1745,24128,2024-08-02 00:00:00,Becerro
1746,24129,2024-08-02 00:00:00,Becerro
1747,24130,2024-08-02 00:00:00,Becerro
1748,24131,2024-08-02 00:00:00,Becerra
1749,24132,2024-08-02 00:00:00,Becerro
1750,24133,2024-08-02 00:00:00,Becerro
1751,24134,2024-08-02 00:00:00,Becerro
1752,24135,2024-08-02 00:00:00,Becerro
1753,24136,2024-08-02 00:00:00,Becerro
1754,24137,2024-08-02 00:00:00,Becerro
1755,24138,2024-08-02 00:00:00,Becerra
1756,24139,2024-08-02 00:00:00,Becerra
1757,24140,2024-08-02 00:00:00,Becerro
1758,24141,2024-08-02 00:00:00,Becerro
1759,24142,2024-08-02 00:00:00,Becerra
1760,24143,2024-08-02 00:00:00,Becerro
1761,24144,2024-08-02 00:00:00,Becerra
1762,24145,2024-08-02 00:00:00,Becerro
1763,24146,2024-08-02 00:00:00,Becerro
1764,24147,2024-08-02 00:00:00,Becerro
1765,24148,2024-08-02 00:00:00,Becerra
1766,24149,2024-08-02 00:00:00,Becerra
1767,24150,2024-08-02 00:00:00,Becerra
1768,24151,2024-08-02 00:00:00,Becerro
1769,24152,2024-08-02 00:00:00,Becerra
1770,24153,2024-08-02 00:00:00,Becerro
1771,24154,2024-08-02 00:00:00,Becerro
1772,24155,2024-08-02 00:00:00,Becerro
1773,24156,2024-08-02 00:00:00,Becerro
1774,24157,2024-08-02 00:00:00,Becerro
1775,24158,2024-08-02 00:00:00,Becerro
1776,24159,2024-08-02 00:00:00,Becerra
1777,24160,2024-08-02 00:00:00,Becerro
1778,24162,2024-08-02 00:00:00,Becerra
1779,24163,2024-08-02 00:00:00,Becerro
1780,24164,2024-08-02 00:00:00,Becerro
1781,24165,2024-08-02 00:00:00,Becerro
1782,24166,2024-08-02 00:00:00,Becerra
1783,24167,2024-08-02 00:00:00,Becerra
1784,24168,2024-08-02 00:00:00,Becerra
1785,24169,2024-08-02 00:00:00,Becerra
1786,24170,2024-08-02 00:00:00,Becerro
1787,24171,2024-08-02 00:00:00,Becerra
1788,24172,2024-08-02 00:00:00,Becerro
1789,24173,2024-08-02 00:00:00,Becerra
1790,24174,2024-08-02 00:00:00,Becerra
1791,24175,2024-08-02 00:00:00,Becerro
1792,24176,2024-08-02 00:00:00,Becerro
1793,24177,2024-08-02 00:00:00,Becerro
1794,24178,2024-08-02 00:00:00,Becerro
1795,24179,2024-08-02 00:00:00,Becerra
1796,24180,2024-08-02 00:00:00,Becerra
1797,24181,2024-08-02 00:00:00,Becerra
1798,24182,2024-08-02 00:00:00,Becerra
1799,24183,2024-08-02 00:00:00,Becerro
1800,24184,2024-08-02 00:00:00,Becerro
1801,24185,2024-08-02 00:00:00,Becerra
1802,24186,2024-08-02 00:00:00,Becerra
1803,24187,2024-08-02 00:00:00,Becerra
1804,24188,2024-08-02 00:00:00,Becerro
1805,24189,2024-08-02 00:00:00,Becerro
1806,24190,2024-08-02 00:00:00,Becerra
1807,24191,2024-08-02 00:00:00,Becerro
1808,24192,2024-08-02 00:00:00,Becerro
1809,24193,2024-08-02 00:00:00,Becerro
1810,24194,2024-08-02 00:00:00,Becerro
1811,24195,2024-08-02 00:00:00,Becerro
1812,24196,2024-08-02 00:00:00,Becerro
1813,24197,2024-08-02 00:00:00,Becerro
1814,2019,2024-05-16 00:00:00,Novilla
1815,2048,2024-05-16 00:00:00,Novilla
1816,2153,2024-07-24 00:00:00,Mauta
1817,2146,2023-05-05 00:00:00,Novilla
1818,22125,2023-08-02 00:00:00,maute
1819,22115,2023-08-02 00:00:00,maute
1820,2042,2024-05-16 00:00:00,Novilla
1821,22122,2023-04-25 00:00:00,Maute
1822,2148,2023-02-22 00:00:00,Maute
1823,2173,2023-02-22 00:00:00,Maute
1824,10391,2023-07-06 00:00:00,Vaca
1825,7076,2023-07-20 00:00:00,Vaca
1826,5030,2024-01-18 00:00:00,Vaca
1827,5098,2023-07-03 00:00:00,Vaca
1828,5146,2023-06-26 00:00:00,Vaca
1829,6010,2023-08-30 00:00:00,Vaca
1830,6017,2024-02-01 00:00:00,Novilla
1831,6022,2023-06-21 00:00:00,Vaca
1832,6028,2023-07-03 00:00:00,Vaca
1833,7004,2024-02-01 00:00:00,Vaca
1834,7022,2023-12-26 00:00:00,Vaca
1835,7033,2023-07-21 00:00:00,Vaca
1836,7061,2024-01-22 00:00:00,Vaca
1837,7072,2023-07-22 00:00:00,Vaca
1838,8002,2023-09-12 00:00:00,Vaca
1839,8003,2024-01-16 00:00:00,Vaca
1840,8004,2023-07-15 00:00:00,Vaca
1841,8005,2023-06-27 00:00:00,Vaca
1843,8024,2023-08-31 00:00:00,Vaca
1844,8033,2023-08-14 00:00:00,Vaca
1845,8037,2024-02-26 00:00:00,Vaca
1846,8032,2024-06-20 00:00:00,Vaca
1848,8041,2024-04-10 00:00:00,Vaca
1849,8043,2023-06-08 00:00:00,Vaca
1850,8045,2023-07-07 00:00:00,Vaca
1851,8048,2023-06-08 00:00:00,Vaca
1852,8059,2024-02-27 00:00:00,Vaca
1853,8062,2023-12-24 00:00:00,Vaca
1855,8075,2023-07-05 00:00:00,Vaca
1856,8076,2023-12-11 00:00:00,Vaca
1857,8077,2023-06-28 00:00:00,Vaca
1858,8086,2023-06-22 00:00:00,Vaca
1859,8087,2023-05-29 00:00:00,Vaca
1860,9032,2024-01-29 00:00:00,Vaca
1861,9035,2024-05-22 00:00:00,Vaca
1862,9040,2023-06-08 00:00:00,Vaca
1863,9051,2023-08-07 00:00:00,Vaca
1864,9058,2023-12-31 00:00:00,Vaca
1865,9099,2024-01-02 00:00:00,Vaca
1866,9104,2023-12-24 00:00:00,Vaca
1867,91091,2024-03-31 00:00:00,Vaca
1868,91171,2023-12-16 00:00:00,Vaca
1869,91242,2024-01-07 00:00:00,Vaca
1870,9125,2023-12-28 00:00:00,Vaca
1871,0343,2024-01-22 00:00:00,Vaca
1872,33,2024-04-19 00:00:00,Vaca
1873,19,2024-03-03 00:00:00,Vaca
1874,1123,2024-06-12 00:00:00,Novilla
1875,8011,2024-05-25 00:00:00,Vaca
1876,8061,2023-12-15 00:00:00,Vaca
1877,8085,2024-01-19 00:00:00,Vaca
1878,9006,2024-03-10 00:00:00,Vaca
1879,9011,2024-01-21 00:00:00,Vaca
1880,9014,2023-12-01 00:00:00,Vaca
1881,9015,2024-03-11 00:00:00,Vaca
1882,9016,2024-03-09 00:00:00,Vaca
1883,9024,2024-07-31 00:00:00,VACA
1884,9036,2024-01-28 00:00:00,Vaca
1885,9037,2023-02-09 00:00:00,Vaca
1886,9042,2024-03-02 00:00:00,Vaca
1887,9053,2024-03-08 00:00:00,Vaca
1888,9061,2023-03-31 00:00:00,Novilla
1889,9073,2024-02-28 00:00:00,Vaca
1890,9076,2024-02-18 00:00:00,Vaca
1891,9091,2024-03-30 00:00:00,Vaca
1892,9103,2024-04-07 00:00:00,Vaca
1893,9109B,2024-06-12 00:00:00,Novilla
1894,9113,2023-12-20 00:00:00,Vaca
1895,9116B,2024-01-14 00:00:00,Vaca
1896,91172,2024-01-23 00:00:00,Vaca
1897,9121,2024-05-08 00:00:00,Vaca
1898,9122,2024-03-29 00:00:00,Vaca
1899,9128A,2024-06-12 00:00:00,Novilla
1900,9128B,2023-12-09 00:00:00,Vaca
1901,9137,2023-08-10 00:00:00,Novilla
1902,0101,2024-02-01 00:00:00,Novilla
1903,0102,2024-04-16 00:00:00,Vaca
1904,0107,2024-03-02 00:00:00,Vaca
1905,0111,2024-01-28 00:00:00,Vaca
1906,0114,2024-03-14 00:00:00,Vaca
1908,0201,2024-02-02 00:00:00,Vaca
1909,0202,2024-01-14 00:00:00,Vaca
1910,0204,2023-12-10 00:00:00,Vaca
1911,0205,2024-02-01 00:00:00,Novilla
1912,0206A,2024-03-02 00:00:00,Vaca
1913,0206B,2024-03-23 00:00:00,Vaca
1914,0211,2024-07-16 00:00:00,Vaca
1915,0215A,2024-05-23 00:00:00,Vaca
1916,0220,2024-01-29 00:00:00,Vaca
1917,0224,2024-07-22 00:00:00,Vaca
1918,0226,2024-02-28 00:00:00,Vaca
1919,0229,2023-12-27 00:00:00,Vaca
1920,0231A,2024-01-30 00:00:00,Vaca
1921,0231B,2024-05-16 00:00:00,Novilla
1922,02331,2024-04-02 00:00:00,Vaca
1923,0233,2024-03-11 00:00:00,Vaca
1924,0241,2024-04-14 00:00:00,Vaca
1925,0246,2024-03-20 00:00:00,Vaca
1926,0249,2024-02-20 00:00:00,Vaca
1927,0252,2024-07-24 00:00:00,Novilla
1928,0258,2024-03-02 00:00:00,Vaca
1929,0259,2024-02-24 00:00:00,Vaca
1930,0263,2023-07-13 00:00:00,Novilla
1931,0267,2024-06-27 00:00:00,Vaca
1932,0269,2024-03-30 00:00:00,Vaca
1933,0270,2024-02-01 00:00:00,Novilla
1934,0272,2023-12-11 00:00:00,Vaca
1935,0278,2024-02-22 00:00:00,Vaca
1936,0284,2023-08-10 00:00:00,Vaca
1937,0291,2024-02-15 00:00:00,Vaca
1938,0294,2024-02-24 00:00:00,Vaca
1939,0297,2024-02-01 00:00:00,Novilla
1940,0298A,2024-01-14 00:00:00,Vaca
1941,0299C,2023-07-07 00:00:00,Novilla
1942,0321,2024-03-26 00:00:00,Vaca
1943,0322,2024-02-24 00:00:00,Vaca
1944,0323,2024-02-02 00:00:00,Vaca
1945,0326,2024-02-17 00:00:00,Vaca
1946,0327,2024-03-23 00:00:00,Vaca
1947,0329,2024-02-22 00:00:00,Vaca
1948,0330A,2024-02-01 00:00:00,Novilla
1949,0333,2024-02-02 00:00:00,Vaca
1950,0336,2024-04-07 00:00:00,Vaca
1951,0338,2023-12-13 00:00:00,Vaca
1952,0342,2024-02-01 00:00:00,Novilla
1953,0344,2024-02-01 00:00:00,Novilla
1954,0348,2024-05-16 00:00:00,Novilla
1955,0349,2024-03-01 00:00:00,Vaca
1956,0352,2024-04-11 00:00:00,Vaca
1957,0354,2024-02-01 00:00:00,Novilla
1958,0355,2024-02-01 00:00:00,Novilla
1959,1188,2024-07-24 00:00:00,Novilla
1961,2040,2024-04-19 00:00:00,Novilla
1962,1109B,2024-05-16 00:00:00,Novilla
1963,2035A,2024-05-16 00:00:00,Novilla
1964,1051,2024-07-24 00:00:00,Novilla
1965,2063B,2024-05-16 00:00:00,Novilla
1966,1132,2024-02-01 00:00:00,Novilla
1967,0271,2024-01-31 00:00:00,Vaca
1968,1059,2024-07-24 00:00:00,Novilla
1969,1017A,2024-02-01 00:00:00,Novilla
1970,9020,2023-09-20 00:00:00,Vaca
1971,10431,2024-05-16 00:00:00,Novilla
1972,1043A,2024-07-24 00:00:00,Novilla
1973,0274,2024-07-24 00:00:00,Novilla
1975,2007,2024-07-24 00:00:00,Novilla
1976,1063,2024-07-24 00:00:00,Novilla
1977,1004,2024-03-04 00:00:00,Vaca
1978,1075,2024-05-16 00:00:00,Novilla
1979,1096,2024-05-16 00:00:00,Novilla
1980,1094,2024-07-24 00:00:00,Novilla
1981,1005,2024-03-20 00:00:00,Vaca
1982,9118,2024-03-29 00:00:00,Vaca
1983,0332,2024-01-15 00:00:00,Vaca
1984,1079,2024-02-01 00:00:00,Novilla
1985,2037,2024-02-13 00:00:00,Vaca
1986,0298,2024-02-01 00:00:00,Novilla
1989,2052,2024-02-01 00:00:00,Novilla
1990,2039,2023-07-13 00:00:00,Novilla
1991,1023,2024-02-01 00:00:00,Novilla
1992,2087,2024-07-24 00:00:00,Novilla
1993,2702,2024-02-01 00:00:00,Novilla
1995,1065,2024-07-24 00:00:00,Novilla
1996,2024,2024-07-24 00:00:00,Novilla
1997,1104A,2024-02-01 00:00:00,Novilla
1998,1103,2024-07-24 00:00:00,Novilla
1999,7070,2023-08-25 00:00:00,Vaca
2000,EMB 4,2023-08-17 00:00:00,Vaca
2001,1031,2024-05-14 00:00:00,TORO
2002,1036,2024-05-14 00:00:00,TORO
2003,1078,2024-05-14 00:00:00,TORO
2004,1105,2024-05-14 00:00:00,TORO
2005,2032,2024-05-14 00:00:00,TORO
2006,2035,2024-05-14 00:00:00,TORO
2007,2060,2024-05-14 00:00:00,TORO
2008,2065,2024-05-14 00:00:00,TORO
2009,0346,2024-05-14 00:00:00,TORO
2010,0358,2024-05-14 00:00:00,TORO
2011,2204,2024-05-14 00:00:00,TORO
2012,2027,2024-05-14 00:00:00,TORO
2013,1046A,2024-05-14 00:00:00,TORO
2014,1026,2024-05-14 00:00:00,TORO
2015,MSN1,2024-05-14 00:00:00,TORO
2016,MSN16,2024-05-14 00:00:00,TORO
2017,MSN17,2024-05-14 00:00:00,TORO
2018,1007,2024-05-14 00:00:00,TORO
2019,22185,2023-09-09 00:00:00,Maute
2020,22187,2023-09-09 00:00:00,Maute
2021,22193,2023-09-09 00:00:00,Mauta
2022,23003,2023-09-09 00:00:00,Mauta
2023,2201,2024-06-12 00:00:00,Novilla
2024,1066,2024-05-16 00:00:00,Novilla
2025,2103,2024-05-16 00:00:00,Novilla
2026,2108,2024-05-16 00:00:00,Novilla
2028,1088A,2024-02-01 00:00:00,Novilla
2029,2023,2024-02-01 00:00:00,Novilla
2030,2094,2023-04-03 00:00:00,Maute
2031,22100,2023-04-03 00:00:00,Maute
2032,1091,2024-07-24 00:00:00,Novilla
2033,2036,2024-05-17 00:00:00,Novilla
2034,1500,2024-07-06 00:00:00,TORO
2035,BU316,2024-07-08 00:00:00,Bufala
2036,BU004,2024-07-16 00:00:00,Bufala
2037,0340A,2023-09-20 00:00:00,Novilla
2038,0320,2024-02-09 00:00:00,Vaca
2039,0350,2024-02-01 00:00:00,Novilla
2040,30,2023-07-20 00:00:00,Novilla
2041,34,2024-02-14 00:00:00,Vaca
2042,8057,2023-04-04 00:00:00,Novilla
2043,8006,2024-03-14 00:00:00,Vaca
2044,7038,2023-12-12 00:00:00,Vaca
2045,S14,2023-02-09 00:00:00,Novilla
2046,S15,2023-02-09 00:00:00,Novilla
2048,8071,2023-07-13 00:00:00,Novilla
2049,31,2024-06-24 00:00:00,Vaca
2050,32,2024-01-29 00:00:00,Vaca
2051,8019,2023-08-06 00:00:00,Vaca
2052,1098,2024-07-24 00:00:00,Novilla
2053,3500,2024-05-21 00:00:00,Mauta
2054,3501,2024-05-21 00:00:00,Maute
2055,35,2024-02-01 00:00:00,Novilla
2056,23061,2024-03-21 00:00:00,Mauta
2057,1219,2024-05-14 00:00:00,TORO
2058,1048,2024-05-14 00:00:00,TORO
2059,1166,2024-05-14 00:00:00,TORO
2060,0198,2024-05-14 00:00:00,TORO
2061,1027,2024-05-14 00:00:00,TORO
2062,0254,2024-05-14 00:00:00,TORO
2063,3505,2024-05-21 00:00:00,Mauta
2064,3504,2024-05-21 00:00:00,Maute
2065,23090,2024-03-25 00:00:00,Maute
2066,23091,2024-03-25 00:00:00,Maute
2067,23098,2024-03-25 00:00:00,Mauta
2068,3103,2024-04-24 00:00:00,Mauta
2069,23104,2024-03-25 00:00:00,Maute
2070,23120,2024-03-25 00:00:00,Maute
2071,23122,2024-03-25 00:00:00,Mauta
2072,23125,2024-06-11 00:00:00,Mauta
2073,23126,2024-03-25 00:00:00,Mauta
2074,23127,2024-03-25 00:00:00,Mauta
2075,23128,2024-06-11 00:00:00,Mauta
2076,23130,2024-06-11 00:00:00,Mauta
2077,23132,2024-03-25 00:00:00,Maute
2078,23136,2024-03-25 00:00:00,Mauta
2079,23137,2024-04-29 00:00:00,Maute
2080,23139,2024-04-05 00:00:00,Mauta
2081,23143,2024-04-10 00:00:00,Maute
2082,23144,2024-06-11 00:00:00,Maute
2083,23148,2024-07-18 00:00:00,Mauta
2084,23152,2024-03-25 00:00:00,Mauta
2085,23154,2024-04-06 00:00:00,Maute
2086,23156,2024-06-11 00:00:00,Maute
2087,23157,2024-06-11 00:00:00,Maute
2088,23158,2024-06-11 00:00:00,Mauta
2089,23160,2024-06-11 00:00:00,Mauta
2090,23162,2024-07-11 00:00:00,Mauta
2091,23163,2024-05-06 00:00:00,Maute
2092,23164,2024-04-29 00:00:00,Maute
2093,23165,2024-04-02 00:00:00,Maute
2094,23166,2024-06-27 00:00:00,Mauta
2095,23169,2024-07-11 00:00:00,Mauta
2096,23170,2024-04-29 00:00:00,Maute
2097,23171,2024-07-18 00:00:00,Maute
2098,23172,2024-07-11 00:00:00,Mauta
2099,23173,2024-07-18 00:00:00,Maute
2100,23174,2024-05-31 00:00:00,Maute
2101,23176,2024-07-11 00:00:00,Maute
2102,23177,2024-06-27 00:00:00,Maute
2103,23182,2024-07-18 00:00:00,Maute
2104,23184,2024-04-18 00:00:00,Maute
2105,23185,2024-06-27 00:00:00,Mauta
2106,23187,2024-04-05 00:00:00,Maute
2107,23188,2024-06-27 00:00:00,Maute
2108,23189,2024-07-18 00:00:00,Maute
2109,23193,2024-06-27 00:00:00,Maute
2110,23194,2024-07-11 00:00:00,Mauta
2111,23209,2024-07-18 00:00:00,Mauta
2112,23210,2024-07-18 00:00:00,Maute
2113,23211,2024-07-18 00:00:00,Mauta
2114,BU002,2024-06-26 00:00:00,Bufala
2115,23216,2024-07-18 00:00:00,Maute
2116,23218,2024-07-18 00:00:00,Maute
2117,23231,2024-07-18 00:00:00,Mauta
2118,2196A,2024-08-02 00:00:00,Vaca
2119,6043,2024-08-02 00:00:00,Vaca
2120,2171,2024-08-02 00:00:00,Vaca
2121,3021A,2024-08-02 00:00:00,Vaca
2122,2169,2024-08-02 00:00:00,Vaca
2123,2021,2024-08-02 00:00:00,Vaca
2124,60286,2024-08-02 00:00:00,Vaca
2125,3003A,2024-08-02 00:00:00,Vaca
2126,2226,2024-08-02 00:00:00,Vaca
2127,7028,2024-08-02 00:00:00,Vaca
2128,2133A,2024-08-02 00:00:00,Vaca
2129,2124A,2024-08-02 00:00:00,Vaca
2130,31102,2024-08-02 00:00:00,Vaca
2131,SNA,2024-08-02 00:00:00,Vaca
2132,2208A,2024-08-02 00:00:00,Vaca
2133,9389,2024-08-02 00:00:00,Vaca
2134,6035,2024-08-02 00:00:00,Vaca
2135,2148A,2024-08-02 00:00:00,Vaca
2136,3107,2024-08-02 00:00:00,Vaca
2137,0740,2024-08-02 00:00:00,Vaca
2138,2083,2024-08-02 00:00:00,Vaca
2139,3026A,2024-08-02 00:00:00,Vaca
2140,2234,2024-08-02 00:00:00,Vaca
2141,4007,2024-08-02 00:00:00,Vaca
2142,2050,2024-08-02 00:00:00,Vaca
2143,4079,2024-08-02 00:00:00,Vaca
2144,4101,2024-08-02 00:00:00,Vaca
2145,3750,2024-08-02 00:00:00,Vaca
2146,2047,2024-08-02 00:00:00,Vaca
2147,5033,2024-08-02 00:00:00,Vaca
2148,4147,2024-08-02 00:00:00,Vaca
2149,6011,2024-08-02 00:00:00,Vaca
2150,4087,2024-08-02 00:00:00,Vaca
2151,4151,2024-08-02 00:00:00,Vaca
2152,2094A,2024-08-02 00:00:00,Vaca
2153,3024A,2024-08-02 00:00:00,Vaca
2154,2219,2024-08-02 00:00:00,Vaca
2155,4055,2024-08-02 00:00:00,Vaca
2156,2063A,2024-08-02 00:00:00,Vaca
2157,1015,2024-08-02 00:00:00,Vaca
2158,2149A,2024-08-02 00:00:00,Vaca
2159,5010,2024-08-02 00:00:00,Vaca
2160,5679,2024-08-02 00:00:00,Vaca
2161,7083,2024-08-02 00:00:00,Vaca
2162,0128,2024-08-02 00:00:00,Vaca
2163,9605,2024-08-02 00:00:00,Vaca
2164,4018,2024-08-02 00:00:00,Vaca
2165,50741,2024-08-02 00:00:00,Vaca
2166,5144,2024-08-02 00:00:00,Vaca
2167,S/NB,2024-08-02 00:00:00,Vaca
2168,3066A,2024-08-02 00:00:00,Vaca
2169,3066B,2024-08-02 00:00:00,Vaca
2170,6021,2024-08-02 00:00:00,Vaca
2171,4025,2024-08-02 00:00:00,Vaca
2172,5070,2024-08-02 00:00:00,Vaca
2173,EMB 1,2024-08-02 00:00:00,Vaca
2174,EMB 2,2024-08-02 00:00:00,Vaca
2175,0500,2024-08-02 00:00:00,Vaca
2176,22116,2024-08-02 00:00:00,Mauta
2177,22119,2024-08-02 00:00:00,Mauta
2178,2129,2024-08-02 00:00:00,Becerro
2179,22149,2024-08-02 00:00:00,Mauta
2180,2141,2024-08-02 00:00:00,Mauta
2181,22126,2024-08-02 00:00:00,Mauta
2182,22120,2024-08-02 00:00:00,Maute
2183,2138,2024-08-02 00:00:00,Mauta
2184,2004,2024-08-02 00:00:00,Maute
2185,2147,2024-08-02 00:00:00,Becerro
2186,21391,2024-08-02 00:00:00,Mauta
2187,2053,2024-08-02 00:00:00,Maute
2188,22118,2024-08-02 00:00:00,Maute
2189,22085,2024-08-02 00:00:00,Mauta
2190,22144,2024-08-02 00:00:00,Mauta
2191,2143A,2024-08-02 00:00:00,Mauta
2192,22150,2024-08-02 00:00:00,Mauta
2193,22151,2024-08-02 00:00:00,Mauta
2194,2140,2024-08-02 00:00:00,Mauta
2195,22121,2024-08-02 00:00:00,Mauta
2196,2174,2024-08-02 00:00:00,Maute
2197,2011A,2024-08-02 00:00:00,Mauta
2198,2145,2024-08-02 00:00:00,Mauta
2199,2137,2024-08-02 00:00:00,Mauta
2200,2154,2024-08-02 00:00:00,Maute
2201,22142,2024-08-02 00:00:00,Mauta
2202,2155,2024-08-02 00:00:00,Maute
2203,22117,2024-08-02 00:00:00,Mauta
2204,22157,2024-08-02 00:00:00,Maute
2205,22158,2024-08-02 00:00:00,Maute
2206,2022,2024-08-02 00:00:00,Maute
2207,2159,2024-08-02 00:00:00,Maute
2208,22160,2024-08-02 00:00:00,Mauta
2209,22161,2024-08-02 00:00:00,Mauta
2210,22131,2024-08-02 00:00:00,Mauta
2211,22105,2024-08-02 00:00:00,Mauta
2212,2162,2024-08-02 00:00:00,Mauta
2213,22112,2024-08-02 00:00:00,Mauta
2214,2123,2024-08-02 00:00:00,Becerra
2215,2124,2024-08-02 00:00:00,Becerra
2216,2127,2024-08-02 00:00:00,Becerra
2217,22132,2024-08-02 00:00:00,Maute
2218,2133,2024-08-02 00:00:00,Becerro
2219,2134,2024-08-02 00:00:00,Becerro
2220,S/NC,2024-08-02 00:00:00,Vaca
2221,2093A,2024-08-02 00:00:00,Vaca
2222,2130,2024-08-02 00:00:00,Vaca
2223,0132,2024-08-02 00:00:00,Vaca
2224,4075,2024-08-02 00:00:00,Vaca
2225,2073,2024-08-02 00:00:00,Vaca
2226,2143,2024-08-02 00:00:00,Vaca
2227,3043,2024-08-02 00:00:00,Vaca
2228,0138,2024-08-02 00:00:00,Vaca
2229,2209A,2024-08-02 00:00:00,Vaca
2230,22164,2024-08-02 00:00:00,Mauta
2231,2165,2024-08-02 00:00:00,Becerra
2232,22166,2024-08-02 00:00:00,Maute
2233,4073,2024-08-02 00:00:00,Vaca
2234,22114,2024-08-02 00:00:00,Maute
2235,3119,2024-08-02 00:00:00,Vaca
2236,9904,2024-08-02 00:00:00,Vaca
2237,8036,2024-08-02 00:00:00,Vaca
2238,2025A,2024-08-02 00:00:00,Vaca
2239,2136,2024-08-02 00:00:00,Becerro
2240,22135,2024-08-02 00:00:00,Mauta
2241,2096,2024-08-02 00:00:00,Vaca
2242,4047,2024-08-02 00:00:00,Vaca
2243,2,2024-08-02 00:00:00,Vaca
2244,1033A,2024-08-02 00:00:00,Vaca
2245,1056A,2024-08-02 00:00:00,Vaca
2246,1077A,2024-08-02 00:00:00,Vaca
2247,1089,2024-08-02 00:00:00,Vaca
2248,1090A,2024-08-02 00:00:00,Vaca
2249,1091A,2024-08-02 00:00:00,Vaca
2250,1112A,2024-08-02 00:00:00,Vaca
2251,1117,2024-08-02 00:00:00,Vaca
2252,1119,2024-08-02 00:00:00,Vaca
2253,1128,2024-08-02 00:00:00,Vaca
2254,2051,2024-08-02 00:00:00,Vaca
2255,2072,2024-08-02 00:00:00,Vaca
2256,2079,2024-08-02 00:00:00,Vaca
2257,214E,2024-08-02 00:00:00,Vaca
2258,2177A,2024-08-02 00:00:00,Vaca
2259,2217,2024-08-02 00:00:00,Vaca
2260,2224,2024-08-02 00:00:00,Vaca
2261,2340,2024-08-02 00:00:00,Vaca
2262,3015,2024-08-02 00:00:00,Vaca
2263,3028A,2024-08-02 00:00:00,Vaca
2264,3038A,2024-08-02 00:00:00,Vaca
2265,3093,2024-08-02 00:00:00,Vaca
2266,3178,2024-08-02 00:00:00,Vaca
2267,3969,2024-08-02 00:00:00,Vaca
2268,40072,2024-08-02 00:00:00,Vaca
2269,4008,2024-08-02 00:00:00,Vaca
2270,4023,2024-08-02 00:00:00,Vaca
2271,4033,2024-08-02 00:00:00,Vaca
2272,4053,2024-08-02 00:00:00,Vaca
2273,4066,2024-08-02 00:00:00,Vaca
2274,4076,2024-08-02 00:00:00,Vaca
2275,4078,2024-08-02 00:00:00,Vaca
2276,4099,2024-08-02 00:00:00,Vaca
2277,4100,2024-08-02 00:00:00,Vaca
2278,4109,2024-08-02 00:00:00,Vaca
2279,4141,2024-08-02 00:00:00,Vaca
2280,4172,2024-08-02 00:00:00,Vaca
2281,5007,2024-08-02 00:00:00,Vaca
2282,5016,2024-08-02 00:00:00,Vaca
2283,5035,2024-08-02 00:00:00,Vaca
2284,5041,2024-08-02 00:00:00,Vaca
2285,50501,2024-08-02 00:00:00,Vaca
2286,5052,2024-08-02 00:00:00,Vaca
2287,5060,2024-08-02 00:00:00,Vaca
2288,5072,2024-08-02 00:00:00,Vaca
2289,5074B,2024-08-02 00:00:00,Vaca
2290,5076,2024-08-02 00:00:00,Vaca
2291,5077,2024-08-02 00:00:00,Vaca
2292,5082,2024-08-02 00:00:00,Vaca
2293,5090,2024-08-02 00:00:00,Vaca
2294,5092,2024-08-02 00:00:00,Vaca
2295,5150,2024-08-02 00:00:00,Vaca
2296,6003,2024-08-02 00:00:00,Vaca
2297,6008,2024-08-02 00:00:00,Vaca
2298,60181,2024-08-02 00:00:00,Vaca
2299,6024,2024-08-02 00:00:00,Vaca
2300,6025,2024-08-02 00:00:00,Vaca
2301,6031,2024-08-02 00:00:00,Vaca
2302,6070,2024-08-02 00:00:00,Vaca
2303,7012,2024-08-02 00:00:00,Vaca
2304,7059,2024-08-02 00:00:00,Vaca
2305,7067,2024-08-02 00:00:00,Vaca
2306,7074,2024-08-02 00:00:00,Vaca
2307,7077,2024-08-02 00:00:00,Vaca
2308,7080,2024-08-02 00:00:00,Vaca
2309,7087,2024-08-02 00:00:00,Vaca
2310,7092,2024-08-02 00:00:00,Vaca
2311,8046,2024-08-02 00:00:00,Vaca
2312,8051,2024-08-02 00:00:00,Vaca
2313,8067,2024-08-02 00:00:00,Vaca
2314,8338,2024-08-02 00:00:00,Vaca
2315,8088,2024-08-02 00:00:00,Vaca
2316,8089,2024-08-02 00:00:00,Vaca
2317,8094,2024-08-02 00:00:00,Vaca
2318,8099,2024-08-02 00:00:00,Vaca
2319,9045,2024-08-02 00:00:00,Vaca
2320,9046,2024-08-02 00:00:00,Vaca
2321,9047,2024-08-02 00:00:00,Vaca
2322,9238,2024-08-02 00:00:00,Vaca
2323,21027,2024-08-02 00:00:00,Vaca
2324,0018,2024-08-02 00:00:00,Vaca
2325,0143,2024-08-02 00:00:00,Vaca
2326,GYRO,2024-08-02 00:00:00,Vaca
2327,S/ND,2024-08-02 00:00:00,Vaca
2328,EMB 3,2024-08-02 00:00:00,Vaca
2329,EMB 6,2024-08-02 00:00:00,Vaca
2330,5013,2024-08-02 00:00:00,Vaca
2331,9100,2024-08-02 00:00:00,Vaca
2332,0331,2024-08-02 00:00:00,Novilla
2333,6042,2024-08-02 00:00:00,Toro Repro
2334,S/NH,2024-08-02 00:00:00,Vaca
2335,8014,2024-08-02 00:00:00,Vaca
2336,9007,2024-08-02 00:00:00,Vaca
2337,4A,2024-08-02 00:00:00,Vaca
2338,14,2024-08-02 00:00:00,Vaca
2339,1078A,2024-08-02 00:00:00,Vaca
2340,2090A,2024-08-02 00:00:00,Vaca
2341,3027A,2024-08-02 00:00:00,Vaca
2342,3132,2024-08-02 00:00:00,Vaca
2343,4034,2024-08-02 00:00:00,Vaca
2344,5062,2024-08-02 00:00:00,Vaca
2345,6020,2024-08-02 00:00:00,Vaca
2346,6053,2024-08-02 00:00:00,Vaca
2347,8018,2024-08-02 00:00:00,Vaca
2348,8096,2024-08-02 00:00:00,Vaca
2349,9219,2024-08-02 00:00:00,Vaca
2350,12164,2024-08-02 00:00:00,Vaca
2351,20334,2024-08-02 00:00:00,Vaca
2352,4122,2024-08-02 00:00:00,Vaca
2353,6067,2024-08-02 00:00:00,Vaca
2354,4065,2024-08-02 00:00:00,Vaca
2355,2337,2024-08-02 00:00:00,Vaca
2356,4035,2024-08-02 00:00:00,Vaca
2357,1095A,2024-08-02 00:00:00,Vaca
2358,20337,2024-08-02 00:00:00,Vaca
2359,3044A,2024-08-02 00:00:00,Vaca
2360,8072,2024-08-02 00:00:00,Vaca
2361,7062,2024-08-02 00:00:00,Novilla
2362,7021,2024-08-02 00:00:00,Vaca
2363,30212,2024-08-02 00:00:00,Vaca
2364,5027,2024-08-02 00:00:00,Novilla
2365,5043,2024-08-02 00:00:00,Novilla
2367,6037,2024-08-02 00:00:00,Vaca
2368,6050,2024-08-02 00:00:00,Novilla
2369,7032,2024-08-02 00:00:00,Vaca
2370,7034,2024-08-02 00:00:00,Novilla
2371,7049,2024-08-02 00:00:00,Novilla
2372,7050,2024-08-02 00:00:00,Novilla
2373,7052,2024-08-02 00:00:00,Novilla
2374,8007,2024-08-02 00:00:00,Vaca
2375,8010,2024-08-02 00:00:00,Vaca
2376,80121,2024-08-02 00:00:00,Vaca
2377,8013A,2024-08-02 00:00:00,Vaca
2378,8013,2024-08-02 00:00:00,Vaca
2379,8020,2024-08-02 00:00:00,Novilla
2380,8023,2024-08-02 00:00:00,Novilla
2381,8026,2024-08-02 00:00:00,Vaca
2382,80272,2024-08-02 00:00:00,Vaca
2383,8028,2024-08-02 00:00:00,Vaca
2384,8030,2024-08-02 00:00:00,Vaca
2385,8035,2024-08-02 00:00:00,Novilla
2386,8042,2024-08-02 00:00:00,Novilla
2387,8050,2024-08-02 00:00:00,Vaca
2388,8052,2024-08-02 00:00:00,Novilla
2389,8054,2024-08-02 00:00:00,Vaca
2390,8056,2024-08-02 00:00:00,Novilla
2391,8058,2024-08-02 00:00:00,Novilla
2392,8060,2024-08-02 00:00:00,Vaca
2393,8066,2024-08-02 00:00:00,Vaca
2394,8074,2024-08-02 00:00:00,Novilla
2396,8079,2024-08-02 00:00:00,Vaca
2397,8081,2024-08-02 00:00:00,Novilla
2398,8082,2024-08-02 00:00:00,Novilla
2399,80841,2024-08-02 00:00:00,Novilla
2400,8084B,2024-08-02 00:00:00,Vaca
2401,809,2024-08-02 00:00:00,Vaca
2402,80921,2024-08-02 00:00:00,Vaca
2403,8093,2024-08-02 00:00:00,Vaca
2405,9057,2024-08-02 00:00:00,Novilla
2406,9071,2024-08-02 00:00:00,Vaca
2407,9082,2024-08-02 00:00:00,Vaca
2408,9092,2024-08-02 00:00:00,Novilla
2409,9095,2024-08-02 00:00:00,Novilla
2410,9096,2024-08-02 00:00:00,Novilla
2411,9106,2024-08-02 00:00:00,Novilla
2412,91121,2024-08-02 00:00:00,Novilla
2413,91241,2024-08-02 00:00:00,Novilla
2414,9136,2024-08-02 00:00:00,Novilla
2415,0225,2024-08-02 00:00:00,Novilla
2416,3120,2024-08-02 00:00:00,Vaca
2417,1310,2024-08-02 00:00:00,Vaca
2418,8012B,2024-08-02 00:00:00,Mauta
2419,8080,2024-08-02 00:00:00,Mauta
2420,9022,2024-08-02 00:00:00,Mauta
2421,9030,2024-08-02 00:00:00,Novilla
2422,9064,2024-08-02 00:00:00,Novilla
2423,9110A,2024-08-02 00:00:00,Novilla
2424,9192,2024-08-02 00:00:00,Novilla
2425,9116A,2024-08-02 00:00:00,Mauta
2426,91262,2024-08-02 00:00:00,Vaca
2427,9126A,2024-08-02 00:00:00,Novilla
2428,0108,2024-08-02 00:00:00,Novilla
2429,0208A,2024-08-02 00:00:00,Novilla
2430,0240,2024-08-02 00:00:00,Novilla
2431,0291B,2024-08-02 00:00:00,Mauta
2432,0299A,2024-08-02 00:00:00,Novilla
2433,0353,2024-08-02 00:00:00,Novilla
2434,20,2024-08-02 00:00:00,Novilla
2435,1039B,2024-08-02 00:00:00,Novilla
2436,0347,2024-08-02 00:00:00,Mauta
2437,1084A,2024-08-02 00:00:00,Mauta
2438,2061,2024-08-02 00:00:00,Mauta
2439,1021,2024-08-02 00:00:00,Mauta
2440,S7,2024-08-02 00:00:00,Novilla
2441,2002,2024-08-02 00:00:00,Mauta
2442,1102,2024-08-02 00:00:00,Mauta
2443,1053A,2024-08-02 00:00:00,Mauta
2444,1100A,2024-08-02 00:00:00,Mauta
2445,1074,2024-08-02 00:00:00,Mauta
2446,2012,2024-08-02 00:00:00,Mauta
2447,1009,2024-08-02 00:00:00,Mauta
2448,9023,2024-08-02 00:00:00,Vaca
2449,1032,2024-08-02 00:00:00,Mauta
2450,2014,2024-08-02 00:00:00,Mauta
2451,1028,2024-08-02 00:00:00,Mauta
2452,1045,2024-08-02 00:00:00,Mauta
2453,80472,2024-08-02 00:00:00,Vaca
2454,0328,2024-08-02 00:00:00,Maute
2455,1100B,2024-08-02 00:00:00,Mauta
2456,2202,2024-08-02 00:00:00,Mauta
2457,1093,2024-08-02 00:00:00,Maute
2458,2034,2024-08-02 00:00:00,Mauta
2459,2016,2024-08-02 00:00:00,Mauta
2460,2062,2024-08-02 00:00:00,Vaca
2461,4113,2024-08-02 00:00:00,Vaca
2462,7066,2024-08-02 00:00:00,Vaca
2463,8097,2024-08-02 00:00:00,Vaca
2464,3104,2024-08-02 00:00:00,Vaca
2465,7007,2024-08-02 00:00:00,Vaca
2466,4057,2024-08-02 00:00:00,Vaca
2467,4048,2024-08-02 00:00:00,Vaca
2468,4095,2024-08-02 00:00:00,Vaca
2469,2080,2024-08-02 00:00:00,Vaca
2470,8063,2024-08-02 00:00:00,Vaca
2471,5079,2024-08-02 00:00:00,Vaca
2472,1109A,2024-08-02 00:00:00,Vaca
2473,2097,2024-08-02 00:00:00,Vaca
2474,4072,2024-08-02 00:00:00,Vaca
2475,05,2024-08-02 00:00:00,Vaca
2476,3108,2024-08-02 00:00:00,Vaca
2477,3084,2024-08-02 00:00:00,Vaca
2478,1139A,2024-08-02 00:00:00,Vaca
2479,1066A,2024-08-02 00:00:00,Vaca
2480,4143,2024-08-02 00:00:00,Vaca
2481,2180A,2024-08-02 00:00:00,Vaca
2482,1168,2024-08-02 00:00:00,Vaca
2483,2150,2024-08-02 00:00:00,Vaca
2484,0139,2024-08-02 00:00:00,Vaca
2485,80882,2024-08-02 00:00:00,Vaca
2486,9067,2024-08-02 00:00:00,Vaca
2487,06,2024-08-02 00:00:00,Vaca
2488,1153,2024-08-02 00:00:00,Vaca
2489,2064A,2024-08-02 00:00:00,Vaca
2490,2028A,2024-08-02 00:00:00,Vaca
2491,2220,2024-08-02 00:00:00,Vaca
2492,8017,2024-08-02 00:00:00,Vaca
2493,2215A,2024-08-02 00:00:00,Vaca
2494,4041,2024-08-02 00:00:00,Novilla
2495,9018B,2024-08-02 00:00:00,Vaca
2496,89,2024-08-02 00:00:00,Vaca
2497,7017,2024-08-02 00:00:00,Vaca
2498,1041A,2024-08-02 00:00:00,Vaca
2499,1019,2024-08-02 00:00:00,Maute
2500,1027A,2024-08-02 00:00:00,Maute
2501,1033,2024-08-02 00:00:00,Maute
2502,1039,2024-08-02 00:00:00,TORO
2503,1048A,2024-08-02 00:00:00,TORO
2504,1064,2024-08-02 00:00:00,Maute
2505,1067,2024-08-02 00:00:00,Maute
2506,1080A,2024-08-02 00:00:00,Retajo
2507,1085,2024-08-02 00:00:00,Maute
2508,1092A,2024-08-02 00:00:00,Maute
2509,1097A,2024-08-02 00:00:00,Maute
2510,1095B,2024-08-02 00:00:00,Maute
2511,1101A,2024-08-02 00:00:00,Maute
2512,1106A,2024-08-02 00:00:00,Maute
2513,1107,2024-08-02 00:00:00,TORO
2514,1133,2024-08-02 00:00:00,Maute
2515,2005A,2024-08-02 00:00:00,Maute
2516,2005B,2024-08-02 00:00:00,Maute
2517,2025,2024-08-02 00:00:00,Maute
2518,2039A,2024-08-02 00:00:00,Maute
2519,2041,2024-08-02 00:00:00,Maute
2520,2045,2024-08-02 00:00:00,Maute
2521,2054,2024-08-02 00:00:00,Maute
2522,2058,2024-08-02 00:00:00,Maute
2523,2067,2024-08-02 00:00:00,Maute
2524,1056,2024-08-02 00:00:00,Maute
2525,1096A,2024-08-02 00:00:00,Maute
2526,2029,2024-08-02 00:00:00,Maute
2527,1070A,2024-08-02 00:00:00,Maute
2528,1131A,2024-08-02 00:00:00,Maute
2529,2088A,2024-08-02 00:00:00,Maute
2530,2088B,2024-08-02 00:00:00,Mauta
2531,1130A,2024-08-02 00:00:00,Maute
2532,2001A,2024-08-02 00:00:00,Maute
2533,2001B,2024-08-02 00:00:00,Maute
2534,1077,2024-08-02 00:00:00,Maute
2535,2149,2024-08-02 00:00:00,Maute
2536,1097B,2024-08-02 00:00:00,Mauta
2537,2091,2024-08-02 00:00:00,Maute
2538,1068A,2024-08-02 00:00:00,Maute
2539,1018,2024-08-02 00:00:00,Maute
2540,0109A,2024-08-02 00:00:00,Maute
2541,2056,2024-08-02 00:00:00,Maute
2542,1112,2024-08-02 00:00:00,Maute
2543,1044,2024-08-02 00:00:00,Maute
2544,2010,2024-08-02 00:00:00,Maute
2545,2044,2024-08-02 00:00:00,Maute
2546,2090,2024-08-02 00:00:00,Maute
2547,1055A,2024-08-02 00:00:00,Maute
2548,1076,2024-08-02 00:00:00,Maute
2549,1029,2024-08-02 00:00:00,TORO
2550,9080,2024-08-02 00:00:00,Maute
2551,0100,2024-08-02 00:00:00,Maute
2552,0103,2024-08-02 00:00:00,Maute
2553,0104,2024-08-02 00:00:00,TORO
2554,0115,2024-08-02 00:00:00,TORO
2555,0116A,2024-08-02 00:00:00,Maute
2556,0118,2024-08-02 00:00:00,TORO
2557,0212,2024-08-02 00:00:00,TORO
2558,0219,2024-08-02 00:00:00,TORO
2559,0260,2024-08-02 00:00:00,TORO
2560,0279,2024-08-02 00:00:00,TORO
2561,0291A,2024-08-02 00:00:00,TORO
2562,0292,2024-08-02 00:00:00,TORO
2563,0325,2024-08-02 00:00:00,TORO
2564,0334,2024-08-02 00:00:00,Maute
2565,0335,2024-08-02 00:00:00,TORO
2566,0345,2024-08-02 00:00:00,TORO
2567,MSN2,2024-08-02 00:00:00,TORO
2568,MSN3,2024-08-02 00:00:00,Retajo
2569,MSN4,2024-08-02 00:00:00,TORO
2570,0214,2024-08-02 00:00:00,TORO
2571,9136A,2024-08-02 00:00:00,TORO
2572,0116,2024-08-02 00:00:00,TORO
2573,MSN8,2024-08-02 00:00:00,TORO
2574,MSN9,2024-08-02 00:00:00,TORO
2575,MSN10,2024-08-02 00:00:00,Maute
2576,MSN11,2024-08-02 00:00:00,Maute
2577,MSN12,2024-08-02 00:00:00,TORO
2578,MSN13,2024-08-02 00:00:00,Maute
2579,MSN14,2024-08-02 00:00:00,Retajo
2580,MSN15,2024-08-02 00:00:00,TORO
2581,0273,2024-08-02 00:00:00,TORO
2582,2780,2024-08-02 00:00:00,TORO
2583,9111,2024-08-02 00:00:00,Maute
2584,0238,2024-08-02 00:00:00,Maute
2585,9118A,2024-08-02 00:00:00,Maute
2586,2781,2024-08-02 00:00:00,TORO
2587,099,2024-08-02 00:00:00,Maute
2588,0228,2024-08-02 00:00:00,Maute
2589,0242,2024-08-02 00:00:00,TORO
2590,0295,2024-08-02 00:00:00,Maute
2591,0223A,2024-08-02 00:00:00,TORO
2592,0223B,2024-08-02 00:00:00,TORO
2593,0337,2024-08-02 00:00:00,TORO
2594,0261,2024-08-02 00:00:00,TORO
2595,9038,2024-08-02 00:00:00,Maute
2596,9084,2024-08-02 00:00:00,TORO
2597,0251,2024-08-02 00:00:00,Maute
2598,9135,2024-08-02 00:00:00,TORO
2599,0204A,2024-08-02 00:00:00,TORO
2600,0317,2024-08-02 00:00:00,Toro Repro
2601,0201A,2024-08-02 00:00:00,Maute
2602,0207,2024-08-02 00:00:00,Maute
2603,0298B,2024-08-02 00:00:00,Maute
2604,0248,2024-08-02 00:00:00,Maute
2605,9134,2024-08-02 00:00:00,TORO
2606,0277,2024-08-02 00:00:00,Maute
2607,0235,2024-08-02 00:00:00,Maute
2608,0324,2024-08-02 00:00:00,Maute
2609,0341,2024-08-02 00:00:00,Maute
2610,2778,2024-08-02 00:00:00,Maute
2611,0290,2024-08-02 00:00:00,TORO
2612,0221,2024-08-02 00:00:00,Maute
2613,0216,2024-08-02 00:00:00,TORO
2614,9018,2024-08-02 00:00:00,TORO
2615,2779,2024-08-02 00:00:00,Maute
2616,0236,2024-08-02 00:00:00,Maute
2617,0293,2024-08-02 00:00:00,Maute
2618,0259A,2024-08-02 00:00:00,Maute
2619,0356,2024-08-02 00:00:00,TORO
2620,0245,2024-08-02 00:00:00,Maute
2621,5592,2024-08-02 00:00:00,Toro Repro
2622,5529,2024-08-02 00:00:00,Toro Repro
2623,5629,2024-08-02 00:00:00,Toro Repro
2624,5638,2024-08-02 00:00:00,Toro Repro
2625,22175,2024-08-02 00:00:00,Maute
2626,22176,2024-08-02 00:00:00,Maute
2627,22177,2024-08-02 00:00:00,Mauta
2628,22178,2024-08-02 00:00:00,Maute
2629,2179,2024-08-02 00:00:00,Becerro
2630,22180,2024-08-02 00:00:00,Mauta
2631,22181,2024-08-02 00:00:00,Maute
2632,22182,2024-08-02 00:00:00,Mauta
2633,22183,2024-08-02 00:00:00,Maute
2634,22184,2024-08-02 00:00:00,Maute
2635,22186,2024-08-02 00:00:00,Mauta
2636,22188,2024-08-02 00:00:00,Maute
2637,22189,2024-08-02 00:00:00,Mauta
2638,22190,2024-08-02 00:00:00,Maute
2639,22191,2024-08-02 00:00:00,Mauta
2640,22192,2024-08-02 00:00:00,Maute
2641,22194,2024-08-02 00:00:00,Maute
2642,22195,2024-08-02 00:00:00,Mauta
2643,22197,2024-08-02 00:00:00,Mauta
2644,22196,2024-08-02 00:00:00,Maute
2645,22199,2024-08-02 00:00:00,Maute
2646,22198,2024-08-02 00:00:00,Mauta
2647,22207,2024-08-02 00:00:00,Maute
2648,22209,2024-08-02 00:00:00,Maute
2649,22206,2024-08-02 00:00:00,Maute
2650,22205,2024-08-02 00:00:00,Maute
2651,2208,2024-08-02 00:00:00,Becerro
2652,23002,2024-08-02 00:00:00,Mauta
2653,23001,2024-08-02 00:00:00,Mauta
2654,23004,2024-08-02 00:00:00,Maute
2655,23006,2024-08-02 00:00:00,Mauta
2656,23005,2024-08-02 00:00:00,Mauta
2657,TORO1,2024-08-02 00:00:00,Toro Repro
2658,TORO2,2024-08-02 00:00:00,Toro Repro
2659,TORO3,2024-08-02 00:00:00,Toro Repro
2660,TORO4,2024-08-02 00:00:00,Toro Repro
2661,TORO5,2024-08-02 00:00:00,Toro Repro
2662,2092,2024-08-02 00:00:00,maute
2663,2095,2024-08-02 00:00:00,Mauta
2664,2109,2024-08-02 00:00:00,Mauta
2665,2110,2024-08-02 00:00:00,Mauta
2666,2111,2024-08-02 00:00:00,Mauta
2667,22098,2024-08-02 00:00:00,Mauta
2668,2215,2024-08-02 00:00:00,Mauta
2669,2031,2024-08-02 00:00:00,Mauta
2670,2107,2024-08-02 00:00:00,Mauta
2671,1082A,2024-08-02 00:00:00,Maute
2672,2200,2024-08-02 00:00:00,Mauta
2673,2101,2024-08-02 00:00:00,Maute
2674,2102,2024-08-02 00:00:00,Mauta
2675,2026,2024-08-02 00:00:00,Mauta
2676,20971,2024-08-02 00:00:00,Mauta
2677,2030,2024-08-02 00:00:00,Mauta
2678,2059,2024-08-02 00:00:00,Mauta
2679,2106,2024-08-02 00:00:00,Maute
2680,2099,2024-08-02 00:00:00,Maute
2681,23007,2024-08-02 00:00:00,Maute
2682,23008,2024-08-02 00:00:00,Maute
2683,3009,2024-08-02 00:00:00,Becerro
2684,23010,2024-08-02 00:00:00,Maute
2685,23011,2024-08-02 00:00:00,Maute
2686,BU1B,2024-08-02 00:00:00,Baute
2687,BU2B,2024-08-02 00:00:00,Baute
2688,BU099,2024-08-02 00:00:00,Baute
2689,BU306,2024-08-02 00:00:00,Baute
2690,BU048,2024-08-02 00:00:00,Bauta
2691,BU091,2024-08-02 00:00:00,Baute
2692,BU089,2024-08-02 00:00:00,Baute
2693,BU308,2024-08-02 00:00:00,Baute
2694,BU092,2024-08-02 00:00:00,Baute
2695,BU309,2024-08-02 00:00:00,Baute
2696,BU310,2024-08-02 00:00:00,Baute
2697,BU311,2024-08-02 00:00:00,Baute
2698,BU078,2024-08-02 00:00:00,Baute
2699,BU314,2024-08-02 00:00:00,Baute
2700,BU315,2024-08-02 00:00:00,Baute
2701,BU085,2024-08-02 00:00:00,Baute
2702,BU087,2024-08-02 00:00:00,Baute
2703,BU056,2024-08-02 00:00:00,Baute
2704,BU090,2024-08-02 00:00:00,Baute
2705,BU20,2024-08-02 00:00:00,Baute
2706,BU317,2024-08-02 00:00:00,Baute
2707,BU319,2024-08-02 00:00:00,Baute
2708,BU321,2024-08-02 00:00:00,Baute
2709,BU071,2024-08-02 00:00:00,Baute
2710,BU322,2024-08-02 00:00:00,Baute
2711,BU323,2024-08-02 00:00:00,Baute
2712,BU325,2024-08-02 00:00:00,Baute
2713,BU073,2024-08-02 00:00:00,Baute
2714,BU326,2024-08-02 00:00:00,Baute
2715,BU095,2024-08-02 00:00:00,Baute
2716,BU327,2024-08-02 00:00:00,Baute
2717,BU328,2024-08-02 00:00:00,Baute
2718,BU313,2024-08-02 00:00:00,Baute
2719,BU084,2024-08-02 00:00:00,Baute
2720,BU35,2024-08-02 00:00:00,Baute
2721,BU36,2024-08-02 00:00:00,Baute
2722,BU37,2024-08-02 00:00:00,Baute
2723,BU38,2024-08-02 00:00:00,Baute
2724,BU39,2024-08-02 00:00:00,Baute
2725,BU40,2024-08-02 00:00:00,Baute
2726,BU41,2024-08-02 00:00:00,Baute
2727,BU42,2024-08-02 00:00:00,Baute
2728,BU43,2024-08-02 00:00:00,Baute
2729,BU44,2024-08-02 00:00:00,Baute
2730,BU45,2024-08-02 00:00:00,Baute
2731,BU46,2024-08-02 00:00:00,Baute
2732,BU305,2024-08-02 00:00:00,BUTOROMAT
2733,BU48,2024-08-02 00:00:00,Baute
2734,BU49,2024-08-02 00:00:00,Baute
2735,BU50,2024-08-02 00:00:00,Baute
2736,BU51,2024-08-02 00:00:00,Baute
2737,BU52,2024-08-02 00:00:00,Baute
2738,BU307,2024-08-02 00:00:00,BUTOROMAT
2739,BU097,2024-08-02 00:00:00,Baute
2740,BU304,2024-08-02 00:00:00,Baute
2741,BU303,2024-08-02 00:00:00,Baute
2742,BU302,2024-08-02 00:00:00,Baute
2743,BU088,2024-08-02 00:00:00,Baute
2744,BU320,2024-08-02 00:00:00,Buvilla
2745,BU076,2024-08-02 00:00:00,Bauta
2746,BU082,2024-08-02 00:00:00,Bauta
2747,BU318,2024-08-02 00:00:00,Bauta
2748,BU3,2024-08-02 00:00:00,Baute
2749,BU64,2024-08-02 00:00:00,Bauta
2750,0234,2024-08-02 00:00:00,TORO
2751,0305,2024-08-02 00:00:00,VACA
2752,0313,2024-08-02 00:00:00,Vaca
2753,0306,2024-08-02 00:00:00,VACA
2754,9115,2024-08-02 00:00:00,VACA
2755,1501,2024-08-02 00:00:00,VACA
2756,0307,2024-08-02 00:00:00,VACA
2757,0308,2024-08-02 00:00:00,VACA
2758,0311,2024-08-02 00:00:00,VACA
2759,0317A,2024-08-02 00:00:00,VACA
2760,0309,2024-08-02 00:00:00,VACA
2761,0312,2024-08-02 00:00:00,Vaca
2762,9500,2024-08-02 00:00:00,Vaca
2763,9501,2024-08-02 00:00:00,VACA
2764,2500,2024-08-02 00:00:00,VACA
2765,9503,2024-08-02 00:00:00,VACA
2766,0303,2024-08-02 00:00:00,VACA
2767,0304,2024-08-02 00:00:00,VACA
2768,9502,2024-08-02 00:00:00,Novilla
2769,pend21,2024-08-02 00:00:00,VACA
2770,0310,2024-08-02 00:00:00,VACA
2771,0314,2024-08-02 00:00:00,Vaca
2772,pend24,2024-08-02 00:00:00,Mauta
2773,0302,2024-08-02 00:00:00,Vaca
2774,pend26,2024-08-02 00:00:00,TORO
2775,pend27,2024-08-02 00:00:00,TORO
2776,9110,2024-08-02 00:00:00,TORO
2777,0213A,2024-08-02 00:00:00,TORO
2778,pend31,2024-08-02 00:00:00,TORO
2779,pend32,2024-08-02 00:00:00,TORO
2780,0250,2024-08-02 00:00:00,TORO
2781,BU049,2024-08-02 00:00:00,Bufala
2782,BU331,2024-08-02 00:00:00,Bufala
2783,BU106,2024-08-02 00:00:00,Bufala
2784,BU052,2024-08-02 00:00:00,Bufala
2797,BU301,2024-08-02 00:00:00,Baute
2804,BU330,2024-08-02 00:00:00,BUTOROREP
2805,BU017,2024-08-02 00:00:00,BUTOROMAT
2806,BU023,2024-08-02 00:00:00,Bufala
2807,BU086,2024-08-02 00:00:00,Baute
2813,BU053,2024-08-02 00:00:00,Bufala
2814,BU347,2024-08-02 00:00:00,Bufala
2815,BU349,2024-08-02 00:00:00,Bufala
2816,BU062,2024-08-02 00:00:00,Bufala
2817,BU346,2024-08-02 00:00:00,Bufala
2818,BU034,2024-08-02 00:00:00,BUTOROMAT
2819,BU348,2024-08-02 00:00:00,Bufala
2820,BU4A,2024-08-02 00:00:00,Buvilla
2821,BU036,2024-08-02 00:00:00,Bufala
2822,BU344,2024-08-02 00:00:00,Bufala
2823,BU063,2024-08-02 00:00:00,Bufala
2824,BU351,2024-08-02 00:00:00,Bufala
2825,BU058,2024-08-02 00:00:00,BUTOROMAT
2826,BU069,2024-08-02 00:00:00,Baute
2827,BU345,2024-08-02 00:00:00,Bufala
2828,BU338,2024-08-02 00:00:00,Bufala
2829,BU335,2024-08-02 00:00:00,Bufala
2830,BU324,2024-08-02 00:00:00,Bauta
2831,BU010,2024-08-02 00:00:00,BUTOROMAT
2832,BU007,2024-08-02 00:00:00,BUTOROMAT
2833,BU006,2024-08-02 00:00:00,Buvilla
2834,9010,2024-08-02 00:00:00,Mauta
2835,3012,2024-08-02 00:00:00,Becerro
2836,23013,2024-08-02 00:00:00,Maute
2837,23014,2024-08-02 00:00:00,Maute
2838,8039,2024-08-02 00:00:00,Novilla
2839,0340B,2024-08-02 00:00:00,Mauta
2840,2066,2024-08-02 00:00:00,Novilla
2841,1015A,2024-08-02 00:00:00,Mauta
2842,2170,2024-08-02 00:00:00,Maute
2843,2011,2024-08-02 00:00:00,Mauta
2844,2013,2024-08-02 00:00:00,Mauta
2845,2096A,2024-08-02 00:00:00,Mauta
2846,2218,2024-08-02 00:00:00,Mauta
2847,2167,2024-08-02 00:00:00,Maute
2848,8098,2024-08-02 00:00:00,Vaca
2849,213,2024-08-02 00:00:00,Vaca
2850,1161,2024-08-02 00:00:00,Vaca
2851,7,2024-08-02 00:00:00,Vaca
2852,80682,2024-08-02 00:00:00,Vaca
2853,3227,2024-08-02 00:00:00,Vaca
2854,8034,2024-08-02 00:00:00,Vaca
2855,406,2024-08-02 00:00:00,Vaca
2856,22049,2024-08-02 00:00:00,Mauta
2857,EMB 5,2024-08-02 00:00:00,Vaca
2858,3100,2024-08-02 00:00:00,Vaca
2859,23015,2024-08-02 00:00:00,Maute
2860,23016,2024-08-02 00:00:00,Mauta
2861,23017,2024-08-02 00:00:00,Mauta
2862,23018,2024-08-02 00:00:00,Mauta
2863,23019,2024-08-02 00:00:00,Maute
2864,BU312,2024-08-02 00:00:00,Bauta
2865,23020,2024-08-02 00:00:00,Maute
2866,23021,2024-08-02 00:00:00,Mauta
2867,23022,2024-08-02 00:00:00,Mauta
2868,23023,2024-08-02 00:00:00,Mauta
2869,23024,2024-08-02 00:00:00,Mauta
2870,3025,2024-08-02 00:00:00,Becerra
2871,23026,2024-08-02 00:00:00,Maute
2872,9,2024-08-02 00:00:00,Vaca
2873,23027,2024-08-02 00:00:00,Mauta
2874,23028,2024-08-02 00:00:00,Maute
2875,23029,2024-08-02 00:00:00,Maute
2876,23030,2024-08-02 00:00:00,Mauta
2877,23031,2024-08-02 00:00:00,Mauta
2878,3502,2024-08-02 00:00:00,Becerra
2879,3032,2024-08-02 00:00:00,Becerra
2880,23033,2024-08-02 00:00:00,Mauta
2881,23034,2024-08-02 00:00:00,Mauta
2882,23035,2024-08-02 00:00:00,Maute
2883,23036,2024-08-02 00:00:00,Mauta
2884,23037,2024-08-02 00:00:00,Mauta
2885,23038,2024-08-02 00:00:00,Maute
2886,23039,2024-08-02 00:00:00,Mauta
2887,23040,2024-08-02 00:00:00,Mauta
2888,23041,2024-08-02 00:00:00,Mauta
2889,3042,2024-08-02 00:00:00,Becerro
2890,23043,2024-08-02 00:00:00,Mauta
2891,23044,2024-08-02 00:00:00,Mauta
2892,23045,2024-08-02 00:00:00,Mauta
2893,23046,2024-08-02 00:00:00,Maute
2894,23047,2024-08-02 00:00:00,Maute
2895,23048,2024-08-02 00:00:00,Mauta
2896,23049,2024-08-02 00:00:00,Mauta
2897,23050,2024-08-02 00:00:00,Mauta
2898,23051,2024-08-02 00:00:00,Mauta
2899,23052,2024-08-02 00:00:00,Mauta
2900,23053,2024-08-02 00:00:00,Maute
2901,23054,2024-08-02 00:00:00,Maute
2902,23055,2024-08-02 00:00:00,Mauta
2903,23056,2024-08-02 00:00:00,Maute
2904,23057,2024-08-02 00:00:00,Mauta
2905,23058,2024-08-02 00:00:00,Maute
2906,23059,2024-08-02 00:00:00,Maute
2907,23060,2024-08-02 00:00:00,Mauta
2908,23062,2024-08-02 00:00:00,Mauta
2909,23063,2024-08-02 00:00:00,Maute
2910,23064,2024-08-02 00:00:00,Maute
2911,23065,2024-08-02 00:00:00,Mauta
2912,23066,2024-08-02 00:00:00,Mauta
2913,23067,2024-08-02 00:00:00,Mauta
2914,3068,2024-08-02 00:00:00,Becerra
2915,23069,2024-08-02 00:00:00,Mauta
2916,23070,2024-08-02 00:00:00,Maute
2917,23071,2024-08-02 00:00:00,Maute
2918,23072,2024-08-02 00:00:00,Maute
2919,23073,2024-08-02 00:00:00,Mauta
2920,23074,2024-08-02 00:00:00,Mauta
2921,23075,2024-08-02 00:00:00,Mauta
2922,3076,2024-08-02 00:00:00,Becerra
2923,1207,2024-08-02 00:00:00,TORO
2924,0222,2024-08-02 00:00:00,TORO
2925,1055,2024-08-02 00:00:00,TORO
2926,1069,2024-08-02 00:00:00,Maute
2927,1154,2024-08-02 00:00:00,TORO
2928,1043,2024-08-02 00:00:00,TORO
2929,0210,2024-08-02 00:00:00,TORO
2930,1189,2024-08-02 00:00:00,TORO
2931,0109,2024-08-02 00:00:00,TORO
2932,7065,2024-08-02 00:00:00,TORO
2933,1131,2024-08-02 00:00:00,TORO
2934,9264,2024-08-02 00:00:00,TORO
2935,1163,2024-08-02 00:00:00,TORO
2936,1068,2024-08-02 00:00:00,TORO
2937,1070,2024-08-02 00:00:00,TORO
2938,1053,2024-08-02 00:00:00,Maute
2939,1237,2024-08-02 00:00:00,Maute
2940,1336,2024-08-02 00:00:00,TORO
2941,1141,2024-08-02 00:00:00,TORO
2942,1161A,2024-08-02 00:00:00,TORO
2943,1148,2024-08-02 00:00:00,TORO
2944,0118A,2024-08-02 00:00:00,Maute
2945,0221A,2024-08-02 00:00:00,TORO
2946,1041,2024-08-02 00:00:00,TORO
2947,1136,2024-08-02 00:00:00,TORO
2948,1097,2024-08-02 00:00:00,TORO
2949,1182,2024-08-02 00:00:00,TORO
2950,1090,2024-08-02 00:00:00,TORO
2951,1095,2024-08-02 00:00:00,TORO
2952,1190,2024-08-02 00:00:00,TORO
2953,1156,2024-08-02 00:00:00,TORO
2954,0216A,2024-08-02 00:00:00,TORO
2955,0265,2024-08-02 00:00:00,TORO
2956,0196,2024-08-02 00:00:00,TORO
2957,1063A,2024-08-02 00:00:00,TORO
2958,1165,2024-08-02 00:00:00,TORO
2959,1082,2024-08-02 00:00:00,TORO
2960,1030,2024-08-02 00:00:00,TORO
2961,1084,2024-08-02 00:00:00,TORO
2962,1060,2024-08-02 00:00:00,TORO
2963,1186,2024-08-02 00:00:00,TORO
2964,1238,2024-08-02 00:00:00,TORO
2965,1215,2024-08-02 00:00:00,TORO
2966,1083,2024-08-02 00:00:00,TORO
2967,1257,2024-08-02 00:00:00,TORO
2968,0141,2024-08-02 00:00:00,TORO
2969,1206,2024-08-02 00:00:00,TORO
2970,1080,2024-08-02 00:00:00,TORO
2971,1202,2024-08-02 00:00:00,TORO
2972,1139,2024-08-02 00:00:00,TORO
2973,1180,2024-08-02 00:00:00,TORO
2974,1146,2024-08-02 00:00:00,TORO
2975,1205,2024-08-02 00:00:00,TORO
2976,1049,2024-08-02 00:00:00,TORO
2977,S/NJ,2024-08-02 00:00:00,Retajo
2978,2128,2024-08-02 00:00:00,Maute
2979,1074A,2024-08-02 00:00:00,TORO
2980,1008,2024-08-02 00:00:00,Maute
2981,1047,2024-08-02 00:00:00,TORO
2982,1037,2024-08-02 00:00:00,TORO
2983,1052,2024-08-02 00:00:00,TORO
2984,1213,2024-08-02 00:00:00,TORO
2985,0195,2024-08-02 00:00:00,TORO
2986,0208,2024-08-02 00:00:00,TORO
2987,1187,2024-08-02 00:00:00,TORO
2988,1214,2024-08-02 00:00:00,Maute
2989,1142,2024-08-02 00:00:00,TORO
2990,1096B,2024-08-02 00:00:00,TORO
2991,1106,2024-08-02 00:00:00,Maute
2992,0094A,2024-08-02 00:00:00,TORO
2993,0178,2024-08-02 00:00:00,TORO
2994,1134,2024-08-02 00:00:00,TORO
2995,0004,2024-08-02 00:00:00,TORO
2996,37,2024-08-02 00:00:00,Maute
2997,1050,2024-08-02 00:00:00,TORO
2998,0127,2024-08-02 00:00:00,Maute
2999,1174,2024-08-02 00:00:00,TORO
3000,1253,2024-08-02 00:00:00,TORO
3001,1057,2024-08-02 00:00:00,TORO
3002,0171,2024-08-02 00:00:00,TORO
3003,1228,2024-08-02 00:00:00,Maute
3004,1212,2024-08-02 00:00:00,TORO
3005,1101,2024-08-02 00:00:00,TORO
3006,1195,2024-08-02 00:00:00,TORO
3007,0094,2024-08-02 00:00:00,TORO
3008,1151,2024-08-02 00:00:00,TORO
3009,0110,2024-08-02 00:00:00,TORO
3010,1126,2024-08-02 00:00:00,TORO
3011,1104,2024-08-02 00:00:00,Maute
3012,1152,2024-08-02 00:00:00,TORO
3013,1204,2024-08-02 00:00:00,TORO
3014,1017,2024-08-02 00:00:00,Maute
3015,36,2024-08-02 00:00:00,TORO
3016,SN50,2024-08-02 00:00:00,TORO
3017,1088,2024-08-02 00:00:00,TORO
3018,0215,2024-08-02 00:00:00,TORO
3019,1130,2024-08-02 00:00:00,TORO
3020,1216,2024-08-02 00:00:00,Maute
3021,1079A,2024-08-02 00:00:00,TORO
3022,0204B,2024-08-02 00:00:00,Maute
3023,0119,2024-08-02 00:00:00,Maute
3024,1092,2024-08-02 00:00:00,TORO
3025,1162,2024-08-02 00:00:00,TORO
3026,1034,2024-08-02 00:00:00,TORO
3027,0103A,2024-08-02 00:00:00,TORO
3028,0185,2024-08-02 00:00:00,Maute
3029,0357,2024-08-02 00:00:00,TORO
3030,1046,2024-08-02 00:00:00,TORO
3031,0351,2024-08-02 00:00:00,TORO
3032,1098A,2024-08-02 00:00:00,TORO
3033,1324,2024-08-02 00:00:00,TORO
3034,1292,2024-08-02 00:00:00,Maute
3035,0217,2024-08-02 00:00:00,TORO
3036,23077,2024-08-02 00:00:00,Mauta
3037,23078,2024-08-02 00:00:00,Maute
3038,23079,2024-08-02 00:00:00,Mauta
3039,23080,2024-08-02 00:00:00,Maute
3040,23081,2024-08-02 00:00:00,Mauta
3041,23082,2024-08-02 00:00:00,Mauta
3042,3083,2024-08-02 00:00:00,Becerra
3043,23084,2024-08-02 00:00:00,Maute
3044,23085,2024-08-02 00:00:00,Maute
3045,23086,2024-08-02 00:00:00,Maute
3046,pend41,2024-08-02 00:00:00,Vaca
3047,pend35,2024-08-02 00:00:00,Vaca
3048,pend36,2024-08-02 00:00:00,Vaca
3049,pend37,2024-08-02 00:00:00,Mauta
3050,pend38,2024-08-02 00:00:00,Mauta
3051,pend39,2024-08-02 00:00:00,Vaca
3052,pend40,2024-08-02 00:00:00,Becerra
3053,23087,2024-08-02 00:00:00,Maute
3054,23088,2024-08-02 00:00:00,Maute
3055,23089,2024-08-02 00:00:00,Maute
3056,22169A,2024-08-02 00:00:00,Mauta
3057,22172,2024-08-02 00:00:00,Mauta
3058,22168,2024-08-02 00:00:00,Maute
3059,23092,2024-08-02 00:00:00,Mauta
3060,23093,2024-08-02 00:00:00,Maute
3061,23094,2024-08-02 00:00:00,Mauta
3062,23095,2024-08-02 00:00:00,Maute
3063,23096,2024-08-02 00:00:00,Maute
3064,23097,2024-08-02 00:00:00,Maute
3065,23099,2024-08-02 00:00:00,Maute
3066,23100,2024-08-02 00:00:00,Maute
3067,23101,2024-08-02 00:00:00,Mauta
3068,23102,2024-08-02 00:00:00,Maute
3069,BU332,2024-08-02 00:00:00,Bufala
3070,23105,2024-08-02 00:00:00,Mauta
3071,23106,2024-08-02 00:00:00,Mauta
3072,23107,2024-08-02 00:00:00,Mauta
3073,23108,2024-08-02 00:00:00,Maute
3074,23109,2024-08-02 00:00:00,Mauta
3075,23110,2024-08-02 00:00:00,Mauta
3076,23111,2024-08-02 00:00:00,Mauta
3077,23112,2024-08-02 00:00:00,Becerro
3078,22221,2024-08-02 00:00:00,Mauta
3079,22171,2024-08-02 00:00:00,Mauta
3080,23113,2024-08-02 00:00:00,Becerro
3081,23114,2024-08-02 00:00:00,Maute
3082,23115,2024-08-02 00:00:00,Mauta
3083,23116,2024-08-02 00:00:00,Maute
3084,23117,2024-08-02 00:00:00,Becerro
3085,23118,2024-08-02 00:00:00,Maute
3086,23119,2024-08-02 00:00:00,Maute
3087,23121,2024-08-02 00:00:00,Mauta
3088,23123,2024-08-02 00:00:00,Maute
3089,23124,2024-08-02 00:00:00,Maute
3090,23129,2024-08-02 00:00:00,Mauta
3091,23131,2024-08-02 00:00:00,Mauta
3092,23133,2024-08-02 00:00:00,Maute
3093,23134,2024-08-02 00:00:00,Mauta
3094,23135,2024-08-02 00:00:00,Maute
3095,23138,2024-08-02 00:00:00,Mauta
3096,23140,2024-08-02 00:00:00,Maute
3097,pend42,2024-08-02 00:00:00,Becerra
3098,pend43,2024-08-02 00:00:00,Becerra
3099,23141,2024-08-02 00:00:00,Mauta
3100,23142,2024-08-02 00:00:00,Maute
3101,BU337,2024-08-02 00:00:00,Bufala
3102,23145,2024-08-02 00:00:00,Maute
3103,BU011,2024-08-02 00:00:00,BUTOROMAT
3104,BU019,2024-08-02 00:00:00,Bufala
3105,23146,2024-08-02 00:00:00,Maute
3106,23147,2024-08-02 00:00:00,Maute
3107,BU329,2024-08-02 00:00:00,Bufala
3108,BU340,2024-08-02 00:00:00,Bufala
3109,23149,2024-08-02 00:00:00,Becerro
3110,BU057,2024-08-02 00:00:00,Bufala
3111,BU73,2024-08-02 00:00:00,Bucerra ord
3112,23150,2024-08-02 00:00:00,Maute
3113,23151,2024-08-02 00:00:00,Mauta
3114,23153,2024-08-02 00:00:00,Mauta
3115,23155,2024-08-02 00:00:00,Becerro
3116,BU74,2024-08-02 00:00:00,Bucerro ord
3117,BU343,2024-08-02 00:00:00,Bufala
3118,BU77,2024-08-02 00:00:00,Bucerro ord
3119,BU01251,2024-08-02 00:00:00,BUTOROREP
3120,23159,2024-08-02 00:00:00,Mauta
3121,23161,2024-08-02 00:00:00,Becerro
3122,BU333,2024-08-02 00:00:00,Bufala
3123,23167,2024-08-02 00:00:00,Becerro
3124,23168,2024-08-02 00:00:00,Mauta
3125,BU342,2024-08-02 00:00:00,Bufala
3126,22139,2024-08-02 00:00:00,Mauta
3127,22216,2024-08-02 00:00:00,Mauta
3128,23175,2024-08-02 00:00:00,Becerro
3129,BU014,2024-08-02 00:00:00,Baute
3130,BU339,2024-08-02 00:00:00,Bufala
3131,23178,2024-08-02 00:00:00,Mauta
3132,23180,2024-08-02 00:00:00,Maute
3133,23179,2023-09-25 00:00:00,Becerra
3134,23183,2024-08-02 00:00:00,Mauta
3135,23181,2024-08-02 00:00:00,Maute
3136,23186,2024-08-02 00:00:00,Mauta
3137,23190,2024-08-02 00:00:00,Maute
3138,23191,2024-08-02 00:00:00,Becerro
3139,23192,2024-08-02 00:00:00,Becerra
3140,23195,2024-08-02 00:00:00,Becerra
3141,23196,2024-08-02 00:00:00,Maute
3142,4043,2024-08-02 00:00:00,Vaca
3143,23197,2024-08-02 00:00:00,Maute
3144,23198,2023-10-13 00:00:00,Becerra
3145,BU336,2024-08-02 00:00:00,Bufala
3146,BU035,2024-08-02 00:00:00,Bufala
3147,BU001,2024-08-02 00:00:00,Baute
3148,23199,2024-08-02 00:00:00,Becerra
3149,23200,2024-08-02 00:00:00,Becerra
3150,23201,2024-08-02 00:00:00,Becerra
3151,23202,2024-08-02 00:00:00,Becerra
3152,23203,2024-08-02 00:00:00,Becerra
3153,23204,2024-08-02 00:00:00,Becerro
3154,23205,2024-08-02 00:00:00,Becerro
3155,23206,2024-08-02 00:00:00,Maute
3156,23207,2024-08-02 00:00:00,Mauta
3157,23208,2024-08-02 00:00:00,Mauta
3158,BU334,2024-08-02 00:00:00,Bufala
3159,BU009,2024-08-02 00:00:00,Baute
3160,BU015,2024-08-02 00:00:00,Baute
3161,BU341,2024-08-02 00:00:00,Bufala
3162,BU90,2024-08-02 00:00:00,Bucerro ord
3163,BU91,2024-08-02 00:00:00,Bucerro ord
3164,23212,2024-08-02 00:00:00,Becerro
3165,23213,2024-08-02 00:00:00,Becerro
3166,BU350,2024-08-02 00:00:00,Bufala
3167,23214,2024-08-02 00:00:00,Maute
3168,23215,2024-08-02 00:00:00,Becerra
3169,BU008,2024-08-02 00:00:00,BUTOROMAT
3170,BU66,2024-08-02 00:00:00,Baute
3171,23217,2024-08-02 00:00:00,Maute
3172,23219,2024-08-02 00:00:00,Becerro
3173,23220,2024-08-02 00:00:00,Becerro
3174,23222,2024-08-02 00:00:00,Becerro
3175,23228,2024-08-02 00:00:00,Becerra
3176,23229,2024-08-02 00:00:00,Becerro
3177,3503,2024-08-02 00:00:00,Becerro
3178,23233,2024-08-02 00:00:00,Becerra
3179,23234,2024-08-02 00:00:00,Becerro
3180,23237,2024-08-02 00:00:00,Becerra
3181,23239,2024-08-02 00:00:00,Becerro
3182,23242,2024-08-02 00:00:00,Becerro
3183,23243,2024-08-02 00:00:00,Becerra
3184,23245,2024-08-02 00:00:00,Becerro
3185,23247,2024-08-02 00:00:00,Becerro
3186,23248,2024-08-02 00:00:00,Becerra
3187,23249,2024-08-02 00:00:00,Becerro
3188,23251,2024-08-02 00:00:00,Becerro
3189,23235,2023-12-16 00:00:00,Becerra
3190,pend44,2024-08-02 00:00:00,Becerra
3191,PEND45,2024-08-02 00:00:00,Becerro
3192,BU352,2024-08-02 00:00:00,Bucerra ord
3193,BU353,2024-08-02 00:00:00,Bucerra ord
3194,BU354,2024-08-02 00:00:00,Bucerra ord
3195,BU355,2024-08-02 00:00:00,Bucerro ord
3196,BU356,2024-08-02 00:00:00,Bucerro ord
3197,24198,2024-08-06 00:00:00,Becerro
3198,24199,2024-08-06 00:00:00,Becerro
3199,24200,2024-08-06 00:00:00,Becerro
3200,24201,2024-08-06 00:00:00,Becerra
3201,BU320,2024-08-08 00:00:00,Bufala
3202,24202,2024-08-08 00:00:00,Becerro
3203,24203,2024-08-08 00:00:00,Becerro
3204,BU357,2024-08-08 00:00:00,Bucerra ord
3205,BU358,2024-08-12 00:00:00,Bucerra ord
3206,24204,2024-08-12 00:00:00,Becerro
3207,24205,2024-08-14 00:00:00,Becerro
3208,9192,2024-08-12 00:00:00,Vaca
3209,1123,2024-08-14 00:00:00,Vaca
3210,BU359,2024-08-10 00:00:00,Bucerro ord
3211,24206,2024-08-15 00:00:00,Becerro
3212,24207,2024-08-17 00:00:00,Becerro
3213,BU360,2024-08-18 00:00:00,Bucerro ord
3214,BU361,2024-08-18 00:00:00,Bucerro ord
3215,BU362,2024-08-18 00:00:00,Bucerro ord
3216,24208,2024-08-19 00:00:00,Becerro
3217,24209,2024-08-20 00:00:00,Becerro
3218,BU363,2024-08-20 00:00:00,Bucerra ord
3219,24210,2024-08-22 00:00:00,Becerra
3220,24211,2024-08-24 00:00:00,Becerro
3221,24212,2024-08-24 00:00:00,Becerra
3222,9126A,2024-08-22 00:00:00,Vaca
3223,2023,2024-08-18 00:00:00,Vaca
3270,BU67,2024-07-02 00:00:00,Baute
3271,BU68,2024-07-02 00:00:00,Bauta
3272,BU70,2024-07-02 00:00:00,Bauta
3273,BU69,2024-07-02 00:00:00,Baute
3274,BU71,2024-07-02 00:00:00,Bauta
3275,BU72,2024-07-02 00:00:00,Bauta
3276,BU75,2024-07-02 00:00:00,Baute
3277,BU76,2024-07-02 00:00:00,Bauta
3278,BU78,2024-07-02 00:00:00,Bauta
3279,BU79,2024-07-02 00:00:00,Baute
3280,BU80,2024-07-02 00:00:00,Bauta
3281,BU81,2024-07-02 00:00:00,Baute
3282,BU82,2024-07-02 00:00:00,Bauta
3283,BU83,2024-07-02 00:00:00,Baute
3284,BU84,2024-07-02 00:00:00,Baute
3285,BU85,2024-07-02 00:00:00,Bauta
3286,BU86,2024-07-02 00:00:00,Baute
3287,BU87,2024-07-02 00:00:00,Baute
3288,BU88,2024-07-02 00:00:00,Bauta
3289,BU89,2024-07-02 00:00:00,Bauta
3290,BU92,2024-07-02 00:00:00,Bauta
3291,BU93,2024-07-02 00:00:00,Bauta
3292,BU94,2024-07-02 00:00:00,Baute
3293,24213,2024-08-28 00:00:00,Becerra
3294,24214,2024-08-28 00:00:00,Becerro
3295,BU364,2024-08-26 00:00:00,Bucerra ord
3296,24215,2024-08-31 00:00:00,Becerro
3297,0353,2024-08-28 00:00:00,Vaca
3298,24216,2024-09-02 00:00:00,Becerra
3299,24217,2024-09-02 00:00:00,Becerro
3300,24218,2024-09-05 00:00:00,Becerra
3301,24003,2024-09-02 00:00:00,Maute
3302,2060,2024-09-09 00:00:00,Toro Repro
3303,2065,2024-09-09 00:00:00,Toro Repro
3304,24219,2024-09-07 00:00:00,Becerro
3305,24220,2024-09-11 00:00:00,Becerro
3306,BU365,2024-09-07 00:00:00,Bucerro ord
3307,2040,2024-09-07 00:00:00,Vaca
3308,24221,2024-09-12 00:00:00,Becerra
3309,24222,2024-09-13 00:00:00,Becerro
3310,24223,2024-09-16 00:00:00,Becerro
3311,24224,2024-09-18 00:00:00,Becerra
3312,24225,2024-09-18 00:00:00,Becerro
3313,24226,2024-09-18 00:00:00,Becerra
3314,24227,2024-09-18 00:00:00,Becerro
3315,BU366,2024-09-18 00:00:00,Bucerra ord
3316,BU367,2024-09-19 00:00:00,Bucerro ord
3317,23228,2024-09-19 00:00:00,Mauta
3318,23247,2024-09-19 00:00:00,Maute
3319,23249,2024-09-19 00:00:00,Maute
3320,23251,2024-09-19 00:00:00,Maute
3321,23227,2024-09-19 00:00:00,Mauta
3322,23230,2024-09-19 00:00:00,Maute
3323,23238,2024-09-19 00:00:00,Maute
3324,23241,2024-09-19 00:00:00,Maute
3325,24002,2024-09-19 00:00:00,Maute
3326,24004,2024-09-19 00:00:00,Mauta
3327,24005,2024-09-19 00:00:00,Mauta
3328,24008,2024-09-19 00:00:00,Maute
3329,24009,2024-09-19 00:00:00,Maute
3330,24016,2024-09-19 00:00:00,Mauta
3331,24019,2024-09-19 00:00:00,Mauta
3332,24021,2024-09-19 00:00:00,Mauta
3333,24025,2024-09-19 00:00:00,Mauta
3334,24030,2024-09-19 00:00:00,Mauta
3335,1015A,2024-09-19 00:00:00,Novilla
3336,24228,2024-09-19 00:00:00,Becerro
3337,24229,2024-09-20 00:00:00,Becerro
3338,24230,2024-09-20 00:00:00,Becerra
3339,24231,2024-09-22 00:00:00,Becerro
3340,23195,2024-09-19 00:00:00,Mauta
3341,23202,2024-09-19 00:00:00,Mauta
3342,23212,2024-09-19 00:00:00,Maute
3343,23229,2024-09-19 00:00:00,Maute
3344,2034,2024-09-26 00:00:00,Novilla
3348,2153,2024-09-26 00:00:00,Novilla
3350,2109,2024-09-26 00:00:00,Novilla
3351,2111,2024-09-26 00:00:00,Novilla
3353,2030,2024-09-26 00:00:00,Novilla
3354,2013,2024-09-26 00:00:00,Novilla
3356,22172,2024-09-26 00:00:00,Novilla
3357,BU368,2024-09-25 00:00:00,Bucerra ord
3358,24011,2024-09-28 00:00:00,Mauta
3359,24027,2024-09-28 00:00:00,Mauta
3360,24031,2024-09-28 00:00:00,Mauta
3361,24068,2024-09-28 00:00:00,Maute
3362,24081,2024-09-28 00:00:00,Maute
3363,0355,2024-10-01 00:00:00,Vaca
3364,24232,2024-09-29 00:00:00,Becerra
3365,BU369,2024-09-29 00:00:00,Bucerra ord
3366,24233,2024-10-04 00:00:00,Becerro
3367,24234,2024-10-04 00:00:00,Becerro
3368,24235,2024-10-06 00:00:00,Becerro
3369,24236,2024-10-06 00:00:00,Becerro
3370,BU370,2024-10-07 00:00:00,Bucerro ord
3371,24237,2024-10-09 00:00:00,Becerra
3372,24238,2024-10-08 00:00:00,Becerro
3373,24239,2024-10-10 00:00:00,Becerra
3374,24240,2024-10-11 00:00:00,Becerro
3375,BU371,2024-10-10 00:00:00,Bucerro ord
3376,BU372,2024-10-12 00:00:00,Bucerra ord
3377,24242,2024-10-15 00:00:00,Becerra
3378,24243,2024-10-16 00:00:00,Becerro
3379,24241,2024-10-15 00:00:00,Becerra
3380,BU006,2024-10-16 00:00:00,Bufala
3381,BU373,2024-10-16 00:00:00,Bucerro ord
3382,24244,2024-10-17 00:00:00,Becerra
3383,BU374,2024-10-18 00:00:00,Bucerro ord
3384,23248,2024-10-22 00:00:00,Mauta
3385,24018,2024-10-22 00:00:00,Maute
3386,23243,2024-10-22 00:00:00,Mauta
3387,24040,2024-10-22 00:00:00,Mauta
3392,5111,2024-10-22 00:00:00,Mauta
3393,8016,2024-10-22 00:00:00,Mauta
3394,8040,2024-10-22 00:00:00,Mauta
3395,8073,2024-10-22 00:00:00,Mauta
3396,8078,2023-04-04 00:00:00,Novilla
3397,0125,2024-10-22 00:00:00,Mauta
3398,2018,2024-10-22 00:00:00,Mauta
3399,1052A,2024-10-22 00:00:00,Mauta
3400,2064,2024-10-22 00:00:00,Mauta
3401,2203,2024-10-22 00:00:00,Mauta
3402,1073,2024-10-22 00:00:00,Mauta
3403,2093,2024-10-22 00:00:00,Mauta
3405,8015,2024-10-22 00:00:00,Mauta
3407,23225,2024-10-15 00:00:00,Maute
3408,23222,2024-10-15 00:00:00,Maute
3409,1095B,2024-10-30 00:00:00,TORO
3410,1106A,2024-10-30 00:00:00,TORO
3411,2041,2024-10-30 00:00:00,TORO
3412,2054,2024-10-30 00:00:00,TORO
3413,1077,2024-10-30 00:00:00,TORO
3414,0109A,2024-10-30 00:00:00,TORO
3415,1112,2024-10-30 00:00:00,TORO
3416,2090,2024-10-30 00:00:00,TORO
3417,1076,2024-10-30 00:00:00,TORO
3418,0293,2024-10-30 00:00:00,TORO
3419,2092,2024-10-30 00:00:00,TORO
3420,1069,2024-10-30 00:00:00,TORO
3421,1053,2024-10-30 00:00:00,TORO
3422,1237,2024-10-30 00:00:00,TORO
3423,0118A,2024-10-30 00:00:00,TORO
3424,2128,2024-10-30 00:00:00,TORO
3425,1214,2024-10-30 00:00:00,TORO
3426,1106,2024-10-30 00:00:00,TORO
3427,0127,2024-10-30 00:00:00,TORO
3428,1228,2024-10-30 00:00:00,TORO
3429,1216,2024-10-30 00:00:00,TORO
3430,0119,2024-10-30 00:00:00,TORO
3431,1292,2024-10-30 00:00:00,TORO
3432,BU375,2024-10-31 00:00:00,Bucerro ord
3433,24036,2024-11-06 00:00:00,Maute
3434,23242,2024-11-06 00:00:00,Maute
3435,23252,2024-11-06 00:00:00,Mauta
3436,24062,2024-11-06 00:00:00,Maute
3437,23233,2024-11-06 00:00:00,Mauta
3438,24001,2024-11-06 00:00:00,Mauta
3439,24046,2024-11-06 00:00:00,Mauta
3440,24020,2024-11-06 00:00:00,Maute
3441,23239,2024-11-06 00:00:00,Maute
3442,2004,2024-11-11 00:00:00,TORO
3443,2053,2024-11-11 00:00:00,TORO
3444,1093,2024-11-11 00:00:00,TORO
3445,1033,2024-11-11 00:00:00,TORO
3446,1085,2024-11-11 00:00:00,TORO
3447,1092A,2024-11-11 00:00:00,TORO
3448,2029,2024-11-11 00:00:00,TORO
3449,1070A,2024-11-11 00:00:00,TORO
3450,2056,2024-11-11 00:00:00,TORO
3451,1044,2024-11-11 00:00:00,TORO
3452,1055A,2024-11-11 00:00:00,TORO
3453,0116A,2024-11-11 00:00:00,TORO
3454,1104,2024-11-11 00:00:00,TORO
3455,BU376,2024-11-09 00:00:00,Bucerra ord
3456,24245,2024-11-03 00:00:00,Becerro
3457,24246,2024-11-11 00:00:00,Becerro
3458,24247,2024-11-12 00:00:00,Becerra
3459,0330A,2024-11-15 00:00:00,Vaca
3460,0205,2024-11-15 00:00:00,Vaca
3461,0342,2024-11-15 00:00:00,Vaca
3462,24248,2024-11-12 00:00:00,Becerro
3463,24249,2024-11-15 00:00:00,Becerra
3464,24250,2024-11-15 00:00:00,Becerra
3465,0270,2024-11-17 00:00:00,Vaca
3466,24251,2024-11-15 00:00:00,Becerra
3467,24252,2024-11-17 00:00:00,Becerra
3468,1105,2024-11-18 00:00:00,Toro Repro
3469,0298,2024-11-18 00:00:00,Vaca
3470,1079,2024-11-18 00:00:00,Vaca
3471,24253,2024-11-18 00:00:00,Becerra
3472,24254,2024-11-18 00:00:00,Becerro
3473,24255,2024-11-18 00:00:00,Becerro
3474,24256,2024-11-18 00:00:00,Becerro
3545,24006,2024-11-20 00:00:00,Mauta
3546,24044,2024-11-20 00:00:00,Maute
3547,24047,2024-11-20 00:00:00,Mauta
3548,24049,2024-11-20 00:00:00,Maute
3549,24063,2024-11-20 00:00:00,Mauta
3550,24065,2024-11-20 00:00:00,Maute
3551,24066,2024-11-20 00:00:00,Mauta
3552,24067,2024-11-20 00:00:00,Maute
3553,24071,2024-11-20 00:00:00,Maute
3554,24075,2024-11-20 00:00:00,Mauta
3555,24076,2024-11-20 00:00:00,Maute
3556,24077,2024-11-20 00:00:00,Maute
3557,24079,2024-11-20 00:00:00,Maute
3558,24082,2024-11-20 00:00:00,Maute
3559,24085,2024-11-20 00:00:00,Mauta
3560,24087,2024-11-20 00:00:00,Mauta
3561,24089,2024-11-20 00:00:00,Maute
3562,24090,2024-11-20 00:00:00,Mauta
3563,24091,2024-11-20 00:00:00,Maute
3564,24092,2024-11-20 00:00:00,Mauta
3565,24095,2024-11-20 00:00:00,Mauta
3566,24096,2024-11-20 00:00:00,Maute
3567,24097,2024-11-20 00:00:00,Mauta
3568,24098,2024-11-20 00:00:00,Maute
3569,24101,2024-11-20 00:00:00,Mauta
3570,24105,2024-11-20 00:00:00,Maute
3571,24110,2024-11-20 00:00:00,Mauta
3572,24111,2024-11-20 00:00:00,Maute
3573,24116,2024-11-20 00:00:00,Mauta
3574,24119,2024-11-20 00:00:00,Mauta
3575,24120,2024-11-20 00:00:00,Mauta
3576,24123,2024-11-20 00:00:00,Maute
3577,24125,2024-11-20 00:00:00,Maute
3578,24136,2024-11-20 00:00:00,Maute
3579,24099,2024-11-20 00:00:00,Mauta
3580,24257,2024-11-22 00:00:00,Becerra
3581,24258,2024-11-23 00:00:00,Becerro
3582,24259,2024-11-23 00:00:00,Becerra
3583,24260,2024-11-23 00:00:00,Becerro
3584,24261,2024-11-23 00:00:00,Becerro
3585,24262,2024-11-23 00:00:00,Becerro
3586,24263,2024-11-24 00:00:00,Becerro
3587,1088A,2024-11-23 00:00:00,Vaca
3588,35,2024-11-23 00:00:00,Vaca
3589,1017A,2024-11-23 00:00:00,Vaca
3590,0101,2024-11-24 00:00:00,Vaca
3591,23215,2024-09-05 00:00:00,Mauta
3592,BU377,2024-11-25 00:00:00,Bucerra ord
3593,BU378,2024-11-25 00:00:00,Bucerro ord
3595,0354,2024-11-26 00:00:00,Vaca
3596,2039,2024-11-26 00:00:00,Vaca
3597,24264,2024-11-26 00:00:00,Becerra
3598,24265,2024-11-26 00:00:00,Becerra
3599,2018,2024-11-20 00:00:00,Novilla
3600,2203,2024-11-14 00:00:00,Novilla
3601,24024,2024-11-22 00:00:00,Maute
3602,24268,2024-11-26 00:00:00,Becerra
3603,24266,2024-11-26 00:00:00,Becerra
3604,24267,2024-11-26 00:00:00,Becerro
3605,24269,2024-11-26 00:00:00,Becerro
3606,0299C,2024-11-26 00:00:00,Vaca
3607,J401,2024-11-26 00:00:00,Maute
3608,J402,2024-11-26 00:00:00,Mauta
3609,J403,2024-11-26 00:00:00,Mauta
3610,J404,2024-11-26 00:00:00,Mauta
3611,J405,2024-11-26 00:00:00,Mauta
3612,J406,2024-11-26 00:00:00,Mauta
3613,J407,2024-11-26 00:00:00,Mauta
3614,J408,2024-11-26 00:00:00,Mauta
3615,J409,2024-11-26 00:00:00,Mauta
3616,J4010,2024-11-26 00:00:00,Mauta
3617,J4011,2024-11-26 00:00:00,Maute
3618,J412,2024-11-26 00:00:00,Mauta
3619,J413,2024-11-26 00:00:00,Mauta
3620,J414,2024-11-26 00:00:00,Mauta
3621,J415,2024-11-26 00:00:00,Mauta
3622,J416,2024-11-26 00:00:00,Maute
3623,J417,2024-11-26 00:00:00,Maute
3624,J418,2024-11-26 00:00:00,Mauta
3625,J419,2024-11-26 00:00:00,Mauta
3626,23232,2024-09-18 00:00:00,Mauta
3627,0344,2024-12-01 00:00:00,Vaca
3628,1023,2024-12-01 00:00:00,Vaca
3629,24270,2024-12-01 00:00:00,Becerro
3630,24271,2024-12-01 00:00:00,Becerro
3631,24272,2024-12-01 00:00:00,Becerra
3632,24273,2024-12-01 00:00:00,Becerro
3633,24274,2024-12-01 00:00:00,Becerro
3634,24275,2024-12-01 00:00:00,Becerra
3635,24276,2024-12-01 00:00:00,Becerro
3636,2066,2024-12-04 00:00:00,Vaca
3637,8082,2024-12-04 00:00:00,Vaca
3638,0274,2024-12-04 00:00:00,Vaca
3639,BU379,2024-12-01 00:00:00,Bucerro ord
3640,24278,2024-12-04 00:00:00,Becerra
3641,24279,2024-12-04 00:00:00,Becerra
3642,24280,2024-12-04 00:00:00,Becerro
3643,24281,2024-12-04 00:00:00,Becerro
3644,J420,2024-12-04 00:00:00,Novilla
3645,J01415,2024-12-04 00:00:00,Vaca
3646,J422,2024-12-04 00:00:00,Novilla
3647,J841,2024-12-04 00:00:00,Novilla
3648,J424,2024-12-04 00:00:00,Novilla
3649,J425,2024-12-04 00:00:00,Novilla
3650,J426,2024-12-04 00:00:00,Novilla
3651,J8705,2024-12-04 00:00:00,Novilla
3652,J428,2024-12-04 00:00:00,TORO
3653,7090,2024-12-04 00:00:00,TORO
3654,TSN01,2024-12-04 00:00:00,Toro Repro
3655,24282,2024-12-06 00:00:00,Becerra
3656,24277,2024-12-03 00:00:00,Becerra
3657,24283,2024-12-09 00:00:00,Becerra
3658,24284,2024-12-09 00:00:00,Becerra
3659,24055,2024-11-08 00:00:00,Mauta
3660,24054,2024-11-25 00:00:00,Mauta
3661,1084A,2024-11-28 00:00:00,Novilla
3662,2061,2024-11-28 00:00:00,Novilla
3663,1053A,2024-11-28 00:00:00,Novilla
3664,1100B,2024-11-28 00:00:00,Novilla
3665,24285,2024-12-13 00:00:00,Becerro
3666,24286,2024-12-13 00:00:00,Becerra
3667,24287,2024-12-13 00:00:00,Becerra
3668,24288,2024-12-13 00:00:00,Becerra
3669,24289,2024-12-16 00:00:00,Becerra
3670,24290,2024-12-16 00:00:00,Becerra
3671,1066,2024-12-16 00:00:00,Vaca
3672,24291,2024-12-18 00:00:00,Becerro
3673,24292,2024-12-18 00:00:00,Becerro
3674,24293,2024-12-02 00:00:00,Becerro
3675,24294,2024-12-21 00:00:00,Becerra
3676,24295,2024-12-21 00:00:00,Becerra
3677,9110A,2024-12-29 00:00:00,Vaca
3678,j24001,2024-12-25 00:00:00,Becerro
3679,24296,2024-12-28 00:00:00,Becerra
3680,24297,2024-12-29 00:00:00,Becerra
3681,24298,2024-12-30 00:00:00,Becerra
3682,25001,2025-01-05 00:00:00,Becerro
3683,25002,2025-01-05 00:00:00,Becerro
3684,24299,2024-12-28 00:00:00,Becerro
3685,24300,2024-12-29 00:00:00,Becerro
3686,24301,2024-12-30 00:00:00,Becerro
3687,24296,2024-12-23 00:00:00,Becerra
3688,24297,2024-12-23 00:00:00,Becerra
3689,24302,2024-12-30 00:00:00,Becerra
3690,24303,2024-12-30 00:00:00,Becerro
3691,24304,2024-12-25 00:00:00,Becerra
3692,BU2501,2025-01-01 00:00:00,Bucerro ord
3693,25003,2025-01-07 00:00:00,Becerro
3694,25004,2025-01-09 00:00:00,Becerra
3695,25005,2025-01-09 00:00:00,Becerra
3696,25006,2025-01-09 00:00:00,Becerra
3697,25007,2025-01-14 00:00:00,Becerro
3698,25008,2025-01-15 00:00:00,Becerro
3699,25009,2025-01-16 00:00:00,Becerra
3700,24050,2024-12-27 00:00:00,Maute
3701,24053,2024-12-27 00:00:00,Mauta
3702,24007,2024-12-27 00:00:00,Mauta
3703,24061,2024-12-27 00:00:00,Maute
3704,24051,2024-12-27 00:00:00,Mauta
3705,24034,2024-12-27 00:00:00,Maute
3706,24073,2024-12-27 00:00:00,Maute
3707,24069,2024-12-27 00:00:00,Maute
3708,24032,2024-12-27 00:00:00,Mauta
3709,24045,2024-12-27 00:00:00,Mauta
3710,24115,2024-12-27 00:00:00,Mauta
3711,24042,2024-12-27 00:00:00,Mauta
3712,24108,2024-12-27 00:00:00,Maute
3713,J8705,2024-12-25 00:00:00,Vaca
3714,J25001,2025-01-18 00:00:00,Becerro
3715,25010,2025-01-18 00:00:00,Becerra
3716,25011,2025-01-20 00:00:00,Becerra
3717,23201,2024-08-29 00:00:00,Mauta
3718,23203,2024-08-19 00:00:00,Mauta
3719,23204,2024-08-19 00:00:00,Maute
3720,23220,2024-10-15 00:00:00,Maute
3721,23224,2024-10-15 00:00:00,Maute
3722,23246,2024-10-16 00:00:00,Mauta
3723,24305,2024-12-25 00:00:00,Becerra
3724,25012,2025-01-25 00:00:00,Becerra
3725,25013,2025-01-26 00:00:00,Becerro
3726,1084A,2025-01-26 00:00:00,Vaca
3727,24033,2024-12-06 00:00:00,Maute
3728,24074,2025-01-22 00:00:00,Maute
3729,24102,2025-01-22 00:00:00,Maute
3730,24106,2025-01-22 00:00:00,Mauta
3731,24124,2025-01-22 00:00:00,Mauta
3732,24129,2025-01-22 00:00:00,Maute
3733,24134,2025-01-22 00:00:00,Maute
3734,24141,2025-01-22 00:00:00,Maute
3735,24142,2025-01-22 00:00:00,Mauta
3736,24145,2025-01-22 00:00:00,Maute
3737,24154,2025-01-22 00:00:00,Maute
3738,24157,2025-01-22 00:00:00,Mauta
3739,24164,2025-01-22 00:00:00,Maute
3740,24052,2025-01-22 00:00:00,Mauta
3741,24070,2025-01-22 00:00:00,Mauta
3742,24086,2025-01-22 00:00:00,Maute
3743,24094,2025-01-22 00:00:00,Mauta
3744,24072,2025-01-22 00:00:00,Mauta
3745,24147,2025-01-22 00:00:00,Maute
3746,24043,2025-01-22 00:00:00,Mauta
3747,25014,2025-01-27 00:00:00,Becerro
3748,25015,2025-01-28 00:00:00,Becerro
3749,24132,2025-01-23 00:00:00,Maute
3750,24306,2024-09-15 00:00:00,Becerro
3751,24307,2024-12-15 00:00:00,Becerro
3752,24308,2024-09-15 00:00:00,Becerro
3753,25016,2025-01-15 00:00:00,Becerra
3754,25017,2025-01-30 00:00:00,Becerro
3755,25018,2025-01-30 00:00:00,Becerra
3756,J25002,2025-01-30 00:00:00,Becerra
3757,J426,2025-01-30 00:00:00,Vaca
3758,pend46,2024-07-15 00:00:00,Becerra
3759,pend47,2024-12-05 00:00:00,Becerra
3760,pend48,2024-12-11 00:00:00,Becerra
3761,24028,2025-01-22 00:00:00,Mauta
3762,BU048,2024-12-19 00:00:00,Buvilla
3763,BU082,2024-12-19 00:00:00,Buvilla
3764,BU324,2024-12-19 00:00:00,Buvilla
3765,23179,2024-06-17 00:00:00,Mauta
3766,23198,2024-06-13 00:00:00,Mauta
3767,23237,2024-12-06 00:00:00,Mauta
3768,23240,2024-12-06 00:00:00,Maute
3769,23244,2024-12-06 00:00:00,Maute
3770,23250,2024-12-06 00:00:00,Mauta
3771,24014,2024-12-06 00:00:00,Mauta
3772,24023,2024-12-06 00:00:00,Maute
3773,24048,2024-12-06 00:00:00,Mauta
3774,24080,2024-12-06 00:00:00,Maute
3775,24015,2024-07-24 00:00:00,Mauta
3776,23235,2024-07-24 00:00:00,Mauta
3777,25019,2025-02-05 00:00:00,Becerra
3778,25020,2025-02-05 00:00:00,Becerra
3779,25021,2025-02-05 00:00:00,Becerra
3780,25022,2025-02-07 00:00:00,Becerro
3781,25023,2025-02-07 00:00:00,Becerra
3782,25024,2025-02-11 00:00:00,Becerra
3783,25025,2025-02-11 00:00:00,Becerra
3784,25026,2025-02-11 00:00:00,Becerro
3785,25027,2025-02-11 00:00:00,Becerro
3786,25028,2025-02-11 00:00:00,Becerro
3787,25030,2025-02-12 00:00:00,Becerro
3788,J841,2025-02-12 00:00:00,Vaca
3789,J25031,2025-02-12 00:00:00,Becerro
3790,25032,2025-01-31 00:00:00,Becerra
3791,25033,2025-01-31 00:00:00,Becerro
3793,1065,2025-01-31 00:00:00,Vaca
3794,0263,2025-01-31 00:00:00,Vaca
3795,25034,2025-02-17 00:00:00,Becerro
3796,25035,2025-02-17 00:00:00,Becerra
3797,25029,2025-02-11 00:00:00,Becerra
3798,1188,2025-02-20 00:00:00,Vaca
3799,25036,2025-02-20 00:00:00,Becerro
3800,25037,2025-02-21 00:00:00,Becerra
3801,1059,2025-02-23 00:00:00,Vaca
3802,25038,2025-02-23 00:00:00,Becerro
3803,24058,2025-01-22 00:00:00,Mauta
3804,24056,2025-02-07 00:00:00,Maute
3805,24060,2025-03-05 00:00:00,Maute
3806,24109,2025-02-07 00:00:00,Maute
3807,24118,2025-03-05 00:00:00,Maute
3808,24127,2025-03-05 00:00:00,Maute
3809,24131,2025-03-05 00:00:00,Mauta
3810,24133,2025-03-05 00:00:00,Maute
3811,24156,2025-03-05 00:00:00,Maute
3812,24173,2025-03-05 00:00:00,Mauta
3813,24176,2025-03-05 00:00:00,Maute
3814,24039,2025-03-05 00:00:00,Mauta
3815,24084,2025-03-05 00:00:00,Mauta
3816,24114,2025-03-05 00:00:00,Maute
3817,24117,2025-03-05 00:00:00,Maute
3818,24135,2025-03-05 00:00:00,Maute
3819,24178,2025-03-05 00:00:00,Maute
3820,1043A,2025-03-01 00:00:00,Vaca
3821,1094,2025-03-01 00:00:00,Vaca
3822,25041,2025-02-07 00:00:00,Becerra
3823,25042,2025-02-28 00:00:00,Becerro
3824,25043,2025-03-01 00:00:00,Becerro
3825,25044,2025-03-01 00:00:00,Becerro
3826,25045,2025-03-01 00:00:00,Becerra
3827,25046,2025-03-05 00:00:00,Becerra
3828,25047,2025-03-05 00:00:00,Becerra
3829,25048,2025-03-05 00:00:00,Becerro
3830,25039,2025-02-25 00:00:00,Becerro
3831,25040,2025-02-27 00:00:00,Becerro
3832,J424,2025-03-03 00:00:00,Vaca
3833,J25049,2025-03-03 00:00:00,Becerra
3834,25050,2025-03-07 00:00:00,Becerro
3835,25051,2025-03-07 00:00:00,Becerro
3836,2005A,2025-03-10 00:00:00,TORO
3837,2005B,2025-03-10 00:00:00,TORO
3838,2025,2025-03-10 00:00:00,TORO
3839,1056,2025-03-10 00:00:00,TORO
3840,1096A,2025-03-10 00:00:00,TORO
3841,25052,2025-03-11 00:00:00,Becerro
3842,25053,2025-03-14 00:00:00,Becerra
3844,25054,2025-03-16 00:00:00,Becerra
3845,24146,2025-03-13 00:00:00,Maute
3846,24150,2025-03-20 00:00:00,Mauta
3847,24153,2025-03-20 00:00:00,Maute
3848,24155,2025-03-20 00:00:00,Maute
3849,24158,2025-03-20 00:00:00,Maute
3850,24159,2025-03-20 00:00:00,Mauta
3851,24160,2025-03-20 00:00:00,Maute
3852,24163,2025-03-20 00:00:00,Maute
3853,24169,2025-03-20 00:00:00,Mauta
3854,24180,2025-03-20 00:00:00,Mauta
3855,24181,2025-03-20 00:00:00,Mauta
3856,24182,2025-03-20 00:00:00,Mauta
3857,24190,2025-03-20 00:00:00,Mauta
3858,0125,2025-03-20 00:00:00,Novilla
3859,1052A,2025-03-20 00:00:00,Novilla
3860,24144,2025-03-20 00:00:00,Mauta
3861,24137,2025-03-20 00:00:00,Maute
3862,24143,2025-03-20 00:00:00,Maute
3863,24152,2025-03-20 00:00:00,Mauta
3864,25055,2025-03-20 00:00:00,Becerro
3865,25056,2025-03-20 00:00:00,Becerra
3866,24013,2024-08-23 00:00:00,Mauta
3867,24037,2024-08-23 00:00:00,Maute
3868,25057,2025-03-24 00:00:00,Becerro
3869,25058,2025-03-25 00:00:00,Becerra
3870,2022,2024-12-10 00:00:00,Toro Repro
3871,2027,2025-01-20 00:00:00,Toro Repro
3872,25059,2025-03-26 00:00:00,Becerro
3873,25060,2025-03-26 00:00:00,Becerra
3874,25061,2025-03-28 00:00:00,Becerra
3875,25062,2025-03-30 00:00:00,Becerro
3876,24029,2025-03-13 00:00:00,Maute
3877,25063,2025-03-31 00:00:00,Becerra
3878,25064,2025-03-31 00:00:00,Becerra
3879,25065,2025-04-01 00:00:00,Becerra
3880,25066,2025-04-02 00:00:00,Becerra
3881,25067,2025-04-03 00:00:00,Becerro
3882,25068,2025-04-04 00:00:00,Becerra
3883,2093,2025-04-02 00:00:00,Novilla
3884,2153,2025-04-02 00:00:00,Novilla
3885,22049,2025-04-02 00:00:00,Novilla
3886,22126,2025-04-02 00:00:00,Novilla
3887,22135,2025-04-02 00:00:00,Novilla
3888,22149,2025-04-02 00:00:00,Novilla
3889,BU076,2025-04-03 00:00:00,Buvilla
3890,BU318,2025-04-03 00:00:00,Buvilla
3891,BU312,2025-04-03 00:00:00,Buvilla
3892,BU356,2025-04-03 00:00:00,Baute
3893,BU358,2025-04-03 00:00:00,Bauta
3894,BU361,2025-04-03 00:00:00,Baute
3895,25069,2025-04-07 00:00:00,Becerro
3896,1091,2025-04-07 00:00:00,Vaca
3897,25070,2025-04-07 00:00:00,Becerro
3898,2061,2025-04-09 00:00:00,Vaca
3899,1096,2025-04-09 00:00:00,Vaca
3900,25071,2025-04-09 00:00:00,Becerra
3901,25072,2025-04-09 00:00:00,Becerra
3902,25073,2025-04-10 00:00:00,Becerro
3903,25074,2025-04-11 00:00:00,Becerro
3904,1100B,2025-04-11 00:00:00,Vaca
3905,25075,2025-04-15 00:00:00,Becerra
3906,1075,2025-04-16 00:00:00,Vaca
3907,25076,2025-04-16 00:00:00,Becerra
3908,2035A,2025-04-13 00:00:00,Vaca
3909,25077,2025-04-13 00:00:00,Becerra
3910,25078,2025-04-19 00:00:00,Becerro
3911,2042,2025-04-19 00:00:00,Vaca
3912,25079,2025-04-19 00:00:00,Becerro
3913,2034,2025-03-18 00:00:00,Vaca
3914,24149,2025-01-25 00:00:00,Mauta
3915,20,2025-04-22 00:00:00,Vaca
3916,25080,2025-04-15 00:00:00,Becerra
3917,25081,2025-04-22 00:00:00,Becerra
3918,25082,2025-04-23 00:00:00,Becerra
3919,25083,2025-04-24 00:00:00,Becerro
3920,25084,2025-04-24 00:00:00,Becerro
3921,25085,2025-04-24 00:00:00,Becerra
3922,25086,2025-04-24 00:00:00,Becerra
3923,24162,2025-04-20 00:00:00,Mauta
3924,24167,2025-04-20 00:00:00,Mauta
3925,0240,2025-04-28 00:00:00,Vaca
3926,0299A,2025-04-28 00:00:00,Vaca
3927,25087,2025-04-28 00:00:00,Becerro
3928,25088,2025-04-28 00:00:00,Becerro
3929,25089,2025-04-28 00:00:00,Becerra
3930,25090,2025-04-28 00:00:00,Becerra
3931,25091,2025-04-28 00:00:00,Becerro
3932,25092,2025-04-30 00:00:00,Becerra
3933,25093,2025-04-30 00:00:00,Becerro
3934,25094,2025-04-30 00:00:00,Becerra
3935,25095,2025-04-30 00:00:00,Becerro
3936,25096,2025-04-30 00:00:00,Becerro
3937,25097,2025-05-01 00:00:00,Becerro
3938,0350,2025-04-30 00:00:00,Vaca
3939,1132,2025-05-01 00:00:00,Vaca
3940,2146,2025-04-26 00:00:00,Vaca
3941,25098,2025-04-26 00:00:00,Becerro
3942,25099,2025-05-03 00:00:00,Becerra
3943,25100,2025-05-04 00:00:00,Becerra
3944,25101,2025-05-04 00:00:00,Becerra
3945,25102,2025-05-05 00:00:00,Becerra
3946,1015A,2025-05-05 00:00:00,Vaca
3947,25103,2025-05-06 00:00:00,Becerra
3948,10431,2025-05-06 00:00:00,Vaca
3949,25105,2025-05-11 00:00:00,Becerra
3950,1109B,2025-05-14 00:00:00,Vaca
3951,25104,2025-05-08 00:00:00,Becerra
3952,25106,2025-05-14 00:00:00,Becerra
3953,25107,2025-05-14 00:00:00,Becerro
3954,7090,2025-05-15 00:00:00,Toro Repro
3955,25108,2025-05-15 00:00:00,Becerra
3956,25109,2025-05-15 00:00:00,Becerro
3957,1104A,2025-05-11 00:00:00,Vaca
3958,25110,2025-05-14 00:00:00,Becerro
3959,24165,2025-05-16 00:00:00,Maute
3960,24130,2025-05-16 00:00:00,Maute
3961,24214,2025-05-16 00:00:00,Maute
3962,24151,2025-05-16 00:00:00,Maute
3963,2203,2025-05-17 00:00:00,Vaca
3964,0208A,2025-05-17 00:00:00,Vaca
3965,25111,2025-05-17 00:00:00,Becerro
3966,25112,2025-05-17 00:00:00,Becerra
3967,25113,2025-05-17 00:00:00,Becerro
3968,25114,2025-05-19 00:00:00,Becerro
3969,25115,2025-05-19 00:00:00,Becerro
3970,25116,2025-05-19 00:00:00,Becerro
3971,25117,2025-05-20 00:00:00,Becerro
3972,25118,2025-05-20 00:00:00,Becerra
3973,2200,2025-05-06 00:00:00,Novilla
3974,1064,2025-05-21 00:00:00,TORO
3975,25119,2025-05-20 00:00:00,Becerro
3976,25120,2025-05-20 00:00:00,Becerro
3977,25121,2025-05-20 00:00:00,Becerro
3978,25122,2025-05-24 00:00:00,Becerro
3979,25123,2025-05-24 00:00:00,Becerra
3980,25124,2025-05-25 00:00:00,Becerro
3981,25125,2025-05-29 00:00:00,Becerro
3982,25126,2025-05-29 00:00:00,Becerra
3983,25127,2025-05-30 00:00:00,Becerra
3984,24140,2025-05-06 00:00:00,Maute
3985,24177,2025-05-06 00:00:00,Maute
3987,25128,2025-05-30 00:00:00,Becerra
3988,25129,2025-06-02 00:00:00,Becerro
3989,25130,2025-06-03 00:00:00,Becerro
3990,J25132,2025-06-04 00:00:00,Becerro
3991,25133,2025-06-05 00:00:00,Becerro
3992,25134,2025-06-05 00:00:00,Becerro
3993,25135,2025-06-08 00:00:00,Becerro
3994,j425,2025-06-04 00:00:00,Vaca
3995,25131,2025-06-03 00:00:00,Becerro
3996,24170,2025-06-08 00:00:00,Maute
3997,24179,2025-06-08 00:00:00,Mauta
3998,24187,2025-06-08 00:00:00,Mauta
3999,24189,2025-06-08 00:00:00,Maute
4000,24191,2025-06-08 00:00:00,Maute
4001,24193,2025-06-08 00:00:00,Maute
4002,24194,2025-06-08 00:00:00,Maute
4003,24195,2025-06-08 00:00:00,Maute
4004,24196,2025-06-08 00:00:00,Maute
4005,24197,2025-06-08 00:00:00,Maute
4006,24198,2025-06-08 00:00:00,Maute
4007,24201,2025-06-08 00:00:00,Mauta
4008,24203,2025-06-08 00:00:00,Maute
4009,24206,2025-06-08 00:00:00,Maute
4010,24207,2025-06-08 00:00:00,Maute
4011,24210,2025-06-08 00:00:00,Mauta
4012,24211,2025-06-08 00:00:00,Maute
4013,24212,2025-06-08 00:00:00,Mauta
4014,24217,2025-06-08 00:00:00,Maute
4015,24224,2025-06-08 00:00:00,Mauta
4016,24231,2025-06-08 00:00:00,Mauta
4017,24238,2025-06-08 00:00:00,Maute
4018,25136,2025-06-09 00:00:00,Becerra
4019,25137,2025-06-12 00:00:00,Becerro
4020,25138,2025-06-14 00:00:00,Becerra
4021,25139,2025-06-16 00:00:00,Becerro
4022,2018,2025-06-18 00:00:00,Vaca
4023,25140,2025-06-18 00:00:00,Becerro
4024,25141,2025-06-18 00:00:00,Becerra
4025,24148,2025-06-06 00:00:00,Mauta
4026,24186,2025-06-06 00:00:00,Mauta
4027,24204,2025-06-06 00:00:00,Maute
4028,24221,2025-06-06 00:00:00,Mauta
4029,21391,2025-06-20 00:00:00,Novilla
4030,22144,2025-06-20 00:00:00,Novilla
4031,2140,2025-06-20 00:00:00,Novilla
4032,2137,2025-06-20 00:00:00,Novilla
4033,22161,2025-06-20 00:00:00,Novilla
4034,22131,2025-06-20 00:00:00,Novilla
4035,1102,2025-06-20 00:00:00,Novilla
4036,1100A,2025-06-20 00:00:00,Novilla
4037,1032,2025-06-20 00:00:00,Novilla
4038,2014,2025-06-20 00:00:00,Novilla
4039,1045,2025-06-20 00:00:00,Novilla
4040,1097B,2025-06-20 00:00:00,Novilla
4041,22177,2025-06-20 00:00:00,Novilla
4042,2095,2025-06-20 00:00:00,Novilla
4043,22098,2025-06-20 00:00:00,Novilla
4044,2102,2025-06-20 00:00:00,Novilla
4045,2059,2025-06-20 00:00:00,Novilla
4046,22116,2025-06-20 00:00:00,Novilla
4047,22119,2025-06-20 00:00:00,Novilla
4048,2141,2025-06-20 00:00:00,Novilla
4049,22085,2025-06-20 00:00:00,Novilla
4050,2143A,2025-06-20 00:00:00,Novilla
4051,22151,2025-06-20 00:00:00,Novilla
4052,2145,2025-06-20 00:00:00,Novilla
4053,22142,2025-06-20 00:00:00,Novilla
4054,22117,2025-06-20 00:00:00,Novilla
4055,22160,2025-06-20 00:00:00,Novilla
4056,2162,2025-06-20 00:00:00,Novilla
4057,22112,2025-06-20 00:00:00,Novilla
4058,1074,2025-06-20 00:00:00,Novilla
4059,2064,2025-06-20 00:00:00,Novilla
4060,1073,2025-06-20 00:00:00,Novilla
4061,2202,2025-06-20 00:00:00,Novilla
4062,2016,2025-06-20 00:00:00,Novilla
4063,2088B,2025-06-20 00:00:00,Novilla
4064,22180,2025-06-20 00:00:00,Novilla
4065,22198,2025-06-20 00:00:00,Novilla
4066,2110,2025-06-20 00:00:00,Novilla
4067,2215,2025-06-20 00:00:00,Novilla
4068,2107,2025-06-20 00:00:00,Novilla
4069,2026,2025-06-20 00:00:00,Novilla
4070,20971,2025-06-20 00:00:00,Novilla
4071,2011,2025-06-20 00:00:00,Novilla
4072,2096A,2025-06-20 00:00:00,Novilla
4073,2218,2025-06-20 00:00:00,Novilla
4074,23033,2025-06-20 00:00:00,Novilla
4075,23037,2025-06-20 00:00:00,Novilla
4076,22171,2025-06-20 00:00:00,Novilla
4077,22139,2025-06-20 00:00:00,Novilla
4078,22216,2025-06-20 00:00:00,Novilla
4079,25142,2025-06-20 00:00:00,Becerra
4080,25143,2025-06-20 00:00:00,Becerro
4081,25144,2025-06-20 00:00:00,Becerro
4082,25145,2025-06-19 00:00:00,Becerra
4083,25146,2025-06-21 00:00:00,Becerra
4084,J25147,2025-06-21 00:00:00,Becerra
4085,J420,2025-06-21 00:00:00,Vaca
4086,1053A,2025-06-21 00:00:00,Vaca
4087,80841,2025-05-30 00:00:00,Vaca
4088,25148,2025-06-25 00:00:00,Becerro
4089,1063,2025-06-30 00:00:00,Vaca
4090,25149,2025-06-30 00:00:00,Becerro
4091,25150,2025-06-30 00:00:00,Becerra
4092,pend49,2025-03-15 00:00:00,Becerro
4093,pend50,2025-06-13 00:00:00,Becerro
4094,25151,2025-06-08 00:00:00,Becerro
4095,25152,2025-04-15 00:00:00,Becerro
4096,25153,2025-07-01 00:00:00,Becerra
4097,25154,2025-07-02 00:00:00,Becerro
4098,25155,2025-07-02 00:00:00,Becerra
4099,2201,2025-07-02 00:00:00,Vaca
4100,pend37,2025-07-02 00:00:00,Vaca
4101,pend45,2025-07-02 00:00:00,Maute
4102,25156,2025-07-04 00:00:00,Becerra
4103,BU2502,2025-07-03 00:00:00,Bucerra ord
4104,BU360,2025-05-12 00:00:00,Baute
4105,BU365,2025-05-12 00:00:00,Baute
4106,BU357,2025-05-14 00:00:00,Bauta
4107,BU368,2025-05-15 00:00:00,Bauta
4108,BU374,2025-05-20 00:00:00,Baute
4109,25160,2025-05-30 00:00:00,Becerro
4110,25157,2025-07-06 00:00:00,Becerro
4111,25158,2025-07-08 00:00:00,Becerra
4112,25159,2025-07-08 00:00:00,Becerra
4113,BU2503,2025-07-05 00:00:00,Bucerra ord
4114,BU048,2025-07-09 00:00:00,Bufala
4115,BU2504,2025-07-09 00:00:00,Bucerra ord
4116,25162,2025-07-14 00:00:00,Becerra
4117,25163,2025-07-14 00:00:00,Becerra
4118,1102,2025-07-10 00:00:00,Vaca
4119,25161,2025-07-10 00:00:00,Becerra
4120,2014,2025-07-08 00:00:00,Vaca
4121,BU2505,2025-07-15 00:00:00,Bucerro ord
4122,4501,2025-07-17 00:00:00,Maute
4123,24171,2025-07-17 00:00:00,Mauta
4124,24307,2025-07-17 00:00:00,Maute
4125,24306,2025-07-17 00:00:00,Maute
4126,24308,2025-07-17 00:00:00,Maute
4127,24209,2025-07-18 00:00:00,Maute
4128,24188,2025-07-18 00:00:00,Maute
4129,24237,2025-07-18 00:00:00,Mauta
4130,24222,2025-07-18 00:00:00,Maute
4131,24185,2025-07-18 00:00:00,Maute
4132,24232,2025-07-18 00:00:00,Mauta
4133,24168,2025-07-18 00:00:00,Mauta
4134,24213,2025-07-18 00:00:00,Mauta
4135,24219,2025-07-18 00:00:00,Maute
4136,BU2506,2025-07-18 00:00:00,Bucerro ord
4137,BU2507,2025-07-18 00:00:00,Bucerra ord
4138,BU2508,2025-07-19 00:00:00,Bucerro ord
4139,25164,2025-07-19 00:00:00,Becerro
4140,BU082,2025-07-18 00:00:00,Bufala
4141,099,2025-07-20 00:00:00,TORO
4142,BU370,2025-07-21 00:00:00,Baute
4143,BU2509,2025-07-20 00:00:00,Bucerra ord
4144,BU2510,2025-07-20 00:00:00,Bucerra ord
4145,BU2511,2025-07-22 00:00:00,Bucerra ord
4146,0297,2025-07-22 00:00:00,Vaca
4147,25165,2025-07-22 00:00:00,Becerro
4148,25166,2025-07-22 00:00:00,Becerro
4149,1097B,2025-07-19 00:00:00,Vaca
4150,BU375,2025-07-04 00:00:00,Baute
4151,BU376,2025-06-29 00:00:00,Bauta
4152,BU377,2025-06-26 00:00:00,Bauta
4153,BU371,2025-06-15 00:00:00,Baute
4154,BU363,2025-04-19 00:00:00,Bauta
4155,22186,2025-07-22 00:00:00,Novilla
4156,22191,2025-07-22 00:00:00,Novilla
4157,24235,2025-07-24 00:00:00,Maute
4158,24234,2025-07-24 00:00:00,Maute
4159,24230,2025-07-24 00:00:00,Mauta
4160,24229,2025-07-24 00:00:00,Maute
4161,24287,2025-07-24 00:00:00,Mauta
4162,25167,2025-07-25 00:00:00,Becerra
4163,25168,2025-07-26 00:00:00,Becerra
4164,25169,2025-07-27 00:00:00,Becerra
4165,25170,2025-07-27 00:00:00,Becerra
4166,2095,2025-07-27 00:00:00,Vaca
4167,BU324,2025-07-23 00:00:00,Bufala
4168,BU2512,2025-07-23 00:00:00,Bucerra ord
4169,BU2513,2025-07-28 00:00:00,Bucerra ord
4170,BU2514,2025-07-29 00:00:00,Bucerro ord
4171,24205,2025-05-29 00:00:00,Maute
4172,BU2515,2025-07-30 00:00:00,Bucerra ord
4173,25171,2025-08-02 00:00:00,Becerra
4174,24174,2025-08-04 00:00:00,Mauta
4175,24078,2025-08-04 00:00:00,Mauta
4176,BU2516,2025-08-03 00:00:00,Bucerra ord
4177,BU2517,2025-08-06 00:00:00,Bucerra ord
4178,25179,2025-08-13 00:00:00,Becerra
4179,2064,2025-08-12 00:00:00,Vaca
4180,0252,2025-08-13 00:00:00,Vaca
4181,4101,2025-08-13 00:00:00,Vaca
4182,25172,2025-08-09 00:00:00,Becerra
4183,25173,2025-08-10 00:00:00,Becerro
4184,25174,2025-08-10 00:00:00,Becerro
4185,25175,2025-08-11 00:00:00,Becerro
4186,25176,2025-08-12 00:00:00,Becerro
4187,25177,2025-08-13 00:00:00,Becerra
4188,25178,2025-08-13 00:00:00,Becerro
4189,24259,2025-08-07 00:00:00,Mauta
4190,24220,2025-08-07 00:00:00,Maute
4191,24172,2025-08-07 00:00:00,Maute
4192,24202,2025-08-07 00:00:00,Maute
4193,2111,2025-08-16 00:00:00,Vaca
4194,25180,2025-08-16 00:00:00,Becerra
4195,25181,2025-08-16 00:00:00,Becerra
4196,BU2518,2025-08-18 00:00:00,Bucerro ord
4197,25182,2025-08-20 00:00:00,Becerro
4198,2108,2025-08-21 00:00:00,Vaca
4199,25183,2025-08-20 00:00:00,Becerra
4200,25184,2025-08-21 00:00:00,Becerra
4201,25185,2025-08-22 00:00:00,Becerra
4202,25186,2025-08-24 00:00:00,Becerro
4203,25187,2025-08-24 00:00:00,Becerro
4204,25188,2025-08-24 00:00:00,Becerro
4205,BU076,2025-08-20 00:00:00,Bufala
4206,BU2519,2025-08-20 00:00:00,Bucerra ord
4207,25189,2025-08-25 00:00:00,Becerro
4208,20001,2025-08-28 00:00:00,Vaca
4209,25190,2025-08-27 00:00:00,Becerro
4210,25191,2025-08-27 00:00:00,Becerro
4211,25192,2025-08-27 00:00:00,Becerra
4212,25193,2025-08-27 00:00:00,Becerro
4213,25194,2025-08-27 00:00:00,Becerro
4214,24170,2025-08-26 00:00:00,Maute
4215,24239,2025-08-26 00:00:00,Mauta
4216,24216,2025-08-26 00:00:00,Mauta
4217,24262,2025-08-26 00:00:00,Maute
4218,24261,2025-08-26 00:00:00,Maute
4219,24244,2025-08-29 00:00:00,Mauta
4220,25195,2025-09-02 00:00:00,Becerra
4221,25196,2025-09-02 00:00:00,Becerra
4222,24012,2025-09-02 00:00:00,Mauta
4223,25197,2025-09-02 00:00:00,Becerra
4224,25198,2025-09-02 00:00:00,Becerra
4225,BU2520,2025-09-02 00:00:00,Bucerro ord
4226,BU2521,2025-09-02 00:00:00,Bucerra ord
4227,2059,2025-09-02 00:00:00,Vaca
4228,25199,2025-09-02 00:00:00,Becerra
4229,0306P,2024-09-15 00:00:00,Becerro
4230,25200,2025-09-07 00:00:00,Becerra
4231,25201,2025-09-07 00:00:00,Becerro
4232,25202,2025-09-07 00:00:00,Becerra
4233,BU2522,2025-08-20 00:00:00,Bucerra ord
4234,2002,2025-09-05 00:00:00,Novilla
4235,2107,2025-08-11 00:00:00,Vaca
4236,BU362,2025-09-18 00:00:00,Baute
4237,2030,2025-09-10 00:00:00,Vaca
4238,22172,2025-09-10 00:00:00,Vaca
4239,25203,2025-09-10 00:00:00,Becerra
4240,25204,2025-09-10 00:00:00,Becerro
4241,25205,2025-09-10 00:00:00,Becerro
4242,25206,2025-09-10 00:00:00,Becerro
4246,24243,2025-09-12 00:00:00,Maute
4247,24291,2025-09-12 00:00:00,Maute
4248,BU318,2025-09-14 00:00:00,Bufala
4249,BU2523,2025-09-10 00:00:00,Bucerra ord
4250,25207,2025-09-10 00:00:00,Becerra
4251,25208,2025-09-13 00:00:00,Becerra
4252,25210,2025-09-13 00:00:00,Becerro
4253,25211,2025-09-13 00:00:00,Becerra
4254,25212,2025-09-14 00:00:00,Becerra
4255,25213,2025-09-14 00:00:00,Becerro
4256,25214,2025-09-10 00:00:00,Becerro
4257,25209,2025-09-13 00:00:00,Becerro
4258,25215,2025-09-16 00:00:00,Becerra
4259,25216,2025-09-16 00:00:00,Becerro
4260,25217,2025-09-16 00:00:00,Becerra
4261,25218,2025-09-16 00:00:00,Becerra
4262,25219,2025-09-16 00:00:00,Becerro
4263,25220,2025-09-17 00:00:00,Becerro
4264,25221,2025-09-21 00:00:00,Becerro
4265,25223,2025-09-22 00:00:00,Becerro
4267,25224,2025-09-24 00:00:00,Becerra
4268,25222,2025-09-22 00:00:00,Becerro
4269,25224,2025-09-24 00:00:00,Becerra
4270,25225,2025-09-25 00:00:00,Becerra
4271,25226,2025-09-25 00:00:00,Becerro
4272,2063B,2025-09-26 00:00:00,Vaca
4273,25227,2025-09-26 00:00:00,Becerro
4274,25228,2025-09-27 00:00:00,Becerro
4275,2153,2025-09-27 00:00:00,Vaca
4276,25230,2025-09-27 00:00:00,Becerra
4277,25229,2025-09-27 00:00:00,Becerra
4278,24206B,2024-08-15 00:00:00,Becerro
4279,25231,2025-09-29 00:00:00,Becerra
4280,1032,2025-09-30 00:00:00,Vaca
4281,25232,2025-09-30 00:00:00,Becerro
4282,25233,2025-10-03 00:00:00,Becerra
4283,2048,2025-10-06 00:00:00,Vaca
4284,BU312,2025-10-03 00:00:00,Bufala
4285,25234,2025-10-06 00:00:00,Becerra
4286,25235,2025-10-06 00:00:00,Becerra
4287,BU2524,2025-09-25 00:00:00,Bucerro ord
4288,BU2525,2025-09-26 00:00:00,Bucerro ord
4289,BU2526,2025-10-03 00:00:00,Bucerra ord
4290,25236,2025-09-28 00:00:00,Becerro
4291,25237,2025-10-07 00:00:00,Becerro
4292,24200,2025-08-26 00:00:00,Maute
4293,24275,2025-08-26 00:00:00,Mauta
4294,24246,2025-10-10 00:00:00,Maute
4295,24273,2025-10-10 00:00:00,Maute
4296,24298,2025-10-10 00:00:00,Mauta
4297,25039,2025-10-10 00:00:00,Maute
4298,24260,2025-10-10 00:00:00,Maute
4299,24255,2025-10-10 00:00:00,Maute
4300,24256,2025-10-10 00:00:00,Maute
4301,25009,2025-10-10 00:00:00,Mauta
4302,24292,2025-10-10 00:00:00,Maute
4303,25238,2025-01-10 00:00:00,Becerra
4304,25239,2025-01-10 00:00:00,Becerro
4305,24252,2025-10-13 00:00:00,Mauta
4306,24270,2025-10-13 00:00:00,Maute
4307,24277,2025-10-13 00:00:00,Mauta
4308,24278,2025-10-13 00:00:00,Mauta
4309,24283,2025-10-13 00:00:00,Mauta
4310,24284,2025-10-13 00:00:00,Mauta
4311,24285,2025-10-13 00:00:00,Maute
4312,24286,2025-10-13 00:00:00,Mauta
4313,24290,2025-10-13 00:00:00,Maute
4314,24297,2025-10-13 00:00:00,Mauta
4315,24300,2025-10-13 00:00:00,Maute
4316,25001,2025-10-13 00:00:00,Maute
4317,25023,2025-10-13 00:00:00,Mauta
4318,25240,2025-10-14 00:00:00,Becerra
4319,25241,2025-10-14 00:00:00,Becerra
4320,25242,2025-10-15 00:00:00,Becerro
4321,25243,2025-10-15 00:00:00,Becerra
4322,BU2527,2025-10-14 00:00:00,Bucerro ord
4323,J422,2025-10-16 00:00:00,Vaca
4324,25244,2025-10-16 00:00:00,Becerra
4325,25245,2025-10-16 00:00:00,Becerra
4326,25246,2025-10-16 00:00:00,Becerro
4327,25247,2025-10-19 00:00:00,Becerro
4328,25248,2025-10-19 00:00:00,Becerra
4329,25249,2025-10-21 00:00:00,Becerro
4330,24269,2025-10-21 00:00:00,Maute
4331,25026,2025-10-21 00:00:00,Maute
4332,24289,2025-10-21 00:00:00,Mauta
4333,25035,2025-10-21 00:00:00,Mauta
4334,25021,2025-10-21 00:00:00,Mauta
4335,25028,2025-10-21 00:00:00,Maute
4336,25017,2025-10-21 00:00:00,Maute
4337,24272,2025-10-21 00:00:00,Mauta
4338,2103,2025-10-24 00:00:00,Vaca
4339,25250,2025-10-24 00:00:00,Becerro
4340,24248,2025-10-27 00:00:00,Mauta
4341,24282,2025-10-27 00:00:00,Mauta
4342,25024,2025-10-27 00:00:00,Mauta
4343,25045,2025-10-27 00:00:00,Mauta
4344,24251,2025-10-23 00:00:00,Mauta
4345,24184,2025-10-29 00:00:00,Maute
4346,24218,2025-10-29 00:00:00,Mauta
4347,24233,2025-10-29 00:00:00,Maute
4348,24240,2025-10-29 00:00:00,Maute
4349,24242,2025-10-29 00:00:00,Mauta
4350,24247,2025-10-29 00:00:00,Mauta
4351,24249,2025-10-29 00:00:00,Mauta
4352,24264,2025-10-29 00:00:00,Mauta
4353,24268,2025-10-29 00:00:00,Mauta
4354,24271,2025-10-29 00:00:00,Maute
4355,24274,2025-10-29 00:00:00,Maute
4356,24276,2025-10-29 00:00:00,Maute
4357,24279,2025-10-29 00:00:00,Mauta
4358,24280,2025-10-29 00:00:00,Maute
4359,24288,2025-10-29 00:00:00,Mauta
4360,24299,2025-10-29 00:00:00,Maute
4361,24302,2025-10-29 00:00:00,Mauta
4362,24303,2025-10-29 00:00:00,Maute
4363,25003,2025-10-29 00:00:00,Maute
4364,25006,2025-10-29 00:00:00,Mauta
4365,25010,2025-10-29 00:00:00,Mauta
4366,25011,2025-10-29 00:00:00,Mauta
4367,25013,2025-10-29 00:00:00,Maute
4368,25015,2025-10-29 00:00:00,Maute
4369,25016,2025-10-29 00:00:00,Mauta
4370,25025,2025-10-29 00:00:00,Mauta
4371,25029,2025-10-29 00:00:00,Mauta
4372,25032,2025-10-29 00:00:00,Mauta
4373,25033,2025-10-29 00:00:00,Maute
4374,25037,2025-10-29 00:00:00,Mauta
4375,25038,2025-10-29 00:00:00,Maute
4376,25041,2025-10-29 00:00:00,Mauta
4377,25042,2025-10-29 00:00:00,Maute
4378,25043,2025-10-29 00:00:00,Maute
4379,25044,2025-10-29 00:00:00,Maute
4380,25051,2025-10-29 00:00:00,Maute
4381,25080,2025-10-29 00:00:00,Mauta
4382,pend49,2025-10-29 00:00:00,Maute
4383,25251,2025-10-26 00:00:00,Becerro
4384,25252,2025-10-26 00:00:00,Becerra
4385,25253,2025-10-29 00:00:00,Becerra
4386,25254,2025-10-29 00:00:00,Becerra
4387,25255,2025-10-29 00:00:00,Becerra
4388,25256,2025-10-29 00:00:00,Becerro
4389,25257,2025-10-29 00:00:00,Becerro
4390,25258,2025-10-30 00:00:00,Becerra
4391,25259,2025-10-30 00:00:00,Becerra
4392,25260,2025-10-30 00:00:00,Becerra
4393,25261,2025-10-31 00:00:00,Becerro
4394,25262,2025-10-31 00:00:00,Becerra
4395,25263,2025-10-31 00:00:00,Becerro
4396,BU2528,2025-10-29 00:00:00,Bucerra ord
4397,2007,2025-10-30 00:00:00,Vaca
4398,25264,2025-11-02 00:00:00,Becerro
4399,BU2529,2025-11-03 00:00:00,Bucerra ord
4400,BU073,2025-10-28 00:00:00,BUTOROREP
4401,BU2530,2025-11-05 00:00:00,Bucerra ord
4402,25014,2025-10-28 00:00:00,Maute
4403,25069,2025-10-30 00:00:00,Maute
4404,25265,2025-11-06 00:00:00,Becerro
4405,25266,2025-11-06 00:00:00,Becerra
4406,25267,2025-11-06 00:00:00,Becerro
4407,25268,2025-11-06 00:00:00,Becerro
4408,25269,2025-11-09 00:00:00,Becerra
4409,2052,2025-10-29 00:00:00,Vaca
4410,25065,2025-11-11 00:00:00,Mauta
4411,25064,2025-11-11 00:00:00,Mauta
4412,25270,2025-11-11 00:00:00,Becerra
4413,25271,2025-11-11 00:00:00,Becerra
4414,25272,2025-11-11 00:00:00,Becerro
4415,25273,2025-09-20 00:00:00,Becerra
4416,BU2531,2025-11-11 00:00:00,Bucerro ord
4417,BU2532,2025-11-12 00:00:00,Bucerra ord
4418,1045,2025-11-11 00:00:00,Vaca
4419,25274,2025-11-11 00:00:00,Becerro
4420,25275,2025-11-14 00:00:00,Becerro
4421,25276,2025-11-14 00:00:00,Becerro
4422,25277,2025-11-18 00:00:00,Becerro
4423,25278,2025-11-19 00:00:00,Becerra
4424,25279,2025-11-19 00:00:00,Becerro
4425,25280,2025-11-20 00:00:00,Becerro
4426,25281,2025-11-20 00:00:00,Becerro
4427,25282,2025-11-20 00:00:00,Becerra
4428,25283,2025-11-21 00:00:00,Becerra
4429,25284,2025-11-21 00:00:00,Becerra
4430,25285,2025-11-22 00:00:00,Becerra
4431,25286,2025-11-24 00:00:00,Becerro
4432,22135,2025-11-22 00:00:00,Vaca
4433,25287,2025-11-12 00:00:00,Becerra
4434,22105,2025-11-25 00:00:00,Novilla
4435,22193,2025-11-25 00:00:00,Novilla
4436,BU085,2025-11-27 00:00:00,BUTOROREP
4437,2036,2025-11-24 00:00:00,Vaca
4438,25288,2025-11-24 00:00:00,Becerro
4439,25289,2025-11-24 00:00:00,Becerra
4440,25290,2025-11-24 00:00:00,Becerra
4441,25291,2025-11-24 00:00:00,Becerro
4442,22144,2025-11-28 00:00:00,Vaca
4443,25292,2025-11-28 00:00:00,Becerra
4444,25293,2025-11-28 00:00:00,Becerro
4445,BU353,2025-12-05 00:00:00,Bauta
4446,BU354,2025-12-05 00:00:00,Bauta
4447,BU355,2025-12-05 00:00:00,Baute
4448,BU359,2025-12-05 00:00:00,Baute
4449,BU378,2025-12-05 00:00:00,Baute
4450,BU379,2025-12-05 00:00:00,Baute
4451,2093,2025-12-05 00:00:00,Vaca
4452,2137,2025-12-08 00:00:00,Vaca
4453,2024,2025-12-08 00:00:00,Vaca
4454,25294,2025-12-03 00:00:00,Becerro
4455,25295,2025-12-05 00:00:00,Becerra
4456,25296,2025-12-08 00:00:00,Becerro
4457,25297,2025-12-08 00:00:00,Becerro
4458,25298,2025-12-08 00:00:00,Becerra
4459,25299,2025-12-08 00:00:00,Becerro
4460,25300,2025-12-08 00:00:00,Becerro
4461,1018,2025-08-02 00:00:00,TORO
4462,25030,2025-12-11 00:00:00,Maute
4463,25034,2025-12-11 00:00:00,Maute
4464,25040,2025-12-11 00:00:00,Maute
4465,25020,2025-12-11 00:00:00,Mauta
4466,25068,2025-12-11 00:00:00,Mauta
4467,25039,2025-12-11 00:00:00,Maute
4468,25012,2025-12-11 00:00:00,Mauta
4469,25005,2025-12-11 00:00:00,Mauta
4471,25036,2025-12-11 00:00:00,Maute
4472,25066,2025-12-11 00:00:00,Mauta
4473,J25001,2025-12-11 00:00:00,Maute
4474,J25031,2025-12-11 00:00:00,Maute
4475,25301,2025-12-11 00:00:00,Becerro
4476,25302,2025-12-11 00:00:00,Becerra
4477,25303,2025-12-11 00:00:00,Becerro
4478,25304,2025-12-11 00:00:00,Becerro
4479,25305,2025-12-11 00:00:00,Becerro
4480,0348,2025-12-11 00:00:00,Vaca
4481,25119,2025-10-27 00:00:00,Maute
4482,1100A,2025-12-14 00:00:00,Vaca
4483,25306,2025-12-14 00:00:00,Becerro
4484,25307,2025-12-15 00:00:00,Becerro
4485,25308,2025-12-15 00:00:00,Becerro
4486,25309,2025-12-15 00:00:00,Becerra
4487,25310,2025-12-15 00:00:00,Becerra
4488,25311,2025-12-15 00:00:00,Becerro
4489,2140,2025-12-15 00:00:00,Vaca
4490,pend24,2025-11-11 00:00:00,Novilla
4491,25313,2025-12-29 00:00:00,Becerro
4492,25314,2025-12-29 00:00:00,Becerro
4493,25315,2025-12-29 00:00:00,Becerro
4494,25316,2025-12-29 00:00:00,Becerro
4495,25317,2025-12-29 00:00:00,Becerra
4496,BU2533,2025-12-31 00:00:00,Bucerro ord
4497,22161,2025-12-29 00:00:00,Vaca
4498,21391,2025-12-29 00:00:00,Vaca
4499,2102,2025-12-29 00:00:00,Vaca
4500,25312,2025-12-02 00:00:00,Becerra
4501,26001,2026-01-02 00:00:00,Becerro
4502,26002,2026-01-02 00:00:00,Becerra
4503,26003,2026-01-02 00:00:00,Becerra
4504,26004,2026-01-04 00:00:00,Becerro
4505,22098,2026-01-02 00:00:00,Vaca
4506,22171,2026-01-04 00:00:00,Vaca
4508,26006,2026-01-05 00:00:00,Becerra
4509,26007,2026-01-06 00:00:00,Becerra
4510,26008,2026-01-06 00:00:00,Becerro
4511,26009,2026-01-06 00:00:00,Becerra
4512,26005,2026-01-05 00:00:00,Becerro
4513,26010,2026-01-06 00:00:00,Becerro
4514,26011,2026-01-06 00:00:00,Becerro
4515,26012,2026-01-06 00:00:00,Becerra
4516,26013,2026-01-06 00:00:00,Becerra
4517,26014,2026-01-07 00:00:00,Becerra
4518,25318,2025-12-23 00:00:00,Becerra
4519,25319,2025-12-27 00:00:00,Becerro
4520,26015,2026-01-04 00:00:00,Becerra
4521,26016,2026-01-08 00:00:00,Becerro
4522,26017,2026-01-08 00:00:00,Becerro
4523,26018,2026-01-15 00:00:00,Becerro
4524,26019,2026-01-15 00:00:00,Becerra
4525,26020,2026-01-17 00:00:00,Becerro
4526,26021,2026-01-17 00:00:00,Becerra
4527,26022,2026-01-17 00:00:00,Becerra
4528,1052A,2026-01-15 00:00:00,Vaca
4529,25145,2026-01-15 00:00:00,Mauta
4530,22049,2026-01-19 00:00:00,Vaca
4531,26023,2026-01-19 00:00:00,Becerra
4532,BU373,2026-01-20 00:00:00,Baute
4533,26024,2026-01-17 00:00:00,Becerra
4534,26025,2026-01-18 00:00:00,Becerra
4535,26026,2026-01-18 00:00:00,Becerra
4536,26027,2026-01-18 00:00:00,Becerro
4537,26028,2026-01-20 00:00:00,Becerro
4538,26029,2026-01-20 00:00:00,Becerro
4539,26030,2026-01-20 00:00:00,Becerra
4540,22186,2026-01-20 00:00:00,Vaca
4541,26031,2026-01-25 00:00:00,Becerro
4542,26032,2026-01-26 00:00:00,Becerra
4543,26033,2026-01-27 00:00:00,Becerro
4544,26034,2026-01-28 00:00:00,Becerro
4545,26035,2026-01-29 00:00:00,Becerro
4546,26036,2026-01-29 00:00:00,Becerro
4547,26037,2026-01-29 00:00:00,Becerro
4548,26038,2026-01-29 00:00:00,Becerra
4549,1073,2026-01-29 00:00:00,Vaca
4550,26039,2026-01-28 00:00:00,Becerro
4551,2109,2026-02-02 00:00:00,Vaca
4552,26040,2026-02-02 00:00:00,Becerro
4553,23221,2025-08-15 00:00:00,Maute
4554,25061,2025-11-12 00:00:00,Mauta
4555,22189,2026-02-04 00:00:00,Novilla
4556,23001,2026-02-04 00:00:00,Novilla
4557,23006,2026-02-04 00:00:00,Novilla
4558,23016,2026-02-04 00:00:00,Novilla
4559,23017,2026-02-04 00:00:00,Novilla
4560,23022,2026-02-04 00:00:00,Novilla
4561,23036,2026-02-04 00:00:00,Novilla
4562,26041,2026-02-04 00:00:00,Becerra
4563,26042,2026-02-04 00:00:00,Becerra
4564,26043,2026-02-04 00:00:00,Becerra
4565,26044,2026-02-06 00:00:00,Becerra
4566,26045,2026-02-05 00:00:00,Becerra
4567,26046,2026-02-06 00:00:00,Becerra
4568,26047,2026-02-06 00:00:00,Becerro
4569,26048,2026-02-06 00:00:00,Becerra
4570,2162,2026-02-06 00:00:00,Vaca
4571,2215,2026-02-05 00:00:00,Vaca
4572,22195,2026-02-09 00:00:00,Novilla
4573,23094,2026-02-09 00:00:00,Novilla
4574,24016,2026-02-09 00:00:00,Novilla
4575,J4010,2026-02-09 00:00:00,Novilla
4576,J408,2026-02-09 00:00:00,Novilla
4577,J409,2026-02-09 00:00:00,Novilla
4578,25060,2026-02-09 00:00:00,Mauta
4579,25109,2026-02-09 00:00:00,Maute
4580,25052,2026-02-09 00:00:00,Maute
4581,25053,2026-02-09 00:00:00,Mauta
4582,25054,2026-02-09 00:00:00,Mauta
4583,25055,2026-02-09 00:00:00,Maute
4584,25056,2026-02-09 00:00:00,Mauta
4585,25062,2026-02-09 00:00:00,Maute
4586,25067,2026-02-09 00:00:00,Maute
4587,25070,2026-02-09 00:00:00,Maute
4588,25075,2026-02-09 00:00:00,Mauta
4589,25076,2026-02-09 00:00:00,Mauta
4590,25088,2026-02-09 00:00:00,Maute
4591,25099,2026-02-09 00:00:00,Mauta
4592,25114,2026-02-09 00:00:00,Maute
4593,25116,2026-02-09 00:00:00,Maute
4594,25022,2026-02-09 00:00:00,Maute
4595,J25049,2026-02-09 00:00:00,Mauta
4596,J25002,2026-02-09 00:00:00,Mauta
4597,25027,2026-02-04 00:00:00,Maute
4598,25058,2026-02-04 00:00:00,Mauta
4599,25306,2026-02-04 00:00:00,Maute
4600,25074,2026-02-04 00:00:00,Maute
4601,25100,2026-01-15 00:00:00,Mauta
4602,25121,2026-01-15 00:00:00,Maute
4626,25063,2026-02-11 00:00:00,Mauta
4627,25071,2026-02-11 00:00:00,Mauta
4628,25078,2026-02-11 00:00:00,Maute
4629,25084,2026-02-11 00:00:00,Maute
4630,25086,2026-02-11 00:00:00,Mauta
4631,25093,2026-02-11 00:00:00,Maute
4632,25096,2026-02-11 00:00:00,Maute
4633,25097,2026-02-11 00:00:00,Maute
4634,25104,2026-02-11 00:00:00,Mauta
4635,25118,2026-02-11 00:00:00,Mauta
4636,25120,2026-02-11 00:00:00,Maute
4637,25122,2026-02-11 00:00:00,Mauta
4638,25125,2026-02-11 00:00:00,Maute
4639,25137,2026-02-11 00:00:00,Maute
4640,25138,2026-02-11 00:00:00,Mauta
4641,25140,2026-02-11 00:00:00,Maute
4642,25149,2026-02-11 00:00:00,Maute
4643,25151,2026-02-11 00:00:00,Maute
4644,25152,2026-02-11 00:00:00,Maute
4645,25100,2026-02-11 00:00:00,Mauta
4646,25091,2026-02-11 00:00:00,Maute
4647,25121,2026-02-11 00:00:00,Maute
4648,25142,2026-02-13 00:00:00,Mauta
4649,2011,2026-02-10 00:00:00,Vaca
4650,1103,2026-02-10 00:00:00,Vaca
4651,22177,2026-02-10 00:00:00,Vaca
4652,22119,2026-02-10 00:00:00,Vaca
4653,26049,2026-02-10 00:00:00,Becerro
4654,26050,2026-02-10 00:00:00,Becerra
4655,26051,2026-02-10 00:00:00,Becerra
4656,26052,2026-02-10 00:00:00,Becerra
4657,BU78,2026-02-06 00:00:00,Buvilla
4658,2087,2026-02-14 00:00:00,Vaca
4659,2110,2026-02-14 00:00:00,Vaca
4660,22160,2026-02-14 00:00:00,Vaca
4661,2141,2026-02-14 00:00:00,Vaca
4662,26053,2026-02-14 00:00:00,Becerro
4663,26054,2026-02-14 00:00:00,Becerra
4664,26055,2026-02-14 00:00:00,Becerra
4665,26056,2026-02-14 00:00:00,Becerro
4666,26057,2026-02-14 00:00:00,Becerro
4667,26058,2026-02-14 00:00:00,Becerra
4668,26059,2026-02-14 00:00:00,Becerro
4669,26060,2026-02-15 00:00:00,Becerra
4670,26061,2026-02-15 00:00:00,Becerra
4671,2026,2026-02-17 00:00:00,Vaca
4672,26062,2026-02-17 00:00:00,Becerra
4673,26063,2026-02-17 00:00:00,Becerra
4674,26064,2026-02-19 00:00:00,Becerro
4675,BU26001,2026-02-20 00:00:00,Bucerra ord
4676,26065,2026-02-20 00:00:00,Becerro
4677,26066,2026-02-20 00:00:00,Becerra
4678,26067,2026-02-20 00:00:00,Becerra
4679,26068,2026-02-21 00:00:00,Becerro
4680,26069,2026-02-22 00:00:00,Becerra
4681,2200,2026-02-23 00:00:00,Vaca
4682,26070,2026-02-23 00:00:00,Becerro
4683,25131,2026-02-26 00:00:00,Maute
4684,25155,2026-02-26 00:00:00,Mauta
4685,25139,2026-02-26 00:00:00,Maute
4686,25135,2026-02-26 00:00:00,Maute
4687,J25132,2026-02-26 00:00:00,Maute
4688,25101,2026-02-26 00:00:00,Mauta
4689,25077,2026-02-26 00:00:00,Mauta
4690,25095,2026-02-26 00:00:00,Maute
4691,25127,2026-02-26 00:00:00,Mauta
4692,25105,2026-02-26 00:00:00,Mauta
4693,25050,2026-02-26 00:00:00,Maute
4694,25059,2026-02-26 00:00:00,Maute
4695,22112,2026-02-25 00:00:00,Vaca
4696,22117,2026-02-26 00:00:00,Vaca
4697,26072,2026-02-25 00:00:00,Becerra
4698,26074,2026-02-26 00:00:00,Becerro
4699,26075,2026-02-28 00:00:00,Becerra
4700,26076,2026-02-28 00:00:00,Becerra
4701,26077,2026-02-28 00:00:00,Becerro
4702,2088B,2026-02-28 00:00:00,Vaca
4703,22085,2026-02-25 00:00:00,Vaca
4704,26073,2026-02-25 00:00:00,Becerra
4705,BU2508,2026-03-03 00:00:00,Baute
4706,BU372,2026-03-03 00:00:00,Bauta
4707,BU2510,2026-01-29 00:00:00,Bauta
4708,2096A,2026-02-22 00:00:00,Vaca
4709,26078,2026-03-06 00:00:00,Becerro
4710,22193,2026-03-10 00:00:00,Vaca
4711,26079,2026-03-10 00:00:00,Becerro
4712,26071,2026-02-25 00:00:00,Becerro
4713,26080,2026-03-12 00:00:00,Becerro
4714,25134,2026-01-15 00:00:00,Maute
4715,25103,2026-03-12 00:00:00,Mauta
4716,J25147,2026-03-12 00:00:00,Mauta
4717,25087,2026-03-12 00:00:00,Mauta
4718,25144,2026-03-12 00:00:00,Maute
4719,25124,2026-03-12 00:00:00,Maute
4720,25111,2026-03-12 00:00:00,Maute
4721,25073,2026-03-12 00:00:00,Maute
4722,25106,2026-03-12 00:00:00,Mauta
4723,26081,2026-03-15 00:00:00,Becerra
4724,26082,2026-03-15 00:00:00,Becerra
4725,26083,2026-03-15 00:00:00,Becerra
4726,26084,2026-03-17 00:00:00,Becerra
4727,26085,2026-03-17 00:00:00,Becerra
4728,26086,2026-03-17 00:00:00,Becerra
4730,20971,2026-03-18 00:00:00,Vaca
4731,26088,2026-03-18 00:00:00,Becerro
4732,26087,2026-03-18 00:00:00,Becerra
4733,22139,2026-03-20 00:00:00,Vaca
4734,2002,2026-03-20 00:00:00,Vaca
4735,22180,2026-03-24 00:00:00,Vaca
4736,26090,2026-03-20 00:00:00,Becerro
4737,26091,2026-03-20 00:00:00,Becerra
4738,26092,2026-03-23 00:00:00,Becerra
4739,26093,2026-03-23 00:00:00,Becerra
4740,26094,2026-03-23 00:00:00,Becerra
4741,26095,2026-03-23 00:00:00,Becerra
4742,26096,2026-03-24 00:00:00,Becerro
4743,26097,2026-03-24 00:00:00,Becerra
4744,26098,2026-03-27 00:00:00,Becerro
4745,26099,2026-03-30 00:00:00,Becerro
4746,pend24,2026-03-30 00:00:00,Vaca
4747,26100,2026-04-01 00:00:00,Becerra
4748,26101,2026-04-03 00:00:00,Becerra
4749,2202,2026-04-03 00:00:00,Vaca
4750,25215,2026-04-07 00:00:00,Mauta
4751,25161,2026-04-07 00:00:00,Mauta
4752,BU2526,2026-04-07 00:00:00,Bauta
4753,BU2513,2026-04-07 00:00:00,Bauta
4754,26102,2026-04-06 00:00:00,Becerra
4755,26103,2026-04-06 00:00:00,Becerro
4756,26104,2026-04-07 00:00:00,Becerro
4757,26105,2026-04-07 00:00:00,Becerra
4758,26106,2026-04-07 00:00:00,Becerro
4759,23017,2026-04-07 00:00:00,Vaca
4760,2218,2026-04-10 00:00:00,Vaca
4761,26107,2026-04-10 00:00:00,Becerra
4762,26108,2026-04-10 00:00:00,Becerro
4763,26111,2026-03-29 00:00:00,Becerra
4764,26109,2026-04-11 00:00:00,Becerro
4765,26110,2026-04-11 00:00:00,Becerro
4766,26112,2026-04-11 00:00:00,Becerro
4767,26113,2026-04-11 00:00:00,Becerra
4768,26114,2026-04-15 00:00:00,Becerro
4769,22116,2026-04-16 00:00:00,Vaca
4770,22151,2026-04-16 00:00:00,Vaca
4771,22142,2026-04-21 00:00:00,Vaca
4772,2145,2026-04-21 00:00:00,Vaca
4773,26115,2026-04-16 00:00:00,Becerro
4774,26116,2026-04-16 00:00:00,Becerra
4775,26117,2026-04-21 00:00:00,Becerra
4776,26118,2026-04-21 00:00:00,Becerro
4777,26119,2026-04-21 00:00:00,Becerro
4778,26120,2026-04-21 00:00:00,Becerra
4779,26121,2026-04-21 00:00:00,Becerro
4780,26122,2026-04-21 00:00:00,Becerra
4781,26123,2026-04-21 00:00:00,Becerro
4782,26124,2026-04-22 00:00:00,Becerro
4783,22189,2026-04-24 00:00:00,Vaca
4784,26125,2026-04-24 00:00:00,Becerro
4785,26126,2026-04-24 00:00:00,Becerra
4786,26127,2026-04-24 00:00:00,Becerro
4787,26128,2026-04-28 00:00:00,Becerra
4788,25207,2026-05-02 00:00:00,Mauta
4789,25200,2026-05-02 00:00:00,Mauta
4790,25159,2026-05-02 00:00:00,Mauta
4791,25158,2026-05-02 00:00:00,Mauta
4792,25253,2026-05-02 00:00:00,Mauta
4793,25128,2026-05-02 00:00:00,Mauta
4794,25265,2026-05-02 00:00:00,Maute
4795,25089,2026-05-02 00:00:00,Mauta
4796,25130,2026-05-02 00:00:00,Maute
4797,25277,2026-05-02 00:00:00,Maute
4798,25143,2026-05-02 00:00:00,Maute
4799,25166,2026-05-02 00:00:00,Maute
4800,25098,2026-05-02 00:00:00,Maute
4801,25186,2026-05-02 00:00:00,Maute
4802,25129,2026-05-02 00:00:00,Maute
4803,23001,2026-05-02 00:00:00,Vaca
4804,23016,2026-05-04 00:00:00,Vaca
4805,26129,2026-04-30 00:00:00,Becerro
4806,26130,2026-05-02 00:00:00,Becerro
4807,26131,2026-05-02 00:00:00,Becerro
4808,26132,2026-05-02 00:00:00,Becerro
4809,26133,2026-05-02 00:00:00,Becerro
4810,26134,2026-05-04 00:00:00,Becerro
4811,26135,2026-05-04 00:00:00,Becerra
4812,26136,2026-05-04 00:00:00,Becerro
4813,26137,2026-05-04 00:00:00,Becerra
4814,1097A,2026-02-15 00:00:00,TORO
4815,2067,2026-02-15 00:00:00,TORO
4816,26013,2026-05-02 00:00:00,Mauta
4817,26138,2026-05-06 00:00:00,Becerro
4818,26139,2026-05-07 00:00:00,Becerra
4819,26140,2026-05-07 00:00:00,Becerro
4820,26141,2026-05-07 00:00:00,Becerra
4821,23006,2026-05-08 00:00:00,Vaca
4822,26142,2026-05-08 00:00:00,Becerra
4823,26143,2026-05-08 00:00:00,Becerro
4824,22120,2026-05-10 00:00:00,TORO
4825,22118,2026-05-10 00:00:00,TORO
4826,2174,2026-05-10 00:00:00,TORO
4827,2154,2026-05-10 00:00:00,TORO
4828,22115,2026-05-10 00:00:00,TORO
4829,2155,2026-05-10 00:00:00,TORO
4830,22157,2026-05-10 00:00:00,TORO
4831,22158,2026-05-10 00:00:00,TORO
4832,22122,2026-05-10 00:00:00,TORO
4833,22132,2026-05-10 00:00:00,TORO
4834,22166,2026-05-10 00:00:00,TORO
4835,22114,2026-05-10 00:00:00,TORO
4836,1067,2026-05-10 00:00:00,TORO
4837,2010,2026-05-10 00:00:00,TORO
4838,2044,2026-05-10 00:00:00,TORO
4839,22175,2026-05-10 00:00:00,TORO
4840,22176,2026-05-10 00:00:00,TORO
4841,22181,2026-05-10 00:00:00,TORO
4842,22183,2026-05-10 00:00:00,TORO
4843,22184,2026-05-10 00:00:00,TORO
4844,22185,2026-05-10 00:00:00,TORO
4845,22187,2026-05-10 00:00:00,TORO
4846,22188,2026-05-10 00:00:00,TORO
4847,22190,2026-05-10 00:00:00,TORO
4848,22192,2026-05-10 00:00:00,TORO
4849,22194,2026-05-10 00:00:00,TORO
4850,22196,2026-05-10 00:00:00,TORO
4851,22199,2026-05-10 00:00:00,TORO
4852,22207,2026-05-10 00:00:00,TORO
4853,22209,2026-05-10 00:00:00,TORO
4854,22206,2026-05-10 00:00:00,TORO
4855,22205,2026-05-10 00:00:00,TORO
4856,23004,2026-05-10 00:00:00,TORO
4857,22100,2026-05-10 00:00:00,TORO
4858,2099,2026-05-10 00:00:00,TORO
4859,23007,2026-05-10 00:00:00,TORO
4860,23008,2026-05-10 00:00:00,TORO
4861,23010,2026-05-10 00:00:00,TORO
4862,23014,2026-05-10 00:00:00,TORO
4863,2170,2026-05-10 00:00:00,TORO
4864,23015,2026-05-10 00:00:00,TORO
4865,23019,2026-05-10 00:00:00,TORO
4866,23020,2026-05-10 00:00:00,TORO
4867,23026,2026-05-10 00:00:00,TORO
4868,23028,2026-05-10 00:00:00,TORO
4869,23029,2026-05-10 00:00:00,TORO
4870,3501,2026-05-10 00:00:00,TORO
4871,23035,2026-05-10 00:00:00,TORO
4872,23038,2026-05-10 00:00:00,TORO
4873,23046,2026-05-10 00:00:00,TORO
4874,23053,2026-05-10 00:00:00,TORO
4875,23054,2026-05-10 00:00:00,TORO
4876,23056,2026-05-10 00:00:00,TORO
4877,23058,2026-05-10 00:00:00,TORO
4878,23059,2026-05-10 00:00:00,TORO
4879,23063,2026-05-10 00:00:00,TORO
4880,23064,2026-05-10 00:00:00,TORO
4881,23070,2026-05-10 00:00:00,TORO
4882,23072,2026-05-10 00:00:00,TORO
4883,23078,2026-05-10 00:00:00,TORO
4884,23080,2026-05-10 00:00:00,TORO
4885,23084,2026-05-10 00:00:00,TORO
4886,23085,2026-05-10 00:00:00,TORO
4887,23086,2026-05-10 00:00:00,TORO
4888,3504,2026-05-10 00:00:00,TORO
4889,23087,2026-05-10 00:00:00,TORO
4890,23088,2026-05-10 00:00:00,TORO
4891,23089,2026-05-10 00:00:00,TORO
4892,22168,2026-05-10 00:00:00,TORO
4893,23090,2026-05-10 00:00:00,TORO
4894,23091,2026-05-10 00:00:00,TORO
4895,23093,2026-05-10 00:00:00,TORO
4896,23095,2026-05-10 00:00:00,TORO
4897,23096,2026-05-10 00:00:00,TORO
4898,23097,2026-05-10 00:00:00,TORO
4899,23099,2026-05-10 00:00:00,TORO
4900,23100,2026-05-10 00:00:00,TORO
4901,23102,2026-05-10 00:00:00,TORO
4902,23104,2026-05-10 00:00:00,TORO
4903,23108,2026-05-10 00:00:00,TORO
4904,23114,2026-05-10 00:00:00,TORO
4905,23116,2026-05-10 00:00:00,TORO
4906,23118,2026-05-10 00:00:00,TORO
4907,23119,2026-05-10 00:00:00,TORO
4908,23120,2026-05-10 00:00:00,TORO
4909,23123,2026-05-10 00:00:00,TORO
4910,23124,2026-05-10 00:00:00,TORO
4911,23132,2026-05-10 00:00:00,TORO
4912,23133,2026-05-10 00:00:00,TORO
4913,23135,2026-05-10 00:00:00,TORO
4914,23137,2026-05-10 00:00:00,TORO
4915,23140,2026-05-10 00:00:00,TORO
4916,23142,2026-05-10 00:00:00,TORO
4917,23144,2026-05-10 00:00:00,TORO
4918,23145,2026-05-10 00:00:00,TORO
4919,23146,2026-05-10 00:00:00,TORO
4920,23147,2026-05-10 00:00:00,TORO
4921,23150,2026-05-10 00:00:00,TORO
4922,23156,2026-05-10 00:00:00,TORO
4923,23157,2026-05-10 00:00:00,TORO
4924,23164,2026-05-10 00:00:00,TORO
4925,23165,2026-05-10 00:00:00,TORO
4926,23170,2026-05-10 00:00:00,TORO
4927,23171,2026-05-10 00:00:00,TORO
4928,23173,2026-05-10 00:00:00,TORO
4929,23174,2026-05-10 00:00:00,TORO
4930,23177,2026-05-10 00:00:00,TORO
4931,23184,2026-05-10 00:00:00,TORO
4932,23181,2026-05-10 00:00:00,TORO
4933,23187,2026-05-10 00:00:00,TORO
4934,23188,2026-05-10 00:00:00,TORO
4935,23190,2026-05-10 00:00:00,TORO
4936,23189,2026-05-10 00:00:00,TORO
4937,23193,2026-05-10 00:00:00,TORO
4938,23196,2026-05-10 00:00:00,TORO
4939,23197,2026-05-10 00:00:00,TORO
4940,23204,2026-05-10 00:00:00,TORO
4941,23210,2026-05-10 00:00:00,TORO
4942,23212,2026-05-10 00:00:00,TORO
4943,23214,2026-05-10 00:00:00,TORO
4944,23216,2026-05-10 00:00:00,TORO
4945,23217,2026-05-10 00:00:00,TORO
4946,23218,2026-05-10 00:00:00,TORO
4947,23220,2026-05-10 00:00:00,TORO
4948,23222,2026-05-10 00:00:00,TORO
4949,23224,2026-05-10 00:00:00,TORO
4950,23225,2026-05-10 00:00:00,TORO
4951,23229,2026-05-10 00:00:00,TORO
4952,23230,2026-05-10 00:00:00,TORO
4953,23233,2026-05-10 00:00:00,Novilla
4954,23236,2026-05-10 00:00:00,TORO
4955,23238,2026-05-10 00:00:00,TORO
4956,23239,2026-05-10 00:00:00,TORO
4957,23240,2026-05-10 00:00:00,TORO
4958,23241,2026-05-10 00:00:00,TORO
4959,23242,2026-05-10 00:00:00,TORO
4960,23244,2026-05-10 00:00:00,TORO
4961,23247,2026-05-10 00:00:00,TORO
4962,23249,2026-05-10 00:00:00,TORO
4963,23251,2026-05-10 00:00:00,TORO
4964,2159,2026-05-10 00:00:00,TORO
4965,1019,2026-05-10 00:00:00,TORO
4966,1027A,2026-05-10 00:00:00,TORO
4967,1101A,2026-05-10 00:00:00,TORO
4968,1133,2026-05-10 00:00:00,TORO
4969,2039A,2026-05-10 00:00:00,TORO
4970,2045,2026-05-10 00:00:00,TORO
4971,2058,2026-05-10 00:00:00,TORO
4972,1131A,2026-05-10 00:00:00,TORO
4973,2088A,2026-05-10 00:00:00,TORO
4974,2001A,2026-05-10 00:00:00,TORO
4975,2001B,2026-05-10 00:00:00,TORO
4976,2149,2026-05-10 00:00:00,TORO
4977,1068A,2026-05-10 00:00:00,TORO
4978,2094,2026-05-10 00:00:00,TORO
4979,2101,2026-05-10 00:00:00,TORO
4980,2106,2026-05-10 00:00:00,TORO
4981,2167,2026-05-10 00:00:00,TORO
4982,1008,2026-05-10 00:00:00,TORO
4983,0204B,2026-05-10 00:00:00,TORO
4984,22178,2026-04-29 00:00:00,TORO
4985,1082A,2026-04-29 00:00:00,TORO
4986,23011,2026-04-29 00:00:00,TORO
4987,23154,2026-04-29 00:00:00,TORO
4988,26144,2026-05-12 00:00:00,Becerra
4989,J415,2026-05-13 00:00:00,Vaca
4990,26145,2026-05-13 00:00:00,Becerra
4991,26146,2026-05-13 00:00:00,Becerra
4992,26147,2026-05-13 00:00:00,Becerro
4993,26148,2026-05-13 00:00:00,Becerra
4994,26149,2026-05-13 00:00:00,Becerra
4995,26150,2026-05-16 00:00:00,Becerra
4996,26151,2026-05-16 00:00:00,Becerra
4997,26152,2026-05-20 00:00:00,Becerra
4998,26153,2026-05-21 00:00:00,Becerro
4999,26154,2026-05-21 00:00:00,Becerro
5000,26155,2026-05-21 00:00:00,Becerro
5001,22149,2026-05-13 00:00:00,Vaca
5002,2019,2026-05-13 00:00:00,Vaca
5003,23022,2026-05-16 00:00:00,Vaca
5004,22126,2026-05-20 00:00:00,Vaca
5005,J404,2026-05-20 00:00:00,Novilla
5006,24250,2025-10-29 00:00:00,Mauta
5008,26156,2026-05-27 00:00:00,Becerro
5009,26157,2026-05-27 00:00:00,Becerra
5010,26158,2026-05-27 00:00:00,Becerro
5011,26159,2026-05-27 00:00:00,Becerro
5012,26160,2026-05-29 00:00:00,Becerra
5013,26161,2026-05-29 00:00:00,Becerra
5014,23036,2026-05-27 00:00:00,Vaca
5015,26156,2026-05-27 00:00:00,Becerro
5016,26157,2026-05-27 00:00:00,Becerra
5017,26158,2026-05-27 00:00:00,Becerro
5018,26159,2026-05-27 00:00:00,Becerro
5019,26160,2026-05-29 00:00:00,Becerra
5020,26161,2026-05-29 00:00:00,Becerra
5021,BU68,2026-05-20 00:00:00,Buvilla
5022,BU70,2026-05-20 00:00:00,Buvilla
5023,BU71,2026-05-20 00:00:00,Buvilla
5024,BU72,2026-05-20 00:00:00,Buvilla
5025,BU76,2026-05-20 00:00:00,Buvilla
5026,BU78,2026-05-20 00:00:00,Buvilla
5027,BU82,2026-05-20 00:00:00,Buvilla
5028,BU85,2026-05-20 00:00:00,Buvilla
5029,BU88,2026-05-20 00:00:00,Buvilla
5030,BU89,2026-05-20 00:00:00,Buvilla
5031,BU92,2026-05-20 00:00:00,Buvilla
5032,BU93,2026-05-20 00:00:00,Buvilla
5033,25183,2026-05-27 00:00:00,Mauta
5034,25179,2026-05-27 00:00:00,Mauta
5035,25164,2026-05-27 00:00:00,Mauta
5036,25211,2026-05-27 00:00:00,Mauta
5037,25177,2026-05-27 00:00:00,Mauta
5038,25192,2026-05-27 00:00:00,Mauta
5039,25224,2026-05-27 00:00:00,Mauta
5040,25126,2026-05-27 00:00:00,Mauta
5041,25167,2026-05-27 00:00:00,Mauta
5042,25203,2026-05-27 00:00:00,Mauta
5043,25141,2026-05-27 00:00:00,Mauta
5044,25230,2026-05-27 00:00:00,Mauta
5045,25231,2026-05-27 00:00:00,Mauta
5046,25226,2026-05-27 00:00:00,Maute
5047,25154,2026-05-27 00:00:00,Maute
5048,25188,2026-05-27 00:00:00,Maute
5049,25178,2026-05-27 00:00:00,Maute
5050,25210,2026-05-27 00:00:00,Maute
5051,25213,2026-05-27 00:00:00,Maute
5052,25222,2026-05-27 00:00:00,Maute
5053,25275,2026-05-27 00:00:00,Maute
5054,25223,2026-05-27 00:00:00,Maute
5055,25187,2026-05-27 00:00:00,Maute
5056,25173,2026-05-27 00:00:00,Maute
5057,25176,2026-05-27 00:00:00,Maute
5058,25209,2026-05-27 00:00:00,Maute
5059,25175,2026-05-27 00:00:00,Maute
5060,25110,2026-05-27 00:00:00,Maute
5061,25237,2026-05-27 00:00:00,Maute
5062,25190,2026-05-27 00:00:00,Maute
5063,25226,2026-05-27 00:00:00,Maute
5064,25154,2026-05-27 00:00:00,Maute
5065,25183,2026-05-27 00:00:00,Mauta
5066,25179,2026-05-27 00:00:00,Mauta
5067,25188,2026-05-27 00:00:00,Maute
5068,25178,2026-05-27 00:00:00,Maute
5069,25164,2026-05-27 00:00:00,Mauta
5070,25211,2026-05-27 00:00:00,Mauta
5071,25177,2026-05-27 00:00:00,Mauta
5072,25210,2026-05-27 00:00:00,Maute
5073,25192,2026-05-27 00:00:00,Mauta
5074,25224,2026-05-27 00:00:00,Mauta
5075,25126,2026-05-27 00:00:00,Mauta
5076,25213,2026-05-27 00:00:00,Maute
5077,25222,2026-05-27 00:00:00,Maute
5078,25275,2026-05-27 00:00:00,Maute
5079,25223,2026-05-27 00:00:00,Maute
5080,25187,2026-05-27 00:00:00,Maute
5081,25173,2026-05-27 00:00:00,Maute
5082,25176,2026-05-27 00:00:00,Maute
5083,25167,2026-05-27 00:00:00,Mauta
5084,25203,2026-05-27 00:00:00,Mauta
5085,25209,2026-05-27 00:00:00,Maute
5086,25175,2026-05-27 00:00:00,Maute
5087,25141,2026-05-27 00:00:00,Mauta
5088,25230,2026-05-27 00:00:00,Mauta
5089,25231,2026-05-27 00:00:00,Mauta
5090,25110,2026-05-27 00:00:00,Maute
5091,25237,2026-05-27 00:00:00,Maute
5092,25190,2026-05-27 00:00:00,Maute
5093,22105,2026-03-03 00:00:00,Vaca
5094,26089,2026-03-03 00:00:00,Becerro
5095,26018A,2026-01-15 00:00:00,Becerro
5096,23033,2026-05-31 00:00:00,Vaca
5097,26164,2026-05-31 00:00:00,Becerro
5098,26162,2026-06-01 00:00:00,Becerra
5099,26163,2026-06-01 00:00:00,Becerro
5100,1074,2026-06-03 00:00:00,Vaca
5101,26164,2026-06-03 00:00:00,Becerro
5102,26165,2026-06-03 00:00:00,Becerro
5103,26166,2026-06-03 00:00:00,Becerro
5104,26167,2026-06-03 00:00:00,Becerro
5105,26168,2026-06-03 00:00:00,Becerro
5106,J401,2026-06-04 00:00:00,TORO
5107,22121,2026-06-04 00:00:00,Novilla
5108,22164,2026-06-04 00:00:00,Novilla
5109,22182,2026-06-04 00:00:00,Novilla
5110,22197,2026-06-04 00:00:00,Novilla
5111,23003,2026-06-04 00:00:00,Novilla
5112,23002,2026-06-04 00:00:00,Novilla
5113,23005,2026-06-04 00:00:00,Novilla
5114,23018,2026-06-04 00:00:00,Novilla
5115,23021,2026-06-04 00:00:00,Novilla
5116,23023,2026-06-04 00:00:00,Novilla
5117,23024,2026-06-04 00:00:00,Novilla
5118,23030,2026-06-04 00:00:00,Novilla
5119,23031,2026-06-04 00:00:00,Novilla
5120,23034,2026-06-04 00:00:00,Novilla
5121,23039,2026-06-04 00:00:00,Novilla
5122,23043,2026-06-04 00:00:00,Novilla
5123,23044,2026-06-04 00:00:00,Novilla
5124,23045,2026-06-04 00:00:00,Novilla
5125,23049,2026-06-04 00:00:00,Novilla
5126,23050,2026-06-04 00:00:00,Novilla
5127,23051,2026-06-04 00:00:00,Novilla
5128,23052,2026-06-04 00:00:00,Novilla
5129,23055,2026-06-04 00:00:00,Novilla
5130,23057,2026-06-04 00:00:00,Novilla
5131,23060,2026-06-04 00:00:00,Novilla
5132,23061,2026-06-04 00:00:00,Novilla
5133,23062,2026-06-04 00:00:00,Novilla
5134,23065,2026-06-04 00:00:00,Novilla
5135,23066,2026-06-04 00:00:00,Novilla
5136,23067,2026-06-04 00:00:00,Novilla
5137,23069,2026-06-04 00:00:00,Novilla
5138,23073,2026-06-04 00:00:00,Novilla
5139,23075,2026-06-04 00:00:00,Novilla
5140,23077,2026-06-04 00:00:00,Novilla
5141,23079,2026-06-04 00:00:00,Novilla
5142,23081,2026-06-04 00:00:00,Novilla
5143,23082,2026-06-04 00:00:00,Novilla
5144,23092,2026-06-04 00:00:00,Novilla
5145,23101,2026-06-04 00:00:00,Novilla
5146,23105,2026-06-04 00:00:00,Novilla
5147,23106,2026-06-04 00:00:00,Novilla
5148,23107,2026-06-04 00:00:00,Novilla
5149,23109,2026-06-04 00:00:00,Novilla
5150,23110,2026-06-04 00:00:00,Novilla
5151,23111,2026-06-04 00:00:00,Novilla
5152,22221,2026-06-04 00:00:00,Novilla
5153,23115,2026-06-04 00:00:00,Novilla
5154,23121,2026-06-04 00:00:00,Novilla
5155,23122,2026-06-04 00:00:00,Novilla
5156,23126,2026-06-04 00:00:00,Novilla
5157,23128,2026-06-04 00:00:00,Novilla
5158,23129,2026-06-04 00:00:00,Novilla
5159,23130,2026-06-04 00:00:00,Novilla
5160,23131,2026-06-04 00:00:00,Novilla
5161,23134,2026-06-04 00:00:00,Novilla
5162,23136,2026-06-04 00:00:00,Novilla
5163,23138,2026-06-04 00:00:00,Novilla
5164,23141,2026-06-04 00:00:00,Novilla
5165,23151,2026-06-04 00:00:00,Novilla
5166,23152,2026-06-04 00:00:00,Novilla
5167,23153,2026-06-04 00:00:00,Novilla
5168,23158,2026-06-04 00:00:00,Novilla
5169,23159,2026-06-04 00:00:00,Novilla
5170,23162,2026-06-04 00:00:00,Novilla
5171,23172,2026-06-04 00:00:00,Novilla
5172,23178,2026-06-04 00:00:00,Novilla
5173,23183,2026-06-04 00:00:00,Novilla
5174,23185,2026-06-04 00:00:00,Novilla
5175,23195,2026-06-04 00:00:00,Novilla
5176,23198,2026-06-04 00:00:00,Novilla
5177,23201,2026-06-04 00:00:00,Novilla
5178,23202,2026-06-04 00:00:00,Novilla
5179,23208,2026-06-04 00:00:00,Novilla
5180,23215,2026-06-04 00:00:00,Novilla
5181,23228,2026-06-04 00:00:00,Novilla
5182,24011,2026-06-04 00:00:00,Novilla
5183,24012,2026-06-04 00:00:00,Novilla
5184,24025,2026-06-04 00:00:00,Novilla
5185,24031,2026-06-04 00:00:00,Novilla
5186,23235,2026-06-04 00:00:00,Novilla
5187,24047,2026-06-04 00:00:00,Novilla
5188,24063,2026-06-04 00:00:00,Novilla
5189,24087,2026-06-04 00:00:00,Novilla
5190,J413,2026-06-04 00:00:00,Novilla
5191,BU2511,2026-06-04 00:00:00,Bauta
5192,BU2522,2026-06-04 00:00:00,Bauta
5193,BU2528,2026-06-04 00:00:00,Bauta
5194,BU2502,2026-06-04 00:00:00,Bauta
5195,BU2520,2026-06-04 00:00:00,Baute
5196,BU2525,2026-06-04 00:00:00,Baute
5197,25157,2026-06-09 00:00:00,Maute
5198,25123,2026-06-09 00:00:00,Maute
5199,25150,2026-06-09 00:00:00,Mauta
5200,25214,2026-06-09 00:00:00,Maute
5201,25165,2026-06-09 00:00:00,Maute
5202,25169,2026-06-09 00:00:00,Mauta
5203,25170,2026-06-09 00:00:00,Mauta
5204,25174,2026-06-09 00:00:00,Maute
5205,25156,2026-06-09 00:00:00,Mauta
5206,26174,2026-06-11 00:00:00,Becerro
5207,BU2515,2026-06-11 00:00:00,Bauta
5208,BU2509,2026-04-25 00:00:00,Bauta
5209,BU2514,2026-04-22 00:00:00,Baute
5210,BU2517,2026-04-25 00:00:00,Bauta
5211,BU2512,2026-03-04 00:00:00,Bauta
5212,BU2507,2026-04-07 00:00:00,Bauta
5213,BU2506,2026-06-10 00:00:00,Baute
5214,BU369,2026-05-21 00:00:00,Bauta
5215,BU2523,2026-04-10 00:00:00,Bauta
5216,22216,2026-06-14 00:00:00,Vaca
5217,26169,2026-06-14 00:00:00,Becerra
5218,26170,2026-06-14 00:00:00,Becerra
5219,26171,2026-06-15 00:00:00,Becerro
5220,26172,2026-06-15 00:00:00,Becerra
5221,26173,2026-06-15 00:00:00,Becerro
5222,26175,2026-06-16 00:00:00,Becerro
5223,26176,2026-06-17 00:00:00,Becerra
5224,25219,2026-06-22 00:00:00,Maute
5225,25112,2026-06-22 00:00:00,Mauta
5226,25102,2026-06-22 00:00:00,Mauta
5227,25162,2026-06-22 00:00:00,Mauta
5228,25236,2026-06-22 00:00:00,Maute
5229,25206,2026-06-25 00:00:00,Maute
5230,25273,2026-06-25 00:00:00,Mauta
5231,25218,2026-06-22 00:00:00,Mauta
5232,BU26002,2026-06-22 00:00:00,Bucerro ord
5234,BU26004,2026-06-28 00:00:00,Bucerra ord
5235,26177,2026-06-16 00:00:00,Becerro
5236,26179,2026-07-04 00:00:00,Becerra
5237,26178,2026-06-30 00:00:00,Becerra
5238,25254,2026-07-01 00:00:00,Mauta
5239,25199,2026-07-01 00:00:00,Mauta
5240,25196,2026-07-01 00:00:00,Mauta
5241,25284,2026-07-01 00:00:00,Mauta
5242,25201,2026-07-01 00:00:00,Maute
5243,25191,2026-07-01 00:00:00,Maute
5244,25254,2026-07-01 00:00:00,Mauta
5245,25199,2026-07-01 00:00:00,Mauta
5246,25196,2026-07-01 00:00:00,Mauta
5247,25284,2026-07-01 00:00:00,Mauta
5248,25201,2026-07-01 00:00:00,Maute
5249,25191,2026-07-01 00:00:00,Maute
5250,25290,2026-07-01 00:00:00,Mauta
5251,25274,2026-07-01 00:00:00,Maute
5252,25212,2026-07-07 00:00:00,Mauta
5253,25271,2026-07-09 00:00:00,Mauta
5254,25184,2026-07-11 00:00:00,Mauta
5255,26180,2026-07-20 00:00:00,Becerro
5256,BU26003,2026-06-24 00:00:00,Bucerra ord
5257,BU2505,2026-07-15 00:00:00,Baute
5258,BU2516,2026-07-15 00:00:00,Bauta
5259,26181,2026-07-20 00:00:00,Becerro
5260,26182,2026-07-22 00:00:00,Becerro
5261,BU26005,2026-07-26 00:00:00,Bucerra ord
5262,BU70,2026-07-29 00:00:00,Bufala
5263,BU26006,2026-07-29 00:00:00,Bucerra ord
5264,26183,2026-07-29 00:00:00,Becerra
5265,26184,2026-07-29 00:00:00,Becerra
5266,26185,2026-07-30 00:00:00,Becerro
5267,26186,2026-07-31 00:00:00,Becerra
5268,26187,2026-08-09 00:00:00,Becerra
5269,26188,2026-08-09 00:00:00,Becerra
5270,26189,2026-08-10 00:00:00,Becerra
5271,BU26007,2026-08-01 00:00:00,Bucerro ord
5272,BU26008,2026-08-04 00:00:00,Bucerro ord
5273,BU26009,2026-08-05 00:00:00,Bucerro ord
5274,BU26010,2026-08-07 00:00:00,Bucerra ord
5275,26190,2026-08-09 00:00:00,Becerra
5276,26191,2026-08-16 00:00:00,Becerro
5277,26007,2026-08-16 00:00:00,Mauta
5278,25244,2026-08-16 00:00:00,Mauta
5279,BU2518,2026-07-30 00:00:00,Baute
5280,BU2519,2026-07-25 00:00:00,Bauta
5281,BU2530,2026-08-08 00:00:00,Bauta
5282,BU2531,2026-07-30 00:00:00,Baute
5283,26192,2026-08-18 00:00:00,Becerro
5284,BU26011,2026-08-17 00:00:00,Bucerra ord
5285,BU26012,2026-08-17 00:00:00,Bucerro ord
5286,BU26013,2026-08-18 00:00:00,Bucerra ord
5287,BU26014,2026-08-21 00:00:00,Bucerra ord
5288,BU26015,2026-08-22 00:00:00,Bucerra ord
5289,BU26016,2026-08-22 00:00:00,Bucerro ord
5290,BU26017,2026-08-25 00:00:00,Bucerro ord
5291,BU26018,2026-08-28 00:00:00,Bucerro ord
5292,25034,2026-06-26 00:00:00,Mauta
5293,25034B,2026-06-26 00:00:00,Mauta
5294,25229,2026-05-27 00:00:00,Mauta
5295,26193,2026-08-21 00:00:00,Becerra
5296,26194,2026-08-27 00:00:00,Becerra
5297,26195,2026-08-31 00:00:00,Becerra
5298,26196,2026-09-02 00:00:00,Becerra
5299,BU2504,2026-08-27 00:00:00,Bauta
5300,BU2524,2026-08-27 00:00:00,Baute
5301,BU2532,2026-08-27 00:00:00,Bauta
5302,BU2529,2026-08-27 00:00:00,Bauta
5303,BU325,2026-08-27 00:00:00,BUTOROREP
5304,26197,2026-09-03 00:00:00,Becerra
5305,j414,2026-09-08 00:00:00,Vaca
5306,26198,2026-09-08 00:00:00,Becerro
5307,26199,2026-09-05 00:00:00,Becerra
5308,26200,2026-09-09 00:00:00,Becerro
5309,26203,2026-09-10 00:00:00,Becerra
5310,26204,2026-09-09 00:00:00,Becerra
5311,BU26019,2026-09-12 00:00:00,Bucerra ord
5312,26201,2026-09-09 00:00:00,Becerro
5313,26202,2026-09-09 00:00:00,Becerro
5314,26205,2026-09-14 00:00:00,Becerro
5315,26206,2026-09-14 00:00:00,Becerra
5316,26207,2026-09-14 00:00:00,Becerra
5317,4501,2026-09-16 00:00:00,TORO
5318,24077,2026-09-16 00:00:00,TORO
5319,J428,2026-09-15 00:00:00,Toro Repro
5320,0234,2026-09-15 00:00:00,Toro Repro
5321,26208,2026-09-16 00:00:00,Becerro
5322,26209,2026-09-17 00:00:00,Becerro
5323,25163,2026-09-18 00:00:00,Mauta
5324,26053,2026-09-18 00:00:00,Maute
5325,25235,2026-09-18 00:00:00,Mauta
5326,25216,2026-09-18 00:00:00,Maute
5327,25204,2026-09-18 00:00:00,Maute
5328,25197,2026-09-18 00:00:00,Mauta
5329,25248,2026-09-18 00:00:00,Mauta
5330,25250,2026-09-18 00:00:00,Maute
5331,26037,2026-09-18 00:00:00,Maute
5332,25240,2026-09-18 00:00:00,Mauta
5333,25256,2026-09-18 00:00:00,Maute
5334,25234,2026-09-18 00:00:00,Mauta
5335,25278,2026-09-18 00:00:00,Mauta
5336,25309,2026-09-18 00:00:00,Mauta
5337,25302,2026-09-18 00:00:00,Mauta
5338,26014,2026-09-18 00:00:00,Mauta
5339,26010,2026-09-18 00:00:00,Maute
5340,25282,2026-09-18 00:00:00,Mauta
5341,25293,2026-09-18 00:00:00,Maute
5342,25263,2026-09-18 00:00:00,Maute
5343,25303,2026-09-18 00:00:00,Maute
5344,25260,2026-09-18 00:00:00,Mauta
5345,25283,2026-09-18 00:00:00,Mauta
5346,25239,2026-09-18 00:00:00,Maute
5347,25247,2026-09-18 00:00:00,Maute
5348,25294,2026-09-18 00:00:00,Maute
5349,25315,2026-09-18 00:00:00,Maute
5350,25221,2026-09-18 00:00:00,Maute
5351,26210,2026-09-19 00:00:00,Becerra
5352,26211,2026-09-21 00:00:00,Becerro
5353,26212,2026-09-20 00:00:00,Becerra
