archivo,fila,arete,nro_chip,id_cowpro,hierro,referencias_animal
aretes_plasticos.csv,2,0205,,,,idem_vaca=0205
aretes_plasticos.csv,3,C0299,,,,idem_vaca=0299C
aretes_plasticos.csv,4,0348,,,,idem_vaca=0348
aretes_plasticos.csv,5,1066,,,,idem_vaca=1066
aretes_plasticos.csv,6,1075,,,,idem_vaca=1075
aretes_plasticos.csv,7,A1088,,,,idem_vaca=1088A
aretes_plasticos.csv,8,1096,,,,idem_vaca=1096
aretes_plasticos.csv,9,2023,,,,idem_vaca=2023
aretes_plasticos.csv,10,2039,,,,idem_vaca=2039
aretes_plasticos.csv,11,2042,,,,idem_vaca=2042
aretes_plasticos.csv,12,2052,,,,idem_vaca=2052
aretes_plasticos.csv,13,2103,,,,idem_vaca=2103
aretes_plasticos.csv,14,2109,,,,idem_vaca=2109
aretes_plasticos.csv,15,2111,,,,idem_vaca=2111
aretes_plasticos.csv,16,2146,,,,idem_vaca=2146
aretes_plasticos.csv,17,2200,,,,idem_vaca=2200
aretes_plasticos.csv,18,2201,,,,idem_vaca=2201
aretes_plasticos.csv,19,2203,,,,idem_vaca=2203
aretes_plasticos.csv,20,22149,,,,idem_vaca=22149
aretes_plasticos.csv,21,2702,,,,idem_vaca=2702
aretes_plasticos.csv,22,6017,,,,idem_vaca=6017
aretes_plasticos.csv,23,8015,,,,idem_vaca=8015
aretes_plasticos.csv,24,8032,,,,idem_vaca=8032
aretes_plasticos.csv,25,8073,,,,idem_vaca=8073
aretes_plasticos.csv,26,8082,,,,idem_vaca=8082
aretes_plasticos.csv,27,9064,,,,idem_vaca=9064
aretes_plasticos.csv,28,9095,,,,idem_vaca=9095
aretes_plasticos.csv,29,05,,,,idem_vaca=05
aretes_plasticos.csv,30,1128,,,,idem_vaca=1128
aretes_plasticos.csv,31,A2025,,,,idem_vaca=2025A
aretes_plasticos.csv,32,20339,,,,idem_vaca=20339
aretes_plasticos.csv,33,2040,,,,idem_vaca=2040
aretes_plasticos.csv,34,2051,,,,idem_vaca=2051
aretes_plasticos.csv,35,A2093,,,,idem_vaca=2093A
aretes_plasticos.csv,36,21027,,,,idem_vaca=21027
aretes_plasticos.csv,37,2337,,,,idem_vaca=2337
aretes_plasticos.csv,38,3015,,,,idem_vaca=3015
aretes_plasticos.csv,39,3093,,,,idem_vaca=3093
aretes_plasticos.csv,40,3227,,,,idem_vaca=3227
aretes_plasticos.csv,41,4008,,,,idem_vaca=4008
aretes_plasticos.csv,42,4041,,,,idem_vaca=4041
aretes_plasticos.csv,43,406,,,,idem_vaca=406
aretes_plasticos.csv,44,4065,,,,idem_vaca=4065
aretes_plasticos.csv,45,4109,,,,idem_vaca=4109
aretes_plasticos.csv,46,4143,,,,idem_vaca=4143
aretes_plasticos.csv,47,4147,,,,idem_vaca=4147
aretes_plasticos.csv,48,5082,,,,idem_vaca=5082
aretes_plasticos.csv,49,5529,,,,idem_vaca=5529
aretes_plasticos.csv,50,60286,,,,idem_vaca=60286
aretes_plasticos.csv,51,8016,,,,idem_vaca=8016
aretes_plasticos.csv,52,8072,,,,idem_vaca=8072
aretes_plasticos.csv,53,80921,,,,idem_vaca=80921
aretes_plasticos.csv,54,89,,,,idem_vaca=89
aretes_plasticos.csv,55,B9018,,,,idem_vaca=9018B
aretes_plasticos.csv,56,EMB 3,,,,idem_vaca=EMB 3
aretes_plasticos.csv,57,EMB 4,,,,idem_vaca=EMB 4
aretes_plasticos.csv,58,EMB 5,,,,idem_vaca=EMB 5
aretes_plasticos.csv,59,mariu,,,,idem_vaca=S/NB
aretes_plasticos.csv,60,lebron,,,,idem_vaca=S/NC
aretes_plasticos.csv,61,brasilera,,,,idem_vaca=S/NH
aretes_plasticos.csv,62,BU66,,,,idem_vaca=BU66
aretes_plasticos.csv,63,BU67,,,,idem_vaca=BU67
aretes_plasticos.csv,64,BU68,,,,idem_vaca=BU68
aretes_plasticos.csv,65,BU69,,,,idem_vaca=BU69
aretes_plasticos.csv,66,BU70,,,,idem_vaca=BU70
aretes_plasticos.csv,67,BU71,,,,idem_vaca=BU71
aretes_plasticos.csv,68,BU72,,,,idem_vaca=BU72
aretes_plasticos.csv,69,BU75,,,,idem_vaca=BU75
aretes_plasticos.csv,70,BU76,,,,idem_vaca=BU76
aretes_plasticos.csv,71,BU78,,,,idem_vaca=BU78
aretes_plasticos.csv,72,BU79,,,,idem_vaca=BU79
aretes_plasticos.csv,73,BU80,,,,idem_vaca=BU80
aretes_plasticos.csv,74,BU81,,,,idem_vaca=BU81
aretes_plasticos.csv,75,BU82,,,,idem_vaca=BU82
aretes_plasticos.csv,76,BU83,,,,idem_vaca=BU83
aretes_plasticos.csv,77,BU84,,,,idem_vaca=BU84
aretes_plasticos.csv,78,BU85,,,,idem_vaca=BU85
aretes_plasticos.csv,79,BU86,,,,idem_vaca=BU86
aretes_plasticos.csv,80,BU87,,,,idem_vaca=BU87
aretes_plasticos.csv,81,BU88,,,,idem_vaca=BU88
aretes_plasticos.csv,82,BU89,,,,idem_vaca=BU89
aretes_plasticos.csv,83,BU90,,,,idem_vaca=BU90
aretes_plasticos.csv,84,BU92,,,,idem_vaca=BU92
aretes_plasticos.csv,85,BU93,,,,idem_vaca=BU93
aretes_plasticos.csv,86,BU94,,,,idem_vaca=BU94
aretes_plasticos.csv,87,MSN1,,,,idem_vaca=MSN1
aretes_plasticos.csv,88,MSN12,,,,idem_vaca=MSN12
aretes_plasticos.csv,89,MSN16,,,,idem_vaca=MSN16
aretes_plasticos.csv,90,MSN17,,,,idem_vaca=MSN17
aretes_plasticos.csv,91,MSN4,,,,idem_vaca=MSN4
aretes_plasticos.csv,92,MSN8,,,,idem_vaca=MSN8
aretes_plasticos.csv,93,BU48,,,,idem_vaca=BU48
aretes_plasticos.csv,94,BU20,,,,idem_vaca=BU20
aretes_plasticos.csv,95,SN50,,,,idem_vaca=SN50
aretes_plasticos.csv,96,MSN9,,,,idem_vaca=MSN9
aretes_plasticos.csv,97,30,,,,idem_vaca=30
aretes_plasticos.csv,98,5679,,,,idem_vaca=5679
aretes_plasticos.csv,99,7049,,,,idem_vaca=7049
aretes_plasticos.csv,100,8032,,,,idem_vaca=8032
aretes_plasticos.csv,101,8087,,,,idem_vaca=8087
aretes_plasticos.csv,102,EMB 1,,,,idem_vaca=EMB 1
aretes_plasticos.csv,103,SNA,,,,idem_vaca=SNA
aretes_plasticos.csv,104,8338,,,,idem_vaca=8338
aretes_plasticos.csv,105,1007,,,,idem_vaca=1007
aretes_plasticos.csv,106,001,,,,idem_vaca=BU001
aretes_plasticos.csv,107,002,,,,idem_vaca=BU002
aretes_plasticos.csv,108,004,,,,idem_vaca=BU004
aretes_plasticos.csv,109,006,,,,idem_vaca=BU006
aretes_plasticos.csv,110,007,,,,idem_vaca=BU007
aretes_plasticos.csv,111,008,,,,idem_vaca=BU008
aretes_plasticos.csv,112,009,,,,idem_vaca=BU009
aretes_plasticos.csv,113,010,,,,idem_vaca=BU010
aretes_plasticos.csv,114,011,,,,idem_vaca=BU011
aretes_plasticos.csv,115,01251,,,,idem_vaca=BU01251
aretes_plasticos.csv,116,BU014,,,,idem_vaca=BU014
aretes_plasticos.csv,117,BU015,,,,idem_vaca=BU015
aretes_plasticos.csv,118,BU019,,,,idem_vaca=BU019
aretes_plasticos.csv,119,BU035,,,,idem_vaca=BU035
aretes_plasticos.csv,120,BU036,,,,idem_vaca=BU036
aretes_plasticos.csv,121,BU072,,,,idem_vaca=BU048
aretes_plasticos.csv,122,BU052,,,,idem_vaca=BU052
aretes_plasticos.csv,123,BU053,,,,idem_vaca=BU053
aretes_plasticos.csv,124,BU057,,,,idem_vaca=BU057
aretes_plasticos.csv,125,BU062,,,,idem_vaca=BU062
aretes_plasticos.csv,126,BU069,,,,idem_vaca=BU069
aretes_plasticos.csv,127,BU076,,,,idem_vaca=BU076
aretes_plasticos.csv,128,BU078,,,,idem_vaca=BU078
aretes_plasticos.csv,129,BU082,,,,idem_vaca=BU082
aretes_plasticos.csv,130,BU086,,,,idem_vaca=BU086
aretes_plasticos.csv,131,BU088,,,,idem_vaca=BU088
aretes_plasticos.csv,132,BU089,,,,idem_vaca=BU089
aretes_plasticos.csv,133,BU091,,,,idem_vaca=BU091
aretes_plasticos.csv,134,BU092,,,,idem_vaca=BU092
aretes_plasticos.csv,135,BU097,,,,idem_vaca=BU097
aretes_plasticos.csv,136,BU099,,,,idem_vaca=BU099
aretes_plasticos.csv,137,BU106,,,,idem_vaca=BU106
aretes_plasticos.csv,138,BU301,,,,idem_vaca=BU301
aretes_plasticos.csv,139,BU302,,,,idem_vaca=BU302
aretes_plasticos.csv,140,BU303,,,,idem_vaca=BU303
aretes_plasticos.csv,141,BU304,,,,idem_vaca=BU304
aretes_plasticos.csv,142,BU306,,,,idem_vaca=BU306
aretes_plasticos.csv,143,BU307,,,,idem_vaca=BU307
aretes_plasticos.csv,144,BU308,,,,idem_vaca=BU308
aretes_plasticos.csv,145,BU309,,,,idem_vaca=BU309
aretes_plasticos.csv,146,BU310,,,,idem_vaca=BU310
aretes_plasticos.csv,147,BU311,,,,idem_vaca=BU311
aretes_plasticos.csv,148,BU312,,,,idem_vaca=BU312
aretes_plasticos.csv,149,BU316,,,,idem_vaca=BU316
aretes_plasticos.csv,150,BU318,,,,idem_vaca=BU318
aretes_plasticos.csv,151,BU320,,,,idem_vaca=BU320
aretes_plasticos.csv,152,BU324,,,,idem_vaca=BU324
aretes_plasticos.csv,153,BU329,,,,idem_vaca=BU329
aretes_plasticos.csv,154,BU330,,,,idem_vaca=BU330
aretes_plasticos.csv,155,BU331,,,,idem_vaca=BU331
aretes_plasticos.csv,156,BU332,,,,idem_vaca=BU332
aretes_plasticos.csv,157,BU333,,,,idem_vaca=BU333
aretes_plasticos.csv,158,BU334,,,,idem_vaca=BU334
aretes_plasticos.csv,159,BU335,,,,idem_vaca=BU335
aretes_plasticos.csv,160,BU336,,,,idem_vaca=BU336
aretes_plasticos.csv,161,BU337,,,,idem_vaca=BU337
aretes_plasticos.csv,162,BU338,,,,idem_vaca=BU338
aretes_plasticos.csv,163,BU339,,,,idem_vaca=BU339
aretes_plasticos.csv,164,BU340,,,,idem_vaca=BU340
aretes_plasticos.csv,165,BU341,,,,idem_vaca=BU341
aretes_plasticos.csv,166,BU342,,,,idem_vaca=BU342
aretes_plasticos.csv,167,BU343,,,,idem_vaca=BU343
aretes_plasticos.csv,168,BU344,,,,idem_vaca=BU344
aretes_plasticos.csv,169,BU345,,,,idem_vaca=BU345
aretes_plasticos.csv,170,BU346,,,,idem_vaca=BU346
aretes_plasticos.csv,171,BU347,,,,idem_vaca=BU347
aretes_plasticos.csv,172,BU348,,,,idem_vaca=BU348
aretes_plasticos.csv,173,BU349,,,,idem_vaca=BU349
aretes_plasticos.csv,174,BU350,,,,idem_vaca=BU350
aretes_plasticos.csv,175,BU351,,,,idem_vaca=BU351
aretes_plasticos.csv,176,BU66,,,,idem_vaca=BU66
aretes_plasticos.csv,177,BU67,,,,idem_vaca=BU67
aretes_plasticos.csv,178,BU68,,,,idem_vaca=BU68
aretes_plasticos.csv,179,BU69,,,,idem_vaca=BU69
aretes_plasticos.csv,180,BU70,,,,idem_vaca=BU70
aretes_plasticos.csv,181,BU71,,,,idem_vaca=BU71
aretes_plasticos.csv,182,BU72,,,,idem_vaca=BU72
aretes_plasticos.csv,183,BU75,,,,idem_vaca=BU75
aretes_plasticos.csv,184,BU76,,,,idem_vaca=BU76
aretes_plasticos.csv,185,BU78,,,,idem_vaca=BU78
aretes_plasticos.csv,186,BU79,,,,idem_vaca=BU79
aretes_plasticos.csv,187,BU80,,,,idem_vaca=BU80
aretes_plasticos.csv,188,BU81,,,,idem_vaca=BU81
aretes_plasticos.csv,189,BU82,,,,idem_vaca=BU82
aretes_plasticos.csv,190,BU83,,,,idem_vaca=BU83
aretes_plasticos.csv,191,BU84,,,,idem_vaca=BU84
aretes_plasticos.csv,192,BU85,,,,idem_vaca=BU85
aretes_plasticos.csv,193,BU86,,,,idem_vaca=BU86
aretes_plasticos.csv,194,BU87,,,,idem_vaca=BU87
aretes_plasticos.csv,195,BU88,,,,idem_vaca=BU88
aretes_plasticos.csv,196,BU89,,,,idem_vaca=BU89
aretes_plasticos.csv,197,BU92,,,,idem_vaca=BU92
aretes_plasticos.csv,198,BU93,,,,idem_vaca=BU93
aretes_plasticos.csv,199,BU94,,,,idem_vaca=BU94
aretes_plasticos.csv,200,BU314,,,,idem_vaca=BU314
aretes_plasticos.csv,201,BU315,,,,idem_vaca=BU315
aretes_plasticos.csv,202,BU085,,,,idem_vaca=BU085
aretes_plasticos.csv,203,BU087,,,,idem_vaca=BU087
aretes_plasticos.csv,204,BU056,,,,idem_vaca=BU056
aretes_plasticos.csv,205,BU090,,,,idem_vaca=BU090
aretes_plasticos.csv,206,BU317,,,,idem_vaca=BU317
aretes_plasticos.csv,207,BU319,,,,idem_vaca=BU319
aretes_plasticos.csv,208,BU321,,,,idem_vaca=BU321
aretes_plasticos.csv,209,BU071,,,,idem_vaca=BU071
aretes_plasticos.csv,210,BU322,,,,idem_vaca=BU322
aretes_plasticos.csv,211,BU323,,,,idem_vaca=BU323
aretes_plasticos.csv,212,BU325,,,,idem_vaca=BU325
aretes_plasticos.csv,213,BU073,,,,idem_vaca=BU073
aretes_plasticos.csv,214,BU326,,,,idem_vaca=BU326
aretes_plasticos.csv,215,BU095,,,,idem_vaca=BU095
aretes_plasticos.csv,216,BU327,,,,idem_vaca=BU327
aretes_plasticos.csv,217,BU328,,,,idem_vaca=BU328
aretes_plasticos.csv,218,BU313,,,,idem_vaca=BU313
aretes_plasticos.csv,219,BU305,,,,idem_vaca=BU305
aretes_plasticos.csv,220,BU3,,,,idem_vaca=BU3
aretes_plasticos.csv,221,BU084,,,,idem_vaca=BU084
aretes_plasticos.csv,222,9192,,,,idem_vaca=9192
aretes_plasticos.csv,223,8078,,,,idem_vaca=8078
aretes_plasticos.csv,224,02331,,,,idem_vaca=02331
aretes_plasticos.csv,225,2,,,,idem_vaca=2
aretes_plasticos.csv,226,0206A,,,,idem_vaca=0206A
aretes_plasticos.csv,227,0206B,,,,idem_vaca=0206B
aretes_plasticos.csv,228,0208A,,,,idem_vaca=0208A
aretes_plasticos.csv,229,0299A,,,,idem_vaca=0299A
aretes_plasticos.csv,230,1015A,,,,idem_vaca=1015A
aretes_plasticos.csv,231,1052A,,,,idem_vaca=1052A
aretes_plasticos.csv,232,1056A,,,,idem_vaca=1056A
aretes_plasticos.csv,233,1077A,,,,idem_vaca=1077A
aretes_plasticos.csv,234,1090A,,,,idem_vaca=1090A
aretes_plasticos.csv,235,1104A,,,,idem_vaca=1104A
aretes_plasticos.csv,236,1109B,,,,idem_vaca=1109B
aretes_plasticos.csv,237,1139A,,,,idem_vaca=1139A
aretes_plasticos.csv,238,12164,,,,idem_vaca=12164
aretes_plasticos.csv,239,2035A,,,,idem_vaca=2035A
aretes_plasticos.csv,240,3027A,,,,idem_vaca=3027A
aretes_plasticos.csv,241,4A,,,,idem_vaca=4A
aretes_plasticos.csv,242,9116B,,,,idem_vaca=9116B
aretes_plasticos.csv,243,9128B,,,,idem_vaca=9128B
aretes_plasticos.csv,244,EMB 2,,,,idem_vaca=EMB 2
aretes_plasticos.csv,245,0118A,,,,idem_vaca=0118A
aretes_plasticos.csv,246,0216A,,,,idem_vaca=0216A
aretes_plasticos.csv,247,0221A,,,,idem_vaca=0221A
aretes_plasticos.csv,248,0223B,,,,idem_vaca=0223B
aretes_plasticos.csv,249,1046A,,,,idem_vaca=1046A
aretes_plasticos.csv,250,1080A,,,,idem_vaca=1080A
aretes_plasticos.csv,251,1095B,,,,idem_vaca=1095B
aretes_plasticos.csv,252,1096B,,,,idem_vaca=1096B
aretes_plasticos.csv,253,1098A,,,,idem_vaca=1098A
aretes_plasticos.csv,254,1106A,,,,idem_vaca=1106A
aretes_plasticos.csv,255,1161A,,,,idem_vaca=1161A
aretes_plasticos.csv,256,9136A,,,,idem_vaca=9136A
aretes_plasticos.csv,257,0270,,,,idem_vaca=0270
aretes_plasticos.csv,258,1017A,,,,idem_vaca=1017A
aretes_plasticos.csv,259,1109A,,,,idem_vaca=1109A
aretes_plasticos.csv,260,2208A,,,,idem_vaca=2208A
aretes_plasticos.csv,261,3021A,,,,idem_vaca=3021A
aretes_plasticos.csv,262,3028A,,,,idem_vaca=3028A
aretes_plasticos.csv,263,9110A,,,,idem_vaca=9110A
aretes_plasticos.csv,264,20337,,,,idem_vaca=20337
aretes_plasticos.csv,265,1091A,,,,idem_vaca=1091A
aretes_plasticos.csv,266,1095A,,,,idem_vaca=1095A
aretes_plasticos.csv,267,2090A,,,,idem_vaca=2090A
aretes_plasticos.csv,268,2094A,,,,idem_vaca=2094A
aretes_plasticos.csv,269,2148A,,,,idem_vaca=2148A
aretes_plasticos.csv,270,2149A,,,,idem_vaca=2149A
aretes_plasticos.csv,271,2196A,,,,idem_vaca=2196A
aretes_plasticos.csv,272,3003A,,,,idem_vaca=3003A
aretes_plasticos.csv,273,3026A,,,,idem_vaca=3026A
aretes_plasticos.csv,274,3066B,,,,idem_vaca=3066B
aretes_plasticos.csv,275,9126A,,,,idem_vaca=9126A
aretes_plasticos.csv,276,1066,,,,idem_vaca=1066
aretes_plasticos.csv,277,2058,,,,idem_vaca=2058
aretes_plasticos.csv,278,1077,,,,idem_vaca=1077
aretes_plasticos.csv,279,0270,,,,idem_vaca=0270
aretes_plasticos.csv,280,0299A,,,,idem_vaca=0299A
aretes_plasticos.csv,281,0350,,,,idem_vaca=0350
aretes_plasticos.csv,282,0740,,,,idem_vaca=0740
aretes_plasticos.csv,283,2103,,,,idem_vaca=2103
aretes_plasticos.csv,284,40072,,,,idem_vaca=40072
aretes_plasticos.csv,285,0258,,,,idem_vaca=0258
aretes_plasticos.csv,286,3178,,,,idem_vaca=3178
aretes_plasticos.csv,287,9016,,,,idem_vaca=9016
aretes_plasticos.csv,288,2143,,,,idem_vaca=2143A
aretes_plasticos.csv,289,23067,,,,idem_vaca=23067
aretes_plasticos.csv,290,9109B,,,,idem_vaca=9109B
aretes_plasticos.csv,291,0274,,,,idem_vaca=0274
aretes_plasticos.csv,292,BU30,,,,idem_vaca=BU036
aretes_plasticos.csv,293,ralla,,,,idem_vaca=BU308
aretes_plasticos.csv,294,triangulo,,,,idem_vaca=BU313
aretes_plasticos.csv,295,BU353,,,,idem_vaca=BU353
aretes_plasticos.csv,296,BU354,,,,idem_vaca=BU354
aretes_plasticos.csv,297,BU355,,,,idem_vaca=BU355
aretes_plasticos.csv,298,BU356,,,,idem_vaca=BU356
aretes_plasticos.csv,299,BU357,,,,idem_vaca=BU357
aretes_plasticos.csv,300,BU358,,,,idem_vaca=BU358
aretes_plasticos.csv,301,BU359,,,,idem_vaca=BU359
aretes_plasticos.csv,302,BU360,,,,idem_vaca=BU360
aretes_plasticos.csv,303,BU361,,,,idem_vaca=BU361
aretes_plasticos.csv,304,BU362,,,,idem_vaca=BU362
aretes_plasticos.csv,305,BU363,,,,idem_vaca=BU363
aretes_plasticos.csv,306,BU365,,,,idem_vaca=BU365
aretes_plasticos.csv,307,BU366,,,,idem_vaca=BU366
aretes_plasticos.csv,308,BU367,,,,idem_vaca=BU367
aretes_plasticos.csv,309,BU368,,,,idem_vaca=BU368
aretes_plasticos.csv,310,BU369,,,,idem_vaca=BU369
aretes_plasticos.csv,311,BU370,,,,idem_vaca=BU370
aretes_plasticos.csv,312,BU371,,,,idem_vaca=BU371
aretes_plasticos.csv,313,BU372,,,,idem_vaca=BU372
aretes_plasticos.csv,314,BU373,,,,idem_vaca=BU373
aretes_plasticos.csv,315,BU374,,,,idem_vaca=BU374
aretes_plasticos.csv,316,BU375,,,,idem_vaca=BU375
aretes_plasticos.csv,317,BU376,,,,idem_vaca=BU376
aretes_plasticos.csv,318,BU377,,,,idem_vaca=BU377
aretes_plasticos.csv,319,BU378,,,,idem_vaca=BU378
aretes_plasticos.csv,320,BU379,,,,idem_vaca=BU379
aretes_plasticos.csv,321,1018,,,,idem_vaca=1018
aretes_plasticos.csv,322,BU020,,,,idem_vaca=BU20
aretes_plasticos.csv,323,BU308,,,,idem_vaca=BU308
aretes_plasticos.csv,324,BU313,,,,idem_vaca=BU313
aretes_plasticos.csv,325,BU66,,,,idem_vaca=BU66
aretes_plasticos.csv,326,BU72,,,,idem_vaca=BU72
aretes_plasticos.csv,327,BU75,,,,idem_vaca=BU75
aretes_plasticos.csv,328,BU82,,,,idem_vaca=BU82
aretes_plasticos.csv,329,BU83,,,,idem_vaca=BU83
aretes_plasticos.csv,330,BU84,,,,idem_vaca=BU84
aretes_plasticos.csv,331,BU67,,,,idem_vaca=BU67
aretes_plasticos.csv,332,BU69,,,,idem_vaca=BU69
aretes_plasticos.csv,333,BU76,,,,idem_vaca=BU76
aretes_plasticos.csv,334,BU79,,,,idem_vaca=BU79
aretes_plasticos.csv,335,BU84,,,,idem_vaca=BU84
aretes_plasticos.csv,336,BU92,,,,idem_vaca=BU92
aretes_plasticos.csv,337,en blanco,,,,idem_vaca=22192
aretes_plasticos.csv,338,en blanco,,,,idem_vaca=22205
aretes_plasticos.csv,339,en blanco,,,,idem_vaca=23019
aretes_plasticos.csv,340,en blanco,,,,idem_vaca=23028
aretes_plasticos.csv,341,en blanco,,,,idem_vaca=23058
aretes_plasticos.csv,342,en blanco,,,,idem_vaca=23063
aretes_plasticos.csv,343,en blanco,,,,idem_vaca=23078
aretes_plasticos.csv,344,en blanco,,,,idem_vaca=23084
aretes_plasticos.csv,345,en blanco,,,,idem_vaca=23085
aretes_plasticos.csv,346,en blanco,,,,idem_vaca=23088
aretes_plasticos.csv,347,en blanco,,,,idem_vaca=23090
aretes_plasticos.csv,348,en blanco,,,,idem_vaca=23095
aretes_plasticos.csv,349,en blanco,,,,idem_vaca=23096
aretes_plasticos.csv,350,en blanco,,,,idem_vaca=23100
aretes_plasticos.csv,351,en blanco,,,,idem_vaca=23102
aretes_plasticos.csv,352,blanco,,,,idem_vaca=23085
aretes_plasticos.csv,353,blanco,,,,idem_vaca=23116
aretes_plasticos.csv,354,BU006,,,,idem_vaca=BU006
aretes_plasticos.csv,355,BU035,,,,idem_vaca=BU035
aretes_plasticos.csv,356,BU2502,,,,idem_vaca=BU2502
aretes_plasticos.csv,357,BU2504,,,,idem_vaca=BU2504
aretes_plasticos.csv,358,BU2505,,,,idem_vaca=BU2505
aretes_plasticos.csv,359,BU2506,,,,idem_vaca=BU2506
aretes_plasticos.csv,360,BU2507,,,,idem_vaca=BU2507
aretes_plasticos.csv,361,BU2509,,,,idem_vaca=BU2509
aretes_plasticos.csv,362,BU2510,,,,idem_vaca=BU2510
aretes_plasticos.csv,363,BU2511,,,,idem_vaca=BU2511
aretes_plasticos.csv,364,BU2512,,,,idem_vaca=BU2512
aretes_plasticos.csv,365,BU2513,,,,idem_vaca=BU2513
aretes_plasticos.csv,366,BU2514,,,,idem_vaca=BU2514
aretes_plasticos.csv,367,BU2515,,,,idem_vaca=BU2515
aretes_plasticos.csv,368,BU2517,,,,idem_vaca=BU2517
aretes_plasticos.csv,369,BU2518,,,,idem_vaca=BU2518
aretes_plasticos.csv,370,BU2519,,,,idem_vaca=BU2519
aretes_plasticos.csv,371,BU2520,,,,idem_vaca=BU2520
aretes_plasticos.csv,372,BU2522,,,,idem_vaca=BU2522
aretes_plasticos.csv,373,BU2523,,,,idem_vaca=BU2523
aretes_plasticos.csv,374,BU2524,,,,idem_vaca=BU2524
aretes_plasticos.csv,375,BU2525,,,,idem_vaca=BU2525
aretes_plasticos.csv,376,BU2526,,,,idem_vaca=BU2526
aretes_plasticos.csv,377,BU2528,,,,idem_vaca=BU2528
aretes_plasticos.csv,378,BU2529,,,,idem_vaca=BU2529
aretes_plasticos.csv,379,BU2530,,,,idem_vaca=BU2530
aretes_plasticos.csv,380,BU2531,,,,idem_vaca=BU2531
aretes_plasticos.csv,381,BU2532,,,,idem_vaca=BU2532
aretes_plasticos.csv,382,BU349,,,,idem_vaca=BU349
aretes_plasticos.csv,383,BU2508,,,,idem_vaca=BU2508
aretes_plasticos.csv,384,BU2516,,,,idem_vaca=BU2516
aretes_plasticos.csv,385,BLANCO,,,,idem_vaca=23063
aretes_plasticos.csv,386,BLANCO,,,,idem_vaca=23120
aretes_plasticos.csv,387,BLANCO,,,,idem_vaca=24029
cowpro.csv,2,,801098,0411,,id_animal=1180
cowpro.csv,3,,801096,0386,,id_animal=1190
cowpro.csv,4,,801036,0358,,id_animal=1207
cowpro.csv,5,,801018,0000,,id_animal=2060
cowpro.csv,6,,802487,0000,,id_animal=0271
cowpro.csv,7,,801067,0000,,id_animal=24002
cowpro.csv,8,,801099,0000,,id_animal=0216A
cowpro.csv,9,,801085,0000,,id_animal=2065
cowpro.csv,10,,801009,0000,,id_animal=23223
cowpro.csv,11,,809811,0000,,id_animal=7074
cowpro.csv,12,,801051,0000,,id_animal=80121
cowpro.csv,13,,802403,0000,,id_animal=6042
cowpro.csv,14,,801030,0000,,id_animal=2054
cowpro.csv,15,,802438,0000,,id_animal=0206A
cowpro.csv,16,,801060,0000,,id_animal=2037
cowpro.csv,17,,801309,0000,,id_animal=0111
cowpro.csv,18,,801069,0000,,id_animal=2048
cowpro.csv,19,,801084,0000,,id_animal=0198
cowpro.csv,20,,801032,0000,,id_animal=2027
cowpro.csv,21,,801039,0000,,id_animal=1166
cowpro.csv,22,,801040,0000,,id_animal=1148
cowpro.csv,23,,801082,0000,,id_animal=1154
cowpro.csv,24,,801015,0000,,id_animal=4072
cowpro.csv,25,,801083,0000,,id_animal=9024
cowpro.csv,26,,801089,0000,,id_animal=2063A
cowpro.csv,27,,151302,0000,,id_animal=8045
cowpro.csv,28,,802481,0000,,id_animal=2196A
cowpro.csv,29,,751316,0000,,id_animal=2226
cowpro.csv,30,,801087,0000,,id_animal=91171
cowpro.csv,31,,751312,0000,,id_animal=7087
cowpro.csv,32,,751306,0000,,id_animal=2171
cowpro.csv,33,,751301,0000,,id_animal=8036
cowpro.csv,34,,801038,0000,,id_animal=0258
cowpro.csv,35,,801062,0000,,id_animal=2023
cowpro.csv,36,,801031,0000,,id_animal=8062
cowpro.csv,37,,801010,0000,,id_animal=9006
cowpro.csv,38,,801035,0000,,id_animal=9076
cowpro.csv,39,,801090,0000,,id_animal=22195
cowpro.csv,40,,801019,0000,,id_animal=23094
cowpro.csv,41,,801026,0000,,id_animal=23125
cowpro.csv,42,,801091,0000,,id_animal=23148
cowpro.csv,43,,801075,0000,,id_animal=23246
cowpro.csv,44,,801063,0000,,id_animal=24006
cowpro.csv,45,,801076,0000,,id_animal=24007
cowpro.csv,46,,801096,0000,,id_animal=1190
cowpro.csv,47,,801064,0000,,id_animal=1165
cowpro.csv,48,,801036,0000,,id_animal=1207
cowpro.csv,49,,801006,0000,,id_animal=0204B
cowpro.csv,50,,801028,0000,,id_animal=0293
cowpro.csv,51,,801001,0000,,id_animal=1027
cowpro.csv,52,,801052,0000,,id_animal=1096A
cowpro.csv,53,,801057,0000,,id_animal=1101
cowpro.csv,54,,801098,0000,,id_animal=1180
cowpro.csv,55,,802494,0000,,id_animal=0355
cowpro.csv,56,,801044,0000,,id_animal=4018
cowpro.csv,57,,751307,0000,,id_animal=2090A
cowpro.csv,58,,801078,0000,,id_animal=0127
cowpro.csv,59,,801053,0000,,id_animal=2203
cowpro.csv,60,,751318,0000,,id_animal=5033
cowpro.csv,61,,801004,0000,,id_animal=23238
cowpro.csv,62,,801024,0000,,id_animal=2080
cowpro.csv,63,,801043,0000,,id_animal=8017
cowpro.csv,64,,801093,0000,,id_animal=SN50
cowpro.csv,65,,751303,0000,,id_animal=2096
cowpro.csv,66,,751310,0000,,id_animal=7028
cowpro.csv,67,,801050,0000,,id_animal=2180A
cowpro.csv,68,,802481,0157,,id_animal=2196A
cowpro.csv,69,,751306,0393,,id_animal=2171
cowpro.csv,70,,751316,0452,,id_animal=2226
cowpro.csv,71,,751310,0461,,id_animal=7028
cowpro.csv,72,,751318,0255,,id_animal=5033
cowpro.csv,73,,751301,0341,,id_animal=8036
cowpro.csv,74,,751303,0422,,id_animal=2096
cowpro.csv,75,,751312,0477,,id_animal=7087
cowpro.csv,76,,751307,0236,,id_animal=2090A
cowpro.csv,77,,151302,0434,,id_animal=8045
cowpro.csv,78,,801309,0463,,id_animal=0111
cowpro.csv,79,,802438,0303,,id_animal=0206A
cowpro.csv,80,,801038,0429,,id_animal=0258
cowpro.csv,81,,802487,0340,,id_animal=0271
cowpro.csv,82,,801070,0496,,id_animal=0323
cowpro.csv,83,,802494,0198,,id_animal=0355
cowpro.csv,84,,801062,0426,,id_animal=2023
cowpro.csv,85,,801034,0269,,id_animal=2047
cowpro.csv,86,,801069,0384,,id_animal=2048
cowpro.csv,87,,802453,0182,,id_animal=2052
cowpro.csv,88,,801024,0319,,id_animal=2080
cowpro.csv,89,,801050,0468,,id_animal=2180A
cowpro.csv,90,,802468,0282,,id_animal=4141
cowpro.csv,91,,801051,0354,,id_animal=80121
cowpro.csv,92,,801031,0420,,id_animal=8062
cowpro.csv,93,,801010,0190,,id_animal=9006
cowpro.csv,94,,801022,0168,,id_animal=9011
cowpro.csv,95,,801035,0276,,id_animal=9076
cowpro.csv,96,,802403,0170,,id_animal=6042
cowpro.csv,97,,801053,0252,,id_animal=2203
cowpro.csv,98,,801080,0478,,id_animal=1023
cowpro.csv,99,,801060,0251,,id_animal=2037
cowpro.csv,100,,801018,0456,,id_animal=2060
cowpro.csv,101,,801085,0199,,id_animal=2065
cowpro.csv,102,,801087,0266,,id_animal=50501
cowpro.csv,103,,801095,0338,,id_animal=6037
cowpro.csv,104,,801066,0211,,id_animal=8067
cowpro.csv,105,,801021,0525,,id_animal=9126A
cowpro.csv,106,,801097,0301,,id_animal=9192
cowpro.csv,107,,801007,0492,,id_animal=EMB 5
cowpro.csv,108,,801037,0421,,id_animal=2040
cowpro.csv,109,,801089,0516,,id_animal=2063A
cowpro.csv,110,,801044,0202,,id_animal=4018
cowpro.csv,111,,801015,0436,,id_animal=4072
cowpro.csv,112,,809811,0224,,id_animal=7074
cowpro.csv,113,,801043,0322,,id_animal=8017
cowpro.csv,114,,801079,0345,,id_animal=8046
cowpro.csv,115,,801094,0383,,id_animal=809
cowpro.csv,116,,801083,0331,,id_animal=9024
cowpro.csv,117,,801087,0410,,id_animal=91171
cowpro.csv,118,,801032,0423,,id_animal=2027
cowpro.csv,119,,801080,0000,,id_animal=1023
cowpro.csv,120,,801065,0000,,id_animal=2056
cowpro.csv,121,,801070,0000,,id_animal=0323
cowpro.csv,122,,801007,0000,,id_animal=EMB 5
cowpro.csv,123,,801079,0000,,id_animal=8046
cowpro.csv,124,,,0331,,id_animal=2021
cowpro.csv,125,,751316,0516,,id_animal=2226
cowpro.csv,126,,,0431,,id_animal=2124A
cowpro.csv,127,,,0329,,id_animal=2143
cowpro.csv,128,,,0410,,id_animal=7067
cowpro.csv,129,,,0319,,id_animal=6043
cowpro.csv,130,,,0393,,id_animal=3021A
cowpro.csv,131,,,0219,,id_animal=2050
cowpro.csv,132,,751301,0270,,id_animal=8036
cowpro.csv,133,,,0190,,id_animal=5150
cowpro.csv,134,,801034,0000,,id_animal=2047
cowpro.csv,135,,,0463,,id_animal=1091A
cowpro.csv,136,,,0364,,id_animal=2072
cowpro.csv,137,,809811,0202,,id_animal=7074
cowpro.csv,138,,,0276,,id_animal=0259
cowpro.csv,139,,,0401,,id_animal=7017
cowpro.csv,140,,801097,0000,,id_animal=9192
cowpro.csv,141,,,0253,,id_animal=22192
cowpro.csv,142,,,0478,,id_animal=22205
cowpro.csv,143,,,0417,,id_animal=23019
cowpro.csv,144,,,0210,,id_animal=23028
cowpro.csv,145,,,0349,,id_animal=23058
cowpro.csv,146,,,0208,,id_animal=23063
cowpro.csv,147,,,0437,,id_animal=23078
cowpro.csv,148,,,0258,,id_animal=23084
cowpro.csv,149,,,0264,,id_animal=23085
cowpro.csv,150,,,0229,,id_animal=23088
cowpro.csv,151,,,0482,,id_animal=23090
cowpro.csv,152,,,0355,,id_animal=23095
cowpro.csv,153,,,0200,,id_animal=23096
cowpro.csv,154,,,0248,,id_animal=23100
cowpro.csv,155,,,0217,,id_animal=23102
cowpro.csv,156,,,0000,,id_animal=23085
cowpro.csv,157,,,000,,id_animal=2124A
cowpro.csv,158,,,0000,,id_animal=2072
cowpro.csv,159,,801086,0000,,id_animal=2204
cowpro.csv,160,,546776,,,id_animal=BU006
cowpro.csv,161,,546830,,,id_animal=BU019
cowpro.csv,162,,546828,,,id_animal=BU035
cowpro.csv,163,,546787,,,id_animal=BU036
cowpro.csv,164,,546836,,,id_animal=BU053
cowpro.csv,165,,546782,,,id_animal=BU057
cowpro.csv,166,,546806,,,id_animal=BU062
cowpro.csv,167,,801072,,,id_animal=BU073
cowpro.csv,168,,801061,,,id_animal=BU082
cowpro.csv,169,,801071,,,id_animal=BU085
cowpro.csv,170,,546800,,,id_animal=BU106
cowpro.csv,171,,546760,,,id_animal=BU2502
cowpro.csv,172,,546790,,,id_animal=BU2504
cowpro.csv,173,,546769,,,id_animal=BU2505
cowpro.csv,174,,546781,,,id_animal=BU2506
cowpro.csv,175,,546792,,,id_animal=BU2507
cowpro.csv,176,,546829,,,id_animal=BU2509
cowpro.csv,177,,546777,,,id_animal=BU2510
cowpro.csv,178,,546799,,,id_animal=BU2511
cowpro.csv,179,,546813,,,id_animal=BU2512
cowpro.csv,180,,546849,,,id_animal=BU2513
cowpro.csv,181,,546808,,,id_animal=BU2514
cowpro.csv,182,,546802,,,id_animal=BU2515
cowpro.csv,183,,546805,,,id_animal=BU2517
cowpro.csv,184,,546796,,,id_animal=BU2518
cowpro.csv,185,,546786,,,id_animal=BU2519
cowpro.csv,186,,546770,,,id_animal=BU2520
cowpro.csv,187,,546803,,,id_animal=BU2522
cowpro.csv,188,,546793,,,id_animal=BU2523
cowpro.csv,189,,546795,,,id_animal=BU2524
cowpro.csv,190,,546839,,,id_animal=BU2525
cowpro.csv,191,,546785,,,id_animal=BU2526
cowpro.csv,192,,546825,,,id_animal=BU2528
cowpro.csv,193,,546807,,,id_animal=BU2529
cowpro.csv,194,,546801,,,id_animal=BU2530
cowpro.csv,195,,546822,,,id_animal=BU2531
cowpro.csv,196,,546797,,,id_animal=BU2532
cowpro.csv,197,,546763,,,id_animal=BU316
cowpro.csv,198,,546761,,,id_animal=BU320
cowpro.csv,199,,546759,,,id_animal=BU329
cowpro.csv,200,,546817,,,id_animal=BU332
cowpro.csv,201,,801020,,,id_animal=BU333
cowpro.csv,202,,546764,,,id_animal=BU334
cowpro.csv,203,,546798,,,id_animal=BU335
cowpro.csv,204,,546838,,,id_animal=BU338
cowpro.csv,205,,546837,,,id_animal=BU339
cowpro.csv,206,,546753,,,id_animal=BU340
cowpro.csv,207,,801099,,,id_animal=BU341
cowpro.csv,208,,546772,,,id_animal=BU342
cowpro.csv,209,,801054,,,id_animal=BU343
cowpro.csv,210,,546848,,,id_animal=BU344
cowpro.csv,211,,546850,,,id_animal=BU345
cowpro.csv,212,,546845,,,id_animal=BU346
cowpro.csv,213,,546834,,,id_animal=BU347
cowpro.csv,214,,546819,,,id_animal=BU348
cowpro.csv,215,,546791,,,id_animal=BU349
cowpro.csv,216,,546755,,,id_animal=BU351
cowpro.csv,217,,801013,,,id_animal=BU355
cowpro.csv,218,,801017,,,id_animal=BU359
cowpro.csv,219,,546765,,,id_animal=BU362
cowpro.csv,220,,546821,,,id_animal=BU373
cowpro.csv,221,,546768,,,id_animal=BU378
cowpro.csv,222,,801029,,,id_animal=BU379
cowpro.csv,223,,546778,,,id_animal=BU2508
cowpro.csv,224,,546784,,,id_animal=BU2516
cowpro.csv,225,,,7216,,id_animal=22192
cowpro.csv,226,,,6821,,id_animal=22205
cowpro.csv,227,,,7754,,id_animal=23028
cowpro.csv,228,,,7565,,id_animal=23058
cowpro.csv,229,,,6941,,id_animal=23063
cowpro.csv,230,,,6831,,id_animal=23078
cowpro.csv,231,,,7810,,id_animal=23084
cowpro.csv,232,,,6777,,id_animal=23088
cowpro.csv,233,,,7369,,id_animal=23090
cowpro.csv,234,,,7925,,id_animal=23095
cowpro.csv,235,,,7791,,id_animal=23096
cowpro.csv,236,,,6722,,id_animal=23100
cowpro.csv,237,,,7339,,id_animal=23102
cowpro.csv,238,,,0000,,id_animal=23028
cowpro.csv,239,,,0000,,id_animal=23063
cowpro.csv,240,,,0000,,id_animal=23084
cowpro.csv,241,,,0000,,id_animal=23088
cowpro.csv,242,,,0000,,id_animal=23090
cowpro.csv,243,,,0000,,id_animal=23100
cowpro.csv,244,,,0000,,id_animal=23102
cowpro.csv,245,,,0000,,id_animal=23078
cowpro.csv,246,,801050,7345,,id_animal=2180A
cowpro.csv,247,,801050,0000,,id_animal=2180A
cowpro.csv,248,,,6724,,id_animal=0333
cowpro.csv,249,,,7994,,id_animal=3026A
cowpro.csv,250,,801034,7743,,id_animal=2047
cowpro.csv,251,,,7738,,id_animal=0336
cowpro.csv,252,,546758,,,id_animal=BU78
cowpro.csv,253,,546831,,,id_animal=BU79
cowpro.csv,254,,46757,,,id_animal=BU356
cowpro.csv,255,,546833,,,id_animal=BU360
cowpro.csv,256,,546767,,,id_animal=BU363
cowpro.csv,257,,546815,,,id_animal=BU365
cowpro.csv,258,,46779,,,id_animal=BU370
cowpro.csv,259,,46752,,,id_animal=BU371
cowpro.csv,260,,46775,,,id_animal=BU375
cowpro.csv,261,,,0000,,id_animal=23019
cowpro.csv,262,,809811,0000,,id_animal=7074
cowpro.csv,263,,801090,0351,,id_animal=22195
cowpro.csv,264,,801019,0223,,id_animal=23094
cowpro.csv,265,,801026,0275,,id_animal=23125
cowpro.csv,266,,801091,0329,,id_animal=23148
cowpro.csv,267,,801009,0431,,id_animal=23223
cowpro.csv,268,,801004,0285,,id_animal=23238
cowpro.csv,269,,801075,0241,,id_animal=23246
cowpro.csv,270,,801067,0504,,id_animal=24002
cowpro.csv,271,,801063,0405,,id_animal=24006
cowpro.csv,272,,801076,0296,,id_animal=24007
cowpro.csv,273,,801005,,,id_animal=BU048
cowpro.csv,274,,801049,,,id_animal=BU076
cowpro.csv,275,,801061,,,id_animal=BU078
cowpro.csv,276,,801033,,,id_animal=BU312
cowpro.csv,277,,801023,,,id_animal=BU318
cowpro.csv,278,,801074,,,id_animal=BU324
cowpro.csv,279,,801048,,,id_animal=BU353
cowpro.csv,280,,801081,,,id_animal=BU354
cowpro.csv,281,,801058,,,id_animal=BU357
cowpro.csv,282,,801003,,,id_animal=BU358
cowpro.csv,283,,801088,,,id_animal=BU363
cowpro.csv,284,,801068,,,id_animal=BU366
cowpro.csv,285,,801073,,,id_animal=BU368
cowpro.csv,286,,801012,,,id_animal=BU369
cowpro.csv,287,,801047,,,id_animal=BU372
cowpro.csv,288,,801042,,,id_animal=BU376
cowpro.csv,289,,801046,,,id_animal=BU377
cowpro.csv,290,,801100,,,id_animal=BU68
cowpro.csv,291,,801008,,,id_animal=BU70
cowpro.csv,292,,801025,,,id_animal=BU71
cowpro.csv,293,,801016,,,id_animal=BU72
cowpro.csv,294,,801092,,,id_animal=BU76
cowpro.csv,295,,801041,,,id_animal=BU85
cowpro.csv,296,,801002,,,id_animal=BU88
cowpro.csv,297,,801014,,,id_animal=BU89
cowpro.csv,298,,801056,,,id_animal=BU92
cowpro.csv,299,,801055,,,id_animal=BU93
cowpro.csv,300,,801059,,,id_animal=BU82
cowpro.csv,301,,801078,0248,,id_animal=0127
cowpro.csv,302,,801006,0258,,id_animal=0204B
cowpro.csv,303,,801027,0205,,id_animal=1055A
cowpro.csv,304,,801052,0193,,id_animal=1096A
cowpro.csv,305,,801030,0219,,id_animal=2054
cowpro.csv,306,,801065,0482,,id_animal=2056
cowpro.csv,307,,801093,0389,,id_animal=SN50
cowpro.csv,308,,801028,0162,,id_animal=0293
cowpro.csv,309,,801039,0270,,id_animal=1166
cowpro.csv,310,,801086,0254,,id_animal=2204
cowpro.csv,311,,801084,0320,,id_animal=0198
cowpro.csv,312,,801099,0364,,id_animal=0216A
cowpro.csv,313,,801001,0228,,id_animal=1027
cowpro.csv,314,,801057,0349,,id_animal=1101
cowpro.csv,315,,801040,0302,,id_animal=1148
cowpro.csv,316,,801082,0401,,id_animal=1154
cowpro.csv,317,,801064,0508,,id_animal=1165
cowpro.csv,318,,,0000,,id_animal=2050
cowpro.csv,319,,,0000,,id_animal=23095
cowpro.csv,320,,,0000,,id_animal=23096
cowpro.csv,321,,,0000,,id_animal=22205
cowpro.csv,322,,,0000,,id_animal=22192
cowpro.csv,323,,,0000,,id_animal=23096
cowpro.csv,324,,,0000,,id_animal=23058
cowpro.csv,325,,546774,,,id_animal=BU75
cowpro.csv,326,,546835,,,id_animal=BU83
cowpro.csv,327,,,0000,,id_animal=23139
cowpro.csv,328,,,0000,,id_animal=23053
cowpro.csv,329,,801034,0000,,id_animal=2047
cowpro.csv,330,,,0000,,id_animal=23085
cowpro.csv,331,,,0000,,id_animal=0259
cowpro.csv,332,,,0000,,id_animal=1091A
cowpro.csv,333,,751316,0000,,id_animal=2226
cowpro.csv,334,,,0000,,id_animal=7067
cowpro.csv,335,,,0000,,id_animal=5150
cowpro.csv,336,,,0000,,id_animal=2021
cowpro.csv,337,,751301,0000,,id_animal=8036
cowpro.csv,338,,,0000,,id_animal=3021A
cowpro.csv,339,,,0000,,id_animal=0336
cowpro.csv,340,,,0000,,id_animal=6043
cowpro.csv,341,,801037,0000,,id_animal=2040
cowpro.csv,342,,,6929,,id_animal=23020
cowpro.csv,343,,,6968,,id_animal=23053
cowpro.csv,344,,,80019570,,id_animal=23116
cowpro.csv,345,,,6940,,id_animal=23120
cowpro.csv,346,,,6980,,id_animal=23212
cowpro.csv,347,,,6881,,id_animal=23116
cowpro.csv,348,,801095,0000,,id_animal=6037
cowpro.csv,349,,546846,,,id_animal=BU94
cowpro.csv,350,,546842,,,id_animal=BU315
cowpro.csv,351,,,0000,,id_animal=2143
cowpro.csv,352,,,0000,,id_animal=23053
cowpro.csv,353,,546811,,,id_animal=BU325
cowpro.csv,354,,546771,,,id_animal=BU009
cowpro.csv,355,,546810,,,id_animal=BU84
cowpro.csv,356,,546820,,,id_animal=BU69
cowpro.csv,357,,546814,,,id_animal=BU374
cowpro.csv,358,,546841,,,id_animal=BU091
cowpro.csv,359,,546754,,,id_animal=BU092
cowpro.csv,360,,546818,,,id_animal=BU095
cowpro.csv,361,,546812,,,id_animal=BU099
cowpro.csv,362,,546756,,,id_animal=BU20
cowpro.csv,363,,546783,,,id_animal=BU301
cowpro.csv,364,,546773,,,id_animal=BU303
cowpro.csv,365,,546789,,,id_animal=BU304
cowpro.csv,366,,546826,,,id_animal=BU306
cowpro.csv,367,,546804,,,id_animal=BU313
cowpro.csv,368,,546766,,,id_animal=BU322
cowpro.csv,369,,546840,,,id_animal=BU323
cowpro.csv,370,,546816,,,id_animal=BU328
cowpro.csv,371,,546788,,,id_animal=BU67
cowpro.csv,372,,,7224,,id_animal=23020
cowpro.csv,373,,,7225,,id_animal=23053
cowpro.csv,374,,,6670,,id_animal=23063
cowpro.csv,375,,,7176,,id_animal=23118
cowpro.csv,376,,,7624,,id_animal=23120
cowpro.csv,377,,,6731,,id_animal=23156
cowpro.csv,378,,,7077,,id_animal=23165
cowpro.csv,379,,,6726,,id_animal=23212
cowpro.csv,380,,,7355,,id_animal=24029
cowpro.csv,381,,,6928,,id_animal=23116
cowpro.csv,382,,,6628,,id_animal=23125
cowpro.csv,383,,,6640,,id_animal=23237
cowpro.csv,384,,,6741,,id_animal=24021
cowpro.csv,385,,,7809,,id_animal=23232
cowpro.csv,386,,,7825,,id_animal=23139
cowpro.csv,387,,,7838,,id_animal=23246
cowpro.csv,388,,,7225,,id_animal=23053
hierro.csv,2,,,,LA,nro_animal=24119
hierro.csv,3,,,,LA,nro_animal=24101
hierro.csv,4,,,,LA,nro_animal=24025
hierro.csv,5,,,,LA,nro_animal=24091
hierro.csv,6,,,,LA,nro_animal=24047
hierro.csv,7,,,,LA,nro_animal=24105
hierro.csv,8,,,,LA,nro_animal=24097
hierro.csv,9,,,,LA,nro_animal=24089
hierro.csv,10,,,,LA,nro_animal=24111
hierro.csv,11,,,,LA,nro_animal=24096
hierro.csv,12,,,,LA,nro_animal=24085
hierro.csv,13,,,,LA,nro_animal=24075
hierro.csv,14,,,,LA,nro_animal=24095
hierro.csv,15,,,,LA,nro_animal=24082
hierro.csv,16,,,,LA,nro_animal=24079
hierro.csv,17,,,,LA,nro_animal=24066
hierro.csv,18,,,,LA,nro_animal=24071
hierro.csv,19,,,,LA,nro_animal=24116
hierro.csv,20,,,,LA,nro_animal=24067
hierro.csv,21,,,,LA,nro_animal=24076
hierro.csv,22,,,,LA,nro_animal=24087
hierro.csv,23,,,,LA,nro_animal=24044
hierro.csv,24,,,,LA,nro_animal=24077
hierro.csv,25,,,,LA,nro_animal=24136
hierro.csv,26,,,,LA,nro_animal=24099
hierro.csv,27,,,,LA,nro_animal=24110
hierro.csv,28,,,,LA,nro_animal=24049
hierro.csv,29,,,,LA,nro_animal=24125
hierro.csv,30,,,,LA,nro_animal=24030
hierro.csv,31,,,,LA,nro_animal=24120
hierro.csv,32,,,,LA,nro_animal=24092
hierro.csv,33,,,,LA,nro_animal=24065
hierro.csv,34,,,,LA,nro_animal=24098
hierro.csv,35,,,,LA,nro_animal=24090
hierro.csv,36,,,,LA,nro_animal=24123
hierro.csv,37,,,,LA,nro_animal=24063
hierro.csv,38,,,,LA,nro_animal=24036
hierro.csv,39,,,,LA,nro_animal=24019
hierro.csv,40,,,,LA,nro_animal=23242
hierro.csv,41,,,,LA,nro_animal=23252
hierro.csv,42,,,,LA,nro_animal=24062
hierro.csv,43,,,,LA,nro_animal=23233
hierro.csv,44,,,,LA,nro_animal=24001
hierro.csv,45,,,,LA,nro_animal=24040
hierro.csv,46,,,,LA,nro_animal=23222
hierro.csv,47,,,,LA,nro_animal=24046
hierro.csv,48,,,,LA,nro_animal=24020
hierro.csv,49,,,,LA,nro_animal=23239
hierro.csv,50,,,,LA,nro_animal=23248
hierro.csv,51,,,,LA,nro_animal=BU67
hierro.csv,52,,,,LA,nro_animal=23130
hierro.csv,53,,,,LA,nro_animal=23157
hierro.csv,54,,,,LA,nro_animal=23158
hierro.csv,55,,,,LA,nro_animal=23178
hierro.csv,56,,,,LA,nro_animal=23181
hierro.csv,57,,,,LA,nro_animal=23186
hierro.csv,58,,,,LA,nro_animal=23196
hierro.csv,59,,,,LA,nro_animal=23197
hierro.csv,60,,,,LA,nro_animal=23198
hierro.csv,61,,,,LA,nro_animal=23206
hierro.csv,62,,,,LA,nro_animal=23207
hierro.csv,63,,,,LA,nro_animal=23208
hierro.csv,64,,,,LA,nro_animal=23214
hierro.csv,65,,,,LA,nro_animal=23217
hierro.csv,66,,,,LA,nro_animal=24012
hierro.csv,67,,,,LA,nro_animal=24013
hierro.csv,68,,,,LA,nro_animal=24015
hierro.csv,69,,,,LA,nro_animal=24029
hierro.csv,70,,,,LA,nro_animal=23235
hierro.csv,71,,,,LA,nro_animal=24037
hierro.csv,72,,,,LA,nro_animal=22116
hierro.csv,73,,,,LA,nro_animal=22119
hierro.csv,74,,,,LA,nro_animal=22149
hierro.csv,75,,,,LA,nro_animal=2141
hierro.csv,76,,,,LA,nro_animal=22126
hierro.csv,77,,,,LA,nro_animal=22120
hierro.csv,78,,,,LA,nro_animal=22150
hierro.csv,79,,,,LA,nro_animal=22121
hierro.csv,80,,,,LA,nro_animal=2145
hierro.csv,81,,,,LA,nro_animal=2137
hierro.csv,82,,,,LA,nro_animal=2154
hierro.csv,83,,,,LA,nro_animal=22125
hierro.csv,84,,,,LA,nro_animal=22115
hierro.csv,85,,,,LA,nro_animal=2155
hierro.csv,86,,,,LA,nro_animal=22157
hierro.csv,87,,,,LA,nro_animal=22122
hierro.csv,88,,,,LA,nro_animal=2162
hierro.csv,89,,,,LA,nro_animal=22132
hierro.csv,90,,,,LA,nro_animal=22164
hierro.csv,91,,,,LA,nro_animal=22166
hierro.csv,92,,,,LA,nro_animal=22135
hierro.csv,93,,,,LA,nro_animal=2063B
hierro.csv,94,,,,LA,nro_animal=22175
hierro.csv,95,,,,LA,nro_animal=22180
hierro.csv,96,,,,LA,nro_animal=22181
hierro.csv,97,,,,LA,nro_animal=22185
hierro.csv,98,,,,LA,nro_animal=22186
hierro.csv,99,,,,LA,nro_animal=22187
hierro.csv,100,,,,LA,nro_animal=22188
hierro.csv,101,,,,LA,nro_animal=22189
hierro.csv,102,,,,LA,nro_animal=22190
hierro.csv,103,,,,LA,nro_animal=22191
hierro.csv,104,,,,LA,nro_animal=22193
hierro.csv,105,,,,LA,nro_animal=22195
hierro.csv,106,,,,LA,nro_animal=22197
hierro.csv,107,,,,LA,nro_animal=22196
hierro.csv,108,,,,LA,nro_animal=22198
hierro.csv,109,,,,LA,nro_animal=22207
hierro.csv,110,,,,LA,nro_animal=22209
hierro.csv,111,,,,LA,nro_animal=22206
hierro.csv,112,,,,LA,nro_animal=22205
hierro.csv,113,,,,LA,nro_animal=23002
hierro.csv,114,,,,LA,nro_animal=23001
hierro.csv,115,,,,LA,nro_animal=23004
hierro.csv,116,,,,LA,nro_animal=23006
hierro.csv,117,,,,LA,nro_animal=23005
hierro.csv,118,,,,LA,nro_animal=2095
hierro.csv,119,,,,LA,nro_animal=2107
hierro.csv,120,,,,LA,nro_animal=2200
hierro.csv,121,,,,LA,nro_animal=2101
hierro.csv,122,,,,LA,nro_animal=2102
hierro.csv,123,,,,LA,nro_animal=23010
hierro.csv,124,,,,LA,nro_animal=1501
hierro.csv,125,,,,LA,nro_animal=23013
hierro.csv,126,,,,LA,nro_animal=23014
hierro.csv,127,,,,LA,nro_animal=23015
hierro.csv,128,,,,LA,nro_animal=23016
hierro.csv,129,,,,LA,nro_animal=23020
hierro.csv,130,,,,LA,nro_animal=23021
hierro.csv,131,,,,LA,nro_animal=23022
hierro.csv,132,,,,LA,nro_animal=23023
hierro.csv,133,,,,LA,nro_animal=23034
hierro.csv,134,,,,LA,nro_animal=23035
hierro.csv,135,,,,LA,nro_animal=23036
hierro.csv,136,,,,LA,nro_animal=23037
hierro.csv,137,,,,LA,nro_animal=23040
hierro.csv,138,,,,LA,nro_animal=23043
hierro.csv,139,,,,LA,nro_animal=23048
hierro.csv,140,,,,LA,nro_animal=23063
hierro.csv,141,,,,LA,nro_animal=23072
hierro.csv,142,,,,LA,nro_animal=23078
hierro.csv,143,,,,LA,nro_animal=23080
hierro.csv,144,,,,LA,nro_animal=22172
hierro.csv,145,,,,LA,nro_animal=23093
hierro.csv,146,,,,LA,nro_animal=23095
hierro.csv,147,,,,LA,nro_animal=23106
hierro.csv,148,,,,LA,nro_animal=23111
hierro.csv,149,,,,LA,nro_animal=23114
hierro.csv,150,,,,LA,nro_animal=23115
hierro.csv,151,,,,LA,nro_animal=23116
hierro.csv,152,,,,LA,nro_animal=23121
hierro.csv,153,,,,LA,nro_animal=23129
hierro.csv,154,,,,LG,nro_animal=1048A
hierro.csv,155,,,,LG,nro_animal=0103
hierro.csv,156,,,,LG,nro_animal=1207
hierro.csv,157,,,,LG,nro_animal=1055
hierro.csv,158,,,,LG,nro_animal=1069
hierro.csv,159,,,,LG,nro_animal=1154
hierro.csv,160,,,,LG,nro_animal=1043
hierro.csv,161,,,,LG,nro_animal=0210
hierro.csv,162,,,,LG,nro_animal=1189
hierro.csv,163,,,,LG,nro_animal=0109
hierro.csv,164,,,,LG,nro_animal=1131
hierro.csv,165,,,,LG,nro_animal=9264
hierro.csv,166,,,,LG,nro_animal=1163
hierro.csv,167,,,,LG,nro_animal=1068
hierro.csv,168,,,,LG,nro_animal=1070
hierro.csv,169,,,,LG,nro_animal=1053
hierro.csv,170,,,,LG,nro_animal=1237
hierro.csv,171,,,,LG,nro_animal=1336
hierro.csv,172,,,,LG,nro_animal=1141
hierro.csv,173,,,,LG,nro_animal=1161A
hierro.csv,174,,,,LG,nro_animal=1148
hierro.csv,175,,,,LG,nro_animal=0118A
hierro.csv,176,,,,LG,nro_animal=0221A
hierro.csv,177,,,,LG,nro_animal=1041
hierro.csv,178,,,,LG,nro_animal=1136
hierro.csv,179,,,,LG,nro_animal=1097
hierro.csv,180,,,,LG,nro_animal=1182
hierro.csv,181,,,,LG,nro_animal=1090
hierro.csv,182,,,,LG,nro_animal=1095
hierro.csv,183,,,,LG,nro_animal=1190
hierro.csv,184,,,,LG,nro_animal=1156
hierro.csv,185,,,,LG,nro_animal=0216A
hierro.csv,186,,,,LG,nro_animal=0196
hierro.csv,187,,,,LG,nro_animal=1063A
hierro.csv,188,,,,LG,nro_animal=1165
hierro.csv,189,,,,LG,nro_animal=1082
hierro.csv,190,,,,LG,nro_animal=1030
hierro.csv,191,,,,LG,nro_animal=1084
hierro.csv,192,,,,LG,nro_animal=1060
hierro.csv,193,,,,LG,nro_animal=1219
hierro.csv,194,,,,LG,nro_animal=1186
hierro.csv,195,,,,LG,nro_animal=1238
hierro.csv,196,,,,LG,nro_animal=1215
hierro.csv,197,,,,LG,nro_animal=1083
hierro.csv,198,,,,LG,nro_animal=1257
hierro.csv,199,,,,LG,nro_animal=0141
hierro.csv,200,,,,LG,nro_animal=1206
hierro.csv,201,,,,LG,nro_animal=1080
hierro.csv,202,,,,LG,nro_animal=1202
hierro.csv,203,,,,LG,nro_animal=1139
hierro.csv,204,,,,LG,nro_animal=1180
hierro.csv,205,,,,LG,nro_animal=1166
hierro.csv,206,,,,LG,nro_animal=1146
hierro.csv,207,,,,LG,nro_animal=1205
hierro.csv,208,,,,LG,nro_animal=1049
hierro.csv,209,,,,LG,nro_animal=2128
hierro.csv,210,,,,LG,nro_animal=1074A
hierro.csv,211,,,,LG,nro_animal=1008
hierro.csv,212,,,,LG,nro_animal=1047
hierro.csv,213,,,,LG,nro_animal=1037
hierro.csv,214,,,,LG,nro_animal=1052
hierro.csv,215,,,,LG,nro_animal=1213
hierro.csv,216,,,,LG,nro_animal=0195
hierro.csv,217,,,,LG,nro_animal=0208
hierro.csv,218,,,,LG,nro_animal=1187
hierro.csv,219,,,,LG,nro_animal=1214
hierro.csv,220,,,,LG,nro_animal=1142
hierro.csv,221,,,,LG,nro_animal=1096B
hierro.csv,222,,,,LG,nro_animal=0198
hierro.csv,223,,,,LG,nro_animal=1106
hierro.csv,224,,,,LG,nro_animal=0094A
hierro.csv,225,,,,LG,nro_animal=0178
hierro.csv,226,,,,LG,nro_animal=1134
hierro.csv,227,,,,LG,nro_animal=0004
hierro.csv,228,,,,LA,nro_animal=37
hierro.csv,229,,,,LG,nro_animal=1050
hierro.csv,230,,,,LG,nro_animal=0127
hierro.csv,231,,,,LG,nro_animal=1174
hierro.csv,232,,,,LG,nro_animal=1253
hierro.csv,233,,,,LG,nro_animal=1057
hierro.csv,234,,,,LG,nro_animal=0171
hierro.csv,235,,,,LG,nro_animal=1228
hierro.csv,236,,,,LG,nro_animal=1212
hierro.csv,237,,,,LG,nro_animal=1101
hierro.csv,238,,,,LG,nro_animal=1195
hierro.csv,239,,,,LG,nro_animal=0094
hierro.csv,240,,,,LG,nro_animal=1151
hierro.csv,241,,,,LG,nro_animal=1126
hierro.csv,242,,,,LG,nro_animal=1027
hierro.csv,243,,,,LG,nro_animal=1104
hierro.csv,244,,,,LG,nro_animal=1152
hierro.csv,245,,,,LG,nro_animal=1204
hierro.csv,246,,,,LG,nro_animal=1017
hierro.csv,247,,,,LG,nro_animal=1088
hierro.csv,248,,,,LG,nro_animal=0215
hierro.csv,249,,,,LA,nro_animal=0254
hierro.csv,250,,,,LG,nro_animal=1130
hierro.csv,251,,,,LG,nro_animal=1216
hierro.csv,252,,,,LG,nro_animal=1079A
hierro.csv,253,,,,LG,nro_animal=0204B
hierro.csv,254,,,,LG,nro_animal=0119
hierro.csv,255,,,,LG,nro_animal=1092
hierro.csv,256,,,,LG,nro_animal=1162
hierro.csv,257,,,,LG,nro_animal=1034
hierro.csv,258,,,,LG,nro_animal=0103A
hierro.csv,259,,,,LG,nro_animal=0185
hierro.csv,260,,,,LG,nro_animal=1046
hierro.csv,261,,,,LG,nro_animal=1098A
hierro.csv,262,,,,LG,nro_animal=1324
hierro.csv,263,,,,LG,nro_animal=1292
hierro.csv,264,,,,LG,nro_animal=0217
hierro.csv,265,,,,LA,nro_animal=2196A
hierro.csv,266,,,,LA,nro_animal=6043
hierro.csv,267,,,,LA,nro_animal=2171
hierro.csv,268,,,,LA,nro_animal=3021A
hierro.csv,269,,,,LA,nro_animal=2169
hierro.csv,270,,,,LA,nro_animal=2021
hierro.csv,271,,,,LA,nro_animal=60286
hierro.csv,272,,,,LA,nro_animal=3003A
hierro.csv,273,,,,LA,nro_animal=2226
hierro.csv,274,,,,LA,nro_animal=7028
hierro.csv,275,,,,LA,nro_animal=2133A
hierro.csv,276,,,,LA,nro_animal=2124A
hierro.csv,277,,,,LA,nro_animal=31102
hierro.csv,278,,,,LA,nro_animal=SNA
hierro.csv,279,,,,LA,nro_animal=2208A
hierro.csv,280,,,,LA,nro_animal=9389
hierro.csv,281,,,,LA,nro_animal=6035
hierro.csv,282,,,,LA,nro_animal=2148A
hierro.csv,283,,,,LA,nro_animal=3107
hierro.csv,284,,,,LA,nro_animal=0740
hierro.csv,285,,,,LA,nro_animal=2083
hierro.csv,286,,,,LA,nro_animal=3026A
hierro.csv,287,,,,LA,nro_animal=2234
hierro.csv,288,,,,LA,nro_animal=4007
hierro.csv,289,,,,LA,nro_animal=2050
hierro.csv,290,,,,LA,nro_animal=4079
hierro.csv,291,,,,LA,nro_animal=4101
hierro.csv,292,,,,LA,nro_animal=3750
hierro.csv,293,,,,LA,nro_animal=2047
hierro.csv,294,,,,LA,nro_animal=5033
hierro.csv,295,,,,LA,nro_animal=4147
hierro.csv,296,,,,LA,nro_animal=6011
hierro.csv,297,,,,LA,nro_animal=4087
hierro.csv,298,,,,LA,nro_animal=4151
hierro.csv,299,,,,LA,nro_animal=2094A
hierro.csv,300,,,,LA,nro_animal=3024A
hierro.csv,301,,,,LA,nro_animal=2219
hierro.csv,302,,,,LA,nro_animal=4055
hierro.csv,303,,,,LA,nro_animal=2063A
hierro.csv,304,,,,LA,nro_animal=1015
hierro.csv,305,,,,LA,nro_animal=2149A
hierro.csv,306,,,,LA,nro_animal=5010
hierro.csv,307,,,,LA,nro_animal=5679
hierro.csv,308,,,,LA,nro_animal=7083
hierro.csv,309,,,,LA,nro_animal=0128
hierro.csv,310,,,,LA,nro_animal=9605
hierro.csv,311,,,,LA,nro_animal=4018
hierro.csv,312,,,,LA,nro_animal=50741
hierro.csv,313,,,,LA,nro_animal=5144
hierro.csv,314,,,,LA,nro_animal=S/NB
hierro.csv,315,,,,LA,nro_animal=3066A
hierro.csv,316,,,,LA,nro_animal=3066B
hierro.csv,317,,,,LA,nro_animal=6021
hierro.csv,318,,,,LA,nro_animal=4025
hierro.csv,319,,,,LA,nro_animal=5070
hierro.csv,320,,,,puro/LA,nro_animal=EMB 1
hierro.csv,321,,,,puro/LA,nro_animal=EMB 2
hierro.csv,322,,,,LA,nro_animal=0500
hierro.csv,323,,,,LA,nro_animal=2138
hierro.csv,324,,,,LA,nro_animal=2004
hierro.csv,325,,,,LA,nro_animal=21391
hierro.csv,326,,,,LA,nro_animal=2053
hierro.csv,327,,,,LA,nro_animal=22118
hierro.csv,328,,,,LA,nro_animal=2019
hierro.csv,329,,,,LA,nro_animal=22085
hierro.csv,330,,,,LA,nro_animal=2048
hierro.csv,331,,,,LA,nro_animal=22144
hierro.csv,332,,,,LA,nro_animal=2143A
hierro.csv,333,,,,LA,nro_animal=22151
hierro.csv,334,,,,LA,nro_animal=2140
hierro.csv,335,,,,LA,nro_animal=2174
hierro.csv,336,,,,LA,nro_animal=2011A
hierro.csv,337,,,,LA,nro_animal=2153
hierro.csv,338,,,,LA,nro_animal=2146
hierro.csv,339,,,,LA,nro_animal=22142
hierro.csv,340,,,,LA,nro_animal=22117
hierro.csv,341,,,,LA,nro_animal=2042
hierro.csv,342,,,,LA,nro_animal=22158
hierro.csv,343,,,,LA,nro_animal=2022
hierro.csv,344,,,,LA,nro_animal=2159
hierro.csv,345,,,,LA,nro_animal=22160
hierro.csv,346,,,,LA,nro_animal=22161
hierro.csv,347,,,,LA,nro_animal=22131
hierro.csv,348,,,,LA,nro_animal=22105
hierro.csv,349,,,,LA,nro_animal=22112
hierro.csv,350,,,,LA,nro_animal=2148
hierro.csv,351,,,,LA,nro_animal=S/NC
hierro.csv,352,,,,LA,nro_animal=2093A
hierro.csv,353,,,,LA,nro_animal=2130
hierro.csv,354,,,,LA,nro_animal=0132
hierro.csv,355,,,,LA,nro_animal=4075
hierro.csv,356,,,,LA,nro_animal=2073
hierro.csv,357,,,,LA,nro_animal=2143
hierro.csv,358,,,,LA,nro_animal=3043
hierro.csv,359,,,,LA,nro_animal=0138
hierro.csv,360,,,,LA,nro_animal=2209A
hierro.csv,361,,,,LA,nro_animal=4073
hierro.csv,362,,,,LA,nro_animal=22114
hierro.csv,363,,,,LA,nro_animal=3119
hierro.csv,364,,,,LA,nro_animal=9904
hierro.csv,365,,,,LA,nro_animal=8036
hierro.csv,366,,,,LA,nro_animal=2025A
hierro.csv,367,,,,LA,nro_animal=2096
hierro.csv,368,,,,LA,nro_animal=4047
hierro.csv,369,,,,LA,nro_animal=2173
hierro.csv,370,,,,LA,nro_animal=2
hierro.csv,371,,,,LA,nro_animal=1033A
hierro.csv,372,,,,LA,nro_animal=10391
hierro.csv,373,,,,LA,nro_animal=1056A
hierro.csv,374,,,,LA,nro_animal=1077A
hierro.csv,375,,,,LA,nro_animal=1089
hierro.csv,376,,,,LA,nro_animal=1090A
hierro.csv,377,,,,LA,nro_animal=1091A
hierro.csv,378,,,,LA,nro_animal=1112A
hierro.csv,379,,,,LA,nro_animal=1117
hierro.csv,380,,,,LA,nro_animal=1119
hierro.csv,381,,,,LA,nro_animal=1128
hierro.csv,382,,,,LA,nro_animal=2051
hierro.csv,383,,,,LA,nro_animal=2072
hierro.csv,384,,,,LA,nro_animal=2079
hierro.csv,385,,,,LA,nro_animal=214E
hierro.csv,386,,,,LA,nro_animal=2177A
hierro.csv,387,,,,LA,nro_animal=2217
hierro.csv,388,,,,LA,nro_animal=2224
hierro.csv,389,,,,LA,nro_animal=2340
hierro.csv,390,,,,LA,nro_animal=3015
hierro.csv,391,,,,LA,nro_animal=3028A
hierro.csv,392,,,,LA,nro_animal=3038A
hierro.csv,393,,,,LA,nro_animal=3093
hierro.csv,394,,,,LA,nro_animal=3178
hierro.csv,395,,,,LA,nro_animal=3969
hierro.csv,396,,,,LA,nro_animal=40072
hierro.csv,397,,,,LA,nro_animal=4008
hierro.csv,398,,,,LA,nro_animal=4023
hierro.csv,399,,,,LA,nro_animal=4033
hierro.csv,400,,,,LA,nro_animal=4053
hierro.csv,401,,,,LA,nro_animal=4066
hierro.csv,402,,,,LA,nro_animal=4076
hierro.csv,403,,,,LA,nro_animal=4078
hierro.csv,404,,,,LA,nro_animal=4099
hierro.csv,405,,,,LA,nro_animal=4100
hierro.csv,406,,,,LA,nro_animal=4109
hierro.csv,407,,,,LA,nro_animal=4141
hierro.csv,408,,,,LA,nro_animal=4172
hierro.csv,409,,,,LA,nro_animal=5007
hierro.csv,410,,,,LA,nro_animal=5016
hierro.csv,411,,,,LA,nro_animal=5035
hierro.csv,412,,,,LA,nro_animal=5041
hierro.csv,413,,,,LA,nro_animal=50501
hierro.csv,414,,,,LA,nro_animal=5052
hierro.csv,415,,,,LA,nro_animal=5060
hierro.csv,416,,,,LA,nro_animal=5072
hierro.csv,417,,,,LA,nro_animal=5074B
hierro.csv,418,,,,LA,nro_animal=5076
hierro.csv,419,,,,LA,nro_animal=5077
hierro.csv,420,,,,LA,nro_animal=5082
hierro.csv,421,,,,LA,nro_animal=5090
hierro.csv,422,,,,LA,nro_animal=5092
hierro.csv,423,,,,LA,nro_animal=5150
hierro.csv,424,,,,LA,nro_animal=6003
hierro.csv,425,,,,LA,nro_animal=6008
hierro.csv,426,,,,LA,nro_animal=60181
hierro.csv,427,,,,LA,nro_animal=6024
hierro.csv,428,,,,LA,nro_animal=6025
hierro.csv,429,,,,LA,nro_animal=6031
hierro.csv,430,,,,LA,nro_animal=6070
hierro.csv,431,,,,LA,nro_animal=7012
hierro.csv,432,,,,LA,nro_animal=7059
hierro.csv,433,,,,LA,nro_animal=7067
hierro.csv,434,,,,LA,nro_animal=7074
hierro.csv,435,,,,LA,nro_animal=7076
hierro.csv,436,,,,LA,nro_animal=7077
hierro.csv,437,,,,LA,nro_animal=7080
hierro.csv,438,,,,LA,nro_animal=7087
hierro.csv,439,,,,LA,nro_animal=7092
hierro.csv,440,,,,LA,nro_animal=8046
hierro.csv,441,,,,LA,nro_animal=8051
hierro.csv,442,,,,LA,nro_animal=8067
hierro.csv,443,,,,LA,nro_animal=8338
hierro.csv,444,,,,LA,nro_animal=8088
hierro.csv,445,,,,LA,nro_animal=8089
hierro.csv,446,,,,LA,nro_animal=8094
hierro.csv,447,,,,LA,nro_animal=8099
hierro.csv,448,,,,LA,nro_animal=9045
hierro.csv,449,,,,LA,nro_animal=9046
hierro.csv,450,,,,LA,nro_animal=9047
hierro.csv,451,,,,LA,nro_animal=9238
hierro.csv,452,,,,LA,nro_animal=21027
hierro.csv,453,,,,LA,nro_animal=0018
hierro.csv,454,,,,LA,nro_animal=0143
hierro.csv,455,,,,LA,nro_animal=GYRO
hierro.csv,456,,,,LA,nro_animal=S/ND
hierro.csv,457,,,,puro/LA,nro_animal=EMB 3
hierro.csv,458,,,,puro/LA,nro_animal=EMB 6
hierro.csv,459,,,,LA,nro_animal=5013
hierro.csv,460,,,,LA,nro_animal=9100
hierro.csv,461,,,,LA,nro_animal=0331
hierro.csv,462,,,,LA,nro_animal=6042
hierro.csv,463,,,,LA,nro_animal=S/NH
hierro.csv,464,,,,LA,nro_animal=8014
hierro.csv,465,,,,LA,nro_animal=9007
hierro.csv,466,,,,LA,nro_animal=4A
hierro.csv,467,,,,LA,nro_animal=14
hierro.csv,468,,,,LA,nro_animal=1078A
hierro.csv,469,,,,LA,nro_animal=2090A
hierro.csv,470,,,,LA,nro_animal=3027A
hierro.csv,471,,,,LA,nro_animal=3132
hierro.csv,472,,,,LA,nro_animal=4034
hierro.csv,473,,,,LA,nro_animal=5062
hierro.csv,474,,,,LA,nro_animal=6020
hierro.csv,475,,,,LA,nro_animal=6053
hierro.csv,476,,,,LA,nro_animal=8018
hierro.csv,477,,,,LA,nro_animal=8096
hierro.csv,478,,,,LA,nro_animal=9219
hierro.csv,479,,,,LA,nro_animal=12164
hierro.csv,480,,,,LA,nro_animal=20334
hierro.csv,481,,,,LA,nro_animal=4122
hierro.csv,482,,,,LA,nro_animal=6067
hierro.csv,483,,,,LA,nro_animal=4065
hierro.csv,484,,,,LA,nro_animal=2337
hierro.csv,485,,,,LA,nro_animal=4035
hierro.csv,486,,,,LA,nro_animal=1095A
hierro.csv,487,,,,LA,nro_animal=20337
hierro.csv,488,,,,LA,nro_animal=3044A
hierro.csv,489,,,,LA,nro_animal=8072
hierro.csv,490,,,,LA,nro_animal=7062
hierro.csv,491,,,,LA,nro_animal=7021
hierro.csv,492,,,,LA,nro_animal=30212
hierro.csv,493,,,,LA,nro_animal=5027
hierro.csv,494,,,,LA,nro_animal=5030
hierro.csv,495,,,,LA,nro_animal=5043
hierro.csv,496,,,,LA,nro_animal=5098
hierro.csv,497,,,,LA,nro_animal=5111
hierro.csv,498,,,,LA,nro_animal=5146
hierro.csv,499,,,,LA,nro_animal=6010
hierro.csv,500,,,,LA,nro_animal=6017
hierro.csv,501,,,,LA,nro_animal=6022
hierro.csv,502,,,,LA,nro_animal=6028
hierro.csv,503,,,,LA,nro_animal=6037
hierro.csv,504,,,,LA,nro_animal=6050
hierro.csv,505,,,,LA,nro_animal=7004
hierro.csv,506,,,,LA,nro_animal=7022
hierro.csv,507,,,,LA,nro_animal=7032
hierro.csv,508,,,,LA,nro_animal=7033
hierro.csv,509,,,,LA,nro_animal=7034
hierro.csv,510,,,,LA,nro_animal=7049
hierro.csv,511,,,,LA,nro_animal=7050
hierro.csv,512,,,,LA,nro_animal=7052
hierro.csv,513,,,,LA,nro_animal=7061
hierro.csv,514,,,,LA,nro_animal=7072
hierro.csv,515,,,,LA,nro_animal=8002
hierro.csv,516,,,,LA,nro_animal=8003
hierro.csv,517,,,,LA,nro_animal=8004
hierro.csv,518,,,,LA,nro_animal=8005
hierro.csv,519,,,,LA,nro_animal=8007
hierro.csv,520,,,,LA,nro_animal=8010
hierro.csv,521,,,,LA,nro_animal=80121
hierro.csv,522,,,,LA,nro_animal=8013A
hierro.csv,523,,,,LA,nro_animal=8013
hierro.csv,524,,,,LA,nro_animal=8016
hierro.csv,525,,,,LA,nro_animal=8020
hierro.csv,526,,,,LA,nro_animal=8023
hierro.csv,527,,,,LA,nro_animal=8024
hierro.csv,528,,,,LA,nro_animal=8026
hierro.csv,529,,,,LA,nro_animal=80272
hierro.csv,530,,,,LA,nro_animal=8028
hierro.csv,531,,,,LA,nro_animal=8030
hierro.csv,532,,,,LA,nro_animal=8033
hierro.csv,533,,,,LA,nro_animal=8035
hierro.csv,534,,,,LA,nro_animal=8037
hierro.csv,535,,,,LA,nro_animal=8032
hierro.csv,536,,,,LA,nro_animal=8040
hierro.csv,537,,,,LA,nro_animal=8041
hierro.csv,538,,,,LA,nro_animal=8042
hierro.csv,539,,,,LA,nro_animal=8043
hierro.csv,540,,,,LA,nro_animal=8045
hierro.csv,541,,,,LA,nro_animal=8048
hierro.csv,542,,,,LA,nro_animal=8050
hierro.csv,543,,,,LA,nro_animal=8052
hierro.csv,544,,,,LA,nro_animal=8054
hierro.csv,545,,,,LA,nro_animal=8056
hierro.csv,546,,,,LA,nro_animal=8058
hierro.csv,547,,,,LA,nro_animal=8059
hierro.csv,548,,,,LA,nro_animal=8060
hierro.csv,549,,,,LA,nro_animal=8062
hierro.csv,550,,,,LA,nro_animal=8066
hierro.csv,551,,,,LA,nro_animal=8073
hierro.csv,552,,,,LA,nro_animal=8074
hierro.csv,553,,,,LA,nro_animal=8075
hierro.csv,554,,,,LA,nro_animal=8076
hierro.csv,555,,,,LA,nro_animal=8077
hierro.csv,556,,,,LA,nro_animal=8078
hierro.csv,557,,,,LA,nro_animal=8079
hierro.csv,558,,,,LA,nro_animal=8081
hierro.csv,559,,,,LA,nro_animal=8082
hierro.csv,560,,,,LA,nro_animal=80841
hierro.csv,561,,,,LA,nro_animal=8084B
hierro.csv,562,,,,LA,nro_animal=8086
hierro.csv,563,,,,LA,nro_animal=8087
hierro.csv,564,,,,LA,nro_animal=809
hierro.csv,565,,,,LA,nro_animal=80921
hierro.csv,566,,,,LA,nro_animal=8093
hierro.csv,567,,,,LA,nro_animal=9032
hierro.csv,568,,,,LA,nro_animal=9035
hierro.csv,569,,,,LA,nro_animal=9040
hierro.csv,570,,,,LA,nro_animal=9051
hierro.csv,571,,,,LA,nro_animal=9057
hierro.csv,572,,,,LA,nro_animal=9058
hierro.csv,573,,,,LA,nro_animal=9071
hierro.csv,574,,,,LA,nro_animal=9082
hierro.csv,575,,,,LA,nro_animal=9092
hierro.csv,576,,,,LA,nro_animal=9095
hierro.csv,577,,,,LA,nro_animal=9096
hierro.csv,578,,,,LA,nro_animal=9099
hierro.csv,579,,,,LA,nro_animal=9104
hierro.csv,580,,,,LA,nro_animal=9106
hierro.csv,581,,,,LA,nro_animal=91091
hierro.csv,582,,,,LA,nro_animal=91121
hierro.csv,583,,,,LA,nro_animal=91171
hierro.csv,584,,,,LA,nro_animal=91242
hierro.csv,585,,,,LA,nro_animal=91241
hierro.csv,586,,,,LA,nro_animal=9125
hierro.csv,587,,,,LA,nro_animal=9136
hierro.csv,588,,,,LA,nro_animal=0225
hierro.csv,589,,,,LA,nro_animal=0343
hierro.csv,590,,,,LA,nro_animal=33
hierro.csv,591,,,,LA,nro_animal=19
hierro.csv,592,,,,LA,nro_animal=3120
hierro.csv,593,,,,LA,nro_animal=1310
hierro.csv,594,,,,LA,nro_animal=1123
hierro.csv,595,,,,LA,nro_animal=8011
hierro.csv,596,,,,LA,nro_animal=8012B
hierro.csv,597,,,,LA,nro_animal=8061
hierro.csv,598,,,,LA,nro_animal=8080
hierro.csv,599,,,,LA,nro_animal=8085
hierro.csv,600,,,,LA,nro_animal=9006
hierro.csv,601,,,,LA,nro_animal=9011
hierro.csv,602,,,,LA,nro_animal=9014
hierro.csv,603,,,,LA,nro_animal=9015
hierro.csv,604,,,,LA,nro_animal=9016
hierro.csv,605,,,,LA,nro_animal=9022
hierro.csv,606,,,,LA,nro_animal=9024
hierro.csv,607,,,,LA,nro_animal=9030
hierro.csv,608,,,,LA,nro_animal=9036
hierro.csv,609,,,,LA,nro_animal=9037
hierro.csv,610,,,,LA,nro_animal=9042
hierro.csv,611,,,,LA,nro_animal=9053
hierro.csv,612,,,,LA,nro_animal=9061
hierro.csv,613,,,,LA,nro_animal=9064
hierro.csv,614,,,,LA,nro_animal=9073
hierro.csv,615,,,,LA,nro_animal=9076
hierro.csv,616,,,,LA,nro_animal=9091
hierro.csv,617,,,,LA,nro_animal=9103
hierro.csv,618,,,,LA,nro_animal=9109B
hierro.csv,619,,,,LA,nro_animal=9110A
hierro.csv,620,,,,LA,nro_animal=9192
hierro.csv,621,,,,LA,nro_animal=9113
hierro.csv,622,,,,LA,nro_animal=9116A
hierro.csv,623,,,,LA,nro_animal=9116B
hierro.csv,624,,,,LA,nro_animal=91172
hierro.csv,625,,,,LA,nro_animal=9121
hierro.csv,626,,,,LA,nro_animal=9122
hierro.csv,627,,,,LA,nro_animal=91262
hierro.csv,628,,,,LA,nro_animal=9126A
hierro.csv,629,,,,LA,nro_animal=9128A
hierro.csv,630,,,,LA,nro_animal=9128B
hierro.csv,631,,,,LA,nro_animal=9137
hierro.csv,632,,,,LA,nro_animal=0101
hierro.csv,633,,,,LA,nro_animal=0102
hierro.csv,634,,,,LA,nro_animal=0107
hierro.csv,635,,,,LA,nro_animal=0108
hierro.csv,636,,,,LA,nro_animal=0111
hierro.csv,637,,,,LA,nro_animal=0114
hierro.csv,638,,,,LA,nro_animal=0125
hierro.csv,639,,,,LA,nro_animal=0201
hierro.csv,640,,,,LA,nro_animal=0202
hierro.csv,641,,,,LA,nro_animal=0204
hierro.csv,642,,,,LA,nro_animal=0205
hierro.csv,643,,,,LA,nro_animal=0206A
hierro.csv,644,,,,LA,nro_animal=0206B
hierro.csv,645,,,,LA,nro_animal=0208A
hierro.csv,646,,,,LA,nro_animal=0211
hierro.csv,647,,,,LA,nro_animal=0215A
hierro.csv,648,,,,LA,nro_animal=0220
hierro.csv,649,,,,LA,nro_animal=0224
hierro.csv,650,,,,LA,nro_animal=0226
hierro.csv,651,,,,LA,nro_animal=0229
hierro.csv,652,,,,LA,nro_animal=0231A
hierro.csv,653,,,,LA,nro_animal=0231B
hierro.csv,654,,,,LA,nro_animal=02331
hierro.csv,655,,,,LA,nro_animal=0233
hierro.csv,656,,,,LA,nro_animal=0240
hierro.csv,657,,,,LA,nro_animal=0241
hierro.csv,658,,,,LA,nro_animal=0246
hierro.csv,659,,,,LA,nro_animal=0249
hierro.csv,660,,,,LA,nro_animal=0252
hierro.csv,661,,,,LA,nro_animal=0258
hierro.csv,662,,,,LA,nro_animal=0259
hierro.csv,663,,,,LA,nro_animal=0263
hierro.csv,664,,,,LA,nro_animal=0267
hierro.csv,665,,,,LA,nro_animal=0269
hierro.csv,666,,,,LA,nro_animal=0270
hierro.csv,667,,,,LA,nro_animal=0272
hierro.csv,668,,,,LA,nro_animal=0278
hierro.csv,669,,,,LA,nro_animal=0284
hierro.csv,670,,,,LA,nro_animal=0291
hierro.csv,671,,,,LA,nro_animal=0291B
hierro.csv,672,,,,LA,nro_animal=0294
hierro.csv,673,,,,LA,nro_animal=0297
hierro.csv,674,,,,LA,nro_animal=0298A
hierro.csv,675,,,,LA,nro_animal=0299A
hierro.csv,676,,,,LA,nro_animal=0299C
hierro.csv,677,,,,LA,nro_animal=0321
hierro.csv,678,,,,LA,nro_animal=0322
hierro.csv,679,,,,LA,nro_animal=0323
hierro.csv,680,,,,LA,nro_animal=0326
hierro.csv,681,,,,LA,nro_animal=0327
hierro.csv,682,,,,LA,nro_animal=0329
hierro.csv,683,,,,LA,nro_animal=0330A
hierro.csv,684,,,,LA,nro_animal=0333
hierro.csv,685,,,,LA,nro_animal=0336
hierro.csv,686,,,,LA,nro_animal=0338
hierro.csv,687,,,,LA,nro_animal=0342
hierro.csv,688,,,,LA,nro_animal=0344
hierro.csv,689,,,,LA,nro_animal=0348
hierro.csv,690,,,,LA,nro_animal=0349
hierro.csv,691,,,,LA,nro_animal=0352
hierro.csv,692,,,,LA,nro_animal=0353
hierro.csv,693,,,,LA,nro_animal=0354
hierro.csv,694,,,,LA,nro_animal=0355
hierro.csv,695,,,,LA,nro_animal=20
hierro.csv,696,,,,LA,nro_animal=1039B
hierro.csv,697,,,,LA,nro_animal=1188
hierro.csv,698,,,,LA,nro_animal=2018
hierro.csv,699,,,,LA,nro_animal=2040
hierro.csv,700,,,,LA,nro_animal=1109B
hierro.csv,701,,,,LA,nro_animal=2035A
hierro.csv,702,,,,LA,nro_animal=1051
hierro.csv,703,,,,LA,nro_animal=1132
hierro.csv,704,,,,LA,nro_animal=0271
hierro.csv,705,,,,LA,nro_animal=0347
hierro.csv,706,,,,LA,nro_animal=1059
hierro.csv,707,,,,LA,nro_animal=1084A
hierro.csv,708,,,,LA,nro_animal=1017A
hierro.csv,709,,,,LA,nro_animal=2061
hierro.csv,710,,,,LA,nro_animal=1021
hierro.csv,711,,,,LA,nro_animal=9020
hierro.csv,712,,,,LA,nro_animal=S7
hierro.csv,713,,,,LA,nro_animal=2002
hierro.csv,714,,,,LA,nro_animal=1102
hierro.csv,715,,,,LA,nro_animal=1053A
hierro.csv,716,,,,LA,nro_animal=10431
hierro.csv,717,,,,LA,nro_animal=1043A
hierro.csv,718,,,,LA,nro_animal=0274
hierro.csv,719,,,,LA,nro_animal=1052A
hierro.csv,720,,,,LA,nro_animal=1100A
hierro.csv,721,,,,LA,nro_animal=1074
hierro.csv,722,,,,LA,nro_animal=2012
hierro.csv,723,,,,LA,nro_animal=2007
hierro.csv,724,,,,LA,nro_animal=1063
hierro.csv,725,,,,LA,nro_animal=1004
hierro.csv,726,,,,LA,nro_animal=1075
hierro.csv,727,,,,LA,nro_animal=1096
hierro.csv,728,,,,LA,nro_animal=1009
hierro.csv,729,,,,LA,nro_animal=9023
hierro.csv,730,,,,LA,nro_animal=1094
hierro.csv,731,,,,LA,nro_animal=1032
hierro.csv,732,,,,LA,nro_animal=2014
hierro.csv,733,,,,LA,nro_animal=1005
hierro.csv,734,,,,LA,nro_animal=9118
hierro.csv,735,,,,LA,nro_animal=1028
hierro.csv,736,,,,LA,nro_animal=0332
hierro.csv,737,,,,LA,nro_animal=1045
hierro.csv,738,,,,LA,nro_animal=80472
hierro.csv,739,,,,LA,nro_animal=1079
hierro.csv,740,,,,LA,nro_animal=2037
hierro.csv,741,,,,LA,nro_animal=0298
hierro.csv,742,,,,LA,nro_animal=2064
hierro.csv,743,,,,LA,nro_animal=2203
hierro.csv,744,,,,LA,nro_animal=2052
hierro.csv,745,,,,LA,nro_animal=2039
hierro.csv,746,,,,LA,nro_animal=0328
hierro.csv,747,,,,LA,nro_animal=1023
hierro.csv,748,,,,LA,nro_animal=2087
hierro.csv,749,,,,LA,nro_animal=2702
hierro.csv,750,,,,LA,nro_animal=1073
hierro.csv,751,,,,LA,nro_animal=1065
hierro.csv,752,,,,LA,nro_animal=1100B
hierro.csv,753,,,,LA,nro_animal=2024
hierro.csv,754,,,,LA,nro_animal=1104A
hierro.csv,755,,,,LA,nro_animal=2202
hierro.csv,756,,,,LA,nro_animal=1103
hierro.csv,757,,,,LA,nro_animal=1093
hierro.csv,758,,,,LA,nro_animal=2034
hierro.csv,759,,,,LA,nro_animal=2016
hierro.csv,760,,,,LA,nro_animal=2062
hierro.csv,761,,,,LA,nro_animal=4113
hierro.csv,762,,,,LA,nro_animal=7066
hierro.csv,763,,,,LA,nro_animal=8097
hierro.csv,764,,,,LA,nro_animal=3104
hierro.csv,765,,,,LA,nro_animal=7007
hierro.csv,766,,,,LA,nro_animal=4057
hierro.csv,767,,,,LA,nro_animal=7070
hierro.csv,768,,,,LA,nro_animal=4048
hierro.csv,769,,,,LA,nro_animal=4095
hierro.csv,770,,,,LA,nro_animal=2080
hierro.csv,771,,,,LA,nro_animal=8063
hierro.csv,772,,,,LA,nro_animal=5079
hierro.csv,773,,,,LA,nro_animal=1109A
hierro.csv,774,,,,LA,nro_animal=2097
hierro.csv,775,,,,LA,nro_animal=4072
hierro.csv,776,,,,LA,nro_animal=05
hierro.csv,777,,,,LA,nro_animal=3108
hierro.csv,778,,,,puro/LA,nro_animal=EMB 4
hierro.csv,779,,,,LA,nro_animal=3084
hierro.csv,780,,,,LA,nro_animal=1139A
hierro.csv,781,,,,LA,nro_animal=1066A
hierro.csv,782,,,,LA,nro_animal=4143
hierro.csv,783,,,,LA,nro_animal=2180A
hierro.csv,784,,,,LA,nro_animal=1168
hierro.csv,785,,,,LA,nro_animal=2150
hierro.csv,786,,,,LA,nro_animal=0139
hierro.csv,787,,,,LA,nro_animal=80882
hierro.csv,788,,,,LA,nro_animal=9067
hierro.csv,789,,,,LA,nro_animal=06
hierro.csv,790,,,,LA,nro_animal=1153
hierro.csv,791,,,,LA,nro_animal=2064A
hierro.csv,792,,,,LA,nro_animal=2028A
hierro.csv,793,,,,LA,nro_animal=2220
hierro.csv,794,,,,LA,nro_animal=8017
hierro.csv,795,,,,LA,nro_animal=2215A
hierro.csv,796,,,,LA,nro_animal=4041
hierro.csv,797,,,,LA,nro_animal=9018B
hierro.csv,798,,,,LA,nro_animal=89
hierro.csv,799,,,,LA,nro_animal=7017
hierro.csv,800,,,,LA,nro_animal=1041A
hierro.csv,801,,,,LA,nro_animal=1019
hierro.csv,802,,,,LA,nro_animal=1027A
hierro.csv,803,,,,LA,nro_animal=1031
hierro.csv,804,,,,LA,nro_animal=1033
hierro.csv,805,,,,LA,nro_animal=1036
hierro.csv,806,,,,LA,nro_animal=1039
hierro.csv,807,,,,LA,nro_animal=1064
hierro.csv,808,,,,LA,nro_animal=1067
hierro.csv,809,,,,LA,nro_animal=1078
hierro.csv,810,,,,LA,nro_animal=1080A
hierro.csv,811,,,,LA,nro_animal=1085
hierro.csv,812,,,,LA,nro_animal=1092A
hierro.csv,813,,,,LA,nro_animal=1097A
hierro.csv,814,,,,LA,nro_animal=1095B
hierro.csv,815,,,,LA,nro_animal=1101A
hierro.csv,816,,,,LA,nro_animal=1105
hierro.csv,817,,,,LA,nro_animal=1106A
hierro.csv,818,,,,LA,nro_animal=1107
hierro.csv,819,,,,LA,nro_animal=1133
hierro.csv,820,,,,LA,nro_animal=2005A
hierro.csv,821,,,,LA,nro_animal=2005B
hierro.csv,822,,,,LA,nro_animal=2025
hierro.csv,823,,,,LA,nro_animal=2032
hierro.csv,824,,,,LA,nro_animal=2035
hierro.csv,825,,,,LA,nro_animal=2039A
hierro.csv,826,,,,LA,nro_animal=2041
hierro.csv,827,,,,LA,nro_animal=2045
hierro.csv,828,,,,LA,nro_animal=2054
hierro.csv,829,,,,LA,nro_animal=2058
hierro.csv,830,,,,LA,nro_animal=2060
hierro.csv,831,,,,LA,nro_animal=2065
hierro.csv,832,,,,LA,nro_animal=2067
hierro.csv,833,,,,LA,nro_animal=0346
hierro.csv,834,,,,LA,nro_animal=0358
hierro.csv,835,,,,LA,nro_animal=1056
hierro.csv,836,,,,LA,nro_animal=1096A
hierro.csv,837,,,,LA,nro_animal=2029
hierro.csv,838,,,,LA,nro_animal=2204
hierro.csv,839,,,,LA,nro_animal=1070A
hierro.csv,840,,,,LA,nro_animal=1131A
hierro.csv,841,,,,LA,nro_animal=2088A
hierro.csv,842,,,,LA,nro_animal=2088B
hierro.csv,843,,,,LA,nro_animal=1130A
hierro.csv,844,,,,LA,nro_animal=2001A
hierro.csv,845,,,,LA,nro_animal=2001B
hierro.csv,846,,,,LA,nro_animal=1077
hierro.csv,847,,,,LA,nro_animal=2149
hierro.csv,848,,,,LA,nro_animal=1097B
hierro.csv,849,,,,LA,nro_animal=2091
hierro.csv,850,,,,LA,nro_animal=1068A
hierro.csv,851,,,,LA,nro_animal=1018
hierro.csv,852,,,,LA,nro_animal=0109A
hierro.csv,853,,,,LA,nro_animal=2056
hierro.csv,854,,,,LA,nro_animal=1112
hierro.csv,855,,,,LA,nro_animal=1044
hierro.csv,856,,,,LA,nro_animal=2010
hierro.csv,857,,,,LA,nro_animal=2044
hierro.csv,858,,,,LA,nro_animal=2027
hierro.csv,859,,,,LA,nro_animal=2090
hierro.csv,860,,,,LA,nro_animal=1046A
hierro.csv,861,,,,LA,nro_animal=1055A
hierro.csv,862,,,,LA,nro_animal=1076
hierro.csv,863,,,,LA,nro_animal=1026
hierro.csv,864,,,,LA,nro_animal=1029
hierro.csv,865,,,,LA,nro_animal=9080
hierro.csv,866,,,,LA,nro_animal=0100
hierro.csv,867,,,,LA,nro_animal=0104
hierro.csv,868,,,,LA,nro_animal=0115
hierro.csv,869,,,,LA,nro_animal=0116A
hierro.csv,870,,,,LA,nro_animal=0118
hierro.csv,871,,,,LA,nro_animal=0212
hierro.csv,872,,,,LA,nro_animal=0219
hierro.csv,873,,,,LA,nro_animal=0260
hierro.csv,874,,,,LA,nro_animal=0279
hierro.csv,875,,,,LA,nro_animal=0291A
hierro.csv,876,,,,LA,nro_animal=0292
hierro.csv,877,,,,LA,nro_animal=0325
hierro.csv,878,,,,LA,nro_animal=0334
hierro.csv,879,,,,LA,nro_animal=0335
hierro.csv,880,,,,LA,nro_animal=0345
hierro.csv,881,,,,LA,nro_animal=MSN1
hierro.csv,882,,,,LA,nro_animal=MSN2
hierro.csv,883,,,,LA,nro_animal=MSN3
hierro.csv,884,,,,LA,nro_animal=MSN4
hierro.csv,885,,,,LA,nro_animal=0214
hierro.csv,886,,,,LA,nro_animal=9136A
hierro.csv,887,,,,LA,nro_animal=0116
hierro.csv,888,,,,LA,nro_animal=MSN8
hierro.csv,889,,,,LA,nro_animal=MSN9
hierro.csv,890,,,,LA,nro_animal=MSN10
hierro.csv,891,,,,LA,nro_animal=MSN11
hierro.csv,892,,,,LA,nro_animal=MSN12
hierro.csv,893,,,,LA,nro_animal=MSN13
hierro.csv,894,,,,LA,nro_animal=MSN14
hierro.csv,895,,,,LA,nro_animal=MSN15
hierro.csv,896,,,,LA,nro_animal=MSN16
hierro.csv,897,,,,LA,nro_animal=MSN17
hierro.csv,898,,,,LA,nro_animal=1007
hierro.csv,899,,,,LA,nro_animal=0273
hierro.csv,900,,,,LA,nro_animal=2780
hierro.csv,901,,,,LA,nro_animal=9111
hierro.csv,902,,,,LA,nro_animal=0238
hierro.csv,903,,,,LA,nro_animal=9118A
hierro.csv,904,,,,LA,nro_animal=2781
hierro.csv,905,,,,LA,nro_animal=099
hierro.csv,906,,,,LA,nro_animal=0228
hierro.csv,907,,,,LA,nro_animal=0242
hierro.csv,908,,,,LA,nro_animal=0295
hierro.csv,909,,,,LA,nro_animal=0223A
hierro.csv,910,,,,LA,nro_animal=0223B
hierro.csv,911,,,,LA,nro_animal=0337
hierro.csv,912,,,,LA,nro_animal=0261
hierro.csv,913,,,,LA,nro_animal=9038
hierro.csv,914,,,,LA,nro_animal=24052
hierro.csv,915,,,,LA,nro_animal=24070
hierro.csv,916,,,,LA,nro_animal=24073
hierro.csv,917,,,,LA,nro_animal=24086
hierro.csv,918,,,,LA,nro_animal=24094
hierro.csv,919,,,,LA,nro_animal=24124
hierro.csv,920,,,,LA,nro_animal=24129
hierro.csv,921,,,,LA,nro_animal=24134
hierro.csv,922,,,,LA,nro_animal=24141
hierro.csv,923,,,,LA,nro_animal=24142
hierro.csv,924,,,,LA,nro_animal=24145
hierro.csv,925,,,,LA,nro_animal=24154
hierro.csv,926,,,,LA,nro_animal=24157
hierro.csv,927,,,,LA,nro_animal=24164
hierro.csv,928,,,,LA,nro_animal=24033
hierro.csv,929,,,,LA,nro_animal=24102
hierro.csv,930,,,,LA,nro_animal=24054
hierro.csv,931,,,,LA,nro_animal=24034
hierro.csv,932,,,,LA,nro_animal=24106
hierro.csv,933,,,,LA,nro_animal=24069
hierro.csv,934,,,,LA,nro_animal=24147
hierro.csv,935,,,,LA,nro_animal=24043
hierro.csv,936,,,,LA,nro_animal=24061
hierro.csv,937,,,,LA,nro_animal=24052
hierro.csv,938,,,,LA,nro_animal=24070
hierro.csv,939,,,,LA,nro_animal=24073
hierro.csv,940,,,,LA,nro_animal=24086
hierro.csv,941,,,,LA,nro_animal=24094
hierro.csv,942,,,,LA,nro_animal=24124
hierro.csv,943,,,,LA,nro_animal=24129
hierro.csv,944,,,,LA,nro_animal=24134
hierro.csv,945,,,,LA,nro_animal=24141
hierro.csv,946,,,,LA,nro_animal=24142
hierro.csv,947,,,,LA,nro_animal=24145
hierro.csv,948,,,,LA,nro_animal=24154
hierro.csv,949,,,,LA,nro_animal=24157
hierro.csv,950,,,,LA,nro_animal=24164
hierro.csv,951,,,,LA,nro_animal=24033
hierro.csv,952,,,,LA,nro_animal=24102
hierro.csv,953,,,,LA,nro_animal=24054
hierro.csv,954,,,,LA,nro_animal=24034
hierro.csv,955,,,,LA,nro_animal=24106
hierro.csv,956,,,,LA,nro_animal=24069
hierro.csv,957,,,,LA,nro_animal=24147
hierro.csv,958,,,,LA,nro_animal=24043
hierro.csv,959,,,,LA,nro_animal=24061
hierro.csv,960,,,,LA,nro_animal=0109
hierro.csv,961,,,,LA,nro_animal=24181
hierro.csv,962,,,,LA,nro_animal=24182
hierro.csv,963,,,,LA,nro_animal=24132
hierro.csv,964,,,,LA,nro_animal=24180
hierro.csv,965,,,,LA,nro_animal=24153
hierro.csv,966,,,,LA,nro_animal=24150
hierro.csv,967,,,,LA,nro_animal=24158
hierro.csv,968,,,,LA,nro_animal=24144
hierro.csv,969,,,,LA,nro_animal=24159
hierro.csv,970,,,,LA,nro_animal=24127
hierro.csv,971,,,,LA,nro_animal=24152
hierro.csv,972,,,,LA,nro_animal=24143
hierro.csv,973,,,,LA,nro_animal=24163
hierro.csv,974,,,,LA,nro_animal=24155
hierro.csv,975,,,,LA,nro_animal=24160
hierro.csv,976,,,,Juan,nro_animal=J401
hierro.csv,977,,,,Juan,nro_animal=J402
hierro.csv,978,,,,Juan,nro_animal=J403
hierro.csv,979,,,,Juan,nro_animal=J404
hierro.csv,980,,,,Juan,nro_animal=J405
hierro.csv,981,,,,Juan,nro_animal=J406
hierro.csv,982,,,,Juan,nro_animal=J407
hierro.csv,983,,,,Juan,nro_animal=J408
hierro.csv,984,,,,Juan,nro_animal=J409
hierro.csv,985,,,,Juan,nro_animal=J4010
hierro.csv,986,,,,Juan,nro_animal=J4011
hierro.csv,987,,,,Juan,nro_animal=J412
hierro.csv,988,,,,Juan,nro_animal=J413
hierro.csv,989,,,,Juan,nro_animal=J414
hierro.csv,990,,,,Juan,nro_animal=J415
hierro.csv,991,,,,Juan,nro_animal=J416
hierro.csv,992,,,,Juan,nro_animal=J417
hierro.csv,993,,,,Juan,nro_animal=J418
hierro.csv,994,,,,Juan,nro_animal=J419
hierro.csv,995,,,,Juan,nro_animal=J420
hierro.csv,996,,,,Juan,nro_animal=J01415
hierro.csv,997,,,,Juan,nro_animal=J422
hierro.csv,998,,,,Juan,nro_animal=J841
hierro.csv,999,,,,Juan,nro_animal=J424
hierro.csv,1000,,,,Juan,nro_animal=J425
hierro.csv,1001,,,,Juan,nro_animal=J426
hierro.csv,1002,,,,Juan,nro_animal=J8705
hierro.csv,1003,,,,Juan,nro_animal=J428
hierro.csv,1004,,,,Juan,nro_animal=j24001
hierro.csv,1005,,,,Juan,nro_animal=J25001
hierro.csv,1006,,,,Juan,nro_animal=J25031
hierro.csv,1007,,,,Juan,nro_animal=J25049
hierro.csv,1008,,,,Juan,nro_animal=J25002
hierro.csv,1009,,,,Osmel,nro_animal=pend24
hierro.csv,1010,,,,Brito,nro_animal=pend41
hierro.csv,1011,,,,Maura,nro_animal=pend35
hierro.csv,1012,,,,Maura,nro_animal=pend36
hierro.csv,1013,,,,Maura,nro_animal=pend37
hierro.csv,1014,,,,Maura,nro_animal=pend39
hierro.csv,1015,,,,Maura,nro_animal=pend42
hierro.csv,1016,,,,Maura,nro_animal=pend44
hierro.csv,1017,,,,Brito,nro_animal=PEND45
hierro.csv,1018,,,,LA,nro_animal=9084
hierro.csv,1019,,,,LA,nro_animal=0251
hierro.csv,1020,,,,LA,nro_animal=9135
hierro.csv,1021,,,,LA,nro_animal=0204A
hierro.csv,1022,,,,LA,nro_animal=0317
hierro.csv,1023,,,,LA,nro_animal=0201A
hierro.csv,1024,,,,LA,nro_animal=0207
hierro.csv,1025,,,,LA,nro_animal=0298B
hierro.csv,1026,,,,LA,nro_animal=0248
hierro.csv,1027,,,,LA,nro_animal=9134
hierro.csv,1028,,,,LA,nro_animal=0277
hierro.csv,1029,,,,LA,nro_animal=0235
hierro.csv,1030,,,,LA,nro_animal=0324
hierro.csv,1031,,,,LA,nro_animal=0341
hierro.csv,1032,,,,LA,nro_animal=2778
hierro.csv,1033,,,,LA,nro_animal=0290
hierro.csv,1034,,,,LA,nro_animal=0221
hierro.csv,1035,,,,LA,nro_animal=0216
hierro.csv,1036,,,,LA,nro_animal=9018
hierro.csv,1037,,,,LA,nro_animal=2779
hierro.csv,1038,,,,LA,nro_animal=0236
hierro.csv,1039,,,,LA,nro_animal=0293
hierro.csv,1040,,,,LA,nro_animal=0259A
hierro.csv,1041,,,,LA,nro_animal=0356
hierro.csv,1042,,,,LA,nro_animal=0245
hierro.csv,1043,,,,LA,nro_animal=5592
hierro.csv,1044,,,,LA,nro_animal=5529
hierro.csv,1045,,,,LA,nro_animal=5629
hierro.csv,1046,,,,LA,nro_animal=5638
hierro.csv,1047,,,,LA,nro_animal=22176
hierro.csv,1048,,,,LA,nro_animal=22177
hierro.csv,1049,,,,LA,nro_animal=22178
hierro.csv,1050,,,,LA,nro_animal=22182
hierro.csv,1051,,,,LA,nro_animal=22183
hierro.csv,1052,,,,LA,nro_animal=22184
hierro.csv,1053,,,,LA,nro_animal=22192
hierro.csv,1054,,,,LA,nro_animal=22194
hierro.csv,1055,,,,LA,nro_animal=22199
hierro.csv,1056,,,,LA,nro_animal=TORO1
hierro.csv,1057,,,,LA,nro_animal=TORO2
hierro.csv,1058,,,,LA,nro_animal=TORO3
hierro.csv,1059,,,,LA,nro_animal=TORO4
hierro.csv,1060,,,,LA,nro_animal=TORO5
hierro.csv,1061,,,,LA,nro_animal=2092
hierro.csv,1062,,,,LA,nro_animal=2201
hierro.csv,1063,,,,LA,nro_animal=1066
hierro.csv,1064,,,,LA,nro_animal=2109
hierro.csv,1065,,,,LA,nro_animal=2110
hierro.csv,1066,,,,LA,nro_animal=2111
hierro.csv,1067,,,,LA,nro_animal=2103
hierro.csv,1068,,,,LA,nro_animal=2108
hierro.csv,1069,,,,LA,nro_animal=22098
hierro.csv,1070,,,,LA,nro_animal=2093
hierro.csv,1071,,,,LA,nro_animal=2215
hierro.csv,1072,,,,LA,nro_animal=1088A
hierro.csv,1073,,,,LA,nro_animal=2023
hierro.csv,1074,,,,LA,nro_animal=1082A
hierro.csv,1075,,,,LA,nro_animal=2094
hierro.csv,1076,,,,LA,nro_animal=22100
hierro.csv,1077,,,,LA,nro_animal=1091
hierro.csv,1078,,,,LA,nro_animal=2026
hierro.csv,1079,,,,LA,nro_animal=20971
hierro.csv,1080,,,,LA,nro_animal=2030
hierro.csv,1081,,,,LA,nro_animal=2059
hierro.csv,1082,,,,LA,nro_animal=2036
hierro.csv,1083,,,,LA,nro_animal=2106
hierro.csv,1084,,,,LA,nro_animal=2099
hierro.csv,1085,,,,LA,nro_animal=23007
hierro.csv,1086,,,,LA,nro_animal=23008
hierro.csv,1087,,,,LA,nro_animal=23011
hierro.csv,1088,,,,LA,nro_animal=0234
hierro.csv,1089,,,,LA,nro_animal=0305
hierro.csv,1090,,,,LA,nro_animal=0313
hierro.csv,1091,,,,LA,nro_animal=0306
hierro.csv,1092,,,,LA,nro_animal=9115
hierro.csv,1093,,,,LA,nro_animal=0307
hierro.csv,1094,,,,LA,nro_animal=0308
hierro.csv,1095,,,,LA,nro_animal=0311
hierro.csv,1096,,,,LA,nro_animal=1500
hierro.csv,1097,,,,LA,nro_animal=0317A
hierro.csv,1098,,,,LA,nro_animal=0309
hierro.csv,1099,,,,LA,nro_animal=0312
hierro.csv,1100,,,,LA,nro_animal=9500
hierro.csv,1101,,,,LA,nro_animal=9501
hierro.csv,1102,,,,LA,nro_animal=2500
hierro.csv,1103,,,,LA,nro_animal=9503
hierro.csv,1104,,,,LA,nro_animal=0303
hierro.csv,1105,,,,LA,nro_animal=0304
hierro.csv,1106,,,,LA,nro_animal=9502
hierro.csv,1107,,,,LA,nro_animal=pend21
hierro.csv,1108,,,,LA,nro_animal=0310
hierro.csv,1109,,,,LA,nro_animal=0314
hierro.csv,1110,,,,LA,nro_animal=0302
hierro.csv,1111,,,,LA,nro_animal=pend26
hierro.csv,1112,,,,LA,nro_animal=pend27
hierro.csv,1113,,,,LA,nro_animal=9110
hierro.csv,1114,,,,LA,nro_animal=0213A
hierro.csv,1115,,,,LA,nro_animal=pend31
hierro.csv,1116,,,,LA,nro_animal=pend32
hierro.csv,1117,,,,LA,nro_animal=0250
hierro.csv,1118,,,,LA,nro_animal=9010
hierro.csv,1119,,,,LA,nro_animal=8039
hierro.csv,1120,,,,LA,nro_animal=0340A
hierro.csv,1121,,,,LA,nro_animal=0340B
hierro.csv,1122,,,,LA,nro_animal=2066
hierro.csv,1123,,,,LA,nro_animal=0320
hierro.csv,1124,,,,LA,nro_animal=0350
hierro.csv,1125,,,,LA,nro_animal=30
hierro.csv,1126,,,,LA,nro_animal=34
hierro.csv,1127,,,,LA,nro_animal=8057
hierro.csv,1128,,,,LA,nro_animal=8006
hierro.csv,1129,,,,LA,nro_animal=7038
hierro.csv,1130,,,,LA,nro_animal=S14
hierro.csv,1131,,,,LA,nro_animal=S15
hierro.csv,1132,,,,LA,nro_animal=8015
hierro.csv,1133,,,,LA,nro_animal=8071
hierro.csv,1134,,,,LA,nro_animal=31
hierro.csv,1135,,,,LA,nro_animal=32
hierro.csv,1136,,,,LA,nro_animal=1015A
hierro.csv,1137,,,,LA,nro_animal=2170
hierro.csv,1138,,,,LA,nro_animal=2011
hierro.csv,1139,,,,LA,nro_animal=2013
hierro.csv,1140,,,,LA,nro_animal=2096A
hierro.csv,1141,,,,LA,nro_animal=2218
hierro.csv,1142,,,,LA,nro_animal=2167
hierro.csv,1143,,,,LA,nro_animal=8098
hierro.csv,1144,,,,LA,nro_animal=213
hierro.csv,1145,,,,LA,nro_animal=1161
hierro.csv,1146,,,,LA,nro_animal=7
hierro.csv,1147,,,,LA,nro_animal=80682
hierro.csv,1148,,,,LA,nro_animal=3227
hierro.csv,1149,,,,LA,nro_animal=8034
hierro.csv,1150,,,,LA,nro_animal=406
hierro.csv,1151,,,,LA,nro_animal=22049
hierro.csv,1152,,,,LA,nro_animal=8019
hierro.csv,1153,,,,puro/LA,nro_animal=EMB 5
hierro.csv,1154,,,,LA,nro_animal=3100
hierro.csv,1155,,,,LA,nro_animal=1098
hierro.csv,1156,,,,LA,nro_animal=23017
hierro.csv,1157,,,,LA,nro_animal=23018
hierro.csv,1158,,,,LA,nro_animal=23019
hierro.csv,1159,,,,LA,nro_animal=23024
hierro.csv,1160,,,,LA,nro_animal=23026
hierro.csv,1161,,,,LA,nro_animal=9
hierro.csv,1162,,,,LA,nro_animal=23027
hierro.csv,1163,,,,LA,nro_animal=23028
hierro.csv,1164,,,,LA,nro_animal=23030
hierro.csv,1165,,,,LA,nro_animal=23031
hierro.csv,1166,,,,LA,nro_animal=3500
hierro.csv,1167,,,,LA,nro_animal=3501
hierro.csv,1168,,,,LA,nro_animal=23033
hierro.csv,1169,,,,LA,nro_animal=23038
hierro.csv,1170,,,,LA,nro_animal=23039
hierro.csv,1171,,,,LA,nro_animal=23041
hierro.csv,1172,,,,LA,nro_animal=35
hierro.csv,1173,,,,LA,nro_animal=23044
hierro.csv,1174,,,,LA,nro_animal=23045
hierro.csv,1175,,,,LA,nro_animal=23046
hierro.csv,1176,,,,LA,nro_animal=23047
hierro.csv,1177,,,,LA,nro_animal=23049
hierro.csv,1178,,,,LA,nro_animal=23050
hierro.csv,1179,,,,LA,nro_animal=23051
hierro.csv,1180,,,,LA,nro_animal=23052
hierro.csv,1181,,,,LA,nro_animal=23053
hierro.csv,1182,,,,LA,nro_animal=23054
hierro.csv,1183,,,,LA,nro_animal=23055
hierro.csv,1184,,,,LA,nro_animal=23056
hierro.csv,1185,,,,LA,nro_animal=23057
hierro.csv,1186,,,,LA,nro_animal=23058
hierro.csv,1187,,,,LA,nro_animal=23059
hierro.csv,1188,,,,LA,nro_animal=23060
hierro.csv,1189,,,,LA,nro_animal=23061
hierro.csv,1190,,,,LA,nro_animal=23062
hierro.csv,1191,,,,LA,nro_animal=23064
hierro.csv,1192,,,,LA,nro_animal=23065
hierro.csv,1193,,,,LA,nro_animal=23067
hierro.csv,1194,,,,LA,nro_animal=23069
hierro.csv,1195,,,,LA,nro_animal=23071
hierro.csv,1196,,,,LA,nro_animal=23073
hierro.csv,1197,,,,LA,nro_animal=23074
hierro.csv,1198,,,,LA,nro_animal=0222
hierro.csv,1199,,,,LA,nro_animal=7065
hierro.csv,1200,,,,LA,nro_animal=0265
hierro.csv,1201,,,,LA,nro_animal=1048
hierro.csv,1202,,,,LA,nro_animal=S/NJ
hierro.csv,1203,,,,LA,nro_animal=0110
hierro.csv,1204,,,,LA,nro_animal=36
hierro.csv,1205,,,,LA,nro_animal=SN50
hierro.csv,1206,,,,LA,nro_animal=0357
hierro.csv,1207,,,,LA,nro_animal=0351
hierro.csv,1208,,,,LA,nro_animal=23077
hierro.csv,1209,,,,LA,nro_animal=23079
hierro.csv,1210,,,,LA,nro_animal=23081
hierro.csv,1211,,,,LA,nro_animal=23082
hierro.csv,1212,,,,LA,nro_animal=23084
hierro.csv,1213,,,,LA,nro_animal=23085
hierro.csv,1214,,,,LA,nro_animal=23086
hierro.csv,1215,,,,LA,nro_animal=pend38
hierro.csv,1216,,,,LA,nro_animal=3505
hierro.csv,1217,,,,LA,nro_animal=3504
hierro.csv,1218,,,,LA,nro_animal=23087
hierro.csv,1219,,,,LA,nro_animal=23088
hierro.csv,1220,,,,LA,nro_animal=23089
hierro.csv,1221,,,,LA,nro_animal=22169A
hierro.csv,1222,,,,LA,nro_animal=22168
hierro.csv,1223,,,,LA,nro_animal=23090
hierro.csv,1224,,,,LA,nro_animal=23091
hierro.csv,1225,,,,LA,nro_animal=23092
hierro.csv,1226,,,,LA,nro_animal=23094
hierro.csv,1227,,,,LA,nro_animal=23096
hierro.csv,1228,,,,LA,nro_animal=23097
hierro.csv,1229,,,,LA,nro_animal=23098
hierro.csv,1230,,,,LA,nro_animal=23099
hierro.csv,1231,,,,LA,nro_animal=23100
hierro.csv,1232,,,,LA,nro_animal=23101
hierro.csv,1233,,,,LA,nro_animal=23102
hierro.csv,1234,,,,LA,nro_animal=3103
hierro.csv,1235,,,,LA,nro_animal=23104
hierro.csv,1236,,,,LA,nro_animal=23105
hierro.csv,1237,,,,LA,nro_animal=23107
hierro.csv,1238,,,,LA,nro_animal=23108
hierro.csv,1239,,,,LA,nro_animal=23109
hierro.csv,1240,,,,LA,nro_animal=23110
hierro.csv,1241,,,,LA,nro_animal=22221
hierro.csv,1242,,,,LA,nro_animal=22171
hierro.csv,1243,,,,LA,nro_animal=23118
hierro.csv,1244,,,,LA,nro_animal=23119
hierro.csv,1245,,,,LA,nro_animal=23120
hierro.csv,1246,,,,LA,nro_animal=23122
hierro.csv,1247,,,,LA,nro_animal=23123
hierro.csv,1248,,,,LA,nro_animal=23124
hierro.csv,1249,,,,puro/LA,nro_animal=23125
hierro.csv,1250,,,,LA,nro_animal=23126
hierro.csv,1251,,,,LA,nro_animal=23127
hierro.csv,1252,,,,LA,nro_animal=23128
hierro.csv,1253,,,,LA,nro_animal=23131
hierro.csv,1254,,,,LA,nro_animal=23132
hierro.csv,1255,,,,LA,nro_animal=23133
hierro.csv,1256,,,,LA,nro_animal=23134
hierro.csv,1257,,,,LA,nro_animal=23135
hierro.csv,1258,,,,LA,nro_animal=23136
hierro.csv,1259,,,,LA,nro_animal=23137
hierro.csv,1260,,,,LA,nro_animal=23138
hierro.csv,1261,,,,LA,nro_animal=23139
hierro.csv,1262,,,,LA,nro_animal=23140
hierro.csv,1263,,,,LA,nro_animal=23141
hierro.csv,1264,,,,LA,nro_animal=23142
hierro.csv,1265,,,,LA,nro_animal=23144
hierro.csv,1266,,,,LA,nro_animal=23145
hierro.csv,1267,,,,LA,nro_animal=23146
hierro.csv,1268,,,,LA,nro_animal=23147
hierro.csv,1269,,,,puro/LA,nro_animal=23148
hierro.csv,1270,,,,LA,nro_animal=23150
hierro.csv,1271,,,,LA,nro_animal=23151
hierro.csv,1272,,,,LA,nro_animal=23152
hierro.csv,1273,,,,LA,nro_animal=23153
hierro.csv,1274,,,,LA,nro_animal=23154
hierro.csv,1275,,,,LA,nro_animal=23156
hierro.csv,1276,,,,LA,nro_animal=23159
hierro.csv,1277,,,,LA,nro_animal=23160
hierro.csv,1278,,,,LA,nro_animal=23162
hierro.csv,1279,,,,LA,nro_animal=23163
hierro.csv,1280,,,,LA,nro_animal=23164
hierro.csv,1281,,,,LA,nro_animal=23165
hierro.csv,1282,,,,LA,nro_animal=23166
hierro.csv,1283,,,,LA,nro_animal=23168
hierro.csv,1284,,,,LA,nro_animal=22139
hierro.csv,1285,,,,LA,nro_animal=22216
hierro.csv,1286,,,,LA,nro_animal=23169
hierro.csv,1287,,,,LA,nro_animal=23170
hierro.csv,1288,,,,LA,nro_animal=23171
hierro.csv,1289,,,,LA,nro_animal=23172
hierro.csv,1290,,,,LA,nro_animal=23173
hierro.csv,1291,,,,LA,nro_animal=23174
hierro.csv,1292,,,,LA,nro_animal=23176
hierro.csv,1293,,,,LA,nro_animal=23177
hierro.csv,1294,,,,LA,nro_animal=23182
hierro.csv,1295,,,,LA,nro_animal=23180
hierro.csv,1296,,,,LA,nro_animal=23183
hierro.csv,1297,,,,LA,nro_animal=23184
hierro.csv,1298,,,,LA,nro_animal=23185
hierro.csv,1299,,,,LA,nro_animal=23187
hierro.csv,1300,,,,LA,nro_animal=23188
hierro.csv,1301,,,,LA,nro_animal=23190
hierro.csv,1302,,,,LA,nro_animal=23189
hierro.csv,1303,,,,LA,nro_animal=23193
hierro.csv,1304,,,,LA,nro_animal=23194
hierro.csv,1305,,,,LA,nro_animal=4043
hierro.csv,1306,,,,LA,nro_animal=23209
hierro.csv,1307,,,,LA,nro_animal=23210
hierro.csv,1308,,,,LA,nro_animal=23211
hierro.csv,1309,,,,LA,nro_animal=23216
hierro.csv,1310,,,,LA,nro_animal=23218
hierro.csv,1311,,,,LA,nro_animal=23223
hierro.csv,1312,,,,LA,nro_animal=23231
hierro.csv,1313,,,,LA,nro_animal=23236
hierro.csv,1314,,,,LA,nro_animal=24104
hierro.csv,1315,,,,LA,nro_animal=BU303
hierro.csv,1316,,,,puro/LA,nro_animal=24006
hierro.csv,1317,,,,LA,nro_animal=24031
hierro.csv,1318,,,,LA,nro_animal=24027
hierro.csv,1319,,,,LA,nro_animal=24081
hierro.csv,1320,,,,LA,nro_animal=24011
hierro.csv,1321,,,,LA,nro_animal=24068
hierro.csv,1322,,,,LA,nro_animal=23220
hierro.csv,1323,,,,LA,nro_animal=24072
hierro.csv,1324,,,,LA,nro_animal=23243
hierro.csv,1325,,,,LA,nro_animal=23212
hierro.csv,1326,,,,LA,nro_animal=23244
hierro.csv,1327,,,,LA,nro_animal=23201
hierro.csv,1328,,,,LA,nro_animal=24003
hierro.csv,1329,,,,LA,nro_animal=24080
hierro.csv,1330,,,,LA,nro_animal=24074
hierro.csv,1331,,,,LA,nro_animal=23229
hierro.csv,1332,,,,LA,nro_animal=23250
hierro.csv,1333,,,,LA,nro_animal=23246
hierro.csv,1334,,,,LA,nro_animal=23237
hierro.csv,1335,,,,LA,nro_animal=24018
hierro.csv,1336,,,,LA,nro_animal=24028
hierro.csv,1337,,,,LA,nro_animal=23232
hierro.csv,1338,,,,LA,nro_animal=24017
hierro.csv,1339,,,,LA,nro_animal=23203
hierro.csv,1340,,,,LA,nro_animal=23195
hierro.csv,1341,,,,LA,nro_animal=23215
hierro.csv,1342,,,,LA,nro_animal=24055
hierro.csv,1343,,,,LA,nro_animal=23225
hierro.csv,1344,,,,LA,nro_animal=23202
hierro.csv,1345,,,,LA,nro_animal=23204
hierro.csv,1346,,,,LA,nro_animal=24042
hierro.csv,1347,,,,LA,nro_animal=23240
hierro.csv,1348,,,,LA,nro_animal=23224
hierro.csv,1349,,,,LA,nro_animal=23228
hierro.csv,1350,,,,LA,nro_animal=23230
hierro.csv,1351,,,,LA,nro_animal=23247
hierro.csv,1352,,,,LA,nro_animal=24021
hierro.csv,1353,,,,LA,nro_animal=24002
hierro.csv,1354,,,,LA,nro_animal=23241
hierro.csv,1355,,,,LA,nro_animal=24016
hierro.csv,1356,,,,LA,nro_animal=23251
hierro.csv,1357,,,,LA,nro_animal=23238
hierro.csv,1358,,,,LA,nro_animal=24004
hierro.csv,1359,,,,LA,nro_animal=23227
hierro.csv,1360,,,,LA,nro_animal=23249
hierro.csv,1361,,,,LA,nro_animal=24009
hierro.csv,1362,,,,LA,nro_animal=24005
hierro.csv,1363,,,,LA,nro_animal=24008
hierro.csv,1364,,,,Osmel,nro_animal=pend21
hierro.csv,1365,,,,Brito,nro_animal=pend40
hierro.csv,1366,,,,Maura,nro_animal=pend43
hierro.csv,1367,,,,LA,nro_animal=24190
hierro.csv,1368,,,,LA,nro_animal=24231
hierro.csv,1369,,,,LA,nro_animal=24198
hierro.csv,1370,,,,LA,nro_animal=24204
hierro.csv,1371,,,,LA,nro_animal=24217
hierro.csv,1372,,,,LA,nro_animal=24211
hierro.csv,1373,,,,LA,nro_animal=24203
hierro.csv,1374,,,,LA,nro_animal=24201
hierro.csv,1375,,,,LA,nro_animal=24210
hierro.csv,1376,,,,LA,nro_animal=24214
hierro.csv,1377,,,,LA,nro_animal=24179
hierro.csv,1378,,,,LA,nro_animal=24191
hierro.csv,1379,,,,LA,nro_animal=24224
hierro.csv,1380,,,,LA,nro_animal=24238
hierro.csv,1381,,,,LA,nro_animal=24221
hierro.csv,1382,,,,LA,nro_animal=24206
hierro.csv,1383,,,,LA,nro_animal=24193
hierro.csv,1384,,,,LA,nro_animal=24194
hierro.csv,1385,,,,LA,nro_animal=24189
hierro.csv,1386,,,,LA,nro_animal=24148
hierro.csv,1387,,,,LA,nro_animal=24197
hierro.csv,1388,,,,LA,nro_animal=24187
hierro.csv,1389,,,,LA,nro_animal=24146
hierro.csv,1390,,,,LA,nro_animal=24162
hierro.csv,1391,,,,LA,nro_animal=24014
hierro.csv,1392,,,,LA,nro_animal=24177
hierro.csv,1393,,,,LA,nro_animal=24212
hierro.csv,1394,,,,LA,nro_animal=24207
hierro.csv,1395,,,,LA,nro_animal=24170
hierro.csv,1396,,,,LA,nro_animal=24186
hierro.csv,1397,,,,LA,nro_animal=24140
hierro.csv,1398,,,,LA,nro_animal=24151
hierro.csv,1399,,,,LA,nro_animal=24130
hierro.csv,1400,,,,LA,nro_animal=24195
hierro.csv,1401,,,,LA,nro_animal=24167
hierro.csv,1402,,,,LA,nro_animal=24196
hierro.csv,1403,,,,LA,nro_animal=24165
hierro.csv,1404,,,,Brito,nro_animal=pend49
hierro.csv,1405,,,,Maura,nro_animal=pend50
hierro.csv,1406,,,,Juan,nro_animal=J25132
hierro.csv,1407,,,,Juan,nro_animal=J25147
hierro.csv,1408,,,,LG,nro_animal=MSN15
hierro.csv,1409,,,,LG,nro_animal=SN50
hierro.csv,1410,,,,Maura,nro_animal=pend46
hierro.csv,1411,,,,Maura,nro_animal=pend47
hierro.csv,1412,,,,Maura,nro_animal=pend48
hierro.csv,1413,,,,Maura,nro_animal=pend50
hierro.csv,1414,,,,LA,nro_animal=24168
hierro.csv,1415,,,,LA,nro_animal=24172
hierro.csv,1416,,,,LA,nro_animal=24174
hierro.csv,1417,,,,LA,nro_animal=24185
hierro.csv,1418,,,,LA,nro_animal=24188
hierro.csv,1419,,,,LA,nro_animal=24202
hierro.csv,1420,,,,LA,nro_animal=24209
hierro.csv,1421,,,,LA,nro_animal=24213
hierro.csv,1422,,,,LA,nro_animal=24216
hierro.csv,1423,,,,LA,nro_animal=24219
hierro.csv,1424,,,,LA,nro_animal=24220
hierro.csv,1425,,,,LA,nro_animal=24222
hierro.csv,1426,,,,LA,nro_animal=24230
hierro.csv,1427,,,,LA,nro_animal=24232
hierro.csv,1428,,,,LA,nro_animal=24234
hierro.csv,1429,,,,LA,nro_animal=24235
hierro.csv,1430,,,,LA,nro_animal=24237
hierro.csv,1431,,,,LA,nro_animal=24239
hierro.csv,1432,,,,LA,nro_animal=24243
hierro.csv,1433,,,,LA,nro_animal=24244
hierro.csv,1434,,,,LA,nro_animal=24246
hierro.csv,1435,,,,LA,nro_animal=24252
hierro.csv,1436,,,,LA,nro_animal=24256
hierro.csv,1437,,,,LA,nro_animal=24259
hierro.csv,1438,,,,LA,nro_animal=24260
hierro.csv,1439,,,,LA,nro_animal=24262
hierro.csv,1440,,,,LA,nro_animal=24273
hierro.csv,1441,,,,LA,nro_animal=24275
hierro.csv,1442,,,,LA,nro_animal=24277
hierro.csv,1443,,,,LA,nro_animal=24278
hierro.csv,1444,,,,LA,nro_animal=24283
hierro.csv,1445,,,,LA,nro_animal=24285
hierro.csv,1446,,,,LA,nro_animal=24286
hierro.csv,1447,,,,LA,nro_animal=24290
hierro.csv,1448,,,,LA,nro_animal=24291
hierro.csv,1449,,,,LA,nro_animal=24292
hierro.csv,1450,,,,LA,nro_animal=24297
hierro.csv,1451,,,,LA,nro_animal=24298
hierro.csv,1452,,,,LA,nro_animal=24300
hierro.csv,1453,,,,LA,nro_animal=25001
hierro.csv,1454,,,,LA,nro_animal=25009
hierro.csv,1455,,,,LA,nro_animal=24284
hierro.csv,1456,,,,LA,nro_animal=24270
hierro.csv,1457,,,,LA,nro_animal=25023
hierro.csv,1458,,,,LA,nro_animal=24200
hierro.csv,1459,,,,LA,nro_animal=24171
hierro.csv,1460,,,,LA,nro_animal=24184
hierro.csv,1461,,,,LA,nro_animal=24218
hierro.csv,1462,,,,LA,nro_animal=24233
hierro.csv,1463,,,,LA,nro_animal=24240
hierro.csv,1464,,,,LA,nro_animal=24242
hierro.csv,1465,,,,LA,nro_animal=24247
hierro.csv,1466,,,,LA,nro_animal=24249
hierro.csv,1467,,,,LA,nro_animal=24264
hierro.csv,1468,,,,LA,nro_animal=24268
hierro.csv,1469,,,,LA,nro_animal=24271
hierro.csv,1470,,,,LA,nro_animal=24274
hierro.csv,1471,,,,LA,nro_animal=24276
hierro.csv,1472,,,,LA,nro_animal=24279
hierro.csv,1473,,,,LA,nro_animal=24288
hierro.csv,1474,,,,LA,nro_animal=24299
hierro.csv,1475,,,,LA,nro_animal=24302
hierro.csv,1476,,,,LA,nro_animal=24303
hierro.csv,1477,,,,LA,nro_animal=24308
hierro.csv,1478,,,,LA,nro_animal=25003
hierro.csv,1479,,,,LA,nro_animal=25006
hierro.csv,1480,,,,LA,nro_animal=25010
hierro.csv,1481,,,,LA,nro_animal=25011
hierro.csv,1482,,,,LA,nro_animal=25013
hierro.csv,1483,,,,LA,nro_animal=25015
hierro.csv,1484,,,,LA,nro_animal=25016
hierro.csv,1485,,,,LA,nro_animal=25025
hierro.csv,1486,,,,LA,nro_animal=25029
hierro.csv,1487,,,,LA,nro_animal=25032
hierro.csv,1488,,,,LA,nro_animal=25033
hierro.csv,1489,,,,LA,nro_animal=25038
hierro.csv,1490,,,,LA,nro_animal=25041
hierro.csv,1491,,,,LA,nro_animal=25042
hierro.csv,1492,,,,LA,nro_animal=25043
hierro.csv,1493,,,,LA,nro_animal=25044
hierro.csv,1494,,,,LA,nro_animal=25051
hierro.csv,1495,,,,LA,nro_animal=25080
hierro.csv,1496,,,,LA,nro_animal=pend49
hierro.csv,1497,,,,LA,nro_animal=24250
hierro.csv,1498,,,,LA,nro_animal=24248
hierro.csv,1499,,,,LA,nro_animal=24282
hierro.csv,1500,,,,LA,nro_animal=j25001
hierro.csv,1501,,,,LA,nro_animal=24269
hierro.csv,1502,,,,LA,nro_animal=24251
hierro.csv,1503,,,,LA,nro_animal=25014
hierro.csv,1504,,,,LA,nro_animal=25017
hierro.csv,1505,,,,LA,nro_animal=25021
hierro.csv,1506,,,,LA,nro_animal=24307
hierro.csv,1507,,,,LA,nro_animal=24255
hierro.csv,1508,,,,LA,nro_animal=24289
hierro.csv,1509,,,,LA,nro_animal=25028
hierro.csv,1510,,,,LA,nro_animal=25026
hierro.csv,1511,,,,LA,nro_animal=25069
hierro.csv,1512,,,,LA,nro_animal=24078
hierro.csv,1513,,,,LA,nro_animal=25035
hierro.csv,1514,,,,LA,nro_animal=24272
hierro.csv,1515,,,,LA,nro_animal=25037
hierro.csv,1516,,,,LA,nro_animal=24156
hierro.csv,1517,,,,LA,nro_animal=24133
hierro.csv,1518,,,,LA,nro_animal=24135
hierro.csv,1519,,,,LA,nro_animal=24118
hierro.csv,1520,,,,LA,nro_animal=24023
hierro.csv,1521,,,,LA,nro_animal=24032
hierro.csv,1522,,,,LA,nro_animal=23070
hierro.csv,1523,,,,LA,nro_animal=24050
hierro.csv,1524,,,,LA,nro_animal=24109
hierro.csv,1525,,,,LA,nro_animal=24117
hierro.csv,1526,,,,LA,nro_animal=24056
hierro.csv,1527,,,,LA,nro_animal=24137
hierro.csv,1528,,,,LA,nro_animal=24007
hierro.csv,1529,,,,LA,nro_animal=24039
hierro.csv,1530,,,,LA,nro_animal=24045
hierro.csv,1531,,,,LA,nro_animal=24051
hierro.csv,1532,,,,LA,nro_animal=24053
hierro.csv,1533,,,,LA,nro_animal=24058
hierro.csv,1534,,,,LA,nro_animal=24084
hierro.csv,1535,,,,LA,nro_animal=24114
hierro.csv,1536,,,,LA,nro_animal=24115
hierro.csv,1537,,,,LA,nro_animal=24173
hierro.csv,1538,,,,LA,nro_animal=23029
hierro.csv,1539,,,,LA,nro_animal=23003
hierro.csv,1540,,,,LA,nro_animal=23066
hierro.csv,1541,,,,LA,nro_animal=23075
hierro.csv,1542,,,,LA,nro_animal=23179
hierro.csv,1543,,,,LA,nro_animal=24131
hierro.csv,1544,,,,LA,nro_animal=24176
hierro.csv,1545,,,,LA,nro_animal=24178
hierro.csv,1546,,,,LA,nro_animal=24229
hierro.csv,1547,,,,LA,nro_animal=24287
hierro.csv,1548,,,,LA,nro_animal=24306
hierro.csv,1549,,,,LA,nro_animal=25005
hierro.csv,1550,,,,LA,nro_animal=25020
hierro.csv,1551,,,,LA,nro_animal=25024
hierro.csv,1552,,,,LA,nro_animal=25030
hierro.csv,1553,,,,LA,nro_animal=25039
hierro.csv,1554,,,,LA,nro_animal=25052
hierro.csv,1555,,,,LA,nro_animal=25053
hierro.csv,1556,,,,LA,nro_animal=25054
hierro.csv,1557,,,,LA,nro_animal=25055
hierro.csv,1558,,,,LA,nro_animal=25056
hierro.csv,1559,,,,LA,nro_animal=25060
hierro.csv,1560,,,,LA,nro_animal=25061
hierro.csv,1561,,,,LA,nro_animal=25062
hierro.csv,1562,,,,LA,nro_animal=25064
hierro.csv,1563,,,,LA,nro_animal=25067
hierro.csv,1564,,,,LA,nro_animal=25070
hierro.csv,1565,,,,LA,nro_animal=25075
hierro.csv,1566,,,,LA,nro_animal=25076
hierro.csv,1567,,,,LA,nro_animal=25088
hierro.csv,1568,,,,LA,nro_animal=25099
hierro.csv,1569,,,,LA,nro_animal=25109
hierro.csv,1570,,,,LA,nro_animal=25114
hierro.csv,1571,,,,LA,nro_animal=25116
hierro.csv,1572,,,,LA,nro_animal=25069
hierro.csv,1573,,,,LA,nro_animal=25022
hierro.csv,1574,,,,LA,nro_animal=J25049
hierro.csv,1575,,,,LA,nro_animal=J25031
hierro.csv,1576,,,,LA,nro_animal=J25002
hierro.csv,1577,,,,LA,nro_animal=J420
hierro.csv,1578,,,,LA,nro_animal=25074
hierro.csv,1579,,,,LA,nro_animal=24229
hierro.csv,1580,,,,LA,nro_animal=24287
hierro.csv,1581,,,,LA,nro_animal=24306
hierro.csv,1582,,,,LA,nro_animal=25005
hierro.csv,1583,,,,LA,nro_animal=25020
hierro.csv,1584,,,,LA,nro_animal=25024
hierro.csv,1585,,,,LA,nro_animal=25030
hierro.csv,1586,,,,LA,nro_animal=25039
hierro.csv,1587,,,,LA,nro_animal=25052
hierro.csv,1588,,,,LA,nro_animal=25053
hierro.csv,1589,,,,LA,nro_animal=25054
hierro.csv,1590,,,,LA,nro_animal=25055
hierro.csv,1591,,,,LA,nro_animal=25056
hierro.csv,1592,,,,LA,nro_animal=25060
hierro.csv,1593,,,,LA,nro_animal=25061
hierro.csv,1594,,,,LA,nro_animal=25062
hierro.csv,1595,,,,LA,nro_animal=25064
hierro.csv,1596,,,,LA,nro_animal=25067
hierro.csv,1597,,,,LA,nro_animal=25070
hierro.csv,1598,,,,LA,nro_animal=25075
hierro.csv,1599,,,,LA,nro_animal=25076
hierro.csv,1600,,,,LA,nro_animal=25088
hierro.csv,1601,,,,LA,nro_animal=25099
hierro.csv,1602,,,,LA,nro_animal=25109
hierro.csv,1603,,,,LA,nro_animal=25114
hierro.csv,1604,,,,LA,nro_animal=25116
hierro.csv,1605,,,,LA,nro_animal=25069
hierro.csv,1606,,,,LA,nro_animal=25022
hierro.csv,1607,,,,LA,nro_animal=J25049
hierro.csv,1608,,,,LA,nro_animal=J25031
hierro.csv,1609,,,,LA,nro_animal=J25002
hierro.csv,1610,,,,LA,nro_animal=J420
hierro.csv,1611,,,,LA,nro_animal=25063
hierro.csv,1612,,,,LA,nro_animal=25071
hierro.csv,1613,,,,LA,nro_animal=25078
hierro.csv,1614,,,,LA,nro_animal=25084
hierro.csv,1615,,,,LA,nro_animal=25086
hierro.csv,1616,,,,LA,nro_animal=25093
hierro.csv,1617,,,,LA,nro_animal=25096
hierro.csv,1618,,,,LA,nro_animal=25097
hierro.csv,1619,,,,LA,nro_animal=25104
hierro.csv,1620,,,,LA,nro_animal=25118
hierro.csv,1621,,,,LA,nro_animal=25120
hierro.csv,1622,,,,LA,nro_animal=25122
hierro.csv,1623,,,,LA,nro_animal=25125
hierro.csv,1624,,,,LA,nro_animal=25137
hierro.csv,1625,,,,LA,nro_animal=25149
hierro.csv,1626,,,,LA,nro_animal=25151
hierro.csv,1627,,,,LA,nro_animal=25152
hierro.csv,1628,,,,LA,nro_animal=25100
hierro.csv,1629,,,,LA,nro_animal=25091
hierro.csv,1630,,,,LA,nro_animal=25121
hierro.csv,1631,,,,LA,nro_animal=25080
hierro.csv,1632,,,,LA,nro_animal=25034
hierro.csv,1633,,,,LA,nro_animal=25045
hierro.csv,1634,,,,LA,nro_animal=24205
hierro.csv,1635,,,,LA,nro_animal=25027
hierro.csv,1636,,,,LA,nro_animal=25058
hierro.csv,1637,,,,LA,nro_animal=25036
hierro.csv,1638,,,,LA,nro_animal=25068
hierro.csv,1639,,,,LA,nro_animal=25012
hierro.csv,1640,,,,LA,nro_animal=25040
hierro.csv,1641,,,,LA,nro_animal=25066
hierro.csv,1642,,,,LA,nro_animal=25077
hierro.csv,1643,,,,LA,nro_animal=25103
hierro.csv,1644,,,,LA,nro_animal=25050
hierro.csv,1645,,,,LA,nro_animal=25059
hierro.csv,1646,,,,LA,nro_animal=J25132
hierro.csv,1647,,,,LA,nro_animal=25127
hierro.csv,1648,,,,LA,nro_animal=25134
hierro.csv,1649,,,,LA,nro_animal=J25147
hierro.csv,1650,,,,LA,nro_animal=25087
hierro.csv,1651,,,,LA,nro_animal=25142
hierro.csv,1652,,,,LA,nro_animal=25105
hierro.csv,1653,,,,LA,nro_animal=25095
hierro.csv,1654,,,,LA,nro_animal=25144
hierro.csv,1655,,,,LA,nro_animal=25139
hierro.csv,1656,,,,LA,nro_animal=25101
hierro.csv,1657,,,,LA,nro_animal=25124
hierro.csv,1658,,,,LA,nro_animal=25111
hierro.csv,1659,,,,LA,nro_animal=25073
hierro.csv,1660,,,,LA,nro_animal=25131
hierro.csv,1661,,,,LA,nro_animal=25106
hierro.csv,1662,,,,LA,nro_animal=25135
hierro.csv,1663,,,,LA,nro_animal=25155
hierro.csv,1664,,,,LA,nro_animal=24060
hierro.csv,1665,,,,LA,nro_animal=4501
hierro.csv,1666,,,,LA,nro_animal=24048
hierro.csv,1667,,,,LA,nro_animal=25065
hierro.csv,1668,,,,LA,nro_animal=25119
hierro.csv,1669,,,,LA,nro_animal=25138
hierro.csv,1670,,,,LA,nro_animal=25226
hierro.csv,1671,,,,LA,nro_animal=25154
hierro.csv,1672,,,,LA,nro_animal=25140
hierro.csv,1673,,,,LA,nro_animal=25183
hierro.csv,1674,,,,LA,nro_animal=25089
hierro.csv,1675,,,,LA,nro_animal=25179
hierro.csv,1676,,,,LA,nro_animal=25188
hierro.csv,1677,,,,LA,nro_animal=25178
hierro.csv,1678,,,,LA,nro_animal=25164
hierro.csv,1679,,,,LA,nro_animal=25186
hierro.csv,1680,,,,LA,nro_animal=25211
hierro.csv,1681,,,,LA,nro_animal=25177
hierro.csv,1682,,,,LA,nro_animal=25210
hierro.csv,1683,,,,LA,nro_animal=25159
hierro.csv,1684,,,,LA,nro_animal=25192
hierro.csv,1685,,,,LA,nro_animal=25224
hierro.csv,1686,,,,LA,nro_animal=25126
hierro.csv,1687,,,,LA,nro_animal=25213
hierro.csv,1688,,,,LA,nro_animal=25222
hierro.csv,1689,,,,LA,nro_animal=25275
hierro.csv,1690,,,,LA,nro_animal=25277
hierro.csv,1691,,,,LA,nro_animal=25265
hierro.csv,1692,,,,LA,nro_animal=25223
hierro.csv,1693,,,,LA,nro_animal=25187
hierro.csv,1694,,,,LA,nro_animal=25129
hierro.csv,1695,,,,LA,nro_animal=25200
hierro.csv,1696,,,,LA,nro_animal=25173
hierro.csv,1697,,,,LA,nro_animal=25145
hierro.csv,1698,,,,LA,nro_animal=25176
hierro.csv,1699,,,,LA,nro_animal=25167
hierro.csv,1700,,,,LA,nro_animal=25203
hierro.csv,1701,,,,LA,nro_animal=25209
hierro.csv,1702,,,,LA,nro_animal=25161
hierro.csv,1703,,,,LA,nro_animal=25175
hierro.csv,1704,,,,LA,nro_animal=25098
hierro.csv,1705,,,,LA,nro_animal=25141
hierro.csv,1706,,,,LA,nro_animal=25230
hierro.csv,1707,,,,LA,nro_animal=25231
hierro.csv,1708,,,,LA,nro_animal=25110
hierro.csv,1709,,,,LA,nro_animal=25130
hierro.csv,1710,,,,LA,nro_animal=25253
hierro.csv,1711,,,,LA,nro_animal=25237
hierro.csv,1712,,,,LA,nro_animal=25190
hierro.csv,1713,,,,LA,nro_animal=25157
hierro.csv,1714,,,,LA,nro_animal=25214
hierro.csv,1715,,,,LA,nro_animal=25207
hierro.csv,1716,,,,LA,nro_animal=25158
hierro.csv,1717,,,,LA,nro_animal=26019
hierro.csv,1718,,,,LA,nro_animal=25150
hierro.csv,1719,,,,LA,nro_animal=25112
hierro.csv,1720,,,,LA,nro_animal=25219
hierro.csv,1721,,,,LA,nro_animal=25169
hierro.csv,1722,,,,LA,nro_animal=25236
hierro.csv,1723,,,,LA,nro_animal=25254
hierro.csv,1724,,,,LA,nro_animal=25199
hierro.csv,1725,,,,LA,nro_animal=25165
hierro.csv,1726,,,,LA,nro_animal=25196
hierro.csv,1727,,,,LA,nro_animal=25290
hierro.csv,1728,,,,LA,nro_animal=25284
hierro.csv,1729,,,,LA,nro_animal=25274
hierro.csv,1730,,,,LA,nro_animal=25123
hierro.csv,1731,,,,LA,nro_animal=25143
hierro.csv,1732,,,,LA,nro_animal=26013
hierro.csv,1733,,,,LA,nro_animal=25128
hierro.csv,1734,,,,LA,nro_animal=25162
hierro.csv,1735,,,,LA,nro_animal=25215
hierro.csv,1736,,,,LA,nro_animal=25102
hierro.csv,1737,,,,LA,nro_animal=25174
hierro.csv,1738,,,,LA,nro_animal=25201
hierro.csv,1739,,,,LA,nro_animal=25166
hierro.csv,1740,,,,LA,nro_animal=25218
hierro.csv,1741,,,,LA,nro_animal=25273
hierro.csv,1742,,,,LA,nro_animal=25170
hierro.csv,1743,,,,LA,nro_animal=25191
hierro.csv,1744,,,,LA,nro_animal=25232
hierro.csv,1745,,,,LA,nro_animal=25233
hierro.csv,1746,,,,LA,nro_animal=25234
hierro.csv,1747,,,,LA,nro_animal=25239
hierro.csv,1748,,,,LA,nro_animal=25243
hierro.csv,1749,,,,LA,nro_animal=25247
hierro.csv,1750,,,,LA,nro_animal=25255
hierro.csv,1751,,,,LA,nro_animal=25256
hierro.csv,1752,,,,LA,nro_animal=25260
hierro.csv,1753,,,,LA,nro_animal=25261
hierro.csv,1754,,,,LA,nro_animal=25263
hierro.csv,1755,,,,LA,nro_animal=25270
hierro.csv,1756,,,,LA,nro_animal=25271
hierro.csv,1757,,,,LA,nro_animal=25272
hierro.csv,1758,,,,LA,nro_animal=25278
hierro.csv,1759,,,,LA,nro_animal=25283
hierro.csv,1760,,,,LA,nro_animal=25286
hierro.csv,1761,,,,LA,nro_animal=25293
hierro.csv,1762,,,,LA,nro_animal=25299
hierro.csv,1763,,,,LA,nro_animal=25301
hierro.csv,1764,,,,LA,nro_animal=25302
hierro.csv,1765,,,,LA,nro_animal=25303
hierro.csv,1766,,,,LA,nro_animal=25304
hierro.csv,1767,,,,LA,nro_animal=25308
hierro.csv,1768,,,,LA,nro_animal=25309
hierro.csv,1769,,,,LA,nro_animal=25310
hierro.csv,1770,,,,LA,nro_animal=25311
hierro.csv,1771,,,,LA,nro_animal=25313
hierro.csv,1772,,,,LA,nro_animal=25315
hierro.csv,1773,,,,LA,nro_animal=25317
hierro.csv,1774,,,,LA,nro_animal=26005
hierro.csv,1775,,,,LA,nro_animal=26014
hierro.csv,1776,,,,LA,nro_animal=26015
hierro.csv,1777,,,,LA,nro_animal=26026
hierro.csv,1778,,,,LA,nro_animal=25221
hierro.csv,1779,,,,LA,nro_animal=BU2511
hierro.csv,1780,,,,LA,nro_animal=BU2525
hierro.csv,1781,,,,LA,nro_animal=BU2505
hierro.csv,1782,,,,LA,nro_animal=BU2506
hierro.csv,1783,,,,LA,nro_animal=BU2516
hierro.csv,1784,,,,LA,nro_animal=BU2520
hierro.csv,1785,,,,LA,nro_animal=BU2528
hierro.csv,1786,,,,LA,nro_animal=BU2515
hierro.csv,1787,,,,LA,nro_animal=BU2502
hierro.csv,1788,,,,LA,nro_animal=25163
hierro.csv,1789,,,,LA,nro_animal=26053
hierro.csv,1790,,,,LA,nro_animal=25235
hierro.csv,1791,,,,LA,nro_animal=25216
hierro.csv,1792,,,,LA,nro_animal=25204
hierro.csv,1793,,,,LA,nro_animal=25184
hierro.csv,1794,,,,LA,nro_animal=26007
hierro.csv,1795,,,,LA,nro_animal=25197
hierro.csv,1796,,,,LA,nro_animal=25248
hierro.csv,1797,,,,LA,nro_animal=25250
hierro.csv,1798,,,,LA,nro_animal=25212
hierro.csv,1799,,,,LA,nro_animal=26037
hierro.csv,1800,,,,LA,nro_animal=25240
hierro.csv,1801,,,,LA,nro_animal=25244
