id,nro_animal,fecha,lote
1616,24196,2024-07-31 00:00:00,BEC ORDÑ
1617,24197,2024-08-02 00:00:00,BEC ORDÑ
1618,24181,2024-08-08 00:00:00,PM LSV
1619,24180,2024-08-08 00:00:00,PM LSV
1620,24163,2024-08-08 00:00:00,PM LSV
1621,24164,2024-08-08 00:00:00,PM LSV
1622,24182,2024-08-08 00:00:00,PM LSV
1624,23221,2024-08-02 00:00:00,PM LSV
1625,23223,2024-08-02 00:00:00,SUTE
1626,23224,2024-08-02 00:00:00,BEC ORDÑ
1627,23225,2024-08-02 00:00:00,BEC ORDÑ
1628,23226,2024-08-02 00:00:00,MORTINATO
1629,23227,2024-08-02 00:00:00,PM LSV
1630,23230,2024-08-02 00:00:00,PM LSV
1631,23232,2024-08-02 00:00:00,BEC ORDÑ
1632,23236,2024-08-02 00:00:00,Maute PQ
1633,23238,2024-08-02 00:00:00,PM LSV
1634,23240,2024-08-02 00:00:00,BEC ORDÑ
1635,23241,2024-08-02 00:00:00,PM LSV
1636,23244,2024-08-02 00:00:00,BEC ORDÑ
1637,23246,2024-08-02 00:00:00,BEC ORDÑ
1638,23250,2024-08-02 00:00:00,BEC ORDÑ
1639,23252,2024-08-02 00:00:00,BEC ORDÑ
1640,24001,2024-08-02 00:00:00,BEC ORDÑ
1641,24002,2024-08-02 00:00:00,PM LSV
1642,24003,2024-08-02 00:00:00,BEC ORDÑ
1643,24004,2024-08-02 00:00:00,PM LSV
1644,24005,2024-08-02 00:00:00,PM LSV
1645,24006,2024-08-02 00:00:00,PM LSV
1646,24007,2024-08-02 00:00:00,BEC ORDÑ
1647,24008,2024-08-02 00:00:00,PM LSV
1648,24009,2024-08-02 00:00:00,PM LSV
1649,24010,2024-08-02 00:00:00,MTE
1650,24011,2024-08-02 00:00:00,PM LSV
1651,24012,2024-08-02 00:00:00,PM LSV
1652,24014,2024-08-02 00:00:00,BEC ORDÑ
1653,24013,2024-02-07 00:00:00,PM LSV
1654,24015,2024-01-19 00:00:00,Becerra
1655,24016,2024-08-02 00:00:00,PM LSV
1656,24017,2024-08-02 00:00:00,BEC ORDÑ
1657,24018,2024-08-02 00:00:00,BEC ORDÑ
1658,24019,2024-08-02 00:00:00,PM LSV
1659,24020,2024-08-02 00:00:00,BEC ORDÑ
1660,24021,2024-08-02 00:00:00,PM LSV
1661,24022,2024-08-02 00:00:00,MORTINATO
1662,24023,2024-08-02 00:00:00,BEC ORDÑ
1663,24024,2024-08-02 00:00:00,PM LSV
1664,24025,2024-08-02 00:00:00,PM LSV
1665,24026,2024-08-02 00:00:00,MORTINATO
1666,24027,2024-08-02 00:00:00,PM LSV
1667,24028,2024-08-02 00:00:00,BEC ORDÑ
1668,24029,2024-08-02 00:00:00,PM LSV
1669,24030,2024-08-02 00:00:00,PM LSV
1670,24031,2024-08-02 00:00:00,PM LSV
1671,24032,2024-08-02 00:00:00,BEC ORDÑ
1672,24033,2024-08-02 00:00:00,BEC ORDÑ
1673,24034,2024-08-02 00:00:00,BEC ORDÑ
1674,24035,2024-08-02 00:00:00,MTE
1675,4501,2024-08-02 00:00:00,PM LSV
1676,24037,2024-02-21 00:00:00,PM LSV
1677,24036,2024-08-02 00:00:00,BEC ORDÑ
1678,24038,2024-08-02 00:00:00,MTE
1679,24039,2024-08-02 00:00:00,SUTE
1680,24040,2024-08-02 00:00:00,BEC ORDÑ
1681,24043,2024-08-02 00:00:00,BEC ORDÑ
1682,24041,2024-08-02 00:00:00,MTE
1683,24042,2024-08-02 00:00:00,BEC ORDÑ
1684,24044,2024-08-02 00:00:00,PM LSV
1685,24045,2024-08-02 00:00:00,BEC ORDÑ
1686,24046,2024-08-02 00:00:00,BEC ORDÑ
1687,24047,2024-08-02 00:00:00,PM LSV
1688,24048,2024-08-02 00:00:00,BEC ORDÑ
1689,24049,2024-08-02 00:00:00,PM LSV
1690,24050,2024-08-02 00:00:00,BEC ORDÑ
1691,24051,2024-08-02 00:00:00,BEC ORDÑ
1692,24052,2024-08-02 00:00:00,BEC ORDÑ
1693,24053,2024-08-02 00:00:00,BEC ORDÑ
1694,24054,2024-08-02 00:00:00,BEC ORDÑ
1695,24055,2024-08-02 00:00:00,BEC ORDÑ
1696,24056,2024-08-02 00:00:00,BEC ORDÑ
1697,24058,2024-08-02 00:00:00,BEC ORDÑ
1698,24057,2024-08-02 00:00:00,MORTINATO
1699,24059,2024-08-02 00:00:00,MTE
1700,24060,2024-08-02 00:00:00,BEC ORDÑ
1701,24061,2024-08-02 00:00:00,BEC ORDÑ
1702,24062,2024-08-02 00:00:00,BEC ORDÑ
1703,24063,2024-08-02 00:00:00,PM LSV
1704,24064,2024-08-02 00:00:00,MTE
1705,24065,2024-08-02 00:00:00,PM LSV
1706,24066,2024-08-02 00:00:00,PM LSV
1707,24067,2024-08-02 00:00:00,PM LSV
1708,24068,2024-08-02 00:00:00,PM LSV
1709,24069,2024-08-02 00:00:00,BEC ORDÑ
1710,24070,2024-08-02 00:00:00,BEC ORDÑ
1711,24071,2024-08-02 00:00:00,PM LSV
1712,24072,2024-08-02 00:00:00,BEC ORDÑ
1713,24073,2024-08-02 00:00:00,BEC ORDÑ
1714,24074,2024-08-02 00:00:00,BEC ORDÑ
1715,24075,2024-08-02 00:00:00,PM LSV
1716,24076,2024-08-02 00:00:00,PM LSV
1717,24077,2024-08-02 00:00:00,PM LSV
1718,24078,2024-08-02 00:00:00,PM LSV
1719,24079,2024-08-02 00:00:00,PM LSV
1720,24080,2024-08-02 00:00:00,BEC ORDÑ
1721,24081,2024-08-02 00:00:00,PM LSV
1722,24082,2024-08-02 00:00:00,PM LSV
1723,24083,2024-08-02 00:00:00,MTE
1724,24084,2024-08-02 00:00:00,BEC ORDÑ
1725,24085,2024-08-02 00:00:00,PM LSV
1726,24086,2024-08-02 00:00:00,BEC ORDÑ
1727,24087,2024-08-02 00:00:00,PM LSV
1728,24088,2024-08-02 00:00:00,MTE
1729,24089,2024-08-02 00:00:00,PM LSV
1730,24090,2024-08-02 00:00:00,PM LSV
1731,24091,2024-08-02 00:00:00,PM LSV
1732,24092,2024-08-02 00:00:00,PM LSV
1733,24093,2024-08-02 00:00:00,MTE
1734,24094,2024-08-02 00:00:00,BEC ORDÑ
1735,24095,2024-08-02 00:00:00,PM LSV
1736,24096,2024-08-02 00:00:00,PM LSV
1737,24097,2024-08-02 00:00:00,PM LSV
1738,24098,2024-08-02 00:00:00,PM LSV
1739,24099,2024-08-02 00:00:00,PM LSV
1740,24100,2024-08-02 00:00:00,PM LSV
1741,24103,2024-08-02 00:00:00,MTE
1742,24102,2024-08-02 00:00:00,BEC ORDÑ
1743,24101,2024-08-02 00:00:00,PM LSV
1744,24104,2024-08-02 00:00:00,MTE
1745,24105,2024-08-02 00:00:00,PM LSV
1746,24106,2024-08-02 00:00:00,BEC ORDÑ
1747,24107,2024-08-02 00:00:00,MTE
1748,24108,2024-08-02 00:00:00,BEC ORDÑ
1749,24109,2024-08-02 00:00:00,BEC ORDÑ
1750,24110,2024-08-02 00:00:00,PM LSV
1751,24111,2024-08-02 00:00:00,PM LSV
1752,24112,2024-08-02 00:00:00,MTE
1753,24113,2024-08-02 00:00:00,MTE
1754,24114,2024-08-02 00:00:00,SUTE
1755,24115,2024-08-02 00:00:00,BEC ORDÑ
1756,24116,2024-08-02 00:00:00,PM LSV
1757,24117,2024-08-02 00:00:00,BEC ORDÑ
1758,24118,2024-08-02 00:00:00,BEC ORDÑ
1759,24119,2024-08-02 00:00:00,PM LSV
1760,24120,2024-08-02 00:00:00,PM LSV
1761,24121,2024-08-02 00:00:00,MTE
1762,24122,2024-08-02 00:00:00,PM LSV
1763,24123,2024-08-02 00:00:00,PM LSV
1764,24124,2024-08-02 00:00:00,PM LSV
1765,24125,2024-08-02 00:00:00,PM LSV
1766,24126,2024-08-02 00:00:00,MTE
1767,24127,2024-08-02 00:00:00,BEC ORDÑ
1768,24128,2024-08-02 00:00:00,MTE
1769,24129,2024-08-02 00:00:00,BEC ORDÑ
1770,24130,2024-08-02 00:00:00,BEC ORDÑ
1771,24131,2024-08-02 00:00:00,BEC ORDÑ
1772,24132,2024-08-02 00:00:00,PM LSV
1773,24133,2024-08-02 00:00:00,BEC ORDÑ
1774,24134,2024-08-02 00:00:00,PM LSV
1775,24135,2024-08-02 00:00:00,BEC ORDÑ
1776,24136,2024-08-02 00:00:00,PM LSV
1777,24137,2024-08-02 00:00:00,BEC ORDÑ
1778,24138,2024-08-02 00:00:00,MTE
1779,24139,2024-08-02 00:00:00,PM LSV
1780,24140,2024-08-02 00:00:00,BEC ORDÑ
1781,24141,2024-08-02 00:00:00,PM LSV
1782,24142,2024-08-02 00:00:00,BEC ORDÑ
1783,24143,2024-08-02 00:00:00,BEC ORDÑ
1784,24144,2024-08-02 00:00:00,BEC ORDÑ
1785,24145,2024-08-02 00:00:00,PM LSV
1786,24146,2024-08-02 00:00:00,BEC ORDÑ
1787,24147,2024-08-02 00:00:00,BEC ORDÑ
1788,24148,2024-08-02 00:00:00,BEC ORDÑ
1789,24149,2024-08-02 00:00:00,BEC ORDÑ
1790,24150,2024-08-02 00:00:00,BEC ORDÑ
1791,24151,2024-08-02 00:00:00,BEC ORDÑ
1792,24152,2024-08-02 00:00:00,PM LSV
1793,24153,2024-08-02 00:00:00,PM LSV
1794,24154,2024-08-02 00:00:00,PM LSV
1795,24155,2024-08-02 00:00:00,BEC ORDÑ
1796,24156,2024-08-02 00:00:00,BEC ORDÑ
1797,24157,2024-08-02 00:00:00,PM LSV
1798,24158,2024-08-02 00:00:00,BEC ORDÑ
1799,24159,2024-08-02 00:00:00,BEC ORDÑ
1800,24160,2024-08-02 00:00:00,PM LSV
1801,24162,2024-08-02 00:00:00,BEC ORDÑ
1802,24163,2024-08-02 00:00:00,BEC ORDÑ
1803,24164,2024-08-02 00:00:00,BEC ORDÑ
1804,24165,2024-08-02 00:00:00,BEC ORDÑ
1805,24166,2024-08-02 00:00:00,MTE
1806,24167,2024-08-02 00:00:00,BEC ORDÑ
1807,24168,2024-08-02 00:00:00,BEC ORDÑ
1808,24169,2024-08-02 00:00:00,PM LSV
1809,24170,2024-08-02 00:00:00,BEC ORDÑ
1810,24171,2024-08-02 00:00:00,PM LSV
1811,24172,2024-08-02 00:00:00,BEC ORDÑ
1812,24173,2024-08-02 00:00:00,BEC ORDÑ
1813,24174,2024-08-02 00:00:00,PM LSV
1814,24175,2024-08-02 00:00:00,MORTINATO
1815,24176,2024-08-02 00:00:00,BEC ORDÑ
1816,24177,2024-08-02 00:00:00,BEC ORDÑ
1817,24178,2024-08-02 00:00:00,BEC ORDÑ
1818,24179,2024-08-02 00:00:00,BEC ORDÑ
1819,24180,2024-08-02 00:00:00,BEC ORDÑ
1820,24181,2024-08-02 00:00:00,BEC ORDÑ
1821,24182,2024-08-02 00:00:00,BEC ORDÑ
1822,24183,2024-08-02 00:00:00,MTE
1823,24184,2024-08-02 00:00:00,PM LSV
1824,24185,2024-08-02 00:00:00,BEC ORDÑ
1825,24186,2024-08-02 00:00:00,BEC ORDÑ
1826,24187,2024-08-02 00:00:00,BEC ORDÑ
1827,24188,2024-08-02 00:00:00,BEC ORDÑ
1828,24189,2024-08-02 00:00:00,BEC ORDÑ
1829,24190,2024-08-02 00:00:00,BEC ORDÑ
1830,24191,2024-08-02 00:00:00,BEC ORDÑ
1831,24192,2024-08-02 00:00:00,MORTINATO
1832,24193,2024-08-02 00:00:00,BEC ORDÑ
1833,24194,2024-08-02 00:00:00,BEC ORDÑ
1834,24195,2024-08-02 00:00:00,BEC ORDÑ
1835,4018,2024-08-02 00:00:00,RP
1836,1015,2024-07-31 00:00:00,RP
1837,0211,2024-08-08 00:00:00,PM LSV
1838,0224,2024-08-08 00:00:00,PM LSV
1839,2217,2024-08-08 00:00:00,PM LSV
1840,6031,2024-08-08 00:00:00,PM LSV
1841,7072,2024-08-08 00:00:00,PM LSV
1842,9219,2024-08-08 00:00:00,PM LSV
1843,24198,2024-08-06 00:00:00,BEC ORDÑ
1844,24199,2024-08-06 00:00:00,BEC ORDÑ
1845,24200,2024-08-06 00:00:00,BEC ORDÑ
1846,24201,2024-08-06 00:00:00,BEC ORDÑ
1847,2196A,2024-08-02 00:00:00,RP
1848,6043,2024-08-02 00:00:00,LPE
1849,2171,2024-08-02 00:00:00,LPE
1850,3021A,2024-08-02 00:00:00,LPE
1851,2169,2024-08-02 00:00:00,BEN2
1852,2021,2024-08-02 00:00:00,LPE
1853,60286,2024-08-02 00:00:00,LSP
1854,3003A,2024-08-02 00:00:00,LPE
1855,2226,2024-08-02 00:00:00,LSP
1856,7028,2024-08-02 00:00:00,LPE
1857,2133A,2024-08-02 00:00:00,LPB
1858,2124A,2024-08-02 00:00:00,LPE
1859,31102,2024-08-02 00:00:00,LSP
1860,SNA,2024-08-02 00:00:00,LSV
1861,2208A,2024-08-02 00:00:00,LSP
1862,9389,2024-08-02 00:00:00,LSV
1863,6035,2024-08-02 00:00:00,LSP
1864,2148A,2024-08-02 00:00:00,RP
1865,3107,2024-08-02 00:00:00,LPE
1866,0740,2024-08-02 00:00:00,LSP
1867,2083,2024-08-02 00:00:00,LSP
1868,3026A,2024-08-02 00:00:00,LPE
1869,2234,2024-08-02 00:00:00,LPB
1870,4007,2024-08-02 00:00:00,RP
1871,2050,2024-08-02 00:00:00,LPE
1872,4079,2024-08-02 00:00:00,LSV
1873,4101,2024-08-02 00:00:00,LSP
1874,3750,2024-08-02 00:00:00,LPE
1875,2047,2024-08-02 00:00:00,LPB
1876,5033,2024-08-02 00:00:00,LSP
1877,4147,2024-08-02 00:00:00,MTE
1878,6011,2024-08-02 00:00:00,LPB
1879,4087,2024-08-02 00:00:00,LSP
1880,4151,2024-08-02 00:00:00,LPE
1881,2094A,2024-08-02 00:00:00,LSP
1882,3024A,2024-08-02 00:00:00,LSP
1883,2219,2024-08-02 00:00:00,LSV
1884,4055,2024-08-02 00:00:00,LSP
1885,2063A,2024-08-02 00:00:00,RP
1886,1015,2024-08-02 00:00:00,LPE
1887,2149A,2024-08-02 00:00:00,LSP
1888,5010,2024-08-02 00:00:00,LSV
1889,5679,2024-08-02 00:00:00,LSP
1890,7083,2024-08-02 00:00:00,LSP
1891,0128,2024-08-02 00:00:00,LSP
1892,9605,2024-08-02 00:00:00,BEN2
1893,4018,2024-08-02 00:00:00,LSP
1894,50741,2024-08-02 00:00:00,LSP
1895,5144,2024-08-02 00:00:00,LSP
1896,S/NB,2024-08-02 00:00:00,LSV
1897,3066A,2024-08-02 00:00:00,BEN1
1898,3066B,2024-08-02 00:00:00,LSP
1899,6021,2024-08-02 00:00:00,RP
1900,4025,2024-08-02 00:00:00,PM LSP
1901,5070,2024-08-02 00:00:00,BEN1
1902,EMB 1,2024-08-02 00:00:00,LSV
1903,EMB 2,2024-08-02 00:00:00,PM LSV
1904,0500,2024-08-02 00:00:00,LPE
1905,22116,2024-08-02 00:00:00,
1906,22119,2024-08-02 00:00:00,
1907,2129,2024-08-02 00:00:00,MTE
1908,22149,2024-08-02 00:00:00,MTAPQ
1909,2141,2024-08-02 00:00:00,MTAPQ
1911,22120,2024-08-02 00:00:00,Maute PQ
1912,2138,2024-08-02 00:00:00,PEND
1913,2004,2024-08-02 00:00:00,Maute Med
1914,2147,2024-08-02 00:00:00,MTE
1915,21391,2024-08-02 00:00:00,MTAPQ
1916,2053,2024-08-02 00:00:00,Maute Med
1917,22118,2024-08-02 00:00:00,Maute PQ
1918,2019,2024-08-02 00:00:00,LSV
1919,22085,2024-08-02 00:00:00,MTAPQ
1920,2048,2024-08-02 00:00:00,LSV
1921,22144,2024-08-02 00:00:00,MTAPQ
1922,2143A,2024-08-02 00:00:00,MTAPQ
1923,22150,2024-08-02 00:00:00,Maute PQ
1924,22151,2024-08-02 00:00:00,MTAPQ
1925,2140,2024-08-02 00:00:00,MTAPQ
1926,22121,2024-08-02 00:00:00,
1927,2174,2024-08-02 00:00:00,Maute Med
1928,2011A,2024-08-02 00:00:00,BEN2
1929,2153,2024-08-02 00:00:00,LSV
1930,2146,2024-08-02 00:00:00,LSV
1931,2145,2024-08-02 00:00:00,MTAPQ
1932,2137,2024-08-02 00:00:00,MTAPQ
1933,2154,2024-08-02 00:00:00,Maute PQ
1934,22125,2024-08-02 00:00:00,Maute PQ
1935,22115,2024-08-02 00:00:00,Maute PQ
1936,22142,2024-08-02 00:00:00,MTAPQ
1937,2155,2024-08-02 00:00:00,Maute PQ
1938,22117,2024-08-02 00:00:00,MTAPQ
1939,2042,2024-08-02 00:00:00,LSV
1940,22157,2024-08-02 00:00:00,Maute PQ
1941,22158,2024-08-02 00:00:00,Maute PQ
1942,2022,2024-08-02 00:00:00,Maute PQ
1943,2159,2024-08-02 00:00:00,Maute PQ
1944,22160,2024-08-02 00:00:00,MTAPQ
1945,22161,2024-08-02 00:00:00,MTAPQ
1946,22131,2024-08-02 00:00:00,MTAPQ
1947,22105,2024-08-02 00:00:00,MTAPQ
1948,22122,2024-08-02 00:00:00,Maute PQ
1949,2162,2024-08-02 00:00:00,MTAPQ
1950,22112,2024-08-02 00:00:00,MTAPQ
1951,2123,2024-08-02 00:00:00,MTE
1952,2124,2024-08-02 00:00:00,MTE
1953,2127,2024-08-02 00:00:00,MTE
1954,22132,2024-08-02 00:00:00,Maute PQ
1955,2133,2024-08-02 00:00:00,MTE
1956,2134,2024-08-02 00:00:00,MTE
1957,2148,2024-08-02 00:00:00,PEND
1958,S/NC,2024-08-02 00:00:00,LSV
1959,2093A,2024-08-02 00:00:00,LSP
1960,2130,2024-08-02 00:00:00,LPE
1961,0132,2024-08-02 00:00:00,LPE
1962,4075,2024-08-02 00:00:00,LSP
1963,2073,2024-08-02 00:00:00,LPE
1964,2143,2024-08-02 00:00:00,LSP
1965,3043,2024-08-02 00:00:00,LPE
1966,0138,2024-08-02 00:00:00,BEN1
1967,2209A,2024-08-02 00:00:00,LPE
1968,22164,2024-08-02 00:00:00,MTAPQ
1969,2165,2024-08-02 00:00:00,MTE
1970,22166,2024-08-02 00:00:00,Maute PQ
1971,4073,2024-08-02 00:00:00,PEND
1972,22114,2024-08-02 00:00:00,Maute PQ
1973,3119,2024-08-02 00:00:00,LSP
1974,9904,2024-08-02 00:00:00,LSV
1975,8036,2024-08-02 00:00:00,LPE
1976,2025A,2024-08-02 00:00:00,LSV
1977,2136,2024-08-02 00:00:00,MTE
1978,22135,2024-08-02 00:00:00,
1979,2096,2024-08-02 00:00:00,LPE
1980,4047,2024-08-02 00:00:00,BEN1
1981,2173,2024-08-02 00:00:00,PEND
1982,2,2024-08-02 00:00:00,LSV
1983,1033A,2024-08-02 00:00:00,BEN1
1984,10391,2024-08-02 00:00:00,LSP
1985,1056A,2024-08-02 00:00:00,PM LSV
1986,1077A,2024-08-02 00:00:00,PM LSV
1987,1089,2024-08-02 00:00:00,BEN1
1988,1090A,2024-08-02 00:00:00,PM LSV
1989,1091A,2024-08-02 00:00:00,LPE
1990,1112A,2024-08-02 00:00:00,LSP
1991,1117,2024-02-07 00:00:00,PM LSV
1992,1119,2024-08-02 00:00:00,BEN1
1993,1128,2024-08-02 00:00:00,LSP
1994,2051,2024-08-02 00:00:00,LSV
1995,2072,2024-08-02 00:00:00,LSP
1996,2079,2024-08-02 00:00:00,PM LSV
1997,214E,2024-08-02 00:00:00,BEN1
1998,2177A,2024-08-02 00:00:00,BEN2
1999,2217,2024-08-02 00:00:00,LPB
2000,2224,2024-08-02 00:00:00,LSP
2001,2340,2024-08-02 00:00:00,LSP
2002,3015,2024-08-02 00:00:00,LSV
2003,3028A,2024-08-02 00:00:00,LSP
2004,3038A,2024-08-02 00:00:00,LSV
2005,3093,2024-08-02 00:00:00,LSP
2006,3178,2024-08-02 00:00:00,PM LSV
2007,3969,2024-08-02 00:00:00,BEN1
2008,40072,2024-08-02 00:00:00,LSV
2009,4008,2024-08-02 00:00:00,LSP
2010,4023,2024-08-02 00:00:00,LSP
2011,4033,2024-08-02 00:00:00,PM LSV
2012,4053,2024-08-02 00:00:00,PM LSV
2013,4066,2024-08-02 00:00:00,LSP
2014,4076,2024-08-02 00:00:00,LSP
2015,4078,2024-08-02 00:00:00,LSV
2016,4099,2024-08-02 00:00:00,PM LSV
2017,4100,2024-08-02 00:00:00,PM LSV
2018,4109,2024-08-02 00:00:00,LSP
2019,4141,2024-08-02 00:00:00,PM LSV
2020,4172,2024-08-02 00:00:00,LSP
2021,5007,2024-08-02 00:00:00,LPB
2022,5016,2024-08-02 00:00:00,BEN1
2023,5035,2024-08-02 00:00:00,LSV
2024,5041,2024-08-02 00:00:00,LSV
2025,50501,2024-08-02 00:00:00,LSP
2026,5052,2024-08-02 00:00:00,LPE
2027,5060,2024-08-02 00:00:00,LPB
2028,5072,2024-08-02 00:00:00,BEN1
2029,5074B,2024-08-02 00:00:00,BEN1
2030,5076,2024-08-02 00:00:00,LPB
2031,5077,2024-08-02 00:00:00,RP
2032,5082,2024-08-02 00:00:00,PM LSV
2033,5090,2024-08-02 00:00:00,LSP
2034,5092,2024-08-02 00:00:00,LSP
2035,5150,2024-08-02 00:00:00,LPB
2036,6003,2024-08-02 00:00:00,BEN1
2037,6008,2024-08-02 00:00:00,LSP
2038,60181,2024-08-02 00:00:00,BEN2
2039,6024,2024-08-02 00:00:00,BEN2
2040,6025,2024-08-02 00:00:00,BEN1
2041,6031,2024-08-02 00:00:00,RP
2042,6070,2024-08-02 00:00:00,LSP
2043,7012,2024-08-02 00:00:00,LPB
2044,7059,2024-08-02 00:00:00,LPE
2045,7067,2024-08-02 00:00:00,LSP
2046,7074,2024-08-02 00:00:00,LPE
2047,7076,2024-08-02 00:00:00,LSP
2048,7077,2024-08-02 00:00:00,LPE
2049,7080,2024-08-02 00:00:00,PM LSV
2050,7087,2024-08-02 00:00:00,LSP
2051,7092,2024-08-02 00:00:00,LSP
2052,8046,2024-08-02 00:00:00,LSP
2053,8051,2024-08-02 00:00:00,LSV
2054,8067,2024-08-02 00:00:00,LSP
2055,8338,2024-08-02 00:00:00,LSV
2056,8088,2024-08-02 00:00:00,BEN2
2057,8089,2024-08-02 00:00:00,LSP
2058,8094,2024-08-02 00:00:00,LPB
2059,8099,2024-08-02 00:00:00,BEN1
2060,9045,2024-08-02 00:00:00,LSP
2061,9046,2024-08-02 00:00:00,PM LSV
2062,9047,2024-08-02 00:00:00,LSP
2063,9238,2024-08-02 00:00:00,PM LSV
2064,21027,2024-08-02 00:00:00,LSP
2065,0018,2024-08-02 00:00:00,LPE
2066,0143,2024-08-02 00:00:00,LSP
2067,GYRO,2024-08-02 00:00:00,BEN1
2068,S/ND,2024-08-02 00:00:00,BEN1
2069,EMB 3,2024-08-02 00:00:00,LSP
2070,EMB 6,2024-08-02 00:00:00,MTE
2071,5013,2024-08-02 00:00:00,LSV
2072,9100,2024-08-02 00:00:00,LSP
2073,0331,2024-08-02 00:00:00,BEN1
2074,6042,2024-08-02 00:00:00,LSV
2075,S/NH,2024-08-02 00:00:00,LSV
2076,8014,2024-08-02 00:00:00,PM LSV
2077,9007,2024-08-02 00:00:00,LPE
2078,4A,2024-08-02 00:00:00,PM LSV
2079,14,2024-08-02 00:00:00,BEN1
2080,1078A,2024-08-02 00:00:00,LSP
2081,2090A,2024-08-02 00:00:00,LPE
2082,3027A,2024-08-02 00:00:00,PM LSV
2083,3132,2024-08-02 00:00:00,LPE
2084,4034,2024-02-21 00:00:00,PM LSV
2085,5062,2024-08-02 00:00:00,BEN2
2086,6020,2024-08-02 00:00:00,PM LSV
2087,6053,2024-08-02 00:00:00,BEN1
2088,8018,2024-08-02 00:00:00,BEN1
2089,8096,2024-08-02 00:00:00,PM LSP
2090,9219,2024-08-02 00:00:00,RP
2091,12164,2024-08-02 00:00:00,PM LSV
2092,20334,2024-08-02 00:00:00,LPE
2093,4122,2024-08-02 00:00:00,BEN1
2094,6067,2024-08-02 00:00:00,LPE
2095,4065,2024-08-02 00:00:00,PM LSV
2096,2337,2024-08-02 00:00:00,MTE
2097,4035,2024-08-02 00:00:00,LPE
2098,1095A,2024-08-02 00:00:00,LPE
2099,20337,2024-08-02 00:00:00,LSP
2100,3044A,2024-08-02 00:00:00,LSP
2101,8072,2024-08-02 00:00:00,LSP
2102,7062,2024-08-02 00:00:00,BEN1
2103,7021,2024-08-02 00:00:00,LSV
2104,30212,2024-08-02 00:00:00,LPE
2105,5027,2024-08-02 00:00:00,LSV
2106,5030,2024-08-02 00:00:00,LPE
2107,5043,2024-08-02 00:00:00,LSV
2108,5098,2024-08-02 00:00:00,PM LSV
2109,5111,2024-08-02 00:00:00,LSV
2110,5146,2024-08-02 00:00:00,RP
2111,6010,2024-08-02 00:00:00,BEN2
2112,6017,2024-08-02 00:00:00,LSV
2113,6022,2024-08-02 00:00:00,BEN1
2114,6028,2024-08-02 00:00:00,LSP
2115,6037,2024-08-02 00:00:00,LSP
2116,6050,2024-08-02 00:00:00,LSV
2117,7004,2024-08-02 00:00:00,PM LSV
2118,7022,2024-08-02 00:00:00,LPE
2119,7032,2024-08-02 00:00:00,LSP
2120,7033,2024-08-02 00:00:00,LSV
2121,7034,2024-08-02 00:00:00,BEN1
2122,7049,2024-08-02 00:00:00,LSV
2123,7050,2024-08-02 00:00:00,LSP
2124,7052,2024-08-02 00:00:00,LSV
2125,7061,2024-08-02 00:00:00,LPE
2126,7072,2024-08-02 00:00:00,RP
2127,8002,2024-08-02 00:00:00,BEN2
2128,8003,2024-08-02 00:00:00,PM LSV
2129,8004,2024-08-02 00:00:00,LSP
2130,8005,2024-08-02 00:00:00,LSP
2131,8007,2024-08-02 00:00:00,LSV
2132,8010,2024-08-02 00:00:00,LSP
2133,80121,2024-08-02 00:00:00,LPE
2134,8013A,2024-08-02 00:00:00,BEN2
2135,8013,2024-08-02 00:00:00,LSP
2136,8016,2024-08-02 00:00:00,LSV
2137,8020,2024-08-02 00:00:00,LSV
2138,8023,2024-08-02 00:00:00,BEN2
2139,8024,2024-08-02 00:00:00,MTE
2140,8026,2024-08-02 00:00:00,PM LSV
2141,80272,2024-08-02 00:00:00,LPB
2142,8028,2024-08-02 00:00:00,LSV
2143,8030,2024-08-02 00:00:00,LPE
2144,8033,2024-08-02 00:00:00,LPE
2145,8035,2024-08-02 00:00:00,BEN2
2146,8037,2024-08-02 00:00:00,LPB
2147,8032,2024-08-02 00:00:00,LSV
2148,8040,2024-08-02 00:00:00,LSV
2149,8041,2024-08-02 00:00:00,PM LSV
2150,8042,2024-08-02 00:00:00,BEN1
2151,8043,2024-08-02 00:00:00,LSP
2152,8045,2024-08-02 00:00:00,RP
2153,8048,2024-08-02 00:00:00,LSP
2154,8050,2024-08-02 00:00:00,LPB
2155,8052,2024-08-02 00:00:00,BEN1
2156,8054,2024-08-02 00:00:00,LPB
2157,8056,2024-08-02 00:00:00,BEN2
2158,8058,2024-08-02 00:00:00,BEN1
2159,8059,2024-08-02 00:00:00,BEN1
2160,8060,2024-08-02 00:00:00,PM LSV
2161,8062,2024-08-02 00:00:00,LPE
2162,8066,2024-08-02 00:00:00,LSV
2163,8073,2024-08-02 00:00:00,LSV
2164,8074,2024-08-02 00:00:00,BEN1
2165,8075,2024-08-02 00:00:00,BEN1
2166,8076,2024-08-02 00:00:00,LPE
2167,8077,2024-08-02 00:00:00,LPB
2168,8078,2024-08-02 00:00:00,LSV
2169,8079,2024-08-02 00:00:00,LPE
2170,8081,2024-08-02 00:00:00,BEN2
2171,8082,2024-08-02 00:00:00,LSPA
2172,80841,2024-08-02 00:00:00,LSV
2173,8084B,2024-08-02 00:00:00,PEND
2174,8086,2024-08-02 00:00:00,LSP
2175,8087,2024-08-02 00:00:00,RP
2176,809,2024-08-02 00:00:00,LPB
2177,80921,2024-08-02 00:00:00,LSP
2178,8093,2024-08-02 00:00:00,LSP
2179,8095,2024-08-02 00:00:00,PEND
2180,9032,2024-08-02 00:00:00,LSV
2181,9035,2024-08-02 00:00:00,PM LSV
2182,9040,2024-08-02 00:00:00,LSP
2183,9051,2024-08-02 00:00:00,LPE
2184,9057,2024-08-02 00:00:00,BEN1
2185,9058,2024-08-02 00:00:00,LPE
2186,9071,2024-08-02 00:00:00,LPB
2187,9082,2024-08-02 00:00:00,MTE
2188,9092,2024-08-02 00:00:00,BEN1
2189,9095,2024-08-02 00:00:00,BEN1
2190,9096,2024-08-02 00:00:00,MTE
2191,9099,2024-08-02 00:00:00,PM LSV
2192,9104,2024-08-02 00:00:00,PM LSP
2193,9106,2024-08-02 00:00:00,BEN2
2194,91091,2024-08-02 00:00:00,PM LSV
2195,91121,2024-08-02 00:00:00,LSV
2196,91171,2024-08-02 00:00:00,LPE
2197,91242,2024-08-02 00:00:00,LPE
2198,91241,2024-08-02 00:00:00,BEN1
2199,9125,2024-08-02 00:00:00,LPE
2200,9136,2024-08-02 00:00:00,LSV
2201,0225,2024-08-02 00:00:00,LSV
2202,0343,2024-08-02 00:00:00,PM LSV
2203,33,2024-08-02 00:00:00,PM LSV
2204,19,2024-08-02 00:00:00,PM LSV
2205,3120,2024-08-02 00:00:00,BEN1
2206,1310,2024-08-02 00:00:00,LSP
2207,1123,2024-08-02 00:00:00,LSP
2208,8011,2024-08-02 00:00:00,LSV
2209,8012B,2024-08-02 00:00:00,PEND
2210,8061,2024-08-02 00:00:00,LPB
2211,8080,2024-08-02 00:00:00,BEN1
2212,8085,2024-08-02 00:00:00,LSV
2213,9006,2024-08-02 00:00:00,LPE
2214,9011,2024-08-02 00:00:00,PM LSV
2215,9014,2024-08-02 00:00:00,LSV
2216,9015,2024-08-02 00:00:00,LPE
2217,9016,2024-08-02 00:00:00,PM LSV
2218,9022,2024-08-02 00:00:00,BEN2
2219,9024,2024-08-02 00:00:00,RP
2220,9030,2024-08-02 00:00:00,BEN1
2221,9036,2024-08-02 00:00:00,PM LSV
2222,9037,2024-08-02 00:00:00,LPB
2223,9042,2024-08-02 00:00:00,PM LSV
2224,9053,2024-08-02 00:00:00,LPE
2225,9061,2024-08-02 00:00:00,MTE
2226,9064,2024-08-02 00:00:00,LSV
2227,9073,2024-08-02 00:00:00,LPE
2228,9076,2024-08-02 00:00:00,LPE
2229,9091,2024-08-02 00:00:00,LPE
2230,9103,2024-08-02 00:00:00,LPE
2231,9109B,2024-08-02 00:00:00,LSPA
2232,9110A,2024-08-02 00:00:00,LSPA
2233,9192,2024-08-02 00:00:00,LSPA
2234,9113,2024-08-02 00:00:00,PM LSV
2235,9116A,2024-08-02 00:00:00,PEND
2236,9116B,2024-08-02 00:00:00,PM LSV
2238,9121,2024-08-02 00:00:00,PM LSV
2239,9122,2024-08-02 00:00:00,PM LSV
2240,91262,2024-08-02 00:00:00,LPE
2241,9126A,2024-08-02 00:00:00,LSP
2242,9128A,2024-08-02 00:00:00,LSV
2243,9128B,2024-08-02 00:00:00,PM LSV
2244,9137,2024-08-02 00:00:00,BEN2
2245,0101,2024-08-02 00:00:00,LSP
2246,0102,2024-08-02 00:00:00,LSV
2247,0107,2024-08-02 00:00:00,LSP
2248,0108,2024-08-02 00:00:00,LSV
2249,0111,2024-08-02 00:00:00,LPE
2250,0114,2024-08-02 00:00:00,PM LSV
2251,0125,2024-08-02 00:00:00,LSV
2252,0201,2024-08-02 00:00:00,LPE
2253,0202,2024-08-02 00:00:00,PM LSV
2254,0204,2024-08-02 00:00:00,BEN2
2255,0205,2024-08-02 00:00:00,LSP
2256,0206A,2024-08-02 00:00:00,PM LSV
2257,0206B,2024-08-02 00:00:00,PM LSV
2258,0208A,2024-08-02 00:00:00,LSV
2259,0211,2024-08-02 00:00:00,RP
2260,0215A,2024-08-02 00:00:00,LSV
2261,0220,2024-08-02 00:00:00,PM LSV
2262,0224,2024-08-02 00:00:00,RP
2263,0226,2024-08-02 00:00:00,LPE
2264,0229,2024-08-02 00:00:00,LPE
2265,0231A,2024-08-02 00:00:00,LPB
2266,0231B,2024-08-02 00:00:00,LSV
2267,02331,2024-08-02 00:00:00,PM LSV
2268,0233,2024-08-02 00:00:00,PM LSV
2269,0240,2024-08-02 00:00:00,LSV
2270,0241,2024-08-02 00:00:00,LPE
2271,0246,2024-08-02 00:00:00,PM LSV
2272,0249,2024-08-02 00:00:00,LPE
2273,0252,2024-08-02 00:00:00,LSV
2274,0258,2024-08-02 00:00:00,PM LSV
2275,0259,2024-08-02 00:00:00,LPE
2276,0263,2024-08-02 00:00:00,LSPA
2277,0267,2024-08-02 00:00:00,LPE
2278,0269,2024-08-02 00:00:00,PM LSV
2279,0270,2024-08-02 00:00:00,LSP
2280,0272,2024-08-02 00:00:00,LPE
2281,0278,2024-08-02 00:00:00,LPE
2282,0284,2024-08-02 00:00:00,LPB
2283,0291,2024-08-02 00:00:00,PM LSV
2284,0291B,2024-08-02 00:00:00,MTE
2285,0294,2024-08-02 00:00:00,LSV
2286,0297,2024-08-02 00:00:00,LSV
2287,0298A,2024-08-02 00:00:00,LPE
2288,0299A,2024-08-02 00:00:00,LSV
2289,0299C,2024-08-02 00:00:00,LSP
2290,0321,2024-08-02 00:00:00,PM LSV
2291,0322,2024-08-02 00:00:00,LPE
2292,0323,2024-08-02 00:00:00,LPE
2293,0326,2024-08-02 00:00:00,PM LSV
2294,0327,2024-08-02 00:00:00,PM LSV
2295,0329,2024-08-02 00:00:00,LPB
2296,0330A,2024-08-02 00:00:00,LSP
2297,0333,2024-08-02 00:00:00,LPE
2298,0336,2024-08-02 00:00:00,LPE
2299,0338,2024-08-02 00:00:00,PM LSV
2300,0342,2024-08-02 00:00:00,LSP
2301,0344,2024-08-02 00:00:00,LSP
2302,0348,2024-08-02 00:00:00,LSV
2303,0349,2024-08-02 00:00:00,PM LSV
2304,0352,2024-08-02 00:00:00,PM LSV
2305,0353,2024-08-02 00:00:00,LSP
2306,0354,2024-08-02 00:00:00,LSP
2307,0355,2024-08-02 00:00:00,LSP
2308,20,2024-08-02 00:00:00,LSV
2309,1039B,2024-08-02 00:00:00,PEND
2310,1188,2024-08-02 00:00:00,LSPA
2311,2018,2024-08-02 00:00:00,LSV
2312,2040,2024-08-02 00:00:00,LSP
2313,1109B,2024-08-02 00:00:00,LSV
2314,2035A,2024-08-02 00:00:00,LSV
2315,1051,2024-08-02 00:00:00,LSV
2316,2063B,2024-08-02 00:00:00,LSV
2317,1132,2024-08-02 00:00:00,LSV
2318,0271,2024-08-02 00:00:00,PM LSV
2319,0347,2024-08-02 00:00:00,BEN2
2320,1059,2024-08-02 00:00:00,LSPA
2321,1084A,2024-08-02 00:00:00,MTAPQ
2322,1017A,2024-08-02 00:00:00,LSP
2323,2061,2024-08-02 00:00:00,MTAPQ
2324,1021,2024-08-02 00:00:00,PEND
2325,9020,2024-08-02 00:00:00,LSP
2326,S7,2024-08-02 00:00:00,PEND
2327,2002,2024-08-02 00:00:00,MTAPQ
2328,1102,2024-08-02 00:00:00,MTAPQ
2329,1053A,2024-08-02 00:00:00,MTAPQ
2330,10431,2024-08-02 00:00:00,LSV
2331,1043A,2024-08-02 00:00:00,LSPA
2332,0274,2024-08-02 00:00:00,LSPA
2333,1052A,2024-08-02 00:00:00,LSV
2334,1100A,2024-08-02 00:00:00,MTAPQ
2335,1074,2024-08-02 00:00:00,MTAPQ
2336,2012,2024-08-02 00:00:00,MTE
2337,2007,2024-08-02 00:00:00,LSV
2338,1063,2024-08-02 00:00:00,LSV
2339,1004,2024-08-02 00:00:00,LPE
2340,1075,2024-08-02 00:00:00,LSV
2341,1096,2024-08-02 00:00:00,LSV
2342,1009,2024-08-02 00:00:00,PEND
2343,9023,2024-08-02 00:00:00,LSP
2344,1094,2024-08-02 00:00:00,LSPA
2345,1032,2024-08-02 00:00:00,MTAPQ
2346,2014,2024-08-02 00:00:00,MTAPQ
2347,1005,2024-08-02 00:00:00,LSV
2348,9118,2024-08-02 00:00:00,LSV
2349,1028,2024-08-02 00:00:00,BEN2
2350,0332,2024-08-02 00:00:00,LPE
2351,1045,2024-08-02 00:00:00,MTAPQ
2352,80472,2024-08-02 00:00:00,LSP
2353,1079,2024-08-02 00:00:00,LSP
2354,2037,2024-08-02 00:00:00,PM LSV
2355,0298,2024-08-02 00:00:00,LSP
2356,2064,2024-08-02 00:00:00,LSV
2357,2203,2024-08-02 00:00:00,LSV
2358,2052,2024-08-02 00:00:00,LSPA
2359,2039,2024-08-02 00:00:00,LSPA
2360,0328,2024-08-02 00:00:00,BEN1
2361,1023,2024-08-02 00:00:00,LSP
2362,2087,2024-08-02 00:00:00,LSV
2363,2702,2024-08-02 00:00:00,LSV
2364,1073,2024-08-02 00:00:00,LSV
2365,1065,2024-08-02 00:00:00,LSPA
2366,1100B,2024-08-02 00:00:00,MTAPQ
2367,2024,2024-08-02 00:00:00,LSV
2368,1104A,2024-08-02 00:00:00,LSV
2369,2202,2024-08-02 00:00:00,MTAPQ
2370,1103,2024-08-02 00:00:00,LSV
2371,1093,2024-08-02 00:00:00,Maute Med
2372,2034,2024-08-02 00:00:00,MTAPQ
2373,2016,2024-08-02 00:00:00,MTAPQ
2374,2062,2024-08-02 00:00:00,LSP
2375,4113,2024-08-02 00:00:00,BEN1
2376,7066,2024-08-02 00:00:00,LSP
2377,8097,2024-08-02 00:00:00,BEN1
2378,3104,2024-08-02 00:00:00,BEN1
2379,7007,2024-08-02 00:00:00,LSP
2380,4057,2024-08-02 00:00:00,MTE
2381,7070,2024-08-02 00:00:00,BEN2
2382,4048,2024-08-02 00:00:00,PM LSP
2383,4095,2024-08-02 00:00:00,LPE
2384,2080,2024-08-02 00:00:00,LPE
2385,8063,2024-08-02 00:00:00,LPE
2386,5079,2024-08-02 00:00:00,RP
2387,1109A,2024-08-02 00:00:00,LSP
2388,2097,2024-08-02 00:00:00,LSP
2389,4072,2024-08-02 00:00:00,LSP
2390,05,2024-08-02 00:00:00,PM LSV
2391,3108,2024-08-02 00:00:00,PM LSV
2392,EMB 4,2024-08-02 00:00:00,LSP
2393,3084,2024-08-02 00:00:00,LSP
2395,1066A,2024-08-02 00:00:00,LPB
2396,4143,2024-08-02 00:00:00,LSV
2397,2180A,2024-08-02 00:00:00,LPE
2398,1168,2024-08-02 00:00:00,LSV
2399,2150,2024-08-02 00:00:00,LSV
2400,0139,2024-08-02 00:00:00,PM LSV
2401,80882,2024-08-02 00:00:00,LPE
2402,9067,2024-08-02 00:00:00,LSP
2403,06,2024-08-02 00:00:00,BEN1
2404,1153,2024-08-02 00:00:00,BEN2
2405,2064A,2024-08-02 00:00:00,BEN1
2406,2028A,2024-08-02 00:00:00,MTE
2408,8017,2024-08-02 00:00:00,LPE
2409,2215A,2024-08-02 00:00:00,BEN1
2410,4041,2024-08-02 00:00:00,BEN1
2411,9018B,2024-08-02 00:00:00,LSP
2412,89,2024-08-02 00:00:00,LSP
2413,7017,2024-08-02 00:00:00,LPE
2414,1041A,2024-08-02 00:00:00,BEN1
2415,1019,2024-08-02 00:00:00,Maute PQ
2416,1027A,2024-08-02 00:00:00,Maute Med
2417,1031,2024-08-02 00:00:00,CEBA
2418,1033,2024-08-02 00:00:00,Maute Med
2419,1036,2024-08-02 00:00:00,CEBA
2420,1039,2024-08-02 00:00:00,CEBA
2421,1048A,2024-08-02 00:00:00,BEN1
2422,1064,2024-08-02 00:00:00,Maute Med
2423,1067,2024-08-02 00:00:00,Maute PQ
2424,1078,2024-08-02 00:00:00,CEBA
2425,1080A,2024-08-02 00:00:00,CEBA
2426,1085,2024-08-02 00:00:00,Maute Med
2427,1092A,2024-08-02 00:00:00,Maute Med
2428,1097A,2024-08-02 00:00:00,Maute Med
2429,1095B,2024-08-02 00:00:00,Maute Med
2430,1101A,2024-08-02 00:00:00,Maute Med
2431,1105,2024-08-02 00:00:00,CEBA
2432,1106A,2024-08-02 00:00:00,Maute Med
2433,1107,2024-08-02 00:00:00,CEBA
2434,1133,2024-08-02 00:00:00,Maute PQ
2435,2005A,2024-08-02 00:00:00,Maute Med
2436,2005B,2024-08-02 00:00:00,Maute Med
2437,2025,2024-08-02 00:00:00,Maute Med
2438,2032,2024-08-02 00:00:00,CEBA
2439,2035,2024-08-02 00:00:00,CEBA
2440,2039A,2024-08-02 00:00:00,Maute Med
2441,2041,2024-08-02 00:00:00,Maute Med
2442,2045,2024-08-02 00:00:00,Maute PQ
2443,2054,2024-08-02 00:00:00,Maute Med
2444,2058,2024-08-02 00:00:00,Maute Med
2447,2067,2024-08-02 00:00:00,Maute PQ
2448,0346,2024-08-02 00:00:00,CEBA
2449,0358,2024-08-02 00:00:00,CEBA
2450,1056,2024-08-02 00:00:00,Maute Med
2451,1096A,2024-08-02 00:00:00,Maute Med
2452,2029,2024-08-02 00:00:00,Maute Med
2453,2204,2024-08-02 00:00:00,CEBA
2454,1070A,2024-08-02 00:00:00,Maute Med
2455,1131A,2024-08-02 00:00:00,Maute PQ
2456,2088A,2024-08-02 00:00:00,Maute PQ
2457,2088B,2024-08-02 00:00:00,MTAPQ
2458,1130A,2024-08-02 00:00:00,Maute Med
2459,2001A,2024-08-02 00:00:00,Maute Med
2460,2001B,2024-08-02 00:00:00,Maute Med
2461,1077,2024-08-02 00:00:00,Maute Med
2462,2149,2024-08-02 00:00:00,Maute PQ
2463,1097B,2024-08-02 00:00:00,MTAPQ
2464,2091,2024-08-02 00:00:00,BEN2
2465,1068A,2024-08-02 00:00:00,Maute PQ
2466,1018,2024-08-02 00:00:00,Maute PQ
2467,0109A,2024-08-02 00:00:00,Maute Med
2468,2056,2024-08-02 00:00:00,Maute Med
2469,1112,2024-08-02 00:00:00,Maute Med
2470,1044,2024-08-02 00:00:00,Maute Med
2471,2010,2024-08-02 00:00:00,Maute PQ
2472,2044,2024-08-02 00:00:00,Maute PQ
2473,2027,2024-08-02 00:00:00,CEBA
2474,2090,2024-08-02 00:00:00,Maute Med
2475,1046A,2024-08-02 00:00:00,CEBA
2476,1055A,2024-08-02 00:00:00,Maute Med
2477,1076,2024-08-02 00:00:00,Maute Med
2478,1026,2024-08-02 00:00:00,CEBA
2479,1029,2024-08-02 00:00:00,CEBA
2480,9080,2024-08-02 00:00:00,BEN1
2481,0100,2024-08-02 00:00:00,BEN2
2482,0103,2024-08-02 00:00:00,BEN1
2483,0104,2024-08-02 00:00:00,CEBA
2484,0115,2024-08-02 00:00:00,BEN1
2485,0116A,2024-08-02 00:00:00,Maute Med
2486,0118,2024-08-02 00:00:00,BEN1
2487,0212,2024-08-02 00:00:00,CEBA
2488,0219,2024-08-02 00:00:00,CEBA
2489,0260,2024-08-02 00:00:00,BEN1
2490,0279,2024-08-02 00:00:00,CEBA
2491,0291A,2024-08-02 00:00:00,BEN1
2492,0292,2024-08-02 00:00:00,CEBA
2493,0325,2024-08-02 00:00:00,CEBA
2494,0334,2024-08-02 00:00:00,BEN1
2495,0335,2024-08-02 00:00:00,CEBA
2496,0345,2024-08-02 00:00:00,CEBA
2497,MSN1,2024-08-02 00:00:00,CEBA
2498,MSN2,2024-08-02 00:00:00,CEBA
2499,MSN3,2024-08-02 00:00:00,CEBA
2500,MSN4,2024-08-02 00:00:00,CEBA
2501,0214,2024-08-02 00:00:00,CEBA
2502,9136A,2024-08-02 00:00:00,CEBA
2503,0116,2024-08-02 00:00:00,CEBA
2504,MSN8,2024-08-02 00:00:00,CEBA
2505,MSN9,2024-08-02 00:00:00,CEBA
2506,MSN10,2024-08-02 00:00:00,BEN1
2507,MSN11,2024-08-02 00:00:00,BEN1
2508,MSN12,2024-08-02 00:00:00,CEBA
2509,MSN13,2024-08-02 00:00:00,BEN1
2510,MSN14,2024-08-02 00:00:00,BEN1
2511,MSN15,2024-08-02 00:00:00,CEBA
2512,MSN16,2024-08-02 00:00:00,CEBA
2513,MSN17,2024-08-02 00:00:00,CEBA
2514,1007,2024-08-02 00:00:00,CEBA
2515,0273,2024-08-02 00:00:00,BEN1
2516,2780,2024-08-02 00:00:00,CEBA
2517,9111,2024-08-02 00:00:00,BEN1
2518,0238,2024-08-02 00:00:00,BEN1
2519,9118A,2024-08-02 00:00:00,BEN1
2520,2781,2024-08-02 00:00:00,CEBA
2521,099,2024-08-02 00:00:00,Maute Med
2522,0228,2024-08-02 00:00:00,BEN1
2523,0242,2024-08-02 00:00:00,CEBA
2524,0295,2024-08-02 00:00:00,BEN1
2525,0223A,2024-08-02 00:00:00,CEBA
2526,0223B,2024-08-02 00:00:00,CEBA
2527,0337,2024-08-02 00:00:00,BEN1
2528,0261,2024-08-02 00:00:00,PEND
2529,9038,2024-08-02 00:00:00,BEN1
2530,9084,2024-08-02 00:00:00,BEN2
2531,0251,2024-08-02 00:00:00,BEN1
2532,9135,2024-08-02 00:00:00,CEBA
2533,0204A,2024-08-02 00:00:00,BEN1
2534,0317,2024-08-02 00:00:00,
2535,0201A,2024-08-02 00:00:00,BEN1
2536,0207,2024-08-02 00:00:00,BEN1
2537,0298B,2024-08-02 00:00:00,BEN1
2538,0248,2024-08-02 00:00:00,BEN1
2539,9134,2024-08-02 00:00:00,BEN1
2540,0277,2024-08-02 00:00:00,BEN1
2541,0235,2024-08-02 00:00:00,BEN1
2542,0324,2024-08-02 00:00:00,BEN1
2543,0341,2024-08-02 00:00:00,BEN1
2544,2778,2024-08-02 00:00:00,BEN1
2545,0290,2024-08-02 00:00:00,BEN2
2546,0221,2024-08-02 00:00:00,BEN1
2547,0216,2024-08-02 00:00:00,CEBA
2548,9018,2024-08-02 00:00:00,BEN1
2549,2779,2024-08-02 00:00:00,BEN1
2550,0236,2024-08-02 00:00:00,MTE
2551,0293,2024-08-02 00:00:00,Maute Med
2552,0259A,2024-08-02 00:00:00,BEN1
2553,0356,2024-08-02 00:00:00,BEN1
2554,0245,2024-08-02 00:00:00,BEN1
2555,5592,2024-08-02 00:00:00,
2556,5529,2024-08-02 00:00:00,Sin Lote
2557,5629,2024-08-02 00:00:00,
2558,5638,2024-08-02 00:00:00,
2559,22175,2024-08-02 00:00:00,Maute PQ
2560,22176,2024-08-02 00:00:00,Maute PQ
2561,22177,2024-08-02 00:00:00,MTAPQ
2562,22178,2024-08-02 00:00:00,Maute PQ
2563,2179,2024-08-02 00:00:00,MTE
2564,22180,2024-08-02 00:00:00,
2565,22181,2024-08-02 00:00:00,Maute PQ
2566,22182,2024-08-02 00:00:00,MTAPQ
2567,22183,2024-08-02 00:00:00,Maute PQ
2568,22184,2024-08-02 00:00:00,Maute PQ
2569,22185,2024-08-02 00:00:00,Maute PQ
2570,22186,2024-08-02 00:00:00,
2571,22187,2024-08-02 00:00:00,Maute PQ
2572,22188,2024-08-02 00:00:00,Maute PQ
2573,22189,2024-08-02 00:00:00,MTAPQ
2574,22190,2024-08-02 00:00:00,Maute PQ
2575,22191,2024-08-02 00:00:00,
2576,22192,2024-08-02 00:00:00,Maute PQ
2577,22193,2024-08-02 00:00:00,MTAPQ
2578,22194,2024-08-02 00:00:00,Maute PQ
2579,22195,2024-08-02 00:00:00,
2580,22197,2024-08-02 00:00:00,
2581,22196,2024-08-02 00:00:00,Maute PQ
2582,22199,2024-08-02 00:00:00,Maute PQ
2583,22198,2024-08-02 00:00:00,
2584,22207,2024-08-02 00:00:00,Maute PQ
2585,22209,2024-08-02 00:00:00,Maute PQ
2586,22206,2024-08-02 00:00:00,Maute PQ
2587,22205,2024-08-02 00:00:00,Maute PQ
2588,2208,2024-08-02 00:00:00,MTE
2589,23003,2024-08-02 00:00:00,
2590,23002,2024-08-02 00:00:00,
2591,23001,2024-08-02 00:00:00,
2592,23004,2024-08-02 00:00:00,Maute PQ
2593,23006,2024-08-02 00:00:00,MTAPQ
2594,23005,2024-08-02 00:00:00,
2595,TORO1,2024-08-02 00:00:00,
2596,TORO2,2024-08-02 00:00:00,
2597,TORO3,2024-08-02 00:00:00,
2598,TORO4,2024-08-02 00:00:00,
2599,TORO5,2024-08-02 00:00:00,BEN1
2600,2092,2024-08-02 00:00:00,Maute Med
2601,2095,2024-08-02 00:00:00,MTAPQ
2602,2201,2024-08-02 00:00:00,LSV
2603,1066,2024-08-02 00:00:00,LSPA
2604,2109,2024-08-02 00:00:00,MTAPQ
2605,2110,2024-08-02 00:00:00,MTAPQ
2606,2111,2024-08-02 00:00:00,MTAPQ
2607,2103,2024-08-02 00:00:00,LSV
2608,2108,2024-08-02 00:00:00,LSV
2609,22098,2024-08-02 00:00:00,MTAPQ
2610,2093,2024-08-02 00:00:00,LSV
2611,2215,2024-08-02 00:00:00,MTAPQ
2612,1088A,2024-08-02 00:00:00,LSP
2613,2031,2024-08-02 00:00:00,MTAPQ
2614,2107,2024-08-02 00:00:00,MTAPQ
2615,2023,2024-08-02 00:00:00,LSP
2616,1082A,2024-08-02 00:00:00,Maute Med
2617,2200,2024-08-02 00:00:00,MTAPQ
2618,2094,2024-08-02 00:00:00,Maute PQ
2619,22100,2024-08-02 00:00:00,Maute PQ
2620,2101,2024-08-02 00:00:00,Maute PQ
2621,2102,2024-08-02 00:00:00,MTAPQ
2622,1091,2024-08-02 00:00:00,LSV
2623,2026,2024-08-02 00:00:00,MTAPQ
2624,20971,2024-08-02 00:00:00,MTAPQ
2625,2030,2024-08-02 00:00:00,MTAPQ
2626,2059,2024-08-02 00:00:00,MTAPQ
2627,2036,2024-08-02 00:00:00,LSV
2628,2106,2024-08-02 00:00:00,Maute Med
2629,2099,2024-08-02 00:00:00,Maute PQ
2630,23007,2024-08-02 00:00:00,Maute PQ
2631,23008,2024-08-02 00:00:00,Maute PQ
2632,3009,2024-08-02 00:00:00,MTE
2633,23010,2024-08-02 00:00:00,Maute PQ
2634,23011,2024-08-02 00:00:00,Maute PQ
2635,BU1B,2024-08-02 00:00:00,MTE
2636,BU2B,2024-08-02 00:00:00,MTE
2637,BU099,2024-08-02 00:00:00,
2638,BU306,2024-08-02 00:00:00,
2639,BU048,2024-08-02 00:00:00,
2640,BU091,2024-08-02 00:00:00,
2641,BU089,2024-08-02 00:00:00,
2642,BU308,2024-08-02 00:00:00,
2643,BU092,2024-08-02 00:00:00,
2644,BU309,2024-08-02 00:00:00,
2645,BU310,2024-08-02 00:00:00,
2646,BU311,2024-08-02 00:00:00,
2647,BU078,2024-08-02 00:00:00,
2648,BU314,2024-08-02 00:00:00,
2649,BU315,2024-08-02 00:00:00,
2650,BU085,2024-08-02 00:00:00,
2651,BU087,2024-08-02 00:00:00,
2652,BU056,2024-08-02 00:00:00,
2653,BU090,2024-08-02 00:00:00,
2654,BU20,2024-08-02 00:00:00,
2655,BU317,2024-08-02 00:00:00,
2656,BU319,2024-08-02 00:00:00,
2657,BU321,2024-08-02 00:00:00,
2658,BU071,2024-08-02 00:00:00,
2659,BU322,2024-08-02 00:00:00,
2660,BU323,2024-08-02 00:00:00,
2661,BU325,2026-08-27 00:00:00,Sin Lote
2662,BU073,2024-08-02 00:00:00,
2663,BU326,2024-08-02 00:00:00,
2664,BU095,2024-08-02 00:00:00,
2665,BU327,2024-08-02 00:00:00,
2666,BU328,2024-08-02 00:00:00,
2667,BU313,2024-08-02 00:00:00,
2668,BU084,2024-08-02 00:00:00,
2669,BU35,2024-08-02 00:00:00,PEND
2670,BU36,2024-08-02 00:00:00,PEND
2671,BU37,2024-08-02 00:00:00,MTE
2672,BU38,2024-08-02 00:00:00,PEND
2673,BU39,2024-08-02 00:00:00,PEND
2674,BU40,2024-08-02 00:00:00,PEND
2675,BU41,2024-08-02 00:00:00,PEND
2676,BU42,2024-08-02 00:00:00,PEND
2678,BU44,2024-08-02 00:00:00,MTE
2679,BU45,2024-08-02 00:00:00,MTE
2680,BU46,2024-08-02 00:00:00,MTE
2681,BU305,2024-08-02 00:00:00,
2682,BU48,2024-08-02 00:00:00,
2683,BU49,2024-08-02 00:00:00,MTE
2684,BU50,2024-08-02 00:00:00,MTE
2685,BU51,2024-08-02 00:00:00,MTE
2686,BU52,2024-08-02 00:00:00,MTE
2687,BU307,2024-08-02 00:00:00,
2688,BU097,2024-08-02 00:00:00,
2689,BU304,2024-08-02 00:00:00,
2690,BU303,2024-08-02 00:00:00,
2691,BU302,2024-08-02 00:00:00,
2692,BU088,2024-08-02 00:00:00,
2693,BU320,2024-08-02 00:00:00,LSP
2694,BU076,2024-08-02 00:00:00,
2695,BU082,2024-08-02 00:00:00,Sin Lote
2696,BU318,2024-08-02 00:00:00,Sin Lote
2697,BU3,2024-08-02 00:00:00,
2698,BU64,2024-08-02 00:00:00,PEND
2699,0234,2024-08-02 00:00:00,
2701,0313,2024-08-02 00:00:00,
2702,0306,2024-08-02 00:00:00,
2703,9115,2024-08-02 00:00:00,
2704,1501,2024-08-02 00:00:00,
2705,0307,2024-08-02 00:00:00,
2706,0308,2024-08-02 00:00:00,
2707,0311,2024-08-02 00:00:00,PM LSV
2708,1500,2024-08-02 00:00:00,CEBA
2709,0317A,2024-08-02 00:00:00,
2710,0309,2024-08-02 00:00:00,PEND
2711,0312,2024-08-02 00:00:00,
2712,9500,2024-08-02 00:00:00,
2713,9501,2024-08-02 00:00:00,PM LSV
2714,2500,2024-08-02 00:00:00,
2715,9503,2024-08-02 00:00:00,PM LSV
2717,0304,2024-08-02 00:00:00,
2718,9502,2024-08-02 00:00:00,
2719,pend21,2024-08-02 00:00:00,BEN1
2720,0310,2024-08-02 00:00:00,
2721,0314,2024-08-02 00:00:00,PM LSV
2722,pend24,2024-08-02 00:00:00,LSV
2723,0302,2024-08-02 00:00:00,
2724,pend26,2024-08-02 00:00:00,BEN1
2725,pend27,2024-08-02 00:00:00,
2726,9110,2024-08-02 00:00:00,BEN1
2727,0213A,2024-08-02 00:00:00,
2728,pend31,2024-08-02 00:00:00,
2729,pend32,2024-08-02 00:00:00,BEN1
2730,0250,2024-08-02 00:00:00,BEN1
2731,BU049,2024-08-02 00:00:00,BEN2
2732,BU331,2024-08-02 00:00:00,LSP
2733,BU106,2024-08-02 00:00:00,LSP
2734,BU052,2024-08-02 00:00:00,LSP
2735,BU67,2024-08-02 00:00:00,BUC ORDEÑO
2736,BU68,2024-08-02 00:00:00,BUC ORDEÑO
2737,BU70,2024-08-02 00:00:00,BUC ORDEÑO
2738,BU69,2024-08-02 00:00:00,BUC ORDEÑO
2739,BU71,2024-08-02 00:00:00,BUC ORDEÑO
2740,BU72,2024-08-02 00:00:00,BUC ORDEÑO
2741,BU75,2024-08-02 00:00:00,BUC ORDEÑO
2742,BU76,2024-08-02 00:00:00,BUC ORDEÑO
2743,BU78,2024-08-02 00:00:00,BUC ORDEÑO
2745,BU80,2024-08-02 00:00:00,BUC ORDEÑO
2746,BU81,2024-08-02 00:00:00,BUC ORDEÑO
2747,BU301,2024-08-02 00:00:00,
2748,BU82,2024-08-02 00:00:00,BUC ORDEÑO
2750,BU84,2024-08-02 00:00:00,BUC ORDEÑO
2751,BU85,2024-08-02 00:00:00,BUC ORDEÑO
2753,BU87,2024-08-02 00:00:00,BUC ORDEÑO
2754,BU330,2024-08-02 00:00:00,
2755,BU017,2024-08-02 00:00:00,BEN1
2756,BU023,2024-08-02 00:00:00,BEN1
2757,BU086,2024-08-02 00:00:00,
2758,BU88,2024-08-02 00:00:00,BUC ORDEÑO
2759,BU89,2024-08-02 00:00:00,BUC ORDEÑO
2760,BU92,2024-08-02 00:00:00,BUC ORDEÑO
2761,BU93,2024-08-02 00:00:00,BUC ORDEÑO
2762,BU94,2024-08-02 00:00:00,BUC ORDEÑO
2763,BU053,2024-08-02 00:00:00,RP
2764,BU347,2024-08-02 00:00:00,RP
2765,BU349,2024-08-02 00:00:00,LSP
2766,BU062,2024-08-02 00:00:00,LSP
2768,BU034,2024-08-02 00:00:00,BEN1
2770,BU4A,2024-08-02 00:00:00,BEN2
2771,BU036,2024-08-02 00:00:00,LSP
2772,BU344,2024-08-02 00:00:00,LSP
2773,BU063,2024-08-02 00:00:00,MTE
2774,BU351,2024-08-02 00:00:00,LSP
2775,BU058,2024-08-02 00:00:00,BEN1
2776,BU069,2024-08-02 00:00:00,
2777,BU345,2024-08-02 00:00:00,LSP
2778,BU338,2024-08-02 00:00:00,LSP
2780,BU324,2024-08-02 00:00:00,
2781,BU316,2024-08-02 00:00:00,RP
2782,BU010,2024-08-02 00:00:00,
2783,BU007,2024-08-02 00:00:00,
2784,BU004,2024-08-02 00:00:00,RP
2785,BU006,2024-08-02 00:00:00,LSP
2786,9010,2024-08-02 00:00:00,BEN1
2787,3012,2024-08-02 00:00:00,MTE
2788,23013,2024-08-02 00:00:00,Maute PQ
2789,23014,2024-08-02 00:00:00,Maute PQ
2790,8039,2024-08-02 00:00:00,LSV
2791,0340A,2024-08-02 00:00:00,LSV
2792,0340B,2024-08-02 00:00:00,PEND
2793,2066,2024-08-02 00:00:00,LSP
2794,0320,2024-08-02 00:00:00,LSV
2795,0350,2024-08-02 00:00:00,LSV
2796,30,2024-08-02 00:00:00,LSV
2797,34,2024-08-02 00:00:00,LPE
2798,8057,2024-08-02 00:00:00,LSV
2799,8006,2024-08-02 00:00:00,PM LSV
2800,7038,2024-08-02 00:00:00,PM LSP
2801,S14,2024-08-02 00:00:00,PEND
2802,S15,2024-08-02 00:00:00,PEND
2803,8015,2024-08-02 00:00:00,LSV
2804,8071,2024-08-02 00:00:00,BEN1
2805,31,2024-08-02 00:00:00,LSV
2806,32,2024-08-02 00:00:00,PM LSV
2807,1015A,2024-08-02 00:00:00,MTAPQ
2808,2170,2024-08-02 00:00:00,Maute PQ
2809,2011,2024-08-02 00:00:00,MTAPQ
2810,2013,2024-08-02 00:00:00,MTAPQ
2811,2096A,2024-08-02 00:00:00,MTAPQ
2812,2218,2024-08-02 00:00:00,MTAPQ
2813,2167,2024-08-02 00:00:00,Maute PQ
2814,8098,2024-08-02 00:00:00,MTE
2815,213,2024-08-02 00:00:00,MTE
2816,1161,2024-08-02 00:00:00,MTE
2817,7,2024-08-02 00:00:00,BEN1
2818,80682,2024-08-02 00:00:00,BEN1
2819,3227,2024-08-02 00:00:00,LSV
2820,8034,2024-08-02 00:00:00,BEN1
2821,406,2024-08-02 00:00:00,LSP
2822,22049,2024-08-02 00:00:00,MTAPQ
2823,8019,2024-08-02 00:00:00,RP
2824,EMB 5,2024-08-02 00:00:00,RP
2825,3100,2024-08-02 00:00:00,BEN1
2826,1098,2024-08-02 00:00:00,LSV
2827,23015,2024-08-02 00:00:00,Maute PQ
2828,23016,2024-08-02 00:00:00,
2829,23017,2024-08-02 00:00:00,
2830,23018,2024-08-02 00:00:00,MTAPQ
2831,23019,2024-08-02 00:00:00,Maute PQ
2832,BU312,2024-08-02 00:00:00,
2833,23020,2024-08-02 00:00:00,Maute PQ
2834,23021,2024-08-02 00:00:00,
2835,23022,2024-08-02 00:00:00,MTAMD
2836,23023,2024-08-02 00:00:00,SUTE
2837,23024,2024-08-02 00:00:00,MTAPQ
2838,3025,2024-08-02 00:00:00,MTE
2839,23026,2024-08-02 00:00:00,Maute PQ
2840,9,2024-08-02 00:00:00,LSV
2841,23027,2024-08-02 00:00:00,MTAPQ
2842,23028,2024-08-02 00:00:00,Maute PQ
2843,23029,2024-08-02 00:00:00,Maute PQ
2844,23030,2024-08-02 00:00:00,
2845,23031,2024-08-02 00:00:00,
2846,3500,2024-08-02 00:00:00,PM LSV
2847,3501,2024-08-02 00:00:00,PM LSV
2848,3502,2024-08-02 00:00:00,MTE
2849,3032,2024-08-02 00:00:00,MTE
2850,23033,2024-08-02 00:00:00,MTAPQ
2851,23034,2024-08-02 00:00:00,
2852,23035,2024-08-02 00:00:00,Maute PQ
2853,23036,2024-08-02 00:00:00,
2854,23037,2024-08-02 00:00:00,
2855,23038,2024-08-02 00:00:00,CEBA
2856,23039,2024-08-02 00:00:00,MTAMD
2857,23040,2024-08-02 00:00:00,
2858,23041,2024-08-02 00:00:00,MTAPQ
2859,3042,2024-08-02 00:00:00,MTE
2860,35,2024-08-02 00:00:00,LSPA
2861,23043,2024-08-02 00:00:00,MTAPQ
2862,23044,2024-08-02 00:00:00,MTAPQ
2863,23045,2024-08-02 00:00:00,MTAPQ
2864,23046,2024-08-02 00:00:00,Maute PQ
2865,23047,2024-08-02 00:00:00,MTE
2866,23048,2024-08-02 00:00:00,BEN2
2867,23049,2024-08-02 00:00:00,MTAPQ
2868,23050,2024-08-02 00:00:00,MTAPQ
2869,23051,2024-08-02 00:00:00,MTAPQ
2870,23052,2024-08-02 00:00:00,MTAPQ
2871,23053,2024-08-02 00:00:00,Maute PQ
2872,23054,2024-08-02 00:00:00,Maute PQ
2873,23055,2024-08-02 00:00:00,
2874,23056,2024-08-02 00:00:00,Maute PQ
2875,23057,2024-08-02 00:00:00,
2876,23058,2024-08-02 00:00:00,Maute PQ
2877,23059,2024-08-02 00:00:00,Maute PQ
2878,23060,2024-08-02 00:00:00,
2879,23061,2024-08-02 00:00:00,
2880,23062,2024-08-02 00:00:00,
2881,23063,2024-08-02 00:00:00,Maute PQ
2882,23064,2024-08-02 00:00:00,Maute PQ
2883,23065,2024-08-02 00:00:00,
2884,23066,2024-08-02 00:00:00,
2885,23067,2024-08-02 00:00:00,MTAPQ
2886,3068,2024-08-02 00:00:00,MTE
2887,23069,2024-08-02 00:00:00,MTAPQ
2888,23070,2024-08-02 00:00:00,Maute PQ
2889,23071,2024-08-02 00:00:00,Maute PQ
2890,23072,2024-08-02 00:00:00,Maute PQ
2891,23073,2024-08-02 00:00:00,MTAPQ
2892,23074,2024-08-02 00:00:00,MTAPQ
2893,23075,2024-08-02 00:00:00,SUTE
2894,3076,2024-08-02 00:00:00,MTE
2895,1207,2024-08-02 00:00:00,CEBA
2896,0222,2024-08-02 00:00:00,BEN1
2897,1055,2024-08-02 00:00:00,CEBA
2898,1069,2024-08-02 00:00:00,Maute Med
2899,1154,2024-08-02 00:00:00,CEBA
2900,1043,2024-08-02 00:00:00,BEN1
2901,0210,2024-08-02 00:00:00,BEN1
2902,1189,2024-08-02 00:00:00,BEN1
2903,0109,2024-08-02 00:00:00,CEBA
2904,7065,2024-08-02 00:00:00,BEN1
2905,1131,2024-08-02 00:00:00,CEBA
2906,9264,2024-08-02 00:00:00,BEN1
2907,1163,2024-08-02 00:00:00,CEBA
2908,1068,2024-08-02 00:00:00,CEBA
2909,1070,2024-08-02 00:00:00,CEBA
2910,1053,2024-08-02 00:00:00,Maute Med
2911,1237,2024-08-02 00:00:00,Maute Med
2912,1336,2024-08-02 00:00:00,CEBA
2913,1141,2024-08-02 00:00:00,CEBA
2914,1161A,2024-08-02 00:00:00,CEBA
2915,1148,2024-08-02 00:00:00,CEBA
2916,0118A,2024-08-02 00:00:00,Maute Med
2917,0221A,2024-08-02 00:00:00,CEBA
2918,1041,2024-08-02 00:00:00,BEN1
2919,1136,2024-08-02 00:00:00,BEN1
2920,1097,2024-08-02 00:00:00,CEBA
2921,1182,2024-08-02 00:00:00,CEBA
2922,1090,2024-08-02 00:00:00,CEBA
2923,1095,2024-08-02 00:00:00,CEBA
2924,1190,2024-08-02 00:00:00,CEBA
2925,1156,2024-08-02 00:00:00,CEBA
2926,0216A,2024-08-02 00:00:00,CEBA
2927,0265,2024-08-02 00:00:00,BEN1
2928,0196,2024-08-02 00:00:00,CEBA
2929,1063A,2024-08-02 00:00:00,BEN1
2930,1165,2024-08-02 00:00:00,CEBA
2931,1082,2024-08-02 00:00:00,BEN1
2932,1030,2024-08-02 00:00:00,CEBA
2933,1084,2024-08-02 00:00:00,MTE
2934,1060,2024-08-02 00:00:00,BEN1
2935,1219,2024-08-02 00:00:00,CEBA
2936,1048,2024-08-02 00:00:00,CEBA
2937,1186,2024-08-02 00:00:00,CEBA
2938,1238,2024-08-02 00:00:00,CEBA
2939,1215,2024-08-02 00:00:00,CEBA
2940,1083,2024-08-02 00:00:00,CEBA
2941,1257,2024-08-02 00:00:00,CEBA
2942,0141,2024-08-02 00:00:00,CEBA
2943,1206,2024-08-02 00:00:00,CEBA
2944,1080,2024-08-02 00:00:00,CEBA
2945,1202,2024-08-02 00:00:00,CEBA
2946,1139,2024-08-02 00:00:00,CEBA
2947,1180,2024-08-02 00:00:00,CEBA
2948,1166,2024-08-02 00:00:00,CEBA
2949,1146,2024-08-02 00:00:00,CEBA
2950,1205,2024-08-02 00:00:00,CEBA
2951,1049,2024-08-02 00:00:00,CEBA
2952,S/NJ,2024-08-02 00:00:00,BEN1
2953,2128,2024-08-02 00:00:00,Maute Med
2954,1074A,2024-08-02 00:00:00,CEBA
2955,1008,2024-08-02 00:00:00,Maute Med
2956,1047,2024-08-02 00:00:00,CEBA
2957,1037,2024-08-02 00:00:00,CEBA
2958,1052,2024-08-02 00:00:00,CEBA
2959,1213,2024-08-02 00:00:00,CEBA
2960,0195,2024-08-02 00:00:00,CEBA
2961,0208,2024-08-02 00:00:00,BEN1
2962,1187,2024-08-02 00:00:00,CEBA
2963,1214,2024-08-02 00:00:00,Maute Med
2964,1142,2024-08-02 00:00:00,CEBA
2965,1096B,2024-08-02 00:00:00,CEBA
2966,0198,2024-08-02 00:00:00,CEBA
2967,1106,2024-08-02 00:00:00,Maute Med
2968,0094A,2024-08-02 00:00:00,BEN1
2969,0178,2024-08-02 00:00:00,BEN1
2970,1134,2024-08-02 00:00:00,BEN1
2971,0004,2024-08-02 00:00:00,CEBA
2972,37,2024-08-02 00:00:00,MTE
2973,1050,2024-08-02 00:00:00,BEN1
2974,0127,2024-08-02 00:00:00,Maute Med
2975,1174,2024-08-02 00:00:00,CEBA
2976,1253,2024-08-02 00:00:00,CEBA
2977,1057,2024-08-02 00:00:00,BEN1
2978,0171,2024-08-02 00:00:00,BEN1
2979,1228,2024-08-02 00:00:00,Maute Med
2980,1212,2024-08-02 00:00:00,CEBA
2981,1101,2024-08-02 00:00:00,CEBA
2982,1195,2024-08-02 00:00:00,BEN1
2983,0094,2024-08-02 00:00:00,CEBA
2984,1151,2024-08-02 00:00:00,CEBA
2985,0110,2024-08-02 00:00:00,CEBA
2986,1126,2024-08-02 00:00:00,CEBA
2987,1027,2024-08-02 00:00:00,CEBA
2988,1104,2024-08-02 00:00:00,Maute Med
2989,1152,2024-08-02 00:00:00,CEBA
2990,1204,2024-08-02 00:00:00,CEBA
2991,1017,2024-08-02 00:00:00,MTE
2992,36,2024-08-02 00:00:00,CEBA
2993,SN50,2024-08-02 00:00:00,CEBA
2994,1088,2024-08-02 00:00:00,BEN1
2995,0215,2024-08-02 00:00:00,BEN1
2996,0254,2024-08-02 00:00:00,CEBA
2997,1130,2024-08-02 00:00:00,CEBA
2998,1216,2024-08-02 00:00:00,Maute Med
2999,1079A,2024-08-02 00:00:00,BEN1
3000,0204B,2024-08-02 00:00:00,Maute Med
3001,0119,2024-08-02 00:00:00,Maute Med
3002,1092,2024-08-02 00:00:00,CEBA
3003,1162,2024-08-02 00:00:00,CEBA
3004,1034,2024-08-02 00:00:00,CEBA
3005,0103A,2024-08-02 00:00:00,BEN1
3006,0185,2024-08-02 00:00:00,Maute Med
3007,0357,2024-08-02 00:00:00,BEN1
3008,1046,2024-08-02 00:00:00,CEBA
3009,0351,2024-08-02 00:00:00,CEBA
3010,1098A,2024-08-02 00:00:00,CEBA
3011,1324,2024-08-02 00:00:00,CEBA
3012,1292,2024-08-02 00:00:00,Maute Med
3013,0217,2024-08-02 00:00:00,CEBA
3014,23077,2024-08-02 00:00:00,
3015,23078,2024-08-02 00:00:00,Maute PQ
3016,23079,2024-08-02 00:00:00,
3017,23080,2024-08-02 00:00:00,Maute PQ
3018,23081,2024-08-02 00:00:00,
3019,23082,2024-08-02 00:00:00,
3020,3083,2024-08-02 00:00:00,MTE
3021,23084,2024-08-02 00:00:00,Maute PQ
3022,23085,2024-08-02 00:00:00,Maute PQ
3023,23086,2024-08-02 00:00:00,Maute PQ
3024,pend41,2024-08-02 00:00:00,
3025,pend35,2024-08-02 00:00:00,
3026,pend36,2024-08-02 00:00:00,
3027,pend37,2024-08-02 00:00:00,
3028,pend38,2024-08-02 00:00:00,VEND
3029,pend39,2024-08-02 00:00:00,
3030,3505,2024-08-02 00:00:00,PEND
3031,3504,2024-08-02 00:00:00,PM LSV
3032,pend40,2024-08-02 00:00:00,MTE
3033,23087,2024-08-02 00:00:00,Maute PQ
3034,23088,2024-08-02 00:00:00,Maute PQ
3035,23089,2024-08-02 00:00:00,Maute PQ
3036,22169A,2024-08-02 00:00:00,MTAMD
3037,22172,2024-08-02 00:00:00,LSV
3038,22168,2024-08-02 00:00:00,Maute Med
3039,23090,2024-08-02 00:00:00,Maute PQ
3040,23091,2024-08-02 00:00:00,Maute PQ
3041,23092,2024-08-02 00:00:00,
3042,23093,2024-08-02 00:00:00,Maute PQ
3043,23094,2024-08-02 00:00:00,MTAPQ
3044,23095,2024-08-02 00:00:00,Maute PQ
3045,23096,2024-08-02 00:00:00,Maute PQ
3046,23097,2024-08-02 00:00:00,Maute PQ
3047,23098,2024-08-02 00:00:00,MTAPQ
3048,23099,2024-08-02 00:00:00,Maute PQ
3049,23100,2024-08-02 00:00:00,Maute PQ
3050,23101,2024-08-02 00:00:00,
3051,23102,2024-08-02 00:00:00,Maute PQ
3052,3103,2024-08-02 00:00:00,MTE
3053,23104,2024-08-02 00:00:00,Maute PQ
3054,BU332,2024-08-02 00:00:00,LSP
3055,23105,2024-08-02 00:00:00,
3056,23106,2024-08-02 00:00:00,MTAPQ
3057,23107,2024-08-02 00:00:00,
3058,23108,2024-08-02 00:00:00,Maute PQ
3059,23109,2024-08-02 00:00:00,MTAPQ
3060,23110,2024-08-02 00:00:00,
3061,23111,2024-08-02 00:00:00,MTAPQ
3062,23112,2024-08-02 00:00:00,MTE
3063,22221,2024-08-02 00:00:00,
3064,22171,2024-08-02 00:00:00,
3065,23113,2024-08-02 00:00:00,MTE
3066,23114,2024-08-02 00:00:00,Maute PQ
3067,23115,2024-08-02 00:00:00,MTAPQ
3068,23116,2024-08-02 00:00:00,Maute PQ
3069,23117,2024-08-02 00:00:00,MTE
3070,23118,2024-08-02 00:00:00,Maute PQ
3071,23119,2024-08-02 00:00:00,Maute PQ
3072,23120,2024-08-02 00:00:00,Maute PQ
3073,23121,2024-08-02 00:00:00,MTAPQ
3074,23122,2024-08-02 00:00:00,MTAPQ
3075,23123,2024-08-02 00:00:00,Maute PQ
3076,23124,2024-08-02 00:00:00,Maute PQ
3077,23125,2024-08-02 00:00:00,MTAPQ
3078,23126,2024-08-02 00:00:00,MTAPQ
3079,23127,2024-08-02 00:00:00,MTAPQ
3080,23128,2024-08-02 00:00:00,MTAPQ
3081,23129,2024-08-02 00:00:00,MTAPQ
3082,23130,2024-08-02 00:00:00,MTAPQ
3083,23131,2024-08-02 00:00:00,MTAMD
3084,23132,2024-08-02 00:00:00,Maute PQ
3085,23133,2024-08-02 00:00:00,Maute PQ
3086,23134,2024-08-02 00:00:00,
3087,23135,2024-08-02 00:00:00,Maute PQ
3088,23136,2024-08-02 00:00:00,MTAPQ
3089,23137,2024-08-02 00:00:00,Maute PQ
3090,23138,2024-08-02 00:00:00,
3091,23139,2024-08-02 00:00:00,
3092,23140,2024-08-02 00:00:00,Maute PQ
3093,pend42,2024-08-02 00:00:00,PM LSV
3094,pend43,2024-08-02 00:00:00,MTE
3095,23141,2024-08-02 00:00:00,
3096,23142,2024-08-02 00:00:00,Maute PQ
3097,BU337,2024-08-02 00:00:00,LSP
3098,23143,2024-08-02 00:00:00,Maute PQ
3099,23144,2024-08-02 00:00:00,Maute PQ
3100,23145,2024-08-02 00:00:00,Maute PQ
3101,BU011,2024-08-02 00:00:00,
3102,BU019,2024-08-02 00:00:00,LSP
3103,23146,2024-08-02 00:00:00,Maute PQ
3104,23147,2024-08-02 00:00:00,Maute PQ
3105,23148,2024-08-02 00:00:00,MTAPQ
3106,BU329,2024-08-02 00:00:00,LSP
3107,BU340,2024-08-02 00:00:00,LSP
3108,23149,2024-08-02 00:00:00,MTE
3109,BU057,2024-08-02 00:00:00,LSP
3110,BU73,2024-08-02 00:00:00,MORTINATO
3111,23150,2024-08-02 00:00:00,Maute PQ
3112,23151,2024-08-02 00:00:00,
3113,23152,2024-08-02 00:00:00,MTAPQ
3114,23153,2024-08-02 00:00:00,
3115,23154,2024-08-02 00:00:00,Maute PQ
3116,23155,2024-08-02 00:00:00,MTE
3117,BU74,2024-08-02 00:00:00,MTE
3118,23156,2024-08-02 00:00:00,Maute PQ
3119,BU343,2024-08-02 00:00:00,LSP
3120,BU77,2024-08-02 00:00:00,MTE
3121,BU01251,2024-08-02 00:00:00,
3122,23157,2024-08-02 00:00:00,Maute PQ
3123,23158,2024-08-02 00:00:00,
3124,23159,2024-08-02 00:00:00,
3125,23160,2024-08-02 00:00:00,MTAPQ
3126,23161,2024-08-02 00:00:00,MORTINATO
3127,23162,2024-08-02 00:00:00,MTAPQ
3128,23163,2024-08-02 00:00:00,Maute PQ
3129,23164,2024-08-02 00:00:00,Maute PQ
3130,23165,2024-08-02 00:00:00,Maute PQ
3131,23166,2024-08-02 00:00:00,MTAPQ
3132,BU333,2024-08-02 00:00:00,LSP
3133,23167,2024-08-02 00:00:00,MTE
3134,23168,2024-08-02 00:00:00,SUTE
3135,BU342,2024-08-02 00:00:00,LSP
3136,22139,2024-08-02 00:00:00,
3137,22216,2024-08-02 00:00:00,
3138,23169,2024-08-02 00:00:00,MTAPQ
3139,23170,2024-08-02 00:00:00,Maute PQ
3140,23171,2024-08-02 00:00:00,Maute PQ
3141,23172,2024-08-02 00:00:00,MTAPQ
3142,23173,2024-08-02 00:00:00,Maute PQ
3143,23174,2024-08-02 00:00:00,Maute PQ
3144,23175,2024-08-02 00:00:00,MTE
3145,23176,2024-08-02 00:00:00,Maute PQ
3146,23177,2024-08-02 00:00:00,Maute PQ
3147,BU014,2024-08-02 00:00:00,
3148,BU339,2024-08-02 00:00:00,LSP
3149,23178,2024-08-02 00:00:00,
3150,23182,2024-08-02 00:00:00,Maute PQ
3151,23180,2024-08-02 00:00:00,Maute PQ
3152,23179,2024-08-02 00:00:00,MTAPQ
3153,23183,2024-08-02 00:00:00,MTAPQ
3154,23184,2024-08-02 00:00:00,Maute PQ
3155,23185,2024-08-02 00:00:00,MTAPQ
3156,23181,2024-08-02 00:00:00,Maute PQ
3157,23186,2024-08-02 00:00:00,
3158,23187,2024-08-02 00:00:00,Maute PQ
3159,23188,2024-08-02 00:00:00,Maute PQ
3160,23190,2024-08-02 00:00:00,Maute PQ
3161,23189,2024-08-02 00:00:00,Maute PQ
3162,23191,2024-08-02 00:00:00,MTE
3163,23192,2024-08-02 00:00:00,MTE
3164,23193,2024-08-02 00:00:00,Maute PQ
3165,23194,2024-08-02 00:00:00,MTAPQ
3166,23195,2024-08-02 00:00:00,SUTE
3167,23196,2024-08-02 00:00:00,Maute PQ
3168,4043,2024-08-02 00:00:00,LSP
3169,23197,2024-08-02 00:00:00,Maute PQ
3170,23198,2024-08-02 00:00:00,MTAPQ
3171,BU336,2024-08-02 00:00:00,LSP
3172,BU035,2024-08-02 00:00:00,LSP
3173,BU001,2024-08-02 00:00:00,
3174,23199,2024-08-02 00:00:00,MORTINATO
3175,23200,2024-08-02 00:00:00,MTE
3176,23201,2024-08-02 00:00:00,BEC ORDÑ
3177,23202,2024-08-02 00:00:00,BEC ORDÑ
3178,23203,2024-08-02 00:00:00,BEC ORDÑ
3179,23204,2024-08-02 00:00:00,BEC ORDÑ
3180,23205,2024-08-02 00:00:00,MORTINATO
3181,23206,2024-08-02 00:00:00,Maute PQ
3182,23207,2024-08-02 00:00:00,
3183,23208,2024-08-02 00:00:00,
3184,23209,2024-08-02 00:00:00,MTAPQ
3185,23210,2024-08-02 00:00:00,Maute PQ
3186,23211,2024-08-02 00:00:00,MTAPQ
3187,BU002,2024-08-02 00:00:00,RP
3188,BU334,2024-08-02 00:00:00,LSP
3189,BU009,2024-08-02 00:00:00,
3190,BU015,2024-08-02 00:00:00,BEN1
3191,BU341,2024-08-02 00:00:00,LSP
3192,BU90,2024-08-02 00:00:00,MTE
3193,BU91,2024-08-02 00:00:00,MTE
3194,23212,2024-08-02 00:00:00,BEC ORDÑ
3195,23213,2024-08-02 00:00:00,MORTINATO
3196,BU350,2024-08-02 00:00:00,MTE
3197,23214,2024-08-02 00:00:00,Maute PQ
3198,23215,2024-08-02 00:00:00,BEC ORDÑ
3199,23216,2024-08-02 00:00:00,Maute PQ
3200,BU008,2024-08-02 00:00:00,
3201,BU66,2024-08-02 00:00:00,BUC ORDEÑO
3202,23217,2024-08-02 00:00:00,Maute PQ
3203,23218,2024-08-02 00:00:00,Maute PQ
3204,23219,2024-08-02 00:00:00,MTE
3205,23220,2024-08-02 00:00:00,BEC ORDÑ
3206,23222,2024-08-02 00:00:00,BEC ORDÑ
3207,23228,2024-08-02 00:00:00,PM LSP
3208,23229,2024-08-02 00:00:00,BEC ORDÑ
3209,23231,2024-08-02 00:00:00,MTAPQ
3210,3503,2024-08-02 00:00:00,PEND
3211,23233,2024-08-02 00:00:00,BEC ORDÑ
3212,23234,2024-08-02 00:00:00,MTE
3213,23237,2024-08-02 00:00:00,BEC ORDÑ
3214,23239,2024-08-02 00:00:00,BEC ORDÑ
3215,23242,2024-08-02 00:00:00,BEC ORDÑ
3216,23243,2024-08-02 00:00:00,BEC ORDÑ
3217,23245,2024-08-02 00:00:00,MORTINATO
3218,23247,2024-08-02 00:00:00,PM LSP
3219,23248,2024-08-02 00:00:00,PM LSV
3220,23249,2024-08-02 00:00:00,PM LSV
3221,23251,2024-08-02 00:00:00,PM LSV
3222,23235,2024-07-24 00:00:00,MTAPQ
3223,pend44,2024-08-02 00:00:00,PM LSV
3224,PEND45,2024-08-02 00:00:00,PM LSV
3225,BU352,2024-08-02 00:00:00,BUC ORDEÑO
3226,BU353,2024-08-02 00:00:00,BUC ORDEÑO
3227,BU354,2024-08-02 00:00:00,BUC ORDEÑO
3228,BU355,2024-08-02 00:00:00,BUC ORDEÑO
3229,BU356,2024-08-02 00:00:00,BUC ORDEÑO
3230,8043,2024-08-08 00:00:00,RP
3231,50501,2024-08-08 00:00:00,RP
3232,24202,2024-08-08 00:00:00,BEC ORDÑ
3233,24203,2024-08-08 00:00:00,BEC ORDÑ
3234,8043,2024-08-08 00:00:00,RP
3235,BU320,2024-08-08 00:00:00,RP
3236,50501,2024-08-08 00:00:00,RP
3237,5092,2024-08-06 00:00:00,RP
3238,8046,2024-08-06 00:00:00,RP
3239,4055,2024-08-06 00:00:00,RP
3240,BU357,2024-08-08 00:00:00,BUC ORDEÑO
3241,BU358,2024-08-12 00:00:00,BUC ORDEÑO
3242,24204,2024-08-12 00:00:00,BEC ORDÑ
3243,24205,2024-08-14 00:00:00,BEC ORDÑ
3244,9192,2024-08-12 00:00:00,RP
3245,1123,2024-08-14 00:00:00,RP
3246,0292,2024-08-19 00:00:00,BEN1
3247,0223A,2024-08-19 00:00:00,BEN1
3248,1055,2024-08-19 00:00:00,BEN1
3249,0110,2024-08-19 00:00:00,BEN1
3250,23158,2024-08-23 00:00:00,Maute PQ
3251,BU67,2024-08-23 00:00:00,CEBA
3252,BU035,2024-08-10 00:00:00,RP
3253,6008,2024-08-15 00:00:00,RP
3254,4072,2024-08-17 00:00:00,RP
3255,BU344,2024-08-18 00:00:00,RP
3256,BU052,2024-08-18 00:00:00,RP
3257,BU338,2024-08-18 00:00:00,RP
3258,2097,2024-08-19 00:00:00,RP
3259,2094A,2024-08-20 00:00:00,RP
3260,BU106,2024-08-20 00:00:00,RP
3261,9126A,2024-08-22 00:00:00,RP
3262,4109,2024-08-24 00:00:00,RP
3263,0128,2024-08-24 00:00:00,RP
3264,2023,2024-08-18 00:00:00,LSV
3265,BU359,2024-08-10 00:00:00,BUC ORDEÑO
3266,24206,2024-08-15 00:00:00,BEC ORDÑ
3267,24207,2024-08-17 00:00:00,BEC ORDÑ
3268,BU360,2024-08-18 00:00:00,BUC ORDEÑO
3269,BU361,2024-08-18 00:00:00,BUC ORDEÑO
3270,BU362,2024-08-18 00:00:00,BUC ORDEÑO
3271,24208,2024-08-19 00:00:00,BEC ORDÑ
3272,24209,2024-08-20 00:00:00,BEC ORDÑ
3273,BU363,2024-08-20 00:00:00,BUC ORDEÑO
3274,24210,2024-08-22 00:00:00,BEC ORDÑ
3275,24211,2024-08-24 00:00:00,BEC ORDÑ
3276,24212,2024-08-24 00:00:00,BEC ORDÑ
3277,BU67,2024-07-02 00:00:00,CEBA
3278,BU68,2024-07-02 00:00:00,LSV
3279,BU70,2024-07-02 00:00:00,LSV
3280,BU69,2024-07-02 00:00:00,CEBA
3281,BU71,2024-07-02 00:00:00,LSV
3282,BU72,2024-07-02 00:00:00,LSV
3283,BU75,2024-07-02 00:00:00,CEBA
3284,BU76,2024-07-02 00:00:00,LSV
3285,BU78,2024-07-02 00:00:00,LSV
3286,BU79,2024-07-02 00:00:00,CEBA
3287,BU80,2024-07-02 00:00:00,LSV
3288,BU81,2024-07-02 00:00:00,CEBA
3289,BU82,2024-07-02 00:00:00,CEBA
3291,BU84,2024-07-02 00:00:00,CEBA
3292,BU85,2024-07-02 00:00:00,LSV
3293,BU86,2024-07-02 00:00:00,CEBA
3294,BU87,2024-07-02 00:00:00,CEBA
3295,BU88,2024-07-02 00:00:00,LSV
3296,BU89,2024-07-02 00:00:00,LSV
3297,BU92,2024-07-02 00:00:00,LSV
3298,BU93,2024-07-02 00:00:00,LSV
3299,BU94,2024-07-02 00:00:00,CEBA
3300,3500,2024-08-20 00:00:00,PEND
3301,6008,2024-08-19 00:00:00,PM LSV
3302,24206,2024-08-19 00:00:00,PM LSV
3303,0018,2024-08-19 00:00:00,LSV
3304,0332,2024-08-19 00:00:00,LSP
3305,3021A,2024-08-19 00:00:00,LSV
3306,2133A,2024-08-19 00:00:00,LSV
3307,9007,2024-08-19 00:00:00,LSP
3308,4109,2024-08-30 00:00:00,PM LSV
3309,50501,2024-08-30 00:00:00,PM LSV
3310,5092,2024-08-30 00:00:00,PM LSV
3311,1123,2024-08-30 00:00:00,PM LSV
3312,9073,2024-08-29 00:00:00,PM LSV
3313,9192,2024-08-30 00:00:00,PM LSV
3314,2097,2024-08-30 00:00:00,PM LSV
3315,24211,2024-08-30 00:00:00,PM LSV
3316,24203,2024-08-30 00:00:00,PM LSV
3317,24198,2024-08-30 00:00:00,PM LSV
3318,24199,2024-08-30 00:00:00,PM LSV
3319,24205,2024-08-30 00:00:00,PM LSV
3320,24062,2024-08-29 00:00:00,PM LSV
3321,24204,2024-08-30 00:00:00,PM LSV
3322,24208,2024-08-30 00:00:00,PM LSV
3323,24213,2024-08-28 00:00:00,BEC ORDÑ
3324,24214,2024-08-28 00:00:00,BEC ORDÑ
3325,BU364,2024-08-26 00:00:00,BUC ORDEÑO
3326,24215,2024-08-31 00:00:00,BEC ORDÑ
3327,0353,2024-08-28 00:00:00,RP
3328,4101,2024-08-28 00:00:00,RP
3329,BU351,2024-08-26 00:00:00,RP
3330,1112A,2024-08-31 00:00:00,RP
3331,8048,2024-09-02 00:00:00,RP
3332,4066,2024-09-02 00:00:00,RP
3333,24216,2024-09-02 00:00:00,BEC ORDÑ
3334,24217,2024-09-02 00:00:00,BEC ORDÑ
3335,BU332,2024-08-12 00:00:00,RP
3336,BU340,2024-08-08 00:00:00,LPB
3337,BU346,2024-06-01 00:00:00,LSV
3338,BU348,2024-06-01 00:00:00,LSV
3339,BU335,2024-06-01 00:00:00,LPB
3340,BU331,2024-09-05 00:00:00,LPB
3341,24218,2024-09-05 00:00:00,BEC ORDÑ
3342,2149A,2024-09-05 00:00:00,RP
3343,91242,2024-09-02 00:00:00,LSP
3344,2234,2024-09-05 00:00:00,LPE
3345,2047,2024-09-05 00:00:00,LPE
3346,5076,2024-09-05 00:00:00,LPE
3347,7012,2024-09-05 00:00:00,LPE
3348,8054,2024-09-05 00:00:00,LPE
3349,809,2024-09-05 00:00:00,LPE
3350,9037,2024-09-05 00:00:00,LPE
3351,9006,2024-09-05 00:00:00,LPB
3352,9091,2024-09-05 00:00:00,LPB
3353,0111,2024-09-05 00:00:00,LPB
3354,0278,2024-09-05 00:00:00,LPB
3355,0322,2024-09-05 00:00:00,LPB
3356,4007,2024-09-05 00:00:00,LPB
3357,4055,2024-09-05 00:00:00,LPB
3358,1112A,2024-09-05 00:00:00,LPB
3359,9126A,2024-09-05 00:00:00,LPB
3360,0353,2024-09-05 00:00:00,LPB
3361,5079,2024-09-05 00:00:00,LPB
3362,4072,2024-09-05 00:00:00,LPB
3363,EMB 5,2024-09-05 00:00:00,LPB
3364,2196A,2024-09-05 00:00:00,LPE
3365,2148A,2024-09-05 00:00:00,LPE
3366,2094A,2024-09-05 00:00:00,LPE
3367,2063A,2024-09-05 00:00:00,LPE
3368,4018,2024-09-05 00:00:00,LPE
3369,6021,2024-09-05 00:00:00,LPE
3370,5077,2024-09-05 00:00:00,LPE
3371,8046,2024-09-05 00:00:00,LPE
3372,5146,2024-09-05 00:00:00,LPE
3373,8043,2024-09-05 00:00:00,LPE
3374,8045,2024-09-05 00:00:00,LPE
3375,8087,2024-09-05 00:00:00,LPE
3376,9024,2024-09-05 00:00:00,LPE
3377,8019,2024-09-05 00:00:00,LPE
3378,91172,2024-07-18 00:00:00,PM LSP
3379,1139A,2024-07-18 00:00:00,PM LSP
3380,2220,2024-07-18 00:00:00,PM LSP
3381,BU316,2024-09-08 00:00:00,LSV
3382,2060,2024-09-09 00:00:00,LSV
3383,2065,2024-09-09 00:00:00,LSV
3384,91121,2024-09-10 00:00:00,BEN1
3385,TORO1,2024-09-10 00:00:00,BEN1
3386,1151,2024-09-10 00:00:00,BEN1
3387,1034,2024-09-10 00:00:00,BEN1
3388,2040,2024-09-07 00:00:00,RP
3389,5679,2024-09-11 00:00:00,RP
3390,BU333,2024-09-07 00:00:00,RP
3391,24219,2024-09-07 00:00:00,BEC ORDÑ
3392,24220,2024-09-11 00:00:00,BEC ORDÑ
3393,BU365,2024-09-07 00:00:00,BUC ORDEÑO
3394,3119,2024-09-12 00:00:00,RP
3395,8086,2024-09-13 00:00:00,RP
3396,24221,2024-09-12 00:00:00,BEC ORDÑ
3397,24222,2024-09-13 00:00:00,BEC ORDÑ
3398,8010,2024-09-16 00:00:00,RP
3399,24223,2024-09-16 00:00:00,BEC ORDÑ
3400,2031,2024-09-19 00:00:00,MTE
3401,24226,2024-09-18 00:00:00,MTE
3402,24227,2024-09-18 00:00:00,MORTINATO
3403,23176,2024-09-17 00:00:00,MTE
3404,23182,2024-09-18 00:00:00,MTE
3405,4172,2024-09-18 00:00:00,RP
3406,4043,2024-09-18 00:00:00,RP
3407,8013,2024-09-18 00:00:00,RP
3408,XXX,2024-09-18 00:00:00,RP
3409,BU062,2024-09-18 00:00:00,RP
3410,BU337,2024-09-19 00:00:00,RP
3411,24224,2024-09-18 00:00:00,BEC ORDÑ
3412,24225,2024-09-18 00:00:00,BEC ORDÑ
3413,24226,2024-09-18 00:00:00,BEC ORDÑ
3414,24227,2024-09-18 00:00:00,BEC ORDÑ
3415,BU366,2024-09-18 00:00:00,BUC ORDEÑO
3416,BU367,2024-09-19 00:00:00,BUC ORDEÑO
3417,1139A,2024-09-19 00:00:00,LSP
3418,2220,2024-09-19 00:00:00,LSP
3419,4025,2024-09-19 00:00:00,LSP
3420,4048,2024-09-19 00:00:00,LSP
3421,7038,2024-09-19 00:00:00,LSP
3422,8096,2024-09-19 00:00:00,LSP
3423,9104,2024-09-19 00:00:00,LSP
3424,91172,2024-09-19 00:00:00,LSP
3425,0202,2024-09-19 00:00:00,LSP
3426,0220,2024-09-19 00:00:00,LSP
3427,9099,2024-09-19 00:00:00,LSP
3428,0233,2024-09-19 00:00:00,LSP
3429,0326,2024-09-19 00:00:00,LSP
3430,1005,2024-09-19 00:00:00,LSP
3432,1168,2024-09-19 00:00:00,LSP
3433,3027A,2024-09-19 00:00:00,LSP
3434,4078,2024-09-19 00:00:00,LSP
3435,4099,2024-09-19 00:00:00,LSP
3437,6020,2024-09-19 00:00:00,LSP
3438,7033,2024-09-19 00:00:00,LSP
3439,8011,2024-09-19 00:00:00,LSP
3440,8014,2024-09-19 00:00:00,LSP
3441,8028,2024-09-19 00:00:00,LSP
3442,9014,2024-09-19 00:00:00,LSP
3443,9389,2024-09-19 00:00:00,LSP
3444,0208A,2024-09-19 00:00:00,LSPA
3445,0299A,2024-09-19 00:00:00,LSPA
3446,0350,2024-09-19 00:00:00,LSPA
3447,1015A,2024-09-19 00:00:00,LSPA
3448,10431,2024-09-19 00:00:00,LSPA
3449,1091,2024-09-19 00:00:00,LSPA
3450,1104A,2024-09-19 00:00:00,LSPA
3451,1132,2024-09-19 00:00:00,LSPA
3452,20,2024-09-19 00:00:00,LSPA
3453,2035A,2024-09-19 00:00:00,LSPA
3454,0343,2024-09-19 00:00:00,LSV
3455,4A,2024-09-19 00:00:00,LSV
3456,9011,2024-09-19 00:00:00,LSV
3457,9113,2024-09-19 00:00:00,LSV
3458,9116B,2024-09-19 00:00:00,LSV
3459,23228,2024-09-19 00:00:00,MTAPQ
3460,23247,2024-09-19 00:00:00,Maute PQ
3461,23249,2024-09-19 00:00:00,Maute PQ
3462,23251,2024-09-19 00:00:00,Maute PQ
3463,23227,2024-09-19 00:00:00,MTAPQ
3464,23230,2024-09-19 00:00:00,Maute PQ
3465,23238,2024-09-19 00:00:00,Maute PQ
3466,23241,2024-09-19 00:00:00,Maute PQ
3467,24002,2024-09-19 00:00:00,Maute PQ
3468,24004,2024-09-19 00:00:00,MTAPQ
3469,24005,2024-09-19 00:00:00,MTAPQ
3470,24008,2024-09-19 00:00:00,Maute PQ
3471,24009,2024-09-19 00:00:00,Maute PQ
3472,24016,2024-09-19 00:00:00,MTAPQ
3473,24019,2024-09-19 00:00:00,MTAPQ
3474,24021,2024-09-19 00:00:00,MTAPQ
3475,24025,2024-09-19 00:00:00,MTAPQ
3476,24030,2024-09-19 00:00:00,MTAPQ
3477,8037,2024-09-18 00:00:00,LSP
3478,91171,2024-09-18 00:00:00,LSP
3479,8061,2024-09-18 00:00:00,LSP
3480,24215,2024-09-23 00:00:00,MTE
3481,24003,2024-09-02 00:00:00,Maute PQ
3482,23232,2024-09-18 00:00:00,MTAPQ
3483,10391,2024-09-19 00:00:00,RP
3484,2072,2024-09-20 00:00:00,RP
3485,3066B,2024-09-20 00:00:00,RP
3486,50741,2024-09-22 00:00:00,RP
3487,24228,2024-09-19 00:00:00,BEC ORDÑ
3488,24229,2024-09-20 00:00:00,BEC ORDÑ
3489,24230,2024-09-20 00:00:00,BEC ORDÑ
3490,24231,2024-09-22 00:00:00,BEC ORDÑ
3491,BU320,2024-09-23 00:00:00,LPB
3492,BU106,2024-09-23 00:00:00,LPB
3493,BU052,2024-09-23 00:00:00,LPB
3494,BU053,2024-09-23 00:00:00,LPB
3495,BU347,2024-09-23 00:00:00,LPB
3496,BU344,2024-09-23 00:00:00,LPB
3497,BU351,2024-09-23 00:00:00,LPB
3498,BU338,2024-09-23 00:00:00,LPB
3499,BU004,2024-09-23 00:00:00,LPB
3500,BU332,2024-09-23 00:00:00,LPB
3501,BU333,2024-09-23 00:00:00,LPB
3502,BU035,2024-09-23 00:00:00,LPB
3503,BU002,2024-09-23 00:00:00,LPB
3504,4101,2024-09-24 00:00:00,LPE
3505,2149A,2024-09-24 00:00:00,LPE
3506,5679,2024-09-24 00:00:00,LPE
3507,0128,2024-09-24 00:00:00,LPB
3508,3119,2024-09-24 00:00:00,LPE
3509,10391,2024-09-24 00:00:00,LBB
3510,2072,2024-09-24 00:00:00,LPB
3511,4066,2024-09-24 00:00:00,LBB
3512,4172,2024-09-24 00:00:00,LBB
3513,8010,2024-09-24 00:00:00,LBB
3514,8013,2024-09-24 00:00:00,LSV
3515,8048,2024-09-24 00:00:00,LPE
3516,8086,2024-09-24 00:00:00,LPB
3517,2040,2024-09-24 00:00:00,LPE
3518,5076,2024-09-24 00:00:00,LPB
3519,3132,2024-09-24 00:00:00,LPB
3520,0278,2024-09-24 00:00:00,LPE
3521,0353,2024-09-24 00:00:00,LPE
3522,23195,2024-09-19 00:00:00,MTAPQ
3523,23202,2024-09-19 00:00:00,MTAPQ
3524,23212,2024-09-19 00:00:00,Maute PQ
3525,23229,2024-09-19 00:00:00,Maute PQ
3526,0132,2024-09-19 00:00:00,LSP
3527,0338,2024-09-19 00:00:00,LSV
3528,4079,2024-09-26 00:00:00,LSP
3529,2146,2024-09-26 00:00:00,LSP
3530,2042,2024-09-26 00:00:00,LSP
3531,1117,2024-05-22 00:00:00,PM LSP
3532,4034,2024-05-22 00:00:00,PM LSP
3533,0338,2024-09-26 00:00:00,LSP
3534,1096,2024-09-26 00:00:00,LSP
3535,2034,2024-09-26 00:00:00,LSP
3536,0320,2024-09-26 00:00:00,LSP
3537,24013,2024-05-22 00:00:00,PM LSP
3538,24037,2024-05-22 00:00:00,PM LSP
3539,3093,2024-09-26 00:00:00,LSV
3540,9067,2024-09-26 00:00:00,LSV
3541,9904,2024-09-26 00:00:00,LSP
3542,8066,2024-09-26 00:00:00,LSP
3543,9032,2024-09-26 00:00:00,LSP
3544,0294,2024-09-26 00:00:00,LSP
3545,9,2024-09-26 00:00:00,LSP
3546,20337,2024-09-19 00:00:00,MTE
3547,23194,2024-09-20 00:00:00,MTE
3548,BU036,2024-09-25 00:00:00,RP
3549,BU368,2024-09-25 00:00:00,BUC ORDEÑO
3550,BU331,2024-09-27 00:00:00,LSP
3566,9128b,2024-09-28 00:00:00,PM LSP
3567,32,2024-09-28 00:00:00,LSV
3568,0271,2024-09-28 00:00:00,LSV
3569,2079,2024-09-28 00:00:00,LSV
3570,4095,2024-09-28 00:00:00,LSP
3571,7004,2024-09-28 00:00:00,LSV
3572,8003,2024-09-28 00:00:00,LSV
3573,8036,2024-09-28 00:00:00,LSP
3574,9042,2024-09-28 00:00:00,LSV
3575,9073,2024-09-28 00:00:00,PM LSP
3576,24011,2024-09-28 00:00:00,MTAPQ
3577,24027,2024-09-28 00:00:00,MTAPQ
3578,24031,2024-09-28 00:00:00,MTAPQ
3579,24062,2024-09-28 00:00:00,PM LSP
3580,24068,2024-09-28 00:00:00,Maute PQ
3581,24081,2024-09-28 00:00:00,Maute PQ
3583,0355,2024-10-01 00:00:00,LSV
3584,24232,2024-09-29 00:00:00,BEC ORDÑ
3585,9040,2024-09-29 00:00:00,RP
3586,BU369,2024-09-29 00:00:00,BUC ORDEÑO
3587,BU329,2024-09-29 00:00:00,RP
3588,BU002,2024-10-04 00:00:00,PEND
3589,2083,2024-10-04 00:00:00,RP
3590,3024A,2024-10-04 00:00:00,RP
3591,24233,2024-10-03 00:00:00,BEC ORDÑ
3592,24234,2024-10-03 00:00:00,BEC ORDÑ
3593,4087,2024-10-06 00:00:00,RP
3594,89,2024-10-06 00:00:00,RP
3595,24235,2024-10-06 00:00:00,BEC ORDÑ
3596,24236,2024-10-06 00:00:00,BEC ORDÑ
3597,emb 4,2024-10-05 00:00:00,BEN2
3598,9904,2024-10-05 00:00:00,BEN2
3599,23040,2024-10-06 00:00:00,BEN2
3600,23041,2024-10-06 00:00:00,BEN2
3601,1051,2024-10-06 00:00:00,BEN2
3602,BU062,2024-10-05 00:00:00,LPB
3603,BU036,2024-10-05 00:00:00,LPB
3604,BU337,2024-10-05 00:00:00,LPB
3605,1029,2024-10-07 00:00:00,BEN1
3606,1205,2024-10-07 00:00:00,BEN1
3607,0221A,2024-10-07 00:00:00,BEN1
3608,1186,2024-10-07 00:00:00,BEN1
3609,0231B,2024-10-07 00:00:00,MTE
3610,BU345,2024-10-07 00:00:00,RP
3611,BU370,2024-10-07 00:00:00,BUC ORDEÑO
3612,1039,2024-10-07 00:00:00,MTE
3613,5144,2024-10-09 00:00:00,RP
3614,24237,2024-10-09 00:00:00,BEC ORDÑ
3615,24199,2024-10-08 00:00:00,MTE
3616,5092,2024-10-08 00:00:00,LSV
3617,24238,2024-10-08 00:00:00,BEC ORDÑ
3618,9047,2024-10-08 00:00:00,RP
3619,23013,2024-10-09 00:00:00,BEN2
3620,23221,2024-10-09 00:00:00,BEN2
3621,6070,2024-10-10 00:00:00,RP
3622,24239,2024-10-10 00:00:00,BEC ORDÑ
3623,4043,2024-10-10 00:00:00,PM LSV
3624,24225,2024-10-10 00:00:00,PM LSV
3625,8010,2024-10-10 00:00:00,PM LSV
3626,24223,2024-10-10 00:00:00,PM LSV
3627,4172,2024-10-10 00:00:00,PM LSV
3628,24224,2024-10-10 00:00:00,PM LSV
3629,10391,2024-10-10 00:00:00,PM LSV
3630,24228,2024-10-10 00:00:00,PM LSV
3631,50741,2024-10-10 00:00:00,PM LSV
3632,24231,2024-10-10 00:00:00,PM LSV
3633,4066,2024-10-10 00:00:00,PM LSV
3634,24217,2024-10-10 00:00:00,PM LSV
3635,9126A,2024-10-10 00:00:00,PM LSV
3636,24210,2024-10-10 00:00:00,PM LSV
3637,8005,2024-10-11 00:00:00,RP
3638,24240,2024-10-11 00:00:00,BEC ORDÑ
3639,9128B,2024-10-09 00:00:00,LSP
3640,2021,2024-10-15 00:00:00,LSP
3641,2096,2024-10-15 00:00:00,LSP
3642,5007,2024-10-15 00:00:00,LBB
3643,6070,2024-10-15 00:00:00,LBB
3644,9047,2024-10-15 00:00:00,LBB
3645,4035,2024-10-15 00:00:00,LSP
3646,8005,2024-10-15 00:00:00,LBB
3647,9058,2024-10-15 00:00:00,LSP
3648,0229,2024-10-15 00:00:00,LSP
3649,0272,2024-10-15 00:00:00,LSV
3650,8063,2024-10-15 00:00:00,LSV
3651,89,2024-10-15 00:00:00,LBB
3652,EMB 5,2024-10-15 00:00:00,LBB
3671,BU343,2024-10-10 00:00:00,RP
3672,BU342,2024-10-12 00:00:00,RP
3673,0143,2024-10-15 00:00:00,RP
3674,60286,2024-10-16 00:00:00,RP
3675,BU371,2024-10-10 00:00:00,BUC ORDEÑO
3676,BU372,2024-10-12 00:00:00,BUC ORDEÑO
3677,24242,2024-10-15 00:00:00,BEC ORDÑ
3678,24243,2024-10-16 00:00:00,BEC ORDÑ
3679,24241,2024-10-15 00:00:00,MORTINATO
3680,EMB 1,2024-10-16 00:00:00,MTE
3681,24236,2024-10-17 00:00:00,MTE
3682,BU373,2024-10-16 00:00:00,BUC ORDEÑO
3683,BU006,2024-10-16 00:00:00,RP
3684,5033,2024-10-17 00:00:00,RP
3685,24244,2024-10-17 00:00:00,BEC ORDÑ
3686,BU329,2024-10-17 00:00:00,LPB
3687,BU351,2024-10-18 00:00:00,LSV
3688,BU364,2024-09-28 00:00:00,MTE
3689,BU352,2024-10-18 00:00:00,SUTE
3690,BU374,2024-10-18 00:00:00,BUC ORDEÑO
3691,BU341,2024-10-18 00:00:00,RP
3692,BU343,2024-10-21 00:00:00,LPB
3693,BU345,2024-10-21 00:00:00,LPB
3694,BU342,2024-10-21 00:00:00,LPB
3695,406,2024-08-15 00:00:00,LSV
3696,0223B,2024-10-22 00:00:00,BEN1
3697,0004,2024-10-22 00:00:00,BEN1
3698,24225,2024-10-19 00:00:00,MTE
3699,24208,2024-10-22 00:00:00,MTE
3700,24228,2024-10-19 00:00:00,MTE
3701,1142,2024-10-22 00:00:00,BEN1
3702,4043,2024-10-20 00:00:00,LSV
3703,10391,2024-10-20 00:00:00,LSV
3704,23248,2024-10-22 00:00:00,MTAPQ
3705,24018,2024-10-22 00:00:00,Maute PQ
3706,23243,2024-10-22 00:00:00,MTAPQ
3707,24040,2024-10-22 00:00:00,MTAPQ
3708,2171,2024-10-22 00:00:00,LSP
3709,5150,2024-10-22 00:00:00,LSP
3710,3132,2024-10-22 00:00:00,LSP
3711,20334,2024-10-22 00:00:00,LSP
3712,2097,2024-10-22 00:00:00,LSV
3713,8076,2024-10-15 00:00:00,LSV
3714,23225,2024-10-15 00:00:00,Maute PQ
3715,91262,2024-10-15 00:00:00,LSP
3716,23222,2024-10-15 00:00:00,Maute PQ
3717,2130,2024-10-29 00:00:00,LBB
3718,0143,2024-10-29 00:00:00,LBB
3719,89,2024-10-14 00:00:00,LSV
3721,9047,2024-10-28 00:00:00,LBB
3722,60286,2024-10-28 00:00:00,LPE
3723,2083,2024-10-28 00:00:00,LPE
3724,5033,2024-10-28 00:00:00,LPE
3725,4087,2024-10-28 00:00:00,LPB
3726,3024A,2024-10-28 00:00:00,LPE
3727,5144,2024-10-28 00:00:00,LPE
3728,3066B,2024-10-28 00:00:00,LPE
3729,9040,2024-10-28 00:00:00,LPB
3730,2072,2024-10-28 00:00:00,LPE
3731,5079,2024-10-28 00:00:00,LPE
3732,6070,2024-10-28 00:00:00,LPB
3733,1095B,2024-10-30 00:00:00,CEBA
3734,1106A,2024-10-30 00:00:00,CEBA
3735,2041,2024-10-30 00:00:00,CEBA
3736,2054,2024-10-30 00:00:00,CEBA
3737,1077,2024-10-30 00:00:00,CEBA
3738,0109A,2024-10-30 00:00:00,CEBA
3739,1112,2024-10-30 00:00:00,CEBA
3740,2090,2024-10-30 00:00:00,CEBA
3741,1076,2024-10-30 00:00:00,CEBA
3742,0293,2024-10-30 00:00:00,CEBA
3743,2092,2024-10-30 00:00:00,CEBA
3744,1069,2024-10-30 00:00:00,CEBA
3745,1053,2024-10-30 00:00:00,CEBA
3746,1237,2024-10-30 00:00:00,CEBA
3747,0118A,2024-10-30 00:00:00,CEBA
3748,2128,2024-10-30 00:00:00,CEBA
3749,1214,2024-10-30 00:00:00,CEBA
3750,1106,2024-10-30 00:00:00,CEBA
3751,0127,2024-10-30 00:00:00,CEBA
3752,1228,2024-10-30 00:00:00,CEBA
3753,1216,2024-10-30 00:00:00,CEBA
3754,0119,2024-10-30 00:00:00,CEBA
3755,1292,2024-10-30 00:00:00,CEBA
3756,22118,2024-10-30 00:00:00,Maute Med
3757,22115,2024-10-30 00:00:00,Maute Med
3758,2155,2024-10-30 00:00:00,Maute Med
3759,22158,2024-10-30 00:00:00,Maute Med
3760,22166,2024-10-30 00:00:00,Maute Med
3761,1067,2024-10-30 00:00:00,Maute Med
3762,2045,2024-10-30 00:00:00,Maute Med
3763,2067,2024-10-30 00:00:00,Maute Med
3764,2149,2024-10-30 00:00:00,Maute Med
3765,22176,2024-10-30 00:00:00,Maute Med
3766,22178,2024-10-30 00:00:00,Maute Med
3767,22181,2024-10-30 00:00:00,Maute Med
3768,22194,2024-10-30 00:00:00,Maute Med
3769,23004,2024-10-30 00:00:00,Maute Med
3770,2094,2024-10-30 00:00:00,Maute Med
3771,2170,2024-10-30 00:00:00,Maute Med
3772,2167,2024-10-30 00:00:00,Maute Med
3773,1112A,2024-09-24 00:00:00,LSV
3774,BU352,2024-10-30 00:00:00,MTE
3775,80921,2024-10-15 00:00:00,LSV
3776,3015,2024-10-30 00:00:00,LSP
3777,40072,2024-10-30 00:00:00,LSP
3778,8051,2024-10-30 00:00:00,LSP
3779,80841,2024-10-30 00:00:00,LSPA
3780,0240,2024-10-30 00:00:00,LSPA
3781,1109B,2024-10-30 00:00:00,LSPA
3782,0340A,2024-10-30 00:00:00,LSPA
3783,31,2024-10-30 00:00:00,LSP
3784,9118,2024-10-30 00:00:00,LSP
3785,BU341,2024-11-01 00:00:00,LPB
3786,24017,2024-11-02 00:00:00,MTE
3787,BU334,2024-10-31 00:00:00,RP
3788,BU375,2024-10-31 00:00:00,BUC ORDEÑO
3789,7052,2024-11-04 00:00:00,VEND
3790,0225,2024-11-04 00:00:00,VEND
3791,9128A,2024-11-04 00:00:00,VEND
3792,0102,2024-11-04 00:00:00,VEND
3793,0108,2024-11-04 00:00:00,VEND
3794,0215A,2024-11-04 00:00:00,VEND
3795,9118,2024-11-04 00:00:00,VEND
3796,2702,2024-11-04 00:00:00,VEND
3797,8039,2024-11-04 00:00:00,VEND
3798,0340A,2024-11-04 00:00:00,VEND
3799,1098,2024-11-04 00:00:00,VEND
3800,9238,2024-11-04 00:00:00,MTE
3801,24223,2024-11-05 00:00:00,MTE
3802,8073,2024-11-05 00:00:00,MTE
3803,24036,2024-11-06 00:00:00,Maute PQ
3804,23242,2024-11-06 00:00:00,Maute PQ
3805,23252,2024-11-06 00:00:00,MTAPQ
3806,24062,2024-11-06 00:00:00,Maute PQ
3807,23233,2024-11-06 00:00:00,Maute PQ
3808,24001,2024-11-06 00:00:00,MTAPQ
3809,24046,2024-11-06 00:00:00,MTAPQ
3810,24020,2024-11-06 00:00:00,Maute PQ
3811,23239,2024-11-06 00:00:00,Maute PQ
3812,2130,2024-11-06 00:00:00,LSP
3813,2209A,2024-11-06 00:00:00,LSP
3814,6067,2024-11-06 00:00:00,LSP
3815,7061,2024-11-06 00:00:00,LSP
3816,9073,2024-11-06 00:00:00,LSV
3817,7050,2024-11-06 00:00:00,PEND
3818,BU349,2024-11-09 00:00:00,RP
3819,4075,2024-11-03 00:00:00,RP
3820,80472,2024-11-11 00:00:00,RP
3821,BU376,2024-11-09 00:00:00,BUC ORDEÑO
3822,24245,2024-11-03 00:00:00,BEC ORDÑ
3823,24246,2024-11-11 00:00:00,BEC ORDÑ
3824,8093,2024-11-11 00:00:00,RP
3825,24247,2024-11-12 00:00:00,BEC ORDÑ
3826,BU334,2024-11-15 00:00:00,LPB
3827,2,2024-11-13 00:00:00,BEN1
3828,5041,2024-11-13 00:00:00,BEN1
3829,8013,2024-11-13 00:00:00,BEN1
3830,2781,2024-11-13 00:00:00,BEN1
3831,1030,2024-11-13 00:00:00,BEN1
3832,0195,2024-11-13 00:00:00,BEN1
3833,9192,2024-11-15 00:00:00,LBB
3834,0330A,2024-11-15 00:00:00,RP
3835,0205,2024-11-15 00:00:00,RP
3836,0342,2024-11-15 00:00:00,RP
3837,24248,2024-11-12 00:00:00,BEC ORDÑ
3838,24249,2024-11-15 00:00:00,BEC ORDÑ
3839,24250,2024-11-15 00:00:00,BEC ORDÑ
3840,24251,2024-11-15 00:00:00,BEC ORDÑ
3841,0270,2024-11-17 00:00:00,RP
3842,91171,2024-11-12 00:00:00,RP
3843,24248,2024-11-12 00:00:00,BEC ORDÑ
3844,24252,2024-11-17 00:00:00,BEC ORDÑ
3845,BU336,2024-08-15 00:00:00,PEND
3846,9018B,2024-11-19 00:00:00,BEN2
3847,2093A,2024-11-18 00:00:00,RP
3848,0298,2024-11-18 00:00:00,RP
3849,1079,2024-11-18 00:00:00,RP
3850,24253,2024-11-18 00:00:00,BEC ORDÑ
3851,24254,2024-11-18 00:00:00,BEC ORDÑ
3852,24255,2024-11-18 00:00:00,BEC ORDÑ
3853,24256,2024-11-18 00:00:00,BEC ORDÑ
3854,24190,2024-08-08 00:00:00,PM LSV
3855,24152,2024-11-04 00:00:00,SUTE
3856,3178,2024-11-20 00:00:00,PM LSP
3857,6031,2024-11-20 00:00:00,PM LSP
3858,7080,2024-11-20 00:00:00,LSP
3859,5098,2024-11-20 00:00:00,PM LSP
3860,EMB 2,2024-11-20 00:00:00,LSP
3861,0291,2024-11-20 00:00:00,LSP
3862,0326,2024-11-20 00:00:00,LSP
3863,0233,2024-11-20 00:00:00,LSP
3864,4033,2024-11-20 00:00:00,LSP
3865,12164,2024-11-20 00:00:00,LSP
3866,91091,2024-11-20 00:00:00,LSP
3867,4099,2024-11-20 00:00:00,LSP
3868,33,2024-11-20 00:00:00,LSP
3869,1090A,2024-11-20 00:00:00,LSP
3870,6020,2024-11-20 00:00:00,LSP
3871,4141,2024-11-20 00:00:00,LSP
3872,8014,2024-11-20 00:00:00,LSP
3873,2037,2024-11-20 00:00:00,LSV
3874,0349,2024-11-20 00:00:00,LSV
3875,0206A,2024-11-20 00:00:00,LSV
3876,0258,2024-11-20 00:00:00,LSV
3877,19,2024-11-20 00:00:00,LSV
3878,9016,2024-11-20 00:00:00,LSV
3879,8006,2024-11-20 00:00:00,LSV
3880,0114,2024-11-20 00:00:00,LSV
3881,4100,2024-11-20 00:00:00,LSV
3882,0246,2024-11-20 00:00:00,LSV
3883,0327,2024-11-20 00:00:00,LSV
3884,1077A,2024-11-20 00:00:00,LSV
3885,0206B,2024-11-20 00:00:00,LSV
3886,0321,2024-11-20 00:00:00,LSV
3887,9122,2024-11-20 00:00:00,LSV
3888,0269,2024-11-20 00:00:00,LSV
3889,02331,2024-11-20 00:00:00,LSV
3890,4065,2024-11-20 00:00:00,LSV
3891,0352,2024-11-20 00:00:00,LSV
3892,8041,2024-11-20 00:00:00,LSV
3893,05,2024-11-20 00:00:00,LSV
3894,9121,2024-11-20 00:00:00,LSV
3895,1056A,2024-11-20 00:00:00,PM LSP
3896,3027A,2024-11-20 00:00:00,PM LSP
3897,5092,2024-11-20 00:00:00,PM LSV
3898,2109,2024-11-20 00:00:00,LSV
3899,2030,2024-11-20 00:00:00,LSV
3900,8010,2024-11-05 00:00:00,LSV
3901,8016,2024-11-22 00:00:00,MTAPQ
3902,8040,2024-11-22 00:00:00,MTAPQ
3903,8078,2024-07-24 00:00:00,LSV
3904,2064,2024-11-22 00:00:00,MTAPQ
3905,1073,2024-11-22 00:00:00,MTAPQ
3906,23158,2024-11-22 00:00:00,MTAPQ
3907,22149,2024-11-22 00:00:00,MTAMD
3908,22126,2024-11-22 00:00:00,MTAMD
3909,22135,2024-11-22 00:00:00,MTAMD
3910,2200,2024-11-22 00:00:00,MTAMD
3911,22049,2024-11-22 00:00:00,MTAMD
3912,2154,2024-11-22 00:00:00,Maute Med
3913,2022,2024-11-22 00:00:00,Maute Med
3914,2159,2024-11-22 00:00:00,Maute Med
3915,1133,2024-11-22 00:00:00,Maute Med
3916,1068A,2024-11-22 00:00:00,Maute Med
3917,2044,2024-11-22 00:00:00,Maute Med
3918,22185,2024-11-22 00:00:00,Maute Med
3919,22188,2024-11-22 00:00:00,Maute Med
3920,22100,2024-11-22 00:00:00,Maute Med
3921,22116,2024-11-22 00:00:00,MTAPQ
3922,22119,2024-11-22 00:00:00,MTAPQ
3923,22121,2024-11-22 00:00:00,MTAPQ
3924,22180,2024-11-22 00:00:00,MTAPQ
3925,22186,2024-11-22 00:00:00,MTAPQ
3926,22191,2024-11-22 00:00:00,MTAPQ
3927,22195,2024-11-22 00:00:00,MTAPQ
3928,22197,2024-11-22 00:00:00,MTAPQ
3929,22198,2024-11-22 00:00:00,MTAPQ
3930,23003,2024-11-22 00:00:00,MTAPQ
3931,23002,2024-11-22 00:00:00,MTAPQ
3932,23001,2024-11-22 00:00:00,MTAPQ
3933,23005,2024-11-22 00:00:00,MTAPQ
3934,23016,2024-11-22 00:00:00,MTAPQ
3935,23017,2024-11-22 00:00:00,MTAPQ
3936,23021,2024-11-22 00:00:00,MTAPQ
3937,23030,2024-11-22 00:00:00,MTAPQ
3938,23031,2024-11-22 00:00:00,MTAPQ
3939,23034,2024-11-22 00:00:00,MTAPQ
3940,23036,2024-11-22 00:00:00,MTAPQ
3941,23037,2024-11-22 00:00:00,MTAPQ
3942,23055,2024-11-22 00:00:00,MTAPQ
3943,23057,2024-11-22 00:00:00,MTAPQ
3944,23060,2024-11-22 00:00:00,MTAPQ
3945,23061,2024-11-22 00:00:00,MTAPQ
3946,23062,2024-11-22 00:00:00,MTAPQ
3947,23065,2024-11-22 00:00:00,MTAPQ
3948,23066,2024-11-22 00:00:00,MTAPQ
3949,23077,2024-11-22 00:00:00,MTAPQ
3950,23079,2024-11-22 00:00:00,MTAPQ
3951,23081,2024-11-22 00:00:00,MTAPQ
3952,23082,2024-11-22 00:00:00,MTAPQ
3953,23092,2024-11-22 00:00:00,MTAPQ
3954,23101,2024-11-22 00:00:00,MTAPQ
3955,23105,2024-11-22 00:00:00,MTAPQ
3956,23107,2024-11-22 00:00:00,MTAPQ
3957,23110,2024-11-22 00:00:00,MTAPQ
3958,22221,2024-11-22 00:00:00,MTAPQ
3959,22171,2024-11-22 00:00:00,MTAPQ
3960,23134,2024-11-22 00:00:00,MTAPQ
3961,23138,2024-11-22 00:00:00,MTAPQ
3962,23139,2024-11-22 00:00:00,MTAPQ
3963,23141,2024-11-22 00:00:00,MTAPQ
3964,23151,2024-11-22 00:00:00,MTAPQ
3965,23153,2024-11-22 00:00:00,MTAPQ
3966,23159,2024-11-22 00:00:00,MTAPQ
3967,22139,2024-11-22 00:00:00,MTAPQ
3968,22216,2024-11-22 00:00:00,MTAPQ
3969,23178,2024-11-22 00:00:00,MTAPQ
3970,23186,2024-11-22 00:00:00,MTAPQ
3971,23207,2024-11-22 00:00:00,MTAPQ
3972,23208,2024-11-22 00:00:00,MTAPQ
4008,24006,2024-11-20 00:00:00,MTAPQ
4009,24044,2024-11-20 00:00:00,Maute PQ
4010,24047,2024-11-20 00:00:00,MTAPQ
4011,24049,2024-11-20 00:00:00,Maute PQ
4012,24063,2024-11-20 00:00:00,MTAPQ
4013,24065,2024-11-20 00:00:00,Maute PQ
4014,24066,2024-11-20 00:00:00,Maute PQ
4015,24067,2024-11-20 00:00:00,Maute PQ
4016,24071,2024-11-20 00:00:00,Maute PQ
4017,24075,2024-11-20 00:00:00,MTAPQ
4018,24076,2024-11-20 00:00:00,Maute PQ
4019,24077,2024-11-20 00:00:00,Maute PQ
4020,24079,2024-11-20 00:00:00,Maute PQ
4021,24082,2024-11-20 00:00:00,Maute PQ
4022,24085,2024-11-20 00:00:00,MTAPQ
4023,24087,2024-11-20 00:00:00,MTAPQ
4024,24089,2024-11-20 00:00:00,Maute PQ
4025,24090,2024-11-20 00:00:00,Maute PQ
4026,24091,2024-11-20 00:00:00,Maute PQ
4027,24092,2024-11-20 00:00:00,MTAPQ
4028,24095,2024-11-20 00:00:00,MTAPQ
4029,24096,2024-11-20 00:00:00,Maute PQ
4030,24097,2024-11-20 00:00:00,MTAPQ
4031,24098,2024-11-20 00:00:00,Maute PQ
4032,24099,2024-11-20 00:00:00,MTAPQ
4033,24101,2024-11-20 00:00:00,MTAPQ
4034,24105,2024-11-20 00:00:00,Maute PQ
4035,24110,2024-11-20 00:00:00,MTAPQ
4036,24111,2024-11-20 00:00:00,Maute PQ
4037,24116,2024-11-20 00:00:00,MTAPQ
4038,24119,2024-11-20 00:00:00,MTAPQ
4039,24120,2024-11-20 00:00:00,MTAPQ
4040,24123,2024-11-20 00:00:00,Maute PQ
4041,24125,2024-11-20 00:00:00,Maute PQ
4042,24136,2024-11-20 00:00:00,Maute PQ
4043,8072,2024-11-22 00:00:00,LSV
4044,24257,2024-11-23 00:00:00,MORTINATO
4045,0116,2024-11-25 00:00:00,BEN1
4046,1141,2024-11-25 00:00:00,BEN1
4047,1131,2024-11-25 00:00:00,BEN1
4048,1174,2024-11-25 00:00:00,BEN1
4049,9036,2024-11-22 00:00:00,MTE
4050,2226,2024-11-23 00:00:00,RP
4051,1088A,2024-11-23 00:00:00,RP
4052,9007,2024-11-23 00:00:00,RP
4053,35,2024-11-23 00:00:00,RP
4054,1017A,2024-11-23 00:00:00,RP
4055,0101,2024-11-24 00:00:00,RP
4056,24258,2024-11-23 00:00:00,BEC ORDÑ
4057,24259,2024-11-23 00:00:00,BEC ORDÑ
4058,24260,2024-11-23 00:00:00,BEC ORDÑ
4059,24261,2024-11-23 00:00:00,BEC ORDÑ
4060,24262,2024-11-23 00:00:00,BEC ORDÑ
4061,24263,2024-11-24 00:00:00,BEC ORDÑ
4062,23215,2024-09-05 00:00:00,MTAPQ
4063,BU339,2024-11-25 00:00:00,RP
4064,BU057,2024-11-25 00:00:00,RP
4065,BU377,2024-11-25 00:00:00,BUC ORDEÑO
4066,BU378,2024-11-25 00:00:00,BUC ORDEÑO
4067,5060,2024-11-18 00:00:00,LBB
4068,0205,2024-11-18 00:00:00,LBB
4069,0114,2024-11-25 00:00:00,MTE
4070,5076,2024-11-20 00:00:00,PM LSP
4071,4007,2024-11-20 00:00:00,PM LSV
4072,9047,2024-11-20 00:00:00,PM LSV
4073,0143,2024-11-20 00:00:00,PM LSV
4074,24142,2024-11-20 00:00:00,PM LSV
4075,24194,2024-11-20 00:00:00,PM LSV
4076,24238,2024-11-20 00:00:00,PM LSV
4077,24242,2024-11-20 00:00:00,PM LSV
4078,0354,2024-11-26 00:00:00,RP
4079,2039,2024-11-26 00:00:00,RP
4080,24264,2024-11-26 00:00:00,BEC ORDÑ
4081,24265,2024-11-26 00:00:00,BEC ORDÑ
4082,BU83,2024-09-27 00:00:00,CEBA
4085,BU349,2024-11-27 00:00:00,LPB
4086,BU057,2024-11-27 00:00:00,LPB
4087,3021A,2024-11-14 00:00:00,LSP
4088,SNA,2024-11-14 00:00:00,LSP
4089,2219,2024-11-20 00:00:00,LSP
4090,0018,2024-11-14 00:00:00,LSP
4091,4A,2024-11-20 00:00:00,LSP
4092,0343,2024-11-20 00:00:00,LSP
4093,8085,2024-11-20 00:00:00,LSP
4094,9113,2024-11-14 00:00:00,LSP
4095,0272,2024-11-14 00:00:00,LSP
4096,0297,2024-11-20 00:00:00,LSPA
4097,2018,2024-11-20 00:00:00,LSPA
4098,1063,2024-11-20 00:00:00,LSPA
4099,1075,2024-11-14 00:00:00,LSPA
4100,2203,2024-11-14 00:00:00,LSPA
4101,EMB 3,2024-11-14 00:00:00,LSV
4102,2052,2024-11-14 00:00:00,LSV
4104,24024,2024-11-22 00:00:00,Maute PQ
4105,1117,2023-09-12 00:00:00,LSV
4106,9100,2024-11-26 00:00:00,RP
4107,8004,2024-11-26 00:00:00,RP
4108,8066,2024-11-26 00:00:00,RP
4109,24268,2024-11-26 00:00:00,BEC ORDÑ
4110,24266,2024-11-26 00:00:00,MTE
4111,24267,2024-11-26 00:00:00,MORTINATO
4112,0299C,2024-11-26 00:00:00,RP
4113,24269,2024-11-26 00:00:00,BEC ORDÑ
4114,J401,2024-11-27 00:00:00,JUAN
4115,J402,2024-11-27 00:00:00,JUAN
4116,J403,2024-11-27 00:00:00,JUAN
4117,J404,2024-11-27 00:00:00,JUAN
4118,J405,2024-11-27 00:00:00,JUAN
4119,J406,2024-11-27 00:00:00,JUAN
4120,J407,2024-11-27 00:00:00,JUAN
4121,J408,2024-11-27 00:00:00,JUAN
4122,J409,2024-11-27 00:00:00,JUAN
4123,J4010,2024-11-27 00:00:00,JUAN
4124,J4011,2024-11-27 00:00:00,JUAN
4125,J412,2024-11-27 00:00:00,JUAN
4126,J413,2024-11-27 00:00:00,JUAN
4127,J414,2024-11-27 00:00:00,JUAN
4128,J415,2024-11-27 00:00:00,JUAN
4129,J416,2024-11-27 00:00:00,JUAN
4130,J417,2024-11-27 00:00:00,JUAN
4131,J418,2024-11-27 00:00:00,JUAN
4132,J419,2024-11-27 00:00:00,JUAN
4133,7032,2024-12-01 00:00:00,RP
4134,0344,2024-12-01 00:00:00,RP
4135,7067,2024-12-01 00:00:00,RP
4136,2143,2024-12-01 00:00:00,RP
4137,1023,2024-12-01 00:00:00,RP
4138,8096,2024-12-01 00:00:00,RP
4139,8067,2024-12-01 00:00:00,RP
4140,24270,2024-12-01 00:00:00,BEC ORDÑ
4141,24271,2024-12-01 00:00:00,BEC ORDÑ
4142,24272,2024-12-01 00:00:00,BEC ORDÑ
4143,24273,2024-12-01 00:00:00,BEC ORDÑ
4144,24274,2024-12-01 00:00:00,BEC ORDÑ
4145,24275,2024-12-01 00:00:00,BEC ORDÑ
4146,24276,2024-12-01 00:00:00,BEC ORDÑ
4147,7092,2024-12-03 00:00:00,LSV
4148,24277,2024-12-03 00:00:00,BEC ORDÑ
4149,24253,2024-11-22 00:00:00,MTE
4151,0104,2024-12-02 00:00:00,BEN1
4152,0212,2024-12-02 00:00:00,BEN1
4153,0335,2024-12-02 00:00:00,BEN1
4154,1046,2024-12-02 00:00:00,BEN1
4155,1098A,2024-12-02 00:00:00,BEN1
4156,8004,2024-12-02 00:00:00,BEN1
4157,BU019,2024-12-01 00:00:00,RP
4158,2066,2024-12-04 00:00:00,RP
4159,8082,2024-12-04 00:00:00,RP
4160,0274,2024-12-04 00:00:00,RP
4161,4025,2024-12-04 00:00:00,RP
4162,BU379,2024-12-01 00:00:00,BUC ORDEÑO
4163,24278,2024-12-04 00:00:00,BEC ORDÑ
4164,24279,2024-12-04 00:00:00,BEC ORDÑ
4165,24280,2024-12-04 00:00:00,BEC ORDÑ
4166,24281,2024-12-04 00:00:00,BEC ORDÑ
4167,J420,2024-12-04 00:00:00,LSPA
4168,J01415,2024-12-04 00:00:00,LSP
4169,J422,2024-12-04 00:00:00,LSV
4170,J841,2024-12-04 00:00:00,LSPA
4171,J424,2024-12-04 00:00:00,LSPA
4172,J425,2024-12-04 00:00:00,LSPA
4173,J426,2024-12-04 00:00:00,LSPA
4174,J8705,2024-12-04 00:00:00,LSPA
4175,7092,2024-12-06 00:00:00,RP
4176,8089,2024-12-06 00:00:00,RP
4177,24282,2024-12-06 00:00:00,BEC ORDÑ
4178,6043,2024-12-06 00:00:00,LSP
4179,5060,2024-12-06 00:00:00,LSP
4180,7077,2024-12-06 00:00:00,LSP
4181,5030,2024-12-06 00:00:00,LSV
4182,7022,2024-12-06 00:00:00,LSV
4183,8062,2024-12-06 00:00:00,LSV
4184,9125,2024-12-06 00:00:00,LSV
4185,0111,2024-12-06 00:00:00,LSV
4186,0201,2024-12-06 00:00:00,LSP
4187,1066A,2024-12-06 00:00:00,LSV
4188,23237,2024-12-06 00:00:00,MTAPQ
4189,23240,2024-12-06 00:00:00,Maute PQ
4190,23244,2024-12-06 00:00:00,Maute PQ
4191,23250,2024-12-06 00:00:00,MTAPQ
4192,24014,2024-12-06 00:00:00,MTAPQ
4193,24023,2024-12-06 00:00:00,Maute PQ
4194,24033,2024-12-06 00:00:00,Maute PQ
4195,24043,2024-12-06 00:00:00,MTAPQ
4196,24048,2024-12-06 00:00:00,MTAPQ
4197,24080,2024-12-06 00:00:00,Maute PQ
4198,89,2024-10-18 00:00:00,LSV
4199,24281,2024-12-09 00:00:00,MTE
4200,8072,2024-12-09 00:00:00,LPB
4201,8066,2024-11-27 00:00:00,LSV
4202,4025,2024-12-09 00:00:00,LSV
4203,2090A,2024-11-18 00:00:00,LSP
4204,2093A,2024-12-09 00:00:00,VEND
4205,2079,2024-12-09 00:00:00,VEND
4206,2150,2024-12-09 00:00:00,VEND
4207,4043,2024-12-09 00:00:00,VEND
4208,4143,2024-12-09 00:00:00,VEND
4209,6017,2024-12-09 00:00:00,VEND
4210,8003,2024-12-09 00:00:00,VEND
4211,8007,2024-12-09 00:00:00,VEND
4212,8015,2024-12-09 00:00:00,VEND
4213,8032,2024-12-09 00:00:00,VEND
4214,80921,2024-12-09 00:00:00,VEND
4215,89,2024-12-09 00:00:00,VEND
4216,9064,2024-12-09 00:00:00,VEND
4217,S/NB,2024-12-09 00:00:00,VEND
4218,S/NC,2024-12-09 00:00:00,VEND
4219,BU305,2024-12-09 00:00:00,VEND
4220,BU307,2024-12-09 00:00:00,VEND
4221,BU3,2024-12-09 00:00:00,VEND
4222,BU010,2024-12-09 00:00:00,VEND
4223,BU007,2024-12-09 00:00:00,VEND
4224,BU011,2024-12-09 00:00:00,VEND
4225,BU014,2024-12-09 00:00:00,VEND
4226,BU001,2024-12-09 00:00:00,VEND
4227,BU008,2024-12-09 00:00:00,VEND
4228,31102,2024-12-09 00:00:00,RP
4229,7066,2024-12-09 00:00:00,RP
4230,24283,2024-12-09 00:00:00,BEC ORDÑ
4231,24284,2024-12-09 00:00:00,BEC ORDÑ
4232,5007,2024-11-10 00:00:00,LSP
4233,0322,2024-11-08 00:00:00,LSP
4234,24055,2024-11-08 00:00:00,MTAPQ
4235,24054,2024-11-25 00:00:00,MTAPQ
4236,EMB 5,2024-12-09 00:00:00,LBB
4237,8093,2024-12-09 00:00:00,LBB
4238,0231A,2024-12-09 00:00:00,LBB
4239,0278,2024-12-09 00:00:00,LBB
4240,7032,2024-12-09 00:00:00,LBB
4241,0274,2024-12-09 00:00:00,LBB
4242,0344,2024-12-09 00:00:00,LBB
4243,0354,2024-12-09 00:00:00,LBB
4244,2066,2024-12-09 00:00:00,LBB
4245,7092,2024-12-09 00:00:00,LBB
4246,8067,2024-12-09 00:00:00,LBB
4247,8082,2024-12-09 00:00:00,LBB
4248,8089,2024-12-09 00:00:00,LBB
4249,4053,2024-11-28 00:00:00,PM LSP
4250,1084A,2024-11-28 00:00:00,LSPA
4251,2061,2024-11-28 00:00:00,LSPA
4252,1053A,2024-11-28 00:00:00,LSPA
4253,1100B,2024-11-28 00:00:00,LSPA
4254,8063,2024-12-07 00:00:00,LSP
4255,1066,2024-07-04 00:00:00,LSP
4256,2083,2024-12-09 00:00:00,LPB
4257,4101,2024-12-09 00:00:00,LPB
4258,6021,2024-12-09 00:00:00,LPB
4259,3043,2024-12-09 00:00:00,LPB
4260,8030,2024-12-09 00:00:00,LPB
4261,8033,2024-12-09 00:00:00,LPB
4262,8079,2024-12-09 00:00:00,LPB
4263,9015,2024-12-09 00:00:00,LPB
4264,9037,2024-12-09 00:00:00,LPB
4265,0333,2024-12-09 00:00:00,LPB
4266,9100,2024-12-09 00:00:00,LPB
4267,8096,2024-12-09 00:00:00,LPB
4268,0101,2024-12-09 00:00:00,LPB
4269,0330A,2024-12-09 00:00:00,LPB
4270,0342,2024-12-09 00:00:00,LPB
4271,1017A,2024-12-09 00:00:00,LPB
4272,0298,2024-12-09 00:00:00,LPB
4273,2039,2024-12-09 00:00:00,LPB
4274,1023,2024-12-09 00:00:00,LPB
4275,9007,2024-12-09 00:00:00,LPE
4276,91171,2024-12-09 00:00:00,LPE
4277,0270,2024-12-09 00:00:00,LPE
4278,0299C,2024-12-09 00:00:00,LPE
4279,80472,2024-12-09 00:00:00,LPE
4280,1079,2024-12-09 00:00:00,LPE
4281,1088A,2024-12-09 00:00:00,LPE
4282,35,2024-12-09 00:00:00,LPE
4283,2072,2024-11-18 00:00:00,PM LSV
4284,24229,2024-11-18 00:00:00,PM LSV
4285,BU019,2024-12-07 00:00:00,LPB
4286,BU339,2024-12-07 00:00:00,LPB
4287,24285,2024-12-13 00:00:00,BEC ORDÑ
4288,24286,2024-12-13 00:00:00,BEC ORDÑ
4289,24287,2024-12-13 00:00:00,BEC ORDÑ
4290,24288,2024-12-13 00:00:00,BEC ORDÑ
4291,0332,2024-12-13 00:00:00,RP
4292,8061,2024-12-13 00:00:00,RP
4293,91172,2024-12-13 00:00:00,RP
4294,4076,2024-12-13 00:00:00,RP
4295,1109A,2024-12-16 00:00:00,RP
4296,24289,2024-12-16 00:00:00,BEC ORDÑ
4297,24290,2024-12-16 00:00:00,BEC ORDÑ
4298,1066,2024-12-16 00:00:00,RP
4299,1078A,2024-12-18 00:00:00,RP
4300,5090,2024-12-18 00:00:00,RP
4301,24291,2024-12-18 00:00:00,BEC ORDÑ
4302,24292,2024-12-18 00:00:00,BEC ORDÑ
4303,2340,2024-12-18 00:00:00,LSV
4304,24293,2024-12-18 00:00:00,MORTINATO
4305,23163,2024-12-07 00:00:00,MTE
4306,BU80,2024-12-18 00:00:00,MTE
4307,BU43,2024-07-26 00:00:00,BEN1
4308,4023,2024-12-21 00:00:00,RP
4309,9020,2024-12-21 00:00:00,RP
4310,24294,2024-12-21 00:00:00,BEC ORDÑ
4311,24295,2024-12-21 00:00:00,BEC ORDÑ
4312,J428,2024-12-04 00:00:00,JUAN
4313,BU048,2024-12-19 00:00:00,LSPA
4314,BU076,2024-12-19 00:00:00,LSV
4315,BU082,2024-12-19 00:00:00,LSPA
4316,BU318,2024-12-19 00:00:00,LSV
4317,BU324,2024-12-19 00:00:00,LSPA
4318,BU312,2024-12-19 00:00:00,LSV
4319,BU006,2024-12-19 00:00:00,LBB
4320,BU019,2024-12-19 00:00:00,LBB
4321,BU335,2024-12-19 00:00:00,LSP
4322,BU349,2024-12-19 00:00:00,LBB
4323,BU68,2024-12-19 00:00:00,Sin Lote
4324,BU70,2024-12-19 00:00:00,Sin Lote
4325,BU69,2024-12-19 00:00:00,Sin Lote
4326,BU71,2024-12-19 00:00:00,Sin Lote
4327,BU72,2024-12-19 00:00:00,Sin Lote
4328,BU75,2024-12-19 00:00:00,Sin Lote
4329,BU76,2024-12-19 00:00:00,Sin Lote
4330,BU78,2024-12-19 00:00:00,Sin Lote
4331,BU81,2024-12-19 00:00:00,Sin Lote
4332,BU82,2024-12-19 00:00:00,Sin Lote
4333,BU84,2024-12-19 00:00:00,Sin Lote
4334,BU85,2024-12-19 00:00:00,Sin Lote
4335,BU87,2024-12-19 00:00:00,Sin Lote
4336,BU88,2024-12-19 00:00:00,Sin Lote
4337,BU89,2024-12-19 00:00:00,Sin Lote
4338,BU92,2024-12-19 00:00:00,Sin Lote
4339,BU93,2024-12-19 00:00:00,Sin Lote
4340,BU94,2024-12-19 00:00:00,Sin Lote
4341,BU66,2024-12-19 00:00:00,Sin Lote
4342,J8705,2024-12-25 00:00:00,RP
4343,20334,2024-12-28 00:00:00,RP
4344,9110A,2024-12-29 00:00:00,RP
4345,6037,2024-12-30 00:00:00,RP
4346,0229,2025-01-05 00:00:00,RP
4347,9045,2025-01-05 00:00:00,RP
4348,j24001,2024-12-25 00:00:00,BEC ORDÑ
4349,24296,2024-12-28 00:00:00,BEC ORDÑ
4350,24297,2024-12-29 00:00:00,BEC ORDÑ
4351,24301,2024-12-30 00:00:00,MORTINATO
4352,25001,2025-01-05 00:00:00,BEC ORDÑ
4353,25002,2025-01-05 00:00:00,BEC ORDÑ
4354,J24001,2024-12-27 00:00:00,MTE
4355,24258,2024-12-29 00:00:00,MTE
4356,24294,2025-01-03 00:00:00,MTE
4357,24295,2025-01-04 00:00:00,MTE
4358,24024,2025-01-05 00:00:00,MTE
4360,6037,2024-12-30 00:00:00,LSV
4361,24299,2024-12-28 00:00:00,BEC ORDÑ
4363,24300,2024-12-29 00:00:00,BEC ORDÑ
4364,4048,2024-12-23 00:00:00,RP
4365,7087,2024-12-23 00:00:00,RP
4366,91262,2024-12-24 00:00:00,RP
4367,4034,2024-12-30 00:00:00,PM LSV
4368,24296,2024-12-23 00:00:00,BEC ORDÑ
4369,24297,2024-12-23 00:00:00,BEC ORDÑ
4370,24298,2024-12-24 00:00:00,BEC ORDÑ
4371,24302,2024-12-30 00:00:00,BEC ORDÑ
4372,2224,2024-12-30 00:00:00,PM LSV
4373,2220,2024-12-25 00:00:00,RP
4374,BU331,2025-01-04 00:00:00,RP
4375,24303,2024-12-30 00:00:00,PM LSV
4376,24304,2024-12-25 00:00:00,BEC ORDÑ
4377,BU2501,2025-01-04 00:00:00,BUC ORDEÑO
4378,2025A,2024-12-23 00:00:00,VEND
4379,406,2024-12-23 00:00:00,VEND
4380,5027,2024-12-23 00:00:00,VEND
4381,5035,2024-12-23 00:00:00,VEND
4382,5043,2024-12-23 00:00:00,VEND
4383,7004,2024-12-23 00:00:00,VEND
4384,8020,2024-12-23 00:00:00,VEND
4385,8057,2024-12-23 00:00:00,VEND
4386,8066,2024-12-23 00:00:00,VEND
4387,4025,2024-12-23 00:00:00,VEND
4388,TORO2,2024-12-23 00:00:00,VEND
4389,TORO3,2024-12-23 00:00:00,VEND
4390,TORO4,2024-12-23 00:00:00,VEND
4391,2340,2024-12-23 00:00:00,VEND
4392,05,2024-12-26 00:00:00,VEND
4393,2013,2024-12-26 00:00:00,VEND
4394,2051,2024-12-26 00:00:00,VEND
4395,3038A,2024-12-26 00:00:00,VEND
4396,3093,2024-12-26 00:00:00,VEND
4397,32,2024-12-26 00:00:00,VEND
4398,5010,2024-12-26 00:00:00,VEND
4399,7021,2024-12-26 00:00:00,VEND
4400,7049,2024-12-26 00:00:00,VEND
4401,8338,2024-12-26 00:00:00,VEND
4402,9042,2024-12-26 00:00:00,VEND
4403,S/NH,2024-12-26 00:00:00,VEND
4404,5111,2024-12-26 00:00:00,VEND PEND POR DESPACHO
4405,8016,2024-12-26 00:00:00,VEND PEND POR DESPACHO
4406,8040,2024-12-26 00:00:00,VEND PEND POR DESPACHO
4407,9136,2024-12-26 00:00:00,VEND PEND POR DESPACHO
4408,2234,2025-01-10 00:00:00,PM LSV
4409,6011,2025-01-10 00:00:00,PM LSV
4410,4055,2025-01-10 00:00:00,PM LSV
4411,0128,2025-01-10 00:00:00,PM LSV
4412,4023,2025-01-10 00:00:00,LSV
4413,4076,2025-01-10 00:00:00,PM LSV
4414,7092,2025-01-10 00:00:00,PM LSV
4415,8067,2025-01-10 00:00:00,PM LSV
4416,6037,2025-01-10 00:00:00,LSV
4417,80272,2025-01-10 00:00:00,PM LSV
4418,8050,2025-01-10 00:00:00,PM LSP
4419,8077,2025-01-10 00:00:00,PM LSV
4420,8093,2025-01-10 00:00:00,PM LSV
4421,9071,2025-01-10 00:00:00,PM LSV
4422,9037,2025-01-10 00:00:00,PM LSV
4423,9053,2025-01-10 00:00:00,PM LSV
4424,9091,2025-01-10 00:00:00,PM LSV
4425,9192,2025-01-10 00:00:00,PM LSV
4426,0278,2025-01-10 00:00:00,PM LSV
4427,0354,2025-01-10 00:00:00,PM LSV
4428,EMB 5,2025-01-10 00:00:00,PM LSV
4429,24159,2025-01-10 00:00:00,PM LSV
4430,24129,2025-01-10 00:00:00,PM LSV
4431,24201,2025-01-10 00:00:00,PM LSV
4432,24212,2025-01-10 00:00:00,PM LSV
4433,24288,2025-01-10 00:00:00,PM LSV
4434,24279,2025-01-10 00:00:00,PM LSV
4435,24276,2025-01-10 00:00:00,PM LSV
4436,24150,2025-01-10 00:00:00,PM LSV
4437,24155,2025-01-10 00:00:00,PM LSV
4438,24247,2025-01-10 00:00:00,PM LSV
4439,24158,2025-01-10 00:00:00,PM LSV
4440,24086,2025-01-10 00:00:00,PM LSV
4441,24070,2025-01-10 00:00:00,PM LSV
4443,24204,2025-01-10 00:00:00,PM LSV
4444,24052,2025-01-10 00:00:00,PM LSV
4445,24264,2025-01-10 00:00:00,PM LSV
4446,24186,2025-01-10 00:00:00,PM LSV
4447,24149,2025-01-10 00:00:00,PM LSP
4448,25003,2025-01-07 00:00:00,BEC ORDÑ
4449,25004,2025-01-09 00:00:00,BEC ORDÑ
4450,25005,2025-01-09 00:00:00,BEC ORDÑ
4451,25006,2025-01-09 00:00:00,PM LSV
4452,1310,2025-01-07 00:00:00,RP
4453,2208A,2025-01-09 00:00:00,RP
4454,2171,2025-01-09 00:00:00,RP
4455,1117,2025-01-09 00:00:00,PM LSV
4456,1213,2025-01-14 00:00:00,BEN1
4457,1161A,2025-01-14 00:00:00,BEN1
4458,1049,2025-01-14 00:00:00,BEN1
4459,1253,2025-01-14 00:00:00,BEN1
4460,1095,2025-01-14 00:00:00,BEN1
4461,0196,2025-01-14 00:00:00,BEN1
4462,0226,2024-12-27 00:00:00,LSP
4463,0241,2024-12-27 00:00:00,LSV
4464,0249,2024-12-27 00:00:00,LSV
4465,0298A,2024-12-27 00:00:00,LSP
4466,0323,2024-12-27 00:00:00,LSV
4467,0329,2024-12-27 00:00:00,LSV
4468,0333,2024-12-27 00:00:00,LSV
4469,1004,2024-12-27 00:00:00,LSP
4470,2047,2024-12-27 00:00:00,LSV
4471,3043,2024-12-27 00:00:00,LSP
4472,34,2024-12-27 00:00:00,LSV
4473,5052,2024-12-27 00:00:00,LSP
4474,8030,2024-12-27 00:00:00,LSP
4475,9006,2024-12-27 00:00:00,LSV
4476,9076,2024-12-27 00:00:00,LSV
4477,7038,2025-01-14 00:00:00,RP
4478,9,2025-01-15 00:00:00,RP
4479,8036,2025-01-16 00:00:00,RP
4480,25007,2025-01-14 00:00:00,BEC ORDÑ
4481,25008,2025-01-15 00:00:00,BEC ORDÑ
4482,25009,2025-01-16 00:00:00,BEC ORDÑ
4483,J8705,2024-12-27 00:00:00,LSV
4485,2234,2025-01-16 00:00:00,PM LSP
4486,BU346,2025-01-16 00:00:00,LSP
4487,BU351,2025-01-16 00:00:00,LSP
4488,BU316,2025-01-16 00:00:00,PM LSP
4489,9110A,2025-01-02 00:00:00,LSV
4492,24050,2024-12-27 00:00:00,Maute PQ
4493,24053,2024-12-27 00:00:00,MTAPQ
4494,24007,2024-12-27 00:00:00,MTAPQ
4495,24061,2024-12-27 00:00:00,Maute PQ
4496,24051,2024-12-27 00:00:00,MTAPQ
4497,24034,2024-12-27 00:00:00,Maute PQ
4498,24073,2024-12-27 00:00:00,Maute PQ
4499,24069,2024-12-27 00:00:00,Maute PQ
4500,24032,2024-12-27 00:00:00,MTAPQ
4501,24045,2024-12-27 00:00:00,MTAPQ
4502,24115,2024-12-27 00:00:00,MTAPQ
4503,24042,2024-12-27 00:00:00,MTAPQ
4505,J01415,2025-01-18 00:00:00,RP
4506,J25001,2025-01-18 00:00:00,BEC ORDÑ
4507,25010,2025-01-18 00:00:00,BEC ORDÑ
4508,1128,2025-01-18 00:00:00,RP
4509,24304,2025-01-19 00:00:00,MTE
4510,9032,2025-01-20 00:00:00,BEN2
4511,25011,2025-01-20 00:00:00,BEC ORDÑ
4512,9128B,2025-01-20 00:00:00,RP
4513,23201,2024-08-29 00:00:00,MTAPQ
4514,23203,2024-08-19 00:00:00,Maute PQ
4515,23204,2024-08-19 00:00:00,Maute PQ
4516,23220,2024-10-15 00:00:00,Maute PQ
4517,23224,2024-10-15 00:00:00,Maute PQ
4518,23246,2024-10-16 00:00:00,MTAPQ
4519,24108,2024-12-18 00:00:00,MTE
4520,8078,2024-09-22 00:00:00,MTE
4521,24165,2025-01-24 00:00:00,PM LSV
4522,4151,2025-01-24 00:00:00,PM LSV
4523,5111,2025-01-19 00:00:00,VEND
4524,8016,2025-01-22 00:00:00,VEND
4525,8040,2025-01-22 00:00:00,VEND
4526,9136,2025-01-19 00:00:00,VEND
4527,BU052,2025-01-25 00:00:00,BEN2
4528,BU2501,2025-01-25 00:00:00,MTE
4529,2093,2024-12-25 00:00:00,LSV
4530,24305,2024-12-25 00:00:00,MORTINATO
4531,9023,2024-12-25 00:00:00,LSV
4532,BU331,2025-01-25 00:00:00,LSV
4534,2220,2025-01-19 00:00:00,LSV
4535,7090,2025-01-15 00:00:00,CEBA
4536,TSN01,2025-01-15 00:00:00,CEBA
4537,7061,2025-01-25 00:00:00,RP
4538,1084A,2025-01-26 00:00:00,PM LSV
4539,25012,2025-01-25 00:00:00,BEC ORDÑ
4540,25013,2025-01-26 00:00:00,PM LSV
4541,23143,2025-01-27 00:00:00,PEND
4542,24139,2025-01-27 00:00:00,PEND
4543,24074,2025-01-22 00:00:00,Maute PQ
4544,9015,2025-01-22 00:00:00,LSV
4545,24102,2025-01-22 00:00:00,Maute PQ
4546,24106,2025-01-22 00:00:00,MTAPQ
4547,24124,2025-01-22 00:00:00,MTAPQ
4548,3750,2025-01-22 00:00:00,LSV
4549,9103,2025-01-22 00:00:00,LSV
4550,3108,2025-01-22 00:00:00,LSV
4551,24129,2025-01-22 00:00:00,Maute PQ
4552,6011,2025-01-22 00:00:00,LSV
4553,24134,2025-01-22 00:00:00,Maute PQ
4554,3027A,2025-01-22 00:00:00,LSP
4555,24141,2025-01-22 00:00:00,Maute PQ
4556,1056A,2025-01-22 00:00:00,LSP
4557,24142,2025-01-22 00:00:00,MTAPQ
4558,5076,2025-01-22 00:00:00,LSP
4559,24145,2025-01-22 00:00:00,Maute PQ
4560,9035,2025-01-22 00:00:00,LSV
4561,24154,2025-01-22 00:00:00,Maute PQ
4562,9046,2025-01-22 00:00:00,LSV
4563,24157,2025-01-22 00:00:00,Maute PQ
4564,3178,2025-01-22 00:00:00,LSP
4565,24164,2025-01-22 00:00:00,Maute PQ
4566,6031,2025-01-22 00:00:00,LSP
4567,24052,2025-01-22 00:00:00,MTAPQ
4568,0278,2025-01-22 00:00:00,LSV
4569,24070,2025-01-22 00:00:00,MTAPQ
4570,9053,2025-01-22 00:00:00,LSV
4571,24086,2025-01-22 00:00:00,Maute PQ
4572,9037,2025-01-22 00:00:00,LSV
4573,24094,2025-01-22 00:00:00,MTAPQ
4574,9122,2025-01-22 00:00:00,LSV
4575,24072,2025-01-22 00:00:00,MTAPQ
4576,8094,2025-01-22 00:00:00,LSP
4577,24147,2025-01-22 00:00:00,Maute PQ
4578,2050,2025-01-22 00:00:00,LSP
4579,3044A,2025-01-27 00:00:00,RP
4580,25014,2025-01-27 00:00:00,BEC ORDÑ
4581,9045,2025-01-24 00:00:00,LSV
4582,25002,2025-01-24 00:00:00,SUTE
4583,3227,2025-01-27 00:00:00,MTE
4584,25015,2025-01-28 00:00:00,PM LSV
4585,21027,2025-01-28 00:00:00,PM LSV
4586,24132,2025-01-23 00:00:00,Maute PQ
4587,8060,2025-01-23 00:00:00,LSV
4588,24306,2024-09-15 00:00:00,BEC ORDÑ
4589,24307,2024-12-15 00:00:00,BEC ORDÑ
4590,24308,2024-09-15 00:00:00,BEC ORDÑ
4591,25016,2025-01-15 00:00:00,PM LSV
4592,25017,2025-01-30 00:00:00,BEC ORDÑ
4593,25018,2025-01-30 00:00:00,BEC ORDÑ
4594,9500,2024-09-15 00:00:00,LPB
4595,1501,2024-12-15 00:00:00,LPB
4596,0307,2024-09-15 00:00:00,LPB
4597,0310,2025-01-15 00:00:00,PM LSV
4598,3028A,2025-01-30 00:00:00,RP
4599,0132,2025-01-30 00:00:00,RP
4600,J25002,2025-01-30 00:00:00,BEC ORDÑ
4601,J426,2025-01-30 00:00:00,RP
4602,pend35,2024-07-15 00:00:00,LPB
4603,pend36,2024-12-05 00:00:00,LPB
4604,pend39,2024-12-11 00:00:00,LPB
4605,pend46,2024-07-15 00:00:00,BEC ORDÑ
4606,pend47,2024-12-05 00:00:00,BEC ORDÑ
4607,pend48,2024-12-11 00:00:00,BEC ORDÑ
4608,25002,2025-02-01 00:00:00,MTE
4610,8086,2025-01-22 00:00:00,PM LSV
4611,24222,2025-01-22 00:00:00,PM LSV
4612,24028,2025-01-22 00:00:00,Maute PQ
4613,0231A,2025-01-22 00:00:00,LSV
4614,2111,2024-09-26 00:00:00,LSV
4615,24015,2024-07-24 00:00:00,MTAPQ
4616,25019,2025-02-05 00:00:00,MORTINATO
4617,25020,2025-02-05 00:00:00,BEC ORDÑ
4618,25021,2025-02-05 00:00:00,BEC ORDÑ
4619,0294,2025-02-05 00:00:00,LSV
4620,91242,2025-02-05 00:00:00,RP
4621,2021,2025-02-05 00:00:00,RP
4622,4095,2025-02-07 00:00:00,RP
4623,3132,2025-02-07 00:00:00,RP
4624,4035,2025-02-11 00:00:00,RP
4625,5007,2025-02-11 00:00:00,RP
4626,0320,2025-02-11 00:00:00,RP
4627,2209A,2025-02-11 00:00:00,RP
4628,2096,2025-02-11 00:00:00,RP
4629,25022,2025-02-07 00:00:00,BEC ORDÑ
4630,25023,2025-02-07 00:00:00,BEC ORDÑ
4631,25024,2025-02-11 00:00:00,BEC ORDÑ
4632,25025,2025-02-11 00:00:00,BEC ORDÑ
4633,25026,2025-02-11 00:00:00,BEC ORDÑ
4634,25027,2025-02-11 00:00:00,BEC ORDÑ
4635,25028,2025-02-11 00:00:00,BEC ORDÑ
4636,4065,2025-02-10 00:00:00,MTE
4637,24125,2025-02-07 00:00:00,MTE
4638,25030,2025-02-12 00:00:00,BEC ORDÑ
4639,0322,2025-02-12 00:00:00,RP
4640,9109B,2025-02-11 00:00:00,MTE
4641,J841,2025-02-12 00:00:00,RP
4642,J25031,2025-02-12 00:00:00,BEC ORDÑ
4643,3084,2025-01-31 00:00:00,PM LSV
4644,1065,2025-01-31 00:00:00,PM LSV
4645,0263,2025-01-31 00:00:00,PM LSV
4646,25032,2025-01-31 00:00:00,PM LSV
4647,25033,2025-01-31 00:00:00,PM LSV
4649,1097,2025-02-17 00:00:00,BEN1
4650,1257,2025-02-17 00:00:00,BEN1
4651,1146,2025-02-17 00:00:00,BEN1
4652,1162,2025-02-17 00:00:00,BEN1
4653,25008,2025-02-16 00:00:00,MTE
4654,0317,2025-02-16 00:00:00,MTE
4655,9058,2025-02-17 00:00:00,RP
4656,1139A,2025-02-17 00:00:00,RP
4657,25034,2025-02-17 00:00:00,BEC ORDÑ
4658,25035,2025-02-17 00:00:00,BEC ORDÑ
4659,25029,2025-02-11 00:00:00,PM LSV
4660,24234,2025-02-18 00:00:00,PM LSV
4661,24235,2025-02-18 00:00:00,PM LSV
4662,4087,2025-02-18 00:00:00,PM LSV
4663,3024A,2025-02-18 00:00:00,PM LSV
4664,2073,2024-12-27 00:00:00,LSP
4665,1188,2025-02-20 00:00:00,RP
4666,25036,2025-02-20 00:00:00,BEC ORDÑ
4667,25037,2025-02-21 00:00:00,BEC ORDÑ
4668,4099,2025-02-21 00:00:00,RP
4669,1059,2025-02-23 00:00:00,PM LSV
4670,25038,2025-02-23 00:00:00,PM LSV
4671,9067,2025-02-26 00:00:00,BEN2
4672,0185,2025-02-26 00:00:00,MTE
4674,4075,2025-02-27 00:00:00,PM LSV
4675,1128,2025-02-27 00:00:00,PM LSV
4676,4099,2025-02-27 00:00:00,PM LSV
4677,9128B,2025-02-27 00:00:00,PM LSV
4678,0274,2025-02-27 00:00:00,PM LSV
4680,24245,2025-02-27 00:00:00,PM LSV
4681,25010,2025-02-27 00:00:00,PM LSV
4682,25037,2025-02-27 00:00:00,PM LSV
4683,25011,2025-02-27 00:00:00,PM LSV
4684,24280,2025-02-27 00:00:00,PM LSV
4685,2180A,2025-02-10 00:00:00,LSV
4686,24109,2025-02-07 00:00:00,Maute PQ
4687,2040,2025-02-26 00:00:00,LBB
4688,2149A,2025-02-26 00:00:00,LBB
4690,8089,2025-02-26 00:00:00,LBB
4691,8045,2025-02-26 00:00:00,LBB
4692,3044A,2025-02-26 00:00:00,LBB
4693,0101,2025-02-26 00:00:00,LBB
4694,30212,2025-02-07 00:00:00,LSV
4695,8079,2025-02-07 00:00:00,LSP
4696,0259,2025-02-07 00:00:00,LSV
4697,0284,2025-02-07 00:00:00,LSP
4698,24084,2025-02-07 00:00:00,MTAPQ
4699,24117,2025-02-07 00:00:00,Maute PQ
4700,24056,2025-02-07 00:00:00,Maute PQ
4701,1095A,2025-01-22 00:00:00,LSV
4702,4048,2025-02-26 00:00:00,LSV
4703,24058,2025-01-22 00:00:00,MTAPQ
4704,24296,2025-02-26 00:00:00,SUTE
4705,2220,2025-02-26 00:00:00,LPE
4706,4151,2025-02-26 00:00:00,LPB
4707,24165,2025-02-26 00:00:00,BEC ORDÑ
4708,24060,2025-03-05 00:00:00,Maute PQ
4709,24118,2025-03-05 00:00:00,Maute PQ
4710,24127,2025-03-05 00:00:00,Maute PQ
4711,24133,2025-03-05 00:00:00,Maute PQ
4712,24156,2025-03-05 00:00:00,Maute PQ
4713,24176,2025-03-05 00:00:00,Maute PQ
4714,3107,2025-03-05 00:00:00,LSV
4715,80121,2025-03-05 00:00:00,LSV
4716,1091A,2025-03-05 00:00:00,LSP
4717,3003A,2025-03-05 00:00:00,LSV
4718,5077,2025-03-05 00:00:00,LSV
4719,24131,2025-03-05 00:00:00,MTAPQ
4720,24173,2025-03-05 00:00:00,MTAPQ
4721,8033,2025-03-05 00:00:00,LSP
4722,24135,2025-03-05 00:00:00,Maute PQ
4723,24178,2025-03-05 00:00:00,Maute PQ
4724,2080,2025-03-05 00:00:00,LSV
4725,7017,2025-03-05 00:00:00,LSV
4726,5079,2025-03-05 00:00:00,LSV
4727,0303,2025-02-07 00:00:00,PM LSV
4728,0314,2025-02-28 00:00:00,PM LSV
4729,9503,2025-03-01 00:00:00,PM LSV
4730,1043A,2025-03-01 00:00:00,PM LSV
4731,1094,2025-03-01 00:00:00,PM LSV
4732,2090A,2025-03-05 00:00:00,RP
4733,7076,2025-03-05 00:00:00,RP
4734,6067,2025-03-05 00:00:00,RP
4735,25041,2025-02-07 00:00:00,PM LSV
4736,25042,2025-02-28 00:00:00,PM LSV
4737,25043,2025-03-01 00:00:00,PM LSV
4738,25044,2025-03-01 00:00:00,PM LSV
4739,25045,2025-03-01 00:00:00,PM LSV
4740,25046,2025-03-05 00:00:00,BEC ORDÑ
4741,25047,2025-03-05 00:00:00,BEC ORDÑ
4742,25048,2025-03-05 00:00:00,BEC ORDÑ
4743,25039,2025-02-25 00:00:00,BEC ORDÑ
4744,25040,2025-02-27 00:00:00,BEC ORDÑ
4745,0220,2025-02-25 00:00:00,RP
4746,5150,2025-02-27 00:00:00,RP
4747,3044A,2025-03-05 00:00:00,BEN2
4748,J424,2025-03-03 00:00:00,RP
4749,6035,2025-03-07 00:00:00,RP
4750,8014,2025-03-07 00:00:00,RP
4751,J25049,2025-03-03 00:00:00,BEC ORDÑ
4752,25050,2025-03-07 00:00:00,BEC ORDÑ
4753,25051,2025-03-07 00:00:00,BEC ORDÑ
4754,1096B,2025-03-10 00:00:00,BEN1
4755,1182,2025-03-10 00:00:00,BEN1
4756,1083,2025-03-10 00:00:00,BEN1
4757,2005A,2025-01-10 00:00:00,CEBA
4758,2005B,2025-01-10 00:00:00,CEBA
4759,2025,2025-01-10 00:00:00,CEBA
4760,1056,2025-01-10 00:00:00,CEBA
4761,0109,2025-03-10 00:00:00,VEND
4762,0094,2025-03-10 00:00:00,VEND
4763,0219,2025-03-10 00:00:00,VEND
4764,1212,2025-03-10 00:00:00,VEND
4765,MSN8,2025-03-10 00:00:00,VEND
4766,MSN2,2025-03-10 00:00:00,VEND
4767,0279,2025-03-10 00:00:00,VEND
4768,1037,2025-03-10 00:00:00,VEND
4769,1238,2025-03-10 00:00:00,VEND
4770,1092,2025-03-10 00:00:00,VEND
4771,1336,2025-03-10 00:00:00,VEND
4772,1052,2025-03-10 00:00:00,VEND
4773,1047,2025-03-10 00:00:00,VEND
4774,1139,2025-03-10 00:00:00,VEND
4775,1187,2025-03-10 00:00:00,VEND
4776,1096A,2025-03-10 00:00:00,CEBA
4777,MSN1,2025-03-11 00:00:00,VEND
4778,1007,2025-03-11 00:00:00,VEND
4779,9136A,2025-03-11 00:00:00,VEND
4780,0345,2025-03-11 00:00:00,VEND
4781,MSN4,2025-03-11 00:00:00,VEND
4782,7007,2025-03-11 00:00:00,RP
4783,25052,2025-03-11 00:00:00,BEC ORDÑ
4785,7038,2025-03-12 00:00:00,PM LSV
4786,0344,2025-03-12 00:00:00,PM LSV
4787,1023,2025-03-12 00:00:00,PM LSV
4788,25007,2025-03-12 00:00:00,PM LSV
4789,24271,2025-03-12 00:00:00,PM LSV
4790,24274,2025-03-12 00:00:00,PM LSV
4791,0336,2025-03-12 00:00:00,LSV
4792,0500,2025-03-12 00:00:00,LSV
4793,j424,2025-03-14 00:00:00,LPE
4795,0226,2025-03-14 00:00:00,RP
4796,25053,2025-03-14 00:00:00,BEC ORDÑ
4797,2062,2025-03-16 00:00:00,RP
4798,25054,2025-03-16 00:00:00,BEC ORDÑ
4799,24146,2025-03-13 00:00:00,Maute PQ
4800,8014,2025-03-14 00:00:00,LBB
4801,2149A,2025-03-14 00:00:00,LPE
4802,8089,2025-03-14 00:00:00,LPE
4803,8045,2025-03-14 00:00:00,LPE
4804,8082,2025-03-14 00:00:00,LPE
4805,2040,2025-03-14 00:00:00,LPE
4806,2066,2025-03-14 00:00:00,LPE
4807,2171,2025-03-14 00:00:00,LPE
4808,2226,2025-03-14 00:00:00,LPE
4809,31102,2025-03-14 00:00:00,LPE
4810,6035,2025-03-14 00:00:00,LPE
4811,0132,2025-03-14 00:00:00,LPE
4812,2143,2025-03-14 00:00:00,LPE
4813,2209A,2025-03-14 00:00:00,LPE
4814,8036,2025-03-14 00:00:00,LPE
4815,2096,2025-03-14 00:00:00,LPE
4816,3028A,2025-03-14 00:00:00,LPE
4817,5007,2025-03-14 00:00:00,LPE
4818,5090,2025-03-14 00:00:00,LPE
4819,5150,2025-03-14 00:00:00,LPE
4820,7067,2025-03-14 00:00:00,LPE
4821,7087,2025-03-14 00:00:00,LPE
4822,2090A,2025-03-14 00:00:00,LPE
4823,3132,2025-03-14 00:00:00,LPE
4824,6067,2025-03-14 00:00:00,LPE
4825,4035,2025-03-14 00:00:00,LPE
4826,7061,2025-03-14 00:00:00,LPE
4827,9058,2025-03-14 00:00:00,LPE
4828,91242,2025-03-14 00:00:00,LPE
4829,8061,2025-03-14 00:00:00,LPE
4830,91172,2025-03-14 00:00:00,LPE
4831,91262,2025-03-14 00:00:00,LPE
4832,0229,2025-03-14 00:00:00,LPE
4833,0322,2025-03-14 00:00:00,LPE
4834,0332,2025-03-14 00:00:00,LPE
4835,7066,2025-03-14 00:00:00,LPE
4836,7007,2025-03-14 00:00:00,LPE
4837,4095,2025-03-14 00:00:00,LPE
4838,1109A,2025-03-14 00:00:00,LPE
4839,0320,2025-03-14 00:00:00,LPE
4840,9,2025-03-14 00:00:00,LPE
4841,J841,2025-03-14 00:00:00,LPE
4842,J426,2025-03-14 00:00:00,LPE
4843,4151,2025-03-14 00:00:00,LPE
4844,6070,2025-03-14 00:00:00,LPE
4845,8096,2025-03-14 00:00:00,LPE
4846,9040,2025-03-14 00:00:00,LPE
4847,2039,2025-03-14 00:00:00,LPE
4848,24150,2025-03-20 00:00:00,MTAPQ
4849,24153,2025-03-20 00:00:00,Maute PQ
4850,24155,2025-03-20 00:00:00,Maute PQ
4851,24158,2025-03-20 00:00:00,Maute PQ
4852,24159,2025-03-20 00:00:00,MTAPQ
4853,24160,2025-03-20 00:00:00,Maute PQ
4854,24163,2025-03-20 00:00:00,Maute PQ
4855,24169,2025-03-20 00:00:00,MTAPQ
4856,24180,2025-03-20 00:00:00,MTAPQ
4857,24181,2025-03-20 00:00:00,MTAPQ
4858,24182,2025-03-20 00:00:00,MTAPQ
4859,24190,2025-03-20 00:00:00,MTAPQ
4860,80272,2025-03-20 00:00:00,LSV
4861,5082,2025-03-20 00:00:00,LSP
4862,8077,2025-03-20 00:00:00,LSV
4863,9071,2025-03-20 00:00:00,LSP
4864,2234,2025-03-20 00:00:00,LSP
4865,5098,2025-03-20 00:00:00,LSP
4866,2217,2025-03-20 00:00:00,LSP
4867,8026,2025-03-20 00:00:00,LSP
4868,0224,2025-03-20 00:00:00,LSV
4869,0211,2025-03-20 00:00:00,LSV
4870,7072,2025-03-20 00:00:00,LSP
4871,9219,2025-03-20 00:00:00,LSV
4872,24144,2025-03-20 00:00:00,MTAPQ
4873,24137,2025-03-20 00:00:00,Maute PQ
4874,24143,2025-03-20 00:00:00,Maute PQ
4875,7059,2025-03-20 00:00:00,LSV
4876,8054,2025-03-20 00:00:00,LSV
4877,7012,2025-03-20 00:00:00,LSV
4878,24152,2025-03-20 00:00:00,MTAPQ
4879,3003A,2025-03-20 00:00:00,LSP
4880,2133A,2025-03-20 00:00:00,LSP
4881,2047,2025-03-20 00:00:00,LSP
4882,4055,2025-03-20 00:00:00,PM LSP
4883,0128,2025-03-20 00:00:00,PM LSP
4884,2048,2025-03-20 00:00:00,LSP
4885,10391,2025-03-20 00:00:00,LSP
4886,1077A,2025-03-20 00:00:00,LSP
4887,1112A,2025-03-20 00:00:00,LSP
4888,4066,2025-03-20 00:00:00,PM LSP
4889,50501,2025-03-20 00:00:00,PM LSP
4890,5077,2025-03-20 00:00:00,LSP
4891,9046,2025-03-20 00:00:00,LSP
4892,1095A,2025-03-20 00:00:00,LSP
4893,30212,2025-03-20 00:00:00,LSP
4894,5030,2025-03-20 00:00:00,LSP
4895,7022,2025-03-20 00:00:00,LSP
4896,8010,2025-03-20 00:00:00,LSP
4897,8041,2025-03-20 00:00:00,LSP
4898,8060,2025-03-20 00:00:00,LSP
4899,8062,2025-03-20 00:00:00,LSP
4900,8076,2025-03-20 00:00:00,LSP
4901,19,2025-03-20 00:00:00,LSP
4902,9006,2025-03-20 00:00:00,LSP
4903,9011,2025-03-20 00:00:00,LSP
4904,9015,2025-03-20 00:00:00,LSP
4905,9016,2025-03-20 00:00:00,LSP
4906,9037,2025-03-20 00:00:00,LSP
4907,9053,2025-03-20 00:00:00,LSP
4908,9073,2025-03-20 00:00:00,LSP
4909,9076,2025-03-20 00:00:00,LSP
4910,9091,2025-03-20 00:00:00,LSP
4911,9116B,2025-03-20 00:00:00,LSP
4912,9122,2025-03-20 00:00:00,LSP
4913,0231A,2025-03-20 00:00:00,LSP
4914,02331,2025-03-20 00:00:00,LSP
4915,0241,2025-03-20 00:00:00,LSP
4916,0246,2025-03-20 00:00:00,LSP
4917,0252,2025-03-20 00:00:00,LSP
4918,0258,2025-03-20 00:00:00,LSP
4919,0278,2025-03-20 00:00:00,LSP
4920,0323,2025-03-20 00:00:00,LSP
4921,0327,2025-03-20 00:00:00,LSP
4922,0329,2025-03-20 00:00:00,LSP
4923,0333,2025-03-20 00:00:00,LSP
4924,0349,2025-03-20 00:00:00,LSP
4925,2063B,2025-03-20 00:00:00,LSP
4926,0271,2025-03-20 00:00:00,LSP
4927,2007,2025-03-20 00:00:00,LSP
4928,2037,2025-03-20 00:00:00,LSP
4929,5079,2025-03-20 00:00:00,LSP
4930,2097,2025-03-20 00:00:00,LSP
4931,2111,2025-03-20 00:00:00,LSP
4932,2103,2025-03-20 00:00:00,LSP
4933,2108,2025-03-20 00:00:00,LSP
4934,2023,2025-03-20 00:00:00,LSP
4935,2030,2025-03-20 00:00:00,LSP
4936,30,2025-03-20 00:00:00,LSP
4937,34,2025-03-20 00:00:00,LSP
4938,8006,2025-03-20 00:00:00,LSP
4939,EMB 5,2025-03-20 00:00:00,PM LSP
4940,22172,2025-03-20 00:00:00,LSP
4941,J8705,2025-03-20 00:00:00,LSP
4943,2034,2025-03-18 00:00:00,LSV
4944,25055,2025-03-20 00:00:00,BEC ORDÑ
4945,25056,2025-03-20 00:00:00,BEC ORDÑ
4946,9099,2025-03-20 00:00:00,RP
4947,8037,2025-03-20 00:00:00,RP
4948,24265,2025-03-19 00:00:00,MTE
4949,24013,2024-08-23 00:00:00,MTAPQ
4950,24037,2024-08-23 00:00:00,Maute PQ
4951,4034,2024-08-23 00:00:00,LSV
4952,1117,2024-08-23 00:00:00,LSV
4953,25047,2025-03-23 00:00:00,MTE
4955,0233,2025-03-24 00:00:00,BEN2
4956,25057,2025-03-24 00:00:00,MORTINATO
4957,0201,2025-03-25 00:00:00,RP
4958,25058,2025-03-25 00:00:00,BEC ORDÑ
4959,2130,2025-03-25 00:00:00,BEN2
4960,2022,2025-03-25 00:00:00,Sin Lote
4961,6042,2025-03-25 00:00:00,Sin Lote
4962,1105,2025-03-25 00:00:00,Sin Lote
4963,2060,2025-03-25 00:00:00,Sin Lote
4964,2065,2025-03-25 00:00:00,Sin Lote
4965,2027,2025-03-25 00:00:00,Sin Lote
4966,5592,2025-03-25 00:00:00,Sin Lote
4967,5529,2025-03-25 00:00:00,Sin Lote
4968,5629,2025-03-25 00:00:00,Sin Lote
4969,5638,2025-03-25 00:00:00,Sin Lote
4970,7083,2025-03-26 00:00:00,RP
4971,25059,2025-03-26 00:00:00,BEC ORDÑ
4972,40072,2025-03-26 00:00:00,RP
4973,25060,2025-03-26 00:00:00,BEC ORDÑ
4974,25046,2025-03-28 00:00:00,MTE
4975,8030,2025-03-28 00:00:00,RP
4976,25061,2025-03-28 00:00:00,BEC ORDÑ
4977,24254,2025-03-29 00:00:00,MTE
4978,4095,2025-03-30 00:00:00,MTE
4979,4079,2025-03-30 00:00:00,RP
4980,25062,2025-03-30 00:00:00,BEC ORDÑ
4981,24029,2025-03-13 00:00:00,Maute PQ
4982,0139,2025-03-13 00:00:00,LSV
4983,2035,2025-04-02 00:00:00,BEN1
4984,1080,2025-04-02 00:00:00,BEN1
4985,MSN9,2025-04-02 00:00:00,BEN1
4986,36,2025-04-01 00:00:00,BEN2
4987,24110,2025-04-01 00:00:00,MTE
4988,1168,2025-03-31 00:00:00,RP
4989,3043,2025-03-31 00:00:00,RP
4990,3015,2025-04-01 00:00:00,RP
4991,8079,2025-04-02 00:00:00,RP
4992,1004,2025-04-03 00:00:00,RP
4993,2050,2025-04-04 00:00:00,RP
4994,25063,2025-03-31 00:00:00,BEC ORDÑ
4995,25064,2025-03-31 00:00:00,BEC ORDÑ
4996,25065,2025-04-01 00:00:00,BEC ORDÑ
4997,25066,2025-04-02 00:00:00,BEC ORDÑ
4998,25067,2025-04-03 00:00:00,BEC ORDÑ
4999,25068,2025-04-04 00:00:00,BEC ORDÑ
5000,2093,2025-04-02 00:00:00,LSV
5001,2153,2025-04-02 00:00:00,LSV
5002,22049,2025-04-02 00:00:00,LSV
5003,22126,2025-04-02 00:00:00,LSV
5004,22135,2025-04-02 00:00:00,LSV
5005,22149,2025-04-02 00:00:00,LSV
5006,25048,2025-04-04 00:00:00,MTE
5007,BU076,2025-04-03 00:00:00,LSP
5008,BU318,2025-04-03 00:00:00,LSP
5009,BU348,2025-04-03 00:00:00,LSP
5010,BU312,2025-04-03 00:00:00,LSP
5011,BU053,2025-04-03 00:00:00,LSP
5012,BU347,2025-04-03 00:00:00,LSP
5013,BU062,2025-04-03 00:00:00,PM LSP
5014,BU332,2025-04-03 00:00:00,LSP
5015,BU337,2025-04-03 00:00:00,LSP
5016,BU334,2025-04-03 00:00:00,LSP
5017,BU099,2025-04-04 00:00:00,CEBA
5018,BU306,2025-04-04 00:00:00,CEBA
5019,BU091,2025-04-04 00:00:00,CEBA
5020,BU089,2025-04-04 00:00:00,CEBA
5021,BU308,2025-04-04 00:00:00,CEBA
5022,BU092,2025-04-04 00:00:00,CEBA
5023,BU309,2025-04-04 00:00:00,CEBA
5024,BU310,2025-04-04 00:00:00,CEBA
5025,BU311,2025-04-04 00:00:00,CEBA
5026,BU078,2025-04-04 00:00:00,CEBA
5027,BU314,2025-04-04 00:00:00,CEBA
5028,BU315,2025-04-04 00:00:00,CEBA
5029,BU085,2025-04-04 00:00:00,CEBA
5030,BU087,2025-04-04 00:00:00,CEBA
5031,BU056,2025-04-04 00:00:00,CEBA
5032,BU090,2025-04-04 00:00:00,CEBA
5033,BU20,2025-04-04 00:00:00,CEBA
5034,BU317,2025-04-04 00:00:00,CEBA
5035,BU319,2025-04-04 00:00:00,CEBA
5036,BU321,2025-04-04 00:00:00,CEBA
5037,BU071,2025-04-04 00:00:00,CEBA
5038,BU322,2025-04-04 00:00:00,CEBA
5039,BU323,2025-04-04 00:00:00,CEBA
5040,BU325,2025-04-04 00:00:00,CEBA
5041,BU073,2025-04-04 00:00:00,CEBA
5042,BU326,2025-04-04 00:00:00,CEBA
5043,BU095,2025-04-04 00:00:00,CEBA
5044,BU327,2025-04-04 00:00:00,CEBA
5045,BU328,2025-04-04 00:00:00,CEBA
5046,BU313,2025-04-04 00:00:00,CEBA
5047,BU084,2025-04-04 00:00:00,CEBA
5048,BU097,2025-04-04 00:00:00,CEBA
5049,BU304,2025-04-04 00:00:00,CEBA
5050,BU303,2025-04-04 00:00:00,CEBA
5051,BU302,2025-04-04 00:00:00,CEBA
5052,BU088,2025-04-04 00:00:00,CEBA
5053,BU301,2025-04-04 00:00:00,CEBA
5054,BU086,2025-04-04 00:00:00,CEBA
5055,BU069,2025-04-04 00:00:00,CEBA
5056,BU01251,2025-04-04 00:00:00,CEBA
5057,BU009,2025-04-04 00:00:00,CEBA
5058,BU019,2025-04-04 00:00:00,PM LSP
5059,BU334,2025-04-04 00:00:00,PM LSP
5060,BU337,2025-04-04 00:00:00,PM LSP
5061,BU347,2025-04-04 00:00:00,PM LSP
5062,BU353,2025-01-16 00:00:00,LSV
5063,BU379,2025-04-04 00:00:00,PM LSP
5064,BU375,2025-04-04 00:00:00,PM LSP
5065,BU367,2025-04-04 00:00:00,PM LSP
5066,BU355,2025-04-04 00:00:00,PM LSP
5067,BU356,2025-04-03 00:00:00,CEBA
5068,BU358,2025-04-03 00:00:00,Sin Lote
5069,BU361,2025-04-03 00:00:00,CEBA
5070,8011,2025-04-07 00:00:00,RP
5071,25069,2025-04-07 00:00:00,BEC ORDÑ
5072,1090,2025-04-07 00:00:00,BEN1
5073,1091,2025-04-07 00:00:00,RP
5074,25070,2025-04-07 00:00:00,BEC ORDÑ
5075,2053,2025-04-09 00:00:00,Sin Lote
5076,1033,2025-04-09 00:00:00,Sin Lote
5077,1085,2025-04-09 00:00:00,Sin Lote
5078,2088A,2025-04-09 00:00:00,Sin Lote
5079,1130A,2025-04-09 00:00:00,Sin Lote
5080,2001A,2025-04-09 00:00:00,Sin Lote
5081,1077,2025-04-09 00:00:00,Sin Lote
5082,1112,2025-04-09 00:00:00,Sin Lote
5083,2090,2025-04-09 00:00:00,Sin Lote
5084,22194,2025-04-09 00:00:00,Sin Lote
5085,2092,2025-04-09 00:00:00,Sin Lote
5086,23224,2025-04-09 00:00:00,Sin Lote
5087,23225,2025-04-09 00:00:00,Sin Lote
5088,23230,2025-04-09 00:00:00,Sin Lote
5089,24003,2025-04-09 00:00:00,Sin Lote
5090,24020,2025-04-09 00:00:00,Sin Lote
5091,2061,2025-04-09 00:00:00,RP
5092,1096,2025-04-09 00:00:00,LSV
5093,8051,2025-04-10 00:00:00,RP
5094,25071,2025-04-09 00:00:00,BEC ORDÑ
5095,25072,2025-04-09 00:00:00,MORTINATO
5096,25073,2025-04-10 00:00:00,BEC ORDÑ
5097,1100B,2025-04-11 00:00:00,RP
5098,25074,2025-04-11 00:00:00,BEC ORDÑ
5099,25004,2025-04-13 00:00:00,MTE
5100,5060,2025-04-15 00:00:00,RP
5101,25075,2025-04-15 00:00:00,BEC ORDÑ
5102,1059,2025-04-14 00:00:00,LPB
5103,25038,2025-04-14 00:00:00,BEC ORDÑ
5104,25045,2025-04-14 00:00:00,SUTE
5105,1094,2025-04-13 00:00:00,MTE
5106,1075,2025-04-16 00:00:00,RP
5107,25076,2025-04-16 00:00:00,BEC ORDÑ
5108,2035A,2025-04-13 00:00:00,RP
5109,25077,2025-04-13 00:00:00,BEC ORDÑ
5110,22176,2025-04-16 00:00:00,Maute PQ
5111,24114,2025-04-16 00:00:00,Maute PQ
5112,22120,2025-04-16 00:00:00,Maute Med
5113,22157,2025-04-16 00:00:00,Maute Med
5114,22122,2025-04-16 00:00:00,Maute Med
5115,22132,2025-04-16 00:00:00,Maute Med
5116,22114,2025-04-16 00:00:00,Maute Med
5117,2010,2025-04-16 00:00:00,Maute Med
5118,22175,2025-04-16 00:00:00,Maute Med
5119,22190,2025-04-16 00:00:00,Maute Med
5120,22196,2025-04-16 00:00:00,Maute Med
5121,22207,2025-04-16 00:00:00,Maute Med
5122,22209,2025-04-16 00:00:00,Maute Med
5123,22206,2025-04-16 00:00:00,Maute Med
5124,2101,2025-04-16 00:00:00,Maute Med
5125,23010,2025-04-16 00:00:00,Maute Med
5126,23011,2025-04-16 00:00:00,Maute Med
5127,23014,2025-04-16 00:00:00,Maute Med
5128,23015,2025-04-16 00:00:00,Maute Med
5129,23053,2025-04-16 00:00:00,Maute Med
5130,23146,2025-04-16 00:00:00,Maute Med
5131,23241,2025-04-16 00:00:00,Maute Med
5132,2004,2025-04-16 00:00:00,CEBA
5133,2029,2025-04-16 00:00:00,CEBA
5134,1070A,2025-04-16 00:00:00,CEBA
5135,1044,2025-04-16 00:00:00,CEBA
5136,1055A,2025-04-16 00:00:00,CEBA
5137,0116A,2025-04-16 00:00:00,CEBA
5138,23203,2025-04-16 00:00:00,MTAPQ
5139,22169A,2025-04-16 00:00:00,MTAPQ
5140,23131,2025-04-16 00:00:00,MTAPQ
5141,23023,2025-04-16 00:00:00,MTAPQ
5142,23075,2025-04-16 00:00:00,MTAPQ
5143,23168,2025-04-16 00:00:00,MTAPQ
5144,23223,2025-04-16 00:00:00,MTAPQ
5145,24039,2025-04-16 00:00:00,MTAPQ
5146,24245,2025-04-07 00:00:00,MTE
5147,25078,2025-04-19 00:00:00,BEC ORDÑ
5148,1056A,2025-04-19 00:00:00,RP
5149,2042,2025-04-19 00:00:00,LSV
5150,25079,2025-04-19 00:00:00,MORTINATO
5151,1096,2025-04-21 00:00:00,BEN2
5152,8050,2025-01-25 00:00:00,LSP
5153,24149,2025-01-25 00:00:00,MTAPQ
5154,BU361,2025-04-24 00:00:00,MTE
5155,6020,2025-04-15 00:00:00,RP
5156,20,2025-04-22 00:00:00,RP
5157,8028,2025-04-23 00:00:00,RP
5158,4141,2025-04-24 00:00:00,RP
5159,4A,2025-04-24 00:00:00,RP
5160,91091,2025-04-24 00:00:00,RP
5161,0326,2025-04-24 00:00:00,RP
5162,25080,2025-04-15 00:00:00,BEC ORDÑ
5163,25081,2025-04-22 00:00:00,BEC ORDÑ
5164,25082,2025-04-23 00:00:00,BEC ORDÑ
5165,25083,2025-04-24 00:00:00,BEC ORDÑ
5166,25084,2025-04-24 00:00:00,BEC ORDÑ
5167,25085,2025-04-24 00:00:00,BEC ORDÑ
5168,25086,2025-04-24 00:00:00,BEC ORDÑ
5169,24162,2025-04-20 00:00:00,MTAPQ
5170,24167,2025-04-20 00:00:00,MTAPQ
5171,7074,2025-04-20 00:00:00,LSP
5172,9051,2025-04-20 00:00:00,LSP
5173,8051,2025-04-26 00:00:00,LSV
5174,7076,2025-04-26 00:00:00,LSV
5175,0240,2025-04-28 00:00:00,RP
5176,0299A,2025-04-28 00:00:00,RP
5177,6043,2025-04-28 00:00:00,RP
5178,25087,2025-04-28 00:00:00,BEC ORDÑ
5179,25088,2025-04-28 00:00:00,BEC ORDÑ
5180,25089,2025-04-28 00:00:00,BEC ORDÑ
5181,MSN16,2025-05-02 00:00:00,BEN1
5182,0216A,2025-05-02 00:00:00,BEN1
5183,1068,2025-05-02 00:00:00,BEN1
5184,7033,2025-04-28 00:00:00,RP
5185,9389,2025-04-28 00:00:00,RP
5186,2500,2025-04-30 00:00:00,LSV
5187,6031,2025-04-30 00:00:00,RP
5188,0305,2025-04-30 00:00:00,RP
5189,0202,2025-04-30 00:00:00,RP
5190,0350,2025-04-30 00:00:00,RP
5191,1132,2025-05-01 00:00:00,RP
5192,25090,2025-04-28 00:00:00,BEC ORDÑ
5193,25091,2025-04-28 00:00:00,BEC ORDÑ
5194,25092,2025-04-30 00:00:00,MORTINATO
5195,25093,2025-04-30 00:00:00,BEC ORDÑ
5196,25094,2025-04-30 00:00:00,MORTINATO
5197,25095,2025-04-30 00:00:00,BEC ORDÑ
5198,25096,2025-04-30 00:00:00,BEC ORDÑ
5199,25097,2025-05-01 00:00:00,BEC ORDÑ
5200,40072,2025-05-01 00:00:00,PM LSV
5201,4141,2025-05-01 00:00:00,PM LSV
5202,91091,2025-05-01 00:00:00,PM LSV
5203,3015,2025-05-01 00:00:00,PM LSV
5204,0326,2025-05-01 00:00:00,PM LSV
5205,1056A,2025-05-01 00:00:00,PM LSV
5206,6020,2025-05-01 00:00:00,PM LSV
5207,2061,2025-05-01 00:00:00,PM LSV
5208,1310,2025-04-28 00:00:00,PM LSV
5209,6021,2025-04-28 00:00:00,PM LSP
5210,0205,2025-04-28 00:00:00,PM LSV
5211,2149A,2025-04-28 00:00:00,PM LSV
5212,0330A,2025-04-28 00:00:00,PM LSV
5213,8005,2025-04-28 00:00:00,PM LSV
5214,20334,2025-04-28 00:00:00,PM LSV
5215,0101,2025-04-28 00:00:00,PM LSV
5216,0342,2025-04-28 00:00:00,PM LSV
5218,2083,2025-04-28 00:00:00,PM LSV
5219,9100,2025-04-28 00:00:00,PM LSV
5220,24233,2025-04-28 00:00:00,PM LSV
5221,24218,2025-04-28 00:00:00,PM LSV
5222,24179,2025-04-28 00:00:00,PM LSP
5223,25078,2025-05-01 00:00:00,PM LSV
5224,25065,2025-05-01 00:00:00,PM LSV
5225,25060,2025-05-01 00:00:00,PM LSV
5226,25083,2025-05-01 00:00:00,PM LSV
5227,25073,2025-04-28 00:00:00,PM LSV
5228,24268,2025-04-28 00:00:00,PM LSV
5229,25080,2025-05-01 00:00:00,PM LSV
5230,24299,2025-04-28 00:00:00,PM LSV
5231,24240,2025-04-28 00:00:00,PM LSV
5232,25085,2025-05-01 00:00:00,PM LSV
5233,25003,2025-04-28 00:00:00,PM LSV
5234,24263,2025-04-28 00:00:00,PM LSV
5235,24250,2025-04-28 00:00:00,PM LSV
5236,25086,2025-05-01 00:00:00,PM LSV
5237,24249,2025-04-28 00:00:00,PM LSV
5238,24251,2025-04-28 00:00:00,PM LSV
5239,25071,2025-05-01 00:00:00,PM LSV
5240,25098,2025-04-26 00:00:00,BEC ORDÑ
5241,2146,2025-04-26 00:00:00,RP
5242,9035,2025-04-30 00:00:00,BEN1
5243,25099,2025-05-03 00:00:00,BEC ORDÑ
5244,8050,2025-05-03 00:00:00,RP
5245,25081,2025-05-06 00:00:00,MTE
5246,5052,2025-05-04 00:00:00,RP
5247,1005,2025-05-04 00:00:00,RP
5248,1015A,2025-05-05 00:00:00,RP
5249,25100,2025-05-04 00:00:00,BEC ORDÑ
5250,25101,2025-05-04 00:00:00,BEC ORDÑ
5251,25102,2025-05-05 00:00:00,BEC ORDÑ
5252,25103,2025-05-06 00:00:00,BEC ORDÑ
5253,10431,2025-05-06 00:00:00,RP
5254,25105,2025-05-11 00:00:00,BEC ORDÑ
5255,1104A,2025-05-11 00:00:00,RP
5256,25104,2025-05-08 00:00:00,BEC ORDÑ
5257,3027A,2025-05-08 00:00:00,RP
5258,0338,2025-05-14 00:00:00,RP
5259,4078,2025-05-14 00:00:00,RP
5260,25106,2025-05-14 00:00:00,BEC ORDÑ
5261,25107,2025-05-14 00:00:00,BEC ORDÑ
5262,3178,2025-05-15 00:00:00,RP
5263,2234,2025-05-15 00:00:00,RP
5264,25108,2025-05-15 00:00:00,BEC ORDÑ
5265,25109,2025-05-15 00:00:00,BEC ORDÑ
5266,25110,2025-05-14 00:00:00,BEC ORDÑ
5267,1109B,2025-05-14 00:00:00,RP
5268,4151,2025-05-16 00:00:00,LSP
5269,80882,2025-05-16 00:00:00,LSP
5270,4101,2025-05-16 00:00:00,LSP
5271,809,2025-05-16 00:00:00,LSV
5272,24165,2025-05-16 00:00:00,Maute PQ
5273,24130,2025-05-16 00:00:00,Maute PQ
5274,24214,2025-05-16 00:00:00,Maute PQ
5275,24151,2025-05-16 00:00:00,Maute PQ
5276,2203,2025-05-17 00:00:00,RP
5277,0208A,2025-05-17 00:00:00,RP
5278,2073,2025-05-17 00:00:00,RP
5279,25111,2025-05-17 00:00:00,BEC ORDÑ
5280,25112,2025-05-17 00:00:00,BEC ORDÑ
5281,25113,2025-05-17 00:00:00,BEC ORDÑ
5282,7038,2025-05-18 00:00:00,BEN2
5283,BU366,2025-05-19 00:00:00,BEN2
5284,1090A,2025-05-19 00:00:00,RP
5285,5098,2025-05-19 00:00:00,RP
5286,9011,2025-05-19 00:00:00,RP
5287,25114,2025-05-19 00:00:00,BEC ORDÑ
5288,25115,2025-05-19 00:00:00,BEC ORDÑ
5289,25116,2025-05-19 00:00:00,BEC ORDÑ
5290,4033,2025-05-20 00:00:00,RP
5291,9014,2025-05-20 00:00:00,RP
5292,25117,2025-05-20 00:00:00,BEC ORDÑ
5293,25118,2025-05-20 00:00:00,BEC ORDÑ
5294,9104,2025-05-06 00:00:00,LSP
5295,2052,2025-05-06 00:00:00,LSP
5296,2200,2025-05-06 00:00:00,LSPA
5297,1064,2025-05-21 00:00:00,BEN1
5298,2217,2025-05-21 00:00:00,BEN1
5299,4008,2025-05-20 00:00:00,RP
5300,8085,2025-05-20 00:00:00,RP
5301,33,2025-05-20 00:00:00,RP
5302,25119,2025-05-20 00:00:00,BEC ORDÑ
5303,25120,2025-05-20 00:00:00,BEC ORDÑ
5304,25121,2025-05-20 00:00:00,BEC ORDÑ
5305,9104,2024-06-10 00:00:00,LSV
5306,1148,2025-05-26 00:00:00,BEN1
5307,1130,2025-05-26 00:00:00,BEN1
5308,1324,2025-05-26 00:00:00,BEN1
5309,1166,2025-05-26 00:00:00,BEN1
5310,0343,2025-05-24 00:00:00,RP
5311,0241,2025-05-24 00:00:00,RP
5312,8094,2025-05-25 00:00:00,RP
5313,25122,2025-05-24 00:00:00,BEC ORDÑ
5314,25123,2025-05-24 00:00:00,BEC ORDÑ
5315,25124,2025-04-25 00:00:00,BEC ORDÑ
5316,12164,2025-05-29 00:00:00,RP
5317,2219,2025-05-29 00:00:00,RP
5318,25125,2025-05-29 00:00:00,BEC ORDÑ
5319,25126,2025-05-29 00:00:00,BEC ORDÑ
5320,4079,2025-05-30 00:00:00,BEN2
5322,9113,2025-05-30 00:00:00,RP
5323,25127,2025-05-30 00:00:00,BEC ORDÑ
5324,20,2025-05-06 00:00:00,LSV
5325,0350,2025-05-22 00:00:00,LBB
5326,2066,2025-05-22 00:00:00,LBB
5327,7028,2025-05-06 00:00:00,LSP
5328,24140,2025-05-06 00:00:00,Maute PQ
5329,0208A,2025-05-22 00:00:00,LBB
5330,60286,2025-05-22 00:00:00,LBB
5331,2208A,2025-05-22 00:00:00,LBB
5332,5007,2025-05-22 00:00:00,PM LSV
5333,25025,2025-05-22 00:00:00,PM LSV
5334,1168,2025-05-22 00:00:00,PM LSV
5335,25063,2025-05-22 00:00:00,PM LSV
5336,5146,2025-05-06 00:00:00,LSP
5337,24177,2025-05-06 00:00:00,Maute PQ
5338,3043,2025-05-22 00:00:00,PM LSV
5339,25064,2025-05-22 00:00:00,PM LSV
5340,1059,2025-05-22 00:00:00,PM LSV
5341,25038,2025-05-22 00:00:00,PM LSV
5342,8017,2025-05-22 00:00:00,LSP
5344,1090A,2025-05-22 00:00:00,LBB
5345,1132,2025-05-22 00:00:00,LBB
5346,33,2025-05-22 00:00:00,LBB
5347,4033,2025-05-22 00:00:00,LBB
5348,5098,2025-05-22 00:00:00,LBB
5349,6031,2025-05-22 00:00:00,LBB
5350,8085,2025-05-22 00:00:00,LBB
5351,9011,2025-05-22 00:00:00,LBB
5352,2042,2025-05-22 00:00:00,LPB
5353,25073,2025-05-22 00:00:00,BEC ORDÑ
5354,2133A,2025-05-30 00:00:00,RP
5355,25128,2025-05-30 00:00:00,BEC ORDÑ
5356,25129,2025-05-30 00:00:00,BEC ORDÑ
5357,EMB 2,2025-06-02 00:00:00,RP
5358,5146,2025-06-03 00:00:00,RP
5359,25130,2025-06-03 00:00:00,BEC ORDÑ
5360,25007,2025-06-02 00:00:00,MTE
5361,BU309,2025-05-30 00:00:00,MTE
5362,BU48,2025-06-08 00:00:00,MTE
5363,J425,2025-06-04 00:00:00,RP
5364,3003A,2025-06-05 00:00:00,RP
5365,5076,2025-06-05 00:00:00,RP
5366,9071,2025-06-08 00:00:00,RP
5367,J25132,2025-06-04 00:00:00,BEC ORDÑ
5368,25133,2025-06-05 00:00:00,BEC ORDÑ
5369,25134,2025-06-05 00:00:00,BEC ORDÑ
5370,25135,2025-06-08 00:00:00,BEC ORDÑ
5371,9091,2025-06-03 00:00:00,RP
5372,25131,2025-06-03 00:00:00,BEC ORDÑ
5373,0242,2025-06-10 00:00:00,BEN1
5374,1163,2025-06-10 00:00:00,BEN1
5375,1202,2025-06-10 00:00:00,BEN1
5376,1207,2025-06-10 00:00:00,BEN1
5377,1165,2025-06-10 00:00:00,BEN1
5378,1190,2025-06-10 00:00:00,BEN1
5379,0291,2025-06-09 00:00:00,RP
5380,6028,2025-06-12 00:00:00,RP
5381,25136,2025-06-09 00:00:00,BEC ORDÑ
5382,25137,2025-06-12 00:00:00,BEC ORDÑ
5383,24169,2025-06-12 00:00:00,MTE
5384,6011,2025-06-04 00:00:00,BEN2
5385,22125,2025-01-01 00:00:00,MTE
5386,23180,2025-02-16 00:00:00,MTE
5387,7080,2025-06-14 00:00:00,RP
5388,0329,2025-06-16 00:00:00,RP
5389,25138,2025-06-14 00:00:00,BEC ORDÑ
5390,25139,2025-06-16 00:00:00,BEC ORDÑ
5392,23071,2025-06-17 00:00:00,MTE
5393,31,2025-06-18 00:00:00,RP
5394,2018,2025-06-18 00:00:00,RP
5395,25140,2025-06-18 00:00:00,BEC ORDÑ
5396,25141,2025-06-18 00:00:00,BEC ORDÑ
5397,24148,2025-06-06 00:00:00,MTAPQ
5398,24170,2025-06-06 00:00:00,Maute PQ
5399,24179,2025-06-06 00:00:00,MTAPQ
5400,24186,2025-06-06 00:00:00,MTAPQ
5401,24187,2025-06-06 00:00:00,MTAPQ
5402,24189,2025-06-06 00:00:00,Maute PQ
5403,24191,2025-06-06 00:00:00,Maute PQ
5404,24193,2025-06-06 00:00:00,Maute PQ
5405,24194,2025-06-06 00:00:00,Maute PQ
5406,24195,2025-06-06 00:00:00,Maute PQ
5407,24196,2025-06-06 00:00:00,Maute PQ
5408,24197,2025-06-06 00:00:00,Maute PQ
5409,24198,2025-06-06 00:00:00,Maute PQ
5410,24201,2025-06-06 00:00:00,MTAPQ
5411,24203,2025-06-06 00:00:00,Maute PQ
5412,24204,2025-06-06 00:00:00,Maute PQ
5413,24206,2025-06-06 00:00:00,Maute PQ
5414,24207,2025-06-06 00:00:00,Maute PQ
5415,24210,2025-06-06 00:00:00,MTAPQ
5416,24211,2025-06-06 00:00:00,Maute PQ
5417,24212,2025-06-06 00:00:00,MTAPQ
5418,24217,2025-06-06 00:00:00,Maute PQ
5419,24221,2025-06-06 00:00:00,MTAPQ
5420,24224,2025-06-06 00:00:00,MTAPQ
5421,24231,2025-06-06 00:00:00,MTAPQ
5422,24238,2025-06-06 00:00:00,Maute PQ
5423,8011,2025-06-19 00:00:00,LPB
5424,2124A,2025-06-19 00:00:00,LSV
5425,6021,2025-06-19 00:00:00,LSP
5426,EMB 5,2025-06-19 00:00:00,LSP
5427,8045,2025-06-19 00:00:00,LSP
5428,8019,2025-06-19 00:00:00,LSP
5429,9024,2025-06-19 00:00:00,LSV
5430,2196A,2025-06-19 00:00:00,LSP
5431,4007,2025-06-19 00:00:00,LSP
5432,2148A,2025-06-19 00:00:00,LSP
5433,1015,2025-06-19 00:00:00,LSP
5434,4018,2025-06-19 00:00:00,LSP
5435,5092,2025-06-19 00:00:00,LSP
5436,4055,2025-06-19 00:00:00,LSP
5437,50501,2025-06-19 00:00:00,LSP
5438,9192,2025-06-19 00:00:00,LSV
5439,6008,2025-06-19 00:00:00,LSP
5440,4072,2025-06-19 00:00:00,LSP
5441,9126A,2025-06-19 00:00:00,LSP
5442,4109,2025-06-19 00:00:00,LSP
5443,0128,2025-06-19 00:00:00,LSP
5444,4066,2025-06-19 00:00:00,LSP
5445,3119,2025-06-19 00:00:00,LSP
5446,4172,2025-06-19 00:00:00,LSV
5447,50741,2025-06-19 00:00:00,LSV
5448,9047,2025-06-19 00:00:00,LSV
5449,3750,2025-06-20 00:00:00,LSP
5450,0500,2025-06-20 00:00:00,LSP
5451,21391,2025-06-20 00:00:00,LSPA
5452,22144,2025-06-20 00:00:00,LSPA
5453,2140,2025-06-20 00:00:00,LSPA
5454,2153,2025-06-20 00:00:00,LSP
5455,2137,2025-06-20 00:00:00,LSPA
5456,22161,2025-06-20 00:00:00,LSPA
5457,22131,2025-06-20 00:00:00,LSPA
5458,22135,2025-06-20 00:00:00,LSPA
5459,4023,2025-06-20 00:00:00,LSP
5460,4076,2025-06-20 00:00:00,PM LSP
5461,4100,2025-06-20 00:00:00,LSP
5462,7012,2025-06-20 00:00:00,LSP
5463,7059,2025-06-20 00:00:00,LSP
5464,7092,2025-06-20 00:00:00,PM LSP
5465,0143,2025-06-20 00:00:00,PM LSP
5466,1078A,2025-06-20 00:00:00,LPB
5467,6037,2025-06-20 00:00:00,LSP
5468,80121,2025-06-20 00:00:00,LSP
5469,80272,2025-06-20 00:00:00,LSP
5470,8054,2025-06-20 00:00:00,LSP
5471,8077,2025-06-20 00:00:00,LSP
5472,8093,2025-06-20 00:00:00,PM LSP
5473,9125,2025-06-20 00:00:00,LSP
5474,1123,2025-06-20 00:00:00,LSP
5475,9110A,2025-06-20 00:00:00,LSP
5476,9121,2025-06-20 00:00:00,LSP
5477,0101,2025-06-20 00:00:00,PM LSP
5478,0111,2025-06-20 00:00:00,LSP
5479,0206A,2025-06-20 00:00:00,LSP
5480,0206B,2025-06-20 00:00:00,LSP
5481,0249,2025-06-20 00:00:00,LSP
5482,0269,2025-06-20 00:00:00,LSP
5483,0321,2025-06-20 00:00:00,LSP
5484,0330A,2025-06-20 00:00:00,PM LSP
5485,0336,2025-06-20 00:00:00,LSP
5486,0342,2025-06-20 00:00:00,PM LSP
5487,0348,2025-06-20 00:00:00,LSPA
5488,0352,2025-06-20 00:00:00,LSP
5489,9020,2025-06-20 00:00:00,LSP
5490,1102,2025-06-20 00:00:00,LSPA
5491,1052A,2025-06-20 00:00:00,LSPA
5492,1100A,2025-06-20 00:00:00,LSPA
5493,9023,2025-06-20 00:00:00,LSP
5494,1032,2025-06-20 00:00:00,LSPA
5495,2014,2025-06-20 00:00:00,LSPA
5496,1045,2025-06-20 00:00:00,LSPA
5497,2024,2025-06-20 00:00:00,LSPA
5498,2034,2025-06-20 00:00:00,LSP
5499,4048,2025-06-20 00:00:00,LSP
5500,2080,2025-06-20 00:00:00,LSP
5501,3108,2025-06-20 00:00:00,LSP
5502,2180A,2025-06-20 00:00:00,LSP
5503,7017,2025-06-20 00:00:00,LSP
5504,1097B,2025-06-20 00:00:00,LSPA
5505,22177,2025-06-20 00:00:00,LSPA
5506,2095,2025-06-20 00:00:00,LSPA
5507,2201,2025-06-20 00:00:00,LSPA
5508,22098,2025-06-20 00:00:00,LSPA
5509,2093,2025-06-20 00:00:00,LSPA
5510,2102,2025-06-20 00:00:00,LSPA
5511,2059,2025-06-20 00:00:00,LSPA
5512,2036,2025-06-20 00:00:00,LSPA
5513,J422,2025-06-20 00:00:00,LSPA
5514,24288,2025-06-20 00:00:00,PM LSP
5515,24279,2025-06-20 00:00:00,PM LSP
5516,24242,2025-06-20 00:00:00,PM LSP
5517,24247,2025-06-20 00:00:00,PM LSP
5518,24205,2025-05-29 00:00:00,Maute PQ
5519,24263,2025-06-20 00:00:00,PM LSP
5520,24249,2025-06-20 00:00:00,PM LSP
5521,24251,2025-06-20 00:00:00,PM LSP
5523,1091A,2025-05-30 00:00:00,LSV
5524,6043,2025-06-20 00:00:00,LPE
5525,2021,2025-06-20 00:00:00,LPE
5526,2050,2025-06-20 00:00:00,LPE
5527,7083,2025-06-20 00:00:00,LPE
5528,2146,2025-06-20 00:00:00,LPE
5529,2073,2025-06-20 00:00:00,LPE
5530,5052,2025-06-20 00:00:00,LPE
5531,5060,2025-06-20 00:00:00,LPE
5532,7033,2025-06-20 00:00:00,LPE
5533,8028,2025-06-20 00:00:00,LPE
5534,8030,2025-06-20 00:00:00,LPE
5535,8079,2025-06-20 00:00:00,LPE
5536,9099,2025-06-20 00:00:00,LPE
5537,0201,2025-06-20 00:00:00,LPE
5538,0220,2025-06-20 00:00:00,LPE
5539,0226,2025-06-20 00:00:00,LPE
5540,0240,2025-06-20 00:00:00,LPE
5541,0338,2025-06-20 00:00:00,LPE
5542,1188,2025-06-20 00:00:00,LPE
5543,2035A,2025-06-20 00:00:00,LPE
5544,10431,2025-06-20 00:00:00,LPE
5545,1005,2025-06-20 00:00:00,LPE
5546,2062,2025-06-20 00:00:00,LPE
5547,1015A,2025-06-20 00:00:00,LPE
5548,J01415,2025-06-20 00:00:00,LPE
5549,9389,2025-06-20 00:00:00,LPB
5550,2234,2025-06-20 00:00:00,LPB
5551,4078,2025-06-20 00:00:00,LPB
5552,4A,2025-06-20 00:00:00,LPB
5553,3027A,2025-06-20 00:00:00,LPB
5554,8037,2025-06-20 00:00:00,LPB
5555,8050,2025-06-20 00:00:00,LPB
5556,0202,2025-06-20 00:00:00,LPB
5557,0299A,2025-06-20 00:00:00,LPB
5558,1109B,2025-06-20 00:00:00,LPB
5559,1004,2025-06-20 00:00:00,LPB
5560,1075,2025-06-20 00:00:00,LPB
5561,2203,2025-06-20 00:00:00,LPB
5562,1100B,2025-06-20 00:00:00,LPB
5563,1104A,2025-06-20 00:00:00,LPB
5564,1139A,2025-06-20 00:00:00,LPB
5565,1066,2025-06-20 00:00:00,LPB
5566,1091,2025-06-20 00:00:00,LPB
5567,J425,2025-06-20 00:00:00,LPB
5568,3003A,2025-06-20 00:00:00,LPB
5569,2133A,2025-06-20 00:00:00,LPB
5570,2219,2025-06-20 00:00:00,LPB
5571,EMB 2,2025-06-20 00:00:00,LPB
5573,4008,2025-06-20 00:00:00,LPB
5574,5076,2025-06-20 00:00:00,LPB
5575,7080,2025-06-20 00:00:00,LPB
5576,8094,2025-06-20 00:00:00,LPB
5577,12164,2025-06-20 00:00:00,LPB
5578,5146,2025-06-20 00:00:00,LPB
5579,6028,2025-06-20 00:00:00,PM LSV
5580,9071,2025-06-20 00:00:00,LPB
5581,0343,2025-06-20 00:00:00,LPB
5582,9014,2025-05-30 00:00:00,PM LSV
5583,9091,2025-06-20 00:00:00,LPB
5584,9113,2025-06-20 00:00:00,LPB
5585,0241,2025-06-20 00:00:00,LPB
5586,0291,2025-06-20 00:00:00,LPB
5587,0329,2025-06-20 00:00:00,LPB
5588,2018,2025-06-20 00:00:00,LPB
5589,0305,2025-06-20 00:00:00,LSV
5590,31,2025-06-20 00:00:00,LPB
5591,25137,2025-06-20 00:00:00,PM LSV
5593,22116,2025-06-20 00:00:00,LSV
5594,22119,2025-06-20 00:00:00,LSV
5595,2141,2025-06-20 00:00:00,LSV
5596,22085,2025-06-20 00:00:00,LSV
5597,2143A,2025-06-20 00:00:00,LSV
5598,22151,2025-06-20 00:00:00,LSV
5599,2145,2025-06-20 00:00:00,LSV
5600,22142,2025-06-20 00:00:00,LSV
5601,22117,2025-06-20 00:00:00,LSV
5602,22160,2025-06-20 00:00:00,LSV
5603,2162,2025-06-20 00:00:00,LSV
5604,22112,2025-06-20 00:00:00,LSV
5605,1074,2025-06-20 00:00:00,LSV
5606,2064,2025-06-20 00:00:00,LSV
5607,1073,2025-06-20 00:00:00,LSV
5608,2202,2025-06-20 00:00:00,LSV
5609,2016,2025-06-20 00:00:00,LSV
5610,2088B,2025-06-20 00:00:00,LSV
5611,22180,2025-06-20 00:00:00,LSV
5612,22198,2025-06-20 00:00:00,LSV
5613,2110,2025-06-20 00:00:00,LSV
5614,2215,2025-06-20 00:00:00,LSV
5615,2107,2025-06-20 00:00:00,LSV
5616,2026,2025-06-20 00:00:00,LSV
5617,20971,2025-06-20 00:00:00,LSV
5618,2011,2025-06-20 00:00:00,LSV
5619,2096A,2025-06-20 00:00:00,LSV
5620,2218,2025-06-20 00:00:00,LSV
5621,23033,2025-06-20 00:00:00,LSV
5622,23037,2025-06-20 00:00:00,LSV
5623,22171,2025-06-20 00:00:00,LSV
5624,22139,2025-06-20 00:00:00,LSV
5625,22216,2025-06-20 00:00:00,LSV
5626,22176,2025-06-20 00:00:00,Maute Med
5627,22184,2025-06-20 00:00:00,Maute Med
5628,22187,2025-06-20 00:00:00,Maute Med
5629,22192,2025-06-20 00:00:00,Maute Med
5630,22205,2025-06-20 00:00:00,Maute Med
5631,23019,2025-06-20 00:00:00,Maute Med
5632,23020,2025-06-20 00:00:00,Maute Med
5633,23028,2025-06-20 00:00:00,Maute Med
5634,23058,2025-06-20 00:00:00,Maute Med
5635,23063,2025-06-20 00:00:00,Maute Med
5636,23072,2025-06-20 00:00:00,Maute Med
5637,23078,2025-06-20 00:00:00,Maute Med
5638,23084,2025-06-20 00:00:00,Maute Med
5639,23096,2025-06-20 00:00:00,Maute Med
5640,23104,2025-06-20 00:00:00,Maute Med
5641,23116,2025-06-20 00:00:00,Maute Med
5642,23119,2025-06-20 00:00:00,Maute Med
5643,23123,2025-06-20 00:00:00,Maute Med
5644,23150,2025-06-20 00:00:00,Maute Med
5645,23238,2025-06-20 00:00:00,Maute Med
5646,2001A,2025-06-20 00:00:00,CEBA
5647,22118,2025-06-20 00:00:00,CEBA
5648,2154,2025-06-20 00:00:00,CEBA
5649,2155,2025-06-20 00:00:00,CEBA
5650,1027A,2025-06-20 00:00:00,CEBA
5651,1067,2025-06-20 00:00:00,CEBA
5652,1097A,2025-06-20 00:00:00,CEBA
5653,1101A,2025-06-20 00:00:00,CEBA
5654,1133,2025-06-20 00:00:00,CEBA
5655,2039A,2025-06-20 00:00:00,CEBA
5656,2058,2025-06-20 00:00:00,CEBA
5657,2067,2025-06-20 00:00:00,CEBA
5659,2149,2025-06-20 00:00:00,CEBA
5660,099,2025-06-20 00:00:00,CEBA
5661,22178,2025-06-20 00:00:00,CEBA
5662,22181,2025-06-20 00:00:00,CEBA
5663,23004,2025-06-20 00:00:00,CEBA
5664,1082A,2025-06-20 00:00:00,CEBA
5665,2106,2025-06-20 00:00:00,CEBA
5666,2170,2025-06-20 00:00:00,CEBA
5667,2167,2025-06-20 00:00:00,CEBA
5668,0204B,2025-06-20 00:00:00,CEBA
5669,2001B,2025-06-20 00:00:00,CEBA
5670,5079,2025-06-20 00:00:00,RP
5671,7077,2025-06-20 00:00:00,RP
5672,SNA,2025-06-20 00:00:00,RP
5673,8033,2025-06-19 00:00:00,RP
5674,25142,2025-06-20 00:00:00,BEC ORDÑ
5675,25143,2025-06-20 00:00:00,BEC ORDÑ
5676,25144,2025-06-20 00:00:00,BEC ORDÑ
5677,25145,2025-06-19 00:00:00,BEC ORDÑ
5678,1053A,2025-06-21 00:00:00,RP
5679,J420,2025-06-21 00:00:00,RP
5680,25146,2025-06-21 00:00:00,BEC ORDÑ
5681,J25147,2025-06-21 00:00:00,BEC ORDÑ
5682,80841,2025-05-30 00:00:00,LSV
5683,3178,2025-06-04 00:00:00,PM LSV
5684,4033,2025-06-04 00:00:00,PM LSV
5685,6031,2025-06-04 00:00:00,PM LSV
5686,5098,2025-06-04 00:00:00,PM LSV
5687,8085,2025-06-04 00:00:00,PM LSV
5688,1132,2025-06-04 00:00:00,PM LSV
5689,0350,2025-06-04 00:00:00,PM LSV
5690,24302,2025-06-04 00:00:00,PM LSV
5691,25093,2025-06-04 00:00:00,PM LSV
5692,25096,2025-06-04 00:00:00,PM LSV
5693,25097,2025-06-04 00:00:00,PM LSV
5694,25108,2025-06-04 00:00:00,PM LSV
5695,25115,2025-06-04 00:00:00,PM LSV
5696,25117,2025-06-04 00:00:00,PM LSV
5697,25120,2025-06-04 00:00:00,PM LSV
5698,TSN01,2025-06-23 00:00:00,Sin Lote
5700,25148,2025-06-25 00:00:00,BEC ORDÑ
5701,0284,2025-06-25 00:00:00,RP
5702,2124A,2025-06-25 00:00:00,LPE
5703,25051,2025-04-15 00:00:00,PM LSV
5704,8014,2025-04-15 00:00:00,PM LSV
5717,9,2025-06-26 00:00:00,PM LSV
5724,3027A,2025-06-26 00:00:00,LBB
5727,0343,2025-06-26 00:00:00,LBB
5735,2208A,2025-06-26 00:00:00,LBB
5739,1066,2025-06-26 00:00:00,LBB
5747,8096,2025-06-26 00:00:00,LBB
5749,8046,2025-06-26 00:00:00,LBB
5761,7077,2025-06-26 00:00:00,LBB
5765,1090A,2025-06-26 00:00:00,LBB
5767,12164,2025-06-26 00:00:00,LBB
5768,2066,2025-06-26 00:00:00,LBB
5769,31,2025-06-26 00:00:00,LBB
5771,4008,2025-06-26 00:00:00,LBB
5776,3003A,2025-06-26 00:00:00,LPE
5777,2133A,2025-06-26 00:00:00,LPE
5778,SNA,2025-06-26 00:00:00,LPE
5779,2219,2025-06-26 00:00:00,LPE
5780,EMB 2,2025-06-26 00:00:00,LPE
5781,8094,2025-06-26 00:00:00,LPE
5782,5146,2025-06-26 00:00:00,LPE
5783,8037,2025-06-26 00:00:00,LPE
5784,8050,2025-06-26 00:00:00,LPE
5785,9091,2025-06-26 00:00:00,LPE
5786,9113,2025-06-26 00:00:00,LPE
5787,0241,2025-06-26 00:00:00,LPE
5788,0299A,2025-06-26 00:00:00,LPE
5789,0329,2025-06-26 00:00:00,LPE
5790,1004,2025-06-26 00:00:00,LPE
5791,1075,2025-06-26 00:00:00,LPE
5792,1104A,2025-06-26 00:00:00,LPE
5793,J420,2025-06-26 00:00:00,LPE
5794,5144,2025-06-26 00:00:00,LPB
5795,6070,2025-06-26 00:00:00,LPB
5796,8082,2025-06-26 00:00:00,LPB
5797,8061,2025-06-26 00:00:00,LPB
5798,91172,2025-06-26 00:00:00,LPB
5799,0299C,2025-06-26 00:00:00,LPB
5800,0353,2025-06-26 00:00:00,LPB
5801,2040,2025-06-26 00:00:00,LPB
5802,80472,2025-06-26 00:00:00,LPB
5803,1079,2025-06-26 00:00:00,LPB
5804,5079,2025-06-26 00:00:00,LPB
5805,1109A,2025-06-26 00:00:00,LPB
5806,7072,2025-06-30 00:00:00,RP
5807,1063,2025-06-30 00:00:00,RP
5808,25149,2025-06-30 00:00:00,BEC ORDÑ
5809,25150,2025-06-30 00:00:00,BEC ORDÑ
5810,24078,2024-08-15 00:00:00,MTE
5811,24100,2024-09-15 00:00:00,MTE
5812,24122,2024-11-15 00:00:00,MTE
5813,24174,2024-09-01 00:00:00,MTE
5814,0311,2025-06-08 00:00:00,PM LSV
5815,0304,2025-04-15 00:00:00,PM LSV
5816,0018,2025-07-01 00:00:00,RP
5817,8063,2025-07-02 00:00:00,RP
5818,2201,2025-07-02 00:00:00,RP
5819,pend41,2025-03-15 00:00:00,PM LSV
5820,pend35,2025-06-13 00:00:00,PM LSV
5821,pend49,2025-03-15 00:00:00,PM LSV
5822,pend50,2025-06-13 00:00:00,PM LSV
5823,25151,2025-06-08 00:00:00,PM LSV
5824,25152,2025-04-15 00:00:00,PM LSV
5825,25153,2025-07-01 00:00:00,BEC ORDÑ
5826,25154,2025-07-02 00:00:00,BEC ORDÑ
5827,25155,2025-07-02 00:00:00,BEC ORDÑ
5829,3021A,2025-07-04 00:00:00,RP
5830,25156,2025-07-04 00:00:00,BEC ORDÑ
5831,BU316,2025-07-03 00:00:00,RP
5832,BU2502,2025-07-03 00:00:00,BUC ORDEÑO
5833,BU329,2025-07-03 00:00:00,LSV
5834,BU344,2025-05-12 00:00:00,LSP
5835,BU333,2025-05-12 00:00:00,LSP
5836,BU320,2025-05-14 00:00:00,LSP
5837,BU036,2025-05-15 00:00:00,LSP
5838,BU341,2025-05-20 00:00:00,LSP
5839,BU360,2025-05-12 00:00:00,Sin Lote
5840,BU365,2025-05-12 00:00:00,Sin Lote
5841,BU357,2025-05-14 00:00:00,Sin Lote
5842,BU368,2025-05-15 00:00:00,Sin Lote
5843,BU374,2025-05-20 00:00:00,Sin Lote
5844,4075,2025-04-07 00:00:00,LSV
5845,4087,2025-07-03 00:00:00,LPB
5846,3024A,2025-07-03 00:00:00,LPB
5847,2072,2025-07-03 00:00:00,LPB
5848,12164,2025-07-03 00:00:00,PM LSV
5849,8086,2025-07-03 00:00:00,LPB
5850,25014,2025-07-03 00:00:00,PM LSV
5851,25125,2025-07-03 00:00:00,PM LSV
5852,25063,2025-07-03 00:00:00,PM LSV
5853,24235,2025-07-03 00:00:00,BEC ORDÑ
5854,24234,2025-07-03 00:00:00,BEC ORDÑ
5855,24229,2025-07-03 00:00:00,BEC ORDÑ
5856,24222,2025-07-03 00:00:00,BEC ORDÑ
5857,25160,2025-05-30 00:00:00,MORTINATO
5858,9051,2025-05-30 00:00:00,LSV
5859,0298A,2025-07-06 00:00:00,RP
5860,0272,2025-07-08 00:00:00,RP
5861,2014,2025-07-08 00:00:00,RP
5862,BU004,2025-07-05 00:00:00,RP
5863,25157,2025-07-06 00:00:00,BEC ORDÑ
5864,25158,2025-07-08 00:00:00,BEC ORDÑ
5865,25159,2025-07-08 00:00:00,BEC ORDÑ
5866,BU2503,2025-07-05 00:00:00,BUC ORDEÑO
5867,1095B,2025-07-07 00:00:00,BEN1
5868,0254,2025-07-07 00:00:00,BEN1
5869,1036,2025-07-07 00:00:00,BEN1
5870,4075,2025-07-07 00:00:00,BEN1
5871,24149,2025-07-06 00:00:00,MTE
5872,BU004,2025-07-07 00:00:00,MTE
5873,BU048,2025-07-09 00:00:00,RP
5874,8062,2025-07-14 00:00:00,RP
5875,0740,2025-07-14 00:00:00,RP
5876,BU2504,2025-07-09 00:00:00,BUC ORDEÑO
5877,25162,2025-07-14 00:00:00,BEC ORDÑ
5878,25163,2025-07-14 00:00:00,BEC ORDÑ
5879,1102,2025-07-10 00:00:00,RP
5880,25161,2025-07-10 00:00:00,BEC ORDÑ
5881,0234,2025-07-11 00:00:00,CEBA
5882,0302,2025-07-11 00:00:00,LSV
5883,0303,2025-07-11 00:00:00,PM LSP
5884,0305,2025-07-11 00:00:00,LSP
5885,0306,2025-07-11 00:00:00,LSP
5886,0307,2025-07-11 00:00:00,LSP
5887,0308,2025-07-11 00:00:00,LSP
5888,0310,2025-07-11 00:00:00,PM LSP
5889,0312,2025-07-11 00:00:00,LSP
5890,0313,2025-07-11 00:00:00,LSP
5891,0317A,2025-07-11 00:00:00,LSP
5892,1500,2025-07-11 00:00:00,CEBA
5893,1501,2025-07-11 00:00:00,LSP
5894,24171,2025-07-11 00:00:00,MTAPQ
5895,24184,2025-07-11 00:00:00,PM LSP
5896,24306,2025-07-11 00:00:00,Maute PQ
5897,24307,2025-07-11 00:00:00,Maute PQ
5898,24308,2025-07-11 00:00:00,Maute PQ
5899,2500,2025-07-11 00:00:00,LSV
5900,25016,2025-07-11 00:00:00,PM LSP
5901,25041,2025-07-11 00:00:00,PM LSP
5902,25042,2025-07-11 00:00:00,PM LSV
5903,25043,2025-07-11 00:00:00,PM LSP
5904,25151,2025-07-11 00:00:00,PM LSV
5905,25152,2025-07-11 00:00:00,PM LSV
5906,3501,2025-07-11 00:00:00,Maute Med
5907,3504,2025-07-11 00:00:00,Maute Med
5908,4501,2025-07-11 00:00:00,Maute Med
5909,9115,2025-07-11 00:00:00,LSP
5910,9500,2025-07-11 00:00:00,LSP
5911,9501,2025-07-11 00:00:00,LSP
5912,9502,2025-07-11 00:00:00,PEND
5913,9503,2025-07-11 00:00:00,PM LSP
5914,pend24,2025-07-11 00:00:00,LSV
5915,pend41,2025-07-11 00:00:00,LSP
5916,PEND45,2025-07-11 00:00:00,Maute Med
5917,pend49,2025-07-11 00:00:00,PM LSP
5918,25148,2025-07-13 00:00:00,MTE
5919,25118,2025-05-30 00:00:00,PM LSV
5920,3021A,2025-07-16 00:00:00,LPE
5921,0740,2025-07-16 00:00:00,LPE
5922,8062,2025-07-16 00:00:00,LPE
5923,0284,2025-07-16 00:00:00,LPE
5924,0298A,2025-07-16 00:00:00,LPE
5925,1102,2025-07-16 00:00:00,LPE
5926,8063,2025-07-16 00:00:00,LPE
5927,0018,2025-07-16 00:00:00,LPB
5928,8033,2025-07-16 00:00:00,LPB
5929,0272,2025-07-16 00:00:00,LPB
5930,1063,2025-07-16 00:00:00,LPB
5931,2014,2025-07-16 00:00:00,LPB
5932,2201,2025-07-16 00:00:00,LPB
5933,0343,2025-07-16 00:00:00,LBB
5934,60286,2025-07-16 00:00:00,LBB
5935,2208A,2025-07-16 00:00:00,LBB
5936,1066,2025-07-16 00:00:00,LBB
5937,8072,2025-07-16 00:00:00,LBB
5938,8048,2025-07-16 00:00:00,LBB
5939,9389,2025-07-16 00:00:00,LBB
5940,0291,2025-07-16 00:00:00,LBB
5941,1090A,2025-07-16 00:00:00,LBB
5942,2066,2025-07-16 00:00:00,LBB
5943,7032,2025-07-16 00:00:00,LPB
5944,BU347,2025-07-15 00:00:00,RP
5945,BU2505,2025-07-15 00:00:00,BUC ORDEÑO
5946,2094A,2025-07-18 00:00:00,LSP
5947,2063A,2025-07-18 00:00:00,LSP
5948,5144,2025-07-18 00:00:00,LSP
5949,8086,2025-07-18 00:00:00,LSV
5950,8087,2025-07-18 00:00:00,LSP
5951,9040,2025-07-18 00:00:00,LSV
5952,0267,2025-07-18 00:00:00,LSV
5953,0353,2025-07-18 00:00:00,LSP
5954,2040,2025-07-18 00:00:00,LSV
5955,8019,2025-07-18 00:00:00,LSP
5956,24209,2025-07-18 00:00:00,Maute PQ
5957,24188,2025-07-18 00:00:00,Maute PQ
5958,24237,2025-07-18 00:00:00,MTAPQ
5959,24222,2025-07-18 00:00:00,Maute PQ
5960,24185,2025-07-18 00:00:00,Maute PQ
5961,24232,2025-07-18 00:00:00,MTAPQ
5962,24168,2025-07-18 00:00:00,MTAPQ
5963,24213,2025-07-18 00:00:00,MTAPQ
5964,24219,2025-07-18 00:00:00,Maute PQ
5965,BU335,2025-07-18 00:00:00,RP
5966,BU2506,2025-07-18 00:00:00,BUC ORDEÑO
5967,BU082,2025-07-18 00:00:00,RP
5968,BU351,2025-07-19 00:00:00,RP
5969,1097B,2025-07-19 00:00:00,RP
5970,BU2507,2025-07-18 00:00:00,BUC ORDEÑO
5971,BU2508,2025-07-19 00:00:00,BUC ORDEÑO
5972,25164,2025-07-19 00:00:00,BEC ORDÑ
5973,9389,2025-07-21 00:00:00,BEN2
5974,BU329,2025-07-21 00:00:00,LPB
5975,BU106,2025-04-19 00:00:00,LSP
5976,BU349,2025-07-21 00:00:00,LSP
5977,BU345,2025-07-21 00:00:00,LSP
5978,BU340,2025-07-21 00:00:00,LSP
5979,BU343,2025-07-15 00:00:00,LSP
5980,BU339,2025-07-21 00:00:00,LSP
5981,BU035,2025-07-21 00:00:00,LSP
5982,BU006,2025-07-21 00:00:00,LPB
5983,1080A,2025-07-22 00:00:00,BEN1
5984,1078,2025-07-22 00:00:00,BEN1
5985,1500,2025-07-22 00:00:00,BEN1
5986,099,2025-07-22 00:00:00,BEN1
5987,BU370,2025-07-21 00:00:00,CEBA
5988,BU106,2025-07-20 00:00:00,RP
5989,BU332,2025-07-20 00:00:00,RP
5990,BU344,2025-07-22 00:00:00,RP
5991,BU2509,2025-07-20 00:00:00,BUC ORDEÑO
5992,BU2510,2025-07-20 00:00:00,BUC ORDEÑO
5993,BU2511,2025-07-22 00:00:00,BUC ORDEÑO
5994,9006,2025-07-22 00:00:00,RP
5995,0297,2025-07-22 00:00:00,RP
5996,25165,2025-07-22 00:00:00,BEC ORDÑ
5997,25166,2025-07-22 00:00:00,BEC ORDÑ
5998,BU375,2025-07-04 00:00:00,Sin Lote
5999,BU376,2025-06-29 00:00:00,Sin Lote
6000,BU377,2025-06-26 00:00:00,Sin Lote
6001,BU371,2025-06-15 00:00:00,Sin Lote
6002,BU363,2025-07-19 00:00:00,Sin Lote
6003,25137,2025-07-24 00:00:00,BEC ORDÑ
6004,24235,2025-07-24 00:00:00,Maute PQ
6005,24234,2025-07-24 00:00:00,Maute PQ
6006,24230,2025-07-24 00:00:00,MTAPQ
6007,24229,2025-07-24 00:00:00,Maute PQ
6008,24287,2025-07-24 00:00:00,MTAPQ
6009,4087,2025-07-24 00:00:00,LSV
6010,3024A,2025-07-24 00:00:00,LSV
6011,3066B,2025-07-24 00:00:00,LSP
6012,2072,2025-07-24 00:00:00,LSV
6013,91172,2025-07-24 00:00:00,LSP
6014,5079,2025-07-24 00:00:00,LSV
6015,24263,2025-07-24 00:00:00,MTE
6016,pend45,2025-07-25 00:00:00,MTE
6017,0101,2025-07-24 00:00:00,LSP
6018,25167,2025-07-25 00:00:00,BEC ORDÑ
6019,EMB 5,2025-07-25 00:00:00,RP
6020,1128,2025-07-22 00:00:00,MTE
6021,2047,2025-07-26 00:00:00,RP
6022,2095,2025-07-27 00:00:00,RP
6023,9037,2025-07-27 00:00:00,RP
6024,25168,2025-07-26 00:00:00,BEC ORDÑ
6025,25169,2025-07-27 00:00:00,BEC ORDÑ
6027,J8705,2025-07-26 00:00:00,LSV
6028,BU324,2025-07-23 00:00:00,RP
6029,BU346,2025-07-28 00:00:00,RP
6030,BU053,2025-07-29 00:00:00,RP
6031,BU2512,2025-07-23 00:00:00,BUC ORDEÑO
6032,BU2513,2025-07-28 00:00:00,BUC ORDEÑO
6033,BU2514,2025-07-29 00:00:00,BUC ORDEÑO
6034,BU048,2025-07-29 00:00:00,LPB
6035,BU347,2025-07-29 00:00:00,LPB
6038,1123,2025-05-29 00:00:00,LSP
6039,25153,2025-07-30 00:00:00,MTE
6040,25170,2025-07-27 00:00:00,BEC ORDÑ
6041,BU340,2025-07-30 00:00:00,RP
6042,BU2515,2025-07-30 00:00:00,BUC ORDEÑO
6043,0313,2025-08-02 00:00:00,RP
6044,25171,2025-08-02 00:00:00,BEC ORDÑ
6045,24078,2025-08-04 00:00:00,MTAMD
6046,24174,2025-08-04 00:00:00,MTAPQ
6047,5529,2025-08-03 00:00:00,MTE
6048,BU320,2025-08-03 00:00:00,RP
6049,BU2516,2025-08-03 00:00:00,BUC ORDEÑO
6050,3178,2025-08-06 00:00:00,MTE
6051,2056,2025-08-06 00:00:00,BEN1
6052,0358,2025-08-06 00:00:00,BEN1
6053,2204,2025-08-06 00:00:00,BEN1
6054,0351,2025-08-06 00:00:00,BEN1
6055,BU333,2025-08-06 00:00:00,RP
6056,BU2517,2025-08-06 00:00:00,BUC ORDEÑO
6057,0128,2025-08-13 00:00:00,RP
6058,25179,2025-08-13 00:00:00,BEC ORDÑ
6059,1112A,2025-08-09 00:00:00,RP
6060,2097,2025-08-10 00:00:00,RP
6061,5030,2025-08-10 00:00:00,RP
6062,2107,2025-08-11 00:00:00,RP
6063,2064,2025-08-12 00:00:00,RP
6064,0252,2025-08-13 00:00:00,RP
6065,4101,2025-08-13 00:00:00,RP
6066,25172,2025-08-09 00:00:00,BEC ORDÑ
6067,25173,2025-08-10 00:00:00,BEC ORDÑ
6068,25174,2025-08-10 00:00:00,BEC ORDÑ
6069,25175,2025-08-11 00:00:00,BEC ORDÑ
6070,25176,2025-08-12 00:00:00,BEC ORDÑ
6071,25177,2025-08-13 00:00:00,BEC ORDÑ
6072,25178,2025-08-13 00:00:00,BEC ORDÑ
6073,25168,2025-08-07 00:00:00,MTE
6074,25136,2025-08-12 00:00:00,MTE
6075,1088A,2025-08-07 00:00:00,LSP
6076,1053A,2025-08-07 00:00:00,LSV
6077,5679,2025-08-07 00:00:00,LSP
6078,3026A,2025-08-07 00:00:00,LSV
6079,8043,2025-08-07 00:00:00,LSV
6080,24259,2025-08-07 00:00:00,MTAPQ
6081,24220,2025-08-07 00:00:00,Maute PQ
6082,24172,2025-08-07 00:00:00,Maute PQ
6083,24202,2025-08-07 00:00:00,Maute PQ
6084,SNA,2025-08-07 00:00:00,LBB
6085,0132,2025-08-07 00:00:00,LBB
6086,0332,2025-08-07 00:00:00,LBB
6087,7033,2025-08-07 00:00:00,LEN
6088,1100B,2025-08-07 00:00:00,LBB
6089,0313,2025-08-07 00:00:00,LBB
6090,1097B,2025-08-07 00:00:00,LBB
6091,2047,2025-08-07 00:00:00,LPE
6092,9006,2025-08-07 00:00:00,LPB
6093,9037,2025-08-07 00:00:00,LPE
6094,0297,2025-08-07 00:00:00,LPB
6095,2095,2025-08-07 00:00:00,LPB
6096,EMB 5,2025-08-07 00:00:00,LPB
6097,8026,2025-08-16 00:00:00,RP
6098,2111,2025-08-16 00:00:00,RP
6099,BU035,2025-08-18 00:00:00,RP
6100,25180,2025-08-16 00:00:00,BEC ORDÑ
6101,25181,2025-08-16 00:00:00,BEC ORDÑ
6102,BU2518,2025-08-18 00:00:00,BUC ORDEÑO
6103,2063A,2025-08-20 00:00:00,RP
6104,25182,2025-08-20 00:00:00,BEC ORDÑ
6105,1168,2025-08-20 00:00:00,BEN2
6106,0211,2025-08-21 00:00:00,VEND
6107,0224,2025-08-21 00:00:00,VEND
6108,20,2025-08-21 00:00:00,VEND
6109,5013,2025-08-21 00:00:00,VEND
6110,7076,2025-08-21 00:00:00,VEND
6111,80841,2025-08-21 00:00:00,VEND
6112,9045,2025-08-21 00:00:00,VEND
6113,9047,2025-08-21 00:00:00,VEND
6114,9192,2025-08-21 00:00:00,VEND
6115,9219,2025-08-21 00:00:00,VEND
6116,EMB 3,2025-08-21 00:00:00,VEND
6117,J8705,2025-08-21 00:00:00,VEND
6118,25172,2025-08-10 00:00:00,MTE
6119,25180,2025-08-22 00:00:00,MTE
6120,50501,2025-08-20 00:00:00,RP
6121,2108,2025-08-21 00:00:00,RP
6122,9015,2025-08-22 00:00:00,RP
6123,25183,2025-08-20 00:00:00,BEC ORDÑ
6124,25184,2025-08-21 00:00:00,BEC ORDÑ
6125,25185,2025-08-22 00:00:00,BEC ORDÑ
6126,1106A,2025-08-25 00:00:00,BEN1
6127,9135,2025-08-25 00:00:00,BEN1
6128,0346,2025-08-25 00:00:00,BEN1
6129,1112A,2025-08-25 00:00:00,BEN1
6130,2148A,2025-08-24 00:00:00,RP
6131,7074,2025-08-24 00:00:00,RP
6132,9501,2025-08-24 00:00:00,RP
6133,25186,2025-08-24 00:00:00,BEC ORDÑ
6134,25187,2025-08-24 00:00:00,BEC ORDÑ
6135,25188,2025-08-24 00:00:00,BEC ORDÑ
6136,BU076,2025-08-20 00:00:00,RP
6137,30212,2025-08-25 00:00:00,RP
6138,BU2519,2025-08-20 00:00:00,BUC ORDEÑO
6139,25189,2025-08-25 00:00:00,BEC ORDÑ
6140,20001,2025-08-28 00:00:00,LSP
6141,7012,2025-08-27 00:00:00,RP
6142,9076,2025-08-27 00:00:00,RP
6143,8010,2025-08-27 00:00:00,RP
6144,6021,2025-08-27 00:00:00,RP
6145,8076,2025-08-27 00:00:00,RP
6146,25190,2025-08-27 00:00:00,BEC ORDÑ
6147,25191,2025-08-27 00:00:00,BEC ORDÑ
6148,25192,2025-08-27 00:00:00,BEC ORDÑ
6149,25193,2025-08-27 00:00:00,BEC ORDÑ
6150,25194,2025-08-27 00:00:00,BEC ORDÑ
6151,8096,2025-08-26 00:00:00,LSP
6152,8061,2025-08-26 00:00:00,LSP
6153,1088A,2025-08-26 00:00:00,LSP
6154,2226,2025-08-26 00:00:00,LSV
6155,2124A,2025-08-26 00:00:00,LSV
6156,3026A,2025-08-26 00:00:00,LSV
6157,6070,2025-08-26 00:00:00,LSV
6158,6067,2025-08-26 00:00:00,LSV
6159,8026,2025-08-26 00:00:00,LSV
6160,8043,2025-08-26 00:00:00,LSV
6161,8048,2025-08-26 00:00:00,LSV
6162,0291,2025-08-26 00:00:00,LSV
6163,1017A,2025-08-26 00:00:00,LSV
6164,1053A,2025-08-26 00:00:00,LSV
6165,35,2025-08-26 00:00:00,LSV
6166,24170,2025-08-26 00:00:00,Sin Lote
6167,24239,2025-08-26 00:00:00,MTAPQ
6168,24216,2025-08-26 00:00:00,MTAPQ
6169,24262,2025-08-26 00:00:00,Maute PQ
6170,24261,2025-08-26 00:00:00,Sin Lote
6171,6028,2025-08-26 00:00:00,PM LSV
6172,7072,2025-08-26 00:00:00,PM LSV
6173,0343,2025-08-26 00:00:00,PM LSV
6174,31,2025-08-26 00:00:00,PM LSV
6175,25122,2025-08-26 00:00:00,PM LSV
6176,25137,2025-08-26 00:00:00,PM LSV
6177,25140,2025-08-26 00:00:00,PM LSV
6178,25149,2025-08-26 00:00:00,PM LSV
6179,3084,2025-08-30 00:00:00,BEN2
6180,8054,2025-08-08 00:00:00,LSV
6181,5033,2025-08-29 00:00:00,LSV
6182,8046,2025-09-02 00:00:00,RP
6183,7028,2025-09-02 00:00:00,RP
6184,25195,2025-09-02 00:00:00,BEC ORDÑ
6185,25196,2025-09-02 00:00:00,BEC ORDÑ
6186,0323,2025-09-02 00:00:00,RP
6187,5082,2025-09-02 00:00:00,RP
6188,BU036,2025-09-02 00:00:00,RP
6189,BU337,2025-09-02 00:00:00,RP
6190,25197,2025-09-02 00:00:00,BEC ORDÑ
6191,25198,2025-09-02 00:00:00,BEC ORDÑ
6192,BU2520,2025-09-02 00:00:00,BUC ORDEÑO
6193,BU2521,2025-09-02 00:00:00,BUC ORDEÑO
6194,2059,2025-09-02 00:00:00,RP
6195,25199,2025-09-02 00:00:00,BEC ORDÑ
6196,0306,2024-08-15 00:00:00,RP
6197,0306,2025-09-07 00:00:00,RP
6198,80882,2025-09-07 00:00:00,RP
6199,8045,2025-09-07 00:00:00,RP
6200,0306P,2024-09-15 00:00:00,MTE
6201,25200,2025-09-07 00:00:00,BEC ORDÑ
6202,25201,2025-09-07 00:00:00,BEC ORDÑ
6203,25202,2025-09-07 00:00:00,BEC ORDÑ
6204,MSN12,2025-09-08 00:00:00,BEN1
6205,MSN17,2025-09-08 00:00:00,BEN1
6206,1046A,2025-09-08 00:00:00,BEN1
6207,1044,2025-09-08 00:00:00,BEN1
6208,4053,2025-09-05 00:00:00,LSP
6209,24012,2025-09-05 00:00:00,MTAPQ
6210,BU334,2025-07-04 00:00:00,LSP
6211,BU062,2025-08-20 00:00:00,RP
6212,BU2522,2025-08-20 00:00:00,BUC ORDEÑO
6213,25193,2025-09-05 00:00:00,MTE
6214,2002,2025-09-05 00:00:00,LSV
6215,BU347,2025-07-30 00:00:00,LPB
6216,BU335,2025-08-06 00:00:00,LPB
6217,BU351,2025-08-06 00:00:00,LPB
6218,BU106,2025-08-06 00:00:00,LPB
6219,BU332,2025-08-06 00:00:00,LPB
6220,BU076,2025-09-04 00:00:00,LPB
6221,BU053,2025-08-11 00:00:00,LPB
6222,BU346,2025-08-12 00:00:00,LPB
6223,BU344,2025-08-11 00:00:00,LPB
6224,BU324,2025-08-11 00:00:00,LPB
6225,BU035,2025-09-04 00:00:00,LPB
6226,BU362,2025-08-19 00:00:00,Sin Lote
6227,BU338,2025-08-19 00:00:00,LSP
6228,8060,2025-09-10 00:00:00,RP
6229,2030,2025-09-10 00:00:00,RP
6230,22172,2025-09-10 00:00:00,RP
6231,4055,2025-09-10 00:00:00,RP
6232,2196,2025-09-10 00:00:00,RP
6234,25203,2025-09-10 00:00:00,BEC ORDÑ
6235,25204,2025-09-10 00:00:00,BEC ORDÑ
6236,25205,2025-09-10 00:00:00,BEC ORDÑ
6237,25206,2025-09-10 00:00:00,BEC ORDÑ
6239,25208,2025-09-10 00:00:00,BEC ORDÑ
6240,25209,2025-09-10 00:00:00,BEC ORDÑ
6241,3119,2025-09-10 00:00:00,LSV
6242,22186,2025-09-10 00:00:00,LSV
6243,22191,2025-09-10 00:00:00,LSV
6244,3027A,2025-09-12 00:00:00,PM LSV
6245,25104,2025-09-12 00:00:00,PM LSV
6246,2220,2025-09-12 00:00:00,LSP
6247,2039,2025-09-12 00:00:00,LSP
6248,60286,2025-09-12 00:00:00,LSV
6249,0298,2025-09-12 00:00:00,LSV
6250,1078A,2025-09-12 00:00:00,LSP
6251,2059,2025-09-12 00:00:00,LSV
6252,BU318,2025-09-10 00:00:00,RP
6253,2196A,2025-09-10 00:00:00,RP
6254,1095A,2025-09-13 00:00:00,RP
6255,1077A,2025-09-13 00:00:00,RP
6256,0312,2025-09-13 00:00:00,RP
6257,4151,2025-09-14 00:00:00,RP
6258,19,2025-09-14 00:00:00,RP
6259,1015,2025-09-10 00:00:00,RP
6260,BU2523,2025-09-10 00:00:00,BUC ORDEÑO
6261,25207,2025-09-10 00:00:00,BEC ORDÑ
6263,25210,2025-09-13 00:00:00,BEC ORDÑ
6264,25211,2025-09-13 00:00:00,BEC ORDÑ
6265,25212,2025-09-14 00:00:00,BEC ORDÑ
6266,25213,2025-09-14 00:00:00,BEC ORDÑ
6267,25214,2025-09-10 00:00:00,BEC ORDÑ
6268,25209,2025-09-13 00:00:00,BEC ORDÑ
6269,25171,2025-09-14 00:00:00,MTE
6270,25198,2025-09-14 00:00:00,MTE
6271,5079,2025-09-12 00:00:00,LPB
6272,3028A,2025-09-12 00:00:00,PM LSV
6273,25017,2025-09-12 00:00:00,PM LSV
6274,8010,2025-09-12 00:00:00,LPB
6275,0252,2025-09-12 00:00:00,LPE
6276,2111,2025-09-12 00:00:00,LPE
6277,2108,2025-09-12 00:00:00,LPB
6278,0306,2025-09-12 00:00:00,LPE
6279,9501,2025-09-12 00:00:00,LPB
6280,6021,2025-09-12 00:00:00,LBB
6281,0018,2025-09-12 00:00:00,LBB
6282,4055,2025-09-12 00:00:00,LBB
6283,80882,2025-09-12 00:00:00,LBB
6284,0128,2025-09-12 00:00:00,LBB
6285,2064,2025-09-12 00:00:00,LBB
6286,2097,2025-09-12 00:00:00,LBB
6287,50501,2025-09-12 00:00:00,LBB
6288,9500,2025-09-16 00:00:00,RP
6289,0231A,2025-09-16 00:00:00,RP
6290,5077,2025-09-16 00:00:00,RP
6291,8017,2025-09-16 00:00:00,RP
6292,4018,2025-09-16 00:00:00,RP
6293,25215,2025-09-16 00:00:00,BEC ORDÑ
6294,25216,2025-09-16 00:00:00,BEC ORDÑ
6295,25217,2025-09-16 00:00:00,BEC ORDÑ
6296,25218,2025-09-16 00:00:00,BEC ORDÑ
6297,25219,2025-09-16 00:00:00,BEC ORDÑ
6298,0272,2025-09-12 00:00:00,LPE
6299,2018,2025-09-12 00:00:00,LPE
6300,1109B,2025-09-12 00:00:00,LPE
6301,1063,2025-09-12 00:00:00,LPE
6302,2203,2025-09-12 00:00:00,LPE
6303,2095,2025-09-12 00:00:00,LPE
6304,2021,2025-09-12 00:00:00,LPB
6305,5052,2025-09-12 00:00:00,LPB
6306,5090,2025-09-12 00:00:00,LPB
6307,8079,2025-09-12 00:00:00,LPB
6308,0220,2025-09-12 00:00:00,LPB
6309,0299A,2025-09-12 00:00:00,LPB
6310,1075,2025-09-12 00:00:00,LPB
6311,J01415,2025-09-12 00:00:00,LPB
6312,J426,2025-09-12 00:00:00,LPB
6313,7077,2025-09-12 00:00:00,LPE
6314,9011,2025-09-12 00:00:00,LPB
6315,0208A,2025-09-12 00:00:00,LPE
6316,0332,2025-09-12 00:00:00,LPE
6317,0313,2025-09-12 00:00:00,LPB
6318,8046,2025-09-12 00:00:00,LPE
6319,30212,2025-09-12 00:00:00,LPE
6320,5030,2025-09-12 00:00:00,LPE
6321,8045,2025-09-12 00:00:00,LPE
6322,8076,2025-09-12 00:00:00,LPB
6323,9015,2025-09-12 00:00:00,LPE
6324,9076,2025-09-12 00:00:00,LPE
6325,0323,2025-09-12 00:00:00,LPE
6326,9125,2025-09-17 00:00:00,RP
6327,25220,2025-09-17 00:00:00,BEC ORDÑ
6328,25221,2025-09-21 00:00:00,BEC ORDÑ
6329,8019,2025-09-21 00:00:00,RP
6330,25195,2025-09-23 00:00:00,MTE
6331,24261,2025-09-19 00:00:00,MTE
6332,25018,2025-09-20 00:00:00,MTE
6333,2219,2025-09-18 00:00:00,BEN2
6334,BU316,2025-09-18 00:00:00,LPB
6335,0349,2025-09-22 00:00:00,RP
6336,25223,2025-09-22 00:00:00,BEC ORDÑ
6337,4101,2025-09-23 00:00:00,PM LSV
6338,0128,2025-09-23 00:00:00,PM LSV
6339,50501,2025-09-23 00:00:00,PM LSV
6340,2064,2025-09-23 00:00:00,PM LSV
6341,2097,2025-09-23 00:00:00,PM LSV
6342,1097B,2025-09-23 00:00:00,PM LSV
6343,2107,2025-09-23 00:00:00,PM LSV
6344,25178,2025-09-23 00:00:00,PM LSV
6345,25179,2025-09-23 00:00:00,PM LSV
6346,25183,2025-09-23 00:00:00,PM LSV
6347,25176,2025-09-23 00:00:00,PM LSV
6348,25173,2025-09-23 00:00:00,PM LSV
6349,25164,2025-09-23 00:00:00,PM LSV
6350,25175,2025-09-23 00:00:00,PM LSV
6351,2021,2025-09-24 00:00:00,PM LSV
6352,60286,2025-09-24 00:00:00,LSV
6353,2096,2025-09-24 00:00:00,PM LSV
6354,5082,2025-09-24 00:00:00,LSV
6355,7067,2025-09-24 00:00:00,PM LSV
6356,8072,2025-09-24 00:00:00,LSV
6357,7032,2025-09-24 00:00:00,PM LSV
6358,0294,2025-09-24 00:00:00,LSV
6359,0299C,2025-09-24 00:00:00,PM LSV
6360,7066,2025-09-24 00:00:00,PM LSV
6361,1109A,2025-09-24 00:00:00,PM LSV
6362,1139A,2025-09-24 00:00:00,PM LSV
6363,0139,2025-09-24 00:00:00,LSV
6364,0313,2025-09-24 00:00:00,LSV
6365,0302,2025-09-24 00:00:00,LSV
6366,0320,2025-09-24 00:00:00,PM LSV
6367,25021,2025-09-24 00:00:00,PM LSV
6368,24243,2025-09-24 00:00:00,Maute PQ
6369,25028,2025-09-24 00:00:00,PM LSV
6370,24272,2025-09-24 00:00:00,PM LSV
6371,24270,2025-09-24 00:00:00,PM LSV
6372,24269,2025-09-24 00:00:00,PM LSV
6373,24284,2025-09-24 00:00:00,PM LSV
6374,24289,2025-09-24 00:00:00,PM LSV
6375,25035,2025-09-24 00:00:00,PM LSV
6376,25026,2025-09-24 00:00:00,PM LSV
6377,7032,2025-09-23 00:00:00,PM LSV
6378,24270,2025-09-23 00:00:00,PM LSV
6379,9016,2025-09-24 00:00:00,RP
6380,25224,2025-09-24 00:00:00,BEC ORDÑ
6381,9122,2025-09-22 00:00:00,RP
6382,9016,2025-09-24 00:00:00,RP
6383,10391,2025-09-25 00:00:00,RP
6384,4066,2025-09-25 00:00:00,RP
6385,25222,2025-09-22 00:00:00,BEC ORDÑ
6386,25224,2025-09-24 00:00:00,BEC ORDÑ
6387,25225,2025-09-25 00:00:00,BEC ORDÑ
6388,25226,2025-09-25 00:00:00,BEC ORDÑ
6389,2005A,2025-09-26 00:00:00,BEN2
6390,2063B,2025-09-26 00:00:00,RP
6391,25227,2025-09-26 00:00:00,BEC ORDÑ
6392,BU337,2025-09-26 00:00:00,LPB
6393,BU062,2025-09-26 00:00:00,LPB
6395,25228,2025-09-27 00:00:00,MORTINATO
6396,25229,2025-09-27 00:00:00,BEC ORDÑ
6397,25230,2025-09-27 00:00:00,BEC ORDÑ
6398,2037,2025-09-27 00:00:00,RP
6399,9073,2025-09-27 00:00:00,RP
6400,24206B,2024-09-15 00:00:00,MTE
6401,2153,2025-09-27 00:00:00,BEN2
6402,25227,2025-09-28 00:00:00,MTE
6403,0327,2025-09-29 00:00:00,RP
6404,25231,2025-09-29 00:00:00,BEC ORDÑ
6405,BU318,2025-09-30 00:00:00,LPB
6406,BU0320,2025-08-16 00:00:00,LPB
6407,BU036,2025-09-15 00:00:00,LPB
6408,BU340,2025-08-16 00:00:00,LPB
6409,BU333,2025-09-05 00:00:00,LPB
6410,BU320,2025-08-16 00:00:00,LPB
6411,BU082,2025-07-30 00:00:00,LBB
6412,1032,2025-09-30 00:00:00,RP
6413,25232,2025-09-30 00:00:00,BEC ORDÑ
6414,25090,2025-10-01 00:00:00,MTE
6415,25233,2025-10-03 00:00:00,BEC ORDÑ
6416,02331,2025-10-03 00:00:00,RP
6417,4007,2025-10-06 00:00:00,RP
6418,2048,2025-10-06 00:00:00,RP
6419,BU348,2025-09-25 00:00:00,RP
6420,BU343,2025-09-26 00:00:00,RP
6421,BU312,2025-10-03 00:00:00,RP
6422,25234,2025-10-06 00:00:00,BEC ORDÑ
6423,25235,2025-10-06 00:00:00,BEC ORDÑ
6424,BU2524,2025-09-25 00:00:00,BUC ORDEÑO
6425,BU2525,2025-09-26 00:00:00,BUC ORDEÑO
6426,BU2526,2025-10-03 00:00:00,BUC ORDEÑO
6427,20001,2025-09-28 00:00:00,RP
6428,25236,2025-09-28 00:00:00,BEC ORDÑ
6429,8041,2025-10-07 00:00:00,RP
6430,25237,2025-10-07 00:00:00,BEC ORDÑ
6431,9011,2025-10-09 00:00:00,LBB
6432,J01415,2025-10-09 00:00:00,LBB
6433,80472,2025-10-09 00:00:00,LBB
6434,4A,2025-10-09 00:00:00,LBB
6435,0349,2025-10-09 00:00:00,LBB
6436,25217,2025-10-09 00:00:00,MTE
6437,25185,2025-10-09 00:00:00,MTE
6438,24291,2025-09-12 00:00:00,Maute PQ
6439,24200,2025-08-26 00:00:00,Maute PQ
6440,24275,2025-08-26 00:00:00,MTAPQ
6441,24246,2025-10-10 00:00:00,Maute PQ
6442,24273,2025-10-10 00:00:00,Maute PQ
6443,24298,2025-10-10 00:00:00,MTAPQ
6444,25039,2025-10-10 00:00:00,Maute PQ
6445,24260,2025-10-10 00:00:00,Maute PQ
6446,24255,2025-10-10 00:00:00,Maute PQ
6447,24256,2025-10-10 00:00:00,Maute PQ
6448,25009,2025-10-10 00:00:00,MTAPQ
6449,24292,2025-10-10 00:00:00,Maute PQ
6450,25189,2025-10-13 00:00:00,MTE
6451,8006,2025-01-10 00:00:00,RP
6452,0246,2025-01-10 00:00:00,RP
6453,25238,2025-01-10 00:00:00,BEC ORDÑ
6454,25239,2025-01-10 00:00:00,BEC ORDÑ
6455,0270,2025-10-13 00:00:00,LSV
6456,7032,2025-10-13 00:00:00,LSV
6457,8082,2025-10-13 00:00:00,LSP
6458,2066,2025-10-13 00:00:00,LSP
6459,31102,2025-10-13 00:00:00,LSP
6460,7066,2025-10-13 00:00:00,LSV
6461,0332,2025-10-13 00:00:00,LSP
6462,1066,2025-10-13 00:00:00,LSV
6463,7087,2025-10-13 00:00:00,LSV
6464,9110A,2025-10-13 00:00:00,LSP
6465,0229,2025-10-13 00:00:00,LSP
6466,3132,2025-10-13 00:00:00,LSP
6467,24252,2025-10-13 00:00:00,MTAPQ
6468,24270,2025-10-13 00:00:00,Maute PQ
6469,24277,2025-10-13 00:00:00,MTAPQ
6470,24278,2025-10-13 00:00:00,MTAPQ
6471,24283,2025-10-13 00:00:00,MTAPQ
6472,24284,2025-10-13 00:00:00,MTAPQ
6473,24285,2025-10-13 00:00:00,Maute PQ
6474,24286,2025-10-13 00:00:00,MTAPQ
6475,24290,2025-10-13 00:00:00,Maute PQ
6476,24297,2025-10-13 00:00:00,MTAPQ
6477,24300,2025-10-13 00:00:00,Maute PQ
6478,25001,2025-10-13 00:00:00,Maute PQ
6479,25023,2025-10-13 00:00:00,MTAPQ
6480,2196A,2025-10-08 00:00:00,LPE
6481,7028,2025-10-08 00:00:00,LPE
6482,2148A,2025-10-08 00:00:00,LPE
6483,4151,2025-10-08 00:00:00,LPE
6484,2063A,2025-10-08 00:00:00,LPE
6485,1015,2025-10-08 00:00:00,LPE
6486,4018,2025-10-08 00:00:00,LPB
6487,2048,2025-10-08 00:00:00,LPB
6488,5077,2025-10-08 00:00:00,LPB
6489,7012,2025-10-08 00:00:00,LPB
6490,7074,2025-10-08 00:00:00,LPE
6491,1095A,2025-10-08 00:00:00,LPB
6492,9125,2025-10-08 00:00:00,LPE
6493,19,2025-10-08 00:00:00,LPB
6494,9016,2025-10-08 00:00:00,LPB
6495,9073,2025-10-08 00:00:00,LPE
6496,0231A,2025-10-08 00:00:00,LPE
6497,02331,2025-10-08 00:00:00,LPB
6498,0327,2025-10-08 00:00:00,LPB
6499,8017,2025-10-08 00:00:00,LPE
6500,2030,2025-10-08 00:00:00,LPE
6501,0312,2025-10-08 00:00:00,LPB
6502,9500,2025-10-08 00:00:00,LPB
6503,8019,2025-10-08 00:00:00,LPE
6504,22171,2025-10-08 00:00:00,LPE
6505,20001,2025-10-08 00:00:00,LPB
6506,6021,2025-10-08 00:00:00,LPB
6507,33,2025-10-08 00:00:00,LPB
6508,80882,2025-10-08 00:00:00,LPE
6509,9501,2025-10-08 00:00:00,LPE
6510,EMB 2,2025-10-08 00:00:00,LPB
6511,8030,2025-10-08 00:00:00,LPB
6512,8050,2025-10-08 00:00:00,LPB
6513,0329,2025-10-08 00:00:00,LPB
6514,2095,2025-10-08 00:00:00,LPB
6515,J424,2025-10-08 00:00:00,LPB
6516,80472,2025-10-13 00:00:00,LSP
6517,8036,2025-10-13 00:00:00,LSV
6518,91262,2025-10-13 00:00:00,LSP
6519,9007,2025-10-10 00:00:00,LSP
6520,2063B,2025-10-10 00:00:00,LSV
6521,0313,2025-10-14 00:00:00,BEN1
6522,SNA,2025-10-08 00:00:00,PM LSV
6523,0349,2025-10-08 00:00:00,PM LSV
6524,10391,2025-10-08 00:00:00,PM LSV
6525,1077A,2025-10-08 00:00:00,PM LSV
6526,7080,2025-10-08 00:00:00,PM LSV
6527,8060,2025-10-08 00:00:00,PM LSV
6528,9122,2025-10-08 00:00:00,PM LSV
6529,25144,2025-10-08 00:00:00,PM LSV
6530,25223,2025-10-08 00:00:00,PM LSV
6531,25225,2025-10-08 00:00:00,PM LSV
6532,25210,2025-10-08 00:00:00,PM LSV
6533,25138,2025-10-08 00:00:00,PM LSV
6534,25203,2025-10-08 00:00:00,PM LSV
6535,25222,2025-10-08 00:00:00,PM LSV
6536,2143,2025-10-10 00:00:00,LSP
6537,5090,2025-10-10 00:00:00,LSP
6538,1079,2025-10-10 00:00:00,LSP
6539,2023,2025-10-14 00:00:00,RP
6540,9053,2025-10-14 00:00:00,RP
6541,25240,2025-10-14 00:00:00,BEC ORDÑ
6542,25241,2025-10-14 00:00:00,BEC ORDÑ
6543,0249,2025-10-15 00:00:00,RP
6544,0333,2025-10-15 00:00:00,RP
6545,25242,2025-10-15 00:00:00,BEC ORDÑ
6546,25243,2025-10-15 00:00:00,BEC ORDÑ
6547,BU341,2025-10-14 00:00:00,RP
6548,BU2527,2025-10-14 00:00:00,BUC ORDEÑO
6549,34,2025-10-16 00:00:00,RP
6551,0278,2025-10-16 00:00:00,RP
6552,25244,2025-10-16 00:00:00,BEC ORDÑ
6553,25245,2025-10-16 00:00:00,MORTINATO
6554,25246,2025-10-16 00:00:00,BEC ORDÑ
6555,J422,2025-10-16 00:00:00,LSV
6556,25245,2025-10-16 00:00:00,MORTINATO
6557,0258,2025-10-19 00:00:00,RP
6558,1088A,2025-10-19 00:00:00,RP
6559,25247,2025-10-19 00:00:00,BEC ORDÑ
6560,25248,2025-10-19 00:00:00,BEC ORDÑ
6561,BU2527,2025-10-18 00:00:00,MTE
6562,BU2521,2025-09-25 00:00:00,MTE
6563,25225,2025-10-21 00:00:00,MTE
6564,0206A,2025-10-21 00:00:00,RP
6565,25249,2025-10-21 00:00:00,BEC ORDÑ
6566,0299C,2025-10-20 00:00:00,LSV
6567,0320,2025-10-20 00:00:00,LSV
6568,1109A,2025-10-20 00:00:00,LSV
6569,1139A,2025-10-20 00:00:00,LSV
6570,2021,2025-10-20 00:00:00,LSV
6571,2096,2025-10-20 00:00:00,LSV
6572,3028A,2025-10-20 00:00:00,LSV
6573,7067,2025-10-20 00:00:00,LSV
6574,24269,2025-10-20 00:00:00,Maute PQ
6575,25026,2025-10-20 00:00:00,Maute PQ
6576,24289,2025-10-20 00:00:00,MTAPQ
6577,25035,2025-10-20 00:00:00,MTAPQ
6578,25021,2025-10-20 00:00:00,MTAPQ
6579,25028,2025-10-20 00:00:00,Maute PQ
6580,25017,2025-10-20 00:00:00,Maute PQ
6581,24272,2025-10-20 00:00:00,MTAPQ
6582,4A,2025-10-20 00:00:00,PM LSV
6583,25084,2025-10-20 00:00:00,PM LSV
6584,BU337,2025-10-22 00:00:00,LSV
6585,2103,2025-10-24 00:00:00,RP
6586,25250,2025-10-24 00:00:00,BEC ORDÑ
6587,25238,2025-10-24 00:00:00,MTE
6588,25108,2025-08-06 00:00:00,SUTE
6590,1216,2025-10-27 00:00:00,BEN2
6591,24248,2025-10-27 00:00:00,MTAPQ
6592,24282,2025-10-27 00:00:00,MTAPQ
6593,25024,2025-10-27 00:00:00,MTAPQ
6594,25045,2025-10-27 00:00:00,MTAPQ
6595,91171,2025-10-27 00:00:00,LSP
6596,8089,2025-10-27 00:00:00,LSP
6597,4035,2025-10-27 00:00:00,LSP
6598,2208A,2025-10-27 00:00:00,LSP
6599,25210,2025-10-23 00:00:00,LBB
6600,1077A,2025-10-23 00:00:00,LBB
6601,25223,2025-10-23 00:00:00,LBB
6602,25203,2025-10-23 00:00:00,LBB
6603,0349,2025-10-23 00:00:00,LBB
6604,8060,2025-10-23 00:00:00,LBB
6606,2107,2025-10-23 00:00:00,LBB
6607,24244,2025-10-27 00:00:00,MTAPQ
6609,0342,2025-10-23 00:00:00,LSP
6610,24184,2025-10-29 00:00:00,Maute PQ
6611,24218,2025-10-29 00:00:00,MTAPQ
6612,24233,2025-10-29 00:00:00,Maute PQ
6613,24240,2025-10-29 00:00:00,Maute PQ
6614,24242,2025-10-29 00:00:00,MTAPQ
6615,24247,2025-10-29 00:00:00,MTAPQ
6616,24249,2025-10-29 00:00:00,MTAPQ
6617,24264,2025-10-29 00:00:00,MTAPQ
6618,24268,2025-10-29 00:00:00,MTAPQ
6619,24271,2025-10-29 00:00:00,Maute PQ
6620,24274,2025-10-29 00:00:00,Maute PQ
6621,24276,2025-10-29 00:00:00,Maute PQ
6622,24279,2025-10-29 00:00:00,MTAPQ
6623,24280,2025-10-29 00:00:00,Maute PQ
6624,24288,2025-10-29 00:00:00,MTAPQ
6625,24299,2025-10-29 00:00:00,Maute PQ
6626,24302,2025-10-29 00:00:00,MTAPQ
6627,24303,2025-10-29 00:00:00,Maute PQ
6628,25003,2025-10-29 00:00:00,Maute PQ
6629,25006,2025-10-29 00:00:00,MTAPQ
6630,25010,2025-10-29 00:00:00,MTAPQ
6631,25011,2025-10-29 00:00:00,MTAPQ
6632,25013,2025-10-29 00:00:00,Maute PQ
6633,25015,2025-10-29 00:00:00,Maute PQ
6634,25016,2025-10-29 00:00:00,MTAPQ
6635,25025,2025-10-29 00:00:00,MTAPQ
6636,25029,2025-10-29 00:00:00,MTAPQ
6637,25032,2025-10-29 00:00:00,MTAPQ
6638,25033,2025-10-29 00:00:00,Maute PQ
6639,25037,2025-10-29 00:00:00,MTAPQ
6640,25038,2025-10-29 00:00:00,Maute PQ
6641,25041,2025-10-29 00:00:00,MTAPQ
6642,25042,2025-10-29 00:00:00,Maute PQ
6643,25043,2025-10-29 00:00:00,Maute PQ
6644,25044,2025-10-29 00:00:00,Maute PQ
6645,25051,2025-10-29 00:00:00,Maute PQ
6646,25080,2025-10-29 00:00:00,MTAPQ
6647,pend49,2025-10-29 00:00:00,Maute PQ
6648,0143,2025-10-29 00:00:00,LSP
6649,0205,2025-10-29 00:00:00,LSV
6650,0263,2025-10-29 00:00:00,LSV
6651,0274,2025-10-29 00:00:00,LSV
6652,0303,2025-10-29 00:00:00,LSP
6653,0307,2025-10-29 00:00:00,LSP
6654,0310,2025-10-29 00:00:00,LSP
6655,0314,2025-10-29 00:00:00,LSP
6656,0330A,2025-10-29 00:00:00,LSP
6657,0342,2025-10-29 00:00:00,LSP
6658,0344,2025-10-29 00:00:00,LSV
6659,0354,2025-10-29 00:00:00,LSV
6660,1023,2025-10-29 00:00:00,LSV
6661,1043A,2025-10-29 00:00:00,LSV
6662,1059,2025-10-29 00:00:00,LSV
6663,1065,2025-10-29 00:00:00,LSV
6664,1084A,2025-10-29 00:00:00,LSV
6665,1117,2025-10-29 00:00:00,LSV
6666,1310,2025-10-29 00:00:00,LSV
6667,20334,2025-10-29 00:00:00,LSV
6668,2083,2025-10-29 00:00:00,LSV
6669,21027,2025-10-29 00:00:00,LSV
6670,2149A,2025-10-29 00:00:00,LSV
6671,4034,2025-10-29 00:00:00,LSV
6672,4076,2025-10-29 00:00:00,LSP
6673,4099,2025-10-29 00:00:00,LSV
6674,5007,2025-10-29 00:00:00,LSV
6675,7092,2025-10-29 00:00:00,LSV
6676,8014,2025-10-29 00:00:00,LSV
6677,8067,2025-10-29 00:00:00,LSV
6678,8093,2025-10-29 00:00:00,LSP
6679,9100,2025-10-29 00:00:00,LSV
6680,9128B,2025-10-29 00:00:00,LSV
6681,9503,2025-10-29 00:00:00,LSV
6682,pend41,2025-10-29 00:00:00,LSV
6683,7022,2025-10-26 00:00:00,RP
6684,7017,2025-10-26 00:00:00,RP
6685,4072,2025-10-29 00:00:00,RP
6686,9020,2025-10-29 00:00:00,RP
6687,9116B,2025-10-29 00:00:00,RP
6688,3026A,2025-10-29 00:00:00,RP
6689,2052,2025-10-29 00:00:00,RP
6690,2080,2025-10-30 00:00:00,RP
6691,2007,2025-10-30 00:00:00,RP
6692,9126A,2025-10-30 00:00:00,RP
6693,0206B,2025-10-31 00:00:00,RP
6694,4109,2025-10-31 00:00:00,RP
6695,9104,2025-10-31 00:00:00,RP
6696,BU019,2025-10-29 00:00:00,RP
6697,25251,2025-10-26 00:00:00,BEC ORDÑ
6698,25252,2025-10-26 00:00:00,BEC ORDÑ
6699,25253,2025-10-29 00:00:00,BEC ORDÑ
6700,25254,2025-10-29 00:00:00,BEC ORDÑ
6701,25255,2025-10-29 00:00:00,BEC ORDÑ
6702,25256,2025-10-29 00:00:00,BEC ORDÑ
6703,25257,2025-10-29 00:00:00,BEC ORDÑ
6704,25258,2025-10-30 00:00:00,BEC ORDÑ
6705,25259,2025-10-30 00:00:00,BEC ORDÑ
6706,25260,2025-10-30 00:00:00,BEC ORDÑ
6707,25261,2025-10-31 00:00:00,BEC ORDÑ
6708,25262,2025-10-31 00:00:00,BEC ORDÑ
6709,25263,2025-10-31 00:00:00,BEC ORDÑ
6710,BU2528,2025-10-29 00:00:00,BUC ORDEÑO
6711,SNA,2025-10-29 00:00:00,BEN2
6712,BU331,2025-11-01 00:00:00,BEN2
6713,25251,2025-10-27 00:00:00,MTE
6714,0271,2025-11-02 00:00:00,RP
6715,25264,2025-11-02 00:00:00,BEC ORDÑ
6716,BU2529,2025-11-03 00:00:00,BUC ORDEÑO
6717,BU349,2025-11-03 00:00:00,RP
6718,BU341,2025-10-18 00:00:00,LSV
6719,BU343,2025-10-08 00:00:00,LPB
6720,0132,2025-09-20 00:00:00,LSP
6721,BU2530,2025-11-05 00:00:00,BUC ORDEÑO
6722,BU334,2025-11-05 00:00:00,RP
6723,25014,2025-10-28 00:00:00,Maute PQ
6724,25069,2025-10-30 00:00:00,Maute PQ
6725,8011,2025-10-30 00:00:00,LSP
6726,0342,2025-11-06 00:00:00,RP
6727,8005,2025-11-06 00:00:00,RP
6728,25265,2025-11-06 00:00:00,BEC ORDÑ
6729,25266,2025-11-06 00:00:00,BEC ORDÑ
6730,0111,2025-11-06 00:00:00,RP
6731,0269,2025-11-06 00:00:00,RP
6732,0336,2025-11-09 00:00:00,RP
6733,25267,2025-11-06 00:00:00,BEC ORDÑ
6734,25268,2025-11-06 00:00:00,BEC ORDÑ
6735,25269,2025-11-09 00:00:00,BEC ORDÑ
6736,23206,2025-11-06 00:00:00,BEN2
6737,25202,2025-11-06 00:00:00,MTE
6738,25264,2025-11-09 00:00:00,MTE
6739,1026,2025-11-10 00:00:00,BEN1
6740,1048,2025-11-10 00:00:00,BEN1
6741,1076,2025-11-10 00:00:00,BEN1
6742,2054,2025-11-10 00:00:00,BEN1
6743,0246,2025-10-10 00:00:00,RP
6744,0304,2025-11-11 00:00:00,PM LSP
6745,0311,2025-11-11 00:00:00,PM LSP
6746,0326,2025-11-11 00:00:00,PM LSP
6747,0343,2025-11-11 00:00:00,PM LSP
6748,0350,2025-11-11 00:00:00,PM LSP
6749,3027A,2025-11-11 00:00:00,PM LSP
6750,4141,2025-11-11 00:00:00,PM LSP
6751,5098,2025-11-11 00:00:00,PM LSP
6752,6020,2025-11-11 00:00:00,LSP
6753,6031,2025-11-11 00:00:00,PM LSP
6754,7080,2025-11-11 00:00:00,PM LSP
6755,91091,2025-11-11 00:00:00,PM LSP
6756,0205,2025-11-11 00:00:00,LSP
6758,0344,2025-11-11 00:00:00,LSP
6759,0354,2025-11-11 00:00:00,LSP
6760,1074,2025-11-11 00:00:00,LSP
6761,1117,2025-11-11 00:00:00,LSP
6762,1310,2025-11-11 00:00:00,LSP
6763,2002,2025-11-11 00:00:00,LSP
6764,2019,2025-11-11 00:00:00,LSP
6765,20334,2025-11-11 00:00:00,LSP
6766,2083,2025-11-11 00:00:00,LSP
6767,2087,2025-11-11 00:00:00,LSP
6768,2088B,2025-11-11 00:00:00,LSP
6769,2096A,2025-11-11 00:00:00,LSP
6770,20971,2025-11-11 00:00:00,LSP
6771,2145,2025-11-11 00:00:00,LSP
6772,2202,2025-11-11 00:00:00,LSP
6773,22085,2025-11-11 00:00:00,LSP
6774,22116,2025-11-11 00:00:00,LSP
6775,22119,2025-11-11 00:00:00,LSP
6776,22139,2025-11-11 00:00:00,LSP
6777,22142,2025-11-11 00:00:00,LSP
6778,22151,2025-11-11 00:00:00,LSP
6779,2218,2025-11-11 00:00:00,LSP
6780,22180,2025-11-11 00:00:00,LSP
6781,2500,2025-11-11 00:00:00,LSP
6782,4034,2025-11-11 00:00:00,LSP
6783,4099,2025-11-11 00:00:00,LSP
6784,5007,2025-11-11 00:00:00,LSP
6785,50741,2025-11-11 00:00:00,LSP
6786,8014,2025-11-11 00:00:00,LSP
6787,9051,2025-11-11 00:00:00,LSP
6788,9100,2025-11-11 00:00:00,LSP
6789,9128B,2025-11-11 00:00:00,LSP
6790,pend24,2025-11-11 00:00:00,LSP
6791,4066,2025-11-11 00:00:00,PM LSV
6792,4055,2025-11-11 00:00:00,PM LSV
6793,1077A,2025-11-11 00:00:00,PM LSV
6794,2037,2025-11-11 00:00:00,PM LSV
6795,8060,2025-11-11 00:00:00,PM LSV
6796,0349,2025-11-11 00:00:00,PM LSV
6797,0246,2025-11-11 00:00:00,PM LSV
6798,25226,2025-11-11 00:00:00,PM LSV
6799,25206,2025-11-11 00:00:00,PM LSV
6800,25210,2025-11-11 00:00:00,PM LSV
6801,25229,2025-11-11 00:00:00,PM LSV
6802,25203,2025-11-11 00:00:00,PM LSV
6803,25223,2025-11-11 00:00:00,PM LSV
6804,25239,2025-11-11 00:00:00,PM LSV
6805,3015,2025-11-11 00:00:00,LSV
6806,25065,2025-11-11 00:00:00,MTAPQ
6807,25064,2025-11-11 00:00:00,MTAPQ
6808,3043,2025-11-11 00:00:00,LSV
6809,91172,2025-11-11 00:00:00,RP
6810,0352,2025-11-11 00:00:00,RP
6811,4100,2025-11-11 00:00:00,RP
6812,9046,2025-09-20 00:00:00,RP
6813,25270,2025-11-11 00:00:00,BEC ORDÑ
6814,25271,2025-11-11 00:00:00,BEC ORDÑ
6815,25272,2025-11-11 00:00:00,BEC ORDÑ
6816,25273,2025-09-20 00:00:00,BEC ORDÑ
6817,BU339,2025-11-11 00:00:00,RP
6818,BU345,2025-11-12 00:00:00,RP
6819,BU2531,2025-11-11 00:00:00,BUC ORDEÑO
6820,BU2532,2025-11-12 00:00:00,BUC ORDEÑO
6821,10391,2025-10-21 00:00:00,LSV
6822,0267,2025-11-12 00:00:00,LSP
6823,0291,2025-11-12 00:00:00,LSP
6824,0298,2025-11-12 00:00:00,LSP
6825,0355,2025-11-12 00:00:00,LSP
6826,1017A,2025-11-12 00:00:00,LSP
6827,1053A,2025-11-12 00:00:00,LSP
6828,1066A,2025-11-12 00:00:00,LSP
6829,1073,2025-11-12 00:00:00,LSP
6830,1091A,2025-11-12 00:00:00,LSP
6831,1103,2025-11-12 00:00:00,LSP
6832,2026,2025-11-12 00:00:00,LSP
6833,2040,2025-11-12 00:00:00,LSP
6834,2072,2025-11-12 00:00:00,LSP
6835,2109,2025-11-12 00:00:00,LSP
6836,2110,2025-11-12 00:00:00,LSP
6837,2124A,2025-11-12 00:00:00,LSP
6838,22112,2025-11-12 00:00:00,LSP
6839,22117,2025-11-12 00:00:00,LSP
6840,22126,2025-11-12 00:00:00,LSP
6841,22149,2025-11-12 00:00:00,LSP
6842,2215,2025-11-12 00:00:00,LSP
6843,22160,2025-11-12 00:00:00,LSP
6844,22171,2025-11-12 00:00:00,LSP
6845,22186,2025-11-12 00:00:00,LSP
6846,2226,2025-11-12 00:00:00,LSP
6847,3107,2025-11-12 00:00:00,LSP
6848,35,2025-11-12 00:00:00,LSP
6849,4087,2025-11-12 00:00:00,LSP
6850,4172,2025-11-12 00:00:00,LSP
6851,5033,2025-11-12 00:00:00,LSP
6852,6067,2025-11-12 00:00:00,LSP
6853,6070,2025-11-12 00:00:00,LSP
6854,7087,2025-11-12 00:00:00,LSP
6855,8036,2025-11-12 00:00:00,LSP
6856,8043,2025-11-12 00:00:00,LSP
6857,8048,2025-11-12 00:00:00,LSP
6858,8051,2025-11-12 00:00:00,LSP
6859,8054,2025-11-12 00:00:00,LSP
6860,8086,2025-11-12 00:00:00,LSP
6861,809,2025-11-12 00:00:00,LSP
6862,9024,2025-11-12 00:00:00,LSP
6863,9040,2025-11-12 00:00:00,LSP
6864,9103,2025-11-12 00:00:00,LSP
6865,1045,2025-11-11 00:00:00,RP
6866,25274,2025-11-11 00:00:00,BEC ORDÑ
6867,25252,2025-11-13 00:00:00,MTE
6868,9104,2025-11-14 00:00:00,PM LSV
6869,25263,2025-11-14 00:00:00,PM LSV
6870,3015,2025-11-16 00:00:00,MTE
6871,0740,2025-11-16 00:00:00,MTE
6872,0353,2025-11-14 00:00:00,RP
6873,8077,2025-11-14 00:00:00,RP
6874,25275,2025-11-14 00:00:00,BEC ORDÑ
6875,25276,2025-11-14 00:00:00,BEC ORDÑ
6876,8061,2025-11-18 00:00:00,RP
6877,5144,2025-11-19 00:00:00,RP
6878,2039,2025-11-19 00:00:00,RP
6879,7059,2025-11-20 00:00:00,RP
6880,5090,2025-11-20 00:00:00,RP
6881,9100,2025-11-20 00:00:00,RP
6882,0107,2025-11-21 00:00:00,RP
6883,3066B,2025-11-21 00:00:00,RP
6884,22135,2025-11-22 00:00:00,RP
6885,6037,2025-11-24 00:00:00,RP
6886,25277,2025-11-18 00:00:00,BEC ORDÑ
6887,25278,2025-11-19 00:00:00,BEC ORDÑ
6888,25279,2025-11-19 00:00:00,BEC ORDÑ
6889,25280,2025-11-20 00:00:00,BEC ORDÑ
6890,25281,2025-11-20 00:00:00,BEC ORDÑ
6891,25282,2025-11-20 00:00:00,BEC ORDÑ
6892,25283,2025-11-21 00:00:00,BEC ORDÑ
6893,25284,2025-11-21 00:00:00,BEC ORDÑ
6894,25285,2025-11-22 00:00:00,BEC ORDÑ
6895,25286,2025-11-24 00:00:00,BEC ORDÑ
6896,25287,2025-11-12 00:00:00,BEC ORDÑ
6897,2180A,2025-11-12 00:00:00,RP
6898,9501,2025-11-25 00:00:00,PM LSV
6899,8063,2025-11-25 00:00:00,PM LSV
6900,25154,2025-11-25 00:00:00,PM LSV
6901,25188,2025-11-25 00:00:00,PM LSV
6902,1100A,2025-12-14 00:00:00,RP
6903,1090A,2025-11-25 00:00:00,LSV
6904,6035,2025-11-25 00:00:00,LSV
6905,23033,2025-11-25 00:00:00,LSPA
6906,22105,2025-11-25 00:00:00,LSPA
6907,22193,2025-11-25 00:00:00,LSPA
6908,80272,2025-11-24 00:00:00,RP
6909,2143,2025-11-24 00:00:00,RP
6910,2036,2025-11-24 00:00:00,RP
6911,0330A,2025-11-24 00:00:00,RP
6912,25288,2025-11-24 00:00:00,BEC ORDÑ
6913,25289,2025-11-24 00:00:00,BEC ORDÑ
6914,25290,2025-11-24 00:00:00,BEC ORDÑ
6915,25291,2025-11-24 00:00:00,BEC ORDÑ
6916,25262,2025-11-17 00:00:00,MTE
6917,22144,2025-11-28 00:00:00,RP
6918,20334,2025-11-28 00:00:00,RP
6919,25292,2025-11-28 00:00:00,BEC ORDÑ
6920,25293,2025-11-28 00:00:00,BEC ORDÑ
6921,8006,2025-10-10 00:00:00,RP
6922,,2025-10-30 00:00:00,LPB
6923,0132,2025-11-15 00:00:00,LPB
6924,BU367,2025-08-18 00:00:00,MTE
6925,BU2503,2025-07-27 00:00:00,MTE
6926,1031,2025-12-03 00:00:00,BEN1
6927,1107,2025-12-03 00:00:00,BEN1
6928,2005B,2025-12-03 00:00:00,BEN1
6929,1018,2025-12-03 00:00:00,BEN1
6930,MSN3,2025-12-03 00:00:00,BEN1
6931,25117,2025-12-03 00:00:00,BEN2
6932,0321,2025-12-03 00:00:00,RP
6933,2093,2025-12-05 00:00:00,RP
6934,0101,2025-12-08 00:00:00,RP
6935,3750,2025-12-08 00:00:00,RP
6936,2137,2025-12-08 00:00:00,RP
6937,2024,2025-12-08 00:00:00,RP
6938,2034,2025-12-08 00:00:00,RP
6939,25294,2025-12-03 00:00:00,BEC ORDÑ
6940,25295,2025-12-05 00:00:00,BEC ORDÑ
6941,25296,2025-12-08 00:00:00,BEC ORDÑ
6942,25297,2025-12-08 00:00:00,MORTINATO
6943,25298,2025-12-08 00:00:00,MORTINATO
6944,25299,2025-12-08 00:00:00,BEC ORDÑ
6945,25300,2025-12-08 00:00:00,BEC ORDÑ
6946,25030,2025-12-11 00:00:00,LEVANTE
6947,25034,2025-12-11 00:00:00,LEVANTE
6948,25040,2025-12-11 00:00:00,LEVANTE
6949,25020,2025-12-11 00:00:00,LEVANTE
6950,25068,2025-12-11 00:00:00,LEVANTE
6951,25039,2025-12-11 00:00:00,LEVANTE
6952,25012,2025-12-11 00:00:00,LEVANTE
6953,25005,2025-12-11 00:00:00,LEVANTE
6954,25036,2025-12-11 00:00:00,LEVANTE
6955,25066,2025-12-11 00:00:00,LEVANTE
6956,J25001,2025-12-11 00:00:00,LEVANTE
6957,J25031,2025-12-11 00:00:00,LEVANTE
6958,0322,2025-12-11 00:00:00,LSP
6959,9058,2025-12-11 00:00:00,LSV
6960,5150,2025-12-11 00:00:00,LSP
6961,91242,2025-12-11 00:00:00,LSP
6962,2050,2025-12-11 00:00:00,LSP
6963,0220,2025-12-11 00:00:00,LSP
6964,7061,2025-12-11 00:00:00,LSP
6965,2171,2025-12-11 00:00:00,LSP
6966,1188,2025-12-11 00:00:00,LSV
6967,8079,2025-12-11 00:00:00,LSP
6968,J01415,2025-12-11 00:00:00,LSV
6969,J841,2025-12-11 00:00:00,LSP
6970,2090A,2025-12-11 00:00:00,LSP
6971,3108,2025-12-11 00:00:00,RP
6972,4076,2025-12-11 00:00:00,RP
6973,9121,2025-12-11 00:00:00,RP
6974,0348,2025-12-11 00:00:00,RP
6975,4048,2025-12-11 00:00:00,RP
6976,25301,2025-12-11 00:00:00,BEC ORDÑ
6977,25302,2025-12-11 00:00:00,BEC ORDÑ
6978,25303,2025-12-11 00:00:00,BEC ORDÑ
6979,25304,2025-12-11 00:00:00,BEC ORDÑ
6980,25305,2025-12-11 00:00:00,MTE
6981,BU337,2025-12-13 00:00:00,BEN2
6982,25119,2025-10-27 00:00:00,LEVANTE
6983,25306,2025-12-14 00:00:00,BEC ORDÑ
6984,25107,2025-12-14 00:00:00,MTE
6985,80121,2025-12-15 00:00:00,RP
6986,1078A,2025-12-15 00:00:00,RP
6987,4053,2025-12-15 00:00:00,RP
6988,2140,2025-12-15 00:00:00,RP
6989,9023,2025-12-15 00:00:00,RP
6990,25307,2025-12-15 00:00:00,BEC ORDÑ
6991,25308,2025-12-15 00:00:00,BEC ORDÑ
6992,25309,2025-12-15 00:00:00,BEC ORDÑ
6993,25310,2025-12-15 00:00:00,BEC ORDÑ
6994,25311,2025-12-15 00:00:00,BEC ORDÑ
6995,J426,2025-10-08 00:00:00,LSP
6996,24251,2025-10-23 00:00:00,MTAPQ
6997,22121,2025-12-17 00:00:00,LEVANTE
6998,22164,2025-12-17 00:00:00,LEVANTE
6999,22182,2025-12-17 00:00:00,LEVANTE
7000,22189,2025-12-17 00:00:00,LEVANTE
7001,22195,2025-12-17 00:00:00,LEVANTE
7002,22197,2025-12-17 00:00:00,LEVANTE
7003,23003,2025-12-17 00:00:00,LEVANTE
7004,23002,2025-12-17 00:00:00,LEVANTE
7005,23001,2025-12-17 00:00:00,LEVANTE
7006,23006,2025-12-17 00:00:00,LEVANTE
7007,23005,2025-12-17 00:00:00,LEVANTE
7008,23016,2025-12-17 00:00:00,LEVANTE
7009,23017,2025-12-17 00:00:00,LEVANTE
7010,23018,2025-12-17 00:00:00,LEVANTE
7011,23021,2025-12-17 00:00:00,LEVANTE
7012,23022,2025-12-17 00:00:00,LEVANTE
7013,23023,2025-12-17 00:00:00,LEVANTE
7014,23024,2025-12-17 00:00:00,LEVANTE
7015,23027,2025-12-17 00:00:00,LEVANTE
7016,23030,2025-12-17 00:00:00,LEVANTE
7017,23031,2025-12-17 00:00:00,LEVANTE
7018,23034,2025-12-17 00:00:00,LEVANTE
7019,23036,2025-12-17 00:00:00,LEVANTE
7020,23039,2025-12-17 00:00:00,LEVANTE
7021,23043,2025-12-17 00:00:00,LEVANTE
7022,23044,2025-12-17 00:00:00,LEVANTE
7023,23045,2025-12-17 00:00:00,LEVANTE
7024,23049,2025-12-17 00:00:00,LEVANTE
7025,23050,2025-12-17 00:00:00,LEVANTE
7026,23051,2025-12-17 00:00:00,LEVANTE
7027,23052,2025-12-17 00:00:00,LEVANTE
7028,23055,2025-12-17 00:00:00,LEVANTE
7029,23057,2025-12-17 00:00:00,LEVANTE
7030,23060,2025-12-17 00:00:00,LEVANTE
7031,23061,2025-12-17 00:00:00,LEVANTE
7032,23062,2025-12-17 00:00:00,LEVANTE
7033,23065,2025-12-17 00:00:00,LEVANTE
7034,23066,2025-12-17 00:00:00,LEVANTE
7035,23067,2025-12-17 00:00:00,LEVANTE
7036,23069,2025-12-17 00:00:00,LEVANTE
7037,23073,2025-12-17 00:00:00,LEVANTE
7038,23074,2025-12-17 00:00:00,LEVANTE
7039,23075,2025-12-17 00:00:00,LEVANTE
7040,23077,2025-12-17 00:00:00,LEVANTE
7041,23079,2025-12-17 00:00:00,LEVANTE
7042,23081,2025-12-17 00:00:00,LEVANTE
7043,23082,2025-12-17 00:00:00,LEVANTE
7044,22169A,2025-12-17 00:00:00,LEVANTE
7045,23092,2025-12-17 00:00:00,LEVANTE
7046,23094,2025-12-17 00:00:00,LEVANTE
7047,23098,2025-12-17 00:00:00,LEVANTE
7048,23101,2025-12-17 00:00:00,LEVANTE
7049,23105,2025-12-17 00:00:00,LEVANTE
7050,23106,2025-12-17 00:00:00,LEVANTE
7051,23107,2025-12-17 00:00:00,LEVANTE
7052,23109,2025-12-17 00:00:00,LEVANTE
7053,23110,2025-12-17 00:00:00,LEVANTE
7054,23111,2025-12-17 00:00:00,LEVANTE
7055,22221,2025-12-17 00:00:00,LEVANTE
7056,23115,2025-12-17 00:00:00,LEVANTE
7057,23121,2025-12-17 00:00:00,LEVANTE
7058,23122,2025-12-17 00:00:00,LEVANTE
7059,23125,2025-12-17 00:00:00,LEVANTE
7060,23126,2025-12-17 00:00:00,LEVANTE
7061,23127,2025-12-17 00:00:00,LEVANTE
7062,23128,2025-12-17 00:00:00,LEVANTE
7063,23129,2025-12-17 00:00:00,LEVANTE
7064,23130,2025-12-17 00:00:00,LEVANTE
7065,23131,2025-12-17 00:00:00,LEVANTE
7066,23134,2025-12-17 00:00:00,LEVANTE
7067,23136,2025-12-17 00:00:00,LEVANTE
7068,23138,2025-12-17 00:00:00,LEVANTE
7069,23139,2025-12-17 00:00:00,LEVANTE
7070,23141,2025-12-17 00:00:00,LEVANTE
7071,23148,2025-12-17 00:00:00,LEVANTE
7072,23151,2025-12-17 00:00:00,LEVANTE
7073,23152,2025-12-17 00:00:00,LEVANTE
7074,23153,2025-12-17 00:00:00,LEVANTE
7075,23158,2025-12-17 00:00:00,LEVANTE
7076,23159,2025-12-17 00:00:00,LEVANTE
7077,23160,2025-12-17 00:00:00,LEVANTE
7078,23162,2025-12-17 00:00:00,LEVANTE
7079,23166,2025-12-17 00:00:00,LEVANTE
7080,23168,2025-12-17 00:00:00,LEVANTE
7081,23169,2025-12-17 00:00:00,LEVANTE
7082,23172,2025-12-17 00:00:00,LEVANTE
7083,23178,2025-12-17 00:00:00,LEVANTE
7084,23179,2025-12-17 00:00:00,LEVANTE
7085,23183,2025-12-17 00:00:00,LEVANTE
7086,23185,2025-12-17 00:00:00,LEVANTE
7087,23186,2025-12-17 00:00:00,LEVANTE
7088,23195,2025-12-17 00:00:00,LEVANTE
7089,23198,2025-12-17 00:00:00,LEVANTE
7090,23201,2025-12-17 00:00:00,LEVANTE
7091,23202,2025-12-17 00:00:00,LEVANTE
7092,23203,2025-12-17 00:00:00,LEVANTE
7093,23207,2025-12-17 00:00:00,LEVANTE
7094,23208,2025-12-17 00:00:00,LEVANTE
7095,23209,2025-12-17 00:00:00,LEVANTE
7096,23211,2025-12-17 00:00:00,LEVANTE
7097,23215,2025-12-17 00:00:00,LEVANTE
7098,23223,2025-12-17 00:00:00,LEVANTE
7099,23227,2025-12-17 00:00:00,LEVANTE
7100,23228,2025-12-17 00:00:00,LEVANTE
7101,23231,2025-12-17 00:00:00,LEVANTE
7102,23232,2025-12-17 00:00:00,LEVANTE
7103,23237,2025-12-17 00:00:00,LEVANTE
7104,23243,2025-12-17 00:00:00,LEVANTE
7105,23246,2025-12-17 00:00:00,LEVANTE
7106,23248,2025-12-17 00:00:00,LEVANTE
7107,23250,2025-12-17 00:00:00,LEVANTE
7108,23252,2025-12-17 00:00:00,LEVANTE
7109,24001,2025-12-17 00:00:00,LEVANTE
7110,24004,2025-12-17 00:00:00,LEVANTE
7111,24005,2025-12-17 00:00:00,LEVANTE
7112,24006,2025-12-17 00:00:00,LEVANTE
7113,24007,2025-12-17 00:00:00,LEVANTE
7114,24011,2025-12-17 00:00:00,LEVANTE
7115,24012,2025-12-17 00:00:00,LEVANTE
7116,24014,2025-12-17 00:00:00,LEVANTE
7117,24013,2025-12-17 00:00:00,LEVANTE
7118,24015,2025-12-17 00:00:00,LEVANTE
7119,24016,2025-12-17 00:00:00,LEVANTE
7120,24019,2025-12-17 00:00:00,LEVANTE
7121,24021,2025-12-17 00:00:00,LEVANTE
7122,24025,2025-12-17 00:00:00,LEVANTE
7123,24027,2025-12-17 00:00:00,LEVANTE
7124,24030,2025-12-17 00:00:00,LEVANTE
7125,24031,2025-12-17 00:00:00,LEVANTE
7126,24032,2025-12-17 00:00:00,LEVANTE
7127,23235,2025-12-17 00:00:00,LEVANTE
7128,24039,2025-12-17 00:00:00,LEVANTE
7129,24040,2025-12-17 00:00:00,LEVANTE
7130,24043,2025-12-17 00:00:00,LEVANTE
7131,24042,2025-12-17 00:00:00,LEVANTE
7132,24045,2025-12-17 00:00:00,LEVANTE
7133,24046,2025-12-17 00:00:00,LEVANTE
7134,24047,2025-12-17 00:00:00,LEVANTE
7135,24048,2025-12-17 00:00:00,LEVANTE
7136,24051,2025-12-17 00:00:00,LEVANTE
7137,24052,2025-12-17 00:00:00,LEVANTE
7138,24053,2025-12-17 00:00:00,LEVANTE
7139,24054,2025-12-17 00:00:00,LEVANTE
7140,24055,2025-12-17 00:00:00,LEVANTE
7141,24058,2025-12-17 00:00:00,LEVANTE
7142,24063,2025-12-17 00:00:00,LEVANTE
7143,24070,2025-12-17 00:00:00,LEVANTE
7144,24072,2025-12-17 00:00:00,LEVANTE
7145,24075,2025-12-17 00:00:00,LEVANTE
7146,24078,2025-12-17 00:00:00,LEVANTE
7147,24084,2025-12-17 00:00:00,LEVANTE
7148,24085,2025-12-17 00:00:00,LEVANTE
7149,24087,2025-12-17 00:00:00,LEVANTE
7150,24092,2025-12-17 00:00:00,LEVANTE
7151,24094,2025-12-17 00:00:00,LEVANTE
7152,24095,2025-12-17 00:00:00,LEVANTE
7153,24096,2025-12-17 00:00:00,CEBA
7154,24097,2025-12-17 00:00:00,LEVANTE
7155,24099,2025-12-17 00:00:00,LEVANTE
7156,24101,2025-12-17 00:00:00,LEVANTE
7157,24106,2025-12-17 00:00:00,LEVANTE
7158,24115,2025-12-17 00:00:00,LEVANTE
7159,24116,2025-12-17 00:00:00,LEVANTE
7160,24119,2025-12-17 00:00:00,LEVANTE
7161,24120,2025-12-17 00:00:00,LEVANTE
7162,24124,2025-12-17 00:00:00,LEVANTE
7163,24129,2025-12-17 00:00:00,CEBA
7164,24131,2025-12-17 00:00:00,LEVANTE
7165,24142,2025-12-17 00:00:00,LEVANTE
7166,24144,2025-12-17 00:00:00,LEVANTE
7167,24148,2025-12-17 00:00:00,LEVANTE
7168,24150,2025-12-17 00:00:00,LEVANTE
7169,24152,2025-12-17 00:00:00,LEVANTE
7170,24157,2025-12-17 00:00:00,LEVANTE
7171,24159,2025-12-17 00:00:00,LEVANTE
7172,24162,2025-12-17 00:00:00,LEVANTE
7173,24167,2025-12-17 00:00:00,LEVANTE
7174,24168,2025-12-17 00:00:00,LEVANTE
7175,24171,2025-12-17 00:00:00,LEVANTE
7176,24173,2025-12-17 00:00:00,LEVANTE
7177,24174,2025-12-17 00:00:00,LEVANTE
7178,24179,2025-12-17 00:00:00,LEVANTE
7179,24180,2025-12-17 00:00:00,LEVANTE
7180,24181,2025-12-17 00:00:00,LEVANTE
7181,24182,2025-12-17 00:00:00,LEVANTE
7182,24186,2025-12-17 00:00:00,LEVANTE
7183,24187,2025-12-17 00:00:00,LEVANTE
7184,24190,2025-12-17 00:00:00,LEVANTE
7185,24201,2025-12-17 00:00:00,LEVANTE
7186,24210,2025-12-17 00:00:00,LEVANTE
7187,24212,2025-12-17 00:00:00,LEVANTE
7188,24213,2025-12-17 00:00:00,LEVANTE
7189,24216,2025-12-17 00:00:00,LEVANTE
7190,24218,2025-12-17 00:00:00,LEVANTE
7191,24221,2025-12-17 00:00:00,LEVANTE
7192,24224,2025-12-17 00:00:00,LEVANTE
7193,24230,2025-12-17 00:00:00,LEVANTE
7194,24231,2025-12-17 00:00:00,LEVANTE
7195,24232,2025-12-17 00:00:00,LEVANTE
7196,24237,2025-12-17 00:00:00,LEVANTE
7197,24239,2025-12-17 00:00:00,LEVANTE
7198,24242,2025-12-17 00:00:00,LEVANTE
7199,24244,2025-12-17 00:00:00,LEVANTE
7200,24247,2025-12-17 00:00:00,LEVANTE
7201,24251,2025-12-17 00:00:00,LEVANTE
7202,24252,2025-12-17 00:00:00,LEVANTE
7203,24249,2025-12-17 00:00:00,LEVANTE
7204,24248,2025-12-17 00:00:00,LEVANTE
7205,24259,2025-12-17 00:00:00,LEVANTE
7206,24264,2025-12-17 00:00:00,LEVANTE
7207,24268,2025-12-17 00:00:00,LEVANTE
7208,J402,2025-12-17 00:00:00,LEVANTE
7209,J403,2025-12-17 00:00:00,LEVANTE
7210,J404,2025-12-17 00:00:00,LEVANTE
7211,J405,2025-12-17 00:00:00,LEVANTE
7212,J406,2025-12-17 00:00:00,LEVANTE
7213,J407,2025-12-17 00:00:00,LEVANTE
7214,J408,2025-12-17 00:00:00,LEVANTE
7215,J409,2025-12-17 00:00:00,LEVANTE
7216,J4010,2025-12-17 00:00:00,LEVANTE
7217,J412,2025-12-17 00:00:00,LEVANTE
7218,J413,2025-12-17 00:00:00,LEVANTE
7219,J414,2025-12-17 00:00:00,LEVANTE
7220,J415,2025-12-17 00:00:00,LEVANTE
7221,J418,2025-12-17 00:00:00,LEVANTE
7222,J419,2025-12-17 00:00:00,LEVANTE
7223,24272,2025-12-17 00:00:00,LEVANTE
7224,24275,2025-12-17 00:00:00,LEVANTE
7225,24277,2025-12-17 00:00:00,LEVANTE
7226,24278,2025-12-17 00:00:00,LEVANTE
7227,24279,2025-12-17 00:00:00,LEVANTE
7228,24282,2025-12-17 00:00:00,LEVANTE
7229,24283,2025-12-17 00:00:00,LEVANTE
7230,24284,2025-12-17 00:00:00,LEVANTE
7231,24286,2025-12-17 00:00:00,LEVANTE
7232,24287,2025-12-17 00:00:00,LEVANTE
7233,24288,2025-12-17 00:00:00,LEVANTE
7234,24289,2025-12-17 00:00:00,LEVANTE
7235,24297,2025-12-17 00:00:00,LEVANTE
7236,24298,2025-12-17 00:00:00,LEVANTE
7237,24302,2025-12-17 00:00:00,LEVANTE
7238,25005,2025-12-17 00:00:00,LEVANTE
7239,25006,2025-12-17 00:00:00,LEVANTE
7240,25009,2025-12-17 00:00:00,LEVANTE
7241,25010,2025-12-17 00:00:00,LEVANTE
7242,25011,2025-12-17 00:00:00,LEVANTE
7243,25012,2025-12-17 00:00:00,LEVANTE
7244,25016,2025-12-17 00:00:00,LEVANTE
7245,25020,2025-12-17 00:00:00,LEVANTE
7246,25021,2025-12-17 00:00:00,LEVANTE
7247,25023,2025-12-17 00:00:00,LEVANTE
7248,25024,2025-12-17 00:00:00,LEVANTE
7249,25025,2025-12-17 00:00:00,LEVANTE
7250,25032,2025-12-17 00:00:00,LEVANTE
7251,25035,2025-12-17 00:00:00,LEVANTE
7252,25029,2025-12-17 00:00:00,LEVANTE
7253,25037,2025-12-17 00:00:00,LEVANTE
7254,25041,2025-12-17 00:00:00,LEVANTE
7255,25045,2025-12-17 00:00:00,LEVANTE
7256,25064,2025-12-17 00:00:00,LEVANTE
7257,25065,2025-12-17 00:00:00,LEVANTE
7258,25066,2025-12-17 00:00:00,LEVANTE
7259,25068,2025-12-17 00:00:00,LEVANTE
7260,25080,2025-12-17 00:00:00,LEVANTE
7261,22150,2025-12-17 00:00:00,LEVANTE
7262,2045,2025-12-17 00:00:00,LEVANTE
7263,22183,2025-12-17 00:00:00,LEVANTE
7264,22199,2025-12-17 00:00:00,LEVANTE
7265,23029,2025-12-17 00:00:00,LEVANTE
7266,3501,2025-12-17 00:00:00,LEVANTE
7267,23064,2025-12-17 00:00:00,LEVANTE
7268,23080,2025-12-17 00:00:00,LEVANTE
7269,23086,2025-12-17 00:00:00,LEVANTE
7270,3504,2025-12-17 00:00:00,LEVANTE
7271,23087,2025-12-17 00:00:00,LEVANTE
7272,23097,2025-12-17 00:00:00,LEVANTE
7273,23133,2025-12-17 00:00:00,LEVANTE
7274,23144,2025-12-17 00:00:00,LEVANTE
7275,23154,2025-12-17 00:00:00,LEVANTE
7276,23156,2025-12-17 00:00:00,LEVANTE
7277,23165,2025-12-17 00:00:00,LEVANTE
7278,23170,2025-12-17 00:00:00,LEVANTE
7279,23171,2025-12-17 00:00:00,LEVANTE
7280,23174,2025-12-17 00:00:00,LEVANTE
7281,23189,2025-12-17 00:00:00,LEVANTE
7282,23204,2025-12-17 00:00:00,LEVANTE
7283,23216,2025-12-17 00:00:00,LEVANTE
7284,23217,2025-12-17 00:00:00,LEVANTE
7285,23229,2025-12-17 00:00:00,LEVANTE
7286,23233,2025-12-17 00:00:00,LEVANTE
7287,23236,2025-12-17 00:00:00,LEVANTE
7288,23239,2025-12-17 00:00:00,LEVANTE
7289,23240,2025-12-17 00:00:00,LEVANTE
7290,23244,2025-12-17 00:00:00,LEVANTE
7291,24003,2025-12-17 00:00:00,LEVANTE
7292,24008,2025-12-17 00:00:00,LEVANTE
7293,24009,2025-12-17 00:00:00,LEVANTE
7294,24018,2025-12-17 00:00:00,LEVANTE
7295,24020,2025-12-17 00:00:00,LEVANTE
7296,24023,2025-12-17 00:00:00,LEVANTE
7297,24028,2025-12-17 00:00:00,LEVANTE
7298,4501,2025-12-17 00:00:00,LEVANTE
7299,24036,2025-12-17 00:00:00,LEVANTE
7300,24044,2025-12-17 00:00:00,LEVANTE
7301,24049,2025-12-17 00:00:00,LEVANTE
7302,24056,2025-12-17 00:00:00,CEBA
7303,24061,2025-12-17 00:00:00,LEVANTE
7304,24062,2025-12-17 00:00:00,LEVANTE
7305,24065,2025-12-17 00:00:00,LEVANTE
7306,24066,2025-12-17 00:00:00,LEVANTE
7307,24068,2025-12-17 00:00:00,LEVANTE
7308,24069,2025-12-17 00:00:00,LEVANTE
7309,24073,2025-12-17 00:00:00,LEVANTE
7310,24076,2025-12-17 00:00:00,LEVANTE
7311,24077,2025-12-17 00:00:00,LEVANTE
7312,24079,2025-12-17 00:00:00,LEVANTE
7313,24080,2025-12-17 00:00:00,LEVANTE
7314,24081,2025-12-17 00:00:00,LEVANTE
7315,24089,2025-12-17 00:00:00,LEVANTE
7316,24090,2025-12-17 00:00:00,LEVANTE
7317,24091,2025-12-17 00:00:00,LEVANTE
7318,24102,2025-12-17 00:00:00,LEVANTE
7319,24105,2025-12-17 00:00:00,LEVANTE
7320,24109,2025-12-17 00:00:00,LEVANTE
7321,24114,2025-12-17 00:00:00,LEVANTE
7322,24117,2025-12-17 00:00:00,LEVANTE
7323,24118,2025-12-17 00:00:00,LEVANTE
7324,24123,2025-12-17 00:00:00,LEVANTE
7325,24127,2025-12-17 00:00:00,LEVANTE
7326,24130,2025-12-17 00:00:00,LEVANTE
7327,24132,2025-12-17 00:00:00,LEVANTE
7328,24133,2025-12-17 00:00:00,LEVANTE
7329,24135,2025-12-17 00:00:00,LEVANTE
7330,24136,2025-12-17 00:00:00,LEVANTE
7331,24137,2025-12-17 00:00:00,LEVANTE
7332,24140,2025-12-17 00:00:00,LEVANTE
7333,24143,2025-12-17 00:00:00,LEVANTE
7334,24146,2025-12-17 00:00:00,LEVANTE
7335,24147,2025-12-17 00:00:00,LEVANTE
7336,24151,2025-12-17 00:00:00,LEVANTE
7337,24153,2025-12-17 00:00:00,LEVANTE
7338,24155,2025-12-17 00:00:00,LEVANTE
7339,24156,2025-12-17 00:00:00,LEVANTE
7340,24158,2025-12-17 00:00:00,LEVANTE
7341,24163,2025-12-17 00:00:00,LEVANTE
7342,24164,2025-12-17 00:00:00,LEVANTE
7343,24170,2025-12-17 00:00:00,LEVANTE
7344,24172,2025-12-17 00:00:00,LEVANTE
7345,24176,2025-12-17 00:00:00,LEVANTE
7346,24177,2025-12-17 00:00:00,LEVANTE
7347,24178,2025-12-17 00:00:00,LEVANTE
7348,24184,2025-12-17 00:00:00,LEVANTE
7349,24185,2025-12-17 00:00:00,LEVANTE
7350,24188,2025-12-17 00:00:00,LEVANTE
7351,24189,2025-12-17 00:00:00,LEVANTE
7352,24191,2025-12-17 00:00:00,LEVANTE
7353,24193,2025-12-17 00:00:00,LEVANTE
7354,24194,2025-12-17 00:00:00,LEVANTE
7355,24195,2025-12-17 00:00:00,LEVANTE
7356,24196,2025-12-17 00:00:00,LEVANTE
7357,24197,2025-12-17 00:00:00,LEVANTE
7358,24200,2025-12-17 00:00:00,LEVANTE
7359,24202,2025-12-17 00:00:00,LEVANTE
7360,24203,2025-12-17 00:00:00,LEVANTE
7361,24204,2025-12-17 00:00:00,LEVANTE
7362,24205,2025-12-17 00:00:00,LEVANTE
7363,24207,2025-12-17 00:00:00,LEVANTE
7364,24209,2025-12-17 00:00:00,LEVANTE
7365,24211,2025-12-17 00:00:00,LEVANTE
7366,24217,2025-12-17 00:00:00,LEVANTE
7367,24219,2025-12-17 00:00:00,LEVANTE
7368,24220,2025-12-17 00:00:00,LEVANTE
7369,24222,2025-12-17 00:00:00,LEVANTE
7370,24229,2025-12-17 00:00:00,LEVANTE
7371,24233,2025-12-17 00:00:00,LEVANTE
7372,24234,2025-12-17 00:00:00,LEVANTE
7373,24235,2025-12-17 00:00:00,LEVANTE
7374,24238,2025-12-17 00:00:00,LEVANTE
7375,24240,2025-12-17 00:00:00,LEVANTE
7376,24243,2025-12-17 00:00:00,LEVANTE
7377,24246,2025-12-17 00:00:00,LEVANTE
7378,24255,2025-12-17 00:00:00,CEBA
7379,24256,2025-12-17 00:00:00,LEVANTE
7380,24260,2025-12-17 00:00:00,LEVANTE
7381,24262,2025-12-17 00:00:00,LEVANTE
7382,24269,2025-12-17 00:00:00,LEVANTE
7383,J417,2025-12-17 00:00:00,LEVANTE
7384,24270,2025-12-17 00:00:00,LEVANTE
7385,24271,2025-12-17 00:00:00,LEVANTE
7386,24273,2025-12-17 00:00:00,LEVANTE
7387,24274,2025-12-17 00:00:00,LEVANTE
7388,24276,2025-12-17 00:00:00,LEVANTE
7389,24280,2025-12-17 00:00:00,LEVANTE
7390,24285,2025-12-17 00:00:00,LEVANTE
7391,24290,2025-12-17 00:00:00,LEVANTE
7392,24291,2025-12-17 00:00:00,LEVANTE
7393,24292,2025-12-17 00:00:00,LEVANTE
7394,24299,2025-12-17 00:00:00,LEVANTE
7395,24300,2025-12-17 00:00:00,LEVANTE
7396,24303,2025-12-17 00:00:00,LEVANTE
7397,25001,2025-12-17 00:00:00,LEVANTE
7398,25003,2025-12-17 00:00:00,LEVANTE
7399,25013,2025-12-17 00:00:00,LEVANTE
7400,25014,2025-12-17 00:00:00,LEVANTE
7401,25015,2025-12-17 00:00:00,LEVANTE
7402,24307,2025-12-17 00:00:00,LEVANTE
7403,24306,2025-12-17 00:00:00,LEVANTE
7404,24308,2025-12-17 00:00:00,LEVANTE
7405,25017,2025-12-17 00:00:00,LEVANTE
7406,25026,2025-12-17 00:00:00,LEVANTE
7407,25028,2025-12-17 00:00:00,LEVANTE
7408,25033,2025-12-17 00:00:00,LEVANTE
7409,25038,2025-12-17 00:00:00,LEVANTE
7410,25042,2025-12-17 00:00:00,LEVANTE
7411,25043,2025-12-17 00:00:00,LEVANTE
7412,25044,2025-12-17 00:00:00,LEVANTE
7413,25051,2025-12-17 00:00:00,LEVANTE
7414,25069,2025-12-17 00:00:00,LEVANTE
7415,pend49,2025-12-17 00:00:00,LEVANTE
7416,0317A,2025-12-29 00:00:00,RP
7417,22161,2025-12-29 00:00:00,RP
7418,9115,2025-12-29 00:00:00,RP
7419,21391,2025-12-29 00:00:00,RP
7420,2102,2025-12-29 00:00:00,RP
7421,BU338,2025-12-31 00:00:00,RP
7422,25313,2025-12-29 00:00:00,BEC ORDÑ
7423,25314,2025-12-29 00:00:00,BEC ORDÑ
7424,25315,2025-12-29 00:00:00,BEC ORDÑ
7425,25316,2025-12-29 00:00:00,BEC ORDÑ
7426,25317,2025-12-29 00:00:00,BEC ORDÑ
7427,BU2533,2025-12-31 00:00:00,BUC ORDEÑO
7428,25312,2025-12-02 00:00:00,MORTINATO
7429,9110A,2025-12-02 00:00:00,LSV
7430,22098,2026-01-02 00:00:00,RP
7431,5679,2026-01-02 00:00:00,LSV
7432,2094A,2026-01-02 00:00:00,RP
7433,22171,2026-01-04 00:00:00,BEN2
7434,26001,2026-01-02 00:00:00,BEC ORDÑ
7435,26002,2026-01-02 00:00:00,MORTINATO
7436,26003,2026-01-02 00:00:00,BEC ORDÑ
7437,26004,2026-01-04 00:00:00,MORTINATO
7438,0310,2026-01-05 00:00:00,RP
7439,26005,2026-01-05 00:00:00,BEC ORDÑ
7440,0143,2026-01-05 00:00:00,LSV
7441,8096,2026-01-06 00:00:00,RP
7442,5092,2026-01-06 00:00:00,RP
7443,4023,2026-01-06 00:00:00,RP
7444,26006,2026-01-05 00:00:00,BEC ORDÑ
7445,26007,2026-01-06 00:00:00,BEC ORDÑ
7446,26008,2026-01-06 00:00:00,BEC ORDÑ
7447,26009,2026-01-06 00:00:00,BEC ORDÑ
7448,26006,2026-01-06 00:00:00,MTE
7449,25267,2026-01-06 00:00:00,MTE
7450,6008,2026-01-06 00:00:00,RP
7451,PEND41,2026-01-06 00:00:00,RP
7452,0259,2026-01-06 00:00:00,RP
7453,1310,2026-01-06 00:00:00,RP
7454,26010,2026-01-06 00:00:00,BEC ORDÑ
7455,26011,2026-01-06 00:00:00,BEC ORDÑ
7456,26012,2026-01-06 00:00:00,BEC ORDÑ
7457,26013,2026-01-06 00:00:00,BEC ORDÑ
7458,0330A,2026-01-04 00:00:00,PM LSV
7459,3108,2026-01-04 00:00:00,PM LSV
7460,9121,2026-01-04 00:00:00,PM LSV
7461,4053,2026-01-04 00:00:00,PM LSV
7462,2024,2026-01-04 00:00:00,PM LSV
7463,0348,2026-01-04 00:00:00,PM LSV
7464,25291,2026-01-04 00:00:00,PM LSV
7465,25301,2026-01-04 00:00:00,PM LSV
7466,25303,2026-01-04 00:00:00,PM LSV
7467,25309,2026-01-04 00:00:00,PM LSV
7468,25299,2026-01-04 00:00:00,PM LSV
7469,25304,2026-01-04 00:00:00,PM LSV
7470,4099,2026-01-07 00:00:00,RP
7471,26014,2026-01-07 00:00:00,BEC ORDÑ
7472,0332,2025-12-23 00:00:00,RP
7473,25318,2025-12-23 00:00:00,BEC ORDÑ
7474,1123,2025-12-27 00:00:00,RP
7475,9503,2026-01-04 00:00:00,RP
7476,25319,2025-12-27 00:00:00,BEC ORDÑ
7477,26015,2026-01-04 00:00:00,BEC ORDÑ
7478,8082,2026-01-08 00:00:00,RP
7479,1501,2026-01-08 00:00:00,RP
7480,26016,2026-01-08 00:00:00,BEC ORDÑ
7481,26017,2026-01-08 00:00:00,BEC ORDÑ
7482,2143,2025-12-18 00:00:00,LBB
7483,3108,2025-12-18 00:00:00,LBB
7484,0132,2025-12-18 00:00:00,PM LSV
7485,0206B,2025-12-18 00:00:00,PM LSV
7486,0271,2025-12-18 00:00:00,PM LSV
7487,0312,2025-12-18 00:00:00,PM LSV
7488,0352,2025-12-18 00:00:00,PM LSV
7489,1032,2025-12-18 00:00:00,PM LSV
7490,2234,2025-12-18 00:00:00,PM LSV
7491,4100,2025-12-18 00:00:00,PM LSV
7492,6037,2025-12-18 00:00:00,PM LSV
7493,8010,2025-12-18 00:00:00,PM LSV
7494,9016,2025-12-18 00:00:00,PM LSV
7495,9100,2025-12-18 00:00:00,PM LSV
7496,J420,2025-12-18 00:00:00,LEN
7498,25261,2025-12-18 00:00:00,PM LSV
7499,25211,2025-12-18 00:00:00,PM LSV
7500,25271,2025-12-18 00:00:00,PM LSV
7501,25232,2025-12-18 00:00:00,PM LSV
7502,25109,2025-12-18 00:00:00,PM LSV
7503,25272,2025-12-18 00:00:00,PM LSV
7504,25286,2025-12-18 00:00:00,PM LSV
7505,25192,2025-12-18 00:00:00,PM LSV
7506,25061,2025-12-18 00:00:00,LEVANTE
7507,25224,2025-12-18 00:00:00,PM LSV
7508,25282,2025-12-18 00:00:00,PM LSV
7509,J25147,2025-12-18 00:00:00,PM LSV
7510,25133,2026-01-11 00:00:00,MTE
7511,25319,2026-01-11 00:00:00,MTE
7512,2029,2026-01-12 00:00:00,BEN1
7513,2032,2026-01-12 00:00:00,BEN1
7514,2041,2026-01-12 00:00:00,BEN1
7515,0325,2026-01-12 00:00:00,BEN1
7516,1501,2026-01-12 00:00:00,BEN2
7517,25287,2026-01-15 00:00:00,MTE
7518,26011,2026-01-15 00:00:00,MTE
7519,25291,2026-01-16 00:00:00,MTE
7520,2180A,2026-01-15 00:00:00,LSV
7521,PEND41,2026-01-15 00:00:00,LSV
7522,0330A,2026-01-16 00:00:00,LSV
7523,25281,2026-01-19 00:00:00,MTE
7525,1052A,2026-01-15 00:00:00,RP
7526,9007,2026-01-15 00:00:00,RP
7527,8048,2026-01-17 00:00:00,RP
7528,8087,2026-01-17 00:00:00,RP
7529,0500,2026-01-17 00:00:00,RP
7530,26018,2026-01-15 00:00:00,BEC ORDÑ
7531,26019,2026-01-15 00:00:00,BEC ORDÑ
7532,26020,2026-01-17 00:00:00,BEC ORDÑ
7533,26021,2026-01-17 00:00:00,BEC ORDÑ
7534,26022,2026-01-17 00:00:00,BEC ORDÑ
7535,25145,2026-01-15 00:00:00,levante
7536,8033,2026-01-15 00:00:00,LSV
7537,22049,2026-01-19 00:00:00,RP
7538,26023,2026-01-19 00:00:00,BEC ORDÑ
7539,9011,2026-01-15 00:00:00,LSV
7540,5076,2026-01-15 00:00:00,LSV
7541,9116B,2026-01-15 00:00:00,PM LSV
7542,3750,2026-01-15 00:00:00,PM LSV
7543,5052,2026-01-15 00:00:00,LSV
7544,8006,2026-01-15 00:00:00,LSV
7545,33,2026-01-15 00:00:00,LSV
7546,8050,2026-01-15 00:00:00,LSV
7547,0258,2026-01-15 00:00:00,PM LSV
7549,2007,2026-01-15 00:00:00,PM LSV
7550,2036,2026-01-15 00:00:00,PM LSV
7551,2107,2026-01-15 00:00:00,PM LSV
7552,4109,2026-01-15 00:00:00,LSV
7553,9023,2026-01-15 00:00:00,PM LSV
7554,9046,2025-11-25 00:00:00,PM LSV
7555,25116,2026-01-15 00:00:00,CEBA
7556,25134,2026-01-15 00:00:00,CEBA
7557,25255,2026-01-15 00:00:00,PM LSV
7558,25100,2026-01-15 00:00:00,LEVANTE
7559,25121,2026-01-15 00:00:00,CEBA
7560,25099,2026-01-15 00:00:00,LEVANTE
7561,25247,2026-01-15 00:00:00,PM LSV
7564,25290,2026-01-15 00:00:00,PM LSV
7565,25175,2026-01-15 00:00:00,PM LSV
7566,25311,2026-01-15 00:00:00,PM LSV
7567,25273,2025-11-25 00:00:00,PM LSV
7568,5090,2026-01-15 00:00:00,LBB
7569,8082,2026-01-15 00:00:00,LBB
7570,0310,2026-01-15 00:00:00,LBB
7571,0321,2026-01-15 00:00:00,LBB
7572,4076,2026-01-15 00:00:00,LBB
7573,4099,2026-01-15 00:00:00,LBB
7574,5092,2026-01-15 00:00:00,LBB
7575,6008,2026-01-15 00:00:00,LBB
7576,9115,2026-01-15 00:00:00,LBB
7577,9503,2026-01-15 00:00:00,LBB
7578,3026A,2026-01-15 00:00:00,LPB
7579,4007,2026-01-15 00:00:00,LPB
7580,2094A,2026-01-15 00:00:00,LPB
7581,5144,2026-01-15 00:00:00,LPB
7582,3066B,2026-01-15 00:00:00,LPB
7583,22144,2026-01-15 00:00:00,LPB
7584,2140,2026-01-15 00:00:00,LPB
7585,2137,2026-01-15 00:00:00,LPB
7586,22161,2026-01-15 00:00:00,LPB
7587,22135,2026-01-15 00:00:00,LPB
7588,7059,2026-01-15 00:00:00,LPB
7589,1078A,2026-01-15 00:00:00,LPB
7590,8096,2026-01-15 00:00:00,LPB
7591,20334,2026-01-15 00:00:00,LPB
7592,7022,2026-01-15 00:00:00,LPB
7593,8005,2026-01-15 00:00:00,LPB
7594,80121,2026-01-15 00:00:00,LPB
7595,8041,2026-01-15 00:00:00,LPB
7596,8077,2026-01-15 00:00:00,LPB
7597,1310,2026-01-15 00:00:00,LPB
7598,8061,2026-01-15 00:00:00,LPB
7599,9053,2026-01-15 00:00:00,LPB
7600,91172,2026-01-15 00:00:00,LPB
7601,9126A,2026-01-15 00:00:00,LPB
7602,0101,2026-01-15 00:00:00,LPB
7603,0107,2026-01-15 00:00:00,LPB
7604,0111,2026-01-15 00:00:00,LPB
7605,0206A,2026-01-15 00:00:00,LPB
7606,0249,2026-01-15 00:00:00,LPB
7607,0259,2026-01-15 00:00:00,LPB
7608,0269,2026-01-15 00:00:00,LPB
7609,0278,2026-01-15 00:00:00,LPB
7610,0333,2026-01-15 00:00:00,LPB
7611,0336,2026-01-15 00:00:00,LPB
7612,0342,2026-01-15 00:00:00,LPB
7613,0353,2026-01-15 00:00:00,LPB
7614,9020,2026-01-15 00:00:00,LPB
7615,1100A,2026-01-15 00:00:00,LPB
7616,0332,2026-01-15 00:00:00,LPB
7617,1045,2026-01-15 00:00:00,LPB
7618,2052,2026-01-15 00:00:00,LPB
7619,2039,2026-01-15 00:00:00,LPB
7620,2034,2026-01-15 00:00:00,LPB
7621,2080,2026-01-15 00:00:00,LPB
7622,4072,2026-01-15 00:00:00,LPB
7623,7017,2026-01-15 00:00:00,LPB
7624,2103,2026-01-15 00:00:00,LPB
7625,2093,2026-01-15 00:00:00,LPB
7626,1088A,2026-01-15 00:00:00,LPB
7627,2023,2026-01-15 00:00:00,LPB
7628,2102,2026-01-15 00:00:00,LPB
7629,34,2026-01-15 00:00:00,LPB
7630,21391,2026-01-15 00:00:00,LPB
7631,4023,2026-01-15 00:00:00,LPB
7632,80272,2026-01-15 00:00:00,LPB
7633,1123,2026-01-15 00:00:00,LPB
7635,22098,2026-01-15 00:00:00,LPB
7638,4048,2025-12-15 00:00:00,LSV
7639,6035,2025-12-15 00:00:00,LPB
7640,BU334,2026-01-20 00:00:00,LPB
7641,BU312,2026-01-20 00:00:00,LBB
7642,BU062,2026-01-20 00:00:00,PM LSV
7643,BU057,2026-01-20 00:00:00,LSV
7644,BU348,2026-01-20 00:00:00,LPB
7645,BU019,2026-01-20 00:00:00,LPB
7646,BU338,2026-01-20 00:00:00,LPB
7647,BU345,2026-01-20 00:00:00,LPB
7648,BU006,2026-01-20 00:00:00,LSV
7649,BU349,2026-01-20 00:00:00,LPB
7650,BU082,2026-01-20 00:00:00,LPB
7651,BU373,2026-01-20 00:00:00,CEBA
7652,BU378,2026-01-20 00:00:00,CEBA
7653,4172,2026-01-17 00:00:00,RP
7654,0229,2026-01-18 00:00:00,RP
7655,0303,2026-01-18 00:00:00,RP
7656,8093,2026-01-18 00:00:00,RP
7657,22186,2026-01-20 00:00:00,RP
7658,4034,2026-01-20 00:00:00,RP
7659,0298,2026-01-20 00:00:00,RP
7660,26024,2026-01-17 00:00:00,BEC ORDÑ
7661,26025,2026-01-18 00:00:00,BEC ORDÑ
7662,26026,2026-01-18 00:00:00,BEC ORDÑ
7663,26027,2026-01-18 00:00:00,BEC ORDÑ
7664,26028,2026-01-20 00:00:00,BEC ORDÑ
7665,26029,2026-01-20 00:00:00,BEC ORDÑ
7666,26030,2026-01-20 00:00:00,BEC ORDÑ
7667,26009,2026-01-10 00:00:00,PEND
7668,22120,2026-01-25 00:00:00,CEBA
7669,2174,2026-01-25 00:00:00,CEBA
7670,22115,2026-01-25 00:00:00,CEBA
7671,22157,2026-01-25 00:00:00,CEBA
7672,22158,2026-01-25 00:00:00,CEBA
7673,2159,2026-01-25 00:00:00,CEBA
7674,22122,2026-01-25 00:00:00,CEBA
7675,22166,2026-01-25 00:00:00,CEBA
7676,22114,2026-01-25 00:00:00,CEBA
7677,1068A,2026-01-25 00:00:00,CEBA
7678,2010,2026-01-25 00:00:00,CEBA
7679,2044,2026-01-25 00:00:00,CEBA
7680,22175,2026-01-25 00:00:00,CEBA
7681,22176,2026-01-25 00:00:00,CEBA
7682,22184,2026-01-25 00:00:00,CEBA
7683,22185,2026-01-25 00:00:00,CEBA
7684,22187,2026-01-25 00:00:00,CEBA
7685,22188,2026-01-25 00:00:00,CEBA
7686,22190,2026-01-25 00:00:00,CEBA
7687,22192,2026-01-25 00:00:00,CEBA
7688,22196,2026-01-25 00:00:00,CEBA
7689,22207,2026-01-25 00:00:00,CEBA
7690,22209,2026-01-25 00:00:00,CEBA
7691,22206,2026-01-25 00:00:00,CEBA
7692,22205,2026-01-25 00:00:00,CEBA
7693,2094,2026-01-25 00:00:00,CEBA
7694,22100,2026-01-25 00:00:00,CEBA
7695,2101,2026-01-25 00:00:00,CEBA
7696,2099,2026-01-25 00:00:00,CEBA
7697,23008,2026-01-25 00:00:00,CEBA
7698,23010,2026-01-25 00:00:00,CEBA
7699,23011,2026-01-25 00:00:00,CEBA
7700,23014,2026-01-25 00:00:00,CEBA
7701,23015,2026-01-25 00:00:00,CEBA
7702,23019,2026-01-25 00:00:00,CEBA
7703,23020,2026-01-25 00:00:00,CEBA
7704,23028,2026-01-25 00:00:00,CEBA
7705,23035,2026-01-25 00:00:00,CEBA
7706,23046,2026-01-25 00:00:00,CEBA
7707,23053,2026-01-25 00:00:00,CEBA
7708,23054,2026-01-25 00:00:00,CEBA
7709,23056,2026-01-25 00:00:00,CEBA
7710,23058,2026-01-25 00:00:00,CEBA
7711,23059,2026-01-25 00:00:00,CEBA
7712,23063,2026-01-25 00:00:00,CEBA
7713,23070,2026-01-25 00:00:00,CEBA
7714,23072,2026-01-25 00:00:00,CEBA
7715,1008,2026-01-25 00:00:00,CEBA
7716,23078,2026-01-25 00:00:00,CEBA
7717,23084,2026-01-25 00:00:00,CEBA
7718,23085,2026-01-25 00:00:00,CEBA
7719,23088,2026-01-25 00:00:00,CEBA
7720,23089,2026-01-25 00:00:00,CEBA
7721,22168,2026-01-25 00:00:00,CEBA
7722,23090,2026-01-25 00:00:00,CEBA
7723,23091,2026-01-25 00:00:00,CEBA
7724,23093,2026-01-25 00:00:00,CEBA
7725,23095,2026-01-25 00:00:00,CEBA
7726,23096,2026-01-25 00:00:00,CEBA
7727,23099,2026-01-25 00:00:00,CEBA
7728,23100,2026-01-25 00:00:00,CEBA
7729,23102,2026-01-25 00:00:00,CEBA
7730,23104,2026-01-25 00:00:00,CEBA
7731,23108,2026-01-25 00:00:00,CEBA
7732,23114,2026-01-25 00:00:00,CEBA
7733,23116,2026-01-25 00:00:00,CEBA
7734,23118,2026-01-25 00:00:00,CEBA
7735,23119,2026-01-25 00:00:00,CEBA
7736,23120,2026-01-25 00:00:00,CEBA
7737,23123,2026-01-25 00:00:00,CEBA
7738,23124,2026-01-25 00:00:00,CEBA
7739,23132,2026-01-25 00:00:00,CEBA
7740,23135,2026-01-25 00:00:00,CEBA
7741,23137,2026-01-25 00:00:00,CEBA
7742,23140,2026-01-25 00:00:00,CEBA
7743,23142,2026-01-25 00:00:00,CEBA
7744,23145,2026-01-25 00:00:00,CEBA
7745,23146,2026-01-25 00:00:00,CEBA
7746,23147,2026-01-25 00:00:00,CEBA
7747,23150,2026-01-25 00:00:00,CEBA
7748,23157,2026-01-25 00:00:00,CEBA
7749,23164,2026-01-25 00:00:00,CEBA
7750,23173,2026-01-25 00:00:00,CEBA
7751,23177,2026-01-25 00:00:00,CEBA
7752,23184,2026-01-25 00:00:00,CEBA
7753,23181,2026-01-25 00:00:00,CEBA
7754,23187,2026-01-25 00:00:00,CEBA
7755,23188,2026-01-25 00:00:00,CEBA
7756,23190,2026-01-25 00:00:00,CEBA
7757,23193,2026-01-25 00:00:00,CEBA
7758,23196,2026-01-25 00:00:00,CEBA
7759,23197,2026-01-25 00:00:00,CEBA
7760,23210,2026-01-25 00:00:00,CEBA
7761,23212,2026-01-25 00:00:00,CEBA
7762,23214,2026-01-25 00:00:00,CEBA
7763,23218,2026-01-25 00:00:00,CEBA
7764,23220,2026-01-25 00:00:00,CEBA
7765,23222,2026-01-25 00:00:00,CEBA
7766,23242,2026-01-25 00:00:00,CEBA
7767,23247,2026-01-25 00:00:00,CEBA
7768,23249,2026-01-25 00:00:00,CEBA
7769,23251,2026-01-25 00:00:00,CEBA
7770,24029,2026-01-25 00:00:00,CEBA
7771,24033,2026-01-25 00:00:00,CEBA
7772,24034,2026-01-25 00:00:00,CEBA
7773,24037,2026-01-25 00:00:00,CEBA
7774,24050,2026-01-25 00:00:00,CEBA
7775,24060,2026-01-25 00:00:00,CEBA
7776,24067,2026-01-25 00:00:00,CEBA
7777,24071,2026-01-25 00:00:00,CEBA
7778,24074,2026-01-25 00:00:00,CEBA
7779,24082,2026-01-25 00:00:00,CEBA
7780,24086,2026-01-25 00:00:00,CEBA
7781,24098,2026-01-25 00:00:00,CEBA
7782,24111,2026-01-25 00:00:00,CEBA
7783,24134,2026-01-25 00:00:00,CEBA
7784,24141,2026-01-25 00:00:00,CEBA
7785,24145,2026-01-25 00:00:00,CEBA
7786,24154,2026-01-25 00:00:00,CEBA
7787,24160,2026-01-25 00:00:00,CEBA
7788,24165,2026-01-25 00:00:00,CEBA
7789,24198,2026-01-25 00:00:00,CEBA
7790,24206,2026-01-25 00:00:00,CEBA
7791,24214,2026-01-25 00:00:00,CEBA
7792,J401,2026-01-25 00:00:00,CEBA
7793,J4011,2026-01-25 00:00:00,CEBA
7794,J416,2026-01-25 00:00:00,CEBA
7795,2180A,2026-01-23 00:00:00,BEN2
7796,26018,2026-01-25 00:00:00,MTE
7797,25082,2026-01-25 00:00:00,MTE
7798,BU056,2026-01-24 00:00:00,BEN1
7799,BU01251,2026-01-24 00:00:00,BEN1
7800,BU084,2026-01-24 00:00:00,BEN1
7801,1079,2026-01-25 00:00:00,RP
7802,9040,2026-01-26 00:00:00,RP
7803,9024,2026-01-27 00:00:00,RP
7804,0314,2026-01-28 00:00:00,RP
7805,2040,2026-01-29 00:00:00,RP
7806,809,2026-01-29 00:00:00,RP
7807,J841,2026-01-29 00:00:00,RP
7808,1073,2026-01-29 00:00:00,RP
7809,26031,2026-01-25 00:00:00,BEC ORDÑ
7810,26032,2026-01-26 00:00:00,BEC ORDÑ
7811,26033,2026-01-27 00:00:00,BEC ORDÑ
7812,26034,2026-01-28 00:00:00,BEC ORDÑ
7813,26035,2026-01-29 00:00:00,BEC ORDÑ
7814,26036,2026-01-29 00:00:00,BEC ORDÑ
7815,26037,2026-01-29 00:00:00,BEC ORDÑ
7816,26038,2026-01-29 00:00:00,BEC ORDÑ
7817,9103,2026-01-28 00:00:00,LSV
7818,26039,2026-01-28 00:00:00,MORTINATO
7819,25115,2026-01-30 00:00:00,MTE
7820,26024,2026-01-31 00:00:00,MTE
7821,25108,2026-02-02 00:00:00,MTE
7822,2109,2026-02-02 00:00:00,RP
7823,26040,2026-02-02 00:00:00,BEC ORDÑ
7824,8030,2025-11-12 00:00:00,LSP
7825,22189,2026-02-04 00:00:00,LSPA
7826,23001,2026-02-04 00:00:00,LSPA
7827,23006,2026-02-04 00:00:00,LSPA
7828,23016,2026-02-04 00:00:00,LSPA
7829,23017,2026-02-04 00:00:00,LSPA
7830,23022,2026-02-04 00:00:00,LSPA
7831,23036,2026-02-04 00:00:00,LSPA
7832,91262,2026-02-04 00:00:00,RP
7833,0322,2026-02-04 00:00:00,RP
7834,2083,2026-02-04 00:00:00,RP
7835,26041,2026-02-04 00:00:00,BEC ORDÑ
7836,26042,2026-02-04 00:00:00,BEC ORDÑ
7837,26043,2026-02-04 00:00:00,BEC ORDÑ
7838,25182,2026-02-05 00:00:00,MTE
7840,BU319,2026-02-07 00:00:00,BEN1
7841,BU085,2026-02-07 00:00:00,BEN1
7842,4048,2026-02-09 00:00:00,BEN1
7843,0109A,2026-02-09 00:00:00,BEN1
7844,2027,2026-02-09 00:00:00,BEN1
7845,1130A,2026-02-09 00:00:00,BEN1
7846,2162,2026-02-06 00:00:00,RP
7847,2215,2026-02-05 00:00:00,RP
7848,8043,2026-02-06 00:00:00,RP
7849,5033,2026-02-06 00:00:00,RP
7850,0308,2026-02-06 00:00:00,RP
7851,26044,2026-02-06 00:00:00,BEC ORDÑ
7852,26045,2026-02-05 00:00:00,BEC ORDÑ
7853,26046,2026-02-06 00:00:00,BEC ORDÑ
7854,26047,2026-02-06 00:00:00,BEC ORDÑ
7855,26048,2026-02-06 00:00:00,BEC ORDÑ
7856,J420,2026-02-09 00:00:00,PM LSV
7857,25060,2026-02-09 00:00:00,LEVANTE
7858,25109,2026-02-09 00:00:00,CEBA
7859,0317A,2026-02-11 00:00:00,PM LSV
7860,6008,2026-02-11 00:00:00,PM LSV
7861,9023,2026-02-11 00:00:00,PM LSV
7862,4034,2026-02-11 00:00:00,PM LSV
7863,25313,2026-02-11 00:00:00,PM LSV
7864,26010,2026-02-11 00:00:00,PM LSV
7865,25311,2026-02-11 00:00:00,PM LSV
7866,26029,2026-02-11 00:00:00,PM LSV
7867,25027,2026-02-04 00:00:00,CEBA
7868,25058,2026-02-04 00:00:00,LEVANTE
7869,25076,2026-02-04 00:00:00,LEVANTE
7870,25053,2026-02-04 00:00:00,LEVANTE
7871,25055,2026-02-04 00:00:00,CEBA
7872,25056,2026-02-04 00:00:00,LEVANTE
7873,25067,2026-02-04 00:00:00,CEBA
7874,25306,2026-02-04 00:00:00,CEBA
7875,25075,2026-02-04 00:00:00,LEVANTE
7876,25088,2026-02-04 00:00:00,CEBA
7877,25070,2026-02-04 00:00:00,CEBA
7879,0226,2026-02-04 00:00:00,LSP
7880,8028,2026-02-04 00:00:00,LSP
7881,8037,2026-02-04 00:00:00,LSP
7882,1004,2026-02-04 00:00:00,LSP
7883,5060,2026-02-04 00:00:00,LSP
7884,0299A,2026-02-04 00:00:00,LSP
7885,2047,2026-02-04 00:00:00,LSP
7886,2073,2026-02-04 00:00:00,LSP
7887,2209A,2026-02-04 00:00:00,LSV
7888,0201,2026-02-04 00:00:00,LSV
7889,9015,2026-02-04 00:00:00,LSV
7890,80272,2026-02-04 00:00:00,LSV
7891,1075,2026-02-04 00:00:00,LSV
7892,9099,2026-02-04 00:00:00,LSV
7893,4023,2026-02-04 00:00:00,LSV
7894,1100B,2026-02-04 00:00:00,LSV
7895,2007,2026-02-04 00:00:00,LSV
7896,1091,2026-02-04 00:00:00,LSV
7897,4078,2026-02-04 00:00:00,LSV
7898,25074,2026-02-04 00:00:00,CEBA
7899,25063,2026-02-11 00:00:00,LEVANTE
7900,25071,2026-02-11 00:00:00,LEVANTE
7901,25078,2026-02-11 00:00:00,CEBA
7902,25084,2026-02-11 00:00:00,CEBA
7903,25086,2026-02-11 00:00:00,LEVANTE
7904,25093,2026-02-11 00:00:00,CEBA
7905,25096,2026-02-11 00:00:00,CEBA
7906,25097,2026-02-11 00:00:00,CEBA
7907,25104,2026-02-11 00:00:00,LEVANTE
7908,25118,2026-02-11 00:00:00,LEVANTE
7909,25120,2026-02-11 00:00:00,CEBA
7910,25122,2026-02-11 00:00:00,LEVANTE
7911,25125,2026-02-11 00:00:00,CEBA
7912,25137,2026-02-11 00:00:00,CEBA
7913,25138,2026-02-11 00:00:00,LEVANTE
7914,25140,2026-02-11 00:00:00,CEBA
7915,25149,2026-02-11 00:00:00,CEBA
7916,25151,2026-02-11 00:00:00,CEBA
7917,25152,2026-02-11 00:00:00,CEBA
7918,25091,2026-02-11 00:00:00,CEBA
7919,2061,2026-02-11 00:00:00,LSV
7920,1056A,2026-02-11 00:00:00,LSV
7921,4A,2026-02-11 00:00:00,LSV
7922,0326,2026-02-11 00:00:00,LSP
7923,6031,2026-02-11 00:00:00,LSP
7924,0350,2026-02-11 00:00:00,LSP
7925,1132,2026-02-11 00:00:00,LSV
7926,3027A,2026-02-11 00:00:00,LSP
7927,9014,2026-02-11 00:00:00,LSP
7928,8085,2026-02-11 00:00:00,LSV
7929,0343,2026-02-11 00:00:00,LSP
7930,12164,2026-02-11 00:00:00,LSP
7931,6028,2026-02-11 00:00:00,LSV
7932,7080,2026-02-11 00:00:00,LSP
7933,31,2026-02-11 00:00:00,LSV
7934,7072,2026-02-11 00:00:00,LSP
7935,0311,2026-02-11 00:00:00,LSP
7936,0304,2026-02-11 00:00:00,LSP
7937,5052,2026-02-11 00:00:00,LSP
7938,33,2026-02-11 00:00:00,LSP
7939,0310,2026-02-11 00:00:00,PM LSV
7940,9503,2026-02-11 00:00:00,PM LSV
7941,0321,2026-02-11 00:00:00,PM LSV
7942,4099,2026-02-11 00:00:00,PM LSV
7943,5092,2026-02-11 00:00:00,PM LSV
7944,2102,2026-02-11 00:00:00,PM LSV
7945,4076,2026-02-11 00:00:00,PM LSV
7946,9115,2026-02-11 00:00:00,PM LSV
7947,26005,2026-02-11 00:00:00,PM LSV
7948,26015,2026-02-11 00:00:00,PM LSV
7949,25294,2026-02-11 00:00:00,PM LSV
7950,26014,2026-02-11 00:00:00,PM LSV
7951,26008,2026-02-11 00:00:00,PM LSV
7952,25317,2026-02-11 00:00:00,PM LSV
7953,25302,2026-02-11 00:00:00,PM LSV
7954,25315,2026-02-11 00:00:00,PM LSV
7955,2011,2026-02-10 00:00:00,RP
7956,1103,2026-02-10 00:00:00,RP
7957,22177,2026-02-10 00:00:00,RP
7958,22119,2026-02-10 00:00:00,RP
7959,26049,2026-02-10 00:00:00,BEC ORDÑ
7960,26050,2026-02-10 00:00:00,BEC ORDÑ
7961,26051,2026-02-10 00:00:00,BEC ORDÑ
7962,26052,2026-02-10 00:00:00,BEC ORDÑ
7963,BU78,2026-02-06 00:00:00,LSP
7964,25062,2026-02-09 00:00:00,CEBA
7965,25054,2026-02-09 00:00:00,LEVANTE
7966,2062,2026-02-09 00:00:00,LSV
7967,25054,2026-02-09 00:00:00,LEVANTE
7968,J25049,2026-02-09 00:00:00,LEVANTE
7969,J424,2026-02-09 00:00:00,LSP
7970,7007,2026-02-09 00:00:00,LSP
7971,25052,2026-02-09 00:00:00,CEBA
7972,40072,2026-02-09 00:00:00,LSV
7973,25022,2026-02-07 00:00:00,CEBA
7974,25114,2025-10-23 00:00:00,CEBA
7975,J25002,2025-10-08 00:00:00,LEVANTE
7976,25038,2026-02-15 00:00:00,MTE
7977,2087,2026-02-14 00:00:00,RP
7978,2110,2026-02-14 00:00:00,RP
7979,0267,2026-02-14 00:00:00,RP
7980,3107,2026-02-14 00:00:00,RP
7981,j426,2026-02-14 00:00:00,RP
7982,22160,2026-02-14 00:00:00,RP
7983,2141,2026-02-14 00:00:00,RP
7984,8036,2026-02-15 00:00:00,RP
7985,2220,2026-02-15 00:00:00,RP
7986,26053,2026-02-14 00:00:00,BEC ORDÑ
7987,26054,2026-02-14 00:00:00,BEC ORDÑ
7988,26055,2026-02-14 00:00:00,BEC ORDÑ
7989,26056,2026-02-14 00:00:00,BEC ORDÑ
7990,26057,2026-02-14 00:00:00,BEC ORDÑ
7991,26058,2026-02-14 00:00:00,BEC ORDÑ
7992,26059,2026-02-14 00:00:00,BEC ORDÑ
7993,26060,2026-02-15 00:00:00,BEC ORDÑ
7994,26061,2026-02-15 00:00:00,BEC ORDÑ
7995,9110A,2026-02-13 00:00:00,LPB
7996,PEND41,2026-02-13 00:00:00,LPB
7997,0284,2026-02-13 00:00:00,LSV
7998,7022,2026-02-13 00:00:00,LSV
7999,5079,2026-02-13 00:00:00,LSP
8000,25142,2026-02-13 00:00:00,LEVANTE
8001,0018,2026-02-13 00:00:00,LSV
8002,5090,2026-02-13 00:00:00,LSV
8003,9007,2026-02-13 00:00:00,Sin Lote
8004,2040,2026-02-13 00:00:00,LPB
8005,9024,2026-02-13 00:00:00,LPB
8006,809,2026-02-13 00:00:00,LPB
8007,8087,2026-02-13 00:00:00,LPB
8008,9040,2026-02-13 00:00:00,LPB
8009,0322,2026-02-13 00:00:00,LPB
8010,0229,2026-02-13 00:00:00,LPB
8011,J841,2026-02-13 00:00:00,LPB
8012,5033,2026-02-13 00:00:00,LPB
8013,91262,2026-02-13 00:00:00,LPB
8014,8093,2026-02-13 00:00:00,LPB
8015,0298,2026-02-13 00:00:00,LPB
8016,1079,2026-02-13 00:00:00,LPB
8017,8048,2026-02-13 00:00:00,LPB
8018,8043,2026-02-13 00:00:00,LPB
8019,2083,2026-02-13 00:00:00,LPB
8020,0500,2026-02-13 00:00:00,LPB
8021,1052A,2026-02-13 00:00:00,LPB
8022,1073,2026-02-13 00:00:00,LPB
8023,2162,2026-02-13 00:00:00,LPB
8024,22119,2026-02-13 00:00:00,LPB
8025,0314,2026-02-13 00:00:00,LPB
8026,2011,2026-02-13 00:00:00,LPB
8027,2109,2026-02-13 00:00:00,LPB
8028,22049,2026-02-13 00:00:00,LPB
8029,22172,2026-02-13 00:00:00,LPB
8030,22186,2026-02-13 00:00:00,LPB
8031,9103,2026-02-13 00:00:00,LPB
8032,0303,2026-02-13 00:00:00,LPB
8033,26046,2026-02-11 00:00:00,MTE
8034,26056,2026-02-18 00:00:00,MTE
8035,2226,2026-02-17 00:00:00,RP
8036,2026,2026-02-17 00:00:00,RP
8037,26062,2026-02-17 00:00:00,BEC ORDÑ
8038,26063,2026-02-17 00:00:00,BEC ORDÑ
8039,25259,2025-12-18 00:00:00,MTE
8040,25113,2026-01-16 00:00:00,MTE
8041,BU057,2026-02-20 00:00:00,RP
8042,5007,2026-02-19 00:00:00,RP
8043,BU26001,2026-02-20 00:00:00,BUC ORDEÑO
8044,26064,2026-02-19 00:00:00,BEC ORDÑ
8045,2215,2026-02-21 00:00:00,MTE
8046,0307,2026-02-20 00:00:00,RP
8047,6067,2026-02-20 00:00:00,RP
8048,9128B,2026-02-20 00:00:00,RP
8049,5150,2026-02-21 00:00:00,RP
8050,2096A,2026-02-22 00:00:00,RP
8051,26065,2026-02-20 00:00:00,BEC ORDÑ
8052,26066,2026-02-20 00:00:00,BEC ORDÑ
8053,26067,2026-02-20 00:00:00,BEC ORDÑ
8054,26068,2026-02-21 00:00:00,BEC ORDÑ
8055,26069,2026-02-22 00:00:00,BEC ORDÑ
8056,2200,2026-02-23 00:00:00,LSV
8057,26070,2026-02-23 00:00:00,MORTINATO
8058,BU2533,2026-02-25 00:00:00,MTE
8059,26048,2026-02-25 00:00:00,MTE
8060,9091,2026-02-26 00:00:00,LSP
8061,2201,2026-02-26 00:00:00,LSP
8062,0329,2026-02-26 00:00:00,LSP
8063,9071,2026-02-26 00:00:00,LSP
8064,30212,2026-02-26 00:00:00,LSV
8065,J425,2026-02-26 00:00:00,LSP
8066,2137,2026-02-26 00:00:00,LSV
8067,1005,2026-02-26 00:00:00,LSP
8068,2035A,2026-02-26 00:00:00,LSV
8069,0202,2026-02-26 00:00:00,LSP
8070,9113,2026-02-26 00:00:00,LSV
8071,1104A,2026-02-26 00:00:00,LSP
8072,6035,2026-02-26 00:00:00,LSV
8073,7083,2026-02-26 00:00:00,LSV
8074,25131,2026-02-26 00:00:00,CEBA
8075,25155,2026-02-26 00:00:00,LEVANTE
8076,25139,2026-02-26 00:00:00,CEBA
8077,25135,2026-02-26 00:00:00,CEBA
8078,J25132,2026-02-26 00:00:00,CEBA
8079,25101,2026-02-26 00:00:00,LEVANTE
8080,25077,2026-02-26 00:00:00,LEVANTE
8081,25095,2026-02-26 00:00:00,CEBA
8082,25127,2026-02-26 00:00:00,LEVANTE
8083,25105,2026-02-26 00:00:00,LEVANTE
8084,25050,2026-02-26 00:00:00,CEBA
8085,25059,2026-02-26 00:00:00,CEBA
8086,22112,2026-02-25 00:00:00,RP
8087,22117,2026-02-26 00:00:00,RP
8088,26072,2026-02-25 00:00:00,BEC ORDÑ
8089,26074,2026-02-26 00:00:00,BEC ORDÑ
8090,2088B,2026-02-28 00:00:00,RP
8091,4035,2026-02-28 00:00:00,RP
8092,2124A,2026-02-28 00:00:00,RP
8093,26075,2026-02-28 00:00:00,BEC ORDÑ
8094,26076,2026-02-28 00:00:00,BEC ORDÑ
8095,26077,2026-02-28 00:00:00,BEC ORDÑ
8096,26045,2026-03-01 00:00:00,MTE
8097,25044,2026-03-02 00:00:00,MTE
8098,22085,2026-02-25 00:00:00,RP
8099,26073,2026-02-25 00:00:00,BEC ORDÑ
8100,BU351,2026-03-03 00:00:00,LSV
8101,BU342,2026-03-03 00:00:00,LSV
8102,BU332,2026-01-29 00:00:00,LSV
8103,BU2508,2026-03-03 00:00:00,CEBA
8104,BU372,2026-03-03 00:00:00,LEVANTE
8105,BU2510,2026-01-29 00:00:00,LEVANTE
8106,25258,2026-03-06 00:00:00,MTE
8107,1053,2026-03-05 00:00:00,BEN1
8108,1215,2026-03-05 00:00:00,BEN1
8109,0141,2026-03-05 00:00:00,BEN1
8110,1056,2026-03-05 00:00:00,BEN1
8111,BU26001,2026-03-01 00:00:00,MTE
8112,0304,2026-03-06 00:00:00,LSV
8113,26078,2026-03-06 00:00:00,MORTINATO
8114,8043,2026-03-05 00:00:00,LSV
8115,1052A,2026-03-05 00:00:00,LSV
8116,9500,2026-03-05 00:00:00,PM LSV
8117,25215,2026-03-05 00:00:00,PM LSV
8118,pend41,2026-03-05 00:00:00,LSV
8119,7017,2026-03-05 00:00:00,LSV
8120,EMB 5,2026-03-05 00:00:00,LBB
8121,9128B,2026-03-05 00:00:00,LBB
8122,0342,2026-03-05 00:00:00,LBB
8123,1109B,2026-03-05 00:00:00,LSV
8124,1123,2026-03-05 00:00:00,LSV
8125,4172,2026-03-05 00:00:00,LSV
8126,0303,2026-03-05 00:00:00,LBB
8127,0308,2026-03-05 00:00:00,LSV
8128,22193,2026-03-10 00:00:00,RP
8129,26079,2026-03-10 00:00:00,BEC ORDÑ
8130,8014,2026-02-25 00:00:00,PM LSV
8131,26071,2026-02-25 00:00:00,PM LSV
8132,2500,2026-03-12 00:00:00,RP
8133,26080,2026-03-12 00:00:00,BEC ORDÑ
8134,25103,2026-03-12 00:00:00,LEVANTE
8135,J25147,2026-03-12 00:00:00,LEVANTE
8136,25087,2026-03-12 00:00:00,LEVANTE
8137,25144,2026-03-12 00:00:00,CEBA
8138,25124,2026-03-12 00:00:00,CEBA
8139,25111,2026-03-12 00:00:00,CEBA
8140,25073,2026-03-12 00:00:00,CEBA
8141,25106,2026-03-12 00:00:00,LEVANTE
8142,10431,2026-03-12 00:00:00,LSP
8143,J420,2026-03-12 00:00:00,LSV
8144,0240,2026-03-12 00:00:00,LSV
8146,8094,2026-03-12 00:00:00,LSV
8147,2203,2026-03-12 00:00:00,LSV
8148,2042,2026-03-12 00:00:00,LSV
8149,0338,2026-03-12 00:00:00,LSP
8150,8026,2026-03-15 00:00:00,MTE
8151,0226,2026-03-15 00:00:00,RP
8152,2208A,2026-03-15 00:00:00,RP
8153,8051,2026-03-15 00:00:00,RP
8154,0220,2026-03-17 00:00:00,RP
8155,31102,2026-03-17 00:00:00,RP
8156,50741,2026-03-17 00:00:00,RP
8157,26081,2026-03-15 00:00:00,BEC ORDÑ
8158,26082,2026-03-15 00:00:00,BEC ORDÑ
8159,26083,2026-03-15 00:00:00,BEC ORDÑ
8160,26084,2026-03-17 00:00:00,BEC ORDÑ
8161,26085,2026-03-17 00:00:00,BEC ORDÑ
8162,26086,2026-03-17 00:00:00,BEC ORDÑ
8163,91171,2026-03-18 00:00:00,RP
8164,20971,2026-03-18 00:00:00,RP
8165,26087,2026-03-18 00:00:00,BEC ORDÑ
8166,26088,2026-03-18 00:00:00,BEC ORDÑ
8167,22139,2026-03-20 00:00:00,RP
8168,2002,2026-03-20 00:00:00,RP
8169,2171,2026-03-23 00:00:00,RP
8170,2050,2026-03-23 00:00:00,RP
8171,0305,2026-03-23 00:00:00,RP
8172,8089,2026-03-23 00:00:00,RP
8173,22180,2026-03-24 00:00:00,RP
8174,0355,2026-03-24 00:00:00,RP
8175,26090,2026-03-20 00:00:00,BEC ORDÑ
8176,26091,2026-03-20 00:00:00,BEC ORDÑ
8177,26092,2026-03-23 00:00:00,BEC ORDÑ
8178,26093,2026-03-23 00:00:00,BEC ORDÑ
8179,26094,2026-03-23 00:00:00,BEC ORDÑ
8180,26095,2026-03-23 00:00:00,BEC ORDÑ
8181,26096,2026-03-24 00:00:00,BEC ORDÑ
8182,26097,2026-03-24 00:00:00,BEC ORDÑ
8183,2234,2026-03-27 00:00:00,RP
8184,26098,2026-03-27 00:00:00,BEC ORDÑ
8185,26099,2026-03-30 00:00:00,MORTINATO
8186,pend24,2026-03-30 00:00:00,LPB
8187,BU078,2026-03-31 00:00:00,BEN1
8188,0132,2026-04-01 00:00:00,LSP
8189,5098,2026-04-01 00:00:00,LSP
8190,4141,2026-04-01 00:00:00,RP
8191,2202,2026-04-03 00:00:00,RP
8192,26100,2026-04-01 00:00:00,BEC ORDÑ
8193,26101,2026-04-03 00:00:00,BEC ORDÑ
8194,24050,2026-04-04 00:00:00,BEN2
8195,1104,2026-04-06 00:00:00,MTE
8196,25114,2026-03-25 00:00:00,MTE
8197,9500,2026-04-07 00:00:00,LSV
8198,25215,2026-04-07 00:00:00,LEVANTE
8199,25161,2026-04-07 00:00:00,LEVANTE
8200,1102,2026-04-07 00:00:00,LSV
8201,1109A,2026-04-07 00:00:00,BEN2
8202,BU312,2026-04-07 00:00:00,LSV
8203,BU329,2026-04-07 00:00:00,LSV
8204,BU346,2026-04-07 00:00:00,LSV
8205,1066A,2026-04-06 00:00:00,RP
8206,2090A,2026-04-06 00:00:00,RP
8207,5052,2026-04-07 00:00:00,RP
8208,8030,2026-04-07 00:00:00,RP
8209,1004,2026-04-07 00:00:00,RP
8210,23017,2026-04-08 00:00:00,LSV
8211,26102,2026-04-06 00:00:00,BEC ORDÑ
8212,26103,2026-04-06 00:00:00,BEC ORDÑ
8213,26104,2026-04-07 00:00:00,BEC ORDÑ
8214,26105,2026-04-07 00:00:00,BEC ORDÑ
8215,26106,2026-04-07 00:00:00,BEC ORDÑ
8216,26079,2026-04-08 00:00:00,MTE
8217,2218,2026-04-10 00:00:00,RP
8218,2066,2026-04-10 00:00:00,RP
8219,26107,2026-04-10 00:00:00,BEC ORDÑ
8220,26108,2026-04-10 00:00:00,BEC ORDÑ
8221,BU057,2026-04-10 00:00:00,LSV
8222,BU062,2026-04-10 00:00:00,LBB
8223,BU312,2026-04-10 00:00:00,LBB
8224,BU318,2026-04-10 00:00:00,LSP
8225,BU339,2026-04-10 00:00:00,LPB
8226,80472,2026-03-29 00:00:00,RP
8227,91242,2026-04-11 00:00:00,RP
8228,8079,2026-04-11 00:00:00,RP
8229,26111,2026-03-29 00:00:00,BEC ORDÑ
8230,26109,2026-04-11 00:00:00,BEC ORDÑ
8231,26110,2026-04-11 00:00:00,BEC ORDÑ
8232,25121,2026-04-10 00:00:00,MTE
8233,1095A,2026-04-11 00:00:00,MTE
8234,BU66,2026-03-28 00:00:00,BEN1
8236,25109,2026-04-13 00:00:00,MTE
8237,6031,2026-04-11 00:00:00,RP
8238,0326,2026-04-11 00:00:00,RP
8239,26112,2026-04-11 00:00:00,BEC ORDÑ
8240,26113,2026-04-11 00:00:00,BEC ORDÑ
8241,EMB 5,2026-04-15 00:00:00,PM LSV
8242,9126A,2026-04-15 00:00:00,PM LSV
8243,19,2026-04-15 00:00:00,PM LSP
8244,6021,2026-04-15 00:00:00,PM LSP
8245,5144,2026-04-15 00:00:00,PM LSV
8246,4007,2026-04-15 00:00:00,PM LSP
8247,2110,2026-04-15 00:00:00,PM LSV
8248,9128B,2026-04-15 00:00:00,PM LSV
8249,8051,2026-04-15 00:00:00,PM LSV
8250,8082,2026-04-15 00:00:00,PM LSV
8251,8093,2026-04-15 00:00:00,PM LSV
8252,5007,2026-04-15 00:00:00,PM LSV
8253,0303,2026-04-15 00:00:00,PM LSV
8254,2088B,2026-04-15 00:00:00,PM LSV
8255,4141,2026-04-15 00:00:00,PM LSV
8256,0355,2026-04-15 00:00:00,PM LSV
8257,25167,2026-04-15 00:00:00,PM LSV
8258,25260,2026-04-15 00:00:00,PM LSV
8259,25213,2026-04-15 00:00:00,PM LSP
8260,25278,2026-04-15 00:00:00,PM LSV
8261,25234,2026-04-15 00:00:00,PM LSV
8262,26054,2026-04-15 00:00:00,PM LSV
8263,26067,2026-04-15 00:00:00,PM LSV
8264,26083,2026-04-15 00:00:00,PM LSV
8265,26016,2026-04-15 00:00:00,PM LSV
8266,26027,2026-04-15 00:00:00,PM LSV
8267,26064,2026-04-15 00:00:00,PM LSV
8268,26026,2026-04-15 00:00:00,PM LSV
8269,26075,2026-04-15 00:00:00,PM LSV
8270,26100,2026-04-15 00:00:00,PM LSV
8271,26097,2026-04-15 00:00:00,PM LSV
8272,91091,2026-04-15 00:00:00,RP
8273,26114,2026-04-15 00:00:00,BEC ORDÑ
8274,24290,2026-04-16 00:00:00,MTE
8275,25076,2026-04-15 00:00:00,MTE
8276,22116,2026-04-16 00:00:00,RP
8277,22151,2026-04-16 00:00:00,RP
8278,5098,2026-04-21 00:00:00,RP
8279,1117,2026-04-21 00:00:00,RP
8280,1017A,2026-04-21 00:00:00,RP
8281,22142,2026-04-21 00:00:00,RP
8282,3027A,2026-04-21 00:00:00,RP
8283,7061,2026-04-21 00:00:00,RP
8284,2145,2026-04-21 00:00:00,RP
8285,26115,2026-04-16 00:00:00,BEC ORDÑ
8286,26116,2026-04-16 00:00:00,BEC ORDÑ
8287,26117,2026-04-21 00:00:00,BEC ORDÑ
8288,26118,2026-04-21 00:00:00,BEC ORDÑ
8289,26119,2026-04-21 00:00:00,BEC ORDÑ
8290,26120,2026-04-21 00:00:00,BEC ORDÑ
8291,26121,2026-04-21 00:00:00,BEC ORDÑ
8292,26122,2026-04-21 00:00:00,BEC ORDÑ
8293,26123,2026-04-21 00:00:00,BEC ORDÑ
8295,26124,2026-04-22 00:00:00,BEC ORDÑ
8296,4087,2026-04-22 00:00:00,RP
8297,1097B,2026-04-24 00:00:00,MTE
8298,2080,2026-04-20 00:00:00,LSV
8299,2063A,2026-04-20 00:00:00,LSP
8300,31102,2026-04-20 00:00:00,LSV
8301,2090A,2026-04-20 00:00:00,LSV
8302,22193,2026-04-20 00:00:00,LSV
8303,1045,2026-04-20 00:00:00,PM LSV
8304,50741,2026-04-20 00:00:00,PM LSV
8305,25274,2026-04-20 00:00:00,PM LSV
8306,26086,2026-04-20 00:00:00,PM LSV
8307,0132,2026-04-24 00:00:00,RP
8308,8028,2026-04-24 00:00:00,RP
8309,22189,2026-04-24 00:00:00,RP
8310,26125,2026-04-24 00:00:00,BEC ORDÑ
8311,26126,2026-04-24 00:00:00,BEC ORDÑ
8312,26127,2026-04-24 00:00:00,BEC ORDÑ
8313,2040,2026-04-20 00:00:00,LBB
8314,3003A,2026-04-20 00:00:00,LSP
8315,80472,2026-04-20 00:00:00,LBB
8316,0252,2026-04-20 00:00:00,LBB
8317,2110,2026-04-20 00:00:00,LBB
8318,26054,2026-04-20 00:00:00,BEC ORDÑ
8319,1109B,2026-04-20 00:00:00,LBB
8320,1292,2026-04-28 00:00:00,BEN1
8321,1204,2026-04-28 00:00:00,BEN1
8322,0198,2026-04-28 00:00:00,BEN1
8323,1074A,2026-04-28 00:00:00,BEN1
8324,0294,2026-04-28 00:00:00,RP
8325,26128,2026-04-28 00:00:00,BEC ORDÑ
8326,26030,2026-04-26 00:00:00,MTE
8327,26117,2026-04-27 00:00:00,MTE
8328,26098,2026-04-30 00:00:00,MTE
8329,6050,2026-04-29 00:00:00,BEN1
8330,BU314,2026-04-20 00:00:00,BEN1
8331,25265,2026-05-02 00:00:00,CEBA
8332,25207,2026-05-02 00:00:00,LEVANTE
8333,25200,2026-05-02 00:00:00,LEVANTE
8334,25089,2026-05-02 00:00:00,LEVANTE
8335,25130,2026-05-02 00:00:00,CEBA
8336,25159,2026-05-02 00:00:00,LEVANTE
8337,25277,2026-05-02 00:00:00,CEBA
8338,25158,2026-05-02 00:00:00,LEVANTE
8339,25143,2026-05-02 00:00:00,CEBA
8340,25166,2026-05-02 00:00:00,CEBA
8341,25253,2026-05-02 00:00:00,LEVANTE
8342,25098,2026-05-02 00:00:00,CEBA
8344,25128,2026-05-02 00:00:00,LEVANTE
8345,25186,2026-05-02 00:00:00,CEBA
8346,25129,2026-05-02 00:00:00,CEBA
8347,3132,2026-04-30 00:00:00,RP
8348,35,2026-05-02 00:00:00,RP
8349,23001,2026-05-02 00:00:00,RP
8350,3024A,2026-05-02 00:00:00,RP
8351,8037,2026-05-02 00:00:00,RP
8352,23016,2026-05-04 00:00:00,RP
8353,0343,2026-05-04 00:00:00,RP
8354,1091A,2026-05-04 00:00:00,RP
8355,6070,2026-05-04 00:00:00,RP
8356,26129,2026-04-30 00:00:00,BEC ORDÑ
8357,26130,2026-05-02 00:00:00,BEC ORDÑ
8358,26131,2026-05-02 00:00:00,BEC ORDÑ
8359,26132,2026-05-02 00:00:00,BEC ORDÑ
8360,26133,2026-05-02 00:00:00,BEC ORDÑ
8361,26134,2026-05-04 00:00:00,BEC ORDÑ
8362,26135,2026-05-04 00:00:00,BEC ORDÑ
8363,26136,2026-05-04 00:00:00,BEC ORDÑ
8364,26137,2026-05-04 00:00:00,BEC ORDÑ
8365,2196A,2026-05-02 00:00:00,LSP
8366,6043,2026-05-02 00:00:00,LSP
8367,2148A,2026-05-02 00:00:00,LSP
8368,EMB 2,2026-05-02 00:00:00,LSP
8369,7077,2026-05-02 00:00:00,LSP
8370,8046,2026-05-02 00:00:00,LSP
8371,5146,2026-05-02 00:00:00,LSP
8372,0272,2026-05-02 00:00:00,LSP
8373,0297,2026-05-02 00:00:00,LSP
8374,8017,2026-05-02 00:00:00,LSP
8375,0306,2026-05-02 00:00:00,LSP
8376,2133A,2026-05-02 00:00:00,LSV
8377,2146,2026-05-02 00:00:00,LSV
8378,8061,2026-05-02 00:00:00,LSV
8379,0342,2026-05-02 00:00:00,LSV
8380,2014,2026-05-02 00:00:00,LSV
8381,4072,2026-05-02 00:00:00,LSV
8382,2067,2026-05-06 00:00:00,BEN1
8383,1097A,2026-05-06 00:00:00,BEN1
8384,1070A,2026-05-06 00:00:00,BEN1
8385,2004,2026-05-06 00:00:00,BEN1
8386,BU310,2026-05-06 00:00:00,BEN2
8387,2045,2026-05-04 00:00:00,CEBA
8388,22183,2026-05-04 00:00:00,CEBA
8389,23007,2026-05-04 00:00:00,CEBA
8390,23026,2026-05-04 00:00:00,CEBA
8391,3501,2026-05-04 00:00:00,CEBA
8392,23080,2026-05-04 00:00:00,CEBA
8393,3504,2026-05-04 00:00:00,CEBA
8394,23087,2026-05-04 00:00:00,CEBA
8395,23097,2026-05-04 00:00:00,CEBA
8396,23133,2026-05-04 00:00:00,CEBA
8397,23144,2026-05-04 00:00:00,CEBA
8398,23170,2026-05-04 00:00:00,CEBA
8399,23174,2026-05-04 00:00:00,CEBA
8400,23217,2026-05-04 00:00:00,CEBA
8401,23224,2026-05-04 00:00:00,CEBA
8402,23225,2026-05-04 00:00:00,CEBA
8403,23229,2026-05-04 00:00:00,CEBA
8404,23230,2026-05-04 00:00:00,CEBA
8405,23238,2026-05-04 00:00:00,CEBA
8406,23240,2026-05-04 00:00:00,CEBA
8407,23241,2026-05-04 00:00:00,CEBA
8408,23244,2026-05-04 00:00:00,CEBA
8409,24002,2026-05-04 00:00:00,CEBA
8410,24003,2026-05-04 00:00:00,CEBA
8411,24020,2026-05-04 00:00:00,CEBA
8412,4501,2026-05-04 00:00:00,CEBA
8413,24049,2026-05-04 00:00:00,CEBA
8414,24061,2026-05-04 00:00:00,CEBA
8415,24062,2026-05-04 00:00:00,CEBA
8416,24065,2026-05-04 00:00:00,CEBA
8417,24068,2026-05-04 00:00:00,CEBA
8418,24076,2026-05-04 00:00:00,CEBA
8419,24077,2026-05-04 00:00:00,CEBA
8420,24081,2026-05-04 00:00:00,CEBA
8421,24233,2026-05-04 00:00:00,CEBA
8422,J417,2026-05-04 00:00:00,CEBA
8423,24271,2026-05-04 00:00:00,CEBA
8424,8019,2026-05-05 00:00:00,PM LSP
8425,9073,2026-05-05 00:00:00,PM LSP
8426,0327,2026-05-05 00:00:00,PM LSP
8427,25221,2026-05-05 00:00:00,PM LSP
8428,25230,2026-05-05 00:00:00,PM LSP
8429,25231,2026-05-05 00:00:00,PM LSP
8430,91091,2026-05-05 00:00:00,PM LSV
8431,2110,2026-05-05 00:00:00,PM LSV
8432,6031,2026-05-05 00:00:00,PM LSV
8433,0326,2026-05-05 00:00:00,PM LSV
8434,80472,2026-05-05 00:00:00,PM LSV
8435,1117,2026-05-05 00:00:00,PM LSV
8436,3027A,2026-05-05 00:00:00,PM LSV
8437,0333,2026-05-05 00:00:00,PM LSV
8438,1078A,2026-05-05 00:00:00,PM LSV
8439,8005,2026-05-05 00:00:00,PM LSV
8440,3026A,2026-05-05 00:00:00,PM LSV
8441,20334,2026-05-05 00:00:00,PM LSV
8442,2140,2026-05-05 00:00:00,PM LSV
8443,1109B,2026-05-05 00:00:00,PM LSV
8444,0107,2026-05-05 00:00:00,PM LSV
8445,91172,2026-05-05 00:00:00,PM LSV
8446,02331,2026-05-05 00:00:00,PM LSV
8447,26114,2026-05-05 00:00:00,PM LSV
8448,26054,2026-05-05 00:00:00,PM LSV
8449,26112,2026-05-05 00:00:00,PM LSV
8450,26113,2026-05-05 00:00:00,PM LSV
8451,26111,2026-05-05 00:00:00,PM LSV
8452,26118,2026-05-05 00:00:00,PM LSV
8453,26121,2026-05-05 00:00:00,PM LSV
8454,25243,2026-05-05 00:00:00,PM LSV
8455,25308,2026-05-05 00:00:00,PM LSV
8456,25266,2026-05-05 00:00:00,PM LSV
8457,25256,2026-05-05 00:00:00,PM LSV
8458,25293,2026-05-05 00:00:00,PM LSV
8459,25310,2026-05-05 00:00:00,PM LSV
8460,25110,2026-05-05 00:00:00,PM LSV
8461,25283,2026-05-05 00:00:00,PM LSV
8462,25270,2026-05-05 00:00:00,PM LSV
8463,25233,2026-05-05 00:00:00,PM LSV
8464,26013,2026-05-02 00:00:00,LEVANTE
8465,1310,2026-05-02 00:00:00,LSV
8466,26138,2026-05-06 00:00:00,BEC ORDÑ
8467,8033,2026-05-06 00:00:00,RP
8468,8033,2026-05-06 00:00:00,RP
8469,0354,2026-05-07 00:00:00,RP
8470,0291,2026-05-07 00:00:00,RP
8471,0350,2026-05-07 00:00:00,RP
8472,26138,2026-05-06 00:00:00,BEC ORDÑ
8473,26139,2026-05-07 00:00:00,BEC ORDÑ
8474,26140,2026-05-07 00:00:00,BEC ORDÑ
8475,26141,2026-05-07 00:00:00,BEC ORDÑ
8476,BU321,2026-05-11 00:00:00,BEN1
8477,23154,2026-05-11 00:00:00,BEN1
8478,22178,2026-05-11 00:00:00,BEN1
8479,1085,2026-05-11 00:00:00,BEN1
8480,23011,2026-05-11 00:00:00,BEN1
8481,1082A,2026-05-11 00:00:00,BEN1
8482,23006,2026-05-08 00:00:00,RP
8483,2072,2026-05-08 00:00:00,RP
8484,26142,2026-05-08 00:00:00,BEC ORDÑ
8485,26143,2026-05-08 00:00:00,BEC ORDÑ
8486,22132,2026-05-11 00:00:00,CEBA
8487,22199,2026-05-11 00:00:00,CEBA
8488,23029,2026-05-11 00:00:00,CEBA
8489,23064,2026-05-11 00:00:00,CEBA
8490,23086,2026-05-11 00:00:00,CEBA
8491,23156,2026-05-11 00:00:00,CEBA
8492,23165,2026-05-11 00:00:00,CEBA
8493,23171,2026-05-11 00:00:00,CEBA
8494,23189,2026-05-11 00:00:00,CEBA
8495,23204,2026-05-11 00:00:00,CEBA
8496,23216,2026-05-11 00:00:00,CEBA
8498,23236,2026-05-11 00:00:00,CEBA
8499,23239,2026-05-11 00:00:00,CEBA
8500,24008,2026-05-10 00:00:00,CEBA
8501,24009,2026-05-10 00:00:00,CEBA
8502,24018,2026-05-10 00:00:00,CEBA
8503,24023,2026-05-10 00:00:00,CEBA
8505,24036,2026-05-10 00:00:00,CEBA
8506,24044,2026-05-10 00:00:00,CEBA
8508,24069,2026-05-10 00:00:00,CEBA
8509,24073,2026-05-10 00:00:00,CEBA
8510,24079,2026-05-10 00:00:00,CEBA
8511,24080,2026-05-10 00:00:00,CEBA
8512,24089,2026-05-10 00:00:00,CEBA
8514,24091,2026-05-10 00:00:00,CEBA
8515,24102,2026-05-10 00:00:00,CEBA
8516,24105,2026-05-10 00:00:00,CEBA
8517,24109,2026-05-10 00:00:00,CEBA
8518,24114,2026-05-10 00:00:00,CEBA
8519,24117,2026-05-10 00:00:00,CEBA
8520,24118,2026-05-10 00:00:00,CEBA
8521,24123,2026-05-10 00:00:00,CEBA
8522,24127,2026-05-10 00:00:00,CEBA
8523,24130,2026-05-10 00:00:00,CEBA
8524,24132,2026-05-10 00:00:00,CEBA
8525,24133,2026-05-10 00:00:00,CEBA
8526,24135,2026-05-10 00:00:00,CEBA
8527,24136,2026-05-10 00:00:00,CEBA
8528,24137,2026-05-10 00:00:00,CEBA
8529,24140,2026-05-10 00:00:00,CEBA
8530,24143,2026-05-10 00:00:00,CEBA
8531,24146,2026-05-10 00:00:00,CEBA
8532,24147,2026-05-10 00:00:00,CEBA
8533,24151,2026-05-10 00:00:00,CEBA
8534,24153,2026-05-10 00:00:00,CEBA
8535,24155,2026-05-10 00:00:00,CEBA
8536,24156,2026-05-10 00:00:00,CEBA
8537,24158,2026-05-10 00:00:00,CEBA
8538,24163,2026-05-10 00:00:00,CEBA
8539,24164,2026-05-10 00:00:00,CEBA
8540,24170,2026-05-10 00:00:00,CEBA
8541,24172,2026-05-10 00:00:00,CEBA
8542,24176,2026-05-10 00:00:00,CEBA
8543,24177,2026-05-10 00:00:00,CEBA
8544,24178,2026-05-10 00:00:00,CEBA
8545,24184,2026-05-10 00:00:00,CEBA
8546,24185,2026-05-10 00:00:00,CEBA
8547,24188,2026-05-10 00:00:00,CEBA
8548,24189,2026-05-10 00:00:00,CEBA
8549,24191,2026-05-10 00:00:00,CEBA
8550,24193,2026-05-10 00:00:00,CEBA
8551,24194,2026-05-10 00:00:00,CEBA
8552,24195,2026-05-10 00:00:00,CEBA
8553,24196,2026-05-10 00:00:00,CEBA
8554,24197,2026-05-10 00:00:00,CEBA
8555,24200,2026-05-10 00:00:00,CEBA
8556,24202,2026-05-10 00:00:00,CEBA
8557,24203,2026-05-10 00:00:00,CEBA
8558,24204,2026-05-10 00:00:00,CEBA
8559,24205,2026-05-10 00:00:00,CEBA
8560,24207,2026-05-10 00:00:00,CEBA
8561,24209,2026-05-10 00:00:00,CEBA
8562,24211,2026-05-10 00:00:00,CEBA
8563,24217,2026-05-10 00:00:00,CEBA
8564,24219,2026-05-10 00:00:00,CEBA
8565,24220,2026-05-10 00:00:00,CEBA
8566,24222,2026-05-10 00:00:00,CEBA
8567,24229,2026-05-10 00:00:00,CEBA
8568,24234,2026-05-10 00:00:00,CEBA
8570,24238,2026-05-10 00:00:00,CEBA
8571,24240,2026-05-10 00:00:00,CEBA
8572,24243,2026-05-10 00:00:00,CEBA
8573,24246,2026-05-10 00:00:00,CEBA
8574,24256,2026-05-10 00:00:00,CEBA
8575,24260,2026-05-10 00:00:00,CEBA
8576,24262,2026-05-10 00:00:00,CEBA
8577,24269,2026-05-10 00:00:00,CEBA
8578,24270,2026-05-10 00:00:00,CEBA
8579,24273,2026-05-10 00:00:00,CEBA
8580,24274,2026-05-10 00:00:00,CEBA
8581,24276,2026-05-10 00:00:00,CEBA
8582,24280,2026-05-10 00:00:00,CEBA
8583,24285,2026-05-10 00:00:00,CEBA
8584,24291,2026-05-10 00:00:00,CEBA
8585,24292,2026-05-10 00:00:00,CEBA
8586,24299,2026-05-10 00:00:00,CEBA
8587,24300,2026-05-10 00:00:00,CEBA
8588,24303,2026-05-10 00:00:00,CEBA
8589,25001,2026-05-10 00:00:00,CEBA
8590,25003,2026-05-10 00:00:00,CEBA
8591,J25001,2026-05-10 00:00:00,CEBA
8592,25013,2026-05-10 00:00:00,CEBA
8593,25014,2026-05-10 00:00:00,CEBA
8594,25015,2026-05-10 00:00:00,CEBA
8595,24307,2026-05-10 00:00:00,CEBA
8596,24306,2026-05-10 00:00:00,CEBA
8597,24308,2026-05-10 00:00:00,CEBA
8598,25017,2026-05-10 00:00:00,CEBA
8599,25026,2026-05-10 00:00:00,CEBA
8600,25028,2026-05-10 00:00:00,CEBA
8601,25030,2026-05-10 00:00:00,CEBA
8602,J25031,2026-05-10 00:00:00,CEBA
8603,25033,2026-05-10 00:00:00,CEBA
8604,25034,2026-05-10 00:00:00,CEBA
8605,25036,2026-05-10 00:00:00,CEBA
8606,25039,2026-05-10 00:00:00,CEBA
8607,25040,2026-05-10 00:00:00,CEBA
8608,25042,2026-05-10 00:00:00,CEBA
8609,25043,2026-05-10 00:00:00,CEBA
8610,25051,2026-05-10 00:00:00,CEBA
8611,25069,2026-05-10 00:00:00,CEBA
8612,25119,2026-05-10 00:00:00,CEBA
8614,pend49,2026-05-10 00:00:00,CEBA
8615,8011,2026-05-12 00:00:00,RP
8616,26144,2026-05-12 00:00:00,BEC ORDÑ
8617,J415,2026-05-13 00:00:00,RP
8618,9014,2026-05-13 00:00:00,RP
8619,26145,2026-05-13 00:00:00,BEC ORDÑ
8620,26146,2026-05-13 00:00:00,BEC ORDÑ
8622,0311,2026-05-13 00:00:00,RP
8623,22149,2026-05-13 00:00:00,RP
8624,2019,2026-05-13 00:00:00,RP
8625,26146,2026-05-13 00:00:00,BEC ORDÑ
8626,26147,2026-05-13 00:00:00,BEC ORDÑ
8627,26148,2026-05-13 00:00:00,BEC ORDÑ
8628,25219,2026-05-16 00:00:00,PM LSV
8629,26019,2026-05-16 00:00:00,PM LSV
8630,26134,2026-05-16 00:00:00,PM LSV
8631,4018,2026-05-16 00:00:00,PM LSV
8632,9007,2026-05-16 00:00:00,PM LSV
8633,23016,2026-05-16 00:00:00,PM LSV
8634,0311,2026-05-13 00:00:00,RP
8635,22149,2026-05-13 00:00:00,RP
8636,2019,2026-05-13 00:00:00,RP
8637,2073,2026-05-16 00:00:00,RP
8638,23022,2026-05-16 00:00:00,RP
8639,22126,2026-05-20 00:00:00,RP
8640,8086,2026-05-21 00:00:00,RP
8641,10431,2026-05-21 00:00:00,RP
8642,0344,2026-05-21 00:00:00,RP
8643,26147,2026-05-13 00:00:00,BEC ORDÑ
8644,26148,2026-05-13 00:00:00,BEC ORDÑ
8645,26149,2026-05-13 00:00:00,BEC ORDÑ
8646,26150,2026-05-16 00:00:00,BEC ORDÑ
8647,26151,2026-05-16 00:00:00,BEC ORDÑ
8648,26152,2026-05-20 00:00:00,BEC ORDÑ
8649,26153,2026-05-21 00:00:00,BEC ORDÑ
8650,26154,2026-05-21 00:00:00,BEC ORDÑ
8651,26155,2026-05-21 00:00:00,BEC ORDÑ
8652,9058,2026-05-19 00:00:00,LSP
8653,j404,2026-05-20 00:00:00,LSPA
8654,24250,2025-10-29 00:00:00,LEVANTE
8655,0349,2026-02-11 00:00:00,PM LSP
8656,BU322,2026-05-30 00:00:00,BEN1
8657,BU308,2026-04-20 00:00:00,BEN1
8658,BU071,2026-05-11 00:00:00,BEN1
8659,BU097,2026-05-11 00:00:00,BEN1
8660,BU302,2026-05-11 00:00:00,BEN1
8661,BU069,2026-05-20 00:00:00,BEN1
8662,BU089,2026-05-20 00:00:00,BEN1
8663,BU317,2026-05-20 00:00:00,BEN1
8664,BU087,2026-05-20 00:00:00,BEN1
8665,BU327,2026-05-26 00:00:00,BEN1
8666,BU090,2026-05-26 00:00:00,BEN1
8667,BU311,2026-05-26 00:00:00,BEN1
8668,BU088,2026-05-26 00:00:00,BEN1
8669,BU086,2026-05-26 00:00:00,BEN1
8670,BU326,2026-05-26 00:00:00,BEN1
8671,BU328,2026-05-28 00:00:00,BEN1
8672,BU376,2026-02-15 00:00:00,MTE
8673,26143,2026-05-24 00:00:00,MTE
8674,26156,2026-05-26 00:00:00,MTE
8675,26136,2026-05-28 00:00:00,MTE
8676,BU86,2026-03-28 00:00:00,BEN1
8677,26156,2026-05-26 00:00:00,MTE
8678,9116B,2026-05-22 00:00:00,BEN2
8679,26118,2026-05-20 00:00:00,MTE
8680,25135,2026-04-15 00:00:00,MTE
8681,pen,2026-04-15 00:00:00,MTE
8682,26133,2026-05-31 00:00:00,MTE
8683,0202,2026-05-27 00:00:00,RP
8684,23036,2026-05-27 00:00:00,RP
8685,7080,2026-05-27 00:00:00,RP
8686,7072,2026-05-27 00:00:00,RP
8687,9058,2026-05-29 00:00:00,RP
8688,7066,2026-05-29 00:00:00,RP
8689,26156,2026-05-27 00:00:00,BEC ORDÑ
8690,26157,2026-05-27 00:00:00,BEC ORDÑ
8691,26158,2026-05-29 00:00:00,BEC ORDÑ
8692,26159,2026-05-29 00:00:00,BEC ORDÑ
8693,26160,2026-05-29 00:00:00,BEC ORDÑ
8694,26161,2026-05-29 00:00:00,BEC ORDÑ
8695,BU306,2026-06-02 00:00:00,BEN1
8696,BU313,2026-06-02 00:00:00,BEN1
8697,BU092,2026-06-02 00:00:00,BEN1
8698,BU67,2026-06-02 00:00:00,BEN1
8699,1152,2026-06-01 00:00:00,BEN1
8700,25226,2026-05-27 00:00:00,CEBA
8701,25154,2026-05-27 00:00:00,CEBA
8702,25188,2026-05-27 00:00:00,CEBA
8703,25178,2026-05-27 00:00:00,CEBA
8704,25210,2026-05-27 00:00:00,CEBA
8705,25213,2026-05-27 00:00:00,CEBA
8706,25222,2026-05-27 00:00:00,CEBA
8707,25275,2026-05-27 00:00:00,CEBA
8708,25223,2026-05-27 00:00:00,CEBA
8709,25187,2026-05-27 00:00:00,CEBA
8710,25173,2026-05-27 00:00:00,CEBA
8711,25176,2026-05-27 00:00:00,CEBA
8712,25209,2026-05-27 00:00:00,CEBA
8713,25175,2026-05-27 00:00:00,CEBA
8714,25110,2026-05-27 00:00:00,CEBA
8715,25237,2026-05-27 00:00:00,CEBA
8716,25190,2026-05-27 00:00:00,CEBA
8717,25183,2026-05-27 00:00:00,LEVANTE
8718,25179,2026-05-27 00:00:00,LEVANTE
8719,25164,2026-05-27 00:00:00,LEVANTE
8721,25177,2026-05-27 00:00:00,LEVANTE
8722,25192,2026-05-27 00:00:00,LEVANTE
8723,25224,2026-05-27 00:00:00,LEVANTE
8724,25126,2026-05-27 00:00:00,LEVANTE
8725,25167,2026-05-27 00:00:00,LEVANTE
8726,25203,2026-05-27 00:00:00,LEVANTE
8727,25141,2026-05-27 00:00:00,LEVANTE
8728,25230,2026-05-27 00:00:00,LEVANTE
8729,25231,2026-05-27 00:00:00,LEVANTE
8730,4066,2026-05-27 00:00:00,LSP
8731,8063,2026-05-27 00:00:00,LSV
8732,50501,2026-05-27 00:00:00,LSP
8733,0128,2026-05-27 00:00:00,LSV
8734,9501,2026-05-27 00:00:00,LSP
8735,4101,2026-05-27 00:00:00,LSV
8736,0312,2026-05-27 00:00:00,LSP
8737,1077A,2026-05-27 00:00:00,LSP
8738,8010,2026-05-27 00:00:00,LSP
8739,9016,2026-05-27 00:00:00,LSV
8740,19,2026-05-27 00:00:00,LSP
8741,9122,2026-05-27 00:00:00,LSV
8742,0349,2026-05-27 00:00:00,LSP
8743,2097,2026-05-27 00:00:00,LSP
8744,2064,2026-05-27 00:00:00,LSV
8745,EMB 5,2026-05-27 00:00:00,LSP
8746,8060,2026-05-27 00:00:00,LSV
8747,2107,2026-05-27 00:00:00,LSV
8748,9073,2026-05-27 00:00:00,LSP
8749,0327,2026-05-27 00:00:00,LSP
8750,1109B,2026-05-27 00:00:00,LSV
8751,25226,2026-05-27 00:00:00,CEBA
8752,25154,2026-05-27 00:00:00,CEBA
8753,25183,2026-05-27 00:00:00,LEVANTE
8754,25179,2026-05-27 00:00:00,LEVANTE
8755,25188,2026-05-27 00:00:00,CEBA
8756,25178,2026-05-27 00:00:00,CEBA
8757,25164,2026-05-27 00:00:00,LEVANTE
8758,25211,2026-05-27 00:00:00,LEVANTE
8759,25177,2026-05-27 00:00:00,LEVANTE
8760,25210,2026-05-27 00:00:00,CEBA
8761,25192,2026-05-27 00:00:00,LEVANTE
8762,25224,2026-05-27 00:00:00,LEVANTE
8763,25126,2026-05-27 00:00:00,LEVANTE
8764,25213,2026-05-27 00:00:00,CEBA
8765,25222,2026-05-27 00:00:00,CEBA
8766,25275,2026-05-27 00:00:00,CEBA
8767,25223,2026-05-27 00:00:00,CEBA
8768,25187,2026-05-27 00:00:00,CEBA
8769,25173,2026-05-27 00:00:00,CEBA
8770,25176,2026-05-27 00:00:00,CEBA
8771,25167,2026-05-27 00:00:00,LEVANTE
8772,25203,2026-05-27 00:00:00,LEVANTE
8773,25209,2026-05-27 00:00:00,CEBA
8774,25175,2026-05-27 00:00:00,CEBA
8775,25141,2026-05-27 00:00:00,LEVANTE
8776,25230,2026-05-27 00:00:00,LEVANTE
8777,25231,2026-05-27 00:00:00,LEVANTE
8778,25110,2026-05-27 00:00:00,CEBA
8779,25237,2026-05-27 00:00:00,CEBA
8780,25190,2026-05-27 00:00:00,CEBA
8781,22105,2026-03-03 00:00:00,RP
8782,22105,2026-03-15 00:00:00,LSV
8783,26089,2026-03-03 00:00:00,BEC ORDÑ
8784,26089,2026-03-15 00:00:00,MTE
8785,9,2026-06-02 00:00:00,PEND
8786,25083,2026-06-02 00:00:00,PEND
8787,25085,2026-06-02 00:00:00,PEND
8788,26085,2026-04-20 00:00:00,MTE
8789,2224,2025-10-27 00:00:00,BEN2
8790,26018A,2026-01-15 00:00:00,MORTINATO
8791,26174,2026-06-11 00:00:00,BEC ORDÑ
8792,23033,2026-05-31 00:00:00,RP
8793,1053A,2026-06-01 00:00:00,RP
8794,0274,2026-06-01 00:00:00,RP
8795,26164,2026-05-31 00:00:00,BEC ORDÑ
8796,26162,2026-06-01 00:00:00,BEC ORDÑ
8797,26163,2026-06-01 00:00:00,BEC ORDÑ
8798,9051,2026-06-03 00:00:00,RP
8799,7087,2026-06-03 00:00:00,RP
8800,1074,2026-06-03 00:00:00,RP
8801,9011,2026-06-03 00:00:00,RP
8802,26164,2026-06-03 00:00:00,BEC ORDÑ
8803,26165,2026-06-03 00:00:00,BEC ORDÑ
8804,26166,2026-06-03 00:00:00,BEC ORDÑ
8805,26167,2026-06-03 00:00:00,BEC ORDÑ
8806,22168,2026-04-22 00:00:00,MTE
8807,4008,2026-02-02 00:00:00,LSV
8808,26168,2026-06-03 00:00:00,BEC ORDÑ
8809,26156,2026-06-02 00:00:00,MTE
8810,25144,2026-06-04 00:00:00,MTE
8811,1033,2026-06-04 00:00:00,CEBA
8812,1077,2026-06-04 00:00:00,CEBA
8813,1092A,2026-06-04 00:00:00,CEBA
8814,1093,2026-06-04 00:00:00,CEBA
8815,1112,2026-06-04 00:00:00,CEBA
8816,2053,2026-06-04 00:00:00,CEBA
8817,2090,2026-06-04 00:00:00,CEBA
8818,2092,2026-06-04 00:00:00,CEBA
8819,22194,2026-06-04 00:00:00,CEBA
8820,2021,2026-05-19 00:00:00,LSP
8821,60286,2026-05-19 00:00:00,LSP
8822,6035,2026-05-19 00:00:00,LSP
8823,3026A,2026-05-27 00:00:00,PM LSP
8824,3750,2026-05-19 00:00:00,PM LSP
8825,5679,2026-05-19 00:00:00,LSP
8826,5144,2026-05-27 00:00:00,PM LSP
8827,2143A,2026-05-27 00:00:00,LSP
8828,2137,2026-05-19 00:00:00,LSP
8829,2042,2026-03-23 00:00:00,LSP
8830,2209A,2026-05-19 00:00:00,LSP
8831,3119,2026-05-27 00:00:00,LSP
8832,2096,2026-05-19 00:00:00,LSP
8833,10391,2026-05-19 00:00:00,LSP
8834,1090A,2026-05-19 00:00:00,LSP
8835,3028A,2026-05-19 00:00:00,LSP
8836,4033,2026-05-19 00:00:00,PM LSP
8837,4053,2026-05-27 00:00:00,PM LSP
8838,4076,2026-05-27 00:00:00,PM LSP
8839,4078,2026-05-19 00:00:00,LSP
8840,4100,2026-05-27 00:00:00,PM LSP
8841,4109,2026-05-27 00:00:00,LSP
8842,4172,2026-05-19 00:00:00,LSP
8843,5076,2026-03-23 00:00:00,LSP
8844,5082,2026-05-19 00:00:00,LSP
8845,5090,2026-05-19 00:00:00,LSP
8846,8094,2026-03-23 00:00:00,LSP
8847,21027,2026-05-19 00:00:00,LSP
8848,9100,2026-05-27 00:00:00,PM LSP
8849,4A,2026-05-27 00:00:00,LSP
8850,1078A,2026-05-27 00:00:00,PM LSP
8851,20334,2026-05-27 00:00:00,PM LSP
8852,30212,2026-05-19 00:00:00,LSP
8853,6028,2026-05-27 00:00:00,LSP
8854,7022,2026-05-19 00:00:00,LSP
8855,8005,2026-05-27 00:00:00,PM LSP
8856,80272,2026-05-19 00:00:00,LSP
8857,9099,2026-05-19 00:00:00,LSP
8858,9104,2026-05-27 00:00:00,PM LSP
8859,8061,2026-05-19 00:00:00,LSP
8860,8085,2026-05-27 00:00:00,LSP
8861,9015,2026-05-19 00:00:00,LSP
8862,9113,2026-05-19 00:00:00,LSP
8863,91172,2026-05-27 00:00:00,PM LSP
8864,9121,2026-05-27 00:00:00,PM LSP
8865,0107,2026-05-27 00:00:00,PM LSP
8866,0201,2026-05-19 00:00:00,LSP
8867,02331,2026-05-27 00:00:00,PM LSP
8868,0240,2026-05-19 00:00:00,LSP
8869,0246,2026-05-27 00:00:00,PM LSP
8870,0258,2026-05-27 00:00:00,PM LSP
8871,0263,2026-05-19 00:00:00,LSP
8872,0270,2026-05-19 00:00:00,LSP
8873,0284,2026-05-19 00:00:00,LSP
8874,0299C,2026-05-19 00:00:00,LSP
8875,0330A,2026-05-27 00:00:00,LSP
8876,0342,2026-05-19 00:00:00,LSP
8877,1188,2026-05-19 00:00:00,LSP
8878,2035A,2026-05-19 00:00:00,LSP
8879,2063B,2026-05-19 00:00:00,LSP
8880,1059,2026-02-11 00:00:00,LSP
8881,1084A,2026-02-11 00:00:00,LSP
8882,2061,2026-05-27 00:00:00,LSP
8883,1043A,2026-05-27 00:00:00,LSP
8884,1052A,2026-05-19 00:00:00,LSP
8885,2007,2026-05-19 00:00:00,LSP
8886,2014,2026-05-19 00:00:00,LSP
8887,2037,2026-05-27 00:00:00,LSP
8888,2203,2026-03-23 00:00:00,LSP
8889,1023,2026-02-11 00:00:00,LSP
8890,1065,2026-05-27 00:00:00,LSP
8891,1100B,2026-05-19 00:00:00,LSP
8892,2062,2026-05-19 00:00:00,LSP
8893,4072,2026-05-19 00:00:00,LSP
8894,3108,2026-05-27 00:00:00,PM LSP
8895,1139A,2026-05-19 00:00:00,LSP
8896,0139,2026-05-19 00:00:00,LSP
8897,7017,2026-05-19 00:00:00,LSP
8898,1066,2026-05-19 00:00:00,LSP
8899,1091,2026-05-19 00:00:00,LSP
8900,2059,2026-05-27 00:00:00,LSP
8901,0317A,2026-05-27 00:00:00,PM LSP
8902,9500,2026-05-19 00:00:00,LSP
8903,BU346,2026-04-10 00:00:00,LSP
8904,BU351,2026-05-21 00:00:00,LSP
8905,0320,2026-05-19 00:00:00,LSP
8906,8006,2026-02-11 00:00:00,LSP
8907,31,2026-05-27 00:00:00,LSP
8908,23037,2026-05-27 00:00:00,LSP
8909,BU329,2026-05-21 00:00:00,LSP
8910,BU057,2026-05-21 00:00:00,LSP
8911,BU342,2026-05-21 00:00:00,LSP
8912,BU341,2026-05-21 00:00:00,LSP
8913,J01415,2026-05-19 00:00:00,LSP
8914,J422,2026-05-19 00:00:00,LSP
8915,9071,2026-05-19 00:00:00,LSV
8916,BU036,2026-06-04 00:00:00,LSP
8917,BU344,2026-06-04 00:00:00,LSP
8918,BU062,2026-06-04 00:00:00,LSP
8919,BU312,2026-06-04 00:00:00,LSP
8920,BU019,2026-06-04 00:00:00,LSP
8921,BU316,2026-06-04 00:00:00,LSP
8922,BU343,2026-06-04 00:00:00,LSP
8923,BU2520,2026-06-04 00:00:00,CEBA
8924,BU2525,2026-06-04 00:00:00,CEBA
8925,BU2511,2026-06-04 00:00:00,LEVANTE
8926,BU2522,2026-06-04 00:00:00,LEVANTE
8927,BU2528,2026-06-04 00:00:00,LEVANTE
8928,BU2502,2026-06-04 00:00:00,LEVANTE
8929,2202,2026-06-05 00:00:00,PM LSV
8930,0354,2026-06-05 00:00:00,PM LSV
8931,0291,2026-06-05 00:00:00,PM LSV
8932,0350,2026-06-05 00:00:00,PM LSV
8933,0343,2026-06-05 00:00:00,PM LSV
8934,9014,2026-06-05 00:00:00,PM LSV
8935,7072,2026-06-05 00:00:00,PM LSV
8936,0274,2026-06-05 00:00:00,PM LSV
8937,7080,2026-06-05 00:00:00,PM LSV
8938,26101,2026-06-05 00:00:00,PM LSV
8939,26139,2026-06-05 00:00:00,PM LSV
8940,26140,2026-06-05 00:00:00,PM LSV
8941,26141,2026-06-05 00:00:00,PM LSV
8942,26135,2026-06-05 00:00:00,PM LSV
8943,26146,2026-06-05 00:00:00,PM LSV
8944,26159,2026-06-05 00:00:00,PM LSV
8945,26163,2026-06-05 00:00:00,PM LSV
8946,26158,2026-06-05 00:00:00,PM LSV
8947,BU75,2026-06-10 00:00:00,BEN1
8948,BU091,2026-06-10 00:00:00,BEN1
8949,BU20,2026-06-10 00:00:00,BEN1
8950,BU83,2026-06-10 00:00:00,BEN1
8951,BU095,2026-06-10 00:00:00,BEN1
8952,0326,2026-06-09 00:00:00,LSV
8953,26113,2026-06-08 00:00:00,MTE
8954,23003,2026-06-09 00:00:00,LSP
8955,22164,2026-06-09 00:00:00,LSP
8956,23024,2026-06-09 00:00:00,LSP
8957,23111,2026-06-09 00:00:00,LSP
8958,23061,2026-06-09 00:00:00,LSP
8959,23153,2026-06-09 00:00:00,LSP
8960,23092,2026-06-09 00:00:00,LSP
8961,23030,2026-06-09 00:00:00,LSP
8962,23101,2026-06-09 00:00:00,LSP
8963,23060,2026-06-09 00:00:00,LSP
8964,23151,2026-06-09 00:00:00,LSV
8965,23031,2026-06-09 00:00:00,LSV
8966,23021,2026-06-09 00:00:00,LSV
8967,23065,2026-06-09 00:00:00,LSV
8968,23055,2026-06-09 00:00:00,LSV
8969,23198,2026-06-09 00:00:00,LSV
8970,23115,2026-06-09 00:00:00,LSV
8971,23023,2026-06-09 00:00:00,LSV
8972,23051,2026-06-09 00:00:00,LSV
8973,23126,2026-06-09 00:00:00,LSV
8974,22221,2026-06-09 00:00:00,LSV
8975,0298A,2026-06-09 00:00:00,LSV
8976,0241,2026-06-09 00:00:00,LSV
8977,1063,2026-06-09 00:00:00,LSV
8978,1015,2026-06-09 00:00:00,LSV
8979,9006,2026-06-09 00:00:00,LSV
8980,2095,2026-06-09 00:00:00,LSV
8981,9037,2026-06-09 00:00:00,LSV
8982,5030,2026-06-09 00:00:00,LSV
8983,3021A,2026-06-09 00:00:00,LSV
8984,25157,2026-06-09 00:00:00,CEBA
8985,25123,2026-06-09 00:00:00,CEBA
8986,25150,2026-06-09 00:00:00,LEVANTE
8987,25214,2026-06-09 00:00:00,CEBA
8988,25165,2026-06-09 00:00:00,CEBA
8989,25169,2026-06-09 00:00:00,LEVANTE
8990,25170,2026-06-09 00:00:00,LEVANTE
8991,25174,2026-06-09 00:00:00,CEBA
8992,25156,2026-06-09 00:00:00,LEVANTE
8993,0299C,2026-06-11 00:00:00,RP
8994,0118A,2026-06-12 00:00:00,BEN1
8995,BU340,2026-06-11 00:00:00,LSP
8996,BU2515,2026-06-11 00:00:00,LEVANTE
8997,BU69,2026-06-15 00:00:00,CEBA
8998,BU84,2026-06-15 00:00:00,CEBA
8999,BU87,2026-06-15 00:00:00,CEBA
9000,BU355,2026-06-15 00:00:00,CEBA
9001,BU359,2026-06-15 00:00:00,CEBA
9002,BU360,2026-06-15 00:00:00,CEBA
9003,BU362,2026-06-15 00:00:00,CEBA
9004,BU365,2026-06-15 00:00:00,CEBA
9005,BU371,2026-06-15 00:00:00,CEBA
9006,BU374,2026-06-15 00:00:00,CEBA
9007,BU375,2026-06-15 00:00:00,CEBA
9008,BU379,2026-06-15 00:00:00,CEBA
9009,BU2526,2026-04-07 00:00:00,LEVANTE
9010,BU348,2026-05-31 00:00:00,PM LSP
9011,BU2524,2026-05-31 00:00:00,PM LSP
9012,BU106,2026-04-25 00:00:00,LSP
9013,BU2509,2026-04-25 00:00:00,LEVANTE
9014,BU053,2026-04-22 00:00:00,LSP
9015,BU2514,2026-04-22 00:00:00,CEBA
9016,BU333,2026-04-25 00:00:00,LSP
9017,BU2517,2026-04-25 00:00:00,LEVANTE
9018,BU324,2026-03-04 00:00:00,LSP
9019,BU2512,2026-03-04 00:00:00,LEVANTE
9020,BU082,2026-04-07 00:00:00,LSP
9021,BU2507,2026-04-07 00:00:00,LEVANTE
9022,BU335,2026-06-10 00:00:00,LSV
9023,BU2506,2026-06-10 00:00:00,CEBA
9024,BU369,2026-05-21 00:00:00,LEVANTE
9025,BU2523,2026-04-10 00:00:00,LEVANTE
9026,22216,2026-06-14 00:00:00,RP
9027,2047,2026-06-14 00:00:00,RP
9028,5076,2026-06-15 00:00:00,RP
9029,0139,2026-06-15 00:00:00,RP
9030,5079,2026-06-15 00:00:00,RP
9031,26169,2026-06-14 00:00:00,BEC ORDÑ
9032,26170,2026-06-14 00:00:00,BEC ORDÑ
9033,26171,2026-06-15 00:00:00,BEC ORDÑ
9034,26172,2026-06-15 00:00:00,BEC ORDÑ
9035,26173,2026-06-15 00:00:00,BEC ORDÑ
9036,50741,2026-06-16 00:00:00,MTE
9037,26154,2026-06-17 00:00:00,MTE
9038,26108,2026-06-16 00:00:00,MTE
9039,BU87,2026-06-17 00:00:00,BEN1
9040,BU69,2026-06-17 00:00:00,BEN1
9041,8067,2026-06-17 00:00:00,BEN1
9042,4109,2026-06-17 00:00:00,BEN1
9043,10391,2026-06-17 00:00:00,BEN1
9044,7032,2026-06-17 00:00:00,BEN1
9045,26175,2026-06-17 00:00:00,MTE
9046,0205,2026-06-16 00:00:00,RP
9047,26175,2026-06-17 00:00:00,BEC ORDÑ
9048,25266,2026-06-17 00:00:00,MTE
9049,2203,2026-06-17 00:00:00,RP
9050,26176,2026-06-17 00:00:00,BEC ORDÑ
9051,25219,2026-06-22 00:00:00,CEBA
9052,4018,2026-06-22 00:00:00,LSV
9060,40072,2026-05-22 00:00:00,LSP
9061,J4010,2026-05-22 00:00:00,LSP
9062,2200,2026-05-22 00:00:00,LSP
9063,22191,2026-05-22 00:00:00,LSP
9064,1123,2026-05-22 00:00:00,LSP
9065,7092,2026-05-22 00:00:00,LSP
9066,1075,2026-05-22 00:00:00,LSP
9067,2059,2026-06-24 00:00:00,BEN1
9068,8072,2026-06-24 00:00:00,BEN1
9069,30,2026-06-24 00:00:00,BEN1
9070,BU099,2026-06-24 00:00:00,BEN1
9071,40072,2026-06-24 00:00:00,BEN1
9072,0111,2026-06-22 00:00:00,LSP
9073,0202,2026-06-22 00:00:00,LSV
9074,0208A,2026-06-22 00:00:00,LSV
9075,0252,2026-06-22 00:00:00,LSV
9076,0298,2026-06-22 00:00:00,LSV
9077,1015A,2026-06-22 00:00:00,LSP
9078,1091A,2026-06-22 00:00:00,LSV
9079,5098,2026-06-22 00:00:00,LSV
9080,7012,2026-06-22 00:00:00,LSP
9081,7074,2026-06-22 00:00:00,LSP
9082,8062,2026-06-22 00:00:00,LSV
9083,20001,2026-06-22 00:00:00,LSV
9084,25112,2026-06-22 00:00:00,LEVANTE
9085,25102,2026-06-22 00:00:00,LEVANTE
9086,25162,2026-06-22 00:00:00,LEVANTE
9087,25236,2026-06-22 00:00:00,CEBA
9088,7067,2026-06-25 00:00:00,LSP
9089,5098,2026-06-25 00:00:00,LSV
9090,6020,2026-06-25 00:00:00,LSP
9091,0128,2026-06-25 00:00:00,LSP
9092,4023,2026-06-25 00:00:00,LSP
9093,2080,2026-06-25 00:00:00,LSP
9094,4055,2026-06-25 00:00:00,LSV
9095,9046,2026-06-25 00:00:00,LSV
9096,22149,2026-06-25 00:00:00,LSV
9097,25206,2026-06-25 00:00:00,CEBA
9098,25273,2026-06-25 00:00:00,LEVANTE
9099,6020,2026-02-15 00:00:00,LSV
9100,20971,2026-06-22 00:00:00,LBB
9101,23022,2026-06-22 00:00:00,LBB
9102,3024A,2026-06-22 00:00:00,PM LSV
9103,26132,2026-06-22 00:00:00,PM LSV
9104,4087,2026-06-22 00:00:00,PM LSV
9105,26124,2026-06-22 00:00:00,PM LSV
9106,5076,2026-06-22 00:00:00,LBB
9107,5077,2026-06-22 00:00:00,LSP
9108,25218,2026-06-22 00:00:00,LEVANTE
9109,9011,2026-06-22 00:00:00,PM LSV
9110,26167,2026-06-22 00:00:00,PM LSV
9111,22193,2026-06-22 00:00:00,LPB
9112,22116,2026-06-22 00:00:00,LPB
9113,2203,2026-06-22 00:00:00,LPB
9114,0299C,2026-06-22 00:00:00,LPB
9115,26170,2026-06-24 00:00:00,MTE
9116,26074,2026-06-18 00:00:00,MTE
9117,2171,2026-06-22 00:00:00,LPB
9118,2226,2026-06-22 00:00:00,LPB
9119,2124A,2026-06-22 00:00:00,LPB
9120,2208A,2026-06-22 00:00:00,LPB
9121,3107,2026-06-22 00:00:00,LPB
9122,2234,2026-06-22 00:00:00,LPB
9123,2050,2026-06-22 00:00:00,LPB
9124,2047,2026-06-22 00:00:00,LPB
9125,2141,2026-06-22 00:00:00,LPB
9126,22126,2026-06-22 00:00:00,LPB
9127,2019,2026-06-22 00:00:00,LPB
9128,22085,2026-06-22 00:00:00,LPB
9129,22151,2026-06-22 00:00:00,LPB
9130,2145,2026-06-22 00:00:00,LPB
9131,22142,2026-06-22 00:00:00,LPB
9132,22117,2026-06-22 00:00:00,LPB
9133,22160,2026-06-22 00:00:00,LPB
9134,22112,2026-06-22 00:00:00,LPB
9135,0132,2026-06-22 00:00:00,LPB
9136,2073,2026-06-22 00:00:00,LPB
9137,8036,2026-06-22 00:00:00,LPB
9138,2072,2026-06-22 00:00:00,LPB
9139,5052,2026-06-22 00:00:00,LPB
9140,5150,2026-06-22 00:00:00,LPB
9141,6070,2026-06-22 00:00:00,LPB
9142,7087,2026-06-22 00:00:00,LPB
9143,8089,2026-06-22 00:00:00,LPB
9144,3132,2026-06-22 00:00:00,LPB
9145,6067,2026-06-22 00:00:00,LPB
9146,4035,2026-06-22 00:00:00,LPB
9147,7061,2026-06-22 00:00:00,LPB
9148,8028,2026-06-22 00:00:00,LPB
9149,8030,2026-06-22 00:00:00,LPB
9150,8033,2026-06-22 00:00:00,LPB
9151,8037,2026-06-22 00:00:00,LPB
9152,8079,2026-06-22 00:00:00,LPB
9153,8086,2026-06-22 00:00:00,LPB
9154,9051,2026-06-22 00:00:00,LPB
9155,9058,2026-06-22 00:00:00,LPB
9156,91171,2026-06-22 00:00:00,LPB
9157,91242,2026-06-22 00:00:00,LPB
9158,8011,2026-06-22 00:00:00,LPB
9159,0220,2026-06-22 00:00:00,LPB
9160,0226,2026-06-22 00:00:00,LPB
9161,0267,2026-06-22 00:00:00,LPB
9162,0294,2026-06-22 00:00:00,LPB
9163,0299A,2026-06-16 00:00:00,RP
9164,0344,2026-06-22 00:00:00,LPB
9165,1017A,2026-06-22 00:00:00,LPB
9166,2002,2026-06-22 00:00:00,LPB
9167,1053A,2026-06-22 00:00:00,LPB
9168,10431,2026-06-22 00:00:00,LPB
9169,1074,2026-06-22 00:00:00,LPB
9170,1004,2026-06-22 00:00:00,LPB
9171,2087,2026-06-22 00:00:00,LPB
9172,1103,2026-06-22 00:00:00,LPB
9173,7066,2026-06-22 00:00:00,LPB
9174,5079,2026-06-22 00:00:00,LPB
9175,1066A,2026-06-22 00:00:00,LPB
9176,2220,2026-06-22 00:00:00,LPB
9177,22177,2026-06-22 00:00:00,LPB
9178,22180,2026-06-22 00:00:00,LPB
9179,22189,2026-06-22 00:00:00,LPB
9180,23001,2026-06-22 00:00:00,LPB
9181,23006,2026-06-22 00:00:00,LPB
9182,2026,2026-06-22 00:00:00,LPB
9183,0305,2026-06-22 00:00:00,LPB
9184,0307,2026-06-22 00:00:00,LPB
9185,0311,2026-06-22 00:00:00,LPB
9186,2500,2026-06-22 00:00:00,LPB
9187,2066,2026-06-22 00:00:00,LPB
9188,2096A,2026-06-22 00:00:00,LPB
9189,2218,2026-06-22 00:00:00,LPB
9190,23036,2026-06-22 00:00:00,LPB
9191,35,2026-06-22 00:00:00,LPB
9192,22139,2026-06-22 00:00:00,LPB
9193,J415,2026-06-22 00:00:00,LPB
9194,J426,2026-06-22 00:00:00,LPB
9195,BU006,2026-06-22 00:00:00,RP
9196,BU332,2026-06-24 00:00:00,RP
9197,BU324,2026-06-28 00:00:00,RP
9201,0299A,2026-06-22 00:00:00,LPB
9202,26177,2026-06-16 00:00:00,BEC ORDÑ
9203,7092,2026-07-01 00:00:00,BEN1
9204,BU323,2026-07-01 00:00:00,BEN1
9205,2090A,2026-07-01 00:00:00,BEN1
9206,31102,2026-07-01 00:00:00,BEN1
9207,1027,2026-07-01 00:00:00,BEN1
9208,0214,2026-07-01 00:00:00,BEN1
9209,8050,2026-07-01 00:00:00,BEN1
9210,1027A,2026-07-01 00:00:00,BEN1
9211,2092,2026-07-01 00:00:00,BEN1
9212,26179,2026-07-04 00:00:00,MORTINATO
9213,8054,2026-07-04 00:00:00,LSV
9214,26158,2026-07-03 00:00:00,MTE
9215,1015,2026-06-30 00:00:00,LSP
9216,7083,2026-06-30 00:00:00,LSP
9217,2146,2026-06-30 00:00:00,LSP
9218,22105,2026-06-30 00:00:00,LSP
9219,5030,2026-06-30 00:00:00,LSP
9220,8043,2026-06-30 00:00:00,LSP
9221,9071,2026-06-30 00:00:00,LSP
9222,1310,2026-06-30 00:00:00,LSP
9223,9006,2026-06-30 00:00:00,LSP
9224,9037,2026-06-30 00:00:00,LSP
9225,0241,2026-06-30 00:00:00,LSP
9226,0298A,2026-06-30 00:00:00,LSP
9227,1102,2026-06-30 00:00:00,LSP
9228,1063,2026-06-30 00:00:00,LSP
9229,0298,2026-06-30 00:00:00,LSP
9230,22195,2026-06-30 00:00:00,LSP
9231,23002,2026-06-30 00:00:00,LSP
9232,0304,2026-06-30 00:00:00,LSP
9233,23039,2026-06-30 00:00:00,LSP
9234,23045,2026-06-30 00:00:00,LSP
9235,23073,2026-06-30 00:00:00,LSP
9236,pend41,2026-06-30 00:00:00,LSP
9237,23094,2026-06-30 00:00:00,LSP
9238,23107,2026-06-30 00:00:00,LSP
9239,23115,2026-06-30 00:00:00,LSP
9240,23121,2026-06-30 00:00:00,LSP
9241,24012,2026-06-30 00:00:00,LSP
9242,24016,2026-06-30 00:00:00,LSP
9243,J408,2026-06-30 00:00:00,LSP
9244,J413,2026-06-30 00:00:00,LSP
9245,0139,2026-07-02 00:00:00,LBB
9246,0344,2026-07-02 00:00:00,LBB
9247,22049,2026-07-02 00:00:00,LBB
9248,5076,2026-07-02 00:00:00,LBB
9249,8077,2026-07-02 00:00:00,LBB
9250,J426,2026-07-02 00:00:00,LBB
9251,0205,2026-07-02 00:00:00,LSV
9252,0353,2026-06-09 00:00:00,LSP
9253,2018,2026-06-09 00:00:00,LSP
9254,2234,2026-07-02 00:00:00,LSV
9255,3107,2026-07-02 00:00:00,LSV
9258,4033,2026-06-30 00:00:00,RP
9259,26178,2026-06-30 00:00:00,BEC ORDÑ
9260,4033,2026-07-02 00:00:00,LBB
9261,25290,2026-07-01 00:00:00,LEVANTE
9262,25274,2026-07-01 00:00:00,CEBA
9263,2036,2026-07-01 00:00:00,LSV
9264,1045,2026-07-01 00:00:00,LSV
9265,25254,2026-07-01 00:00:00,LEVANTE
9266,25199,2026-07-01 00:00:00,LEVANTE
9267,25196,2026-07-01 00:00:00,LEVANTE
9268,25284,2026-07-01 00:00:00,LEVANTE
9269,25201,2026-07-01 00:00:00,CEBA
9270,25191,2026-07-01 00:00:00,CEBA
9271,9020,2026-07-01 00:00:00,LSP
9272,7028,2026-07-01 00:00:00,LSP
9273,3066B,2026-07-01 00:00:00,LSP
9274,80882,2026-07-01 00:00:00,LSP
9275,9076,2026-07-01 00:00:00,LSV
9276,4151,2026-07-07 00:00:00,LSP
9277,25212,2026-07-07 00:00:00,LEVANTE
9278,4008,2026-07-08 00:00:00,BEN1
9279,0143,2026-07-08 00:00:00,BEN1
9280,1091A,2026-07-08 00:00:00,BEN1
9281,8054,2026-07-08 00:00:00,BEN1
9282,1112,2026-07-08 00:00:00,BEN1
9283,1228,2026-07-08 00:00:00,BEN1
9284,23004,2026-07-08 00:00:00,BEN1
9285,2149,2026-07-08 00:00:00,BEN1
9286,SN50,2026-07-08 00:00:00,BEN1
9287,1096A,2026-07-08 00:00:00,BEN1
9288,2058,2026-07-08 00:00:00,BEN1
9289,1093,2026-07-08 00:00:00,BEN1
9290,1055A,2026-07-08 00:00:00,BEN1
9291,1117,2026-05-30 00:00:00,LSV
9292,8005,2026-06-17 00:00:00,LSP
9293,25271,2026-07-09 00:00:00,LEVANTE
9294,0352,2026-07-09 00:00:00,LSV
9295,0139,2026-07-11 00:00:00,PM LSV
9296,4033,2026-07-11 00:00:00,PM LSV
9297,23022,2026-07-11 00:00:00,PM LSV
9298,0299A,2026-07-11 00:00:00,PM LSV
9299,5076,2026-07-11 00:00:00,PM LSV
9300,26172,2026-07-11 00:00:00,PM LSV
9301,26178,2026-07-11 00:00:00,PM LSV
9302,26151,2026-07-11 00:00:00,PM LSV
9303,26177,2026-07-11 00:00:00,PM LSV
9304,26171,2026-07-11 00:00:00,PM LSV
9305,25184,2026-07-11 00:00:00,LEVANTE
9306,2108,2026-07-11 00:00:00,LSP
9307,23033,2026-07-14 00:00:00,PM LSV
9308,26164,2026-07-14 00:00:00,PM LSV
9309,1132,2026-07-15 00:00:00,BEN1
9310,0349,2026-07-15 00:00:00,BEN1
9311,5098,2026-07-15 00:00:00,BEN1
9312,2094,2026-07-15 00:00:00,BEN1
9313,0293,2026-07-15 00:00:00,BEN1
9314,2053,2026-07-15 00:00:00,BEN1
9315,25296,2026-06-21 00:00:00,MTE
9316,BU26002,2026-06-22 00:00:00,BUC ORDEÑO
9317,BU26003,2026-06-24 00:00:00,BUC ORDEÑO
9318,BU26004,2026-06-28 00:00:00,BUC ORDEÑO
9319,26180,2026-07-20 00:00:00,MTE
9320,0329,2026-07-20 00:00:00,RP
9321,0119,2026-07-22 00:00:00,BEN1
9322,0127,2026-07-22 00:00:00,BEN1
9323,6028,2026-07-22 00:00:00,BEN1
9324,1139A,2026-07-22 00:00:00,BEN1
9325,6020,2026-07-22 00:00:00,BEN1
9326,BU2505,2026-07-15 00:00:00,CEBA
9327,BU2516,2026-07-15 00:00:00,LEVANTE
9328,BU347,2026-07-15 00:00:00,LSV
9329,BU320,2026-07-15 00:00:00,LSP
9330,0201,2026-07-20 00:00:00,RP
9331,9099,2026-07-22 00:00:00,RP
9332,26181,2026-07-20 00:00:00,BEC ORDÑ
9333,26182,2026-07-22 00:00:00,BEC ORDÑ
9334,BU351,2026-07-26 00:00:00,RP
9335,BU26005,2026-07-26 00:00:00,BUC ORDEÑO
9336,2001A,2026-07-29 00:00:00,BEN1
9337,3043,2026-07-29 00:00:00,BEN1
9338,4A,2026-07-29 00:00:00,BEN1
9339,22118,2026-07-29 00:00:00,BEN1
9340,BU70,2026-07-29 00:00:00,RP
9341,BU26006,2026-07-29 00:00:00,BUC ORDEÑO
9342,7007,2026-07-29 00:00:00,RP
9343,1005,2026-07-29 00:00:00,RP
9344,26183,2026-07-29 00:00:00,BEC ORDÑ
9345,26184,2026-07-29 00:00:00,BEC ORDÑ
9346,9500,2026-07-30 00:00:00,RP
9347,26185,2026-07-30 00:00:00,BEC ORDÑ
9348,2155,2026-08-06 00:00:00,BEN1
9349,1033,2026-08-06 00:00:00,BEN1
9350,2154,2026-08-06 00:00:00,BEN1
9351,26171,2026-08-06 00:00:00,MTE
9352,26168,2026-07-02 00:00:00,MTE
9353,5076,2026-08-06 00:00:00,LSV
9354,6021,2026-07-31 00:00:00,RP
9355,7077,2026-08-09 00:00:00,RP
9356,33,2026-08-09 00:00:00,RP
9357,J425,2026-08-10 00:00:00,RP
9358,BU048,2026-08-01 00:00:00,RP
9359,BU329,2026-08-04 00:00:00,RP
9360,BU348,2026-08-05 00:00:00,RP
9361,BU346,2026-08-07 00:00:00,RP
9362,26186,2026-07-31 00:00:00,BEC ORDÑ
9363,26187,2026-08-09 00:00:00,BEC ORDÑ
9364,26188,2026-08-09 00:00:00,BEC ORDÑ
9365,26189,2026-08-10 00:00:00,BEC ORDÑ
9366,BU26007,2026-08-01 00:00:00,BUC ORDEÑO
9367,BU26008,2026-08-04 00:00:00,BUC ORDEÑO
9368,BU26009,2026-08-05 00:00:00,BUC ORDEÑO
9369,BU26010,2026-08-07 00:00:00,BUC ORDEÑO
9370,J424,2026-08-09 00:00:00,RP
9371,26190,2026-08-09 00:00:00,BEC ORDÑ
9372,25277,2026-08-13 00:00:00,MTE
9373,25236,2026-08-13 00:00:00,VEND
9374,0101,2026-08-14 00:00:00,LSV
9375,0329,2026-08-14 00:00:00,LSV
9376,3021A,2026-08-14 00:00:00,LPB
9377,8096,2026-08-14 00:00:00,LBB
9378,2201,2026-08-16 00:00:00,RP
9379,26191,2026-08-16 00:00:00,BEC ORDÑ
9380,26169,2026-07-02 00:00:00,MTE
9381,8096,2026-08-16 00:00:00,LSV
9382,34,2026-08-16 00:00:00,LSP
9383,22216,2026-08-16 00:00:00,LSV
9384,26007,2026-08-16 00:00:00,LEVANTE
9385,25244,2026-08-16 00:00:00,LEVANTE
9387,BU035,2026-07-30 00:00:00,LSV
9388,BU076,2026-07-25 00:00:00,LSV
9389,BU334,2026-08-08 00:00:00,LSV
9390,BU339,2026-07-30 00:00:00,LSV
9391,BU2518,2026-07-30 00:00:00,CEBA
9392,BU2519,2026-07-25 00:00:00,LEVANTE
9393,BU2530,2026-08-08 00:00:00,LEVANTE
9394,BU2531,2026-07-30 00:00:00,CEBA
9395,BU338,2026-08-19 00:00:00,LSV
9398,BU006,2026-08-19 00:00:00,LPB
9399,BU048,2026-08-19 00:00:00,LPB
9400,BU324,2026-08-19 00:00:00,LPB
9401,BU329,2026-08-19 00:00:00,LPB
9402,BU332,2026-08-19 00:00:00,LPB
9403,BU351,2026-08-19 00:00:00,LPB
9404,BU70,2026-08-19 00:00:00,LPB
9405,8041,2026-06-05 00:00:00,LSP
9406,8045,2026-06-05 00:00:00,LSP
9407,1084A,2026-08-18 00:00:00,RP
9408,26192,2026-08-18 00:00:00,BEC ORDÑ
9409,BU062,2026-08-17 00:00:00,RP
9410,BU342,2026-08-17 00:00:00,RP
9411,BU340,2026-08-18 00:00:00,RP
9412,BU333,2026-08-21 00:00:00,RP
9413,BU082,2026-08-22 00:00:00,RP
9414,BU344,2026-08-22 00:00:00,RP
9415,BU26011,2026-08-17 00:00:00,BUC ORDEÑO
9416,BU26012,2026-08-17 00:00:00,BUC ORDEÑO
9417,BU26013,2026-08-18 00:00:00,BUC ORDEÑO
9418,BU26014,2026-08-21 00:00:00,BUC ORDEÑO
9419,BU26015,2026-08-22 00:00:00,BUC ORDEÑO
9420,BU26016,2026-08-22 00:00:00,BUC ORDEÑO
9421,22122,2026-08-25 00:00:00,BEN1
9422,0116A,2026-08-25 00:00:00,BEN1
9423,22166,2026-08-25 00:00:00,BEN1
9424,22158,2026-08-25 00:00:00,BEN1
9425,BU26007,2026-08-25 00:00:00,MTE
9426,BU26006,2026-08-28 00:00:00,MTE
9427,BU26009,2026-08-30 00:00:00,MTE
9428,BU106,2026-08-25 00:00:00,RP
9429,BU053,2026-08-28 00:00:00,RP
9430,BU26017,2026-08-25 00:00:00,BUC ORDEÑO
9431,BU26018,2026-08-28 00:00:00,BUC ORDEÑO
9432,BU26008,2026-08-28 00:00:00,MTE
9433,26013,2026-08-31 00:00:00,MTE
9434,9060,2026-08-26 00:00:00,LSV
9435,BU346,2026-08-26 00:00:00,LPB
9436,BU348,2026-08-26 00:00:00,LPB
9437,25034B,2026-06-26 00:00:00,LEVANTE
9438,25229,2026-05-27 00:00:00,LEVANTE
9439,2109,2026-09-02 00:00:00,PM LSV
9440,8011,2026-09-02 00:00:00,PM LSV
9441,22189,2026-09-02 00:00:00,PM LSV
9442,22049,2026-09-02 00:00:00,PM LSV
9443,20971,2026-09-02 00:00:00,PM LSV
9444,26040,2026-09-02 00:00:00,PM LSV
9445,26144,2026-09-02 00:00:00,PM LSV
9446,26127,2026-09-02 00:00:00,PM LSV
9447,26023,2026-09-02 00:00:00,PM LSV
9448,26088,2026-09-02 00:00:00,PM LSV
9449,8045,2026-08-21 00:00:00,RP
9450,12164,2026-08-27 00:00:00,RP
9451,2021,2026-08-31 00:00:00,RP
9452,26193,2026-08-21 00:00:00,BEC ORDÑ
9453,26194,2026-08-27 00:00:00,BEC ORDÑ
9454,26195,2026-08-31 00:00:00,BEC ORDÑ
9455,9015,2026-09-02 00:00:00,RP
9456,26196,2026-09-02 00:00:00,BEC ORDÑ
9458,25110,2026-08-15 00:00:00,MTE
9459,25042,2026-08-21 00:00:00,MTE
9460,25013,2026-08-25 00:00:00,MTE
9461,25014,2026-09-04 00:00:00,MTE
9462,BU2524,2026-08-27 00:00:00,CEBA
9463,BU2504,2026-08-27 00:00:00,LEVANTE
9464,BU2532,2026-08-27 00:00:00,LEVANTE
9465,BU2529,2026-08-27 00:00:00,LEVANTE
9466,2088A,2026-09-06 00:00:00,CEBA
9467,1019,2026-09-06 00:00:00,CEBA
9468,1131A,2026-06-06 00:00:00,CEBA
9469,0213A,2026-09-06 00:00:00,CEBA
9470,26152,2026-09-06 00:00:00,MTE
9471,2148A,2026-09-03 00:00:00,RP
9472,261997,2026-09-03 00:00:00,BEC ORDÑ
9473,26193,2026-09-01 00:00:00,MTE
9474,26197,2026-09-03 00:00:00,BEC ORDÑ
9475,j414,2026-09-08 00:00:00,LSV
9476,5146,2026-09-05 00:00:00,RP
9477,26198,2026-09-08 00:00:00,MORTINATO
9478,26199,2026-09-05 00:00:00,BEC ORDÑ
9479,2018,2026-09-09 00:00:00,RP
9480,1188,2026-09-10 00:00:00,RP
9481,j01415,2026-09-09 00:00:00,RP
9482,BU343,2026-09-12 00:00:00,RP
9483,26200,2026-09-09 00:00:00,BEC ORDÑ
9484,26203,2026-09-10 00:00:00,BEC ORDÑ
9485,26204,2026-09-09 00:00:00,BEC ORDÑ
9486,BU26019,2026-09-12 00:00:00,BUC ORDEÑO
9487,26201,2026-09-09 00:00:00,MORTINATO
9488,26202,2026-09-09 00:00:00,MORTINATO
9489,0338,2026-09-09 00:00:00,LSV
9490,2037,2026-09-09 00:00:00,LSV
9491,BU2524,2026-09-11 00:00:00,MTE
9492,25116,2026-09-06 00:00:00,MTE
9493,25265,2026-09-14 00:00:00,MTE
9494,20001,2026-09-08 00:00:00,VEND
9495,9006,2026-09-15 00:00:00,LSV
9496,2174,2026-09-15 00:00:00,BEN1
9497,22185,2026-09-15 00:00:00,BEN1
9498,2170,2026-09-15 00:00:00,BEN1
9499,1101A,2026-09-15 00:00:00,BEN1
9500,2101,2026-09-15 00:00:00,BEN1
9501,9091,2026-09-14 00:00:00,RP
9502,1059,2026-09-14 00:00:00,RP
9503,1023,2026-09-14 00:00:00,RP
9504,26205,2026-09-14 00:00:00,BEC ORDÑ
9505,26206,2026-09-14 00:00:00,BEC ORDÑ
9506,26207,2026-09-14 00:00:00,BEC ORDÑ
9507,,,
9508,J25132,2026-09-15 00:00:00,MTE
9509,24300,2026-09-16 00:00:00,MTE
9510,26017,2026-05-25 00:00:00,PM LSV
9511,9020,2026-09-16 00:00:00,RP
9512,26208,2026-09-16 00:00:00,BEC ORDÑ
9513,4100,2026-09-17 00:00:00,RP
9514,26209,2026-09-17 00:00:00,BEC ORDÑ
9516,25163,2026-09-18 00:00:00,LEVANTE
9517,26053,2026-09-18 00:00:00,CEBA
9518,25235,2026-09-18 00:00:00,LEVANTE
9519,25216,2026-09-18 00:00:00,CEBA
9520,25204,2026-09-18 00:00:00,CEBA
9521,25197,2026-09-18 00:00:00,LEVANTE
9522,25248,2026-09-18 00:00:00,LEVANTE
9523,25250,2026-09-18 00:00:00,CEBA
9524,26037,2026-09-18 00:00:00,CEBA
9525,25240,2026-09-18 00:00:00,LEVANTE
9526,2087,2026-09-18 00:00:00,LSP
9527,2048,2026-09-18 00:00:00,LSV
9528,0231A,2026-09-18 00:00:00,LSP
9529,2030,2026-09-18 00:00:00,LSP
9530,0323,2026-09-18 00:00:00,LSP
9531,1088A,2026-09-18 00:00:00,LSP
9532,2103,2026-09-18 00:00:00,LSP
9533,J841,2026-09-18 00:00:00,LSP
9534,2023,2026-09-18 00:00:00,LSP
9535,25256,2026-09-18 00:00:00,CEBA
9536,25234,2026-09-18 00:00:00,LEVANTE
9537,25278,2026-09-18 00:00:00,LEVANTE
9538,25309,2026-09-18 00:00:00,LEVANTE
9539,25302,2026-09-18 00:00:00,LEVANTE
9540,26014,2026-09-18 00:00:00,LEVANTE
9541,26010,2026-09-18 00:00:00,CEBA
9542,25282,2026-09-18 00:00:00,LEVANTE
9543,25293,2026-09-18 00:00:00,CEBA
9544,25263,2026-09-18 00:00:00,CEBA
9545,25303,2026-09-18 00:00:00,CEBA
9546,25260,2026-09-18 00:00:00,LEVANTE
9547,25283,2026-09-18 00:00:00,LEVANTE
9548,25239,2026-09-18 00:00:00,CEBA
9549,25247,2026-09-18 00:00:00,CEBA
9550,25294,2026-09-18 00:00:00,CEBA
9551,25315,2026-09-18 00:00:00,CEBA
9552,25221,2026-09-18 00:00:00,CEBA
9553,3026A,2026-09-18 00:00:00,LSP
9554,4007,2026-09-18 00:00:00,LSP
9555,5144,2026-09-18 00:00:00,LSP
9556,4053,2026-09-18 00:00:00,LSP
9557,4076,2026-09-18 00:00:00,LSP
9558,4099,2026-09-18 00:00:00,LSP
9559,6008,2026-09-18 00:00:00,LSP
9560,9100,2026-09-18 00:00:00,LSP
9561,20334,2026-09-18 00:00:00,LSP
9562,9104,2026-09-18 00:00:00,LSP
9563,9121,2026-09-18 00:00:00,LSP
9564,9126A,2026-09-18 00:00:00,LSP
9565,0107,2026-09-18 00:00:00,LSP
9566,0246,2026-09-18 00:00:00,LSP
9567,0258,2026-09-18 00:00:00,LSP
9568,0321,2026-09-18 00:00:00,LSP
9569,9115,2026-09-18 00:00:00,LSP
9570,8019,2026-09-18 00:00:00,LSP
9571,22112,2026-06-30 00:00:00,LSV
9572,1084A,2026-09-10 00:00:00,LBB
9573,1103,2026-09-10 00:00:00,LBB
9574,2103,2026-09-10 00:00:00,LBB
9575,2111,2026-09-10 00:00:00,LBB
9576,33,2026-09-10 00:00:00,LBB
9577,22189,2026-09-10 00:00:00,LBB
9578,26127,2026-09-10 00:00:00,BEC ORDÑ
9580,25211,2026-09-18 00:00:00,MTE
9581,pend36,2025-12-31 00:00:00,Sin Lote
9582,pend39,2025-12-31 00:00:00,Sin Lote
9583,22126,2026-09-06 00:00:00,LSV
9584,9110A,2026-09-18 00:00:00,LSP
9585,0327,2026-09-19 00:00:00,RP
9586,2063A,2026-09-21 00:00:00,RP
9587,7017,2026-09-20 00:00:00,RP
9588,26210,2026-09-19 00:00:00,BEC ORDÑ
9589,26211,2026-09-21 00:00:00,BEC ORDÑ
9590,26212,2026-09-20 00:00:00,BEC ORDÑ
