nro_animal,fecha_nac,familia_animal,id_madre,lugar_de_nac,sexo
9128B,2019-07-15 00:00:00,Bovinos,,San Sebastian,H
0101,2020-07-15 00:00:00,Bovinos,,San Sebastian,H
0107,2020-07-15 00:00:00,Bovinos,,San Sebastian,H
0111,2020-07-15 00:00:00,Bovinos,,San Sebastian,H
0125,2020-07-15 00:00:00,Bovinos,,San Sebastian,H
0201,2020-07-15 00:00:00,Bovinos,,San Sebastian,H
0202,2020-07-15 00:00:00,Bovinos,,San Sebastian,H
0205,2020-07-15 00:00:00,Bovinos,,San Sebastian,H
0206A,2020-07-15 00:00:00,Bovinos,,San Sebastian,H
0206B,2020-07-15 00:00:00,Bovinos,,San Sebastian,H
0208A,2020-07-15 00:00:00,Bovinos,,San Sebastian,H
0211,2020-07-15 00:00:00,Bovinos,,San Sebastian,H
0220,2020-07-15 00:00:00,Bovinos,,San Sebastian,H
0224,2020-07-15 00:00:00,Bovinos,,San Sebastian,H
0226,2020-07-15 00:00:00,Bovinos,,San Sebastian,H
0229,2020-07-15 00:00:00,Bovinos,,San Sebastian,H
0231A,2020-07-15 00:00:00,Bovinos,,San Sebastian,H
02331,2020-07-15 00:00:00,Bovinos,,San Sebastian,H
0240,2020-07-15 00:00:00,Bovinos,,San Sebastian,H
0241,2020-07-15 00:00:00,Bovinos,,San Sebastian,H
0246,2020-07-15 00:00:00,Bovinos,,San Sebastian,H
0249,2020-07-15 00:00:00,Bovinos,,San Sebastian,H
0252,2020-07-15 00:00:00,Bovinos,,San Sebastian,H
0258,2020-07-15 00:00:00,Bovinos,,San Sebastian,H
0259,2020-07-15 00:00:00,Bovinos,,San Sebastian,H
0263,2020-07-15 00:00:00,Bovinos,,San Sebastian,H
0267,2020-07-15 00:00:00,Bovinos,,San Sebastian,H
0269,2020-07-15 00:00:00,Bovinos,,San Sebastian,H
0270,2020-07-15 00:00:00,Bovinos,,San Sebastian,H
0272,2020-07-15 00:00:00,Bovinos,,San Sebastian,H
0278,2020-07-15 00:00:00,Bovinos,,San Sebastian,H
0284,2020-07-15 00:00:00,Bovinos,,San Sebastian,H
0291,2020-07-15 00:00:00,Bovinos,,San Sebastian,H
0294,2020-07-15 00:00:00,Bovinos,,San Sebastian,H
0297,2020-07-15 00:00:00,Bovinos,,San Sebastian,H
0298A,2020-07-15 00:00:00,Bovinos,,San Sebastian,H
0299A,2020-07-15 00:00:00,Bovinos,,San Sebastian,H
0299C,2020-07-15 00:00:00,Bovinos,,San Sebastian,H
0321,2020-07-15 00:00:00,Bovinos,,San Sebastian,H
0322,2020-07-15 00:00:00,Bovinos,,San Sebastian,H
0323,2020-07-15 00:00:00,Bovinos,,San Sebastian,H
0326,2020-07-15 00:00:00,Bovinos,,San Sebastian,H
0327,2020-07-15 00:00:00,Bovinos,,San Sebastian,H
0329,2020-07-15 00:00:00,Bovinos,,San Sebastian,H
0330A,2020-07-15 00:00:00,Bovinos,,San Sebastian,H
0333,2020-07-15 00:00:00,Bovinos,,San Sebastian,H
0336,2020-07-15 00:00:00,Bovinos,,San Sebastian,H
0338,2020-07-15 00:00:00,Bovinos,,San Sebastian,H
0342,2020-07-15 00:00:00,Bovinos,,San Sebastian,H
0344,2020-07-15 00:00:00,Bovinos,,San Sebastian,H
0348,2020-07-15 00:00:00,Bovinos,,San Sebastian,H
8054,2018-07-15 00:00:00,Bovinos,,San Sebastian,H
8060,2018-07-15 00:00:00,Bovinos,,San Sebastian,H
8062,2018-07-15 00:00:00,Bovinos,,San Sebastian,H
8076,2018-07-15 00:00:00,Bovinos,,San Sebastian,H
8077,2018-07-15 00:00:00,Bovinos,,San Sebastian,H
8079,2018-07-15 00:00:00,Bovinos,,San Sebastian,H
8082,2018-07-15 00:00:00,Bovinos,,San Sebastian,H
80841,2018-07-15 00:00:00,Bovinos,,San Sebastian,H
8086,2018-07-15 00:00:00,Bovinos,,San Sebastian,H
8087,2018-07-15 00:00:00,Bovinos,,San Sebastian,H
809,2018-07-15 00:00:00,Bovinos,,San Sebastian,H
8093,2018-07-15 00:00:00,Bovinos,,San Sebastian,H
9040,2019-07-15 00:00:00,Bovinos,,San Sebastian,H
9051,2019-07-15 00:00:00,Bovinos,,San Sebastian,H
9058,2019-07-15 00:00:00,Bovinos,,San Sebastian,H
9071,2019-07-15 00:00:00,Bovinos,,San Sebastian,H
9099,2019-07-15 00:00:00,Bovinos,,San Sebastian,H
9104,2019-07-15 00:00:00,Bovinos,,San Sebastian,H
91091,2019-07-15 00:00:00,Bovinos,,San Sebastian,H
91171,2019-07-15 00:00:00,Bovinos,,San Sebastian,H
91242,2019-07-15 00:00:00,Bovinos,,San Sebastian,H
9125,2019-07-15 00:00:00,Bovinos,,San Sebastian,H
0343,2020-07-15 00:00:00,Bovinos,,San Sebastian,H
33,2020-07-15 00:00:00,Bovinos,,San Sebastian,H
19,2019-07-15 00:00:00,Bovinos,,San Sebastian,H
1310,2013-07-15 00:00:00,Bovinos,,San Sebastian,H
1123,2011-07-15 00:00:00,Bovinos,,San Sebastian,H
8011,2018-07-15 00:00:00,Bovinos,,San Sebastian,H
8061,2018-07-15 00:00:00,Bovinos,,San Sebastian,H
8085,2018-07-15 00:00:00,Bovinos,,San Sebastian,H
9006,2019-07-15 00:00:00,Bovinos,,San Sebastian,H
9011,2019-07-15 00:00:00,Bovinos,,San Sebastian,H
9014,2019-07-15 00:00:00,Bovinos,,San Sebastian,H
9015,2019-07-15 00:00:00,Bovinos,,San Sebastian,H
9016,2019-07-15 00:00:00,Bovinos,,San Sebastian,H
9024,2019-07-15 00:00:00,Bovinos,,San Sebastian,H
9037,2019-07-15 00:00:00,Bovinos,,San Sebastian,H
9053,2019-07-15 00:00:00,Bovinos,,San Sebastian,H
9073,2019-07-15 00:00:00,Bovinos,,San Sebastian,H
9076,2019-07-15 00:00:00,Bovinos,,San Sebastian,H
9091,2019-07-15 00:00:00,Bovinos,,San Sebastian,H
9103,2019-07-15 00:00:00,Bovinos,,San Sebastian,H
9110A,2019-07-15 00:00:00,Bovinos,,San Sebastian,H
9192,2019-07-15 00:00:00,Bovinos,,San Sebastian,H
9113,2019-07-15 00:00:00,Bovinos,,San Sebastian,H
9116B,2019-07-15 00:00:00,Bovinos,,San Sebastian,H
91172,2019-07-15 00:00:00,Bovinos,,San Sebastian,H
9121,2019-07-15 00:00:00,Bovinos,,San Sebastian,H
9122,2019-07-15 00:00:00,Bovinos,,San Sebastian,H
91262,2019-07-15 00:00:00,Bovinos,,San Sebastian,H
9126A,2019-07-15 00:00:00,Bovinos,,San Sebastian,H
J25031,2025-02-12 00:00:00,Bovinos,J841,San Sebastian,M
25032,2025-01-31 00:00:00,Bovinos,3084,Caño Arena,H
25033,2025-01-31 00:00:00,Bovinos,1065,Caño Arena,M
25034,2025-02-17 00:00:00,Bovinos,9058,San Sebastian,M
25035,2025-02-17 00:00:00,Bovinos,1139A,San Sebastian,H
25029,2025-02-11 00:00:00,Bovinos,0263,Caño Arena,H
25036,2025-02-20 00:00:00,Bovinos,1188,San Sebastian,M
25037,2025-02-21 00:00:00,Bovinos,4099,San Sebastian,H
25038,2025-02-23 00:00:00,Bovinos,1059,Caño Arena,M
25039,2025-02-25 00:00:00,Bovinos,0220,San Sebastian,M
25041,2025-02-07 00:00:00,Bovinos,0303,La Parcela,H
25042,2025-02-28 00:00:00,Bovinos,0314,La Parcela,M
25043,2025-03-01 00:00:00,Bovinos,9503,La Parcela,M
25044,2025-03-01 00:00:00,Bovinos,1043A,Caño Arena,M
25045,2025-03-01 00:00:00,Bovinos,1094,Caño Arena,H
25046,2025-03-05 00:00:00,Bovinos,2090A,San Sebastian,H
25047,2025-03-05 00:00:00,Bovinos,7076,San Sebastian,H
25048,2025-03-05 00:00:00,Bovinos,6067,San Sebastian,M
25040,2025-02-27 00:00:00,Bovinos,5150,San Sebastian,M
J25049,2025-03-03 00:00:00,Bovinos,J424,San Sebastian,H
25050,2025-03-07 00:00:00,Bovinos,6035,San Sebastian,M
25051,2025-03-07 00:00:00,Bovinos,8014,San Sebastian,M
25052,2025-03-11 00:00:00,Bovinos,7007,San Sebastian,M
25053,2025-03-14 00:00:00,Bovinos,0226,San Sebastian,H
25054,2025-03-16 00:00:00,Bovinos,2062,San Sebastian,H
25055,2025-03-20 00:00:00,Bovinos,9099,San Sebastian,M
25056,2025-03-20 00:00:00,Bovinos,8037,San Sebastian,H
25058,2025-03-25 00:00:00,Bovinos,0201,San Sebastian,H
25059,2025-03-26 00:00:00,Bovinos,7083,San Sebastian,M
25060,2025-03-26 00:00:00,Bovinos,40072,San Sebastian,H
25061,2025-03-28 00:00:00,Bovinos,8030,San Sebastian,H
25062,2025-03-30 00:00:00,Bovinos,4079,San Sebastian,M
25063,2025-03-31 00:00:00,Bovinos,1168,San Sebastian,H
25064,2025-03-31 00:00:00,Bovinos,3043,San Sebastian,H
25065,2025-04-01 00:00:00,Bovinos,3015,San Sebastian,H
25066,2025-04-02 00:00:00,Bovinos,8079,San Sebastian,H
25067,2025-04-03 00:00:00,Bovinos,1004,San Sebastian,M
25068,2025-04-04 00:00:00,Bovinos,2050,San Sebastian,H
25069,2025-04-07 00:00:00,Bovinos,8011,San Sebastian,M
25070,2025-04-07 00:00:00,Bovinos,1091,San Sebastian,M
25071,2025-04-09 00:00:00,Bovinos,2061,Caño Arena,H
25073,2025-04-10 00:00:00,Bovinos,8051,San Sebastian,M
25074,2025-04-11 00:00:00,Bovinos,1100B,Caño Arena,M
25075,2025-04-15 00:00:00,Bovinos,5060,San Sebastian,H
25076,2025-04-16 00:00:00,Bovinos,1075,San Sebastian,H
25077,2025-04-13 00:00:00,Bovinos,2035A,San Sebastian,H
25078,2025-04-19 00:00:00,Bovinos,1056A,San Sebastian,M
25080,2025-04-15 00:00:00,Bovinos,6020,San Sebastian,H
25081,2025-04-22 00:00:00,Bovinos,20,San Sebastian,H
26069,2026-02-22 00:00:00,Bovinos,2096A,San Sebastian,H
25020,2025-02-05 00:00:00,Bovinos,91242,San Sebastian,H
25021,2025-02-05 00:00:00,Bovinos,2021,San Sebastian,H
25022,2025-02-07 00:00:00,Bovinos,4095,San Sebastian,M
25023,2025-02-07 00:00:00,Bovinos,3132,San Sebastian,H
25024,2025-02-11 00:00:00,Bovinos,4035,San Sebastian,H
25025,2025-02-11 00:00:00,Bovinos,5007,San Sebastian,H
25026,2025-02-11 00:00:00,Bovinos,0320,San Sebastian,M
25027,2025-02-11 00:00:00,Bovinos,2209A,San Sebastian,M
25028,2025-02-11 00:00:00,Bovinos,2096,San Sebastian,M
25030,2025-02-12 00:00:00,Bovinos,0322,San Sebastian,M
25082,2025-04-23 00:00:00,Bovinos,8028,San Sebastian,H
25083,2025-04-24 00:00:00,Bovinos,4141,San Sebastian,M
25084,2025-04-24 00:00:00,Bovinos,4A,San Sebastian,M
25085,2025-04-24 00:00:00,Bovinos,91091,San Sebastian,H
25086,2025-04-24 00:00:00,Bovinos,0326,San Sebastian,H
25087,2025-04-28 00:00:00,Bovinos,0240,San Sebastian,H
25088,2025-04-28 00:00:00,Bovinos,0299A,San Sebastian,M
25089,2025-04-28 00:00:00,Bovinos,6043,San Sebastian,H
25090,2025-04-28 00:00:00,Bovinos,7033,San Sebastian,H
25091,2025-04-28 00:00:00,Bovinos,9389,San Sebastian,M
25093,2025-04-30 00:00:00,Bovinos,6031,San Sebastian,M
25095,2025-04-30 00:00:00,Bovinos,0202,San Sebastian,M
25096,2025-04-30 00:00:00,Bovinos,0350,San Sebastian,M
25097,2025-05-01 00:00:00,Bovinos,1132,San Sebastian,M
25098,2025-04-26 00:00:00,Bovinos,2146,San Sebastian,M
25099,2025-05-03 00:00:00,Bovinos,8050,San Sebastian,H
25100,2025-05-04 00:00:00,Bovinos,5052,San Sebastian,H
25101,2025-05-04 00:00:00,Bovinos,1005,San Sebastian,H
25102,2025-05-05 00:00:00,Bovinos,1015A,San Sebastian,H
25103,2025-05-06 00:00:00,Bovinos,10431,San Sebastian,H
25105,2025-05-11 00:00:00,Bovinos,1104A,San Sebastian,H
25104,2025-05-08 00:00:00,Bovinos,3027A,San Sebastian,H
25106,2025-05-14 00:00:00,Bovinos,0338,San Sebastian,H
25107,2025-05-14 00:00:00,Bovinos,4078,San Sebastian,M
25108,2025-05-15 00:00:00,Bovinos,3178,San Sebastian,H
25109,2025-05-15 00:00:00,Bovinos,2234,San Sebastian,M
25110,2025-05-14 00:00:00,Bovinos,1109B,San Sebastian,M
25111,2025-05-17 00:00:00,Bovinos,2203,San Sebastian,M
25112,2025-05-17 00:00:00,Bovinos,0208A,San Sebastian,H
25113,2025-05-17 00:00:00,Bovinos,2073,San Sebastian,M
25114,2025-05-19 00:00:00,Bovinos,1090A,San Sebastian,M
25115,2025-05-19 00:00:00,Bovinos,5098,San Sebastian,M
25116,2025-05-19 00:00:00,Bovinos,9011,San Sebastian,M
25117,2025-05-20 00:00:00,Bovinos,4033,San Sebastian,M
25118,2025-05-20 00:00:00,Bovinos,9014,San Sebastian,H
25119,2025-05-20 00:00:00,Bovinos,4008,San Sebastian,M
25120,2025-05-20 00:00:00,Bovinos,8085,San Sebastian,M
25121,2025-05-20 00:00:00,Bovinos,33,San Sebastian,M
25122,2025-05-24 00:00:00,Bovinos,0343,San Sebastian,H
25123,2025-05-24 00:00:00,Bovinos,0241,San Sebastian,M
25124,2025-05-25 00:00:00,Bovinos,8094,San Sebastian,M
25125,2025-05-29 00:00:00,Bovinos,12164,San Sebastian,M
25126,2025-05-29 00:00:00,Bovinos,2219,San Sebastian,H
25127,2025-05-30 00:00:00,Bovinos,9113,San Sebastian,H
25128,2025-05-30 00:00:00,Bovinos,2133A,San Sebastian,H
25129,2025-06-02 00:00:00,Bovinos,EMB 2,San Sebastian,M
25130,2025-06-03 00:00:00,Bovinos,5146,San Sebastian,M
J25132,2025-06-04 00:00:00,Bovinos,J425,San Sebastian,M
25133,2025-06-05 00:00:00,Bovinos,3003A,San Sebastian,M
25134,2025-06-05 00:00:00,Bovinos,5076,San Sebastian,M
25135,2025-06-08 00:00:00,Bovinos,9071,San Sebastian,M
25131,2025-06-03 00:00:00,Bovinos,9091,San Sebastian,M
2171,2012-07-15 00:00:00,Bovinos,4147,San Sebastian,H
2021,2012-07-15 00:00:00,Bovinos,1168,San Sebastian,H
SNA,2012-07-15 00:00:00,Bovinos,,,
22149,2022-08-15 00:00:00,Bovinos,60286,San Sebastian,H
2141,2022-07-15 00:00:00,Bovinos,3003A,San Sebastian,H
22085,2022-03-15 00:00:00,Bovinos,0740,San Sebastian,H
22144,2022-07-15 00:00:00,Bovinos,2083,San Sebastian,H
2140,2022-06-15 00:00:00,Bovinos,2050,San Sebastian,H
2153,2022-07-15 00:00:00,Bovinos,6021,San Sebastian,H
2146,2022-08-15 00:00:00,Bovinos,5033,San Sebastian,H
2145,2022-07-15 00:00:00,Bovinos,6011,San Sebastian,H
2137,2022-07-15 00:00:00,Bovinos,4087,San Sebastian,H
22142,2022-07-15 00:00:00,Bovinos,2219,San Sebastian,
2042,2022-03-29 00:00:00,Bovinos,2149A,San Sebastian,H
22161,2022-08-15 00:00:00,Bovinos,4018,San Sebastian,H
2162,2022-08-15 00:00:00,Bovinos,3066B,San Sebastian,H
25011,2025-01-20 00:00:00,Bovinos,9128B,San Sebastian,H
25012,2025-01-25 00:00:00,Bovinos,7061,San Sebastian,H
25013,2025-01-26 00:00:00,Bovinos,1084A,Caño Arena,M
25014,2025-01-27 00:00:00,Bovinos,3044A,San Sebastian,M
25015,2025-01-28 00:00:00,Bovinos,21027,Caño Arena,M
24306,2024-09-15 00:00:00,Bovinos,9500,La Parcela,M
24307,2024-12-15 00:00:00,Bovinos,1501,La Parcela,M
24308,2024-09-15 00:00:00,Bovinos,0307,La Parcela,M
J25002,2025-01-30 00:00:00,Bovinos,J426,San Sebastian,H
25016,2025-01-15 00:00:00,Bovinos,0310,La Parcela,H
25017,2025-01-30 00:00:00,Bovinos,3028A,San Sebastian,M
25018,2025-01-30 00:00:00,Bovinos,0132,San Sebastian,H
pend46,2024-07-15 00:00:00,Bovinos,pend35,La Parcela,H
pend47,2024-12-05 00:00:00,Bovinos,pend36,La Parcela,H
pend48,2024-12-11 00:00:00,Bovinos,pend39,La Parcela,H
22116,2022-10-03 00:00:00,Bovinos,3021A,San Sebastian,H
22119,2022-10-07 00:00:00,Bovinos,2169,San Sebastian,H
2129,2022-11-14 00:00:00,Bovinos,2021,San Sebastian,M
22126,2022-11-07 00:00:00,Bovinos,2226,San Sebastian,H
22120,2022-10-10 00:00:00,Bovinos,2133A,San Sebastian,M
2004,2022-01-16 00:00:00,Bovinos,,San Sebastian,M
2053,2022-03-30 00:00:00,Bovinos,6035,San Sebastian,M
22118,2022-10-06 00:00:00,Bovinos,2148A,San Sebastian,M
2019,2022-03-08 00:00:00,Bovinos,3107,San Sebastian,H
2048,2022-03-29 00:00:00,Bovinos,7087,San Sebastian,H
22150,2022-11-22 00:00:00,Bovinos,3119,San Sebastian,H
22151,2022-11-22 00:00:00,Bovinos,4007,San Sebastian,H
22121,2022-10-19 00:00:00,Bovinos,4079,San Sebastian,H
2011A,2022-01-26 00:00:00,Bovinos,,San Sebastian,H
22125,2022-11-07 00:00:00,Bovinos,2094A,San Sebastian,M
22115,2022-10-03 00:00:00,Bovinos,3024A,San Sebastian,M
22117,2022-10-03 00:00:00,Bovinos,2063A,San Sebastian,H
22157,2022-11-24 00:00:00,Bovinos,2025A,San Sebastian,M
2022,2022-03-20 00:00:00,Bovinos,7083,San Sebastian,M
22131,2022-11-16 00:00:00,Bovinos,50741,San Sebastian,H
22105,2022-10-02 00:00:00,Bovinos,5144,San Sebastian,H
22122,2022-10-22 00:00:00,Bovinos,3066A,San Sebastian,M
22112,2022-10-01 00:00:00,Bovinos,4685,San Sebastian,H
2123,2022-10-24 00:00:00,Bovinos,5070,San Sebastian,H
2124,2022-11-03 00:00:00,Bovinos,4122,San Sebastian,H
2127,2022-11-09 00:00:00,Bovinos,5041,San Sebastian,H
22132,2022-11-18 00:00:00,Bovinos,EMB 1,San Sebastian,M
2133,2022-11-19 00:00:00,Bovinos,EMB 2,San Sebastian,M
2134,2022-11-19 00:00:00,Bovinos,4033,San Sebastian,M
2148,2021-12-18 00:00:00,Bovinos,0500,San Sebastian,M
22164,2022-11-26 00:00:00,Bovinos,3043,San Sebastian,H
2165,2022-11-28 00:00:00,Bovinos,0138,San Sebastian,H
22166,2022-11-30 00:00:00,Bovinos,2209A,San Sebastian,M
22114,2022-10-02 00:00:00,Bovinos,4073,San Sebastian,M
2136,2022-11-21 00:00:00,Bovinos,9904,San Sebastian,M
22135,2022-11-19 00:00:00,Bovinos,8036,San Sebastian,H
1051,2021-10-15 00:00:00,Bovinos,9904,San Sebastian,H
10431,2021-09-25 00:00:00,Bovinos,2062,San Sebastian,H
1045,2021-09-26 00:00:00,Bovinos,SNA,San Sebastian,H
1048A,2021-09-30 00:00:00,Bovinos,S/ND,San Sebastian,M
1056,2021-10-23 00:00:00,Bovinos,2171,San Sebastian,M
1044,2021-09-25 00:00:00,Bovinos,6067,San Sebastian,M
2044,2022-03-25 00:00:00,Bovinos,7028,San Sebastian,M
1046A,2021-09-26 00:00:00,Bovinos,2169,San Sebastian,M
22175,2022-12-01 00:00:00,Bovinos,2096,San Sebastian,M
22176,2022-12-04 00:00:00,Bovinos,4047,San Sebastian,M
22177,2022-12-09 00:00:00,Bovinos,6020,San Sebastian,H
22178,2022-12-09 00:00:00,Bovinos,1310,San Sebastian,M
2179,2022-12-12 00:00:00,Bovinos,8084B,San Sebastian,M
22180,2022-12-11 00:00:00,Bovinos,3178,San Sebastian,H
22181,2022-12-06 00:00:00,Bovinos,8072,San Sebastian,M
22182,2022-12-13 00:00:00,Bovinos,3120,San Sebastian,H
22183,2022-12-16 00:00:00,Bovinos,2064A,San Sebastian,M
22184,2022-12-18 00:00:00,Bovinos,3132,San Sebastian,M
22185,2022-12-21 00:00:00,Bovinos,4035,San Sebastian,M
22186,2022-12-22 00:00:00,Bovinos,20337,San Sebastian,H
22187,2022-12-23 00:00:00,Bovinos,6067,San Sebastian,M
22188,2022-12-24 00:00:00,Bovinos,3027A,San Sebastian,M
22189,2022-12-24 00:00:00,Bovinos,2028A,San Sebastian,H
22190,2022-12-24 00:00:00,Bovinos,2220,San Sebastian,M
22191,2022-12-26 00:00:00,Bovinos,1066A,San Sebastian,H
22192,2022-12-26 00:00:00,Bovinos,2062,San Sebastian,M
22193,2022-12-16 00:00:00,Bovinos,0132,San Sebastian,H
22194,2022-12-27 00:00:00,Bovinos,8026,San Sebastian,M
22195,2022-12-27 00:00:00,Bovinos,8017,San Sebastian,H
22197,2022-12-28 00:00:00,Bovinos,2090A,San Sebastian,H
22196,2022-12-28 00:00:00,Bovinos,1139A,San Sebastian,M
22199,2022-12-29 00:00:00,Bovinos,5035,San Sebastian,M
22198,2022-12-29 00:00:00,Bovinos,4095,San Sebastian,H
22207,2022-12-30 00:00:00,Bovinos,2073,San Sebastian,M
22209,2022-12-30 00:00:00,Bovinos,4A,San Sebastian,M
22206,2022-12-30 00:00:00,Bovinos,1078A,San Sebastian,M
22205,2022-12-29 00:00:00,Bovinos,8018,San Sebastian,M
2208,2022-12-30 00:00:00,Bovinos,809,San Sebastian,M
23003,2023-01-05 00:00:00,Bovinos,2130,San Sebastian,H
23002,2023-01-04 00:00:00,Bovinos,5062,San Sebastian,H
23001,2023-01-04 00:00:00,Bovinos,9219,San Sebastian,H
23004,2023-01-05 00:00:00,Bovinos,5072,San Sebastian,M
23006,2023-01-11 00:00:00,Bovinos,5090,San Sebastian,H
23005,2023-01-11 00:00:00,Bovinos,8063,San Sebastian,H
23007,2023-01-14 00:00:00,Bovinos,1109A,San Sebastian,M
23008,2023-01-14 00:00:00,Bovinos,8094,San Sebastian,M
3009,2023-01-16 00:00:00,Bovinos,2171,San Sebastian,M
23010,2023-01-17 00:00:00,Bovinos,4048,San Sebastian,M
23011,2023-01-20 00:00:00,Bovinos,8096,San Sebastian,M
BU67,2023-08-05 00:00:00,Bufalina,BU022,Caño Arena,M
BU68,2023-08-12 00:00:00,Bufalina,BU052,Caño Arena,H
BU70,2023-08-16 00:00:00,Bufalina,BU051,Caño Arena,H
BU69,2023-08-21 00:00:00,Bufalina,BU036,Caño Arena,M
BU71,2023-08-18 00:00:00,Bufalina,BU035,Caño Arena,H
BU72,2023-08-15 00:00:00,Bufalina,BU032,Caño Arena,H
BU75,2023-08-25 00:00:00,Bufalina,BU2A,Caño Arena,M
BU76,2023-08-26 00:00:00,Bufalina,BU340,Caño Arena,H
BU78,2023-09-05 00:00:00,Bufalina,BU047,Caño Arena,H
BU79,2023-09-09 00:00:00,Bufalina,BU334,Caño Arena,M
BU80,2023-09-19 00:00:00,Bufalina,BU037,Caño Arena,H
BU81,2023-09-20 00:00:00,Bufalina,BU028,Caño Arena,M
BU82,2023-09-25 00:00:00,Bufalina,BU048,Caño Arena,M
BU83,2023-09-26 00:00:00,Bufalina,BU331,Caño Arena,M
BU84,2023-10-02 00:00:00,Bufalina,BU046,Caño Arena,M
BU85,2023-10-16 00:00:00,Bufalina,BU041,Caño Arena,H
BU86,2023-10-18 00:00:00,Bufalina,BU062,Caño Arena,M
BU87,2023-10-19 00:00:00,Bufalina,BU7,Caño Arena,M
BU88,2023-10-20 00:00:00,Bufalina,BU045,Caño Arena,H
BU89,2023-10-30 00:00:00,Bufalina,BU054,Caño Arena,H
BU92,2023-11-15 00:00:00,Bufalina,BU335,Caño Arena,H
BU93,2023-11-11 00:00:00,Bufalina,BU029,Caño Arena,H
BU94,2023-11-25 00:00:00,Bufalina,BU002,Caño Arena,M
3012,2023-01-27 00:00:00,Bovinos,2080,San Sebastian,M
23013,2023-01-28 00:00:00,Bovinos,1168,San Sebastian,M
23014,2023-01-28 00:00:00,Bovinos,1095A,San Sebastian,M
23015,2023-02-05 00:00:00,Bovinos,3750,San Sebastian,M
23016,2023-02-10 00:00:00,Bovinos,12164,San Sebastian,H
23017,2023-02-17 00:00:00,Bovinos,4034,San Sebastian,H
23018,2023-02-25 00:00:00,Bovinos,4053,San Sebastian,H
23019,2023-02-27 00:00:00,Bovinos,1117,San Sebastian,M
BU312,2023-02-01 00:00:00,Bufalina,BU019,Caño Arena,H
23020,2023-03-01 00:00:00,Bovinos,2079,San Sebastian,M
23021,2023-03-06 00:00:00,Bovinos,8054,San Sebastian,H
23022,2023-03-08 00:00:00,Bovinos,1077A,San Sebastian,H
23023,2023-03-08 00:00:00,Bovinos,8088,San Sebastian,H
23024,2023-03-12 00:00:00,Bovinos,0139,San Sebastian,H
3025,2023-03-12 00:00:00,Bovinos,5150,San Sebastian,H
23026,2023-03-13 00:00:00,Bovinos,8030,San Sebastian,M
23027,2023-03-14 00:00:00,Bovinos,7059,San Sebastian,H
23028,2023-03-14 00:00:00,Bovinos,80882,San Sebastian,M
23029,2023-03-15 00:00:00,Bovinos,14,San Sebastian,M
23030,2023-03-15 00:00:00,Bovinos,3093,San Sebastian,H
23031,2023-03-17 00:00:00,Bovinos,4065,San Sebastian,H
3500,2023-03-04 00:00:00,Bovinos,0311,La parcela,H
3501,2023-03-04 00:00:00,Bovinos,0305,La parcela,M
3502,2023-03-04 00:00:00,Bovinos,0X14,La parcela,H
3032,2023-03-20 00:00:00,Bovinos,20334,San Sebastian,H
23033,2023-03-20 00:00:00,Bovinos,60181,San Sebastian,H
23034,2023-03-22 00:00:00,Bovinos,6053,San Sebastian,H
23035,2023-03-24 00:00:00,Bovinos,89,San Sebastian,M
23036,2023-03-22 00:00:00,Bovinos,5082,San Sebastian,H
23037,2023-03-30 00:00:00,Bovinos,21027,San Sebastian,H
23038,2023-03-31 00:00:00,Bovinos,2150,San Sebastian,M
23039,2023-03-31 00:00:00,Bovinos,4100,San Sebastian,H
23040,2023-04-01 00:00:00,Bovinos,9047,San Sebastian,H
23041,2023-04-02 00:00:00,Bovinos,7077,San Sebastian,H
3042,2023-04-03 00:00:00,Bovinos,2180A,San Sebastian,M
23043,2023-04-08 00:00:00,Bovinos,1091A,San Sebastian,H
23044,2023-04-07 00:00:00,Bovinos,3038A,San Sebastian,H
23045,2023-04-08 00:00:00,Bovinos,7080,San Sebastian,H
23046,2023-04-10 00:00:00,Bovinos,2337,San Sebastian,M
23047,2023-04-10 00:00:00,Bovinos,8014,San Sebastian,M
23048,2023-04-11 00:00:00,Bovinos,4099,San Sebastian,H
23049,2023-04-11 00:00:00,Bovinos,1056A,San Sebastian,H
23050,2023-04-12 00:00:00,Bovinos,6070,San Sebastian,H
23051,2023-04-13 00:00:00,Bovinos,5077,San Sebastian,H
23052,2023-04-15 00:00:00,Bovinos,5052,San Sebastian,H
23053,2023-04-16 00:00:00,Bovinos,8051,San Sebastian,M
23054,2023-04-16 00:00:00,Bovinos,2177A,San Sebastian,M
23055,2023-04-17 00:00:00,Bovinos,4143,San Sebastian,H
23056,2023-04-17 00:00:00,Bovinos,2072,San Sebastian,M
23057,2023-04-18 00:00:00,Bovinos,9023,San Sebastian,H
23058,2023-04-21 00:00:00,Bovinos,1090A,San Sebastian,M
23059,2023-04-23 00:00:00,Bovinos,05,San Sebastian,M
23060,2023-04-24 00:00:00,Bovinos,9238,San Sebastian,H
23061,2023-04-24 00:00:00,Bovinos,7074,San Sebastian,H
23062,2023-04-25 00:00:00,Bovinos,8007,San Sebastian,H
23063,2023-04-28 00:00:00,Bovinos,4141,San Sebastian,M
23064,2023-04-29 00:00:00,Bovinos,2143,San Sebastian,M
23065,2023-04-30 00:00:00,Bovinos,80921,San Sebastian,H
23066,2023-04-30 00:00:00,Bovinos,0500,San Sebastian,H
23067,2023-05-01 00:00:00,Bovinos,7012,San Sebastian,H
3068,2023-05-01 00:00:00,Bovinos,7017,San Sebastian,H
23069,2023-05-03 00:00:00,Bovinos,8028,San Sebastian,H
23070,2023-05-03 00:00:00,Bovinos,809,San Sebastian,M
23071,2023-05-06 00:00:00,Bovinos,80472,San Sebastian,M
23072,2023-05-06 00:00:00,Bovinos,50501,San Sebastian,M
23073,2023-05-07 00:00:00,Bovinos,8079,San Sebastian,H
23074,2023-05-08 00:00:00,Bovinos,2050,San Sebastian,H
23075,2023-05-09 00:00:00,Bovinos,8013A,San Sebastian,H
3076,2023-05-09 00:00:00,Bovinos,8060,San Sebastian,H
23077,2023-05-11 00:00:00,Bovinos,7067,San Sebastian,H
23078,2023-05-14 00:00:00,Bovinos,8010,San Sebastian,M
23079,2023-05-15 00:00:00,Bovinos,1112,San Sebastian,H
23080,2023-05-17 00:00:00,Bovinos,1128,San Sebastian,M
23081,2023-05-18 00:00:00,Bovinos,80272,San Sebastian,H
23082,2023-05-22 00:00:00,Bovinos,7028,San Sebastian,H
3083,2023-05-22 00:00:00,Bovinos,1033A,San Sebastian,H
23084,2023-05-22 00:00:00,Bovinos,2224,San Sebastian,M
23085,2023-05-22 00:00:00,Bovinos,2149A,San Sebastian,M
23086,2023-05-25 00:00:00,Bovinos,3107,San Sebastian,M
3505,2023-04-01 00:00:00,Bovinos,,La parcela,H
3504,2023-04-15 00:00:00,Bovinos,9501,La parcela,M
23087,2023-05-27 00:00:00,Bovinos,7021,San Sebastian,M
23088,2023-05-29 00:00:00,Bovinos,5076,San Sebastian,M
23089,2023-05-29 00:00:00,Bovinos,8087,San Sebastian,M
23090,2023-05-30 00:00:00,Bovinos,8050,San Sebastian,M
23091,2023-05-31 00:00:00,Bovinos,2124A,San Sebastian,M
23092,2023-05-31 00:00:00,Bovinos,6031,San Sebastian,H
23093,2023-06-01 00:00:00,Bovinos,4172,San Sebastian,M
23094,2023-06-01 00:00:00,Bovinos,9071,San Sebastian,H
23095,2023-06-03 00:00:00,Bovinos,9100,San Sebastian,M
23096,2023-06-08 00:00:00,Bovinos,9040,San Sebastian,M
23097,2023-06-08 00:00:00,Bovinos,8048,San Sebastian,M
23098,2023-06-08 00:00:00,Bovinos,8043,San Sebastian,H
23099,2023-06-11 00:00:00,Bovinos,2047,San Sebastian,M
23100,2023-06-14 00:00:00,Bovinos,31102,San Sebastian,M
23101,2023-06-15 00:00:00,Bovinos,40072,San Sebastian,H
23102,2023-06-17 00:00:00,Bovinos,8093,San Sebastian,M
3103,2023-06-21 00:00:00,Bovinos,6022,San Sebastian,H
23104,2023-06-22 00:00:00,Bovinos,8086,San Sebastian,M
23105,2023-06-26 00:00:00,Bovinos,5146,San Sebastian,H
23106,2023-06-27 00:00:00,Bovinos,8005,San Sebastian,H
23107,2023-06-28 00:00:00,Bovinos,2217,San Sebastian,H
23108,2023-06-28 00:00:00,Bovinos,8077,San Sebastian,M
23109,2023-06-28 00:00:00,Bovinos,4151,San Sebastian,H
23110,2023-06-29 00:00:00,Bovinos,6037,San Sebastian,H
23111,2023-06-29 00:00:00,Bovinos,8013,San Sebastian,H
23112,2023-06-30 00:00:00,Bovinos,80121,San Sebastian,M
23113,2023-07-03 00:00:00,Bovinos,5098,San Sebastian,M
23114,2023-07-03 00:00:00,Bovinos,6028,San Sebastian,M
23115,2023-07-05 00:00:00,Bovinos,9046,San Sebastian,H
23116,2023-07-05 00:00:00,Bovinos,4066,San Sebastian,M
23117,2023-07-05 00:00:00,Bovinos,8075,San Sebastian,M
23118,2023-07-05 00:00:00,Bovinos,4008,San Sebastian,M
23119,2023-07-06 00:00:00,Bovinos,10391,San Sebastian,M
23120,2023-07-07 00:00:00,Bovinos,8045,San Sebastian,M
23121,2023-07-10 00:00:00,Bovinos,4076,San Sebastian,H
23122,2023-07-14 00:00:00,Bovinos,3003A,San Sebastian,H
23123,2023-07-14 00:00:00,Bovinos,5144,San Sebastian,M
23124,2023-07-15 00:00:00,Bovinos,8004,San Sebastian,M
23125,2023-07-19 00:00:00,Bovinos,EMB 5,San Sebastian,H
23126,2023-07-19 00:00:00,Bovinos,3028A,San Sebastian,H
23127,2023-07-20 00:00:00,Bovinos,7076,San Sebastian,H
23128,2023-07-21 00:00:00,Bovinos,7033,San Sebastian,H
23129,2023-07-22 00:00:00,Bovinos,7072,San Sebastian,H
23130,2023-07-25 00:00:00,Bovinos,6008,San Sebastian,H
23131,2023-07-26 00:00:00,Bovinos,S/NC,San Sebastian,H
23132,2023-07-30 00:00:00,Bovinos,2234,San Sebastian,M
23133,2023-07-31 00:00:00,Bovinos,80682,San Sebastian,M
23134,2023-08-03 00:00:00,Bovinos,9045,San Sebastian,H
23135,2023-08-03 00:00:00,Bovinos,4109,San Sebastian,M
23136,2023-08-03 00:00:00,Bovinos,1015,San Sebastian,H
23137,2023-08-05 00:00:00,Bovinos,2196A,San Sebastian,M
23138,2023-08-05 00:00:00,Bovinos,6021,San Sebastian,H
23139,2023-08-06 00:00:00,Bovinos,8019,San Sebastian,H
23140,2023-08-07 00:00:00,Bovinos,9051,San Sebastian,M
pend42,2023-07-01 00:00:00,Bovinos,pend35,La parcela,H
pend43,2023-07-01 00:00:00,Bovinos,pend39,La parcela,H
23141,2023-08-08 00:00:00,Bovinos,2340,San Sebastian,H
23142,2023-08-08 00:00:00,Bovinos,5092,San Sebastian,M
23143,2023-08-10 00:00:00,Bovinos,3227,San Sebastian,M
23144,2023-08-14 00:00:00,Bovinos,7087,San Sebastian,M
23145,2023-08-14 00:00:00,Bovinos,8033,San Sebastian,M
23146,2023-08-16 00:00:00,Bovinos,0143,San Sebastian,M
23147,2023-08-17 00:00:00,Bovinos,5079,San Sebastian,M
23148,2023-08-17 00:00:00,Bovinos,EMB 4,San Sebastian,H
23149,2023-08-21 00:00:00,Bovinos,7,San Sebastian,M
23150,2023-08-22 00:00:00,Bovinos,4055,San Sebastian,M
23151,2023-08-22 00:00:00,Bovinos,4007,San Sebastian,H
23152,2023-08-23 00:00:00,Bovinos,4101,San Sebastian,H
23153,2023-08-23 00:00:00,Bovinos,2097,San Sebastian,H
23154,2023-08-24 00:00:00,Bovinos,3044A,San Sebastian,M
23155,2023-08-24 00:00:00,Bovinos,8098,San Sebastian,M
BU74,2023-08-24 00:00:00,Bufalina,BU057,Caño Arena,M
23156,2023-08-25 00:00:00,Bovinos,7070,San Sebastian,M
BU77,2023-08-27 00:00:00,Bufalina,BU049,Caño Arena,M
23157,2023-08-30 00:00:00,Bovinos,6010,San Sebastian,M
23158,2023-08-31 00:00:00,Bovinos,8024,San Sebastian,H
23159,2023-08-31 00:00:00,Bovinos,8089,San Sebastian,H
23160,2023-08-31 00:00:00,Bovinos,6035,San Sebastian,H
23162,2023-09-02 00:00:00,Bovinos,3024A,San Sebastian,H
23163,2023-09-02 00:00:00,Bovinos,8046,San Sebastian,M
23164,2023-09-03 00:00:00,Bovinos,4018,San Sebastian,M
23165,2023-09-03 00:00:00,Bovinos,2063A,San Sebastian,M
23166,2023-09-05 00:00:00,Bovinos,7007,San Sebastian,H
23167,2023-09-11 00:00:00,Bovinos,2169,San Sebastian,M
23168,2023-09-12 00:00:00,Bovinos,8002,San Sebastian,H
22139,2022-12-20 00:00:00,Bovinos,2208A,San Sebastian,H
22216,2022-12-10 00:00:00,Bovinos,,San Sebastian,H
23169,2023-09-15 00:00:00,Bovinos,2208A,San Sebastian,H
23170,2023-09-15 00:00:00,Bovinos,2148A,San Sebastian,M
23171,2023-09-15 00:00:00,Bovinos,2219,San Sebastian,M
23172,2023-09-19 00:00:00,Bovinos,9389,San Sebastian,H
23173,2023-09-19 00:00:00,Bovinos,2083,San Sebastian,M
23174,2023-09-19 00:00:00,Bovinos,3066B,San Sebastian,M
23175,2023-09-20 00:00:00,Bovinos,4023,San Sebastian,M
23176,2023-09-20 00:00:00,Bovinos,9020,San Sebastian,M
23177,2023-09-20 00:00:00,Bovinos,4087,San Sebastian,M
23178,2023-09-25 00:00:00,Bovinos,2,San Sebastian,H
23182,2023-09-26 00:00:00,Bovinos,S/NH,San Sebastian,M
23180,2023-09-25 00:00:00,Bovinos,7083,San Sebastian,M
23179,2023-09-25 00:00:00,Bovinos,2093A,San Sebastian,H
23183,2023-09-28 00:00:00,Bovinos,2226,San Sebastian,H
23184,2023-09-28 00:00:00,Bovinos,5679,San Sebastian,M
23185,2023-09-28 00:00:00,Bovinos,2094A,San Sebastian,H
23181,2023-09-25 00:00:00,Bovinos,8067,San Sebastian,M
23186,2023-09-30 00:00:00,Bovinos,4072,San Sebastian,H
23187,2023-09-30 00:00:00,Bovinos,0128,San Sebastian,M
23188,2023-09-30 00:00:00,Bovinos,5033,San Sebastian,M
23190,2023-10-04 00:00:00,Bovinos,0740,San Sebastian,M
23189,2023-10-04 00:00:00,Bovinos,6025,San Sebastian,M
23191,2023-10-06 00:00:00,Bovinos,S/NB,San Sebastian,M
23192,2023-10-09 00:00:00,Bovinos,EMB 3,San Sebastian,H
23193,2023-10-10 00:00:00,Bovinos,3119,San Sebastian,M
23194,2023-10-10 00:00:00,Bovinos,3104,San Sebastian,H
23195,2023-10-10 00:00:00,Bovinos,9118B,San Sebastian,H
23196,2023-10-11 00:00:00,Bovinos,4043,San Sebastian,M
23197,2023-10-13 00:00:00,Bovinos,4057,San Sebastian,M
23198,2023-10-13 00:00:00,Bovinos,50741,San Sebastian,H
23200,2023-10-16 00:00:00,Bovinos,3084,San Sebastian,H
23201,2023-10-20 00:00:00,Bovinos,0018,San Sebastian,H
23202,2023-10-24 00:00:00,Bovinos,3021A,San Sebastian,H
23203,2023-10-25 00:00:00,Bovinos,2133A,San Sebastian,H
23204,2023-10-25 00:00:00,Bovinos,2133A,San Sebastian,M
23206,2023-10-30 00:00:00,Bovinos,7066,San Sebastian,M
23207,2023-10-30 00:00:00,Bovinos,5013,San Sebastian,H
23208,2023-10-30 00:00:00,Bovinos,4078,San Sebastian,H
23209,2023-10-31 00:00:00,Bovinos,4079,San Sebastian,H
23210,2023-11-01 00:00:00,Bovinos,5010,San Sebastian,M
23211,2023-11-04 00:00:00,Bovinos,4075,San Sebastian,H
BU90,2023-11-01 00:00:00,Bufalina,BU018,Caño Arena,M
BU91,2023-11-08 00:00:00,Bufalina,BU2,Caño Arena,M
23212,2023-11-10 00:00:00,Bovinos,9007,San Sebastian,M
23214,2023-11-20 00:00:00,Bovinos,7092,San Sebastian,M
23215,2023-11-21 00:00:00,Bovinos,2021,San Sebastian,H
23216,2023-11-30 00:00:00,Bovinos,1078A,San Sebastian,M
BU66,2023-06-22 00:00:00,Bufalina,BU026,Caño Arena,M
23217,2023-12-01 00:00:00,Bovinos,9014,San Sebastian,M
23218,2023-12-04 00:00:00,Bovinos,SNA,San Sebastian,M
23219,2023-12-04 00:00:00,Bovinos,20337,San Sebastian,M
23220,2023-12-09 00:00:00,Bovinos,2096,San Sebastian,M
23221,2023-12-09 00:00:00,Bovinos,9128B,San Sebastian,M
23222,2023-12-10 00:00:00,Bovinos,91262,San Sebastian,M
23223,2023-12-10 00:00:00,Bovinos,0204,San Sebastian,H
23224,2023-12-11 00:00:00,Bovinos,0272,San Sebastian,M
23225,2023-12-11 00:00:00,Bovinos,8076,San Sebastian,M
23227,2023-12-12 00:00:00,Bovinos,7038,San Sebastian,H
23228,2023-12-12 00:00:00,Bovinos,4025,San Sebastian,H
23229,2023-12-12 00:00:00,Bovinos,0132,San Sebastian,M
23230,2023-12-13 00:00:00,Bovinos,0338,San Sebastian,M
23231,2023-12-13 00:00:00,Bovinos,5072,San Sebastian,H
3503,2023-10-15 00:00:00,Bovinos,0308,La parcela,M
23232,2023-12-15 00:00:00,Bovinos,8061,San Sebastian,H
23233,2023-12-15 00:00:00,Bovinos,8036,San Sebastian,H
23234,2023-12-16 00:00:00,Bovinos,91171,San Sebastian,M
23236,2023-12-18 00:00:00,Bovinos,7032,San Sebastian,M
23237,2023-12-18 00:00:00,Bovinos,6043,San Sebastian,H
23238,2023-12-20 00:00:00,Bovinos,9113,San Sebastian,M
23239,2023-12-22 00:00:00,Bovinos,6067,San Sebastian,M
23240,2023-12-24 00:00:00,Bovinos,8062,San Sebastian,M
23241,2023-12-24 00:00:00,Bovinos,9104,San Sebastian,M
23242,2023-12-25 00:00:00,Bovinos,2209A,San Sebastian,M
23243,2023-12-25 00:00:00,Bovinos,3132,San Sebastian,H
23244,2023-12-26 00:00:00,Bovinos,7022,San Sebastian,M
23246,2023-12-27 00:00:00,Bovinos,0229,San Sebastian,H
23247,2023-12-28 00:00:00,Bovinos,8096,San Sebastian,M
23248,2023-12-28 00:00:00,Bovinos,2171,San Sebastian,H
23249,2023-12-28 00:00:00,Bovinos,1139A,San Sebastian,M
23250,2023-12-28 00:00:00,Bovinos,9125,San Sebastian,H
23251,2023-12-28 00:00:00,Bovinos,4048,San Sebastian,M
23252,2023-12-31 00:00:00,Bovinos,9058,San Sebastian,H
24001,2024-01-02 00:00:00,Bovinos,2130,San Sebastian,H
24002,2024-01-02 00:00:00,Bovinos,9099,San Sebastian,M
24003,2024-01-07 00:00:00,Bovinos,91242,San Sebastian,M
24004,2024-01-09 00:00:00,Bovinos,4A,San Sebastian,H
24005,2024-01-12 00:00:00,Bovinos,2220,San Sebastian,H
24006,2024-01-14 00:00:00,Bovinos,EMB 2,San Sebastian,H
24007,2024-01-14 00:00:00,Bovinos,0298A,San Sebastian,H
24008,2024-01-14 00:00:00,Bovinos,9116B,San Sebastian,M
24009,2024-01-14 00:00:00,Bovinos,0202,San Sebastian,M
24010,2024-01-15 00:00:00,Bovinos,0332,San Sebastian,H
24011,2024-01-16 00:00:00,Bovinos,8003,San Sebastian,H
24012,2024-01-18 00:00:00,Bovinos,4053,San Sebastian,H
24014,2024-01-18 00:00:00,Bovinos,5030,San Sebastian,H
24013,2024-01-18 00:00:00,Bovinos,1117,San Sebastian,H
24015,2024-01-19 00:00:00,Bovinos,8085,San Sebastian,H
24016,2024-01-21 00:00:00,Bovinos,9011,San Sebastian,H
24017,2024-01-22 00:00:00,Bovinos,5007,San Sebastian,M
24018,2024-01-22 00:00:00,Bovinos,5150,San Sebastian,M
24019,2024-01-22 00:00:00,Bovinos,0343,San Sebastian,H
24020,2024-01-22 00:00:00,Bovinos,7061,San Sebastian,M
24021,2024-01-23 00:00:00,Bovinos,91172,San Sebastian,H
24023,2024-01-28 00:00:00,Bovinos,0111,San Sebastian,M
24024,2024-01-28 00:00:00,Bovinos,9036,San Sebastian,M
24025,2024-01-29 00:00:00,Bovinos,0220,San Sebastian,H
24027,2024-01-29 00:00:00,Bovinos,32,San Sebastian,H
24028,2024-01-30 00:00:00,Bovinos,0231A,San Sebastian,H
24029,2024-01-31 00:00:00,Bovinos,0139,San Sebastian,M
24030,2024-01-31 00:00:00,Bovinos,0271,San Sebastian,H
24031,2024-02-01 00:00:00,Bovinos,7004,San Sebastian,H
24032,2024-02-02 00:00:00,Bovinos,0333,San Sebastian,H
24033,2024-02-02 00:00:00,Bovinos,0201,San Sebastian,M
24034,2024-02-02 00:00:00,Bovinos,0323,San Sebastian,M
24035,2024-02-03 00:00:00,Bovinos,5090,San Sebastian,H
4501,2024-01-01 00:00:00,Bovinos,0303,La parcela,M
23235,2023-12-16 00:00:00,Bovinos,1310,San Sebastian,H
pend44,2023-07-15 00:00:00,Bovinos,,La parcela,H
24037,2024-02-08 00:00:00,Bovinos,4034,San Sebastian,M
24036,2024-02-08 00:00:00,Bovinos,4095,San Sebastian,M
24038,2024-02-09 00:00:00,Bovinos,0320,San Sebastian,M
24039,2024-02-10 00:00:00,Bovinos,213,San Sebastian,H
24040,2024-02-10 00:00:00,Bovinos,20334,San Sebastian,H
24043,2024-02-11 00:00:00,Bovinos,5060,San Sebastian,H
24041,2024-02-11 00:00:00,Bovinos,1168,San Sebastian,M
24042,2024-02-11 00:00:00,Bovinos,3043,San Sebastian,H
24044,2024-02-13 00:00:00,Bovinos,2037,San Sebastian,M
24045,2024-02-14 00:00:00,Bovinos,34,San Sebastian,H
24046,2024-02-14 00:00:00,Bovinos,4035,San Sebastian,H
24047,2024-02-15 00:00:00,Bovinos,0291,San Sebastian,H
24048,2024-02-17 00:00:00,Bovinos,1066A,San Sebastian,H
24049,2024-02-17 00:00:00,Bovinos,0326,San Sebastian,M
24050,2024-02-18 00:00:00,Bovinos,9076,San Sebastian,M
24051,2024-02-20 00:00:00,Bovinos,0249,San Sebastian,H
24052,2024-02-22 00:00:00,Bovinos,0278,San Sebastian,H
24053,2024-02-22 00:00:00,Bovinos,0329,San Sebastian,H
24054,2024-02-23 00:00:00,Bovinos,2090A,San Sebastian,H
24055,2024-02-24 00:00:00,Bovinos,0322,San Sebastian,H
24056,2024-02-24 00:00:00,Bovinos,0259,San Sebastian,M
24058,2024-02-24 00:00:00,Bovinos,1095A,San Sebastian,H
24059,2024-02-26 00:00:00,Bovinos,8037,San Sebastian,M
24060,2024-02-27 00:00:00,Bovinos,8059,San Sebastian,M
PEND45,2024-02-21 00:00:00,Bovinos,PEND41,La parcela,M
24061,2024-02-28 00:00:00,Bovinos,0226,San Sebastian,M
24062,2024-02-28 00:00:00,Bovinos,9073,San Sebastian,M
24063,2024-03-01 00:00:00,Bovinos,0349,Caño Arena,H
24064,2024-03-02 00:00:00,Bovinos,0107,San Sebastian,M
24065,2024-03-02 00:00:00,Bovinos,0206A,San Sebastian,M
24066,2024-03-02 00:00:00,Bovinos,0258,San Sebastian,H
24067,2024-03-03 00:00:00,Bovinos,19,San Sebastian,M
24068,2024-03-02 00:00:00,Bovinos,9042,San Sebastian,M
24069,2024-03-04 00:00:00,Bovinos,1004,San Sebastian,M
24070,2024-03-08 00:00:00,Bovinos,9053,San Sebastian,H
24071,2024-03-09 00:00:00,Bovinos,9016,San Sebastian,M
24072,2024-03-09 00:00:00,Bovinos,8094,San Sebastian,H
24073,2024-03-10 00:00:00,Bovinos,9006,San Sebastian,M
24074,2024-03-11 00:00:00,Bovinos,9015,San Sebastian,M
24075,2024-03-11 00:00:00,Bovinos,0233,San Sebastian,H
24076,2024-03-14 00:00:00,Bovinos,8006,San Sebastian,M
24077,2024-03-14 00:00:00,Bovinos,0114,San Sebastian,M
24078,2024-03-14 00:00:00,Bovinos,0310,La parcela,H
24079,2024-03-14 00:00:00,Bovinos,4100,San Sebastian,M
24080,2024-03-16 00:00:00,Bovinos,7077,San Sebastian,M
24081,2024-03-16 00:00:00,Bovinos,2079,San Sebastian,M
24082,2024-03-20 00:00:00,Bovinos,0246,San Sebastian,M
24083,2024-03-20 00:00:00,Bovinos,1005,San Sebastian,M
24084,2024-03-21 00:00:00,Bovinos,30212,San Sebastian,H
24085,2024-03-08 00:00:00,Bovinos,4033,San Sebastian,H
24086,2024-03-18 00:00:00,Bovinos,9037,San Sebastian,M
24087,2024-03-23 00:00:00,Bovinos,0327,San Sebastian,H
24088,2024-03-23 00:00:00,Bovinos,8063,San Sebastian,M
24089,2024-03-23 00:00:00,Bovinos,1077A,San Sebastian,M
24090,2024-03-23 00:00:00,Bovinos,0206B,San Sebastian,H
24091,2024-03-26 00:00:00,Bovinos,0321,San Sebastian,M
24092,2024-03-26 00:00:00,Bovinos,12164,San Sebastian,H
24093,2024-03-29 00:00:00,Bovinos,9118,San Sebastian,H
24094,2024-03-29 00:00:00,Bovinos,9122,San Sebastian,H
24095,2024-03-30 00:00:00,Bovinos,9091,San Sebastian,H
24096,2024-03-30 00:00:00,Bovinos,0269,San Sebastian,M
24097,2024-03-31 00:00:00,Bovinos,91091,San Sebastian,H
24098,2024-04-02 00:00:00,Bovinos,02331,Caño Arena,M
24099,2024-04-02 00:00:00,Bovinos,8014,San Sebastian,H
24100,2024-04-04 00:00:00,Bovinos,0314,La parcela,H
24103,2024-04-04 00:00:00,Bovinos,9503,La parcela,H
24102,2024-04-06 00:00:00,Bovinos,3750,San Sebastian,M
24101,2024-04-06 00:00:00,Bovinos,4099,San Sebastian,H
24104,2024-04-06 00:00:00,Bovinos,2150,San Sebastian,H
24105,2024-04-07 00:00:00,Bovinos,4065,San Sebastian,M
24106,2024-04-07 00:00:00,Bovinos,9103,San Sebastian,H
24107,2024-04-07 00:00:00,Bovinos,0336,San Sebastian,M
24108,2024-04-09 00:00:00,Bovinos,8030,San Sebastian,M
24109,2024-04-10 00:00:00,Bovinos,2180A,San Sebastian,M
24110,2024-04-11 00:00:00,Bovinos,0352,Caño Arena,H
24111,2024-04-10 00:00:00,Bovinos,8041,San Sebastian,M
24112,2024-04-14 00:00:00,Bovinos,8028,San Sebastian,M
24113,2024-04-14 00:00:00,Bovinos,0241,San Sebastian,M
24114,2024-04-16 00:00:00,Bovinos,0102,San Sebastian,M
24115,2024-04-17 00:00:00,Bovinos,5052,San Sebastian,H
24116,2024-04-19 00:00:00,Bovinos,33,San Sebastian,H
24117,2024-04-21 00:00:00,Bovinos,8079,San Sebastian,M
24118,2024-04-21 00:00:00,Bovinos,3107,San Sebastian,M
24119,2024-04-24 00:00:00,Bovinos,1090A,San Sebastian,H
24120,2024-04-25 00:00:00,Bovinos,6020,San Sebastian,H
24121,2024-04-26 00:00:00,Bovinos,8051,San Sebastian,M
24122,2024-04-29 00:00:00,Bovinos,0304,La parcela,H
24123,2024-05-06 00:00:00,Bovinos,05,San Sebastian,M
24124,2024-05-08 00:00:00,Bovinos,3108,San Sebastian,H
24125,2024-05-08 00:00:00,Bovinos,9121,San Sebastian,M
24126,2024-05-09 00:00:00,Bovinos,2073,San Sebastian,M
24127,2024-05-09 00:00:00,Bovinos,80121,San Sebastian,M
24128,2024-05-10 00:00:00,Bovinos,2047,San Sebastian,M
24129,2024-05-10 00:00:00,Bovinos,6011,San Sebastian,M
24130,2024-05-12 00:00:00,Bovinos,80882,San Sebastian,M
24131,2024-05-13 00:00:00,Bovinos,2080,San Sebastian,H
24132,2024-05-13 00:00:00,Bovinos,8060,San Sebastian,M
24133,2024-05-14 00:00:00,Bovinos,1091A,San Sebastian,M
24134,2024-05-14 00:00:00,Bovinos,3027A,San Sebastian,M
24135,2024-05-15 00:00:00,Bovinos,7017,San Sebastian,M
24136,2024-05-17 00:00:00,Bovinos,4141,San Sebastian,M
24137,2024-05-19 00:00:00,Bovinos,8054,San Sebastian,M
24138,2024-05-19 00:00:00,Bovinos,8017,San Sebastian,H
24139,2024-05-19 00:00:00,Bovinos,7080,San Sebastian,H
24140,2024-05-19 00:00:00,Bovinos,7028,San Sebastian,M
24141,2024-05-19 00:00:00,Bovinos,1056A,San Sebastian,M
24142,2024-05-20 00:00:00,Bovinos,5076,San Sebastian,H
24143,2024-05-21 00:00:00,Bovinos,7012,San Sebastian,M
24144,2024-05-21 00:00:00,Bovinos,7059,San Sebastian,H
24145,2024-05-17 00:00:00,Bovinos,9035,Caño Arena,M
24146,2024-05-23 00:00:00,Bovinos,0500,San Sebastian,M
24147,2024-05-25 00:00:00,Bovinos,2050,San Sebastian,M
24148,2024-05-25 00:00:00,Bovinos,8011,San Sebastian,H
24149,2024-05-26 00:00:00,Bovinos,8050,San Sebastian,H
24150,2024-05-26 00:00:00,Bovinos,80272,San Sebastian,H
24151,2024-05-29 00:00:00,Bovinos,809,San Sebastian,M
24152,2024-05-21 00:00:00,Bovinos,9238,San Sebastian,H
24153,2024-05-31 00:00:00,Bovinos,5082,San Sebastian,M
24154,2024-05-31 00:00:00,Bovinos,9046,San Sebastian,M
24155,2024-05-31 00:00:00,Bovinos,8077,San Sebastian,M
24156,2024-06-03 00:00:00,Bovinos,3003A,San Sebastian,M
24157,2024-06-05 00:00:00,Bovinos,3178,San Sebastian,H
24158,2024-06-07 00:00:00,Bovinos,9071,San Sebastian,M
24159,2024-06-11 00:00:00,Bovinos,2234,San Sebastian,H
24160,2024-06-09 00:00:00,Bovinos,5098,San Sebastian,M
24162,2024-06-14 00:00:00,Bovinos,7074,San Sebastian,H
24163,2024-06-20 00:00:00,Bovinos,2217,San Sebastian,M
24164,2024-06-22 00:00:00,Bovinos,6031,San Sebastian,H
24165,2024-06-23 00:00:00,Bovinos,4151,San Sebastian,M
24166,2024-06-24 00:00:00,Bovinos,31,San Sebastian,H
24167,2024-06-24 00:00:00,Bovinos,9051,San Sebastian,H
BU352,2024-06-27 00:00:00,Bufalina,BU002,Caño Arena,H
24168,2024-06-27 00:00:00,Bovinos,0267,San Sebastian,H
24169,2024-06-30 00:00:00,Bovinos,8026,San Sebastian,H
24170,2024-06-30 00:00:00,Bovinos,2124A,San Sebastian,M
24171,2024-07-02 00:00:00,Bovinos,0311,La parcela,H
24172,2024-07-04 00:00:00,Bovinos,3026A,San Sebastian,M
24173,2024-07-04 00:00:00,Bovinos,8033,San Sebastian,H
24174,2024-07-06 00:00:00,Bovinos,0305,La parcela,H
BU353,2024-07-08 00:00:00,Bufalina,BU316,Caño Arena,H
24176,2024-07-15 00:00:00,Bovinos,5077,San Sebastian,M
24177,2024-07-16 00:00:00,Bovinos,5146,San Sebastian,M
BU354,2024-07-16 00:00:00,Bufalina,BU004,Caño Arena,H
24178,2024-07-19 00:00:00,Bovinos,5079,San Sebastian,M
24179,2024-07-19 00:00:00,Bovinos,6021,San Sebastian,H
24180,2024-07-22 00:00:00,Bovinos,0224,San Sebastian,H
24181,2024-07-16 00:00:00,Bovinos,0211,San Sebastian,H
24182,2024-07-23 00:00:00,Bovinos,7072,San Sebastian,H
24183,2024-07-23 00:00:00,Bovinos,3227,San Sebastian,M
24184,2024-07-25 00:00:00,Bovinos,9501,San Sebastian,M
24185,2024-07-26 00:00:00,Bovinos,8087,San Sebastian,M
24186,2024-07-26 00:00:00,Bovinos,EMB 5,San Sebastian,H
24187,2024-07-27 00:00:00,Bovinos,8045,San Sebastian,H
24188,2024-07-26 00:00:00,Bovinos,2063A,San Sebastian,M
BU355,2024-07-28 00:00:00,Bufalina,BU347,San Sebastian,M
24189,2024-07-18 00:00:00,Bovinos,8019,San Sebastian,M
24190,2024-07-18 00:00:00,Bovinos,9219,San Sebastian,H
24191,2024-07-31 00:00:00,Bovinos,9024,San Sebastian,M
24193,2024-07-31 00:00:00,Bovinos,2196A,San Sebastian,M
24194,2024-07-31 00:00:00,Bovinos,4007,San Sebastian,M
24195,2024-08-01 00:00:00,Bovinos,2148A,San Sebastian,M
BU356,2024-08-01 00:00:00,Bufalina,BU053,Caño Arena,M
24196,2024-07-31 00:00:00,Bovinos,1015,San Sebastian,M
24197,2024-08-02 00:00:00,Bovinos,4018,San Sebastian,M
24198,2024-08-06 00:00:00,Bovinos,5092,San Sebastian,M
24199,2024-08-06 00:00:00,Bovinos,5092,San Sebastian,M
24200,2024-08-06 00:00:00,Bovinos,8046,San Sebastian,M
24201,2024-08-06 00:00:00,Bovinos,4055,San Sebastian,H
24202,2024-08-08 00:00:00,Bovinos,8043,San Sebastian,M
24203,2024-08-08 00:00:00,Bovinos,50501,San Sebastian,M
BU357,2024-08-08 00:00:00,Bufalina,BU320,Caño Arena,H
BU358,2024-08-12 00:00:00,Bufalina,BU332,Caño Arena,H
24204,2024-08-12 00:00:00,Bovinos,9192,San Sebastian,M
24205,2024-08-14 00:00:00,Bovinos,1123,San Sebastian,M
BU359,2024-08-10 00:00:00,Bufalina,BU035,Caño Arena,M
24206,2024-08-15 00:00:00,Bovinos,6008,San Sebastian,M
24207,2024-08-17 00:00:00,Bovinos,4072,San Sebastian,M
BU360,2024-08-18 00:00:00,Bufalina,BU344,Caño Arena,M
BU361,2024-08-18 00:00:00,Bufalina,BU052,Caño Arena,M
BU362,2024-08-18 00:00:00,Bufalina,BU338,Caño Arena,M
24208,2024-08-19 00:00:00,Bovinos,2097,San Sebastian,M
24209,2024-08-20 00:00:00,Bovinos,2094A,San Sebastian,M
BU363,2024-08-20 00:00:00,Bufalina,BU106,Caño Arena,H
24210,2024-08-22 00:00:00,Bovinos,9126A,San Sebastian,H
24211,2024-08-24 00:00:00,Bovinos,4109,San Sebastian,M
24212,2024-08-24 00:00:00,Bovinos,0128,San Sebastian,H
24213,2024-08-28 00:00:00,Bovinos,0353,San Sebastian,H
24214,2024-08-28 00:00:00,Bovinos,4101,San Sebastian,M
BU364,2024-08-26 00:00:00,Bufalina,BU351,Caño Arena,H
24215,2024-08-31 00:00:00,Bovinos,1112A,San Sebastian,M
24216,2024-09-02 00:00:00,Bovinos,8048,San Sebastian,H
24217,2024-09-02 00:00:00,Bovinos,4066,San Sebastian,M
24218,2024-09-05 00:00:00,Bovinos,2149A,San Sebastian,H
24219,2024-09-07 00:00:00,Bovinos,2040,San Sebastian,M
24220,2024-09-11 00:00:00,Bovinos,5679,San Sebastian,M
BU365,2024-09-07 00:00:00,Bufalina,BU333,Caño Arena,M
24221,2024-09-12 00:00:00,Bovinos,3119,San Sebastian,H
24222,2024-09-13 00:00:00,Bovinos,8086,San Sebastian,M
24223,2024-09-16 00:00:00,Bovinos,8010,San Sebastian,M
24224,2024-09-18 00:00:00,Bovinos,4172,San Sebastian,H
24225,2024-09-18 00:00:00,Bovinos,4043,San Sebastian,M
24226,2024-09-18 00:00:00,Bovinos,8013,San Sebastian,H
BU366,2024-09-18 00:00:00,Bufalina,BU062,Caño Arena,H
BU367,2024-09-19 00:00:00,Bufalina,BU337,Caño Arena,M
24228,2024-09-19 00:00:00,Bovinos,10391,San Sebastian,M
24229,2024-09-20 00:00:00,Bovinos,2072,San Sebastian,M
24230,2024-09-20 00:00:00,Bovinos,3066B,San Sebastian,H
24231,2024-09-22 00:00:00,Bovinos,50741,San Sebastian,H
BU368,2024-09-23 00:00:00,Bufalina,BU036,Caño Arena,H
24232,2024-09-29 00:00:00,Bovinos,9040,San Sebastian,H
BU369,2024-09-29 00:00:00,Bufalina,BU329,Caño Arena,H
24233,2024-10-03 00:00:00,Bovinos,2083,San Sebastian,M
24234,2024-10-03 00:00:00,Bovinos,3024A,San Sebastian,M
24235,2024-10-06 00:00:00,Bovinos,4087,San Sebastian,M
24236,2024-10-06 00:00:00,Bovinos,89,San Sebastian,M
BU370,2024-10-07 00:00:00,Bufalina,BU345,Caño Arena,M
24237,2024-10-09 00:00:00,Bovinos,5144,San Sebastian,H
24238,2024-10-08 00:00:00,Bovinos,9047,San Sebastian,M
24239,2024-10-10 00:00:00,Bovinos,6070,San Sebastian,H
24240,2024-10-11 00:00:00,Bovinos,8005,San Sebastian,M
BU371,2024-10-10 00:00:00,Bufalina,BU343,Caño Arena,M
BU372,2024-10-12 00:00:00,Bufalina,BU342,Caño Arena,H
24242,2024-10-15 00:00:00,Bovinos,0143,San Sebastian,H
24243,2024-10-16 00:00:00,Bovinos,60286,San Sebastian,M
BU373,2024-10-16 00:00:00,Bufalina,BU006,Caño Arena,M
24244,2024-10-17 00:00:00,Bovinos,5033,San Sebastian,H
BU374,2024-10-18 00:00:00,Bufalina,BU341,Caño arena,M
BU375,2024-10-31 00:00:00,Bufalina,BU334,Caño Arena,M
24245,2024-11-03 00:00:00,Bovinos,4075,San Sebastian,M
BU376,2024-11-09 00:00:00,Bufalina,BU349,Caño Arena,H
24246,2024-11-11 00:00:00,Bovinos,80472,San Sebastian,M
24247,2024-11-11 00:00:00,Bovinos,8093,San Sebastian,H
24250,2024-11-15 00:00:00,Bovinos,0205,San Sebastian,H
24251,2024-11-15 00:00:00,Bovinos,0342,San Sebastian,H
24252,2024-11-17 00:00:00,Bovinos,0270,San Sebastian,H
24249,2024-11-15 00:00:00,Bovinos,0330A,San Sebastian,H
24248,2024-11-12 00:00:00,Bovinos,91171,San Sebastian,M
24253,2024-11-18 00:00:00,Bovinos,2093A,San Sebastian,H
24254,2024-11-18 00:00:00,Bovinos,0298,San Sebastian,M
24255,2024-11-18 00:00:00,Bovinos,1079,San Sebastian,M
24256,2024-11-18 00:00:00,Bovinos,1079,San Sebastian,M
24258,2024-11-23 00:00:00,Bovinos,2226,San Sebastian,M
24259,2024-11-23 00:00:00,Bovinos,1088A,San Sebastian,H
24260,2024-11-23 00:00:00,Bovinos,9007,San Sebastian,M
24261,2024-11-23 00:00:00,Bovinos,35,San Sebastian,M
24262,2024-11-23 00:00:00,Bovinos,1017A,San Sebastian,M
24263,2024-11-24 00:00:00,Bovinos,0101,San Sebastian,M
BU377,2024-11-25 00:00:00,Bufalina,BU339,Caño Arena,H
BU378,2024-11-25 00:00:00,Bufalina,BU057,Caño Arena,M
24264,2024-11-26 00:00:00,Bovinos,0354,San Sebastian,H
24265,2024-11-26 00:00:00,Bovinos,2039,San Sebastian,H
24266,2024-11-26 00:00:00,Bovinos,8004,San Sebastian,H
24268,2024-11-26 00:00:00,Bovinos,9100,San Sebastian,H
24269,2024-11-26 00:00:00,Bovinos,0299C,San Sebastian,M
24270,2024-12-01 00:00:00,Bovinos,7032,San Sebastian,M
24271,2024-12-01 00:00:00,Bovinos,0344,San Sebastian,M
24272,2024-12-01 00:00:00,Bovinos,7067,San Sebastian,H
24273,2024-12-01 00:00:00,Bovinos,2143,San Sebastian,M
24274,2024-12-01 00:00:00,Bovinos,1023,San Sebastian,M
24275,2024-12-01 00:00:00,Bovinos,8096,San Sebastian,H
24276,2024-12-01 00:00:00,Bovinos,8067,San Sebastian,M
24277,2024-12-03 00:00:00,Bovinos,8082,San Sebastian,H
BU379,2024-12-01 00:00:00,Bufalina,BU019,Caño Arena,H
24278,2024-12-04 00:00:00,Bovinos,2066,San Sebastian,H
24279,2024-12-04 00:00:00,Bovinos,7092,San Sebastian,H
24280,2024-12-04 00:00:00,Bovinos,0274,San Sebastian,M
24281,2024-12-04 00:00:00,Bovinos,4025,San Sebastian,M
24282,2024-12-06 00:00:00,Bovinos,8089,San Sebastian,H
24283,2024-12-09 00:00:00,Bovinos,31102,San Sebastian,H
24284,2024-12-09 00:00:00,Bovinos,7066,San Sebastian,H
24285,2024-12-13 00:00:00,Bovinos,0332,San Sebastian,M
24286,2024-12-13 00:00:00,Bovinos,8061,San Sebastian,H
24287,2024-12-13 00:00:00,Bovinos,91172,San Sebastian,H
24288,2024-12-13 00:00:00,Bovinos,4076,San Sebastian,H
24289,2024-12-16 00:00:00,Bovinos,1109A,San Sebastian,H
24290,2024-12-16 00:00:00,Bovinos,1066,San Sebastian,M
24291,2024-12-18 00:00:00,Bovinos,1078A,San Sebastian,M
24292,2024-12-18 00:00:00,Bovinos,5090,San Sebastian,M
24294,2024-12-21 00:00:00,Bovinos,4023,San Sebastian,H
24295,2024-12-21 00:00:00,Bovinos,9020,San Sebastian,H
24296,2024-12-23 00:00:00,Bovinos,4048,San Sebastian,H
24297,2024-12-23 00:00:00,Bovinos,7087,San Sebastian,H
24298,2024-12-24 00:00:00,Bovinos,91262,San Sebastian,H
j24001,2024-12-25 00:00:00,Bovinos,J8705,San Sebastian,M
24299,2024-12-28 00:00:00,Bovinos,20334,San Sebastian,M
24300,2024-12-29 00:00:00,Bovinos,9110A,San Sebastian,M
24302,2024-12-30 00:00:00,Bovinos,4034,Caño Arena,H
24303,2024-12-30 00:00:00,Bovinos,2224,Caño Arena,M
25001,2025-01-05 00:00:00,Bovinos,0229,San Sebastian,M
25002,2025-01-05 00:00:00,Bovinos,9045,San Sebastian,M
24304,2024-12-25 00:00:00,Bovinos,2220,San Sebastian,H
BU2501,2025-01-04 00:00:00,Bufalina,BU331,Caño Arena,M
25003,2025-01-07 00:00:00,Bovinos,1310,San Sebastian,M
25004,2025-01-09 00:00:00,Bovinos,2208A,San Sebastian,M
25005,2025-01-09 00:00:00,Bovinos,2171,San Sebastian,H
25006,2025-01-09 00:00:00,Bovinos,1117,Caño Arena,H
25007,2025-01-14 00:00:00,Bovinos,7038,San Sebastian,M
25008,2025-01-15 00:00:00,Bovinos,9,San Sebastian,M
25009,2025-01-16 00:00:00,Bovinos,8036,San Sebastian,H
J25001,2025-01-18 00:00:00,Bovinos,J01415,San Sebastian,M
25010,2025-01-18 00:00:00,Bovinos,1128,San Sebastian,H
2018,2022-03-07 00:00:00,Bovinos,2143,San Sebastian,H
1059,2021-03-15 00:00:00,Bovinos,2063A,San Sebastian,H
1074,2021-07-15 00:00:00,Bovinos,2073,San Sebastian,H
2007,2021-12-15 00:00:00,Bovinos,3024A,San Sebastian,H
1063,2021-07-15 00:00:00,Bovinos,2080,San Sebastian,H
1075,2021-12-26 00:00:00,Bovinos,2337,San Sebastian,M
2014,2022-02-16 00:00:00,Bovinos,4095,San Sebastian,H
1073,2021-12-24 00:00:00,Bovinos,S/NB,San Sebastian,H
2016,2022-02-20 00:00:00,Bovinos,4048,San Sebastian,H
1066,2021-11-29 00:00:00,Bovinos,4035,San Sebastian,H
pend24,2022-07-15 00:00:00,Bovinos,,,
2066,2022-07-15 00:00:00,Bovinos,1066A,San Sebastian,H
2011,2022-01-26 00:00:00,Bovinos,3750,San Sebastian,H
22172,2022-09-15 00:00:00,Bovinos,6043,San Sebastian,H
25136,2025-06-09 00:00:00,Bovinos,0291,San Sebastian,H
25137,2025-06-12 00:00:00,Bovinos,6028,Caño Arena,M
25138,2025-06-14 00:00:00,Bovinos,7080,San Sebastian,H
25139,2025-06-16 00:00:00,Bovinos,0329,San Sebastian,M
25140,2025-06-18 00:00:00,Bovinos,31,San Sebastian,M
25141,2025-06-18 00:00:00,Bovinos,2018,San Sebastian,H
25142,2025-06-20 00:00:00,Bovinos,5079,San Sebastian,H
25143,2025-06-20 00:00:00,Bovinos,7077,San Sebastian,M
25144,2025-06-20 00:00:00,Bovinos,SNA,San Sebastian,M
25145,2025-06-19 00:00:00,Bovinos,8033,San Sebastian,H
2010,2022-01-15 00:00:00,Bovinos,0132,San Sebastian,M
1069,2021-12-18 00:00:00,Bovinos,,,M
2169,2012-07-15 00:00:00,Bovinos,1015,San Sebastian,H
2173,2022-06-15 00:00:00,Bovinos,2047,San Sebastian,M
1043,2021-02-15 00:00:00,Bovinos,2062,San Sebastian,M
1060,2021-11-19 00:00:00,Bovinos,2064A,San Sebastian,M
2138,2022-05-15 00:00:00,Bovinos,2124A,San Sebastian,H
1068,2021-12-17 00:00:00,Bovinos,2130,San Sebastian,M
1046,2021-09-26 00:00:00,Bovinos,2169,San Sebastian,M
22168,2022-07-15 00:00:00,Bovinos,2196A,San Sebastian,M
1053,2021-10-20 00:00:00,Bovinos,2220,San Sebastian,M
1055,2021-10-22 00:00:00,Bovinos,2226,San Sebastian,M
2170,2022-08-15 00:00:00,Bovinos,2234,San Sebastian,M
1047,2021-09-28 00:00:00,Bovinos,3026A,San Sebastian,M
2012,2022-01-27 00:00:00,Bovinos,3119,San Sebastian,H
1067,2021-11-30 00:00:00,Bovinos,3120,San Sebastian,M
2155,2022-07-15 00:00:00,Bovinos,4055,San Sebastian,M
2174,2022-07-15 00:00:00,Bovinos,4101,San Sebastian,M
2154,2022-06-15 00:00:00,Bovinos,4151,San Sebastian,M
2029,2022-02-15 00:00:00,Bovinos,5010,San Sebastian,M
22158,2022-08-15 00:00:00,Bovinos,5679,San Sebastian,M
1131,2021-08-15 00:00:00,Bovinos,S/NC,San Sebastian,M
1076,2021-12-29 00:00:00,Bovinos,2094A,San Sebastian,M
S/NH,2014-06-15 00:00:00,Bovinos,,,
S/NB,2012-12-20 00:00:00,Bovinos,,,
S/ND,2012-01-20 00:00:00,Bovinos,,,
S/NC,2012-01-20 00:00:00,Bovinos,,,
25146,2025-06-21 00:00:00,Bovinos,1053A,San Sebastian,H
J25147,2025-06-21 00:00:00,Bovinos,J420,San Sebastian,H
9605,2009-03-15 00:00:00,Bovinos,,San Sebastian,
EMB 1,2012-03-15 00:00:00,Bovinos,,,
1089,2011-03-15 00:00:00,Bovinos,,,
1119,2011-03-15 00:00:00,Bovinos,,,
214E,2012-03-15 00:00:00,Bovinos,,,
3969,2013-03-15 00:00:00,Bovinos,,,
5016,2015-03-15 00:00:00,Bovinos,,,
5074B,2015-03-15 00:00:00,Bovinos,,,
6003,2016-03-15 00:00:00,Bovinos,,,
6024,2016-03-15 00:00:00,Bovinos,,,
8338,2018-03-15 00:00:00,Bovinos,,,
8099,2018-03-15 00:00:00,Bovinos,,,
GYRO,2018-03-15 00:00:00,Bovinos,,,
EMB 6,2018-03-15 00:00:00,Bovinos,,,
8013,2018-03-15 00:00:00,Bovinos,,,
9082,2009-03-15 00:00:00,Bovinos,,San Sebastian,
0215A,2010-03-15 00:00:00,Bovinos,,San Sebastian,
4113,2014-03-15 00:00:00,Bovinos,,,
06,2012-03-15 00:00:00,Bovinos,,,
1153,2011-03-15 00:00:00,Bovinos,,,
89,2018-03-15 00:00:00,Bovinos,,,
1041A,2011-03-15 00:00:00,Bovinos,,,
0309,2010-03-15 00:00:00,Bovinos,,San Sebastian,
8034,2018-03-15 00:00:00,Bovinos,,,
406,2014-03-15 00:00:00,Bovinos,,,
3100,2013-03-15 00:00:00,Bovinos,,,
J01415,2012-03-15 00:00:00,Bovinos,,,
J8705,2018-03-15 00:00:00,Bovinos,,,
25148,2025-06-25 00:00:00,Bovinos,0284,San Sebastian,M
25149,2025-06-30 00:00:00,Bovinos,7072,San Sebastian,M
25150,2025-06-30 00:00:00,Bovinos,1063,San Sebastian,H
pend49,2025-03-15 00:00:00,Bovinos,pend41,La Parcela,M
pend50,2025-06-13 00:00:00,Bovinos,pend35,La Parcela,M
25151,2025-06-08 00:00:00,Bovinos,0311,La Parcela,M
25152,2025-04-15 00:00:00,Bovinos,0304,La Parcela,M
25153,2025-07-01 00:00:00,Bovinos,0018,San Sebastian,H
25154,2025-07-02 00:00:00,Bovinos,8063,San Sebastian,M
25155,2025-07-02 00:00:00,Bovinos,2201,San Sebastian,H
25156,2025-07-04 00:00:00,Bovinos,3021A,San Sebastian,H
BU2502,2025-07-03 00:00:00,Bufalina,BU316,Caño Arena,H
25157,2025-07-06 00:00:00,Bovinos,0298A,San Sebastian,M
25158,2025-07-08 00:00:00,Bovinos,0272,San Sebastian,H
25159,2025-07-08 00:00:00,Bovinos,2014,San Sebastian,H
BU2503,2025-07-05 00:00:00,Bufalina,BU004,Caño Arena,H
BU2504,2025-07-09 00:00:00,Bufalina,BU048,Caño Arena,H
25162,2025-07-14 00:00:00,Bovinos,8062,San Sebastian,H
25163,2025-07-14 00:00:00,Bovinos,0740,San Sebastian,H
25161,2025-07-10 00:00:00,Bovinos,1102,San Sebastian,H
BU2505,2025-07-15 00:00:00,Bufalina,BU347,Caño Arena,M
BU2506,2025-07-18 00:00:00,Bufalina,BU335,Caño Arena,M
BU2507,2025-07-18 00:00:00,Bufalina,BU082,Caño Arena,H
BU2508,2025-07-19 00:00:00,Bufalina,BU351,Caño Arena,M
25164,2025-07-19 00:00:00,Bovinos,1097B,Caño Arena,H
BU2509,2025-07-20 00:00:00,Bufalina,BU106,Caño Arena,H
BU2510,2025-07-20 00:00:00,Bufalina,BU332,Caño Arena,H
BU2511,2025-07-22 00:00:00,Bufalina,BU344,Caño Arena,H
25165,2025-07-22 00:00:00,Bovinos,9006,San Sebastian,M
25166,2025-07-22 00:00:00,Bovinos,0297,San Sebastian,M
22100,2022-05-15 00:00:00,Bovinos,,San Sebastian,M
2099,2022-05-15 00:00:00,Bovinos,,San Sebastian,M
1018,2021-02-15 00:00:00,Bovinos,,San Sebastian,M
25167,2025-07-25 00:00:00,Bovinos,EMB 5,San Sebastian,H
25168,2025-07-26 00:00:00,Bovinos,2047,San Sebastian,H
25169,2025-07-27 00:00:00,Bovinos,2095,San Sebastian,H
25170,2025-07-27 00:00:00,Bovinos,9037,San Sebastian,H
BU2512,2025-07-23 00:00:00,Bufalina,BU324,Caño Arena,H
BU2513,2025-07-28 00:00:00,Bufalina,BU346,Caño Arena,H
BU2514,2025-07-29 00:00:00,Bufalina,BU053,Caño Arena,M
BU2515,2025-07-30 00:00:00,Bufalina,BU340,Caño Arena,H
25171,2025-08-02 00:00:00,Bovinos,0313,San Sebastian,H
BU2516,2025-08-03 00:00:00,Bufalina,BU320,Caño Arena,H
BU2517,2025-08-06 00:00:00,Bufalina,BU333,Caño Arena,H
25179,2025-08-13 00:00:00,Bovinos,0128,San Sebastian,H
25172,2025-08-09 00:00:00,Bovinos,1112A,San Sebastian,H
25173,2025-08-10 00:00:00,Bovinos,2097,San Sebastian,M
25174,2025-08-10 00:00:00,Bovinos,5030,San Sebastian,M
26065,2026-02-20 00:00:00,Bovinos,0307,San Sebastian,M
25175,2025-08-11 00:00:00,Bovinos,2107,San Sebastian,M
25176,2025-08-12 00:00:00,Bovinos,2064,Caño Arena,M
25177,2025-08-13 00:00:00,Bovinos,0252,San Sebastian,H
25178,2025-08-13 00:00:00,Bovinos,4101,San Sebastian,M
BU2518,2025-08-18 00:00:00,Bufalina,BU035,Caño Arena,M
25180,2025-08-16 00:00:00,Bovinos,8026,San Sebastian,H
25181,2025-08-16 00:00:00,Bovinos,2111,San Sebastian,H
25182,2025-08-20 00:00:00,Bovinos,2063A,San Sebastian,M
25183,2025-08-20 00:00:00,Bovinos,50501,San Sebastian,H
25184,2025-08-21 00:00:00,Bovinos,2108,San Sebastian,H
25185,2025-08-22 00:00:00,Bovinos,9015,San Sebastian,H
25186,2025-08-24 00:00:00,Bovinos,2148A,San Sebastian,M
25187,2025-08-24 00:00:00,Bovinos,7074,San Sebastian,M
25188,2025-08-24 00:00:00,Bovinos,9501,San Sebastian,M
BU2519,2025-08-20 00:00:00,Bufalina,BU076,Caño Arena,H
25189,2025-08-25 00:00:00,Bovinos,30212,San Sebastian,M
20001,2020-01-01 00:00:00,Bovinos,,,H
25190,2025-08-27 00:00:00,Bovinos,7012,San Sebastian,M
25191,2025-08-27 00:00:00,Bovinos,9076,San Sebastian,M
25192,2025-08-27 00:00:00,Bovinos,8010,San Sebastian,H
25193,2025-08-27 00:00:00,Bovinos,6021,San Sebastian,M
25194,2025-08-27 00:00:00,Bovinos,8076,San Sebastian,M
25195,2025-09-02 00:00:00,Bovinos,8046,San Sebastian,H
25196,2025-09-02 00:00:00,Bovinos,7028,San Sebastian,H
25197,2025-09-02 00:00:00,Bovinos,0323,San Sebastian,H
25198,2025-09-02 00:00:00,Bovinos,5082,San Sebastian,H
BU2520,2025-09-02 00:00:00,Bufalina,BU036,Caño Arena,M
BU2521,2025-09-02 00:00:00,Bufalina,BU337,Caño Arena,H
25199,2025-09-02 00:00:00,Bovinos,2059,San Sebastian,H
0306P,2024-09-15 00:00:00,Bovinos,0306,La Parcela,M
25200,2025-09-07 00:00:00,Bovinos,0306,San Sebastian,H
25201,2025-09-07 00:00:00,Bovinos,80882,San Sebastian,M
25202,2025-09-07 00:00:00,Bovinos,8045,San Sebastian,H
BU2522,2025-08-20 00:00:00,Bufalina,BU062,Caño Arena,H
25203,2025-09-10 00:00:00,Bovinos,8060,San Sebastian,H
25204,2025-09-10 00:00:00,Bovinos,2030,San Sebastian,M
25205,2025-09-10 00:00:00,Bovinos,22172,San Sebastian,M
25206,2025-09-10 00:00:00,Bovinos,4055,San Sebastian,M
BU2523,2025-09-10 00:00:00,Bufalina,BU318,Caño Arena,H
25207,2025-09-10 00:00:00,Bovinos,2196A,San Sebastian,H
25208,2025-09-13 00:00:00,Bovinos,1095A,San Sebastian,H
25210,2025-09-13 00:00:00,Bovinos,1077A,San Sebastian,M
25211,2025-09-13 00:00:00,Bovinos,0312,San Sebastian,H
25212,2025-09-14 00:00:00,Bovinos,4151,San Sebastian,H
25213,2025-09-14 00:00:00,Bovinos,19,San Sebastian,M
25214,2025-09-10 00:00:00,Bovinos,1015,San Sebastian,M
25209,2025-09-13 00:00:00,Bovinos,1095A,San Sebastian,M
25215,2025-09-16 00:00:00,Bovinos,9500,San Sebastian,H
25216,2025-09-16 00:00:00,Bovinos,0231A,San Sebastian,M
25217,2025-09-16 00:00:00,Bovinos,8017,San Sebastian,H
25218,2025-09-16 00:00:00,Bovinos,5077,San Sebastian,H
25219,2025-09-16 00:00:00,Bovinos,4018,San Sebastian,M
25220,2025-09-17 00:00:00,Bovinos,9125,San Sebastian,M
25221,2025-09-21 00:00:00,Bovinos,8019,San Sebastian,M
25223,2025-09-22 00:00:00,Bovinos,0349,San Sebastian,M
25222,2025-09-22 00:00:00,Bovinos,9122,San Sebastian,M
25224,2025-09-24 00:00:00,Bovinos,9016,San Sebastian,H
25225,2025-09-25 00:00:00,Bovinos,10391,San Sebastian,H
25226,2025-09-25 00:00:00,Bovinos,4066,San Sebastian,M
25227,2025-09-26 00:00:00,Bovinos,2063B,San Sebastian,M
25229,2025-09-27 00:00:00,Bovinos,2037,San Sebastian,H
25230,2025-09-27 00:00:00,Bovinos,9073,San Sebastian,H
24206B,2024-08-15 00:00:00,Bovinos,0312,La parcela,M
25231,2025-09-29 00:00:00,Bovinos,0327,San Sebastian,H
25232,2025-09-30 00:00:00,Bovinos,1032,San Sebastian,M
25233,2025-10-03 00:00:00,Bovinos,02331,San Sebastian,H
25234,2025-10-06 00:00:00,Bovinos,4007,San Sebastian,H
25235,2025-10-06 00:00:00,Bovinos,2048,San Sebastian,H
BU2524,2025-09-25 00:00:00,Bufalina,BU348,Caño Arena,M
BU2525,2025-09-26 00:00:00,Bufalina,BU343,Caño Arena,M
BU2526,2025-10-03 00:00:00,Bufalina,BU312,Caño Arena,H
25236,2025-09-28 00:00:00,Bovinos,20001,San Sebastian,M
25237,2025-10-07 00:00:00,Bovinos,8041,San Sebastian,M
25238,2025-10-10 00:00:00,Bovinos,8006,San Sebastian,H
25239,2025-10-10 00:00:00,Bovinos,0246,San Sebastian,M
25240,2025-10-14 00:00:00,Bovinos,2023,San Sebastian,H
25241,2025-10-14 00:00:00,Bovinos,9053,San Sebastian,H
25242,2025-10-15 00:00:00,Bovinos,0249,San Sebastian,M
25243,2025-10-15 00:00:00,Bovinos,0333,San Sebastian,H
BU2527,2025-10-14 00:00:00,Bufalina,BU341,Caño Arena,M
25244,2025-10-16 00:00:00,Bovinos,34,San Sebastian,H
25246,2025-10-16 00:00:00,Bovinos,0278,San Sebastian,M
25247,2025-10-19 00:00:00,Bovinos,0258,San Sebastian,M
25248,2025-10-19 00:00:00,Bovinos,1088A,San Sebastian,H
25249,2025-10-21 00:00:00,Bovinos,0206A,San Sebastian,M
25250,2025-10-24 00:00:00,Bovinos,2103,San Sebastian,M
25251,2025-10-26 00:00:00,Bovinos,7022,San Sebastian,M
25252,2025-10-26 00:00:00,Bovinos,7017,San Sebastian,H
25253,2025-10-29 00:00:00,Bovinos,4072,San Sebastian,H
25254,2025-10-29 00:00:00,Bovinos,9020,San Sebastian,H
25255,2025-10-29 00:00:00,Bovinos,9116B,San Sebastian,H
26066,2026-02-20 00:00:00,Bovinos,6067,San Sebastian,H
26067,2026-02-20 00:00:00,Bovinos,9128B,San Sebastian,H
25256,2025-10-29 00:00:00,Bovinos,3026A,San Sebastian,M
25257,2025-10-29 00:00:00,Bovinos,2052,San Sebastian,M
25258,2025-10-30 00:00:00,Bovinos,2080,San Sebastian,H
25259,2025-10-30 00:00:00,Bovinos,2007,San Sebastian,H
25260,2025-10-30 00:00:00,Bovinos,9126A,San Sebastian,H
25261,2025-10-31 00:00:00,Bovinos,0206B,San Sebastian,M
25262,2025-10-31 00:00:00,Bovinos,4109,San Sebastian,H
25263,2025-10-31 00:00:00,Bovinos,9104,San Sebastian,M
BU2528,2025-10-29 00:00:00,Bufalina,BU019,Caño Arena,H
25264,2025-11-02 00:00:00,Bovinos,0271,San Sebastian,M
BU2529,2025-11-03 00:00:00,Bufalina,BU349,Caño Arena,H
BU2530,2025-11-05 00:00:00,Bufalina,BU334,Caño Arena,H
25265,2025-11-06 00:00:00,Bovinos,0342,San Sebastian,M
25266,2025-11-06 00:00:00,Bovinos,8005,San Sebastian,H
25267,2025-11-06 00:00:00,Bovinos,0111,San Sebastian,M
25268,2025-11-06 00:00:00,Bovinos,0269,San Sebastian,M
25269,2025-11-09 00:00:00,Bovinos,0336,San Sebastian,H
25270,2025-11-11 00:00:00,Bovinos,91172,San Sebastian,H
25271,2025-11-11 00:00:00,Bovinos,0352,San Sebastian,H
25272,2025-11-11 00:00:00,Bovinos,4100,San Sebastian,M
25273,2025-09-20 00:00:00,Bovinos,9046,San Sebastian,H
BU2531,2025-11-11 00:00:00,Bufalina,BU339,Caño Arena,M
BU2532,2025-11-12 00:00:00,Bufalina,BU345,Caño Arena,H
25274,2025-11-11 00:00:00,Bovinos,1045,San Sebastian,M
25275,2025-11-14 00:00:00,Bovinos,0353,San Sebastian,M
25276,2025-11-14 00:00:00,Bovinos,8077,San Sebastian,M
25277,2025-11-18 00:00:00,Bovinos,8061,San Sebastian,M
25278,2025-11-19 00:00:00,Bovinos,5144,San Sebastian,H
25279,2025-11-19 00:00:00,Bovinos,2039,San Sebastian,M
25280,2025-11-20 00:00:00,Bovinos,7059,San Sebastian,M
25281,2025-11-20 00:00:00,Bovinos,5090,San Sebastian,M
25282,2025-11-20 00:00:00,Bovinos,9100,San Sebastian,H
25283,2025-11-21 00:00:00,Bovinos,0107,San Sebastian,H
25284,2025-11-21 00:00:00,Bovinos,3066B,San Sebastian,H
25285,2025-11-22 00:00:00,Bovinos,22135,San Sebastian,H
25286,2025-11-24 00:00:00,Bovinos,6037,San Sebastian,M
25287,2025-11-12 00:00:00,Bovinos,2180A,San Sebastian,H
25288,2025-11-24 00:00:00,Bovinos,80272,San Sebastian,M
25289,2025-11-24 00:00:00,Bovinos,2143,San Sebastian,H
25290,2025-11-24 00:00:00,Bovinos,2036,San Sebastian,H
25291,2025-11-24 00:00:00,Bovinos,0330A,San Sebastian,M
25292,2025-11-28 00:00:00,Bovinos,22144,San Sebastian,H
25293,2025-11-28 00:00:00,Bovinos,20334,San Sebastian,M
25294,2025-12-03 00:00:00,Bovinos,0321,San Sebastian,M
25295,2025-12-05 00:00:00,Bovinos,2093,San Sebastian,H
25296,2025-12-08 00:00:00,Bovinos,0101,San Sebastian,M
25299,2025-12-08 00:00:00,Bovinos,2024,San Sebastian,M
25300,2025-12-08 00:00:00,Bovinos,2034,San Sebastian,M
25301,2025-12-11 00:00:00,Bovinos,3108,San Sebastian,M
25302,2025-12-11 00:00:00,Bovinos,4076,San Sebastian,H
25303,2025-12-11 00:00:00,Bovinos,9121,San Sebastian,M
25304,2025-12-11 00:00:00,Bovinos,0348,San Sebastian,M
25305,2025-12-11 00:00:00,Bovinos,4048,San Sebastian,M
25306,2025-12-14 00:00:00,Bovinos,1100A,San Sebastian,M
25307,2025-12-15 00:00:00,Bovinos,80121,San Sebastian,M
25308,2025-12-15 00:00:00,Bovinos,1078A,San Sebastian,M
25309,2025-12-15 00:00:00,Bovinos,4053,San Sebastian,H
25310,2025-12-15 00:00:00,Bovinos,2140,San Sebastian,H
25311,2025-12-15 00:00:00,Bovinos,9023,San Sebastian,M
25313,2025-12-29 00:00:00,Bovinos,0317A,San Sebastian,M
25314,2025-12-29 00:00:00,Bovinos,22161,San Sebastian,M
25315,2025-12-29 00:00:00,Bovinos,9115,San Sebastian,M
25316,2025-12-29 00:00:00,Bovinos,21391,San Sebastian,M
25317,2025-12-29 00:00:00,Bovinos,2102,San Sebastian,H
BU2533,2025-12-31 00:00:00,Bufalina,BU338,Caño Arena,M
26001,2026-01-02 00:00:00,Bovinos,22098,San Sebastian,M
26003,2026-01-02 00:00:00,Bovinos,2094A,San Sebastian,H
26005,2026-01-05 00:00:00,Bovinos,0310,San Sebastian,M
26006,2026-01-05 00:00:00,Bovinos,0143,San Sebastian,H
26007,2026-01-06 00:00:00,Bovinos,8096,San Sebastian,H
26008,2026-01-06 00:00:00,Bovinos,5092,San Sebastian,M
26009,2026-01-06 00:00:00,Bovinos,4023,San Sebastian,H
26010,2026-01-06 00:00:00,Bovinos,6008,San Sebastian,M
26011,2026-01-06 00:00:00,Bovinos,PEND41,San Sebastian,M
26012,2026-01-06 00:00:00,Bovinos,0259,San Sebastian,H
26013,2026-01-06 00:00:00,Bovinos,1310,San Sebastian,H
26014,2026-01-07 00:00:00,Bovinos,4099,San Sebastian,H
25318,2025-12-23 00:00:00,Bovinos,0332,San Sebastian,H
25319,2025-12-27 00:00:00,Bovinos,1123,San Sebastian,M
26015,2026-01-04 00:00:00,Bovinos,9503,San Sebastian,H
26016,2026-01-08 00:00:00,Bovinos,8082,San Sebastian,M
26017,2026-01-08 00:00:00,Bovinos,1501,San Sebastian,M
26018,2026-01-15 00:00:00,Bovinos,1052A,San Sebastian,M
26019,2026-01-15 00:00:00,Bovinos,9007,San Sebastian,H
26020,2026-01-17 00:00:00,Bovinos,8048,San Sebastian,M
26021,2026-01-17 00:00:00,Bovinos,8087,San Sebastian,H
26022,2026-01-17 00:00:00,Bovinos,0500,San Sebastian,H
26023,2026-01-19 00:00:00,Bovinos,22049,San Sebastian,H
26024,2026-01-17 00:00:00,Bovinos,4172,San Sebastian,H
26025,2026-01-18 00:00:00,Bovinos,0229,San Sebastian,H
26026,2026-01-18 00:00:00,Bovinos,0303,San Sebastian,H
26027,2026-01-18 00:00:00,Bovinos,8093,San Sebastian,M
26028,2026-01-20 00:00:00,Bovinos,22186,San Sebastian,M
26029,2026-01-20 00:00:00,Bovinos,4034,San Sebastian,M
26030,2026-01-20 00:00:00,Bovinos,0298,San Sebastian,H
26031,2026-01-25 00:00:00,Bovinos,1079,San Sebastian,M
26032,2026-01-26 00:00:00,Bovinos,9040,San Sebastian,H
26033,2026-01-27 00:00:00,Bovinos,9024,San Sebastian,M
26034,2026-01-28 00:00:00,Bovinos,0314,San Sebastian,M
26035,2026-01-29 00:00:00,Bovinos,2040,San Sebastian,M
26036,2026-01-29 00:00:00,Bovinos,809,San Sebastian,M
26037,2026-01-29 00:00:00,Bovinos,J841,San Sebastian,M
26038,2026-01-29 00:00:00,Bovinos,1073,San Sebastian,H
26040,2026-02-02 00:00:00,Bovinos,2109,San Sebastian,M
26041,2026-02-04 00:00:00,Bovinos,91262,San Sebastian,H
26042,2026-02-04 00:00:00,Bovinos,0322,San Sebastian,H
26043,2026-02-04 00:00:00,Bovinos,2083,San Sebastian,H
26044,2026-02-06 00:00:00,Bovinos,2162,San Sebastian,H
26045,2026-02-05 00:00:00,Bovinos,2215,San Sebastian,H
26046,2026-02-06 00:00:00,Bovinos,8043,San Sebastian,H
26047,2026-02-06 00:00:00,Bovinos,5033,San Sebastian,M
26048,2026-02-06 00:00:00,Bovinos,0308,San Sebastian,H
26049,2026-02-10 00:00:00,Bovinos,2011,San Sebastian,M
26050,2026-02-10 00:00:00,Bovinos,1103,San Sebastian,H
26051,2026-02-10 00:00:00,Bovinos,22177,San Sebastian,H
26052,2026-02-10 00:00:00,Bovinos,22119,San Sebastian,H
26053,2026-02-14 00:00:00,Bovinos,2087,San Sebastian,M
26054,2026-02-14 00:00:00,Bovinos,2110,San Sebastian,H
26055,2026-02-14 00:00:00,Bovinos,0267,San Sebastian,H
26056,2026-02-14 00:00:00,Bovinos,3107,San Sebastian,M
26057,2026-02-14 00:00:00,Bovinos,j426,San Sebastian,M
26058,2026-02-14 00:00:00,Bovinos,22160,San Sebastian,H
26059,2026-02-14 00:00:00,Bovinos,2141,San Sebastian,M
26060,2026-02-15 00:00:00,Bovinos,8036,San Sebastian,H
26061,2026-02-15 00:00:00,Bovinos,2220,San Sebastian,H
26062,2026-02-17 00:00:00,Bovinos,2226,San Sebastian,H
26063,2026-02-17 00:00:00,Bovinos,2026,San Sebastian,H
BU26001,2026-02-20 00:00:00,Bufalina,BU057,Caño Arena,H
26064,2026-02-19 00:00:00,Bovinos,26064,San Sebastian,M
26068,2026-02-21 00:00:00,Bovinos,5150,San Sebastian,M
26072,2026-02-25 00:00:00,Bovinos,22117,San Sebastian,H
26074,2026-02-26 00:00:00,Bovinos,22112,San Sebastian,M
26075,2026-02-28 00:00:00,Bovinos,2088B,San Sebastian,H
26076,2026-02-28 00:00:00,Bovinos,4035,San Sebastian,H
26077,2026-02-28 00:00:00,Bovinos,2124A,San Sebastian,M
26073,2026-02-25 00:00:00,Bovinos,22085,San Sebastian,H
26079,2026-03-10 00:00:00,Bovinos,22193,San Sebastian,M
26071,2026-02-25 00:00:00,Bovinos,8014,San Sebastian,M
26080,2026-03-12 00:00:00,Bovinos,2500,San Sebastian,M
2196A,2012-07-15 00:00:00,Bovinos,,San Sebastian,H
6043,2016-07-15 00:00:00,Bovinos,,San Sebastian,H
3021A,2013-07-15 00:00:00,Bovinos,,San Sebastian,H
60286,2016-07-15 00:00:00,Bovinos,,San Sebastian,H
3003A,2013-07-15 00:00:00,Bovinos,,San Sebastian,H
2226,2012-07-15 00:00:00,Bovinos,,San Sebastian,H
7028,2017-07-15 00:00:00,Bovinos,,San Sebastian,H
2133A,2012-07-15 00:00:00,Bovinos,,San Sebastian,H
2124A,2012-07-15 00:00:00,Bovinos,,San Sebastian,H
31102,2013-07-15 00:00:00,Bovinos,,San Sebastian,H
2208A,2012-07-15 00:00:00,Bovinos,,San Sebastian,H
BU26002,2026-06-22 00:00:00,Bufalina,BU006,Caño Arena,M
BU26003,2026-06-24 00:00:00,Bufalina,BU332,Caño Arena,H
BU26004,2026-06-28 00:00:00,Bufalina,BU324,Caño Arena,H
26177,2026-06-16 00:00:00,Bovinos,0299A,San Sebastian,M
26178,2026-06-30 00:00:00,Bovinos,4033,San Sebastian,H
26180,2026-07-20 00:00:00,Bovinos,0329,San Sebastian,M
26181,2026-07-20 00:00:00,Bovinos,0201,San Sebastian,M
26182,2026-07-22 00:00:00,Bovinos,9099,San Sebastian,M
BU26005,2026-07-26 00:00:00,Bufalina,BU351,Caño Arena,H
BU26006,2026-07-29 00:00:00,Bufalina,BU70,Caño Arena,H
26183,2026-07-29 00:00:00,Bovinos,7007,San Sebastian,H
26184,2026-07-29 00:00:00,Bovinos,1005,San Sebastian,H
26185,2026-07-30 00:00:00,Bovinos,9500,San Sebastian,M
26186,2026-07-31 00:00:00,Bovinos,6021,San Sebastian,H
26187,2026-08-09 00:00:00,Bovinos,33,San Sebastian,H
26188,2026-08-09 00:00:00,Bovinos,J425,San Sebastian,H
26189,2026-08-10 00:00:00,Bovinos,J424,San Sebastian,M
BU26007,2026-08-01 00:00:00,Bufalina,BU048,Caño Arena,M
BU26008,2026-08-04 00:00:00,Bufalina,BU329,Caño Arena,M
BU26009,2026-08-05 00:00:00,Bufalina,BU348,Caño Arena,M
BU26010,2026-08-07 00:00:00,Bufalina,BU346,Caño Arena,H
26190,2026-08-09 00:00:00,Bovinos,7077,San Sebastian,H
26191,2026-08-16 00:00:00,Bovinos,2201,San Sebastian,M
26192,2026-08-18 00:00:00,Bovinos,1084A,San Sebastian,M
BU26011,2026-08-17 00:00:00,Bufalina,BU062,Caño Arena,H
BU26012,2026-08-17 00:00:00,Bufalina,BU342,Caño Arena,M
BU26013,2026-08-18 00:00:00,Bufalina,BU340,Caño Arena,H
BU26014,2026-08-21 00:00:00,Bufalina,BU333,Caño Arena,H
BU26015,2026-08-22 00:00:00,Bufalina,BU082,Caño Arena,H
BU26016,2026-08-22 00:00:00,Bufalina,BU344,Caño Arena,M
BU26017,2026-08-25 00:00:00,Bufalina,BU106,Caño Arena,M
BU26018,2026-08-28 00:00:00,Bufalina,BU053,Caño Arena,M
25034B,2025-01-31 00:00:00,Bovinos,,San Sebastian,H
26193,2026-08-21 00:00:00,Bovinos,8045,San Sebastian,H
26194,2026-08-27 00:00:00,Bovinos,12164,San Sebastian,H
26195,2026-08-31 00:00:00,Bovinos,2021,San Sebastian,H
26196,2026-09-02 00:00:00,Bovinos,9015,San Sebastian,H
26197,2026-09-03 00:00:00,Bovinos,2148A,San Sebastian,H
26198,2026-09-08 00:00:00,Bovinos,j414,San Sebastian,M
26199,2026-09-05 00:00:00,Bovinos,5146,San Sebastian,H
26200,2026-09-09 00:00:00,Bovinos,2018,San Sebastian,M
26203,2026-09-10 00:00:00,Bovinos,1188,San Sebastian,H
26204,2026-09-09 00:00:00,Bovinos,j01415,San Sebastian,H
BU26019,2026-09-12 00:00:00,Bufalina,BU343,Caño Arena,H
9389,2012-07-15 00:00:00,Bovinos,,San Sebastian,H
6035,2016-07-15 00:00:00,Bovinos,,San Sebastian,H
2148A,2012-07-15 00:00:00,Bovinos,,San Sebastian,H
3107,2013-07-15 00:00:00,Bovinos,,San Sebastian,H
0740,2017-07-15 00:00:00,Bovinos,,San Sebastian,H
2083,2012-07-15 00:00:00,Bovinos,,San Sebastian,H
3026A,2013-07-15 00:00:00,Bovinos,,San Sebastian,H
2234,2012-07-15 00:00:00,Bovinos,,San Sebastian,H
4007,2014-07-15 00:00:00,Bovinos,,San Sebastian,H
2050,2012-07-15 00:00:00,Bovinos,,San Sebastian,H
4101,2014-07-15 00:00:00,Bovinos,,San Sebastian,H
3750,2013-07-15 00:00:00,Bovinos,,San Sebastian,H
2047,2012-07-15 00:00:00,Bovinos,,San Sebastian,H
5033,2015-07-15 00:00:00,Bovinos,,San Sebastian,H
6011,2016-07-15 00:00:00,Bovinos,,San Sebastian,H
4087,2014-07-15 00:00:00,Bovinos,,San Sebastian,H
4151,2014-07-15 00:00:00,Bovinos,,San Sebastian,H
2094A,2012-07-15 00:00:00,Bovinos,,San Sebastian,H
3024A,2013-07-15 00:00:00,Bovinos,,San Sebastian,H
2219,2012-07-15 00:00:00,Bovinos,,San Sebastian,H
4055,2014-07-15 00:00:00,Bovinos,,San Sebastian,H
2063A,2012-07-15 00:00:00,Bovinos,,San Sebastian,H
1015,2011-07-15 00:00:00,Bovinos,,San Sebastian,H
2149A,2012-07-15 00:00:00,Bovinos,,San Sebastian,H
5679,2015-07-15 00:00:00,Bovinos,,San Sebastian,H
7083,2017-07-15 00:00:00,Bovinos,,San Sebastian,H
0128,2015-07-15 00:00:00,Bovinos,,San Sebastian,H
4018,2014-07-15 00:00:00,Bovinos,,San Sebastian,H
50741,2015-07-15 00:00:00,Bovinos,,San Sebastian,H
5144,2015-07-15 00:00:00,Bovinos,,San Sebastian,H
3066B,2013-07-15 00:00:00,Bovinos,,San Sebastian,H
6021,2016-07-15 00:00:00,Bovinos,,San Sebastian,H
EMB 2,2015-07-15 00:00:00,Bovinos,,San Sebastian,H
0500,2010-07-15 00:00:00,Bovinos,,San Sebastian,H
21391,2021-07-15 00:00:00,Bovinos,,San Sebastian,H
2143A,2022-07-15 00:00:00,Bovinos,,San Sebastian,H
22160,2022-07-15 00:00:00,Bovinos,,San Sebastian,H
0132,2012-07-15 00:00:00,Bovinos,,San Sebastian,H
4075,2014-07-15 00:00:00,Bovinos,,San Sebastian,H
2073,2012-07-15 00:00:00,Bovinos,,San Sebastian,H
3043,2013-07-15 00:00:00,Bovinos,,San Sebastian,H
2209A,2012-07-15 00:00:00,Bovinos,,San Sebastian,H
3119,2013-07-15 00:00:00,Bovinos,,San Sebastian,H
8036,2018-07-15 00:00:00,Bovinos,,San Sebastian,H
2096,2012-07-15 00:00:00,Bovinos,,San Sebastian,H
10391,2011-07-15 00:00:00,Bovinos,,San Sebastian,H
1056A,2011-07-15 00:00:00,Bovinos,,San Sebastian,H
1077A,2011-07-15 00:00:00,Bovinos,,San Sebastian,H
1090A,2011-07-15 00:00:00,Bovinos,,San Sebastian,H
1091A,2011-07-15 00:00:00,Bovinos,,San Sebastian,H
26098,2026-03-27 00:00:00,Bovinos,2234,San Sebastian,M
26100,2026-04-01 00:00:00,Bovinos,4141,San Sebastian,H
26101,2026-04-03 00:00:00,Bovinos,2202,San Sebastian,H
26102,2026-04-06 00:00:00,Bovinos,1066A,San Sebastian,H
26103,2026-04-06 00:00:00,Bovinos,2090A,San Sebastian,M
26104,2026-04-07 00:00:00,Bovinos,5052,San Sebastian,M
26105,2026-04-07 00:00:00,Bovinos,8030,San Sebastian,H
26106,2026-04-07 00:00:00,Bovinos,1004,San Sebastian,M
26107,2026-04-10 00:00:00,Bovinos,2218,San Sebastian,H
26108,2026-04-10 00:00:00,Bovinos,2066,San Sebastian,M
26111,2026-03-29 00:00:00,Bovinos,80472,San Sebastian,H
26109,2026-04-11 00:00:00,Bovinos,91242,San Sebastian,M
26110,2026-04-11 00:00:00,Bovinos,8079,San Sebastian,M
26112,2026-04-11 00:00:00,Bovinos,6031,San Sebastian,M
2613,2026-04-11 00:00:00,Bovinos,0326,San Sebastian,H
26114,2026-04-15 00:00:00,Bovinos,91091,San Sebastian,M
26113,2026-04-12 00:00:00,Bovinos,0326,San Sebastian,H
26115,2026-04-16 00:00:00,Bovinos,22116,San Sebastian,M
26116,2026-04-16 00:00:00,Bovinos,22151,San Sebastian,H
26117,2026-04-21 00:00:00,Bovinos,5098,San Sebastian,H
26118,2026-04-21 00:00:00,Bovinos,1117,San Sebastian,M
26119,2026-04-21 00:00:00,Bovinos,1017A,San Sebastian,M
26120,2026-04-21 00:00:00,Bovinos,22142,San Sebastian,H
26121,2026-04-21 00:00:00,Bovinos,3027A,San Sebastian,M
26122,2026-04-21 00:00:00,Bovinos,7061,San Sebastian,H
26123,2026-04-21 00:00:00,Bovinos,2145,San Sebastian,M
261024,2026-04-22 00:00:00,Bovinos,4087,San Sebastian,M
26125,2026-04-24 00:00:00,Bovinos,0132,San Sebastian,M
26126,2026-04-24 00:00:00,Bovinos,8028,San Sebastian,H
26127,2026-04-24 00:00:00,Bovinos,22189,San Sebastian,M
26124,2026-04-22 00:00:00,Bovinos,4087,San Sebastian,M
26128,2026-04-28 00:00:00,Bovinos,0294,San Sebastian,H
26129,2026-04-30 00:00:00,Bovinos,3132,San Sebastian,M
26130,2026-05-02 00:00:00,Bovinos,35,San Sebastian,M
26131,2026-05-02 00:00:00,Bovinos,23001,San Sebastian,M
26132,2026-05-02 00:00:00,Bovinos,3024A,San Sebastian,M
26133,2026-05-02 00:00:00,Bovinos,8037,San Sebastian,M
26134,2026-05-04 00:00:00,Bovinos,23016,San Sebastian,M
26135,2026-05-04 00:00:00,Bovinos,0343,San Sebastian,H
26136,2026-05-04 00:00:00,Bovinos,1091A,San Sebastian,M
26137,2026-05-04 00:00:00,Bovinos,6070,San Sebastian,H
26138,2026-05-06 00:00:00,Bovinos,8033,San Sebastian,M
26139,2026-05-07 00:00:00,Bovinos,0354,San Sebastian,H
26140,2026-05-07 00:00:00,Bovinos,0291,San Sebastian,M
26141,2026-05-07 00:00:00,Bovinos,0350,San Sebastian,H
26142,2026-05-08 00:00:00,Bovinos,23006,San Sebastian,H
26143,2026-05-08 00:00:00,Bovinos,2072,San Sebastian,M
26144,2026-05-12 00:00:00,Bovinos,8011,San Sebastian,H
26145,2026-05-13 00:00:00,Bovinos,J415,San Sebastian,H
26146,2026-05-13 00:00:00,Bovinos,9014,San Sebastian,H
26147,2026-05-13 00:00:00,Bovinos,0311,San Sebastian,M
26148,2026-05-13 00:00:00,Bovinos,22149,San Sebastian,H
26149,2026-05-13 00:00:00,Bovinos,2019,San Sebastian,H
26150,2026-05-16 00:00:00,Bovinos,2073,San Sebastian,H
26151,2026-05-16 00:00:00,Bovinos,23022,San Sebastian,H
26152,2026-05-20 00:00:00,Bovinos,22126,San Sebastian,H
26153,2026-05-21 00:00:00,Bovinos,8086,San Sebastian,M
26154,2026-05-21 00:00:00,Bovinos,10431,San Sebastian,M
26155,2026-05-21 00:00:00,Bovinos,0344,San Sebastian,M
26156,2026-05-27 00:00:00,Bovinos,0202,San Sebastian,M
26157,2026-05-27 00:00:00,Bovinos,23036,San Sebastian,H
26158,2026-05-29 00:00:00,Bovinos,7080,San Sebastian,M
26159,2026-05-29 00:00:00,Bovinos,7072,San Sebastian,M
26160,2026-05-29 00:00:00,Bovinos,9058,San Sebastian,H
26161,2026-05-29 00:00:00,Bovinos,7066,San Sebastian,H
26089,2026-03-03 00:00:00,Bovinos,22105,San Sebastian,M
26164,2026-05-31 00:00:00,Bovinos,23033,San Sebastian,M
26162,2026-06-01 00:00:00,Bovinos,1053A,San Sebastian,H
26163,2026-06-01 00:00:00,Bovinos,0274,San Sebastian,M
26168,2026-06-03 00:00:00,Bovinos,9051,San Sebastian,M
26165,2026-06-03 00:00:00,Bovinos,7087,San Sebastian,M
26166,2026-06-03 00:00:00,Bovinos,1074,San Sebastian,M
26167,2026-06-03 00:00:00,Bovinos,9011,San Sebastian,M
26174,2026-06-11 00:00:00,Bovinos,0299C,San Sebastian,M
26169,2026-06-14 00:00:00,Bovinos,22216,San Sebastian,H
26170,2026-06-14 00:00:00,Bovinos,2047,San Sebastian,H
26171,2026-06-15 00:00:00,Bovinos,5076,San Sebastian,M
26172,2026-06-15 00:00:00,Bovinos,0139,San Sebastian,H
26173,2026-06-15 00:00:00,Bovinos,5079,San Sebastian,M
26175,2026-06-16 00:00:00,Bovinos,0205,San Sebastian,M
26176,2026-06-17 00:00:00,Bovinos,2203,San Sebastian,H
26081,2026-03-15 00:00:00,Bovinos,0226,San Sebastian,H
26082,2026-03-15 00:00:00,Bovinos,2208A,San Sebastian,H
26083,2026-03-15 00:00:00,Bovinos,8051,San Sebastian,H
26084,2026-03-17 00:00:00,Bovinos,0220,San Sebastian,H
26085,2026-03-17 00:00:00,Bovinos,31102,San Sebastian,H
26086,2026-03-17 00:00:00,Bovinos,50741,San Sebastian,H
26087,2026-03-18 00:00:00,Bovinos,91171,San Sebastian,H
26088,2026-03-18 00:00:00,Bovinos,20971,San Sebastian,M
26090,2026-03-20 00:00:00,Bovinos,22139,San Sebastian,M
26091,2026-03-20 00:00:00,Bovinos,2002,San Sebastian,H
26092,2026-03-23 00:00:00,Bovinos,2171,San Sebastian,H
26093,2026-03-23 00:00:00,Bovinos,2050,San Sebastian,H
26094,2026-03-23 00:00:00,Bovinos,0305,San Sebastian,H
26095,2026-03-23 00:00:00,Bovinos,8089,San Sebastian,H
26096,2026-03-24 00:00:00,Bovinos,22180,San Sebastian,M
26097,2026-03-24 00:00:00,Bovinos,0355,San Sebastian,H
1112A,2011-07-15 00:00:00,Bovinos,,San Sebastian,H
1117,2011-07-15 00:00:00,Bovinos,,San Sebastian,H
1128,2011-07-15 00:00:00,Bovinos,,San Sebastian,H
2072,2012-07-15 00:00:00,Bovinos,,San Sebastian,H
2224,2012-07-15 00:00:00,Bovinos,,San Sebastian,H
3015,2013-07-15 00:00:00,Bovinos,,San Sebastian,H
3028A,2013-07-15 00:00:00,Bovinos,,San Sebastian,H
3178,2013-07-15 00:00:00,Bovinos,,San Sebastian,H
40072,2014-07-15 00:00:00,Bovinos,,San Sebastian,H
4008,2014-07-15 00:00:00,Bovinos,,San Sebastian,H
4023,2014-07-15 00:00:00,Bovinos,,San Sebastian,H
4033,2014-07-15 00:00:00,Bovinos,,San Sebastian,H
4053,2014-07-15 00:00:00,Bovinos,,San Sebastian,H
4066,2014-07-15 00:00:00,Bovinos,,San Sebastian,H
4076,2014-07-15 00:00:00,Bovinos,,San Sebastian,H
4078,2014-07-15 00:00:00,Bovinos,,San Sebastian,H
4099,2014-07-15 00:00:00,Bovinos,,San Sebastian,H
4100,2014-07-15 00:00:00,Bovinos,,San Sebastian,H
4109,2014-07-15 00:00:00,Bovinos,,San Sebastian,H
4141,2014-07-15 00:00:00,Bovinos,,San Sebastian,H
4172,2014-07-15 00:00:00,Bovinos,,San Sebastian,H
5007,2015-07-15 00:00:00,Bovinos,,San Sebastian,H
50501,2015-07-15 00:00:00,Bovinos,,San Sebastian,H
5052,2015-07-15 00:00:00,Bovinos,,San Sebastian,H
5060,2015-07-15 00:00:00,Bovinos,,San Sebastian,H
5076,2015-07-15 00:00:00,Bovinos,,San Sebastian,H
5077,2015-07-15 00:00:00,Bovinos,,San Sebastian,H
5082,2015-07-15 00:00:00,Bovinos,,San Sebastian,H
5090,2015-07-15 00:00:00,Bovinos,,San Sebastian,H
5092,2015-07-15 00:00:00,Bovinos,,San Sebastian,H
5150,2015-07-15 00:00:00,Bovinos,,San Sebastian,H
6008,2016-07-15 00:00:00,Bovinos,,San Sebastian,H
6031,2016-07-15 00:00:00,Bovinos,,San Sebastian,H
6070,2016-07-15 00:00:00,Bovinos,,San Sebastian,H
7012,2017-07-15 00:00:00,Bovinos,,San Sebastian,H
7059,2017-07-15 00:00:00,Bovinos,,San Sebastian,H
7067,2017-07-15 00:00:00,Bovinos,,San Sebastian,H
7074,2017-07-15 00:00:00,Bovinos,,San Sebastian,H
7076,2017-07-15 00:00:00,Bovinos,,San Sebastian,H
7077,2017-07-15 00:00:00,Bovinos,,San Sebastian,H
7080,2017-07-15 00:00:00,Bovinos,,San Sebastian,H
7087,2017-07-15 00:00:00,Bovinos,,San Sebastian,H
7092,2017-07-15 00:00:00,Bovinos,,San Sebastian,H
8046,2018-07-15 00:00:00,Bovinos,,San Sebastian,H
8051,2018-07-15 00:00:00,Bovinos,,San Sebastian,H
8067,2018-07-15 00:00:00,Bovinos,,San Sebastian,H
8089,2018-07-15 00:00:00,Bovinos,,San Sebastian,H
8094,2018-07-15 00:00:00,Bovinos,,San Sebastian,H
9045,2019-07-15 00:00:00,Bovinos,,San Sebastian,H
9046,2019-07-15 00:00:00,Bovinos,,San Sebastian,H
9047,2019-07-15 00:00:00,Bovinos,,San Sebastian,H
21027,2012-07-15 00:00:00,Bovinos,,San Sebastian,H
0018,2012-07-15 00:00:00,Bovinos,,San Sebastian,H
0143,2012-07-15 00:00:00,Bovinos,,San Sebastian,H
EMB 3,2015-07-15 00:00:00,Bovinos,,San Sebastian,H
5013,2015-07-15 00:00:00,Bovinos,,San Sebastian,H
9100,2019-07-15 00:00:00,Bovinos,,San Sebastian,H
8014,2018-07-15 00:00:00,Bovinos,,San Sebastian,H
9007,2019-07-15 00:00:00,Bovinos,,San Sebastian,H
4A,2012-07-15 00:00:00,Bovinos,,San Sebastian,H
1078A,2015-07-15 00:00:00,Bovinos,,San Sebastian,H
2090A,2012-07-15 00:00:00,Bovinos,,San Sebastian,H
3027A,2013-07-15 00:00:00,Bovinos,,San Sebastian,H
3132,2013-07-15 00:00:00,Bovinos,,San Sebastian,H
4034,2014-07-15 00:00:00,Bovinos,,San Sebastian,H
6020,2016-07-15 00:00:00,Bovinos,,San Sebastian,H
8096,2018-07-15 00:00:00,Bovinos,,San Sebastian,H
9219,2019-07-15 00:00:00,Bovinos,,San Sebastian,H
12164,2012-07-15 00:00:00,Bovinos,,San Sebastian,H
20334,2012-07-15 00:00:00,Bovinos,,San Sebastian,H
6067,2016-07-15 00:00:00,Bovinos,,San Sebastian,H
4035,2014-07-15 00:00:00,Bovinos,,San Sebastian,H
1095A,2011-07-15 00:00:00,Bovinos,,San Sebastian,H
8072,2018-07-15 00:00:00,Bovinos,,San Sebastian,H
30212,2018-07-15 00:00:00,Bovinos,,San Sebastian,H
5030,2015-07-15 00:00:00,Bovinos,,San Sebastian,H
5098,2015-07-15 00:00:00,Bovinos,,San Sebastian,H
5146,2015-07-15 00:00:00,Bovinos,,San Sebastian,H
6028,2016-07-15 00:00:00,Bovinos,,San Sebastian,H
6037,2016-07-15 00:00:00,Bovinos,,San Sebastian,H
6050,2016-07-15 00:00:00,Bovinos,,San Sebastian,H
7022,2017-07-15 00:00:00,Bovinos,,San Sebastian,H
7032,2017-07-15 00:00:00,Bovinos,,San Sebastian,H
7033,2017-07-15 00:00:00,Bovinos,,San Sebastian,H
7061,2017-07-15 00:00:00,Bovinos,,San Sebastian,H
7072,2017-07-15 00:00:00,Bovinos,,San Sebastian,H
8005,2018-07-15 00:00:00,Bovinos,,San Sebastian,H
8010,2018-07-15 00:00:00,Bovinos,,San Sebastian,H
80121,2018-07-15 00:00:00,Bovinos,,San Sebastian,H
8026,2018-07-15 00:00:00,Bovinos,,San Sebastian,H
80272,2018-07-15 00:00:00,Bovinos,,San Sebastian,H
8028,2018-07-15 00:00:00,Bovinos,,San Sebastian,H
8030,2018-07-15 00:00:00,Bovinos,,San Sebastian,H
8033,2018-07-15 00:00:00,Bovinos,,San Sebastian,H
8037,2018-07-15 00:00:00,Bovinos,,San Sebastian,H
8041,2018-07-15 00:00:00,Bovinos,,San Sebastian,H
8043,2018-07-15 00:00:00,Bovinos,,San Sebastian,H
8045,2018-07-15 00:00:00,Bovinos,,San Sebastian,H
8048,2018-07-15 00:00:00,Bovinos,,San Sebastian,H
8050,2018-07-15 00:00:00,Bovinos,,San Sebastian,H
0349,2020-07-15 00:00:00,Bovinos,,San Sebastian,H
0352,2020-07-15 00:00:00,Bovinos,,San Sebastian,H
0353,2020-07-15 00:00:00,Bovinos,,San Sebastian,H
0354,2020-07-15 00:00:00,Bovinos,,San Sebastian,H
0355,2020-07-15 00:00:00,Bovinos,,San Sebastian,H
20,2018-07-15 00:00:00,Bovinos,,San Sebastian,H
1188,2021-07-15 00:00:00,Bovinos,,San Sebastian,H
2040,2022-07-15 00:00:00,Bovinos,,San Sebastian,H
1109B,2021-07-15 00:00:00,Bovinos,,San Sebastian,H
2035A,2022-07-15 00:00:00,Bovinos,,San Sebastian,H
2063B,2022-07-15 00:00:00,Bovinos,,San Sebastian,H
1132,2021-07-15 00:00:00,Bovinos,,San Sebastian,H
0271,2020-07-15 00:00:00,Bovinos,,San Sebastian,H
1084A,2021-07-15 00:00:00,Bovinos,,San Sebastian,H
1017A,2021-07-15 00:00:00,Bovinos,,San Sebastian,H
2061,2020-07-15 00:00:00,Bovinos,,San Sebastian,H
9020,2019-07-15 00:00:00,Bovinos,,San Sebastian,H
2002,2022-07-15 00:00:00,Bovinos,,San Sebastian,H
1102,2021-07-15 00:00:00,Bovinos,,San Sebastian,H
1053A,2021-07-15 00:00:00,Bovinos,,San Sebastian,H
1043A,2021-07-15 00:00:00,Bovinos,,San Sebastian,H
0274,2020-07-15 00:00:00,Bovinos,,San Sebastian,H
1052A,2021-07-15 00:00:00,Bovinos,,San Sebastian,H
1100A,2021-07-15 00:00:00,Bovinos,,San Sebastian,H
1004,2021-07-15 00:00:00,Bovinos,,San Sebastian,H
9023,2019-07-15 00:00:00,Bovinos,,San Sebastian,H
1032,2021-07-15 00:00:00,Bovinos,,San Sebastian,H
1005,2021-07-15 00:00:00,Bovinos,,San Sebastian,H
0332,2020-07-15 00:00:00,Bovinos,,San Sebastian,H
80472,2018-07-15 00:00:00,Bovinos,,San Sebastian,H
1079,2021-07-15 00:00:00,Bovinos,,San Sebastian,H
2037,2020-07-15 00:00:00,Bovinos,,San Sebastian,H
0298,2020-07-15 00:00:00,Bovinos,,San Sebastian,H
2064,2022-07-15 00:00:00,Bovinos,,San Sebastian,H
2203,2022-07-15 00:00:00,Bovinos,,San Sebastian,H
2052,2022-07-15 00:00:00,Bovinos,,San Sebastian,H
2039,2022-07-15 00:00:00,Bovinos,,San Sebastian,H
1023,2021-07-15 00:00:00,Bovinos,,San Sebastian,H
2087,2022-07-15 00:00:00,Bovinos,,San Sebastian,H
1065,2021-07-15 00:00:00,Bovinos,,San Sebastian,H
1100B,2021-07-15 00:00:00,Bovinos,,San Sebastian,H
2024,2022-07-15 00:00:00,Bovinos,,San Sebastian,H
1104A,2021-07-15 00:00:00,Bovinos,,San Sebastian,H
2202,2022-07-15 00:00:00,Bovinos,,San Sebastian,H
1103,2021-07-15 00:00:00,Bovinos,,San Sebastian,H
2034,2022-07-15 00:00:00,Bovinos,,San Sebastian,H
2062,2012-07-15 00:00:00,Bovinos,,San Sebastian,H
7066,2017-07-15 00:00:00,Bovinos,,San Sebastian,H
7007,2017-07-15 00:00:00,Bovinos,,San Sebastian,H
4048,2014-07-15 00:00:00,Bovinos,,San Sebastian,H
2080,2012-07-15 00:00:00,Bovinos,,San Sebastian,H
8063,2018-07-15 00:00:00,Bovinos,,San Sebastian,H
5079,2015-07-15 00:00:00,Bovinos,,San Sebastian,H
1109A,2011-07-15 00:00:00,Bovinos,,San Sebastian,H
2097,2012-07-15 00:00:00,Bovinos,,San Sebastian,H
4072,2014-07-15 00:00:00,Bovinos,,San Sebastian,H
3108,2013-07-15 00:00:00,Bovinos,,San Sebastian,H
1139A,2011-07-15 00:00:00,Bovinos,,San Sebastian,H
1066A,2011-07-15 00:00:00,Bovinos,,San Sebastian,H
2180A,2012-07-15 00:00:00,Bovinos,,San Sebastian,H
1168,2011-07-15 00:00:00,Bovinos,,San Sebastian,H
0139,2010-07-15 00:00:00,Bovinos,,San Sebastian,H
80882,2018-07-15 00:00:00,Bovinos,,San Sebastian,H
2220,2012-07-15 00:00:00,Bovinos,,San Sebastian,H
8017,2018-07-15 00:00:00,Bovinos,,San Sebastian,H
7017,2017-07-15 00:00:00,Bovinos,,San Sebastian,H
2088B,2022-07-15 00:00:00,Bovinos,,San Sebastian,H
1097B,2021-07-15 00:00:00,Bovinos,,San Sebastian,H
2095,2022-07-15 00:00:00,Bovinos,,San Sebastian,H
2201,2022-07-15 00:00:00,Bovinos,,San Sebastian,H
2109,2022-07-15 00:00:00,Bovinos,,San Sebastian,H
2110,2022-07-15 00:00:00,Bovinos,,San Sebastian,H
2111,2022-07-15 00:00:00,Bovinos,,San Sebastian,H
2103,2022-07-15 00:00:00,Bovinos,,San Sebastian,H
2108,2022-07-15 00:00:00,Bovinos,,San Sebastian,H
22098,2022-07-15 00:00:00,Bovinos,,San Sebastian,H
2093,2022-07-15 00:00:00,Bovinos,,San Sebastian,H
2215,2022-07-15 00:00:00,Bovinos,,San Sebastian,H
1088A,2021-07-15 00:00:00,Bovinos,,San Sebastian,H
2107,2022-07-15 00:00:00,Bovinos,,San Sebastian,H
2023,2022-07-15 00:00:00,Bovinos,,San Sebastian,H
2200,2022-07-15 00:00:00,Bovinos,,San Sebastian,H
2102,2022-07-15 00:00:00,Bovinos,,San Sebastian,H
1091,2021-07-15 00:00:00,Bovinos,,San Sebastian,H
2026,2022-07-15 00:00:00,Bovinos,,San Sebastian,H
20971,2022-07-15 00:00:00,Bovinos,,San Sebastian,H
2030,2022-07-15 00:00:00,Bovinos,,San Sebastian,H
2059,2022-07-15 00:00:00,Bovinos,,San Sebastian,H
2036,2022-07-15 00:00:00,Bovinos,,San Sebastian,H
BU048,2022-07-15 00:00:00,Bufalina,,San Sebastian,H
BU320,2010-07-15 00:00:00,Bufalina,,San Sebastian,H
BU076,2022-07-15 00:00:00,Bufalina,,San Sebastian,H
BU082,2022-07-15 00:00:00,Bufalina,,San Sebastian,H
BU318,2022-07-15 00:00:00,Bufalina,,San Sebastian,H
0305,2020-07-15 00:00:00,Bovinos,,San Sebastian,H
0313,2020-07-15 00:00:00,Bovinos,,San Sebastian,H
0306,2020-07-15 00:00:00,Bovinos,,San Sebastian,H
9115,2019-07-15 00:00:00,Bovinos,,San Sebastian,H
1501,2015-07-15 00:00:00,Bovinos,,San Sebastian,H
0307,2020-07-15 00:00:00,Bovinos,,San Sebastian,H
0308,2020-07-15 00:00:00,Bovinos,,San Sebastian,H
0311,2020-07-15 00:00:00,Bovinos,,San Sebastian,H
0317A,2020-07-15 00:00:00,Bovinos,,San Sebastian,H
0312,2020-07-15 00:00:00,Bovinos,,San Sebastian,H
9500,2019-07-15 00:00:00,Bovinos,,San Sebastian,H
9501,2019-07-15 00:00:00,Bovinos,,San Sebastian,H
2500,2020-07-15 00:00:00,Bovinos,,San Sebastian,H
9503,2019-07-15 00:00:00,Bovinos,,San Sebastian,H
0303,2020-07-15 00:00:00,Bovinos,,San Sebastian,H
0304,2020-07-15 00:00:00,Bovinos,,San Sebastian,H
9502,2019-07-15 00:00:00,Bovinos,,San Sebastian,H
0310,2020-07-15 00:00:00,Bovinos,,San Sebastian,H
0314,2020-07-15 00:00:00,Bovinos,,San Sebastian,H
0302,2020-07-15 00:00:00,Bovinos,,San Sebastian,H
BU331,2010-07-15 00:00:00,Bufalina,,San Sebastian,H
BU106,2010-07-15 00:00:00,Bufalina,,San Sebastian,H
BU053,2010-07-15 00:00:00,Bufalina,,San Sebastian,H
BU347,2010-07-15 00:00:00,Bufalina,,San Sebastian,H
BU349,2010-07-15 00:00:00,Bufalina,,San Sebastian,H
BU062,2010-07-15 00:00:00,Bufalina,,San Sebastian,H
BU346,2010-07-15 00:00:00,Bufalina,,San Sebastian,H
BU348,2010-07-15 00:00:00,Bufalina,,San Sebastian,H
BU036,2010-07-15 00:00:00,Bufalina,,San Sebastian,H
BU344,2010-07-15 00:00:00,Bufalina,,San Sebastian,H
BU351,2010-07-15 00:00:00,Bufalina,,San Sebastian,H
BU345,2010-07-15 00:00:00,Bufalina,,San Sebastian,H
BU338,2010-07-15 00:00:00,Bufalina,,San Sebastian,H
BU335,2010-07-15 00:00:00,Bufalina,,San Sebastian,H
BU324,2022-07-15 00:00:00,Bufalina,,San Sebastian,H
BU316,2020-07-15 00:00:00,Bufalina,,San Sebastian,H
BU004,2020-07-15 00:00:00,Bufalina,,San Sebastian,H
BU006,2019-07-15 00:00:00,Bufalina,,San Sebastian,H
0320,2020-07-15 00:00:00,Bovinos,,San Sebastian,H
0350,2020-07-15 00:00:00,Bovinos,,San Sebastian,H
30,2020-07-15 00:00:00,Bovinos,,San Sebastian,H
34,2020-07-15 00:00:00,Bovinos,,San Sebastian,H
8006,2018-07-15 00:00:00,Bovinos,,San Sebastian,H
31,2020-07-15 00:00:00,Bovinos,,San Sebastian,H
1015A,2021-07-15 00:00:00,Bovinos,,San Sebastian,H
2096A,2022-07-15 00:00:00,Bovinos,,San Sebastian,H
2218,2022-07-15 00:00:00,Bovinos,,San Sebastian,H
22049,2022-07-15 00:00:00,Bovinos,,San Sebastian,H
8019,2018-07-15 00:00:00,Bovinos,,San Sebastian,H
EMB 5,2015-07-15 00:00:00,Bovinos,,San Sebastian,H
9,2011-07-15 00:00:00,Bovinos,,San Sebastian,H
35,2020-07-15 00:00:00,Bovinos,,San Sebastian,H
22169A,2022-07-15 00:00:00,Bovinos,,San Sebastian,H
22221,2022-03-15 00:00:00,Bovinos,,San Sebastian,H
22171,2022-03-15 00:00:00,Bovinos,,San Sebastian,H
BU337,2010-07-15 00:00:00,Bufalina,,San Sebastian,H
BU019,2010-07-15 00:00:00,Bufalina,,San Sebastian,H
BU329,2010-07-15 00:00:00,Bufalina,,San Sebastian,H
BU340,2010-07-15 00:00:00,Bufalina,,San Sebastian,H
BU057,2010-07-15 00:00:00,Bufalina,,San Sebastian,H
BU343,2010-07-15 00:00:00,Bufalina,,San Sebastian,H
BU333,2010-07-15 00:00:00,Bufalina,,San Sebastian,H
BU342,2010-07-15 00:00:00,Bufalina,,San Sebastian,H
BU339,2010-07-15 00:00:00,Bufalina,,San Sebastian,H
BU035,2010-07-15 00:00:00,Bufalina,,San Sebastian,H
BU334,2010-07-15 00:00:00,Bufalina,,San Sebastian,H
BU341,2010-07-15 00:00:00,Bufalina,,San Sebastian,H
1096,2021-07-15 00:00:00,Bovinos,,San Sebastian,H
1094,2021-07-15 00:00:00,Bovinos,,San Sebastian,H
9067,2019-07-15 00:00:00,Bovinos,,San Sebastian,H
2051,2022-02-15 00:00:00,Bovinos,,San Sebastian,H
8032,2018-02-15 00:00:00,Bovinos,,San Sebastian,H
9035,2018-03-15 00:00:00,Bovinos,,San Sebastian,H
0102,2020-07-15 00:00:00,Bovinos,,San Sebastian,H
9118,2019-08-15 00:00:00,Bovinos,,San Sebastian,H
0114,2020-06-15 00:00:00,Bovinos,,San Sebastian,H
0233,2020-11-15 00:00:00,Bovinos,,San Sebastian,H
9042,2019-02-15 00:00:00,Bovinos,,San Sebastian,H
8059,2018-03-15 00:00:00,Bovinos,,San Sebastian,H
213,2021-01-15 00:00:00,Bovinos,,San Sebastian,H
7004,2017-01-15 00:00:00,Bovinos,,San Sebastian,H
9032,2019-02-15 00:00:00,Bovinos,,San Sebastian,H
32,2021-01-15 00:00:00,Bovinos,,San Sebastian,H
9036,2019-03-15 00:00:00,Bovinos,,San Sebastian,H
9137,2019-07-15 00:00:00,Bovinos,,San Sebastian,H
8003,2018-04-15 00:00:00,Bovinos,,San Sebastian,H
7038,2018-03-15 00:00:00,Bovinos,,San Sebastian,H
8066,2018-03-15 00:00:00,Bovinos,,San Sebastian,H
0204,2020-10-15 00:00:00,Bovinos,,San Sebastian,H
1161,2021-06-15 00:00:00,Bovinos,,San Sebastian,H
3084,2013-03-15 00:00:00,Bovinos,,San Sebastian,H
4057,2014-03-15 00:00:00,Bovinos,,San Sebastian,H
4043,2014-03-15 00:00:00,Bovinos,,San Sebastian,H
3104,2014-03-15 00:00:00,Bovinos,,San Sebastian,H
9018B,2013-03-15 00:00:00,Bovinos,,San Sebastian,H
6025,2016-03-15 00:00:00,Bovinos,,San Sebastian,H
2,2014-06-15 00:00:00,Bovinos,,San Sebastian,H
2093A,2012-03-15 00:00:00,Bovinos,,San Sebastian,H
8002,2018-01-01 00:00:00,Bovinos,,San Sebastian,H
8024,2018-02-15 00:00:00,Bovinos,,San Sebastian,H
6010,2016-02-15 00:00:00,Bovinos,,San Sebastian,H
7070,2017-02-15 00:00:00,Bovinos,,San Sebastian,H
8098,2018-06-15 00:00:00,Bovinos,,San Sebastian,H
7,2013-03-15 00:00:00,Bovinos,,San Sebastian,H
EMB 4,2013-03-15 00:00:00,Bovinos,,San Sebastian,H
3227,2013-07-20 00:00:00,Bovinos,,San Sebastian,H
2340,2013-06-20 00:00:00,Bovinos,,San Sebastian,H
80682,2018-03-15 00:00:00,Bovinos,,San Sebastian,H
8004,2018-03-15 00:00:00,Bovinos,,San Sebastian,H
8075,2018-03-15 00:00:00,Bovinos,,San Sebastian,H
2217,2012-01-15 00:00:00,Bovinos,,San Sebastian,H
6022,2016-03-15 00:00:00,Bovinos,,San Sebastian,H
7021,2017-03-15 00:00:00,Bovinos,,San Sebastian,H
1033A,2021-01-10 00:00:00,Bovinos,,San Sebastian,H
8013A,2018-03-15 00:00:00,Bovinos,,San Sebastian,H
80921,2018-03-15 00:00:00,Bovinos,,San Sebastian,H
8007,2018-03-15 00:00:00,Bovinos,,San Sebastian,H
9238,2019-03-15 00:00:00,Bovinos,,San Sebastian,H
05,2020-03-15 00:00:00,Bovinos,,San Sebastian,H
4143,2014-03-15 00:00:00,Bovinos,,San Sebastian,H
2177A,2012-01-15 00:00:00,Bovinos,,San Sebastian,H
3038A,2013-03-15 00:00:00,Bovinos,,San Sebastian,H
6053,2016-03-15 00:00:00,Bovinos,,San Sebastian,H
60181,2016-03-15 00:00:00,Bovinos,,San Sebastian,H
14,2014-03-20 00:00:00,Bovinos,,San Sebastian,H
3093,2013-07-15 00:00:00,Bovinos,,San Sebastian,H
8088,2018-08-20 00:00:00,Bovinos,,San Sebastian,H
2079,2020-03-20 00:00:00,Bovinos,,San Sebastian,H
5072,2015-03-15 00:00:00,Bovinos,,San Sebastian,H
5062,2015-03-15 00:00:00,Bovinos,,San Sebastian,H
8097,2018-08-20 00:00:00,Bovinos,,San Sebastian,H
5035,2015-03-15 00:00:00,Bovinos,,San Sebastian,H
8018,2018-08-20 00:00:00,Bovinos,,San Sebastian,H
20337,2020-03-20 00:00:00,Bovinos,,San Sebastian,H
8084B,2018-08-20 00:00:00,Bovinos,,San Sebastian,H
4047,2014-03-20 00:00:00,Bovinos,,San Sebastian,H
0138,2020-03-20 00:00:00,Bovinos,,San Sebastian,H
2025A,2012-01-20 00:00:00,Bovinos,,San Sebastian,H
5041,2015-03-20 00:00:00,Bovinos,,San Sebastian,H
4122,2014-03-20 00:00:00,Bovinos,,San Sebastian,H
5070,2015-03-20 00:00:00,Bovinos,,San Sebastian,H
3066A,2013-03-20 00:00:00,Bovinos,,San Sebastian,H
4079,2014-03-20 00:00:00,Bovinos,,San Sebastian,H
4073,2014-03-20 00:00:00,Bovinos,,San Sebastian,H
4025,2014-03-20 00:00:00,Bovinos,,San Sebastian,H
3044A,2013-03-20 00:00:00,Bovinos,,San Sebastian,H
2143,2012-03-20 00:00:00,Bovinos,,San Sebastian,H
4095,2014-03-20 00:00:00,Bovinos,,San Sebastian,H
5010,2015-03-20 00:00:00,Bovinos,,San Sebastian,H
4065,2014-03-20 00:00:00,Bovinos,,San Sebastian,H
2028A,2012-02-20 00:00:00,Bovinos,,San Sebastian,H
2337,2012-12-20 00:00:00,Bovinos,,San Sebastian,H
2150,2012-12-20 00:00:00,Bovinos,,San Sebastian,H
2130,2012-12-20 00:00:00,Bovinos,,San Sebastian,H
3120,2013-12-20 00:00:00,Bovinos,,San Sebastian,H
2215A,2012-12-20 00:00:00,Bovinos,,San Sebastian,H
2064A,2012-12-20 00:00:00,Bovinos,,San Sebastian,H
9904,2019-01-20 00:00:00,Bovinos,,San Sebastian,H
4147,2014-01-20 00:00:00,Bovinos,,San Sebastian,H
26205,2026-09-14 00:00:00,Bovinos,9091,San Sebastian,M
26206,2026-09-14 00:00:00,Bovinos,1059,San Sebastian,H
26207,2026-09-14 00:00:00,Bovinos,1023,San Sebastian,H
26208,2026-09-16 00:00:00,Bovinos,9020,San Sebastian,M
26209,2026-09-17 00:00:00,Bovinos,4100,San Sebastian,M
26210,2026-09-19 00:00:00,Bovinos,0327,San Sebastian,H
26211,2026-09-21 00:00:00,Bovinos,2063A,San Sebastian,M
26212,2026-09-20 00:00:00,Bovinos,7017,San Sebastian,H
,,,,,
