id,fecha,idem,lts_de_leche,cc,nro_parto,fparto,dias_en_lactancia,tercio_lactancia
1,2022-12-01 00:00:00,0128,2.0,,,,,
2,2022-12-01 00:00:00,0500,3.0,,2.0,2023-05-01 00:00:00,,
3,2022-12-01 00:00:00,0740,5.0,,,,,
4,2022-12-01 00:00:00,1015,5.0,,,,,
5,2022-12-01 00:00:00,2021,6.0,,2.0,2022-11-14 00:00:00,17.0,1er tercio lactancia
6,2022-12-01 00:00:00,2047,1.0,,2.0,2023-06-11 00:00:00,,
7,2022-12-01 00:00:00,2050,3.0,,2.0,2023-05-08 00:00:00,,
8,2022-12-01 00:00:00,2063A,8.0,,2.0,2022-10-03 00:00:00,59.0,1er tercio lactancia
9,2022-12-01 00:00:00,2083,3.0,,,,,
10,2022-12-01 00:00:00,2094A,5.0,,2.0,2022-11-07 00:00:00,24.0,1er tercio lactancia
11,2022-12-01 00:00:00,2124A,5.0,,2.0,2023-05-31 00:00:00,,
12,2022-12-01 00:00:00,2133A,7.0,,1.0,2022-10-10 00:00:00,52.0,1er tercio lactancia
13,2022-12-01 00:00:00,2148A,5.0,,1.0,2022-10-06 00:00:00,56.0,1er tercio lactancia
14,2022-12-01 00:00:00,2149A,3.0,,2.0,2023-05-22 00:00:00,,
15,2022-12-01 00:00:00,2169,6.0,,2.0,2022-10-07 00:00:00,55.0,1er tercio lactancia
16,2022-12-01 00:00:00,2171,4.0,,2.0,2023-01-16 00:00:00,,
17,2022-12-01 00:00:00,2196A,5.0,,,,,
18,2022-12-01 00:00:00,2208A,8.0,,,,,
19,2022-12-01 00:00:00,2219,3.0,,,,,
20,2022-12-01 00:00:00,2226,7.0,,2.0,2022-11-07 00:00:00,24.0,1er tercio lactancia
21,2022-12-01 00:00:00,2234,4.0,,,,,
22,2022-12-01 00:00:00,3003A,3.0,,,,,
23,2022-12-01 00:00:00,3021A,12.0,,2.0,2022-10-03 00:00:00,59.0,1er tercio lactancia
24,2022-12-01 00:00:00,3024A,5.0,,2.0,2022-10-03 00:00:00,59.0,1er tercio lactancia
25,2022-12-01 00:00:00,3026A,3.0,,2.0,2022-11-21 00:00:00,10.0,1er tercio lactancia
26,2022-12-01 00:00:00,3066B,3.0,,,,,
27,2022-12-01 00:00:00,3107,3.0,,2.0,2023-05-25 00:00:00,,
28,2022-12-01 00:00:00,31102,6.0,,1.0,2022-01-16 00:00:00,319.0,4to tercio lactancia
29,2022-12-01 00:00:00,3750,2.0,,2.0,2023-02-05 00:00:00,,
30,2022-12-01 00:00:00,4007,2.0,,2.0,2022-11-22 00:00:00,9.0,1er tercio lactancia
31,2022-12-01 00:00:00,4018,3.0,,,,,
32,2022-12-01 00:00:00,4055,2.0,,,,,
33,2022-12-01 00:00:00,4079,5.0,,1.0,2022-10-19 00:00:00,43.0,1er tercio lactancia
34,2022-12-01 00:00:00,4087,5.0,,,,,
35,2022-12-01 00:00:00,4101,2.0,,,,,
36,2022-12-01 00:00:00,4147,4.0,,,,,
37,2022-12-01 00:00:00,4151,5.0,,2.0,2023-06-28 00:00:00,,
38,2022-12-01 00:00:00,4025,2.0,,1.0,2022-10-01 00:00:00,61.0,1er tercio lactancia
39,2022-12-01 00:00:00,5010,2.0,,,,,
40,2022-12-01 00:00:00,5033,4.0,,,,,
41,2022-12-01 00:00:00,5144,1.0,,1.0,2022-10-02 00:00:00,60.0,1er tercio lactancia
42,2022-12-01 00:00:00,5679,3.0,,,,,
43,2022-12-01 00:00:00,6011,2.0,,,,,
44,2022-12-01 00:00:00,6021,1.5,,,,,
45,2022-12-01 00:00:00,60286,11.0,,,,,
46,2022-12-01 00:00:00,6035,4.0,,1.0,2022-03-30 00:00:00,246.0,3er tercio lactancia
47,2022-12-01 00:00:00,6043,4.0,,,,,
48,2022-12-01 00:00:00,7028,3.0,,2.0,2023-05-22 00:00:00,,
49,2022-12-01 00:00:00,7083,6.0,,1.0,2022-03-20 00:00:00,256.0,3er tercio lactancia
50,2022-12-01 00:00:00,7087,2.0,,1.0,2022-03-29 00:00:00,247.0,3er tercio lactancia
51,2022-12-01 00:00:00,8036,1.5,,1.0,2022-11-19 00:00:00,12.0,1er tercio lactancia
52,2022-12-01 00:00:00,9389,6.0,,,,,
53,2022-12-01 00:00:00,9605,1.5,,,,,
54,2022-12-01 00:00:00,9904,2.0,,2.0,2022-11-20 00:00:00,11.0,1er tercio lactancia
55,2022-12-01 00:00:00,SNA,7.0,,2.0,2022-11-21 00:00:00,10.0,1er tercio lactancia
56,2022-12-16 00:00:00,0128,2.0,,,,,
57,2022-12-16 00:00:00,0740,5.0,,,,,
58,2022-12-16 00:00:00,1015,4.0,,,,,
59,2022-12-16 00:00:00,2021,5.0,,2.0,2022-11-14 00:00:00,32.0,1er tercio lactancia
60,2022-12-16 00:00:00,2025A,5.0,,1.0,2022-11-24 00:00:00,22.0,1er tercio lactancia
61,2022-12-16 00:00:00,2047,1.0,,2.0,2023-06-11 00:00:00,,
62,2022-12-16 00:00:00,2050,1.5,,2.0,2023-05-08 00:00:00,,
63,2022-12-16 00:00:00,2063A,5.0,,2.0,2022-10-03 00:00:00,74.0,1er tercio lactancia
64,2022-12-16 00:00:00,2083,2.0,,,,,
65,2022-12-16 00:00:00,2094A,7.0,,2.0,2022-11-07 00:00:00,39.0,1er tercio lactancia
66,2022-12-16 00:00:00,2096,4.0,,2.0,2022-12-01 00:00:00,15.0,1er tercio lactancia
67,2022-12-16 00:00:00,2124A,5.0,,2.0,2023-05-31 00:00:00,,
68,2022-12-16 00:00:00,2133A,7.0,,1.0,2022-10-10 00:00:00,67.0,1er tercio lactancia
69,2022-12-16 00:00:00,2148A,3.0,,1.0,2022-10-06 00:00:00,71.0,1er tercio lactancia
70,2022-12-16 00:00:00,2149A,4.0,,2.0,2023-05-22 00:00:00,,
71,2022-12-16 00:00:00,2169,7.0,,2.0,2022-10-07 00:00:00,70.0,1er tercio lactancia
72,2022-12-16 00:00:00,2196A,6.0,,,,,
73,2022-12-16 00:00:00,2209A,9.0,,1.0,2022-11-30 00:00:00,16.0,1er tercio lactancia
74,2022-12-16 00:00:00,3021A,10.0,,2.0,2022-10-03 00:00:00,74.0,1er tercio lactancia
75,2022-12-16 00:00:00,3024A,4.0,,2.0,2022-10-03 00:00:00,74.0,1er tercio lactancia
76,2022-12-16 00:00:00,3043,5.0,,1.0,2022-11-26 00:00:00,20.0,1er tercio lactancia
77,2022-12-16 00:00:00,3066B,2.0,,,,,
78,2022-12-16 00:00:00,3107,4.0,,2.0,2023-05-25 00:00:00,,
79,2022-12-16 00:00:00,31102,5.0,,1.0,2022-01-16 00:00:00,334.0,4to tercio lactancia
80,2022-12-16 00:00:00,4018,5.0,,,,,
81,2022-12-16 00:00:00,4055,2.0,,,,,
82,2022-12-16 00:00:00,4079,2.0,,1.0,2022-10-19 00:00:00,58.0,1er tercio lactancia
83,2022-12-16 00:00:00,4087,4.0,,,,,
84,2022-12-16 00:00:00,4025,1.0,,1.0,2022-10-01 00:00:00,76.0,1er tercio lactancia
85,2022-12-16 00:00:00,5033,4.0,,,,,
86,2022-12-16 00:00:00,5144,2.0,,1.0,2022-10-02 00:00:00,75.0,1er tercio lactancia
87,2022-12-16 00:00:00,5679,2.0,,,,,
88,2022-12-16 00:00:00,6011,3.0,,,,,
89,2022-12-16 00:00:00,60286,10.0,,,,,
90,2022-12-16 00:00:00,6035,4.0,,1.0,2022-03-30 00:00:00,261.0,3er tercio lactancia
91,2022-12-16 00:00:00,6043,3.0,,,,,
92,2022-12-16 00:00:00,7083,5.0,,1.0,2022-03-20 00:00:00,271.0,4to tercio lactancia
93,2022-12-16 00:00:00,9389,4.0,,,,,
94,2022-12-16 00:00:00,9605,2.0,,,,,
95,2022-12-16 00:00:00,9904,4.0,,2.0,2022-11-20 00:00:00,26.0,1er tercio lactancia
96,2022-12-16 00:00:00,SNA,7.0,,2.0,2022-11-21 00:00:00,25.0,1er tercio lactancia
97,2022-12-16 00:00:00,S/NB,2.0,,2.0,2022-11-30 00:00:00,16.0,1er tercio lactancia
98,2022-12-17 00:00:00,0128,2.3,,,,,
99,2022-12-17 00:00:00,0740,5.9,,,,,
100,2022-12-17 00:00:00,1015,4.3,,,,,
101,2022-12-17 00:00:00,2021,5.9,,2.0,2022-11-14 00:00:00,33.0,1er tercio lactancia
102,2022-12-17 00:00:00,2025A,5.9,,1.0,2022-11-24 00:00:00,23.0,1er tercio lactancia
103,2022-12-17 00:00:00,2050,3.2,,2.0,2023-05-08 00:00:00,,
104,2022-12-17 00:00:00,2063A,7.3,,2.0,2022-10-03 00:00:00,75.0,1er tercio lactancia
105,2022-12-17 00:00:00,2083,3.3,,,,,
106,2022-12-17 00:00:00,2094A,6.4,,2.0,2022-11-07 00:00:00,40.0,1er tercio lactancia
107,2022-12-17 00:00:00,2096,5.6,,2.0,2022-12-01 00:00:00,16.0,1er tercio lactancia
108,2022-12-17 00:00:00,2124A,4.8,,2.0,2023-05-31 00:00:00,,
109,2022-12-17 00:00:00,2133A,7.1,,1.0,2022-10-10 00:00:00,68.0,1er tercio lactancia
110,2022-12-17 00:00:00,2148A,4.0,,1.0,2022-10-06 00:00:00,72.0,1er tercio lactancia
111,2022-12-17 00:00:00,2149A,3.2,,2.0,2023-05-22 00:00:00,,
112,2022-12-17 00:00:00,2169,6.2,,2.0,2022-10-07 00:00:00,71.0,1er tercio lactancia
113,2022-12-17 00:00:00,2196A,6.9,,,,,
114,2022-12-17 00:00:00,2208A,7.1,,,,,
115,2022-12-17 00:00:00,2209A,9.3,,1.0,2022-11-30 00:00:00,17.0,1er tercio lactancia
116,2022-12-17 00:00:00,2219,3.5,,,,,
117,2022-12-17 00:00:00,2226,9.0,,2.0,2022-11-07 00:00:00,40.0,1er tercio lactancia
118,2022-12-17 00:00:00,2234,3.4,,,,,
119,2022-12-17 00:00:00,3003A,3.6,,,,,
120,2022-12-17 00:00:00,3021A,10.9,,2.0,2022-10-03 00:00:00,75.0,1er tercio lactancia
121,2022-12-17 00:00:00,3024A,3.6,,2.0,2022-10-03 00:00:00,75.0,1er tercio lactancia
122,2022-12-17 00:00:00,3026A,3.2,,2.0,2022-11-21 00:00:00,26.0,1er tercio lactancia
123,2022-12-17 00:00:00,3043,6.1,,1.0,2022-11-26 00:00:00,21.0,1er tercio lactancia
124,2022-12-17 00:00:00,3107,2.6,,2.0,2023-05-25 00:00:00,,
125,2022-12-17 00:00:00,31102,6.0,,1.0,2022-01-16 00:00:00,335.0,4to tercio lactancia
126,2022-12-17 00:00:00,4018,4.5,,,,,
127,2022-12-17 00:00:00,4055,2.8,,,,,
128,2022-12-17 00:00:00,4079,3.1,,1.0,2022-10-19 00:00:00,59.0,1er tercio lactancia
129,2022-12-17 00:00:00,4087,4.9,,,,,
130,2022-12-17 00:00:00,4101,3.5,,,,,
131,2022-12-17 00:00:00,4147,3.6,,,,,
132,2022-12-17 00:00:00,4151,5.5,,2.0,2023-06-28 00:00:00,,
133,2022-12-17 00:00:00,4025,2.0,,1.0,2022-10-01 00:00:00,77.0,1er tercio lactancia
134,2022-12-17 00:00:00,5033,2.6,,,,,
135,2022-12-17 00:00:00,5144,1.8,,1.0,2022-10-02 00:00:00,76.0,1er tercio lactancia
136,2022-12-17 00:00:00,5679,2.5,,,,,
137,2022-12-17 00:00:00,6011,3.6,,,,,
138,2022-12-17 00:00:00,6021,1.3,,,,,
139,2022-12-17 00:00:00,60286,6.9,,,,,
140,2022-12-17 00:00:00,6035,3.6,,1.0,2022-03-30 00:00:00,262.0,3er tercio lactancia
141,2022-12-17 00:00:00,6043,4.3,,,,,
142,2022-12-17 00:00:00,7083,4.8,,1.0,2022-03-20 00:00:00,272.0,4to tercio lactancia
143,2022-12-17 00:00:00,8036,4.6,,1.0,2022-11-19 00:00:00,28.0,1er tercio lactancia
144,2022-12-17 00:00:00,9389,5.4,,,,,
145,2022-12-17 00:00:00,9605,2.1,,,,,
146,2022-12-17 00:00:00,9904,5.9,,2.0,2022-11-20 00:00:00,27.0,1er tercio lactancia
147,2022-12-17 00:00:00,SNA,9.6,,2.0,2022-11-21 00:00:00,26.0,1er tercio lactancia
148,2022-12-17 00:00:00,S/NB,2.8,,2.0,2022-11-30 00:00:00,17.0,1er tercio lactancia
149,2023-01-06 00:00:00,0128,2.4,,,,,
150,2023-01-06 00:00:00,0132,8.4,,2.0,2022-12-26 00:00:00,11.0,1er tercio lactancia
151,2023-01-06 00:00:00,0740,6.6,,,,,
152,2023-01-06 00:00:00,1015,4.3,,,,,
153,2023-01-06 00:00:00,1066A,7.6,,2.0,2022-12-26 00:00:00,11.0,1er tercio lactancia
154,2023-01-06 00:00:00,1078A,2.3,,1.0,2022-12-30 00:00:00,7.0,1er tercio lactancia
155,2023-01-06 00:00:00,1139A,2.9,,1.0,2022-12-28 00:00:00,9.0,1er tercio lactancia
156,2023-01-06 00:00:00,1310,1.5,,1.0,2022-12-09 00:00:00,28.0,1er tercio lactancia
157,2023-01-06 00:00:00,2021,6.6,,2.0,2022-11-14 00:00:00,53.0,1er tercio lactancia
158,2023-01-06 00:00:00,2025A,5.4,,1.0,2022-11-24 00:00:00,43.0,1er tercio lactancia
159,2023-01-06 00:00:00,2028A,6.0,,2.0,2022-12-24 00:00:00,13.0,1er tercio lactancia
160,2023-01-06 00:00:00,20337,2.0,,2.0,2022-12-22 00:00:00,15.0,1er tercio lactancia
161,2023-01-06 00:00:00,2050,2.2,,2.0,2023-05-08 00:00:00,,
162,2023-01-06 00:00:00,2062,6.8,,2.0,2022-12-26 00:00:00,11.0,1er tercio lactancia
163,2023-01-06 00:00:00,2063A,6.6,,2.0,2022-10-03 00:00:00,95.0,2do tercio lactancia
164,2023-01-06 00:00:00,2073,6.3,,2.0,2022-12-30 00:00:00,7.0,1er tercio lactancia
165,2023-01-06 00:00:00,2083,3.6,,,,,
166,2023-01-06 00:00:00,2090A,6.9,,1.0,2022-12-28 00:00:00,9.0,1er tercio lactancia
167,2023-01-06 00:00:00,2094A,7.0,,2.0,2022-11-07 00:00:00,60.0,1er tercio lactancia
168,2023-01-06 00:00:00,2096,7.2,,2.0,2022-12-01 00:00:00,36.0,1er tercio lactancia
169,2023-01-06 00:00:00,2124A,5.9,,2.0,2023-05-31 00:00:00,,
170,2023-01-06 00:00:00,2133A,8.2,,1.0,2022-10-10 00:00:00,88.0,1er tercio lactancia
171,2023-01-06 00:00:00,2148A,2.6,,1.0,2022-10-06 00:00:00,92.0,2do tercio lactancia
172,2023-01-06 00:00:00,2149A,3.7,,2.0,2023-05-22 00:00:00,,
173,2023-01-06 00:00:00,2169,6.0,,2.0,2022-10-07 00:00:00,91.0,2do tercio lactancia
174,2023-01-06 00:00:00,2196A,7.8,,,,,
175,2023-01-06 00:00:00,2208A,7.3,,,,,
176,2023-01-06 00:00:00,2209A,10.1,,1.0,2022-11-30 00:00:00,37.0,1er tercio lactancia
177,2023-01-06 00:00:00,2219,4.4,,,,,
178,2023-01-06 00:00:00,2220,9.4,,2.0,2022-12-24 00:00:00,13.0,1er tercio lactancia
179,2023-01-06 00:00:00,2226,8.6,,2.0,2022-11-07 00:00:00,60.0,1er tercio lactancia
180,2023-01-06 00:00:00,2234,5.0,,,,,
181,2023-01-06 00:00:00,3003A,3.7,,,,,
182,2023-01-06 00:00:00,3021A,11.2,,2.0,2022-10-03 00:00:00,95.0,2do tercio lactancia
183,2023-01-06 00:00:00,3024A,4.6,,2.0,2022-10-03 00:00:00,95.0,2do tercio lactancia
184,2023-01-06 00:00:00,3026A,5.6,,2.0,2022-11-21 00:00:00,46.0,1er tercio lactancia
185,2023-01-06 00:00:00,3027A,5.1,,1.0,2022-12-24 00:00:00,13.0,1er tercio lactancia
186,2023-01-06 00:00:00,3043,6.1,,1.0,2022-11-26 00:00:00,41.0,1er tercio lactancia
187,2023-01-06 00:00:00,3066B,3.2,,,,,
188,2023-01-06 00:00:00,3107,3.4,,2.0,2023-05-25 00:00:00,,
189,2023-01-06 00:00:00,31102,5.1,,1.0,2022-01-16 00:00:00,355.0,4to tercio lactancia
190,2023-01-06 00:00:00,3119,3.3,,2.0,2022-11-22 00:00:00,45.0,1er tercio lactancia
191,2023-01-06 00:00:00,3132,4.3,,1.0,2022-12-18 00:00:00,19.0,1er tercio lactancia
192,2023-01-06 00:00:00,4018,4.2,,,,,
193,2023-01-06 00:00:00,4035,8.2,,2.0,2022-12-21 00:00:00,16.0,1er tercio lactancia
194,2023-01-06 00:00:00,4055,3.4,,,,,
195,2023-01-06 00:00:00,4079,4.6,,1.0,2022-10-19 00:00:00,79.0,1er tercio lactancia
196,2023-01-06 00:00:00,4087,5.4,,,,,
197,2023-01-06 00:00:00,4095,6.5,,2.0,2022-12-29 00:00:00,8.0,1er tercio lactancia
198,2023-01-06 00:00:00,4101,2.8,,,,,
199,2023-01-06 00:00:00,4147,3.8,,,,,
200,2023-01-06 00:00:00,4151,5.4,,2.0,2023-06-28 00:00:00,,
201,2023-01-06 00:00:00,4025,6.3,,1.0,2022-10-01 00:00:00,97.0,2do tercio lactancia
202,2023-01-06 00:00:00,4A,3.9,,1.0,2022-12-30 00:00:00,7.0,1er tercio lactancia
203,2023-01-06 00:00:00,5033,3.5,,,,,
204,2023-01-06 00:00:00,5144,2.4,,1.0,2022-10-02 00:00:00,96.0,2do tercio lactancia
205,2023-01-06 00:00:00,5679,3.7,,,,,
206,2023-01-06 00:00:00,6011,3.7,,,,,
207,2023-01-06 00:00:00,60286,8.3,,,,,
208,2023-01-06 00:00:00,6035,4.7,,1.0,2022-03-30 00:00:00,282.0,4to tercio lactancia
209,2023-01-06 00:00:00,6067,9.8,,2.0,2022-12-23 00:00:00,14.0,1er tercio lactancia
210,2023-01-06 00:00:00,6043,6.0,,,,,
211,2023-01-06 00:00:00,7083,4.6,,1.0,2022-03-20 00:00:00,292.0,4to tercio lactancia
212,2023-01-06 00:00:00,8017,5.4,,1.0,2022-12-27 00:00:00,10.0,1er tercio lactancia
213,2023-01-06 00:00:00,8018,0.5,,1.0,2022-12-29 00:00:00,8.0,1er tercio lactancia
214,2023-01-06 00:00:00,8036,3.0,,1.0,2022-11-19 00:00:00,48.0,1er tercio lactancia
215,2023-01-06 00:00:00,8072,3.6,,1.0,2022-12-06 00:00:00,31.0,1er tercio lactancia
216,2023-01-06 00:00:00,9389,5.7,,,,,
217,2023-01-06 00:00:00,9605,2.2,,,,,
218,2023-01-06 00:00:00,9904,4.9,,2.0,2022-11-20 00:00:00,47.0,1er tercio lactancia
219,2023-01-06 00:00:00,SNA,8.2,,2.0,2022-11-21 00:00:00,46.0,1er tercio lactancia
220,2023-01-13 00:00:00,0128,1.5,,,,,
221,2023-01-13 00:00:00,0132,6.7,,2.0,2022-12-26 00:00:00,18.0,1er tercio lactancia
222,2023-01-13 00:00:00,0740,5.7,,,,,
223,2023-01-13 00:00:00,1015,3.5,,,,,
224,2023-01-13 00:00:00,1066A,6.7,,2.0,2022-12-26 00:00:00,18.0,1er tercio lactancia
225,2023-01-13 00:00:00,1078A,2.1,,1.0,2022-12-30 00:00:00,14.0,1er tercio lactancia
226,2023-01-13 00:00:00,1139A,3.5,,1.0,2022-12-28 00:00:00,16.0,1er tercio lactancia
227,2023-01-13 00:00:00,1310,2.9,,1.0,2022-12-09 00:00:00,35.0,1er tercio lactancia
228,2023-01-13 00:00:00,2021,5.5,,2.0,2022-11-14 00:00:00,60.0,1er tercio lactancia
229,2023-01-13 00:00:00,2025A,5.2,,1.0,2022-11-24 00:00:00,50.0,1er tercio lactancia
230,2023-01-13 00:00:00,2028A,3.7,,2.0,2022-12-24 00:00:00,20.0,1er tercio lactancia
231,2023-01-13 00:00:00,20337,2.0,,2.0,2022-12-22 00:00:00,22.0,1er tercio lactancia
232,2023-01-13 00:00:00,2050,1.9,,2.0,2023-05-08 00:00:00,,
233,2023-01-13 00:00:00,2062,8.9,,2.0,2022-12-26 00:00:00,18.0,1er tercio lactancia
234,2023-01-13 00:00:00,2063A,5.0,,2.0,2022-10-03 00:00:00,102.0,2do tercio lactancia
235,2023-01-13 00:00:00,2073,7.9,,2.0,2022-12-30 00:00:00,14.0,1er tercio lactancia
236,2023-01-13 00:00:00,2083,3.6,,,,,
237,2023-01-13 00:00:00,2090A,5.4,,1.0,2022-12-28 00:00:00,16.0,1er tercio lactancia
238,2023-01-13 00:00:00,2094A,6.1,,2.0,2022-11-07 00:00:00,67.0,1er tercio lactancia
239,2023-01-13 00:00:00,2096,5.7,,2.0,2022-12-01 00:00:00,43.0,1er tercio lactancia
240,2023-01-13 00:00:00,2124A,4.5,,2.0,2023-05-31 00:00:00,,
241,2023-01-13 00:00:00,2133A,7.8,,1.0,2022-10-10 00:00:00,95.0,2do tercio lactancia
242,2023-01-13 00:00:00,2148A,2.5,,1.0,2022-10-06 00:00:00,99.0,2do tercio lactancia
243,2023-01-13 00:00:00,2149A,2.8,,2.0,2023-05-22 00:00:00,,
244,2023-01-13 00:00:00,2169,5.5,,2.0,2022-10-07 00:00:00,98.0,2do tercio lactancia
245,2023-01-13 00:00:00,2196A,7.8,,,,,
246,2023-01-13 00:00:00,2208A,6.4,,,,,
247,2023-01-13 00:00:00,2209A,6.5,,1.0,2022-11-30 00:00:00,44.0,1er tercio lactancia
248,2023-01-13 00:00:00,2219,3.2,,,,,
249,2023-01-13 00:00:00,2220,7.2,,2.0,2022-12-24 00:00:00,20.0,1er tercio lactancia
250,2023-01-13 00:00:00,2226,7.7,,2.0,2022-11-07 00:00:00,67.0,1er tercio lactancia
251,2023-01-13 00:00:00,2234,3.8,,,,,
252,2023-01-13 00:00:00,3003A,3.3,,,,,
253,2023-01-13 00:00:00,3021A,9.9,,2.0,2022-10-03 00:00:00,102.0,2do tercio lactancia
254,2023-01-13 00:00:00,3024A,5.1,,2.0,2022-10-03 00:00:00,102.0,2do tercio lactancia
255,2023-01-13 00:00:00,3026A,3.5,,2.0,2022-11-21 00:00:00,53.0,1er tercio lactancia
256,2023-01-13 00:00:00,3027A,2.9,,1.0,2022-12-24 00:00:00,20.0,1er tercio lactancia
257,2023-01-13 00:00:00,3043,5.0,,1.0,2022-11-26 00:00:00,48.0,1er tercio lactancia
258,2023-01-13 00:00:00,3066B,3.5,,,,,
259,2023-01-13 00:00:00,3107,3.2,,2.0,2023-05-25 00:00:00,,
260,2023-01-13 00:00:00,31102,5.0,,1.0,2022-01-16 00:00:00,362.0,4to tercio lactancia
261,2023-01-13 00:00:00,3119,4.2,,2.0,2022-11-22 00:00:00,52.0,1er tercio lactancia
262,2023-01-13 00:00:00,3132,3.6,,1.0,2022-12-18 00:00:00,26.0,1er tercio lactancia
263,2023-01-13 00:00:00,4018,3.6,,,,,
264,2023-01-13 00:00:00,4035,4.7,,2.0,2022-12-21 00:00:00,23.0,1er tercio lactancia
265,2023-01-13 00:00:00,4055,2.0,,,,,
266,2023-01-13 00:00:00,4079,3.5,,1.0,2022-10-19 00:00:00,86.0,1er tercio lactancia
267,2023-01-13 00:00:00,4087,5.0,,,,,
268,2023-01-13 00:00:00,4095,5.8,,2.0,2022-12-29 00:00:00,15.0,1er tercio lactancia
269,2023-01-13 00:00:00,4101,2.9,,,,,
270,2023-01-13 00:00:00,4147,3.4,,,,,
271,2023-01-13 00:00:00,4151,4.6,,2.0,2023-06-28 00:00:00,,
272,2023-01-13 00:00:00,4A,4.4,,1.0,2022-12-30 00:00:00,14.0,1er tercio lactancia
273,2023-01-13 00:00:00,5033,2.4,,,,,
274,2023-01-13 00:00:00,5072,2.5,,1.0,2023-01-05 00:00:00,8.0,1er tercio lactancia
275,2023-01-13 00:00:00,5144,2.4,,1.0,2022-10-02 00:00:00,103.0,2do tercio lactancia
276,2023-01-13 00:00:00,5679,2.7,,,,,
277,2023-01-13 00:00:00,6011,4.2,,,,,
278,2023-01-13 00:00:00,60286,7.1,,,,,
279,2023-01-13 00:00:00,6035,3.6,,1.0,2022-03-30 00:00:00,289.0,4to tercio lactancia
280,2023-01-13 00:00:00,6067,7.1,,2.0,2022-12-23 00:00:00,21.0,1er tercio lactancia
281,2023-01-13 00:00:00,6043,4.5,,,,,
282,2023-01-13 00:00:00,7083,4.1,,1.0,2022-03-20 00:00:00,299.0,4to tercio lactancia
283,2023-01-13 00:00:00,8017,3.7,,1.0,2022-12-27 00:00:00,17.0,1er tercio lactancia
284,2023-01-13 00:00:00,8036,5.0,,1.0,2022-11-19 00:00:00,55.0,1er tercio lactancia
285,2023-01-13 00:00:00,9389,4.8,,,,,
286,2023-01-13 00:00:00,9605,1.6,,,,,
287,2023-01-13 00:00:00,9904,3.5,,2.0,2022-11-20 00:00:00,54.0,1er tercio lactancia
288,2023-01-13 00:00:00,SNA,8.1,,2.0,2022-11-21 00:00:00,53.0,1er tercio lactancia
289,2023-01-30 00:00:00,0128,1.7,,,,,
290,2023-01-30 00:00:00,1015,3.8,,,,,
291,2023-01-30 00:00:00,1095A,4.8,,1.0,2023-01-28 00:00:00,2.0,1er tercio lactancia
292,2023-01-30 00:00:00,1109A,7.1,,1.0,2023-01-14 00:00:00,16.0,1er tercio lactancia
293,2023-01-30 00:00:00,1139A,4.1,,1.0,2022-12-28 00:00:00,33.0,1er tercio lactancia
294,2023-01-30 00:00:00,1310,1.9,,1.0,2022-12-09 00:00:00,52.0,1er tercio lactancia
295,2023-01-30 00:00:00,2021,5.5,,2.0,2022-11-14 00:00:00,77.0,1er tercio lactancia
296,2023-01-30 00:00:00,2028A,4.4,,2.0,2022-12-24 00:00:00,37.0,1er tercio lactancia
297,2023-01-30 00:00:00,20337,2.4,,2.0,2022-12-22 00:00:00,39.0,1er tercio lactancia
298,2023-01-30 00:00:00,2050,1.1,,2.0,2023-05-08 00:00:00,,
299,2023-01-30 00:00:00,2062,6.9,,2.0,2022-12-26 00:00:00,35.0,1er tercio lactancia
300,2023-01-30 00:00:00,2063A,6.5,,2.0,2022-10-03 00:00:00,119.0,2do tercio lactancia
301,2023-01-30 00:00:00,2073,8.2,,2.0,2022-12-30 00:00:00,31.0,1er tercio lactancia
302,2023-01-30 00:00:00,2080,5.6,,2.0,2023-01-27 00:00:00,3.0,1er tercio lactancia
303,2023-01-30 00:00:00,2083,3.4,,,,,
304,2023-01-30 00:00:00,2090A,4.5,,1.0,2022-12-28 00:00:00,33.0,1er tercio lactancia
305,2023-01-30 00:00:00,2094A,5.4,,2.0,2022-11-07 00:00:00,84.0,1er tercio lactancia
306,2023-01-30 00:00:00,2096,6.5,,2.0,2022-12-01 00:00:00,60.0,1er tercio lactancia
307,2023-01-30 00:00:00,2124A,3.5,,2.0,2023-05-31 00:00:00,,
308,2023-01-30 00:00:00,2130,8.8,,2.0,2023-01-05 00:00:00,25.0,1er tercio lactancia
309,2023-01-30 00:00:00,2133A,7.5,,1.0,2022-10-10 00:00:00,112.0,2do tercio lactancia
310,2023-01-30 00:00:00,2148A,3.0,,1.0,2022-10-06 00:00:00,116.0,2do tercio lactancia
311,2023-01-30 00:00:00,2149A,2.4,,2.0,2023-05-22 00:00:00,,
312,2023-01-30 00:00:00,2169,7.4,,2.0,2022-10-07 00:00:00,115.0,2do tercio lactancia
313,2023-01-30 00:00:00,2209A,8.2,,1.0,2022-11-30 00:00:00,61.0,1er tercio lactancia
314,2023-01-30 00:00:00,2234,4.0,,,,,
315,2023-01-30 00:00:00,3003A,3.5,,,,,
316,2023-01-30 00:00:00,3024A,3.8,,2.0,2022-10-03 00:00:00,119.0,2do tercio lactancia
317,2023-01-30 00:00:00,3026A,3.3,,2.0,2022-11-21 00:00:00,70.0,1er tercio lactancia
318,2023-01-30 00:00:00,3027A,2.9,,1.0,2022-12-24 00:00:00,37.0,1er tercio lactancia
319,2023-01-30 00:00:00,3066B,3.6,,,,,
320,2023-01-30 00:00:00,31102,3.3,,1.0,2022-01-16 00:00:00,379.0,4to tercio lactancia
321,2023-01-30 00:00:00,3119,5.3,,2.0,2022-11-22 00:00:00,69.0,1er tercio lactancia
322,2023-01-30 00:00:00,3132,4.3,,1.0,2022-12-18 00:00:00,43.0,1er tercio lactancia
323,2023-01-30 00:00:00,4018,3.9,,,,,
324,2023-01-30 00:00:00,4035,8.0,,2.0,2022-12-21 00:00:00,40.0,1er tercio lactancia
325,2023-01-30 00:00:00,4048,4.6,,2.0,2023-01-17 00:00:00,13.0,1er tercio lactancia
326,2023-01-30 00:00:00,4055,3.0,,,,,
327,2023-01-30 00:00:00,4079,4.8,,1.0,2022-10-19 00:00:00,103.0,2do tercio lactancia
328,2023-01-30 00:00:00,4087,2.4,,,,,
329,2023-01-30 00:00:00,4095,4.7,,2.0,2022-12-29 00:00:00,32.0,1er tercio lactancia
330,2023-01-30 00:00:00,4101,3.3,,,,,
331,2023-01-30 00:00:00,4147,4.0,,,,,
332,2023-01-30 00:00:00,4025,5.7,,1.0,2022-10-01 00:00:00,121.0,2do tercio lactancia
333,2023-01-30 00:00:00,4A,4.2,,1.0,2022-12-30 00:00:00,31.0,1er tercio lactancia
334,2023-01-30 00:00:00,5033,2.3,,,,,
335,2023-01-30 00:00:00,5090,3.1,,1.0,2023-01-11 00:00:00,19.0,1er tercio lactancia
336,2023-01-30 00:00:00,5144,2.0,,1.0,2022-10-02 00:00:00,120.0,2do tercio lactancia
337,2023-01-30 00:00:00,5679,3.2,,,,,
338,2023-01-30 00:00:00,6011,4.5,,,,,
339,2023-01-30 00:00:00,60286,8.7,,,,,
340,2023-01-30 00:00:00,6035,4.2,,1.0,2022-03-30 00:00:00,306.0,4to tercio lactancia
341,2023-01-30 00:00:00,6067,8.2,,2.0,2022-12-23 00:00:00,38.0,1er tercio lactancia
342,2023-01-30 00:00:00,6043,4.5,,,,,
343,2023-01-30 00:00:00,7083,4.6,,1.0,2022-03-20 00:00:00,316.0,4to tercio lactancia
344,2023-01-30 00:00:00,8017,6.6,,1.0,2022-12-27 00:00:00,34.0,1er tercio lactancia
345,2023-01-30 00:00:00,8036,4.2,,1.0,2022-11-19 00:00:00,72.0,1er tercio lactancia
346,2023-01-30 00:00:00,8063,4.7,,2.0,2023-01-11 00:00:00,19.0,1er tercio lactancia
347,2023-01-30 00:00:00,8094,4.3,,1.0,2023-01-14 00:00:00,16.0,1er tercio lactancia
348,2023-01-30 00:00:00,8096,3.3,,1.0,2023-01-20 00:00:00,10.0,1er tercio lactancia
349,2023-01-30 00:00:00,9605,1.7,,,,,
350,2023-01-30 00:00:00,S/NB,2.4,,2.0,2022-11-30 00:00:00,61.0,1er tercio lactancia
351,2023-02-10 00:00:00,0128,1.0,,,,,
352,2023-02-10 00:00:00,0132,6.8,,2.0,2022-12-26 00:00:00,46.0,1er tercio lactancia
353,2023-02-10 00:00:00,0740,5.4,,,,,
354,2023-02-10 00:00:00,1015,4.2,,,,,
355,2023-02-10 00:00:00,1066A,7.3,,2.0,2022-12-26 00:00:00,46.0,1er tercio lactancia
356,2023-02-10 00:00:00,1095A,8.0,,1.0,2023-01-28 00:00:00,13.0,1er tercio lactancia
357,2023-02-10 00:00:00,1109A,4.8,,1.0,2023-01-14 00:00:00,27.0,1er tercio lactancia
358,2023-02-10 00:00:00,1139A,5.5,,1.0,2022-12-28 00:00:00,44.0,1er tercio lactancia
359,2023-02-10 00:00:00,1168,6.5,,2.0,2023-01-28 00:00:00,13.0,1er tercio lactancia
360,2023-02-10 00:00:00,1310,1.7,,1.0,2022-12-09 00:00:00,63.0,1er tercio lactancia
361,2023-02-10 00:00:00,2021,4.5,,2.0,2022-11-14 00:00:00,88.0,1er tercio lactancia
362,2023-02-10 00:00:00,2025A,4.8,,1.0,2022-11-24 00:00:00,78.0,1er tercio lactancia
363,2023-02-10 00:00:00,2028A,6.6,,2.0,2022-12-24 00:00:00,48.0,1er tercio lactancia
364,2023-02-10 00:00:00,20337,2.5,,2.0,2022-12-22 00:00:00,50.0,1er tercio lactancia
365,2023-02-10 00:00:00,2062,7.4,,2.0,2022-12-26 00:00:00,46.0,1er tercio lactancia
366,2023-02-10 00:00:00,2063A,7.5,,2.0,2022-10-03 00:00:00,130.0,2do tercio lactancia
367,2023-02-10 00:00:00,2073,7.4,,2.0,2022-12-30 00:00:00,42.0,1er tercio lactancia
368,2023-02-10 00:00:00,2080,5.7,,2.0,2023-01-27 00:00:00,14.0,1er tercio lactancia
369,2023-02-10 00:00:00,2083,3.9,,,,,
370,2023-02-10 00:00:00,2090A,6.0,,1.0,2022-12-28 00:00:00,44.0,1er tercio lactancia
371,2023-02-10 00:00:00,2094A,3.9,,2.0,2022-11-07 00:00:00,95.0,2do tercio lactancia
372,2023-02-10 00:00:00,2096,6.0,,2.0,2022-12-01 00:00:00,71.0,1er tercio lactancia
373,2023-02-10 00:00:00,2124A,3.3,,2.0,2023-05-31 00:00:00,,
374,2023-02-10 00:00:00,2130,8.3,,2.0,2023-01-05 00:00:00,36.0,1er tercio lactancia
375,2023-02-10 00:00:00,2133A,7.2,,1.0,2022-10-10 00:00:00,123.0,2do tercio lactancia
376,2023-02-10 00:00:00,2148A,2.6,,1.0,2022-10-06 00:00:00,127.0,2do tercio lactancia
377,2023-02-10 00:00:00,2169,5.1,,2.0,2022-10-07 00:00:00,126.0,2do tercio lactancia
378,2023-02-10 00:00:00,2171,3.1,,2.0,2023-01-16 00:00:00,25.0,1er tercio lactancia
379,2023-02-10 00:00:00,2196A,6.8,,,,,
380,2023-02-10 00:00:00,2208A,6.8,,,,,
381,2023-02-10 00:00:00,2209A,8.3,,1.0,2022-11-30 00:00:00,72.0,1er tercio lactancia
382,2023-02-10 00:00:00,2219,3.5,,,,,
383,2023-02-10 00:00:00,2220,5.0,,2.0,2022-12-24 00:00:00,48.0,1er tercio lactancia
384,2023-02-10 00:00:00,2226,7.1,,2.0,2022-11-07 00:00:00,95.0,2do tercio lactancia
385,2023-02-10 00:00:00,2234,5.0,,,,,
386,2023-02-10 00:00:00,3003A,1.8,,,,,
387,2023-02-10 00:00:00,3021A,8.7,,2.0,2022-10-03 00:00:00,130.0,2do tercio lactancia
388,2023-02-10 00:00:00,3024A,3.8,,2.0,2022-10-03 00:00:00,130.0,2do tercio lactancia
389,2023-02-10 00:00:00,3026A,3.8,,2.0,2022-11-21 00:00:00,81.0,1er tercio lactancia
390,2023-02-10 00:00:00,3027A,4.6,,1.0,2022-12-24 00:00:00,48.0,1er tercio lactancia
391,2023-02-10 00:00:00,3043,3.7,,1.0,2022-11-26 00:00:00,76.0,1er tercio lactancia
392,2023-02-10 00:00:00,3066B,3.5,,,,,
393,2023-02-10 00:00:00,3119,4.3,,2.0,2022-11-22 00:00:00,80.0,1er tercio lactancia
394,2023-02-10 00:00:00,3132,4.2,,1.0,2022-12-18 00:00:00,54.0,1er tercio lactancia
395,2023-02-10 00:00:00,3750,4.2,,2.0,2023-02-05 00:00:00,5.0,1er tercio lactancia
396,2023-02-10 00:00:00,4035,8.1,,2.0,2022-12-21 00:00:00,51.0,1er tercio lactancia
397,2023-02-10 00:00:00,4048,8.6,,2.0,2023-01-17 00:00:00,24.0,1er tercio lactancia
398,2023-02-10 00:00:00,4055,3.6,,,,,
399,2023-02-10 00:00:00,4079,4.0,,1.0,2022-10-19 00:00:00,114.0,2do tercio lactancia
400,2023-02-10 00:00:00,4087,5.7,,,,,
401,2023-02-10 00:00:00,4095,5.4,,2.0,2022-12-29 00:00:00,43.0,1er tercio lactancia
402,2023-02-10 00:00:00,4101,3.0,,,,,
403,2023-02-10 00:00:00,4147,3.4,,,,,
404,2023-02-10 00:00:00,4151,4.9,,2.0,2023-06-28 00:00:00,,
405,2023-02-10 00:00:00,4025,5.9,,1.0,2022-10-01 00:00:00,132.0,2do tercio lactancia
406,2023-02-10 00:00:00,4A,5.3,,1.0,2022-12-30 00:00:00,42.0,1er tercio lactancia
407,2023-02-10 00:00:00,5033,2.0,,,,,
408,2023-02-10 00:00:00,5090,3.8,,1.0,2023-01-11 00:00:00,30.0,1er tercio lactancia
409,2023-02-10 00:00:00,5679,4.0,,,,,
410,2023-02-10 00:00:00,6011,4.3,,,,,
411,2023-02-10 00:00:00,60286,8.7,,,,,
412,2023-02-10 00:00:00,6035,5.0,,1.0,2022-03-30 00:00:00,317.0,4to tercio lactancia
413,2023-02-10 00:00:00,6067,7.5,,2.0,2022-12-23 00:00:00,49.0,1er tercio lactancia
414,2023-02-10 00:00:00,6043,5.3,,,,,
415,2023-02-10 00:00:00,7083,5.0,,1.0,2022-03-20 00:00:00,327.0,4to tercio lactancia
416,2023-02-10 00:00:00,8017,9.0,,1.0,2022-12-27 00:00:00,45.0,1er tercio lactancia
417,2023-02-10 00:00:00,8036,3.7,,1.0,2022-11-19 00:00:00,83.0,1er tercio lactancia
418,2023-02-10 00:00:00,8063,4.6,,2.0,2023-01-11 00:00:00,30.0,1er tercio lactancia
419,2023-02-10 00:00:00,8094,4.0,,1.0,2023-01-14 00:00:00,27.0,1er tercio lactancia
420,2023-02-10 00:00:00,8096,3.8,,1.0,2023-01-20 00:00:00,21.0,1er tercio lactancia
421,2023-02-10 00:00:00,9389,3.6,,,,,
422,2023-02-10 00:00:00,9904,4.8,,2.0,2022-11-20 00:00:00,82.0,1er tercio lactancia
423,2023-02-10 00:00:00,SNA,7.3,,2.0,2022-11-21 00:00:00,81.0,1er tercio lactancia
424,2023-02-10 00:00:00,S/NB,2.9,,2.0,2022-11-30 00:00:00,72.0,1er tercio lactancia
425,2023-03-06 00:00:00,0132,5.9,,2.0,2022-12-26 00:00:00,70.0,1er tercio lactancia
426,2023-03-06 00:00:00,0740,5.7,,,,,
427,2023-03-06 00:00:00,1015,4.4,,,,,
428,2023-03-06 00:00:00,1066A,6.6,,2.0,2022-12-26 00:00:00,70.0,1er tercio lactancia
429,2023-03-06 00:00:00,1095A,7.6,,1.0,2023-01-28 00:00:00,37.0,1er tercio lactancia
430,2023-03-06 00:00:00,1109A,6.4,,1.0,2023-01-14 00:00:00,51.0,1er tercio lactancia
431,2023-03-06 00:00:00,1139A,4.8,,1.0,2022-12-28 00:00:00,68.0,1er tercio lactancia
432,2023-03-06 00:00:00,1168,10.6,,2.0,2023-01-28 00:00:00,37.0,1er tercio lactancia
433,2023-03-06 00:00:00,2021,4.6,,2.0,2022-11-14 00:00:00,112.0,2do tercio lactancia
434,2023-03-06 00:00:00,2025A,4.8,,1.0,2022-11-24 00:00:00,102.0,2do tercio lactancia
435,2023-03-06 00:00:00,2028A,7.0,,2.0,2022-12-24 00:00:00,72.0,1er tercio lactancia
436,2023-03-06 00:00:00,20337,3.6,,2.0,2022-12-22 00:00:00,74.0,1er tercio lactancia
437,2023-03-06 00:00:00,2062,7.0,,2.0,2022-12-26 00:00:00,70.0,1er tercio lactancia
438,2023-03-06 00:00:00,2063A,5.3,,2.0,2022-10-03 00:00:00,154.0,2do tercio lactancia
439,2023-03-06 00:00:00,2073,6.3,,2.0,2022-12-30 00:00:00,66.0,1er tercio lactancia
440,2023-03-06 00:00:00,2080,7.5,,2.0,2023-01-27 00:00:00,38.0,1er tercio lactancia
441,2023-03-06 00:00:00,2083,3.8,,,,,
442,2023-03-06 00:00:00,2090A,6.4,,1.0,2022-12-28 00:00:00,68.0,1er tercio lactancia
443,2023-03-06 00:00:00,2094A,6.1,,2.0,2022-11-07 00:00:00,119.0,2do tercio lactancia
444,2023-03-06 00:00:00,2096,4.8,,2.0,2022-12-01 00:00:00,95.0,2do tercio lactancia
445,2023-03-06 00:00:00,2130,8.0,,2.0,2023-01-05 00:00:00,60.0,1er tercio lactancia
446,2023-03-06 00:00:00,2133A,7.4,,1.0,2022-10-10 00:00:00,147.0,2do tercio lactancia
447,2023-03-06 00:00:00,2169,5.4,,2.0,2022-10-07 00:00:00,150.0,2do tercio lactancia
448,2023-03-06 00:00:00,2196A,5.7,,,,,
449,2023-03-06 00:00:00,2208A,6.4,,,,,
450,2023-03-06 00:00:00,2209A,8.7,,1.0,2022-11-30 00:00:00,96.0,2do tercio lactancia
451,2023-03-06 00:00:00,2219,3.4,,,,,
452,2023-03-06 00:00:00,2226,8.2,,2.0,2022-11-07 00:00:00,119.0,2do tercio lactancia
453,2023-03-06 00:00:00,2234,4.4,,,,,
454,2023-03-06 00:00:00,3021A,8.3,,2.0,2022-10-03 00:00:00,154.0,2do tercio lactancia
455,2023-03-06 00:00:00,3024A,4.5,,2.0,2022-10-03 00:00:00,154.0,2do tercio lactancia
456,2023-03-06 00:00:00,3026A,3.8,,2.0,2022-11-21 00:00:00,105.0,2do tercio lactancia
457,2023-03-06 00:00:00,3027A,4.9,,1.0,2022-12-24 00:00:00,72.0,1er tercio lactancia
458,2023-03-06 00:00:00,3043,5.5,,1.0,2022-11-26 00:00:00,100.0,2do tercio lactancia
459,2023-03-06 00:00:00,3066B,3.7,,,,,
460,2023-03-06 00:00:00,3119,5.1,,2.0,2022-11-22 00:00:00,104.0,2do tercio lactancia
461,2023-03-06 00:00:00,3120,3.1,,2.0,2022-12-13 00:00:00,83.0,1er tercio lactancia
462,2023-03-06 00:00:00,3132,4.2,,1.0,2022-12-18 00:00:00,78.0,1er tercio lactancia
463,2023-03-06 00:00:00,3750,10.4,,2.0,2023-02-05 00:00:00,29.0,1er tercio lactancia
464,2023-03-06 00:00:00,4018,3.3,,,,,
465,2023-03-06 00:00:00,4035,6.9,,2.0,2022-12-21 00:00:00,75.0,1er tercio lactancia
466,2023-03-06 00:00:00,4048,5.9,,2.0,2023-01-17 00:00:00,48.0,1er tercio lactancia
467,2023-03-06 00:00:00,4055,2.3,,,,,
468,2023-03-06 00:00:00,4079,4.5,,1.0,2022-10-19 00:00:00,138.0,2do tercio lactancia
469,2023-03-06 00:00:00,4087,3.9,,,,,
470,2023-03-06 00:00:00,4095,5.5,,2.0,2022-12-29 00:00:00,67.0,1er tercio lactancia
471,2023-03-06 00:00:00,4101,3.2,,,,,
472,2023-03-06 00:00:00,4147,3.4,,,,,
473,2023-03-06 00:00:00,4151,4.4,,2.0,2023-06-28 00:00:00,,
474,2023-03-06 00:00:00,4025,5.4,,1.0,2022-10-01 00:00:00,156.0,2do tercio lactancia
475,2023-03-06 00:00:00,4A,4.1,,1.0,2022-12-30 00:00:00,66.0,1er tercio lactancia
476,2023-03-06 00:00:00,5090,5.7,,1.0,2023-01-11 00:00:00,54.0,1er tercio lactancia
477,2023-03-06 00:00:00,5679,3.3,,,,,
478,2023-03-06 00:00:00,6011,2.9,,,,,
479,2023-03-06 00:00:00,60286,8.1,,,,,
480,2023-03-06 00:00:00,6035,3.9,,1.0,2022-03-30 00:00:00,341.0,4to tercio lactancia
481,2023-03-06 00:00:00,6067,6.8,,2.0,2022-12-23 00:00:00,73.0,1er tercio lactancia
482,2023-03-06 00:00:00,6043,5.6,,,,,
483,2023-03-06 00:00:00,7083,5.1,,1.0,2022-03-20 00:00:00,351.0,4to tercio lactancia
484,2023-03-06 00:00:00,8017,8.2,,1.0,2022-12-27 00:00:00,69.0,1er tercio lactancia
485,2023-03-06 00:00:00,8036,4.6,,1.0,2022-11-19 00:00:00,107.0,2do tercio lactancia
486,2023-03-06 00:00:00,8063,5.5,,2.0,2023-01-11 00:00:00,54.0,1er tercio lactancia
487,2023-03-06 00:00:00,8094,6.0,,1.0,2023-01-14 00:00:00,51.0,1er tercio lactancia
488,2023-03-06 00:00:00,8096,5.9,,1.0,2023-01-20 00:00:00,45.0,1er tercio lactancia
489,2023-03-06 00:00:00,9389,4.6,,,,,
490,2023-03-06 00:00:00,9605,2.0,,,,,
491,2023-03-06 00:00:00,9904,3.7,,2.0,2022-11-20 00:00:00,106.0,2do tercio lactancia
492,2023-03-06 00:00:00,SNA,8.1,,2.0,2022-11-21 00:00:00,105.0,2do tercio lactancia
493,2023-03-06 00:00:00,S/NB,1.5,,2.0,2022-11-30 00:00:00,96.0,2do tercio lactancia
494,2023-03-17 00:00:00,0132,7.0,,2.0,2022-12-26 00:00:00,81.0,1er tercio lactancia
495,2023-03-17 00:00:00,0740,3.8,,,,,
496,2023-03-17 00:00:00,1015,2.5,,,,,
497,2023-03-17 00:00:00,1066A,4.1,,2.0,2022-12-26 00:00:00,81.0,1er tercio lactancia
498,2023-03-17 00:00:00,1095A,5.8,,1.0,2023-01-28 00:00:00,48.0,1er tercio lactancia
499,2023-03-17 00:00:00,1109A,6.0,,1.0,2023-01-14 00:00:00,62.0,1er tercio lactancia
500,2023-03-17 00:00:00,1139A,4.1,,1.0,2022-12-28 00:00:00,79.0,1er tercio lactancia
501,2023-03-17 00:00:00,1168,8.7,,2.0,2023-01-28 00:00:00,48.0,1er tercio lactancia
502,2023-03-17 00:00:00,2021,5.4,,2.0,2022-11-14 00:00:00,123.0,2do tercio lactancia
503,2023-03-17 00:00:00,2025A,3.4,,1.0,2022-11-24 00:00:00,113.0,2do tercio lactancia
504,2023-03-17 00:00:00,2028A,5.4,,2.0,2022-12-24 00:00:00,83.0,1er tercio lactancia
505,2023-03-17 00:00:00,20337,2.8,,2.0,2022-12-22 00:00:00,85.0,1er tercio lactancia
506,2023-03-17 00:00:00,2062,6.2,,2.0,2022-12-26 00:00:00,81.0,1er tercio lactancia
507,2023-03-17 00:00:00,2063A,5.5,,2.0,2022-10-03 00:00:00,165.0,2do tercio lactancia
508,2023-03-17 00:00:00,2073,5.1,,2.0,2022-12-30 00:00:00,77.0,1er tercio lactancia
509,2023-03-17 00:00:00,2080,7.3,,2.0,2023-01-27 00:00:00,49.0,1er tercio lactancia
510,2023-03-17 00:00:00,2083,3.0,,,,,
511,2023-03-17 00:00:00,2090A,5.1,,1.0,2022-12-28 00:00:00,79.0,1er tercio lactancia
512,2023-03-17 00:00:00,2094A,4.1,,2.0,2022-11-07 00:00:00,130.0,2do tercio lactancia
513,2023-03-17 00:00:00,2096,3.9,,2.0,2022-12-01 00:00:00,106.0,2do tercio lactancia
514,2023-03-17 00:00:00,2130,7.4,,2.0,2023-01-05 00:00:00,71.0,1er tercio lactancia
515,2023-03-17 00:00:00,2133A,5.5,,1.0,2022-10-10 00:00:00,158.0,2do tercio lactancia
516,2023-03-17 00:00:00,2169,4.5,,2.0,2022-10-07 00:00:00,161.0,2do tercio lactancia
517,2023-03-17 00:00:00,2171,1.0,,2.0,2023-01-16 00:00:00,60.0,1er tercio lactancia
518,2023-03-17 00:00:00,2196A,5.5,,,,,
519,2023-03-17 00:00:00,2208A,4.4,,,,,
520,2023-03-17 00:00:00,2209A,5.6,,1.0,2022-11-30 00:00:00,107.0,2do tercio lactancia
521,2023-03-17 00:00:00,2219,2.4,,,,,
522,2023-03-17 00:00:00,2226,6.5,,2.0,2022-11-07 00:00:00,130.0,2do tercio lactancia
523,2023-03-17 00:00:00,2234,2.8,,,,,
524,2023-03-17 00:00:00,3021A,6.5,,2.0,2022-10-03 00:00:00,165.0,2do tercio lactancia
525,2023-03-17 00:00:00,3024A,2.1,,2.0,2022-10-03 00:00:00,165.0,2do tercio lactancia
526,2023-03-17 00:00:00,3027A,3.2,,1.0,2022-12-24 00:00:00,83.0,1er tercio lactancia
527,2023-03-17 00:00:00,3043,4.1,,1.0,2022-11-26 00:00:00,111.0,2do tercio lactancia
528,2023-03-17 00:00:00,3066B,3.2,,,,,
529,2023-03-17 00:00:00,3119,3.9,,2.0,2022-11-22 00:00:00,115.0,2do tercio lactancia
530,2023-03-17 00:00:00,3132,3.3,,1.0,2022-12-18 00:00:00,89.0,1er tercio lactancia
531,2023-03-17 00:00:00,3750,9.3,,2.0,2023-02-05 00:00:00,40.0,1er tercio lactancia
532,2023-03-17 00:00:00,4018,1.8,,,,,
533,2023-03-17 00:00:00,4035,5.0,,2.0,2022-12-21 00:00:00,86.0,1er tercio lactancia
534,2023-03-17 00:00:00,4048,4.2,,2.0,2023-01-17 00:00:00,59.0,1er tercio lactancia
535,2023-03-17 00:00:00,4055,2.42,,,,,
536,2023-03-17 00:00:00,4079,3.1,,1.0,2022-10-19 00:00:00,149.0,2do tercio lactancia
537,2023-03-17 00:00:00,4087,4.1,,,,,
538,2023-03-17 00:00:00,4095,4.1,,2.0,2022-12-29 00:00:00,78.0,1er tercio lactancia
539,2023-03-17 00:00:00,4101,1.5,,,,,
540,2023-03-17 00:00:00,4147,2.8,,,,,
541,2023-03-17 00:00:00,4151,3.2,,2.0,2023-06-28 00:00:00,,
542,2023-03-17 00:00:00,4025,5.4,,1.0,2022-10-01 00:00:00,167.0,2do tercio lactancia
543,2023-03-17 00:00:00,4A,1.8,,1.0,2022-12-30 00:00:00,77.0,1er tercio lactancia
544,2023-03-17 00:00:00,5090,4.4,,1.0,2023-01-11 00:00:00,65.0,1er tercio lactancia
545,2023-03-17 00:00:00,5679,3.1,,,,,
546,2023-03-17 00:00:00,6011,3.5,,,,,
547,2023-03-17 00:00:00,60286,6.0,,,,,
548,2023-03-17 00:00:00,6035,2.8,,1.0,2022-03-30 00:00:00,352.0,4to tercio lactancia
549,2023-03-17 00:00:00,6067,7.2,,2.0,2022-12-23 00:00:00,84.0,1er tercio lactancia
550,2023-03-17 00:00:00,6043,4.5,,,,,
551,2023-03-17 00:00:00,7083,4.5,,1.0,2022-03-20 00:00:00,362.0,4to tercio lactancia
552,2023-03-17 00:00:00,8017,5.0,,1.0,2022-12-27 00:00:00,80.0,1er tercio lactancia
553,2023-03-17 00:00:00,8036,5.8,,1.0,2022-11-19 00:00:00,118.0,2do tercio lactancia
554,2023-03-17 00:00:00,8063,3.5,,2.0,2023-01-11 00:00:00,65.0,1er tercio lactancia
555,2023-03-17 00:00:00,8094,5.2,,1.0,2023-01-14 00:00:00,62.0,1er tercio lactancia
556,2023-03-17 00:00:00,8096,6.0,,1.0,2023-01-20 00:00:00,56.0,1er tercio lactancia
557,2023-03-17 00:00:00,9389,2.6,,,,,
558,2023-03-17 00:00:00,9904,3.7,,2.0,2022-11-20 00:00:00,117.0,2do tercio lactancia
559,2023-03-17 00:00:00,SNA,6.3,,2.0,2022-11-21 00:00:00,116.0,2do tercio lactancia
560,2023-03-17 00:00:00,S/NB,1.4,,2.0,2022-11-30 00:00:00,107.0,2do tercio lactancia
561,2023-03-25 00:00:00,0132,5.7,,2.0,2022-12-26 00:00:00,89.0,1er tercio lactancia
562,2023-03-25 00:00:00,0740,4.5,,,,,
563,2023-03-25 00:00:00,1015,2.4,,,,,
564,2023-03-25 00:00:00,1066A,5.4,,2.0,2022-12-26 00:00:00,89.0,1er tercio lactancia
565,2023-03-25 00:00:00,1095A,6.9,,1.0,2023-01-28 00:00:00,56.0,1er tercio lactancia
566,2023-03-25 00:00:00,1109A,5.4,,1.0,2023-01-14 00:00:00,70.0,1er tercio lactancia
567,2023-03-25 00:00:00,1139A,3.8,,1.0,2022-12-28 00:00:00,87.0,1er tercio lactancia
568,2023-03-25 00:00:00,1168,8.5,,2.0,2023-01-28 00:00:00,56.0,1er tercio lactancia
569,2023-03-25 00:00:00,2021,3.9,,2.0,2022-11-14 00:00:00,131.0,2do tercio lactancia
570,2023-03-25 00:00:00,2025A,3.8,,1.0,2022-11-24 00:00:00,121.0,2do tercio lactancia
571,2023-03-25 00:00:00,2028A,5.9,,2.0,2022-12-24 00:00:00,91.0,2do tercio lactancia
572,2023-03-25 00:00:00,20337,2.9,,2.0,2022-12-22 00:00:00,93.0,2do tercio lactancia
573,2023-03-25 00:00:00,2062,6.4,,2.0,2022-12-26 00:00:00,89.0,1er tercio lactancia
574,2023-03-25 00:00:00,2063A,5.3,,2.0,2022-10-03 00:00:00,173.0,2do tercio lactancia
575,2023-03-25 00:00:00,2073,6.5,,2.0,2022-12-30 00:00:00,85.0,1er tercio lactancia
576,2023-03-25 00:00:00,2079,5.5,,1.0,2023-03-01 00:00:00,24.0,1er tercio lactancia
577,2023-03-25 00:00:00,2080,8.8,,2.0,2023-01-27 00:00:00,57.0,1er tercio lactancia
578,2023-03-25 00:00:00,2083,2.8,,,,,
579,2023-03-25 00:00:00,2090A,6.7,,1.0,2022-12-28 00:00:00,87.0,1er tercio lactancia
580,2023-03-25 00:00:00,2094A,1.4,,2.0,2022-11-07 00:00:00,138.0,2do tercio lactancia
581,2023-03-25 00:00:00,2096,3.9,,2.0,2022-12-01 00:00:00,114.0,2do tercio lactancia
582,2023-03-25 00:00:00,2130,6.6,,2.0,2023-01-05 00:00:00,79.0,1er tercio lactancia
583,2023-03-25 00:00:00,2133A,5.7,,1.0,2022-10-10 00:00:00,166.0,2do tercio lactancia
584,2023-03-25 00:00:00,2169,3.8,,2.0,2022-10-07 00:00:00,169.0,2do tercio lactancia
585,2023-03-25 00:00:00,2171,5.7,,2.0,2023-01-16 00:00:00,68.0,1er tercio lactancia
586,2023-03-25 00:00:00,2196A,4.6,,,,,
587,2023-03-25 00:00:00,2208A,5.2,,,,,
588,2023-03-25 00:00:00,2209A,5.3,,1.0,2022-11-30 00:00:00,115.0,2do tercio lactancia
589,2023-03-25 00:00:00,2219,2.6,,,,,
590,2023-03-25 00:00:00,2226,6.5,,2.0,2022-11-07 00:00:00,138.0,2do tercio lactancia
591,2023-03-25 00:00:00,2234,2.4,,,,,
592,2023-03-25 00:00:00,3021A,6.5,,2.0,2022-10-03 00:00:00,173.0,2do tercio lactancia
593,2023-03-25 00:00:00,3024A,3.5,,2.0,2022-10-03 00:00:00,173.0,2do tercio lactancia
594,2023-03-25 00:00:00,3027A,2.7,,1.0,2022-12-24 00:00:00,91.0,2do tercio lactancia
595,2023-03-25 00:00:00,3043,4.7,,1.0,2022-11-26 00:00:00,119.0,2do tercio lactancia
596,2023-03-25 00:00:00,3066B,2.0,,,,,
597,2023-03-25 00:00:00,3119,4.0,,2.0,2022-11-22 00:00:00,123.0,2do tercio lactancia
598,2023-03-25 00:00:00,3132,3.5,,1.0,2022-12-18 00:00:00,97.0,2do tercio lactancia
599,2023-03-25 00:00:00,3750,8.1,,2.0,2023-02-05 00:00:00,48.0,1er tercio lactancia
600,2023-03-25 00:00:00,4018,2.5,,,,,
601,2023-03-25 00:00:00,4035,4.8,,2.0,2022-12-21 00:00:00,94.0,2do tercio lactancia
602,2023-03-25 00:00:00,4048,5.2,,2.0,2023-01-17 00:00:00,67.0,1er tercio lactancia
603,2023-03-25 00:00:00,4053,1.5,,1.0,2023-02-25 00:00:00,28.0,1er tercio lactancia
604,2023-03-25 00:00:00,4055,2.2,,,,,
605,2023-03-25 00:00:00,4079,3.2,,1.0,2022-10-19 00:00:00,157.0,2do tercio lactancia
606,2023-03-25 00:00:00,4087,3.6,,,,,
607,2023-03-25 00:00:00,4095,4.6,,2.0,2022-12-29 00:00:00,86.0,1er tercio lactancia
608,2023-03-25 00:00:00,4101,1.7,,,,,
609,2023-03-25 00:00:00,4147,2.8,,,,,
610,2023-03-25 00:00:00,4151,3.0,,2.0,2023-06-28 00:00:00,,
611,2023-03-25 00:00:00,4025,5.1,,1.0,2022-10-01 00:00:00,175.0,2do tercio lactancia
612,2023-03-25 00:00:00,4A,3.8,,1.0,2022-12-30 00:00:00,85.0,1er tercio lactancia
613,2023-03-25 00:00:00,5090,5.4,,1.0,2023-01-11 00:00:00,73.0,1er tercio lactancia
614,2023-03-25 00:00:00,5679,2.3,,,,,
615,2023-03-25 00:00:00,6011,1.5,,,,,
616,2023-03-25 00:00:00,60286,7.2,,,,,
617,2023-03-25 00:00:00,6035,2.9,,1.0,2022-03-30 00:00:00,360.0,4to tercio lactancia
618,2023-03-25 00:00:00,6067,5.3,,2.0,2022-12-23 00:00:00,92.0,2do tercio lactancia
619,2023-03-25 00:00:00,6043,4.2,,,,,
620,2023-03-25 00:00:00,7059,2.0,,1.0,2023-03-14 00:00:00,11.0,1er tercio lactancia
621,2023-03-25 00:00:00,7083,4.4,,1.0,2022-03-20 00:00:00,370.0,4to tercio lactancia
622,2023-03-25 00:00:00,8017,5.5,,1.0,2022-12-27 00:00:00,88.0,1er tercio lactancia
623,2023-03-25 00:00:00,8030,3.0,,1.0,2023-03-13 00:00:00,12.0,1er tercio lactancia
624,2023-03-25 00:00:00,8036,5.2,,1.0,2022-11-19 00:00:00,126.0,2do tercio lactancia
625,2023-03-25 00:00:00,8054,2.5,,1.0,2023-03-06 00:00:00,19.0,1er tercio lactancia
626,2023-03-25 00:00:00,8063,5.2,,2.0,2023-01-11 00:00:00,73.0,1er tercio lactancia
627,2023-03-25 00:00:00,80882,6.0,,1.0,2023-03-14 00:00:00,11.0,1er tercio lactancia
628,2023-03-25 00:00:00,8094,3.3,,1.0,2023-01-14 00:00:00,70.0,1er tercio lactancia
629,2023-03-25 00:00:00,8096,6.4,,1.0,2023-01-20 00:00:00,64.0,1er tercio lactancia
630,2023-03-25 00:00:00,9389,2.2,,,,,
631,2023-03-25 00:00:00,9904,3.2,,2.0,2022-11-20 00:00:00,125.0,2do tercio lactancia
632,2023-03-25 00:00:00,SNA,6.7,,2.0,2022-11-21 00:00:00,124.0,2do tercio lactancia
633,2023-04-17 00:00:00,0132,5.0,,2.0,2022-12-26 00:00:00,112.0,2do tercio lactancia
634,2023-04-17 00:00:00,0740,3.8,,,,,
635,2023-04-17 00:00:00,1015,2.2,,,,,
636,2023-04-17 00:00:00,1056A,2.2,,1.0,2023-04-11 00:00:00,6.0,1er tercio lactancia
637,2023-04-17 00:00:00,1066A,5.0,,2.0,2022-12-26 00:00:00,112.0,2do tercio lactancia
638,2023-04-17 00:00:00,1091A,4.6,,1.0,2023-04-08 00:00:00,9.0,1er tercio lactancia
639,2023-04-17 00:00:00,1095A,6.8,,1.0,2023-01-28 00:00:00,79.0,1er tercio lactancia
640,2023-04-17 00:00:00,1109A,4.9,,1.0,2023-01-14 00:00:00,93.0,2do tercio lactancia
641,2023-04-17 00:00:00,1139A,4.0,,1.0,2022-12-28 00:00:00,110.0,2do tercio lactancia
642,2023-04-17 00:00:00,1168,8.4,,2.0,2023-01-28 00:00:00,79.0,1er tercio lactancia
643,2023-04-17 00:00:00,2021,3.6,,2.0,2022-11-14 00:00:00,154.0,2do tercio lactancia
644,2023-04-17 00:00:00,2025A,3.0,,1.0,2022-11-24 00:00:00,144.0,2do tercio lactancia
645,2023-04-17 00:00:00,2028A,6.1,,2.0,2022-12-24 00:00:00,114.0,2do tercio lactancia
646,2023-04-17 00:00:00,20337,2.3,,2.0,2022-12-22 00:00:00,116.0,2do tercio lactancia
647,2023-04-17 00:00:00,2062,4.11,,2.0,2022-12-26 00:00:00,112.0,2do tercio lactancia
648,2023-04-17 00:00:00,2063A,4.0,,2.0,2022-10-03 00:00:00,196.0,3er tercio lactancia
649,2023-04-17 00:00:00,2073,5.3,,2.0,2022-12-30 00:00:00,108.0,2do tercio lactancia
650,2023-04-17 00:00:00,2079,5.5,,1.0,2023-03-01 00:00:00,47.0,1er tercio lactancia
651,2023-04-17 00:00:00,2083,2.6,,,,,
652,2023-04-17 00:00:00,2090A,6.1,,1.0,2022-12-28 00:00:00,110.0,2do tercio lactancia
653,2023-04-17 00:00:00,2094A,4.5,,2.0,2022-11-07 00:00:00,161.0,2do tercio lactancia
654,2023-04-17 00:00:00,2096,3.9,,2.0,2022-12-01 00:00:00,137.0,2do tercio lactancia
655,2023-04-17 00:00:00,2130,6.1,,2.0,2023-01-05 00:00:00,102.0,2do tercio lactancia
656,2023-04-17 00:00:00,2133A,5.2,,1.0,2022-10-10 00:00:00,189.0,3er tercio lactancia
657,2023-04-17 00:00:00,2150,1.6,,2.0,2023-03-31 00:00:00,17.0,1er tercio lactancia
658,2023-04-17 00:00:00,2169,4.0,,2.0,2022-10-07 00:00:00,192.0,3er tercio lactancia
659,2023-04-17 00:00:00,2171,3.9,,2.0,2023-01-16 00:00:00,91.0,2do tercio lactancia
660,2023-04-17 00:00:00,2180A,5.3,,2.0,2023-04-03 00:00:00,14.0,1er tercio lactancia
661,2023-04-17 00:00:00,2196A,4.5,,,,,
662,2023-04-17 00:00:00,2208A,4.2,,,,,
663,2023-04-17 00:00:00,2209A,6.0,,1.0,2022-11-30 00:00:00,138.0,2do tercio lactancia
664,2023-04-17 00:00:00,2219,2.5,,,,,
665,2023-04-17 00:00:00,2226,5.6,,2.0,2022-11-07 00:00:00,161.0,2do tercio lactancia
666,2023-04-17 00:00:00,2234,2.1,,,,,
667,2023-04-17 00:00:00,2337,2.5,,2.0,2023-04-10 00:00:00,7.0,1er tercio lactancia
668,2023-04-17 00:00:00,3021A,5.8,,2.0,2022-10-03 00:00:00,196.0,3er tercio lactancia
669,2023-04-17 00:00:00,3024A,2.8,,2.0,2022-10-03 00:00:00,196.0,3er tercio lactancia
670,2023-04-17 00:00:00,3043,4.4,,1.0,2022-11-26 00:00:00,142.0,2do tercio lactancia
671,2023-04-17 00:00:00,3066B,2.9,,,,,
672,2023-04-17 00:00:00,3119,4.1,,2.0,2022-11-22 00:00:00,146.0,2do tercio lactancia
673,2023-04-17 00:00:00,3132,3.4,,1.0,2022-12-18 00:00:00,120.0,2do tercio lactancia
674,2023-04-17 00:00:00,3750,7.0,,2.0,2023-02-05 00:00:00,71.0,1er tercio lactancia
675,2023-04-17 00:00:00,4018,2.6,,,,,
676,2023-04-17 00:00:00,4035,3.7,,2.0,2022-12-21 00:00:00,117.0,2do tercio lactancia
677,2023-04-17 00:00:00,4055,2.6,,,,,
678,2023-04-17 00:00:00,4065,1.8,,2.0,2023-03-17 00:00:00,31.0,1er tercio lactancia
679,2023-04-17 00:00:00,4079,2.8,,1.0,2022-10-19 00:00:00,180.0,2do tercio lactancia
680,2023-04-17 00:00:00,4087,2.8,,,,,
681,2023-04-17 00:00:00,4095,5.1,,2.0,2022-12-29 00:00:00,109.0,2do tercio lactancia
682,2023-04-17 00:00:00,4147,2.0,,,,,
683,2023-04-17 00:00:00,4025,3.3,,1.0,2022-10-01 00:00:00,198.0,3er tercio lactancia
684,2023-04-17 00:00:00,5077,2.0,,1.0,2023-04-13 00:00:00,4.0,1er tercio lactancia
685,2023-04-17 00:00:00,5090,4.0,,1.0,2023-01-11 00:00:00,96.0,2do tercio lactancia
686,2023-04-17 00:00:00,5679,2.0,,,,,
687,2023-04-17 00:00:00,60286,6.0,,,,,
688,2023-04-17 00:00:00,6067,5.5,,2.0,2022-12-23 00:00:00,115.0,2do tercio lactancia
689,2023-04-17 00:00:00,6043,3.8,,,,,
690,2023-04-17 00:00:00,7059,2.2,,1.0,2023-03-14 00:00:00,34.0,1er tercio lactancia
691,2023-04-17 00:00:00,7077,6.2,,1.0,2023-04-02 00:00:00,15.0,1er tercio lactancia
692,2023-04-17 00:00:00,7083,3.5,,1.0,2022-03-20 00:00:00,393.0,4to tercio lactancia
693,2023-04-17 00:00:00,8017,5.6,,1.0,2022-12-27 00:00:00,111.0,2do tercio lactancia
694,2023-04-17 00:00:00,8030,5.3,,1.0,2023-03-13 00:00:00,35.0,1er tercio lactancia
695,2023-04-17 00:00:00,8036,4.7,,1.0,2022-11-19 00:00:00,149.0,2do tercio lactancia
696,2023-04-17 00:00:00,8063,4.6,,2.0,2023-01-11 00:00:00,96.0,2do tercio lactancia
697,2023-04-17 00:00:00,80882,8.0,,1.0,2023-03-14 00:00:00,34.0,1er tercio lactancia
698,2023-04-17 00:00:00,8094,5.0,,1.0,2023-01-14 00:00:00,93.0,2do tercio lactancia
699,2023-04-17 00:00:00,8096,5.5,,1.0,2023-01-20 00:00:00,87.0,1er tercio lactancia
700,2023-04-17 00:00:00,9904,3.0,,2.0,2022-11-20 00:00:00,148.0,2do tercio lactancia
701,2023-04-17 00:00:00,SNA,5.8,,2.0,2022-11-21 00:00:00,147.0,2do tercio lactancia
702,2023-05-08 00:00:00,0132,5.4,,2.0,2022-12-26 00:00:00,133.0,2do tercio lactancia
703,2023-05-08 00:00:00,0500,7.2,,2.0,2023-05-01 00:00:00,7.0,1er tercio lactancia
704,2023-05-08 00:00:00,0740,4.2,,,,,
705,2023-05-08 00:00:00,1015,3.6,,,,,
706,2023-05-08 00:00:00,1066A,6.2,,2.0,2022-12-26 00:00:00,133.0,2do tercio lactancia
707,2023-05-08 00:00:00,1091A,5.7,,1.0,2023-04-08 00:00:00,30.0,1er tercio lactancia
708,2023-05-08 00:00:00,1095A,5.5,,1.0,2023-01-28 00:00:00,100.0,2do tercio lactancia
709,2023-05-08 00:00:00,1109A,5.7,,1.0,2023-01-14 00:00:00,114.0,2do tercio lactancia
710,2023-05-08 00:00:00,1139A,4.3,,1.0,2022-12-28 00:00:00,131.0,2do tercio lactancia
711,2023-05-08 00:00:00,1168,8.0,,2.0,2023-01-28 00:00:00,100.0,2do tercio lactancia
712,2023-05-08 00:00:00,2021,2.3,,2.0,2022-11-14 00:00:00,175.0,2do tercio lactancia
713,2023-05-08 00:00:00,2025A,3.3,,1.0,2022-11-24 00:00:00,165.0,2do tercio lactancia
714,2023-05-08 00:00:00,2028A,7.0,,2.0,2022-12-24 00:00:00,135.0,2do tercio lactancia
715,2023-05-08 00:00:00,20337,1.4,,2.0,2022-12-22 00:00:00,137.0,2do tercio lactancia
716,2023-05-08 00:00:00,2062,6.4,,2.0,2022-12-26 00:00:00,133.0,2do tercio lactancia
717,2023-05-08 00:00:00,2063A,3.4,,2.0,2022-10-03 00:00:00,217.0,3er tercio lactancia
718,2023-05-08 00:00:00,2072,8.9,,1.0,2023-04-17 00:00:00,21.0,1er tercio lactancia
719,2023-05-08 00:00:00,2073,5.8,,2.0,2022-12-30 00:00:00,129.0,2do tercio lactancia
720,2023-05-08 00:00:00,2079,9.6,,1.0,2023-03-01 00:00:00,68.0,1er tercio lactancia
721,2023-05-08 00:00:00,2083,1.4,,,,,
722,2023-05-08 00:00:00,2090A,6.7,,1.0,2022-12-28 00:00:00,131.0,2do tercio lactancia
723,2023-05-08 00:00:00,2094A,4.7,,2.0,2022-11-07 00:00:00,182.0,3er tercio lactancia
724,2023-05-08 00:00:00,2096,3.9,,2.0,2022-12-01 00:00:00,158.0,2do tercio lactancia
725,2023-05-08 00:00:00,2130,5.2,,2.0,2023-01-05 00:00:00,123.0,2do tercio lactancia
726,2023-05-08 00:00:00,2133A,5.6,,1.0,2022-10-10 00:00:00,210.0,3er tercio lactancia
727,2023-05-08 00:00:00,2143,9.0,,2.0,2023-04-29 00:00:00,9.0,1er tercio lactancia
728,2023-05-08 00:00:00,2150,4.3,,2.0,2023-03-31 00:00:00,38.0,1er tercio lactancia
729,2023-05-08 00:00:00,2169,4.0,,2.0,2022-10-07 00:00:00,213.0,3er tercio lactancia
730,2023-05-08 00:00:00,2171,2.0,,2.0,2023-01-16 00:00:00,112.0,2do tercio lactancia
731,2023-05-08 00:00:00,2177A,4.6,,1.0,2023-04-16 00:00:00,22.0,1er tercio lactancia
732,2023-05-08 00:00:00,2180A,9.6,,2.0,2023-04-03 00:00:00,35.0,1er tercio lactancia
733,2023-05-08 00:00:00,2196A,4.4,,,,,
734,2023-05-08 00:00:00,2208A,4.7,,,,,
735,2023-05-08 00:00:00,2209A,6.8,,1.0,2022-11-30 00:00:00,159.0,2do tercio lactancia
736,2023-05-08 00:00:00,2220,3.4,,2.0,2022-12-24 00:00:00,135.0,2do tercio lactancia
737,2023-05-08 00:00:00,2226,6.3,,2.0,2022-11-07 00:00:00,182.0,3er tercio lactancia
738,2023-05-08 00:00:00,2337,4.3,,2.0,2023-04-10 00:00:00,28.0,1er tercio lactancia
739,2023-05-08 00:00:00,3021A,7.6,,2.0,2022-10-03 00:00:00,217.0,3er tercio lactancia
740,2023-05-08 00:00:00,3024A,1.8,,2.0,2022-10-03 00:00:00,217.0,3er tercio lactancia
741,2023-05-08 00:00:00,3043,4.9,,1.0,2022-11-26 00:00:00,163.0,2do tercio lactancia
742,2023-05-08 00:00:00,3119,3.7,,2.0,2022-11-22 00:00:00,167.0,2do tercio lactancia
743,2023-05-08 00:00:00,3132,3.9,,1.0,2022-12-18 00:00:00,141.0,2do tercio lactancia
744,2023-05-08 00:00:00,3750,7.4,,2.0,2023-02-05 00:00:00,92.0,2do tercio lactancia
745,2023-05-08 00:00:00,4035,5.0,,2.0,2022-12-21 00:00:00,138.0,2do tercio lactancia
746,2023-05-08 00:00:00,4065,3.3,,2.0,2023-03-17 00:00:00,52.0,1er tercio lactancia
747,2023-05-08 00:00:00,4079,3.4,,1.0,2022-10-19 00:00:00,201.0,3er tercio lactancia
748,2023-05-08 00:00:00,4095,5.5,,2.0,2022-12-29 00:00:00,130.0,2do tercio lactancia
749,2023-05-08 00:00:00,4143,5.2,,1.0,2023-04-17 00:00:00,21.0,1er tercio lactancia
750,2023-05-08 00:00:00,4025,5.0,,1.0,2022-10-01 00:00:00,219.0,3er tercio lactancia
751,2023-05-08 00:00:00,4A,2.8,,1.0,2022-12-30 00:00:00,129.0,2do tercio lactancia
752,2023-05-08 00:00:00,5052,5.7,,1.0,2023-04-15 00:00:00,23.0,1er tercio lactancia
753,2023-05-08 00:00:00,5077,4.9,,1.0,2023-04-13 00:00:00,25.0,1er tercio lactancia
754,2023-05-08 00:00:00,5090,2.4,,1.0,2023-01-11 00:00:00,117.0,2do tercio lactancia
755,2023-05-08 00:00:00,60286,6.6,,,,,
756,2023-05-08 00:00:00,6067,5.2,,2.0,2022-12-23 00:00:00,136.0,2do tercio lactancia
757,2023-05-08 00:00:00,6043,4.0,,,,,
758,2023-05-08 00:00:00,7012,4.1,,1.0,2023-04-30 00:00:00,8.0,1er tercio lactancia
759,2023-05-08 00:00:00,7017,2.8,,1.0,2023-05-01 00:00:00,7.0,1er tercio lactancia
760,2023-05-08 00:00:00,7059,6.4,,1.0,2023-03-14 00:00:00,55.0,1er tercio lactancia
761,2023-05-08 00:00:00,7074,5.4,,1.0,2023-04-24 00:00:00,14.0,1er tercio lactancia
762,2023-05-08 00:00:00,7077,5.7,,1.0,2023-04-02 00:00:00,36.0,1er tercio lactancia
763,2023-05-08 00:00:00,8017,4.7,,1.0,2022-12-27 00:00:00,132.0,2do tercio lactancia
764,2023-05-08 00:00:00,8028,3.9,,1.0,2023-05-03 00:00:00,5.0,1er tercio lactancia
765,2023-05-08 00:00:00,8030,5.8,,1.0,2023-03-13 00:00:00,56.0,1er tercio lactancia
766,2023-05-08 00:00:00,8036,5.2,,1.0,2022-11-19 00:00:00,170.0,2do tercio lactancia
767,2023-05-08 00:00:00,8063,4.4,,2.0,2023-01-11 00:00:00,117.0,2do tercio lactancia
768,2023-05-08 00:00:00,80882,8.5,,1.0,2023-03-14 00:00:00,55.0,1er tercio lactancia
769,2023-05-08 00:00:00,809,5.5,,1.0,2023-05-03 00:00:00,5.0,1er tercio lactancia
770,2023-05-08 00:00:00,8094,6.4,,1.0,2023-01-14 00:00:00,114.0,2do tercio lactancia
771,2023-05-08 00:00:00,8096,6.0,,1.0,2023-01-20 00:00:00,108.0,2do tercio lactancia
772,2023-05-08 00:00:00,9238,2.8,,1.0,2023-04-24 00:00:00,14.0,1er tercio lactancia
773,2023-05-08 00:00:00,SNA,6.7,,2.0,2022-11-21 00:00:00,168.0,2do tercio lactancia
774,2023-06-01 00:00:00,0132,4.6,,2.0,2022-12-26 00:00:00,157.0,2do tercio lactancia
775,2023-06-01 00:00:00,0500,8.1,,2.0,2023-05-01 00:00:00,31.0,1er tercio lactancia
776,2023-06-01 00:00:00,0740,3.1,,,,,
777,2023-06-01 00:00:00,1066A,5.9,,2.0,2022-12-26 00:00:00,157.0,2do tercio lactancia
778,2023-06-01 00:00:00,1091A,6.2,,1.0,2023-04-08 00:00:00,54.0,1er tercio lactancia
779,2023-06-01 00:00:00,1095A,5.0,,1.0,2023-01-28 00:00:00,124.0,2do tercio lactancia
780,2023-06-01 00:00:00,1109A,3.5,,1.0,2023-01-14 00:00:00,138.0,2do tercio lactancia
781,2023-06-01 00:00:00,1112A,4.6,,1.0,2023-05-15 00:00:00,17.0,1er tercio lactancia
782,2023-06-01 00:00:00,1139A,3.7,,1.0,2022-12-28 00:00:00,155.0,2do tercio lactancia
783,2023-06-01 00:00:00,2025A,2.4,,1.0,2022-11-24 00:00:00,189.0,3er tercio lactancia
784,2023-06-01 00:00:00,2028A,6.3,,2.0,2022-12-24 00:00:00,159.0,2do tercio lactancia
785,2023-06-01 00:00:00,2050,8.6,,2.0,2023-05-08 00:00:00,24.0,1er tercio lactancia
786,2023-06-01 00:00:00,2062,5.9,,2.0,2022-12-26 00:00:00,157.0,2do tercio lactancia
787,2023-06-01 00:00:00,2072,9.7,,1.0,2023-04-17 00:00:00,45.0,1er tercio lactancia
788,2023-06-01 00:00:00,2073,4.8,,2.0,2022-12-30 00:00:00,153.0,2do tercio lactancia
789,2023-06-01 00:00:00,2079,7.9,,1.0,2023-03-01 00:00:00,92.0,2do tercio lactancia
790,2023-06-01 00:00:00,2090A,7.2,,1.0,2022-12-28 00:00:00,155.0,2do tercio lactancia
791,2023-06-01 00:00:00,2094A,4.1,,2.0,2022-11-07 00:00:00,206.0,3er tercio lactancia
792,2023-06-01 00:00:00,2096,3.1,,2.0,2022-12-01 00:00:00,182.0,3er tercio lactancia
793,2023-06-01 00:00:00,2130,4.8,,2.0,2023-01-05 00:00:00,147.0,2do tercio lactancia
794,2023-06-01 00:00:00,2133A,4.9,,1.0,2022-10-10 00:00:00,234.0,3er tercio lactancia
795,2023-06-01 00:00:00,2143,9.8,,2.0,2023-04-29 00:00:00,33.0,1er tercio lactancia
796,2023-06-01 00:00:00,2149A,3.3,,2.0,2023-05-22 00:00:00,10.0,1er tercio lactancia
797,2023-06-01 00:00:00,2150,4.2,,2.0,2023-03-31 00:00:00,62.0,1er tercio lactancia
798,2023-06-01 00:00:00,2169,2.6,,2.0,2022-10-07 00:00:00,237.0,3er tercio lactancia
799,2023-06-01 00:00:00,2177A,4.6,,1.0,2023-04-16 00:00:00,46.0,1er tercio lactancia
800,2023-06-01 00:00:00,2180A,9.0,,2.0,2023-04-03 00:00:00,59.0,1er tercio lactancia
801,2023-06-01 00:00:00,2208A,4.2,,,,,
802,2023-06-01 00:00:00,2209A,6.4,,1.0,2022-11-30 00:00:00,183.0,3er tercio lactancia
803,2023-06-01 00:00:00,2226,5.9,,2.0,2022-11-07 00:00:00,206.0,3er tercio lactancia
804,2023-06-01 00:00:00,2337,4.2,,2.0,2023-04-10 00:00:00,52.0,1er tercio lactancia
805,2023-06-01 00:00:00,3021A,6.0,,2.0,2022-10-03 00:00:00,241.0,3er tercio lactancia
806,2023-06-01 00:00:00,3043,3.8,,1.0,2022-11-26 00:00:00,187.0,3er tercio lactancia
807,2023-06-01 00:00:00,3119,3.6,,2.0,2022-11-22 00:00:00,191.0,3er tercio lactancia
808,2023-06-01 00:00:00,3132,3.3,,1.0,2022-12-18 00:00:00,165.0,2do tercio lactancia
809,2023-06-01 00:00:00,3750,6.7,,2.0,2023-02-05 00:00:00,116.0,2do tercio lactancia
810,2023-06-01 00:00:00,4018,1.3,,,,,
811,2023-06-01 00:00:00,4035,5.1,,2.0,2022-12-21 00:00:00,162.0,2do tercio lactancia
812,2023-06-01 00:00:00,4065,2.9,,2.0,2023-03-17 00:00:00,76.0,1er tercio lactancia
813,2023-06-01 00:00:00,4079,2.4,,1.0,2022-10-19 00:00:00,225.0,3er tercio lactancia
814,2023-06-01 00:00:00,4095,4.0,,2.0,2022-12-29 00:00:00,154.0,2do tercio lactancia
815,2023-06-01 00:00:00,4143,5.4,,1.0,2023-04-17 00:00:00,45.0,1er tercio lactancia
816,2023-06-01 00:00:00,4025,3.3,,1.0,2022-10-01 00:00:00,243.0,3er tercio lactancia
817,2023-06-01 00:00:00,4A,2.7,,1.0,2022-12-30 00:00:00,153.0,2do tercio lactancia
818,2023-06-01 00:00:00,5052,5.9,,1.0,2023-04-15 00:00:00,47.0,1er tercio lactancia
819,2023-06-01 00:00:00,5077,5.2,,1.0,2023-04-13 00:00:00,49.0,1er tercio lactancia
820,2023-06-01 00:00:00,5090,4.4,,1.0,2023-01-11 00:00:00,141.0,2do tercio lactancia
821,2023-06-01 00:00:00,60286,3.6,,,,,
822,2023-06-01 00:00:00,6067,5.2,,2.0,2022-12-23 00:00:00,160.0,2do tercio lactancia
823,2023-06-01 00:00:00,6043,4.1,,,,,
824,2023-06-01 00:00:00,7012,5.8,,1.0,2023-04-30 00:00:00,32.0,1er tercio lactancia
825,2023-06-01 00:00:00,7028,7.0,,2.0,2023-05-22 00:00:00,10.0,1er tercio lactancia
826,2023-06-01 00:00:00,7059,5.7,,1.0,2023-03-14 00:00:00,79.0,1er tercio lactancia
827,2023-06-01 00:00:00,7067,5.7,,1.0,2023-05-11 00:00:00,21.0,1er tercio lactancia
828,2023-06-01 00:00:00,7074,6.9,,1.0,2023-04-24 00:00:00,38.0,1er tercio lactancia
829,2023-06-01 00:00:00,7077,4.3,,1.0,2023-04-02 00:00:00,60.0,1er tercio lactancia
830,2023-06-01 00:00:00,8017,5.3,,1.0,2022-12-27 00:00:00,156.0,2do tercio lactancia
831,2023-06-01 00:00:00,80272,4.0,,1.0,2023-05-18 00:00:00,14.0,1er tercio lactancia
832,2023-06-01 00:00:00,8028,5.2,,1.0,2023-05-03 00:00:00,29.0,1er tercio lactancia
833,2023-06-01 00:00:00,8030,5.5,,1.0,2023-03-13 00:00:00,80.0,1er tercio lactancia
834,2023-06-01 00:00:00,8036,5.0,,1.0,2022-11-19 00:00:00,194.0,3er tercio lactancia
835,2023-06-01 00:00:00,8063,3.6,,2.0,2023-01-11 00:00:00,141.0,2do tercio lactancia
836,2023-06-01 00:00:00,8079,3.5,,1.0,2023-05-07 00:00:00,25.0,1er tercio lactancia
837,2023-06-01 00:00:00,80882,6.6,,1.0,2023-03-14 00:00:00,79.0,1er tercio lactancia
838,2023-06-01 00:00:00,809,9.0,,1.0,2023-05-03 00:00:00,29.0,1er tercio lactancia
839,2023-06-01 00:00:00,8094,5.2,,1.0,2023-01-14 00:00:00,138.0,2do tercio lactancia
840,2023-06-01 00:00:00,8096,3.9,,1.0,2023-01-20 00:00:00,132.0,2do tercio lactancia
841,2023-06-01 00:00:00,9238,5.5,,1.0,2023-04-24 00:00:00,38.0,1er tercio lactancia
842,2023-06-01 00:00:00,SNA,5.9,,2.0,2022-11-21 00:00:00,192.0,3er tercio lactancia
843,2023-06-17 00:00:00,0132,5.5,,2.0,2022-12-26 00:00:00,173.0,2do tercio lactancia
844,2023-06-17 00:00:00,0500,8.6,,2.0,2023-05-01 00:00:00,47.0,1er tercio lactancia
845,2023-06-17 00:00:00,0740,2.9,,,,,
846,2023-06-17 00:00:00,1066A,5.1,,2.0,2022-12-26 00:00:00,173.0,2do tercio lactancia
847,2023-06-17 00:00:00,1091A,5.8,,1.0,2023-04-08 00:00:00,70.0,1er tercio lactancia
848,2023-06-17 00:00:00,1095A,5.0,,1.0,2023-01-28 00:00:00,140.0,2do tercio lactancia
849,2023-06-17 00:00:00,1109A,4.8,,1.0,2023-01-14 00:00:00,154.0,2do tercio lactancia
850,2023-06-17 00:00:00,1112A,5.4,,1.0,2023-05-15 00:00:00,33.0,1er tercio lactancia
851,2023-06-17 00:00:00,1128,1.9,,1.0,2023-05-17 00:00:00,31.0,1er tercio lactancia
852,2023-06-17 00:00:00,1139A,3.7,,1.0,2022-12-28 00:00:00,171.0,2do tercio lactancia
853,2023-06-17 00:00:00,1168,8.1,,2.0,2023-01-28 00:00:00,140.0,2do tercio lactancia
854,2023-06-17 00:00:00,2025A,2.7,,1.0,2022-11-24 00:00:00,205.0,3er tercio lactancia
855,2023-06-17 00:00:00,2028A,5.4,,2.0,2022-12-24 00:00:00,175.0,2do tercio lactancia
856,2023-06-17 00:00:00,20334,5.2,,1.0,2023-03-20 00:00:00,89.0,1er tercio lactancia
857,2023-06-17 00:00:00,2047,8.4,,2.0,2023-06-11 00:00:00,6.0,1er tercio lactancia
858,2023-06-17 00:00:00,2050,6.9,,2.0,2023-05-08 00:00:00,40.0,1er tercio lactancia
859,2023-06-17 00:00:00,2062,6.5,,2.0,2022-12-26 00:00:00,173.0,2do tercio lactancia
860,2023-06-17 00:00:00,2072,10.3,,1.0,2023-04-17 00:00:00,61.0,1er tercio lactancia
861,2023-06-17 00:00:00,2073,5.0,,2.0,2022-12-30 00:00:00,169.0,2do tercio lactancia
862,2023-06-17 00:00:00,2079,5.1,,1.0,2023-03-01 00:00:00,108.0,2do tercio lactancia
863,2023-06-17 00:00:00,2090A,5.9,,1.0,2022-12-28 00:00:00,171.0,2do tercio lactancia
864,2023-06-17 00:00:00,2094A,3.4,,2.0,2022-11-07 00:00:00,222.0,3er tercio lactancia
865,2023-06-17 00:00:00,2096,2.9,,2.0,2022-12-01 00:00:00,198.0,3er tercio lactancia
866,2023-06-17 00:00:00,2124A,13.3,,2.0,2023-05-31 00:00:00,17.0,1er tercio lactancia
867,2023-06-17 00:00:00,2130,5.2,,2.0,2023-01-05 00:00:00,163.0,2do tercio lactancia
868,2023-06-17 00:00:00,2133A,5.2,,1.0,2022-10-10 00:00:00,250.0,3er tercio lactancia
869,2023-06-17 00:00:00,2143,8.9,,2.0,2023-04-29 00:00:00,49.0,1er tercio lactancia
870,2023-06-17 00:00:00,2149A,7.2,,2.0,2023-05-22 00:00:00,26.0,1er tercio lactancia
871,2023-06-17 00:00:00,2150,3.5,,2.0,2023-03-31 00:00:00,78.0,1er tercio lactancia
872,2023-06-17 00:00:00,2169,2.5,,2.0,2022-10-07 00:00:00,253.0,3er tercio lactancia
873,2023-06-17 00:00:00,2177A,5.9,,1.0,2023-04-16 00:00:00,62.0,1er tercio lactancia
874,2023-06-17 00:00:00,2180A,9.0,,2.0,2023-04-03 00:00:00,75.0,1er tercio lactancia
875,2023-06-17 00:00:00,2208A,3.8,,,,,
876,2023-06-17 00:00:00,2209A,5.2,,1.0,2022-11-30 00:00:00,199.0,3er tercio lactancia
877,2023-06-17 00:00:00,2220,3.0,,2.0,2022-12-24 00:00:00,175.0,2do tercio lactancia
878,2023-06-17 00:00:00,2226,3.7,,2.0,2022-11-07 00:00:00,222.0,3er tercio lactancia
879,2023-06-17 00:00:00,2337,5.1,,2.0,2023-04-10 00:00:00,68.0,1er tercio lactancia
880,2023-06-17 00:00:00,3021A,5.9,,2.0,2022-10-03 00:00:00,257.0,3er tercio lactancia
881,2023-06-17 00:00:00,3043,4.1,,1.0,2022-11-26 00:00:00,203.0,3er tercio lactancia
882,2023-06-17 00:00:00,3107,6.9,,2.0,2023-05-25 00:00:00,23.0,1er tercio lactancia
883,2023-06-17 00:00:00,3119,3.2,,2.0,2022-11-22 00:00:00,207.0,3er tercio lactancia
884,2023-06-17 00:00:00,3132,2.9,,1.0,2022-12-18 00:00:00,181.0,3er tercio lactancia
885,2023-06-17 00:00:00,3750,7.1,,2.0,2023-02-05 00:00:00,132.0,2do tercio lactancia
886,2023-06-17 00:00:00,4035,5.5,,2.0,2022-12-21 00:00:00,178.0,2do tercio lactancia
887,2023-06-17 00:00:00,4065,3.6,,2.0,2023-03-17 00:00:00,92.0,2do tercio lactancia
888,2023-06-17 00:00:00,4079,2.6,,1.0,2022-10-19 00:00:00,241.0,3er tercio lactancia
889,2023-06-17 00:00:00,4095,3.5,,2.0,2022-12-29 00:00:00,170.0,2do tercio lactancia
890,2023-06-17 00:00:00,4143,4.6,,1.0,2023-04-17 00:00:00,61.0,1er tercio lactancia
891,2023-06-17 00:00:00,4025,2.7,,1.0,2022-10-01 00:00:00,259.0,3er tercio lactancia
892,2023-06-17 00:00:00,4A,2.5,,1.0,2022-12-30 00:00:00,169.0,2do tercio lactancia
893,2023-06-17 00:00:00,5052,5.4,,1.0,2023-04-15 00:00:00,63.0,1er tercio lactancia
894,2023-06-17 00:00:00,5076,1.1,,1.0,2023-05-29 00:00:00,19.0,1er tercio lactancia
895,2023-06-17 00:00:00,5077,5.2,,1.0,2023-04-13 00:00:00,65.0,1er tercio lactancia
896,2023-06-17 00:00:00,5090,4.7,,1.0,2023-01-11 00:00:00,157.0,2do tercio lactancia
897,2023-06-17 00:00:00,60286,4.8,,,,,
898,2023-06-17 00:00:00,6067,3.9,,2.0,2022-12-23 00:00:00,176.0,2do tercio lactancia
899,2023-06-17 00:00:00,6043,4.2,,,,,
900,2023-06-17 00:00:00,7012,5.8,,1.0,2023-04-30 00:00:00,48.0,1er tercio lactancia
901,2023-06-17 00:00:00,7017,7.8,,1.0,2023-05-01 00:00:00,47.0,1er tercio lactancia
902,2023-06-17 00:00:00,7028,7.0,,2.0,2023-05-22 00:00:00,26.0,1er tercio lactancia
903,2023-06-17 00:00:00,7059,6.0,,1.0,2023-03-14 00:00:00,95.0,2do tercio lactancia
904,2023-06-17 00:00:00,7067,7.7,,1.0,2023-05-11 00:00:00,37.0,1er tercio lactancia
905,2023-06-17 00:00:00,7074,7.1,,1.0,2023-04-24 00:00:00,54.0,1er tercio lactancia
906,2023-06-17 00:00:00,7077,5.4,,1.0,2023-04-02 00:00:00,76.0,1er tercio lactancia
907,2023-06-17 00:00:00,8017,4.1,,1.0,2022-12-27 00:00:00,172.0,2do tercio lactancia
908,2023-06-17 00:00:00,80272,3.1,,1.0,2023-05-18 00:00:00,30.0,1er tercio lactancia
909,2023-06-17 00:00:00,8028,5.2,,1.0,2023-05-03 00:00:00,45.0,1er tercio lactancia
910,2023-06-17 00:00:00,8030,4.5,,1.0,2023-03-13 00:00:00,96.0,2do tercio lactancia
911,2023-06-17 00:00:00,8036,5.3,,1.0,2022-11-19 00:00:00,210.0,3er tercio lactancia
912,2023-06-17 00:00:00,8043,4.2,,1.0,2023-06-08 00:00:00,9.0,1er tercio lactancia
913,2023-06-17 00:00:00,80472,2.4,,1.0,2023-05-06 00:00:00,42.0,1er tercio lactancia
914,2023-06-17 00:00:00,8048,6.4,,1.0,2023-06-08 00:00:00,9.0,1er tercio lactancia
915,2023-06-17 00:00:00,8050,4.5,,1.0,2023-05-30 00:00:00,18.0,1er tercio lactancia
916,2023-06-17 00:00:00,8063,3.6,,2.0,2023-01-11 00:00:00,157.0,2do tercio lactancia
917,2023-06-17 00:00:00,8079,3.9,,1.0,2023-05-07 00:00:00,41.0,1er tercio lactancia
918,2023-06-17 00:00:00,8087,5.4,,1.0,2023-05-29 00:00:00,19.0,1er tercio lactancia
919,2023-06-17 00:00:00,80882,6.8,,1.0,2023-03-14 00:00:00,95.0,2do tercio lactancia
920,2023-06-17 00:00:00,809,8.4,,1.0,2023-05-03 00:00:00,45.0,1er tercio lactancia
921,2023-06-17 00:00:00,8094,5.0,,1.0,2023-01-14 00:00:00,154.0,2do tercio lactancia
922,2023-06-17 00:00:00,8096,4.7,,1.0,2023-01-20 00:00:00,148.0,2do tercio lactancia
923,2023-06-17 00:00:00,9071,2.2,,1.0,2023-06-01 00:00:00,16.0,1er tercio lactancia
924,2023-06-17 00:00:00,9100,2.7,,1.0,2023-06-03 00:00:00,14.0,1er tercio lactancia
925,2023-06-17 00:00:00,9238,3.2,,1.0,2023-04-24 00:00:00,54.0,1er tercio lactancia
926,2023-06-17 00:00:00,SNA,5.2,,2.0,2022-11-21 00:00:00,208.0,3er tercio lactancia
927,2023-07-10 00:00:00,0132,4.5,,2.0,2022-12-26 00:00:00,196.0,3er tercio lactancia
928,2023-07-10 00:00:00,0500,7.5,,2.0,2023-05-01 00:00:00,70.0,1er tercio lactancia
929,2023-07-10 00:00:00,1066A,4.2,,2.0,2022-12-26 00:00:00,196.0,3er tercio lactancia
930,2023-07-10 00:00:00,1091A,5.7,,1.0,2023-04-08 00:00:00,93.0,2do tercio lactancia
931,2023-07-10 00:00:00,1095A,5.1,,1.0,2023-01-28 00:00:00,163.0,2do tercio lactancia
932,2023-07-10 00:00:00,1109A,4.3,,1.0,2023-01-14 00:00:00,177.0,2do tercio lactancia
933,2023-07-10 00:00:00,1112A,5.6,,1.0,2023-05-15 00:00:00,56.0,1er tercio lactancia
934,2023-07-10 00:00:00,1128,4.7,,1.0,2023-05-17 00:00:00,54.0,1er tercio lactancia
935,2023-07-10 00:00:00,1139A,3.4,,1.0,2022-12-28 00:00:00,194.0,3er tercio lactancia
936,2023-07-10 00:00:00,1168,7.3,,2.0,2023-01-28 00:00:00,163.0,2do tercio lactancia
937,2023-07-10 00:00:00,2025A,2.1,,1.0,2022-11-24 00:00:00,228.0,3er tercio lactancia
938,2023-07-10 00:00:00,2028A,3.7,,2.0,2022-12-24 00:00:00,198.0,3er tercio lactancia
939,2023-07-10 00:00:00,2047,6.3,,2.0,2023-06-11 00:00:00,29.0,1er tercio lactancia
940,2023-07-10 00:00:00,2050,10.0,,2.0,2023-05-08 00:00:00,63.0,1er tercio lactancia
941,2023-07-10 00:00:00,2062,5.7,,2.0,2022-12-26 00:00:00,196.0,3er tercio lactancia
942,2023-07-10 00:00:00,2072,8.6,,1.0,2023-04-17 00:00:00,84.0,1er tercio lactancia
943,2023-07-10 00:00:00,2073,5.9,,2.0,2022-12-30 00:00:00,192.0,3er tercio lactancia
944,2023-07-10 00:00:00,2079,7.8,,1.0,2023-03-01 00:00:00,131.0,2do tercio lactancia
945,2023-07-10 00:00:00,2090A,5.0,,1.0,2022-12-28 00:00:00,194.0,3er tercio lactancia
946,2023-07-10 00:00:00,2094A,2.2,,2.0,2022-11-07 00:00:00,245.0,3er tercio lactancia
947,2023-07-10 00:00:00,2096,2.4,,2.0,2022-12-01 00:00:00,221.0,3er tercio lactancia
948,2023-07-10 00:00:00,2124A,13.2,,2.0,2023-05-31 00:00:00,40.0,1er tercio lactancia
949,2023-07-10 00:00:00,2130,4.5,,2.0,2023-01-05 00:00:00,186.0,3er tercio lactancia
950,2023-07-10 00:00:00,2133A,4.6,,1.0,2022-10-10 00:00:00,273.0,4to tercio lactancia
951,2023-07-10 00:00:00,2143,9.2,,2.0,2023-04-29 00:00:00,72.0,1er tercio lactancia
952,2023-07-10 00:00:00,2149A,7.3,,2.0,2023-05-22 00:00:00,49.0,1er tercio lactancia
953,2023-07-10 00:00:00,2150,2.5,,2.0,2023-03-31 00:00:00,101.0,2do tercio lactancia
954,2023-07-10 00:00:00,2180A,8.3,,2.0,2023-04-03 00:00:00,98.0,2do tercio lactancia
955,2023-07-10 00:00:00,2208A,4.3,,,,,
956,2023-07-10 00:00:00,2209A,4.5,,1.0,2022-11-30 00:00:00,222.0,3er tercio lactancia
957,2023-07-10 00:00:00,2220,3.1,,2.0,2022-12-24 00:00:00,198.0,3er tercio lactancia
958,2023-07-10 00:00:00,2226,3.4,,2.0,2022-11-07 00:00:00,245.0,3er tercio lactancia
959,2023-07-10 00:00:00,2337,4.2,,2.0,2023-04-10 00:00:00,91.0,2do tercio lactancia
960,2023-07-10 00:00:00,3021A,6.1,,2.0,2022-10-03 00:00:00,280.0,4to tercio lactancia
961,2023-07-10 00:00:00,3043,4.4,,1.0,2022-11-26 00:00:00,226.0,3er tercio lactancia
962,2023-07-10 00:00:00,3107,7.2,,2.0,2023-05-25 00:00:00,46.0,1er tercio lactancia
963,2023-07-10 00:00:00,31102,11.5,,1.0,2022-01-16 00:00:00,540.0,4to tercio lactancia
964,2023-07-10 00:00:00,3119,2.4,,2.0,2022-11-22 00:00:00,230.0,3er tercio lactancia
965,2023-07-10 00:00:00,3132,2.4,,1.0,2022-12-18 00:00:00,204.0,3er tercio lactancia
966,2023-07-10 00:00:00,3750,7.8,,2.0,2023-02-05 00:00:00,155.0,2do tercio lactancia
967,2023-07-10 00:00:00,40072,6.0,,1.0,2023-06-15 00:00:00,25.0,1er tercio lactancia
968,2023-07-10 00:00:00,4035,5.0,,2.0,2022-12-21 00:00:00,201.0,3er tercio lactancia
969,2023-07-10 00:00:00,4065,3.0,,2.0,2023-03-17 00:00:00,115.0,2do tercio lactancia
970,2023-07-10 00:00:00,4066,1.2,,1.0,2023-07-05 00:00:00,5.0,1er tercio lactancia
971,2023-07-10 00:00:00,4079,1.8,,1.0,2022-10-19 00:00:00,264.0,3er tercio lactancia
972,2023-07-10 00:00:00,4095,3.8,,2.0,2022-12-29 00:00:00,193.0,3er tercio lactancia
973,2023-07-10 00:00:00,4143,4.2,,1.0,2023-04-17 00:00:00,84.0,1er tercio lactancia
974,2023-07-10 00:00:00,4151,6.7,,2.0,2023-06-28 00:00:00,12.0,1er tercio lactancia
975,2023-07-10 00:00:00,4A,2.2,,1.0,2022-12-30 00:00:00,192.0,3er tercio lactancia
976,2023-07-10 00:00:00,5052,4.9,,1.0,2023-04-15 00:00:00,86.0,1er tercio lactancia
977,2023-07-10 00:00:00,5076,3.5,,1.0,2023-05-29 00:00:00,42.0,1er tercio lactancia
978,2023-07-10 00:00:00,5077,7.7,,1.0,2023-04-13 00:00:00,88.0,1er tercio lactancia
979,2023-07-10 00:00:00,5090,4.4,,1.0,2023-01-11 00:00:00,180.0,2do tercio lactancia
980,2023-07-10 00:00:00,5098,1.0,,1.0,2023-07-03 00:00:00,7.0,1er tercio lactancia
981,2023-07-10 00:00:00,60286,5.4,,,,,
982,2023-07-10 00:00:00,6031,1.3,,1.0,2023-05-31 00:00:00,40.0,1er tercio lactancia
983,2023-07-10 00:00:00,6067,4.0,,2.0,2022-12-23 00:00:00,199.0,3er tercio lactancia
984,2023-07-10 00:00:00,6043,3.8,,,,,
985,2023-07-10 00:00:00,7012,5.6,,1.0,2023-04-30 00:00:00,71.0,1er tercio lactancia
986,2023-07-10 00:00:00,7017,7.2,,1.0,2023-05-01 00:00:00,70.0,1er tercio lactancia
987,2023-07-10 00:00:00,7028,6.9,,2.0,2023-05-22 00:00:00,49.0,1er tercio lactancia
988,2023-07-10 00:00:00,7059,5.8,,1.0,2023-03-14 00:00:00,118.0,2do tercio lactancia
989,2023-07-10 00:00:00,7067,9.3,,1.0,2023-05-11 00:00:00,60.0,1er tercio lactancia
990,2023-07-10 00:00:00,7074,6.6,,1.0,2023-04-24 00:00:00,77.0,1er tercio lactancia
991,2023-07-10 00:00:00,7077,5.0,,1.0,2023-04-02 00:00:00,99.0,2do tercio lactancia
992,2023-07-10 00:00:00,8005,1.6,,1.0,2023-06-27 00:00:00,13.0,1er tercio lactancia
993,2023-07-10 00:00:00,8017,4.5,,1.0,2022-12-27 00:00:00,195.0,3er tercio lactancia
994,2023-07-10 00:00:00,80272,4.1,,1.0,2023-05-18 00:00:00,53.0,1er tercio lactancia
995,2023-07-10 00:00:00,8028,5.3,,1.0,2023-05-03 00:00:00,68.0,1er tercio lactancia
996,2023-07-10 00:00:00,8030,4.4,,1.0,2023-03-13 00:00:00,119.0,2do tercio lactancia
997,2023-07-10 00:00:00,8036,4.5,,1.0,2022-11-19 00:00:00,233.0,3er tercio lactancia
998,2023-07-10 00:00:00,8043,4.4,,1.0,2023-06-08 00:00:00,32.0,1er tercio lactancia
999,2023-07-10 00:00:00,80472,4.2,,1.0,2023-05-06 00:00:00,65.0,1er tercio lactancia
1000,2023-07-10 00:00:00,8050,5.7,,1.0,2023-05-30 00:00:00,41.0,1er tercio lactancia
1001,2023-07-10 00:00:00,8063,3.1,,2.0,2023-01-11 00:00:00,180.0,2do tercio lactancia
1002,2023-07-10 00:00:00,8077,3.0,,1.0,2023-06-28 00:00:00,12.0,1er tercio lactancia
1003,2023-07-10 00:00:00,8079,5.2,,1.0,2023-05-07 00:00:00,64.0,1er tercio lactancia
1004,2023-07-10 00:00:00,8086,5.6,,1.0,2023-06-22 00:00:00,18.0,1er tercio lactancia
1005,2023-07-10 00:00:00,8087,5.9,,1.0,2023-05-29 00:00:00,42.0,1er tercio lactancia
1006,2023-07-10 00:00:00,80882,7.7,,1.0,2023-03-14 00:00:00,118.0,2do tercio lactancia
1007,2023-07-10 00:00:00,809,7.5,,1.0,2023-05-03 00:00:00,68.0,1er tercio lactancia
1008,2023-07-10 00:00:00,8093,4.9,,1.0,2023-06-17 00:00:00,23.0,1er tercio lactancia
1009,2023-07-10 00:00:00,8094,5.4,,1.0,2023-01-14 00:00:00,177.0,2do tercio lactancia
1010,2023-07-10 00:00:00,8096,4.0,,1.0,2023-01-20 00:00:00,171.0,2do tercio lactancia
1011,2023-07-10 00:00:00,9040,3.4,,1.0,2023-06-08 00:00:00,32.0,1er tercio lactancia
1012,2023-07-10 00:00:00,9071,4.6,,1.0,2023-06-01 00:00:00,39.0,1er tercio lactancia
1013,2023-07-10 00:00:00,9238,2.6,,1.0,2023-04-24 00:00:00,77.0,1er tercio lactancia
1014,2023-07-10 00:00:00,SNA,3.5,,2.0,2022-11-21 00:00:00,231.0,3er tercio lactancia
1015,2023-07-27 00:00:00,EMB 4,1.3,,1.0,2023-07-19 00:00:00,8.0,1er tercio lactancia
1016,2023-07-27 00:00:00,8005,1.8,,1.0,2023-06-27 00:00:00,30.0,1er tercio lactancia
1017,2023-07-27 00:00:00,5146,1.8,,1.0,2023-06-26 00:00:00,31.0,1er tercio lactancia
1018,2023-07-27 00:00:00,7076,2.4,,1.0,2023-07-20 00:00:00,7.0,1er tercio lactancia
1019,2023-07-27 00:00:00,8063,2.5,,2.0,2023-01-11 00:00:00,197.0,3er tercio lactancia
1020,2023-07-27 00:00:00,9046,2.5,,1.0,2023-07-05 00:00:00,22.0,1er tercio lactancia
1021,2023-07-27 00:00:00,5076,2.6,,1.0,2023-05-29 00:00:00,59.0,1er tercio lactancia
1022,2023-07-27 00:00:00,4065,2.6,,2.0,2023-03-17 00:00:00,132.0,2do tercio lactancia
1023,2023-07-27 00:00:00,1128,2.6,,1.0,2023-05-17 00:00:00,71.0,1er tercio lactancia
1024,2023-07-27 00:00:00,9238,2.6,,1.0,2023-04-24 00:00:00,94.0,2do tercio lactancia
1025,2023-07-27 00:00:00,2220,3.1,,2.0,2022-12-24 00:00:00,215.0,3er tercio lactancia
1026,2023-07-27 00:00:00,8086,3.2,,1.0,2023-06-22 00:00:00,35.0,1er tercio lactancia
1027,2023-07-27 00:00:00,2028A,3.3,,2.0,2022-12-24 00:00:00,215.0,3er tercio lactancia
1028,2023-07-27 00:00:00,40072,3.3,,1.0,2023-06-15 00:00:00,42.0,1er tercio lactancia
1029,2023-07-27 00:00:00,9071,3.3,,1.0,2023-06-01 00:00:00,56.0,1er tercio lactancia
1030,2023-07-27 00:00:00,4008,3.3,,1.0,2023-07-05 00:00:00,22.0,1er tercio lactancia
1031,2023-07-27 00:00:00,6067,3.4,,2.0,2022-12-23 00:00:00,216.0,3er tercio lactancia
1032,2023-07-27 00:00:00,1139A,3.4,,1.0,2022-12-28 00:00:00,211.0,3er tercio lactancia
1033,2023-07-27 00:00:00,4143,3.5,,1.0,2023-04-17 00:00:00,101.0,2do tercio lactancia
1034,2023-07-27 00:00:00,2217,3.6,,1.0,2023-06-28 00:00:00,29.0,1er tercio lactancia
1035,2023-07-27 00:00:00,8077,3.7,,1.0,2023-06-28 00:00:00,29.0,1er tercio lactancia
1036,2023-07-27 00:00:00,4035,3.8,,2.0,2022-12-21 00:00:00,218.0,3er tercio lactancia
1037,2023-07-27 00:00:00,2337,3.8,,2.0,2023-04-10 00:00:00,108.0,2do tercio lactancia
1038,2023-07-27 00:00:00,80472,3.9,,1.0,2023-05-06 00:00:00,82.0,1er tercio lactancia
1039,2023-07-27 00:00:00,5090,3.9,,1.0,2023-01-11 00:00:00,197.0,3er tercio lactancia
1040,2023-07-27 00:00:00,5144,3.9,,1.0,2022-10-02 00:00:00,298.0,4to tercio lactancia
1041,2023-07-27 00:00:00,8036,3.9,,1.0,2022-11-19 00:00:00,250.0,3er tercio lactancia
1042,2023-07-27 00:00:00,5077,3.9,,1.0,2023-04-13 00:00:00,105.0,2do tercio lactancia
1043,2023-07-27 00:00:00,0132,4.2,,2.0,2022-12-26 00:00:00,213.0,3er tercio lactancia
1044,2023-07-27 00:00:00,8079,4.2,,1.0,2023-05-07 00:00:00,81.0,1er tercio lactancia
1045,2023-07-27 00:00:00,1109A,4.2,,1.0,2023-01-14 00:00:00,194.0,3er tercio lactancia
1046,2023-07-27 00:00:00,2130,4.2,,2.0,2023-01-05 00:00:00,203.0,3er tercio lactancia
1047,2023-07-27 00:00:00,4095,4.4,,2.0,2022-12-29 00:00:00,210.0,3er tercio lactancia
1048,2023-07-27 00:00:00,2133A,4.4,,1.0,2022-10-10 00:00:00,290.0,4to tercio lactancia
1049,2023-07-27 00:00:00,7059,4.5,,1.0,2023-03-14 00:00:00,135.0,2do tercio lactancia
1050,2023-07-27 00:00:00,8096,4.6,,1.0,2023-01-20 00:00:00,188.0,3er tercio lactancia
1051,2023-07-27 00:00:00,3043,4.6,,1.0,2022-11-26 00:00:00,243.0,3er tercio lactancia
1052,2023-07-27 00:00:00,8030,4.6,,1.0,2023-03-13 00:00:00,136.0,2do tercio lactancia
1053,2023-07-27 00:00:00,8045,4.6,,1.0,2023-07-07 00:00:00,20.0,1er tercio lactancia
1054,2023-07-27 00:00:00,7077,4.7,,1.0,2023-04-02 00:00:00,116.0,2do tercio lactancia
1055,2023-07-27 00:00:00,1066A,4.8,,2.0,2022-12-26 00:00:00,213.0,3er tercio lactancia
1056,2023-07-27 00:00:00,8093,4.8,,1.0,2023-06-17 00:00:00,40.0,1er tercio lactancia
1057,2023-07-27 00:00:00,7012,4.8,,1.0,2023-04-30 00:00:00,88.0,1er tercio lactancia
1058,2023-07-27 00:00:00,8028,4.8,,1.0,2023-05-03 00:00:00,85.0,1er tercio lactancia
1059,2023-07-27 00:00:00,5052,4.9,,1.0,2023-04-15 00:00:00,103.0,2do tercio lactancia
1060,2023-07-27 00:00:00,7033,4.9,,1.0,2023-07-21 00:00:00,6.0,1er tercio lactancia
1061,2023-07-27 00:00:00,80272,5.0,,1.0,2023-05-18 00:00:00,70.0,1er tercio lactancia
1062,2023-07-27 00:00:00,1112A,5.0,,1.0,2023-05-15 00:00:00,73.0,1er tercio lactancia
1063,2023-07-27 00:00:00,60286,5.1,,,,,
1064,2023-07-27 00:00:00,2209A,5.1,,1.0,2022-11-30 00:00:00,239.0,3er tercio lactancia
1065,2023-07-27 00:00:00,8017,5.2,,1.0,2022-12-27 00:00:00,212.0,3er tercio lactancia
1066,2023-07-27 00:00:00,2090A,5.3,,1.0,2022-12-28 00:00:00,211.0,3er tercio lactancia
1067,2023-07-27 00:00:00,8048,5.4,,1.0,2023-06-08 00:00:00,49.0,1er tercio lactancia
1068,2023-07-27 00:00:00,1095A,5.5,,1.0,2023-01-28 00:00:00,180.0,2do tercio lactancia
1069,2023-07-27 00:00:00,8050,5.5,,1.0,2023-05-30 00:00:00,58.0,1er tercio lactancia
1070,2023-07-27 00:00:00,2062,5.6,,2.0,2022-12-26 00:00:00,213.0,3er tercio lactancia
1071,2023-07-27 00:00:00,8087,5.8,,1.0,2023-05-29 00:00:00,59.0,1er tercio lactancia
1072,2023-07-27 00:00:00,1091A,5.8,,1.0,2023-04-08 00:00:00,110.0,2do tercio lactancia
1073,2023-07-27 00:00:00,4151,5.8,,2.0,2023-06-28 00:00:00,29.0,1er tercio lactancia
1074,2023-07-27 00:00:00,2073,5.8,,2.0,2022-12-30 00:00:00,209.0,3er tercio lactancia
1075,2023-07-27 00:00:00,8043,5.8,,1.0,2023-06-08 00:00:00,49.0,1er tercio lactancia
1076,2023-07-27 00:00:00,8094,5.8,,1.0,2023-01-14 00:00:00,194.0,3er tercio lactancia
1077,2023-07-27 00:00:00,3021A,5.9,,2.0,2022-10-03 00:00:00,297.0,4to tercio lactancia
1078,2023-07-27 00:00:00,7074,6.0,,1.0,2023-04-24 00:00:00,94.0,2do tercio lactancia
1079,2023-07-27 00:00:00,9040,6.0,,1.0,2023-06-08 00:00:00,49.0,1er tercio lactancia
1080,2023-07-27 00:00:00,2149A,6.6,,2.0,2023-05-22 00:00:00,66.0,1er tercio lactancia
1081,2023-07-27 00:00:00,2079,6.6,,1.0,2023-03-01 00:00:00,148.0,2do tercio lactancia
1082,2023-07-27 00:00:00,7028,6.8,,2.0,2023-05-22 00:00:00,66.0,1er tercio lactancia
1083,2023-07-27 00:00:00,80882,6.8,,1.0,2023-03-14 00:00:00,135.0,2do tercio lactancia
1084,2023-07-27 00:00:00,7017,6.9,,1.0,2023-05-01 00:00:00,87.0,1er tercio lactancia
1085,2023-07-27 00:00:00,2180A,7.0,,2.0,2023-04-03 00:00:00,115.0,2do tercio lactancia
1086,2023-07-27 00:00:00,2047,7.2,,2.0,2023-06-11 00:00:00,46.0,1er tercio lactancia
1087,2023-07-27 00:00:00,0500,7.2,,2.0,2023-05-01 00:00:00,87.0,1er tercio lactancia
1088,2023-07-27 00:00:00,3003A,7.3,,2.0,2023-07-14 00:00:00,13.0,1er tercio lactancia
1089,2023-07-27 00:00:00,1168,7.8,,2.0,2023-01-28 00:00:00,180.0,2do tercio lactancia
1090,2023-07-27 00:00:00,809,7.8,,1.0,2023-05-03 00:00:00,85.0,1er tercio lactancia
1091,2023-07-27 00:00:00,2050,7.9,,2.0,2023-05-08 00:00:00,80.0,1er tercio lactancia
1092,2023-07-27 00:00:00,3107,7.9,,2.0,2023-05-25 00:00:00,63.0,1er tercio lactancia
1093,2023-07-27 00:00:00,2072,7.9,,1.0,2023-04-17 00:00:00,101.0,2do tercio lactancia
1094,2023-07-27 00:00:00,7067,8.2,,1.0,2023-05-11 00:00:00,77.0,1er tercio lactancia
1095,2023-07-27 00:00:00,3750,8.2,,2.0,2023-02-05 00:00:00,172.0,2do tercio lactancia
1096,2023-07-27 00:00:00,2143,8.9,,2.0,2023-04-29 00:00:00,89.0,1er tercio lactancia
1097,2023-07-27 00:00:00,31102,9.0,,1.0,2022-01-16 00:00:00,557.0,4to tercio lactancia
1098,2023-07-27 00:00:00,2124A,11.5,,2.0,2023-05-31 00:00:00,57.0,1er tercio lactancia
1099,2023-08-19 00:00:00,9238,0.8,,1.0,2023-04-24 00:00:00,117.0,2do tercio lactancia
1100,2023-08-19 00:00:00,EMB 5,1.9,,1.0,2023-07-19 00:00:00,31.0,1er tercio lactancia
1101,2023-08-19 00:00:00,8063,2.2,,2.0,2023-01-11 00:00:00,220.0,3er tercio lactancia
1102,2023-08-19 00:00:00,2220,2.3,,2.0,2022-12-24 00:00:00,238.0,3er tercio lactancia
1103,2023-08-19 00:00:00,2217,2.3,,1.0,2023-06-28 00:00:00,52.0,1er tercio lactancia
1104,2023-08-19 00:00:00,1066A,2.4,,2.0,2022-12-26 00:00:00,236.0,3er tercio lactancia
1105,2023-08-19 00:00:00,80472,2.4,,1.0,2023-05-06 00:00:00,105.0,2do tercio lactancia
1106,2023-08-19 00:00:00,2133A,2.4,,1.0,2022-10-10 00:00:00,313.0,4to tercio lactancia
1107,2023-08-19 00:00:00,4095,2.5,,2.0,2022-12-29 00:00:00,233.0,3er tercio lactancia
1108,2023-08-19 00:00:00,2209A,2.5,,1.0,2022-11-30 00:00:00,262.0,3er tercio lactancia
1109,2023-08-19 00:00:00,8036,2.6,,1.0,2022-11-19 00:00:00,273.0,4to tercio lactancia
1110,2023-08-19 00:00:00,1139A,2.7,,1.0,2022-12-28 00:00:00,234.0,3er tercio lactancia
1111,2023-08-19 00:00:00,1109A,2.8,,1.0,2023-01-14 00:00:00,217.0,3er tercio lactancia
1112,2023-08-19 00:00:00,2130,3.0,,2.0,2023-01-05 00:00:00,226.0,3er tercio lactancia
1113,2023-08-19 00:00:00,9071,3.0,,1.0,2023-06-01 00:00:00,79.0,1er tercio lactancia
1114,2023-08-19 00:00:00,5076,3.1,,1.0,2023-05-29 00:00:00,82.0,1er tercio lactancia
1115,2023-08-19 00:00:00,8096,3.1,,1.0,2023-01-20 00:00:00,211.0,3er tercio lactancia
1116,2023-08-19 00:00:00,8033,3.1,,1.0,2023-08-14 00:00:00,5.0,1er tercio lactancia
1117,2023-08-19 00:00:00,6067,3.2,,2.0,2022-12-23 00:00:00,239.0,3er tercio lactancia
1118,2023-08-19 00:00:00,1168,3.2,,2.0,2023-01-28 00:00:00,203.0,3er tercio lactancia
1119,2023-08-19 00:00:00,4008,3.2,,1.0,2023-07-05 00:00:00,45.0,1er tercio lactancia
1120,2023-08-19 00:00:00,4143,3.2,,1.0,2023-04-17 00:00:00,124.0,2do tercio lactancia
1121,2023-08-19 00:00:00,8030,3.3,,1.0,2023-03-13 00:00:00,159.0,2do tercio lactancia
1122,2023-08-19 00:00:00,1091A,3.4,,1.0,2023-04-08 00:00:00,133.0,2do tercio lactancia
1123,2023-08-19 00:00:00,3043,3.4,,1.0,2022-11-26 00:00:00,266.0,3er tercio lactancia
1124,2023-08-19 00:00:00,1128,3.4,,1.0,2023-05-17 00:00:00,94.0,2do tercio lactancia
1125,2023-08-19 00:00:00,5077,3.4,,1.0,2023-04-13 00:00:00,128.0,2do tercio lactancia
1126,2023-08-19 00:00:00,7012,3.5,,1.0,2023-04-30 00:00:00,111.0,2do tercio lactancia
1127,2023-08-19 00:00:00,5144,3.6,,1.0,2022-10-02 00:00:00,321.0,4to tercio lactancia
1128,2023-08-19 00:00:00,0132,3.8,,2.0,2022-12-26 00:00:00,236.0,3er tercio lactancia
1129,2023-08-19 00:00:00,8079,3.9,,1.0,2023-05-07 00:00:00,104.0,2do tercio lactancia
1130,2023-08-19 00:00:00,4035,4.0,,2.0,2022-12-21 00:00:00,241.0,3er tercio lactancia
1131,2023-08-19 00:00:00,80272,4.0,,1.0,2023-05-18 00:00:00,93.0,2do tercio lactancia
1132,2023-08-19 00:00:00,2028A,4.0,,2.0,2022-12-24 00:00:00,238.0,3er tercio lactancia
1133,2023-08-19 00:00:00,5052,4.0,,1.0,2023-04-15 00:00:00,126.0,2do tercio lactancia
1134,2023-08-19 00:00:00,7077,4.1,,1.0,2023-04-02 00:00:00,139.0,2do tercio lactancia
1135,2023-08-19 00:00:00,8077,4.1,,1.0,2023-06-28 00:00:00,52.0,1er tercio lactancia
1136,2023-08-19 00:00:00,5090,4.2,,1.0,2023-01-11 00:00:00,220.0,3er tercio lactancia
1137,2023-08-19 00:00:00,2090A,4.2,,1.0,2022-12-28 00:00:00,234.0,3er tercio lactancia
1138,2023-08-19 00:00:00,8086,4.3,,1.0,2023-06-22 00:00:00,58.0,1er tercio lactancia
1139,2023-08-19 00:00:00,1095A,4.4,,1.0,2023-01-28 00:00:00,203.0,3er tercio lactancia
1140,2023-08-19 00:00:00,8019,4.4,,1.0,2023-08-06 00:00:00,13.0,1er tercio lactancia
1141,2023-08-19 00:00:00,2073,4.5,,2.0,2022-12-30 00:00:00,232.0,3er tercio lactancia
1142,2023-08-19 00:00:00,5146,4.5,,1.0,2023-06-26 00:00:00,54.0,1er tercio lactancia
1143,2023-08-19 00:00:00,8028,4.5,,1.0,2023-05-03 00:00:00,108.0,2do tercio lactancia
1144,2023-08-19 00:00:00,2234,4.6,,2.0,2023-07-30 00:00:00,20.0,1er tercio lactancia
1145,2023-08-19 00:00:00,7076,4.8,,1.0,2023-07-20 00:00:00,30.0,1er tercio lactancia
1146,2023-08-19 00:00:00,1112A,4.8,,1.0,2023-05-15 00:00:00,96.0,2do tercio lactancia
1147,2023-08-19 00:00:00,2062,4.9,,2.0,2022-12-26 00:00:00,236.0,3er tercio lactancia
1148,2023-08-19 00:00:00,8094,4.9,,1.0,2023-01-14 00:00:00,217.0,3er tercio lactancia
1149,2023-08-19 00:00:00,8045,5.0,,1.0,2023-07-07 00:00:00,43.0,1er tercio lactancia
1150,2023-08-19 00:00:00,60286,5.2,,,,,
1151,2023-08-19 00:00:00,2047,5.2,,2.0,2023-06-11 00:00:00,69.0,1er tercio lactancia
1152,2023-08-19 00:00:00,80882,5.5,,1.0,2023-03-14 00:00:00,158.0,2do tercio lactancia
1153,2023-08-19 00:00:00,8043,5.5,,1.0,2023-06-08 00:00:00,72.0,1er tercio lactancia
1154,2023-08-19 00:00:00,8050,5.5,,1.0,2023-05-30 00:00:00,81.0,1er tercio lactancia
1155,2023-08-19 00:00:00,8048,5.7,,1.0,2023-06-08 00:00:00,72.0,1er tercio lactancia
1156,2023-08-19 00:00:00,2180A,5.9,,2.0,2023-04-03 00:00:00,138.0,2do tercio lactancia
1157,2023-08-19 00:00:00,9051,5.9,,1.0,2023-08-07 00:00:00,12.0,1er tercio lactancia
1158,2023-08-19 00:00:00,9040,6.0,,1.0,2023-06-08 00:00:00,72.0,1er tercio lactancia
1159,2023-08-19 00:00:00,7059,6.1,,1.0,2023-03-14 00:00:00,158.0,2do tercio lactancia
1160,2023-08-19 00:00:00,3028A,6.1,,1.0,2021-10-20 00:00:00,668.0,4to tercio lactancia
1161,2023-08-19 00:00:00,2149A,6.2,,2.0,2023-05-22 00:00:00,89.0,1er tercio lactancia
1162,2023-08-19 00:00:00,3107,6.2,,2.0,2023-05-25 00:00:00,86.0,1er tercio lactancia
1163,2023-08-19 00:00:00,2196A,6.3,,2.0,2023-08-05 00:00:00,14.0,1er tercio lactancia
1164,2023-08-19 00:00:00,7028,6.5,,2.0,2023-05-22 00:00:00,89.0,1er tercio lactancia
1165,2023-08-19 00:00:00,8087,6.5,,1.0,2023-05-29 00:00:00,82.0,1er tercio lactancia
1166,2023-08-19 00:00:00,0500,6.5,,2.0,2023-05-01 00:00:00,110.0,2do tercio lactancia
1167,2023-08-19 00:00:00,6021,6.9,,2.0,2023-08-05 00:00:00,14.0,1er tercio lactancia
1168,2023-08-19 00:00:00,809,7.0,,1.0,2023-05-03 00:00:00,108.0,2do tercio lactancia
1169,2023-08-19 00:00:00,7074,7.1,,1.0,2023-04-24 00:00:00,117.0,2do tercio lactancia
1170,2023-08-19 00:00:00,7067,7.1,,1.0,2023-05-11 00:00:00,100.0,2do tercio lactancia
1171,2023-08-19 00:00:00,2072,7.2,,1.0,2023-04-17 00:00:00,124.0,2do tercio lactancia
1172,2023-08-19 00:00:00,2079,7.4,,1.0,2023-03-01 00:00:00,171.0,2do tercio lactancia
1173,2023-08-19 00:00:00,7033,7.4,,1.0,2023-07-21 00:00:00,29.0,1er tercio lactancia
1174,2023-08-19 00:00:00,2050,7.6,,2.0,2023-05-08 00:00:00,103.0,2do tercio lactancia
1175,2023-08-19 00:00:00,3750,7.9,,2.0,2023-02-05 00:00:00,195.0,3er tercio lactancia
1176,2023-08-19 00:00:00,3003A,8.1,,2.0,2023-07-14 00:00:00,36.0,1er tercio lactancia
1177,2023-08-19 00:00:00,2143,8.1,,2.0,2023-04-29 00:00:00,112.0,2do tercio lactancia
1178,2023-08-19 00:00:00,4151,8.2,,2.0,2023-06-28 00:00:00,52.0,1er tercio lactancia
1179,2023-08-19 00:00:00,2124A,8.9,,2.0,2023-05-31 00:00:00,80.0,1er tercio lactancia
1180,2023-08-19 00:00:00,31102,10.5,,1.0,2022-01-16 00:00:00,580.0,4to tercio lactancia
1181,2023-09-16 00:00:00,0132,7.6,,2.0,2022-12-26 00:00:00,264.0,3er tercio lactancia
1182,2023-09-16 00:00:00,0500,4.1,,2.0,2023-05-01 00:00:00,138.0,2do tercio lactancia
1183,2023-09-16 00:00:00,1015,5.0,,2.0,2023-08-03 00:00:00,44.0,1er tercio lactancia
1184,2023-09-16 00:00:00,1091A,3.2,,1.0,2023-04-08 00:00:00,161.0,2do tercio lactancia
1185,2023-09-16 00:00:00,1095A,2.8,,1.0,2023-01-28 00:00:00,231.0,3er tercio lactancia
1186,2023-09-16 00:00:00,1112A,4.7,,1.0,2023-05-15 00:00:00,124.0,2do tercio lactancia
1187,2023-09-16 00:00:00,1128,3.2,,1.0,2023-05-17 00:00:00,122.0,2do tercio lactancia
1188,2023-09-16 00:00:00,1168,3.8,,2.0,2023-01-28 00:00:00,231.0,3er tercio lactancia
1189,2023-09-16 00:00:00,2028A,2.3,,2.0,2022-12-24 00:00:00,266.0,3er tercio lactancia
1190,2023-09-16 00:00:00,2047,4.4,,2.0,2023-06-11 00:00:00,97.0,2do tercio lactancia
1191,2023-09-16 00:00:00,2050,5.8,,2.0,2023-05-08 00:00:00,131.0,2do tercio lactancia
1192,2023-09-16 00:00:00,2062,3.7,,2.0,2022-12-26 00:00:00,264.0,3er tercio lactancia
1193,2023-09-16 00:00:00,2063A,6.6,,2.0,2022-10-03 00:00:00,348.0,4to tercio lactancia
1194,2023-09-16 00:00:00,2072,5.2,,1.0,2023-04-17 00:00:00,152.0,2do tercio lactancia
1195,2023-09-16 00:00:00,2073,2.5,,2.0,2022-12-30 00:00:00,260.0,3er tercio lactancia
1196,2023-09-16 00:00:00,2079,4.6,,1.0,2023-03-01 00:00:00,199.0,3er tercio lactancia
1197,2023-09-16 00:00:00,2090A,3.2,,1.0,2022-12-28 00:00:00,262.0,3er tercio lactancia
1198,2023-09-16 00:00:00,2124A,8.1,,2.0,2023-05-31 00:00:00,108.0,2do tercio lactancia
1199,2023-09-16 00:00:00,2130,1.5,,2.0,2023-01-05 00:00:00,254.0,3er tercio lactancia
1200,2023-09-16 00:00:00,2143,3.3,,2.0,2023-04-29 00:00:00,140.0,2do tercio lactancia
1201,2023-09-16 00:00:00,2149A,5.6,,2.0,2023-05-22 00:00:00,117.0,2do tercio lactancia
1202,2023-09-16 00:00:00,2180A,4.0,,2.0,2023-04-03 00:00:00,166.0,2do tercio lactancia
1203,2023-09-16 00:00:00,2196A,9.2,,2.0,2023-08-05 00:00:00,42.0,1er tercio lactancia
1204,2023-09-16 00:00:00,2234,5.4,,2.0,2023-07-30 00:00:00,48.0,1er tercio lactancia
1205,2023-09-16 00:00:00,3003A,6.9,,2.0,2023-07-14 00:00:00,64.0,1er tercio lactancia
1206,2023-09-16 00:00:00,3024A,7.7,,2.0,2022-10-03 00:00:00,348.0,4to tercio lactancia
1207,2023-09-16 00:00:00,3028A,5.1,,1.0,2021-10-20 00:00:00,696.0,4to tercio lactancia
1208,2023-09-16 00:00:00,3043,2.3,,1.0,2022-11-26 00:00:00,294.0,4to tercio lactancia
1209,2023-09-16 00:00:00,3107,4.0,,2.0,2023-05-25 00:00:00,114.0,2do tercio lactancia
1210,2023-09-16 00:00:00,31102,8.3,,1.0,2022-01-16 00:00:00,608.0,4to tercio lactancia
1211,2023-09-16 00:00:00,3750,6.5,,2.0,2023-02-05 00:00:00,223.0,3er tercio lactancia
1212,2023-09-16 00:00:00,4007,3.6,,2.0,2022-11-22 00:00:00,298.0,4to tercio lactancia
1213,2023-09-16 00:00:00,40072,0.0,,1.0,2023-06-15 00:00:00,93.0,2do tercio lactancia
1214,2023-09-16 00:00:00,4008,2.4,,1.0,2023-07-05 00:00:00,73.0,1er tercio lactancia
1215,2023-09-16 00:00:00,4018,6.2,,2.0,2023-09-03 00:00:00,13.0,1er tercio lactancia
1216,2023-09-16 00:00:00,4035,2.8,,2.0,2022-12-21 00:00:00,269.0,3er tercio lactancia
1217,2023-09-16 00:00:00,4055,3.5,,2.0,2023-08-22 00:00:00,25.0,1er tercio lactancia
1218,2023-09-16 00:00:00,4101,4.5,,2.0,2023-08-23 00:00:00,24.0,1er tercio lactancia
1219,2023-09-16 00:00:00,4151,6.3,,2.0,2023-06-28 00:00:00,80.0,1er tercio lactancia
1220,2023-09-16 00:00:00,5052,2.9,,1.0,2023-04-15 00:00:00,154.0,2do tercio lactancia
1221,2023-09-16 00:00:00,5076,2.4,,1.0,2023-05-29 00:00:00,110.0,2do tercio lactancia
1222,2023-09-16 00:00:00,5077,2.6,,1.0,2023-04-13 00:00:00,156.0,2do tercio lactancia
1223,2023-09-16 00:00:00,5079,4.0,,1.0,2023-08-17 00:00:00,30.0,1er tercio lactancia
1224,2023-09-16 00:00:00,5090,2.9,,1.0,2023-01-11 00:00:00,248.0,3er tercio lactancia
1225,2023-09-16 00:00:00,5144,3.5,,1.0,2022-10-02 00:00:00,349.0,4to tercio lactancia
1226,2023-09-16 00:00:00,6010,5.1,,1.0,2023-08-30 00:00:00,17.0,1er tercio lactancia
1227,2023-09-16 00:00:00,6021,3.3,,2.0,2023-08-05 00:00:00,42.0,1er tercio lactancia
1228,2023-09-16 00:00:00,6035,5.4,,1.0,2022-03-30 00:00:00,535.0,4to tercio lactancia
1229,2023-09-16 00:00:00,6067,2.4,,2.0,2022-12-23 00:00:00,267.0,3er tercio lactancia
1230,2023-09-16 00:00:00,7,3.8,,1.0,2023-08-21 00:00:00,26.0,1er tercio lactancia
1231,2023-09-16 00:00:00,7007,7.2,,1.0,2023-09-05 00:00:00,11.0,1er tercio lactancia
1232,2023-09-16 00:00:00,7012,3.4,,1.0,2023-04-30 00:00:00,139.0,2do tercio lactancia
1233,2023-09-16 00:00:00,7028,6.8,,2.0,2023-05-22 00:00:00,117.0,2do tercio lactancia
1234,2023-09-16 00:00:00,7033,6.8,,1.0,2023-07-21 00:00:00,57.0,1er tercio lactancia
1235,2023-09-16 00:00:00,7059,4.1,,1.0,2023-03-14 00:00:00,186.0,3er tercio lactancia
1236,2023-09-16 00:00:00,7067,4.0,,1.0,2023-05-11 00:00:00,128.0,2do tercio lactancia
1237,2023-09-16 00:00:00,7074,3.8,,1.0,2023-04-24 00:00:00,145.0,2do tercio lactancia
1238,2023-09-16 00:00:00,7076,4.3,,1.0,2023-07-20 00:00:00,58.0,1er tercio lactancia
1239,2023-09-16 00:00:00,7077,3.0,,1.0,2023-04-02 00:00:00,167.0,2do tercio lactancia
1240,2023-09-16 00:00:00,7087,6.0,,1.0,2022-03-29 00:00:00,536.0,4to tercio lactancia
1241,2023-09-16 00:00:00,8017,3.6,,1.0,2022-12-27 00:00:00,263.0,3er tercio lactancia
1242,2023-09-16 00:00:00,8019,4.8,,1.0,2023-08-06 00:00:00,41.0,1er tercio lactancia
1243,2023-09-16 00:00:00,80272,3.0,,1.0,2023-05-18 00:00:00,121.0,2do tercio lactancia
1244,2023-09-16 00:00:00,8028,2.6,,1.0,2023-05-03 00:00:00,136.0,2do tercio lactancia
1245,2023-09-16 00:00:00,8030,2.2,,1.0,2023-03-13 00:00:00,187.0,3er tercio lactancia
1246,2023-09-16 00:00:00,8033,4.6,,1.0,2023-08-14 00:00:00,33.0,1er tercio lactancia
1247,2023-09-16 00:00:00,8043,5.2,,1.0,2023-06-08 00:00:00,100.0,2do tercio lactancia
1248,2023-09-16 00:00:00,8045,4.7,,1.0,2023-07-07 00:00:00,71.0,1er tercio lactancia
1249,2023-09-16 00:00:00,8046,4.8,,1.0,2023-09-02 00:00:00,14.0,1er tercio lactancia
1250,2023-09-16 00:00:00,80472,1.4,,1.0,2023-05-06 00:00:00,133.0,2do tercio lactancia
1251,2023-09-16 00:00:00,8050,5.1,,1.0,2023-05-30 00:00:00,109.0,2do tercio lactancia
1252,2023-09-16 00:00:00,8079,3.7,,1.0,2023-05-07 00:00:00,132.0,2do tercio lactancia
1253,2023-09-16 00:00:00,8086,4.0,,1.0,2023-06-22 00:00:00,86.0,1er tercio lactancia
1254,2023-09-16 00:00:00,8087,4.4,,1.0,2023-05-29 00:00:00,110.0,2do tercio lactancia
1255,2023-09-16 00:00:00,80882,5.8,,1.0,2023-03-14 00:00:00,186.0,3er tercio lactancia
1256,2023-09-16 00:00:00,809,6.7,,1.0,2023-05-03 00:00:00,136.0,2do tercio lactancia
1257,2023-09-16 00:00:00,8094,4.7,,1.0,2023-01-14 00:00:00,245.0,3er tercio lactancia
1258,2023-09-16 00:00:00,9040,1.6,,1.0,2023-06-08 00:00:00,100.0,2do tercio lactancia
1259,2023-09-16 00:00:00,9051,7.7,,1.0,2023-08-07 00:00:00,40.0,1er tercio lactancia
1260,2023-09-16 00:00:00,9071,2.0,,1.0,2023-06-01 00:00:00,107.0,2do tercio lactancia
1261,2023-09-16 00:00:00,EMB 5,2.5,,1.0,2023-07-19 00:00:00,59.0,1er tercio lactancia
1262,2023-09-29 00:00:00,5076,2.2,,1.0,2023-05-29 00:00:00,123.0,2do tercio lactancia
1263,2023-09-29 00:00:00,6021,3.8,,2.0,2023-08-05 00:00:00,55.0,1er tercio lactancia
1264,2023-09-29 00:00:00,4035,2.3,,2.0,2022-12-21 00:00:00,282.0,4to tercio lactancia
1265,2023-09-29 00:00:00,3003A,6.9,,2.0,2023-07-14 00:00:00,77.0,1er tercio lactancia
1266,2023-09-29 00:00:00,4018,5.8,,2.0,2023-09-03 00:00:00,26.0,1er tercio lactancia
1267,2023-09-29 00:00:00,80272,3.4,,1.0,2023-05-18 00:00:00,134.0,2do tercio lactancia
1268,2023-09-29 00:00:00,2063A,5.8,,2.0,2022-10-03 00:00:00,361.0,4to tercio lactancia
1269,2023-09-29 00:00:00,7074,4.5,,1.0,2023-04-24 00:00:00,158.0,2do tercio lactancia
1270,2023-09-29 00:00:00,4055,2.0,,2.0,2023-08-22 00:00:00,38.0,1er tercio lactancia
1271,2023-09-29 00:00:00,2149A,6.4,,2.0,2023-05-22 00:00:00,130.0,2do tercio lactancia
1272,2023-09-29 00:00:00,7067,6.6,,1.0,2023-05-11 00:00:00,141.0,2do tercio lactancia
1273,2023-09-29 00:00:00,2148A,6.1,,1.0,2022-10-06 00:00:00,358.0,4to tercio lactancia
1274,2023-09-29 00:00:00,0132,2.4,,2.0,2022-12-26 00:00:00,277.0,4to tercio lactancia
1275,2023-09-29 00:00:00,80472,2.3,,1.0,2023-05-06 00:00:00,146.0,2do tercio lactancia
1276,2023-09-29 00:00:00,31102,5.5,,1.0,2022-01-16 00:00:00,621.0,4to tercio lactancia
1277,2023-09-29 00:00:00,2143,6.3,,2.0,2023-04-29 00:00:00,153.0,2do tercio lactancia
1278,2023-09-29 00:00:00,2180A,4.1,,2.0,2023-04-03 00:00:00,179.0,2do tercio lactancia
1279,2023-09-29 00:00:00,5090,2.8,,1.0,2023-01-11 00:00:00,261.0,3er tercio lactancia
1280,2023-09-29 00:00:00,7059,3.7,,1.0,2023-03-14 00:00:00,199.0,3er tercio lactancia
1281,2023-09-29 00:00:00,7028,5.3,,2.0,2023-05-22 00:00:00,130.0,2do tercio lactancia
1282,2023-09-29 00:00:00,1128,2.6,,1.0,2023-05-17 00:00:00,135.0,2do tercio lactancia
1283,2023-09-29 00:00:00,80882,5.8,,1.0,2023-03-14 00:00:00,199.0,3er tercio lactancia
1284,2023-09-29 00:00:00,2028A,3.5,,2.0,2022-12-24 00:00:00,279.0,4to tercio lactancia
1285,2023-09-29 00:00:00,8087,4.4,,1.0,2023-05-29 00:00:00,123.0,2do tercio lactancia
1286,2023-09-29 00:00:00,8079,3.8,,1.0,2023-05-07 00:00:00,145.0,2do tercio lactancia
1287,2023-09-29 00:00:00,3750,6.0,,2.0,2023-02-05 00:00:00,236.0,3er tercio lactancia
1288,2023-09-29 00:00:00,7,2.3,,1.0,2023-08-21 00:00:00,39.0,1er tercio lactancia
1289,2023-09-29 00:00:00,2050,5.1,,2.0,2023-05-08 00:00:00,144.0,2do tercio lactancia
1290,2023-09-29 00:00:00,2062,3.7,,2.0,2022-12-26 00:00:00,277.0,4to tercio lactancia
1291,2023-09-29 00:00:00,8045,4.4,,1.0,2023-07-07 00:00:00,84.0,1er tercio lactancia
1292,2023-09-29 00:00:00,9051,5.4,,1.0,2023-08-07 00:00:00,53.0,1er tercio lactancia
1293,2023-09-29 00:00:00,1091A,3.0,,1.0,2023-04-08 00:00:00,174.0,2do tercio lactancia
1294,2023-09-29 00:00:00,2090A,4.1,,1.0,2022-12-28 00:00:00,275.0,4to tercio lactancia
1295,2023-09-29 00:00:00,1015,5.8,,2.0,2023-08-03 00:00:00,57.0,1er tercio lactancia
1296,2023-09-29 00:00:00,3066B,4.7,,2.0,2023-09-19 00:00:00,10.0,1er tercio lactancia
1297,2023-09-29 00:00:00,5144,3.4,,1.0,2022-10-02 00:00:00,362.0,4to tercio lactancia
1298,2023-09-29 00:00:00,4151,6.7,,2.0,2023-06-28 00:00:00,93.0,2do tercio lactancia
1299,2023-09-29 00:00:00,60286,3.8,,1.0,,,
1300,2023-09-29 00:00:00,2124A,5.8,,2.0,2023-05-31 00:00:00,121.0,2do tercio lactancia
1301,2023-09-29 00:00:00,7017,2.6,,1.0,2023-05-01 00:00:00,151.0,2do tercio lactancia
1302,2023-09-29 00:00:00,2047,3.2,,2.0,2023-06-11 00:00:00,110.0,2do tercio lactancia
1303,2023-09-29 00:00:00,EMB 5,3.7,,1.0,2023-07-19 00:00:00,72.0,1er tercio lactancia
1304,2023-09-29 00:00:00,7087,7.3,,1.0,2022-03-29 00:00:00,549.0,4to tercio lactancia
1305,2023-09-29 00:00:00,2208A,4.5,,2.0,2023-09-15 00:00:00,14.0,1er tercio lactancia
1306,2023-09-29 00:00:00,5052,3.4,,1.0,2023-04-15 00:00:00,167.0,2do tercio lactancia
1307,2023-09-29 00:00:00,6067,3.4,,2.0,2022-12-23 00:00:00,280.0,4to tercio lactancia
1308,2023-09-29 00:00:00,1095A,2.7,,1.0,2023-01-28 00:00:00,244.0,3er tercio lactancia
1309,2023-09-29 00:00:00,6035,5.2,,1.0,2022-03-30 00:00:00,548.0,4to tercio lactancia
1310,2023-09-29 00:00:00,7033,6.4,,1.0,2023-07-21 00:00:00,70.0,1er tercio lactancia
1311,2023-09-29 00:00:00,2073,3.3,,2.0,2022-12-30 00:00:00,273.0,4to tercio lactancia
1312,2023-09-29 00:00:00,4087,5.9,,2.0,2023-09-20 00:00:00,9.0,1er tercio lactancia
1313,2023-09-29 00:00:00,2079,4.6,,1.0,2023-03-01 00:00:00,212.0,3er tercio lactancia
1314,2023-09-29 00:00:00,1168,3.8,,2.0,2023-01-28 00:00:00,244.0,3er tercio lactancia
1315,2023-09-29 00:00:00,2219,4.4,,2.0,2023-09-15 00:00:00,14.0,1er tercio lactancia
1316,2023-09-29 00:00:00,2196A,3.0,,2.0,2023-08-05 00:00:00,55.0,1er tercio lactancia
1317,2023-09-29 00:00:00,8046,4.5,,1.0,2023-09-02 00:00:00,27.0,1er tercio lactancia
1318,2023-09-29 00:00:00,7007,4.8,,1.0,2023-09-05 00:00:00,24.0,1er tercio lactancia
1319,2023-09-29 00:00:00,3043,2.5,,1.0,2022-11-26 00:00:00,307.0,4to tercio lactancia
1320,2023-09-29 00:00:00,4101,3.5,,2.0,2023-08-23 00:00:00,37.0,1er tercio lactancia
1321,2023-09-29 00:00:00,7012,4.2,,1.0,2023-04-30 00:00:00,152.0,2do tercio lactancia
1322,2023-09-29 00:00:00,8019,4.5,,1.0,2023-08-06 00:00:00,54.0,1er tercio lactancia
1323,2023-09-29 00:00:00,8050,4.0,,1.0,2023-05-30 00:00:00,122.0,2do tercio lactancia
1324,2023-09-29 00:00:00,3024A,6.5,,2.0,2022-10-03 00:00:00,361.0,4to tercio lactancia
1325,2023-09-29 00:00:00,2234,5.0,,2.0,2023-07-30 00:00:00,61.0,1er tercio lactancia
1326,2023-09-29 00:00:00,6010,5.2,,1.0,2023-08-30 00:00:00,30.0,1er tercio lactancia
1327,2023-09-29 00:00:00,2083,2.5,,2.0,2023-09-19 00:00:00,10.0,1er tercio lactancia
1328,2023-09-29 00:00:00,0500,4.2,,2.0,2023-05-01 00:00:00,151.0,2do tercio lactancia
1329,2023-09-29 00:00:00,3107,4.5,,2.0,2023-05-25 00:00:00,127.0,2do tercio lactancia
1330,2023-09-29 00:00:00,7077,2.9,,1.0,2023-04-02 00:00:00,180.0,2do tercio lactancia
1331,2023-09-29 00:00:00,2130,2.5,,2.0,2023-01-05 00:00:00,267.0,3er tercio lactancia
1332,2023-09-29 00:00:00,4007,3.7,,2.0,2022-11-22 00:00:00,311.0,4to tercio lactancia
1333,2023-09-29 00:00:00,8017,3.9,,1.0,2022-12-27 00:00:00,276.0,4to tercio lactancia
1334,2023-09-29 00:00:00,9389,5.9,,1.0,2023-09-19 00:00:00,10.0,1er tercio lactancia
1335,2023-09-29 00:00:00,809,6.0,,1.0,2023-05-03 00:00:00,149.0,2do tercio lactancia
1336,2023-09-29 00:00:00,2072,4.6,,1.0,2023-04-17 00:00:00,165.0,2do tercio lactancia
1337,2023-09-29 00:00:00,4008,2.4,,1.0,2023-07-05 00:00:00,86.0,1er tercio lactancia
1338,2023-09-29 00:00:00,5077,2.8,,1.0,2023-04-13 00:00:00,169.0,2do tercio lactancia
1339,2023-09-29 00:00:00,5079,4.9,,1.0,2023-08-17 00:00:00,43.0,1er tercio lactancia
1340,2023-09-29 00:00:00,7076,4.1,,1.0,2023-07-20 00:00:00,71.0,1er tercio lactancia
1341,2023-09-29 00:00:00,8028,3.2,,1.0,2023-05-03 00:00:00,149.0,2do tercio lactancia
1342,2023-09-29 00:00:00,8030,3.1,,1.0,2023-03-13 00:00:00,200.0,3er tercio lactancia
1343,2023-09-29 00:00:00,8043,3.7,,1.0,2023-06-08 00:00:00,113.0,2do tercio lactancia
1344,2023-09-29 00:00:00,8086,3.0,,1.0,2023-06-22 00:00:00,99.0,2do tercio lactancia
1345,2023-09-29 00:00:00,8094,4.4,,1.0,2023-01-14 00:00:00,258.0,3er tercio lactancia
1346,2023-09-29 00:00:00,9020,4.6,,1.0,2023-09-20 00:00:00,9.0,1er tercio lactancia
1347,2023-09-29 00:00:00,9040,4.6,,1.0,2023-06-08 00:00:00,113.0,2do tercio lactancia
1348,2023-09-29 00:00:00,9071,1.5,,1.0,2023-06-01 00:00:00,120.0,2do tercio lactancia
1349,2023-09-29 00:00:00,1112A,3.3,,1.0,2023-05-15 00:00:00,137.0,2do tercio lactancia
1350,2023-09-29 00:00:00,3028A,4.2,,1.0,2021-10-20 00:00:00,709.0,4to tercio lactancia
1351,2023-10-21 00:00:00,5076,2.0,,1.0,2023-05-29 00:00:00,145.0,2do tercio lactancia
1352,2023-10-21 00:00:00,6021,4.3,,2.0,2023-08-05 00:00:00,77.0,1er tercio lactancia
1353,2023-10-21 00:00:00,3003A,8.7,,2.0,2023-07-14 00:00:00,99.0,2do tercio lactancia
1354,2023-10-21 00:00:00,4018,7.8,,2.0,2023-09-03 00:00:00,48.0,1er tercio lactancia
1355,2023-10-21 00:00:00,80272,2.5,,1.0,2023-05-18 00:00:00,156.0,2do tercio lactancia
1356,2023-10-21 00:00:00,2063A,8.4,,3.0,2023-09-03 00:00:00,48.0,1er tercio lactancia
1357,2023-10-21 00:00:00,7074,5.8,,1.0,2023-04-24 00:00:00,180.0,2do tercio lactancia
1358,2023-10-21 00:00:00,4055,3.2,,2.0,2023-08-22 00:00:00,60.0,1er tercio lactancia
1359,2023-10-21 00:00:00,3119,5.0,,3.0,2023-10-10 00:00:00,11.0,1er tercio lactancia
1360,2023-10-21 00:00:00,2149A,5.8,,2.0,2023-05-22 00:00:00,152.0,2do tercio lactancia
1361,2023-10-21 00:00:00,7067,8.3,,1.0,2023-05-11 00:00:00,163.0,2do tercio lactancia
1362,2023-10-21 00:00:00,2148A,5.1,,2.0,2023-09-15 00:00:00,36.0,1er tercio lactancia
1363,2023-10-21 00:00:00,80472,2.3,,1.0,2023-05-06 00:00:00,168.0,2do tercio lactancia
1364,2023-10-21 00:00:00,31102,8.3,,2.0,2023-06-14 00:00:00,129.0,2do tercio lactancia
1365,2023-10-21 00:00:00,2143,5.7,,2.0,2023-04-29 00:00:00,175.0,2do tercio lactancia
1366,2023-10-21 00:00:00,5090,2.5,,1.0,2023-01-11 00:00:00,283.0,4to tercio lactancia
1367,2023-10-21 00:00:00,7059,4.2,,1.0,2023-03-14 00:00:00,221.0,3er tercio lactancia
1368,2023-10-21 00:00:00,7028,5.7,,2.0,2023-05-22 00:00:00,152.0,2do tercio lactancia
1369,2023-10-21 00:00:00,1128,2.9,,1.0,2023-05-17 00:00:00,157.0,2do tercio lactancia
1370,2023-10-21 00:00:00,80882,5.5,,1.0,2023-03-14 00:00:00,221.0,3er tercio lactancia
1371,2023-10-21 00:00:00,8087,5.6,,1.0,2023-05-29 00:00:00,145.0,2do tercio lactancia
1372,2023-10-21 00:00:00,8079,3.9,,1.0,2023-05-07 00:00:00,167.0,2do tercio lactancia
1373,2023-10-21 00:00:00,3750,6.5,,2.0,2023-02-05 00:00:00,258.0,3er tercio lactancia
1374,2023-10-21 00:00:00,7,1.9,,1.0,2023-08-21 00:00:00,61.0,1er tercio lactancia
1375,2023-10-21 00:00:00,2050,4.2,,2.0,2023-05-08 00:00:00,166.0,2do tercio lactancia
1376,2023-10-21 00:00:00,2062,4.7,,2.0,2022-12-26 00:00:00,299.0,4to tercio lactancia
1377,2023-10-21 00:00:00,8045,4.3,,1.0,2023-07-07 00:00:00,106.0,2do tercio lactancia
1378,2023-10-21 00:00:00,9051,7.2,,1.0,2023-08-07 00:00:00,75.0,1er tercio lactancia
1379,2023-10-21 00:00:00,0740,4.8,,2.0,2023-10-04 00:00:00,17.0,1er tercio lactancia
1380,2023-10-21 00:00:00,1091A,3.7,,1.0,2023-04-08 00:00:00,196.0,3er tercio lactancia
1381,2023-10-21 00:00:00,2090A,4.7,,1.0,2022-12-28 00:00:00,297.0,4to tercio lactancia
1382,2023-10-21 00:00:00,8033,4.7,,1.0,2023-08-14 00:00:00,68.0,1er tercio lactancia
1383,2023-10-21 00:00:00,1015,4.6,,2.0,2023-08-03 00:00:00,79.0,1er tercio lactancia
1384,2023-10-21 00:00:00,5144,4.5,,2.0,2023-07-14 00:00:00,99.0,2do tercio lactancia
1385,2023-10-21 00:00:00,4151,7.2,,2.0,2023-06-28 00:00:00,115.0,2do tercio lactancia
1386,2023-10-21 00:00:00,2124A,8.4,,2.0,2023-05-31 00:00:00,143.0,2do tercio lactancia
1387,2023-10-21 00:00:00,7017,5.3,,1.0,2023-05-01 00:00:00,173.0,2do tercio lactancia
1388,2023-10-21 00:00:00,2047,2.8,,2.0,2023-06-11 00:00:00,132.0,2do tercio lactancia
1389,2023-10-21 00:00:00,7087,7.2,,2.0,2023-08-14 00:00:00,68.0,1er tercio lactancia
1390,2023-10-21 00:00:00,3044A,1.5,,2.0,2023-08-24 00:00:00,58.0,1er tercio lactancia
1391,2023-10-21 00:00:00,2208A,4.5,,2.0,2023-09-15 00:00:00,36.0,1er tercio lactancia
1392,2023-10-21 00:00:00,5052,3.7,,1.0,2023-04-15 00:00:00,189.0,3er tercio lactancia
1393,2023-10-21 00:00:00,7083,8.3,,2.0,2023-09-25 00:00:00,26.0,1er tercio lactancia
1394,2023-10-21 00:00:00,1095A,1.3,,1.0,2023-01-28 00:00:00,266.0,3er tercio lactancia
1395,2023-10-21 00:00:00,6035,9.5,,2.0,2023-08-31 00:00:00,51.0,1er tercio lactancia
1396,2023-10-21 00:00:00,7033,8.8,,1.0,2023-07-21 00:00:00,92.0,2do tercio lactancia
1397,2023-10-21 00:00:00,2073,2.3,,2.0,2022-12-30 00:00:00,295.0,4to tercio lactancia
1398,2023-10-21 00:00:00,4087,6.4,,2.0,2023-09-20 00:00:00,31.0,1er tercio lactancia
1399,2023-10-21 00:00:00,5033,3.9,,2.0,2023-09-30 00:00:00,21.0,1er tercio lactancia
1400,2023-10-21 00:00:00,2079,4.6,,1.0,2023-03-01 00:00:00,234.0,3er tercio lactancia
1401,2023-10-21 00:00:00,1168,4.7,,2.0,2023-01-28 00:00:00,266.0,3er tercio lactancia
1402,2023-10-21 00:00:00,2219,5.2,,2.0,2023-09-15 00:00:00,36.0,1er tercio lactancia
1403,2023-10-21 00:00:00,9020,3.0,,1.0,2023-09-20 00:00:00,31.0,1er tercio lactancia
1404,2023-10-21 00:00:00,2196A,9.4,,2.0,2023-08-05 00:00:00,77.0,1er tercio lactancia
1405,2023-10-21 00:00:00,0128,2.1,,2.0,2023-09-30 00:00:00,21.0,1er tercio lactancia
1406,2023-10-21 00:00:00,8046,7.8,,1.0,2023-09-02 00:00:00,49.0,1er tercio lactancia
1407,2023-10-21 00:00:00,7007,7.3,,1.0,2023-09-05 00:00:00,46.0,1er tercio lactancia
1408,2023-10-21 00:00:00,3043,1.6,,1.0,2022-11-26 00:00:00,329.0,4to tercio lactancia
1409,2023-10-21 00:00:00,5679,2.6,,2.0,2023-09-28 00:00:00,23.0,1er tercio lactancia
1410,2023-10-21 00:00:00,4101,4.5,,2.0,2023-08-23 00:00:00,59.0,1er tercio lactancia
1411,2023-10-21 00:00:00,7012,5.5,,1.0,2023-04-30 00:00:00,174.0,2do tercio lactancia
1412,2023-10-21 00:00:00,8019,5.2,,1.0,2023-08-06 00:00:00,76.0,1er tercio lactancia
1413,2023-10-21 00:00:00,8050,3.3,,1.0,2023-05-30 00:00:00,144.0,2do tercio lactancia
1414,2023-10-21 00:00:00,8048,1.6,,1.0,2023-06-08 00:00:00,135.0,2do tercio lactancia
1415,2023-10-21 00:00:00,2226,5.0,,3.0,2023-09-28 00:00:00,23.0,1er tercio lactancia
1416,2023-10-21 00:00:00,3024A,10.8,,3.0,2023-09-02 00:00:00,49.0,1er tercio lactancia
1417,2023-10-21 00:00:00,2234,4.8,,2.0,2023-07-30 00:00:00,83.0,1er tercio lactancia
1418,2023-10-21 00:00:00,6010,4.2,,1.0,2023-08-30 00:00:00,52.0,1er tercio lactancia
1419,2023-10-21 00:00:00,2083,3.6,,2.0,2023-09-19 00:00:00,32.0,1er tercio lactancia
1420,2023-10-21 00:00:00,0500,5.0,,2.0,2023-05-01 00:00:00,173.0,2do tercio lactancia
1421,2023-10-21 00:00:00,3107,3.8,,2.0,2023-05-25 00:00:00,149.0,2do tercio lactancia
1422,2023-10-21 00:00:00,7077,2.5,,1.0,2023-04-02 00:00:00,202.0,3er tercio lactancia
1423,2023-10-21 00:00:00,2094A,5.7,,3.0,2023-09-28 00:00:00,23.0,1er tercio lactancia
1424,2023-10-21 00:00:00,8017,4.1,,1.0,2022-12-27 00:00:00,298.0,4to tercio lactancia
1425,2023-10-21 00:00:00,9389,5.1,,1.0,2023-09-19 00:00:00,32.0,1er tercio lactancia
1426,2023-10-21 00:00:00,2,5.1,,1.0,2023-09-25 00:00:00,26.0,1er tercio lactancia
1427,2023-10-21 00:00:00,809,6.5,,1.0,2023-05-03 00:00:00,171.0,2do tercio lactancia
1428,2023-10-21 00:00:00,2072,3.7,,1.0,2023-04-17 00:00:00,187.0,3er tercio lactancia
1429,2023-10-21 00:00:00,4008,3.1,,1.0,2023-07-05 00:00:00,108.0,2do tercio lactancia
1430,2023-10-21 00:00:00,4043,5.3,,1.0,2023-10-11 00:00:00,10.0,1er tercio lactancia
1431,2023-10-21 00:00:00,5077,2.5,,1.0,2023-04-13 00:00:00,191.0,3er tercio lactancia
1432,2023-10-21 00:00:00,5079,5.2,,1.0,2023-08-17 00:00:00,65.0,1er tercio lactancia
1433,2023-10-21 00:00:00,5146,3.9,,1.0,2023-06-26 00:00:00,117.0,2do tercio lactancia
1434,2023-10-21 00:00:00,7076,4.6,,1.0,2023-07-20 00:00:00,93.0,2do tercio lactancia
1435,2023-10-21 00:00:00,8028,2.6,,1.0,2023-05-03 00:00:00,171.0,2do tercio lactancia
1436,2023-10-21 00:00:00,8030,3.4,,1.0,2023-03-13 00:00:00,222.0,3er tercio lactancia
1437,2023-10-21 00:00:00,8043,5.4,,1.0,2023-06-08 00:00:00,135.0,2do tercio lactancia
1438,2023-10-21 00:00:00,8086,3.1,,1.0,2023-06-22 00:00:00,121.0,2do tercio lactancia
1439,2023-10-21 00:00:00,8094,4.5,,1.0,2023-01-14 00:00:00,280.0,4to tercio lactancia
1440,2023-10-21 00:00:00,9040,5.5,,1.0,2023-06-08 00:00:00,135.0,2do tercio lactancia
1441,2023-10-21 00:00:00,9071,2.8,,1.0,2023-06-01 00:00:00,142.0,2do tercio lactancia
1442,2023-10-21 00:00:00,1112A,4.6,,1.0,2023-05-15 00:00:00,159.0,2do tercio lactancia
1443,2023-10-21 00:00:00,3028A,4.7,,2.0,2023-07-19 00:00:00,94.0,2do tercio lactancia
1618,2023-11-07 00:00:00,0018,3.6,,1.0,2023-10-20 00:00:00,18.0,1er tercio lactancia
1619,2023-11-07 00:00:00,0128,1.9,,2.0,2023-09-30 00:00:00,38.0,1er tercio lactancia
1620,2023-11-07 00:00:00,0500,4.1,,2.0,2023-05-01 00:00:00,190.0,3er tercio lactancia
1621,2023-11-07 00:00:00,0740,3.0,,2.0,2023-10-04 00:00:00,34.0,1er tercio lactancia
1622,2023-11-07 00:00:00,1015,4.1,,2.0,2023-08-03 00:00:00,96.0,2do tercio lactancia
1623,2023-11-07 00:00:00,1091A,2.8,,1.0,2023-04-08 00:00:00,213.0,3er tercio lactancia
1624,2023-11-07 00:00:00,1112A,3.3,,1.0,2023-05-15 00:00:00,176.0,2do tercio lactancia
1625,2023-11-07 00:00:00,2,5.2,,1.0,2023-09-25 00:00:00,43.0,1er tercio lactancia
1626,2023-11-07 00:00:00,2047,2.0,,2.0,2023-06-11 00:00:00,149.0,2do tercio lactancia
1627,2023-11-07 00:00:00,2050,4.4,,2.0,2023-05-08 00:00:00,183.0,3er tercio lactancia
1628,2023-11-07 00:00:00,2062,2.9,,2.0,2022-12-26 00:00:00,316.0,4to tercio lactancia
1629,2023-11-07 00:00:00,2063A,4.9,,3.0,2023-09-03 00:00:00,65.0,1er tercio lactancia
1630,2023-11-07 00:00:00,2072,3.5,,1.0,2023-04-17 00:00:00,204.0,3er tercio lactancia
1631,2023-11-07 00:00:00,2079,3.8,,1.0,2023-03-01 00:00:00,251.0,3er tercio lactancia
1632,2023-11-07 00:00:00,2090A,2.2,,1.0,2022-12-28 00:00:00,314.0,4to tercio lactancia
1633,2023-11-07 00:00:00,2094A,7.9,,3.0,2023-09-28 00:00:00,40.0,1er tercio lactancia
1634,2023-11-07 00:00:00,2124A,6.2,,2.0,2023-05-31 00:00:00,160.0,2do tercio lactancia
1635,2023-11-07 00:00:00,2133A,3.4,,2.0,2023-10-25 00:00:00,13.0,1er tercio lactancia
1636,2023-11-07 00:00:00,2143,5.1,,2.0,2023-04-29 00:00:00,192.0,3er tercio lactancia
1637,2023-11-07 00:00:00,2148A,5.4,,2.0,2023-09-15 00:00:00,53.0,1er tercio lactancia
1638,2023-11-07 00:00:00,2149A,4.9,,2.0,2023-05-22 00:00:00,169.0,2do tercio lactancia
1639,2023-11-07 00:00:00,2196A,7.0,,2.0,2023-08-05 00:00:00,94.0,2do tercio lactancia
1640,2023-11-07 00:00:00,2208A,3.5,,2.0,2023-09-15 00:00:00,53.0,1er tercio lactancia
1641,2023-11-07 00:00:00,2219,4.6,,2.0,2023-09-15 00:00:00,53.0,1er tercio lactancia
1642,2023-11-07 00:00:00,2226,6.9,,3.0,2023-09-28 00:00:00,40.0,1er tercio lactancia
1643,2023-11-07 00:00:00,2234,4.2,,2.0,2023-07-30 00:00:00,100.0,2do tercio lactancia
1644,2023-11-07 00:00:00,3003A,5.0,,2.0,2023-07-14 00:00:00,116.0,2do tercio lactancia
1645,2023-11-07 00:00:00,3021A,7.6,,3.0,2023-10-24 00:00:00,14.0,1er tercio lactancia
1646,2023-11-07 00:00:00,3024A,6.2,,3.0,2023-09-02 00:00:00,66.0,1er tercio lactancia
1647,2023-11-07 00:00:00,3028A,3.8,,2.0,2023-07-19 00:00:00,111.0,2do tercio lactancia
1648,2023-11-07 00:00:00,3066B,5.7,,2.0,2023-09-19 00:00:00,49.0,1er tercio lactancia
1649,2023-11-07 00:00:00,3107,3.0,,2.0,2023-05-25 00:00:00,166.0,2do tercio lactancia
1650,2023-11-07 00:00:00,31102,6.0,,2.0,2023-06-14 00:00:00,146.0,2do tercio lactancia
1651,2023-11-07 00:00:00,3119,3.9,,3.0,2023-10-10 00:00:00,28.0,1er tercio lactancia
1652,2023-11-07 00:00:00,3750,4.9,,2.0,2023-02-05 00:00:00,275.0,4to tercio lactancia
1653,2023-11-07 00:00:00,4007,3.0,,2.0,2023-08-22 00:00:00,77.0,1er tercio lactancia
1654,2023-11-07 00:00:00,40072,2.2,,1.0,2023-06-15 00:00:00,145.0,2do tercio lactancia
1655,2023-11-07 00:00:00,4018,5.3,,2.0,2023-09-03 00:00:00,65.0,1er tercio lactancia
1656,2023-11-07 00:00:00,4043,4.9,,1.0,2023-10-11 00:00:00,27.0,1er tercio lactancia
1657,2023-11-07 00:00:00,4055,3.8,,2.0,2023-08-22 00:00:00,77.0,1er tercio lactancia
1658,2023-11-07 00:00:00,4057,2.9,,1.0,2023-10-13 00:00:00,25.0,1er tercio lactancia
1659,2023-11-07 00:00:00,4079,3.2,,2.0,2023-10-31 00:00:00,7.0,1er tercio lactancia
1660,2023-11-07 00:00:00,4087,4.1,,2.0,2023-09-20 00:00:00,48.0,1er tercio lactancia
1661,2023-11-07 00:00:00,4101,2.3,,2.0,2023-08-23 00:00:00,76.0,1er tercio lactancia
1662,2023-11-07 00:00:00,4151,5.4,,2.0,2023-06-28 00:00:00,132.0,2do tercio lactancia
1663,2023-11-07 00:00:00,5010,1.9,,2.0,2023-11-01 00:00:00,6.0,1er tercio lactancia
1664,2023-11-07 00:00:00,5033,5.4,,2.0,2023-09-30 00:00:00,38.0,1er tercio lactancia
1665,2023-11-07 00:00:00,5052,2.6,,1.0,2023-04-15 00:00:00,206.0,3er tercio lactancia
1666,2023-11-07 00:00:00,5077,2.1,,1.0,2023-04-13 00:00:00,208.0,3er tercio lactancia
1667,2023-11-07 00:00:00,5079,4.1,,1.0,2023-08-17 00:00:00,82.0,1er tercio lactancia
1668,2023-11-07 00:00:00,5144,3.6,,2.0,2023-07-14 00:00:00,116.0,2do tercio lactancia
1669,2023-11-07 00:00:00,5146,3.9,,1.0,2023-06-26 00:00:00,134.0,2do tercio lactancia
1670,2023-11-07 00:00:00,5679,6.1,,2.0,2023-09-28 00:00:00,40.0,1er tercio lactancia
1671,2023-11-07 00:00:00,6010,3.2,,1.0,2023-08-30 00:00:00,69.0,1er tercio lactancia
1672,2023-11-07 00:00:00,6021,2.6,,2.0,2023-08-05 00:00:00,94.0,2do tercio lactancia
1673,2023-11-07 00:00:00,6035,5.9,,2.0,2023-08-31 00:00:00,68.0,1er tercio lactancia
1674,2023-11-07 00:00:00,7007,7.6,,1.0,2023-09-05 00:00:00,63.0,1er tercio lactancia
1675,2023-11-07 00:00:00,7012,4.6,,1.0,2023-04-30 00:00:00,191.0,3er tercio lactancia
1676,2023-11-07 00:00:00,7028,4.8,,2.0,2023-05-22 00:00:00,169.0,2do tercio lactancia
1677,2023-11-07 00:00:00,7033,4.7,,1.0,2023-07-21 00:00:00,109.0,2do tercio lactancia
1678,2023-11-07 00:00:00,7059,4.7,,1.0,2023-03-14 00:00:00,238.0,3er tercio lactancia
1679,2023-11-07 00:00:00,7067,5.4,,1.0,2023-05-11 00:00:00,180.0,2do tercio lactancia
1680,2023-11-07 00:00:00,7074,4.4,,1.0,2023-04-24 00:00:00,197.0,3er tercio lactancia
1681,2023-11-07 00:00:00,7076,3.4,,1.0,2023-07-20 00:00:00,110.0,2do tercio lactancia
1682,2023-11-07 00:00:00,7077,3.0,,1.0,2023-04-02 00:00:00,219.0,3er tercio lactancia
1683,2023-11-07 00:00:00,7083,7.9,,2.0,2023-09-25 00:00:00,43.0,1er tercio lactancia
1684,2023-11-07 00:00:00,7087,5.4,,2.0,2023-08-14 00:00:00,85.0,1er tercio lactancia
1685,2023-11-07 00:00:00,8017,3.1,,1.0,2022-12-27 00:00:00,315.0,4to tercio lactancia
1686,2023-11-07 00:00:00,8019,4.7,,1.0,2023-08-06 00:00:00,93.0,2do tercio lactancia
1687,2023-11-07 00:00:00,8028,2.8,,1.0,2023-05-03 00:00:00,188.0,3er tercio lactancia
1688,2023-11-07 00:00:00,8030,2.7,,1.0,2023-03-13 00:00:00,239.0,3er tercio lactancia
1689,2023-11-07 00:00:00,8043,4.8,,1.0,2023-06-08 00:00:00,152.0,2do tercio lactancia
1690,2023-11-07 00:00:00,8045,3.0,,1.0,2023-07-07 00:00:00,123.0,2do tercio lactancia
1691,2023-11-07 00:00:00,8046,8.6,,1.0,2023-09-02 00:00:00,66.0,1er tercio lactancia
1692,2023-11-07 00:00:00,80472,2.4,,1.0,2023-05-06 00:00:00,185.0,3er tercio lactancia
1693,2023-11-07 00:00:00,8048,3.5,,1.0,2023-06-08 00:00:00,152.0,2do tercio lactancia
1694,2023-11-07 00:00:00,8050,3.8,,1.0,2023-05-30 00:00:00,161.0,2do tercio lactancia
1695,2023-11-07 00:00:00,8079,3.6,,1.0,2023-05-07 00:00:00,184.0,3er tercio lactancia
1696,2023-11-07 00:00:00,8086,3.4,,1.0,2023-06-22 00:00:00,138.0,2do tercio lactancia
1697,2023-11-07 00:00:00,8087,4.0,,1.0,2023-05-29 00:00:00,162.0,2do tercio lactancia
1698,2023-11-07 00:00:00,80882,4.9,,1.0,2023-03-14 00:00:00,238.0,3er tercio lactancia
1699,2023-11-07 00:00:00,809,4.3,,1.0,2023-05-03 00:00:00,188.0,3er tercio lactancia
1700,2023-11-07 00:00:00,8094,2.5,,1.0,2023-01-14 00:00:00,297.0,4to tercio lactancia
1701,2023-11-07 00:00:00,9040,4.8,,1.0,2023-06-08 00:00:00,152.0,2do tercio lactancia
1702,2023-11-07 00:00:00,9051,5.7,,1.0,2023-08-07 00:00:00,92.0,2do tercio lactancia
1703,2023-11-07 00:00:00,9071,2.3,,1.0,2023-06-01 00:00:00,159.0,2do tercio lactancia
1704,2023-11-07 00:00:00,9389,6.6,,1.0,2023-09-19 00:00:00,49.0,1er tercio lactancia
1798,2023-11-18 00:00:00,6021,2.6,,2.0,2023-08-05 00:00:00,105.0,2do tercio lactancia
1799,2023-11-18 00:00:00,3003A,6.7,,2.0,2023-07-14 00:00:00,127.0,2do tercio lactancia
1800,2023-11-18 00:00:00,4018,5.5,,2.0,2023-09-03 00:00:00,76.0,1er tercio lactancia
1801,2023-11-18 00:00:00,2063A,9.1,,3.0,2023-09-03 00:00:00,76.0,1er tercio lactancia
1802,2023-11-18 00:00:00,7074,4.6,,1.0,2023-04-24 00:00:00,208.0,3er tercio lactancia
1803,2023-11-18 00:00:00,4055,2.9,,2.0,2023-08-22 00:00:00,88.0,1er tercio lactancia
1804,2023-11-18 00:00:00,3119,7.6,,3.0,2023-10-10 00:00:00,39.0,1er tercio lactancia
1805,2023-11-18 00:00:00,2149A,5.8,,2.0,2023-05-22 00:00:00,180.0,2do tercio lactancia
1806,2023-11-18 00:00:00,7067,8.2,,1.0,2023-05-11 00:00:00,191.0,3er tercio lactancia
1807,2023-11-18 00:00:00,2148A,8.3,,2.0,2023-09-15 00:00:00,64.0,1er tercio lactancia
1808,2023-11-18 00:00:00,80472,1.7,,1.0,2023-05-06 00:00:00,196.0,3er tercio lactancia
1809,2023-11-18 00:00:00,31102,7.3,,2.0,2023-06-14 00:00:00,157.0,2do tercio lactancia
1810,2023-11-18 00:00:00,2143,5.9,,2.0,2023-04-29 00:00:00,203.0,3er tercio lactancia
1811,2023-11-18 00:00:00,7059,4.9,,1.0,2023-03-14 00:00:00,249.0,3er tercio lactancia
1812,2023-11-18 00:00:00,8077,2.9,,1.0,2023-06-28 00:00:00,143.0,2do tercio lactancia
1813,2023-11-18 00:00:00,7028,5.6,,2.0,2023-05-22 00:00:00,180.0,2do tercio lactancia
1814,2023-11-18 00:00:00,80882,4.2,,1.0,2023-03-14 00:00:00,249.0,3er tercio lactancia
1815,2023-11-18 00:00:00,8087,4.1,,1.0,2023-05-29 00:00:00,173.0,2do tercio lactancia
1816,2023-11-18 00:00:00,8079,3.9,,1.0,2023-05-07 00:00:00,195.0,3er tercio lactancia
1817,2023-11-18 00:00:00,3750,6.2,,2.0,2023-02-05 00:00:00,286.0,4to tercio lactancia
1818,2023-11-18 00:00:00,2050,6.3,,2.0,2023-05-08 00:00:00,194.0,3er tercio lactancia
1819,2023-11-18 00:00:00,40072,2.1,,1.0,2023-06-15 00:00:00,156.0,2do tercio lactancia
1820,2023-11-18 00:00:00,2062,4.1,,2.0,2022-12-26 00:00:00,327.0,4to tercio lactancia
1821,2023-11-18 00:00:00,8045,5.7,,1.0,2023-07-07 00:00:00,134.0,2do tercio lactancia
1822,2023-11-18 00:00:00,9051,7.3,,1.0,2023-08-07 00:00:00,103.0,2do tercio lactancia
1823,2023-11-18 00:00:00,0740,7.1,,2.0,2023-10-04 00:00:00,45.0,1er tercio lactancia
1824,2023-11-18 00:00:00,1091A,2.9,,1.0,2023-04-08 00:00:00,224.0,3er tercio lactancia
1825,2023-11-18 00:00:00,2090A,4.1,,1.0,2022-12-28 00:00:00,325.0,4to tercio lactancia
1826,2023-11-18 00:00:00,5077,1.8,,1.0,2023-04-13 00:00:00,219.0,3er tercio lactancia
1827,2023-11-18 00:00:00,8033,5.4,,1.0,2023-08-14 00:00:00,96.0,2do tercio lactancia
1828,2023-11-18 00:00:00,1015,5.2,,2.0,2023-08-03 00:00:00,107.0,2do tercio lactancia
1829,2023-11-18 00:00:00,3066B,5.6,,2.0,2023-09-19 00:00:00,60.0,1er tercio lactancia
1830,2023-11-18 00:00:00,5144,3.8,,2.0,2023-07-14 00:00:00,127.0,2do tercio lactancia
1831,2023-11-18 00:00:00,4151,9.6,,2.0,2023-06-28 00:00:00,143.0,2do tercio lactancia
1832,2023-11-18 00:00:00,3028A,4.5,,2.0,2023-07-19 00:00:00,122.0,2do tercio lactancia
1833,2023-11-18 00:00:00,2124A,9.4,,2.0,2023-05-31 00:00:00,171.0,2do tercio lactancia
1834,2023-11-18 00:00:00,3021A,10.2,,3.0,2023-10-24 00:00:00,25.0,1er tercio lactancia
1835,2023-11-18 00:00:00,7017,4.7,,1.0,2023-05-01 00:00:00,201.0,3er tercio lactancia
1836,2023-11-18 00:00:00,2047,2.3,,2.0,2023-06-11 00:00:00,160.0,2do tercio lactancia
1837,2023-11-18 00:00:00,EMB 5,1.8,,1.0,2023-07-19 00:00:00,122.0,2do tercio lactancia
1838,2023-11-18 00:00:00,7087,6.7,,2.0,2023-08-14 00:00:00,96.0,2do tercio lactancia
1839,2023-11-18 00:00:00,4079,6.4,,2.0,2023-10-31 00:00:00,18.0,1er tercio lactancia
1840,2023-11-18 00:00:00,2208A,6.5,,2.0,2023-09-15 00:00:00,64.0,1er tercio lactancia
1841,2023-11-18 00:00:00,5052,2.9,,1.0,2023-04-15 00:00:00,217.0,3er tercio lactancia
1842,2023-11-18 00:00:00,7083,12.8,,2.0,2023-09-25 00:00:00,54.0,1er tercio lactancia
1843,2023-11-18 00:00:00,6035,7.0,,2.0,2023-08-31 00:00:00,79.0,1er tercio lactancia
1844,2023-11-18 00:00:00,7033,7.7,,1.0,2023-07-21 00:00:00,120.0,2do tercio lactancia
1845,2023-11-18 00:00:00,4087,8.7,,2.0,2023-09-20 00:00:00,59.0,1er tercio lactancia
1846,2023-11-18 00:00:00,5033,5.8,,2.0,2023-09-30 00:00:00,49.0,1er tercio lactancia
1847,2023-11-18 00:00:00,5079,4.3,,1.0,2023-08-17 00:00:00,93.0,2do tercio lactancia
1848,2023-11-18 00:00:00,2079,4.7,,1.0,2023-03-01 00:00:00,262.0,3er tercio lactancia
1849,2023-11-18 00:00:00,2072,4.6,,1.0,2023-04-17 00:00:00,215.0,3er tercio lactancia
1850,2023-11-18 00:00:00,2219,6.1,,2.0,2023-09-15 00:00:00,64.0,1er tercio lactancia
1851,2023-11-18 00:00:00,2133A,5.4,,2.0,2023-10-25 00:00:00,24.0,1er tercio lactancia
1852,2023-11-18 00:00:00,9020,6.9,,1.0,2023-09-20 00:00:00,59.0,1er tercio lactancia
1853,2023-11-18 00:00:00,2196A,10.5,,2.0,2023-08-05 00:00:00,105.0,2do tercio lactancia
1854,2023-11-18 00:00:00,0128,1.9,,2.0,2023-09-30 00:00:00,49.0,1er tercio lactancia
1855,2023-11-18 00:00:00,8046,11.7,,1.0,2023-09-02 00:00:00,77.0,1er tercio lactancia
1856,2023-11-18 00:00:00,7007,8.2,,1.0,2023-09-05 00:00:00,74.0,1er tercio lactancia
1857,2023-11-18 00:00:00,5679,5.2,,2.0,2023-09-28 00:00:00,51.0,1er tercio lactancia
1858,2023-11-18 00:00:00,4101,3.2,,2.0,2023-08-23 00:00:00,87.0,1er tercio lactancia
1859,2023-11-18 00:00:00,7012,4.6,,1.0,2023-04-30 00:00:00,202.0,3er tercio lactancia
1860,2023-11-18 00:00:00,8019,4.1,,1.0,2023-08-06 00:00:00,104.0,2do tercio lactancia
1861,2023-11-18 00:00:00,8050,3.6,,1.0,2023-05-30 00:00:00,172.0,2do tercio lactancia
1862,2023-11-18 00:00:00,5010,2.8,,2.0,2023-11-01 00:00:00,17.0,1er tercio lactancia
1863,2023-11-18 00:00:00,8048,5.2,,1.0,2023-06-08 00:00:00,163.0,2do tercio lactancia
1864,2023-11-18 00:00:00,2226,10.9,,3.0,2023-09-28 00:00:00,51.0,1er tercio lactancia
1865,2023-11-18 00:00:00,3024A,10.8,,3.0,2023-09-02 00:00:00,77.0,1er tercio lactancia
1866,2023-11-18 00:00:00,2234,5.6,,2.0,2023-07-30 00:00:00,111.0,2do tercio lactancia
1867,2023-11-18 00:00:00,6010,4.1,,1.0,2023-08-30 00:00:00,80.0,1er tercio lactancia
1868,2023-11-18 00:00:00,2083,5.5,,2.0,2023-09-19 00:00:00,60.0,1er tercio lactancia
1869,2023-11-18 00:00:00,0500,4.1,,2.0,2023-05-01 00:00:00,201.0,3er tercio lactancia
1870,2023-11-18 00:00:00,3107,2.7,,2.0,2023-05-25 00:00:00,177.0,2do tercio lactancia
1871,2023-11-18 00:00:00,7077,3.1,,1.0,2023-04-02 00:00:00,230.0,3er tercio lactancia
1872,2023-11-18 00:00:00,2094A,10.3,,3.0,2023-09-28 00:00:00,51.0,1er tercio lactancia
1873,2023-11-18 00:00:00,4007,2.6,,2.0,2023-08-22 00:00:00,88.0,1er tercio lactancia
1874,2023-11-18 00:00:00,8017,3.5,,1.0,2022-12-27 00:00:00,326.0,4to tercio lactancia
1875,2023-11-18 00:00:00,9389,9.0,,1.0,2023-09-19 00:00:00,60.0,1er tercio lactancia
1876,2023-11-18 00:00:00,2,5.8,,1.0,2023-09-25 00:00:00,54.0,1er tercio lactancia
1877,2023-11-18 00:00:00,809,4.5,,1.0,2023-05-03 00:00:00,199.0,3er tercio lactancia
1878,2023-11-18 00:00:00,4043,8.2,,1.0,2023-10-11 00:00:00,38.0,1er tercio lactancia
1879,2023-11-18 00:00:00,4057,4.2,,1.0,2023-10-13 00:00:00,36.0,1er tercio lactancia
1880,2023-12-02 00:00:00,0018,6.5,,1.0,2023-10-20 00:00:00,43.0,1er tercio lactancia
1881,2023-12-02 00:00:00,0500,4.7,,2.0,2023-05-01 00:00:00,215.0,3er tercio lactancia
1882,2023-12-02 00:00:00,0740,3.8,,2.0,2023-10-04 00:00:00,59.0,1er tercio lactancia
1883,2023-12-02 00:00:00,1015,5.2,,2.0,2023-08-03 00:00:00,121.0,2do tercio lactancia
1884,2023-12-02 00:00:00,1091A,0.0,,1.0,2023-04-08 00:00:00,238.0,3er tercio lactancia
1885,2023-12-02 00:00:00,1112A,3.3,,1.0,2023-05-15 00:00:00,201.0,3er tercio lactancia
1886,2023-12-02 00:00:00,2,5.7,,1.0,2023-09-25 00:00:00,68.0,1er tercio lactancia
1887,2023-12-02 00:00:00,2021,0.0,,3.0,2023-11-27 00:00:00,5.0,1er tercio lactancia
1888,2023-12-02 00:00:00,2050,2.3,,2.0,2023-05-08 00:00:00,208.0,3er tercio lactancia
1889,2023-12-02 00:00:00,2063A,4.0,,3.0,2023-09-03 00:00:00,90.0,1er tercio lactancia
1890,2023-12-02 00:00:00,2072,4.7,,1.0,2023-04-17 00:00:00,229.0,3er tercio lactancia
1891,2023-12-02 00:00:00,2079,4.2,,1.0,2023-03-01 00:00:00,276.0,4to tercio lactancia
1892,2023-12-02 00:00:00,2083,4.9,,2.0,2023-09-19 00:00:00,74.0,1er tercio lactancia
1893,2023-12-02 00:00:00,2094A,11.2,,3.0,2023-09-28 00:00:00,65.0,1er tercio lactancia
1894,2023-12-02 00:00:00,2124A,8.4,,2.0,2023-05-31 00:00:00,185.0,3er tercio lactancia
1895,2023-12-02 00:00:00,2133A,4.5,,2.0,2023-10-25 00:00:00,38.0,1er tercio lactancia
1896,2023-12-02 00:00:00,2143,5.7,,2.0,2023-04-29 00:00:00,217.0,3er tercio lactancia
1897,2023-12-02 00:00:00,2148A,4.1,,2.0,2023-09-15 00:00:00,78.0,1er tercio lactancia
1898,2023-12-02 00:00:00,2149A,6.1,,2.0,2023-05-22 00:00:00,194.0,3er tercio lactancia
1899,2023-12-02 00:00:00,2196A,9.9,,2.0,2023-08-05 00:00:00,119.0,2do tercio lactancia
1900,2023-12-02 00:00:00,2208A,8.1,,2.0,2023-09-15 00:00:00,78.0,1er tercio lactancia
1901,2023-12-02 00:00:00,2219,7.3,,2.0,2023-09-15 00:00:00,78.0,1er tercio lactancia
1902,2023-12-02 00:00:00,2226,8.6,,3.0,2023-09-28 00:00:00,65.0,1er tercio lactancia
1903,2023-12-02 00:00:00,2234,5.5,,2.0,2023-07-30 00:00:00,125.0,2do tercio lactancia
1904,2023-12-02 00:00:00,3003A,3.7,,2.0,2023-07-14 00:00:00,141.0,2do tercio lactancia
1905,2023-12-02 00:00:00,3021A,11.0,,3.0,2023-10-24 00:00:00,39.0,1er tercio lactancia
1906,2023-12-02 00:00:00,3024A,11.4,,3.0,2023-09-02 00:00:00,91.0,2do tercio lactancia
1907,2023-12-02 00:00:00,3028A,4.7,,2.0,2023-07-19 00:00:00,136.0,2do tercio lactancia
1908,2023-12-02 00:00:00,3066B,5.7,,2.0,2023-09-19 00:00:00,74.0,1er tercio lactancia
1909,2023-12-02 00:00:00,3084,3.2,,1.0,2023-10-16 00:00:00,47.0,1er tercio lactancia
1910,2023-12-02 00:00:00,3107,2.8,,2.0,2023-05-25 00:00:00,191.0,3er tercio lactancia
1911,2023-12-02 00:00:00,31102,4.4,,2.0,2023-06-14 00:00:00,171.0,2do tercio lactancia
1912,2023-12-02 00:00:00,3119,3.0,,3.0,2023-10-10 00:00:00,53.0,1er tercio lactancia
1913,2023-12-02 00:00:00,3750,6.0,,2.0,2023-02-05 00:00:00,300.0,4to tercio lactancia
1914,2023-12-02 00:00:00,4007,2.7,,2.0,2023-08-22 00:00:00,102.0,2do tercio lactancia
1915,2023-12-02 00:00:00,4018,5.3,,2.0,2023-09-03 00:00:00,90.0,1er tercio lactancia
1916,2023-12-02 00:00:00,4043,9.0,,1.0,2023-10-11 00:00:00,52.0,1er tercio lactancia
1917,2023-12-02 00:00:00,4055,2.4,,2.0,2023-08-22 00:00:00,102.0,2do tercio lactancia
1918,2023-12-02 00:00:00,4057,2.3,,1.0,2023-10-13 00:00:00,50.0,1er tercio lactancia
1919,2023-12-02 00:00:00,4072,4.4,,1.0,2023-09-30 00:00:00,63.0,1er tercio lactancia
1920,2023-12-02 00:00:00,4075,0.0,,1.0,2023-11-04 00:00:00,28.0,1er tercio lactancia
1921,2023-12-02 00:00:00,4079,5.8,,2.0,2023-10-31 00:00:00,32.0,1er tercio lactancia
1922,2023-12-02 00:00:00,4087,9.0,,2.0,2023-09-20 00:00:00,73.0,1er tercio lactancia
1923,2023-12-02 00:00:00,4101,4.0,,2.0,2023-08-23 00:00:00,101.0,2do tercio lactancia
1924,2023-12-02 00:00:00,4151,9.3,,2.0,2023-06-28 00:00:00,157.0,2do tercio lactancia
1925,2023-12-02 00:00:00,5010,4.0,,2.0,2023-11-01 00:00:00,31.0,1er tercio lactancia
1926,2023-12-02 00:00:00,5013,0.0,,1.0,2023-10-30 00:00:00,33.0,1er tercio lactancia
1927,2023-12-02 00:00:00,5033,6.0,,2.0,2023-09-30 00:00:00,63.0,1er tercio lactancia
1928,2023-12-02 00:00:00,5079,5.6,,1.0,2023-08-17 00:00:00,107.0,2do tercio lactancia
1929,2023-12-02 00:00:00,5144,3.7,,2.0,2023-07-14 00:00:00,141.0,2do tercio lactancia
1930,2023-12-02 00:00:00,5146,3.5,,1.0,2023-06-26 00:00:00,159.0,2do tercio lactancia
1931,2023-12-02 00:00:00,5679,4.3,,2.0,2023-09-28 00:00:00,65.0,1er tercio lactancia
1932,2023-12-02 00:00:00,6010,3.9,,1.0,2023-08-30 00:00:00,94.0,2do tercio lactancia
1933,2023-12-02 00:00:00,6021,3.2,,2.0,2023-08-05 00:00:00,119.0,2do tercio lactancia
1934,2023-12-02 00:00:00,6035,7.7,,2.0,2023-08-31 00:00:00,93.0,2do tercio lactancia
1935,2023-12-02 00:00:00,7007,9.5,,1.0,2023-09-05 00:00:00,88.0,1er tercio lactancia
1936,2023-12-02 00:00:00,7012,3.3,,1.0,2023-04-30 00:00:00,216.0,3er tercio lactancia
1937,2023-12-02 00:00:00,7017,4.6,,1.0,2023-05-01 00:00:00,215.0,3er tercio lactancia
1938,2023-12-02 00:00:00,7028,5.8,,2.0,2023-05-22 00:00:00,194.0,3er tercio lactancia
1939,2023-12-02 00:00:00,7033,7.2,,1.0,2023-07-21 00:00:00,134.0,2do tercio lactancia
1940,2023-12-02 00:00:00,7059,4.0,,1.0,2023-03-14 00:00:00,263.0,3er tercio lactancia
1941,2023-12-02 00:00:00,7067,3.8,,1.0,2023-05-11 00:00:00,205.0,3er tercio lactancia
1942,2023-12-02 00:00:00,7074,4.6,,1.0,2023-04-24 00:00:00,222.0,3er tercio lactancia
1943,2023-12-02 00:00:00,7076,3.7,,1.0,2023-07-20 00:00:00,135.0,2do tercio lactancia
1944,2023-12-02 00:00:00,7077,2.7,,1.0,2023-04-02 00:00:00,244.0,3er tercio lactancia
1945,2023-12-02 00:00:00,7083,12.7,,2.0,2023-09-25 00:00:00,68.0,1er tercio lactancia
1946,2023-12-02 00:00:00,7087,8.2,,2.0,2023-08-14 00:00:00,110.0,2do tercio lactancia
1947,2023-12-02 00:00:00,8019,6.1,,1.0,2023-08-06 00:00:00,118.0,2do tercio lactancia
1948,2023-12-02 00:00:00,8028,3.0,,1.0,2023-05-03 00:00:00,213.0,3er tercio lactancia
1949,2023-12-02 00:00:00,8033,5.2,,1.0,2023-08-14 00:00:00,110.0,2do tercio lactancia
1950,2023-12-02 00:00:00,8043,4.9,,1.0,2023-06-08 00:00:00,177.0,2do tercio lactancia
1951,2023-12-02 00:00:00,8045,8.2,,1.0,2023-07-07 00:00:00,148.0,2do tercio lactancia
1952,2023-12-02 00:00:00,8046,11.5,,1.0,2023-09-02 00:00:00,91.0,2do tercio lactancia
1953,2023-12-02 00:00:00,8048,5.0,,1.0,2023-06-08 00:00:00,177.0,2do tercio lactancia
1954,2023-12-02 00:00:00,8050,4.4,,1.0,2023-05-30 00:00:00,186.0,3er tercio lactancia
1955,2023-12-02 00:00:00,8077,2.3,,1.0,2023-06-28 00:00:00,157.0,2do tercio lactancia
1956,2023-12-02 00:00:00,8079,3.9,,1.0,2023-05-07 00:00:00,209.0,3er tercio lactancia
1957,2023-12-02 00:00:00,8086,4.0,,1.0,2023-06-22 00:00:00,163.0,2do tercio lactancia
1958,2023-12-02 00:00:00,8087,4.8,,1.0,2023-05-29 00:00:00,187.0,3er tercio lactancia
1959,2023-12-02 00:00:00,80882,4.8,,1.0,2023-03-14 00:00:00,263.0,3er tercio lactancia
1960,2023-12-02 00:00:00,809,5.7,,1.0,2023-05-03 00:00:00,213.0,3er tercio lactancia
1961,2023-12-02 00:00:00,9007,8.2,,1.0,2023-11-10 00:00:00,22.0,1er tercio lactancia
1962,2023-12-02 00:00:00,9020,7.0,,1.0,2023-09-20 00:00:00,73.0,1er tercio lactancia
1963,2023-12-02 00:00:00,9040,5.6,,1.0,2023-06-08 00:00:00,177.0,2do tercio lactancia
1964,2023-12-02 00:00:00,9051,7.4,,1.0,2023-08-07 00:00:00,117.0,2do tercio lactancia
1965,2023-12-02 00:00:00,9071,2.6,,1.0,2023-06-01 00:00:00,184.0,3er tercio lactancia
1966,2023-12-02 00:00:00,9389,9.5,,1.0,2023-09-19 00:00:00,74.0,1er tercio lactancia
2045,2023-12-16 00:00:00,0500,4.4,,2.0,2023-05-01 00:00:00,229.0,3er tercio lactancia
2046,2023-12-16 00:00:00,0740,7.5,,2.0,2023-10-04 00:00:00,73.0,1er tercio lactancia
2047,2023-12-16 00:00:00,1015,4.5,,2.0,2023-08-03 00:00:00,135.0,2do tercio lactancia
2048,2023-12-16 00:00:00,1112A,3.4,,1.0,2023-05-15 00:00:00,215.0,3er tercio lactancia
2049,2023-12-16 00:00:00,2,5.7,,1.0,2023-09-25 00:00:00,82.0,1er tercio lactancia
2050,2023-12-16 00:00:00,2021,6.7,,2.0,2022-11-14 00:00:00,397.0,4to tercio lactancia
2051,2023-12-16 00:00:00,2050,3.7,,2.0,2023-05-08 00:00:00,222.0,3er tercio lactancia
2052,2023-12-16 00:00:00,2063A,8.1,,3.0,2023-09-03 00:00:00,104.0,2do tercio lactancia
2053,2023-12-16 00:00:00,2072,4.5,,1.0,2023-04-17 00:00:00,243.0,3er tercio lactancia
2054,2023-12-16 00:00:00,2079,4.8,,1.0,2023-03-01 00:00:00,290.0,4to tercio lactancia
2055,2023-12-16 00:00:00,2083,4.7,,2.0,2023-09-19 00:00:00,88.0,1er tercio lactancia
2056,2023-12-16 00:00:00,2094A,11.5,,3.0,2023-09-28 00:00:00,79.0,1er tercio lactancia
2057,2023-12-16 00:00:00,2096,8.4,,2.0,2022-12-01 00:00:00,380.0,4to tercio lactancia
2058,2023-12-16 00:00:00,2124A,7.8,,2.0,2023-05-31 00:00:00,199.0,3er tercio lactancia
2059,2023-12-16 00:00:00,2133A,4.1,,2.0,2023-10-25 00:00:00,52.0,1er tercio lactancia
2060,2023-12-16 00:00:00,2143,6.4,,2.0,2023-04-29 00:00:00,231.0,3er tercio lactancia
2061,2023-12-16 00:00:00,2148A,7.8,,2.0,2023-09-15 00:00:00,92.0,2do tercio lactancia
2062,2023-12-16 00:00:00,2149A,6.1,,2.0,2023-05-22 00:00:00,208.0,3er tercio lactancia
2063,2023-12-16 00:00:00,2196A,8.8,,2.0,2023-08-05 00:00:00,133.0,2do tercio lactancia
2064,2023-12-16 00:00:00,2208A,6.9,,2.0,2023-09-15 00:00:00,92.0,2do tercio lactancia
2065,2023-12-16 00:00:00,2219,6.9,,2.0,2023-09-15 00:00:00,92.0,2do tercio lactancia
2066,2023-12-16 00:00:00,2226,8.4,,3.0,2023-09-28 00:00:00,79.0,1er tercio lactancia
2067,2023-12-16 00:00:00,2234,5.3,,2.0,2023-07-30 00:00:00,139.0,2do tercio lactancia
2068,2023-12-16 00:00:00,3003A,7.5,,2.0,2023-07-14 00:00:00,155.0,2do tercio lactancia
2069,2023-12-16 00:00:00,3021A,9.7,,3.0,2023-10-24 00:00:00,53.0,1er tercio lactancia
2070,2023-12-16 00:00:00,3024A,10.7,,3.0,2023-09-02 00:00:00,105.0,2do tercio lactancia
2071,2023-12-16 00:00:00,3028A,4.2,,2.0,2023-07-19 00:00:00,150.0,2do tercio lactancia
2072,2023-12-16 00:00:00,3066B,5.5,,2.0,2023-09-19 00:00:00,88.0,1er tercio lactancia
2073,2023-12-16 00:00:00,3084,3.8,,1.0,2023-10-16 00:00:00,61.0,1er tercio lactancia
2074,2023-12-16 00:00:00,31102,7.2,,2.0,2023-06-14 00:00:00,185.0,3er tercio lactancia
2075,2023-12-16 00:00:00,3119,8.1,,3.0,2023-10-10 00:00:00,67.0,1er tercio lactancia
2076,2023-12-16 00:00:00,4018,5.4,,2.0,2023-09-03 00:00:00,104.0,2do tercio lactancia
2077,2023-12-16 00:00:00,4043,7.7,,1.0,2023-10-11 00:00:00,66.0,1er tercio lactancia
2078,2023-12-16 00:00:00,4057,4.5,,1.0,2023-10-13 00:00:00,64.0,1er tercio lactancia
2079,2023-12-16 00:00:00,4072,3.9,,1.0,2023-09-30 00:00:00,77.0,1er tercio lactancia
2080,2023-12-16 00:00:00,4075,5.4,,1.0,2023-11-04 00:00:00,42.0,1er tercio lactancia
2081,2023-12-16 00:00:00,4079,5.9,,2.0,2023-10-31 00:00:00,46.0,1er tercio lactancia
2082,2023-12-16 00:00:00,4087,8.4,,2.0,2023-09-20 00:00:00,87.0,1er tercio lactancia
2083,2023-12-16 00:00:00,4101,4.4,,2.0,2023-08-23 00:00:00,115.0,2do tercio lactancia
2084,2023-12-16 00:00:00,4151,8.8,,2.0,2023-06-28 00:00:00,171.0,2do tercio lactancia
2085,2023-12-16 00:00:00,5010,5.3,,2.0,2023-11-01 00:00:00,45.0,1er tercio lactancia
2086,2023-12-16 00:00:00,5013,3.8,,1.0,2023-10-30 00:00:00,47.0,1er tercio lactancia
2087,2023-12-16 00:00:00,5033,5.8,,2.0,2023-09-30 00:00:00,77.0,1er tercio lactancia
2088,2023-12-16 00:00:00,5079,4.4,,1.0,2023-08-17 00:00:00,121.0,2do tercio lactancia
2089,2023-12-16 00:00:00,5146,4.5,,1.0,2023-06-26 00:00:00,173.0,2do tercio lactancia
2090,2023-12-16 00:00:00,5679,4.7,,2.0,2023-09-28 00:00:00,79.0,1er tercio lactancia
2091,2023-12-16 00:00:00,6010,4.6,,1.0,2023-08-30 00:00:00,108.0,2do tercio lactancia
2092,2023-12-16 00:00:00,6021,4.9,,2.0,2023-08-05 00:00:00,133.0,2do tercio lactancia
2093,2023-12-16 00:00:00,6035,6.7,,2.0,2023-08-31 00:00:00,107.0,2do tercio lactancia
2094,2023-12-16 00:00:00,7007,7.9,,1.0,2023-09-05 00:00:00,102.0,2do tercio lactancia
2095,2023-12-16 00:00:00,7012,1.6,,1.0,2023-04-30 00:00:00,230.0,3er tercio lactancia
2096,2023-12-16 00:00:00,7017,4.7,,1.0,2023-05-01 00:00:00,229.0,3er tercio lactancia
2097,2023-12-16 00:00:00,7028,6.3,,2.0,2023-05-22 00:00:00,208.0,3er tercio lactancia
2098,2023-12-16 00:00:00,7033,8.0,,1.0,2023-07-21 00:00:00,148.0,2do tercio lactancia
2099,2023-12-16 00:00:00,7059,4.3,,1.0,2023-03-14 00:00:00,277.0,4to tercio lactancia
2100,2023-12-16 00:00:00,7067,6.1,,1.0,2023-05-11 00:00:00,219.0,3er tercio lactancia
2101,2023-12-16 00:00:00,7074,4.2,,1.0,2023-04-24 00:00:00,236.0,3er tercio lactancia
2102,2023-12-16 00:00:00,7076,3.3,,1.0,2023-07-20 00:00:00,149.0,2do tercio lactancia
2103,2023-12-16 00:00:00,7083,12.0,,2.0,2023-09-25 00:00:00,82.0,1er tercio lactancia
2104,2023-12-16 00:00:00,7087,6.6,,2.0,2023-08-14 00:00:00,124.0,2do tercio lactancia
2105,2023-12-16 00:00:00,8019,6.5,,1.0,2023-08-06 00:00:00,132.0,2do tercio lactancia
2106,2023-12-16 00:00:00,8033,4.7,,1.0,2023-08-14 00:00:00,124.0,2do tercio lactancia
2107,2023-12-16 00:00:00,8043,4.3,,1.0,2023-06-08 00:00:00,191.0,3er tercio lactancia
2108,2023-12-16 00:00:00,8045,5.9,,1.0,2023-07-07 00:00:00,162.0,2do tercio lactancia
2109,2023-12-16 00:00:00,8046,12.6,,1.0,2023-09-02 00:00:00,105.0,2do tercio lactancia
2110,2023-12-16 00:00:00,8048,5.3,,1.0,2023-06-08 00:00:00,191.0,3er tercio lactancia
2111,2023-12-16 00:00:00,8050,3.4,,1.0,2023-05-30 00:00:00,200.0,3er tercio lactancia
2112,2023-12-16 00:00:00,8079,4.0,,1.0,2023-05-07 00:00:00,223.0,3er tercio lactancia
2113,2023-12-16 00:00:00,8086,3.4,,1.0,2023-06-22 00:00:00,177.0,2do tercio lactancia
2114,2023-12-16 00:00:00,8087,4.6,,1.0,2023-05-29 00:00:00,201.0,3er tercio lactancia
2115,2023-12-16 00:00:00,80882,5.4,,1.0,2023-03-14 00:00:00,277.0,4to tercio lactancia
2116,2023-12-16 00:00:00,809,5.6,,1.0,2023-05-03 00:00:00,227.0,3er tercio lactancia
2117,2023-12-16 00:00:00,9007,8.9,,1.0,2023-11-10 00:00:00,36.0,1er tercio lactancia
2118,2023-12-16 00:00:00,9020,5.9,,1.0,2023-09-20 00:00:00,87.0,1er tercio lactancia
2119,2023-12-16 00:00:00,9040,5.7,,1.0,2023-06-08 00:00:00,191.0,3er tercio lactancia
2120,2023-12-16 00:00:00,9051,7.0,,1.0,2023-08-07 00:00:00,131.0,2do tercio lactancia
2121,2023-12-16 00:00:00,9389,8.3,,1.0,2023-09-19 00:00:00,88.0,1er tercio lactancia
2122,2023-12-16 00:00:00,SNA,9.7,,2.0,2022-11-21 00:00:00,390.0,4to tercio lactancia
2123,2024-01-06 00:00:00,1078A,1.7,,2.0,2023-11-30 00:00:00,37.0,1er tercio lactancia
2124,2024-01-06 00:00:00,1139A,1.7,,2.0,2023-12-28 00:00:00,9.0,1er tercio lactancia
2125,2024-01-06 00:00:00,91171,2.0,,1.0,2023-12-16 00:00:00,21.0,1er tercio lactancia
2126,2024-01-06 00:00:00,2050,2.5,,2.0,2023-05-08 00:00:00,243.0,3er tercio lactancia
2127,2024-01-06 00:00:00,7032,2.5,,1.0,2023-12-18 00:00:00,19.0,1er tercio lactancia
2128,2024-01-06 00:00:00,5013,2.6,,1.0,2023-10-30 00:00:00,68.0,1er tercio lactancia
2129,2024-01-06 00:00:00,0229,2.7,,1.0,2023-12-27 00:00:00,10.0,1er tercio lactancia
2130,2024-01-06 00:00:00,6021,2.7,,2.0,2023-08-05 00:00:00,154.0,2do tercio lactancia
2131,2024-01-06 00:00:00,7038,2.7,,1.0,2023-12-12 00:00:00,25.0,1er tercio lactancia
2132,2024-01-06 00:00:00,9058,2.7,,1.0,2023-12-31 00:00:00,6.0,1er tercio lactancia
2133,2024-01-06 00:00:00,1310,2.8,,2.0,2023-12-16 00:00:00,21.0,1er tercio lactancia
2134,2024-01-06 00:00:00,4101,2.9,,2.0,2023-08-23 00:00:00,136.0,2do tercio lactancia
2135,2024-01-06 00:00:00,8086,3.0,,1.0,2023-06-22 00:00:00,198.0,3er tercio lactancia
2136,2024-01-06 00:00:00,0500,3.1,,2.0,2023-05-01 00:00:00,250.0,3er tercio lactancia
2137,2024-01-06 00:00:00,5146,3.1,,1.0,2023-06-26 00:00:00,194.0,3er tercio lactancia
2138,2024-01-06 00:00:00,1112A,3.4,,1.0,2023-05-15 00:00:00,236.0,3er tercio lactancia
2139,2024-01-06 00:00:00,2234,3.4,,2.0,2023-07-30 00:00:00,160.0,2do tercio lactancia
2140,2024-01-06 00:00:00,4025,3.4,,2.0,2023-12-12 00:00:00,25.0,1er tercio lactancia
2141,2024-01-06 00:00:00,8079,3.4,,1.0,2023-05-07 00:00:00,244.0,3er tercio lactancia
2142,2024-01-06 00:00:00,9125,3.4,,1.0,2023-12-28 00:00:00,9.0,1er tercio lactancia
2143,2024-01-06 00:00:00,2,3.5,,1.0,2023-09-25 00:00:00,103.0,2do tercio lactancia
2144,2024-01-06 00:00:00,3084,3.6,,1.0,2023-10-16 00:00:00,82.0,1er tercio lactancia
2145,2024-01-06 00:00:00,4057,3.6,,1.0,2023-10-13 00:00:00,85.0,1er tercio lactancia
2146,2024-01-06 00:00:00,7076,3.7,,1.0,2023-07-20 00:00:00,170.0,2do tercio lactancia
2147,2024-01-06 00:00:00,1015,3.8,,2.0,2023-08-03 00:00:00,156.0,2do tercio lactancia
2148,2024-01-06 00:00:00,2072,3.8,,1.0,2023-04-17 00:00:00,264.0,3er tercio lactancia
2149,2024-01-06 00:00:00,6010,3.8,,1.0,2023-08-30 00:00:00,129.0,2do tercio lactancia
2150,2024-01-06 00:00:00,7059,3.8,,1.0,2023-03-14 00:00:00,298.0,3er tercio lactancia
2151,2024-01-06 00:00:00,7074,3.8,,1.0,2023-04-24 00:00:00,257.0,3er tercio lactancia
2152,2024-01-06 00:00:00,8050,3.8,,1.0,2023-05-30 00:00:00,221.0,3er tercio lactancia
2153,2024-01-06 00:00:00,8061,3.8,,1.0,2023-12-15 00:00:00,22.0,1er tercio lactancia
2154,2024-01-06 00:00:00,8076,3.8,,1.0,2023-12-11 00:00:00,26.0,1er tercio lactancia
2155,2024-01-06 00:00:00,2079,4.0,,1.0,2023-03-01 00:00:00,311.0,3er tercio lactancia
2156,2024-01-06 00:00:00,2133A,4.0,,2.0,2023-10-25 00:00:00,73.0,1er tercio lactancia
2157,2024-01-06 00:00:00,5010,4.0,,2.0,2023-11-01 00:00:00,66.0,1er tercio lactancia
2158,2024-01-06 00:00:00,5679,4.0,,2.0,2023-09-28 00:00:00,100.0,2do tercio lactancia
2159,2024-01-06 00:00:00,8033,4.0,,1.0,2023-08-14 00:00:00,145.0,2do tercio lactancia
2160,2024-01-06 00:00:00,3028A,4.1,,2.0,2023-07-19 00:00:00,171.0,2do tercio lactancia
2161,2024-01-06 00:00:00,5079,4.1,,1.0,2023-08-17 00:00:00,142.0,2do tercio lactancia
2162,2024-01-06 00:00:00,2171,4.2,,3.0,2023-12-28 00:00:00,9.0,1er tercio lactancia
2163,2024-01-06 00:00:00,5033,4.2,,2.0,2023-09-30 00:00:00,98.0,2do tercio lactancia
2164,2024-01-06 00:00:00,2083,4.3,,2.0,2023-09-19 00:00:00,109.0,2do tercio lactancia
2165,2024-01-06 00:00:00,4072,4.3,,1.0,2023-09-30 00:00:00,98.0,2do tercio lactancia
2166,2024-01-06 00:00:00,8087,4.5,,1.0,2023-05-29 00:00:00,222.0,3er tercio lactancia
2167,2024-01-06 00:00:00,3119,4.6,,3.0,2023-10-10 00:00:00,88.0,1er tercio lactancia
2168,2024-01-06 00:00:00,8043,4.6,,1.0,2023-06-08 00:00:00,212.0,3er tercio lactancia
2169,2024-01-06 00:00:00,3066B,4.7,,2.0,2023-09-19 00:00:00,109.0,2do tercio lactancia
2170,2024-01-06 00:00:00,809,4.7,,1.0,2023-05-03 00:00:00,248.0,3er tercio lactancia
2171,2024-01-06 00:00:00,8019,4.8,,1.0,2023-08-06 00:00:00,153.0,2do tercio lactancia
2172,2024-01-06 00:00:00,7028,5.0,,2.0,2023-05-22 00:00:00,229.0,3er tercio lactancia
2173,2024-01-06 00:00:00,8045,5.0,,1.0,2023-07-07 00:00:00,183.0,3er tercio lactancia
2174,2024-01-06 00:00:00,80882,5.0,,1.0,2023-03-14 00:00:00,298.0,3er tercio lactancia
2175,2024-01-06 00:00:00,4018,5.1,,2.0,2023-09-03 00:00:00,125.0,2do tercio lactancia
2176,2024-01-06 00:00:00,8048,5.1,,1.0,2023-06-08 00:00:00,212.0,3er tercio lactancia
2177,2024-01-06 00:00:00,8096,5.2,,2.0,2023-12-28 00:00:00,9.0,1er tercio lactancia
2178,2024-01-06 00:00:00,2149A,5.2,,2.0,2023-05-22 00:00:00,229.0,3er tercio lactancia
2179,2024-01-06 00:00:00,7017,5.3,,1.0,2023-05-01 00:00:00,250.0,3er tercio lactancia
2180,2024-01-06 00:00:00,9113,5.3,,1.0,2023-12-20 00:00:00,17.0,1er tercio lactancia
2181,2024-01-06 00:00:00,7022,5.4,,1.0,2023-12-26 00:00:00,11.0,1er tercio lactancia
2182,2024-01-06 00:00:00,9040,5.5,,1.0,2023-06-08 00:00:00,212.0,3er tercio lactancia
2183,2024-01-06 00:00:00,8062,5.7,,1.0,2023-12-24 00:00:00,13.0,1er tercio lactancia
2184,2024-01-06 00:00:00,4079,5.9,,2.0,2023-10-31 00:00:00,67.0,1er tercio lactancia
2185,2024-01-06 00:00:00,9020,5.9,,1.0,2023-09-20 00:00:00,108.0,2do tercio lactancia
2186,2024-01-06 00:00:00,2143,6.0,,2.0,2023-04-29 00:00:00,252.0,3er tercio lactancia
2187,2024-01-06 00:00:00,3132,6.0,,2.0,2023-12-25 00:00:00,12.0,1er tercio lactancia
2188,2024-01-06 00:00:00,2148A,6.3,,2.0,2023-09-15 00:00:00,113.0,2do tercio lactancia
2189,2024-01-06 00:00:00,9051,6.3,,1.0,2023-08-07 00:00:00,152.0,2do tercio lactancia
2190,2024-01-06 00:00:00,0740,6.3,,2.0,2023-10-04 00:00:00,94.0,2do tercio lactancia
2191,2024-01-06 00:00:00,2219,6.5,,2.0,2023-09-15 00:00:00,113.0,2do tercio lactancia
2192,2024-01-06 00:00:00,3003A,6.5,,2.0,2023-07-14 00:00:00,176.0,2do tercio lactancia
2193,2024-01-06 00:00:00,7087,6.5,,2.0,2023-08-14 00:00:00,145.0,2do tercio lactancia
2194,2024-01-06 00:00:00,6043,6.6,,2.0,2023-12-18 00:00:00,19.0,1er tercio lactancia
2195,2024-01-06 00:00:00,2208A,6.8,,2.0,2023-09-15 00:00:00,113.0,2do tercio lactancia
2196,2024-01-06 00:00:00,0338,6.8,,1.0,2023-12-13 00:00:00,24.0,1er tercio lactancia
2197,2024-01-06 00:00:00,31102,6.8,,2.0,2023-06-14 00:00:00,206.0,3er tercio lactancia
2198,2024-01-06 00:00:00,2124A,6.9,,2.0,2023-05-31 00:00:00,220.0,3er tercio lactancia
2199,2024-01-06 00:00:00,4087,7.0,,2.0,2023-09-20 00:00:00,108.0,2do tercio lactancia
2200,2024-01-06 00:00:00,7033,7.1,,1.0,2023-07-21 00:00:00,169.0,2do tercio lactancia
2201,2024-01-06 00:00:00,7067,7.2,,1.0,2023-05-11 00:00:00,240.0,3er tercio lactancia
2202,2024-01-06 00:00:00,8036,7.3,,2.0,2023-12-15 00:00:00,22.0,1er tercio lactancia
2203,2024-01-06 00:00:00,0132,7.4,,3.0,2023-12-12 00:00:00,25.0,1er tercio lactancia
2204,2024-01-06 00:00:00,4043,7.4,,1.0,2023-10-11 00:00:00,87.0,1er tercio lactancia
2205,2024-01-06 00:00:00,4151,7.4,,2.0,2023-06-28 00:00:00,192.0,3er tercio lactancia
2206,2024-01-06 00:00:00,2196A,7.8,,2.0,2023-08-05 00:00:00,154.0,2do tercio lactancia
2207,2024-01-06 00:00:00,9007,7.8,,1.0,2023-11-10 00:00:00,57.0,1er tercio lactancia
2208,2024-01-06 00:00:00,2063A,7.9,,3.0,2023-09-03 00:00:00,125.0,2do tercio lactancia
2209,2024-01-06 00:00:00,2226,7.9,,3.0,2023-09-28 00:00:00,100.0,2do tercio lactancia
2210,2024-01-06 00:00:00,6035,7.9,,2.0,2023-08-31 00:00:00,128.0,2do tercio lactancia
2211,2024-01-06 00:00:00,9389,8.2,,1.0,2023-09-19 00:00:00,109.0,2do tercio lactancia
2212,2024-01-06 00:00:00,2021,8.3,,3.0,2023-11-27 00:00:00,40.0,1er tercio lactancia
2213,2024-01-06 00:00:00,7007,8.5,,1.0,2023-09-05 00:00:00,123.0,2do tercio lactancia
2214,2024-01-06 00:00:00,2094A,8.6,,3.0,2023-09-28 00:00:00,100.0,2do tercio lactancia
2215,2024-01-06 00:00:00,3021A,8.7,,3.0,2023-10-24 00:00:00,74.0,1er tercio lactancia
2216,2024-01-06 00:00:00,0272,8.9,,1.0,2023-12-11 00:00:00,26.0,1er tercio lactancia
2217,2024-01-06 00:00:00,2209A,9.2,,2.0,2023-12-25 00:00:00,12.0,1er tercio lactancia
2218,2024-01-06 00:00:00,7083,9.8,,2.0,2023-09-25 00:00:00,103.0,2do tercio lactancia
2219,2024-01-06 00:00:00,6067,10.2,,3.0,2023-12-22 00:00:00,15.0,1er tercio lactancia
2220,2024-01-06 00:00:00,3024A,10.6,,3.0,2023-09-02 00:00:00,126.0,2do tercio lactancia
2221,2024-01-06 00:00:00,91262,10.7,,1.0,2023-12-10 00:00:00,27.0,1er tercio lactancia
2222,2024-01-06 00:00:00,SNA,11.1,,3.0,2023-12-04 00:00:00,33.0,1er tercio lactancia
2223,2024-01-06 00:00:00,8046,11.6,,1.0,2023-09-02 00:00:00,126.0,2do tercio lactancia
2224,2024-01-06 00:00:00,2096,12.2,,3.0,2023-12-09 00:00:00,28.0,1er tercio lactancia
2250,2024-01-20 00:00:00,4075,3.5,,1.0,2023-11-04 00:00:00,77.0,1er tercio lactancia
2251,2024-01-20 00:00:00,0018,9.2,,1.0,2023-10-20 00:00:00,92.0,2do tercio lactancia
2252,2024-01-20 00:00:00,0132,9.2,,3.0,2023-12-12 00:00:00,39.0,1er tercio lactancia
2253,2024-01-20 00:00:00,0229,8.6,,1.0,2023-12-27 00:00:00,24.0,1er tercio lactancia
2254,2024-01-20 00:00:00,0272,7.9,,1.0,2023-12-11 00:00:00,40.0,1er tercio lactancia
2255,2024-01-20 00:00:00,0298A,3.2,,1.0,2024-01-14 00:00:00,6.0,1er tercio lactancia
2256,2024-01-20 00:00:00,0338,8.4,,1.0,2023-12-13 00:00:00,38.0,1er tercio lactancia
2257,2024-01-20 00:00:00,0500,3.3,,2.0,2023-05-01 00:00:00,264.0,3er tercio lactancia
2258,2024-01-20 00:00:00,0740,7.8,,2.0,2023-10-04 00:00:00,108.0,2do tercio lactancia
2259,2024-01-20 00:00:00,1015,3.3,,2.0,2023-08-03 00:00:00,170.0,2do tercio lactancia
2260,2024-01-20 00:00:00,1078A,3.7,,2.0,2023-11-30 00:00:00,51.0,1er tercio lactancia
2261,2024-01-20 00:00:00,1112A,4.0,,1.0,2023-05-15 00:00:00,250.0,3er tercio lactancia
2262,2024-01-20 00:00:00,1139A,4.8,,2.0,2023-12-28 00:00:00,23.0,1er tercio lactancia
2263,2024-01-20 00:00:00,1310,4.2,,2.0,2023-12-16 00:00:00,35.0,1er tercio lactancia
2264,2024-01-20 00:00:00,2,3.4,,1.0,2023-09-25 00:00:00,117.0,2do tercio lactancia
2265,2024-01-20 00:00:00,2021,8.4,,3.0,2023-11-27 00:00:00,54.0,1er tercio lactancia
2266,2024-01-20 00:00:00,2050,1.7,,2.0,2023-05-08 00:00:00,257.0,3er tercio lactancia
2267,2024-01-20 00:00:00,2063A,8.4,,3.0,2023-09-03 00:00:00,139.0,2do tercio lactancia
2268,2024-01-20 00:00:00,2072,3.8,,1.0,2023-04-17 00:00:00,278.0,3er tercio lactancia
2269,2024-01-20 00:00:00,2083,3.9,,2.0,2023-09-19 00:00:00,123.0,2do tercio lactancia
2270,2024-01-20 00:00:00,2094A,9.0,,3.0,2023-09-28 00:00:00,114.0,2do tercio lactancia
2271,2024-01-20 00:00:00,2096,11.0,,3.0,2023-12-09 00:00:00,42.0,1er tercio lactancia
2272,2024-01-20 00:00:00,2124A,8.4,,2.0,2023-05-31 00:00:00,234.0,3er tercio lactancia
2273,2024-01-20 00:00:00,2130,7.6,,3.0,2024-01-02 00:00:00,18.0,1er tercio lactancia
2274,2024-01-20 00:00:00,2133A,5.7,,2.0,2023-10-25 00:00:00,87.0,1er tercio lactancia
2275,2024-01-20 00:00:00,2143,5.4,,2.0,2023-04-29 00:00:00,266.0,3er tercio lactancia
2276,2024-01-20 00:00:00,2148A,7.4,,2.0,2023-09-15 00:00:00,127.0,2do tercio lactancia
2277,2024-01-20 00:00:00,2149A,4.6,,2.0,2023-05-22 00:00:00,243.0,3er tercio lactancia
2278,2024-01-20 00:00:00,2171,11.1,,3.0,2023-12-28 00:00:00,23.0,1er tercio lactancia
2279,2024-01-20 00:00:00,2196A,8.5,,2.0,2023-08-05 00:00:00,168.0,2do tercio lactancia
2280,2024-01-20 00:00:00,2208A,6.3,,2.0,2023-09-15 00:00:00,127.0,2do tercio lactancia
2281,2024-01-20 00:00:00,2209A,12.6,,2.0,2023-12-25 00:00:00,26.0,1er tercio lactancia
2282,2024-01-20 00:00:00,2219,7.0,,2.0,2023-09-15 00:00:00,127.0,2do tercio lactancia
2283,2024-01-20 00:00:00,2220,3.8,,3.0,2024-01-14 00:00:00,6.0,1er tercio lactancia
2284,2024-01-20 00:00:00,2226,10.1,,3.0,2023-09-28 00:00:00,114.0,2do tercio lactancia
2285,2024-01-20 00:00:00,2234,3.8,,2.0,2023-07-30 00:00:00,174.0,2do tercio lactancia
2286,2024-01-20 00:00:00,3003A,7.7,,2.0,2023-07-14 00:00:00,190.0,3er tercio lactancia
2287,2024-01-20 00:00:00,3021A,10.1,,3.0,2023-10-24 00:00:00,88.0,1er tercio lactancia
2288,2024-01-20 00:00:00,3024A,10.3,,3.0,2023-09-02 00:00:00,140.0,2do tercio lactancia
2289,2024-01-20 00:00:00,3028A,3.6,,2.0,2023-07-19 00:00:00,185.0,3er tercio lactancia
2290,2024-01-20 00:00:00,3066B,4.6,,2.0,2023-09-19 00:00:00,123.0,2do tercio lactancia
2291,2024-01-20 00:00:00,3084,3.2,,1.0,2023-10-16 00:00:00,96.0,2do tercio lactancia
2292,2024-01-20 00:00:00,31102,8.4,,2.0,2023-06-14 00:00:00,220.0,3er tercio lactancia
2293,2024-01-20 00:00:00,3119,6.3,,3.0,2023-10-10 00:00:00,102.0,2do tercio lactancia
2294,2024-01-20 00:00:00,3132,9.3,,2.0,2023-12-25 00:00:00,26.0,1er tercio lactancia
2295,2024-01-20 00:00:00,4018,5.0,,2.0,2023-09-03 00:00:00,139.0,2do tercio lactancia
2296,2024-01-20 00:00:00,4025,1.6,,2.0,2023-12-12 00:00:00,39.0,1er tercio lactancia
2297,2024-01-20 00:00:00,4043,7.3,,1.0,2023-10-11 00:00:00,101.0,2do tercio lactancia
2298,2024-01-20 00:00:00,4048,2.4,,3.0,2023-12-28 00:00:00,23.0,1er tercio lactancia
2299,2024-01-20 00:00:00,4057,2.6,,1.0,2023-10-13 00:00:00,99.0,2do tercio lactancia
2300,2024-01-20 00:00:00,4072,3.3,,1.0,2023-09-30 00:00:00,112.0,2do tercio lactancia
2301,2024-01-20 00:00:00,4079,5.7,,2.0,2023-10-31 00:00:00,81.0,1er tercio lactancia
2302,2024-01-20 00:00:00,4087,8.2,,2.0,2023-09-20 00:00:00,122.0,2do tercio lactancia
2303,2024-01-20 00:00:00,4101,3.2,,2.0,2023-08-23 00:00:00,150.0,2do tercio lactancia
2304,2024-01-20 00:00:00,4151,8.6,,2.0,2023-06-28 00:00:00,206.0,3er tercio lactancia
2305,2024-01-20 00:00:00,4A,2.8,,2.0,2024-01-09 00:00:00,11.0,1er tercio lactancia
2306,2024-01-20 00:00:00,5010,4.2,,2.0,2023-11-01 00:00:00,80.0,1er tercio lactancia
2307,2024-01-20 00:00:00,5013,3.3,,1.0,2023-10-30 00:00:00,82.0,1er tercio lactancia
2308,2024-01-20 00:00:00,5033,4.9,,2.0,2023-09-30 00:00:00,112.0,2do tercio lactancia
2309,2024-01-20 00:00:00,5079,3.3,,1.0,2023-08-17 00:00:00,156.0,2do tercio lactancia
2310,2024-01-20 00:00:00,5146,3.3,,1.0,2023-06-26 00:00:00,208.0,3er tercio lactancia
2311,2024-01-20 00:00:00,5679,3.9,,2.0,2023-09-28 00:00:00,114.0,2do tercio lactancia
2312,2024-01-20 00:00:00,6010,3.9,,1.0,2023-08-30 00:00:00,143.0,2do tercio lactancia
2313,2024-01-20 00:00:00,6021,3.0,,2.0,2023-08-05 00:00:00,168.0,2do tercio lactancia
2314,2024-01-20 00:00:00,6035,7.6,,2.0,2023-08-31 00:00:00,142.0,2do tercio lactancia
2315,2024-01-20 00:00:00,6043,8.4,,2.0,2023-12-18 00:00:00,33.0,1er tercio lactancia
2316,2024-01-20 00:00:00,6067,10.4,,3.0,2023-12-22 00:00:00,29.0,1er tercio lactancia
2317,2024-01-20 00:00:00,7007,9.0,,1.0,2023-09-05 00:00:00,137.0,2do tercio lactancia
2318,2024-01-20 00:00:00,7017,4.9,,1.0,2023-05-01 00:00:00,264.0,3er tercio lactancia
2319,2024-01-20 00:00:00,7022,9.8,,1.0,2023-12-26 00:00:00,25.0,1er tercio lactancia
2320,2024-01-20 00:00:00,7028,4.2,,2.0,2023-05-22 00:00:00,243.0,3er tercio lactancia
2321,2024-01-20 00:00:00,7032,2.4,,1.0,2023-12-18 00:00:00,33.0,1er tercio lactancia
2322,2024-01-20 00:00:00,7033,6.4,,1.0,2023-07-21 00:00:00,183.0,3er tercio lactancia
2323,2024-01-20 00:00:00,7038,2.2,,1.0,2023-12-12 00:00:00,39.0,1er tercio lactancia
2324,2024-01-20 00:00:00,7059,3.3,,1.0,2023-03-14 00:00:00,312.0,3er tercio lactancia
2325,2024-01-20 00:00:00,7067,6.4,,1.0,2023-05-11 00:00:00,254.0,3er tercio lactancia
2326,2024-01-20 00:00:00,7074,3.8,,1.0,2023-04-24 00:00:00,271.0,3er tercio lactancia
2327,2024-01-20 00:00:00,7076,3.7,,1.0,2023-07-20 00:00:00,184.0,3er tercio lactancia
2328,2024-01-20 00:00:00,7083,9.8,,2.0,2023-09-25 00:00:00,117.0,2do tercio lactancia
2329,2024-01-20 00:00:00,7087,7.4,,2.0,2023-08-14 00:00:00,159.0,2do tercio lactancia
2330,2024-01-20 00:00:00,8019,5.1,,1.0,2023-08-06 00:00:00,167.0,2do tercio lactancia
2331,2024-01-20 00:00:00,8033,3.9,,1.0,2023-08-14 00:00:00,159.0,2do tercio lactancia
2332,2024-01-20 00:00:00,8036,11.4,,2.0,2023-12-15 00:00:00,36.0,1er tercio lactancia
2333,2024-01-20 00:00:00,8043,3.7,,1.0,2023-06-08 00:00:00,226.0,3er tercio lactancia
2334,2024-01-20 00:00:00,8045,5.0,,1.0,2023-07-07 00:00:00,197.0,3er tercio lactancia
2335,2024-01-20 00:00:00,8046,11.6,,1.0,2023-09-02 00:00:00,140.0,2do tercio lactancia
2336,2024-01-20 00:00:00,8048,4.3,,1.0,2023-06-08 00:00:00,226.0,3er tercio lactancia
2337,2024-01-20 00:00:00,8050,3.3,,1.0,2023-05-30 00:00:00,235.0,3er tercio lactancia
2338,2024-01-20 00:00:00,8061,6.3,,1.0,2023-12-15 00:00:00,36.0,1er tercio lactancia
2339,2024-01-20 00:00:00,8062,8.1,,1.0,2023-12-24 00:00:00,27.0,1er tercio lactancia
2340,2024-01-20 00:00:00,8076,6.9,,1.0,2023-12-11 00:00:00,40.0,1er tercio lactancia
2341,2024-01-20 00:00:00,8079,3.0,,1.0,2023-05-07 00:00:00,258.0,3er tercio lactancia
2342,2024-01-20 00:00:00,8086,3.7,,1.0,2023-06-22 00:00:00,212.0,3er tercio lactancia
2343,2024-01-20 00:00:00,8087,4.0,,1.0,2023-05-29 00:00:00,236.0,3er tercio lactancia
2344,2024-01-20 00:00:00,80882,4.6,,1.0,2023-03-14 00:00:00,312.0,3er tercio lactancia
2345,2024-01-20 00:00:00,809,4.1,,1.0,2023-05-03 00:00:00,262.0,3er tercio lactancia
2346,2024-01-20 00:00:00,8096,8.8,,2.0,2023-12-28 00:00:00,23.0,1er tercio lactancia
2347,2024-01-20 00:00:00,9007,7.0,,1.0,2023-11-10 00:00:00,71.0,1er tercio lactancia
2348,2024-01-20 00:00:00,9020,5.2,,1.0,2023-09-20 00:00:00,122.0,2do tercio lactancia
2349,2024-01-20 00:00:00,9040,4.3,,1.0,2023-06-08 00:00:00,226.0,3er tercio lactancia
2350,2024-01-20 00:00:00,9051,7.4,,1.0,2023-08-07 00:00:00,166.0,2do tercio lactancia
2351,2024-01-20 00:00:00,9058,7.0,,1.0,2023-12-31 00:00:00,20.0,1er tercio lactancia
2352,2024-01-20 00:00:00,9099,4.0,,1.0,2024-01-02 00:00:00,18.0,1er tercio lactancia
2353,2024-01-20 00:00:00,9113,2.9,,1.0,2023-12-20 00:00:00,31.0,1er tercio lactancia
2354,2024-01-20 00:00:00,91171,6.5,,1.0,2023-12-16 00:00:00,35.0,1er tercio lactancia
2355,2024-01-20 00:00:00,91242,5.4,,1.0,2024-01-07 00:00:00,13.0,1er tercio lactancia
2356,2024-01-20 00:00:00,9125,8.9,,1.0,2023-12-28 00:00:00,23.0,1er tercio lactancia
2357,2024-01-20 00:00:00,91262,10.6,,1.0,2023-12-10 00:00:00,41.0,1er tercio lactancia
2358,2024-01-20 00:00:00,9389,8.5,,1.0,2023-09-19 00:00:00,123.0,2do tercio lactancia
2359,2024-01-20 00:00:00,SNA,13.1,,3.0,2023-12-04 00:00:00,47.0,1er tercio lactancia
2360,2024-02-03 00:00:00,5030,1.4,,1.0,2024-01-18 00:00:00,16.0,1er tercio lactancia
2361,2024-02-03 00:00:00,91172,1.6,,1.0,2024-01-23 00:00:00,11.0,1er tercio lactancia
2362,2024-02-03 00:00:00,4053,1.9,,2.0,2024-01-18 00:00:00,16.0,1er tercio lactancia
2363,2024-02-03 00:00:00,1310,2.2,,2.0,2023-12-16 00:00:00,49.0,1er tercio lactancia
2364,2024-02-03 00:00:00,5013,2.7,,1.0,2023-10-30 00:00:00,96.0,2do tercio lactancia
2365,2024-02-03 00:00:00,9099,2.7,,1.0,2024-01-02 00:00:00,32.0,1er tercio lactancia
2366,2024-02-03 00:00:00,4101,2.8,,2.0,2023-08-23 00:00:00,164.0,2do tercio lactancia
2367,2024-02-03 00:00:00,0500,2.9,,2.0,2023-05-01 00:00:00,278.0,3er tercio lactancia
2368,2024-02-03 00:00:00,2,2.9,,1.0,2023-09-25 00:00:00,131.0,2do tercio lactancia
2369,2024-02-03 00:00:00,4057,2.9,,1.0,2023-10-13 00:00:00,113.0,2do tercio lactancia
2370,2024-02-03 00:00:00,6021,2.9,,2.0,2023-08-05 00:00:00,182.0,3er tercio lactancia
2371,2024-02-03 00:00:00,4025,3.0,,2.0,2023-12-12 00:00:00,53.0,1er tercio lactancia
2372,2024-02-03 00:00:00,5079,3.0,,1.0,2023-08-17 00:00:00,170.0,2do tercio lactancia
2373,2024-02-03 00:00:00,5146,3.0,,1.0,2023-06-26 00:00:00,222.0,3er tercio lactancia
2374,2024-02-03 00:00:00,8087,3.0,,1.0,2023-05-29 00:00:00,250.0,3er tercio lactancia
2375,2024-02-03 00:00:00,0202,3.1,,1.0,2024-01-14 00:00:00,20.0,1er tercio lactancia
2376,2024-02-03 00:00:00,5150,3.1,,2.0,2024-01-22 00:00:00,12.0,1er tercio lactancia
2377,2024-02-03 00:00:00,4072,3.2,,1.0,2023-09-30 00:00:00,126.0,2do tercio lactancia
2378,2024-02-03 00:00:00,7076,3.2,,1.0,2023-07-20 00:00:00,198.0,3er tercio lactancia
2379,2024-02-03 00:00:00,8086,3.2,,1.0,2023-06-22 00:00:00,226.0,3er tercio lactancia
2380,2024-02-03 00:00:00,1078A,3.3,,2.0,2023-11-30 00:00:00,65.0,1er tercio lactancia
2381,2024-02-03 00:00:00,1112A,3.3,,1.0,2023-05-15 00:00:00,264.0,3er tercio lactancia
2382,2024-02-03 00:00:00,8033,3.3,,1.0,2023-08-14 00:00:00,173.0,2do tercio lactancia
2383,2024-02-03 00:00:00,0343,3.4,,1.0,2024-01-22 00:00:00,12.0,1er tercio lactancia
2384,2024-02-03 00:00:00,8050,3.4,,1.0,2023-05-30 00:00:00,249.0,3er tercio lactancia
2385,2024-02-03 00:00:00,2072,3.5,,1.0,2023-04-17 00:00:00,292.0,3er tercio lactancia
2386,2024-02-03 00:00:00,3084,3.5,,1.0,2023-10-16 00:00:00,110.0,2do tercio lactancia
2387,2024-02-03 00:00:00,5679,3.5,,2.0,2023-09-28 00:00:00,128.0,2do tercio lactancia
2388,2024-02-03 00:00:00,7038,3.5,,1.0,2023-12-12 00:00:00,53.0,1er tercio lactancia
2389,2024-02-03 00:00:00,2083,3.6,,2.0,2023-09-19 00:00:00,137.0,2do tercio lactancia
2390,2024-02-03 00:00:00,6010,3.6,,1.0,2023-08-30 00:00:00,157.0,2do tercio lactancia
2391,2024-02-03 00:00:00,1015,3.7,,2.0,2023-08-03 00:00:00,184.0,3er tercio lactancia
2392,2024-02-03 00:00:00,EMB 2,3.7,,2.0,2024-01-14 00:00:00,20.0,1er tercio lactancia
2393,2024-02-03 00:00:00,3028A,3.8,,2.0,2023-07-19 00:00:00,199.0,3er tercio lactancia
2394,2024-02-03 00:00:00,2234,3.9,,2.0,2023-07-30 00:00:00,188.0,3er tercio lactancia
2395,2024-02-03 00:00:00,7074,3.9,,1.0,2023-04-24 00:00:00,285.0,3er tercio lactancia
2396,2024-02-03 00:00:00,4075,4.1,,1.0,2023-11-04 00:00:00,91.0,2do tercio lactancia
2397,2024-02-03 00:00:00,8048,4.1,,1.0,2023-06-08 00:00:00,240.0,3er tercio lactancia
2398,2024-02-03 00:00:00,8061,4.1,,1.0,2023-12-15 00:00:00,50.0,1er tercio lactancia
2399,2024-02-03 00:00:00,3066B,4.2,,2.0,2023-09-19 00:00:00,137.0,2do tercio lactancia
2400,2024-02-03 00:00:00,5010,4.2,,2.0,2023-11-01 00:00:00,94.0,2do tercio lactancia
2401,2024-02-03 00:00:00,2149A,4.3,,2.0,2023-05-22 00:00:00,257.0,3er tercio lactancia
2402,2024-02-03 00:00:00,7017,4.3,,1.0,2023-05-01 00:00:00,278.0,3er tercio lactancia
2403,2024-02-03 00:00:00,7032,4.3,,1.0,2023-12-18 00:00:00,47.0,1er tercio lactancia
2404,2024-02-03 00:00:00,7061,4.4,,1.0,2024-01-22 00:00:00,12.0,1er tercio lactancia
2405,2024-02-03 00:00:00,3119,4.5,,3.0,2023-10-10 00:00:00,116.0,2do tercio lactancia
2406,2024-02-03 00:00:00,5033,4.5,,2.0,2023-09-30 00:00:00,126.0,2do tercio lactancia
2407,2024-02-03 00:00:00,8043,4.5,,1.0,2023-06-08 00:00:00,240.0,3er tercio lactancia
2408,2024-02-03 00:00:00,4018,4.6,,2.0,2023-09-03 00:00:00,153.0,2do tercio lactancia
2409,2024-02-03 00:00:00,4079,4.7,,2.0,2023-10-31 00:00:00,95.0,2do tercio lactancia
2410,2024-02-03 00:00:00,9020,4.7,,1.0,2023-09-20 00:00:00,136.0,2do tercio lactancia
2411,2024-02-03 00:00:00,1139A,4.8,,2.0,2023-12-28 00:00:00,37.0,1er tercio lactancia
2412,2024-02-03 00:00:00,8019,4.9,,1.0,2023-08-06 00:00:00,181.0,3er tercio lactancia
2413,2024-02-03 00:00:00,4A,4.9,,2.0,2024-01-09 00:00:00,25.0,1er tercio lactancia
2414,2024-02-03 00:00:00,7087,5.0,,2.0,2023-08-14 00:00:00,173.0,2do tercio lactancia
2415,2024-02-03 00:00:00,8045,5.0,,1.0,2023-07-07 00:00:00,211.0,3er tercio lactancia
2416,2024-02-03 00:00:00,7028,5.1,,2.0,2023-05-22 00:00:00,257.0,3er tercio lactancia
2417,2024-02-03 00:00:00,9040,5.1,,1.0,2023-06-08 00:00:00,240.0,3er tercio lactancia
2418,2024-02-03 00:00:00,2124A,5.4,,2.0,2023-05-31 00:00:00,248.0,3er tercio lactancia
2419,2024-02-03 00:00:00,9113,5.5,,1.0,2023-12-20 00:00:00,45.0,1er tercio lactancia
2420,2024-02-03 00:00:00,9116B,5.5,,1.0,2024-01-14 00:00:00,20.0,1er tercio lactancia
2421,2024-02-03 00:00:00,2219,5.6,,2.0,2023-09-15 00:00:00,141.0,2do tercio lactancia
2422,2024-02-03 00:00:00,7067,5.8,,1.0,2023-05-11 00:00:00,268.0,3er tercio lactancia
2423,2024-02-03 00:00:00,0332,5.8,,1.0,2024-01-15 00:00:00,19.0,1er tercio lactancia
2424,2024-02-03 00:00:00,0740,5.9,,2.0,2023-10-04 00:00:00,122.0,2do tercio lactancia
2425,2024-02-03 00:00:00,2143,6.0,,2.0,2023-04-29 00:00:00,280.0,3er tercio lactancia
2426,2024-02-03 00:00:00,2148A,6.0,,2.0,2023-09-15 00:00:00,141.0,2do tercio lactancia
2427,2024-02-03 00:00:00,3003A,6.1,,2.0,2023-07-14 00:00:00,204.0,3er tercio lactancia
2428,2024-02-03 00:00:00,4151,6.1,,2.0,2023-06-28 00:00:00,220.0,3er tercio lactancia
2429,2024-02-03 00:00:00,2133A,6.2,,2.0,2023-10-25 00:00:00,101.0,2do tercio lactancia
2430,2024-02-03 00:00:00,31102,6.4,,2.0,2023-06-14 00:00:00,234.0,3er tercio lactancia
2431,2024-02-03 00:00:00,7033,6.4,,1.0,2023-07-21 00:00:00,197.0,3er tercio lactancia
2432,2024-02-03 00:00:00,2208A,6.7,,2.0,2023-09-15 00:00:00,141.0,2do tercio lactancia
2433,2024-02-03 00:00:00,4043,6.7,,1.0,2023-10-11 00:00:00,115.0,2do tercio lactancia
2434,2024-02-03 00:00:00,2130,6.8,,3.0,2024-01-02 00:00:00,32.0,1er tercio lactancia
2435,2024-02-03 00:00:00,4087,7.0,,2.0,2023-09-20 00:00:00,136.0,2do tercio lactancia
2436,2024-02-03 00:00:00,0338,7.1,,1.0,2023-12-13 00:00:00,52.0,1er tercio lactancia
2437,2024-02-03 00:00:00,8076,7.2,,1.0,2023-12-11 00:00:00,54.0,1er tercio lactancia
2438,2024-02-03 00:00:00,6035,7.3,,2.0,2023-08-31 00:00:00,156.0,2do tercio lactancia
2439,2024-02-03 00:00:00,0298A,7.4,,1.0,2024-01-14 00:00:00,20.0,1er tercio lactancia
2440,2024-02-03 00:00:00,2196A,7.4,,2.0,2023-08-05 00:00:00,182.0,3er tercio lactancia
2441,2024-02-03 00:00:00,3132,7.4,,2.0,2023-12-25 00:00:00,40.0,1er tercio lactancia
2442,2024-02-03 00:00:00,8096,7.4,,2.0,2023-12-28 00:00:00,37.0,1er tercio lactancia
2443,2024-02-03 00:00:00,0272,7.6,,1.0,2023-12-11 00:00:00,54.0,1er tercio lactancia
2444,2024-02-03 00:00:00,9058,7.6,,1.0,2023-12-31 00:00:00,34.0,1er tercio lactancia
2445,2024-02-03 00:00:00,9007,7.7,,1.0,2023-11-10 00:00:00,85.0,1er tercio lactancia
2446,2024-02-03 00:00:00,0229,7.8,,1.0,2023-12-27 00:00:00,38.0,1er tercio lactancia
2447,2024-02-03 00:00:00,7083,7.8,,2.0,2023-09-25 00:00:00,131.0,2do tercio lactancia
2448,2024-02-03 00:00:00,2226,7.8,,3.0,2023-09-28 00:00:00,128.0,2do tercio lactancia
2449,2024-02-03 00:00:00,9389,7.8,,1.0,2023-09-19 00:00:00,137.0,2do tercio lactancia
2450,2024-02-03 00:00:00,0018,7.9,,1.0,2023-10-20 00:00:00,106.0,2do tercio lactancia
2451,2024-02-03 00:00:00,91171,7.9,,1.0,2023-12-16 00:00:00,49.0,1er tercio lactancia
2452,2024-02-03 00:00:00,6043,8.1,,2.0,2023-12-18 00:00:00,47.0,1er tercio lactancia
2453,2024-02-03 00:00:00,7022,8.1,,1.0,2023-12-26 00:00:00,39.0,1er tercio lactancia
2454,2024-02-03 00:00:00,2063A,8.3,,3.0,2023-09-03 00:00:00,153.0,2do tercio lactancia
2455,2024-02-03 00:00:00,0132,8.3,,3.0,2023-12-12 00:00:00,53.0,1er tercio lactancia
2456,2024-02-03 00:00:00,9125,8.4,,1.0,2023-12-28 00:00:00,37.0,1er tercio lactancia
2457,2024-02-03 00:00:00,8062,8.4,,1.0,2023-12-24 00:00:00,41.0,1er tercio lactancia
2458,2024-02-03 00:00:00,2094A,8.6,,3.0,2023-09-28 00:00:00,128.0,2do tercio lactancia
2459,2024-02-03 00:00:00,91242,8.7,,1.0,2024-01-07 00:00:00,27.0,1er tercio lactancia
2460,2024-02-03 00:00:00,3021A,8.9,,3.0,2023-10-24 00:00:00,102.0,2do tercio lactancia
2461,2024-02-03 00:00:00,8046,8.9,,1.0,2023-09-02 00:00:00,154.0,2do tercio lactancia
2462,2024-02-03 00:00:00,2021,9.4,,3.0,2023-11-27 00:00:00,68.0,1er tercio lactancia
2463,2024-02-03 00:00:00,2171,9.5,,3.0,2023-12-28 00:00:00,37.0,1er tercio lactancia
2464,2024-02-03 00:00:00,3024A,9.5,,3.0,2023-09-02 00:00:00,154.0,2do tercio lactancia
2465,2024-02-03 00:00:00,2220,9.7,,3.0,2024-01-14 00:00:00,20.0,1er tercio lactancia
2466,2024-02-03 00:00:00,8036,9.7,,2.0,2023-12-15 00:00:00,50.0,1er tercio lactancia
2467,2024-02-03 00:00:00,91262,10.3,,1.0,2023-12-10 00:00:00,55.0,1er tercio lactancia
2468,2024-02-03 00:00:00,2209A,10.4,,2.0,2023-12-25 00:00:00,40.0,1er tercio lactancia
2469,2024-02-03 00:00:00,SNA,11.1,,3.0,2023-12-04 00:00:00,61.0,1er tercio lactancia
2470,2024-02-03 00:00:00,2096,11.3,,3.0,2023-12-09 00:00:00,56.0,1er tercio lactancia
2471,2024-02-03 00:00:00,6067,11.4,,3.0,2023-12-22 00:00:00,43.0,1er tercio lactancia
2472,2024-02-17 00:00:00,0018,6.9,,1.0,2023-10-20 00:00:00,120.0,2do tercio lactancia
2473,2024-02-17 00:00:00,32,6.1,,1.0,2024-01-29 00:00:00,19.0,1er tercio lactancia
2474,2024-02-17 00:00:00,34,3.4,,1.0,2024-02-14 00:00:00,3.0,1er tercio lactancia
2475,2024-02-17 00:00:00,0111,3.5,,1.0,2024-01-28 00:00:00,20.0,1er tercio lactancia
2476,2024-02-17 00:00:00,0132,8.6,,3.0,2023-12-12 00:00:00,67.0,1er tercio lactancia
2477,2024-02-17 00:00:00,0201,5.5,,1.0,2024-02-02 00:00:00,15.0,1er tercio lactancia
2478,2024-02-17 00:00:00,0202,4.9,,1.0,2024-01-14 00:00:00,34.0,1er tercio lactancia
2479,2024-02-17 00:00:00,0220,3.3,,1.0,2024-01-29 00:00:00,19.0,1er tercio lactancia
2480,2024-02-17 00:00:00,0229,8.8,,1.0,2023-12-27 00:00:00,52.0,1er tercio lactancia
2481,2024-02-17 00:00:00,0272,6.7,,1.0,2023-12-11 00:00:00,68.0,1er tercio lactancia
2482,2024-02-17 00:00:00,0323,6.3,,1.0,2024-02-02 00:00:00,15.0,1er tercio lactancia
2483,2024-02-17 00:00:00,0333,6.4,,1.0,2024-02-02 00:00:00,15.0,1er tercio lactancia
2484,2024-02-17 00:00:00,0338,4.6,,1.0,2023-12-13 00:00:00,66.0,1er tercio lactancia
2485,2024-02-17 00:00:00,0343,3.1,,1.0,2024-01-22 00:00:00,26.0,1er tercio lactancia
2486,2024-02-17 00:00:00,0740,6.4,,2.0,2023-10-04 00:00:00,136.0,2do tercio lactancia
2487,2024-02-17 00:00:00,1015,3.0,,2.0,2023-08-03 00:00:00,198.0,3er tercio lactancia
2488,2024-02-17 00:00:00,2021,6.9,,3.0,2023-11-27 00:00:00,82.0,1er tercio lactancia
2489,2024-02-17 00:00:00,2072,2.9,,1.0,2023-04-17 00:00:00,306.0,3er tercio lactancia
2490,2024-02-17 00:00:00,2083,3.8,,2.0,2023-09-19 00:00:00,151.0,2do tercio lactancia
2491,2024-02-17 00:00:00,2096,9.4,,3.0,2023-12-09 00:00:00,70.0,1er tercio lactancia
2492,2024-02-17 00:00:00,2130,6.3,,3.0,2024-01-02 00:00:00,46.0,1er tercio lactancia
2493,2024-02-17 00:00:00,2143,5.1,,2.0,2023-04-29 00:00:00,294.0,3er tercio lactancia
2494,2024-02-17 00:00:00,2171,11.9,,3.0,2023-12-28 00:00:00,51.0,1er tercio lactancia
2495,2024-02-17 00:00:00,2219,4.1,,2.0,2023-09-15 00:00:00,155.0,2do tercio lactancia
2496,2024-02-17 00:00:00,2220,8.3,,3.0,2024-01-14 00:00:00,34.0,1er tercio lactancia
2497,2024-02-17 00:00:00,2226,7.3,,3.0,2023-09-28 00:00:00,142.0,2do tercio lactancia
2498,2024-02-17 00:00:00,2234,4.4,,2.0,2023-07-30 00:00:00,202.0,3er tercio lactancia
2499,2024-02-17 00:00:00,3043,2.8,,2.0,2024-02-11 00:00:00,6.0,1er tercio lactancia
2500,2024-02-17 00:00:00,3084,3.0,,1.0,2023-10-16 00:00:00,124.0,2do tercio lactancia
2501,2024-02-17 00:00:00,3119,4.6,,3.0,2023-10-10 00:00:00,130.0,2do tercio lactancia
2502,2024-02-17 00:00:00,3132,6.4,,2.0,2023-12-25 00:00:00,54.0,1er tercio lactancia
2503,2024-02-17 00:00:00,4018,3.5,,2.0,2023-09-03 00:00:00,167.0,2do tercio lactancia
2504,2024-02-17 00:00:00,4025,4.8,,2.0,2023-12-12 00:00:00,67.0,1er tercio lactancia
2505,2024-02-17 00:00:00,4043,6.8,,1.0,2023-10-11 00:00:00,129.0,2do tercio lactancia
2506,2024-02-17 00:00:00,4057,2.5,,1.0,2023-10-13 00:00:00,127.0,2do tercio lactancia
2507,2024-02-17 00:00:00,4072,2.7,,1.0,2023-09-30 00:00:00,140.0,2do tercio lactancia
2508,2024-02-17 00:00:00,4075,3.1,,1.0,2023-11-04 00:00:00,105.0,2do tercio lactancia
2509,2024-02-17 00:00:00,4079,4.5,,2.0,2023-10-31 00:00:00,109.0,2do tercio lactancia
2510,2024-02-17 00:00:00,4087,7.4,,2.0,2023-09-20 00:00:00,150.0,2do tercio lactancia
2511,2024-02-17 00:00:00,4095,5.6,,3.0,2024-02-08 00:00:00,9.0,1er tercio lactancia
2512,2024-02-17 00:00:00,4101,2.1,,2.0,2023-08-23 00:00:00,178.0,2do tercio lactancia
2513,2024-02-17 00:00:00,4151,3.4,,2.0,2023-06-28 00:00:00,234.0,3er tercio lactancia
2514,2024-02-17 00:00:00,5007,5.7,,1.0,2024-01-22 00:00:00,26.0,1er tercio lactancia
2515,2024-02-17 00:00:00,5010,3.7,,2.0,2023-11-01 00:00:00,108.0,2do tercio lactancia
2516,2024-02-17 00:00:00,5013,6.4,,1.0,2023-10-30 00:00:00,110.0,2do tercio lactancia
2517,2024-02-17 00:00:00,5030,6.6,,1.0,2024-01-18 00:00:00,30.0,1er tercio lactancia
2518,2024-02-17 00:00:00,5033,3.9,,2.0,2023-09-30 00:00:00,140.0,2do tercio lactancia
2519,2024-02-17 00:00:00,5079,2.2,,1.0,2023-08-17 00:00:00,184.0,3er tercio lactancia
2520,2024-02-17 00:00:00,5146,2.5,,1.0,2023-06-26 00:00:00,236.0,3er tercio lactancia
2521,2024-02-17 00:00:00,5150,3.2,,2.0,2024-01-22 00:00:00,26.0,1er tercio lactancia
2522,2024-02-17 00:00:00,5679,1.9,,2.0,2023-09-28 00:00:00,142.0,2do tercio lactancia
2523,2024-02-17 00:00:00,6010,3.4,,1.0,2023-08-30 00:00:00,171.0,2do tercio lactancia
2524,2024-02-17 00:00:00,6035,7.1,,2.0,2023-08-31 00:00:00,170.0,2do tercio lactancia
2525,2024-02-17 00:00:00,6043,9.7,,2.0,2023-12-18 00:00:00,61.0,1er tercio lactancia
2526,2024-02-17 00:00:00,6067,11.8,,3.0,2023-12-22 00:00:00,57.0,1er tercio lactancia
2527,2024-02-17 00:00:00,7007,3.9,,1.0,2023-09-05 00:00:00,165.0,2do tercio lactancia
2528,2024-02-17 00:00:00,7017,2.5,,1.0,2023-05-01 00:00:00,292.0,3er tercio lactancia
2529,2024-02-17 00:00:00,7022,8.7,,1.0,2023-12-26 00:00:00,53.0,1er tercio lactancia
2530,2024-02-17 00:00:00,7028,5.0,,2.0,2023-05-22 00:00:00,271.0,3er tercio lactancia
2531,2024-02-17 00:00:00,7032,3.3,,1.0,2023-12-18 00:00:00,61.0,1er tercio lactancia
2532,2024-02-17 00:00:00,7033,3.8,,1.0,2023-07-21 00:00:00,211.0,3er tercio lactancia
2533,2024-02-17 00:00:00,7038,2.8,,1.0,2023-12-12 00:00:00,67.0,1er tercio lactancia
2534,2024-02-17 00:00:00,7061,7.6,,1.0,2024-01-22 00:00:00,26.0,1er tercio lactancia
2535,2024-02-17 00:00:00,7067,5.9,,1.0,2023-05-11 00:00:00,282.0,3er tercio lactancia
2536,2024-02-17 00:00:00,7074,2.2,,1.0,2023-04-24 00:00:00,299.0,3er tercio lactancia
2537,2024-02-17 00:00:00,7076,2.6,,1.0,2023-07-20 00:00:00,212.0,3er tercio lactancia
2538,2024-02-17 00:00:00,7083,10.3,,2.0,2023-09-25 00:00:00,145.0,2do tercio lactancia
2539,2024-02-17 00:00:00,7087,4.4,,2.0,2023-08-14 00:00:00,187.0,3er tercio lactancia
2540,2024-02-17 00:00:00,8019,2.4,,1.0,2023-08-06 00:00:00,195.0,3er tercio lactancia
2541,2024-02-17 00:00:00,8033,3.8,,1.0,2023-08-14 00:00:00,187.0,3er tercio lactancia
2542,2024-02-17 00:00:00,8036,8.7,,2.0,2023-12-15 00:00:00,64.0,1er tercio lactancia
2543,2024-02-17 00:00:00,8043,4.0,,1.0,2023-06-08 00:00:00,254.0,3er tercio lactancia
2544,2024-02-17 00:00:00,8045,4.1,,1.0,2023-07-07 00:00:00,225.0,3er tercio lactancia
2545,2024-02-17 00:00:00,8046,6.6,,1.0,2023-09-02 00:00:00,168.0,2do tercio lactancia
2546,2024-02-17 00:00:00,8048,3.2,,1.0,2023-06-08 00:00:00,254.0,3er tercio lactancia
2547,2024-02-17 00:00:00,8050,3.3,,1.0,2023-05-30 00:00:00,263.0,3er tercio lactancia
2548,2024-02-17 00:00:00,8061,4.1,,1.0,2023-12-15 00:00:00,64.0,1er tercio lactancia
2549,2024-02-17 00:00:00,8062,8.7,,1.0,2023-12-24 00:00:00,55.0,1er tercio lactancia
2550,2024-02-17 00:00:00,8076,8.7,,1.0,2023-12-11 00:00:00,68.0,1er tercio lactancia
2551,2024-02-17 00:00:00,8086,2.6,,1.0,2023-06-22 00:00:00,240.0,3er tercio lactancia
2552,2024-02-17 00:00:00,8087,3.5,,1.0,2023-05-29 00:00:00,264.0,3er tercio lactancia
2553,2024-02-17 00:00:00,8096,7.4,,2.0,2023-12-28 00:00:00,51.0,1er tercio lactancia
2554,2024-02-17 00:00:00,9007,5.2,,1.0,2023-11-10 00:00:00,99.0,2do tercio lactancia
2555,2024-02-17 00:00:00,9020,5.4,,1.0,2023-09-20 00:00:00,150.0,2do tercio lactancia
2556,2024-02-17 00:00:00,9036,4.2,,1.0,2024-01-28 00:00:00,20.0,1er tercio lactancia
2557,2024-02-17 00:00:00,9040,4.6,,1.0,2023-06-08 00:00:00,254.0,3er tercio lactancia
2558,2024-02-17 00:00:00,9058,8.9,,1.0,2023-12-31 00:00:00,48.0,1er tercio lactancia
2559,2024-02-17 00:00:00,9099,6.0,,1.0,2024-01-02 00:00:00,46.0,1er tercio lactancia
2560,2024-02-17 00:00:00,9113,7.0,,1.0,2023-12-20 00:00:00,59.0,1er tercio lactancia
2561,2024-02-17 00:00:00,9125,9.6,,1.0,2023-12-28 00:00:00,51.0,1er tercio lactancia
2562,2024-02-17 00:00:00,9389,6.8,,1.0,2023-09-19 00:00:00,151.0,2do tercio lactancia
2563,2024-02-17 00:00:00,20334,3.4,,2.0,2024-02-10 00:00:00,7.0,1er tercio lactancia
2564,2024-02-17 00:00:00,31102,5.1,,2.0,2023-06-14 00:00:00,248.0,3er tercio lactancia
2565,2024-02-17 00:00:00,91171,4.1,,1.0,2023-12-16 00:00:00,63.0,1er tercio lactancia
2566,2024-02-17 00:00:00,91172,2.7,,1.0,2024-01-23 00:00:00,25.0,1er tercio lactancia
2567,2024-02-17 00:00:00,91242,7.8,,1.0,2024-01-07 00:00:00,41.0,1er tercio lactancia
2568,2024-02-17 00:00:00,91262,8.5,,1.0,2023-12-10 00:00:00,69.0,1er tercio lactancia
2569,2024-02-17 00:00:00,0231A,3.2,,1.0,2024-01-30 00:00:00,18.0,1er tercio lactancia
2570,2024-02-17 00:00:00,0298A,9.8,,1.0,2024-01-14 00:00:00,34.0,1er tercio lactancia
2571,2024-02-17 00:00:00,1078A,2.8,,2.0,2023-11-30 00:00:00,79.0,1er tercio lactancia
2572,2024-02-17 00:00:00,1112A,2.3,,1.0,2023-05-15 00:00:00,278.0,3er tercio lactancia
2573,2024-02-17 00:00:00,1139A,4.8,,2.0,2023-12-28 00:00:00,51.0,1er tercio lactancia
2574,2024-02-17 00:00:00,2063A,8.6,,3.0,2023-09-03 00:00:00,167.0,2do tercio lactancia
2575,2024-02-17 00:00:00,2094A,8.7,,3.0,2023-09-28 00:00:00,142.0,2do tercio lactancia
2576,2024-02-17 00:00:00,2124A,4.6,,2.0,2023-05-31 00:00:00,262.0,3er tercio lactancia
2577,2024-02-17 00:00:00,2133A,5.9,,2.0,2023-10-25 00:00:00,115.0,2do tercio lactancia
2578,2024-02-17 00:00:00,2148A,5.8,,2.0,2023-09-15 00:00:00,155.0,2do tercio lactancia
2579,2024-02-17 00:00:00,2149A,4.2,,2.0,2023-05-22 00:00:00,271.0,3er tercio lactancia
2580,2024-02-17 00:00:00,2196A,5.3,,2.0,2023-08-05 00:00:00,196.0,3er tercio lactancia
2581,2024-02-17 00:00:00,2208A,5.6,,2.0,2023-09-15 00:00:00,155.0,2do tercio lactancia
2582,2024-02-17 00:00:00,2209A,13.5,,2.0,2023-12-25 00:00:00,54.0,1er tercio lactancia
2583,2024-02-17 00:00:00,3003A,4.9,,2.0,2023-07-14 00:00:00,218.0,3er tercio lactancia
2584,2024-02-17 00:00:00,3021A,8.7,,3.0,2023-10-24 00:00:00,116.0,2do tercio lactancia
2585,2024-02-17 00:00:00,3024A,8.7,,3.0,2023-09-02 00:00:00,168.0,2do tercio lactancia
2586,2024-02-17 00:00:00,3028A,2.9,,2.0,2023-07-19 00:00:00,213.0,3er tercio lactancia
2587,2024-02-17 00:00:00,3066B,3.6,,2.0,2023-09-19 00:00:00,151.0,2do tercio lactancia
2588,2024-02-17 00:00:00,4A,5.0,,2.0,2024-01-09 00:00:00,39.0,1er tercio lactancia
2589,2024-02-17 00:00:00,9116B,4.6,,1.0,2024-01-14 00:00:00,34.0,1er tercio lactancia
2590,2024-02-17 00:00:00,EMB 2,7.0,,2.0,2024-01-14 00:00:00,34.0,1er tercio lactancia
2591,2024-02-17 00:00:00,SNA,12.1,,3.0,2023-12-04 00:00:00,75.0,1er tercio lactancia
2592,2024-03-02 00:00:00,0018,4.6,,1.0,2023-10-20 00:00:00,134.0,2do tercio lactancia
2593,2024-03-02 00:00:00,32,4.6,,1.0,2024-01-29 00:00:00,33.0,1er tercio lactancia
2594,2024-03-02 00:00:00,34,4.1,,1.0,2024-02-14 00:00:00,17.0,1er tercio lactancia
2595,2024-03-02 00:00:00,0111,5.3,,1.0,2024-01-28 00:00:00,34.0,1er tercio lactancia
2596,2024-03-02 00:00:00,0132,7.2,,3.0,2023-12-12 00:00:00,81.0,1er tercio lactancia
2597,2024-03-02 00:00:00,0201,4.6,,1.0,2024-02-02 00:00:00,29.0,1er tercio lactancia
2598,2024-03-02 00:00:00,0202,4.0,,1.0,2024-01-14 00:00:00,48.0,1er tercio lactancia
2599,2024-03-02 00:00:00,0220,2.3,,1.0,2024-01-29 00:00:00,33.0,1er tercio lactancia
2600,2024-03-02 00:00:00,0229,6.3,,1.0,2023-12-27 00:00:00,66.0,1er tercio lactancia
2601,2024-03-02 00:00:00,0249,4.7,,1.0,2024-02-20 00:00:00,11.0,1er tercio lactancia
2602,2024-03-02 00:00:00,0259,5.9,,1.0,2024-02-24 00:00:00,7.0,1er tercio lactancia
2603,2024-03-02 00:00:00,0272,5.6,,1.0,2023-12-11 00:00:00,82.0,1er tercio lactancia
2604,2024-03-02 00:00:00,0278,3.0,,1.0,2024-02-22 00:00:00,9.0,1er tercio lactancia
2605,2024-03-02 00:00:00,0322,2.6,,1.0,2024-02-24 00:00:00,7.0,1er tercio lactancia
2606,2024-03-02 00:00:00,0323,5.5,,1.0,2024-02-02 00:00:00,29.0,1er tercio lactancia
2607,2024-03-02 00:00:00,0329,2.4,,1.0,2024-02-22 00:00:00,9.0,1er tercio lactancia
2608,2024-03-02 00:00:00,0333,7.0,,1.0,2024-02-02 00:00:00,29.0,1er tercio lactancia
2609,2024-03-02 00:00:00,0338,5.5,,1.0,2023-12-13 00:00:00,80.0,1er tercio lactancia
2610,2024-03-02 00:00:00,0343,2.2,,1.0,2024-01-22 00:00:00,40.0,1er tercio lactancia
2611,2024-03-02 00:00:00,0740,3.3,,2.0,2023-10-04 00:00:00,150.0,2do tercio lactancia
2612,2024-03-02 00:00:00,1015,2.4,,2.0,2023-08-03 00:00:00,212.0,3er tercio lactancia
2613,2024-03-02 00:00:00,2021,5.6,,3.0,2023-11-27 00:00:00,96.0,2do tercio lactancia
2614,2024-03-02 00:00:00,2037,2.3,,1.0,2024-02-13 00:00:00,18.0,1er tercio lactancia
2615,2024-03-02 00:00:00,2083,3.6,,2.0,2023-09-19 00:00:00,165.0,2do tercio lactancia
2616,2024-03-02 00:00:00,2096,7.9,,3.0,2023-12-09 00:00:00,84.0,1er tercio lactancia
2617,2024-03-02 00:00:00,2130,6.3,,3.0,2024-01-02 00:00:00,60.0,1er tercio lactancia
2618,2024-03-02 00:00:00,2143,4.9,,2.0,2023-04-29 00:00:00,308.0,3er tercio lactancia
2619,2024-03-02 00:00:00,2171,9.1,,3.0,2023-12-28 00:00:00,65.0,1er tercio lactancia
2620,2024-03-02 00:00:00,2219,4.0,,2.0,2023-09-15 00:00:00,169.0,2do tercio lactancia
2621,2024-03-02 00:00:00,2220,2.4,,3.0,2024-01-14 00:00:00,48.0,1er tercio lactancia
2622,2024-03-02 00:00:00,2226,5.2,,3.0,2023-09-28 00:00:00,156.0,2do tercio lactancia
2623,2024-03-02 00:00:00,2234,2.5,,2.0,2023-07-30 00:00:00,216.0,3er tercio lactancia
2624,2024-03-02 00:00:00,3043,6.4,,2.0,2024-02-11 00:00:00,20.0,1er tercio lactancia
2625,2024-03-02 00:00:00,3084,1.5,,1.0,2023-10-16 00:00:00,138.0,2do tercio lactancia
2626,2024-03-02 00:00:00,3119,5.4,,3.0,2023-10-10 00:00:00,144.0,2do tercio lactancia
2627,2024-03-02 00:00:00,3132,5.5,,2.0,2023-12-25 00:00:00,68.0,1er tercio lactancia
2628,2024-03-02 00:00:00,4018,3.1,,2.0,2023-09-03 00:00:00,181.0,3er tercio lactancia
2629,2024-03-02 00:00:00,4025,5.3,,2.0,2023-12-12 00:00:00,81.0,1er tercio lactancia
2630,2024-03-02 00:00:00,4035,4.1,,3.0,2024-02-14 00:00:00,17.0,1er tercio lactancia
2631,2024-03-02 00:00:00,4043,4.2,,1.0,2023-10-11 00:00:00,143.0,2do tercio lactancia
2632,2024-03-02 00:00:00,4072,2.2,,1.0,2023-09-30 00:00:00,154.0,2do tercio lactancia
2633,2024-03-02 00:00:00,4075,3.2,,1.0,2023-11-04 00:00:00,119.0,2do tercio lactancia
2634,2024-03-02 00:00:00,4079,4.1,,2.0,2023-10-31 00:00:00,123.0,2do tercio lactancia
2635,2024-03-02 00:00:00,4087,4.9,,2.0,2023-09-20 00:00:00,164.0,2do tercio lactancia
2636,2024-03-02 00:00:00,4095,8.1,,3.0,2024-02-08 00:00:00,23.0,1er tercio lactancia
2637,2024-03-02 00:00:00,4101,2.4,,2.0,2023-08-23 00:00:00,192.0,3er tercio lactancia
2638,2024-03-02 00:00:00,4151,4.0,,2.0,2023-06-28 00:00:00,248.0,3er tercio lactancia
2639,2024-03-02 00:00:00,5007,5.0,,1.0,2024-01-22 00:00:00,40.0,1er tercio lactancia
2640,2024-03-02 00:00:00,5010,3.5,,2.0,2023-11-01 00:00:00,122.0,2do tercio lactancia
2641,2024-03-02 00:00:00,5013,2.7,,1.0,2023-10-30 00:00:00,124.0,2do tercio lactancia
2642,2024-03-02 00:00:00,5030,6.7,,1.0,2024-01-18 00:00:00,44.0,1er tercio lactancia
2643,2024-03-02 00:00:00,5033,3.8,,2.0,2023-09-30 00:00:00,154.0,2do tercio lactancia
2644,2024-03-02 00:00:00,5060,3.1,,1.0,2024-02-11 00:00:00,20.0,1er tercio lactancia
2645,2024-03-02 00:00:00,5079,2.3,,1.0,2023-08-17 00:00:00,198.0,3er tercio lactancia
2646,2024-03-02 00:00:00,5150,2.4,,2.0,2024-01-22 00:00:00,40.0,1er tercio lactancia
2647,2024-03-02 00:00:00,5679,2.8,,2.0,2023-09-28 00:00:00,156.0,2do tercio lactancia
2648,2024-03-02 00:00:00,6010,2.7,,1.0,2023-08-30 00:00:00,185.0,3er tercio lactancia
2649,2024-03-02 00:00:00,6035,5.2,,2.0,2023-08-31 00:00:00,184.0,3er tercio lactancia
2650,2024-03-02 00:00:00,6043,6.3,,2.0,2023-12-18 00:00:00,75.0,1er tercio lactancia
2651,2024-03-02 00:00:00,6067,7.2,,3.0,2023-12-22 00:00:00,71.0,1er tercio lactancia
2652,2024-03-02 00:00:00,7007,8.3,,1.0,2023-09-05 00:00:00,179.0,2do tercio lactancia
2653,2024-03-02 00:00:00,7022,8.0,,1.0,2023-12-26 00:00:00,67.0,1er tercio lactancia
2654,2024-03-02 00:00:00,7032,4.2,,1.0,2023-12-18 00:00:00,75.0,1er tercio lactancia
2655,2024-03-02 00:00:00,7033,4.0,,1.0,2023-07-21 00:00:00,225.0,3er tercio lactancia
2656,2024-03-02 00:00:00,7038,2.0,,1.0,2023-12-12 00:00:00,81.0,1er tercio lactancia
2657,2024-03-02 00:00:00,7061,4.8,,1.0,2024-01-22 00:00:00,40.0,1er tercio lactancia
2658,2024-03-02 00:00:00,7076,2.9,,1.0,2023-07-20 00:00:00,226.0,3er tercio lactancia
2659,2024-03-02 00:00:00,7083,5.7,,2.0,2023-09-25 00:00:00,159.0,2do tercio lactancia
2660,2024-03-02 00:00:00,7087,3.4,,2.0,2023-08-14 00:00:00,201.0,3er tercio lactancia
2661,2024-03-02 00:00:00,8033,3.7,,1.0,2023-08-14 00:00:00,201.0,3er tercio lactancia
2662,2024-03-02 00:00:00,8036,7.6,,2.0,2023-12-15 00:00:00,78.0,1er tercio lactancia
2663,2024-03-02 00:00:00,8037,1.4,,1.0,2024-02-26 00:00:00,5.0,1er tercio lactancia
2664,2024-03-02 00:00:00,8043,3.5,,1.0,2023-06-08 00:00:00,268.0,3er tercio lactancia
2665,2024-03-02 00:00:00,8045,3.8,,1.0,2023-07-07 00:00:00,239.0,3er tercio lactancia
2666,2024-03-02 00:00:00,8046,7.4,,1.0,2023-09-02 00:00:00,182.0,3er tercio lactancia
2667,2024-03-02 00:00:00,8048,2.5,,1.0,2023-06-08 00:00:00,268.0,3er tercio lactancia
2668,2024-03-02 00:00:00,8050,2.9,,1.0,2023-05-30 00:00:00,277.0,3er tercio lactancia
2669,2024-03-02 00:00:00,8061,2.8,,1.0,2023-12-15 00:00:00,78.0,1er tercio lactancia
2670,2024-03-02 00:00:00,8062,4.6,,1.0,2023-12-24 00:00:00,69.0,1er tercio lactancia
2671,2024-03-02 00:00:00,8076,6.3,,1.0,2023-12-11 00:00:00,82.0,1er tercio lactancia
2672,2024-03-02 00:00:00,8086,2.0,,1.0,2023-06-22 00:00:00,254.0,3er tercio lactancia
2673,2024-03-02 00:00:00,8087,3.0,,1.0,2023-05-29 00:00:00,278.0,3er tercio lactancia
2674,2024-03-02 00:00:00,8096,6.3,,2.0,2023-12-28 00:00:00,65.0,1er tercio lactancia
2675,2024-03-02 00:00:00,9007,5.6,,1.0,2023-11-10 00:00:00,113.0,2do tercio lactancia
2676,2024-03-02 00:00:00,9020,4.3,,1.0,2023-09-20 00:00:00,164.0,2do tercio lactancia
2677,2024-03-02 00:00:00,9036,2.4,,1.0,2024-01-28 00:00:00,34.0,1er tercio lactancia
2678,2024-03-02 00:00:00,9058,6.1,,1.0,2023-12-31 00:00:00,62.0,1er tercio lactancia
2679,2024-03-02 00:00:00,9073,2.0,,1.0,2024-02-28 00:00:00,3.0,1er tercio lactancia
2680,2024-03-02 00:00:00,9076,3.5,,1.0,2024-02-18 00:00:00,13.0,1er tercio lactancia
2681,2024-03-02 00:00:00,9099,5.4,,1.0,2024-01-02 00:00:00,60.0,1er tercio lactancia
2682,2024-03-02 00:00:00,9113,3.2,,1.0,2023-12-20 00:00:00,73.0,1er tercio lactancia
2683,2024-03-02 00:00:00,9125,7.1,,1.0,2023-12-28 00:00:00,65.0,1er tercio lactancia
2684,2024-03-02 00:00:00,9389,4.2,,1.0,2023-09-19 00:00:00,165.0,2do tercio lactancia
2685,2024-03-02 00:00:00,20334,3.7,,2.0,2024-02-10 00:00:00,21.0,1er tercio lactancia
2686,2024-03-02 00:00:00,31102,4.1,,2.0,2023-06-14 00:00:00,262.0,3er tercio lactancia
2687,2024-03-02 00:00:00,91171,5.7,,1.0,2023-12-16 00:00:00,77.0,1er tercio lactancia
2688,2024-03-02 00:00:00,91172,0.5,,1.0,2024-01-23 00:00:00,39.0,1er tercio lactancia
2689,2024-03-02 00:00:00,91242,6.2,,1.0,2024-01-07 00:00:00,55.0,1er tercio lactancia
2690,2024-03-02 00:00:00,91262,7.3,,1.0,2023-12-10 00:00:00,83.0,1er tercio lactancia
2691,2024-03-02 00:00:00,0231A,4.3,,1.0,2024-01-30 00:00:00,32.0,1er tercio lactancia
2692,2024-03-02 00:00:00,0298A,7.0,,1.0,2024-01-14 00:00:00,48.0,1er tercio lactancia
2693,2024-03-02 00:00:00,1066A,4.5,,3.0,2024-02-17 00:00:00,14.0,1er tercio lactancia
2694,2024-03-02 00:00:00,1078A,2.1,,2.0,2023-11-30 00:00:00,93.0,2do tercio lactancia
2695,2024-03-02 00:00:00,1095A,5.6,,2.0,2024-02-25 00:00:00,6.0,1er tercio lactancia
2696,2024-03-02 00:00:00,1112A,2.1,,1.0,2023-05-15 00:00:00,292.0,3er tercio lactancia
2697,2024-03-02 00:00:00,1139A,4.6,,2.0,2023-12-28 00:00:00,65.0,1er tercio lactancia
2698,2024-03-02 00:00:00,2063A,5.7,,3.0,2023-09-03 00:00:00,181.0,3er tercio lactancia
2699,2024-03-02 00:00:00,2090A,7.3,,2.0,2024-02-23 00:00:00,8.0,1er tercio lactancia
2700,2024-03-02 00:00:00,2094A,3.9,,3.0,2023-09-28 00:00:00,156.0,2do tercio lactancia
2701,2024-03-02 00:00:00,2124A,3.7,,2.0,2023-05-31 00:00:00,276.0,3er tercio lactancia
2702,2024-03-02 00:00:00,2133A,5.6,,2.0,2023-10-25 00:00:00,129.0,2do tercio lactancia
2703,2024-03-02 00:00:00,2148A,3.9,,2.0,2023-09-15 00:00:00,169.0,2do tercio lactancia
2704,2024-03-02 00:00:00,2149A,4.2,,2.0,2023-05-22 00:00:00,285.0,3er tercio lactancia
2705,2024-03-02 00:00:00,2196A,5.5,,2.0,2023-08-05 00:00:00,210.0,3er tercio lactancia
2706,2024-03-02 00:00:00,2208A,5.3,,2.0,2023-09-15 00:00:00,169.0,2do tercio lactancia
2707,2024-03-02 00:00:00,2209A,11.7,,2.0,2023-12-25 00:00:00,68.0,1er tercio lactancia
2708,2024-03-02 00:00:00,3003A,3.5,,2.0,2023-07-14 00:00:00,232.0,3er tercio lactancia
2709,2024-03-02 00:00:00,3021A,7.4,,3.0,2023-10-24 00:00:00,130.0,2do tercio lactancia
2710,2024-03-02 00:00:00,3024A,6.1,,3.0,2023-09-02 00:00:00,182.0,3er tercio lactancia
2711,2024-03-02 00:00:00,3028A,2.5,,2.0,2023-07-19 00:00:00,227.0,3er tercio lactancia
2712,2024-03-02 00:00:00,3066B,3.9,,2.0,2023-09-19 00:00:00,165.0,2do tercio lactancia
2713,2024-03-02 00:00:00,4A,3.9,,2.0,2024-01-09 00:00:00,53.0,1er tercio lactancia
2714,2024-03-02 00:00:00,9116B,2.8,,1.0,2024-01-14 00:00:00,48.0,1er tercio lactancia
2715,2024-03-02 00:00:00,EMB 2,5.2,,2.0,2024-01-14 00:00:00,48.0,1er tercio lactancia
2716,2024-03-02 00:00:00,SNA,8.9,,3.0,2023-12-04 00:00:00,89.0,1er tercio lactancia
2717,2024-03-18 00:00:00,8061,2.7,,1.0,2023-12-15 00:00:00,93.0,2do tercio lactancia
2718,2024-03-18 00:00:00,9036,1.3,,1.0,2024-01-28 00:00:00,49.0,1er tercio lactancia
2719,2024-03-18 00:00:00,0298A,6.7,,1.0,2024-01-14 00:00:00,63.0,1er tercio lactancia
2720,2024-03-18 00:00:00,8037,1.2,,1.0,2024-02-26 00:00:00,20.0,1er tercio lactancia
2721,2024-03-18 00:00:00,4072,1.9,,1.0,2023-09-30 00:00:00,169.0,2do tercio lactancia
2722,2024-03-18 00:00:00,7038,1.5,,1.0,2023-12-12 00:00:00,96.0,2do tercio lactancia
2723,2024-03-18 00:00:00,9058,5.6,,1.0,2023-12-31 00:00:00,77.0,1er tercio lactancia
2724,2024-03-18 00:00:00,0202,3.8,,1.0,2024-01-14 00:00:00,63.0,1er tercio lactancia
2725,2024-03-18 00:00:00,1066A,4.8,,3.0,2024-02-17 00:00:00,29.0,1er tercio lactancia
2726,2024-03-18 00:00:00,4035,7.1,,3.0,2024-02-14 00:00:00,32.0,1er tercio lactancia
2727,2024-03-18 00:00:00,3003A,3.0,,2.0,2023-07-14 00:00:00,247.0,3er tercio lactancia
2728,2024-03-18 00:00:00,4018,2.6,,2.0,2023-09-03 00:00:00,196.0,3er tercio lactancia
2729,2024-03-18 00:00:00,9076,7.1,,1.0,2024-02-18 00:00:00,28.0,1er tercio lactancia
2730,2024-03-18 00:00:00,2063A,5.3,,3.0,2023-09-03 00:00:00,196.0,3er tercio lactancia
2731,2024-03-18 00:00:00,0018,4.6,,1.0,2023-10-20 00:00:00,149.0,2do tercio lactancia
2732,2024-03-18 00:00:00,SNA,6.8,,3.0,2023-12-04 00:00:00,104.0,2do tercio lactancia
2733,2024-03-18 00:00:00,3119,3.7,,3.0,2023-10-10 00:00:00,159.0,2do tercio lactancia
2734,2024-03-18 00:00:00,2149A,1.8,,2.0,2023-05-22 00:00:00,300.0,3er tercio lactancia
2735,2024-03-18 00:00:00,0226,4.8,,1.0,2024-02-28 00:00:00,18.0,1er tercio lactancia
2736,2024-03-18 00:00:00,3132,5.5,,2.0,2023-12-25 00:00:00,83.0,1er tercio lactancia
2737,2024-03-18 00:00:00,8062,5.6,,1.0,2023-12-24 00:00:00,84.0,1er tercio lactancia
2738,2024-03-18 00:00:00,2148A,4.6,,2.0,2023-09-15 00:00:00,184.0,3er tercio lactancia
2739,2024-03-18 00:00:00,4095,7.3,,3.0,2024-02-08 00:00:00,38.0,1er tercio lactancia
2740,2024-03-18 00:00:00,91171,6.4,,1.0,2023-12-16 00:00:00,92.0,2do tercio lactancia
2741,2024-03-18 00:00:00,0132,7.0,,3.0,2023-12-12 00:00:00,96.0,2do tercio lactancia
2742,2024-03-18 00:00:00,5150,4.2,,2.0,2024-01-22 00:00:00,55.0,1er tercio lactancia
2743,2024-03-18 00:00:00,91172,2.2,,1.0,2024-01-23 00:00:00,54.0,1er tercio lactancia
2744,2024-03-18 00:00:00,91242,5.1,,1.0,2024-01-07 00:00:00,70.0,1er tercio lactancia
2745,2024-03-18 00:00:00,31102,4.0,,2.0,2023-06-14 00:00:00,277.0,3er tercio lactancia
2746,2024-03-18 00:00:00,9116B,1.9,,1.0,2024-01-14 00:00:00,63.0,1er tercio lactancia
2747,2024-03-18 00:00:00,9073,5.4,,1.0,2024-02-28 00:00:00,18.0,1er tercio lactancia
2748,2024-03-18 00:00:00,9042,1.5,,1.0,2024-03-02 00:00:00,15.0,1er tercio lactancia
2749,2024-03-18 00:00:00,0329,1.3,,1.0,2024-02-22 00:00:00,24.0,1er tercio lactancia
2750,2024-03-18 00:00:00,8087,1.3,,1.0,2023-05-29 00:00:00,293.0,3er tercio lactancia
2751,2024-03-18 00:00:00,0338,5.2,,1.0,2023-12-13 00:00:00,95.0,2do tercio lactancia
2752,2024-03-18 00:00:00,8045,2.3,,1.0,2023-07-07 00:00:00,254.0,3er tercio lactancia
2753,2024-03-18 00:00:00,2096,6.1,,3.0,2023-12-09 00:00:00,99.0,2do tercio lactancia
2754,2024-03-18 00:00:00,0740,5.1,,2.0,2023-10-04 00:00:00,165.0,2do tercio lactancia
2755,2024-03-18 00:00:00,9125,6.2,,1.0,2023-12-28 00:00:00,80.0,1er tercio lactancia
2756,2024-03-18 00:00:00,2090A,6.5,,2.0,2024-02-23 00:00:00,23.0,1er tercio lactancia
2757,2024-03-18 00:00:00,8033,2.7,,1.0,2023-08-14 00:00:00,216.0,3er tercio lactancia
2758,2024-03-18 00:00:00,7022,6.3,,1.0,2023-12-26 00:00:00,82.0,1er tercio lactancia
2759,2024-03-18 00:00:00,EMB 2,5.2,,2.0,2024-01-14 00:00:00,63.0,1er tercio lactancia
2760,2024-03-18 00:00:00,32,4.9,,1.0,2024-01-29 00:00:00,48.0,1er tercio lactancia
2761,2024-03-18 00:00:00,9099,6.2,,1.0,2024-01-02 00:00:00,75.0,1er tercio lactancia
2762,2024-03-18 00:00:00,1015,2.0,,2.0,2023-08-03 00:00:00,227.0,3er tercio lactancia
2763,2024-03-18 00:00:00,0272,5.4,,1.0,2023-12-11 00:00:00,97.0,2do tercio lactancia
2764,2024-03-18 00:00:00,3066B,3.5,,2.0,2023-09-19 00:00:00,180.0,2do tercio lactancia
2765,2024-03-18 00:00:00,4151,1.7,,2.0,2023-06-28 00:00:00,263.0,3er tercio lactancia
2766,2024-03-18 00:00:00,19,2.0,,1.0,2024-03-03 00:00:00,14.0,1er tercio lactancia
2767,2024-03-18 00:00:00,3028A,2.0,,2.0,2023-07-19 00:00:00,242.0,3er tercio lactancia
2768,2024-03-18 00:00:00,2124A,1.6,,2.0,2023-05-31 00:00:00,291.0,3er tercio lactancia
2769,2024-03-18 00:00:00,0249,7.6,,1.0,2024-02-20 00:00:00,26.0,1er tercio lactancia
2770,2024-03-18 00:00:00,4025,4.0,,2.0,2023-12-12 00:00:00,96.0,2do tercio lactancia
2771,2024-03-18 00:00:00,3021A,3.8,,3.0,2023-10-24 00:00:00,145.0,2do tercio lactancia
2772,2024-03-18 00:00:00,2209A,8.6,,2.0,2023-12-25 00:00:00,83.0,1er tercio lactancia
2773,2024-03-18 00:00:00,7087,2.5,,2.0,2023-08-14 00:00:00,216.0,3er tercio lactancia
2774,2024-03-18 00:00:00,4079,2.6,,2.0,2023-10-31 00:00:00,138.0,2do tercio lactancia
2775,2024-03-18 00:00:00,4A,3.8,,2.0,2024-01-09 00:00:00,68.0,1er tercio lactancia
2776,2024-03-18 00:00:00,0322,6.0,,1.0,2024-02-24 00:00:00,22.0,1er tercio lactancia
2777,2024-03-18 00:00:00,2208A,4.8,,2.0,2023-09-15 00:00:00,184.0,3er tercio lactancia
2778,2024-03-18 00:00:00,5007,3.9,,1.0,2024-01-22 00:00:00,55.0,1er tercio lactancia
2779,2024-03-18 00:00:00,7083,7.8,,2.0,2023-09-25 00:00:00,174.0,2do tercio lactancia
2780,2024-03-18 00:00:00,6067,5.5,,3.0,2023-12-22 00:00:00,86.0,1er tercio lactancia
2781,2024-03-18 00:00:00,5030,7.2,,1.0,2024-01-18 00:00:00,59.0,1er tercio lactancia
2782,2024-03-18 00:00:00,1095A,9.2,,2.0,2024-02-25 00:00:00,21.0,1er tercio lactancia
2783,2024-03-18 00:00:00,20334,6.2,,2.0,2024-02-10 00:00:00,36.0,1er tercio lactancia
2784,2024-03-18 00:00:00,6035,4.7,,2.0,2023-08-31 00:00:00,199.0,3er tercio lactancia
2785,2024-03-18 00:00:00,7033,2.4,,1.0,2023-07-21 00:00:00,240.0,3er tercio lactancia
2786,2024-03-18 00:00:00,9113,3.8,,1.0,2023-12-20 00:00:00,88.0,1er tercio lactancia
2787,2024-03-18 00:00:00,2171,9.1,,3.0,2023-12-28 00:00:00,80.0,1er tercio lactancia
2788,2024-03-18 00:00:00,1139A,3.6,,2.0,2023-12-28 00:00:00,80.0,1er tercio lactancia
2789,2024-03-18 00:00:00,0229,6.1,,1.0,2023-12-27 00:00:00,81.0,1er tercio lactancia
2790,2024-03-18 00:00:00,4087,4.5,,2.0,2023-09-20 00:00:00,179.0,2do tercio lactancia
2791,2024-03-18 00:00:00,8036,7.0,,2.0,2023-12-15 00:00:00,93.0,2do tercio lactancia
2792,2024-03-18 00:00:00,5033,2.7,,2.0,2023-09-30 00:00:00,169.0,2do tercio lactancia
2793,2024-03-18 00:00:00,5079,2.1,,1.0,2023-08-17 00:00:00,213.0,3er tercio lactancia
2794,2024-03-18 00:00:00,0323,7.3,,1.0,2024-02-02 00:00:00,44.0,1er tercio lactancia
2795,2024-03-18 00:00:00,91262,7.2,,1.0,2023-12-10 00:00:00,98.0,2do tercio lactancia
2796,2024-03-18 00:00:00,1078A,2.4,,2.0,2023-11-30 00:00:00,108.0,2do tercio lactancia
2797,2024-03-18 00:00:00,0231A,5.1,,1.0,2024-01-30 00:00:00,47.0,1er tercio lactancia
2798,2024-03-18 00:00:00,2219,2.3,,2.0,2023-09-15 00:00:00,184.0,3er tercio lactancia
2799,2024-03-18 00:00:00,2133A,3.7,,2.0,2023-10-25 00:00:00,144.0,2do tercio lactancia
2800,2024-03-18 00:00:00,9020,3.8,,1.0,2023-09-20 00:00:00,179.0,2do tercio lactancia
2801,2024-03-18 00:00:00,0201,7.2,,1.0,2024-02-02 00:00:00,44.0,1er tercio lactancia
2802,2024-03-18 00:00:00,2037,3.4,,1.0,2024-02-13 00:00:00,33.0,1er tercio lactancia
2803,2024-03-18 00:00:00,2196A,3.7,,2.0,2023-08-05 00:00:00,225.0,3er tercio lactancia
2804,2024-03-18 00:00:00,8086,2.1,,1.0,2023-06-22 00:00:00,269.0,3er tercio lactancia
2805,2024-03-18 00:00:00,8096,6.1,,2.0,2023-12-28 00:00:00,80.0,1er tercio lactancia
2806,2024-03-18 00:00:00,8046,7.3,,1.0,2023-09-02 00:00:00,197.0,3er tercio lactancia
2807,2024-03-18 00:00:00,7007,2.4,,1.0,2023-09-05 00:00:00,194.0,3er tercio lactancia
2808,2024-03-18 00:00:00,3043,5.5,,2.0,2024-02-11 00:00:00,35.0,1er tercio lactancia
2809,2024-03-18 00:00:00,2021,5.8,,3.0,2023-11-27 00:00:00,111.0,2do tercio lactancia
2810,2024-03-18 00:00:00,5060,2.8,,1.0,2024-02-11 00:00:00,35.0,1er tercio lactancia
2811,2024-03-18 00:00:00,5679,1.6,,2.0,2023-09-28 00:00:00,171.0,2do tercio lactancia
2812,2024-03-18 00:00:00,4101,1.8,,2.0,2023-08-23 00:00:00,207.0,3er tercio lactancia
2813,2024-03-18 00:00:00,8050,2.3,,1.0,2023-05-30 00:00:00,292.0,3er tercio lactancia
2814,2024-03-18 00:00:00,4075,2.6,,1.0,2023-11-04 00:00:00,134.0,2do tercio lactancia
2815,2024-03-18 00:00:00,6043,6.2,,2.0,2023-12-18 00:00:00,90.0,1er tercio lactancia
2816,2024-03-18 00:00:00,0220,3.1,,1.0,2024-01-29 00:00:00,48.0,1er tercio lactancia
2817,2024-03-18 00:00:00,5010,2.6,,2.0,2023-11-01 00:00:00,137.0,2do tercio lactancia
2818,2024-03-18 00:00:00,8048,3.2,,1.0,2023-06-08 00:00:00,283.0,3er tercio lactancia
2819,2024-03-18 00:00:00,0259,9.5,,1.0,2024-02-24 00:00:00,22.0,1er tercio lactancia
2820,2024-03-18 00:00:00,2226,5.2,,3.0,2023-09-28 00:00:00,171.0,2do tercio lactancia
2821,2024-03-18 00:00:00,3024A,5.8,,3.0,2023-09-02 00:00:00,197.0,3er tercio lactancia
2822,2024-03-18 00:00:00,7061,5.3,,1.0,2024-01-22 00:00:00,55.0,1er tercio lactancia
2823,2024-03-18 00:00:00,0278,6.4,,1.0,2024-02-22 00:00:00,24.0,1er tercio lactancia
2824,2024-03-18 00:00:00,9007,5.8,,1.0,2023-11-10 00:00:00,128.0,2do tercio lactancia
2825,2024-03-18 00:00:00,7032,2.6,,1.0,2023-12-18 00:00:00,90.0,1er tercio lactancia
2826,2024-03-18 00:00:00,2234,2.0,,2.0,2023-07-30 00:00:00,231.0,3er tercio lactancia
2827,2024-03-18 00:00:00,6010,1.2,,1.0,2023-08-30 00:00:00,200.0,3er tercio lactancia
2828,2024-03-18 00:00:00,2083,2.7,,2.0,2023-09-19 00:00:00,180.0,2do tercio lactancia
2829,2024-03-18 00:00:00,7076,1.8,,1.0,2023-07-20 00:00:00,241.0,3er tercio lactancia
2830,2024-03-18 00:00:00,2094A,5.7,,3.0,2023-09-28 00:00:00,171.0,2do tercio lactancia
2831,2024-03-18 00:00:00,2130,6.6,,3.0,2024-01-02 00:00:00,75.0,1er tercio lactancia
2832,2024-03-18 00:00:00,0333,4.6,,1.0,2024-02-02 00:00:00,44.0,1er tercio lactancia
2833,2024-03-18 00:00:00,0111,5.6,,1.0,2024-01-28 00:00:00,49.0,1er tercio lactancia
2834,2024-03-18 00:00:00,8076,5.0,,1.0,2023-12-11 00:00:00,97.0,2do tercio lactancia
2835,2024-03-18 00:00:00,9389,2.2,,1.0,2023-09-19 00:00:00,180.0,2do tercio lactancia
2836,2024-03-18 00:00:00,0107,1.6,,1.0,2024-03-02 00:00:00,15.0,1er tercio lactancia
2837,2024-03-18 00:00:00,0206A,3.7,,1.0,2024-03-02 00:00:00,15.0,1er tercio lactancia
2838,2024-03-18 00:00:00,1004,3.6,,1.0,2024-03-04 00:00:00,13.0,1er tercio lactancia
2839,2024-03-30 00:00:00,8061,2.9,,1.0,2023-12-15 00:00:00,106.0,2do tercio lactancia
2840,2024-03-30 00:00:00,0298A,6.9,,1.0,2024-01-14 00:00:00,76.0,1er tercio lactancia
2841,2024-03-30 00:00:00,8037,6.2,,1.0,2024-02-26 00:00:00,33.0,1er tercio lactancia
2842,2024-03-30 00:00:00,9058,6.2,,1.0,2023-12-31 00:00:00,90.0,1er tercio lactancia
2843,2024-03-30 00:00:00,0202,3.4,,1.0,2024-01-14 00:00:00,76.0,1er tercio lactancia
2844,2024-03-30 00:00:00,1066A,5.1,,3.0,2024-02-17 00:00:00,42.0,1er tercio lactancia
2845,2024-03-30 00:00:00,4035,7.4,,3.0,2024-02-14 00:00:00,45.0,1er tercio lactancia
2846,2024-03-30 00:00:00,2220,2.2,,3.0,2024-01-14 00:00:00,76.0,1er tercio lactancia
2847,2024-03-30 00:00:00,4018,2.6,,2.0,2023-09-03 00:00:00,209.0,3er tercio lactancia
2848,2024-03-30 00:00:00,9076,7.5,,1.0,2024-02-18 00:00:00,41.0,1er tercio lactancia
2849,2024-03-30 00:00:00,2063A,4.8,,3.0,2023-09-03 00:00:00,209.0,3er tercio lactancia
2850,2024-03-30 00:00:00,0018,4.9,,1.0,2023-10-20 00:00:00,162.0,2do tercio lactancia
2851,2024-03-30 00:00:00,SNA,5.0,,3.0,2023-12-04 00:00:00,117.0,2do tercio lactancia
2852,2024-03-30 00:00:00,0206A,3.5,,1.0,2024-03-02 00:00:00,28.0,1er tercio lactancia
2853,2024-03-30 00:00:00,3119,2.3,,3.0,2023-10-10 00:00:00,172.0,2do tercio lactancia
2854,2024-03-30 00:00:00,0226,7.1,,1.0,2024-02-28 00:00:00,31.0,1er tercio lactancia
2855,2024-03-30 00:00:00,3132,5.1,,2.0,2023-12-25 00:00:00,96.0,2do tercio lactancia
2856,2024-03-30 00:00:00,8062,5.6,,1.0,2023-12-24 00:00:00,97.0,2do tercio lactancia
2857,2024-03-30 00:00:00,2148A,4.5,,2.0,2023-09-15 00:00:00,197.0,3er tercio lactancia
2858,2024-03-30 00:00:00,4095,7.2,,3.0,2024-02-08 00:00:00,51.0,1er tercio lactancia
2859,2024-03-30 00:00:00,91171,5.0,,1.0,2023-12-16 00:00:00,105.0,2do tercio lactancia
2860,2024-03-30 00:00:00,0132,6.8,,3.0,2023-12-12 00:00:00,109.0,2do tercio lactancia
2861,2024-03-30 00:00:00,5150,3.4,,2.0,2024-01-22 00:00:00,68.0,1er tercio lactancia
2862,2024-03-30 00:00:00,91172,2.1,,1.0,2024-01-23 00:00:00,67.0,1er tercio lactancia
2863,2024-03-30 00:00:00,91242,6.9,,1.0,2024-01-07 00:00:00,83.0,1er tercio lactancia
2864,2024-03-30 00:00:00,31102,4.1,,2.0,2023-06-14 00:00:00,290.0,3er tercio lactancia
2865,2024-03-30 00:00:00,9073,6.6,,1.0,2024-02-28 00:00:00,31.0,1er tercio lactancia
2866,2024-03-30 00:00:00,9042,2.5,,1.0,2024-03-02 00:00:00,28.0,1er tercio lactancia
2867,2024-03-30 00:00:00,0329,6.6,,1.0,2024-02-22 00:00:00,37.0,1er tercio lactancia
2868,2024-03-30 00:00:00,0338,5.2,,1.0,2023-12-13 00:00:00,108.0,2do tercio lactancia
2869,2024-03-30 00:00:00,34,6.8,,1.0,2024-02-14 00:00:00,45.0,1er tercio lactancia
2870,2024-03-30 00:00:00,2096,5.5,,3.0,2023-12-09 00:00:00,112.0,2do tercio lactancia
2871,2024-03-30 00:00:00,0740,5.3,,2.0,2023-10-04 00:00:00,178.0,2do tercio lactancia
2872,2024-03-30 00:00:00,9125,5.4,,1.0,2023-12-28 00:00:00,93.0,2do tercio lactancia
2873,2024-03-30 00:00:00,2090A,8.0,,2.0,2024-02-23 00:00:00,36.0,1er tercio lactancia
2874,2024-03-30 00:00:00,8033,2.1,,1.0,2023-08-14 00:00:00,229.0,3er tercio lactancia
2875,2024-03-30 00:00:00,7022,7.7,,1.0,2023-12-26 00:00:00,95.0,2do tercio lactancia
2876,2024-03-30 00:00:00,EMB 2,5.9,,2.0,2024-01-14 00:00:00,76.0,1er tercio lactancia
2877,2024-03-30 00:00:00,9099,6.1,,1.0,2024-01-02 00:00:00,88.0,1er tercio lactancia
2878,2024-03-30 00:00:00,0272,4.9,,1.0,2023-12-11 00:00:00,110.0,2do tercio lactancia
2879,2024-03-30 00:00:00,3066B,3.1,,2.0,2023-09-19 00:00:00,193.0,3er tercio lactancia
2880,2024-03-30 00:00:00,19,3.1,,1.0,2024-03-03 00:00:00,27.0,1er tercio lactancia
2881,2024-03-30 00:00:00,0249,5.5,,1.0,2024-02-20 00:00:00,39.0,1er tercio lactancia
2882,2024-03-30 00:00:00,4025,3.6,,2.0,2023-12-12 00:00:00,109.0,2do tercio lactancia
2883,2024-03-30 00:00:00,3021A,3.4,,3.0,2023-10-24 00:00:00,158.0,2do tercio lactancia
2884,2024-03-30 00:00:00,2209A,8.5,,2.0,2023-12-25 00:00:00,96.0,2do tercio lactancia
2885,2024-03-30 00:00:00,7087,3.0,,2.0,2023-08-14 00:00:00,229.0,3er tercio lactancia
2886,2024-03-30 00:00:00,4079,3.2,,2.0,2023-10-31 00:00:00,151.0,2do tercio lactancia
2887,2024-03-30 00:00:00,4A,2.6,,2.0,2024-01-09 00:00:00,81.0,1er tercio lactancia
2888,2024-03-30 00:00:00,0322,4.5,,1.0,2024-02-24 00:00:00,35.0,1er tercio lactancia
2889,2024-03-30 00:00:00,2208A,5.6,,2.0,2023-09-15 00:00:00,197.0,3er tercio lactancia
2890,2024-03-30 00:00:00,5007,2.7,,1.0,2024-01-22 00:00:00,68.0,1er tercio lactancia
2891,2024-03-30 00:00:00,7083,6.1,,2.0,2023-09-25 00:00:00,187.0,3er tercio lactancia
2892,2024-03-30 00:00:00,6067,6.7,,3.0,2023-12-22 00:00:00,99.0,2do tercio lactancia
2893,2024-03-30 00:00:00,5030,6.0,,1.0,2024-01-18 00:00:00,72.0,1er tercio lactancia
2894,2024-03-30 00:00:00,1095A,8.7,,2.0,2024-02-25 00:00:00,34.0,1er tercio lactancia
2895,2024-03-30 00:00:00,20334,5.4,,2.0,2024-02-10 00:00:00,49.0,1er tercio lactancia
2896,2024-03-30 00:00:00,6035,5.4,,2.0,2023-08-31 00:00:00,212.0,3er tercio lactancia
2897,2024-03-30 00:00:00,7033,3.7,,1.0,2023-07-21 00:00:00,253.0,3er tercio lactancia
2898,2024-03-30 00:00:00,9113,3.1,,1.0,2023-12-20 00:00:00,101.0,2do tercio lactancia
2899,2024-03-30 00:00:00,2171,8.8,,3.0,2023-12-28 00:00:00,93.0,2do tercio lactancia
2900,2024-03-30 00:00:00,1139A,3.1,,2.0,2023-12-28 00:00:00,93.0,2do tercio lactancia
2901,2024-03-30 00:00:00,0229,6.7,,1.0,2023-12-27 00:00:00,94.0,2do tercio lactancia
2902,2024-03-30 00:00:00,4087,5.3,,2.0,2023-09-20 00:00:00,192.0,3er tercio lactancia
2903,2024-03-30 00:00:00,8036,7.0,,2.0,2023-12-15 00:00:00,106.0,2do tercio lactancia
2904,2024-03-30 00:00:00,5033,3.2,,2.0,2023-09-30 00:00:00,182.0,3er tercio lactancia
2905,2024-03-30 00:00:00,5079,2.0,,1.0,2023-08-17 00:00:00,226.0,3er tercio lactancia
2906,2024-03-30 00:00:00,0323,7.6,,1.0,2024-02-02 00:00:00,57.0,1er tercio lactancia
2907,2024-03-30 00:00:00,91262,7.4,,1.0,2023-12-10 00:00:00,111.0,2do tercio lactancia
2908,2024-03-30 00:00:00,1078A,2.0,,2.0,2023-11-30 00:00:00,121.0,2do tercio lactancia
2909,2024-03-30 00:00:00,0231A,5.1,,1.0,2024-01-30 00:00:00,60.0,1er tercio lactancia
2910,2024-03-30 00:00:00,2219,1.8,,2.0,2023-09-15 00:00:00,197.0,3er tercio lactancia
2911,2024-03-30 00:00:00,2133A,3.3,,2.0,2023-10-25 00:00:00,157.0,2do tercio lactancia
2912,2024-03-30 00:00:00,9020,3.6,,1.0,2023-09-20 00:00:00,192.0,3er tercio lactancia
2913,2024-03-30 00:00:00,0201,5.4,,1.0,2024-02-02 00:00:00,57.0,1er tercio lactancia
2914,2024-03-30 00:00:00,2037,5.0,,1.0,2024-02-13 00:00:00,46.0,1er tercio lactancia
2915,2024-03-30 00:00:00,2196A,3.1,,2.0,2023-08-05 00:00:00,238.0,3er tercio lactancia
2916,2024-03-30 00:00:00,8096,5.5,,2.0,2023-12-28 00:00:00,93.0,2do tercio lactancia
2917,2024-03-30 00:00:00,8046,7.1,,1.0,2023-09-02 00:00:00,210.0,3er tercio lactancia
2918,2024-03-30 00:00:00,7007,2.8,,1.0,2023-09-05 00:00:00,207.0,3er tercio lactancia
2919,2024-03-30 00:00:00,3043,6.7,,2.0,2024-02-11 00:00:00,48.0,1er tercio lactancia
2920,2024-03-30 00:00:00,2021,5.4,,3.0,2023-11-27 00:00:00,124.0,2do tercio lactancia
2921,2024-03-30 00:00:00,5679,2.0,,2.0,2023-09-28 00:00:00,184.0,3er tercio lactancia
2922,2024-03-30 00:00:00,4075,2.4,,1.0,2023-11-04 00:00:00,147.0,2do tercio lactancia
2923,2024-03-30 00:00:00,6043,5.5,,2.0,2023-12-18 00:00:00,103.0,2do tercio lactancia
2924,2024-03-30 00:00:00,0220,3.4,,1.0,2024-01-29 00:00:00,61.0,1er tercio lactancia
2925,2024-03-30 00:00:00,5010,1.7,,2.0,2023-11-01 00:00:00,150.0,2do tercio lactancia
2926,2024-03-30 00:00:00,8048,3.2,,1.0,2023-06-08 00:00:00,296.0,3er tercio lactancia
2927,2024-03-30 00:00:00,0259,8.6,,1.0,2024-02-24 00:00:00,35.0,1er tercio lactancia
2928,2024-03-30 00:00:00,2226,2.0,,3.0,2023-09-28 00:00:00,184.0,3er tercio lactancia
2929,2024-03-30 00:00:00,3024A,6.1,,3.0,2023-09-02 00:00:00,210.0,3er tercio lactancia
2930,2024-03-30 00:00:00,7061,5.5,,1.0,2024-01-22 00:00:00,68.0,1er tercio lactancia
2931,2024-03-30 00:00:00,0278,6.2,,1.0,2024-02-22 00:00:00,37.0,1er tercio lactancia
2932,2024-03-30 00:00:00,9007,5.8,,1.0,2023-11-10 00:00:00,141.0,2do tercio lactancia
2933,2024-03-30 00:00:00,7032,2.9,,1.0,2023-12-18 00:00:00,103.0,2do tercio lactancia
2934,2024-03-30 00:00:00,2083,2.7,,2.0,2023-09-19 00:00:00,193.0,3er tercio lactancia
2935,2024-03-30 00:00:00,7077,7.2,,2.0,2024-03-16 00:00:00,14.0,1er tercio lactancia
2936,2024-03-30 00:00:00,2094A,5.8,,3.0,2023-09-28 00:00:00,184.0,3er tercio lactancia
2937,2024-03-30 00:00:00,2130,6.0,,3.0,2024-01-02 00:00:00,88.0,1er tercio lactancia
2938,2024-03-30 00:00:00,0333,6.3,,1.0,2024-02-02 00:00:00,57.0,1er tercio lactancia
2939,2024-03-30 00:00:00,0111,5.4,,1.0,2024-01-28 00:00:00,62.0,1er tercio lactancia
2940,2024-03-30 00:00:00,8076,6.4,,1.0,2023-12-11 00:00:00,110.0,2do tercio lactancia
2941,2024-03-30 00:00:00,9389,4.3,,1.0,2023-09-19 00:00:00,193.0,3er tercio lactancia
2942,2024-03-30 00:00:00,0233,1.0,,1.0,2024-03-11 00:00:00,19.0,1er tercio lactancia
2943,2024-03-30 00:00:00,0327,0.5,,1.0,2024-03-23 00:00:00,7.0,1er tercio lactancia
2944,2024-03-30 00:00:00,1004,7.4,,1.0,2024-03-04 00:00:00,26.0,1er tercio lactancia
2945,2024-03-30 00:00:00,30212,3.4,,1.0,2024-03-21 00:00:00,9.0,1er tercio lactancia
2946,2024-03-30 00:00:00,8094,3.3,,2.0,2024-03-09 00:00:00,21.0,1er tercio lactancia
2947,2024-03-30 00:00:00,9006,2.6,,1.0,2024-03-10 00:00:00,20.0,1er tercio lactancia
2948,2024-03-30 00:00:00,9015,4.5,,1.0,2024-03-11 00:00:00,19.0,1er tercio lactancia
2949,2024-03-30 00:00:00,9016,1.6,,1.0,2024-03-09 00:00:00,21.0,1er tercio lactancia
2950,2024-03-30 00:00:00,9037,1.9,,1.0,2024-03-18 00:00:00,12.0,1er tercio lactancia
2951,2024-03-30 00:00:00,9053,6.8,,1.0,2024-03-08 00:00:00,22.0,1er tercio lactancia
2952,2024-03-30 00:00:00,0332,5.0,,1.0,2024-01-15 00:00:00,75.0,1er tercio lactancia
2953,2024-03-30 00:00:00,0284,5.0,,,,,
2954,2024-04-16 00:00:00,8061,2.7,,1.0,2023-12-15 00:00:00,123.0,2do tercio lactancia
2955,2024-04-16 00:00:00,0298A,7.0,,1.0,2024-01-14 00:00:00,93.0,2do tercio lactancia
2956,2024-04-16 00:00:00,8037,6.0,,1.0,2024-02-26 00:00:00,50.0,1er tercio lactancia
2957,2024-04-16 00:00:00,8063,5.4,,3.0,2024-03-23 00:00:00,24.0,1er tercio lactancia
2958,2024-04-16 00:00:00,9058,6.3,,1.0,2023-12-31 00:00:00,107.0,2do tercio lactancia
2959,2024-04-16 00:00:00,0202,1.9,,1.0,2024-01-14 00:00:00,93.0,2do tercio lactancia
2960,2024-04-16 00:00:00,1066A,3.98,,3.0,2024-02-17 00:00:00,59.0,1er tercio lactancia
2961,2024-04-16 00:00:00,4035,7.7,,3.0,2024-02-14 00:00:00,62.0,1er tercio lactancia
2962,2024-04-16 00:00:00,4018,2.2,,2.0,2023-09-03 00:00:00,226.0,3er tercio lactancia
2963,2024-04-16 00:00:00,9076,5.7,,1.0,2024-02-18 00:00:00,58.0,1er tercio lactancia
2964,2024-04-16 00:00:00,2063A,2.9,,3.0,2023-09-03 00:00:00,226.0,3er tercio lactancia
2965,2024-04-16 00:00:00,0018,3.2,,1.0,2023-10-20 00:00:00,179.0,2do tercio lactancia
2966,2024-04-16 00:00:00,0206A,2.7,,1.0,2024-03-02 00:00:00,45.0,1er tercio lactancia
2967,2024-04-16 00:00:00,3119,3.0,,3.0,2023-10-10 00:00:00,189.0,3er tercio lactancia
2968,2024-04-16 00:00:00,0226,7.6,,1.0,2024-02-28 00:00:00,48.0,1er tercio lactancia
2969,2024-04-16 00:00:00,3132,5.1,,2.0,2023-12-25 00:00:00,113.0,2do tercio lactancia
2970,2024-04-16 00:00:00,8062,4.9,,1.0,2023-12-24 00:00:00,114.0,2do tercio lactancia
2971,2024-04-16 00:00:00,2148A,1.7,,2.0,2023-09-15 00:00:00,214.0,3er tercio lactancia
2972,2024-04-16 00:00:00,4095,5.6,,3.0,2024-02-08 00:00:00,68.0,1er tercio lactancia
2973,2024-04-16 00:00:00,91171,4.5,,1.0,2023-12-16 00:00:00,122.0,2do tercio lactancia
2974,2024-04-16 00:00:00,0132,6.3,,3.0,2023-12-12 00:00:00,126.0,2do tercio lactancia
2975,2024-04-16 00:00:00,5150,3.1,,2.0,2024-01-22 00:00:00,85.0,1er tercio lactancia
2976,2024-04-16 00:00:00,0332,3.9,,1.0,2024-01-15 00:00:00,92.0,2do tercio lactancia
2977,2024-04-16 00:00:00,91172,2.0,,1.0,2024-01-23 00:00:00,84.0,1er tercio lactancia
2978,2024-04-16 00:00:00,91242,4.0,,1.0,2024-01-07 00:00:00,100.0,2do tercio lactancia
2979,2024-04-16 00:00:00,31102,3.2,,2.0,2023-06-14 00:00:00,307.0,3er tercio lactancia
2980,2024-04-16 00:00:00,9073,5.7,,1.0,2024-02-28 00:00:00,48.0,1er tercio lactancia
2981,2024-04-16 00:00:00,0329,4.6,,1.0,2024-02-22 00:00:00,54.0,1er tercio lactancia
2982,2024-04-16 00:00:00,0338,4.6,,1.0,2023-12-13 00:00:00,125.0,2do tercio lactancia
2983,2024-04-16 00:00:00,3750,5.4,,3.0,2024-04-06 00:00:00,10.0,1er tercio lactancia
2984,2024-04-16 00:00:00,34,6.3,,1.0,2024-02-14 00:00:00,62.0,1er tercio lactancia
2985,2024-04-16 00:00:00,2096,6.1,,3.0,2023-12-09 00:00:00,129.0,2do tercio lactancia
2986,2024-04-16 00:00:00,0284,4.2,,1.0,2024-02-17 00:00:00,60.0,1er tercio lactancia
2987,2024-04-16 00:00:00,0740,3.5,,2.0,2023-10-04 00:00:00,195.0,3er tercio lactancia
2988,2024-04-16 00:00:00,9125,4.7,,1.0,2023-12-28 00:00:00,110.0,2do tercio lactancia
2989,2024-04-16 00:00:00,2090A,8.7,,2.0,2024-02-23 00:00:00,53.0,1er tercio lactancia
2990,2024-04-16 00:00:00,8033,2.2,,1.0,2023-08-14 00:00:00,246.0,3er tercio lactancia
2991,2024-04-16 00:00:00,7022,5.4,,1.0,2023-12-26 00:00:00,112.0,2do tercio lactancia
2992,2024-04-16 00:00:00,EMB 2,5.4,,2.0,2024-01-14 00:00:00,93.0,2do tercio lactancia
2993,2024-04-16 00:00:00,9099,5.3,,1.0,2024-01-02 00:00:00,105.0,2do tercio lactancia
2994,2024-04-16 00:00:00,0272,5.1,,1.0,2023-12-11 00:00:00,127.0,2do tercio lactancia
2995,2024-04-16 00:00:00,3066B,2.5,,2.0,2023-09-19 00:00:00,210.0,3er tercio lactancia
2996,2024-04-16 00:00:00,19,4.0,,1.0,2024-03-03 00:00:00,44.0,1er tercio lactancia
2997,2024-04-16 00:00:00,0249,6.8,,1.0,2024-02-20 00:00:00,56.0,1er tercio lactancia
2998,2024-04-16 00:00:00,4025,2.1,,2.0,2023-12-12 00:00:00,126.0,2do tercio lactancia
2999,2024-04-16 00:00:00,3021A,3.8,,3.0,2023-10-24 00:00:00,175.0,2do tercio lactancia
3000,2024-04-16 00:00:00,2209A,7.9,,2.0,2023-12-25 00:00:00,113.0,2do tercio lactancia
3001,2024-04-16 00:00:00,7087,2.6,,2.0,2023-08-14 00:00:00,246.0,3er tercio lactancia
3002,2024-04-16 00:00:00,4A,2.9,,2.0,2024-01-09 00:00:00,98.0,2do tercio lactancia
3003,2024-04-16 00:00:00,0322,5.4,,1.0,2024-02-24 00:00:00,52.0,1er tercio lactancia
3004,2024-04-16 00:00:00,2208A,4.6,,2.0,2023-09-15 00:00:00,214.0,3er tercio lactancia
3005,2024-04-16 00:00:00,5007,3.5,,1.0,2024-01-22 00:00:00,85.0,1er tercio lactancia
3006,2024-04-16 00:00:00,7083,5.7,,2.0,2023-09-25 00:00:00,204.0,3er tercio lactancia
3007,2024-04-16 00:00:00,6067,7.7,,3.0,2023-12-22 00:00:00,116.0,2do tercio lactancia
3008,2024-04-16 00:00:00,5030,4.4,,1.0,2024-01-18 00:00:00,89.0,1er tercio lactancia
3009,2024-04-16 00:00:00,1095A,6.6,,2.0,2024-02-25 00:00:00,51.0,1er tercio lactancia
3010,2024-04-16 00:00:00,20334,7.0,,2.0,2024-02-10 00:00:00,66.0,1er tercio lactancia
3011,2024-04-16 00:00:00,6035,4.9,,2.0,2023-08-31 00:00:00,229.0,3er tercio lactancia
3012,2024-04-16 00:00:00,7033,2.5,,1.0,2023-07-21 00:00:00,270.0,3er tercio lactancia
3013,2024-04-16 00:00:00,9113,3.2,,1.0,2023-12-20 00:00:00,118.0,2do tercio lactancia
3014,2024-04-16 00:00:00,2171,8.6,,3.0,2023-12-28 00:00:00,110.0,2do tercio lactancia
3015,2024-04-16 00:00:00,1139A,2.7,,2.0,2023-12-28 00:00:00,110.0,2do tercio lactancia
3016,2024-04-16 00:00:00,0229,5.6,,1.0,2023-12-27 00:00:00,111.0,2do tercio lactancia
3017,2024-04-16 00:00:00,4087,5.1,,2.0,2023-09-20 00:00:00,209.0,3er tercio lactancia
3018,2024-04-16 00:00:00,8036,6.7,,2.0,2023-12-15 00:00:00,123.0,2do tercio lactancia
3019,2024-04-16 00:00:00,5033,2.8,,2.0,2023-09-30 00:00:00,199.0,3er tercio lactancia
3020,2024-04-16 00:00:00,5079,1.0,,1.0,2023-08-17 00:00:00,243.0,3er tercio lactancia
3021,2024-04-16 00:00:00,2079,3.0,,2.0,2024-03-16 00:00:00,31.0,1er tercio lactancia
3022,2024-04-16 00:00:00,0323,5.5,,1.0,2024-02-02 00:00:00,74.0,1er tercio lactancia
3023,2024-04-16 00:00:00,91262,7.6,,1.0,2023-12-10 00:00:00,128.0,2do tercio lactancia
3024,2024-04-16 00:00:00,1078A,2.3,,2.0,2023-11-30 00:00:00,138.0,2do tercio lactancia
3025,2024-04-16 00:00:00,0231A,5.2,,1.0,2024-01-30 00:00:00,77.0,1er tercio lactancia
3026,2024-04-16 00:00:00,2219,1.7,,2.0,2023-09-15 00:00:00,214.0,3er tercio lactancia
3027,2024-04-16 00:00:00,2133A,2.8,,2.0,2023-10-25 00:00:00,174.0,2do tercio lactancia
3028,2024-04-16 00:00:00,9020,2.4,,1.0,2023-09-20 00:00:00,209.0,3er tercio lactancia
3029,2024-04-16 00:00:00,0201,3.3,,1.0,2024-02-02 00:00:00,74.0,1er tercio lactancia
3030,2024-04-16 00:00:00,2196A,1.9,,2.0,2023-08-05 00:00:00,255.0,3er tercio lactancia
3031,2024-04-16 00:00:00,8096,4.8,,2.0,2023-12-28 00:00:00,110.0,2do tercio lactancia
3032,2024-04-16 00:00:00,8046,5.5,,1.0,2023-09-02 00:00:00,227.0,3er tercio lactancia
3033,2024-04-16 00:00:00,7007,2.1,,1.0,2023-09-05 00:00:00,224.0,3er tercio lactancia
3034,2024-04-16 00:00:00,3043,4.7,,2.0,2024-02-11 00:00:00,65.0,1er tercio lactancia
3035,2024-04-16 00:00:00,2021,5.9,,3.0,2023-11-27 00:00:00,141.0,2do tercio lactancia
3036,2024-04-16 00:00:00,5060,4.3,,1.0,2024-02-11 00:00:00,65.0,1er tercio lactancia
3037,2024-04-16 00:00:00,5679,1.4,,2.0,2023-09-28 00:00:00,201.0,3er tercio lactancia
3038,2024-04-16 00:00:00,4075,2.8,,1.0,2023-11-04 00:00:00,164.0,2do tercio lactancia
3039,2024-04-16 00:00:00,6043,5.4,,2.0,2023-12-18 00:00:00,120.0,2do tercio lactancia
3040,2024-04-16 00:00:00,0220,1.7,,1.0,2024-01-29 00:00:00,78.0,1er tercio lactancia
3041,2024-04-16 00:00:00,5010,1.7,,2.0,2023-11-01 00:00:00,167.0,2do tercio lactancia
3042,2024-04-16 00:00:00,0259,9.0,,1.0,2024-02-24 00:00:00,52.0,1er tercio lactancia
3043,2024-04-16 00:00:00,2226,3.9,,3.0,2023-09-28 00:00:00,201.0,3er tercio lactancia
3044,2024-04-16 00:00:00,3024A,3.9,,3.0,2023-09-02 00:00:00,227.0,3er tercio lactancia
3045,2024-04-16 00:00:00,7061,5.0,,1.0,2024-01-22 00:00:00,85.0,1er tercio lactancia
3046,2024-04-16 00:00:00,0278,5.7,,1.0,2024-02-22 00:00:00,54.0,1er tercio lactancia
3047,2024-04-16 00:00:00,9007,4.5,,1.0,2023-11-10 00:00:00,158.0,2do tercio lactancia
3048,2024-04-16 00:00:00,7032,2.5,,1.0,2023-12-18 00:00:00,120.0,2do tercio lactancia
3049,2024-04-16 00:00:00,2083,2.4,,2.0,2023-09-19 00:00:00,210.0,3er tercio lactancia
3050,2024-04-16 00:00:00,7077,7.4,,2.0,2024-03-16 00:00:00,31.0,1er tercio lactancia
3051,2024-04-16 00:00:00,2094A,3.0,,3.0,2023-09-28 00:00:00,201.0,3er tercio lactancia
3052,2024-04-16 00:00:00,2130,5.6,,3.0,2024-01-02 00:00:00,105.0,2do tercio lactancia
3053,2024-04-16 00:00:00,0333,5.0,,1.0,2024-02-02 00:00:00,74.0,1er tercio lactancia
3054,2024-04-16 00:00:00,0111,4.0,,1.0,2024-01-28 00:00:00,79.0,1er tercio lactancia
3055,2024-04-16 00:00:00,8076,6.5,,1.0,2023-12-11 00:00:00,127.0,2do tercio lactancia
3056,2024-04-16 00:00:00,9389,2.4,,1.0,2023-09-19 00:00:00,210.0,3er tercio lactancia
3057,2024-04-16 00:00:00,0233,2.8,,1.0,2024-03-11 00:00:00,36.0,1er tercio lactancia
3058,2024-04-16 00:00:00,0269,1.9,,1.0,2024-03-30 00:00:00,17.0,1er tercio lactancia
3059,2024-04-16 00:00:00,0327,1.0,,1.0,2024-03-23 00:00:00,24.0,1er tercio lactancia
3060,2024-04-16 00:00:00,0336,7.9,,1.0,2024-04-07 00:00:00,9.0,1er tercio lactancia
3061,2024-04-16 00:00:00,1004,6.6,,1.0,2024-03-04 00:00:00,43.0,1er tercio lactancia
3062,2024-04-16 00:00:00,30212,6.5,,1.0,2024-03-21 00:00:00,26.0,1er tercio lactancia
3063,2024-04-16 00:00:00,8006,4.3,,1.0,2024-03-14 00:00:00,33.0,1er tercio lactancia
3064,2024-04-16 00:00:00,8094,4.7,,2.0,2024-03-09 00:00:00,38.0,1er tercio lactancia
3065,2024-04-16 00:00:00,9006,5.4,,1.0,2024-03-10 00:00:00,37.0,1er tercio lactancia
3066,2024-04-16 00:00:00,9015,3.7,,1.0,2024-03-11 00:00:00,36.0,1er tercio lactancia
3067,2024-04-16 00:00:00,9037,5.2,,1.0,2024-03-18 00:00:00,29.0,1er tercio lactancia
3068,2024-04-16 00:00:00,9053,6.6,,1.0,2024-03-08 00:00:00,39.0,1er tercio lactancia
3069,2024-04-16 00:00:00,9091,3.7,,1.0,2024-03-30 00:00:00,17.0,1er tercio lactancia
3070,2024-04-16 00:00:00,9103,4.3,,1.0,2024-04-07 00:00:00,9.0,1er tercio lactancia
3071,2024-04-16 00:00:00,2180A,4.9,,3.0,2024-04-10 00:00:00,6.0,1er tercio lactancia
3072,2024-04-16 00:00:00,8030,3.7,,2.0,2024-04-09 00:00:00,8.0,1er tercio lactancia
3073,2024-04-29 00:00:00,8061,2.9,,1.0,2023-12-15 00:00:00,136.0,2do tercio lactancia
3074,2024-04-29 00:00:00,0298A,6.7,,1.0,2024-01-14 00:00:00,106.0,2do tercio lactancia
3075,2024-04-29 00:00:00,8037,7.5,,1.0,2024-02-26 00:00:00,63.0,1er tercio lactancia
3076,2024-04-29 00:00:00,8063,7.1,,3.0,2024-03-23 00:00:00,37.0,1er tercio lactancia
3077,2024-04-29 00:00:00,9058,6.5,,1.0,2023-12-31 00:00:00,120.0,2do tercio lactancia
3078,2024-04-29 00:00:00,9103,7.2,,1.0,2024-04-07 00:00:00,22.0,1er tercio lactancia
3079,2024-04-29 00:00:00,8030,6.6,,2.0,2024-04-09 00:00:00,20.0,1er tercio lactancia
3080,2024-04-29 00:00:00,0202,3.0,,1.0,2024-01-14 00:00:00,106.0,2do tercio lactancia
3081,2024-04-29 00:00:00,1066A,4.5,,3.0,2024-02-17 00:00:00,72.0,1er tercio lactancia
3082,2024-04-29 00:00:00,4035,7.8,,3.0,2024-02-14 00:00:00,75.0,1er tercio lactancia
3083,2024-04-29 00:00:00,4018,2.0,,2.0,2023-09-03 00:00:00,239.0,3er tercio lactancia
3084,2024-04-29 00:00:00,9076,6.2,,1.0,2024-02-18 00:00:00,71.0,1er tercio lactancia
3085,2024-04-29 00:00:00,2063A,2.6,,3.0,2023-09-03 00:00:00,239.0,3er tercio lactancia
3086,2024-04-29 00:00:00,0018,3.2,,1.0,2023-10-20 00:00:00,192.0,3er tercio lactancia
3087,2024-04-29 00:00:00,3119,3.0,,3.0,2023-10-10 00:00:00,202.0,3er tercio lactancia
3088,2024-04-29 00:00:00,0226,6.2,,1.0,2024-02-28 00:00:00,61.0,1er tercio lactancia
3089,2024-04-29 00:00:00,3132,5.0,,2.0,2023-12-25 00:00:00,126.0,2do tercio lactancia
3090,2024-04-29 00:00:00,0327,0.8,,1.0,2024-03-23 00:00:00,37.0,1er tercio lactancia
3091,2024-04-29 00:00:00,8062,4.6,,1.0,2023-12-24 00:00:00,127.0,2do tercio lactancia
3092,2024-04-29 00:00:00,1004,6.5,,1.0,2024-03-04 00:00:00,56.0,1er tercio lactancia
3093,2024-04-29 00:00:00,2148A,1.9,,2.0,2023-09-15 00:00:00,227.0,3er tercio lactancia
3094,2024-04-29 00:00:00,4095,6.8,,3.0,2024-02-08 00:00:00,81.0,1er tercio lactancia
3095,2024-04-29 00:00:00,91171,6.5,,1.0,2023-12-16 00:00:00,135.0,2do tercio lactancia
3096,2024-04-29 00:00:00,0132,6.1,,3.0,2023-12-12 00:00:00,139.0,2do tercio lactancia
3097,2024-04-29 00:00:00,5150,3.7,,2.0,2024-01-22 00:00:00,98.0,2do tercio lactancia
3098,2024-04-29 00:00:00,0332,5.0,,1.0,2024-01-15 00:00:00,105.0,2do tercio lactancia
3099,2024-04-29 00:00:00,91172,2.1,,1.0,2024-01-23 00:00:00,97.0,2do tercio lactancia
3100,2024-04-29 00:00:00,91242,7.0,,1.0,2024-01-07 00:00:00,113.0,2do tercio lactancia
3101,2024-04-29 00:00:00,2180A,7.2,,3.0,2024-04-10 00:00:00,19.0,1er tercio lactancia
3102,2024-04-29 00:00:00,8094,4.7,,2.0,2024-03-09 00:00:00,51.0,1er tercio lactancia
3103,2024-04-29 00:00:00,9037,4.8,,1.0,2024-03-18 00:00:00,42.0,1er tercio lactancia
3104,2024-04-29 00:00:00,9073,5.9,,1.0,2024-02-28 00:00:00,61.0,1er tercio lactancia
3105,2024-04-29 00:00:00,9091,6.1,,1.0,2024-03-30 00:00:00,30.0,1er tercio lactancia
3106,2024-04-29 00:00:00,0269,5.1,,1.0,2024-03-30 00:00:00,30.0,1er tercio lactancia
3107,2024-04-29 00:00:00,0329,5.9,,1.0,2024-02-22 00:00:00,67.0,1er tercio lactancia
3108,2024-04-29 00:00:00,30212,8.5,,1.0,2024-03-21 00:00:00,39.0,1er tercio lactancia
3109,2024-04-29 00:00:00,0338,6.0,,1.0,2023-12-13 00:00:00,138.0,2do tercio lactancia
3110,2024-04-29 00:00:00,8079,3.9,,2.0,2024-04-21 00:00:00,8.0,1er tercio lactancia
3111,2024-04-29 00:00:00,3750,8.4,,3.0,2024-04-06 00:00:00,23.0,1er tercio lactancia
3112,2024-04-29 00:00:00,34,7.0,,1.0,2024-02-14 00:00:00,75.0,1er tercio lactancia
3113,2024-04-29 00:00:00,2096,6.3,,3.0,2023-12-09 00:00:00,142.0,2do tercio lactancia
3114,2024-04-29 00:00:00,0284,5.1,,,,,
3115,2024-04-29 00:00:00,0740,4.8,,2.0,2023-10-04 00:00:00,208.0,3er tercio lactancia
3116,2024-04-29 00:00:00,9125,6.2,,1.0,2023-12-28 00:00:00,123.0,2do tercio lactancia
3117,2024-04-29 00:00:00,2090A,6.9,,2.0,2024-02-23 00:00:00,66.0,1er tercio lactancia
3118,2024-04-29 00:00:00,7022,6.6,,1.0,2023-12-26 00:00:00,125.0,2do tercio lactancia
3119,2024-04-29 00:00:00,EMB 2,3.6,,2.0,2024-01-14 00:00:00,106.0,2do tercio lactancia
3120,2024-04-29 00:00:00,9099,5.9,,1.0,2024-01-02 00:00:00,118.0,2do tercio lactancia
3121,2024-04-29 00:00:00,0272,6.1,,1.0,2023-12-11 00:00:00,140.0,2do tercio lactancia
3122,2024-04-29 00:00:00,3066B,2.8,,2.0,2023-09-19 00:00:00,223.0,3er tercio lactancia
3123,2024-04-29 00:00:00,19,4.6,,1.0,2024-03-03 00:00:00,57.0,1er tercio lactancia
3124,2024-04-29 00:00:00,0249,5.7,,1.0,2024-02-20 00:00:00,69.0,1er tercio lactancia
3125,2024-04-29 00:00:00,4025,3.1,,2.0,2023-12-12 00:00:00,139.0,2do tercio lactancia
3126,2024-04-29 00:00:00,3021A,3.2,,3.0,2023-10-24 00:00:00,188.0,3er tercio lactancia
3127,2024-04-29 00:00:00,2209A,7.7,,2.0,2023-12-25 00:00:00,126.0,2do tercio lactancia
3128,2024-04-29 00:00:00,7087,2.3,,2.0,2023-08-14 00:00:00,259.0,3er tercio lactancia
3129,2024-04-29 00:00:00,4A,3.3,,2.0,2024-01-09 00:00:00,111.0,2do tercio lactancia
3130,2024-04-29 00:00:00,0322,5.0,,1.0,2024-02-24 00:00:00,65.0,1er tercio lactancia
3131,2024-04-29 00:00:00,2208A,5.0,,2.0,2023-09-15 00:00:00,227.0,3er tercio lactancia
3132,2024-04-29 00:00:00,5052,5.3,,2.0,2024-04-17 00:00:00,12.0,1er tercio lactancia
3133,2024-04-29 00:00:00,5007,5.2,,1.0,2024-01-22 00:00:00,98.0,2do tercio lactancia
3134,2024-04-29 00:00:00,7083,4.5,,2.0,2023-09-25 00:00:00,217.0,3er tercio lactancia
3135,2024-04-29 00:00:00,6067,7.7,,3.0,2023-12-22 00:00:00,129.0,2do tercio lactancia
3136,2024-04-29 00:00:00,5030,8.2,,1.0,2024-01-18 00:00:00,102.0,2do tercio lactancia
3137,2024-04-29 00:00:00,1095A,9.3,,2.0,2024-02-25 00:00:00,64.0,1er tercio lactancia
3138,2024-04-29 00:00:00,20334,6.5,,2.0,2024-02-10 00:00:00,79.0,1er tercio lactancia
3139,2024-04-29 00:00:00,8006,2.3,,1.0,2024-03-14 00:00:00,46.0,1er tercio lactancia
3140,2024-04-29 00:00:00,6035,5.2,,2.0,2023-08-31 00:00:00,242.0,3er tercio lactancia
3141,2024-04-29 00:00:00,7033,3.9,,1.0,2023-07-21 00:00:00,283.0,3er tercio lactancia
3142,2024-04-29 00:00:00,9113,3.6,,1.0,2023-12-20 00:00:00,131.0,2do tercio lactancia
3143,2024-04-29 00:00:00,2171,8.5,,3.0,2023-12-28 00:00:00,123.0,2do tercio lactancia
3144,2024-04-29 00:00:00,1139A,3.2,,2.0,2023-12-28 00:00:00,123.0,2do tercio lactancia
3145,2024-04-29 00:00:00,0229,6.6,,1.0,2023-12-27 00:00:00,124.0,2do tercio lactancia
3146,2024-04-29 00:00:00,4087,4.5,,2.0,2023-09-20 00:00:00,222.0,3er tercio lactancia
3147,2024-04-29 00:00:00,8036,5.5,,2.0,2023-12-15 00:00:00,136.0,2do tercio lactancia
3148,2024-04-29 00:00:00,5033,3.0,,2.0,2023-09-30 00:00:00,212.0,3er tercio lactancia
3149,2024-04-29 00:00:00,0323,6.0,,1.0,2024-02-02 00:00:00,87.0,1er tercio lactancia
3150,2024-04-29 00:00:00,91262,8.0,,1.0,2023-12-10 00:00:00,141.0,2do tercio lactancia
3151,2024-04-29 00:00:00,1078A,2.3,,2.0,2023-11-30 00:00:00,151.0,2do tercio lactancia
3152,2024-04-29 00:00:00,0231A,4.7,,1.0,2024-01-30 00:00:00,90.0,1er tercio lactancia
3153,2024-04-29 00:00:00,2219,1.8,,2.0,2023-09-15 00:00:00,227.0,3er tercio lactancia
3154,2024-04-29 00:00:00,2133A,3.6,,2.0,2023-10-25 00:00:00,187.0,3er tercio lactancia
3155,2024-04-29 00:00:00,9020,3.5,,1.0,2023-09-20 00:00:00,222.0,3er tercio lactancia
3156,2024-04-29 00:00:00,0201,7.2,,1.0,2024-02-02 00:00:00,87.0,1er tercio lactancia
3157,2024-04-29 00:00:00,9006,5.5,,1.0,2024-03-10 00:00:00,50.0,1er tercio lactancia
3158,2024-04-29 00:00:00,8096,5.0,,2.0,2023-12-28 00:00:00,123.0,2do tercio lactancia
3159,2024-04-29 00:00:00,8046,5.0,,1.0,2023-09-02 00:00:00,240.0,3er tercio lactancia
3160,2024-04-29 00:00:00,7007,2.4,,1.0,2023-09-05 00:00:00,237.0,3er tercio lactancia
3161,2024-04-29 00:00:00,3043,6.2,,2.0,2024-02-11 00:00:00,78.0,1er tercio lactancia
3162,2024-04-29 00:00:00,2021,5.3,,3.0,2023-11-27 00:00:00,154.0,2do tercio lactancia
3163,2024-04-29 00:00:00,5060,4.2,,1.0,2024-02-11 00:00:00,78.0,1er tercio lactancia
3164,2024-04-29 00:00:00,9015,6.8,,1.0,2024-03-11 00:00:00,49.0,1er tercio lactancia
3165,2024-04-29 00:00:00,6043,6.1,,2.0,2023-12-18 00:00:00,133.0,2do tercio lactancia
3166,2024-04-29 00:00:00,0220,2.4,,1.0,2024-01-29 00:00:00,91.0,2do tercio lactancia
3167,2024-04-29 00:00:00,5010,2.4,,2.0,2023-11-01 00:00:00,180.0,2do tercio lactancia
3168,2024-04-29 00:00:00,0259,9.0,,1.0,2024-02-24 00:00:00,65.0,1er tercio lactancia
3169,2024-04-29 00:00:00,2226,4.1,,3.0,2023-09-28 00:00:00,214.0,3er tercio lactancia
3170,2024-04-29 00:00:00,3024A,4.6,,3.0,2023-09-02 00:00:00,240.0,3er tercio lactancia
3171,2024-04-29 00:00:00,7061,6.5,,1.0,2024-01-22 00:00:00,98.0,2do tercio lactancia
3172,2024-04-29 00:00:00,0278,6.7,,1.0,2024-02-22 00:00:00,67.0,1er tercio lactancia
3173,2024-04-29 00:00:00,9007,5.4,,1.0,2023-11-10 00:00:00,171.0,2do tercio lactancia
3174,2024-04-29 00:00:00,2083,2.7,,2.0,2023-09-19 00:00:00,223.0,3er tercio lactancia
3175,2024-04-29 00:00:00,3107,6.4,,3.0,2024-04-21 00:00:00,8.0,1er tercio lactancia
3176,2024-04-29 00:00:00,7077,8.8,,2.0,2024-03-16 00:00:00,44.0,1er tercio lactancia
3177,2024-04-29 00:00:00,9053,7.5,,1.0,2024-03-08 00:00:00,52.0,1er tercio lactancia
3178,2024-04-29 00:00:00,2094A,2.7,,3.0,2023-09-28 00:00:00,214.0,3er tercio lactancia
3179,2024-04-29 00:00:00,2130,4.8,,3.0,2024-01-02 00:00:00,118.0,2do tercio lactancia
3180,2024-04-29 00:00:00,0333,5.6,,1.0,2024-02-02 00:00:00,87.0,1er tercio lactancia
3181,2024-04-29 00:00:00,0111,5.1,,1.0,2024-01-28 00:00:00,92.0,2do tercio lactancia
3182,2024-04-29 00:00:00,8076,7.2,,1.0,2023-12-11 00:00:00,140.0,2do tercio lactancia
3183,2024-04-29 00:00:00,9389,2.4,,1.0,2023-09-19 00:00:00,223.0,3er tercio lactancia
3184,2024-04-29 00:00:00,0233,2.4,,1.0,2024-03-11 00:00:00,49.0,1er tercio lactancia
3185,2024-04-29 00:00:00,0241,9.6,,1.0,2024-04-14 00:00:00,15.0,1er tercio lactancia
3186,2024-04-29 00:00:00,0336,7.1,,1.0,2024-04-07 00:00:00,22.0,1er tercio lactancia
3305,2024-05-20 00:00:00,8061,3.4,,1.0,2023-12-15 00:00:00,157.0,2do tercio lactancia
3306,2024-05-20 00:00:00,0298A,5.9,,1.0,2024-01-14 00:00:00,127.0,2do tercio lactancia
3307,2024-05-20 00:00:00,8037,5.8,,1.0,2024-02-26 00:00:00,84.0,1er tercio lactancia
3308,2024-05-20 00:00:00,8063,6.8,,3.0,2024-03-23 00:00:00,58.0,1er tercio lactancia
3309,2024-05-20 00:00:00,9058,6.4,,1.0,2023-12-31 00:00:00,141.0,2do tercio lactancia
3310,2024-05-20 00:00:00,6011,3.5,,2.0,2024-05-10 00:00:00,10.0,1er tercio lactancia
3311,2024-05-20 00:00:00,9103,7.5,,1.0,2024-04-07 00:00:00,43.0,1er tercio lactancia
3312,2024-05-20 00:00:00,8030,5.7,,2.0,2024-04-09 00:00:00,41.0,1er tercio lactancia
3313,2024-05-20 00:00:00,0202,3.6,,1.0,2024-01-14 00:00:00,127.0,2do tercio lactancia
3314,2024-05-20 00:00:00,1066A,3.4,,3.0,2024-02-17 00:00:00,93.0,2do tercio lactancia
3315,2024-05-20 00:00:00,4035,8.5,,3.0,2024-02-14 00:00:00,96.0,2do tercio lactancia
3316,2024-05-20 00:00:00,2080,5.8,,3.0,2024-05-13 00:00:00,7.0,1er tercio lactancia
3317,2024-05-20 00:00:00,9076,6.7,,1.0,2024-02-18 00:00:00,92.0,2do tercio lactancia
3318,2024-05-20 00:00:00,0018,3.3,,1.0,2023-10-20 00:00:00,213.0,3er tercio lactancia
3319,2024-05-20 00:00:00,3119,2.6,,3.0,2023-10-10 00:00:00,223.0,3er tercio lactancia
3320,2024-05-20 00:00:00,0226,6.7,,1.0,2024-02-28 00:00:00,82.0,1er tercio lactancia
3321,2024-05-20 00:00:00,3132,4.8,,2.0,2023-12-25 00:00:00,147.0,2do tercio lactancia
3322,2024-05-20 00:00:00,8062,5.7,,1.0,2023-12-24 00:00:00,148.0,2do tercio lactancia
3323,2024-05-20 00:00:00,1004,6.3,,1.0,2024-03-04 00:00:00,77.0,1er tercio lactancia
3324,2024-05-20 00:00:00,4095,6.3,,3.0,2024-02-08 00:00:00,102.0,2do tercio lactancia
3325,2024-05-20 00:00:00,91171,6.2,,1.0,2023-12-16 00:00:00,156.0,2do tercio lactancia
3326,2024-05-20 00:00:00,0132,5.9,,3.0,2023-12-12 00:00:00,160.0,2do tercio lactancia
3327,2024-05-20 00:00:00,5150,3.2,,2.0,2024-01-22 00:00:00,119.0,2do tercio lactancia
3328,2024-05-20 00:00:00,0332,5.4,,1.0,2024-01-15 00:00:00,126.0,2do tercio lactancia
3329,2024-05-20 00:00:00,91172,2.33,,1.0,2024-01-23 00:00:00,118.0,2do tercio lactancia
3330,2024-05-20 00:00:00,91242,6.0,,1.0,2024-01-07 00:00:00,134.0,2do tercio lactancia
3331,2024-05-20 00:00:00,2180A,10.6,,3.0,2024-04-10 00:00:00,40.0,1er tercio lactancia
3332,2024-05-20 00:00:00,8094,3.8,,2.0,2024-03-09 00:00:00,72.0,1er tercio lactancia
3333,2024-05-20 00:00:00,9037,6.3,,1.0,2024-03-18 00:00:00,63.0,1er tercio lactancia
3334,2024-05-20 00:00:00,9073,5.2,,1.0,2024-02-28 00:00:00,82.0,1er tercio lactancia
3335,2024-05-20 00:00:00,9091,6.7,,1.0,2024-03-30 00:00:00,51.0,1er tercio lactancia
3336,2024-05-20 00:00:00,80882,6.5,,2.0,2024-05-12 00:00:00,8.0,1er tercio lactancia
3337,2024-05-20 00:00:00,0233,3.3,,1.0,2024-03-11 00:00:00,70.0,1er tercio lactancia
3338,2024-05-20 00:00:00,0269,1.9,,1.0,2024-03-30 00:00:00,51.0,1er tercio lactancia
3339,2024-05-20 00:00:00,0329,4.7,,1.0,2024-02-22 00:00:00,88.0,1er tercio lactancia
3340,2024-05-20 00:00:00,30212,8.2,,1.0,2024-03-21 00:00:00,60.0,1er tercio lactancia
3341,2024-05-20 00:00:00,0241,9.7,,1.0,2024-04-14 00:00:00,36.0,1er tercio lactancia
3342,2024-05-20 00:00:00,0338,5.9,,1.0,2023-12-13 00:00:00,159.0,2do tercio lactancia
3343,2024-05-20 00:00:00,8079,6.2,,2.0,2024-04-21 00:00:00,29.0,1er tercio lactancia
3344,2024-05-20 00:00:00,3750,9.5,,3.0,2024-04-06 00:00:00,44.0,1er tercio lactancia
3345,2024-05-20 00:00:00,34,7.6,,1.0,2024-02-14 00:00:00,96.0,2do tercio lactancia
3346,2024-05-20 00:00:00,2096,6.5,,3.0,2023-12-09 00:00:00,163.0,2do tercio lactancia
3347,2024-05-20 00:00:00,0284,4.3,,,,,
3348,2024-05-20 00:00:00,0740,4.1,,2.0,2023-10-04 00:00:00,229.0,3er tercio lactancia
3349,2024-05-20 00:00:00,1091A,5.3,,2.0,2024-05-14 00:00:00,6.0,1er tercio lactancia
3350,2024-05-20 00:00:00,9125,6.5,,1.0,2023-12-28 00:00:00,144.0,2do tercio lactancia
3351,2024-05-20 00:00:00,2090A,6.3,,2.0,2024-02-23 00:00:00,87.0,1er tercio lactancia
3352,2024-05-20 00:00:00,7022,6.3,,1.0,2023-12-26 00:00:00,146.0,2do tercio lactancia
3353,2024-05-20 00:00:00,EMB 2,3.9,,2.0,2024-01-14 00:00:00,127.0,2do tercio lactancia
3354,2024-05-20 00:00:00,9099,5.5,,1.0,2024-01-02 00:00:00,139.0,2do tercio lactancia
3355,2024-05-20 00:00:00,0272,6.0,,1.0,2023-12-11 00:00:00,161.0,2do tercio lactancia
3356,2024-05-20 00:00:00,3066B,2.4,,2.0,2023-09-19 00:00:00,244.0,3er tercio lactancia
3357,2024-05-20 00:00:00,19,3.8,,1.0,2024-03-03 00:00:00,78.0,1er tercio lactancia
3358,2024-05-20 00:00:00,0249,7.8,,1.0,2024-02-20 00:00:00,90.0,1er tercio lactancia
3359,2024-05-20 00:00:00,4025,3.4,,2.0,2023-12-12 00:00:00,160.0,2do tercio lactancia
3360,2024-05-20 00:00:00,3021A,4.6,,3.0,2023-10-24 00:00:00,209.0,3er tercio lactancia
3361,2024-05-20 00:00:00,2209A,8.8,,2.0,2023-12-25 00:00:00,147.0,2do tercio lactancia
3362,2024-05-20 00:00:00,7017,6.7,,2.0,2024-05-15 00:00:00,5.0,1er tercio lactancia
3363,2024-05-20 00:00:00,2047,5.0,,3.0,2024-05-10 00:00:00,10.0,1er tercio lactancia
3364,2024-05-20 00:00:00,7087,3.2,,2.0,2023-08-14 00:00:00,280.0,3er tercio lactancia
3365,2024-05-20 00:00:00,0336,5.2,,1.0,2024-04-07 00:00:00,43.0,1er tercio lactancia
3366,2024-05-20 00:00:00,4A,2.5,,2.0,2024-01-09 00:00:00,132.0,2do tercio lactancia
3367,2024-05-20 00:00:00,0322,5.6,,1.0,2024-02-24 00:00:00,86.0,1er tercio lactancia
3368,2024-05-20 00:00:00,2208A,4.9,,2.0,2023-09-15 00:00:00,248.0,3er tercio lactancia
3369,2024-05-20 00:00:00,5052,7.2,,2.0,2024-04-17 00:00:00,33.0,1er tercio lactancia
3370,2024-05-20 00:00:00,5007,5.4,,1.0,2024-01-22 00:00:00,119.0,2do tercio lactancia
3371,2024-05-20 00:00:00,7083,3.3,,2.0,2023-09-25 00:00:00,238.0,3er tercio lactancia
3372,2024-05-20 00:00:00,6067,8.3,,3.0,2023-12-22 00:00:00,150.0,2do tercio lactancia
3373,2024-05-20 00:00:00,5030,7.8,,1.0,2024-01-18 00:00:00,123.0,2do tercio lactancia
3374,2024-05-20 00:00:00,1095A,7.9,,2.0,2024-02-25 00:00:00,85.0,1er tercio lactancia
3375,2024-05-20 00:00:00,20334,5.6,,2.0,2024-02-10 00:00:00,100.0,2do tercio lactancia
3376,2024-05-20 00:00:00,8006,4.8,,1.0,2024-03-14 00:00:00,67.0,1er tercio lactancia
3377,2024-05-20 00:00:00,6035,5.2,,2.0,2023-08-31 00:00:00,263.0,3er tercio lactancia
3378,2024-05-20 00:00:00,7033,3.8,,1.0,2023-07-21 00:00:00,304.0,3er tercio lactancia
3379,2024-05-20 00:00:00,9113,1.8,,1.0,2023-12-20 00:00:00,152.0,2do tercio lactancia
3380,2024-05-20 00:00:00,2171,6.5,,3.0,2023-12-28 00:00:00,144.0,2do tercio lactancia
3381,2024-05-20 00:00:00,2073,6.4,,3.0,2024-05-09 00:00:00,11.0,1er tercio lactancia
3382,2024-05-20 00:00:00,1139A,3.5,,2.0,2023-12-28 00:00:00,144.0,2do tercio lactancia
3383,2024-05-20 00:00:00,0229,6.4,,1.0,2023-12-27 00:00:00,145.0,2do tercio lactancia
3384,2024-05-20 00:00:00,4087,2.8,,2.0,2023-09-20 00:00:00,243.0,3er tercio lactancia
3385,2024-05-20 00:00:00,8036,6.2,,2.0,2023-12-15 00:00:00,157.0,2do tercio lactancia
3386,2024-05-20 00:00:00,5033,2.6,,2.0,2023-09-30 00:00:00,233.0,3er tercio lactancia
3387,2024-05-20 00:00:00,0323,5.8,,1.0,2024-02-02 00:00:00,108.0,2do tercio lactancia
3388,2024-05-20 00:00:00,91262,7.3,,1.0,2023-12-10 00:00:00,162.0,2do tercio lactancia
3389,2024-05-20 00:00:00,1078A,1.7,,2.0,2023-11-30 00:00:00,172.0,2do tercio lactancia
3390,2024-05-20 00:00:00,0231A,5.0,,1.0,2024-01-30 00:00:00,111.0,2do tercio lactancia
3391,2024-05-20 00:00:00,2133A,4.1,,2.0,2023-10-25 00:00:00,208.0,3er tercio lactancia
3392,2024-05-20 00:00:00,9020,3.1,,1.0,2023-09-20 00:00:00,243.0,3er tercio lactancia
3393,2024-05-20 00:00:00,0201,8.1,,1.0,2024-02-02 00:00:00,108.0,2do tercio lactancia
3394,2024-05-20 00:00:00,9006,5.7,,1.0,2024-03-10 00:00:00,71.0,1er tercio lactancia
3395,2024-05-20 00:00:00,8096,5.4,,2.0,2023-12-28 00:00:00,144.0,2do tercio lactancia
3396,2024-05-20 00:00:00,7007,2.8,,1.0,2023-09-05 00:00:00,258.0,3er tercio lactancia
3397,2024-05-20 00:00:00,3043,6.1,,2.0,2024-02-11 00:00:00,99.0,2do tercio lactancia
3398,2024-05-20 00:00:00,2021,4.4,,3.0,2023-11-27 00:00:00,175.0,2do tercio lactancia
3399,2024-05-20 00:00:00,5060,5.7,,1.0,2024-02-11 00:00:00,99.0,2do tercio lactancia
3400,2024-05-20 00:00:00,9015,5.1,,1.0,2024-03-11 00:00:00,70.0,1er tercio lactancia
3401,2024-05-20 00:00:00,4075,1.9,,1.0,2023-11-04 00:00:00,198.0,3er tercio lactancia
3402,2024-05-20 00:00:00,6043,5.5,,2.0,2023-12-18 00:00:00,154.0,2do tercio lactancia
3403,2024-05-20 00:00:00,0220,2.1,,1.0,2024-01-29 00:00:00,112.0,2do tercio lactancia
3404,2024-05-20 00:00:00,5010,2.6,,2.0,2023-11-01 00:00:00,201.0,3er tercio lactancia
3405,2024-05-20 00:00:00,0259,8.6,,1.0,2024-02-24 00:00:00,86.0,1er tercio lactancia
3406,2024-05-20 00:00:00,2226,4.1,,3.0,2023-09-28 00:00:00,235.0,3er tercio lactancia
3407,2024-05-20 00:00:00,3024A,4.0,,3.0,2023-09-02 00:00:00,261.0,3er tercio lactancia
3408,2024-05-20 00:00:00,7061,5.4,,1.0,2024-01-22 00:00:00,119.0,2do tercio lactancia
3409,2024-05-20 00:00:00,0278,5.9,,1.0,2024-02-22 00:00:00,88.0,1er tercio lactancia
3410,2024-05-20 00:00:00,9007,5.2,,1.0,2023-11-10 00:00:00,192.0,3er tercio lactancia
3411,2024-05-20 00:00:00,2083,2.2,,2.0,2023-09-19 00:00:00,244.0,3er tercio lactancia
3412,2024-05-20 00:00:00,3107,6.2,,3.0,2024-04-21 00:00:00,29.0,1er tercio lactancia
3413,2024-05-20 00:00:00,7077,7.1,,2.0,2024-03-16 00:00:00,65.0,1er tercio lactancia
3414,2024-05-20 00:00:00,9053,6.3,,1.0,2024-03-08 00:00:00,73.0,1er tercio lactancia
3415,2024-05-20 00:00:00,2094A,0.3,,3.0,2023-09-28 00:00:00,235.0,3er tercio lactancia
3416,2024-05-20 00:00:00,2130,5.9,,3.0,2024-01-02 00:00:00,139.0,2do tercio lactancia
3417,2024-05-20 00:00:00,0333,6.4,,1.0,2024-02-02 00:00:00,108.0,2do tercio lactancia
3418,2024-05-20 00:00:00,0111,5.6,,1.0,2024-01-28 00:00:00,113.0,2do tercio lactancia
3419,2024-05-20 00:00:00,8076,5.6,,1.0,2023-12-11 00:00:00,161.0,2do tercio lactancia
3420,2024-05-20 00:00:00,9389,2.4,,1.0,2023-09-19 00:00:00,244.0,3er tercio lactancia
3421,2024-05-20 00:00:00,4141,1.7,,2.0,2024-05-17 00:00:00,3.0,1er tercio lactancia
3422,2024-05-20 00:00:00,80121,6.9,,2.0,2024-05-09 00:00:00,11.0,1er tercio lactancia
3423,2024-06-03 00:00:00,8061,3.6,,1.0,2023-12-15 00:00:00,171.0,2do tercio lactancia
3424,2024-06-03 00:00:00,0298A,5.7,,1.0,2024-01-14 00:00:00,141.0,2do tercio lactancia
3425,2024-06-03 00:00:00,8037,4.6,,1.0,2024-02-26 00:00:00,98.0,2do tercio lactancia
3426,2024-06-03 00:00:00,8063,7.2,,3.0,2024-03-23 00:00:00,72.0,1er tercio lactancia
3427,2024-06-03 00:00:00,5076,4.8,,2.0,2024-05-20 00:00:00,14.0,1er tercio lactancia
3428,2024-06-03 00:00:00,9058,5.4,,1.0,2023-12-31 00:00:00,155.0,2do tercio lactancia
3429,2024-06-03 00:00:00,6011,3.9,,2.0,2024-05-10 00:00:00,24.0,1er tercio lactancia
3430,2024-06-03 00:00:00,9103,5.9,,1.0,2024-04-07 00:00:00,57.0,1er tercio lactancia
3431,2024-06-03 00:00:00,8030,4.7,,2.0,2024-04-09 00:00:00,55.0,1er tercio lactancia
3432,2024-06-03 00:00:00,0202,2.4,,1.0,2024-01-14 00:00:00,141.0,2do tercio lactancia
3433,2024-06-03 00:00:00,1066A,3.6,,3.0,2024-02-17 00:00:00,107.0,2do tercio lactancia
3434,2024-06-03 00:00:00,4035,8.1,,3.0,2024-02-14 00:00:00,110.0,2do tercio lactancia
3435,2024-06-03 00:00:00,2080,9.4,,3.0,2024-05-13 00:00:00,21.0,1er tercio lactancia
3436,2024-06-03 00:00:00,9076,5.4,,1.0,2024-02-18 00:00:00,106.0,2do tercio lactancia
3437,2024-06-03 00:00:00,80272,4.1,,2.0,2024-05-26 00:00:00,8.0,1er tercio lactancia
3438,2024-06-03 00:00:00,0018,3.0,,1.0,2023-10-20 00:00:00,227.0,3er tercio lactancia
3439,2024-06-03 00:00:00,3119,2.3,,3.0,2023-10-10 00:00:00,237.0,3er tercio lactancia
3440,2024-06-03 00:00:00,0226,6.7,,1.0,2024-02-28 00:00:00,96.0,2do tercio lactancia
3441,2024-06-03 00:00:00,3132,3.1,,2.0,2023-12-25 00:00:00,161.0,2do tercio lactancia
3442,2024-06-03 00:00:00,8062,5.1,,1.0,2023-12-24 00:00:00,162.0,2do tercio lactancia
3443,2024-06-03 00:00:00,1004,6.8,,1.0,2024-03-04 00:00:00,91.0,2do tercio lactancia
3444,2024-06-03 00:00:00,4095,6.3,,3.0,2024-02-08 00:00:00,116.0,2do tercio lactancia
3445,2024-06-03 00:00:00,91171,4.7,,1.0,2023-12-16 00:00:00,170.0,2do tercio lactancia
3446,2024-06-03 00:00:00,0132,5.8,,3.0,2023-12-12 00:00:00,174.0,2do tercio lactancia
3447,2024-06-03 00:00:00,5150,3.3,,2.0,2024-01-22 00:00:00,133.0,2do tercio lactancia
3448,2024-06-03 00:00:00,0332,3.9,,1.0,2024-01-15 00:00:00,140.0,2do tercio lactancia
3449,2024-06-03 00:00:00,91242,6.1,,1.0,2024-01-07 00:00:00,148.0,2do tercio lactancia
3450,2024-06-03 00:00:00,2180A,9.2,,3.0,2024-04-10 00:00:00,54.0,1er tercio lactancia
3451,2024-06-03 00:00:00,8094,3.7,,2.0,2024-03-09 00:00:00,86.0,1er tercio lactancia
3452,2024-06-03 00:00:00,9037,5.3,,1.0,2024-03-18 00:00:00,77.0,1er tercio lactancia
3453,2024-06-03 00:00:00,7059,8.2,,2.0,2024-05-21 00:00:00,13.0,1er tercio lactancia
3454,2024-06-03 00:00:00,7028,6.4,,3.0,2024-05-19 00:00:00,15.0,1er tercio lactancia
3455,2024-06-03 00:00:00,9073,5.6,,1.0,2024-02-28 00:00:00,96.0,2do tercio lactancia
3456,2024-06-03 00:00:00,9091,5.1,,1.0,2024-03-30 00:00:00,65.0,1er tercio lactancia
3457,2024-06-03 00:00:00,3027A,3.1,,2.0,2024-05-14 00:00:00,20.0,1er tercio lactancia
3458,2024-06-03 00:00:00,80882,8.0,,2.0,2024-05-12 00:00:00,22.0,1er tercio lactancia
3459,2024-06-03 00:00:00,809,4.7,,2.0,2024-05-29 00:00:00,5.0,1er tercio lactancia
3460,2024-06-03 00:00:00,0233,3.9,,1.0,2024-03-11 00:00:00,84.0,1er tercio lactancia
3461,2024-06-03 00:00:00,0329,5.3,,1.0,2024-02-22 00:00:00,102.0,2do tercio lactancia
3462,2024-06-03 00:00:00,30212,8.3,,1.0,2024-03-21 00:00:00,74.0,1er tercio lactancia
3463,2024-06-03 00:00:00,0241,10.8,,1.0,2024-04-14 00:00:00,50.0,1er tercio lactancia
3464,2024-06-03 00:00:00,0338,4.9,,1.0,2023-12-13 00:00:00,173.0,2do tercio lactancia
3465,2024-06-03 00:00:00,8079,5.3,,2.0,2024-04-21 00:00:00,43.0,1er tercio lactancia
3466,2024-06-03 00:00:00,3750,8.9,,3.0,2024-04-06 00:00:00,58.0,1er tercio lactancia
3467,2024-06-03 00:00:00,34,6.5,,1.0,2024-02-14 00:00:00,110.0,2do tercio lactancia
3468,2024-06-03 00:00:00,2050,6.0,,3.0,2024-05-25 00:00:00,9.0,1er tercio lactancia
3469,2024-06-03 00:00:00,2096,4.6,,3.0,2023-12-09 00:00:00,177.0,2do tercio lactancia
3470,2024-06-03 00:00:00,0284,3.9,,,,,
3471,2024-06-03 00:00:00,0740,2.9,,2.0,2023-10-04 00:00:00,243.0,3er tercio lactancia
3472,2024-06-03 00:00:00,1091A,6.7,,2.0,2024-05-14 00:00:00,20.0,1er tercio lactancia
3473,2024-06-03 00:00:00,9125,5.6,,1.0,2023-12-28 00:00:00,158.0,2do tercio lactancia
3474,2024-06-03 00:00:00,2090A,7.7,,2.0,2024-02-23 00:00:00,101.0,2do tercio lactancia
3475,2024-06-03 00:00:00,7022,4.9,,1.0,2023-12-26 00:00:00,160.0,2do tercio lactancia
3476,2024-06-03 00:00:00,9099,5.0,,1.0,2024-01-02 00:00:00,153.0,2do tercio lactancia
3477,2024-06-03 00:00:00,0272,5.6,,1.0,2023-12-11 00:00:00,175.0,2do tercio lactancia
3478,2024-06-03 00:00:00,19,2.7,,1.0,2024-03-03 00:00:00,92.0,2do tercio lactancia
3479,2024-06-03 00:00:00,80121,7.2,,2.0,2024-05-09 00:00:00,25.0,1er tercio lactancia
3480,2024-06-03 00:00:00,0249,6.3,,1.0,2024-02-20 00:00:00,104.0,2do tercio lactancia
3481,2024-06-03 00:00:00,4025,3.0,,2.0,2023-12-12 00:00:00,174.0,2do tercio lactancia
3482,2024-06-03 00:00:00,3021A,4.6,,3.0,2023-10-24 00:00:00,223.0,3er tercio lactancia
3483,2024-06-03 00:00:00,2209A,7.4,,2.0,2023-12-25 00:00:00,161.0,2do tercio lactancia
3484,2024-06-03 00:00:00,7017,6.4,,2.0,2024-05-15 00:00:00,19.0,1er tercio lactancia
3485,2024-06-03 00:00:00,2047,5.0,,3.0,2024-05-10 00:00:00,24.0,1er tercio lactancia
3486,2024-06-03 00:00:00,7087,2.7,,2.0,2023-08-14 00:00:00,294.0,3er tercio lactancia
3487,2024-06-03 00:00:00,0336,7.6,,1.0,2024-04-07 00:00:00,57.0,1er tercio lactancia
3488,2024-06-03 00:00:00,4A,2.4,,2.0,2024-01-09 00:00:00,146.0,2do tercio lactancia
3489,2024-06-03 00:00:00,0322,5.3,,1.0,2024-02-24 00:00:00,100.0,2do tercio lactancia
3490,2024-06-03 00:00:00,2208A,3.4,,2.0,2023-09-15 00:00:00,262.0,3er tercio lactancia
3491,2024-06-03 00:00:00,5052,8.1,,2.0,2024-04-17 00:00:00,47.0,1er tercio lactancia
3492,2024-06-03 00:00:00,5007,5.5,,1.0,2024-01-22 00:00:00,133.0,2do tercio lactancia
3493,2024-06-03 00:00:00,7083,3.8,,2.0,2023-09-25 00:00:00,252.0,3er tercio lactancia
3494,2024-06-03 00:00:00,6067,6.7,,3.0,2023-12-22 00:00:00,164.0,2do tercio lactancia
3495,2024-06-03 00:00:00,5030,5.8,,1.0,2024-01-18 00:00:00,137.0,2do tercio lactancia
3496,2024-06-03 00:00:00,1095A,7.3,,2.0,2024-02-25 00:00:00,99.0,2do tercio lactancia
3497,2024-06-03 00:00:00,20334,5.4,,2.0,2024-02-10 00:00:00,114.0,2do tercio lactancia
3498,2024-06-03 00:00:00,8006,3.6,,1.0,2024-03-14 00:00:00,81.0,1er tercio lactancia
3499,2024-06-03 00:00:00,6035,4.9,,2.0,2023-08-31 00:00:00,277.0,3er tercio lactancia
3500,2024-06-03 00:00:00,2171,7.3,,3.0,2023-12-28 00:00:00,158.0,2do tercio lactancia
3501,2024-06-03 00:00:00,2073,8.3,,3.0,2024-05-09 00:00:00,25.0,1er tercio lactancia
3502,2024-06-03 00:00:00,1139A,1.6,,2.0,2023-12-28 00:00:00,158.0,2do tercio lactancia
3503,2024-06-03 00:00:00,0229,5.6,,1.0,2023-12-27 00:00:00,159.0,2do tercio lactancia
3504,2024-06-03 00:00:00,4087,2.2,,2.0,2023-09-20 00:00:00,257.0,3er tercio lactancia
3505,2024-06-03 00:00:00,8036,6.1,,2.0,2023-12-15 00:00:00,171.0,2do tercio lactancia
3506,2024-06-03 00:00:00,5033,2.7,,2.0,2023-09-30 00:00:00,247.0,3er tercio lactancia
3507,2024-06-03 00:00:00,0323,6.4,,1.0,2024-02-02 00:00:00,122.0,2do tercio lactancia
3508,2024-06-03 00:00:00,91262,7.7,,1.0,2023-12-10 00:00:00,176.0,2do tercio lactancia
3509,2024-06-03 00:00:00,0231A,4.1,,1.0,2024-01-30 00:00:00,125.0,2do tercio lactancia
3510,2024-06-03 00:00:00,2133A,3.4,,2.0,2023-10-25 00:00:00,222.0,3er tercio lactancia
3511,2024-06-03 00:00:00,9020,2.7,,1.0,2023-09-20 00:00:00,257.0,3er tercio lactancia
3512,2024-06-03 00:00:00,0201,5.6,,1.0,2024-02-02 00:00:00,122.0,2do tercio lactancia
3513,2024-06-03 00:00:00,9006,5.5,,1.0,2024-03-10 00:00:00,85.0,1er tercio lactancia
3514,2024-06-03 00:00:00,8096,4.2,,2.0,2023-12-28 00:00:00,158.0,2do tercio lactancia
3515,2024-06-03 00:00:00,7007,3.1,,1.0,2023-09-05 00:00:00,272.0,3er tercio lactancia
3516,2024-06-03 00:00:00,3043,5.4,,2.0,2024-02-11 00:00:00,113.0,2do tercio lactancia
3517,2024-06-03 00:00:00,2021,2.1,,3.0,2023-11-27 00:00:00,189.0,3er tercio lactancia
3518,2024-06-03 00:00:00,5060,4.4,,1.0,2024-02-11 00:00:00,113.0,2do tercio lactancia
3519,2024-06-03 00:00:00,9015,4.3,,1.0,2024-03-11 00:00:00,84.0,1er tercio lactancia
3520,2024-06-03 00:00:00,7012,4.2,,2.0,2024-05-21 00:00:00,13.0,1er tercio lactancia
3521,2024-06-03 00:00:00,8050,2.7,,2.0,2024-05-26 00:00:00,8.0,1er tercio lactancia
3522,2024-06-03 00:00:00,6043,5.1,,2.0,2023-12-18 00:00:00,168.0,2do tercio lactancia
3523,2024-06-03 00:00:00,0220,1.6,,1.0,2024-01-29 00:00:00,126.0,2do tercio lactancia
3524,2024-06-03 00:00:00,5010,1.7,,2.0,2023-11-01 00:00:00,215.0,3er tercio lactancia
3525,2024-06-03 00:00:00,0259,8.0,,1.0,2024-02-24 00:00:00,100.0,2do tercio lactancia
3526,2024-06-03 00:00:00,2226,4.5,,3.0,2023-09-28 00:00:00,249.0,3er tercio lactancia
3527,2024-06-03 00:00:00,8054,4.7,,2.0,2024-05-19 00:00:00,15.0,1er tercio lactancia
3528,2024-06-03 00:00:00,3024A,3.5,,3.0,2023-09-02 00:00:00,275.0,3er tercio lactancia
3529,2024-06-03 00:00:00,7061,5.0,,1.0,2024-01-22 00:00:00,133.0,2do tercio lactancia
3530,2024-06-03 00:00:00,0278,4.1,,1.0,2024-02-22 00:00:00,102.0,2do tercio lactancia
3531,2024-06-03 00:00:00,9007,5.7,,1.0,2023-11-10 00:00:00,206.0,3er tercio lactancia
3532,2024-06-03 00:00:00,2083,1.9,,2.0,2023-09-19 00:00:00,258.0,3er tercio lactancia
3533,2024-06-03 00:00:00,0500,7.0,,3.0,2024-05-23 00:00:00,11.0,1er tercio lactancia
3534,2024-06-03 00:00:00,3107,6.9,,3.0,2024-04-21 00:00:00,43.0,1er tercio lactancia
3535,2024-06-03 00:00:00,7077,6.2,,2.0,2024-03-16 00:00:00,79.0,1er tercio lactancia
3536,2024-06-03 00:00:00,9053,6.3,,1.0,2024-03-08 00:00:00,87.0,1er tercio lactancia
3537,2024-06-03 00:00:00,2094A,2.0,,3.0,2023-09-28 00:00:00,249.0,3er tercio lactancia
3538,2024-06-03 00:00:00,2130,6.8,,3.0,2024-01-02 00:00:00,153.0,2do tercio lactancia
3539,2024-06-03 00:00:00,0333,3.8,,1.0,2024-02-02 00:00:00,122.0,2do tercio lactancia
3540,2024-06-03 00:00:00,8017,5.0,,2.0,2024-05-19 00:00:00,15.0,1er tercio lactancia
3541,2024-06-03 00:00:00,0111,5.1,,1.0,2024-01-28 00:00:00,127.0,2do tercio lactancia
3542,2024-06-03 00:00:00,8076,6.6,,1.0,2023-12-11 00:00:00,175.0,2do tercio lactancia
3543,2024-06-03 00:00:00,9389,2.6,,1.0,2023-09-19 00:00:00,258.0,3er tercio lactancia
3544,2024-07-01 00:00:00,8061,3.7,,1.0,2023-12-15 00:00:00,199.0,3er tercio lactancia
3545,2024-07-01 00:00:00,0298A,7.9,,1.0,2024-01-14 00:00:00,169.0,2do tercio lactancia
3546,2024-07-01 00:00:00,8037,5.2,,1.0,2024-02-26 00:00:00,126.0,2do tercio lactancia
3547,2024-07-01 00:00:00,8063,7.1,,3.0,2024-03-23 00:00:00,100.0,2do tercio lactancia
3548,2024-07-01 00:00:00,5076,6.3,,2.0,2024-05-20 00:00:00,42.0,1er tercio lactancia
3549,2024-07-01 00:00:00,9058,6.0,,1.0,2023-12-31 00:00:00,183.0,3er tercio lactancia
3550,2024-07-01 00:00:00,6011,4.8,,2.0,2024-05-10 00:00:00,52.0,1er tercio lactancia
3551,2024-07-01 00:00:00,9103,5.4,,1.0,2024-04-07 00:00:00,85.0,1er tercio lactancia
3552,2024-07-01 00:00:00,8030,6.2,,2.0,2024-04-09 00:00:00,83.0,1er tercio lactancia
3553,2024-07-01 00:00:00,0202,3.3,,1.0,2024-01-14 00:00:00,169.0,2do tercio lactancia
3554,2024-07-01 00:00:00,1066A,4.0,,3.0,2024-02-17 00:00:00,135.0,2do tercio lactancia
3555,2024-07-01 00:00:00,4035,8.2,,3.0,2024-02-14 00:00:00,138.0,2do tercio lactancia
3556,2024-07-01 00:00:00,3003A,7.3,,3.0,2024-06-03 00:00:00,28.0,1er tercio lactancia
3557,2024-07-01 00:00:00,2080,11.1,,3.0,2024-05-13 00:00:00,49.0,1er tercio lactancia
3558,2024-07-01 00:00:00,9076,6.1,,1.0,2024-02-18 00:00:00,134.0,2do tercio lactancia
3559,2024-07-01 00:00:00,80272,3.5,,2.0,2024-05-26 00:00:00,36.0,1er tercio lactancia
3560,2024-07-01 00:00:00,7074,7.4,,2.0,2024-06-14 00:00:00,17.0,1er tercio lactancia
3561,2024-07-01 00:00:00,0018,3.1,,1.0,2023-10-20 00:00:00,255.0,3er tercio lactancia
3562,2024-07-01 00:00:00,0226,6.9,,1.0,2024-02-28 00:00:00,124.0,2do tercio lactancia
3563,2024-07-01 00:00:00,3132,3.6,,2.0,2023-12-25 00:00:00,189.0,3er tercio lactancia
3564,2024-07-01 00:00:00,8062,4.8,,1.0,2023-12-24 00:00:00,190.0,3er tercio lactancia
3565,2024-07-01 00:00:00,1004,6.7,,1.0,2024-03-04 00:00:00,119.0,2do tercio lactancia
3566,2024-07-01 00:00:00,4095,6.0,,3.0,2024-02-08 00:00:00,144.0,2do tercio lactancia
3567,2024-07-01 00:00:00,91171,4.5,,1.0,2023-12-16 00:00:00,198.0,3er tercio lactancia
3568,2024-07-01 00:00:00,0132,5.8,,3.0,2023-12-12 00:00:00,202.0,3er tercio lactancia
3569,2024-07-01 00:00:00,5150,3.2,,2.0,2024-01-22 00:00:00,161.0,2do tercio lactancia
3570,2024-07-01 00:00:00,0332,3.2,,1.0,2024-01-15 00:00:00,168.0,2do tercio lactancia
3571,2024-07-01 00:00:00,91242,5.5,,1.0,2024-01-07 00:00:00,176.0,2do tercio lactancia
3572,2024-07-01 00:00:00,2180A,8.2,,3.0,2024-04-10 00:00:00,82.0,1er tercio lactancia
3573,2024-07-01 00:00:00,8094,3.5,,2.0,2024-03-09 00:00:00,114.0,2do tercio lactancia
3574,2024-07-01 00:00:00,9037,6.8,,1.0,2024-03-18 00:00:00,105.0,2do tercio lactancia
3575,2024-07-01 00:00:00,7059,10.0,,2.0,2024-05-21 00:00:00,41.0,1er tercio lactancia
3576,2024-07-01 00:00:00,8077,4.5,,2.0,2024-05-31 00:00:00,31.0,1er tercio lactancia
3577,2024-07-01 00:00:00,7028,7.2,,3.0,2024-05-19 00:00:00,43.0,1er tercio lactancia
3578,2024-07-01 00:00:00,9073,5.3,,1.0,2024-02-28 00:00:00,124.0,2do tercio lactancia
3579,2024-07-01 00:00:00,9091,4.4,,1.0,2024-03-30 00:00:00,93.0,2do tercio lactancia
3580,2024-07-01 00:00:00,3027A,4.4,,2.0,2024-05-14 00:00:00,48.0,1er tercio lactancia
3581,2024-07-01 00:00:00,80882,10.5,,2.0,2024-05-12 00:00:00,50.0,1er tercio lactancia
3582,2024-07-01 00:00:00,809,9.4,,2.0,2024-05-29 00:00:00,33.0,1er tercio lactancia
3583,2024-07-01 00:00:00,0233,2.9,,1.0,2024-03-11 00:00:00,112.0,2do tercio lactancia
3584,2024-07-01 00:00:00,0329,5.1,,1.0,2024-02-22 00:00:00,130.0,2do tercio lactancia
3585,2024-07-01 00:00:00,30212,35.7,,1.0,2024-03-21 00:00:00,102.0,2do tercio lactancia
3586,2024-07-01 00:00:00,0241,9.8,,1.0,2024-04-14 00:00:00,78.0,1er tercio lactancia
3587,2024-07-01 00:00:00,0338,4.0,,1.0,2023-12-13 00:00:00,201.0,3er tercio lactancia
3588,2024-07-01 00:00:00,8079,6.4,,2.0,2024-04-21 00:00:00,71.0,1er tercio lactancia
3589,2024-07-01 00:00:00,3750,8.5,,3.0,2024-04-06 00:00:00,86.0,1er tercio lactancia
3590,2024-07-01 00:00:00,34,7.2,,1.0,2024-02-14 00:00:00,138.0,2do tercio lactancia
3591,2024-07-01 00:00:00,2050,5.9,,3.0,2024-05-25 00:00:00,37.0,1er tercio lactancia
3592,2024-07-01 00:00:00,9051,9.3,,2.0,2024-06-24 00:00:00,7.0,1er tercio lactancia
3593,2024-07-01 00:00:00,2096,3.7,,3.0,2023-12-09 00:00:00,205.0,3er tercio lactancia
3594,2024-07-01 00:00:00,0284,3.3,,,,,
3595,2024-07-01 00:00:00,0740,3.2,,2.0,2023-10-04 00:00:00,271.0,3er tercio lactancia
3596,2024-07-01 00:00:00,1091A,7.5,,2.0,2024-05-14 00:00:00,48.0,1er tercio lactancia
3597,2024-07-01 00:00:00,9125,5.6,,1.0,2023-12-28 00:00:00,186.0,3er tercio lactancia
3598,2024-07-01 00:00:00,2090A,7.4,,2.0,2024-02-23 00:00:00,129.0,2do tercio lactancia
3599,2024-07-01 00:00:00,7022,7.3,,1.0,2023-12-26 00:00:00,188.0,3er tercio lactancia
3600,2024-07-01 00:00:00,9099,4.3,,1.0,2024-01-02 00:00:00,181.0,3er tercio lactancia
3601,2024-07-01 00:00:00,0272,5.3,,1.0,2023-12-11 00:00:00,203.0,3er tercio lactancia
3602,2024-07-01 00:00:00,4151,3.8,,3.0,2024-06-23 00:00:00,8.0,1er tercio lactancia
3603,2024-07-01 00:00:00,19,1.8,,1.0,2024-03-03 00:00:00,120.0,2do tercio lactancia
3604,2024-07-01 00:00:00,80121,6.3,,2.0,2024-05-09 00:00:00,53.0,1er tercio lactancia
3605,2024-07-01 00:00:00,0249,7.5,,1.0,2024-02-20 00:00:00,132.0,2do tercio lactancia
3606,2024-07-01 00:00:00,4025,3.1,,2.0,2023-12-12 00:00:00,202.0,3er tercio lactancia
3607,2024-07-01 00:00:00,3021A,5.8,,3.0,2023-10-24 00:00:00,251.0,3er tercio lactancia
3608,2024-07-01 00:00:00,2209A,6.8,,2.0,2023-12-25 00:00:00,189.0,3er tercio lactancia
3609,2024-07-01 00:00:00,7017,8.6,,2.0,2024-05-15 00:00:00,47.0,1er tercio lactancia
3610,2024-07-01 00:00:00,2047,9.3,,3.0,2024-05-10 00:00:00,52.0,1er tercio lactancia
3611,2024-07-01 00:00:00,0336,5.7,,1.0,2024-04-07 00:00:00,85.0,1er tercio lactancia
3612,2024-07-01 00:00:00,4A,2.5,,2.0,2024-01-09 00:00:00,174.0,2do tercio lactancia
3613,2024-07-01 00:00:00,0322,5.2,,1.0,2024-02-24 00:00:00,128.0,2do tercio lactancia
3614,2024-07-01 00:00:00,2208A,3.3,,2.0,2023-09-15 00:00:00,290.0,3er tercio lactancia
3615,2024-07-01 00:00:00,5052,7.8,,2.0,2024-04-17 00:00:00,75.0,1er tercio lactancia
3616,2024-07-01 00:00:00,5007,5.0,,1.0,2024-01-22 00:00:00,161.0,2do tercio lactancia
3617,2024-07-01 00:00:00,7083,4.0,,2.0,2023-09-25 00:00:00,280.0,3er tercio lactancia
3618,2024-07-01 00:00:00,6067,7.2,,3.0,2023-12-22 00:00:00,192.0,3er tercio lactancia
3619,2024-07-01 00:00:00,5030,7.1,,1.0,2024-01-18 00:00:00,165.0,2do tercio lactancia
3620,2024-07-01 00:00:00,1095A,9.4,,2.0,2024-02-25 00:00:00,127.0,2do tercio lactancia
3621,2024-07-01 00:00:00,20334,6.2,,2.0,2024-02-10 00:00:00,142.0,2do tercio lactancia
3622,2024-07-01 00:00:00,8006,4.1,,1.0,2024-03-14 00:00:00,109.0,2do tercio lactancia
3623,2024-07-01 00:00:00,6035,1.7,,2.0,2023-08-31 00:00:00,305.0,3er tercio lactancia
3624,2024-07-01 00:00:00,2171,9.4,,3.0,2023-12-28 00:00:00,186.0,3er tercio lactancia
3625,2024-07-01 00:00:00,2073,13.7,,3.0,2024-05-09 00:00:00,53.0,1er tercio lactancia
3626,2024-07-01 00:00:00,0229,6.4,,1.0,2023-12-27 00:00:00,187.0,3er tercio lactancia
3627,2024-07-01 00:00:00,8036,7.0,,2.0,2023-12-15 00:00:00,199.0,3er tercio lactancia
3628,2024-07-01 00:00:00,0323,6.3,,1.0,2024-02-02 00:00:00,150.0,2do tercio lactancia
3629,2024-07-01 00:00:00,91262,6.8,,1.0,2023-12-10 00:00:00,204.0,3er tercio lactancia
3630,2024-07-01 00:00:00,0231A,3.8,,1.0,2024-01-30 00:00:00,153.0,2do tercio lactancia
3631,2024-07-01 00:00:00,2133A,3.5,,2.0,2023-10-25 00:00:00,250.0,3er tercio lactancia
3632,2024-07-01 00:00:00,9020,3.1,,1.0,2023-09-20 00:00:00,285.0,3er tercio lactancia
3633,2024-07-01 00:00:00,0201,5.3,,1.0,2024-02-02 00:00:00,150.0,2do tercio lactancia
3634,2024-07-01 00:00:00,9006,4.7,,1.0,2024-03-10 00:00:00,113.0,2do tercio lactancia
3635,2024-07-01 00:00:00,9071,4.2,,2.0,2024-06-07 00:00:00,24.0,1er tercio lactancia
3636,2024-07-01 00:00:00,8096,4.2,,2.0,2023-12-28 00:00:00,186.0,3er tercio lactancia
3637,2024-07-01 00:00:00,3043,5.7,,2.0,2024-02-11 00:00:00,141.0,2do tercio lactancia
3638,2024-07-01 00:00:00,2021,3.3,,3.0,2023-11-27 00:00:00,217.0,3er tercio lactancia
3639,2024-07-01 00:00:00,5060,4.4,,1.0,2024-02-11 00:00:00,141.0,2do tercio lactancia
3640,2024-07-01 00:00:00,9015,5.1,,1.0,2024-03-11 00:00:00,112.0,2do tercio lactancia
3641,2024-07-01 00:00:00,7012,6.4,,2.0,2024-05-21 00:00:00,41.0,1er tercio lactancia
3642,2024-07-01 00:00:00,8050,7.0,,2.0,2024-05-26 00:00:00,36.0,1er tercio lactancia
3643,2024-07-01 00:00:00,6043,4.5,,2.0,2023-12-18 00:00:00,196.0,3er tercio lactancia
3644,2024-07-01 00:00:00,0259,9.5,,1.0,2024-02-24 00:00:00,128.0,2do tercio lactancia
3645,2024-07-01 00:00:00,2226,5.7,,3.0,2023-09-28 00:00:00,277.0,3er tercio lactancia
3646,2024-07-01 00:00:00,8054,6.8,,2.0,2024-05-19 00:00:00,43.0,1er tercio lactancia
3647,2024-07-01 00:00:00,3024A,3.2,,3.0,2023-09-02 00:00:00,303.0,3er tercio lactancia
3648,2024-07-01 00:00:00,7061,6.1,,1.0,2024-01-22 00:00:00,161.0,2do tercio lactancia
3649,2024-07-01 00:00:00,0278,5.0,,1.0,2024-02-22 00:00:00,130.0,2do tercio lactancia
3650,2024-07-01 00:00:00,9007,5.6,,1.0,2023-11-10 00:00:00,234.0,3er tercio lactancia
3651,2024-07-01 00:00:00,2234,7.0,,3.0,2024-06-11 00:00:00,20.0,1er tercio lactancia
3652,2024-07-01 00:00:00,0500,7.9,,3.0,2024-05-23 00:00:00,39.0,1er tercio lactancia
3653,2024-07-01 00:00:00,3107,8.1,,3.0,2024-04-21 00:00:00,71.0,1er tercio lactancia
3654,2024-07-01 00:00:00,7077,2.2,,2.0,2024-03-16 00:00:00,107.0,2do tercio lactancia
3655,2024-07-01 00:00:00,9053,6.1,,1.0,2024-03-08 00:00:00,115.0,2do tercio lactancia
3656,2024-07-01 00:00:00,2130,5.4,,3.0,2024-01-02 00:00:00,181.0,3er tercio lactancia
3657,2024-07-01 00:00:00,0333,5.3,,1.0,2024-02-02 00:00:00,150.0,2do tercio lactancia
3658,2024-07-01 00:00:00,8017,5.1,,2.0,2024-05-19 00:00:00,43.0,1er tercio lactancia
3659,2024-07-01 00:00:00,0111,2.7,,1.0,2024-01-28 00:00:00,155.0,2do tercio lactancia
3660,2024-07-01 00:00:00,8076,4.8,,1.0,2023-12-11 00:00:00,203.0,3er tercio lactancia
3661,2024-07-01 00:00:00,9389,6.0,,1.0,2023-09-19 00:00:00,286.0,3er tercio lactancia
3662,2024-07-01 00:00:00,2217,4.6,,2.0,2024-06-20 00:00:00,11.0,1er tercio lactancia
4005,2024-07-15 00:00:00,8061,2.8,,1.0,2023-12-15 00:00:00,213.0,3er tercio lactancia
4006,2024-07-15 00:00:00,0298A,6.1,,1.0,2024-01-14 00:00:00,183.0,3er tercio lactancia
4007,2024-07-15 00:00:00,8037,2.5,,1.0,2024-02-26 00:00:00,140.0,2do tercio lactancia
4008,2024-07-15 00:00:00,8063,5.7,,3.0,2024-03-23 00:00:00,114.0,2do tercio lactancia
4009,2024-07-15 00:00:00,5076,4.5,,2.0,2024-05-20 00:00:00,56.0,1er tercio lactancia
4010,2024-07-15 00:00:00,9058,5.6,,1.0,2023-12-31 00:00:00,197.0,3er tercio lactancia
4011,2024-07-15 00:00:00,6011,3.6,,2.0,2024-05-10 00:00:00,66.0,1er tercio lactancia
4012,2024-07-15 00:00:00,9103,6.0,,1.0,2024-04-07 00:00:00,99.0,2do tercio lactancia
4013,2024-07-15 00:00:00,8030,5.9,,2.0,2024-04-09 00:00:00,97.0,2do tercio lactancia
4014,2024-07-15 00:00:00,0202,2.8,,1.0,2024-01-14 00:00:00,183.0,3er tercio lactancia
4015,2024-07-15 00:00:00,1066A,3.3,,3.0,2024-02-17 00:00:00,149.0,2do tercio lactancia
4016,2024-07-15 00:00:00,4035,7.5,,3.0,2024-02-14 00:00:00,152.0,2do tercio lactancia
4017,2024-07-15 00:00:00,3003A,8.4,,3.0,2024-06-03 00:00:00,42.0,1er tercio lactancia
4018,2024-07-15 00:00:00,2080,9.5,,3.0,2024-05-13 00:00:00,63.0,1er tercio lactancia
4019,2024-07-15 00:00:00,9076,4.8,,1.0,2024-02-18 00:00:00,148.0,2do tercio lactancia
4020,2024-07-15 00:00:00,80272,3.4,,2.0,2024-05-26 00:00:00,50.0,1er tercio lactancia
4021,2024-07-15 00:00:00,7074,7.4,,2.0,2024-06-14 00:00:00,31.0,1er tercio lactancia
4022,2024-07-15 00:00:00,0018,2.5,,1.0,2023-10-20 00:00:00,269.0,3er tercio lactancia
4023,2024-07-15 00:00:00,0226,6.9,,1.0,2024-02-28 00:00:00,138.0,2do tercio lactancia
4024,2024-07-15 00:00:00,3132,2.8,,2.0,2023-12-25 00:00:00,203.0,3er tercio lactancia
4025,2024-07-15 00:00:00,8062,3.4,,1.0,2023-12-24 00:00:00,204.0,3er tercio lactancia
4026,2024-07-15 00:00:00,1004,6.0,,1.0,2024-03-04 00:00:00,133.0,2do tercio lactancia
4027,2024-07-15 00:00:00,4095,5.9,,3.0,2024-02-08 00:00:00,158.0,2do tercio lactancia
4028,2024-07-15 00:00:00,91171,3.4,,1.0,2023-12-16 00:00:00,212.0,3er tercio lactancia
4029,2024-07-15 00:00:00,0132,4.0,,3.0,2023-12-12 00:00:00,216.0,3er tercio lactancia
4030,2024-07-15 00:00:00,5150,3.5,,2.0,2024-01-22 00:00:00,175.0,2do tercio lactancia
4031,2024-07-15 00:00:00,0332,2.5,,1.0,2024-01-15 00:00:00,182.0,3er tercio lactancia
4032,2024-07-15 00:00:00,91242,5.3,,1.0,2024-01-07 00:00:00,190.0,3er tercio lactancia
4033,2024-07-15 00:00:00,2180A,7.7,,3.0,2024-04-10 00:00:00,96.0,2do tercio lactancia
4034,2024-07-15 00:00:00,8094,3.8,,2.0,2024-03-09 00:00:00,128.0,2do tercio lactancia
4035,2024-07-15 00:00:00,9037,5.4,,1.0,2024-03-18 00:00:00,119.0,2do tercio lactancia
4036,2024-07-15 00:00:00,7059,7.3,,2.0,2024-05-21 00:00:00,55.0,1er tercio lactancia
4037,2024-07-15 00:00:00,8077,3.1,,2.0,2024-05-31 00:00:00,45.0,1er tercio lactancia
4038,2024-07-15 00:00:00,7028,8.3,,3.0,2024-05-19 00:00:00,57.0,1er tercio lactancia
4039,2024-07-15 00:00:00,9073,4.9,,1.0,2024-02-28 00:00:00,138.0,2do tercio lactancia
4040,2024-07-15 00:00:00,9091,3.1,,1.0,2024-03-30 00:00:00,107.0,2do tercio lactancia
4041,2024-07-15 00:00:00,80882,8.3,,2.0,2024-05-12 00:00:00,64.0,1er tercio lactancia
4042,2024-07-15 00:00:00,809,7.6,,2.0,2024-05-29 00:00:00,47.0,1er tercio lactancia
4043,2024-07-15 00:00:00,0233,2.1,,1.0,2024-03-11 00:00:00,126.0,2do tercio lactancia
4044,2024-07-15 00:00:00,0329,5.5,,1.0,2024-02-22 00:00:00,144.0,2do tercio lactancia
4045,2024-07-15 00:00:00,30212,7.9,,1.0,2024-03-21 00:00:00,116.0,2do tercio lactancia
4046,2024-07-15 00:00:00,0241,7.5,,1.0,2024-04-14 00:00:00,92.0,2do tercio lactancia
4047,2024-07-15 00:00:00,0338,2.8,,1.0,2023-12-13 00:00:00,215.0,3er tercio lactancia
4048,2024-07-15 00:00:00,8079,4.6,,2.0,2024-04-21 00:00:00,85.0,1er tercio lactancia
4049,2024-07-15 00:00:00,3750,8.4,,3.0,2024-04-06 00:00:00,100.0,2do tercio lactancia
4050,2024-07-15 00:00:00,34,6.2,,1.0,2024-02-14 00:00:00,152.0,2do tercio lactancia
4051,2024-07-15 00:00:00,2050,8.5,,3.0,2024-05-25 00:00:00,51.0,1er tercio lactancia
4052,2024-07-15 00:00:00,9051,9.0,,2.0,2024-06-24 00:00:00,21.0,1er tercio lactancia
4053,2024-07-15 00:00:00,2096,3.8,,3.0,2023-12-09 00:00:00,219.0,3er tercio lactancia
4054,2024-07-15 00:00:00,0284,3.4,,,,,
4055,2024-07-15 00:00:00,0740,2.3,,2.0,2023-10-04 00:00:00,285.0,3er tercio lactancia
4056,2024-07-15 00:00:00,1091A,6.0,,2.0,2024-05-14 00:00:00,62.0,1er tercio lactancia
4057,2024-07-15 00:00:00,9125,3.6,,1.0,2023-12-28 00:00:00,200.0,3er tercio lactancia
4058,2024-07-15 00:00:00,2090A,5.4,,2.0,2024-02-23 00:00:00,143.0,2do tercio lactancia
4059,2024-07-15 00:00:00,8033,5.9,,2.0,2024-07-04 00:00:00,11.0,1er tercio lactancia
4060,2024-07-15 00:00:00,7022,7.1,,1.0,2023-12-26 00:00:00,202.0,3er tercio lactancia
4061,2024-07-15 00:00:00,9099,2.5,,1.0,2024-01-02 00:00:00,195.0,3er tercio lactancia
4062,2024-07-15 00:00:00,0272,4.5,,1.0,2023-12-11 00:00:00,217.0,3er tercio lactancia
4063,2024-07-15 00:00:00,4151,8.0,,3.0,2024-06-23 00:00:00,22.0,1er tercio lactancia
4064,2024-07-15 00:00:00,80121,6.0,,2.0,2024-05-09 00:00:00,67.0,1er tercio lactancia
4065,2024-07-15 00:00:00,2124A,10.1,,3.0,2024-06-30 00:00:00,15.0,1er tercio lactancia
4066,2024-07-15 00:00:00,0249,6.9,,1.0,2024-02-20 00:00:00,146.0,2do tercio lactancia
4067,2024-07-15 00:00:00,3021A,5.2,,3.0,2023-10-24 00:00:00,265.0,3er tercio lactancia
4068,2024-07-15 00:00:00,2209A,6.9,,2.0,2023-12-25 00:00:00,203.0,3er tercio lactancia
4069,2024-07-15 00:00:00,7017,7.5,,2.0,2024-05-15 00:00:00,61.0,1er tercio lactancia
4070,2024-07-15 00:00:00,2047,8.0,,3.0,2024-05-10 00:00:00,66.0,1er tercio lactancia
4071,2024-07-15 00:00:00,0336,6.3,,1.0,2024-04-07 00:00:00,99.0,2do tercio lactancia
4072,2024-07-15 00:00:00,0322,5.2,,1.0,2024-02-24 00:00:00,142.0,2do tercio lactancia
4073,2024-07-15 00:00:00,5052,6.4,,2.0,2024-04-17 00:00:00,89.0,1er tercio lactancia
4074,2024-07-15 00:00:00,5007,2.9,,1.0,2024-01-22 00:00:00,175.0,2do tercio lactancia
4075,2024-07-15 00:00:00,7083,3.2,,2.0,2023-09-25 00:00:00,294.0,3er tercio lactancia
4076,2024-07-15 00:00:00,6067,7.2,,3.0,2023-12-22 00:00:00,206.0,3er tercio lactancia
4077,2024-07-15 00:00:00,5030,6.2,,1.0,2024-01-18 00:00:00,179.0,2do tercio lactancia
4078,2024-07-15 00:00:00,1095A,7.1,,2.0,2024-02-25 00:00:00,141.0,2do tercio lactancia
4079,2024-07-15 00:00:00,20334,3.6,,2.0,2024-02-10 00:00:00,156.0,2do tercio lactancia
4080,2024-07-15 00:00:00,8006,2.8,,1.0,2024-03-14 00:00:00,123.0,2do tercio lactancia
4081,2024-07-15 00:00:00,2171,7.3,,3.0,2023-12-28 00:00:00,200.0,3er tercio lactancia
4082,2024-07-15 00:00:00,2073,13.2,,3.0,2024-05-09 00:00:00,67.0,1er tercio lactancia
4083,2024-07-15 00:00:00,0229,5.6,,1.0,2023-12-27 00:00:00,201.0,3er tercio lactancia
4084,2024-07-15 00:00:00,8036,5.8,,2.0,2023-12-15 00:00:00,213.0,3er tercio lactancia
4085,2024-07-15 00:00:00,0323,6.6,,1.0,2024-02-02 00:00:00,164.0,2do tercio lactancia
4086,2024-07-15 00:00:00,91262,5.9,,1.0,2023-12-10 00:00:00,218.0,3er tercio lactancia
4087,2024-07-15 00:00:00,0231A,3.6,,1.0,2024-01-30 00:00:00,167.0,2do tercio lactancia
4088,2024-07-15 00:00:00,2133A,3.2,,2.0,2023-10-25 00:00:00,264.0,3er tercio lactancia
4089,2024-07-15 00:00:00,0201,7.2,,1.0,2024-02-02 00:00:00,164.0,2do tercio lactancia
4090,2024-07-15 00:00:00,9006,4.2,,1.0,2024-03-10 00:00:00,127.0,2do tercio lactancia
4091,2024-07-15 00:00:00,9071,2.7,,2.0,2024-06-07 00:00:00,38.0,1er tercio lactancia
4092,2024-07-15 00:00:00,8096,2.8,,2.0,2023-12-28 00:00:00,200.0,3er tercio lactancia
4093,2024-07-15 00:00:00,3043,5.3,,2.0,2024-02-11 00:00:00,155.0,2do tercio lactancia
4094,2024-07-15 00:00:00,2021,4.4,,3.0,2023-11-27 00:00:00,231.0,3er tercio lactancia
4095,2024-07-15 00:00:00,5060,3.9,,1.0,2024-02-11 00:00:00,155.0,2do tercio lactancia
4096,2024-07-15 00:00:00,9015,5.0,,1.0,2024-03-11 00:00:00,126.0,2do tercio lactancia
4097,2024-07-15 00:00:00,7012,7.1,,2.0,2024-05-21 00:00:00,55.0,1er tercio lactancia
4098,2024-07-15 00:00:00,8050,6.2,,2.0,2024-05-26 00:00:00,50.0,1er tercio lactancia
4099,2024-07-15 00:00:00,6043,3.4,,2.0,2023-12-18 00:00:00,210.0,3er tercio lactancia
4100,2024-07-15 00:00:00,0259,7.7,,1.0,2024-02-24 00:00:00,142.0,2do tercio lactancia
4101,2024-07-15 00:00:00,2226,3.8,,3.0,2023-09-28 00:00:00,291.0,3er tercio lactancia
4102,2024-07-15 00:00:00,8054,5.1,,2.0,2024-05-19 00:00:00,57.0,1er tercio lactancia
4103,2024-07-15 00:00:00,3026A,7.6,,3.0,2024-07-04 00:00:00,11.0,1er tercio lactancia
4104,2024-07-15 00:00:00,7061,5.7,,1.0,2024-01-22 00:00:00,175.0,2do tercio lactancia
4105,2024-07-15 00:00:00,0278,2.9,,1.0,2024-02-22 00:00:00,144.0,2do tercio lactancia
4106,2024-07-15 00:00:00,9007,3.2,,1.0,2023-11-10 00:00:00,248.0,3er tercio lactancia
4107,2024-07-15 00:00:00,2234,6.1,,3.0,2024-06-11 00:00:00,34.0,1er tercio lactancia
4108,2024-07-15 00:00:00,0500,7.4,,3.0,2024-05-23 00:00:00,53.0,1er tercio lactancia
4109,2024-07-15 00:00:00,3107,7.7,,3.0,2024-04-21 00:00:00,85.0,1er tercio lactancia
4110,2024-07-15 00:00:00,7077,3.4,,2.0,2024-03-16 00:00:00,121.0,2do tercio lactancia
4111,2024-07-15 00:00:00,9053,4.9,,1.0,2024-03-08 00:00:00,129.0,2do tercio lactancia
4112,2024-07-15 00:00:00,2130,2.9,,3.0,2024-01-02 00:00:00,195.0,3er tercio lactancia
4113,2024-07-15 00:00:00,0333,4.7,,1.0,2024-02-02 00:00:00,164.0,2do tercio lactancia
4114,2024-07-15 00:00:00,8017,5.7,,2.0,2024-05-19 00:00:00,57.0,1er tercio lactancia
4115,2024-07-15 00:00:00,0111,3.3,,1.0,2024-01-28 00:00:00,169.0,2do tercio lactancia
4116,2024-07-15 00:00:00,8076,3.8,,1.0,2023-12-11 00:00:00,217.0,3er tercio lactancia
4117,2024-07-15 00:00:00,0267,7.3,,1.0,2024-06-27 00:00:00,18.0,1er tercio lactancia
4118,2024-07-15 00:00:00,2217,5.1,,2.0,2024-06-20 00:00:00,25.0,1er tercio lactancia
4119,2024-07-29 00:00:00,8061,3.6,,1.0,2023-12-15 00:00:00,227.0,3er tercio lactancia
4120,2024-07-29 00:00:00,0298A,7.5,,1.0,2024-01-14 00:00:00,197.0,3er tercio lactancia
4121,2024-07-29 00:00:00,8063,6.3,,3.0,2024-03-23 00:00:00,128.0,2do tercio lactancia
4122,2024-07-29 00:00:00,5076,5.2,,2.0,2024-05-20 00:00:00,70.0,1er tercio lactancia
4123,2024-07-29 00:00:00,9058,5.8,,1.0,2023-12-31 00:00:00,211.0,3er tercio lactancia
4124,2024-07-29 00:00:00,9103,6.7,,1.0,2024-04-07 00:00:00,113.0,2do tercio lactancia
4125,2024-07-29 00:00:00,8030,5.6,,2.0,2024-04-09 00:00:00,111.0,2do tercio lactancia
4126,2024-07-29 00:00:00,6021,6.6,,3.0,2024-07-19 00:00:00,10.0,1er tercio lactancia
4127,2024-07-29 00:00:00,0202,2.5,,1.0,2024-01-14 00:00:00,197.0,3er tercio lactancia
4128,2024-07-29 00:00:00,1066A,3.1,,3.0,2024-02-17 00:00:00,163.0,2do tercio lactancia
4129,2024-07-29 00:00:00,4035,6.5,,3.0,2024-02-14 00:00:00,166.0,2do tercio lactancia
4130,2024-07-29 00:00:00,3003A,8.6,,3.0,2024-06-03 00:00:00,56.0,1er tercio lactancia
4131,2024-07-29 00:00:00,2080,10.7,,3.0,2024-05-13 00:00:00,77.0,1er tercio lactancia
4132,2024-07-29 00:00:00,9076,5.1,,1.0,2024-02-18 00:00:00,162.0,2do tercio lactancia
4133,2024-07-29 00:00:00,80272,3.1,,2.0,2024-05-26 00:00:00,64.0,1er tercio lactancia
4134,2024-07-29 00:00:00,7074,8.6,,2.0,2024-06-14 00:00:00,45.0,1er tercio lactancia
4135,2024-07-29 00:00:00,0018,2.7,,1.0,2023-10-20 00:00:00,283.0,3er tercio lactancia
4136,2024-07-29 00:00:00,0226,5.9,,1.0,2024-02-28 00:00:00,152.0,2do tercio lactancia
4137,2024-07-29 00:00:00,3132,2.8,,2.0,2023-12-25 00:00:00,217.0,3er tercio lactancia
4138,2024-07-29 00:00:00,8062,2.7,,1.0,2023-12-24 00:00:00,218.0,3er tercio lactancia
4139,2024-07-29 00:00:00,1004,6.1,,1.0,2024-03-04 00:00:00,147.0,2do tercio lactancia
4140,2024-07-29 00:00:00,4095,6.0,,3.0,2024-02-08 00:00:00,172.0,2do tercio lactancia
4141,2024-07-29 00:00:00,91171,3.0,,1.0,2023-12-16 00:00:00,226.0,3er tercio lactancia
4142,2024-07-29 00:00:00,0132,3.9,,3.0,2023-12-12 00:00:00,230.0,3er tercio lactancia
4143,2024-07-29 00:00:00,5150,3.5,,2.0,2024-01-22 00:00:00,189.0,3er tercio lactancia
4144,2024-07-29 00:00:00,0332,3.0,,1.0,2024-01-15 00:00:00,196.0,3er tercio lactancia
4145,2024-07-29 00:00:00,91242,4.2,,1.0,2024-01-07 00:00:00,204.0,3er tercio lactancia
4146,2024-07-29 00:00:00,2180A,8.0,,3.0,2024-04-10 00:00:00,110.0,2do tercio lactancia
4147,2024-07-29 00:00:00,8094,6.0,,2.0,2024-03-09 00:00:00,142.0,2do tercio lactancia
4148,2024-07-29 00:00:00,9037,4.6,,1.0,2024-03-18 00:00:00,133.0,2do tercio lactancia
4149,2024-07-29 00:00:00,7059,9.3,,2.0,2024-05-21 00:00:00,69.0,1er tercio lactancia
4150,2024-07-29 00:00:00,8077,2.5,,2.0,2024-05-31 00:00:00,59.0,1er tercio lactancia
4151,2024-07-29 00:00:00,7028,7.7,,3.0,2024-05-19 00:00:00,71.0,1er tercio lactancia
4152,2024-07-29 00:00:00,9073,5.6,,1.0,2024-02-28 00:00:00,152.0,2do tercio lactancia
4153,2024-07-29 00:00:00,9091,3.7,,1.0,2024-03-30 00:00:00,121.0,2do tercio lactancia
4154,2024-07-29 00:00:00,80882,7.0,,2.0,2024-05-12 00:00:00,78.0,1er tercio lactancia
4155,2024-07-29 00:00:00,809,8.8,,2.0,2024-05-29 00:00:00,61.0,1er tercio lactancia
4156,2024-07-29 00:00:00,0233,2.0,,1.0,2024-03-11 00:00:00,140.0,2do tercio lactancia
4157,2024-07-29 00:00:00,0329,4.8,,1.0,2024-02-22 00:00:00,158.0,2do tercio lactancia
4158,2024-07-29 00:00:00,30212,7.1,,1.0,2024-03-21 00:00:00,130.0,2do tercio lactancia
4159,2024-07-29 00:00:00,0241,9.4,,1.0,2024-04-14 00:00:00,106.0,2do tercio lactancia
4160,2024-07-29 00:00:00,8079,6.2,,2.0,2024-04-21 00:00:00,99.0,2do tercio lactancia
4161,2024-07-29 00:00:00,3750,8.1,,3.0,2024-04-06 00:00:00,114.0,2do tercio lactancia
4162,2024-07-29 00:00:00,34,6.4,,1.0,2024-02-14 00:00:00,166.0,2do tercio lactancia
4163,2024-07-29 00:00:00,2050,6.6,,3.0,2024-05-25 00:00:00,65.0,1er tercio lactancia
4164,2024-07-29 00:00:00,9051,9.5,,2.0,2024-06-24 00:00:00,35.0,1er tercio lactancia
4165,2024-07-29 00:00:00,2096,4.2,,3.0,2023-12-09 00:00:00,233.0,3er tercio lactancia
4166,2024-07-29 00:00:00,0284,2.6,,,,,
4167,2024-07-29 00:00:00,1091A,6.5,,2.0,2024-05-14 00:00:00,76.0,1er tercio lactancia
4168,2024-07-29 00:00:00,9125,3.3,,1.0,2023-12-28 00:00:00,214.0,3er tercio lactancia
4169,2024-07-29 00:00:00,2090A,7.7,,2.0,2024-02-23 00:00:00,157.0,2do tercio lactancia
4170,2024-07-29 00:00:00,5077,6.2,,2.0,2024-07-15 00:00:00,14.0,1er tercio lactancia
4171,2024-07-29 00:00:00,8033,5.5,,2.0,2024-07-04 00:00:00,25.0,1er tercio lactancia
4172,2024-07-29 00:00:00,7022,5.4,,1.0,2023-12-26 00:00:00,216.0,3er tercio lactancia
4173,2024-07-29 00:00:00,9099,1.8,,1.0,2024-01-02 00:00:00,209.0,3er tercio lactancia
4174,2024-07-29 00:00:00,0272,4.2,,1.0,2023-12-11 00:00:00,231.0,3er tercio lactancia
4175,2024-07-29 00:00:00,4151,8.8,,3.0,2024-06-23 00:00:00,36.0,1er tercio lactancia
4176,2024-07-29 00:00:00,80121,6.6,,2.0,2024-05-09 00:00:00,81.0,1er tercio lactancia
4177,2024-07-29 00:00:00,2124A,10.9,,3.0,2024-06-30 00:00:00,29.0,1er tercio lactancia
4178,2024-07-29 00:00:00,0249,5.5,,1.0,2024-02-20 00:00:00,160.0,2do tercio lactancia
4179,2024-07-29 00:00:00,3021A,4.6,,3.0,2023-10-24 00:00:00,279.0,3er tercio lactancia
4180,2024-07-29 00:00:00,2209A,6.2,,2.0,2023-12-25 00:00:00,217.0,3er tercio lactancia
4181,2024-07-29 00:00:00,7017,7.1,,2.0,2024-05-15 00:00:00,75.0,1er tercio lactancia
4182,2024-07-29 00:00:00,2047,9.1,,3.0,2024-05-10 00:00:00,80.0,1er tercio lactancia
4183,2024-07-29 00:00:00,0336,5.7,,1.0,2024-04-07 00:00:00,113.0,2do tercio lactancia
4184,2024-07-29 00:00:00,0322,5.0,,1.0,2024-02-24 00:00:00,156.0,2do tercio lactancia
4185,2024-07-29 00:00:00,5052,7.3,,2.0,2024-04-17 00:00:00,103.0,2do tercio lactancia
4186,2024-07-29 00:00:00,5007,3.7,,1.0,2024-01-22 00:00:00,189.0,3er tercio lactancia
4187,2024-07-29 00:00:00,6067,7.9,,3.0,2023-12-22 00:00:00,220.0,3er tercio lactancia
4188,2024-07-29 00:00:00,5030,6.0,,1.0,2024-01-18 00:00:00,193.0,3er tercio lactancia
4189,2024-07-29 00:00:00,1095A,8.2,,2.0,2024-02-25 00:00:00,155.0,2do tercio lactancia
4190,2024-07-29 00:00:00,20334,5.0,,2.0,2024-02-10 00:00:00,170.0,2do tercio lactancia
4191,2024-07-29 00:00:00,8006,2.0,,1.0,2024-03-14 00:00:00,137.0,2do tercio lactancia
4192,2024-07-29 00:00:00,2171,7.3,,3.0,2023-12-28 00:00:00,214.0,3er tercio lactancia
4193,2024-07-29 00:00:00,2073,12.1,,3.0,2024-05-09 00:00:00,81.0,1er tercio lactancia
4194,2024-07-29 00:00:00,0229,4.4,,1.0,2023-12-27 00:00:00,215.0,3er tercio lactancia
4195,2024-07-29 00:00:00,8036,7.2,,2.0,2023-12-15 00:00:00,227.0,3er tercio lactancia
4196,2024-07-29 00:00:00,5079,3.4,,2.0,2024-07-19 00:00:00,10.0,1er tercio lactancia
4197,2024-07-29 00:00:00,0323,7.3,,1.0,2024-02-02 00:00:00,178.0,2do tercio lactancia
4198,2024-07-29 00:00:00,91262,7.2,,1.0,2023-12-10 00:00:00,232.0,3er tercio lactancia
4199,2024-07-29 00:00:00,0231A,2.9,,1.0,2024-01-30 00:00:00,181.0,3er tercio lactancia
4200,2024-07-29 00:00:00,2133A,3.1,,2.0,2023-10-25 00:00:00,278.0,3er tercio lactancia
4201,2024-07-29 00:00:00,5146,7.7,,2.0,2024-07-16 00:00:00,13.0,1er tercio lactancia
4202,2024-07-29 00:00:00,0201,6.3,,1.0,2024-02-02 00:00:00,178.0,2do tercio lactancia
4203,2024-07-29 00:00:00,9006,3.8,,1.0,2024-03-10 00:00:00,141.0,2do tercio lactancia
4204,2024-07-29 00:00:00,9071,3.3,,2.0,2024-06-07 00:00:00,52.0,1er tercio lactancia
4205,2024-07-29 00:00:00,8096,1.3,,2.0,2023-12-28 00:00:00,214.0,3er tercio lactancia
4206,2024-07-29 00:00:00,3043,5.3,,2.0,2024-02-11 00:00:00,169.0,2do tercio lactancia
4207,2024-07-29 00:00:00,2021,2.9,,3.0,2023-11-27 00:00:00,245.0,3er tercio lactancia
4208,2024-07-29 00:00:00,5060,3.4,,1.0,2024-02-11 00:00:00,169.0,2do tercio lactancia
4209,2024-07-29 00:00:00,9015,5.2,,1.0,2024-03-11 00:00:00,140.0,2do tercio lactancia
4210,2024-07-29 00:00:00,7012,6.5,,2.0,2024-05-21 00:00:00,69.0,1er tercio lactancia
4211,2024-07-29 00:00:00,0267,6.9,,1.0,2024-06-27 00:00:00,32.0,1er tercio lactancia
4212,2024-07-29 00:00:00,8019,8.1,,2.0,2024-07-18 00:00:00,11.0,1er tercio lactancia
4213,2024-07-29 00:00:00,8050,4.9,,2.0,2024-05-26 00:00:00,64.0,1er tercio lactancia
4214,2024-07-29 00:00:00,6043,4.0,,2.0,2023-12-18 00:00:00,224.0,3er tercio lactancia
4215,2024-07-29 00:00:00,0259,8.0,,1.0,2024-02-24 00:00:00,156.0,2do tercio lactancia
4216,2024-07-29 00:00:00,8054,5.5,,2.0,2024-05-19 00:00:00,71.0,1er tercio lactancia
4217,2024-07-29 00:00:00,3026A,10.3,,3.0,2024-07-04 00:00:00,25.0,1er tercio lactancia
4218,2024-07-29 00:00:00,7061,5.4,,1.0,2024-01-22 00:00:00,189.0,3er tercio lactancia
4219,2024-07-29 00:00:00,0278,3.3,,1.0,2024-02-22 00:00:00,158.0,2do tercio lactancia
4220,2024-07-29 00:00:00,9007,2.7,,1.0,2023-11-10 00:00:00,262.0,3er tercio lactancia
4221,2024-07-29 00:00:00,2234,4.7,,3.0,2024-06-11 00:00:00,48.0,1er tercio lactancia
4222,2024-07-29 00:00:00,0500,6.9,,3.0,2024-05-23 00:00:00,67.0,1er tercio lactancia
4223,2024-07-29 00:00:00,3107,8.6,,3.0,2024-04-21 00:00:00,99.0,2do tercio lactancia
4224,2024-07-29 00:00:00,9053,7.7,,1.0,2024-03-08 00:00:00,143.0,2do tercio lactancia
4225,2024-07-29 00:00:00,2130,2.5,,3.0,2024-01-02 00:00:00,209.0,3er tercio lactancia
4226,2024-07-29 00:00:00,0333,4.7,,1.0,2024-02-02 00:00:00,178.0,2do tercio lactancia
4227,2024-07-29 00:00:00,8017,6.8,,2.0,2024-05-19 00:00:00,71.0,1er tercio lactancia
4228,2024-07-29 00:00:00,0111,3.7,,1.0,2024-01-28 00:00:00,183.0,3er tercio lactancia
4229,2024-08-19 00:00:00,8061,3.6,,1.0,2023-12-15 00:00:00,248.0,3er tercio lactancia
4230,2024-08-19 00:00:00,0298A,5.8,,1.0,2024-01-14 00:00:00,218.0,3er tercio lactancia
4231,2024-08-19 00:00:00,8037,3.4,,1.0,2024-02-26 00:00:00,175.0,2do tercio lactancia
4232,2024-08-19 00:00:00,8063,7.0,,3.0,2024-03-23 00:00:00,149.0,2do tercio lactancia
4233,2024-08-19 00:00:00,5076,5.1,,2.0,2024-05-20 00:00:00,91.0,2do tercio lactancia
4234,2024-08-19 00:00:00,9058,6.4,,1.0,2023-12-31 00:00:00,232.0,3er tercio lactancia
4235,2024-08-19 00:00:00,6011,3.3,,2.0,2024-05-10 00:00:00,101.0,2do tercio lactancia
4236,2024-08-19 00:00:00,9103,6.4,,1.0,2024-04-07 00:00:00,134.0,2do tercio lactancia
4237,2024-08-19 00:00:00,8030,5.9,,2.0,2024-04-09 00:00:00,132.0,2do tercio lactancia
4238,2024-08-19 00:00:00,6021,8.8,,3.0,2024-07-19 00:00:00,31.0,1er tercio lactancia
4239,2024-08-19 00:00:00,1066A,3.8,,3.0,2024-02-17 00:00:00,184.0,3er tercio lactancia
4240,2024-08-19 00:00:00,4035,7.2,,3.0,2024-02-14 00:00:00,187.0,3er tercio lactancia
4241,2024-08-19 00:00:00,3003A,9.3,,3.0,2024-06-03 00:00:00,77.0,1er tercio lactancia
4242,2024-08-19 00:00:00,2080,6.6,,3.0,2024-05-13 00:00:00,98.0,2do tercio lactancia
4243,2024-08-19 00:00:00,4018,6.2,,3.0,2024-08-02 00:00:00,17.0,1er tercio lactancia
4244,2024-08-19 00:00:00,9076,6.5,,1.0,2024-02-18 00:00:00,183.0,3er tercio lactancia
4245,2024-08-19 00:00:00,80272,4.9,,2.0,2024-05-26 00:00:00,85.0,1er tercio lactancia
4246,2024-08-19 00:00:00,2063A,11.7,,4.0,2024-07-26 00:00:00,24.0,1er tercio lactancia
4247,2024-08-19 00:00:00,7074,7.6,,2.0,2024-06-14 00:00:00,66.0,1er tercio lactancia
4248,2024-08-19 00:00:00,4055,4.2,,3.0,2024-08-06 00:00:00,13.0,1er tercio lactancia
4249,2024-08-19 00:00:00,0226,6.5,,1.0,2024-02-28 00:00:00,173.0,2do tercio lactancia
4250,2024-08-19 00:00:00,3132,3.9,,2.0,2023-12-25 00:00:00,238.0,3er tercio lactancia
4251,2024-08-19 00:00:00,8062,5.5,,1.0,2023-12-24 00:00:00,239.0,3er tercio lactancia
4252,2024-08-19 00:00:00,1004,6.3,,1.0,2024-03-04 00:00:00,168.0,2do tercio lactancia
4253,2024-08-19 00:00:00,2148A,7.2,,3.0,2024-08-01 00:00:00,18.0,1er tercio lactancia
4254,2024-08-19 00:00:00,4095,6.4,,3.0,2024-02-08 00:00:00,193.0,3er tercio lactancia
4255,2024-08-19 00:00:00,91171,4.9,,1.0,2023-12-16 00:00:00,247.0,3er tercio lactancia
4256,2024-08-19 00:00:00,0132,4.5,,3.0,2023-12-12 00:00:00,251.0,3er tercio lactancia
4257,2024-08-19 00:00:00,5150,4.4,,2.0,2024-01-22 00:00:00,210.0,3er tercio lactancia
4258,2024-08-19 00:00:00,91242,2.6,,1.0,2024-01-07 00:00:00,225.0,3er tercio lactancia
4259,2024-08-19 00:00:00,2180A,7.1,,3.0,2024-04-10 00:00:00,131.0,2do tercio lactancia
4260,2024-08-19 00:00:00,8094,3.9,,2.0,2024-03-09 00:00:00,163.0,2do tercio lactancia
4261,2024-08-19 00:00:00,9037,5.8,,1.0,2024-03-18 00:00:00,154.0,2do tercio lactancia
4262,2024-08-19 00:00:00,7059,8.6,,2.0,2024-05-21 00:00:00,90.0,1er tercio lactancia
4263,2024-08-19 00:00:00,8077,4.5,,2.0,2024-05-31 00:00:00,80.0,1er tercio lactancia
4264,2024-08-19 00:00:00,7028,9.1,,3.0,2024-05-19 00:00:00,92.0,2do tercio lactancia
4265,2024-08-19 00:00:00,9091,3.8,,1.0,2024-03-30 00:00:00,142.0,2do tercio lactancia
4266,2024-08-19 00:00:00,80882,8.4,,2.0,2024-05-12 00:00:00,99.0,2do tercio lactancia
4267,2024-08-19 00:00:00,809,6.7,,2.0,2024-05-29 00:00:00,82.0,1er tercio lactancia
4268,2024-08-19 00:00:00,0329,5.5,,1.0,2024-02-22 00:00:00,179.0,2do tercio lactancia
4269,2024-08-19 00:00:00,8087,5.7,,2.0,2024-07-26 00:00:00,24.0,1er tercio lactancia
4270,2024-08-19 00:00:00,30212,6.2,,1.0,2024-03-21 00:00:00,151.0,2do tercio lactancia
4271,2024-08-19 00:00:00,0241,8.6,,1.0,2024-04-14 00:00:00,127.0,2do tercio lactancia
4272,2024-08-19 00:00:00,8079,5.9,,2.0,2024-04-21 00:00:00,120.0,2do tercio lactancia
4273,2024-08-19 00:00:00,3750,8.3,,3.0,2024-04-06 00:00:00,135.0,2do tercio lactancia
4274,2024-08-19 00:00:00,34,6.5,,1.0,2024-02-14 00:00:00,187.0,3er tercio lactancia
4275,2024-08-19 00:00:00,2050,8.1,,3.0,2024-05-25 00:00:00,86.0,1er tercio lactancia
4276,2024-08-19 00:00:00,8045,7.9,,2.0,2024-07-27 00:00:00,23.0,1er tercio lactancia
4277,2024-08-19 00:00:00,9051,9.3,,2.0,2024-06-24 00:00:00,56.0,1er tercio lactancia
4278,2024-08-19 00:00:00,2096,4.6,,3.0,2023-12-09 00:00:00,254.0,3er tercio lactancia
4279,2024-08-19 00:00:00,0284,4.0,,,,,
4280,2024-08-19 00:00:00,1091A,7.8,,2.0,2024-05-14 00:00:00,97.0,2do tercio lactancia
4281,2024-08-19 00:00:00,9125,4.1,,1.0,2023-12-28 00:00:00,235.0,3er tercio lactancia
4282,2024-08-19 00:00:00,2090A,7.3,,2.0,2024-02-23 00:00:00,178.0,2do tercio lactancia
4283,2024-08-19 00:00:00,5077,6.9,,2.0,2024-07-15 00:00:00,35.0,1er tercio lactancia
4284,2024-08-19 00:00:00,8033,5.5,,2.0,2024-07-04 00:00:00,46.0,1er tercio lactancia
4285,2024-08-19 00:00:00,7022,8.4,,1.0,2023-12-26 00:00:00,237.0,3er tercio lactancia
4286,2024-08-19 00:00:00,1015,7.8,,3.0,2024-07-31 00:00:00,19.0,1er tercio lactancia
4287,2024-08-19 00:00:00,0272,4.9,,1.0,2023-12-11 00:00:00,252.0,3er tercio lactancia
4288,2024-08-19 00:00:00,4151,9.1,,3.0,2024-06-23 00:00:00,57.0,1er tercio lactancia
4289,2024-08-19 00:00:00,80121,6.2,,2.0,2024-05-09 00:00:00,102.0,2do tercio lactancia
4290,2024-08-19 00:00:00,2124A,13.4,,3.0,2024-06-30 00:00:00,50.0,1er tercio lactancia
4291,2024-08-19 00:00:00,0249,6.2,,1.0,2024-02-20 00:00:00,181.0,3er tercio lactancia
4292,2024-08-19 00:00:00,2209A,7.2,,2.0,2023-12-25 00:00:00,238.0,3er tercio lactancia
4293,2024-08-19 00:00:00,7017,6.6,,2.0,2024-05-15 00:00:00,96.0,2do tercio lactancia
4294,2024-08-19 00:00:00,2047,7.6,,3.0,2024-05-10 00:00:00,101.0,2do tercio lactancia
4295,2024-08-19 00:00:00,EMB 5,2.8,,2.0,2024-07-26 00:00:00,24.0,1er tercio lactancia
4296,2024-08-19 00:00:00,0336,6.3,,1.0,2024-04-07 00:00:00,134.0,2do tercio lactancia
4297,2024-08-19 00:00:00,0322,5.2,,1.0,2024-02-24 00:00:00,177.0,2do tercio lactancia
4298,2024-08-19 00:00:00,5052,6.7,,2.0,2024-04-17 00:00:00,124.0,2do tercio lactancia
4299,2024-08-19 00:00:00,6067,7.2,,3.0,2023-12-22 00:00:00,241.0,3er tercio lactancia
4300,2024-08-19 00:00:00,5030,7.0,,1.0,2024-01-18 00:00:00,214.0,3er tercio lactancia
4301,2024-08-19 00:00:00,1095A,7.6,,2.0,2024-02-25 00:00:00,176.0,2do tercio lactancia
4302,2024-08-19 00:00:00,20334,5.9,,2.0,2024-02-10 00:00:00,191.0,3er tercio lactancia
4303,2024-08-19 00:00:00,2171,6.1,,3.0,2023-12-28 00:00:00,235.0,3er tercio lactancia
4304,2024-08-19 00:00:00,2073,12.0,,3.0,2024-05-09 00:00:00,102.0,2do tercio lactancia
4305,2024-08-19 00:00:00,0229,4.2,,1.0,2023-12-27 00:00:00,236.0,3er tercio lactancia
4306,2024-08-19 00:00:00,8036,6.4,,2.0,2023-12-15 00:00:00,248.0,3er tercio lactancia
4307,2024-08-19 00:00:00,5079,4.5,,2.0,2024-07-19 00:00:00,31.0,1er tercio lactancia
4308,2024-08-19 00:00:00,0323,6.2,,1.0,2024-02-02 00:00:00,199.0,3er tercio lactancia
4309,2024-08-19 00:00:00,91262,7.2,,1.0,2023-12-10 00:00:00,253.0,3er tercio lactancia
4310,2024-08-19 00:00:00,0231A,3.8,,1.0,2024-01-30 00:00:00,202.0,3er tercio lactancia
4311,2024-08-19 00:00:00,5146,5.1,,2.0,2024-07-16 00:00:00,34.0,1er tercio lactancia
4312,2024-08-19 00:00:00,0201,6.2,,1.0,2024-02-02 00:00:00,199.0,3er tercio lactancia
4313,2024-08-19 00:00:00,9006,4.7,,1.0,2024-03-10 00:00:00,162.0,2do tercio lactancia
4314,2024-08-19 00:00:00,2196A,9.6,,3.0,2024-07-31 00:00:00,19.0,1er tercio lactancia
4315,2024-08-19 00:00:00,9071,2.7,,2.0,2024-06-07 00:00:00,73.0,1er tercio lactancia
4316,2024-08-19 00:00:00,8046,12.6,,2.0,2024-08-06 00:00:00,13.0,1er tercio lactancia
4317,2024-08-19 00:00:00,3043,5.5,,2.0,2024-02-11 00:00:00,190.0,3er tercio lactancia
4318,2024-08-19 00:00:00,2021,5.7,,3.0,2023-11-27 00:00:00,266.0,3er tercio lactancia
4319,2024-08-19 00:00:00,5060,4.3,,1.0,2024-02-11 00:00:00,190.0,3er tercio lactancia
4320,2024-08-19 00:00:00,9015,5.2,,1.0,2024-03-11 00:00:00,161.0,2do tercio lactancia
4321,2024-08-19 00:00:00,7012,7.2,,2.0,2024-05-21 00:00:00,90.0,1er tercio lactancia
4322,2024-08-19 00:00:00,0267,7.8,,1.0,2024-06-27 00:00:00,53.0,1er tercio lactancia
4323,2024-08-19 00:00:00,8019,7.2,,2.0,2024-07-18 00:00:00,32.0,1er tercio lactancia
4324,2024-08-19 00:00:00,8050,4.9,,2.0,2024-05-26 00:00:00,85.0,1er tercio lactancia
4325,2024-08-19 00:00:00,6043,3.6,,2.0,2023-12-18 00:00:00,245.0,3er tercio lactancia
4326,2024-08-19 00:00:00,0259,7.3,,1.0,2024-02-24 00:00:00,177.0,2do tercio lactancia
4327,2024-08-19 00:00:00,8054,6.1,,2.0,2024-05-19 00:00:00,92.0,2do tercio lactancia
4328,2024-08-19 00:00:00,3026A,8.6,,3.0,2024-07-04 00:00:00,46.0,1er tercio lactancia
4329,2024-08-19 00:00:00,7061,5.7,,1.0,2024-01-22 00:00:00,210.0,3er tercio lactancia
4330,2024-08-19 00:00:00,0278,4.3,,1.0,2024-02-22 00:00:00,179.0,2do tercio lactancia
4331,2024-08-19 00:00:00,2234,5.8,,3.0,2024-06-11 00:00:00,69.0,1er tercio lactancia
4332,2024-08-19 00:00:00,0500,7.7,,3.0,2024-05-23 00:00:00,88.0,1er tercio lactancia
4333,2024-08-19 00:00:00,3107,9.8,,3.0,2024-04-21 00:00:00,120.0,2do tercio lactancia
4334,2024-08-19 00:00:00,7077,3.7,,2.0,2024-03-16 00:00:00,156.0,2do tercio lactancia
4335,2024-08-19 00:00:00,9053,6.2,,1.0,2024-03-08 00:00:00,164.0,2do tercio lactancia
4336,2024-08-19 00:00:00,2130,2.8,,3.0,2024-01-02 00:00:00,230.0,3er tercio lactancia
4337,2024-08-19 00:00:00,0333,5.5,,1.0,2024-02-02 00:00:00,199.0,3er tercio lactancia
4338,2024-08-19 00:00:00,4007,3.8,,3.0,2024-07-31 00:00:00,19.0,1er tercio lactancia
4339,2024-08-19 00:00:00,8017,6.9,,2.0,2024-05-19 00:00:00,92.0,2do tercio lactancia
4340,2024-08-19 00:00:00,0111,4.5,,1.0,2024-01-28 00:00:00,204.0,3er tercio lactancia
4341,2024-08-19 00:00:00,8076,5.1,,1.0,2023-12-11 00:00:00,252.0,3er tercio lactancia
4342,2024-08-19 00:00:00,8043,5.8,,2.0,2024-08-08 00:00:00,11.0,1er tercio lactancia
4343,2024-08-19 00:00:00,9024,5.2,,1.0,2024-07-31 00:00:00,19.0,1er tercio lactancia
4344,2024-08-19 00:00:00,4072,1.8,,2.0,2024-08-17 00:00:00,2.0,1er tercio lactancia
4345,2024-09-02 00:00:00,8061,3.3,,1.0,2023-12-15 00:00:00,262.0,3er tercio lactancia
4346,2024-09-02 00:00:00,0298A,9.1,,1.0,2024-01-14 00:00:00,232.0,3er tercio lactancia
4347,2024-09-02 00:00:00,8037,3.7,,1.0,2024-02-26 00:00:00,189.0,3er tercio lactancia
4348,2024-09-02 00:00:00,8063,5.1,,3.0,2024-03-23 00:00:00,163.0,2do tercio lactancia
4349,2024-09-02 00:00:00,5076,3.7,,2.0,2024-05-20 00:00:00,105.0,2do tercio lactancia
4350,2024-09-02 00:00:00,4072,6.4,,2.0,2024-08-17 00:00:00,16.0,1er tercio lactancia
4351,2024-09-02 00:00:00,9058,6.1,,1.0,2023-12-31 00:00:00,246.0,3er tercio lactancia
4352,2024-09-02 00:00:00,6011,2.6,,2.0,2024-05-10 00:00:00,115.0,2do tercio lactancia
4353,2024-09-02 00:00:00,9103,6.1,,1.0,2024-04-07 00:00:00,148.0,2do tercio lactancia
4354,2024-09-02 00:00:00,8030,5.9,,2.0,2024-04-09 00:00:00,146.0,2do tercio lactancia
4355,2024-09-02 00:00:00,6021,9.2,,3.0,2024-07-19 00:00:00,45.0,1er tercio lactancia
4356,2024-09-02 00:00:00,1066A,3.4,,3.0,2024-02-17 00:00:00,198.0,3er tercio lactancia
4357,2024-09-02 00:00:00,4035,6.6,,3.0,2024-02-14 00:00:00,201.0,3er tercio lactancia
4358,2024-09-02 00:00:00,3003A,8.7,,3.0,2024-06-03 00:00:00,91.0,2do tercio lactancia
4359,2024-09-02 00:00:00,2080,8.6,,3.0,2024-05-13 00:00:00,112.0,2do tercio lactancia
4360,2024-09-02 00:00:00,4018,6.9,,3.0,2024-08-02 00:00:00,31.0,1er tercio lactancia
4361,2024-09-02 00:00:00,9076,6.0,,1.0,2024-02-18 00:00:00,197.0,3er tercio lactancia
4362,2024-09-02 00:00:00,80272,3.7,,2.0,2024-05-26 00:00:00,99.0,2do tercio lactancia
4363,2024-09-02 00:00:00,2063A,11.5,,4.0,2024-07-26 00:00:00,38.0,1er tercio lactancia
4364,2024-09-02 00:00:00,7074,8.2,,2.0,2024-06-14 00:00:00,80.0,1er tercio lactancia
4365,2024-09-02 00:00:00,4055,3.3,,3.0,2024-08-06 00:00:00,27.0,1er tercio lactancia
4366,2024-09-02 00:00:00,0226,7.2,,1.0,2024-02-28 00:00:00,187.0,3er tercio lactancia
4367,2024-09-02 00:00:00,3132,3.8,,2.0,2023-12-25 00:00:00,252.0,3er tercio lactancia
4368,2024-09-02 00:00:00,8062,4.2,,1.0,2023-12-24 00:00:00,253.0,3er tercio lactancia
4369,2024-09-02 00:00:00,1004,5.2,,1.0,2024-03-04 00:00:00,182.0,3er tercio lactancia
4370,2024-09-02 00:00:00,2148A,9.2,,3.0,2024-08-01 00:00:00,32.0,1er tercio lactancia
4371,2024-09-02 00:00:00,4095,5.6,,3.0,2024-02-08 00:00:00,207.0,3er tercio lactancia
4372,2024-09-02 00:00:00,91171,3.9,,1.0,2023-12-16 00:00:00,261.0,3er tercio lactancia
4373,2024-09-02 00:00:00,0132,3.7,,3.0,2023-12-12 00:00:00,265.0,3er tercio lactancia
4374,2024-09-02 00:00:00,5150,4.0,,2.0,2024-01-22 00:00:00,224.0,3er tercio lactancia
4375,2024-09-02 00:00:00,2180A,7.9,,3.0,2024-04-10 00:00:00,145.0,2do tercio lactancia
4376,2024-09-02 00:00:00,8094,4.2,,2.0,2024-03-09 00:00:00,177.0,2do tercio lactancia
4377,2024-09-02 00:00:00,9037,5.2,,1.0,2024-03-18 00:00:00,168.0,2do tercio lactancia
4378,2024-09-02 00:00:00,7059,7.6,,2.0,2024-05-21 00:00:00,104.0,2do tercio lactancia
4379,2024-09-02 00:00:00,8077,3.7,,2.0,2024-05-31 00:00:00,94.0,2do tercio lactancia
4380,2024-09-02 00:00:00,7028,9.2,,3.0,2024-05-19 00:00:00,106.0,2do tercio lactancia
4381,2024-09-02 00:00:00,9091,4.2,,1.0,2024-03-30 00:00:00,156.0,2do tercio lactancia
4382,2024-09-02 00:00:00,80882,8.7,,2.0,2024-05-12 00:00:00,113.0,2do tercio lactancia
4383,2024-09-02 00:00:00,809,8.0,,2.0,2024-05-29 00:00:00,96.0,2do tercio lactancia
4384,2024-09-02 00:00:00,0329,5.5,,1.0,2024-02-22 00:00:00,193.0,3er tercio lactancia
4385,2024-09-02 00:00:00,8087,8.3,,2.0,2024-07-26 00:00:00,38.0,1er tercio lactancia
4386,2024-09-02 00:00:00,30212,7.3,,1.0,2024-03-21 00:00:00,165.0,2do tercio lactancia
4387,2024-09-02 00:00:00,0241,9.0,,1.0,2024-04-14 00:00:00,141.0,2do tercio lactancia
4388,2024-09-02 00:00:00,8079,6.9,,2.0,2024-04-21 00:00:00,134.0,2do tercio lactancia
4389,2024-09-02 00:00:00,3750,8.7,,3.0,2024-04-06 00:00:00,149.0,2do tercio lactancia
4390,2024-09-02 00:00:00,34,6.7,,1.0,2024-02-14 00:00:00,201.0,3er tercio lactancia
4391,2024-09-02 00:00:00,2050,7.0,,3.0,2024-05-25 00:00:00,100.0,2do tercio lactancia
4392,2024-09-02 00:00:00,8045,6.3,,2.0,2024-07-27 00:00:00,37.0,1er tercio lactancia
4393,2024-09-02 00:00:00,9051,9.1,,2.0,2024-06-24 00:00:00,70.0,1er tercio lactancia
4394,2024-09-02 00:00:00,2096,4.2,,3.0,2023-12-09 00:00:00,268.0,3er tercio lactancia
4395,2024-09-02 00:00:00,0284,3.6,,,,,
4396,2024-09-02 00:00:00,1091A,8.0,,2.0,2024-05-14 00:00:00,111.0,2do tercio lactancia
4397,2024-09-02 00:00:00,9125,4.4,,1.0,2023-12-28 00:00:00,249.0,3er tercio lactancia
4398,2024-09-02 00:00:00,2090A,6.6,,2.0,2024-02-23 00:00:00,192.0,3er tercio lactancia
4399,2024-09-02 00:00:00,5077,7.4,,2.0,2024-07-15 00:00:00,49.0,1er tercio lactancia
4400,2024-09-02 00:00:00,8033,5.8,,2.0,2024-07-04 00:00:00,60.0,1er tercio lactancia
4401,2024-09-02 00:00:00,7022,4.2,,1.0,2023-12-26 00:00:00,251.0,3er tercio lactancia
4402,2024-09-02 00:00:00,0272,3.6,,1.0,2023-12-11 00:00:00,266.0,3er tercio lactancia
4403,2024-09-02 00:00:00,4151,10.4,,3.0,2024-06-23 00:00:00,71.0,1er tercio lactancia
4404,2024-09-02 00:00:00,80121,7.5,,2.0,2024-05-09 00:00:00,116.0,2do tercio lactancia
4405,2024-09-02 00:00:00,2124A,12.3,,3.0,2024-06-30 00:00:00,64.0,1er tercio lactancia
4406,2024-09-02 00:00:00,0249,7.5,,1.0,2024-02-20 00:00:00,195.0,3er tercio lactancia
4407,2024-09-02 00:00:00,2209A,7.7,,2.0,2023-12-25 00:00:00,252.0,3er tercio lactancia
4408,2024-09-02 00:00:00,7017,8.0,,2.0,2024-05-15 00:00:00,110.0,2do tercio lactancia
4409,2024-09-02 00:00:00,2047,6.5,,3.0,2024-05-10 00:00:00,115.0,2do tercio lactancia
4410,2024-09-02 00:00:00,EMB 5,4.0,,2.0,2024-07-26 00:00:00,38.0,1er tercio lactancia
4411,2024-09-02 00:00:00,0336,4.9,,1.0,2024-04-07 00:00:00,148.0,2do tercio lactancia
4412,2024-09-02 00:00:00,0322,3.3,,1.0,2024-02-24 00:00:00,191.0,3er tercio lactancia
4413,2024-09-02 00:00:00,5052,7.0,,2.0,2024-04-17 00:00:00,138.0,2do tercio lactancia
4414,2024-09-02 00:00:00,6067,8.4,,3.0,2023-12-22 00:00:00,255.0,3er tercio lactancia
4415,2024-09-02 00:00:00,5030,4.4,,1.0,2024-01-18 00:00:00,228.0,3er tercio lactancia
4416,2024-09-02 00:00:00,1095A,7.7,,2.0,2024-02-25 00:00:00,190.0,3er tercio lactancia
4417,2024-09-02 00:00:00,20334,5.1,,2.0,2024-02-10 00:00:00,205.0,3er tercio lactancia
4418,2024-09-02 00:00:00,2171,6.3,,3.0,2023-12-28 00:00:00,249.0,3er tercio lactancia
4419,2024-09-02 00:00:00,2073,9.9,,3.0,2024-05-09 00:00:00,116.0,2do tercio lactancia
4420,2024-09-02 00:00:00,0229,4.6,,1.0,2023-12-27 00:00:00,250.0,3er tercio lactancia
4421,2024-09-02 00:00:00,8036,7.1,,2.0,2023-12-15 00:00:00,262.0,3er tercio lactancia
4422,2024-09-02 00:00:00,5079,5.4,,2.0,2024-07-19 00:00:00,45.0,1er tercio lactancia
4423,2024-09-02 00:00:00,0323,6.5,,1.0,2024-02-02 00:00:00,213.0,3er tercio lactancia
4424,2024-09-02 00:00:00,91262,6.5,,1.0,2023-12-10 00:00:00,267.0,3er tercio lactancia
4425,2024-09-02 00:00:00,0231A,3.6,,1.0,2024-01-30 00:00:00,216.0,3er tercio lactancia
4426,2024-09-02 00:00:00,5146,6.3,,2.0,2024-07-16 00:00:00,48.0,1er tercio lactancia
4427,2024-09-02 00:00:00,0201,6.7,,1.0,2024-02-02 00:00:00,213.0,3er tercio lactancia
4428,2024-09-02 00:00:00,9006,4.4,,1.0,2024-03-10 00:00:00,176.0,2do tercio lactancia
4429,2024-09-02 00:00:00,2196A,9.4,,3.0,2024-07-31 00:00:00,33.0,1er tercio lactancia
4430,2024-09-02 00:00:00,9071,3.2,,2.0,2024-06-07 00:00:00,87.0,1er tercio lactancia
4431,2024-09-02 00:00:00,8046,16.2,,2.0,2024-08-06 00:00:00,27.0,1er tercio lactancia
4432,2024-09-02 00:00:00,3043,4.7,,2.0,2024-02-11 00:00:00,204.0,3er tercio lactancia
4433,2024-09-02 00:00:00,2021,5.5,,3.0,2023-11-27 00:00:00,280.0,3er tercio lactancia
4434,2024-09-02 00:00:00,5060,3.2,,1.0,2024-02-11 00:00:00,204.0,3er tercio lactancia
4435,2024-09-02 00:00:00,9015,5.4,,1.0,2024-03-11 00:00:00,175.0,2do tercio lactancia
4436,2024-09-02 00:00:00,7012,4.5,,2.0,2024-05-21 00:00:00,104.0,2do tercio lactancia
4437,2024-09-02 00:00:00,0267,8.2,,1.0,2024-06-27 00:00:00,67.0,1er tercio lactancia
4438,2024-09-02 00:00:00,8019,6.6,,2.0,2024-07-18 00:00:00,46.0,1er tercio lactancia
4439,2024-09-02 00:00:00,8050,3.6,,2.0,2024-05-26 00:00:00,99.0,2do tercio lactancia
4440,2024-09-02 00:00:00,6043,4.2,,2.0,2023-12-18 00:00:00,259.0,3er tercio lactancia
4441,2024-09-02 00:00:00,0259,8.6,,1.0,2024-02-24 00:00:00,191.0,3er tercio lactancia
4442,2024-09-02 00:00:00,8054,6.3,,2.0,2024-05-19 00:00:00,106.0,2do tercio lactancia
4443,2024-09-02 00:00:00,3026A,9.4,,3.0,2024-07-04 00:00:00,60.0,1er tercio lactancia
4444,2024-09-02 00:00:00,7061,3.1,,1.0,2024-01-22 00:00:00,224.0,3er tercio lactancia
4445,2024-09-02 00:00:00,0278,5.2,,1.0,2024-02-22 00:00:00,193.0,3er tercio lactancia
4446,2024-09-02 00:00:00,2234,6.8,,3.0,2024-06-11 00:00:00,83.0,1er tercio lactancia
4447,2024-09-02 00:00:00,0500,6.9,,3.0,2024-05-23 00:00:00,102.0,2do tercio lactancia
4448,2024-09-02 00:00:00,3107,7.6,,3.0,2024-04-21 00:00:00,134.0,2do tercio lactancia
4449,2024-09-02 00:00:00,1112A,4.0,,2.0,2024-08-31 00:00:00,2.0,1er tercio lactancia
4450,2024-09-02 00:00:00,7077,3.6,,2.0,2024-03-16 00:00:00,170.0,2do tercio lactancia
4451,2024-09-02 00:00:00,9053,7.9,,1.0,2024-03-08 00:00:00,178.0,2do tercio lactancia
4452,2024-09-02 00:00:00,2094A,7.7,,4.0,2024-08-20 00:00:00,13.0,1er tercio lactancia
4453,2024-09-02 00:00:00,0333,5.5,,1.0,2024-02-02 00:00:00,213.0,3er tercio lactancia
4454,2024-09-02 00:00:00,4007,5.0,,3.0,2024-07-31 00:00:00,33.0,1er tercio lactancia
4455,2024-09-02 00:00:00,8017,7.2,,2.0,2024-05-19 00:00:00,106.0,2do tercio lactancia
4456,2024-09-02 00:00:00,0111,3.9,,1.0,2024-01-28 00:00:00,218.0,3er tercio lactancia
4457,2024-09-02 00:00:00,8076,4.6,,1.0,2023-12-11 00:00:00,266.0,3er tercio lactancia
4458,2024-09-02 00:00:00,0353,4.2,,1.0,2024-08-28 00:00:00,5.0,1er tercio lactancia
4459,2024-09-02 00:00:00,8043,7.9,,2.0,2024-08-08 00:00:00,25.0,1er tercio lactancia
4460,2024-09-02 00:00:00,9024,7.7,,1.0,2024-07-31 00:00:00,33.0,1er tercio lactancia
4461,2024-09-02 00:00:00,9126A,1.4,,1.0,2024-08-22 00:00:00,11.0,1er tercio lactancia
4462,2024-09-02 00:00:00,1015,8.4,,3.0,2024-07-31 00:00:00,33.0,1er tercio lactancia
4463,2024-01-18 00:00:00,BU334,2.6,,1.0,2023-09-09 00:00:00,131.0,2do tercio lactancia
4464,2024-01-18 00:00:00,BU331,5.1,,1.0,2023-09-25 00:00:00,115.0,2do tercio lactancia
4465,2024-01-18 00:00:00,BU343,3.5,,1.0,2023-10-16 00:00:00,94.0,2do tercio lactancia
4466,2024-01-18 00:00:00,BU351,5.2,,1.0,2023-10-02 00:00:00,108.0,2do tercio lactancia
4467,2024-01-18 00:00:00,BU062,2.9,,1.0,2023-10-18 00:00:00,92.0,2do tercio lactancia
4468,2024-01-18 00:00:00,BU336,3.8,,1.0,2023-11-11 00:00:00,68.0,1er tercio lactancia
4469,2024-01-18 00:00:00,BU052,5.5,,1.0,2023-08-12 00:00:00,159.0,2do tercio lactancia
4470,2024-01-18 00:00:00,BU341,3.3,,1.0,2023-10-19 00:00:00,91.0,2do tercio lactancia
4471,2024-01-18 00:00:00,BU339,2.2,,1.0,2023-08-05 00:00:00,166.0,2do tercio lactancia
4472,2024-01-18 00:00:00,BU333,3.1,,1.0,2023-08-15 00:00:00,156.0,2do tercio lactancia
4473,2024-01-18 00:00:00,BU337,3.4,,1.0,2023-08-25 00:00:00,146.0,2do tercio lactancia
4474,2024-01-18 00:00:00,BU338,2.0,,1.0,2023-09-19 00:00:00,121.0,2do tercio lactancia
4475,2024-01-18 00:00:00,BU350,4.0,,1.0,2023-09-16 00:00:00,124.0,2do tercio lactancia
4476,2024-01-18 00:00:00,BU340,4.2,,1.0,2023-08-26 00:00:00,145.0,2do tercio lactancia
4477,2024-01-18 00:00:00,BU342,6.1,,1.0,2023-11-01 00:00:00,78.0,1er tercio lactancia
4478,2024-01-18 00:00:00,BU345,4.7,,1.0,2023-10-20 00:00:00,90.0,1er tercio lactancia
4479,2024-01-18 00:00:00,BU036,3.4,,1.0,2023-08-21 00:00:00,150.0,2do tercio lactancia
4480,2024-01-18 00:00:00,BU346,5.7,,1.0,2023-10-30 00:00:00,80.0,1er tercio lactancia
4481,2024-01-18 00:00:00,BU349,4.5,,1.0,2023-11-25 00:00:00,54.0,1er tercio lactancia
4482,2024-01-18 00:00:00,BU332,3.3,,1.0,2023-06-18 00:00:00,214.0,3er tercio lactancia
4483,2024-01-18 00:00:00,BU344,6.8,,1.0,2023-09-20 00:00:00,120.0,2do tercio lactancia
4484,2024-01-18 00:00:00,BU035,4.6,,1.0,2023-08-18 00:00:00,153.0,2do tercio lactancia
4485,2024-01-18 00:00:00,BU347,3.3,,1.0,2023-08-15 00:00:00,156.0,2do tercio lactancia
4486,2024-01-18 00:00:00,BU335,3.6,,1.0,2023-11-15 00:00:00,64.0,1er tercio lactancia
4487,2024-01-18 00:00:00,BU106,7.1,,1.0,2023-09-05 00:00:00,135.0,2do tercio lactancia
4488,2024-09-06 00:00:00,BU002,3.2,,1.0,2024-06-26 00:00:00,72.0,1er tercio lactancia
4489,2024-09-06 00:00:00,BU004,2.6,,1.0,2024-07-16 00:00:00,52.0,1er tercio lactancia
4490,2024-09-06 00:00:00,BU035,5.9,,2.0,2024-08-10 00:00:00,27.0,1er tercio lactancia
4491,2024-09-06 00:00:00,BU052,4.1,,2.0,2024-08-18 00:00:00,19.0,1er tercio lactancia
4492,2024-09-06 00:00:00,BU053,8.1,,1.0,2024-08-01 00:00:00,36.0,1er tercio lactancia
4493,2024-09-06 00:00:00,BU106,2.9,,1.0,2024-08-20 00:00:00,17.0,1er tercio lactancia
4494,2024-09-06 00:00:00,BU320,4.8,,1.0,2024-08-08 00:00:00,29.0,1er tercio lactancia
4495,2024-09-06 00:00:00,BU331,2.2,,,,,
4496,2024-09-06 00:00:00,BU332,5.8,,2.0,2024-08-12 00:00:00,25.0,1er tercio lactancia
4497,2024-09-06 00:00:00,BU335,2.3,,,,,
4498,2024-09-06 00:00:00,BU338,5.0,,1.0,2024-08-18 00:00:00,19.0,1er tercio lactancia
4499,2024-09-06 00:00:00,BU340,7.3,,1.0,2023-08-26 00:00:00,377.0,3er tercio lactancia
4500,2024-09-06 00:00:00,BU344,4.5,,1.0,2024-08-18 00:00:00,19.0,1er tercio lactancia
4501,2024-09-06 00:00:00,BU347,5.9,,2.0,2024-07-28 00:00:00,40.0,1er tercio lactancia
4502,2024-09-06 00:00:00,BU351,2.4,,1.0,2024-08-26 00:00:00,11.0,1er tercio lactancia
4503,2024-09-22 00:00:00,0298A,6.7,,1.0,2024-01-14 00:00:00,252.0,3er tercio lactancia
4504,2024-09-22 00:00:00,8063,3.6,,3.0,2024-03-23 00:00:00,183.0,3er tercio lactancia
4505,2024-09-22 00:00:00,5076,3.4,,2.0,2024-05-20 00:00:00,125.0,2do tercio lactancia
4506,2024-09-22 00:00:00,4072,2.8,,2.0,2024-08-17 00:00:00,36.0,1er tercio lactancia
4507,2024-09-22 00:00:00,9058,6.9,,1.0,2023-12-31 00:00:00,266.0,3er tercio lactancia
4508,2024-09-22 00:00:00,6011,2.8,,2.0,2024-05-10 00:00:00,135.0,2do tercio lactancia
4509,2024-09-22 00:00:00,9103,5.4,,1.0,2024-04-07 00:00:00,168.0,2do tercio lactancia
4510,2024-09-22 00:00:00,8030,5.1,,2.0,2024-04-09 00:00:00,166.0,2do tercio lactancia
4511,2024-09-22 00:00:00,6021,8.1,,3.0,2024-07-19 00:00:00,65.0,1er tercio lactancia
4512,2024-09-22 00:00:00,1066A,3.4,,3.0,2024-02-17 00:00:00,218.0,3er tercio lactancia
4513,2024-09-22 00:00:00,4035,6.7,,3.0,2024-02-14 00:00:00,221.0,3er tercio lactancia
4514,2024-09-22 00:00:00,3003A,8.3,,3.0,2024-06-03 00:00:00,111.0,2do tercio lactancia
4515,2024-09-22 00:00:00,2080,8.8,,3.0,2024-05-13 00:00:00,132.0,2do tercio lactancia
4516,2024-09-22 00:00:00,4018,8.0,,3.0,2024-08-02 00:00:00,51.0,1er tercio lactancia
4517,2024-09-22 00:00:00,9076,6.0,,1.0,2024-02-18 00:00:00,217.0,3er tercio lactancia
4518,2024-09-22 00:00:00,80272,3.1,,2.0,2024-05-26 00:00:00,119.0,2do tercio lactancia
4519,2024-09-22 00:00:00,2063A,9.9,,4.0,2024-07-26 00:00:00,58.0,1er tercio lactancia
4520,2024-09-22 00:00:00,7074,7.3,,2.0,2024-06-14 00:00:00,100.0,2do tercio lactancia
4521,2024-09-22 00:00:00,4055,5.3,,3.0,2024-08-06 00:00:00,47.0,1er tercio lactancia
4522,2024-09-22 00:00:00,3119,5.8,,4.0,2024-09-12 00:00:00,10.0,1er tercio lactancia
4523,2024-09-22 00:00:00,2149A,8.5,,3.0,2024-09-05 00:00:00,17.0,1er tercio lactancia
4524,2024-09-22 00:00:00,0226,6.4,,1.0,2024-02-28 00:00:00,207.0,3er tercio lactancia
4525,2024-09-22 00:00:00,3132,2.2,,2.0,2023-12-25 00:00:00,272.0,3er tercio lactancia
4526,2024-09-22 00:00:00,8062,5.2,,1.0,2023-12-24 00:00:00,273.0,3er tercio lactancia
4527,2024-09-22 00:00:00,1004,6.0,,1.0,2024-03-04 00:00:00,202.0,3er tercio lactancia
4528,2024-09-22 00:00:00,2148A,8.6,,3.0,2024-08-01 00:00:00,52.0,1er tercio lactancia
4529,2024-09-22 00:00:00,0132,3.4,,3.0,2023-12-12 00:00:00,285.0,3er tercio lactancia
4530,2024-09-22 00:00:00,5150,3.7,,2.0,2024-01-22 00:00:00,244.0,3er tercio lactancia
4531,2024-09-22 00:00:00,2180A,7.2,,3.0,2024-04-10 00:00:00,165.0,2do tercio lactancia
4532,2024-09-22 00:00:00,8094,4.6,,2.0,2024-03-09 00:00:00,197.0,3er tercio lactancia
4533,2024-09-22 00:00:00,9037,5.3,,1.0,2024-03-18 00:00:00,188.0,3er tercio lactancia
4534,2024-09-22 00:00:00,7059,6.3,,2.0,2024-05-21 00:00:00,124.0,2do tercio lactancia
4535,2024-09-22 00:00:00,8077,3.9,,2.0,2024-05-31 00:00:00,114.0,2do tercio lactancia
4536,2024-09-22 00:00:00,7028,8.0,,3.0,2024-05-19 00:00:00,126.0,2do tercio lactancia
4537,2024-09-22 00:00:00,9091,3.5,,1.0,2024-03-30 00:00:00,176.0,2do tercio lactancia
4538,2024-09-22 00:00:00,80882,8.8,,2.0,2024-05-12 00:00:00,133.0,2do tercio lactancia
4539,2024-09-22 00:00:00,809,6.7,,2.0,2024-05-29 00:00:00,116.0,2do tercio lactancia
4540,2024-09-22 00:00:00,0329,5.3,,1.0,2024-02-22 00:00:00,213.0,3er tercio lactancia
4541,2024-09-22 00:00:00,8087,7.6,,2.0,2024-07-26 00:00:00,58.0,1er tercio lactancia
4542,2024-09-22 00:00:00,30212,6.6,,1.0,2024-03-21 00:00:00,185.0,3er tercio lactancia
4543,2024-09-22 00:00:00,0241,7.9,,1.0,2024-04-14 00:00:00,161.0,2do tercio lactancia
4544,2024-09-22 00:00:00,8079,6.3,,2.0,2024-04-21 00:00:00,154.0,2do tercio lactancia
4545,2024-09-22 00:00:00,3750,7.8,,3.0,2024-04-06 00:00:00,169.0,2do tercio lactancia
4546,2024-09-22 00:00:00,34,6.2,,1.0,2024-02-14 00:00:00,221.0,3er tercio lactancia
4547,2024-09-22 00:00:00,2050,7.8,,3.0,2024-05-25 00:00:00,120.0,2do tercio lactancia
4548,2024-09-22 00:00:00,8045,7.9,,2.0,2024-07-27 00:00:00,57.0,1er tercio lactancia
4549,2024-09-22 00:00:00,9051,8.0,,2.0,2024-06-24 00:00:00,90.0,1er tercio lactancia
4550,2024-09-22 00:00:00,2096,2.0,,3.0,2023-12-09 00:00:00,288.0,3er tercio lactancia
4551,2024-09-22 00:00:00,0284,3.8,,,,,
4552,2024-09-22 00:00:00,1091A,7.0,,2.0,2024-05-14 00:00:00,131.0,2do tercio lactancia
4553,2024-09-22 00:00:00,9125,4.2,,1.0,2023-12-28 00:00:00,269.0,3er tercio lactancia
4554,2024-09-22 00:00:00,2090A,6.9,,2.0,2024-02-23 00:00:00,212.0,3er tercio lactancia
4555,2024-09-22 00:00:00,5077,3.7,,2.0,2024-07-15 00:00:00,69.0,1er tercio lactancia
4556,2024-09-22 00:00:00,8033,5.2,,2.0,2024-07-04 00:00:00,80.0,1er tercio lactancia
4557,2024-09-22 00:00:00,7022,4.0,,1.0,2023-12-26 00:00:00,271.0,3er tercio lactancia
4558,2024-09-22 00:00:00,1015,7.7,,3.0,2024-07-31 00:00:00,53.0,1er tercio lactancia
4559,2024-09-22 00:00:00,0272,3.8,,1.0,2023-12-11 00:00:00,286.0,3er tercio lactancia
4560,2024-09-22 00:00:00,4151,8.3,,3.0,2024-06-23 00:00:00,91.0,2do tercio lactancia
4561,2024-09-22 00:00:00,80121,8.0,,2.0,2024-05-09 00:00:00,136.0,2do tercio lactancia
4562,2024-09-22 00:00:00,2124A,10.5,,3.0,2024-06-30 00:00:00,84.0,1er tercio lactancia
4563,2024-09-22 00:00:00,0249,5.9,,1.0,2024-02-20 00:00:00,215.0,3er tercio lactancia
4564,2024-09-22 00:00:00,2209A,6.2,,2.0,2023-12-25 00:00:00,272.0,3er tercio lactancia
4565,2024-09-22 00:00:00,7017,6.8,,2.0,2024-05-15 00:00:00,130.0,2do tercio lactancia
4566,2024-09-22 00:00:00,2047,6.5,,3.0,2024-05-10 00:00:00,135.0,2do tercio lactancia
4567,2024-09-22 00:00:00,EMB 5,2.1,,2.0,2024-07-26 00:00:00,58.0,1er tercio lactancia
4568,2024-09-22 00:00:00,0336,6.7,,1.0,2024-04-07 00:00:00,168.0,2do tercio lactancia
4569,2024-09-22 00:00:00,0322,3.5,,1.0,2024-02-24 00:00:00,211.0,3er tercio lactancia
4570,2024-09-22 00:00:00,5052,6.1,,2.0,2024-04-17 00:00:00,158.0,2do tercio lactancia
4571,2024-09-22 00:00:00,6067,7.6,,3.0,2023-12-22 00:00:00,275.0,3er tercio lactancia
4572,2024-09-22 00:00:00,5030,5.5,,1.0,2024-01-18 00:00:00,248.0,3er tercio lactancia
4573,2024-09-22 00:00:00,1095A,8.6,,2.0,2024-02-25 00:00:00,210.0,3er tercio lactancia
4574,2024-09-22 00:00:00,20334,3.6,,2.0,2024-02-10 00:00:00,225.0,3er tercio lactancia
4575,2024-09-22 00:00:00,2171,6.0,,3.0,2023-12-28 00:00:00,269.0,3er tercio lactancia
4576,2024-09-22 00:00:00,2073,11.1,,3.0,2024-05-09 00:00:00,136.0,2do tercio lactancia
4577,2024-09-22 00:00:00,0229,3.7,,1.0,2023-12-27 00:00:00,270.0,3er tercio lactancia
4578,2024-09-22 00:00:00,5079,6.0,,2.0,2024-07-19 00:00:00,65.0,1er tercio lactancia
4579,2024-09-22 00:00:00,0323,6.5,,1.0,2024-02-02 00:00:00,233.0,3er tercio lactancia
4580,2024-09-22 00:00:00,91262,6.4,,1.0,2023-12-10 00:00:00,287.0,3er tercio lactancia
4581,2024-09-22 00:00:00,0231A,2.7,,1.0,2024-01-30 00:00:00,236.0,3er tercio lactancia
4582,2024-09-22 00:00:00,5146,6.1,,2.0,2024-07-16 00:00:00,68.0,1er tercio lactancia
4583,2024-09-22 00:00:00,0201,6.1,,1.0,2024-02-02 00:00:00,233.0,3er tercio lactancia
4584,2024-09-22 00:00:00,9006,4.4,,1.0,2024-03-10 00:00:00,196.0,3er tercio lactancia
4585,2024-09-22 00:00:00,2196A,10.1,,3.0,2024-07-31 00:00:00,53.0,1er tercio lactancia
4586,2024-09-22 00:00:00,8086,4.1,,2.0,2024-09-13 00:00:00,9.0,1er tercio lactancia
4587,2024-09-22 00:00:00,9071,2.2,,2.0,2024-06-07 00:00:00,107.0,2do tercio lactancia
4588,2024-09-22 00:00:00,0128,3.6,,3.0,2024-08-24 00:00:00,29.0,1er tercio lactancia
4589,2024-09-22 00:00:00,8046,13.4,,2.0,2024-08-06 00:00:00,47.0,1er tercio lactancia
4590,2024-09-22 00:00:00,3043,3.2,,2.0,2024-02-11 00:00:00,224.0,3er tercio lactancia
4591,2024-09-22 00:00:00,2021,3.6,,3.0,2023-11-27 00:00:00,300.0,3er tercio lactancia
4592,2024-09-22 00:00:00,5060,3.2,,1.0,2024-02-11 00:00:00,224.0,3er tercio lactancia
4593,2024-09-22 00:00:00,5679,6.9,,3.0,2024-09-11 00:00:00,11.0,1er tercio lactancia
4594,2024-09-22 00:00:00,9015,6.6,,1.0,2024-03-11 00:00:00,195.0,3er tercio lactancia
4595,2024-09-22 00:00:00,4101,6.5,,3.0,2024-08-28 00:00:00,25.0,1er tercio lactancia
4596,2024-09-22 00:00:00,7012,6.2,,2.0,2024-05-21 00:00:00,124.0,2do tercio lactancia
4597,2024-09-22 00:00:00,0267,7.3,,1.0,2024-06-27 00:00:00,87.0,1er tercio lactancia
4598,2024-09-22 00:00:00,8019,8.1,,2.0,2024-07-18 00:00:00,66.0,1er tercio lactancia
4599,2024-09-22 00:00:00,8050,4.2,,2.0,2024-05-26 00:00:00,119.0,2do tercio lactancia
4600,2024-09-22 00:00:00,6043,3.8,,2.0,2023-12-18 00:00:00,279.0,3er tercio lactancia
4601,2024-09-22 00:00:00,8048,6.6,,2.0,2024-09-02 00:00:00,20.0,1er tercio lactancia
4602,2024-09-22 00:00:00,0259,8.0,,1.0,2024-02-24 00:00:00,211.0,3er tercio lactancia
4603,2024-09-22 00:00:00,8054,6.3,,2.0,2024-05-19 00:00:00,126.0,2do tercio lactancia
4604,2024-09-22 00:00:00,3026A,7.5,,3.0,2024-07-04 00:00:00,80.0,1er tercio lactancia
4605,2024-09-22 00:00:00,7061,2.9,,1.0,2024-01-22 00:00:00,244.0,3er tercio lactancia
4606,2024-09-22 00:00:00,0278,5.2,,1.0,2024-02-22 00:00:00,213.0,3er tercio lactancia
4607,2024-09-22 00:00:00,2234,6.9,,3.0,2024-06-11 00:00:00,103.0,2do tercio lactancia
4608,2024-09-22 00:00:00,0500,6.0,,3.0,2024-05-23 00:00:00,122.0,2do tercio lactancia
4609,2024-09-22 00:00:00,3107,7.3,,3.0,2024-04-21 00:00:00,154.0,2do tercio lactancia
4610,2024-09-22 00:00:00,7077,2.8,,2.0,2024-03-16 00:00:00,190.0,3er tercio lactancia
4611,2024-09-22 00:00:00,9053,6.8,,1.0,2024-03-08 00:00:00,198.0,3er tercio lactancia
4612,2024-09-22 00:00:00,2094A,9.6,,4.0,2024-08-20 00:00:00,33.0,1er tercio lactancia
4613,2024-09-22 00:00:00,0333,5.0,,1.0,2024-02-02 00:00:00,233.0,3er tercio lactancia
4614,2024-09-22 00:00:00,4007,4.7,,3.0,2024-07-31 00:00:00,53.0,1er tercio lactancia
4615,2024-09-22 00:00:00,8017,6.9,,2.0,2024-05-19 00:00:00,126.0,2do tercio lactancia
4616,2024-09-22 00:00:00,0111,3.7,,1.0,2024-01-28 00:00:00,238.0,3er tercio lactancia
4617,2024-09-22 00:00:00,8076,4.0,,1.0,2023-12-11 00:00:00,286.0,3er tercio lactancia
4618,2024-09-22 00:00:00,0353,7.9,,1.0,2024-08-28 00:00:00,25.0,1er tercio lactancia
4619,2024-09-22 00:00:00,2040,7.6,,1.0,2024-09-07 00:00:00,15.0,1er tercio lactancia
4620,2024-09-22 00:00:00,9024,6.0,,1.0,2024-07-31 00:00:00,53.0,1er tercio lactancia
4621,2024-09-22 00:00:00,9126A,1.7,,1.0,2024-08-22 00:00:00,31.0,1er tercio lactancia
4622,2024-09-22 00:00:00,8043,10.0,,2.0,2024-08-08 00:00:00,45.0,1er tercio lactancia
4623,2024-09-22 00:00:00,2072,2.7,,2.0,2024-09-20 00:00:00,2.0,1er tercio lactancia
4624,2024-10-14 00:00:00,0298A,6.3,,1.0,2024-01-14 00:00:00,274.0,3er tercio lactancia
4625,2024-10-14 00:00:00,0353,8.0,,1.0,2024-08-28 00:00:00,47.0,1er tercio lactancia
4626,2024-10-14 00:00:00,8063,3.8,,3.0,2024-03-23 00:00:00,205.0,3er tercio lactancia
4627,2024-10-14 00:00:00,5076,2.5,,2.0,2024-05-20 00:00:00,147.0,2do tercio lactancia
4628,2024-10-14 00:00:00,4072,6.1,,2.0,2024-08-17 00:00:00,58.0,1er tercio lactancia
4629,2024-10-14 00:00:00,9024,5.8,,1.0,2024-07-31 00:00:00,75.0,1er tercio lactancia
4630,2024-10-14 00:00:00,6011,2.8,,2.0,2024-05-10 00:00:00,157.0,2do tercio lactancia
4631,2024-10-14 00:00:00,9103,5.3,,1.0,2024-04-07 00:00:00,190.0,3er tercio lactancia
4632,2024-10-14 00:00:00,8030,4.1,,2.0,2024-04-09 00:00:00,188.0,3er tercio lactancia
4633,2024-10-14 00:00:00,6021,4.0,,3.0,2024-07-19 00:00:00,87.0,1er tercio lactancia
4634,2024-10-14 00:00:00,1066A,2.9,,3.0,2024-02-17 00:00:00,240.0,3er tercio lactancia
4635,2024-10-14 00:00:00,3003A,7.7,,3.0,2024-06-03 00:00:00,133.0,2do tercio lactancia
4636,2024-10-14 00:00:00,2080,7.5,,3.0,2024-05-13 00:00:00,154.0,2do tercio lactancia
4637,2024-10-14 00:00:00,4018,7.1,,3.0,2024-08-02 00:00:00,73.0,1er tercio lactancia
4638,2024-10-14 00:00:00,9076,6.0,,1.0,2024-02-18 00:00:00,239.0,3er tercio lactancia
4639,2024-10-14 00:00:00,80272,3.6,,2.0,2024-05-26 00:00:00,141.0,2do tercio lactancia
4640,2024-10-14 00:00:00,2063A,9.5,,4.0,2024-07-26 00:00:00,80.0,1er tercio lactancia
4641,2024-10-14 00:00:00,7074,7.3,,2.0,2024-06-14 00:00:00,122.0,2do tercio lactancia
4642,2024-10-14 00:00:00,4055,4.6,,3.0,2024-08-06 00:00:00,69.0,1er tercio lactancia
4643,2024-10-14 00:00:00,3119,5.6,,4.0,2024-09-12 00:00:00,32.0,1er tercio lactancia
4644,2024-10-14 00:00:00,2149A,7.3,,3.0,2024-09-05 00:00:00,39.0,1er tercio lactancia
4645,2024-10-14 00:00:00,0226,6.3,,1.0,2024-02-28 00:00:00,229.0,3er tercio lactancia
4646,2024-10-14 00:00:00,3132,1.6,,2.0,2023-12-25 00:00:00,294.0,3er tercio lactancia
4647,2024-10-14 00:00:00,8062,4.2,,1.0,2023-12-24 00:00:00,295.0,3er tercio lactancia
4648,2024-10-14 00:00:00,1004,5.1,,1.0,2024-03-04 00:00:00,224.0,3er tercio lactancia
4649,2024-10-14 00:00:00,2148A,6.4,,3.0,2024-08-01 00:00:00,74.0,1er tercio lactancia
4650,2024-10-14 00:00:00,5150,3.4,,2.0,2024-01-22 00:00:00,266.0,3er tercio lactancia
4651,2024-10-14 00:00:00,2180A,6.6,,3.0,2024-04-10 00:00:00,187.0,3er tercio lactancia
4652,2024-10-14 00:00:00,9037,4.8,,1.0,2024-03-18 00:00:00,210.0,3er tercio lactancia
4653,2024-10-14 00:00:00,7059,6.6,,2.0,2024-05-21 00:00:00,146.0,2do tercio lactancia
4654,2024-10-14 00:00:00,8077,2.9,,2.0,2024-05-31 00:00:00,136.0,2do tercio lactancia
4655,2024-10-14 00:00:00,7028,7.4,,3.0,2024-05-19 00:00:00,148.0,2do tercio lactancia
4656,2024-10-14 00:00:00,9091,3.3,,1.0,2024-03-30 00:00:00,198.0,3er tercio lactancia
4657,2024-10-14 00:00:00,80882,8.6,,2.0,2024-05-12 00:00:00,155.0,2do tercio lactancia
4658,2024-10-14 00:00:00,809,6.3,,2.0,2024-05-29 00:00:00,138.0,2do tercio lactancia
4659,2024-10-14 00:00:00,0329,3.4,,1.0,2024-02-22 00:00:00,235.0,3er tercio lactancia
4660,2024-10-14 00:00:00,8087,6.8,,2.0,2024-07-26 00:00:00,80.0,1er tercio lactancia
4661,2024-10-14 00:00:00,30212,6.0,,1.0,2024-03-21 00:00:00,207.0,3er tercio lactancia
4662,2024-10-14 00:00:00,0241,7.4,,1.0,2024-04-14 00:00:00,183.0,3er tercio lactancia
4663,2024-10-14 00:00:00,8079,5.7,,2.0,2024-04-21 00:00:00,176.0,2do tercio lactancia
4664,2024-10-14 00:00:00,3750,6.9,,3.0,2024-04-06 00:00:00,191.0,3er tercio lactancia
4665,2024-10-14 00:00:00,34,5.4,,1.0,2024-02-14 00:00:00,243.0,3er tercio lactancia
4666,2024-10-14 00:00:00,2050,7.3,,3.0,2024-05-25 00:00:00,142.0,2do tercio lactancia
4667,2024-10-14 00:00:00,8045,8.1,,2.0,2024-07-27 00:00:00,79.0,1er tercio lactancia
4668,2024-10-14 00:00:00,9051,6.6,,2.0,2024-06-24 00:00:00,112.0,2do tercio lactancia
4669,2024-10-14 00:00:00,1091A,6.2,,2.0,2024-05-14 00:00:00,153.0,2do tercio lactancia
4670,2024-10-14 00:00:00,9125,3.8,,1.0,2023-12-28 00:00:00,291.0,3er tercio lactancia
4671,2024-10-14 00:00:00,2090A,5.9,,2.0,2024-02-23 00:00:00,234.0,3er tercio lactancia
4672,2024-10-14 00:00:00,5077,7.0,,2.0,2024-07-15 00:00:00,91.0,2do tercio lactancia
4673,2024-10-14 00:00:00,8033,6.1,,2.0,2024-07-04 00:00:00,102.0,2do tercio lactancia
4674,2024-10-14 00:00:00,7022,7.9,,1.0,2023-12-26 00:00:00,293.0,3er tercio lactancia
4675,2024-10-14 00:00:00,1015,8.5,,3.0,2024-07-31 00:00:00,75.0,1er tercio lactancia
4676,2024-10-14 00:00:00,3066B,7.9,,3.0,2024-09-20 00:00:00,24.0,1er tercio lactancia
4677,2024-10-14 00:00:00,5144,5.7,,3.0,2024-10-09 00:00:00,5.0,1er tercio lactancia
4678,2024-10-14 00:00:00,4151,7.3,,3.0,2024-06-23 00:00:00,113.0,2do tercio lactancia
4679,2024-10-14 00:00:00,80121,3.9,,2.0,2024-05-09 00:00:00,158.0,2do tercio lactancia
4680,2024-10-14 00:00:00,2124A,9.4,,3.0,2024-06-30 00:00:00,106.0,2do tercio lactancia
4681,2024-10-14 00:00:00,0249,6.1,,1.0,2024-02-20 00:00:00,237.0,3er tercio lactancia
4682,2024-10-14 00:00:00,2209A,4.1,,2.0,2023-12-25 00:00:00,294.0,3er tercio lactancia
4683,2024-10-14 00:00:00,7017,7.0,,2.0,2024-05-15 00:00:00,152.0,2do tercio lactancia
4684,2024-10-14 00:00:00,2047,5.6,,3.0,2024-05-10 00:00:00,157.0,2do tercio lactancia
4685,2024-10-14 00:00:00,9040,4.2,,2.0,2024-09-29 00:00:00,15.0,1er tercio lactancia
4686,2024-10-14 00:00:00,0336,6.0,,1.0,2024-04-07 00:00:00,190.0,3er tercio lactancia
4687,2024-10-14 00:00:00,0322,2.7,,1.0,2024-02-24 00:00:00,233.0,3er tercio lactancia
4688,2024-10-14 00:00:00,5052,5.5,,2.0,2024-04-17 00:00:00,180.0,2do tercio lactancia
4689,2024-10-14 00:00:00,6067,4.7,,3.0,2023-12-22 00:00:00,297.0,3er tercio lactancia
4690,2024-10-14 00:00:00,5030,3.9,,1.0,2024-01-18 00:00:00,270.0,3er tercio lactancia
4691,2024-10-14 00:00:00,1095A,5.8,,2.0,2024-02-25 00:00:00,232.0,3er tercio lactancia
4692,2024-10-14 00:00:00,20334,3.3,,2.0,2024-02-10 00:00:00,247.0,3er tercio lactancia
4693,2024-10-14 00:00:00,2171,4.3,,3.0,2023-12-28 00:00:00,291.0,3er tercio lactancia
4694,2024-10-14 00:00:00,2073,8.7,,3.0,2024-05-09 00:00:00,158.0,2do tercio lactancia
4695,2024-10-14 00:00:00,4087,1.4,,3.0,2024-10-06 00:00:00,8.0,1er tercio lactancia
4696,2024-10-14 00:00:00,5079,6.7,,2.0,2024-07-19 00:00:00,87.0,1er tercio lactancia
4697,2024-10-14 00:00:00,0323,6.1,,1.0,2024-02-02 00:00:00,255.0,3er tercio lactancia
4698,2024-10-14 00:00:00,2072,7.5,,2.0,2024-09-20 00:00:00,24.0,1er tercio lactancia
4699,2024-10-14 00:00:00,0231A,3.2,,1.0,2024-01-30 00:00:00,258.0,3er tercio lactancia
4700,2024-10-14 00:00:00,5146,6.0,,2.0,2024-07-16 00:00:00,90.0,1er tercio lactancia
4701,2024-10-14 00:00:00,0201,5.6,,1.0,2024-02-02 00:00:00,255.0,3er tercio lactancia
4702,2024-10-14 00:00:00,9006,2.4,,1.0,2024-03-10 00:00:00,218.0,3er tercio lactancia
4703,2024-10-14 00:00:00,2196A,9.0,,3.0,2024-07-31 00:00:00,75.0,1er tercio lactancia
4704,2024-10-14 00:00:00,8086,5.0,,2.0,2024-09-13 00:00:00,31.0,1er tercio lactancia
4705,2024-10-14 00:00:00,9071,2.6,,2.0,2024-06-07 00:00:00,129.0,2do tercio lactancia
4706,2024-10-14 00:00:00,8046,11.0,,2.0,2024-08-06 00:00:00,69.0,1er tercio lactancia
4707,2024-10-14 00:00:00,3043,3.3,,2.0,2024-02-11 00:00:00,246.0,3er tercio lactancia
4708,2024-10-14 00:00:00,5679,7.8,,3.0,2024-09-11 00:00:00,33.0,1er tercio lactancia
4709,2024-10-14 00:00:00,9015,4.7,,1.0,2024-03-11 00:00:00,217.0,3er tercio lactancia
4710,2024-10-14 00:00:00,4101,4.9,,3.0,2024-08-28 00:00:00,47.0,1er tercio lactancia
4711,2024-10-14 00:00:00,7012,6.6,,2.0,2024-05-21 00:00:00,146.0,2do tercio lactancia
4712,2024-10-14 00:00:00,0267,5.6,,1.0,2024-06-27 00:00:00,109.0,2do tercio lactancia
4713,2024-10-14 00:00:00,8019,7.6,,2.0,2024-07-18 00:00:00,88.0,1er tercio lactancia
4714,2024-10-14 00:00:00,8050,2.4,,2.0,2024-05-26 00:00:00,141.0,2do tercio lactancia
4715,2024-10-14 00:00:00,6043,3.5,,2.0,2023-12-18 00:00:00,301.0,3er tercio lactancia
4716,2024-10-14 00:00:00,8048,8.3,,2.0,2024-09-02 00:00:00,42.0,1er tercio lactancia
4717,2024-10-14 00:00:00,0259,7.4,,1.0,2024-02-24 00:00:00,233.0,3er tercio lactancia
4718,2024-10-14 00:00:00,8054,5.7,,2.0,2024-05-19 00:00:00,148.0,2do tercio lactancia
4719,2024-10-14 00:00:00,3026A,6.7,,3.0,2024-07-04 00:00:00,102.0,2do tercio lactancia
4720,2024-10-14 00:00:00,3024A,11.0,,4.0,2024-10-03 00:00:00,11.0,1er tercio lactancia
4721,2024-10-14 00:00:00,7061,3.4,,1.0,2024-01-22 00:00:00,266.0,3er tercio lactancia
4722,2024-10-14 00:00:00,0278,4.2,,1.0,2024-02-22 00:00:00,235.0,3er tercio lactancia
4723,2024-10-14 00:00:00,2234,6.3,,3.0,2024-06-11 00:00:00,125.0,2do tercio lactancia
4724,2024-10-14 00:00:00,8043,8.6,,2.0,2024-08-08 00:00:00,67.0,1er tercio lactancia
4725,2024-10-14 00:00:00,2083,5.1,,3.0,2024-10-03 00:00:00,11.0,1er tercio lactancia
4726,2024-10-14 00:00:00,0500,5.8,,3.0,2024-05-23 00:00:00,144.0,2do tercio lactancia
4727,2024-10-14 00:00:00,3107,5.6,,3.0,2024-04-21 00:00:00,176.0,2do tercio lactancia
4728,2024-10-14 00:00:00,7077,3.4,,2.0,2024-03-16 00:00:00,212.0,3er tercio lactancia
4729,2024-10-14 00:00:00,9053,5.8,,1.0,2024-03-08 00:00:00,220.0,3er tercio lactancia
4730,2024-10-14 00:00:00,2094A,9.0,,4.0,2024-08-20 00:00:00,55.0,1er tercio lactancia
4731,2024-10-14 00:00:00,0333,3.6,,1.0,2024-02-02 00:00:00,255.0,3er tercio lactancia
4732,2024-10-14 00:00:00,4007,2.2,,3.0,2024-07-31 00:00:00,75.0,1er tercio lactancia
4733,2024-10-14 00:00:00,8017,7.3,,2.0,2024-05-19 00:00:00,148.0,2do tercio lactancia
4734,2024-10-14 00:00:00,0111,3.7,,1.0,2024-01-28 00:00:00,260.0,3er tercio lactancia
4735,2024-10-14 00:00:00,2040,7.4,,1.0,2024-09-07 00:00:00,37.0,1er tercio lactancia
4736,2024-10-28 00:00:00,0298A,6.7,,1.0,2024-01-14 00:00:00,288.0,3er tercio lactancia
4737,2024-10-28 00:00:00,0353,7.5,,1.0,2024-08-28 00:00:00,61.0,1er tercio lactancia
4738,2024-10-28 00:00:00,5076,2.9,,2.0,2024-05-20 00:00:00,161.0,2do tercio lactancia
4739,2024-10-28 00:00:00,4072,6.1,,2.0,2024-08-17 00:00:00,72.0,1er tercio lactancia
4740,2024-10-28 00:00:00,9024,4.4,,1.0,2024-07-31 00:00:00,89.0,1er tercio lactancia
4741,2024-10-28 00:00:00,6011,2.9,,2.0,2024-05-10 00:00:00,171.0,2do tercio lactancia
4742,2024-10-28 00:00:00,9103,5.7,,1.0,2024-04-07 00:00:00,204.0,3er tercio lactancia
4743,2024-10-28 00:00:00,8030,2.8,,2.0,2024-04-09 00:00:00,202.0,3er tercio lactancia
4744,2024-10-28 00:00:00,6021,1.6,,3.0,2024-07-19 00:00:00,101.0,2do tercio lactancia
4745,2024-10-28 00:00:00,1066A,2.7,,3.0,2024-02-17 00:00:00,254.0,3er tercio lactancia
4746,2024-10-28 00:00:00,3003A,7.4,,3.0,2024-06-03 00:00:00,147.0,2do tercio lactancia
4747,2024-10-28 00:00:00,2080,7.3,,3.0,2024-05-13 00:00:00,168.0,2do tercio lactancia
4748,2024-10-28 00:00:00,4018,6.7,,3.0,2024-08-02 00:00:00,87.0,1er tercio lactancia
4749,2024-10-28 00:00:00,9076,5.8,,1.0,2024-02-18 00:00:00,253.0,3er tercio lactancia
4750,2024-10-28 00:00:00,80272,3.1,,2.0,2024-05-26 00:00:00,155.0,2do tercio lactancia
4751,2024-10-28 00:00:00,2063A,8.7,,4.0,2024-07-26 00:00:00,94.0,2do tercio lactancia
4752,2024-10-28 00:00:00,7074,6.8,,2.0,2024-06-14 00:00:00,136.0,2do tercio lactancia
4753,2024-10-28 00:00:00,4055,5.6,,3.0,2024-08-06 00:00:00,83.0,1er tercio lactancia
4754,2024-10-28 00:00:00,3119,5.3,,4.0,2024-09-12 00:00:00,46.0,1er tercio lactancia
4755,2024-10-28 00:00:00,2149A,6.0,,3.0,2024-09-05 00:00:00,53.0,1er tercio lactancia
4756,2024-10-28 00:00:00,0226,6.5,,1.0,2024-02-28 00:00:00,243.0,3er tercio lactancia
4757,2024-10-28 00:00:00,8062,4.4,,1.0,2023-12-24 00:00:00,309.0,3er tercio lactancia
4758,2024-10-28 00:00:00,1004,5.2,,1.0,2024-03-04 00:00:00,238.0,3er tercio lactancia
4759,2024-10-28 00:00:00,2148A,7.0,,3.0,2024-08-01 00:00:00,88.0,1er tercio lactancia
4760,2024-10-28 00:00:00,2180A,6.1,,3.0,2024-04-10 00:00:00,201.0,3er tercio lactancia
4761,2024-10-28 00:00:00,8094,4.1,,2.0,2024-03-09 00:00:00,233.0,3er tercio lactancia
4762,2024-10-28 00:00:00,9037,4.7,,1.0,2024-03-18 00:00:00,224.0,3er tercio lactancia
4763,2024-10-28 00:00:00,7059,6.8,,2.0,2024-05-21 00:00:00,160.0,2do tercio lactancia
4764,2024-10-28 00:00:00,8077,4.2,,2.0,2024-05-31 00:00:00,150.0,2do tercio lactancia
4765,2024-10-28 00:00:00,7028,7.5,,3.0,2024-05-19 00:00:00,162.0,2do tercio lactancia
4766,2024-10-28 00:00:00,9091,3.0,,1.0,2024-03-30 00:00:00,212.0,3er tercio lactancia
4767,2024-10-28 00:00:00,80882,7.5,,2.0,2024-05-12 00:00:00,169.0,2do tercio lactancia
4768,2024-10-28 00:00:00,809,7.0,,2.0,2024-05-29 00:00:00,152.0,2do tercio lactancia
4769,2024-10-28 00:00:00,0329,4.3,,1.0,2024-02-22 00:00:00,249.0,3er tercio lactancia
4770,2024-10-28 00:00:00,8087,7.2,,2.0,2024-07-26 00:00:00,94.0,2do tercio lactancia
4771,2024-10-28 00:00:00,30212,6.5,,1.0,2024-03-21 00:00:00,221.0,3er tercio lactancia
4772,2024-10-28 00:00:00,0241,8.1,,1.0,2024-04-14 00:00:00,197.0,3er tercio lactancia
4773,2024-10-28 00:00:00,8079,5.2,,2.0,2024-04-21 00:00:00,190.0,3er tercio lactancia
4774,2024-10-28 00:00:00,3750,6.6,,3.0,2024-04-06 00:00:00,205.0,3er tercio lactancia
4775,2024-10-28 00:00:00,34,6.1,,1.0,2024-02-14 00:00:00,257.0,3er tercio lactancia
4776,2024-10-28 00:00:00,2050,6.1,,3.0,2024-05-25 00:00:00,156.0,2do tercio lactancia
4777,2024-10-28 00:00:00,8045,8.3,,2.0,2024-07-27 00:00:00,93.0,2do tercio lactancia
4778,2024-10-28 00:00:00,9051,6.1,,2.0,2024-06-24 00:00:00,126.0,2do tercio lactancia
4779,2024-10-28 00:00:00,0284,2.2,,,,,
4780,2024-10-28 00:00:00,1091A,6.3,,2.0,2024-05-14 00:00:00,167.0,2do tercio lactancia
4781,2024-10-28 00:00:00,9125,3.6,,1.0,2023-12-28 00:00:00,305.0,3er tercio lactancia
4782,2024-10-28 00:00:00,2090A,6.1,,2.0,2024-02-23 00:00:00,248.0,3er tercio lactancia
4783,2024-10-28 00:00:00,5077,5.5,,2.0,2024-07-15 00:00:00,105.0,2do tercio lactancia
4784,2024-10-28 00:00:00,8033,5.3,,2.0,2024-07-04 00:00:00,116.0,2do tercio lactancia
4785,2024-10-28 00:00:00,7022,6.5,,1.0,2023-12-26 00:00:00,307.0,3er tercio lactancia
4786,2024-10-28 00:00:00,1015,8.7,,3.0,2024-07-31 00:00:00,89.0,1er tercio lactancia
4787,2024-10-28 00:00:00,3066B,7.7,,3.0,2024-09-20 00:00:00,38.0,1er tercio lactancia
4788,2024-10-28 00:00:00,5144,6.8,,3.0,2024-10-09 00:00:00,19.0,1er tercio lactancia
4789,2024-10-28 00:00:00,4151,8.0,,3.0,2024-06-23 00:00:00,127.0,2do tercio lactancia
4790,2024-10-28 00:00:00,60286,9.3,,2.0,2024-10-16 00:00:00,12.0,1er tercio lactancia
4791,2024-10-28 00:00:00,80121,6.2,,2.0,2024-05-09 00:00:00,172.0,2do tercio lactancia
4792,2024-10-28 00:00:00,2124A,10.3,,3.0,2024-06-30 00:00:00,120.0,2do tercio lactancia
4793,2024-10-28 00:00:00,0249,7.0,,1.0,2024-02-20 00:00:00,251.0,3er tercio lactancia
4794,2024-10-28 00:00:00,2209A,2.7,,2.0,2023-12-25 00:00:00,308.0,3er tercio lactancia
4795,2024-10-28 00:00:00,7017,7.0,,2.0,2024-05-15 00:00:00,166.0,2do tercio lactancia
4796,2024-10-28 00:00:00,2047,6.6,,3.0,2024-05-10 00:00:00,171.0,2do tercio lactancia
4797,2024-10-28 00:00:00,9040,4.8,,2.0,2024-09-29 00:00:00,29.0,1er tercio lactancia
4798,2024-10-28 00:00:00,0336,6.5,,1.0,2024-04-07 00:00:00,204.0,3er tercio lactancia
4799,2024-10-28 00:00:00,0322,2.7,,1.0,2024-02-24 00:00:00,247.0,3er tercio lactancia
4800,2024-10-28 00:00:00,5052,5.3,,2.0,2024-04-17 00:00:00,194.0,3er tercio lactancia
4801,2024-10-28 00:00:00,6067,2.8,,3.0,2023-12-22 00:00:00,311.0,3er tercio lactancia
4802,2024-10-28 00:00:00,5030,3.5,,1.0,2024-01-18 00:00:00,284.0,3er tercio lactancia
4803,2024-10-28 00:00:00,1095A,7.5,,2.0,2024-02-25 00:00:00,246.0,3er tercio lactancia
4804,2024-10-28 00:00:00,2073,9.0,,3.0,2024-05-09 00:00:00,172.0,2do tercio lactancia
4805,2024-10-28 00:00:00,4087,3.9,,3.0,2024-10-06 00:00:00,22.0,1er tercio lactancia
4806,2024-10-28 00:00:00,5033,8.2,,3.0,2024-10-17 00:00:00,11.0,1er tercio lactancia
4807,2024-10-28 00:00:00,5079,5.8,,2.0,2024-07-19 00:00:00,101.0,2do tercio lactancia
4808,2024-10-28 00:00:00,0323,6.3,,1.0,2024-02-02 00:00:00,269.0,3er tercio lactancia
4809,2024-10-28 00:00:00,2072,7.2,,2.0,2024-09-20 00:00:00,38.0,1er tercio lactancia
4810,2024-10-28 00:00:00,0231A,2.9,,1.0,2024-01-30 00:00:00,272.0,3er tercio lactancia
4811,2024-10-28 00:00:00,5146,5.1,,2.0,2024-07-16 00:00:00,104.0,2do tercio lactancia
4812,2024-10-28 00:00:00,0201,6.2,,1.0,2024-02-02 00:00:00,269.0,3er tercio lactancia
4813,2024-10-28 00:00:00,9006,3.2,,1.0,2024-03-10 00:00:00,232.0,3er tercio lactancia
4814,2024-10-28 00:00:00,2196A,8.5,,3.0,2024-07-31 00:00:00,89.0,1er tercio lactancia
4815,2024-10-28 00:00:00,8086,4.5,,2.0,2024-09-13 00:00:00,45.0,1er tercio lactancia
4816,2024-10-28 00:00:00,9071,2.2,,2.0,2024-06-07 00:00:00,143.0,2do tercio lactancia
4817,2024-10-28 00:00:00,0128,2.0,,3.0,2024-08-24 00:00:00,65.0,1er tercio lactancia
4818,2024-10-28 00:00:00,8046,11.6,,2.0,2024-08-06 00:00:00,83.0,1er tercio lactancia
4819,2024-10-28 00:00:00,3043,2.8,,2.0,2024-02-11 00:00:00,260.0,3er tercio lactancia
4820,2024-10-28 00:00:00,5679,8.5,,3.0,2024-09-11 00:00:00,47.0,1er tercio lactancia
4821,2024-10-28 00:00:00,9015,3.3,,1.0,2024-03-11 00:00:00,231.0,3er tercio lactancia
4822,2024-10-28 00:00:00,4101,5.5,,3.0,2024-08-28 00:00:00,61.0,1er tercio lactancia
4823,2024-10-28 00:00:00,7012,5.7,,2.0,2024-05-21 00:00:00,160.0,2do tercio lactancia
4824,2024-10-28 00:00:00,0267,6.5,,1.0,2024-06-27 00:00:00,123.0,2do tercio lactancia
4825,2024-10-28 00:00:00,8019,6.2,,2.0,2024-07-18 00:00:00,102.0,2do tercio lactancia
4826,2024-10-28 00:00:00,8050,2.8,,2.0,2024-05-26 00:00:00,155.0,2do tercio lactancia
4827,2024-10-28 00:00:00,6043,3.3,,2.0,2023-12-18 00:00:00,315.0,3er tercio lactancia
4828,2024-10-28 00:00:00,8048,7.3,,2.0,2024-09-02 00:00:00,56.0,1er tercio lactancia
4829,2024-10-28 00:00:00,0259,7.3,,1.0,2024-02-24 00:00:00,247.0,3er tercio lactancia
4830,2024-10-28 00:00:00,8054,7.0,,2.0,2024-05-19 00:00:00,162.0,2do tercio lactancia
4831,2024-10-28 00:00:00,3026A,7.4,,3.0,2024-07-04 00:00:00,116.0,2do tercio lactancia
4832,2024-10-28 00:00:00,3024A,10.8,,4.0,2024-10-03 00:00:00,25.0,1er tercio lactancia
4833,2024-10-28 00:00:00,7061,2.1,,1.0,2024-01-22 00:00:00,280.0,3er tercio lactancia
4834,2024-10-28 00:00:00,0278,4.6,,1.0,2024-02-22 00:00:00,249.0,3er tercio lactancia
4835,2024-10-28 00:00:00,2234,5.2,,3.0,2024-06-11 00:00:00,139.0,2do tercio lactancia
4836,2024-10-28 00:00:00,8043,8.5,,2.0,2024-08-08 00:00:00,81.0,1er tercio lactancia
4837,2024-10-28 00:00:00,2083,6.5,,3.0,2024-10-03 00:00:00,25.0,1er tercio lactancia
4838,2024-10-28 00:00:00,0500,4.7,,3.0,2024-05-23 00:00:00,158.0,2do tercio lactancia
4839,2024-10-28 00:00:00,3107,5.0,,3.0,2024-04-21 00:00:00,190.0,3er tercio lactancia
4840,2024-10-28 00:00:00,7077,2.4,,2.0,2024-03-16 00:00:00,226.0,3er tercio lactancia
4841,2024-10-28 00:00:00,9053,6.0,,1.0,2024-03-08 00:00:00,234.0,3er tercio lactancia
4842,2024-10-28 00:00:00,2094A,8.9,,4.0,2024-08-20 00:00:00,69.0,1er tercio lactancia
4843,2024-10-28 00:00:00,0333,2.9,,1.0,2024-02-02 00:00:00,269.0,3er tercio lactancia
4844,2024-10-28 00:00:00,4007,2.5,,3.0,2024-07-31 00:00:00,89.0,1er tercio lactancia
4845,2024-10-28 00:00:00,8017,6.8,,2.0,2024-05-19 00:00:00,162.0,2do tercio lactancia
4846,2024-10-28 00:00:00,0111,2.0,,1.0,2024-01-28 00:00:00,274.0,3er tercio lactancia
4847,2024-10-28 00:00:00,2040,6.1,,1.0,2024-09-07 00:00:00,51.0,1er tercio lactancia
4848,2024-10-28 00:00:00,6070,4.0,,2.0,2024-10-10 00:00:00,18.0,1er tercio lactancia
4849,2024-10-28 00:00:00,8005,1.7,,2.0,2024-10-11 00:00:00,17.0,1er tercio lactancia
4850,2024-11-01 00:00:00,BU343,5.3,,4.0,2024-10-10 00:00:00,22.0,1er tercio lactancia
4851,2024-11-01 00:00:00,BU004,3.6,,1.0,2024-07-16 00:00:00,108.0,2do tercio lactancia
4852,2024-11-01 00:00:00,BU062,0.9,,3.0,2024-09-18 00:00:00,44.0,1er tercio lactancia
4853,2024-11-01 00:00:00,BU052,2.5,,2.0,2024-08-18 00:00:00,75.0,1er tercio lactancia
4854,2024-11-01 00:00:00,BU341,4.7,,3.0,2024-10-18 00:00:00,14.0,1er tercio lactancia
4855,2024-11-01 00:00:00,BU053,5.8,,1.0,2024-08-01 00:00:00,92.0,2do tercio lactancia
4856,2024-11-01 00:00:00,BU333,6.6,,2.0,2024-09-07 00:00:00,55.0,1er tercio lactancia
4857,2024-11-01 00:00:00,BU337,2.4,,3.0,2024-09-19 00:00:00,43.0,1er tercio lactancia
4858,2024-11-01 00:00:00,BU338,6.3,,1.0,2024-08-18 00:00:00,75.0,1er tercio lactancia
4859,2024-11-01 00:00:00,BU340,6.4,,1.0,2023-08-26 00:00:00,433.0,3er tercio lactancia
4860,2024-11-01 00:00:00,BU342,5.8,,5.0,2024-10-12 00:00:00,20.0,1er tercio lactancia
4861,2024-11-01 00:00:00,BU345,6.7,,2.0,2024-10-07 00:00:00,25.0,1er tercio lactancia
4862,2024-11-01 00:00:00,BU036,5.2,,2.0,2024-09-23 00:00:00,39.0,1er tercio lactancia
4863,2024-11-01 00:00:00,BU329,7.2,,2.0,2024-10-29 00:00:00,3.0,1er tercio lactancia
4864,2024-11-01 00:00:00,BU332,4.8,,2.0,2024-08-12 00:00:00,81.0,1er tercio lactancia
4865,2024-11-01 00:00:00,BU344,6.3,,1.0,2024-08-18 00:00:00,75.0,1er tercio lactancia
4866,2024-11-01 00:00:00,BU320,4.4,,1.0,2024-08-08 00:00:00,85.0,1er tercio lactancia
4867,2024-11-01 00:00:00,BU035,4.8,,2.0,2024-08-10 00:00:00,83.0,1er tercio lactancia
4868,2024-11-01 00:00:00,BU347,4.8,,2.0,2024-07-28 00:00:00,96.0,2do tercio lactancia
4869,2024-11-01 00:00:00,BU335,1.5,,,,,
4870,2024-11-01 00:00:00,BU106,7.2,,1.0,2024-08-20 00:00:00,73.0,1er tercio lactancia
5532,2024-12-09 00:00:00,2040,4.4,,1.0,2024-09-07 00:00:00,93.0,2do tercio lactancia
5533,2024-12-09 00:00:00,0298A,4.0,,1.0,2024-01-14 00:00:00,330.0,3er tercio lactancia
5534,2024-12-09 00:00:00,0353,6.5,,1.0,2024-08-28 00:00:00,103.0,2do tercio lactancia
5535,2024-12-09 00:00:00,6070,6.7,,2.0,2024-10-10 00:00:00,60.0,1er tercio lactancia
5536,2024-12-09 00:00:00,4072,2.8,,2.0,2024-08-17 00:00:00,114.0,2do tercio lactancia
5537,2024-12-09 00:00:00,9024,3.5,,1.0,2024-07-31 00:00:00,131.0,2do tercio lactancia
5538,2024-12-09 00:00:00,6011,2.9,,2.0,2024-05-10 00:00:00,213.0,3er tercio lactancia
5539,2024-12-09 00:00:00,9103,4.4,,1.0,2024-04-07 00:00:00,246.0,3er tercio lactancia
5540,2024-12-09 00:00:00,8030,2.3,,2.0,2024-04-09 00:00:00,244.0,3er tercio lactancia
5541,2024-12-09 00:00:00,6021,3.4,,3.0,2024-07-19 00:00:00,143.0,2do tercio lactancia
5542,2024-12-09 00:00:00,3003A,6.7,,3.0,2024-06-03 00:00:00,189.0,3er tercio lactancia
5543,2024-12-09 00:00:00,2080,8.2,,3.0,2024-05-13 00:00:00,210.0,3er tercio lactancia
5544,2024-12-09 00:00:00,4018,4.6,,3.0,2024-08-02 00:00:00,129.0,2do tercio lactancia
5545,2024-12-09 00:00:00,9076,3.1,,1.0,2024-02-18 00:00:00,295.0,3er tercio lactancia
5546,2024-12-09 00:00:00,80272,3.2,,2.0,2024-05-26 00:00:00,197.0,3er tercio lactancia
5547,2024-12-09 00:00:00,2063A,8.1,,4.0,2024-07-26 00:00:00,136.0,2do tercio lactancia
5548,2024-12-09 00:00:00,7074,6.9,,2.0,2024-06-14 00:00:00,178.0,2do tercio lactancia
5549,2024-12-09 00:00:00,4055,3.7,,3.0,2024-08-06 00:00:00,125.0,2do tercio lactancia
5550,2024-12-09 00:00:00,3119,6.0,,4.0,2024-09-12 00:00:00,88.0,1er tercio lactancia
5551,2024-12-09 00:00:00,2149A,6.5,,3.0,2024-09-05 00:00:00,95.0,2do tercio lactancia
5552,2024-12-09 00:00:00,0226,1.6,,1.0,2024-02-28 00:00:00,285.0,3er tercio lactancia
5553,2024-12-09 00:00:00,7067,7.3,,2.0,2024-12-01 00:00:00,8.0,1er tercio lactancia
5554,2024-12-09 00:00:00,1004,2.8,,1.0,2024-03-04 00:00:00,280.0,3er tercio lactancia
5555,2024-12-09 00:00:00,2148A,6.7,,3.0,2024-08-01 00:00:00,130.0,2do tercio lactancia
5556,2024-12-09 00:00:00,91171,9.9,,2.0,2024-11-12 00:00:00,27.0,1er tercio lactancia
5557,2024-12-09 00:00:00,80472,5.2,,2.0,2024-11-11 00:00:00,28.0,1er tercio lactancia
5558,2024-12-09 00:00:00,2143,8.9,,3.0,2024-12-01 00:00:00,8.0,1er tercio lactancia
5559,2024-12-09 00:00:00,2180A,3.8,,3.0,2024-04-10 00:00:00,243.0,3er tercio lactancia
5560,2024-12-09 00:00:00,8094,3.4,,2.0,2024-03-09 00:00:00,275.0,3er tercio lactancia
5561,2024-12-09 00:00:00,9037,3.7,,1.0,2024-03-18 00:00:00,266.0,3er tercio lactancia
5562,2024-12-09 00:00:00,7059,4.8,,2.0,2024-05-21 00:00:00,202.0,3er tercio lactancia
5563,2024-12-09 00:00:00,8077,3.6,,2.0,2024-05-31 00:00:00,192.0,3er tercio lactancia
5564,2024-12-09 00:00:00,7028,7.5,,3.0,2024-05-19 00:00:00,204.0,3er tercio lactancia
5565,2024-12-09 00:00:00,0330A,5.3,,1.0,2024-11-15 00:00:00,24.0,1er tercio lactancia
5566,2024-12-09 00:00:00,9091,3.4,,1.0,2024-03-30 00:00:00,254.0,3er tercio lactancia
5567,2024-12-09 00:00:00,80882,7.2,,2.0,2024-05-12 00:00:00,211.0,3er tercio lactancia
5568,2024-12-09 00:00:00,809,6.0,,2.0,2024-05-29 00:00:00,194.0,3er tercio lactancia
5569,2024-12-09 00:00:00,0329,2.3,,1.0,2024-02-22 00:00:00,291.0,3er tercio lactancia
5570,2024-12-09 00:00:00,8087,6.5,,2.0,2024-07-26 00:00:00,136.0,2do tercio lactancia
5571,2024-12-09 00:00:00,30212,3.6,,1.0,2024-03-21 00:00:00,263.0,3er tercio lactancia
5572,2024-12-09 00:00:00,0241,6.5,,1.0,2024-04-14 00:00:00,239.0,3er tercio lactancia
5573,2024-12-09 00:00:00,8079,3.4,,2.0,2024-04-21 00:00:00,232.0,3er tercio lactancia
5574,2024-12-09 00:00:00,3750,6.0,,3.0,2024-04-06 00:00:00,247.0,3er tercio lactancia
5575,2024-12-09 00:00:00,34,3.4,,1.0,2024-02-14 00:00:00,299.0,3er tercio lactancia
5576,2024-12-09 00:00:00,2050,5.5,,3.0,2024-05-25 00:00:00,198.0,3er tercio lactancia
5577,2024-12-09 00:00:00,8045,6.7,,2.0,2024-07-27 00:00:00,135.0,2do tercio lactancia
5578,2024-12-09 00:00:00,9051,6.7,,2.0,2024-06-24 00:00:00,168.0,2do tercio lactancia
5579,2024-12-09 00:00:00,0284,2.8,,,,,
5580,2024-12-09 00:00:00,1091A,5.8,,2.0,2024-05-14 00:00:00,209.0,3er tercio lactancia
5581,2024-12-09 00:00:00,5077,4.7,,2.0,2024-07-15 00:00:00,147.0,2do tercio lactancia
5582,2024-12-09 00:00:00,8033,5.2,,2.0,2024-07-04 00:00:00,158.0,2do tercio lactancia
5583,2024-12-09 00:00:00,1015,4.8,,3.0,2024-07-31 00:00:00,131.0,2do tercio lactancia
5584,2024-12-09 00:00:00,3066B,6.3,,3.0,2024-09-20 00:00:00,80.0,1er tercio lactancia
5585,2024-12-09 00:00:00,5144,6.0,,3.0,2024-10-09 00:00:00,61.0,1er tercio lactancia
5586,2024-12-09 00:00:00,4151,6.2,,3.0,2024-06-23 00:00:00,169.0,2do tercio lactancia
5587,2024-12-09 00:00:00,60286,9.5,,2.0,2024-10-16 00:00:00,54.0,1er tercio lactancia
5588,2024-12-09 00:00:00,80121,6.3,,2.0,2024-05-09 00:00:00,214.0,3er tercio lactancia
5589,2024-12-09 00:00:00,2124A,7.8,,3.0,2024-06-30 00:00:00,162.0,2do tercio lactancia
5590,2024-12-09 00:00:00,0249,4.3,,1.0,2024-02-20 00:00:00,293.0,3er tercio lactancia
5591,2024-12-09 00:00:00,7017,6.0,,2.0,2024-05-15 00:00:00,208.0,3er tercio lactancia
5592,2024-12-09 00:00:00,2047,2.4,,3.0,2024-05-10 00:00:00,213.0,3er tercio lactancia
5593,2024-12-09 00:00:00,9040,7.6,,2.0,2024-09-29 00:00:00,71.0,1er tercio lactancia
5594,2024-12-09 00:00:00,0336,3.4,,1.0,2024-04-07 00:00:00,246.0,3er tercio lactancia
5595,2024-12-09 00:00:00,5052,1.0,,2.0,2024-04-17 00:00:00,236.0,3er tercio lactancia
5596,2024-12-09 00:00:00,1095A,3.7,,2.0,2024-02-25 00:00:00,288.0,3er tercio lactancia
5597,2024-12-09 00:00:00,2073,3.8,,3.0,2024-05-09 00:00:00,214.0,3er tercio lactancia
5598,2024-12-09 00:00:00,4087,8.1,,3.0,2024-10-06 00:00:00,64.0,1er tercio lactancia
5599,2024-12-09 00:00:00,5033,9.1,,3.0,2024-10-17 00:00:00,53.0,1er tercio lactancia
5600,2024-12-09 00:00:00,5079,5.5,,2.0,2024-07-19 00:00:00,143.0,2do tercio lactancia
5601,2024-12-09 00:00:00,0323,3.9,,1.0,2024-02-02 00:00:00,311.0,3er tercio lactancia
5602,2024-12-09 00:00:00,5146,3.1,,2.0,2024-07-16 00:00:00,146.0,2do tercio lactancia
5603,2024-12-09 00:00:00,9006,2.8,,1.0,2024-03-10 00:00:00,274.0,3er tercio lactancia
5604,2024-12-09 00:00:00,2196A,7.9,,3.0,2024-07-31 00:00:00,131.0,2do tercio lactancia
5605,2024-12-09 00:00:00,8086,5.5,,2.0,2024-09-13 00:00:00,87.0,1er tercio lactancia
5606,2024-12-09 00:00:00,9071,2.2,,2.0,2024-06-07 00:00:00,185.0,3er tercio lactancia
5607,2024-12-09 00:00:00,8096,4.6,,3.0,2024-12-01 00:00:00,8.0,1er tercio lactancia
5608,2024-12-09 00:00:00,0128,1.1,,3.0,2024-08-24 00:00:00,107.0,2do tercio lactancia
5609,2024-12-09 00:00:00,8046,10.5,,2.0,2024-08-06 00:00:00,125.0,2do tercio lactancia
5610,2024-12-09 00:00:00,3043,2.3,,2.0,2024-02-11 00:00:00,302.0,3er tercio lactancia
5611,2024-12-09 00:00:00,5679,6.4,,3.0,2024-09-11 00:00:00,89.0,1er tercio lactancia
5612,2024-12-09 00:00:00,9015,3.4,,1.0,2024-03-11 00:00:00,273.0,3er tercio lactancia
5613,2024-12-09 00:00:00,4101,3.7,,3.0,2024-08-28 00:00:00,103.0,2do tercio lactancia
5614,2024-12-09 00:00:00,7012,4.6,,2.0,2024-05-21 00:00:00,202.0,3er tercio lactancia
5615,2024-12-09 00:00:00,0267,6.9,,1.0,2024-06-27 00:00:00,165.0,2do tercio lactancia
5616,2024-12-09 00:00:00,8019,7.0,,2.0,2024-07-18 00:00:00,144.0,2do tercio lactancia
5617,2024-12-09 00:00:00,8050,2.6,,2.0,2024-05-26 00:00:00,197.0,3er tercio lactancia
5618,2024-12-09 00:00:00,4075,6.7,,2.0,2024-11-03 00:00:00,36.0,1er tercio lactancia
5619,2024-12-09 00:00:00,8048,7.0,,2.0,2024-09-02 00:00:00,98.0,2do tercio lactancia
5620,2024-12-09 00:00:00,0259,5.6,,1.0,2024-02-24 00:00:00,289.0,3er tercio lactancia
5621,2024-12-09 00:00:00,2226,8.9,,4.0,2024-11-23 00:00:00,16.0,1er tercio lactancia
5622,2024-12-09 00:00:00,8054,6.1,,2.0,2024-05-19 00:00:00,204.0,3er tercio lactancia
5623,2024-12-09 00:00:00,3026A,6.8,,3.0,2024-07-04 00:00:00,158.0,2do tercio lactancia
5624,2024-12-09 00:00:00,3024A,10.6,,4.0,2024-10-03 00:00:00,67.0,1er tercio lactancia
5625,2024-12-09 00:00:00,0278,3.4,,1.0,2024-02-22 00:00:00,291.0,3er tercio lactancia
5626,2024-12-09 00:00:00,9007,7.3,,2.0,2024-11-23 00:00:00,16.0,1er tercio lactancia
5627,2024-12-09 00:00:00,7032,1.2,,2.0,2024-12-01 00:00:00,8.0,1er tercio lactancia
5628,2024-12-09 00:00:00,2234,2.7,,3.0,2024-06-11 00:00:00,181.0,3er tercio lactancia
5629,2024-12-09 00:00:00,8043,8.2,,2.0,2024-08-08 00:00:00,123.0,2do tercio lactancia
5630,2024-12-09 00:00:00,2083,3.1,,3.0,2024-10-03 00:00:00,67.0,1er tercio lactancia
5631,2024-12-09 00:00:00,3107,2.8,,3.0,2024-04-21 00:00:00,232.0,3er tercio lactancia
5632,2024-12-09 00:00:00,9053,5.4,,1.0,2024-03-08 00:00:00,276.0,3er tercio lactancia
5633,2024-12-09 00:00:00,2094A,7.8,,4.0,2024-08-20 00:00:00,111.0,2do tercio lactancia
5634,2024-12-09 00:00:00,0333,3.4,,1.0,2024-02-02 00:00:00,311.0,3er tercio lactancia
5635,2024-12-09 00:00:00,8017,5.4,,2.0,2024-05-19 00:00:00,204.0,3er tercio lactancia
5636,2024-12-09 00:00:00,0101,2.0,,1.0,2024-11-24 00:00:00,15.0,1er tercio lactancia
5637,2024-12-09 00:00:00,0205,4.2,,1.0,2024-11-15 00:00:00,24.0,1er tercio lactancia
5638,2024-12-09 00:00:00,0270,6.8,,1.0,2024-11-17 00:00:00,22.0,1er tercio lactancia
5639,2024-12-09 00:00:00,0299C,5.4,,1.0,2024-11-26 00:00:00,13.0,1er tercio lactancia
5640,2024-12-09 00:00:00,0342,1.8,,1.0,2024-11-15 00:00:00,24.0,1er tercio lactancia
5641,2024-12-09 00:00:00,1017A,3.7,,1.0,2024-11-23 00:00:00,16.0,1er tercio lactancia
5642,2024-12-09 00:00:00,1023,4.3,,1.0,2024-12-01 00:00:00,8.0,1er tercio lactancia
5643,2024-12-09 00:00:00,1079,5.7,,1.0,2024-11-18 00:00:00,21.0,1er tercio lactancia
5644,2024-12-09 00:00:00,1088A,6.6,,1.0,2024-11-23 00:00:00,16.0,1er tercio lactancia
5645,2024-12-09 00:00:00,2039,3.0,,1.0,2024-11-26 00:00:00,13.0,1er tercio lactancia
5646,2024-12-09 00:00:00,35,8.4,,1.0,2024-11-23 00:00:00,16.0,1er tercio lactancia
5647,2024-12-09 00:00:00,9100,3.6,,2.0,2024-11-26 00:00:00,13.0,1er tercio lactancia
5648,2024-12-09 00:00:00,0298,3.7,,1.0,2024-11-18 00:00:00,21.0,1er tercio lactancia
5858,2025-01-20 00:00:00,8061,5.8,,2.0,2024-12-13 00:00:00,38.0,1er tercio lactancia
5859,2025-01-20 00:00:00,0353,3.6,,1.0,2024-08-28 00:00:00,145.0,2do tercio lactancia
5860,2025-01-20 00:00:00,6070,5.2,,2.0,2024-10-10 00:00:00,102.0,2do tercio lactancia
5861,2025-01-20 00:00:00,4072,2.6,,2.0,2024-08-17 00:00:00,156.0,2do tercio lactancia
5862,2025-01-20 00:00:00,1310,5.3,,3.0,2025-01-07 00:00:00,13.0,1er tercio lactancia
5863,2025-01-20 00:00:00,9024,2.9,,1.0,2024-07-31 00:00:00,173.0,2do tercio lactancia
5864,2025-01-20 00:00:00,6021,2.2,,3.0,2024-07-19 00:00:00,185.0,3er tercio lactancia
5865,2025-01-20 00:00:00,0270,7.2,,1.0,2024-11-17 00:00:00,64.0,1er tercio lactancia
5866,2025-01-20 00:00:00,3003A,7.2,,3.0,2024-06-03 00:00:00,231.0,3er tercio lactancia
5867,2025-01-20 00:00:00,2220,7.3,,4.0,2024-12-25 00:00:00,26.0,1er tercio lactancia
5868,2025-01-20 00:00:00,2080,4.7,,3.0,2024-05-13 00:00:00,252.0,3er tercio lactancia
5869,2025-01-20 00:00:00,4018,3.3,,3.0,2024-08-02 00:00:00,171.0,2do tercio lactancia
5870,2025-01-20 00:00:00,0205,4.1,,1.0,2024-11-15 00:00:00,66.0,1er tercio lactancia
5871,2025-01-20 00:00:00,2063A,7.6,,4.0,2024-07-26 00:00:00,178.0,2do tercio lactancia
5872,2025-01-20 00:00:00,7074,6.1,,2.0,2024-06-14 00:00:00,220.0,3er tercio lactancia
5873,2025-01-20 00:00:00,3119,7.3,,4.0,2024-09-12 00:00:00,130.0,2do tercio lactancia
5874,2025-01-20 00:00:00,2149A,2.4,,3.0,2024-09-05 00:00:00,137.0,2do tercio lactancia
5875,2025-01-20 00:00:00,7067,8.1,,2.0,2024-12-01 00:00:00,50.0,1er tercio lactancia
5876,2025-01-20 00:00:00,2148A,5.9,,3.0,2024-08-01 00:00:00,172.0,2do tercio lactancia
5877,2025-01-20 00:00:00,9,2.4,,2.0,2025-01-15 00:00:00,5.0,1er tercio lactancia
5878,2025-01-20 00:00:00,91171,8.9,,2.0,2024-11-12 00:00:00,69.0,1er tercio lactancia
5879,2025-01-20 00:00:00,0332,5.1,,2.0,2024-12-13 00:00:00,38.0,1er tercio lactancia
5880,2025-01-20 00:00:00,91172,3.6,,2.0,2024-12-13 00:00:00,38.0,1er tercio lactancia
5881,2025-01-20 00:00:00,80472,5.0,,2.0,2024-11-11 00:00:00,70.0,1er tercio lactancia
5882,2025-01-20 00:00:00,31102,9.6,,3.0,2024-12-09 00:00:00,42.0,1er tercio lactancia
5883,2025-01-20 00:00:00,2143,9.8,,3.0,2024-12-01 00:00:00,50.0,1er tercio lactancia
5884,2025-01-20 00:00:00,5090,5.6,,3.0,2024-12-18 00:00:00,33.0,1er tercio lactancia
5885,2025-01-20 00:00:00,7059,3.9,,2.0,2024-05-21 00:00:00,244.0,3er tercio lactancia
5886,2025-01-20 00:00:00,7028,6.6,,3.0,2024-05-19 00:00:00,246.0,3er tercio lactancia
5887,2025-01-20 00:00:00,2039,7.7,,1.0,2024-11-26 00:00:00,55.0,1er tercio lactancia
5888,2025-01-20 00:00:00,0330A,1.0,,1.0,2024-11-15 00:00:00,66.0,1er tercio lactancia
5889,2025-01-20 00:00:00,80882,7.2,,2.0,2024-05-12 00:00:00,253.0,3er tercio lactancia
5890,2025-01-20 00:00:00,809,5.7,,2.0,2024-05-29 00:00:00,236.0,3er tercio lactancia
5891,2025-01-20 00:00:00,8087,6.4,,2.0,2024-07-26 00:00:00,178.0,2do tercio lactancia
5892,2025-01-20 00:00:00,8045,7.9,,2.0,2024-07-27 00:00:00,177.0,2do tercio lactancia
5893,2025-01-20 00:00:00,9051,5.2,,2.0,2024-06-24 00:00:00,210.0,3er tercio lactancia
5894,2025-01-20 00:00:00,1091A,4.9,,2.0,2024-05-14 00:00:00,251.0,3er tercio lactancia
5895,2025-01-20 00:00:00,5077,4.1,,2.0,2024-07-15 00:00:00,189.0,3er tercio lactancia
5896,2025-01-20 00:00:00,8033,2.8,,2.0,2024-07-04 00:00:00,200.0,3er tercio lactancia
5897,2025-01-20 00:00:00,1017A,1.6,,1.0,2024-11-23 00:00:00,58.0,1er tercio lactancia
5898,2025-01-20 00:00:00,1015,3.8,,3.0,2024-07-31 00:00:00,173.0,2do tercio lactancia
5899,2025-01-20 00:00:00,3066B,5.9,,3.0,2024-09-20 00:00:00,122.0,2do tercio lactancia
5900,2025-01-20 00:00:00,5144,3.4,,3.0,2024-10-09 00:00:00,103.0,2do tercio lactancia
5901,2025-01-20 00:00:00,60286,9.1,,2.0,2024-10-16 00:00:00,96.0,2do tercio lactancia
5902,2025-01-20 00:00:00,80121,3.7,,2.0,2024-05-09 00:00:00,256.0,3er tercio lactancia
5903,2025-01-20 00:00:00,2124A,8.0,,3.0,2024-06-30 00:00:00,204.0,3er tercio lactancia
5904,2025-01-20 00:00:00,7017,3.3,,2.0,2024-05-15 00:00:00,250.0,3er tercio lactancia
5905,2025-01-20 00:00:00,9040,7.2,,2.0,2024-09-29 00:00:00,113.0,2do tercio lactancia
5906,2025-01-20 00:00:00,7087,5.9,,3.0,2024-12-23 00:00:00,28.0,1er tercio lactancia
5907,2025-01-20 00:00:00,0336,2.3,,1.0,2024-04-07 00:00:00,288.0,3er tercio lactancia
5908,2025-01-20 00:00:00,2208A,4.8,,3.0,2025-01-09 00:00:00,11.0,1er tercio lactancia
5909,2025-01-20 00:00:00,20334,2.4,,3.0,2024-12-28 00:00:00,23.0,1er tercio lactancia
5910,2025-01-20 00:00:00,2171,7.4,,4.0,2025-01-09 00:00:00,11.0,1er tercio lactancia
5911,2025-01-20 00:00:00,0101,1.3,,1.0,2024-11-24 00:00:00,57.0,1er tercio lactancia
5912,2025-01-20 00:00:00,0229,8.7,,2.0,2025-01-05 00:00:00,15.0,1er tercio lactancia
5913,2025-01-20 00:00:00,4087,6.2,,3.0,2024-10-06 00:00:00,106.0,2do tercio lactancia
5914,2025-01-20 00:00:00,5033,8.2,,3.0,2024-10-17 00:00:00,95.0,2do tercio lactancia
5915,2025-01-20 00:00:00,5079,3.0,,2.0,2024-07-19 00:00:00,185.0,3er tercio lactancia
5916,2025-01-20 00:00:00,0342,2.8,,1.0,2024-11-15 00:00:00,66.0,1er tercio lactancia
5917,2025-01-20 00:00:00,91262,6.4,,2.0,2024-12-24 00:00:00,27.0,1er tercio lactancia
5918,2025-01-20 00:00:00,0298,3.4,,1.0,2024-11-18 00:00:00,63.0,1er tercio lactancia
5919,2025-01-20 00:00:00,8072,2.2,,2.0,2024-11-22 00:00:00,59.0,1er tercio lactancia
5920,2025-01-20 00:00:00,1078A,4.7,,3.0,2024-12-18 00:00:00,33.0,1er tercio lactancia
5921,2025-01-20 00:00:00,5146,2.4,,2.0,2024-07-16 00:00:00,188.0,3er tercio lactancia
5922,2025-01-20 00:00:00,9020,3.6,,2.0,2024-12-21 00:00:00,30.0,1er tercio lactancia
5923,2025-01-20 00:00:00,1088A,7.7,,1.0,2024-11-23 00:00:00,58.0,1er tercio lactancia
5924,2025-01-20 00:00:00,2196A,6.6,,3.0,2024-07-31 00:00:00,173.0,2do tercio lactancia
5925,2025-01-20 00:00:00,8096,7.2,,3.0,2024-12-01 00:00:00,50.0,1er tercio lactancia
5926,2025-01-20 00:00:00,1079,5.4,,1.0,2024-11-18 00:00:00,63.0,1er tercio lactancia
5927,2025-01-20 00:00:00,8046,6.7,,2.0,2024-08-06 00:00:00,167.0,2do tercio lactancia
5928,2025-01-20 00:00:00,0299C,2.7,,1.0,2024-11-26 00:00:00,55.0,1er tercio lactancia
5929,2025-01-20 00:00:00,5679,6.1,,3.0,2024-09-11 00:00:00,131.0,2do tercio lactancia
5930,2025-01-20 00:00:00,4101,3.1,,3.0,2024-08-28 00:00:00,145.0,2do tercio lactancia
5931,2025-01-20 00:00:00,7012,3.6,,2.0,2024-05-21 00:00:00,244.0,3er tercio lactancia
5932,2025-01-20 00:00:00,0267,7.5,,1.0,2024-06-27 00:00:00,207.0,3er tercio lactancia
5933,2025-01-20 00:00:00,8019,5.7,,2.0,2024-07-18 00:00:00,186.0,3er tercio lactancia
5934,2025-01-20 00:00:00,4075,3.3,,2.0,2024-11-03 00:00:00,78.0,1er tercio lactancia
5935,2025-01-20 00:00:00,8048,6.1,,2.0,2024-09-02 00:00:00,140.0,2do tercio lactancia
5936,2025-01-20 00:00:00,1023,5.4,,1.0,2024-12-01 00:00:00,50.0,1er tercio lactancia
5937,2025-01-20 00:00:00,2226,5.1,,4.0,2024-11-23 00:00:00,58.0,1er tercio lactancia
5938,2025-01-20 00:00:00,8054,5.4,,2.0,2024-05-19 00:00:00,246.0,3er tercio lactancia
5939,2025-01-20 00:00:00,3026A,3.9,,3.0,2024-07-04 00:00:00,200.0,3er tercio lactancia
5940,2025-01-20 00:00:00,3024A,8.0,,4.0,2024-10-03 00:00:00,109.0,2do tercio lactancia
5941,2025-01-20 00:00:00,9007,7.1,,2.0,2024-11-23 00:00:00,58.0,1er tercio lactancia
5942,2025-01-20 00:00:00,7032,3.7,,2.0,2024-12-01 00:00:00,50.0,1er tercio lactancia
5943,2025-01-20 00:00:00,8043,6.2,,2.0,2024-08-08 00:00:00,165.0,2do tercio lactancia
5944,2025-01-20 00:00:00,0500,2.4,,3.0,2024-05-23 00:00:00,242.0,3er tercio lactancia
5945,2025-01-20 00:00:00,1109A,6.2,,2.0,2024-12-16 00:00:00,35.0,1er tercio lactancia
5946,2025-01-20 00:00:00,3107,2.4,,3.0,2024-04-21 00:00:00,274.0,3er tercio lactancia
5947,2025-01-20 00:00:00,35,5.4,,1.0,2024-11-23 00:00:00,58.0,1er tercio lactancia
5948,2025-01-20 00:00:00,2094A,6.9,,4.0,2024-08-20 00:00:00,153.0,2do tercio lactancia
5949,2025-01-20 00:00:00,8017,4.4,,2.0,2024-05-19 00:00:00,246.0,3er tercio lactancia
5950,2025-01-20 00:00:00,1066,5.8,,1.0,2024-12-16 00:00:00,35.0,1er tercio lactancia
5951,2025-01-20 00:00:00,2066,7.1,,1.0,2024-12-04 00:00:00,47.0,1er tercio lactancia
5952,2025-01-20 00:00:00,7066,6.5,,2.0,2024-12-09 00:00:00,42.0,1er tercio lactancia
5953,2025-01-20 00:00:00,8005,2.7,,2.0,2024-10-11 00:00:00,101.0,2do tercio lactancia
5954,2025-01-20 00:00:00,8036,2.8,,3.0,2025-01-16 00:00:00,4.0,1er tercio lactancia
5955,2025-01-20 00:00:00,8082,5.3,,1.0,2024-12-04 00:00:00,47.0,1er tercio lactancia
5956,2025-01-20 00:00:00,8089,6.9,,2.0,2024-12-06 00:00:00,45.0,1er tercio lactancia
5957,2025-01-20 00:00:00,9100,3.6,,2.0,2024-11-26 00:00:00,55.0,1er tercio lactancia
5958,2025-01-20 00:00:00,J01415,1.6,,1.0,2025-01-18 00:00:00,2.0,1er tercio lactancia
5959,2025-01-20 00:00:00,2083,3.3,,3.0,2024-10-03 00:00:00,109.0,2do tercio lactancia
5960,2024-11-18 00:00:00,2040,5.8,,1.0,2024-09-07 00:00:00,72.0,1er tercio lactancia
5961,2024-11-18 00:00:00,0298A,6.5,,1.0,2024-01-14 00:00:00,309.0,3er tercio lactancia
5962,2024-11-18 00:00:00,0353,6.6,,1.0,2024-08-28 00:00:00,82.0,1er tercio lactancia
5963,2024-11-18 00:00:00,5076,2.0,,2.0,2024-05-20 00:00:00,182.0,3er tercio lactancia
5964,2024-11-18 00:00:00,4072,5.6,,2.0,2024-08-17 00:00:00,93.0,2do tercio lactancia
5965,2024-11-18 00:00:00,9024,5.5,,1.0,2024-07-31 00:00:00,110.0,2do tercio lactancia
5966,2024-11-18 00:00:00,6011,1.9,,2.0,2024-05-10 00:00:00,192.0,3er tercio lactancia
5967,2024-11-18 00:00:00,9103,5.5,,1.0,2024-04-07 00:00:00,225.0,3er tercio lactancia
5968,2024-11-18 00:00:00,8030,2.3,,2.0,2024-04-09 00:00:00,223.0,3er tercio lactancia
5969,2024-11-18 00:00:00,6021,3.4,,3.0,2024-07-19 00:00:00,122.0,2do tercio lactancia
5970,2024-11-18 00:00:00,1066A,1.9,,3.0,2024-02-17 00:00:00,275.0,3er tercio lactancia
5971,2024-11-18 00:00:00,3003A,8.4,,3.0,2024-06-03 00:00:00,168.0,2do tercio lactancia
5972,2024-11-18 00:00:00,2080,7.2,,3.0,2024-05-13 00:00:00,189.0,3er tercio lactancia
5973,2024-11-18 00:00:00,4018,6.4,,3.0,2024-08-02 00:00:00,108.0,2do tercio lactancia
5974,2024-11-18 00:00:00,9076,4.6,,1.0,2024-02-18 00:00:00,274.0,3er tercio lactancia
5975,2024-11-18 00:00:00,80272,3.1,,2.0,2024-05-26 00:00:00,176.0,2do tercio lactancia
5976,2024-11-18 00:00:00,2063A,9.6,,4.0,2024-07-26 00:00:00,115.0,2do tercio lactancia
5977,2024-11-18 00:00:00,7074,6.7,,2.0,2024-06-14 00:00:00,157.0,2do tercio lactancia
5978,2024-11-18 00:00:00,4055,6.3,,3.0,2024-08-06 00:00:00,104.0,2do tercio lactancia
5979,2024-11-18 00:00:00,3119,5.2,,4.0,2024-09-12 00:00:00,67.0,1er tercio lactancia
5980,2024-11-18 00:00:00,2149A,6.4,,3.0,2024-09-05 00:00:00,74.0,1er tercio lactancia
5981,2024-11-18 00:00:00,0226,5.5,,1.0,2024-02-28 00:00:00,264.0,3er tercio lactancia
5982,2024-11-18 00:00:00,8062,3.5,,1.0,2023-12-24 00:00:00,330.0,3er tercio lactancia
5983,2024-11-18 00:00:00,1004,2.7,,1.0,2024-03-04 00:00:00,259.0,3er tercio lactancia
5984,2024-11-18 00:00:00,2148A,6.5,,3.0,2024-08-01 00:00:00,109.0,2do tercio lactancia
5985,2024-11-18 00:00:00,2180A,6.1,,3.0,2024-04-10 00:00:00,222.0,3er tercio lactancia
5986,2024-11-18 00:00:00,8094,3.2,,2.0,2024-03-09 00:00:00,254.0,3er tercio lactancia
5987,2024-11-18 00:00:00,9037,3.8,,1.0,2024-03-18 00:00:00,245.0,3er tercio lactancia
5988,2024-11-18 00:00:00,7059,6.4,,2.0,2024-05-21 00:00:00,181.0,3er tercio lactancia
5989,2024-11-18 00:00:00,8077,3.7,,2.0,2024-05-31 00:00:00,171.0,2do tercio lactancia
5990,2024-11-18 00:00:00,7028,7.9,,3.0,2024-05-19 00:00:00,183.0,3er tercio lactancia
5991,2024-11-18 00:00:00,9091,2.9,,1.0,2024-03-30 00:00:00,233.0,3er tercio lactancia
5992,2024-11-18 00:00:00,80882,7.6,,2.0,2024-05-12 00:00:00,190.0,3er tercio lactancia
5993,2024-11-18 00:00:00,809,6.5,,2.0,2024-05-29 00:00:00,173.0,2do tercio lactancia
5994,2024-11-18 00:00:00,0329,3.0,,1.0,2024-02-22 00:00:00,270.0,3er tercio lactancia
5995,2024-11-18 00:00:00,8087,7.0,,2.0,2024-07-26 00:00:00,115.0,2do tercio lactancia
5996,2024-11-18 00:00:00,30212,5.6,,1.0,2024-03-21 00:00:00,242.0,3er tercio lactancia
5997,2024-11-18 00:00:00,0241,7.7,,1.0,2024-04-14 00:00:00,218.0,3er tercio lactancia
5998,2024-11-18 00:00:00,8079,3.8,,2.0,2024-04-21 00:00:00,211.0,3er tercio lactancia
5999,2024-11-18 00:00:00,3750,6.4,,3.0,2024-04-06 00:00:00,226.0,3er tercio lactancia
6000,2024-11-18 00:00:00,34,5.4,,1.0,2024-02-14 00:00:00,278.0,3er tercio lactancia
6001,2024-11-18 00:00:00,2050,6.0,,3.0,2024-05-25 00:00:00,177.0,2do tercio lactancia
6002,2024-11-18 00:00:00,8045,7.7,,2.0,2024-07-27 00:00:00,114.0,2do tercio lactancia
6003,2024-11-18 00:00:00,9051,7.5,,2.0,2024-06-24 00:00:00,147.0,2do tercio lactancia
6004,2024-11-18 00:00:00,0284,2.9,,,,,
6005,2024-11-18 00:00:00,1091A,6.0,,2.0,2024-05-14 00:00:00,188.0,3er tercio lactancia
6006,2024-11-18 00:00:00,9125,2.8,,1.0,2023-12-28 00:00:00,326.0,3er tercio lactancia
6007,2024-11-18 00:00:00,5077,6.5,,2.0,2024-07-15 00:00:00,126.0,2do tercio lactancia
6008,2024-11-18 00:00:00,8033,2.3,,2.0,2024-07-04 00:00:00,137.0,2do tercio lactancia
6009,2024-11-18 00:00:00,7022,6.6,,1.0,2023-12-26 00:00:00,328.0,3er tercio lactancia
6010,2024-11-18 00:00:00,1015,5.4,,3.0,2024-07-31 00:00:00,110.0,2do tercio lactancia
6011,2024-11-18 00:00:00,3066B,7.7,,3.0,2024-09-20 00:00:00,59.0,1er tercio lactancia
6012,2024-11-18 00:00:00,5144,6.5,,3.0,2024-10-09 00:00:00,40.0,1er tercio lactancia
6013,2024-11-18 00:00:00,4151,7.8,,3.0,2024-06-23 00:00:00,148.0,2do tercio lactancia
6014,2024-11-18 00:00:00,60286,12.5,,2.0,2024-10-16 00:00:00,33.0,1er tercio lactancia
6015,2024-11-18 00:00:00,80121,6.0,,2.0,2024-05-09 00:00:00,193.0,3er tercio lactancia
6016,2024-11-18 00:00:00,2124A,8.9,,3.0,2024-06-30 00:00:00,141.0,2do tercio lactancia
6017,2024-11-18 00:00:00,0249,6.1,,1.0,2024-02-20 00:00:00,272.0,3er tercio lactancia
6018,2024-11-18 00:00:00,7017,5.8,,2.0,2024-05-15 00:00:00,187.0,3er tercio lactancia
6019,2024-11-18 00:00:00,2047,3.8,,3.0,2024-05-10 00:00:00,192.0,3er tercio lactancia
6020,2024-11-18 00:00:00,9040,7.9,,2.0,2024-09-29 00:00:00,50.0,1er tercio lactancia
6021,2024-11-18 00:00:00,0336,5.8,,1.0,2024-04-07 00:00:00,225.0,3er tercio lactancia
6022,2024-11-18 00:00:00,5052,5.6,,2.0,2024-04-17 00:00:00,215.0,3er tercio lactancia
6023,2024-11-18 00:00:00,5030,2.6,,1.0,2024-01-18 00:00:00,305.0,3er tercio lactancia
6024,2024-11-18 00:00:00,1095A,5.6,,2.0,2024-02-25 00:00:00,267.0,3er tercio lactancia
6025,2024-11-18 00:00:00,2073,7.4,,3.0,2024-05-09 00:00:00,193.0,3er tercio lactancia
6026,2024-11-18 00:00:00,4087,3.7,,3.0,2024-10-06 00:00:00,43.0,1er tercio lactancia
6027,2024-11-18 00:00:00,5033,9.7,,3.0,2024-10-17 00:00:00,32.0,1er tercio lactancia
6028,2024-11-18 00:00:00,5079,5.7,,2.0,2024-07-19 00:00:00,122.0,2do tercio lactancia
6029,2024-11-18 00:00:00,0323,4.6,,1.0,2024-02-02 00:00:00,290.0,3er tercio lactancia
6030,2024-11-18 00:00:00,8093,1.9,,2.0,2024-11-11 00:00:00,7.0,1er tercio lactancia
6031,2024-11-18 00:00:00,0231A,2.9,,1.0,2024-01-30 00:00:00,293.0,3er tercio lactancia
6032,2024-11-18 00:00:00,5146,4.7,,2.0,2024-07-16 00:00:00,125.0,2do tercio lactancia
6033,2024-11-18 00:00:00,0201,1.6,,1.0,2024-02-02 00:00:00,290.0,3er tercio lactancia
6034,2024-11-18 00:00:00,9006,3.2,,1.0,2024-03-10 00:00:00,253.0,3er tercio lactancia
6035,2024-11-18 00:00:00,2196A,7.6,,3.0,2024-07-31 00:00:00,110.0,2do tercio lactancia
6036,2024-11-18 00:00:00,8086,5.8,,2.0,2024-09-13 00:00:00,66.0,1er tercio lactancia
6037,2024-11-18 00:00:00,9071,2.1,,2.0,2024-06-07 00:00:00,164.0,2do tercio lactancia
6038,2024-11-18 00:00:00,0128,2.0,,3.0,2024-08-24 00:00:00,86.0,1er tercio lactancia
6039,2024-11-18 00:00:00,8046,9.1,,2.0,2024-08-06 00:00:00,104.0,2do tercio lactancia
6040,2024-11-18 00:00:00,3043,2.2,,2.0,2024-02-11 00:00:00,281.0,3er tercio lactancia
6041,2024-11-18 00:00:00,5679,7.8,,3.0,2024-09-11 00:00:00,68.0,1er tercio lactancia
6042,2024-11-18 00:00:00,9015,2.9,,1.0,2024-03-11 00:00:00,252.0,3er tercio lactancia
6043,2024-11-18 00:00:00,4101,4.8,,3.0,2024-08-28 00:00:00,82.0,1er tercio lactancia
6044,2024-11-18 00:00:00,7012,6.2,,2.0,2024-05-21 00:00:00,181.0,3er tercio lactancia
6045,2024-11-18 00:00:00,0267,6.7,,1.0,2024-06-27 00:00:00,144.0,2do tercio lactancia
6046,2024-11-18 00:00:00,8019,7.0,,2.0,2024-07-18 00:00:00,123.0,2do tercio lactancia
6047,2024-11-18 00:00:00,8050,3.5,,2.0,2024-05-26 00:00:00,176.0,2do tercio lactancia
6048,2024-11-18 00:00:00,4075,6.6,,2.0,2024-11-03 00:00:00,15.0,1er tercio lactancia
6049,2024-11-18 00:00:00,6043,2.0,,2.0,2023-12-18 00:00:00,336.0,3er tercio lactancia
6050,2024-11-18 00:00:00,8048,7.0,,2.0,2024-09-02 00:00:00,77.0,1er tercio lactancia
6051,2024-11-18 00:00:00,0259,7.1,,1.0,2024-02-24 00:00:00,268.0,3er tercio lactancia
6052,2024-11-18 00:00:00,8054,5.7,,2.0,2024-05-19 00:00:00,183.0,3er tercio lactancia
6053,2024-11-18 00:00:00,3026A,7.3,,3.0,2024-07-04 00:00:00,137.0,2do tercio lactancia
6054,2024-11-18 00:00:00,3024A,10.8,,4.0,2024-10-03 00:00:00,46.0,1er tercio lactancia
6055,2024-11-18 00:00:00,0278,3.7,,1.0,2024-02-22 00:00:00,270.0,3er tercio lactancia
6056,2024-11-18 00:00:00,2234,4.9,,3.0,2024-06-11 00:00:00,160.0,2do tercio lactancia
6057,2024-11-18 00:00:00,8043,7.8,,2.0,2024-08-08 00:00:00,102.0,2do tercio lactancia
6058,2024-11-18 00:00:00,2083,6.2,,3.0,2024-10-03 00:00:00,46.0,1er tercio lactancia
6059,2024-11-18 00:00:00,0500,2.3,,3.0,2024-05-23 00:00:00,179.0,2do tercio lactancia
6060,2024-11-18 00:00:00,3107,2.7,,3.0,2024-04-21 00:00:00,211.0,3er tercio lactancia
6061,2024-11-18 00:00:00,7077,2.2,,2.0,2024-03-16 00:00:00,247.0,3er tercio lactancia
6062,2024-11-18 00:00:00,9053,6.0,,1.0,2024-03-08 00:00:00,255.0,3er tercio lactancia
6063,2024-11-18 00:00:00,2094A,8.0,,4.0,2024-08-20 00:00:00,90.0,1er tercio lactancia
6064,2024-11-18 00:00:00,0333,3.1,,1.0,2024-02-02 00:00:00,290.0,3er tercio lactancia
6065,2024-11-18 00:00:00,4007,1.3,,3.0,2024-07-31 00:00:00,110.0,2do tercio lactancia
6066,2024-11-18 00:00:00,8017,7.5,,2.0,2024-05-19 00:00:00,183.0,3er tercio lactancia
6067,2024-11-18 00:00:00,0111,2.3,,1.0,2024-01-28 00:00:00,295.0,3er tercio lactancia
6068,2024-11-18 00:00:00,0330A,1.5,,1.0,2024-11-15 00:00:00,3.0,1er tercio lactancia
6069,2024-11-18 00:00:00,6070,6.6,,2.0,2024-10-10 00:00:00,39.0,1er tercio lactancia
6070,2024-11-18 00:00:00,8005,1.3,,2.0,2024-10-11 00:00:00,38.0,1er tercio lactancia
6071,2024-11-18 00:00:00,91171,2.8,,2.0,2024-11-12 00:00:00,6.0,1er tercio lactancia
6072,2025-02-26 00:00:00,8061,5.5,,2.0,2024-12-13 00:00:00,75.0,1er tercio lactancia
6073,2025-02-26 00:00:00,0353,3.1,,1.0,2024-08-28 00:00:00,182.0,3er tercio lactancia
6074,2025-02-26 00:00:00,6070,5.7,,2.0,2024-10-10 00:00:00,139.0,2do tercio lactancia
6075,2025-02-26 00:00:00,4072,2.7,,2.0,2024-08-17 00:00:00,193.0,3er tercio lactancia
6076,2025-02-26 00:00:00,7038,2.0,,2.0,2025-01-14 00:00:00,43.0,1er tercio lactancia
6077,2025-02-26 00:00:00,9058,5.3,,2.0,2025-02-17 00:00:00,9.0,1er tercio lactancia
6078,2025-02-26 00:00:00,1310,4.1,,3.0,2025-01-07 00:00:00,50.0,1er tercio lactancia
6079,2025-02-26 00:00:00,9024,2.9,,1.0,2024-07-31 00:00:00,210.0,3er tercio lactancia
6080,2025-02-26 00:00:00,6021,2.6,,3.0,2024-07-19 00:00:00,222.0,3er tercio lactancia
6081,2025-02-26 00:00:00,0270,4.6,,1.0,2024-11-17 00:00:00,101.0,2do tercio lactancia
6082,2025-02-26 00:00:00,4035,8.3,,4.0,2025-02-11 00:00:00,15.0,1er tercio lactancia
6083,2025-02-26 00:00:00,3003A,5.0,,3.0,2024-06-03 00:00:00,268.0,3er tercio lactancia
6084,2025-02-26 00:00:00,2080,3.3,,3.0,2024-05-13 00:00:00,289.0,3er tercio lactancia
6085,2025-02-26 00:00:00,4018,3.5,,3.0,2024-08-02 00:00:00,208.0,3er tercio lactancia
6086,2025-02-26 00:00:00,0205,3.8,,1.0,2024-11-15 00:00:00,103.0,2do tercio lactancia
6087,2025-02-26 00:00:00,2063A,5.2,,4.0,2024-07-26 00:00:00,215.0,3er tercio lactancia
6088,2025-02-26 00:00:00,7074,5.5,,2.0,2024-06-14 00:00:00,257.0,3er tercio lactancia
6089,2025-02-26 00:00:00,3119,5.4,,4.0,2024-09-12 00:00:00,167.0,2do tercio lactancia
6090,2025-02-26 00:00:00,7067,7.1,,2.0,2024-12-01 00:00:00,87.0,1er tercio lactancia
6091,2025-02-26 00:00:00,3132,6.8,,3.0,2025-02-07 00:00:00,19.0,1er tercio lactancia
6092,2025-02-26 00:00:00,2148A,4.1,,3.0,2024-08-01 00:00:00,209.0,3er tercio lactancia
6093,2025-02-26 00:00:00,4095,6.7,,4.0,2025-02-07 00:00:00,19.0,1er tercio lactancia
6094,2025-02-26 00:00:00,9,6.9,,2.0,2025-01-15 00:00:00,42.0,1er tercio lactancia
6095,2025-02-26 00:00:00,91171,6.9,,2.0,2024-11-12 00:00:00,106.0,2do tercio lactancia
6096,2025-02-26 00:00:00,0132,6.7,,4.0,2025-01-30 00:00:00,27.0,1er tercio lactancia
6097,2025-02-26 00:00:00,0332,5.0,,2.0,2024-12-13 00:00:00,75.0,1er tercio lactancia
6098,2025-02-26 00:00:00,91172,6.7,,2.0,2024-12-13 00:00:00,75.0,1er tercio lactancia
6099,2025-02-26 00:00:00,91242,9.9,,2.0,2025-02-05 00:00:00,21.0,1er tercio lactancia
6100,2025-02-26 00:00:00,80472,4.1,,2.0,2024-11-11 00:00:00,107.0,2do tercio lactancia
6101,2025-02-26 00:00:00,31102,8.6,,3.0,2024-12-09 00:00:00,79.0,1er tercio lactancia
6102,2025-02-26 00:00:00,2143,6.9,,3.0,2024-12-01 00:00:00,87.0,1er tercio lactancia
6103,2025-02-26 00:00:00,5090,5.8,,3.0,2024-12-18 00:00:00,70.0,1er tercio lactancia
6104,2025-02-26 00:00:00,7059,4.4,,2.0,2024-05-21 00:00:00,281.0,3er tercio lactancia
6105,2025-02-26 00:00:00,7028,6.7,,3.0,2024-05-19 00:00:00,283.0,3er tercio lactancia
6106,2025-02-26 00:00:00,2039,6.2,,1.0,2024-11-26 00:00:00,92.0,2do tercio lactancia
6107,2025-02-26 00:00:00,0330A,2.7,,1.0,2024-11-15 00:00:00,103.0,2do tercio lactancia
6108,2025-02-26 00:00:00,1128,1.6,,2.0,2025-01-18 00:00:00,39.0,1er tercio lactancia
6109,2025-02-26 00:00:00,80882,6.7,,2.0,2024-05-12 00:00:00,290.0,3er tercio lactancia
6110,2025-02-26 00:00:00,809,4.3,,2.0,2024-05-29 00:00:00,273.0,3er tercio lactancia
6111,2025-02-26 00:00:00,8087,5.5,,2.0,2024-07-26 00:00:00,215.0,3er tercio lactancia
6112,2025-02-26 00:00:00,8089,5.7,,2.0,2024-12-06 00:00:00,82.0,1er tercio lactancia
6113,2025-02-26 00:00:00,8045,3.4,,2.0,2024-07-27 00:00:00,214.0,3er tercio lactancia
6114,2025-02-26 00:00:00,9051,5.3,,2.0,2024-06-24 00:00:00,247.0,3er tercio lactancia
6115,2025-02-26 00:00:00,2096,8.2,,3.0,2025-02-11 00:00:00,15.0,1er tercio lactancia
6116,2025-02-26 00:00:00,1091A,3.1,,2.0,2024-05-14 00:00:00,288.0,3er tercio lactancia
6117,2025-02-26 00:00:00,5077,3.0,,2.0,2024-07-15 00:00:00,226.0,3er tercio lactancia
6118,2025-02-26 00:00:00,8033,1.6,,2.0,2024-07-04 00:00:00,237.0,3er tercio lactancia
6119,2025-02-26 00:00:00,8005,3.6,,2.0,2024-10-11 00:00:00,138.0,2do tercio lactancia
6120,2025-02-26 00:00:00,1017A,4.0,,1.0,2024-11-23 00:00:00,95.0,2do tercio lactancia
6121,2025-02-26 00:00:00,1015,3.0,,3.0,2024-07-31 00:00:00,210.0,3er tercio lactancia
6122,2025-02-26 00:00:00,3066B,6.2,,3.0,2024-09-20 00:00:00,159.0,2do tercio lactancia
6123,2025-02-26 00:00:00,5144,3.0,,3.0,2024-10-09 00:00:00,140.0,2do tercio lactancia
6124,2025-02-26 00:00:00,60286,4.9,,2.0,2024-10-16 00:00:00,133.0,2do tercio lactancia
6125,2025-02-26 00:00:00,80121,3.1,,2.0,2024-05-09 00:00:00,293.0,3er tercio lactancia
6126,2025-02-26 00:00:00,3028A,6.6,,3.0,2025-01-30 00:00:00,27.0,1er tercio lactancia
6127,2025-02-26 00:00:00,2124A,6.5,,3.0,2024-06-30 00:00:00,241.0,3er tercio lactancia
6128,2025-02-26 00:00:00,2209A,7.3,,3.0,2025-02-11 00:00:00,15.0,1er tercio lactancia
6129,2025-02-26 00:00:00,7017,2.6,,2.0,2024-05-15 00:00:00,287.0,3er tercio lactancia
6130,2025-02-26 00:00:00,9040,6.0,,2.0,2024-09-29 00:00:00,150.0,2do tercio lactancia
6131,2025-02-26 00:00:00,7087,4.2,,3.0,2024-12-23 00:00:00,65.0,1er tercio lactancia
6132,2025-02-26 00:00:00,0336,4.0,,1.0,2024-04-07 00:00:00,325.0,3er tercio lactancia
6133,2025-02-26 00:00:00,0322,6.6,,2.0,2025-02-12 00:00:00,14.0,1er tercio lactancia
6134,2025-02-26 00:00:00,2208A,5.0,,3.0,2025-01-09 00:00:00,48.0,1er tercio lactancia
6135,2025-02-26 00:00:00,5007,6.1,,2.0,2025-02-11 00:00:00,15.0,1er tercio lactancia
6136,2025-02-26 00:00:00,20334,2.5,,3.0,2024-12-28 00:00:00,60.0,1er tercio lactancia
6137,2025-02-26 00:00:00,2171,6.3,,4.0,2025-01-09 00:00:00,48.0,1er tercio lactancia
6138,2025-02-26 00:00:00,1139A,3.7,,3.0,2025-02-17 00:00:00,9.0,1er tercio lactancia
6139,2025-02-26 00:00:00,0229,8.0,,2.0,2025-01-05 00:00:00,52.0,1er tercio lactancia
6140,2025-02-26 00:00:00,8036,7.8,,3.0,2025-01-16 00:00:00,41.0,1er tercio lactancia
6141,2025-02-26 00:00:00,5033,7.4,,3.0,2024-10-17 00:00:00,132.0,2do tercio lactancia
6142,2025-02-26 00:00:00,5079,1.8,,2.0,2024-07-19 00:00:00,222.0,3er tercio lactancia
6143,2025-02-26 00:00:00,0342,2.5,,1.0,2024-11-15 00:00:00,103.0,2do tercio lactancia
6144,2025-02-26 00:00:00,91262,7.1,,2.0,2024-12-24 00:00:00,64.0,1er tercio lactancia
6145,2025-02-26 00:00:00,0298,3.7,,1.0,2024-11-18 00:00:00,100.0,2do tercio lactancia
6146,2025-02-26 00:00:00,8072,3.4,,2.0,2024-11-22 00:00:00,96.0,2do tercio lactancia
6147,2025-02-26 00:00:00,1078A,3.4,,3.0,2024-12-18 00:00:00,70.0,1er tercio lactancia
6148,2025-02-26 00:00:00,5146,2.6,,2.0,2024-07-16 00:00:00,225.0,3er tercio lactancia
6149,2025-02-26 00:00:00,9020,3.7,,2.0,2024-12-21 00:00:00,67.0,1er tercio lactancia
6150,2025-02-26 00:00:00,1088A,6.0,,1.0,2024-11-23 00:00:00,95.0,2do tercio lactancia
6151,2025-02-26 00:00:00,2196A,6.2,,3.0,2024-07-31 00:00:00,210.0,3er tercio lactancia
6152,2025-02-26 00:00:00,8096,6.2,,3.0,2024-12-01 00:00:00,87.0,1er tercio lactancia
6153,2025-02-26 00:00:00,1079,4.4,,1.0,2024-11-18 00:00:00,100.0,2do tercio lactancia
6154,2025-02-26 00:00:00,8046,6.7,,2.0,2024-08-06 00:00:00,204.0,3er tercio lactancia
6155,2025-02-26 00:00:00,2021,5.4,,4.0,2025-02-05 00:00:00,21.0,1er tercio lactancia
6156,2025-02-26 00:00:00,0299C,3.2,,1.0,2024-11-26 00:00:00,92.0,2do tercio lactancia
6157,2025-02-26 00:00:00,5679,4.9,,3.0,2024-09-11 00:00:00,168.0,2do tercio lactancia
6158,2025-02-26 00:00:00,4101,2.7,,3.0,2024-08-28 00:00:00,182.0,3er tercio lactancia
6159,2025-02-26 00:00:00,7012,3.8,,2.0,2024-05-21 00:00:00,281.0,3er tercio lactancia
6160,2025-02-26 00:00:00,0267,6.2,,1.0,2024-06-27 00:00:00,244.0,3er tercio lactancia
6161,2025-02-26 00:00:00,8019,5.1,,2.0,2024-07-18 00:00:00,223.0,3er tercio lactancia
6162,2025-02-26 00:00:00,8048,4.3,,2.0,2024-09-02 00:00:00,177.0,2do tercio lactancia
6163,2025-02-26 00:00:00,1023,3.5,,1.0,2024-12-01 00:00:00,87.0,1er tercio lactancia
6164,2025-02-26 00:00:00,2226,7.2,,4.0,2024-11-23 00:00:00,95.0,2do tercio lactancia
6165,2025-02-26 00:00:00,8054,4.8,,2.0,2024-05-19 00:00:00,283.0,3er tercio lactancia
6166,2025-02-26 00:00:00,3026A,2.9,,3.0,2024-07-04 00:00:00,237.0,3er tercio lactancia
6167,2025-02-26 00:00:00,7061,5.1,,2.0,2025-01-25 00:00:00,32.0,1er tercio lactancia
6168,2025-02-26 00:00:00,9007,7.2,,2.0,2024-11-23 00:00:00,95.0,2do tercio lactancia
6169,2025-02-26 00:00:00,7032,3.2,,2.0,2024-12-01 00:00:00,87.0,1er tercio lactancia
6170,2025-02-26 00:00:00,8043,7.3,,2.0,2024-08-08 00:00:00,202.0,3er tercio lactancia
6171,2025-02-26 00:00:00,2083,2.4,,3.0,2024-10-03 00:00:00,146.0,2do tercio lactancia
6172,2025-02-26 00:00:00,0500,2.2,,3.0,2024-05-23 00:00:00,279.0,3er tercio lactancia
6173,2025-02-26 00:00:00,1109A,5.7,,2.0,2024-12-16 00:00:00,72.0,1er tercio lactancia
6174,2025-02-26 00:00:00,3107,2.0,,3.0,2024-04-21 00:00:00,311.0,3er tercio lactancia
6175,2025-02-26 00:00:00,35,6.8,,1.0,2024-11-23 00:00:00,95.0,2do tercio lactancia
6176,2025-02-26 00:00:00,2094A,7.1,,4.0,2024-08-20 00:00:00,190.0,3er tercio lactancia
6177,2025-02-26 00:00:00,8017,4.3,,2.0,2024-05-19 00:00:00,283.0,3er tercio lactancia
6178,2025-02-26 00:00:00,0344,2.0,,1.0,2024-12-01 00:00:00,87.0,1er tercio lactancia
6179,2025-02-26 00:00:00,1188,1.0,,1.0,2025-02-20 00:00:00,6.0,1er tercio lactancia
6180,2025-02-26 00:00:00,7066,7.7,,2.0,2024-12-09 00:00:00,79.0,1er tercio lactancia
6181,2025-02-26 00:00:00,9100,3.8,,2.0,2024-11-26 00:00:00,92.0,2do tercio lactancia
6182,2025-02-26 00:00:00,J01415,5.6,,1.0,2025-01-18 00:00:00,39.0,1er tercio lactancia
6183,2025-02-26 00:00:00,J426,7.0,,1.0,2025-01-30 00:00:00,27.0,1er tercio lactancia
6184,2025-02-26 00:00:00,J841,8.8,,1.0,2025-02-12 00:00:00,14.0,1er tercio lactancia
6185,2025-02-26 00:00:00,0320,5.6,,2.0,2025-02-11 00:00:00,15.0,1er tercio lactancia
6186,2025-02-26 00:00:00,1066,3.0,,1.0,2024-12-16 00:00:00,72.0,1er tercio lactancia
6187,2025-02-26 00:00:00,2066,6.7,,1.0,2024-12-04 00:00:00,84.0,1er tercio lactancia
6188,2025-02-26 00:00:00,8082,4.6,,1.0,2024-12-04 00:00:00,84.0,1er tercio lactancia
6189,2025-02-26 00:00:00,2220,7.1,,4.0,2024-12-25 00:00:00,63.0,1er tercio lactancia
6190,2025-02-26 00:00:00,4151,3.4,,3.0,2024-06-23 00:00:00,248.0,3er tercio lactancia
6191,2025-03-14 00:00:00,8061,4.9,,2.0,2024-12-13 00:00:00,91.0,2do tercio lactancia
6192,2025-03-14 00:00:00,2040,2.1,,1.0,2024-09-07 00:00:00,188.0,3er tercio lactancia
6193,2025-03-14 00:00:00,0353,2.4,,1.0,2024-08-28 00:00:00,198.0,3er tercio lactancia
6194,2025-03-14 00:00:00,6070,3.9,,2.0,2024-10-10 00:00:00,155.0,2do tercio lactancia
6195,2025-03-14 00:00:00,4072,1.3,,2.0,2024-08-17 00:00:00,209.0,3er tercio lactancia
6196,2025-03-14 00:00:00,9058,7.5,,2.0,2025-02-17 00:00:00,25.0,1er tercio lactancia
6197,2025-03-14 00:00:00,1310,4.1,,3.0,2025-01-07 00:00:00,66.0,1er tercio lactancia
6198,2025-03-14 00:00:00,9024,2.4,,1.0,2024-07-31 00:00:00,226.0,3er tercio lactancia
6199,2025-03-14 00:00:00,6021,2.0,,3.0,2024-07-19 00:00:00,238.0,3er tercio lactancia
6200,2025-03-14 00:00:00,0270,4.2,,1.0,2024-11-17 00:00:00,117.0,2do tercio lactancia
6201,2025-03-14 00:00:00,4035,9.3,,4.0,2025-02-11 00:00:00,31.0,1er tercio lactancia
6202,2025-03-14 00:00:00,2220,7.6,,4.0,2024-12-25 00:00:00,79.0,1er tercio lactancia
6203,2025-03-14 00:00:00,4018,3.4,,3.0,2024-08-02 00:00:00,224.0,3er tercio lactancia
6204,2025-03-14 00:00:00,0205,1.3,,1.0,2024-11-15 00:00:00,119.0,2do tercio lactancia
6205,2025-03-14 00:00:00,1188,8.3,,1.0,2025-02-20 00:00:00,22.0,1er tercio lactancia
6206,2025-03-14 00:00:00,2063A,4.0,,4.0,2024-07-26 00:00:00,231.0,3er tercio lactancia
6207,2025-03-14 00:00:00,7074,2.9,,2.0,2024-06-14 00:00:00,273.0,3er tercio lactancia
6208,2025-03-14 00:00:00,3119,4.7,,4.0,2024-09-12 00:00:00,183.0,3er tercio lactancia
6209,2025-03-14 00:00:00,J426,6.4,,1.0,2025-01-30 00:00:00,43.0,1er tercio lactancia
6210,2025-03-14 00:00:00,7067,3.5,,2.0,2024-12-01 00:00:00,103.0,2do tercio lactancia
6211,2025-03-14 00:00:00,3132,8.3,,3.0,2025-02-07 00:00:00,35.0,1er tercio lactancia
6212,2025-03-14 00:00:00,2148A,2.9,,3.0,2024-08-01 00:00:00,225.0,3er tercio lactancia
6213,2025-03-14 00:00:00,4095,4.7,,4.0,2025-02-07 00:00:00,35.0,1er tercio lactancia
6214,2025-03-14 00:00:00,9,6.2,,2.0,2025-01-15 00:00:00,58.0,1er tercio lactancia
6215,2025-03-14 00:00:00,91171,6.2,,2.0,2024-11-12 00:00:00,122.0,2do tercio lactancia
6216,2025-03-14 00:00:00,0132,7.3,,4.0,2025-01-30 00:00:00,43.0,1er tercio lactancia
6217,2025-03-14 00:00:00,5150,5.5,,3.0,2025-02-27 00:00:00,15.0,1er tercio lactancia
6218,2025-03-14 00:00:00,0332,5.1,,2.0,2024-12-13 00:00:00,91.0,2do tercio lactancia
6219,2025-03-14 00:00:00,91172,4.5,,2.0,2024-12-13 00:00:00,91.0,2do tercio lactancia
6220,2025-03-14 00:00:00,91242,6.3,,2.0,2025-02-05 00:00:00,37.0,1er tercio lactancia
6221,2025-03-14 00:00:00,80472,3.2,,2.0,2024-11-11 00:00:00,123.0,2do tercio lactancia
6222,2025-03-14 00:00:00,31102,7.7,,3.0,2024-12-09 00:00:00,95.0,2do tercio lactancia
6223,2025-03-14 00:00:00,2143,9.3,,3.0,2024-12-01 00:00:00,103.0,2do tercio lactancia
6224,2025-03-14 00:00:00,5090,5.8,,3.0,2024-12-18 00:00:00,86.0,1er tercio lactancia
6225,2025-03-14 00:00:00,7059,0.7,,2.0,2024-05-21 00:00:00,297.0,3er tercio lactancia
6226,2025-03-14 00:00:00,7028,6.2,,3.0,2024-05-19 00:00:00,299.0,3er tercio lactancia
6227,2025-03-14 00:00:00,2039,6.5,,1.0,2024-11-26 00:00:00,108.0,2do tercio lactancia
6228,2025-03-14 00:00:00,0330A,1.0,,1.0,2024-11-15 00:00:00,119.0,2do tercio lactancia
6229,2025-03-14 00:00:00,80882,6.1,,2.0,2024-05-12 00:00:00,306.0,3er tercio lactancia
6230,2025-03-14 00:00:00,809,3.0,,2.0,2024-05-29 00:00:00,289.0,3er tercio lactancia
6231,2025-03-14 00:00:00,8087,3.1,,2.0,2024-07-26 00:00:00,231.0,3er tercio lactancia
6232,2025-03-14 00:00:00,8089,5.9,,2.0,2024-12-06 00:00:00,98.0,2do tercio lactancia
6233,2025-03-14 00:00:00,8045,6.8,,2.0,2024-07-27 00:00:00,230.0,3er tercio lactancia
6234,2025-03-14 00:00:00,9051,2.6,,2.0,2024-06-24 00:00:00,263.0,3er tercio lactancia
6235,2025-03-14 00:00:00,2096,5.2,,3.0,2025-02-11 00:00:00,31.0,1er tercio lactancia
6236,2025-03-14 00:00:00,2090A,7.1,,3.0,2025-03-05 00:00:00,9.0,1er tercio lactancia
6237,2025-03-14 00:00:00,8005,1.9,,2.0,2024-10-11 00:00:00,154.0,2do tercio lactancia
6238,2025-03-14 00:00:00,1017A,2.1,,1.0,2024-11-23 00:00:00,111.0,2do tercio lactancia
6239,2025-03-14 00:00:00,1015,2.5,,3.0,2024-07-31 00:00:00,226.0,3er tercio lactancia
6240,2025-03-14 00:00:00,3066B,4.8,,3.0,2024-09-20 00:00:00,175.0,2do tercio lactancia
6241,2025-03-14 00:00:00,5144,1.3,,3.0,2024-10-09 00:00:00,156.0,2do tercio lactancia
6242,2025-03-14 00:00:00,4151,3.2,,3.0,2024-06-23 00:00:00,264.0,3er tercio lactancia
6243,2025-03-14 00:00:00,3028A,8.4,,3.0,2025-01-30 00:00:00,43.0,1er tercio lactancia
6244,2025-03-14 00:00:00,2209A,6.2,,3.0,2025-02-11 00:00:00,31.0,1er tercio lactancia
6245,2025-03-14 00:00:00,9040,5.1,,2.0,2024-09-29 00:00:00,166.0,2do tercio lactancia
6246,2025-03-14 00:00:00,7087,5.1,,3.0,2024-12-23 00:00:00,81.0,1er tercio lactancia
6247,2025-03-14 00:00:00,0322,6.9,,2.0,2025-02-12 00:00:00,30.0,1er tercio lactancia
6248,2025-03-14 00:00:00,2208A,3.0,,3.0,2025-01-09 00:00:00,64.0,1er tercio lactancia
6249,2025-03-14 00:00:00,5007,7.3,,2.0,2025-02-11 00:00:00,31.0,1er tercio lactancia
6250,2025-03-14 00:00:00,6067,8.1,,4.0,2025-03-05 00:00:00,9.0,1er tercio lactancia
6251,2025-03-14 00:00:00,20334,3.1,,3.0,2024-12-28 00:00:00,76.0,1er tercio lactancia
6252,2025-03-14 00:00:00,6035,7.3,,3.0,2025-03-07 00:00:00,7.0,1er tercio lactancia
6253,2025-03-14 00:00:00,2171,7.6,,4.0,2025-01-09 00:00:00,64.0,1er tercio lactancia
6254,2025-03-14 00:00:00,0101,1.4,,1.0,2024-11-24 00:00:00,110.0,2do tercio lactancia
6255,2025-03-14 00:00:00,1139A,5.2,,3.0,2025-02-17 00:00:00,25.0,1er tercio lactancia
6256,2025-03-14 00:00:00,0229,8.3,,2.0,2025-01-05 00:00:00,68.0,1er tercio lactancia
6257,2025-03-14 00:00:00,J841,10.1,,1.0,2025-02-12 00:00:00,30.0,1er tercio lactancia
6258,2025-03-14 00:00:00,8036,7.7,,3.0,2025-01-16 00:00:00,57.0,1er tercio lactancia
6259,2025-03-14 00:00:00,5033,6.82,,3.0,2024-10-17 00:00:00,148.0,2do tercio lactancia
6260,2025-03-14 00:00:00,0342,2.0,,1.0,2024-11-15 00:00:00,119.0,2do tercio lactancia
6261,2025-03-14 00:00:00,91262,7.9,,2.0,2024-12-24 00:00:00,80.0,1er tercio lactancia
6262,2025-03-14 00:00:00,0298,2.8,,1.0,2024-11-18 00:00:00,116.0,2do tercio lactancia
6263,2025-03-14 00:00:00,8072,2.7,,2.0,2024-11-22 00:00:00,112.0,2do tercio lactancia
6264,2025-03-14 00:00:00,1078A,3.8,,3.0,2024-12-18 00:00:00,86.0,1er tercio lactancia
6265,2025-03-14 00:00:00,5146,2.1,,2.0,2024-07-16 00:00:00,241.0,3er tercio lactancia
6266,2025-03-14 00:00:00,9020,2.7,,2.0,2024-12-21 00:00:00,83.0,1er tercio lactancia
6267,2025-03-14 00:00:00,1088A,5.9,,1.0,2024-11-23 00:00:00,111.0,2do tercio lactancia
6268,2025-03-14 00:00:00,0320,8.3,,2.0,2025-02-11 00:00:00,31.0,1er tercio lactancia
6269,2025-03-14 00:00:00,2196A,6.2,,3.0,2024-07-31 00:00:00,226.0,3er tercio lactancia
6270,2025-03-14 00:00:00,8096,6.5,,3.0,2024-12-01 00:00:00,103.0,2do tercio lactancia
6271,2025-03-14 00:00:00,1079,3.4,,1.0,2024-11-18 00:00:00,116.0,2do tercio lactancia
6272,2025-03-14 00:00:00,8046,6.5,,2.0,2024-08-06 00:00:00,220.0,3er tercio lactancia
6273,2025-03-14 00:00:00,7007,6.2,,2.0,2025-03-11 00:00:00,3.0,1er tercio lactancia
6274,2025-03-14 00:00:00,2021,4.3,,4.0,2025-02-05 00:00:00,37.0,1er tercio lactancia
6275,2025-03-14 00:00:00,0299C,2.2,,1.0,2024-11-26 00:00:00,108.0,2do tercio lactancia
6276,2025-03-14 00:00:00,5679,3.2,,3.0,2024-09-11 00:00:00,184.0,3er tercio lactancia
6277,2025-03-14 00:00:00,4101,2.1,,3.0,2024-08-28 00:00:00,198.0,3er tercio lactancia
6278,2025-03-14 00:00:00,7012,2.4,,2.0,2024-05-21 00:00:00,297.0,3er tercio lactancia
6279,2025-03-14 00:00:00,0267,2.6,,1.0,2024-06-27 00:00:00,260.0,3er tercio lactancia
6280,2025-03-14 00:00:00,8019,3.8,,2.0,2024-07-18 00:00:00,239.0,3er tercio lactancia
6281,2025-03-14 00:00:00,0220,4.6,,2.0,2025-02-25 00:00:00,17.0,1er tercio lactancia
6282,2025-03-14 00:00:00,8048,3.8,,2.0,2024-09-02 00:00:00,193.0,3er tercio lactancia
6283,2025-03-14 00:00:00,2226,6.0,,4.0,2024-11-23 00:00:00,111.0,2do tercio lactancia
6284,2025-03-14 00:00:00,8054,2.1,,2.0,2024-05-19 00:00:00,299.0,3er tercio lactancia
6285,2025-03-14 00:00:00,3026A,2.2,,3.0,2024-07-04 00:00:00,253.0,3er tercio lactancia
6286,2025-03-14 00:00:00,7061,6.9,,2.0,2025-01-25 00:00:00,48.0,1er tercio lactancia
6287,2025-03-14 00:00:00,9007,7.5,,2.0,2024-11-23 00:00:00,111.0,2do tercio lactancia
6288,2025-03-14 00:00:00,7032,2.2,,2.0,2024-12-01 00:00:00,103.0,2do tercio lactancia
6289,2025-03-14 00:00:00,8043,5.6,,2.0,2024-08-08 00:00:00,218.0,3er tercio lactancia
6290,2025-03-14 00:00:00,2083,2.7,,3.0,2024-10-03 00:00:00,162.0,2do tercio lactancia
6291,2025-03-14 00:00:00,1109A,5.3,,2.0,2024-12-16 00:00:00,88.0,1er tercio lactancia
6292,2025-03-14 00:00:00,35,5.4,,1.0,2024-11-23 00:00:00,111.0,2do tercio lactancia
6293,2025-03-14 00:00:00,7076,2.1,,2.0,2025-03-05 00:00:00,9.0,1er tercio lactancia
6294,2025-03-14 00:00:00,2094A,3.5,,4.0,2024-08-20 00:00:00,206.0,3er tercio lactancia
6295,2025-03-14 00:00:00,8017,3.1,,2.0,2024-05-19 00:00:00,299.0,3er tercio lactancia
6296,2025-03-14 00:00:00,7066,5.8,,2.0,2024-12-09 00:00:00,95.0,2do tercio lactancia
6297,2025-03-14 00:00:00,9100,2.4,,2.0,2024-11-26 00:00:00,108.0,2do tercio lactancia
6298,2025-03-14 00:00:00,J01415,7.2,,1.0,2025-01-18 00:00:00,55.0,1er tercio lactancia
6299,2025-03-14 00:00:00,1066,2.6,,1.0,2024-12-16 00:00:00,88.0,1er tercio lactancia
6300,2025-03-14 00:00:00,2066,6.5,,1.0,2024-12-04 00:00:00,100.0,2do tercio lactancia
6301,2025-03-14 00:00:00,8082,5.2,,1.0,2024-12-04 00:00:00,100.0,2do tercio lactancia
6302,2025-03-14 00:00:00,J424,3.2,,1.0,2025-03-03 00:00:00,11.0,1er tercio lactancia
6303,2025-03-14 00:00:00,2149A,1.6,,3.0,2024-09-05 00:00:00,190.0,3er tercio lactancia
6745,2025-05-22 00:00:00,8061,4.5,,2.0,2024-12-13 00:00:00,160.0,2do tercio lactancia
6746,2025-05-22 00:00:00,2040,2.5,,1.0,2024-09-07 00:00:00,257.0,3er tercio lactancia
6747,2025-05-22 00:00:00,0353,3.1,,1.0,2024-08-28 00:00:00,267.0,3er tercio lactancia
6748,2025-05-22 00:00:00,6070,3.6,,2.0,2024-10-10 00:00:00,224.0,3er tercio lactancia
6749,2025-05-22 00:00:00,8037,9.2,,2.0,2025-03-20 00:00:00,63.0,1er tercio lactancia
6750,2025-05-22 00:00:00,4072,2.2,,2.0,2024-08-17 00:00:00,278.0,3er tercio lactancia
6751,2025-05-22 00:00:00,9058,7.2,,2.0,2025-02-17 00:00:00,94.0,2do tercio lactancia
6752,2025-05-22 00:00:00,9024,2.4,,1.0,2024-07-31 00:00:00,295.0,3er tercio lactancia
6753,2025-05-22 00:00:00,8030,6.1,,3.0,2025-03-28 00:00:00,55.0,1er tercio lactancia
6754,2025-05-22 00:00:00,0202,3.7,,2.0,2025-04-30 00:00:00,22.0,1er tercio lactancia
6755,2025-05-22 00:00:00,0270,5.9,,1.0,2024-11-17 00:00:00,186.0,3er tercio lactancia
6756,2025-05-22 00:00:00,4035,8.3,,4.0,2025-02-11 00:00:00,100.0,2do tercio lactancia
6757,2025-05-22 00:00:00,2220,8.4,,4.0,2024-12-25 00:00:00,148.0,2do tercio lactancia
6758,2025-05-22 00:00:00,4018,3.2,,3.0,2024-08-02 00:00:00,293.0,3er tercio lactancia
6759,2025-05-22 00:00:00,1188,6.9,,1.0,2025-02-20 00:00:00,91.0,2do tercio lactancia
6760,2025-05-22 00:00:00,2063A,3.3,,4.0,2024-07-26 00:00:00,300.0,3er tercio lactancia
6761,2025-05-22 00:00:00,J426,4.8,,1.0,2025-01-30 00:00:00,112.0,2do tercio lactancia
6762,2025-05-22 00:00:00,0226,8.4,,2.0,2025-03-14 00:00:00,69.0,1er tercio lactancia
6763,2025-05-22 00:00:00,7067,6.2,,2.0,2024-12-01 00:00:00,172.0,2do tercio lactancia
6764,2025-05-22 00:00:00,3132,5.8,,3.0,2025-02-07 00:00:00,104.0,2do tercio lactancia
6765,2025-05-22 00:00:00,1004,8.7,,2.0,2025-04-03 00:00:00,49.0,1er tercio lactancia
6766,2025-05-22 00:00:00,2148A,3.5,,3.0,2024-08-01 00:00:00,294.0,3er tercio lactancia
6767,2025-05-22 00:00:00,91171,3.5,,2.0,2024-11-12 00:00:00,191.0,3er tercio lactancia
6768,2025-05-22 00:00:00,0132,3.5,,4.0,2025-01-30 00:00:00,112.0,2do tercio lactancia
6769,2025-05-22 00:00:00,5150,6.2,,3.0,2025-02-27 00:00:00,84.0,1er tercio lactancia
6770,2025-05-22 00:00:00,0332,4.8,,2.0,2024-12-13 00:00:00,160.0,2do tercio lactancia
6771,2025-05-22 00:00:00,91172,2.2,,2.0,2024-12-13 00:00:00,160.0,2do tercio lactancia
6772,2025-05-22 00:00:00,91242,6.6,,2.0,2025-02-05 00:00:00,106.0,2do tercio lactancia
6773,2025-05-22 00:00:00,80472,3.2,,2.0,2024-11-11 00:00:00,192.0,3er tercio lactancia
6774,2025-05-22 00:00:00,31102,7.2,,3.0,2024-12-09 00:00:00,164.0,2do tercio lactancia
6775,2025-05-22 00:00:00,2143,7.2,,3.0,2024-12-01 00:00:00,172.0,2do tercio lactancia
6776,2025-05-22 00:00:00,5090,5.1,,3.0,2024-12-18 00:00:00,155.0,2do tercio lactancia
6777,2025-05-22 00:00:00,2039,6.9,,1.0,2024-11-26 00:00:00,177.0,2do tercio lactancia
6778,2025-05-22 00:00:00,3027A,0.7,,3.0,2025-05-08 00:00:00,14.0,1er tercio lactancia
6779,2025-05-22 00:00:00,8087,4.6,,2.0,2024-07-26 00:00:00,300.0,3er tercio lactancia
6780,2025-05-22 00:00:00,0338,5.1,,2.0,2025-05-14 00:00:00,8.0,1er tercio lactancia
6781,2025-05-22 00:00:00,8079,4.7,,3.0,2025-04-02 00:00:00,50.0,1er tercio lactancia
6782,2025-05-22 00:00:00,8082,4.0,,1.0,2024-12-04 00:00:00,169.0,2do tercio lactancia
6783,2025-05-22 00:00:00,8089,6.5,,2.0,2024-12-06 00:00:00,167.0,2do tercio lactancia
6784,2025-05-22 00:00:00,2050,8.4,,4.0,2025-04-04 00:00:00,48.0,1er tercio lactancia
6785,2025-05-22 00:00:00,2062,10.0,,3.0,2025-03-16 00:00:00,67.0,1er tercio lactancia
6786,2025-05-22 00:00:00,8045,4.6,,2.0,2024-07-27 00:00:00,299.0,3er tercio lactancia
6787,2025-05-22 00:00:00,2096,5.8,,3.0,2025-02-11 00:00:00,100.0,2do tercio lactancia
6788,2025-05-22 00:00:00,2090A,5.9,,3.0,2025-03-05 00:00:00,78.0,1er tercio lactancia
6789,2025-05-22 00:00:00,1017A,2.9,,1.0,2024-11-23 00:00:00,180.0,2do tercio lactancia
6790,2025-05-22 00:00:00,9099,5.3,,2.0,2025-03-20 00:00:00,63.0,1er tercio lactancia
6791,2025-05-22 00:00:00,1015,2.1,,3.0,2024-07-31 00:00:00,295.0,3er tercio lactancia
6792,2025-05-22 00:00:00,3066B,4.1,,3.0,2024-09-20 00:00:00,244.0,3er tercio lactancia
6793,2025-05-22 00:00:00,5144,2.7,,3.0,2024-10-09 00:00:00,225.0,3er tercio lactancia
6794,2025-05-22 00:00:00,3028A,5.7,,3.0,2025-01-30 00:00:00,112.0,2do tercio lactancia
6795,2025-05-22 00:00:00,2124A,5.9,,3.0,2024-06-30 00:00:00,326.0,3er tercio lactancia
6796,2025-05-22 00:00:00,2209A,6.8,,3.0,2025-02-11 00:00:00,100.0,2do tercio lactancia
6797,2025-05-22 00:00:00,7087,6.2,,3.0,2024-12-23 00:00:00,150.0,2do tercio lactancia
6798,2025-05-22 00:00:00,4079,4.9,,3.0,2025-03-30 00:00:00,53.0,1er tercio lactancia
6799,2025-05-22 00:00:00,4A,4.2,,3.0,2025-04-24 00:00:00,28.0,1er tercio lactancia
6800,2025-05-22 00:00:00,0322,7.4,,2.0,2025-02-12 00:00:00,99.0,2do tercio lactancia
6801,2025-05-22 00:00:00,5052,6.9,,3.0,2025-05-04 00:00:00,18.0,1er tercio lactancia
6802,2025-05-22 00:00:00,7083,8.9,,3.0,2025-03-26 00:00:00,57.0,1er tercio lactancia
6803,2025-05-22 00:00:00,6067,6.2,,4.0,2025-03-05 00:00:00,78.0,1er tercio lactancia
6804,2025-05-22 00:00:00,6035,7.0,,3.0,2025-03-07 00:00:00,76.0,1er tercio lactancia
6805,2025-05-22 00:00:00,7033,7.4,,2.0,2025-04-28 00:00:00,24.0,1er tercio lactancia
6806,2025-05-22 00:00:00,2171,8.0,,4.0,2025-01-09 00:00:00,133.0,2do tercio lactancia
6807,2025-05-22 00:00:00,2073,5.5,,4.0,2025-05-17 00:00:00,5.0,1er tercio lactancia
6808,2025-05-22 00:00:00,1139A,4.5,,3.0,2025-02-17 00:00:00,94.0,2do tercio lactancia
6809,2025-05-22 00:00:00,0229,7.1,,2.0,2025-01-05 00:00:00,137.0,2do tercio lactancia
6810,2025-05-22 00:00:00,J841,8.5,,1.0,2025-02-12 00:00:00,99.0,2do tercio lactancia
6811,2025-05-22 00:00:00,8036,7.7,,3.0,2025-01-16 00:00:00,126.0,2do tercio lactancia
6812,2025-05-22 00:00:00,5033,5.2,,3.0,2024-10-17 00:00:00,217.0,3er tercio lactancia
6813,2025-05-22 00:00:00,91262,7.2,,2.0,2024-12-24 00:00:00,149.0,2do tercio lactancia
6814,2025-05-22 00:00:00,0298,3.5,,1.0,2024-11-18 00:00:00,185.0,3er tercio lactancia
6815,2025-05-22 00:00:00,1100B,3.8,,1.0,2025-04-11 00:00:00,41.0,1er tercio lactancia
6816,2025-05-22 00:00:00,8072,3.5,,2.0,2024-11-22 00:00:00,181.0,3er tercio lactancia
6817,2025-05-22 00:00:00,1078A,3.2,,3.0,2024-12-18 00:00:00,155.0,2do tercio lactancia
6818,2025-05-22 00:00:00,8011,4.3,,2.0,2025-04-07 00:00:00,45.0,1er tercio lactancia
6819,2025-05-22 00:00:00,9020,1.9,,2.0,2024-12-21 00:00:00,152.0,2do tercio lactancia
6820,2025-05-22 00:00:00,1088A,5.6,,1.0,2024-11-23 00:00:00,180.0,2do tercio lactancia
6821,2025-05-22 00:00:00,0201,9.0,,2.0,2025-03-25 00:00:00,58.0,1er tercio lactancia
6822,2025-05-22 00:00:00,0320,6.8,,2.0,2025-02-11 00:00:00,100.0,2do tercio lactancia
6823,2025-05-22 00:00:00,2196A,3.2,,3.0,2024-07-31 00:00:00,295.0,3er tercio lactancia
6824,2025-05-22 00:00:00,8096,5.5,,3.0,2024-12-01 00:00:00,172.0,2do tercio lactancia
6825,2025-05-22 00:00:00,1079,3.4,,1.0,2024-11-18 00:00:00,185.0,3er tercio lactancia
6826,2025-05-22 00:00:00,8046,3.8,,2.0,2024-08-06 00:00:00,289.0,3er tercio lactancia
6827,2025-05-22 00:00:00,7007,6.4,,2.0,2025-03-11 00:00:00,72.0,1er tercio lactancia
6828,2025-05-22 00:00:00,2021,5.0,,4.0,2025-02-05 00:00:00,106.0,2do tercio lactancia
6829,2025-05-22 00:00:00,0299C,3.7,,1.0,2024-11-26 00:00:00,177.0,2do tercio lactancia
6830,2025-05-22 00:00:00,5060,7.7,,2.0,2025-04-15 00:00:00,37.0,1er tercio lactancia
6831,2025-05-22 00:00:00,5679,3.6,,3.0,2024-09-11 00:00:00,253.0,3er tercio lactancia
6832,2025-05-22 00:00:00,J424,5.6,,1.0,2025-03-03 00:00:00,80.0,1er tercio lactancia
6833,2025-05-22 00:00:00,8028,6.2,,3.0,2025-04-23 00:00:00,29.0,1er tercio lactancia
6834,2025-05-22 00:00:00,0267,5.3,,1.0,2024-06-27 00:00:00,329.0,3er tercio lactancia
6835,2025-05-22 00:00:00,8019,2.6,,2.0,2024-07-18 00:00:00,308.0,3er tercio lactancia
6836,2025-05-22 00:00:00,8050,4.8,,3.0,2025-05-03 00:00:00,19.0,1er tercio lactancia
6837,2025-05-22 00:00:00,6043,5.8,,3.0,2025-04-28 00:00:00,24.0,1er tercio lactancia
6838,2025-05-22 00:00:00,0220,5.4,,2.0,2025-02-25 00:00:00,86.0,1er tercio lactancia
6839,2025-05-22 00:00:00,8048,4.9,,2.0,2024-09-02 00:00:00,262.0,3er tercio lactancia
6840,2025-05-22 00:00:00,2226,4.9,,4.0,2024-11-23 00:00:00,180.0,2do tercio lactancia
6841,2025-05-22 00:00:00,3026A,4.5,,3.0,2024-07-04 00:00:00,322.0,3er tercio lactancia
6842,2025-05-22 00:00:00,7061,6.1,,2.0,2025-01-25 00:00:00,117.0,2do tercio lactancia
6843,2025-05-22 00:00:00,9007,6.9,,2.0,2024-11-23 00:00:00,180.0,2do tercio lactancia
6844,2025-05-22 00:00:00,7032,3.4,,2.0,2024-12-01 00:00:00,172.0,2do tercio lactancia
6845,2025-05-22 00:00:00,2234,3.5,,4.0,2025-05-15 00:00:00,7.0,1er tercio lactancia
6846,2025-05-22 00:00:00,8043,3.9,,2.0,2024-08-08 00:00:00,287.0,3er tercio lactancia
6847,2025-05-22 00:00:00,1109A,3.2,,2.0,2024-12-16 00:00:00,157.0,2do tercio lactancia
6848,2025-05-22 00:00:00,35,5.6,,1.0,2024-11-23 00:00:00,180.0,2do tercio lactancia
6849,2025-05-22 00:00:00,2094A,3.6,,4.0,2024-08-20 00:00:00,275.0,3er tercio lactancia
6850,2025-05-22 00:00:00,9389,4.4,,2.0,2025-04-28 00:00:00,24.0,1er tercio lactancia
6851,2025-05-22 00:00:00,0240,7.2,,1.0,2025-04-28 00:00:00,24.0,1er tercio lactancia
6852,2025-05-22 00:00:00,0299A,3.7,,1.0,2025-04-28 00:00:00,24.0,1er tercio lactancia
6853,2025-05-22 00:00:00,1005,6.0,,2.0,2025-05-04 00:00:00,18.0,1er tercio lactancia
6854,2025-05-22 00:00:00,1015A,10.0,,1.0,2025-05-05 00:00:00,17.0,1er tercio lactancia
6855,2025-05-22 00:00:00,10431,8.6,,1.0,2025-05-06 00:00:00,16.0,1er tercio lactancia
6856,2025-05-22 00:00:00,1066,1.4,,1.0,2024-12-16 00:00:00,157.0,2do tercio lactancia
6857,2025-05-22 00:00:00,1075,2.9,,1.0,2025-04-16 00:00:00,36.0,1er tercio lactancia
6858,2025-05-22 00:00:00,1091,4.3,,1.0,2025-04-07 00:00:00,45.0,1er tercio lactancia
6859,2025-05-22 00:00:00,1104A,2.8,,1.0,2025-05-11 00:00:00,11.0,1er tercio lactancia
6860,2025-05-22 00:00:00,1109B,4.3,,1.0,2025-05-14 00:00:00,8.0,1er tercio lactancia
6861,2025-05-22 00:00:00,2035A,8.6,,1.0,2025-04-13 00:00:00,39.0,1er tercio lactancia
6862,2025-05-22 00:00:00,2146,11.5,,1.0,2025-04-26 00:00:00,26.0,1er tercio lactancia
6863,2025-05-22 00:00:00,2203,2.9,,1.0,2025-05-17 00:00:00,5.0,1er tercio lactancia
6864,2025-05-22 00:00:00,4078,4.3,,2.0,2025-05-14 00:00:00,8.0,1er tercio lactancia
6865,2025-05-22 00:00:00,7066,5.0,,2.0,2024-12-09 00:00:00,164.0,2do tercio lactancia
6866,2025-05-22 00:00:00,J01415,5.7,,1.0,2025-01-18 00:00:00,124.0,2do tercio lactancia
6867,2025-05-22 00:00:00,2042,2.9,,1.0,2025-04-19 00:00:00,34.0,1er tercio lactancia
6868,2025-04-26 00:00:00,8061,4.6,,2.0,2024-12-13 00:00:00,134.0,2do tercio lactancia
6869,2025-04-26 00:00:00,2040,2.9,,1.0,2024-09-07 00:00:00,231.0,3er tercio lactancia
6870,2025-04-26 00:00:00,0353,2.6,,1.0,2024-08-28 00:00:00,241.0,3er tercio lactancia
6871,2025-04-26 00:00:00,6070,3.5,,2.0,2024-10-10 00:00:00,198.0,3er tercio lactancia
6872,2025-04-26 00:00:00,8037,1.8,,2.0,2025-03-20 00:00:00,37.0,1er tercio lactancia
6873,2025-04-26 00:00:00,4072,3.0,,2.0,2024-08-17 00:00:00,252.0,3er tercio lactancia
6874,2025-04-26 00:00:00,9058,7.4,,2.0,2025-02-17 00:00:00,68.0,1er tercio lactancia
6875,2025-04-26 00:00:00,9024,3.1,,1.0,2024-07-31 00:00:00,269.0,3er tercio lactancia
6876,2025-04-26 00:00:00,8030,7.6,,3.0,2025-03-28 00:00:00,29.0,1er tercio lactancia
6877,2025-04-26 00:00:00,0270,3.8,,1.0,2024-11-17 00:00:00,160.0,2do tercio lactancia
6878,2025-04-26 00:00:00,4035,7.9,,4.0,2025-02-11 00:00:00,74.0,1er tercio lactancia
6879,2025-04-26 00:00:00,2220,4.9,,4.0,2024-12-25 00:00:00,122.0,2do tercio lactancia
6880,2025-04-26 00:00:00,4018,3.2,,3.0,2024-08-02 00:00:00,267.0,3er tercio lactancia
6881,2025-04-26 00:00:00,0205,2.3,,1.0,2024-11-15 00:00:00,162.0,2do tercio lactancia
6882,2025-04-26 00:00:00,1188,9.3,,1.0,2025-02-20 00:00:00,65.0,1er tercio lactancia
6883,2025-04-26 00:00:00,2063A,4.2,,4.0,2024-07-26 00:00:00,274.0,3er tercio lactancia
6884,2025-04-26 00:00:00,3119,3.6,,4.0,2024-09-12 00:00:00,226.0,3er tercio lactancia
6885,2025-04-26 00:00:00,J426,6.4,,1.0,2025-01-30 00:00:00,86.0,1er tercio lactancia
6886,2025-04-26 00:00:00,0226,7.8,,2.0,2025-03-14 00:00:00,43.0,1er tercio lactancia
6887,2025-04-26 00:00:00,7067,6.4,,2.0,2024-12-01 00:00:00,146.0,2do tercio lactancia
6888,2025-04-26 00:00:00,3132,7.0,,3.0,2025-02-07 00:00:00,78.0,1er tercio lactancia
6889,2025-04-26 00:00:00,1004,1.5,,2.0,2025-04-03 00:00:00,23.0,1er tercio lactancia
6890,2025-04-26 00:00:00,2148A,1.9,,3.0,2024-08-01 00:00:00,268.0,3er tercio lactancia
6891,2025-04-26 00:00:00,9,5.5,,2.0,2025-01-15 00:00:00,101.0,2do tercio lactancia
6892,2025-04-26 00:00:00,91171,7.4,,2.0,2024-11-12 00:00:00,165.0,2do tercio lactancia
6893,2025-04-26 00:00:00,0132,5.2,,4.0,2025-01-30 00:00:00,86.0,1er tercio lactancia
6894,2025-04-26 00:00:00,5150,6.6,,3.0,2025-02-27 00:00:00,58.0,1er tercio lactancia
6895,2025-04-26 00:00:00,0332,5.8,,2.0,2024-12-13 00:00:00,134.0,2do tercio lactancia
6896,2025-04-26 00:00:00,91172,2.3,,2.0,2024-12-13 00:00:00,134.0,2do tercio lactancia
6897,2025-04-26 00:00:00,91242,8.8,,2.0,2025-02-05 00:00:00,80.0,1er tercio lactancia
6898,2025-04-26 00:00:00,80472,3.2,,2.0,2024-11-11 00:00:00,166.0,2do tercio lactancia
6899,2025-04-26 00:00:00,31102,5.0,,3.0,2024-12-09 00:00:00,138.0,2do tercio lactancia
6900,2025-04-26 00:00:00,2143,9.5,,3.0,2024-12-01 00:00:00,146.0,2do tercio lactancia
6901,2025-04-26 00:00:00,5090,5.3,,3.0,2024-12-18 00:00:00,129.0,2do tercio lactancia
6902,2025-04-26 00:00:00,7028,2.1,,3.0,2024-05-19 00:00:00,342.0,3er tercio lactancia
6903,2025-04-26 00:00:00,2039,7.2,,1.0,2024-11-26 00:00:00,151.0,2do tercio lactancia
6904,2025-04-26 00:00:00,0330A,1.0,,1.0,2024-11-15 00:00:00,162.0,2do tercio lactancia
6905,2025-04-26 00:00:00,80882,5.2,,2.0,2024-05-12 00:00:00,349.0,3er tercio lactancia
6906,2025-04-26 00:00:00,809,3.1,,2.0,2024-05-29 00:00:00,332.0,3er tercio lactancia
6907,2025-04-26 00:00:00,8087,4.0,,2.0,2024-07-26 00:00:00,274.0,3er tercio lactancia
6908,2025-04-26 00:00:00,8079,6.4,,3.0,2025-04-02 00:00:00,24.0,1er tercio lactancia
6909,2025-04-26 00:00:00,8082,4.2,,1.0,2024-12-04 00:00:00,143.0,2do tercio lactancia
6910,2025-04-26 00:00:00,8089,6.9,,2.0,2024-12-06 00:00:00,141.0,2do tercio lactancia
6911,2025-04-26 00:00:00,2050,5.9,,4.0,2025-04-04 00:00:00,22.0,1er tercio lactancia
6912,2025-04-26 00:00:00,2062,9.2,,3.0,2025-03-16 00:00:00,41.0,1er tercio lactancia
6913,2025-04-26 00:00:00,8045,5.2,,2.0,2024-07-27 00:00:00,273.0,3er tercio lactancia
6914,2025-04-26 00:00:00,2096,4.8,,3.0,2025-02-11 00:00:00,74.0,1er tercio lactancia
6915,2025-04-26 00:00:00,2090A,5.7,,3.0,2025-03-05 00:00:00,52.0,1er tercio lactancia
6916,2025-04-26 00:00:00,8005,1.7,,2.0,2024-10-11 00:00:00,197.0,3er tercio lactancia
6917,2025-04-26 00:00:00,1017A,2.3,,1.0,2024-11-23 00:00:00,154.0,2do tercio lactancia
6918,2025-04-26 00:00:00,9099,6.4,,2.0,2025-03-20 00:00:00,37.0,1er tercio lactancia
6919,2025-04-26 00:00:00,1015,4.3,,3.0,2024-07-31 00:00:00,269.0,3er tercio lactancia
6920,2025-04-26 00:00:00,3066B,4.3,,3.0,2024-09-20 00:00:00,218.0,3er tercio lactancia
6921,2025-04-26 00:00:00,5144,3.0,,3.0,2024-10-09 00:00:00,199.0,3er tercio lactancia
6922,2025-04-26 00:00:00,4151,2.9,,3.0,2024-06-23 00:00:00,307.0,3er tercio lactancia
6923,2025-04-26 00:00:00,3028A,6.5,,3.0,2025-01-30 00:00:00,86.0,1er tercio lactancia
6924,2025-04-26 00:00:00,2124A,5.0,,3.0,2024-06-30 00:00:00,300.0,3er tercio lactancia
6925,2025-04-26 00:00:00,2209A,8.2,,3.0,2025-02-11 00:00:00,74.0,1er tercio lactancia
6926,2025-04-26 00:00:00,9040,5.0,,2.0,2024-09-29 00:00:00,209.0,3er tercio lactancia
6927,2025-04-26 00:00:00,7087,6.2,,3.0,2024-12-23 00:00:00,124.0,2do tercio lactancia
6928,2025-04-26 00:00:00,4079,5.4,,3.0,2025-03-30 00:00:00,27.0,1er tercio lactancia
6929,2025-04-26 00:00:00,0322,7.5,,2.0,2025-02-12 00:00:00,73.0,1er tercio lactancia
6930,2025-04-26 00:00:00,5007,6.2,,2.0,2025-02-11 00:00:00,74.0,1er tercio lactancia
6931,2025-04-26 00:00:00,7083,14.0,,3.0,2025-03-26 00:00:00,31.0,1er tercio lactancia
6932,2025-04-26 00:00:00,6067,7.0,,4.0,2025-03-05 00:00:00,52.0,1er tercio lactancia
6933,2025-04-26 00:00:00,6035,8.4,,3.0,2025-03-07 00:00:00,50.0,1er tercio lactancia
6934,2025-04-26 00:00:00,2171,8.6,,4.0,2025-01-09 00:00:00,107.0,2do tercio lactancia
6935,2025-04-26 00:00:00,1139A,5.4,,3.0,2025-02-17 00:00:00,68.0,1er tercio lactancia
6936,2025-04-26 00:00:00,0229,7.2,,2.0,2025-01-05 00:00:00,111.0,2do tercio lactancia
6937,2025-04-26 00:00:00,J841,9.7,,1.0,2025-02-12 00:00:00,73.0,1er tercio lactancia
6938,2025-04-26 00:00:00,8036,7.2,,3.0,2025-01-16 00:00:00,100.0,2do tercio lactancia
6939,2025-04-26 00:00:00,5033,5.5,,3.0,2024-10-17 00:00:00,191.0,3er tercio lactancia
6940,2025-04-26 00:00:00,0342,1.8,,1.0,2024-11-15 00:00:00,162.0,2do tercio lactancia
6941,2025-04-26 00:00:00,91262,6.9,,2.0,2024-12-24 00:00:00,123.0,2do tercio lactancia
6942,2025-04-26 00:00:00,0298,4.7,,1.0,2024-11-18 00:00:00,159.0,2do tercio lactancia
6943,2025-04-26 00:00:00,1100B,4.8,,1.0,2025-04-11 00:00:00,15.0,1er tercio lactancia
6944,2025-04-26 00:00:00,8072,3.2,,2.0,2024-11-22 00:00:00,155.0,2do tercio lactancia
6945,2025-04-26 00:00:00,1168,9.9,,4.0,2025-03-31 00:00:00,26.0,1er tercio lactancia
6946,2025-04-26 00:00:00,1078A,3.3,,3.0,2024-12-18 00:00:00,129.0,2do tercio lactancia
6947,2025-04-26 00:00:00,8011,4.7,,2.0,2025-04-07 00:00:00,19.0,1er tercio lactancia
6948,2025-04-26 00:00:00,5146,1.7,,3.0,2025-06-03 00:00:00,,
6949,2025-04-26 00:00:00,9020,2.8,,2.0,2024-12-21 00:00:00,126.0,2do tercio lactancia
6950,2025-04-26 00:00:00,1088A,7.1,,1.0,2024-11-23 00:00:00,154.0,2do tercio lactancia
6951,2025-04-26 00:00:00,0201,9.5,,2.0,2025-03-25 00:00:00,32.0,1er tercio lactancia
6952,2025-04-26 00:00:00,0320,6.4,,2.0,2025-02-11 00:00:00,74.0,1er tercio lactancia
6953,2025-04-26 00:00:00,2196A,3.5,,3.0,2024-07-31 00:00:00,269.0,3er tercio lactancia
6954,2025-04-26 00:00:00,8096,6.0,,3.0,2024-12-01 00:00:00,146.0,2do tercio lactancia
6955,2025-04-26 00:00:00,1079,3.9,,1.0,2024-11-18 00:00:00,159.0,2do tercio lactancia
6956,2025-04-26 00:00:00,8046,4.9,,2.0,2024-08-06 00:00:00,263.0,3er tercio lactancia
6957,2025-04-26 00:00:00,7007,9.1,,2.0,2025-03-11 00:00:00,46.0,1er tercio lactancia
6958,2025-04-26 00:00:00,3043,1.5,,3.0,2025-03-31 00:00:00,26.0,1er tercio lactancia
6959,2025-04-26 00:00:00,2021,6.5,,4.0,2025-02-05 00:00:00,80.0,1er tercio lactancia
6960,2025-04-26 00:00:00,0299C,4.7,,1.0,2024-11-26 00:00:00,151.0,2do tercio lactancia
6961,2025-04-26 00:00:00,5060,6.7,,2.0,2025-04-15 00:00:00,11.0,1er tercio lactancia
6962,2025-04-26 00:00:00,5679,3.5,,3.0,2024-09-11 00:00:00,227.0,3er tercio lactancia
6963,2025-04-26 00:00:00,4101,2.6,,3.0,2024-08-28 00:00:00,241.0,3er tercio lactancia
6964,2025-04-26 00:00:00,J424,6.3,,1.0,2025-03-03 00:00:00,54.0,1er tercio lactancia
6965,2025-04-26 00:00:00,0267,5.4,,1.0,2024-06-27 00:00:00,303.0,3er tercio lactancia
6966,2025-04-26 00:00:00,8019,4.9,,2.0,2024-07-18 00:00:00,282.0,3er tercio lactancia
6967,2025-04-26 00:00:00,0220,5.9,,2.0,2025-02-25 00:00:00,60.0,1er tercio lactancia
6968,2025-04-26 00:00:00,8048,4.8,,2.0,2024-09-02 00:00:00,236.0,3er tercio lactancia
6969,2025-04-26 00:00:00,2226,5.0,,4.0,2024-11-23 00:00:00,154.0,2do tercio lactancia
6970,2025-04-26 00:00:00,3026A,4.0,,3.0,2024-07-04 00:00:00,296.0,3er tercio lactancia
6971,2025-04-26 00:00:00,7061,7.6,,2.0,2025-01-25 00:00:00,91.0,2do tercio lactancia
6972,2025-04-26 00:00:00,9007,7.1,,2.0,2024-11-23 00:00:00,154.0,2do tercio lactancia
6973,2025-04-26 00:00:00,7032,3.0,,2.0,2024-12-01 00:00:00,146.0,2do tercio lactancia
6974,2025-04-26 00:00:00,8043,4.6,,2.0,2024-08-08 00:00:00,261.0,3er tercio lactancia
6975,2025-04-26 00:00:00,2083,2.6,,3.0,2024-10-03 00:00:00,205.0,3er tercio lactancia
6976,2025-04-26 00:00:00,1109A,3.3,,2.0,2024-12-16 00:00:00,131.0,2do tercio lactancia
6977,2025-04-26 00:00:00,35,6.7,,1.0,2024-11-23 00:00:00,154.0,2do tercio lactancia
6978,2025-04-26 00:00:00,2094A,4.1,,4.0,2024-08-20 00:00:00,249.0,3er tercio lactancia
6979,2025-04-26 00:00:00,8017,4.1,,2.0,2024-05-19 00:00:00,342.0,3er tercio lactancia
6980,2025-04-26 00:00:00,1066,3.2,,1.0,2024-12-16 00:00:00,131.0,2do tercio lactancia
6981,2025-04-26 00:00:00,1091,3.9,,1.0,2025-04-07 00:00:00,19.0,1er tercio lactancia
6982,2025-04-26 00:00:00,2035A,5.5,,1.0,2025-04-13 00:00:00,13.0,1er tercio lactancia
6983,2025-04-26 00:00:00,7066,5.0,,2.0,2024-12-09 00:00:00,138.0,2do tercio lactancia
6984,2025-04-26 00:00:00,9100,1.7,,2.0,2024-11-26 00:00:00,151.0,2do tercio lactancia
6985,2025-04-26 00:00:00,J01415,8.6,,1.0,2025-01-18 00:00:00,98.0,2do tercio lactancia
6986,2025-06-26 00:00:00,8061,3.1,,2.0,2024-12-13 00:00:00,195.0,3er tercio lactancia
6987,2025-06-26 00:00:00,2040,2.0,,1.0,2024-09-07 00:00:00,292.0,3er tercio lactancia
6988,2025-06-26 00:00:00,0353,1.8,,1.0,2024-08-28 00:00:00,302.0,3er tercio lactancia
6989,2025-06-26 00:00:00,6070,4.1,,2.0,2024-10-10 00:00:00,259.0,3er tercio lactancia
6990,2025-06-26 00:00:00,8037,6.8,,2.0,2025-03-20 00:00:00,98.0,2do tercio lactancia
6991,2025-06-26 00:00:00,5076,4.4,,3.0,2025-06-05 00:00:00,21.0,1er tercio lactancia
6992,2025-06-26 00:00:00,9058,7.1,,2.0,2025-02-17 00:00:00,129.0,2do tercio lactancia
6993,2025-06-26 00:00:00,8030,6.8,,3.0,2025-03-28 00:00:00,90.0,1er tercio lactancia
6994,2025-06-26 00:00:00,0202,5.9,,2.0,2025-04-30 00:00:00,57.0,1er tercio lactancia
6995,2025-06-26 00:00:00,0270,4.3,,1.0,2024-11-17 00:00:00,221.0,3er tercio lactancia
6996,2025-06-26 00:00:00,4035,7.4,,4.0,2025-02-11 00:00:00,135.0,2do tercio lactancia
6997,2025-06-26 00:00:00,3003A,5.7,,4.0,2025-06-05 00:00:00,21.0,1er tercio lactancia
6998,2025-06-26 00:00:00,2220,7.1,,4.0,2024-12-25 00:00:00,183.0,3er tercio lactancia
6999,2025-06-26 00:00:00,4078,4.9,,2.0,2025-05-14 00:00:00,43.0,1er tercio lactancia
7000,2025-06-26 00:00:00,1188,7.7,,1.0,2025-02-20 00:00:00,126.0,2do tercio lactancia
7001,2025-06-26 00:00:00,2063A,1.7,,4.0,2024-07-26 00:00:00,335.0,3er tercio lactancia
7002,2025-06-26 00:00:00,SNA,8.5,,4.0,2025-06-20 00:00:00,6.0,1er tercio lactancia
7003,2025-06-26 00:00:00,0240,6.3,,1.0,2025-04-28 00:00:00,59.0,1er tercio lactancia
7004,2025-06-26 00:00:00,10431,9.1,,1.0,2025-05-06 00:00:00,51.0,1er tercio lactancia
7005,2025-06-26 00:00:00,J426,2.9,,1.0,2025-01-30 00:00:00,147.0,2do tercio lactancia
7006,2025-06-26 00:00:00,0226,7.7,,2.0,2025-03-14 00:00:00,104.0,2do tercio lactancia
7007,2025-06-26 00:00:00,7067,5.0,,2.0,2024-12-01 00:00:00,207.0,3er tercio lactancia
7008,2025-06-26 00:00:00,3132,5.6,,3.0,2025-02-07 00:00:00,139.0,2do tercio lactancia
7009,2025-06-26 00:00:00,1004,7.8,,2.0,2025-04-03 00:00:00,84.0,1er tercio lactancia
7010,2025-06-26 00:00:00,91171,6.2,,2.0,2024-11-12 00:00:00,226.0,3er tercio lactancia
7011,2025-06-26 00:00:00,0132,4.9,,4.0,2025-01-30 00:00:00,147.0,2do tercio lactancia
7012,2025-06-26 00:00:00,5150,6.2,,3.0,2025-02-27 00:00:00,119.0,2do tercio lactancia
7013,2025-06-26 00:00:00,0332,4.5,,2.0,2024-12-13 00:00:00,195.0,3er tercio lactancia
7014,2025-06-26 00:00:00,91172,2.1,,2.0,2024-12-13 00:00:00,195.0,3er tercio lactancia
7015,2025-06-26 00:00:00,91242,6.7,,2.0,2025-02-05 00:00:00,141.0,2do tercio lactancia
7016,2025-06-26 00:00:00,80472,3.2,,2.0,2024-11-11 00:00:00,227.0,3er tercio lactancia
7017,2025-06-26 00:00:00,31102,6.9,,3.0,2024-12-09 00:00:00,199.0,3er tercio lactancia
7018,2025-06-26 00:00:00,2143,7.1,,3.0,2024-12-01 00:00:00,207.0,3er tercio lactancia
7019,2025-06-26 00:00:00,8094,5.7,,3.0,2025-05-25 00:00:00,32.0,1er tercio lactancia
7020,2025-06-26 00:00:00,5090,5.0,,3.0,2024-12-18 00:00:00,190.0,3er tercio lactancia
7021,2025-06-26 00:00:00,2039,6.7,,1.0,2024-11-26 00:00:00,212.0,3er tercio lactancia
7022,2025-06-26 00:00:00,9091,5.6,,2.0,2025-06-03 00:00:00,23.0,1er tercio lactancia
7023,2025-06-26 00:00:00,0329,5.1,,2.0,2025-06-16 00:00:00,10.0,1er tercio lactancia
7024,2025-06-26 00:00:00,8087,4.5,,2.0,2024-07-26 00:00:00,335.0,3er tercio lactancia
7025,2025-06-26 00:00:00,0241,11.1,,2.0,2025-05-24 00:00:00,33.0,1er tercio lactancia
7026,2025-06-26 00:00:00,0338,7.1,,2.0,2025-05-14 00:00:00,43.0,1er tercio lactancia
7027,2025-06-26 00:00:00,8079,5.3,,3.0,2025-04-02 00:00:00,85.0,1er tercio lactancia
7028,2025-06-26 00:00:00,0208A,7.9,,1.0,2025-05-17 00:00:00,40.0,1er tercio lactancia
7029,2025-06-26 00:00:00,8082,3.9,,1.0,2024-12-04 00:00:00,204.0,3er tercio lactancia
7030,2025-06-26 00:00:00,8089,6.0,,2.0,2024-12-06 00:00:00,202.0,3er tercio lactancia
7031,2025-06-26 00:00:00,2050,6.0,,4.0,2025-04-04 00:00:00,83.0,1er tercio lactancia
7032,2025-06-26 00:00:00,2062,9.7,,3.0,2025-03-16 00:00:00,102.0,2do tercio lactancia
7033,2025-06-26 00:00:00,2096,6.6,,3.0,2025-02-11 00:00:00,135.0,2do tercio lactancia
7034,2025-06-26 00:00:00,2090A,5.9,,3.0,2025-03-05 00:00:00,113.0,2do tercio lactancia
7035,2025-06-26 00:00:00,EMB 2,5.9,,3.0,2025-06-02 00:00:00,24.0,1er tercio lactancia
7036,2025-06-26 00:00:00,1017A,2.1,,1.0,2024-11-23 00:00:00,215.0,3er tercio lactancia
7037,2025-06-26 00:00:00,9099,6.8,,2.0,2025-03-20 00:00:00,98.0,2do tercio lactancia
7038,2025-06-26 00:00:00,3066B,3.9,,3.0,2024-09-20 00:00:00,279.0,3er tercio lactancia
7039,2025-06-26 00:00:00,5144,1.5,,3.0,2024-10-09 00:00:00,260.0,3er tercio lactancia
7040,2025-06-26 00:00:00,2146,10.2,,1.0,2025-04-26 00:00:00,61.0,1er tercio lactancia
7041,2025-06-26 00:00:00,60286,2.7,,2.0,2024-10-16 00:00:00,253.0,3er tercio lactancia
7042,2025-06-26 00:00:00,3028A,6.1,,3.0,2025-01-30 00:00:00,147.0,2do tercio lactancia
7043,2025-06-26 00:00:00,2209A,7.5,,3.0,2025-02-11 00:00:00,135.0,2do tercio lactancia
7044,2025-06-26 00:00:00,9040,1.9,,2.0,2024-09-29 00:00:00,270.0,3er tercio lactancia
7045,2025-06-26 00:00:00,7087,5.7,,3.0,2024-12-23 00:00:00,185.0,3er tercio lactancia
7046,2025-06-26 00:00:00,4A,4.9,,3.0,2025-04-24 00:00:00,63.0,1er tercio lactancia
7047,2025-06-26 00:00:00,0322,6.8,,2.0,2025-02-12 00:00:00,134.0,2do tercio lactancia
7048,2025-06-26 00:00:00,5052,3.6,,3.0,2025-05-04 00:00:00,53.0,1er tercio lactancia
7049,2025-06-26 00:00:00,7083,9.4,,3.0,2025-03-26 00:00:00,92.0,2do tercio lactancia
7050,2025-06-26 00:00:00,6067,2.9,,4.0,2025-03-05 00:00:00,113.0,2do tercio lactancia
7051,2025-06-26 00:00:00,6035,7.8,,3.0,2025-03-07 00:00:00,111.0,2do tercio lactancia
7052,2025-06-26 00:00:00,7033,8.4,,2.0,2025-04-28 00:00:00,59.0,1er tercio lactancia
7053,2025-06-26 00:00:00,9113,7.0,,2.0,2025-05-30 00:00:00,27.0,1er tercio lactancia
7054,2025-06-26 00:00:00,2171,7.8,,4.0,2025-01-09 00:00:00,168.0,2do tercio lactancia
7055,2025-06-26 00:00:00,2073,9.3,,4.0,2025-05-17 00:00:00,40.0,1er tercio lactancia
7056,2025-06-26 00:00:00,1139A,3.3,,3.0,2025-02-17 00:00:00,129.0,2do tercio lactancia
7057,2025-06-26 00:00:00,0229,6.6,,2.0,2025-01-05 00:00:00,172.0,2do tercio lactancia
7058,2025-06-26 00:00:00,J841,7.0,,1.0,2025-02-12 00:00:00,134.0,2do tercio lactancia
7059,2025-06-26 00:00:00,8036,6.7,,3.0,2025-01-16 00:00:00,161.0,2do tercio lactancia
7060,2025-06-26 00:00:00,5033,4.1,,3.0,2024-10-17 00:00:00,252.0,3er tercio lactancia
7061,2025-06-26 00:00:00,5079,3.1,,3.0,2025-06-20 00:00:00,6.0,1er tercio lactancia
7062,2025-06-26 00:00:00,2203,6.5,,1.0,2025-05-17 00:00:00,40.0,1er tercio lactancia
7063,2025-06-26 00:00:00,91262,6.8,,2.0,2024-12-24 00:00:00,184.0,3er tercio lactancia
7064,2025-06-26 00:00:00,0298,3.3,,1.0,2024-11-18 00:00:00,220.0,3er tercio lactancia
7065,2025-06-26 00:00:00,1100B,2.0,,1.0,2025-04-11 00:00:00,76.0,1er tercio lactancia
7066,2025-06-26 00:00:00,8072,3.3,,2.0,2024-11-22 00:00:00,216.0,3er tercio lactancia
7067,2025-06-26 00:00:00,1078A,2.6,,3.0,2024-12-18 00:00:00,190.0,3er tercio lactancia
7068,2025-06-26 00:00:00,8011,4.7,,2.0,2025-04-07 00:00:00,80.0,1er tercio lactancia
7069,2025-06-26 00:00:00,2219,7.0,,3.0,2025-05-29 00:00:00,28.0,1er tercio lactancia
7070,2025-06-26 00:00:00,2133A,6.9,,3.0,2025-05-30 00:00:00,27.0,1er tercio lactancia
7071,2025-06-26 00:00:00,5146,5.7,,3.0,2025-06-03 00:00:00,23.0,1er tercio lactancia
7072,2025-06-26 00:00:00,1088A,4.1,,1.0,2024-11-23 00:00:00,215.0,3er tercio lactancia
7073,2025-06-26 00:00:00,0201,9.4,,2.0,2025-03-25 00:00:00,93.0,2do tercio lactancia
7074,2025-06-26 00:00:00,0320,6.2,,2.0,2025-02-11 00:00:00,135.0,2do tercio lactancia
7075,2025-06-26 00:00:00,9071,3.8,,3.0,2025-06-08 00:00:00,18.0,1er tercio lactancia
7076,2025-06-26 00:00:00,8096,3.1,,3.0,2024-12-01 00:00:00,207.0,3er tercio lactancia
7077,2025-06-26 00:00:00,1079,3.0,,1.0,2024-11-18 00:00:00,220.0,3er tercio lactancia
7078,2025-06-26 00:00:00,8046,4.6,,2.0,2024-08-06 00:00:00,324.0,3er tercio lactancia
7079,2025-06-26 00:00:00,7007,8.0,,2.0,2025-03-11 00:00:00,107.0,2do tercio lactancia
7080,2025-06-26 00:00:00,2021,5.0,,4.0,2025-02-05 00:00:00,141.0,2do tercio lactancia
7081,2025-06-26 00:00:00,0299C,3.4,,1.0,2024-11-26 00:00:00,212.0,3er tercio lactancia
7082,2025-06-26 00:00:00,5060,8.1,,2.0,2025-04-15 00:00:00,72.0,1er tercio lactancia
7083,2025-06-26 00:00:00,5679,2.5,,3.0,2024-09-11 00:00:00,288.0,3er tercio lactancia
7084,2025-06-26 00:00:00,J424,5.5,,1.0,2025-03-03 00:00:00,115.0,2do tercio lactancia
7085,2025-06-26 00:00:00,8028,6.5,,3.0,2025-04-23 00:00:00,64.0,1er tercio lactancia
7086,2025-06-26 00:00:00,0267,4.5,,1.0,2024-06-27 00:00:00,364.0,3er tercio lactancia
7087,2025-06-26 00:00:00,8050,5.7,,3.0,2025-05-03 00:00:00,54.0,1er tercio lactancia
7088,2025-06-26 00:00:00,6043,5.8,,3.0,2025-04-28 00:00:00,59.0,1er tercio lactancia
7089,2025-06-26 00:00:00,0220,5.9,,2.0,2025-02-25 00:00:00,121.0,2do tercio lactancia
7090,2025-06-26 00:00:00,8048,4.5,,2.0,2024-09-02 00:00:00,297.0,3er tercio lactancia
7091,2025-06-26 00:00:00,2226,3.9,,4.0,2024-11-23 00:00:00,215.0,3er tercio lactancia
7092,2025-06-26 00:00:00,3026A,4.2,,3.0,2024-07-04 00:00:00,357.0,3er tercio lactancia
7093,2025-06-26 00:00:00,7061,7.2,,2.0,2025-01-25 00:00:00,152.0,2do tercio lactancia
7094,2025-06-26 00:00:00,9007,6.2,,2.0,2024-11-23 00:00:00,215.0,3er tercio lactancia
7095,2025-06-26 00:00:00,7032,3.2,,2.0,2024-12-01 00:00:00,207.0,3er tercio lactancia
7096,2025-06-26 00:00:00,2234,5.2,,4.0,2025-05-15 00:00:00,42.0,1er tercio lactancia
7097,2025-06-26 00:00:00,8043,4.5,,2.0,2024-08-08 00:00:00,322.0,3er tercio lactancia
7098,2025-06-26 00:00:00,1109A,3.2,,2.0,2024-12-16 00:00:00,192.0,3er tercio lactancia
7099,2025-06-26 00:00:00,35,5.9,,1.0,2024-11-23 00:00:00,215.0,3er tercio lactancia
7100,2025-06-26 00:00:00,2094A,3.6,,4.0,2024-08-20 00:00:00,310.0,3er tercio lactancia
7101,2025-06-26 00:00:00,9389,3.3,,2.0,2025-04-28 00:00:00,59.0,1er tercio lactancia
7102,2025-06-26 00:00:00,0299A,6.5,,1.0,2025-04-28 00:00:00,59.0,1er tercio lactancia
7103,2025-06-26 00:00:00,1005,6.9,,2.0,2025-05-04 00:00:00,53.0,1er tercio lactancia
7104,2025-06-26 00:00:00,1015A,7.3,,1.0,2025-05-05 00:00:00,52.0,1er tercio lactancia
7105,2025-06-26 00:00:00,1075,7.0,,1.0,2025-04-16 00:00:00,71.0,1er tercio lactancia
7106,2025-06-26 00:00:00,1091,4.0,,1.0,2025-04-07 00:00:00,80.0,1er tercio lactancia
7107,2025-06-26 00:00:00,1104A,7.8,,1.0,2025-05-11 00:00:00,46.0,1er tercio lactancia
7108,2025-06-26 00:00:00,1109B,4.6,,1.0,2025-05-14 00:00:00,43.0,1er tercio lactancia
7109,2025-06-26 00:00:00,2018,4.0,,1.0,2025-06-18 00:00:00,8.0,1er tercio lactancia
7110,2025-06-26 00:00:00,2035A,8.4,,1.0,2025-04-13 00:00:00,74.0,1er tercio lactancia
7111,2025-06-26 00:00:00,2042,2.6,,1.0,2025-04-19 00:00:00,68.0,1er tercio lactancia
7112,2025-06-26 00:00:00,33,2.4,,2.0,2025-05-20 00:00:00,37.0,1er tercio lactancia
7113,2025-06-26 00:00:00,7066,4.5,,2.0,2024-12-09 00:00:00,199.0,3er tercio lactancia
7114,2025-06-26 00:00:00,7080,1.9,,3.0,2025-06-14 00:00:00,12.0,1er tercio lactancia
7115,2025-06-26 00:00:00,9011,1.7,,2.0,2025-05-19 00:00:00,38.0,1er tercio lactancia
7116,2025-06-26 00:00:00,J01415,4.3,,1.0,2025-01-18 00:00:00,159.0,2do tercio lactancia
7117,2025-06-26 00:00:00,J420,5.4,,1.0,2025-06-21 00:00:00,5.0,1er tercio lactancia
7118,2025-06-26 00:00:00,J425,2.9,,1.0,2025-06-04 00:00:00,22.0,1er tercio lactancia
7119,2025-06-26 00:00:00,2124A,5.3,,3.0,2024-06-30 00:00:00,361.0,3er tercio lactancia
7120,2025-07-16 00:00:00,8061,3.3,,2.0,2024-12-13 00:00:00,215.0,3er tercio lactancia
7121,2025-07-16 00:00:00,0298A,7.8,,2.0,2025-07-06 00:00:00,10.0,1er tercio lactancia
7122,2025-07-16 00:00:00,6070,2.6,,2.0,2024-10-10 00:00:00,279.0,3er tercio lactancia
7123,2025-07-16 00:00:00,8037,6.8,,2.0,2025-03-20 00:00:00,118.0,2do tercio lactancia
7124,2025-07-16 00:00:00,8063,5.9,,4.0,2025-07-02 00:00:00,14.0,1er tercio lactancia
7125,2025-07-16 00:00:00,5076,4.0,,3.0,2025-06-05 00:00:00,41.0,1er tercio lactancia
7126,2025-07-16 00:00:00,9058,7.5,,2.0,2025-02-17 00:00:00,149.0,2do tercio lactancia
7127,2025-07-16 00:00:00,1015A,7.3,,1.0,2025-05-05 00:00:00,72.0,1er tercio lactancia
7128,2025-07-16 00:00:00,8030,3.1,,3.0,2025-03-28 00:00:00,110.0,2do tercio lactancia
7129,2025-07-16 00:00:00,0202,5.6,,2.0,2025-04-30 00:00:00,77.0,1er tercio lactancia
7130,2025-07-16 00:00:00,0270,5.8,,1.0,2024-11-17 00:00:00,241.0,3er tercio lactancia
7131,2025-07-16 00:00:00,4035,7.5,,4.0,2025-02-11 00:00:00,155.0,2do tercio lactancia
7132,2025-07-16 00:00:00,3003A,8.2,,4.0,2025-06-05 00:00:00,41.0,1er tercio lactancia
7133,2025-07-16 00:00:00,2220,3.1,,4.0,2024-12-25 00:00:00,203.0,3er tercio lactancia
7134,2025-07-16 00:00:00,4078,3.9,,2.0,2025-05-14 00:00:00,63.0,1er tercio lactancia
7135,2025-07-16 00:00:00,1188,6.3,,1.0,2025-02-20 00:00:00,146.0,2do tercio lactancia
7136,2025-07-16 00:00:00,0018,4.2,,2.0,2025-07-01 00:00:00,15.0,1er tercio lactancia
7137,2025-07-16 00:00:00,SNA,5.6,,4.0,2025-06-20 00:00:00,26.0,1er tercio lactancia
7138,2025-07-16 00:00:00,0240,7.2,,1.0,2025-04-28 00:00:00,79.0,1er tercio lactancia
7139,2025-07-16 00:00:00,10431,8.9,,1.0,2025-05-06 00:00:00,71.0,1er tercio lactancia
7140,2025-07-16 00:00:00,J426,3.4,,1.0,2025-01-30 00:00:00,167.0,2do tercio lactancia
7141,2025-07-16 00:00:00,0226,6.4,,2.0,2025-03-14 00:00:00,124.0,2do tercio lactancia
7142,2025-07-16 00:00:00,7067,5.7,,2.0,2024-12-01 00:00:00,227.0,3er tercio lactancia
7143,2025-07-16 00:00:00,3132,4.7,,3.0,2025-02-07 00:00:00,159.0,2do tercio lactancia
7144,2025-07-16 00:00:00,8062,5.1,,2.0,2025-07-14 00:00:00,2.0,1er tercio lactancia
7145,2025-07-16 00:00:00,1004,9.6,,2.0,2025-04-03 00:00:00,104.0,2do tercio lactancia
7146,2025-07-16 00:00:00,91171,7.8,,2.0,2024-11-12 00:00:00,246.0,3er tercio lactancia
7147,2025-07-16 00:00:00,0132,4.6,,4.0,2025-01-30 00:00:00,167.0,2do tercio lactancia
7148,2025-07-16 00:00:00,5150,5.3,,3.0,2025-02-27 00:00:00,139.0,2do tercio lactancia
7149,2025-07-16 00:00:00,0332,5.5,,2.0,2024-12-13 00:00:00,215.0,3er tercio lactancia
7150,2025-07-16 00:00:00,91242,6.7,,2.0,2025-02-05 00:00:00,161.0,2do tercio lactancia
7151,2025-07-16 00:00:00,J01415,3.7,,1.0,2025-01-18 00:00:00,179.0,2do tercio lactancia
7152,2025-07-16 00:00:00,80472,3.2,,2.0,2024-11-11 00:00:00,247.0,3er tercio lactancia
7153,2025-07-16 00:00:00,31102,6.1,,3.0,2024-12-09 00:00:00,219.0,3er tercio lactancia
7154,2025-07-16 00:00:00,2143,6.7,,3.0,2024-12-01 00:00:00,227.0,3er tercio lactancia
7155,2025-07-16 00:00:00,8094,3.6,,3.0,2025-05-25 00:00:00,52.0,1er tercio lactancia
7156,2025-07-16 00:00:00,5090,4.4,,3.0,2024-12-18 00:00:00,210.0,3er tercio lactancia
7157,2025-07-16 00:00:00,2039,3.3,,1.0,2024-11-26 00:00:00,232.0,3er tercio lactancia
7158,2025-07-16 00:00:00,9091,7.3,,2.0,2025-06-03 00:00:00,43.0,1er tercio lactancia
7159,2025-07-16 00:00:00,0329,6.0,,2.0,2025-06-16 00:00:00,30.0,1er tercio lactancia
7160,2025-07-16 00:00:00,0241,9.1,,2.0,2025-05-24 00:00:00,53.0,1er tercio lactancia
7161,2025-07-16 00:00:00,0338,9.7,,2.0,2025-05-14 00:00:00,63.0,1er tercio lactancia
7162,2025-07-16 00:00:00,8079,5.1,,3.0,2025-04-02 00:00:00,105.0,2do tercio lactancia
7163,2025-07-16 00:00:00,0208A,6.9,,1.0,2025-05-17 00:00:00,60.0,1er tercio lactancia
7164,2025-07-16 00:00:00,8082,3.5,,1.0,2024-12-04 00:00:00,224.0,3er tercio lactancia
7165,2025-07-16 00:00:00,8089,6.2,,2.0,2024-12-06 00:00:00,222.0,3er tercio lactancia
7166,2025-07-16 00:00:00,2050,5.8,,4.0,2025-04-04 00:00:00,103.0,2do tercio lactancia
7167,2025-07-16 00:00:00,2062,9.4,,3.0,2025-03-16 00:00:00,122.0,2do tercio lactancia
7168,2025-07-16 00:00:00,2096,5.4,,3.0,2025-02-11 00:00:00,155.0,2do tercio lactancia
7169,2025-07-16 00:00:00,0284,9.1,,1.0,2025-06-25 00:00:00,21.0,1er tercio lactancia
7170,2025-07-16 00:00:00,0740,6.5,,3.0,2025-07-14 00:00:00,2.0,1er tercio lactancia
7171,2025-07-16 00:00:00,2090A,6.5,,3.0,2025-03-05 00:00:00,133.0,2do tercio lactancia
7172,2025-07-16 00:00:00,8033,4.4,,3.0,2025-06-19 00:00:00,27.0,1er tercio lactancia
7173,2025-07-16 00:00:00,EMB 2,4.0,,3.0,2025-06-02 00:00:00,44.0,1er tercio lactancia
7174,2025-07-16 00:00:00,1017A,1.8,,1.0,2024-11-23 00:00:00,235.0,3er tercio lactancia
7175,2025-07-16 00:00:00,9099,5.4,,2.0,2025-03-20 00:00:00,118.0,2do tercio lactancia
7176,2025-07-16 00:00:00,0272,4.7,,2.0,2025-07-08 00:00:00,8.0,1er tercio lactancia
7177,2025-07-16 00:00:00,3066B,3.8,,3.0,2024-09-20 00:00:00,299.0,3er tercio lactancia
7178,2025-07-16 00:00:00,5144,3.1,,3.0,2024-10-09 00:00:00,280.0,3er tercio lactancia
7179,2025-07-16 00:00:00,2146,9.6,,1.0,2025-04-26 00:00:00,81.0,1er tercio lactancia
7180,2025-07-16 00:00:00,3028A,4.1,,3.0,2025-01-30 00:00:00,167.0,2do tercio lactancia
7181,2025-07-16 00:00:00,2124A,5.0,,3.0,2024-06-30 00:00:00,381.0,3er tercio lactancia
7182,2025-07-16 00:00:00,3021A,9.7,,4.0,2025-07-04 00:00:00,12.0,1er tercio lactancia
7183,2025-07-16 00:00:00,2209A,6.8,,3.0,2025-02-11 00:00:00,155.0,2do tercio lactancia
7184,2025-07-16 00:00:00,7087,6.2,,3.0,2024-12-23 00:00:00,205.0,3er tercio lactancia
7185,2025-07-16 00:00:00,4A,4.3,,3.0,2025-04-24 00:00:00,83.0,1er tercio lactancia
7186,2025-07-16 00:00:00,0322,6.8,,2.0,2025-02-12 00:00:00,154.0,2do tercio lactancia
7187,2025-07-16 00:00:00,5052,3.8,,3.0,2025-05-04 00:00:00,73.0,1er tercio lactancia
7188,2025-07-16 00:00:00,7083,9.3,,3.0,2025-03-26 00:00:00,112.0,2do tercio lactancia
7189,2025-07-16 00:00:00,6067,2.0,,4.0,2025-03-05 00:00:00,133.0,2do tercio lactancia
7190,2025-07-16 00:00:00,6035,7.0,,3.0,2025-03-07 00:00:00,131.0,2do tercio lactancia
7191,2025-07-16 00:00:00,7033,7.2,,2.0,2025-04-28 00:00:00,79.0,1er tercio lactancia
7192,2025-07-16 00:00:00,9113,7.1,,2.0,2025-05-30 00:00:00,47.0,1er tercio lactancia
7193,2025-07-16 00:00:00,2171,6.7,,4.0,2025-01-09 00:00:00,188.0,3er tercio lactancia
7194,2025-07-16 00:00:00,J425,4.9,,1.0,2025-06-04 00:00:00,42.0,1er tercio lactancia
7195,2025-07-16 00:00:00,2073,9.2,,4.0,2025-05-17 00:00:00,60.0,1er tercio lactancia
7196,2025-07-16 00:00:00,1139A,2.4,,3.0,2025-02-17 00:00:00,149.0,2do tercio lactancia
7197,2025-07-16 00:00:00,0229,6.2,,2.0,2025-01-05 00:00:00,192.0,3er tercio lactancia
7198,2025-07-16 00:00:00,J841,7.1,,1.0,2025-02-12 00:00:00,154.0,2do tercio lactancia
7199,2025-07-16 00:00:00,8036,7.4,,3.0,2025-01-16 00:00:00,181.0,3er tercio lactancia
7200,2025-07-16 00:00:00,5033,3.6,,3.0,2024-10-17 00:00:00,272.0,3er tercio lactancia
7201,2025-07-16 00:00:00,5079,5.0,,3.0,2025-06-20 00:00:00,26.0,1er tercio lactancia
7202,2025-07-16 00:00:00,2203,7.5,,1.0,2025-05-17 00:00:00,60.0,1er tercio lactancia
7203,2025-07-16 00:00:00,91262,6.3,,2.0,2024-12-24 00:00:00,204.0,3er tercio lactancia
7204,2025-07-16 00:00:00,1100B,2.2,,1.0,2025-04-11 00:00:00,96.0,2do tercio lactancia
7205,2025-07-16 00:00:00,1078A,5.8,,3.0,2024-12-18 00:00:00,210.0,3er tercio lactancia
7206,2025-07-16 00:00:00,8011,4.6,,2.0,2025-04-07 00:00:00,100.0,2do tercio lactancia
7207,2025-07-16 00:00:00,2219,4.1,,3.0,2025-05-29 00:00:00,48.0,1er tercio lactancia
7208,2025-07-16 00:00:00,2133A,7.9,,3.0,2025-05-30 00:00:00,47.0,1er tercio lactancia
7209,2025-07-16 00:00:00,5146,6.3,,3.0,2025-06-03 00:00:00,43.0,1er tercio lactancia
7210,2025-07-16 00:00:00,1088A,5.0,,1.0,2024-11-23 00:00:00,235.0,3er tercio lactancia
7211,2025-07-16 00:00:00,0201,8.9,,2.0,2025-03-25 00:00:00,113.0,2do tercio lactancia
7212,2025-07-16 00:00:00,0320,6.3,,2.0,2025-02-11 00:00:00,155.0,2do tercio lactancia
7213,2025-07-16 00:00:00,9071,3.5,,3.0,2025-06-08 00:00:00,38.0,1er tercio lactancia
7214,2025-07-16 00:00:00,8096,3.3,,3.0,2024-12-01 00:00:00,227.0,3er tercio lactancia
7215,2025-07-16 00:00:00,1079,3.1,,1.0,2024-11-18 00:00:00,240.0,3er tercio lactancia
7216,2025-07-16 00:00:00,33,3.7,,2.0,2025-05-20 00:00:00,57.0,1er tercio lactancia
7217,2025-07-16 00:00:00,8046,2.8,,2.0,2024-08-06 00:00:00,344.0,3er tercio lactancia
7218,2025-07-16 00:00:00,7007,7.5,,2.0,2025-03-11 00:00:00,127.0,2do tercio lactancia
7219,2025-07-16 00:00:00,1104A,7.8,,1.0,2025-05-11 00:00:00,66.0,1er tercio lactancia
7220,2025-07-16 00:00:00,2021,3.2,,4.0,2025-02-05 00:00:00,161.0,2do tercio lactancia
7221,2025-07-16 00:00:00,0299C,3.9,,1.0,2024-11-26 00:00:00,232.0,3er tercio lactancia
7222,2025-07-16 00:00:00,5060,6.1,,2.0,2025-04-15 00:00:00,92.0,2do tercio lactancia
7223,2025-07-16 00:00:00,5679,2.1,,3.0,2024-09-11 00:00:00,308.0,3er tercio lactancia
7224,2025-07-16 00:00:00,J424,5.3,,1.0,2025-03-03 00:00:00,135.0,2do tercio lactancia
7225,2025-07-16 00:00:00,8028,7.7,,3.0,2025-04-23 00:00:00,84.0,1er tercio lactancia
7226,2025-07-16 00:00:00,8050,5.5,,3.0,2025-05-03 00:00:00,74.0,1er tercio lactancia
7227,2025-07-16 00:00:00,6043,6.2,,3.0,2025-04-28 00:00:00,79.0,1er tercio lactancia
7228,2025-07-16 00:00:00,0220,5.7,,2.0,2025-02-25 00:00:00,141.0,2do tercio lactancia
7229,2025-07-16 00:00:00,2226,4.2,,4.0,2024-11-23 00:00:00,235.0,3er tercio lactancia
7230,2025-07-16 00:00:00,3026A,4.3,,3.0,2024-07-04 00:00:00,377.0,3er tercio lactancia
7231,2025-07-16 00:00:00,7061,5.8,,2.0,2025-01-25 00:00:00,172.0,2do tercio lactancia
7232,2025-07-16 00:00:00,2018,8.0,,1.0,2025-06-18 00:00:00,28.0,1er tercio lactancia
7233,2025-07-16 00:00:00,9007,4.9,,2.0,2024-11-23 00:00:00,235.0,3er tercio lactancia
7234,2025-07-16 00:00:00,7032,2.7,,2.0,2024-12-01 00:00:00,227.0,3er tercio lactancia
7235,2025-07-16 00:00:00,2234,4.9,,4.0,2025-05-15 00:00:00,62.0,1er tercio lactancia
7236,2025-07-16 00:00:00,8043,3.5,,2.0,2024-08-08 00:00:00,342.0,3er tercio lactancia
7237,2025-07-16 00:00:00,1109A,2.0,,2.0,2024-12-16 00:00:00,212.0,3er tercio lactancia
7238,2025-07-16 00:00:00,7077,5.8,,3.0,2025-06-20 00:00:00,26.0,1er tercio lactancia
7239,2025-07-16 00:00:00,35,4.6,,1.0,2024-11-23 00:00:00,235.0,3er tercio lactancia
7240,2025-07-16 00:00:00,0299A,6.2,,1.0,2025-04-28 00:00:00,79.0,1er tercio lactancia
7241,2025-07-16 00:00:00,1005,5.1,,2.0,2025-05-04 00:00:00,73.0,1er tercio lactancia
7242,2025-07-16 00:00:00,1063,3.7,,1.0,2025-06-30 00:00:00,16.0,1er tercio lactancia
7243,2025-07-16 00:00:00,1075,3.7,,1.0,2025-04-16 00:00:00,91.0,2do tercio lactancia
7244,2025-07-16 00:00:00,1091,3.6,,1.0,2025-04-07 00:00:00,100.0,2do tercio lactancia
7245,2025-07-16 00:00:00,1102,5.5,,1.0,2025-07-10 00:00:00,6.0,1er tercio lactancia
7246,2025-07-16 00:00:00,1109B,6.0,,1.0,2025-05-14 00:00:00,63.0,1er tercio lactancia
7247,2025-07-16 00:00:00,2014,4.0,,1.0,2025-07-08 00:00:00,8.0,1er tercio lactancia
7248,2025-07-16 00:00:00,2035A,5.7,,1.0,2025-04-13 00:00:00,94.0,2do tercio lactancia
7249,2025-07-16 00:00:00,2042,5.2,,1.0,2025-04-19 00:00:00,88.0,1er tercio lactancia
7250,2025-07-16 00:00:00,2201,3.6,,1.0,2025-07-02 00:00:00,14.0,1er tercio lactancia
7251,2025-07-16 00:00:00,7066,3.9,,2.0,2024-12-09 00:00:00,219.0,3er tercio lactancia
7252,2025-07-16 00:00:00,9011,4.2,,2.0,2025-05-19 00:00:00,58.0,1er tercio lactancia
7253,2025-07-16 00:00:00,J420,5.6,,1.0,2025-06-21 00:00:00,25.0,1er tercio lactancia
7254,2025-08-07 00:00:00,8061,1.8,,2.0,2024-12-13 00:00:00,237.0,3er tercio lactancia
7255,2025-08-07 00:00:00,0298A,8.6,,2.0,2025-07-06 00:00:00,32.0,1er tercio lactancia
7256,2025-08-07 00:00:00,6070,2.8,,2.0,2024-10-10 00:00:00,301.0,3er tercio lactancia
7257,2025-08-07 00:00:00,8037,6.8,,2.0,2025-03-20 00:00:00,140.0,2do tercio lactancia
7258,2025-08-07 00:00:00,8063,8.0,,4.0,2025-07-02 00:00:00,36.0,1er tercio lactancia
7259,2025-08-07 00:00:00,5076,3.7,,3.0,2025-06-05 00:00:00,63.0,1er tercio lactancia
7260,2025-08-07 00:00:00,9058,6.7,,2.0,2025-02-17 00:00:00,171.0,2do tercio lactancia
7261,2025-08-07 00:00:00,1015A,6.1,,1.0,2025-05-05 00:00:00,94.0,2do tercio lactancia
7262,2025-08-07 00:00:00,8030,3.3,,3.0,2025-03-28 00:00:00,132.0,2do tercio lactancia
7263,2025-08-07 00:00:00,0202,4.5,,2.0,2025-04-30 00:00:00,99.0,2do tercio lactancia
7264,2025-08-07 00:00:00,0270,3.7,,1.0,2024-11-17 00:00:00,263.0,3er tercio lactancia
7265,2025-08-07 00:00:00,4035,6.0,,4.0,2025-02-11 00:00:00,177.0,2do tercio lactancia
7266,2025-08-07 00:00:00,3003A,7.2,,4.0,2025-06-05 00:00:00,63.0,1er tercio lactancia
7267,2025-08-07 00:00:00,2220,3.7,,4.0,2024-12-25 00:00:00,225.0,3er tercio lactancia
7268,2025-08-07 00:00:00,4078,3.0,,2.0,2025-05-14 00:00:00,85.0,1er tercio lactancia
7269,2025-08-07 00:00:00,1188,6.8,,1.0,2025-02-20 00:00:00,168.0,2do tercio lactancia
7270,2025-08-07 00:00:00,0018,2.4,,2.0,2025-07-01 00:00:00,37.0,1er tercio lactancia
7271,2025-08-07 00:00:00,0240,6.0,,1.0,2025-04-28 00:00:00,101.0,2do tercio lactancia
7272,2025-08-07 00:00:00,10431,8.8,,1.0,2025-05-06 00:00:00,93.0,2do tercio lactancia
7273,2025-08-07 00:00:00,J426,2.3,,1.0,2025-01-30 00:00:00,189.0,3er tercio lactancia
7274,2025-08-07 00:00:00,0226,5.3,,2.0,2025-03-14 00:00:00,146.0,2do tercio lactancia
7275,2025-08-07 00:00:00,7067,3.9,,2.0,2024-12-01 00:00:00,249.0,3er tercio lactancia
7276,2025-08-07 00:00:00,3132,3.1,,3.0,2025-02-07 00:00:00,181.0,3er tercio lactancia
7277,2025-08-07 00:00:00,8062,5.9,,2.0,2025-07-14 00:00:00,24.0,1er tercio lactancia
7278,2025-08-07 00:00:00,1004,6.5,,2.0,2025-04-03 00:00:00,126.0,2do tercio lactancia
7279,2025-08-07 00:00:00,91171,7.8,,2.0,2024-11-12 00:00:00,268.0,3er tercio lactancia
7280,2025-08-07 00:00:00,5150,6.1,,3.0,2025-02-27 00:00:00,161.0,2do tercio lactancia
7281,2025-08-07 00:00:00,91242,5.6,,2.0,2025-02-05 00:00:00,183.0,3er tercio lactancia
7282,2025-08-07 00:00:00,J01415,1.5,,1.0,2025-01-18 00:00:00,201.0,3er tercio lactancia
7283,2025-08-07 00:00:00,80472,2.1,,2.0,2024-11-11 00:00:00,269.0,3er tercio lactancia
7284,2025-08-07 00:00:00,31102,5.1,,3.0,2024-12-09 00:00:00,241.0,3er tercio lactancia
7285,2025-08-07 00:00:00,2143,4.2,,3.0,2024-12-01 00:00:00,249.0,3er tercio lactancia
7286,2025-08-07 00:00:00,8094,5.9,,3.0,2025-05-25 00:00:00,74.0,1er tercio lactancia
7287,2025-08-07 00:00:00,5090,3.8,,3.0,2024-12-18 00:00:00,232.0,3er tercio lactancia
7288,2025-08-07 00:00:00,9037,9.4,,2.0,2025-07-27 00:00:00,11.0,1er tercio lactancia
7289,2025-08-07 00:00:00,2039,3.3,,1.0,2024-11-26 00:00:00,254.0,3er tercio lactancia
7290,2025-08-07 00:00:00,9091,4.7,,2.0,2025-06-03 00:00:00,65.0,1er tercio lactancia
7291,2025-08-07 00:00:00,0329,5.1,,2.0,2025-06-16 00:00:00,52.0,1er tercio lactancia
7292,2025-08-07 00:00:00,0241,9.9,,2.0,2025-05-24 00:00:00,75.0,1er tercio lactancia
7293,2025-08-07 00:00:00,0338,8.2,,2.0,2025-05-14 00:00:00,85.0,1er tercio lactancia
7294,2025-08-07 00:00:00,8079,4.6,,3.0,2025-04-02 00:00:00,127.0,2do tercio lactancia
7295,2025-08-07 00:00:00,0208A,5.6,,1.0,2025-05-17 00:00:00,82.0,1er tercio lactancia
7296,2025-08-07 00:00:00,8082,3.2,,1.0,2024-12-04 00:00:00,246.0,3er tercio lactancia
7297,2025-08-07 00:00:00,8089,5.9,,2.0,2024-12-06 00:00:00,244.0,3er tercio lactancia
7298,2025-08-07 00:00:00,2050,5.6,,4.0,2025-04-04 00:00:00,125.0,2do tercio lactancia
7299,2025-08-07 00:00:00,2062,4.8,,3.0,2025-03-16 00:00:00,144.0,2do tercio lactancia
7300,2025-08-07 00:00:00,2096,2.7,,3.0,2025-02-11 00:00:00,177.0,2do tercio lactancia
7301,2025-08-07 00:00:00,0284,7.3,,1.0,2025-06-25 00:00:00,43.0,1er tercio lactancia
7302,2025-08-07 00:00:00,0740,5.1,,3.0,2025-07-14 00:00:00,24.0,1er tercio lactancia
7303,2025-08-07 00:00:00,2090A,4.8,,3.0,2025-03-05 00:00:00,155.0,2do tercio lactancia
7304,2025-08-07 00:00:00,8033,4.4,,3.0,2025-06-19 00:00:00,49.0,1er tercio lactancia
7305,2025-08-07 00:00:00,EMB 2,4.5,,3.0,2025-06-02 00:00:00,66.0,1er tercio lactancia
7306,2025-08-07 00:00:00,1017A,1.5,,1.0,2024-11-23 00:00:00,257.0,3er tercio lactancia
7307,2025-08-07 00:00:00,9099,5.7,,2.0,2025-03-20 00:00:00,140.0,2do tercio lactancia
7308,2025-08-07 00:00:00,0272,7.7,,2.0,2025-07-08 00:00:00,30.0,1er tercio lactancia
7309,2025-08-07 00:00:00,2146,8.7,,1.0,2025-04-26 00:00:00,103.0,2do tercio lactancia
7310,2025-08-07 00:00:00,60286,1.1,,2.0,2024-10-16 00:00:00,295.0,3er tercio lactancia
7311,2025-08-07 00:00:00,2124A,3.1,,3.0,2024-06-30 00:00:00,403.0,3er tercio lactancia
7312,2025-08-07 00:00:00,3021A,10.6,,4.0,2025-07-04 00:00:00,34.0,1er tercio lactancia
7313,2025-08-07 00:00:00,2209A,5.6,,3.0,2025-02-11 00:00:00,177.0,2do tercio lactancia
7314,2025-08-07 00:00:00,2047,7.3,,4.0,2025-07-26 00:00:00,12.0,1er tercio lactancia
7315,2025-08-07 00:00:00,EMB 5,2.8,,3.0,2025-07-25 00:00:00,13.0,1er tercio lactancia
7316,2025-08-07 00:00:00,7087,5.6,,3.0,2024-12-23 00:00:00,227.0,3er tercio lactancia
7317,2025-08-07 00:00:00,4A,2.4,,3.0,2025-04-24 00:00:00,105.0,2do tercio lactancia
7318,2025-08-07 00:00:00,0322,6.2,,2.0,2025-02-12 00:00:00,176.0,2do tercio lactancia
7319,2025-08-07 00:00:00,5052,2.0,,3.0,2025-05-04 00:00:00,95.0,2do tercio lactancia
7320,2025-08-07 00:00:00,7083,9.2,,3.0,2025-03-26 00:00:00,134.0,2do tercio lactancia
7321,2025-08-07 00:00:00,6067,1.5,,4.0,2025-03-05 00:00:00,155.0,2do tercio lactancia
7322,2025-08-07 00:00:00,6035,7.3,,3.0,2025-03-07 00:00:00,153.0,2do tercio lactancia
7323,2025-08-07 00:00:00,9113,6.6,,2.0,2025-05-30 00:00:00,69.0,1er tercio lactancia
7324,2025-08-07 00:00:00,2171,6.1,,4.0,2025-01-09 00:00:00,210.0,3er tercio lactancia
7325,2025-08-07 00:00:00,J425,4.5,,1.0,2025-06-04 00:00:00,64.0,1er tercio lactancia
7326,2025-08-07 00:00:00,2073,10.5,,4.0,2025-05-17 00:00:00,82.0,1er tercio lactancia
7327,2025-08-07 00:00:00,1139A,2.6,,3.0,2025-02-17 00:00:00,171.0,2do tercio lactancia
7328,2025-08-07 00:00:00,0229,6.0,,2.0,2025-01-05 00:00:00,214.0,3er tercio lactancia
7329,2025-08-07 00:00:00,J841,7.1,,1.0,2025-02-12 00:00:00,176.0,2do tercio lactancia
7330,2025-08-07 00:00:00,8036,7.3,,3.0,2025-01-16 00:00:00,203.0,3er tercio lactancia
7331,2025-08-07 00:00:00,5033,3.0,,3.0,2024-10-17 00:00:00,294.0,3er tercio lactancia
7332,2025-08-07 00:00:00,2203,4.7,,1.0,2025-05-17 00:00:00,82.0,1er tercio lactancia
7333,2025-08-07 00:00:00,91262,6.9,,2.0,2024-12-24 00:00:00,226.0,3er tercio lactancia
7334,2025-08-07 00:00:00,0298,2.5,,1.0,2024-11-18 00:00:00,262.0,3er tercio lactancia
7335,2025-08-07 00:00:00,1078A,1.3,,3.0,2024-12-18 00:00:00,232.0,3er tercio lactancia
7336,2025-08-07 00:00:00,8011,2.5,,2.0,2025-04-07 00:00:00,122.0,2do tercio lactancia
7337,2025-08-07 00:00:00,2219,5.1,,3.0,2025-05-29 00:00:00,70.0,1er tercio lactancia
7338,2025-08-07 00:00:00,2133A,7.9,,3.0,2025-05-30 00:00:00,69.0,1er tercio lactancia
7339,2025-08-07 00:00:00,5146,3.4,,3.0,2025-06-03 00:00:00,65.0,1er tercio lactancia
7340,2025-08-07 00:00:00,0201,7.7,,2.0,2025-03-25 00:00:00,135.0,2do tercio lactancia
7341,2025-08-07 00:00:00,9006,4.1,,2.0,2025-07-22 00:00:00,16.0,1er tercio lactancia
7342,2025-08-07 00:00:00,0320,5.4,,2.0,2025-02-11 00:00:00,177.0,2do tercio lactancia
7343,2025-08-07 00:00:00,9071,4.3,,3.0,2025-06-08 00:00:00,60.0,1er tercio lactancia
7344,2025-08-07 00:00:00,8096,0.3,,3.0,2024-12-01 00:00:00,249.0,3er tercio lactancia
7345,2025-08-07 00:00:00,1079,2.5,,1.0,2024-11-18 00:00:00,262.0,3er tercio lactancia
7346,2025-08-07 00:00:00,33,2.5,,2.0,2025-05-20 00:00:00,79.0,1er tercio lactancia
7347,2025-08-07 00:00:00,7007,7.7,,2.0,2025-03-11 00:00:00,149.0,2do tercio lactancia
7348,2025-08-07 00:00:00,1104A,7.4,,1.0,2025-05-11 00:00:00,88.0,1er tercio lactancia
7349,2025-08-07 00:00:00,2021,3.5,,4.0,2025-02-05 00:00:00,183.0,3er tercio lactancia
7350,2025-08-07 00:00:00,0299C,3.0,,1.0,2024-11-26 00:00:00,254.0,3er tercio lactancia
7351,2025-08-07 00:00:00,5060,5.2,,2.0,2025-04-15 00:00:00,114.0,2do tercio lactancia
7352,2025-08-07 00:00:00,J424,4.3,,1.0,2025-03-03 00:00:00,157.0,2do tercio lactancia
7353,2025-08-07 00:00:00,8028,5.5,,3.0,2025-04-23 00:00:00,106.0,2do tercio lactancia
7354,2025-08-07 00:00:00,8050,4.4,,3.0,2025-05-03 00:00:00,96.0,2do tercio lactancia
7355,2025-08-07 00:00:00,6043,5.1,,3.0,2025-04-28 00:00:00,101.0,2do tercio lactancia
7356,2025-08-07 00:00:00,0220,4.2,,2.0,2025-02-25 00:00:00,163.0,2do tercio lactancia
7357,2025-08-07 00:00:00,2226,2.3,,4.0,2024-11-23 00:00:00,257.0,3er tercio lactancia
7358,2025-08-07 00:00:00,7061,4.5,,2.0,2025-01-25 00:00:00,194.0,3er tercio lactancia
7359,2025-08-07 00:00:00,2018,7.4,,1.0,2025-06-18 00:00:00,50.0,1er tercio lactancia
7360,2025-08-07 00:00:00,9007,4.2,,2.0,2024-11-23 00:00:00,257.0,3er tercio lactancia
7361,2025-08-07 00:00:00,7032,2.4,,2.0,2024-12-01 00:00:00,249.0,3er tercio lactancia
7362,2025-08-07 00:00:00,2234,4.0,,4.0,2025-05-15 00:00:00,84.0,1er tercio lactancia
7363,2025-08-07 00:00:00,1109A,2.6,,2.0,2024-12-16 00:00:00,234.0,3er tercio lactancia
7364,2025-08-07 00:00:00,7077,7.4,,3.0,2025-06-20 00:00:00,48.0,1er tercio lactancia
7365,2025-08-07 00:00:00,0297,4.2,,1.0,2025-07-22 00:00:00,16.0,1er tercio lactancia
7366,2025-08-07 00:00:00,0299A,4.6,,1.0,2025-04-28 00:00:00,101.0,2do tercio lactancia
7367,2025-08-07 00:00:00,1005,4.5,,2.0,2025-05-04 00:00:00,95.0,2do tercio lactancia
7368,2025-08-07 00:00:00,1063,7.3,,1.0,2025-06-30 00:00:00,38.0,1er tercio lactancia
7369,2025-08-07 00:00:00,1075,2.0,,1.0,2025-04-16 00:00:00,113.0,2do tercio lactancia
7370,2025-08-07 00:00:00,1091,5.2,,1.0,2025-04-07 00:00:00,122.0,2do tercio lactancia
7371,2025-08-07 00:00:00,1102,6.2,,1.0,2025-07-10 00:00:00,28.0,1er tercio lactancia
7372,2025-08-07 00:00:00,1109B,6.2,,1.0,2025-05-14 00:00:00,85.0,1er tercio lactancia
7373,2025-08-07 00:00:00,2014,4.4,,1.0,2025-07-08 00:00:00,30.0,1er tercio lactancia
7374,2025-08-07 00:00:00,2035A,6.9,,1.0,2025-04-13 00:00:00,116.0,2do tercio lactancia
7375,2025-08-07 00:00:00,2042,5.7,,1.0,2025-04-19 00:00:00,110.0,2do tercio lactancia
7376,2025-08-07 00:00:00,2095,4.8,,1.0,2025-07-27 00:00:00,11.0,1er tercio lactancia
7377,2025-08-07 00:00:00,2201,5.0,,1.0,2025-07-02 00:00:00,36.0,1er tercio lactancia
7378,2025-08-07 00:00:00,7066,3.2,,2.0,2024-12-09 00:00:00,241.0,3er tercio lactancia
7379,2025-08-07 00:00:00,9011,5.5,,2.0,2025-05-19 00:00:00,80.0,1er tercio lactancia
7380,2025-08-07 00:00:00,J420,7.5,,1.0,2025-06-21 00:00:00,47.0,1er tercio lactancia
7381,2025-08-07 00:00:00,5079,3.4,,3.0,2025-06-20 00:00:00,48.0,1er tercio lactancia
7382,2025-09-12 00:00:00,0298A,8.8,,2.0,2025-07-06 00:00:00,68.0,1er tercio lactancia
7383,2025-09-12 00:00:00,8037,5.8,,2.0,2025-03-20 00:00:00,176.0,2do tercio lactancia
7384,2025-09-12 00:00:00,8063,7.7,,4.0,2025-07-02 00:00:00,72.0,1er tercio lactancia
7385,2025-09-12 00:00:00,5076,3.5,,3.0,2025-06-05 00:00:00,99.0,2do tercio lactancia
7386,2025-09-12 00:00:00,9058,6.9,,2.0,2025-02-17 00:00:00,207.0,3er tercio lactancia
7387,2025-09-12 00:00:00,1015A,6.1,,1.0,2025-05-05 00:00:00,130.0,2do tercio lactancia
7388,2025-09-12 00:00:00,8030,4.1,,3.0,2025-03-28 00:00:00,168.0,2do tercio lactancia
7389,2025-09-12 00:00:00,0202,4.7,,2.0,2025-04-30 00:00:00,135.0,2do tercio lactancia
7390,2025-09-12 00:00:00,0270,7.5,,1.0,2024-11-17 00:00:00,299.0,3er tercio lactancia
7391,2025-09-12 00:00:00,4035,6.5,,4.0,2025-02-11 00:00:00,213.0,3er tercio lactancia
7392,2025-09-12 00:00:00,3003A,5.7,,4.0,2025-06-05 00:00:00,99.0,2do tercio lactancia
7393,2025-09-12 00:00:00,9076,6.8,,2.0,2025-08-27 00:00:00,16.0,1er tercio lactancia
7394,2025-09-12 00:00:00,4078,4.7,,2.0,2025-05-14 00:00:00,121.0,2do tercio lactancia
7395,2025-09-12 00:00:00,1188,7.1,,1.0,2025-02-20 00:00:00,204.0,3er tercio lactancia
7396,2025-09-12 00:00:00,2063A,5.0,,5.0,2025-08-20 00:00:00,23.0,1er tercio lactancia
7397,2025-09-12 00:00:00,7074,7.0,,3.0,2025-08-24 00:00:00,19.0,1er tercio lactancia
7398,2025-09-12 00:00:00,0240,6.9,,1.0,2025-04-28 00:00:00,137.0,2do tercio lactancia
7399,2025-09-12 00:00:00,10431,6.5,,1.0,2025-05-06 00:00:00,129.0,2do tercio lactancia
7400,2025-09-12 00:00:00,J426,3.2,,1.0,2025-01-30 00:00:00,225.0,3er tercio lactancia
7401,2025-09-12 00:00:00,0226,5.8,,2.0,2025-03-14 00:00:00,182.0,3er tercio lactancia
7402,2025-09-12 00:00:00,7067,4.9,,2.0,2024-12-01 00:00:00,285.0,3er tercio lactancia
7403,2025-09-12 00:00:00,3132,3.2,,3.0,2025-02-07 00:00:00,217.0,3er tercio lactancia
7404,2025-09-12 00:00:00,8062,5.5,,2.0,2025-07-14 00:00:00,60.0,1er tercio lactancia
7405,2025-09-12 00:00:00,1004,5.9,,2.0,2025-04-03 00:00:00,162.0,2do tercio lactancia
7406,2025-09-12 00:00:00,2148A,6.6,,4.0,2025-08-24 00:00:00,19.0,1er tercio lactancia
7407,2025-09-12 00:00:00,91171,5.9,,2.0,2024-11-12 00:00:00,304.0,3er tercio lactancia
7408,2025-09-12 00:00:00,5150,5.8,,3.0,2025-02-27 00:00:00,197.0,3er tercio lactancia
7409,2025-09-12 00:00:00,0332,3.7,,2.0,2024-12-13 00:00:00,273.0,3er tercio lactancia
7410,2025-09-12 00:00:00,91242,5.4,,2.0,2025-02-05 00:00:00,219.0,3er tercio lactancia
7411,2025-09-12 00:00:00,J01415,2.8,,1.0,2025-01-18 00:00:00,237.0,3er tercio lactancia
7412,2025-09-12 00:00:00,80472,3.0,,2.0,2024-11-11 00:00:00,305.0,3er tercio lactancia
7413,2025-09-12 00:00:00,31102,5.5,,3.0,2024-12-09 00:00:00,277.0,3er tercio lactancia
7414,2025-09-12 00:00:00,2143,4.4,,3.0,2024-12-01 00:00:00,285.0,3er tercio lactancia
7415,2025-09-12 00:00:00,8094,6.3,,3.0,2025-05-25 00:00:00,110.0,2do tercio lactancia
7416,2025-09-12 00:00:00,5090,2.2,,3.0,2024-12-18 00:00:00,268.0,3er tercio lactancia
7417,2025-09-12 00:00:00,2201,5.4,,1.0,2025-07-02 00:00:00,72.0,1er tercio lactancia
7418,2025-09-12 00:00:00,9037,9.5,,2.0,2025-07-27 00:00:00,47.0,1er tercio lactancia
7419,2025-09-12 00:00:00,7028,5.8,,4.0,2025-09-02 00:00:00,10.0,1er tercio lactancia
7420,2025-09-12 00:00:00,9091,6.2,,2.0,2025-06-03 00:00:00,101.0,2do tercio lactancia
7421,2025-09-12 00:00:00,0329,4.0,,2.0,2025-06-16 00:00:00,88.0,1er tercio lactancia
7422,2025-09-12 00:00:00,30212,6.2,,2.0,2025-08-25 00:00:00,18.0,1er tercio lactancia
7423,2025-09-12 00:00:00,0241,7.8,,2.0,2025-05-24 00:00:00,111.0,2do tercio lactancia
7424,2025-09-12 00:00:00,0338,7.0,,2.0,2025-05-14 00:00:00,121.0,2do tercio lactancia
7425,2025-09-12 00:00:00,8079,3.2,,3.0,2025-04-02 00:00:00,163.0,2do tercio lactancia
7426,2025-09-12 00:00:00,0208A,4.6,,1.0,2025-05-17 00:00:00,118.0,2do tercio lactancia
7427,2025-09-12 00:00:00,2014,4.8,,1.0,2025-07-08 00:00:00,66.0,1er tercio lactancia
7428,2025-09-12 00:00:00,8082,4.0,,1.0,2024-12-04 00:00:00,282.0,3er tercio lactancia
7429,2025-09-12 00:00:00,8089,5.2,,2.0,2024-12-06 00:00:00,280.0,3er tercio lactancia
7430,2025-09-12 00:00:00,0297,4.5,,1.0,2025-07-22 00:00:00,52.0,1er tercio lactancia
7431,2025-09-12 00:00:00,2050,5.2,,4.0,2025-04-04 00:00:00,161.0,2do tercio lactancia
7432,2025-09-12 00:00:00,2062,5.5,,3.0,2025-03-16 00:00:00,180.0,2do tercio lactancia
7433,2025-09-12 00:00:00,8045,5.1,,3.0,2025-09-07 00:00:00,5.0,1er tercio lactancia
7434,2025-09-12 00:00:00,2096,5.2,,3.0,2025-02-11 00:00:00,213.0,3er tercio lactancia
7435,2025-09-12 00:00:00,0284,7.6,,1.0,2025-06-25 00:00:00,79.0,1er tercio lactancia
7436,2025-09-12 00:00:00,0740,5.4,,3.0,2025-07-14 00:00:00,60.0,1er tercio lactancia
7437,2025-09-12 00:00:00,2090A,4.5,,3.0,2025-03-05 00:00:00,191.0,3er tercio lactancia
7438,2025-09-12 00:00:00,8033,4.7,,3.0,2025-06-19 00:00:00,85.0,1er tercio lactancia
7439,2025-09-12 00:00:00,EMB 2,5.9,,3.0,2025-06-02 00:00:00,102.0,2do tercio lactancia
7440,2025-09-12 00:00:00,9099,6.3,,2.0,2025-03-20 00:00:00,176.0,2do tercio lactancia
7441,2025-09-12 00:00:00,0272,7.6,,2.0,2025-07-08 00:00:00,66.0,1er tercio lactancia
7442,2025-09-12 00:00:00,2146,9.2,,1.0,2025-04-26 00:00:00,139.0,2do tercio lactancia
7443,2025-09-12 00:00:00,3021A,8.3,,4.0,2025-07-04 00:00:00,70.0,1er tercio lactancia
7444,2025-09-12 00:00:00,2209A,7.0,,3.0,2025-02-11 00:00:00,213.0,3er tercio lactancia
7445,2025-09-12 00:00:00,2047,8.7,,4.0,2025-07-26 00:00:00,48.0,1er tercio lactancia
7446,2025-09-12 00:00:00,EMB 5,2.8,,3.0,2025-07-25 00:00:00,49.0,1er tercio lactancia
7447,2025-09-12 00:00:00,7087,4.4,,3.0,2024-12-23 00:00:00,263.0,3er tercio lactancia
7448,2025-09-12 00:00:00,4A,2.7,,3.0,2025-04-24 00:00:00,141.0,2do tercio lactancia
7449,2025-09-12 00:00:00,0322,4.8,,2.0,2025-02-12 00:00:00,212.0,3er tercio lactancia
7450,2025-09-12 00:00:00,5052,4.1,,3.0,2025-05-04 00:00:00,131.0,2do tercio lactancia
7451,2025-09-12 00:00:00,7083,6.9,,3.0,2025-03-26 00:00:00,170.0,2do tercio lactancia
7452,2025-09-12 00:00:00,5030,9.0,,2.0,2025-08-10 00:00:00,33.0,1er tercio lactancia
7453,2025-09-12 00:00:00,6035,5.7,,3.0,2025-03-07 00:00:00,189.0,3er tercio lactancia
7454,2025-09-12 00:00:00,2095,5.1,,1.0,2025-07-27 00:00:00,47.0,1er tercio lactancia
7455,2025-09-12 00:00:00,9113,6.2,,2.0,2025-05-30 00:00:00,105.0,2do tercio lactancia
7456,2025-09-12 00:00:00,2171,5.6,,4.0,2025-01-09 00:00:00,246.0,3er tercio lactancia
7457,2025-09-12 00:00:00,J425,4.2,,1.0,2025-06-04 00:00:00,100.0,2do tercio lactancia
7458,2025-09-12 00:00:00,2073,7.5,,4.0,2025-05-17 00:00:00,118.0,2do tercio lactancia
7459,2025-09-12 00:00:00,1139A,4.0,,3.0,2025-02-17 00:00:00,207.0,3er tercio lactancia
7460,2025-09-12 00:00:00,0229,5.1,,2.0,2025-01-05 00:00:00,250.0,3er tercio lactancia
7461,2025-09-12 00:00:00,J841,7.0,,1.0,2025-02-12 00:00:00,212.0,3er tercio lactancia
7462,2025-09-12 00:00:00,8036,6.0,,3.0,2025-01-16 00:00:00,239.0,3er tercio lactancia
7463,2025-09-12 00:00:00,2203,7.5,,1.0,2025-05-17 00:00:00,118.0,2do tercio lactancia
7464,2025-09-12 00:00:00,0323,7.5,,2.0,2025-09-02 00:00:00,10.0,1er tercio lactancia
7465,2025-09-12 00:00:00,91262,4.0,,2.0,2024-12-24 00:00:00,262.0,3er tercio lactancia
7466,2025-09-12 00:00:00,8011,2.2,,2.0,2025-04-07 00:00:00,158.0,2do tercio lactancia
7467,2025-09-12 00:00:00,2219,5.5,,3.0,2025-05-29 00:00:00,106.0,2do tercio lactancia
7468,2025-09-12 00:00:00,2133A,7.5,,3.0,2025-05-30 00:00:00,105.0,2do tercio lactancia
7469,2025-09-12 00:00:00,5146,5.4,,3.0,2025-06-03 00:00:00,101.0,2do tercio lactancia
7470,2025-09-12 00:00:00,0201,4.0,,2.0,2025-03-25 00:00:00,171.0,2do tercio lactancia
7471,2025-09-12 00:00:00,1091,5.5,,1.0,2025-04-07 00:00:00,158.0,2do tercio lactancia
7472,2025-09-12 00:00:00,9006,4.9,,2.0,2025-07-22 00:00:00,52.0,1er tercio lactancia
7473,2025-09-12 00:00:00,0320,5.4,,2.0,2025-02-11 00:00:00,213.0,3er tercio lactancia
7474,2025-09-12 00:00:00,9071,2.4,,3.0,2025-06-08 00:00:00,96.0,2do tercio lactancia
7475,2025-09-12 00:00:00,1079,1.8,,1.0,2024-11-18 00:00:00,298.0,3er tercio lactancia
7476,2025-09-12 00:00:00,33,3.1,,2.0,2025-05-20 00:00:00,115.0,2do tercio lactancia
7477,2025-09-12 00:00:00,8046,13.0,,3.0,2025-09-02 00:00:00,10.0,1er tercio lactancia
7478,2025-09-12 00:00:00,7007,6.2,,2.0,2025-03-11 00:00:00,185.0,3er tercio lactancia
7479,2025-09-12 00:00:00,1104A,7.0,,1.0,2025-05-11 00:00:00,124.0,2do tercio lactancia
7480,2025-09-12 00:00:00,2021,4.1,,4.0,2025-02-05 00:00:00,219.0,3er tercio lactancia
7481,2025-09-12 00:00:00,0299C,6.6,,1.0,2024-11-26 00:00:00,290.0,3er tercio lactancia
7482,2025-09-12 00:00:00,5060,5.1,,2.0,2025-04-15 00:00:00,150.0,2do tercio lactancia
7483,2025-09-12 00:00:00,9015,6.5,,2.0,2025-08-22 00:00:00,21.0,1er tercio lactancia
7484,2025-09-12 00:00:00,4101,2.0,,4.0,2025-08-13 00:00:00,30.0,1er tercio lactancia
7485,2025-09-12 00:00:00,J424,4.8,,1.0,2025-03-03 00:00:00,193.0,3er tercio lactancia
7486,2025-09-12 00:00:00,8028,6.1,,3.0,2025-04-23 00:00:00,142.0,2do tercio lactancia
7487,2025-09-12 00:00:00,7012,5.1,,3.0,2025-08-27 00:00:00,16.0,1er tercio lactancia
7488,2025-09-12 00:00:00,8050,4.9,,3.0,2025-05-03 00:00:00,132.0,2do tercio lactancia
7489,2025-09-12 00:00:00,6043,5.1,,3.0,2025-04-28 00:00:00,137.0,2do tercio lactancia
7490,2025-09-12 00:00:00,0220,2.4,,2.0,2025-02-25 00:00:00,199.0,3er tercio lactancia
7491,2025-09-12 00:00:00,7061,5.3,,2.0,2025-01-25 00:00:00,230.0,3er tercio lactancia
7492,2025-09-12 00:00:00,2018,6.8,,1.0,2025-06-18 00:00:00,86.0,1er tercio lactancia
7493,2025-09-12 00:00:00,9007,4.4,,2.0,2024-11-23 00:00:00,293.0,3er tercio lactancia
7494,2025-09-12 00:00:00,7032,3.4,,2.0,2024-12-01 00:00:00,285.0,3er tercio lactancia
7495,2025-09-12 00:00:00,2234,4.3,,4.0,2025-05-15 00:00:00,120.0,2do tercio lactancia
7496,2025-09-12 00:00:00,1109A,2.5,,2.0,2024-12-16 00:00:00,270.0,3er tercio lactancia
7497,2025-09-12 00:00:00,7077,6.6,,3.0,2025-06-20 00:00:00,84.0,1er tercio lactancia
7498,2025-09-12 00:00:00,2035A,6.7,,1.0,2025-04-13 00:00:00,152.0,2do tercio lactancia
7499,2025-09-12 00:00:00,8076,4.6,,2.0,2025-08-27 00:00:00,16.0,1er tercio lactancia
7500,2025-09-12 00:00:00,0252,5.8,,1.0,2025-08-13 00:00:00,30.0,1er tercio lactancia
7501,2025-09-12 00:00:00,0299A,2.1,,1.0,2025-04-28 00:00:00,137.0,2do tercio lactancia
7502,2025-09-12 00:00:00,0306,5.4,,2.0,2025-09-07 00:00:00,5.0,1er tercio lactancia
7503,2025-09-12 00:00:00,0313,4.2,,1.0,2025-08-02 00:00:00,41.0,1er tercio lactancia
7504,2025-09-12 00:00:00,1005,5.4,,2.0,2025-05-04 00:00:00,131.0,2do tercio lactancia
7505,2025-09-12 00:00:00,1063,7.0,,1.0,2025-06-30 00:00:00,74.0,1er tercio lactancia
7506,2025-09-12 00:00:00,1075,4.9,,1.0,2025-04-16 00:00:00,149.0,2do tercio lactancia
7507,2025-09-12 00:00:00,1102,5.3,,1.0,2025-07-10 00:00:00,64.0,1er tercio lactancia
7508,2025-09-12 00:00:00,1109B,6.6,,1.0,2025-05-14 00:00:00,121.0,2do tercio lactancia
7509,2025-09-12 00:00:00,2042,6.5,,1.0,2025-04-19 00:00:00,146.0,2do tercio lactancia
7510,2025-09-12 00:00:00,2108,4.3,,1.0,2025-08-21 00:00:00,22.0,1er tercio lactancia
7511,2025-09-12 00:00:00,2111,6.8,,1.0,2025-08-16 00:00:00,27.0,1er tercio lactancia
7512,2025-09-12 00:00:00,7066,3.8,,2.0,2024-12-09 00:00:00,277.0,3er tercio lactancia
7513,2025-09-12 00:00:00,8010,4.9,,3.0,2025-08-27 00:00:00,16.0,1er tercio lactancia
7514,2025-09-12 00:00:00,9011,4.9,,2.0,2025-05-19 00:00:00,116.0,2do tercio lactancia
7515,2025-09-12 00:00:00,9501,4.6,,3.0,2025-08-24 00:00:00,19.0,1er tercio lactancia
7516,2025-09-12 00:00:00,J420,6.7,,1.0,2025-06-21 00:00:00,83.0,1er tercio lactancia
7517,2025-09-12 00:00:00,5079,4.8,,3.0,2025-06-20 00:00:00,84.0,1er tercio lactancia
7652,2025-10-08 00:00:00,0298A,8.2,,2.0,2025-07-06 00:00:00,95.0,2do tercio lactancia
7653,2025-10-08 00:00:00,8037,5.9,,2.0,2025-03-20 00:00:00,203.0,3er tercio lactancia
7654,2025-10-08 00:00:00,8063,6.7,,4.0,2025-07-02 00:00:00,99.0,2do tercio lactancia
7655,2025-10-08 00:00:00,5076,1.4,,3.0,2025-06-05 00:00:00,126.0,2do tercio lactancia
7656,2025-10-08 00:00:00,9058,2.7,,2.0,2025-02-17 00:00:00,234.0,3er tercio lactancia
7657,2025-10-08 00:00:00,1015A,5.0,,1.0,2025-05-05 00:00:00,157.0,2do tercio lactancia
7658,2025-10-08 00:00:00,8030,1.5,,3.0,2025-03-28 00:00:00,195.0,3er tercio lactancia
7659,2025-10-08 00:00:00,6021,4.2,,4.0,2025-08-27 00:00:00,43.0,1er tercio lactancia
7660,2025-10-08 00:00:00,0202,0.2,,2.0,2025-04-30 00:00:00,162.0,2do tercio lactancia
7661,2025-10-08 00:00:00,0270,4.2,,1.0,2024-11-17 00:00:00,326.0,3er tercio lactancia
7662,2025-10-08 00:00:00,4035,1.6,,4.0,2025-02-11 00:00:00,240.0,3er tercio lactancia
7663,2025-10-08 00:00:00,3003A,6.0,,4.0,2025-06-05 00:00:00,126.0,2do tercio lactancia
7664,2025-10-08 00:00:00,9076,6.1,,2.0,2025-08-27 00:00:00,43.0,1er tercio lactancia
7665,2025-10-08 00:00:00,4078,3.7,,2.0,2025-05-14 00:00:00,148.0,2do tercio lactancia
7666,2025-10-08 00:00:00,1188,0.5,,1.0,2025-02-20 00:00:00,231.0,3er tercio lactancia
7667,2025-10-08 00:00:00,2063A,5.8,,5.0,2025-08-20 00:00:00,50.0,1er tercio lactancia
7668,2025-10-08 00:00:00,7074,6.9,,3.0,2025-08-24 00:00:00,46.0,1er tercio lactancia
7669,2025-10-08 00:00:00,0240,6.2,,1.0,2025-04-28 00:00:00,164.0,2do tercio lactancia
7670,2025-10-08 00:00:00,10431,5.9,,1.0,2025-05-06 00:00:00,156.0,2do tercio lactancia
7671,2025-10-08 00:00:00,J426,1.4,,1.0,2025-01-30 00:00:00,252.0,3er tercio lactancia
7672,2025-10-08 00:00:00,0226,3.9,,2.0,2025-03-14 00:00:00,209.0,3er tercio lactancia
7673,2025-10-08 00:00:00,0327,3.3,,2.0,2025-09-29 00:00:00,10.0,1er tercio lactancia
7674,2025-10-08 00:00:00,8062,4.8,,2.0,2025-07-14 00:00:00,87.0,1er tercio lactancia
7675,2025-10-08 00:00:00,1004,5.0,,2.0,2025-04-03 00:00:00,189.0,3er tercio lactancia
7676,2025-10-08 00:00:00,2148A,5.6,,4.0,2025-08-24 00:00:00,46.0,1er tercio lactancia
7677,2025-10-08 00:00:00,91171,4.8,,2.0,2024-11-12 00:00:00,331.0,3er tercio lactancia
7678,2025-10-08 00:00:00,5150,4.0,,3.0,2025-02-27 00:00:00,224.0,3er tercio lactancia
7679,2025-10-08 00:00:00,0332,2.1,,2.0,2024-12-13 00:00:00,300.0,3er tercio lactancia
7680,2025-10-08 00:00:00,91242,2.3,,2.0,2025-02-05 00:00:00,246.0,3er tercio lactancia
7681,2025-10-08 00:00:00,31102,1.3,,3.0,2024-12-09 00:00:00,304.0,3er tercio lactancia
7682,2025-10-08 00:00:00,9501,5.7,,3.0,2025-08-24 00:00:00,46.0,1er tercio lactancia
7683,2025-10-08 00:00:00,8094,3.9,,3.0,2025-05-25 00:00:00,137.0,2do tercio lactancia
7684,2025-10-08 00:00:00,2201,2.4,,1.0,2025-07-02 00:00:00,99.0,2do tercio lactancia
7685,2025-10-08 00:00:00,9037,7.0,,2.0,2025-07-27 00:00:00,74.0,1er tercio lactancia
7686,2025-10-08 00:00:00,7028,6.9,,4.0,2025-09-02 00:00:00,37.0,1er tercio lactancia
7687,2025-10-08 00:00:00,9073,6.8,,2.0,2025-09-27 00:00:00,12.0,1er tercio lactancia
7688,2025-10-08 00:00:00,9091,4.2,,2.0,2025-06-03 00:00:00,128.0,2do tercio lactancia
7689,2025-10-08 00:00:00,80882,7.3,,3.0,2025-09-07 00:00:00,32.0,1er tercio lactancia
7690,2025-10-08 00:00:00,0329,4.0,,2.0,2025-06-16 00:00:00,115.0,2do tercio lactancia
7691,2025-10-08 00:00:00,30212,7.2,,2.0,2025-08-25 00:00:00,45.0,1er tercio lactancia
7692,2025-10-08 00:00:00,0306,7.5,,2.0,2025-09-07 00:00:00,32.0,1er tercio lactancia
7693,2025-10-08 00:00:00,0241,8.6,,2.0,2025-05-24 00:00:00,138.0,2do tercio lactancia
7694,2025-10-08 00:00:00,0338,6.7,,2.0,2025-05-14 00:00:00,148.0,2do tercio lactancia
7695,2025-10-08 00:00:00,8079,1.9,,3.0,2025-04-02 00:00:00,190.0,3er tercio lactancia
7696,2025-10-08 00:00:00,0208A,5.0,,1.0,2025-05-17 00:00:00,145.0,2do tercio lactancia
7697,2025-10-08 00:00:00,2014,2.5,,1.0,2025-07-08 00:00:00,93.0,2do tercio lactancia
7698,2025-10-08 00:00:00,8082,1.8,,1.0,2024-12-04 00:00:00,309.0,3er tercio lactancia
7699,2025-10-08 00:00:00,8089,3.2,,2.0,2024-12-06 00:00:00,307.0,3er tercio lactancia
7700,2025-10-08 00:00:00,0297,2.9,,1.0,2025-07-22 00:00:00,79.0,1er tercio lactancia
7701,2025-10-08 00:00:00,2050,4.7,,4.0,2025-04-04 00:00:00,188.0,3er tercio lactancia
7702,2025-10-08 00:00:00,2062,3.2,,3.0,2025-03-16 00:00:00,207.0,3er tercio lactancia
7703,2025-10-08 00:00:00,0284,6.7,,1.0,2025-06-25 00:00:00,106.0,2do tercio lactancia
7704,2025-10-08 00:00:00,0740,3.4,,3.0,2025-07-14 00:00:00,87.0,1er tercio lactancia
7705,2025-10-08 00:00:00,9125,7.7,,2.0,2025-09-17 00:00:00,22.0,1er tercio lactancia
7706,2025-10-08 00:00:00,2090A,3.9,,3.0,2025-03-05 00:00:00,218.0,3er tercio lactancia
7707,2025-10-08 00:00:00,5077,4.1,,3.0,2025-09-16 00:00:00,23.0,1er tercio lactancia
7708,2025-10-08 00:00:00,8033,1.7,,3.0,2025-06-19 00:00:00,112.0,2do tercio lactancia
7709,2025-10-08 00:00:00,EMB 2,3.6,,3.0,2025-06-02 00:00:00,129.0,2do tercio lactancia
7710,2025-10-08 00:00:00,9099,3.5,,2.0,2025-03-20 00:00:00,203.0,3er tercio lactancia
7711,2025-10-08 00:00:00,1015,5.2,,4.0,2025-09-14 00:00:00,25.0,1er tercio lactancia
7712,2025-10-08 00:00:00,0272,6.8,,2.0,2025-07-08 00:00:00,93.0,2do tercio lactancia
7713,2025-10-08 00:00:00,4151,6.7,,4.0,2025-09-13 00:00:00,26.0,1er tercio lactancia
7714,2025-10-08 00:00:00,19,3.7,,2.0,2025-09-14 00:00:00,25.0,1er tercio lactancia
7715,2025-10-08 00:00:00,2146,9.0,,1.0,2025-04-26 00:00:00,166.0,2do tercio lactancia
7716,2025-10-08 00:00:00,3021A,6.0,,4.0,2025-07-04 00:00:00,97.0,2do tercio lactancia
7717,2025-10-08 00:00:00,2209A,4.1,,3.0,2025-02-11 00:00:00,240.0,3er tercio lactancia
7718,2025-10-08 00:00:00,1063,6.2,,1.0,2025-06-30 00:00:00,101.0,2do tercio lactancia
7719,2025-10-08 00:00:00,2047,7.3,,4.0,2025-07-26 00:00:00,75.0,1er tercio lactancia
7720,2025-10-08 00:00:00,EMB 5,2.8,,3.0,2025-07-25 00:00:00,76.0,1er tercio lactancia
7721,2025-10-08 00:00:00,7087,2.6,,3.0,2024-12-23 00:00:00,290.0,3er tercio lactancia
7722,2025-10-08 00:00:00,0322,2.7,,2.0,2025-02-12 00:00:00,239.0,3er tercio lactancia
7723,2025-10-08 00:00:00,5052,0.7,,3.0,2025-05-04 00:00:00,158.0,2do tercio lactancia
7724,2025-10-08 00:00:00,7083,5.2,,3.0,2025-03-26 00:00:00,197.0,3er tercio lactancia
7725,2025-10-08 00:00:00,5030,8.6,,2.0,2025-08-10 00:00:00,60.0,1er tercio lactancia
7726,2025-10-08 00:00:00,2108,4.7,,1.0,2025-08-21 00:00:00,49.0,1er tercio lactancia
7727,2025-10-08 00:00:00,1095A,3.8,,3.0,2025-09-10 00:00:00,29.0,1er tercio lactancia
7728,2025-10-08 00:00:00,6035,5.1,,3.0,2025-03-07 00:00:00,216.0,3er tercio lactancia
7729,2025-10-08 00:00:00,2095,2.4,,1.0,2025-07-27 00:00:00,74.0,1er tercio lactancia
7730,2025-10-08 00:00:00,9113,4.3,,2.0,2025-05-30 00:00:00,132.0,2do tercio lactancia
7731,2025-10-08 00:00:00,2171,6.7,,4.0,2025-01-09 00:00:00,273.0,3er tercio lactancia
7732,2025-10-08 00:00:00,J425,1.7,,1.0,2025-06-04 00:00:00,127.0,2do tercio lactancia
7733,2025-10-08 00:00:00,2073,7.8,,4.0,2025-05-17 00:00:00,145.0,2do tercio lactancia
7734,2025-10-08 00:00:00,0229,3.9,,2.0,2025-01-05 00:00:00,277.0,3er tercio lactancia
7735,2025-10-08 00:00:00,J841,1.9,,1.0,2025-02-12 00:00:00,239.0,3er tercio lactancia
7736,2025-10-08 00:00:00,5079,4.8,,3.0,2025-06-20 00:00:00,111.0,2do tercio lactancia
7737,2025-10-08 00:00:00,2203,5.1,,1.0,2025-05-17 00:00:00,145.0,2do tercio lactancia
7738,2025-10-08 00:00:00,0323,8.0,,2.0,2025-09-02 00:00:00,37.0,1er tercio lactancia
7739,2025-10-08 00:00:00,0231A,7.9,,2.0,2025-09-16 00:00:00,23.0,1er tercio lactancia
7740,2025-10-08 00:00:00,8011,2.3,,2.0,2025-04-07 00:00:00,185.0,3er tercio lactancia
7741,2025-10-08 00:00:00,2133A,3.8,,3.0,2025-05-30 00:00:00,132.0,2do tercio lactancia
7742,2025-10-08 00:00:00,5146,4.9,,3.0,2025-06-03 00:00:00,128.0,2do tercio lactancia
7743,2025-10-08 00:00:00,0201,4.0,,2.0,2025-03-25 00:00:00,198.0,3er tercio lactancia
7744,2025-10-08 00:00:00,1091,4.2,,1.0,2025-04-07 00:00:00,185.0,3er tercio lactancia
7745,2025-10-08 00:00:00,9006,5.3,,2.0,2025-07-22 00:00:00,79.0,1er tercio lactancia
7746,2025-10-08 00:00:00,2196A,9.7,,4.0,2025-09-10 00:00:00,29.0,1er tercio lactancia
7747,2025-10-08 00:00:00,9071,2.5,,3.0,2025-06-08 00:00:00,123.0,2do tercio lactancia
7748,2025-10-08 00:00:00,33,1.6,,2.0,2025-05-20 00:00:00,142.0,2do tercio lactancia
7749,2025-10-08 00:00:00,8046,12.6,,3.0,2025-09-02 00:00:00,37.0,1er tercio lactancia
7750,2025-10-08 00:00:00,7007,4.9,,2.0,2025-03-11 00:00:00,212.0,3er tercio lactancia
7751,2025-10-08 00:00:00,1104A,6.3,,1.0,2025-05-11 00:00:00,151.0,2do tercio lactancia
7752,2025-10-08 00:00:00,5060,4.0,,2.0,2025-04-15 00:00:00,177.0,2do tercio lactancia
7753,2025-10-08 00:00:00,9015,6.1,,2.0,2025-08-22 00:00:00,48.0,1er tercio lactancia
7754,2025-10-08 00:00:00,J424,3.1,,1.0,2025-03-03 00:00:00,220.0,3er tercio lactancia
7755,2025-10-08 00:00:00,8028,5.0,,3.0,2025-04-23 00:00:00,169.0,2do tercio lactancia
7756,2025-10-08 00:00:00,7012,4.4,,3.0,2025-08-27 00:00:00,43.0,1er tercio lactancia
7757,2025-10-08 00:00:00,8019,5.2,,3.0,2025-09-21 00:00:00,18.0,1er tercio lactancia
7758,2025-10-08 00:00:00,8050,1.3,,3.0,2025-05-03 00:00:00,159.0,2do tercio lactancia
7759,2025-10-08 00:00:00,6043,5.8,,3.0,2025-04-28 00:00:00,164.0,2do tercio lactancia
7760,2025-10-08 00:00:00,8010,2.2,,3.0,2025-08-27 00:00:00,43.0,1er tercio lactancia
7761,2025-10-08 00:00:00,0220,1.7,,2.0,2025-02-25 00:00:00,226.0,3er tercio lactancia
7762,2025-10-08 00:00:00,2111,6.0,,1.0,2025-08-16 00:00:00,54.0,1er tercio lactancia
7763,2025-10-08 00:00:00,7061,3.5,,2.0,2025-01-25 00:00:00,257.0,3er tercio lactancia
7764,2025-10-08 00:00:00,2018,4.8,,1.0,2025-06-18 00:00:00,113.0,2do tercio lactancia
7765,2025-10-08 00:00:00,2234,3.2,,4.0,2025-05-15 00:00:00,147.0,2do tercio lactancia
7766,2025-10-08 00:00:00,7077,5.5,,3.0,2025-06-20 00:00:00,111.0,2do tercio lactancia
7767,2025-10-08 00:00:00,2035A,5.9,,1.0,2025-04-13 00:00:00,179.0,2do tercio lactancia
7768,2025-10-08 00:00:00,8017,10.0,,3.0,2025-09-16 00:00:00,23.0,1er tercio lactancia
7769,2025-10-08 00:00:00,8076,4.5,,2.0,2025-08-27 00:00:00,43.0,1er tercio lactancia
7770,2025-10-08 00:00:00,02331,1.8,,2.0,2025-10-03 00:00:00,6.0,1er tercio lactancia
7771,2025-10-08 00:00:00,0299A,3.6,,1.0,2025-04-28 00:00:00,164.0,2do tercio lactancia
7772,2025-10-08 00:00:00,0312,1.6,,2.0,2025-09-13 00:00:00,26.0,1er tercio lactancia
7773,2025-10-08 00:00:00,1005,4.0,,2.0,2025-05-04 00:00:00,158.0,2do tercio lactancia
7774,2025-10-08 00:00:00,1075,3.8,,1.0,2025-04-16 00:00:00,176.0,2do tercio lactancia
7775,2025-10-08 00:00:00,1102,5.1,,1.0,2025-07-10 00:00:00,91.0,2do tercio lactancia
7776,2025-10-08 00:00:00,1109B,4.7,,1.0,2025-05-14 00:00:00,148.0,2do tercio lactancia
7777,2025-10-08 00:00:00,2030,5.1,,1.0,2025-09-10 00:00:00,29.0,1er tercio lactancia
7778,2025-10-08 00:00:00,2042,4.3,,1.0,2025-04-19 00:00:00,173.0,2do tercio lactancia
7779,2025-10-08 00:00:00,22172,10.7,,1.0,2025-09-10 00:00:00,29.0,1er tercio lactancia
7780,2025-10-08 00:00:00,9016,4.4,,2.0,2025-09-24 00:00:00,15.0,1er tercio lactancia
7781,2025-10-08 00:00:00,9500,2.5,,2.0,2025-09-16 00:00:00,23.0,1er tercio lactancia
7782,2025-10-08 00:00:00,J420,4.9,,1.0,2025-06-21 00:00:00,110.0,2do tercio lactancia
7783,2025-10-08 00:00:00,20001,4.4,,1.0,2025-09-28 00:00:00,11.0,1er tercio lactancia
7784,2025-10-08 00:00:00,4018,3.4,,4.0,2025-09-16 00:00:00,23.0,1er tercio lactancia
7785,2025-10-08 00:00:00,2048,3.1,,1.0,2025-10-06 00:00:00,3.0,1er tercio lactancia
7786,2025-10-21 00:00:00,BU006,2.2,,1.0,2024-10-16 00:00:00,370.0,3er tercio lactancia
7787,2025-10-21 00:00:00,BU035,5.7,,3.0,2025-08-18 00:00:00,64.0,1er tercio lactancia
7788,2025-10-21 00:00:00,BU036,4.8,,3.0,2025-09-02 00:00:00,49.0,1er tercio lactancia
7789,2025-10-21 00:00:00,BU048,1.9,,1.0,2025-07-09 00:00:00,104.0,2do tercio lactancia
7790,2025-10-21 00:00:00,BU053,5.7,,2.0,2025-07-29 00:00:00,84.0,1er tercio lactancia
7791,2025-10-21 00:00:00,BU057,2.7,,2.0,2024-11-25 00:00:00,330.0,3er tercio lactancia
7792,2025-10-21 00:00:00,BU076,4.0,,1.0,2025-08-20 00:00:00,62.0,1er tercio lactancia
7793,2025-10-21 00:00:00,BU106,6.3,,3.0,2025-07-20 00:00:00,93.0,2do tercio lactancia
7794,2025-10-21 00:00:00,BU316,3.9,,2.0,2025-07-03 00:00:00,110.0,2do tercio lactancia
7795,2025-10-21 00:00:00,BU318,2.1,,1.0,2025-09-14 00:00:00,37.0,1er tercio lactancia
7796,2025-10-21 00:00:00,BU320,3.7,,2.0,2025-08-03 00:00:00,79.0,1er tercio lactancia
7797,2025-10-21 00:00:00,BU324,2.5,,1.0,2025-07-23 00:00:00,90.0,1er tercio lactancia
7798,2025-10-21 00:00:00,BU329,3.2,,2.0,2024-10-29 00:00:00,357.0,3er tercio lactancia
7799,2025-10-21 00:00:00,BU332,3.7,,3.0,2025-07-20 00:00:00,93.0,2do tercio lactancia
7800,2025-10-21 00:00:00,BU333,3.2,,3.0,2025-08-06 00:00:00,76.0,1er tercio lactancia
7801,2025-10-21 00:00:00,BU335,3.1,,2.0,2025-07-18 00:00:00,95.0,2do tercio lactancia
7802,2025-10-21 00:00:00,BU337,2.4,,3.0,2025-09-02 00:00:00,49.0,1er tercio lactancia
7803,2025-10-21 00:00:00,BU340,5.9,,2.0,2025-07-30 00:00:00,83.0,1er tercio lactancia
7804,2025-10-21 00:00:00,BU341,1.1,,3.0,2025-10-14 00:00:00,7.0,1er tercio lactancia
7805,2025-10-21 00:00:00,BU342,2.4,,2.0,2024-10-12 00:00:00,374.0,3er tercio lactancia
7806,2025-10-21 00:00:00,BU343,2.6,,3.0,2025-09-26 00:00:00,25.0,1er tercio lactancia
7807,2025-10-21 00:00:00,BU344,6.0,,3.0,2025-07-22 00:00:00,91.0,2do tercio lactancia
7808,2025-10-21 00:00:00,BU346,4.2,,2.0,2025-07-28 00:00:00,85.0,1er tercio lactancia
7809,2025-10-21 00:00:00,BU347,5.3,,3.0,2025-07-15 00:00:00,98.0,2do tercio lactancia
7810,2025-10-21 00:00:00,BU348,2.4,,1.0,2025-09-25 00:00:00,26.0,1er tercio lactancia
7811,2025-10-21 00:00:00,BU351,4.3,,3.0,2025-07-19 00:00:00,94.0,2do tercio lactancia
7812,2025-12-18 00:00:00,0018,2.6,,2.0,2025-07-01 00:00:00,170.0,2do tercio lactancia
7813,2025-12-18 00:00:00,0101,4.3,,2.0,2025-12-08 00:00:00,10.0,1er tercio lactancia
7814,2025-12-18 00:00:00,0107,2.5,,2.0,2025-11-21 00:00:00,27.0,1er tercio lactancia
7815,2025-12-18 00:00:00,0111,8.2,,2.0,2025-11-06 00:00:00,42.0,1er tercio lactancia
7816,2025-12-18 00:00:00,0201,2.3,,2.0,2025-03-25 00:00:00,268.0,3er tercio lactancia
7817,2025-12-18 00:00:00,0202,2.2,,2.0,2025-04-30 00:00:00,232.0,3er tercio lactancia
7818,2025-12-18 00:00:00,0206A,6.1,,2.0,2025-10-21 00:00:00,58.0,1er tercio lactancia
7819,2025-12-18 00:00:00,0208A,3.9,,1.0,2025-05-17 00:00:00,215.0,3er tercio lactancia
7820,2025-12-18 00:00:00,0231A,7.1,,2.0,2025-09-16 00:00:00,93.0,2do tercio lactancia
7821,2025-12-18 00:00:00,02331,1.8,,2.0,2025-10-03 00:00:00,76.0,1er tercio lactancia
7822,2025-12-18 00:00:00,0240,3.2,,1.0,2025-04-28 00:00:00,234.0,3er tercio lactancia
7823,2025-12-18 00:00:00,0241,5.1,,2.0,2025-05-24 00:00:00,208.0,3er tercio lactancia
7824,2025-12-18 00:00:00,0249,9.3,,2.0,2025-10-15 00:00:00,64.0,1er tercio lactancia
7825,2025-12-18 00:00:00,0252,2.1,,1.0,2025-08-13 00:00:00,127.0,2do tercio lactancia
7826,2025-12-18 00:00:00,0258,2.2,,2.0,2025-10-19 00:00:00,60.0,1er tercio lactancia
7827,2025-12-18 00:00:00,0269,7.2,,2.0,2025-11-06 00:00:00,42.0,1er tercio lactancia
7828,2025-12-18 00:00:00,0272,6.8,,2.0,2025-07-08 00:00:00,163.0,2do tercio lactancia
7829,2025-12-18 00:00:00,0278,8.0,,2.0,2025-10-16 00:00:00,63.0,1er tercio lactancia
7830,2025-12-18 00:00:00,0284,5.1,,1.0,2025-06-25 00:00:00,176.0,2do tercio lactancia
7831,2025-12-18 00:00:00,0297,2.6,,1.0,2025-07-22 00:00:00,149.0,2do tercio lactancia
7832,2025-12-18 00:00:00,0298A,8.4,,2.0,2025-07-06 00:00:00,165.0,2do tercio lactancia
7833,2025-12-18 00:00:00,0299A,2.5,,1.0,2025-04-28 00:00:00,234.0,3er tercio lactancia
7834,2025-12-18 00:00:00,0306,6.6,,2.0,2025-09-07 00:00:00,102.0,2do tercio lactancia
7835,2025-12-18 00:00:00,0323,6.7,,2.0,2025-09-02 00:00:00,107.0,2do tercio lactancia
7836,2025-12-18 00:00:00,0327,2.7,,2.0,2025-09-29 00:00:00,80.0,1er tercio lactancia
7837,2025-12-18 00:00:00,0329,3.6,,2.0,2025-06-16 00:00:00,185.0,3er tercio lactancia
7838,2025-12-18 00:00:00,0333,8.7,,2.0,2025-10-15 00:00:00,64.0,1er tercio lactancia
7839,2025-12-18 00:00:00,0336,8.8,,2.0,2025-11-09 00:00:00,39.0,1er tercio lactancia
7840,2025-12-18 00:00:00,0338,4.0,,2.0,2025-05-14 00:00:00,218.0,3er tercio lactancia
7841,2025-12-18 00:00:00,0342,5.4,,2.0,2025-11-06 00:00:00,42.0,1er tercio lactancia
7842,2025-12-18 00:00:00,0353,9.3,,2.0,2025-11-14 00:00:00,34.0,1er tercio lactancia
7843,2025-12-18 00:00:00,1004,2.8,,2.0,2025-04-03 00:00:00,259.0,3er tercio lactancia
7844,2025-12-18 00:00:00,1005,3.0,,2.0,2025-05-04 00:00:00,228.0,3er tercio lactancia
7845,2025-12-18 00:00:00,1015,6.6,,4.0,2025-09-14 00:00:00,95.0,2do tercio lactancia
7846,2025-12-18 00:00:00,1015A,3.7,,1.0,2025-05-05 00:00:00,227.0,3er tercio lactancia
7847,2025-12-18 00:00:00,10431,5.2,,1.0,2025-05-06 00:00:00,226.0,3er tercio lactancia
7848,2025-12-18 00:00:00,1045,10.1,,1.0,2025-11-11 00:00:00,37.0,1er tercio lactancia
7849,2025-12-18 00:00:00,1063,4.8,,1.0,2025-06-30 00:00:00,171.0,2do tercio lactancia
7850,2025-12-18 00:00:00,1075,2.1,,1.0,2025-04-16 00:00:00,246.0,3er tercio lactancia
7851,2025-12-18 00:00:00,1078A,1.8,,4.0,2025-12-15 00:00:00,3.0,1er tercio lactancia
7852,2025-12-18 00:00:00,1088A,8.9,,2.0,2025-10-19 00:00:00,60.0,1er tercio lactancia
7853,2025-12-18 00:00:00,1091,2.8,,1.0,2025-04-07 00:00:00,255.0,3er tercio lactancia
7854,2025-12-18 00:00:00,1095A,4.1,,3.0,2025-09-10 00:00:00,99.0,2do tercio lactancia
7855,2025-12-18 00:00:00,1100A,5.0,,1.0,2025-12-14 00:00:00,4.0,1er tercio lactancia
7856,2025-12-18 00:00:00,1102,4.0,,1.0,2025-07-10 00:00:00,161.0,2do tercio lactancia
7857,2025-12-18 00:00:00,1104A,4.6,,1.0,2025-05-11 00:00:00,221.0,3er tercio lactancia
7858,2025-12-18 00:00:00,1109B,3.5,,1.0,2025-05-14 00:00:00,218.0,3er tercio lactancia
7859,2025-12-18 00:00:00,19,2.4,,2.0,2025-09-14 00:00:00,95.0,2do tercio lactancia
7860,2025-12-18 00:00:00,2014,2.3,,1.0,2025-07-08 00:00:00,163.0,2do tercio lactancia
7861,2025-12-18 00:00:00,2018,5.3,,1.0,2025-06-18 00:00:00,183.0,3er tercio lactancia
7862,2025-12-18 00:00:00,2023,8.7,,1.0,2025-10-14 00:00:00,65.0,1er tercio lactancia
7863,2025-12-18 00:00:00,2030,4.2,,1.0,2025-09-10 00:00:00,99.0,2do tercio lactancia
7864,2025-12-18 00:00:00,20334,5.2,,4.0,2025-11-28 00:00:00,20.0,1er tercio lactancia
7865,2025-12-18 00:00:00,2034,6.3,,1.0,2025-12-08 00:00:00,10.0,1er tercio lactancia
7866,2025-12-18 00:00:00,2035A,4.8,,1.0,2025-04-13 00:00:00,249.0,3er tercio lactancia
7867,2025-12-18 00:00:00,2036,5.1,,1.0,2025-11-24 00:00:00,24.0,1er tercio lactancia
7868,2025-12-18 00:00:00,2039,9.3,,2.0,2025-11-19 00:00:00,29.0,1er tercio lactancia
7869,2025-12-18 00:00:00,2042,3.4,,1.0,2025-04-19 00:00:00,243.0,3er tercio lactancia
7870,2025-12-18 00:00:00,2047,4.0,,4.0,2025-07-26 00:00:00,145.0,2do tercio lactancia
7871,2025-12-18 00:00:00,2048,4.9,,1.0,2025-10-06 00:00:00,73.0,1er tercio lactancia
7872,2025-12-18 00:00:00,2052,6.4,,1.0,2025-10-29 00:00:00,50.0,1er tercio lactancia
7873,2025-12-18 00:00:00,2062,3.5,,3.0,2025-03-16 00:00:00,277.0,3er tercio lactancia
7874,2025-12-18 00:00:00,2063A,2.0,,5.0,2025-08-20 00:00:00,120.0,2do tercio lactancia
7875,2025-12-18 00:00:00,2073,3.6,,4.0,2025-05-17 00:00:00,215.0,3er tercio lactancia
7876,2025-12-18 00:00:00,2080,7.6,,4.0,2025-10-30 00:00:00,49.0,1er tercio lactancia
7877,2025-12-18 00:00:00,2093,4.4,,1.0,2025-12-05 00:00:00,13.0,1er tercio lactancia
7878,2025-12-18 00:00:00,2095,2.7,,1.0,2025-07-27 00:00:00,144.0,2do tercio lactancia
7879,2025-12-18 00:00:00,2103,4.8,,1.0,2025-10-24 00:00:00,55.0,1er tercio lactancia
7880,2025-12-18 00:00:00,2108,4.0,,1.0,2025-08-21 00:00:00,119.0,2do tercio lactancia
7881,2025-12-18 00:00:00,2111,3.4,,1.0,2025-08-16 00:00:00,124.0,2do tercio lactancia
7882,2025-12-18 00:00:00,2133A,3.5,,3.0,2025-05-30 00:00:00,202.0,3er tercio lactancia
7883,2025-12-18 00:00:00,2143,3.0,,4.0,2025-11-24 00:00:00,24.0,1er tercio lactancia
7884,2025-12-18 00:00:00,2146,6.0,,1.0,2025-04-26 00:00:00,236.0,3er tercio lactancia
7885,2025-12-18 00:00:00,2148A,6.9,,4.0,2025-08-24 00:00:00,116.0,2do tercio lactancia
7886,2025-12-18 00:00:00,2180A,4.9,,4.0,2025-11-12 00:00:00,36.0,1er tercio lactancia
7887,2025-12-18 00:00:00,2196A,8.7,,4.0,2025-09-10 00:00:00,99.0,2do tercio lactancia
7888,2025-12-18 00:00:00,2201,1.9,,1.0,2025-07-02 00:00:00,169.0,2do tercio lactancia
7889,2025-12-18 00:00:00,2203,5.0,,1.0,2025-05-17 00:00:00,215.0,3er tercio lactancia
7890,2025-12-18 00:00:00,22135,5.9,,1.0,2025-11-22 00:00:00,26.0,1er tercio lactancia
7891,2025-12-18 00:00:00,22144,2.8,,1.0,2025-11-28 00:00:00,20.0,1er tercio lactancia
7892,2025-12-18 00:00:00,22172,8.0,,1.0,2025-09-10 00:00:00,99.0,2do tercio lactancia
7893,2025-12-18 00:00:00,3003A,4.0,,4.0,2025-06-05 00:00:00,196.0,3er tercio lactancia
7894,2025-12-18 00:00:00,30212,8.7,,2.0,2025-08-25 00:00:00,115.0,2do tercio lactancia
7895,2025-12-18 00:00:00,3021A,3.1,,4.0,2025-07-04 00:00:00,167.0,2do tercio lactancia
7896,2025-12-18 00:00:00,3026A,6.8,,4.0,2025-10-29 00:00:00,50.0,1er tercio lactancia
7897,2025-12-18 00:00:00,3066B,6.2,,4.0,2025-11-21 00:00:00,27.0,1er tercio lactancia
7898,2025-12-18 00:00:00,3108,1.6,,2.0,2025-12-11 00:00:00,7.0,1er tercio lactancia
7899,2025-12-18 00:00:00,34,8.8,,2.0,2025-10-16 00:00:00,63.0,1er tercio lactancia
7900,2025-12-18 00:00:00,3750,1.9,,4.0,2025-12-08 00:00:00,10.0,1er tercio lactancia
7901,2025-12-18 00:00:00,4007,6.4,,4.0,2025-10-06 00:00:00,73.0,1er tercio lactancia
7902,2025-12-18 00:00:00,4018,5.7,,4.0,2025-09-16 00:00:00,93.0,2do tercio lactancia
7903,2025-12-18 00:00:00,4072,6.0,,3.0,2025-10-29 00:00:00,50.0,1er tercio lactancia
7904,2025-12-18 00:00:00,4078,2.5,,2.0,2025-05-14 00:00:00,218.0,3er tercio lactancia
7905,2025-12-18 00:00:00,4151,7.0,,4.0,2025-09-13 00:00:00,96.0,2do tercio lactancia
7906,2025-12-18 00:00:00,5030,4.8,,2.0,2025-08-10 00:00:00,130.0,2do tercio lactancia
7907,2025-12-18 00:00:00,5060,2.3,,2.0,2025-04-15 00:00:00,247.0,3er tercio lactancia
7908,2025-12-18 00:00:00,5076,1.6,,3.0,2025-06-05 00:00:00,196.0,3er tercio lactancia
7909,2025-12-18 00:00:00,5077,5.6,,3.0,2025-09-16 00:00:00,93.0,2do tercio lactancia
7910,2025-12-18 00:00:00,5079,1.4,,3.0,2025-06-20 00:00:00,181.0,3er tercio lactancia
7911,2025-12-18 00:00:00,5090,3.9,,4.0,2025-11-20 00:00:00,28.0,1er tercio lactancia
7912,2025-12-18 00:00:00,5144,4.0,,4.0,2025-11-19 00:00:00,29.0,1er tercio lactancia
7913,2025-12-18 00:00:00,5146,3.4,,3.0,2025-06-03 00:00:00,198.0,3er tercio lactancia
7914,2025-12-18 00:00:00,6021,3.8,,4.0,2025-08-27 00:00:00,113.0,2do tercio lactancia
7915,2025-12-18 00:00:00,6043,3.9,,3.0,2025-04-28 00:00:00,234.0,3er tercio lactancia
7916,2025-12-18 00:00:00,7007,4.1,,2.0,2025-03-11 00:00:00,282.0,3er tercio lactancia
7917,2025-12-18 00:00:00,7012,2.8,,3.0,2025-08-27 00:00:00,113.0,2do tercio lactancia
7918,2025-12-18 00:00:00,7022,6.8,,2.0,2025-10-26 00:00:00,53.0,1er tercio lactancia
7919,2025-12-18 00:00:00,7028,7.6,,4.0,2025-09-02 00:00:00,107.0,2do tercio lactancia
7920,2025-12-18 00:00:00,7059,9.5,,3.0,2025-11-20 00:00:00,28.0,1er tercio lactancia
7921,2025-12-18 00:00:00,7074,7.1,,3.0,2025-08-24 00:00:00,116.0,2do tercio lactancia
7922,2025-12-18 00:00:00,7077,3.5,,3.0,2025-06-20 00:00:00,181.0,3er tercio lactancia
7923,2025-12-18 00:00:00,7083,3.7,,3.0,2025-03-26 00:00:00,267.0,3er tercio lactancia
7924,2025-12-18 00:00:00,8005,4.0,,3.0,2025-11-06 00:00:00,42.0,1er tercio lactancia
7925,2025-12-18 00:00:00,80121,4.1,,3.0,2025-12-15 00:00:00,3.0,1er tercio lactancia
7926,2025-12-18 00:00:00,8017,4.2,,3.0,2025-09-16 00:00:00,93.0,2do tercio lactancia
7927,2025-12-18 00:00:00,8019,5.9,,3.0,2025-09-21 00:00:00,88.0,1er tercio lactancia
7928,2025-12-18 00:00:00,8028,3.0,,3.0,2025-04-23 00:00:00,239.0,3er tercio lactancia
7929,2025-12-18 00:00:00,8037,4.8,,2.0,2025-03-20 00:00:00,273.0,3er tercio lactancia
7930,2025-12-18 00:00:00,8041,6.0,,2.0,2025-10-07 00:00:00,72.0,1er tercio lactancia
7931,2025-12-18 00:00:00,8045,4.9,,3.0,2025-09-07 00:00:00,102.0,2do tercio lactancia
7932,2025-12-18 00:00:00,8046,10.8,,3.0,2025-09-02 00:00:00,107.0,2do tercio lactancia
7933,2025-12-18 00:00:00,8050,1.5,,3.0,2025-05-03 00:00:00,229.0,3er tercio lactancia
7934,2025-12-18 00:00:00,8061,3.7,,3.0,2025-11-18 00:00:00,30.0,1er tercio lactancia
7935,2025-12-18 00:00:00,8062,4.0,,2.0,2025-07-14 00:00:00,157.0,2do tercio lactancia
7936,2025-12-18 00:00:00,8076,6.3,,2.0,2025-08-27 00:00:00,113.0,2do tercio lactancia
7937,2025-12-18 00:00:00,8077,4.9,,3.0,2025-11-14 00:00:00,34.0,1er tercio lactancia
7938,2025-12-18 00:00:00,80882,6.4,,3.0,2025-09-07 00:00:00,102.0,2do tercio lactancia
7939,2025-12-18 00:00:00,8094,3.1,,3.0,2025-05-25 00:00:00,207.0,3er tercio lactancia
7940,2025-12-18 00:00:00,9006,4.1,,2.0,2025-07-22 00:00:00,149.0,2do tercio lactancia
7941,2025-12-18 00:00:00,9015,5.6,,2.0,2025-08-22 00:00:00,118.0,2do tercio lactancia
7942,2025-12-18 00:00:00,9037,3.1,,2.0,2025-07-27 00:00:00,144.0,2do tercio lactancia
7943,2025-12-18 00:00:00,9053,6.3,,2.0,2025-10-14 00:00:00,65.0,1er tercio lactancia
7944,2025-12-18 00:00:00,9071,1.6,,3.0,2025-06-08 00:00:00,193.0,3er tercio lactancia
7945,2025-12-18 00:00:00,9073,6.0,,2.0,2025-09-27 00:00:00,82.0,1er tercio lactancia
7946,2025-12-18 00:00:00,9076,5.2,,2.0,2025-08-27 00:00:00,113.0,2do tercio lactancia
7947,2025-12-18 00:00:00,9091,3.1,,2.0,2025-06-03 00:00:00,198.0,3er tercio lactancia
7948,2025-12-18 00:00:00,9113,4.4,,2.0,2025-05-30 00:00:00,202.0,3er tercio lactancia
7949,2025-12-18 00:00:00,91172,6.6,,3.0,2025-11-11 00:00:00,37.0,1er tercio lactancia
7950,2025-12-18 00:00:00,9125,8.2,,2.0,2025-09-17 00:00:00,92.0,2do tercio lactancia
7951,2025-12-18 00:00:00,9126A,2.0,,2.0,2025-10-30 00:00:00,49.0,1er tercio lactancia
7952,2025-12-18 00:00:00,EMB 2,3.6,,3.0,2025-06-02 00:00:00,199.0,3er tercio lactancia
7953,2025-12-18 00:00:00,J425,2.5,,1.0,2025-06-04 00:00:00,197.0,3er tercio lactancia
7954,2025-12-18 00:00:00,20001,6.9,,1.0,2025-09-28 00:00:00,81.0,1er tercio lactancia
7955,2025-12-18 00:00:00,6035,4.2,,3.0,2025-03-07 00:00:00,286.0,3er tercio lactancia
7956,2026-01-15 00:00:00,8061,4.2,,3.0,2025-11-18 00:00:00,58.0,1er tercio lactancia
7957,2026-01-15 00:00:00,0298A,8.2,,2.0,2025-07-06 00:00:00,193.0,3er tercio lactancia
7958,2026-01-15 00:00:00,0353,8.2,,2.0,2025-11-14 00:00:00,62.0,1er tercio lactancia
7959,2026-01-15 00:00:00,8037,5.5,,2.0,2025-03-20 00:00:00,301.0,3er tercio lactancia
7960,2026-01-15 00:00:00,4072,4.0,,3.0,2025-10-29 00:00:00,78.0,1er tercio lactancia
7961,2026-01-15 00:00:00,1310,4.6,,4.0,2026-01-06 00:00:00,9.0,1er tercio lactancia
7962,2026-01-15 00:00:00,1015A,4.2,,1.0,2025-05-05 00:00:00,255.0,3er tercio lactancia
7963,2026-01-15 00:00:00,6021,3.3,,4.0,2025-08-27 00:00:00,141.0,2do tercio lactancia
7964,2026-01-15 00:00:00,0202,2.2,,2.0,2025-04-30 00:00:00,260.0,3er tercio lactancia
7965,2026-01-15 00:00:00,3003A,3.5,,4.0,2025-06-05 00:00:00,224.0,3er tercio lactancia
7966,2026-01-15 00:00:00,2080,5.7,,4.0,2025-10-30 00:00:00,77.0,1er tercio lactancia
7967,2026-01-15 00:00:00,4018,4.1,,4.0,2025-09-16 00:00:00,121.0,2do tercio lactancia
7968,2026-01-15 00:00:00,9076,3.1,,2.0,2025-08-27 00:00:00,141.0,2do tercio lactancia
7969,2026-01-15 00:00:00,2093,5.6,,1.0,2025-12-05 00:00:00,41.0,1er tercio lactancia
7970,2026-01-15 00:00:00,4078,2.1,,2.0,2025-05-14 00:00:00,246.0,3er tercio lactancia
7971,2026-01-15 00:00:00,2063A,4.0,,5.0,2025-08-20 00:00:00,148.0,2do tercio lactancia
7972,2026-01-15 00:00:00,7074,7.2,,3.0,2025-08-24 00:00:00,144.0,2do tercio lactancia
7973,2026-01-15 00:00:00,0018,2.8,,2.0,2025-07-01 00:00:00,198.0,3er tercio lactancia
7974,2026-01-15 00:00:00,0240,2.9,,1.0,2025-04-28 00:00:00,262.0,3er tercio lactancia
7975,2026-01-15 00:00:00,0206A,5.6,,2.0,2025-10-21 00:00:00,86.0,1er tercio lactancia
7976,2026-01-15 00:00:00,10431,4.3,,1.0,2025-05-06 00:00:00,254.0,3er tercio lactancia
7977,2026-01-15 00:00:00,0327,2.3,,2.0,2025-09-29 00:00:00,108.0,2do tercio lactancia
7978,2026-01-15 00:00:00,8062,4.2,,2.0,2025-07-14 00:00:00,185.0,3er tercio lactancia
7979,2026-01-15 00:00:00,1004,1.8,,2.0,2025-04-03 00:00:00,287.0,3er tercio lactancia
7980,2026-01-15 00:00:00,2148A,5.8,,4.0,2025-08-24 00:00:00,144.0,2do tercio lactancia
7981,2026-01-15 00:00:00,0332,6.3,,3.0,2025-12-23 00:00:00,23.0,1er tercio lactancia
7982,2026-01-15 00:00:00,91172,5.3,,3.0,2025-11-11 00:00:00,65.0,1er tercio lactancia
7983,2026-01-15 00:00:00,2143,6.9,,4.0,2025-11-24 00:00:00,52.0,1er tercio lactancia
7984,2026-01-15 00:00:00,2180A,4.0,,4.0,2025-11-12 00:00:00,64.0,1er tercio lactancia
7985,2026-01-15 00:00:00,8094,3.6,,3.0,2025-05-25 00:00:00,235.0,3er tercio lactancia
7986,2026-01-15 00:00:00,2201,2.6,,1.0,2025-07-02 00:00:00,197.0,3er tercio lactancia
7987,2026-01-15 00:00:00,9037,3.0,,2.0,2025-07-27 00:00:00,172.0,2do tercio lactancia
7988,2026-01-15 00:00:00,7059,5.5,,3.0,2025-11-20 00:00:00,56.0,1er tercio lactancia
7989,2026-01-15 00:00:00,8077,6.3,,3.0,2025-11-14 00:00:00,62.0,1er tercio lactancia
7990,2026-01-15 00:00:00,7028,6.3,,4.0,2025-09-02 00:00:00,135.0,2do tercio lactancia
7991,2026-01-15 00:00:00,2039,10.9,,2.0,2025-11-19 00:00:00,57.0,1er tercio lactancia
7992,2026-01-15 00:00:00,9073,7.1,,2.0,2025-09-27 00:00:00,110.0,2do tercio lactancia
7993,2026-01-15 00:00:00,1045,8.1,,1.0,2025-11-11 00:00:00,65.0,1er tercio lactancia
7994,2026-01-15 00:00:00,1075,3.0,,1.0,2025-04-16 00:00:00,274.0,3er tercio lactancia
7995,2026-01-15 00:00:00,9091,2.2,,2.0,2025-06-03 00:00:00,226.0,3er tercio lactancia
7996,2026-01-15 00:00:00,80882,5.2,,3.0,2025-09-07 00:00:00,130.0,2do tercio lactancia
7997,2026-01-15 00:00:00,0252,2.1,,1.0,2025-08-13 00:00:00,155.0,2do tercio lactancia
7998,2026-01-15 00:00:00,0269,7.1,,2.0,2025-11-06 00:00:00,70.0,1er tercio lactancia
7999,2026-01-15 00:00:00,0329,3.0,,2.0,2025-06-16 00:00:00,213.0,3er tercio lactancia
8000,2026-01-15 00:00:00,30212,5.5,,2.0,2025-08-25 00:00:00,143.0,2do tercio lactancia
8001,2026-01-15 00:00:00,0306,6.2,,2.0,2025-09-07 00:00:00,130.0,2do tercio lactancia
8002,2026-01-15 00:00:00,0107,2.2,,2.0,2025-11-21 00:00:00,55.0,1er tercio lactancia
8003,2026-01-15 00:00:00,0241,5.0,,2.0,2025-05-24 00:00:00,236.0,3er tercio lactancia
8004,2026-01-15 00:00:00,0338,2.5,,2.0,2025-05-14 00:00:00,246.0,3er tercio lactancia
8005,2026-01-15 00:00:00,0208A,2.5,,1.0,2025-05-17 00:00:00,243.0,3er tercio lactancia
8006,2026-01-15 00:00:00,2014,2.1,,1.0,2025-07-08 00:00:00,191.0,3er tercio lactancia
8007,2026-01-15 00:00:00,34,6.7,,2.0,2025-10-16 00:00:00,91.0,2do tercio lactancia
8008,2026-01-15 00:00:00,0297,3.1,,1.0,2025-07-22 00:00:00,177.0,2do tercio lactancia
8009,2026-01-15 00:00:00,2062,3.8,,3.0,2025-03-16 00:00:00,305.0,3er tercio lactancia
8010,2026-01-15 00:00:00,8045,4.5,,3.0,2025-09-07 00:00:00,130.0,2do tercio lactancia
8011,2026-01-15 00:00:00,9125,6.7,,2.0,2025-09-17 00:00:00,120.0,2do tercio lactancia
8012,2026-01-15 00:00:00,5077,5.3,,3.0,2025-09-16 00:00:00,121.0,2do tercio lactancia
8013,2026-01-15 00:00:00,7022,5.3,,2.0,2025-10-26 00:00:00,81.0,1er tercio lactancia
8014,2026-01-15 00:00:00,EMB 2,3.5,,3.0,2025-06-02 00:00:00,227.0,3er tercio lactancia
8015,2026-01-15 00:00:00,8005,3.2,,3.0,2025-11-06 00:00:00,70.0,1er tercio lactancia
8016,2026-01-15 00:00:00,22135,6.4,,1.0,2025-11-22 00:00:00,54.0,1er tercio lactancia
8017,2026-01-15 00:00:00,1015,6.7,,4.0,2025-09-14 00:00:00,123.0,2do tercio lactancia
8018,2026-01-15 00:00:00,0272,6.1,,2.0,2025-07-08 00:00:00,191.0,3er tercio lactancia
8019,2026-01-15 00:00:00,3066B,6.0,,4.0,2025-11-21 00:00:00,55.0,1er tercio lactancia
8020,2026-01-15 00:00:00,5144,4.9,,4.0,2025-11-19 00:00:00,57.0,1er tercio lactancia
8021,2026-01-15 00:00:00,4151,6.3,,4.0,2025-09-13 00:00:00,124.0,2do tercio lactancia
8022,2026-01-15 00:00:00,19,2.4,,2.0,2025-09-14 00:00:00,123.0,2do tercio lactancia
8023,2026-01-15 00:00:00,2146,5.5,,1.0,2025-04-26 00:00:00,264.0,3er tercio lactancia
8024,2026-01-15 00:00:00,80121,3.4,,3.0,2025-12-15 00:00:00,31.0,1er tercio lactancia
8025,2026-01-15 00:00:00,0249,7.0,,2.0,2025-10-15 00:00:00,92.0,2do tercio lactancia
8026,2026-01-15 00:00:00,3021A,3.8,,4.0,2025-07-04 00:00:00,195.0,3er tercio lactancia
8027,2026-01-15 00:00:00,2103,5.2,,1.0,2025-10-24 00:00:00,83.0,1er tercio lactancia
8028,2026-01-15 00:00:00,1063,4.1,,1.0,2025-06-30 00:00:00,199.0,3er tercio lactancia
8029,2026-01-15 00:00:00,2048,4.5,,1.0,2025-10-06 00:00:00,101.0,2do tercio lactancia
8030,2026-01-15 00:00:00,7017,2.5,,3.0,2025-10-26 00:00:00,81.0,1er tercio lactancia
8031,2026-01-15 00:00:00,2047,2.1,,4.0,2025-07-26 00:00:00,173.0,2do tercio lactancia
8032,2026-01-15 00:00:00,EMB 5,1.1,,3.0,2025-07-25 00:00:00,174.0,2do tercio lactancia
8033,2026-01-15 00:00:00,0336,7.3,,2.0,2025-11-09 00:00:00,67.0,1er tercio lactancia
8034,2026-01-15 00:00:00,7083,4.2,,3.0,2025-03-26 00:00:00,295.0,3er tercio lactancia
8035,2026-01-15 00:00:00,5030,4.2,,2.0,2025-08-10 00:00:00,158.0,2do tercio lactancia
8036,2026-01-15 00:00:00,2108,2.6,,1.0,2025-08-21 00:00:00,147.0,2do tercio lactancia
8037,2026-01-15 00:00:00,1095A,4.8,,3.0,2025-09-10 00:00:00,127.0,2do tercio lactancia
8038,2026-01-15 00:00:00,20334,4.7,,4.0,2025-11-28 00:00:00,48.0,1er tercio lactancia
8039,2026-01-15 00:00:00,2095,3.2,,1.0,2025-07-27 00:00:00,172.0,2do tercio lactancia
8040,2026-01-15 00:00:00,9113,3.4,,2.0,2025-05-30 00:00:00,230.0,3er tercio lactancia
8041,2026-01-15 00:00:00,0101,1.9,,2.0,2025-12-08 00:00:00,38.0,1er tercio lactancia
8042,2026-01-15 00:00:00,J425,2.0,,1.0,2025-06-04 00:00:00,225.0,3er tercio lactancia
8043,2026-01-15 00:00:00,2073,1.9,,4.0,2025-05-17 00:00:00,243.0,3er tercio lactancia
8044,2026-01-15 00:00:00,5079,2.7,,3.0,2025-06-20 00:00:00,209.0,3er tercio lactancia
8045,2026-01-15 00:00:00,22144,2.8,,1.0,2025-11-28 00:00:00,48.0,1er tercio lactancia
8046,2026-01-15 00:00:00,2203,5.2,,1.0,2025-05-17 00:00:00,243.0,3er tercio lactancia
8047,2026-01-15 00:00:00,0342,4.2,,2.0,2025-11-06 00:00:00,70.0,1er tercio lactancia
8048,2026-01-15 00:00:00,0323,6.5,,2.0,2025-09-02 00:00:00,135.0,2do tercio lactancia
8049,2026-01-15 00:00:00,1078A,4.4,,4.0,2025-12-15 00:00:00,31.0,1er tercio lactancia
8050,2026-01-15 00:00:00,0231A,4.8,,2.0,2025-09-16 00:00:00,121.0,2do tercio lactancia
8051,2026-01-15 00:00:00,2133A,3.8,,3.0,2025-05-30 00:00:00,230.0,3er tercio lactancia
8052,2026-01-15 00:00:00,5146,3.1,,3.0,2025-06-03 00:00:00,226.0,3er tercio lactancia
8053,2026-01-15 00:00:00,9020,3.6,,3.0,2025-10-29 00:00:00,78.0,1er tercio lactancia
8054,2026-01-15 00:00:00,1088A,6.4,,2.0,2025-10-19 00:00:00,88.0,1er tercio lactancia
8055,2026-01-15 00:00:00,1091,2.5,,1.0,2025-04-07 00:00:00,283.0,3er tercio lactancia
8056,2026-01-15 00:00:00,9006,2.6,,2.0,2025-07-22 00:00:00,177.0,2do tercio lactancia
8057,2026-01-15 00:00:00,2196A,6.8,,4.0,2025-09-10 00:00:00,127.0,2do tercio lactancia
8058,2026-01-15 00:00:00,20001,6.7,,1.0,2025-09-28 00:00:00,109.0,2do tercio lactancia
8059,2026-01-15 00:00:00,9071,1.6,,3.0,2025-06-08 00:00:00,221.0,3er tercio lactancia
8060,2026-01-15 00:00:00,8096,5.8,,4.0,2026-01-06 00:00:00,9.0,1er tercio lactancia
8061,2026-01-15 00:00:00,8046,5.5,,3.0,2025-09-02 00:00:00,135.0,2do tercio lactancia
8062,2026-01-15 00:00:00,7007,4.1,,2.0,2025-03-11 00:00:00,310.0,3er tercio lactancia
8063,2026-01-15 00:00:00,1104A,3.5,,1.0,2025-05-11 00:00:00,249.0,3er tercio lactancia
8064,2026-01-15 00:00:00,5060,3.8,,2.0,2025-04-15 00:00:00,275.0,3er tercio lactancia
8065,2026-01-15 00:00:00,8028,2.8,,3.0,2025-04-23 00:00:00,267.0,3er tercio lactancia
8066,2026-01-15 00:00:00,7012,3.2,,3.0,2025-08-27 00:00:00,141.0,2do tercio lactancia
8067,2026-01-15 00:00:00,2030,2.1,,1.0,2025-09-10 00:00:00,127.0,2do tercio lactancia
8068,2026-01-15 00:00:00,8019,4.9,,3.0,2025-09-21 00:00:00,116.0,2do tercio lactancia
8069,2026-01-15 00:00:00,02331,1.0,,2.0,2025-10-03 00:00:00,104.0,2do tercio lactancia
8070,2026-01-15 00:00:00,6043,3.6,,3.0,2025-04-28 00:00:00,262.0,3er tercio lactancia
8071,2026-01-15 00:00:00,0259,8.7,,2.0,2026-01-06 00:00:00,9.0,1er tercio lactancia
8072,2026-01-15 00:00:00,3026A,4.8,,4.0,2025-10-29 00:00:00,78.0,1er tercio lactancia
8073,2026-01-15 00:00:00,2111,6.6,,1.0,2025-08-16 00:00:00,152.0,2do tercio lactancia
8074,2026-01-15 00:00:00,2018,4.7,,1.0,2025-06-18 00:00:00,211.0,3er tercio lactancia
8075,2026-01-15 00:00:00,0278,6.7,,2.0,2025-10-16 00:00:00,91.0,2do tercio lactancia
8076,2026-01-15 00:00:00,7077,3.1,,3.0,2025-06-20 00:00:00,209.0,3er tercio lactancia
8077,2026-01-15 00:00:00,2035A,4.3,,1.0,2025-04-13 00:00:00,277.0,3er tercio lactancia
8078,2026-01-15 00:00:00,9053,5.4,,2.0,2025-10-14 00:00:00,93.0,2do tercio lactancia
8079,2026-01-15 00:00:00,2094A,5.3,,5.0,2026-01-02 00:00:00,13.0,1er tercio lactancia
8080,2026-01-15 00:00:00,0333,6.3,,2.0,2025-10-15 00:00:00,92.0,2do tercio lactancia
8081,2026-01-15 00:00:00,4007,3.1,,4.0,2025-10-06 00:00:00,101.0,2do tercio lactancia
8082,2026-01-15 00:00:00,8017,5.3,,3.0,2025-09-16 00:00:00,121.0,2do tercio lactancia
8083,2026-01-15 00:00:00,0111,7.9,,2.0,2025-11-06 00:00:00,70.0,1er tercio lactancia
8084,2026-01-15 00:00:00,8076,7.1,,2.0,2025-08-27 00:00:00,141.0,2do tercio lactancia
8085,2026-01-15 00:00:00,0299A,1.9,,1.0,2025-04-28 00:00:00,262.0,3er tercio lactancia
8086,2026-01-15 00:00:00,1005,3.0,,2.0,2025-05-04 00:00:00,256.0,3er tercio lactancia
8087,2026-01-15 00:00:00,1100A,6.6,,1.0,2025-12-14 00:00:00,32.0,1er tercio lactancia
8088,2026-01-15 00:00:00,1102,2.8,,1.0,2025-07-10 00:00:00,189.0,3er tercio lactancia
8089,2026-01-15 00:00:00,1109B,3.1,,1.0,2025-05-14 00:00:00,246.0,3er tercio lactancia
8090,2026-01-15 00:00:00,2023,7.1,,1.0,2025-10-14 00:00:00,93.0,2do tercio lactancia
8091,2026-01-15 00:00:00,2034,5.1,,1.0,2025-12-08 00:00:00,38.0,1er tercio lactancia
8092,2026-01-15 00:00:00,2042,3.7,,1.0,2025-04-19 00:00:00,271.0,3er tercio lactancia
8093,2026-01-15 00:00:00,2052,5.3,,1.0,2025-10-29 00:00:00,78.0,1er tercio lactancia
8094,2026-01-15 00:00:00,2102,1.5,,1.0,2025-12-29 00:00:00,17.0,1er tercio lactancia
8095,2026-01-15 00:00:00,2137,1.5,,1.0,2025-12-08 00:00:00,38.0,1er tercio lactancia
8096,2026-01-15 00:00:00,21391,3.4,,1.0,2025-12-29 00:00:00,17.0,1er tercio lactancia
8097,2026-01-15 00:00:00,2140,4.8,,1.0,2025-12-15 00:00:00,31.0,1er tercio lactancia
8098,2026-01-15 00:00:00,22098,5.4,,1.0,2026-01-02 00:00:00,13.0,1er tercio lactancia
8099,2026-01-15 00:00:00,22161,2.5,,1.0,2025-12-29 00:00:00,17.0,1er tercio lactancia
8100,2026-01-15 00:00:00,22172,4.8,,1.0,2025-09-10 00:00:00,127.0,2do tercio lactancia
8101,2026-01-15 00:00:00,8041,5.9,,2.0,2025-10-07 00:00:00,100.0,2do tercio lactancia
8102,2026-01-15 00:00:00,9126A,2.5,,2.0,2025-10-30 00:00:00,77.0,1er tercio lactancia
8103,2026-01-15 00:00:00,6035,4.5,,3.0,2025-03-07 00:00:00,314.0,3er tercio lactancia
8104,2026-01-20 00:00:00,BU334,4.0,,3.0,2025-11-05 00:00:00,76.0,1er tercio lactancia
8105,2026-01-20 00:00:00,BU339,5.2,,3.0,2025-11-11 00:00:00,70.0,1er tercio lactancia
8106,2026-01-20 00:00:00,BU343,5.1,,3.0,2025-09-26 00:00:00,116.0,2do tercio lactancia
8107,2026-01-20 00:00:00,BU351,3.1,,3.0,2025-07-19 00:00:00,185.0,3er tercio lactancia
8108,2026-01-20 00:00:00,BU076,4.6,,1.0,2025-08-20 00:00:00,153.0,2do tercio lactancia
8109,2026-01-20 00:00:00,BU053,5.3,,2.0,2025-07-29 00:00:00,175.0,2do tercio lactancia
8110,2026-01-20 00:00:00,BU316,4.0,,2.0,2025-07-03 00:00:00,201.0,3er tercio lactancia
8111,2026-01-20 00:00:00,BU333,3.8,,3.0,2025-08-06 00:00:00,167.0,2do tercio lactancia
8112,2026-01-20 00:00:00,BU348,4.1,,1.0,2025-09-25 00:00:00,117.0,2do tercio lactancia
8113,2026-01-20 00:00:00,BU019,2.5,,3.0,2025-10-29 00:00:00,83.0,1er tercio lactancia
8114,2026-01-20 00:00:00,BU324,3.0,,1.0,2025-07-23 00:00:00,181.0,3er tercio lactancia
8115,2026-01-20 00:00:00,BU338,5.9,,3.0,2025-12-31 00:00:00,20.0,1er tercio lactancia
8116,2026-01-20 00:00:00,BU340,4.6,,2.0,2025-07-30 00:00:00,174.0,2do tercio lactancia
8117,2026-01-20 00:00:00,BU342,2.7,,2.0,2024-10-12 00:00:00,465.0,3er tercio lactancia
8118,2026-01-20 00:00:00,BU345,6.9,,3.0,2025-11-12 00:00:00,69.0,1er tercio lactancia
8119,2026-01-20 00:00:00,BU036,4.5,,3.0,2025-09-02 00:00:00,140.0,2do tercio lactancia
8120,2026-01-20 00:00:00,BU346,4.1,,2.0,2025-07-28 00:00:00,176.0,2do tercio lactancia
8121,2026-01-20 00:00:00,BU318,3.5,,1.0,2025-09-14 00:00:00,128.0,2do tercio lactancia
8122,2026-01-20 00:00:00,BU329,2.9,,2.0,2024-10-29 00:00:00,448.0,3er tercio lactancia
8123,2026-01-20 00:00:00,BU349,4.4,,3.0,2025-11-03 00:00:00,78.0,1er tercio lactancia
8124,2026-01-20 00:00:00,BU048,2.2,,1.0,2025-07-09 00:00:00,195.0,3er tercio lactancia
8125,2026-01-20 00:00:00,BU082,3.3,,1.0,2025-07-18 00:00:00,186.0,3er tercio lactancia
8126,2026-01-20 00:00:00,BU332,3.0,,3.0,2025-07-20 00:00:00,184.0,3er tercio lactancia
8127,2026-01-20 00:00:00,BU344,4.7,,3.0,2025-07-22 00:00:00,182.0,3er tercio lactancia
8128,2026-01-20 00:00:00,BU320,3.4,,2.0,2025-08-03 00:00:00,170.0,2do tercio lactancia
8129,2026-01-20 00:00:00,BU035,4.9,,3.0,2025-08-18 00:00:00,155.0,2do tercio lactancia
8130,2026-01-20 00:00:00,BU347,4.0,,3.0,2025-07-15 00:00:00,189.0,3er tercio lactancia
8131,2026-01-20 00:00:00,BU335,3.0,,2.0,2025-07-18 00:00:00,186.0,3er tercio lactancia
8132,2026-01-20 00:00:00,BU106,7.4,,3.0,2025-07-20 00:00:00,184.0,3er tercio lactancia
8134,2026-02-13 00:00:00,8061,3.4,,3.0,2025-11-18 00:00:00,87.0,1er tercio lactancia
8135,2026-02-13 00:00:00,2040,8.4,,2.0,2026-01-29 00:00:00,15.0,1er tercio lactancia
8136,2026-02-13 00:00:00,0298A,5.5,,2.0,2025-07-06 00:00:00,222.0,3er tercio lactancia
8137,2026-02-13 00:00:00,0353,7.6,,2.0,2025-11-14 00:00:00,91.0,2do tercio lactancia
8138,2026-02-13 00:00:00,4072,3.3,,3.0,2025-10-29 00:00:00,107.0,2do tercio lactancia
8139,2026-02-13 00:00:00,1310,4.3,,4.0,2026-01-06 00:00:00,38.0,1er tercio lactancia
8140,2026-02-13 00:00:00,9024,6.0,,2.0,2026-01-27 00:00:00,17.0,1er tercio lactancia
8141,2026-02-13 00:00:00,1015A,3.9,,1.0,2025-05-05 00:00:00,284.0,3er tercio lactancia
8142,2026-02-13 00:00:00,6021,2.0,,4.0,2025-08-27 00:00:00,170.0,2do tercio lactancia
8143,2026-02-13 00:00:00,0202,1.3,,2.0,2025-04-30 00:00:00,289.0,3er tercio lactancia
8144,2026-02-13 00:00:00,3003A,3.7,,4.0,2025-06-05 00:00:00,253.0,3er tercio lactancia
8145,2026-02-13 00:00:00,2080,3.7,,4.0,2025-10-30 00:00:00,106.0,2do tercio lactancia
8146,2026-02-13 00:00:00,4018,3.3,,4.0,2025-09-16 00:00:00,150.0,2do tercio lactancia
8147,2026-02-13 00:00:00,9076,2.8,,2.0,2025-08-27 00:00:00,170.0,2do tercio lactancia
8148,2026-02-13 00:00:00,2093,4.3,,1.0,2025-12-05 00:00:00,70.0,1er tercio lactancia
8149,2026-02-13 00:00:00,7074,4.2,,3.0,2025-08-24 00:00:00,173.0,2do tercio lactancia
8150,2026-02-13 00:00:00,0240,3.3,,1.0,2025-04-28 00:00:00,291.0,3er tercio lactancia
8151,2026-02-13 00:00:00,0206A,4.5,,2.0,2025-10-21 00:00:00,115.0,2do tercio lactancia
8152,2026-02-13 00:00:00,10431,3.9,,1.0,2025-05-06 00:00:00,283.0,3er tercio lactancia
8153,2026-02-13 00:00:00,0327,2.1,,2.0,2025-09-29 00:00:00,137.0,2do tercio lactancia
8154,2026-02-13 00:00:00,8062,3.9,,2.0,2025-07-14 00:00:00,214.0,3er tercio lactancia
8155,2026-02-13 00:00:00,2148A,3.0,,4.0,2025-08-24 00:00:00,173.0,2do tercio lactancia
8156,2026-02-13 00:00:00,1100A,5.93,,1.0,2025-12-14 00:00:00,61.0,1er tercio lactancia
8157,2026-02-13 00:00:00,0332,6.1,,3.0,2025-12-23 00:00:00,52.0,1er tercio lactancia
8158,2026-02-13 00:00:00,91172,3.5,,3.0,2025-11-11 00:00:00,94.0,2do tercio lactancia
8159,2026-02-13 00:00:00,2143,4.4,,4.0,2025-11-24 00:00:00,81.0,1er tercio lactancia
8160,2026-02-13 00:00:00,8094,3.7,,3.0,2025-05-25 00:00:00,264.0,3er tercio lactancia
8161,2026-02-13 00:00:00,2201,1.5,,1.0,2025-07-02 00:00:00,226.0,3er tercio lactancia
8162,2026-02-13 00:00:00,9037,4.0,,2.0,2025-07-27 00:00:00,201.0,3er tercio lactancia
8163,2026-02-13 00:00:00,7059,7.7,,3.0,2025-11-20 00:00:00,85.0,1er tercio lactancia
8164,2026-02-13 00:00:00,8077,5.5,,3.0,2025-11-14 00:00:00,91.0,2do tercio lactancia
8165,2026-02-13 00:00:00,7028,5.5,,4.0,2025-09-02 00:00:00,164.0,2do tercio lactancia
8166,2026-02-13 00:00:00,2039,10.7,,2.0,2025-11-19 00:00:00,86.0,1er tercio lactancia
8167,2026-02-13 00:00:00,9073,3.8,,2.0,2025-09-27 00:00:00,139.0,2do tercio lactancia
8168,2026-02-13 00:00:00,1045,4.5,,1.0,2025-11-11 00:00:00,94.0,2do tercio lactancia
8169,2026-02-13 00:00:00,9091,2.5,,2.0,2025-06-03 00:00:00,255.0,3er tercio lactancia
8170,2026-02-13 00:00:00,80882,6.9,,3.0,2025-09-07 00:00:00,159.0,2do tercio lactancia
8171,2026-02-13 00:00:00,809,6.5,,3.0,2026-01-29 00:00:00,15.0,1er tercio lactancia
8172,2026-02-13 00:00:00,0252,2.2,,1.0,2025-08-13 00:00:00,184.0,3er tercio lactancia
8173,2026-02-13 00:00:00,0269,7.4,,2.0,2025-11-06 00:00:00,99.0,2do tercio lactancia
8174,2026-02-13 00:00:00,0329,2.7,,2.0,2025-06-16 00:00:00,242.0,3er tercio lactancia
8175,2026-02-13 00:00:00,8087,7.2,,3.0,2026-01-17 00:00:00,27.0,1er tercio lactancia
8176,2026-02-13 00:00:00,2034,7.9,,1.0,2025-12-08 00:00:00,67.0,1er tercio lactancia
8177,2026-02-13 00:00:00,30212,2.0,,2.0,2025-08-25 00:00:00,172.0,2do tercio lactancia
8178,2026-02-13 00:00:00,0306,4.2,,2.0,2025-09-07 00:00:00,159.0,2do tercio lactancia
8179,2026-02-13 00:00:00,0107,4.0,,2.0,2025-11-21 00:00:00,84.0,1er tercio lactancia
8180,2026-02-13 00:00:00,0241,4.3,,2.0,2025-05-24 00:00:00,265.0,3er tercio lactancia
8181,2026-02-13 00:00:00,0338,3.0,,2.0,2025-05-14 00:00:00,275.0,3er tercio lactancia
8182,2026-02-13 00:00:00,0208A,3.3,,1.0,2025-05-17 00:00:00,272.0,3er tercio lactancia
8183,2026-02-13 00:00:00,2014,2.5,,1.0,2025-07-08 00:00:00,220.0,3er tercio lactancia
8184,2026-02-13 00:00:00,34,7.1,,2.0,2025-10-16 00:00:00,120.0,2do tercio lactancia
8185,2026-02-13 00:00:00,0297,1.1,,1.0,2025-07-22 00:00:00,206.0,3er tercio lactancia
8186,2026-02-13 00:00:00,2062,1.6,,3.0,2025-03-16 00:00:00,334.0,3er tercio lactancia
8187,2026-02-13 00:00:00,8045,5.0,,3.0,2025-09-07 00:00:00,159.0,2do tercio lactancia
8188,2026-02-13 00:00:00,9125,5.5,,2.0,2025-09-17 00:00:00,149.0,2do tercio lactancia
8189,2026-02-13 00:00:00,5077,3.2,,3.0,2025-09-16 00:00:00,150.0,2do tercio lactancia
8190,2026-02-13 00:00:00,EMB 2,3.1,,3.0,2025-06-02 00:00:00,256.0,3er tercio lactancia
8191,2026-02-13 00:00:00,8005,2.0,,3.0,2025-11-06 00:00:00,99.0,2do tercio lactancia
8192,2026-02-13 00:00:00,22135,3.0,,1.0,2025-11-22 00:00:00,83.0,1er tercio lactancia
8193,2026-02-13 00:00:00,1015,4.3,,4.0,2025-09-14 00:00:00,152.0,2do tercio lactancia
8194,2026-02-13 00:00:00,0272,5.3,,2.0,2025-07-08 00:00:00,220.0,3er tercio lactancia
8195,2026-02-13 00:00:00,3066B,5.4,,4.0,2025-11-21 00:00:00,84.0,1er tercio lactancia
8196,2026-02-13 00:00:00,5144,3.5,,4.0,2025-11-19 00:00:00,86.0,1er tercio lactancia
8197,2026-02-13 00:00:00,4151,6.0,,4.0,2025-09-13 00:00:00,153.0,2do tercio lactancia
8198,2026-02-13 00:00:00,19,1.7,,2.0,2025-09-14 00:00:00,152.0,2do tercio lactancia
8199,2026-02-13 00:00:00,2146,6.6,,1.0,2025-04-26 00:00:00,293.0,3er tercio lactancia
8200,2026-02-13 00:00:00,80121,5.3,,3.0,2025-12-15 00:00:00,60.0,1er tercio lactancia
8201,2026-02-13 00:00:00,0249,6.7,,2.0,2025-10-15 00:00:00,121.0,2do tercio lactancia
8202,2026-02-13 00:00:00,3021A,3.3,,4.0,2025-07-04 00:00:00,224.0,3er tercio lactancia
8203,2026-02-13 00:00:00,2103,4.1,,1.0,2025-10-24 00:00:00,112.0,2do tercio lactancia
8204,2026-02-13 00:00:00,1063,4.5,,1.0,2025-06-30 00:00:00,228.0,3er tercio lactancia
8205,2026-02-13 00:00:00,2048,3.1,,1.0,2025-10-06 00:00:00,130.0,2do tercio lactancia
8206,2026-02-13 00:00:00,9040,5.6,,3.0,2026-01-26 00:00:00,18.0,1er tercio lactancia
8207,2026-02-13 00:00:00,0336,6.7,,2.0,2025-11-09 00:00:00,96.0,2do tercio lactancia
8208,2026-02-13 00:00:00,0322,2.5,,3.0,2026-02-04 00:00:00,9.0,1er tercio lactancia
8209,2026-02-13 00:00:00,7083,2.9,,3.0,2025-03-26 00:00:00,324.0,3er tercio lactancia
8210,2026-02-13 00:00:00,5030,4.2,,2.0,2025-08-10 00:00:00,187.0,3er tercio lactancia
8211,2026-02-13 00:00:00,2108,2.8,,1.0,2025-08-21 00:00:00,176.0,2do tercio lactancia
8212,2026-02-13 00:00:00,1095A,3.3,,3.0,2025-09-10 00:00:00,156.0,2do tercio lactancia
8213,2026-02-13 00:00:00,20334,3.8,,4.0,2025-11-28 00:00:00,77.0,1er tercio lactancia
8214,2026-02-13 00:00:00,6035,3.3,,3.0,2025-03-07 00:00:00,343.0,3er tercio lactancia
8215,2026-02-13 00:00:00,2095,2.9,,1.0,2025-07-27 00:00:00,201.0,3er tercio lactancia
8216,2026-02-13 00:00:00,9113,2.1,,2.0,2025-05-30 00:00:00,259.0,3er tercio lactancia
8217,2026-02-13 00:00:00,0101,7.5,,2.0,2025-12-08 00:00:00,67.0,1er tercio lactancia
8218,2026-02-13 00:00:00,J425,2.5,,1.0,2025-06-04 00:00:00,254.0,3er tercio lactancia
8219,2026-02-13 00:00:00,0229,9.9,,3.0,2026-01-18 00:00:00,26.0,1er tercio lactancia
8220,2026-02-13 00:00:00,J841,7.8,,2.0,2026-01-29 00:00:00,15.0,1er tercio lactancia
8221,2026-02-13 00:00:00,5033,4.7,,4.0,2026-02-06 00:00:00,7.0,1er tercio lactancia
8222,2026-02-13 00:00:00,22144,3.7,,1.0,2025-11-28 00:00:00,77.0,1er tercio lactancia
8223,2026-02-13 00:00:00,2203,4.1,,1.0,2025-05-17 00:00:00,272.0,3er tercio lactancia
8224,2026-02-13 00:00:00,21391,5.8,,1.0,2025-12-29 00:00:00,46.0,1er tercio lactancia
8225,2026-02-13 00:00:00,0342,3.8,,2.0,2025-11-06 00:00:00,99.0,2do tercio lactancia
8226,2026-02-13 00:00:00,0323,6.4,,2.0,2025-09-02 00:00:00,164.0,2do tercio lactancia
8227,2026-02-13 00:00:00,91262,7.0,,3.0,2026-02-04 00:00:00,9.0,1er tercio lactancia
8228,2026-02-13 00:00:00,8093,2.1,,3.0,2026-01-18 00:00:00,26.0,1er tercio lactancia
8229,2026-02-13 00:00:00,0298,4.0,,2.0,2026-01-20 00:00:00,24.0,1er tercio lactancia
8230,2026-02-13 00:00:00,1078A,5.1,,4.0,2025-12-15 00:00:00,60.0,1er tercio lactancia
8231,2026-02-13 00:00:00,0231A,4.1,,2.0,2025-09-16 00:00:00,150.0,2do tercio lactancia
8232,2026-02-13 00:00:00,2133A,3.4,,3.0,2025-05-30 00:00:00,259.0,3er tercio lactancia
8233,2026-02-13 00:00:00,5146,3.3,,3.0,2025-06-03 00:00:00,255.0,3er tercio lactancia
8234,2026-02-13 00:00:00,9020,2.5,,3.0,2025-10-29 00:00:00,107.0,2do tercio lactancia
8235,2026-02-13 00:00:00,1088A,5.2,,2.0,2025-10-19 00:00:00,117.0,2do tercio lactancia
8236,2026-02-13 00:00:00,9006,3.4,,2.0,2025-07-22 00:00:00,206.0,3er tercio lactancia
8237,2026-02-13 00:00:00,2196A,4.6,,4.0,2025-09-10 00:00:00,156.0,2do tercio lactancia
8238,2026-02-13 00:00:00,20001,6.8,,1.0,2025-09-28 00:00:00,138.0,2do tercio lactancia
8239,2026-02-13 00:00:00,9071,1.2,,3.0,2025-06-08 00:00:00,250.0,3er tercio lactancia
8240,2026-02-13 00:00:00,8096,6.5,,4.0,2026-01-06 00:00:00,38.0,1er tercio lactancia
8241,2026-02-13 00:00:00,1079,7.2,,2.0,2026-01-25 00:00:00,19.0,1er tercio lactancia
8242,2026-02-13 00:00:00,22098,7.7,,1.0,2026-01-02 00:00:00,42.0,1er tercio lactancia
8243,2026-02-13 00:00:00,8046,5.0,,3.0,2025-09-02 00:00:00,164.0,2do tercio lactancia
8244,2026-02-13 00:00:00,7007,4.3,,2.0,2025-03-11 00:00:00,339.0,3er tercio lactancia
8245,2026-02-13 00:00:00,1104A,2.8,,1.0,2025-05-11 00:00:00,278.0,3er tercio lactancia
8246,2026-02-13 00:00:00,7012,3.5,,3.0,2025-08-27 00:00:00,170.0,2do tercio lactancia
8247,2026-02-13 00:00:00,2030,4.6,,1.0,2025-09-10 00:00:00,156.0,2do tercio lactancia
8248,2026-02-13 00:00:00,8019,5.5,,3.0,2025-09-21 00:00:00,145.0,2do tercio lactancia
8249,2026-02-13 00:00:00,6043,3.5,,3.0,2025-04-28 00:00:00,291.0,3er tercio lactancia
8250,2026-02-13 00:00:00,8048,6.9,,3.0,2026-01-17 00:00:00,27.0,1er tercio lactancia
8251,2026-02-13 00:00:00,0259,9.9,,2.0,2026-01-06 00:00:00,38.0,1er tercio lactancia
8252,2026-02-13 00:00:00,3026A,4.3,,4.0,2025-10-29 00:00:00,107.0,2do tercio lactancia
8253,2026-02-13 00:00:00,2111,5.2,,1.0,2025-08-16 00:00:00,181.0,3er tercio lactancia
8254,2026-02-13 00:00:00,2018,2.2,,1.0,2025-06-18 00:00:00,240.0,3er tercio lactancia
8255,2026-02-13 00:00:00,0278,3.7,,2.0,2025-10-16 00:00:00,120.0,2do tercio lactancia
8256,2026-02-13 00:00:00,8043,2.0,,3.0,2026-02-06 00:00:00,7.0,1er tercio lactancia
8257,2026-02-13 00:00:00,2083,3.5,,4.0,2026-02-04 00:00:00,9.0,1er tercio lactancia
8258,2026-02-13 00:00:00,0500,7.5,,4.0,2026-01-17 00:00:00,27.0,1er tercio lactancia
8259,2026-02-13 00:00:00,7077,2.5,,3.0,2025-06-20 00:00:00,238.0,3er tercio lactancia
8260,2026-02-13 00:00:00,22161,3.3,,1.0,2025-12-29 00:00:00,46.0,1er tercio lactancia
8261,2026-02-13 00:00:00,2140,3.7,,1.0,2025-12-15 00:00:00,60.0,1er tercio lactancia
8262,2026-02-13 00:00:00,2035A,2.5,,1.0,2025-04-13 00:00:00,306.0,3er tercio lactancia
8263,2026-02-13 00:00:00,9053,5.7,,2.0,2025-10-14 00:00:00,122.0,2do tercio lactancia
8264,2026-02-13 00:00:00,2094A,8.7,,5.0,2026-01-02 00:00:00,42.0,1er tercio lactancia
8265,2026-02-13 00:00:00,0333,3.7,,2.0,2025-10-15 00:00:00,121.0,2do tercio lactancia
8266,2026-02-13 00:00:00,8017,4.1,,3.0,2025-09-16 00:00:00,150.0,2do tercio lactancia
8267,2026-02-13 00:00:00,2023,7.2,,1.0,2025-10-14 00:00:00,122.0,2do tercio lactancia
8268,2026-02-13 00:00:00,0111,8.6,,2.0,2025-11-06 00:00:00,99.0,2do tercio lactancia
8269,2026-02-13 00:00:00,2052,5.6,,1.0,2025-10-29 00:00:00,107.0,2do tercio lactancia
8270,2026-02-13 00:00:00,8076,5.4,,2.0,2025-08-27 00:00:00,170.0,2do tercio lactancia
8271,2026-02-13 00:00:00,1005,2.0,,2.0,2025-05-04 00:00:00,285.0,3er tercio lactancia
8272,2026-02-13 00:00:00,1052A,4.1,,1.0,2026-01-15 00:00:00,29.0,1er tercio lactancia
8273,2026-02-13 00:00:00,1073,4.7,,1.0,2026-01-29 00:00:00,15.0,1er tercio lactancia
8274,2026-02-13 00:00:00,1102,3.2,,1.0,2025-07-10 00:00:00,218.0,3er tercio lactancia
8275,2026-02-13 00:00:00,1109B,3.2,,1.0,2025-05-14 00:00:00,275.0,3er tercio lactancia
8276,2026-02-13 00:00:00,2042,3.2,,1.0,2025-04-19 00:00:00,300.0,3er tercio lactancia
8277,2026-02-13 00:00:00,2162,5.9,,1.0,2026-02-06 00:00:00,7.0,1er tercio lactancia
8278,2026-02-13 00:00:00,22119,1.5,,1.0,2026-02-10 00:00:00,3.0,1er tercio lactancia
8279,2026-02-13 00:00:00,0314,7.7,,3.0,2026-01-28 00:00:00,16.0,1er tercio lactancia
8280,2026-02-13 00:00:00,2011,3.0,,1.0,2026-02-10 00:00:00,3.0,1er tercio lactancia
8281,2026-02-13 00:00:00,2109,5.3,,1.0,2026-02-02 00:00:00,11.0,1er tercio lactancia
8282,2026-02-13 00:00:00,22049,4.0,,1.0,2026-01-19 00:00:00,25.0,1er tercio lactancia
8283,2026-02-13 00:00:00,22172,5.5,,1.0,2025-09-10 00:00:00,156.0,2do tercio lactancia
8284,2026-02-13 00:00:00,22186,4.2,,1.0,2026-01-20 00:00:00,24.0,1er tercio lactancia
8285,2026-02-13 00:00:00,8041,5.0,,2.0,2025-10-07 00:00:00,129.0,2do tercio lactancia
8286,2026-02-13 00:00:00,9103,8.9,,2.0,2026-01-28 00:00:00,16.0,1er tercio lactancia
8287,2026-02-13 00:00:00,9110A,7.1,,2.0,2025-12-22 00:00:00,53.0,1er tercio lactancia
8288,2026-02-13 00:00:00,pend41,1.1,,2.0,2026-01-06 00:00:00,38.0,1er tercio lactancia
8289,2026-03-03 00:00:00,BU334,2.3,,1.0,2023-09-09 00:00:00,906.0,3er tercio lactancia
8290,2026-03-03 00:00:00,BU339,2.7,,1.0,2023-08-05 00:00:00,941.0,3er tercio lactancia
8291,2026-03-03 00:00:00,BU343,4.0,,1.0,2023-10-16 00:00:00,869.0,3er tercio lactancia
8292,2026-03-03 00:00:00,BU076,3.4,,1.0,2025-08-20 00:00:00,195.0,3er tercio lactancia
8293,2026-03-03 00:00:00,BU057,6.3,,1.0,2023-08-24 00:00:00,922.0,3er tercio lactancia
8294,2026-03-03 00:00:00,BU053,4.0,,1.0,2024-08-01 00:00:00,579.0,3er tercio lactancia
8295,2026-03-03 00:00:00,BU316,3.0,,1.0,2024-07-08 00:00:00,603.0,3er tercio lactancia
8296,2026-03-03 00:00:00,BU333,2.8,,1.0,2023-08-15 00:00:00,931.0,3er tercio lactancia
8297,2026-03-03 00:00:00,BU348,4.2,,1.0,2025-09-25 00:00:00,159.0,2do tercio lactancia
8298,2026-03-03 00:00:00,BU019,2.1,,1.0,2023-02-01 00:00:00,1126.0,3er tercio lactancia
8299,2026-03-03 00:00:00,BU338,5.9,,1.0,2023-09-19 00:00:00,896.0,3er tercio lactancia
8300,2026-03-03 00:00:00,BU340,3.9,,1.0,2023-08-26 00:00:00,920.0,3er tercio lactancia
8301,2026-03-03 00:00:00,BU345,4.3,,1.0,2023-10-20 00:00:00,865.0,3er tercio lactancia
8302,2026-03-03 00:00:00,BU036,3.2,,1.0,2023-08-21 00:00:00,925.0,3er tercio lactancia
8303,2026-03-03 00:00:00,BU346,2.8,,1.0,2023-10-30 00:00:00,855.0,3er tercio lactancia
8304,2026-03-03 00:00:00,BU318,2.6,,1.0,2025-09-14 00:00:00,170.0,2do tercio lactancia
8305,2026-03-03 00:00:00,BU329,2.2,,1.0,2023-11-08 00:00:00,846.0,3er tercio lactancia
8306,2026-03-03 00:00:00,BU349,3.6,,1.0,2023-11-25 00:00:00,829.0,3er tercio lactancia
8307,2026-03-03 00:00:00,BU048,1.5,,1.0,2025-07-09 00:00:00,237.0,3er tercio lactancia
8308,2026-03-03 00:00:00,BU082,2.7,,1.0,2025-07-18 00:00:00,228.0,3er tercio lactancia
8309,2026-03-03 00:00:00,BU344,3.8,,1.0,2023-09-20 00:00:00,895.0,3er tercio lactancia
8310,2026-03-03 00:00:00,BU320,2.0,,1.0,2024-08-08 00:00:00,572.0,3er tercio lactancia
8311,2026-03-03 00:00:00,BU035,3.3,,1.0,2023-08-18 00:00:00,928.0,3er tercio lactancia
8312,2026-03-03 00:00:00,BU347,2.6,,1.0,2023-08-15 00:00:00,931.0,3er tercio lactancia
8313,2026-03-03 00:00:00,BU335,1.5,,1.0,2023-11-15 00:00:00,839.0,3er tercio lactancia
8314,2026-03-03 00:00:00,BU106,5.2,,1.0,2023-09-05 00:00:00,910.0,3er tercio lactancia
8315,2026-03-05 00:00:00,8061,1.4,,1.0,2023-12-15 00:00:00,811.0,3er tercio lactancia
8316,2026-03-05 00:00:00,2040,7.0,,1.0,2024-09-07 00:00:00,544.0,3er tercio lactancia
8317,2026-03-05 00:00:00,0298A,3.9,,1.0,2024-01-14 00:00:00,781.0,3er tercio lactancia
8318,2026-03-05 00:00:00,0353,5.1,,1.0,2024-08-28 00:00:00,554.0,3er tercio lactancia
8319,2026-03-05 00:00:00,4072,2.6,,1.0,2023-09-30 00:00:00,887.0,3er tercio lactancia
8320,2026-03-05 00:00:00,1310,3.0,,1.0,2022-12-09 00:00:00,1182.0,3er tercio lactancia
8321,2026-03-05 00:00:00,9024,5.1,,1.0,2024-07-31 00:00:00,582.0,3er tercio lactancia
8322,2026-03-05 00:00:00,1015A,2.4,,1.0,2025-05-05 00:00:00,304.0,3er tercio lactancia
8323,2026-03-05 00:00:00,9103,7.9,,1.0,2024-04-07 00:00:00,697.0,3er tercio lactancia
8324,2026-03-05 00:00:00,6021,1.6,,3.0,2024-07-19 00:00:00,594.0,3er tercio lactancia
8325,2026-03-05 00:00:00,4035,4.8,,3.0,2024-02-14 00:00:00,750.0,3er tercio lactancia
8326,2026-03-05 00:00:00,3003A,2.9,,3.0,2024-06-03 00:00:00,640.0,3er tercio lactancia
8327,2026-03-05 00:00:00,2220,7.3,,3.0,2024-01-14 00:00:00,781.0,3er tercio lactancia
8328,2026-03-05 00:00:00,2080,1.7,,3.0,2024-05-13 00:00:00,661.0,3er tercio lactancia
8329,2026-03-05 00:00:00,4018,2.5,,3.0,2024-08-02 00:00:00,580.0,3er tercio lactancia
8330,2026-03-05 00:00:00,9076,2.7,,1.0,2024-02-18 00:00:00,746.0,3er tercio lactancia
8331,2026-03-05 00:00:00,2093,2.7,,1.0,2025-12-05 00:00:00,90.0,1er tercio lactancia
8332,2026-03-05 00:00:00,7074,3.0,,2.0,2024-06-14 00:00:00,629.0,3er tercio lactancia
8333,2026-03-05 00:00:00,0240,1.9,,1.0,2025-04-28 00:00:00,311.0,3er tercio lactancia
8334,2026-03-05 00:00:00,0206A,2.6,,1.0,2024-03-02 00:00:00,733.0,3er tercio lactancia
8335,2026-03-05 00:00:00,10431,2.2,,1.0,2025-05-06 00:00:00,303.0,3er tercio lactancia
8336,2026-03-05 00:00:00,J426,3.7,,1.0,2025-01-30 00:00:00,399.0,3er tercio lactancia
8337,2026-03-05 00:00:00,0327,1.6,,1.0,2024-03-23 00:00:00,712.0,3er tercio lactancia
8338,2026-03-05 00:00:00,8062,3.0,,1.0,2023-12-24 00:00:00,802.0,3er tercio lactancia
8339,2026-03-05 00:00:00,2148A,1.9,,3.0,2024-08-01 00:00:00,581.0,3er tercio lactancia
8340,2026-03-05 00:00:00,1100A,5.2,,1.0,2025-12-14 00:00:00,81.0,1er tercio lactancia
8341,2026-03-05 00:00:00,5150,4.4,,2.0,2024-01-22 00:00:00,773.0,3er tercio lactancia
8342,2026-03-05 00:00:00,0332,5.3,,1.0,2024-01-15 00:00:00,780.0,3er tercio lactancia
8343,2026-03-05 00:00:00,91172,2.3,,1.0,2024-01-23 00:00:00,772.0,3er tercio lactancia
8344,2026-03-05 00:00:00,8094,1.8,,2.0,2024-03-09 00:00:00,726.0,3er tercio lactancia
8345,2026-03-05 00:00:00,9037,2.8,,1.0,2024-03-18 00:00:00,717.0,3er tercio lactancia
8346,2026-03-05 00:00:00,7059,5.8,,2.0,2024-05-21 00:00:00,653.0,3er tercio lactancia
8347,2026-03-05 00:00:00,8077,3.2,,2.0,2024-05-31 00:00:00,643.0,3er tercio lactancia
8348,2026-03-05 00:00:00,7028,2.7,,3.0,2024-05-19 00:00:00,655.0,3er tercio lactancia
8349,2026-03-05 00:00:00,2039,7.7,,1.0,2024-11-26 00:00:00,464.0,3er tercio lactancia
8350,2026-03-05 00:00:00,9073,2.9,,1.0,2024-02-28 00:00:00,736.0,3er tercio lactancia
8351,2026-03-05 00:00:00,1045,4.4,,1.0,2025-11-11 00:00:00,114.0,2do tercio lactancia
8352,2026-03-05 00:00:00,80882,3.6,,2.0,2024-05-12 00:00:00,662.0,3er tercio lactancia
8353,2026-03-05 00:00:00,809,5.8,,2.0,2024-05-29 00:00:00,645.0,3er tercio lactancia
8354,2026-03-05 00:00:00,0252,1.1,,1.0,2025-08-13 00:00:00,204.0,3er tercio lactancia
8355,2026-03-05 00:00:00,0269,5.6,,1.0,2024-03-30 00:00:00,705.0,3er tercio lactancia
8356,2026-03-05 00:00:00,8087,7.4,,2.0,2024-07-26 00:00:00,587.0,3er tercio lactancia
8357,2026-03-05 00:00:00,2034,6.0,,1.0,2025-12-08 00:00:00,87.0,1er tercio lactancia
8358,2026-03-05 00:00:00,0306,2.8,,1.0,2024-08-15 00:00:00,567.0,3er tercio lactancia
8359,2026-03-05 00:00:00,0107,1.5,,1.0,2024-03-02 00:00:00,733.0,3er tercio lactancia
8360,2026-03-05 00:00:00,0241,3.6,,1.0,2024-04-14 00:00:00,690.0,3er tercio lactancia
8361,2026-03-05 00:00:00,0338,1.5,,1.0,2023-12-13 00:00:00,813.0,3er tercio lactancia
8362,2026-03-05 00:00:00,0208A,2.2,,1.0,2025-05-17 00:00:00,292.0,3er tercio lactancia
8363,2026-03-05 00:00:00,2014,1.3,,1.0,2025-07-08 00:00:00,240.0,3er tercio lactancia
8364,2026-03-05 00:00:00,34,5.8,,1.0,2024-02-14 00:00:00,750.0,3er tercio lactancia
8365,2026-03-05 00:00:00,0297,2.8,,1.0,2025-07-22 00:00:00,226.0,3er tercio lactancia
8366,2026-03-05 00:00:00,8045,3.2,,2.0,2024-07-27 00:00:00,586.0,3er tercio lactancia
8367,2026-03-05 00:00:00,22119,4.7,,1.0,2026-02-10 00:00:00,23.0,1er tercio lactancia
8368,2026-03-05 00:00:00,2096,6.0,,2.0,2023-12-09 00:00:00,817.0,3er tercio lactancia
8369,2026-03-05 00:00:00,9125,3.4,,1.0,2023-12-28 00:00:00,798.0,3er tercio lactancia
8370,2026-03-05 00:00:00,5077,1.8,,2.0,2024-07-15 00:00:00,598.0,3er tercio lactancia
8371,2026-03-05 00:00:00,EMB 2,2.2,,2.0,2024-01-14 00:00:00,781.0,3er tercio lactancia
8372,2026-03-05 00:00:00,8005,1.2,,1.0,2023-06-27 00:00:00,982.0,3er tercio lactancia
8373,2026-03-05 00:00:00,22135,2.9,,1.0,2025-11-22 00:00:00,103.0,2do tercio lactancia
8374,2026-03-05 00:00:00,1015,3.2,,3.0,2024-07-31 00:00:00,582.0,3er tercio lactancia
8375,2026-03-05 00:00:00,0272,3.3,,1.0,2023-12-11 00:00:00,815.0,3er tercio lactancia
8376,2026-03-05 00:00:00,3066B,4.9,,2.0,2023-09-19 00:00:00,898.0,3er tercio lactancia
8377,2026-03-05 00:00:00,5144,2.5,,2.0,2023-07-14 00:00:00,965.0,3er tercio lactancia
8378,2026-03-05 00:00:00,4151,3.1,,3.0,2024-06-23 00:00:00,620.0,3er tercio lactancia
8379,2026-03-05 00:00:00,19,0.8,,1.0,2024-03-03 00:00:00,732.0,3er tercio lactancia
8380,2026-03-05 00:00:00,2146,3.6,,1.0,2025-04-26 00:00:00,313.0,3er tercio lactancia
8381,2026-03-05 00:00:00,80121,4.2,,2.0,2024-05-09 00:00:00,665.0,3er tercio lactancia
8382,2026-03-05 00:00:00,2124A,5.9,,3.0,2024-06-30 00:00:00,613.0,3er tercio lactancia
8383,2026-03-05 00:00:00,0249,4.6,,1.0,2024-02-20 00:00:00,744.0,3er tercio lactancia
8384,2026-03-05 00:00:00,3021A,1.6,,3.0,2023-10-24 00:00:00,863.0,3er tercio lactancia
8385,2026-03-05 00:00:00,2103,2.5,,1.0,2025-10-24 00:00:00,132.0,2do tercio lactancia
8386,2026-03-05 00:00:00,1063,3.5,,1.0,2025-06-30 00:00:00,248.0,3er tercio lactancia
8387,2026-03-05 00:00:00,2048,2.6,,1.0,2025-10-06 00:00:00,150.0,2do tercio lactancia
8388,2026-03-05 00:00:00,9040,8.4,,1.0,2023-06-08 00:00:00,1001.0,3er tercio lactancia
8389,2026-03-05 00:00:00,0336,5.7,,1.0,2024-04-07 00:00:00,697.0,3er tercio lactancia
8390,2026-03-05 00:00:00,0322,4.8,,1.0,2024-02-24 00:00:00,740.0,3er tercio lactancia
8391,2026-03-05 00:00:00,5007,5.4,,1.0,2024-01-22 00:00:00,773.0,3er tercio lactancia
8392,2026-03-05 00:00:00,6067,8.1,,2.0,2022-12-23 00:00:00,1168.0,3er tercio lactancia
8393,2026-03-05 00:00:00,5030,2.8,,1.0,2024-01-18 00:00:00,777.0,3er tercio lactancia
8394,2026-03-05 00:00:00,2108,1.7,,1.0,2025-08-21 00:00:00,196.0,3er tercio lactancia
8395,2026-03-05 00:00:00,1095A,1.3,,2.0,2024-02-25 00:00:00,739.0,3er tercio lactancia
8396,2026-03-05 00:00:00,22186,3.9,,1.0,2026-01-20 00:00:00,44.0,1er tercio lactancia
8397,2026-03-05 00:00:00,20334,2.8,,2.0,2024-02-10 00:00:00,754.0,3er tercio lactancia
8398,2026-03-05 00:00:00,2095,2.0,,1.0,2025-07-27 00:00:00,221.0,3er tercio lactancia
8399,2026-03-05 00:00:00,0101,4.4,,1.0,2024-11-24 00:00:00,466.0,3er tercio lactancia
8400,2026-03-05 00:00:00,0229,8.3,,1.0,2023-12-27 00:00:00,799.0,3er tercio lactancia
8401,2026-03-05 00:00:00,J841,7.2,,1.0,2025-02-12 00:00:00,386.0,3er tercio lactancia
8402,2026-03-05 00:00:00,8036,7.3,,1.0,2022-11-19 00:00:00,1202.0,3er tercio lactancia
8403,2026-03-05 00:00:00,5033,8.0,,2.0,2023-09-30 00:00:00,887.0,3er tercio lactancia
8404,2026-03-05 00:00:00,22144,2.3,,1.0,2025-11-28 00:00:00,97.0,2do tercio lactancia
8405,2026-03-05 00:00:00,2203,2.5,,1.0,2025-05-17 00:00:00,292.0,3er tercio lactancia
8406,2026-03-05 00:00:00,21391,4.6,,1.0,2025-12-29 00:00:00,66.0,1er tercio lactancia
8407,2026-03-05 00:00:00,0323,5.8,,1.0,2024-02-02 00:00:00,762.0,3er tercio lactancia
8408,2026-03-05 00:00:00,91262,8.0,,1.0,2023-12-10 00:00:00,816.0,3er tercio lactancia
8409,2026-03-05 00:00:00,8093,2.1,,1.0,2023-06-17 00:00:00,992.0,3er tercio lactancia
8410,2026-03-05 00:00:00,0298,3.9,,1.0,2024-11-18 00:00:00,472.0,3er tercio lactancia
8411,2026-03-05 00:00:00,2162,5.4,,1.0,2026-02-06 00:00:00,27.0,1er tercio lactancia
8412,2026-03-05 00:00:00,1078A,4.1,,2.0,2023-11-30 00:00:00,826.0,3er tercio lactancia
8413,2026-03-05 00:00:00,0231A,2.3,,1.0,2024-01-30 00:00:00,765.0,3er tercio lactancia
8414,2026-03-05 00:00:00,2011,6.6,,1.0,2026-02-10 00:00:00,23.0,1er tercio lactancia
8415,2026-03-05 00:00:00,2133A,1.4,,2.0,2023-10-25 00:00:00,862.0,3er tercio lactancia
8416,2026-03-05 00:00:00,5146,2.1,,2.0,2024-07-16 00:00:00,597.0,3er tercio lactancia
8417,2026-03-05 00:00:00,9020,2.5,,1.0,2023-09-20 00:00:00,897.0,3er tercio lactancia
8418,2026-03-05 00:00:00,1088A,3.8,,1.0,2024-11-23 00:00:00,467.0,3er tercio lactancia
8419,2026-03-05 00:00:00,9006,1.8,,1.0,2024-03-10 00:00:00,725.0,3er tercio lactancia
8420,2026-03-05 00:00:00,2196A,3.2,,3.0,2024-07-31 00:00:00,582.0,3er tercio lactancia
8421,2026-03-05 00:00:00,20001,5.3,,1.0,2025-09-28 00:00:00,158.0,2do tercio lactancia
8422,2026-03-05 00:00:00,8096,5.5,,1.0,2023-01-20 00:00:00,1140.0,3er tercio lactancia
8423,2026-03-05 00:00:00,1079,5.5,,1.0,2024-11-18 00:00:00,472.0,3er tercio lactancia
8424,2026-03-05 00:00:00,22098,6.2,,1.0,2026-01-02 00:00:00,62.0,1er tercio lactancia
8425,2026-03-05 00:00:00,8046,3.6,,1.0,2023-09-02 00:00:00,915.0,3er tercio lactancia
8426,2026-03-05 00:00:00,9110A,5.2,,1.0,2024-12-29 00:00:00,431.0,3er tercio lactancia
8427,2026-03-05 00:00:00,7012,2.2,,2.0,2024-05-21 00:00:00,653.0,3er tercio lactancia
8428,2026-03-05 00:00:00,2030,2.2,,1.0,2025-09-10 00:00:00,176.0,2do tercio lactancia
8429,2026-03-05 00:00:00,0267,5.4,,1.0,2024-06-27 00:00:00,616.0,3er tercio lactancia
8430,2026-03-05 00:00:00,8019,3.5,,2.0,2024-07-18 00:00:00,595.0,3er tercio lactancia
8431,2026-03-05 00:00:00,6043,1.4,,2.0,2023-12-18 00:00:00,808.0,3er tercio lactancia
8432,2026-03-05 00:00:00,8048,4.0,,1.0,2023-06-08 00:00:00,1001.0,3er tercio lactancia
8433,2026-03-05 00:00:00,2109,5.5,,1.0,2026-02-02 00:00:00,31.0,1er tercio lactancia
8434,2026-03-05 00:00:00,0259,8.9,,1.0,2024-02-24 00:00:00,740.0,3er tercio lactancia
8435,2026-03-05 00:00:00,2226,1.5,,3.0,2023-09-28 00:00:00,889.0,3er tercio lactancia
8436,2026-03-05 00:00:00,3026A,2.9,,3.0,2024-07-04 00:00:00,609.0,3er tercio lactancia
8437,2026-03-05 00:00:00,2111,3.2,,1.0,2025-08-16 00:00:00,201.0,3er tercio lactancia
8438,2026-03-05 00:00:00,2018,3.0,,1.0,2025-06-18 00:00:00,260.0,3er tercio lactancia
8439,2026-03-05 00:00:00,0278,4.1,,1.0,2024-02-22 00:00:00,742.0,3er tercio lactancia
8440,2026-03-05 00:00:00,2083,6.4,,2.0,2023-09-19 00:00:00,898.0,3er tercio lactancia
8441,2026-03-05 00:00:00,0500,5.2,,3.0,2024-05-23 00:00:00,651.0,3er tercio lactancia
8442,2026-03-05 00:00:00,3107,7.2,,3.0,2024-04-21 00:00:00,683.0,3er tercio lactancia
8443,2026-03-05 00:00:00,7077,2.0,,2.0,2024-03-16 00:00:00,719.0,3er tercio lactancia
8444,2026-03-05 00:00:00,22161,5.1,,1.0,2025-12-29 00:00:00,66.0,1er tercio lactancia
8445,2026-03-05 00:00:00,1073,5.3,,1.0,2026-01-29 00:00:00,35.0,1er tercio lactancia
8446,2026-03-05 00:00:00,2140,3.7,,1.0,2025-12-15 00:00:00,80.0,1er tercio lactancia
8447,2026-03-05 00:00:00,9053,2.6,,1.0,2024-03-08 00:00:00,727.0,3er tercio lactancia
8448,2026-03-05 00:00:00,2094A,6.8,,3.0,2023-09-28 00:00:00,889.0,3er tercio lactancia
8449,2026-03-05 00:00:00,0333,1.8,,1.0,2024-02-02 00:00:00,762.0,3er tercio lactancia
8450,2026-03-05 00:00:00,4007,1.7,,3.0,2024-07-31 00:00:00,582.0,3er tercio lactancia
8451,2026-03-05 00:00:00,8017,2.4,,2.0,2024-05-19 00:00:00,655.0,3er tercio lactancia
8452,2026-03-05 00:00:00,2023,5.3,,1.0,2025-10-14 00:00:00,142.0,2do tercio lactancia
8453,2026-03-05 00:00:00,0111,7.0,,1.0,2024-01-28 00:00:00,767.0,3er tercio lactancia
8454,2026-03-05 00:00:00,2052,3.7,,1.0,2025-10-29 00:00:00,127.0,2do tercio lactancia
8455,2026-03-05 00:00:00,8076,3.8,,1.0,2023-12-11 00:00:00,815.0,3er tercio lactancia
8456,2026-03-05 00:00:00,1102,2.1,,1.0,2025-07-10 00:00:00,238.0,3er tercio lactancia
8457,2026-03-05 00:00:00,1103,5.0,,1.0,2026-02-10 00:00:00,23.0,1er tercio lactancia
8458,2026-03-05 00:00:00,2042,1.7,,1.0,2025-04-19 00:00:00,320.0,3er tercio lactancia
8459,2026-03-05 00:00:00,2087,5.8,,1.0,2026-02-14 00:00:00,19.0,1er tercio lactancia
8460,2026-03-05 00:00:00,2141,6.0,,1.0,2026-02-14 00:00:00,19.0,1er tercio lactancia
8461,2026-03-05 00:00:00,22085,5.3,,1.0,2026-02-25 00:00:00,8.0,1er tercio lactancia
8462,2026-03-05 00:00:00,22112,3.3,,1.0,2026-02-25 00:00:00,8.0,1er tercio lactancia
8463,2026-03-05 00:00:00,22117,3.3,,1.0,2026-02-26 00:00:00,7.0,1er tercio lactancia
8464,2026-03-05 00:00:00,22160,2.7,,1.0,2026-02-14 00:00:00,19.0,1er tercio lactancia
8465,2026-03-05 00:00:00,9126A,1.9,,1.0,2024-08-22 00:00:00,560.0,3er tercio lactancia
8466,2026-03-05 00:00:00,0307,4.8,,1.0,2024-09-15 00:00:00,536.0,3er tercio lactancia
8467,2026-03-05 00:00:00,0314,6.6,,1.0,2024-04-04 00:00:00,700.0,3er tercio lactancia
8468,2026-03-05 00:00:00,2026,4.0,,1.0,2026-02-17 00:00:00,16.0,1er tercio lactancia
8469,2026-03-05 00:00:00,2088B,1.6,,1.0,2026-02-28 00:00:00,5.0,1er tercio lactancia
8470,2026-03-05 00:00:00,2110,2.8,,1.0,2026-02-14 00:00:00,19.0,1er tercio lactancia
8471,2026-03-05 00:00:00,22049,1.4,,1.0,2026-01-19 00:00:00,45.0,1er tercio lactancia
8472,2026-03-05 00:00:00,22172,5.2,,1.0,2025-09-10 00:00:00,176.0,2do tercio lactancia
8473,2026-03-05 00:00:00,22177,3.0,,1.0,2026-02-10 00:00:00,23.0,1er tercio lactancia
8474,2026-03-05 00:00:00,8041,3.3,,1.0,2024-04-10 00:00:00,694.0,3er tercio lactancia
8475,2026-03-05 00:00:00,02331,2.2,,1.0,2024-04-02 00:00:00,702.0,3er tercio lactancia
8476,2026-03-05 00:00:00,2140,2.6,,1.0,2025-12-15 00:00:00,80.0,1er tercio lactancia
8477,2026-03-05 00:00:00,2063A,2.4,,4.0,2024-07-26 00:00:00,587.0,3er tercio lactancia
8524,2025-11-13 00:00:00,BU335,3.8,,2.0,2025-07-18 00:00:00,118.0,2do tercio lactancia
8525,2025-11-13 00:00:00,BU340,5.6,,2.0,2025-07-30 00:00:00,106.0,2do tercio lactancia
8526,2025-11-13 00:00:00,BU342,2.6,,2.0,2024-10-12 00:00:00,397.0,3er tercio lactancia
8527,2025-11-13 00:00:00,BU343,4.2,,3.0,2025-09-26 00:00:00,48.0,1er tercio lactancia
8528,2025-11-13 00:00:00,BU344,5.2,,3.0,2025-07-22 00:00:00,114.0,2do tercio lactancia
8529,2025-11-13 00:00:00,BU346,4.4,,2.0,2025-07-28 00:00:00,108.0,2do tercio lactancia
8530,2025-11-13 00:00:00,BU347,5.2,,3.0,2025-07-15 00:00:00,121.0,2do tercio lactancia
8531,2025-11-13 00:00:00,BU348,4.1,,1.0,2025-09-25 00:00:00,49.0,1er tercio lactancia
8532,2025-11-13 00:00:00,BU006,2.2,,1.0,2024-10-16 00:00:00,393.0,3er tercio lactancia
8533,2025-11-13 00:00:00,BU035,4.3,,3.0,2025-08-18 00:00:00,87.0,1er tercio lactancia
8534,2025-11-13 00:00:00,BU036,4.1,,3.0,2025-09-02 00:00:00,72.0,1er tercio lactancia
8535,2025-11-13 00:00:00,BU048,2.3,,1.0,2025-07-09 00:00:00,127.0,2do tercio lactancia
8536,2025-11-13 00:00:00,BU053,4.8,,2.0,2025-07-29 00:00:00,107.0,2do tercio lactancia
8537,2025-11-13 00:00:00,BU057,2.1,,2.0,2024-11-25 00:00:00,,
8538,2025-11-13 00:00:00,BU076,4.3,,1.0,2025-08-20 00:00:00,85.0,1er tercio lactancia
8539,2025-11-13 00:00:00,BU082,3.6,,1.0,2025-07-18 00:00:00,118.0,2do tercio lactancia
8540,2025-11-13 00:00:00,BU106,6.8,,3.0,2025-07-20 00:00:00,116.0,2do tercio lactancia
8541,2025-11-13 00:00:00,BU316,4.7,,2.0,2025-07-03 00:00:00,133.0,2do tercio lactancia
8542,2025-11-13 00:00:00,BU320,4.1,,2.0,2025-08-03 00:00:00,102.0,2do tercio lactancia
8543,2025-11-13 00:00:00,BU324,3.6,,1.0,2025-07-23 00:00:00,113.0,2do tercio lactancia
8544,2025-11-13 00:00:00,BU329,2.6,,2.0,2025-07-03 00:00:00,,
8545,2025-11-13 00:00:00,BU332,5.2,,3.0,2025-07-20 00:00:00,116.0,2do tercio lactancia
8546,2025-11-13 00:00:00,BU333,3.3,,3.0,2025-08-06 00:00:00,99.0,2do tercio lactancia
8547,2026-04-20 00:00:00,8061,2.0,,3.0,2025-11-18 00:00:00,153.0,2do tercio lactancia
8548,2026-04-20 00:00:00,0298A,3.2,,2.0,2025-07-06 00:00:00,288.0,3er tercio lactancia
8549,2026-04-20 00:00:00,0353,3.9,,2.0,2025-11-14 00:00:00,157.0,2do tercio lactancia
8550,2026-04-20 00:00:00,4072,2.2,,3.0,2025-10-29 00:00:00,173.0,2do tercio lactancia
8551,2026-04-20 00:00:00,1310,0.4,,4.0,2026-01-06 00:00:00,104.0,2do tercio lactancia
8552,2026-04-20 00:00:00,9024,3.5,,2.0,2026-01-27 00:00:00,83.0,1er tercio lactancia
8553,2026-04-20 00:00:00,1015A,2.3,,1.0,2025-05-05 00:00:00,350.0,3er tercio lactancia
8554,2026-04-20 00:00:00,9103,5.8,,2.0,2026-01-28 00:00:00,82.0,1er tercio lactancia
8555,2026-04-20 00:00:00,8030,3.9,,4.0,2026-04-07 00:00:00,13.0,1er tercio lactancia
8556,2026-04-20 00:00:00,1066A,5.4,,4.0,2026-04-06 00:00:00,14.0,1er tercio lactancia
8557,2026-04-20 00:00:00,4035,7.0,,5.0,2026-02-28 00:00:00,51.0,1er tercio lactancia
8558,2026-04-20 00:00:00,2220,7.6,,5.0,2026-02-15 00:00:00,64.0,1er tercio lactancia
8559,2026-04-20 00:00:00,4018,1.9,,4.0,2025-09-16 00:00:00,216.0,3er tercio lactancia
8560,2026-04-20 00:00:00,9076,2.6,,2.0,2025-08-27 00:00:00,236.0,3er tercio lactancia
8561,2026-04-20 00:00:00,2093,2.5,,1.0,2025-12-05 00:00:00,136.0,2do tercio lactancia
8562,2026-04-20 00:00:00,7074,2.1,,3.0,2025-08-24 00:00:00,239.0,3er tercio lactancia
8563,2026-04-20 00:00:00,0206A,2.9,,2.0,2025-10-21 00:00:00,181.0,3er tercio lactancia
8564,2026-04-20 00:00:00,J426,1.6,,2.0,2026-02-14 00:00:00,65.0,1er tercio lactancia
8565,2026-04-20 00:00:00,0226,9.4,,3.0,2026-03-15 00:00:00,36.0,1er tercio lactancia
8566,2026-04-20 00:00:00,8062,2.8,,2.0,2025-07-14 00:00:00,280.0,3er tercio lactancia
8567,2026-04-20 00:00:00,1004,7.0,,3.0,2026-04-07 00:00:00,13.0,1er tercio lactancia
8568,2026-04-20 00:00:00,2148A,1.3,,4.0,2025-08-24 00:00:00,239.0,3er tercio lactancia
8569,2026-04-20 00:00:00,1100A,4.6,,1.0,2025-12-14 00:00:00,127.0,2do tercio lactancia
8570,2026-04-20 00:00:00,91171,9.7,,3.0,2026-03-18 00:00:00,33.0,1er tercio lactancia
8571,2026-04-20 00:00:00,5150,5.1,,4.0,2026-02-21 00:00:00,58.0,1er tercio lactancia
8572,2026-04-20 00:00:00,0332,4.9,,3.0,2025-12-23 00:00:00,118.0,2do tercio lactancia
8573,2026-04-20 00:00:00,91172,2.0,,3.0,2025-11-11 00:00:00,160.0,2do tercio lactancia
8574,2026-04-20 00:00:00,91242,5.6,,3.0,2026-04-11 00:00:00,9.0,1er tercio lactancia
8575,2026-04-20 00:00:00,2143,2.9,,4.0,2025-11-24 00:00:00,147.0,2do tercio lactancia
8576,2026-04-20 00:00:00,9037,2.7,,2.0,2025-07-27 00:00:00,267.0,3er tercio lactancia
8577,2026-04-20 00:00:00,7059,4.3,,3.0,2025-11-20 00:00:00,151.0,2do tercio lactancia
8578,2026-04-20 00:00:00,8077,3.0,,3.0,2025-11-14 00:00:00,157.0,2do tercio lactancia
8579,2026-04-20 00:00:00,0307,4.7,,2.0,2026-02-20 00:00:00,59.0,1er tercio lactancia
8580,2026-04-20 00:00:00,7028,2.3,,4.0,2025-09-02 00:00:00,230.0,3er tercio lactancia
8581,2026-04-20 00:00:00,2039,5.5,,2.0,2025-11-19 00:00:00,152.0,2do tercio lactancia
8582,2026-04-20 00:00:00,9073,3.3,,2.0,2025-09-27 00:00:00,205.0,3er tercio lactancia
8583,2026-04-20 00:00:00,80882,3.1,,3.0,2025-09-07 00:00:00,225.0,3er tercio lactancia
8584,2026-04-20 00:00:00,809,6.1,,3.0,2026-01-29 00:00:00,81.0,1er tercio lactancia
8585,2026-04-20 00:00:00,0269,2.6,,2.0,2025-11-06 00:00:00,165.0,2do tercio lactancia
8586,2026-04-20 00:00:00,8087,5.2,,3.0,2026-01-17 00:00:00,93.0,2do tercio lactancia
8587,2026-04-20 00:00:00,2034,4.8,,1.0,2025-12-08 00:00:00,133.0,2do tercio lactancia
8588,2026-04-20 00:00:00,0306,2.5,,2.0,2025-09-07 00:00:00,225.0,3er tercio lactancia
8589,2026-04-20 00:00:00,0107,1.6,,2.0,2025-11-21 00:00:00,150.0,2do tercio lactancia
8590,2026-04-20 00:00:00,0241,3.5,,2.0,2025-05-24 00:00:00,331.0,3er tercio lactancia
8591,2026-04-20 00:00:00,8079,3.2,,4.0,2026-04-11 00:00:00,9.0,1er tercio lactancia
8592,2026-04-20 00:00:00,0208A,2.6,,1.0,2025-05-17 00:00:00,338.0,3er tercio lactancia
8593,2026-04-20 00:00:00,2014,1.5,,1.0,2025-07-08 00:00:00,286.0,3er tercio lactancia
8594,2026-04-20 00:00:00,8089,5.4,,3.0,2026-03-23 00:00:00,28.0,1er tercio lactancia
8595,2026-04-20 00:00:00,34,4.7,,2.0,2025-10-16 00:00:00,186.0,3er tercio lactancia
8596,2026-04-20 00:00:00,0297,1.7,,1.0,2025-07-22 00:00:00,272.0,3er tercio lactancia
8597,2026-04-20 00:00:00,2050,5.6,,5.0,2026-03-23 00:00:00,28.0,1er tercio lactancia
8598,2026-04-20 00:00:00,22085,4.2,,1.0,2026-02-25 00:00:00,54.0,1er tercio lactancia
8599,2026-04-20 00:00:00,8045,2.3,,3.0,2025-09-07 00:00:00,225.0,3er tercio lactancia
8600,2026-04-20 00:00:00,22119,2.6,,1.0,2026-02-10 00:00:00,69.0,1er tercio lactancia
8601,2026-04-20 00:00:00,9125,3.0,,2.0,2025-09-17 00:00:00,215.0,3er tercio lactancia
8602,2026-04-20 00:00:00,5077,2.0,,3.0,2025-09-16 00:00:00,216.0,3er tercio lactancia
8603,2026-04-20 00:00:00,EMB 2,2.0,,3.0,2025-06-02 00:00:00,322.0,3er tercio lactancia
8604,2026-04-20 00:00:00,8005,1.1,,3.0,2025-11-06 00:00:00,165.0,2do tercio lactancia
8605,2026-04-20 00:00:00,22135,3.6,,1.0,2025-11-22 00:00:00,149.0,2do tercio lactancia
8606,2026-04-20 00:00:00,1015,3.1,,4.0,2025-09-14 00:00:00,218.0,3er tercio lactancia
8607,2026-04-20 00:00:00,0272,3.3,,2.0,2025-07-08 00:00:00,286.0,3er tercio lactancia
8608,2026-04-20 00:00:00,3066B,4.6,,4.0,2025-11-21 00:00:00,150.0,2do tercio lactancia
8609,2026-04-20 00:00:00,4151,4.3,,4.0,2025-09-13 00:00:00,219.0,3er tercio lactancia
8610,2026-04-20 00:00:00,2146,3.6,,1.0,2025-04-26 00:00:00,359.0,3er tercio lactancia
8611,2026-04-20 00:00:00,80121,5.3,,3.0,2025-12-15 00:00:00,126.0,2do tercio lactancia
8612,2026-04-20 00:00:00,2124A,7.1,,4.0,2026-02-28 00:00:00,51.0,1er tercio lactancia
8613,2026-04-20 00:00:00,0249,4.0,,2.0,2025-10-15 00:00:00,187.0,3er tercio lactancia
8614,2026-04-20 00:00:00,3021A,2.3,,4.0,2025-07-04 00:00:00,290.0,3er tercio lactancia
8615,2026-04-20 00:00:00,2103,1.7,,1.0,2025-10-24 00:00:00,178.0,2do tercio lactancia
8616,2026-04-20 00:00:00,1063,2.8,,1.0,2025-06-30 00:00:00,294.0,3er tercio lactancia
8617,2026-04-20 00:00:00,2048,1.8,,1.0,2025-10-06 00:00:00,196.0,3er tercio lactancia
8618,2026-04-20 00:00:00,9040,4.0,,3.0,2026-01-26 00:00:00,84.0,1er tercio lactancia
8619,2026-04-20 00:00:00,0336,5.0,,2.0,2025-11-09 00:00:00,162.0,2do tercio lactancia
8620,2026-04-20 00:00:00,0322,5.0,,3.0,2026-02-04 00:00:00,75.0,1er tercio lactancia
8621,2026-04-20 00:00:00,2208A,5.5,,4.0,2026-03-15 00:00:00,36.0,1er tercio lactancia
8622,2026-04-20 00:00:00,5052,5.4,,4.0,2026-04-07 00:00:00,13.0,1er tercio lactancia
8623,2026-04-20 00:00:00,6067,6.0,,5.0,2026-02-20 00:00:00,59.0,1er tercio lactancia
8624,2026-04-20 00:00:00,5030,2.4,,2.0,2025-08-10 00:00:00,253.0,3er tercio lactancia
8625,2026-04-20 00:00:00,2108,2.5,,1.0,2025-08-21 00:00:00,242.0,3er tercio lactancia
8626,2026-04-20 00:00:00,22186,2.7,,1.0,2026-01-20 00:00:00,90.0,1er tercio lactancia
8627,2026-04-20 00:00:00,20334,2.1,,4.0,2025-11-28 00:00:00,143.0,2do tercio lactancia
8628,2026-04-20 00:00:00,2095,2.3,,1.0,2025-07-27 00:00:00,267.0,3er tercio lactancia
8629,2026-04-20 00:00:00,2171,6.2,,5.0,2026-03-23 00:00:00,28.0,1er tercio lactancia
8630,2026-04-20 00:00:00,0101,2.6,,2.0,2025-12-08 00:00:00,133.0,2do tercio lactancia
8631,2026-04-20 00:00:00,0229,6.8,,3.0,2026-01-18 00:00:00,92.0,2do tercio lactancia
8632,2026-04-20 00:00:00,J841,6.7,,2.0,2026-01-29 00:00:00,81.0,1er tercio lactancia
8633,2026-04-20 00:00:00,8036,6.7,,4.0,2026-02-15 00:00:00,64.0,1er tercio lactancia
8634,2026-04-20 00:00:00,5033,6.7,,4.0,2026-02-06 00:00:00,73.0,1er tercio lactancia
8635,2026-04-20 00:00:00,22144,2.6,,1.0,2025-11-28 00:00:00,143.0,2do tercio lactancia
8636,2026-04-20 00:00:00,21391,4.1,,1.0,2025-12-29 00:00:00,112.0,2do tercio lactancia
8637,2026-04-20 00:00:00,0323,3.8,,2.0,2025-09-02 00:00:00,230.0,3er tercio lactancia
8638,2026-04-20 00:00:00,91262,6.0,,3.0,2026-02-04 00:00:00,75.0,1er tercio lactancia
8639,2026-04-20 00:00:00,0298,2.1,,2.0,2026-01-20 00:00:00,90.0,1er tercio lactancia
8640,2026-04-20 00:00:00,2162,5.5,,1.0,2026-02-06 00:00:00,73.0,1er tercio lactancia
8641,2026-04-20 00:00:00,1078A,1.5,,4.0,2025-12-15 00:00:00,126.0,2do tercio lactancia
8642,2026-04-20 00:00:00,0231A,2.8,,2.0,2025-09-16 00:00:00,216.0,3er tercio lactancia
8643,2026-04-20 00:00:00,2011,5.2,,1.0,2026-02-10 00:00:00,69.0,1er tercio lactancia
8644,2026-04-20 00:00:00,5146,0.5,,3.0,2025-06-03 00:00:00,321.0,3er tercio lactancia
8645,2026-04-20 00:00:00,9020,1.6,,3.0,2025-10-29 00:00:00,173.0,2do tercio lactancia
8646,2026-04-20 00:00:00,1088A,3.5,,2.0,2025-10-19 00:00:00,183.0,3er tercio lactancia
8647,2026-04-20 00:00:00,9006,2.6,,2.0,2025-07-22 00:00:00,272.0,3er tercio lactancia
8648,2026-04-20 00:00:00,2196A,3.1,,4.0,2025-09-10 00:00:00,222.0,3er tercio lactancia
8649,2026-04-20 00:00:00,20001,4.4,,1.0,2025-09-28 00:00:00,204.0,3er tercio lactancia
8650,2026-04-20 00:00:00,8096,4.8,,4.0,2026-01-06 00:00:00,104.0,2do tercio lactancia
8651,2026-04-20 00:00:00,1079,4.1,,2.0,2026-01-25 00:00:00,85.0,1er tercio lactancia
8652,2026-04-20 00:00:00,0314,4.5,,3.0,2026-01-28 00:00:00,82.0,1er tercio lactancia
8653,2026-04-20 00:00:00,22098,4.1,,1.0,2026-01-02 00:00:00,108.0,2do tercio lactancia
8654,2026-04-20 00:00:00,8046,2.2,,3.0,2025-09-02 00:00:00,230.0,3er tercio lactancia
8655,2026-04-20 00:00:00,9110A,4.7,,2.0,2025-12-22 00:00:00,119.0,2do tercio lactancia
8656,2026-04-20 00:00:00,7012,2.0,,3.0,2025-08-27 00:00:00,236.0,3er tercio lactancia
8657,2026-04-20 00:00:00,2030,2.7,,1.0,2025-09-10 00:00:00,222.0,3er tercio lactancia
8658,2026-04-20 00:00:00,0267,6.6,,2.0,2026-02-14 00:00:00,65.0,1er tercio lactancia
8659,2026-04-20 00:00:00,8019,3.0,,3.0,2025-09-21 00:00:00,211.0,3er tercio lactancia
8660,2026-04-20 00:00:00,02331,1.7,,2.0,2025-10-03 00:00:00,199.0,3er tercio lactancia
8661,2026-04-20 00:00:00,6043,2.1,,3.0,2025-04-28 00:00:00,357.0,3er tercio lactancia
8662,2026-04-20 00:00:00,0220,4.5,,3.0,2026-03-17 00:00:00,34.0,1er tercio lactancia
8663,2026-04-20 00:00:00,8048,5.9,,3.0,2026-01-17 00:00:00,93.0,2do tercio lactancia
8664,2026-04-20 00:00:00,2109,5.1,,1.0,2026-02-02 00:00:00,77.0,1er tercio lactancia
8665,2026-04-20 00:00:00,0259,6.8,,2.0,2026-01-06 00:00:00,104.0,2do tercio lactancia
8666,2026-04-20 00:00:00,2226,5.1,,5.0,2026-02-17 00:00:00,62.0,1er tercio lactancia
8667,2026-04-20 00:00:00,3026A,2.5,,4.0,2025-10-29 00:00:00,173.0,2do tercio lactancia
8668,2026-04-20 00:00:00,2111,2.1,,1.0,2025-08-16 00:00:00,247.0,3er tercio lactancia
8669,2026-04-20 00:00:00,2018,2.3,,1.0,2025-06-18 00:00:00,306.0,3er tercio lactancia
8670,2026-04-20 00:00:00,0278,4.8,,2.0,2025-10-16 00:00:00,186.0,3er tercio lactancia
8671,2026-04-20 00:00:00,2234,4.8,,5.0,2026-03-27 00:00:00,24.0,1er tercio lactancia
8672,2026-04-20 00:00:00,2083,4.4,,4.0,2026-02-04 00:00:00,75.0,1er tercio lactancia
8673,2026-04-20 00:00:00,0500,4.5,,4.0,2026-01-17 00:00:00,93.0,2do tercio lactancia
8674,2026-04-20 00:00:00,3107,5.7,,4.0,2026-02-14 00:00:00,65.0,1er tercio lactancia
8675,2026-04-20 00:00:00,7077,1.0,,3.0,2025-06-20 00:00:00,304.0,3er tercio lactancia
8676,2026-04-20 00:00:00,22161,3.8,,1.0,2025-12-29 00:00:00,112.0,2do tercio lactancia
8677,2026-04-20 00:00:00,1073,6.3,,1.0,2026-01-29 00:00:00,81.0,1er tercio lactancia
8678,2026-04-20 00:00:00,2140,2.8,,1.0,2025-12-15 00:00:00,126.0,2do tercio lactancia
8679,2026-04-20 00:00:00,2094A,6.1,,5.0,2026-01-02 00:00:00,108.0,2do tercio lactancia
8680,2026-04-20 00:00:00,8017,2.5,,3.0,2025-09-16 00:00:00,216.0,3er tercio lactancia
8681,2026-04-20 00:00:00,2023,5.0,,1.0,2025-10-14 00:00:00,188.0,3er tercio lactancia
8682,2026-04-20 00:00:00,0111,5.3,,2.0,2025-11-06 00:00:00,165.0,2do tercio lactancia
8683,2026-04-20 00:00:00,2052,2.5,,1.0,2025-10-29 00:00:00,173.0,2do tercio lactancia
8684,2026-04-20 00:00:00,8076,3.1,,2.0,2025-08-27 00:00:00,236.0,3er tercio lactancia
8685,2026-04-20 00:00:00,1103,4.4,,1.0,2026-02-10 00:00:00,69.0,1er tercio lactancia
8686,2026-04-20 00:00:00,0305,3.5,,3.0,2026-03-23 00:00:00,28.0,1er tercio lactancia
8687,2026-04-20 00:00:00,2002,5.2,,1.0,2026-03-20 00:00:00,31.0,1er tercio lactancia
8688,2026-04-20 00:00:00,2066,10.1,,2.0,2026-04-10 00:00:00,10.0,1er tercio lactancia
8689,2026-04-20 00:00:00,2087,4.9,,1.0,2026-02-14 00:00:00,65.0,1er tercio lactancia
8690,2026-04-20 00:00:00,2096A,5.2,,1.0,2026-02-22 00:00:00,57.0,1er tercio lactancia
8691,2026-04-20 00:00:00,20971,0.8,,1.0,2026-03-18 00:00:00,33.0,1er tercio lactancia
8692,2026-04-20 00:00:00,2141,5.4,,1.0,2026-02-14 00:00:00,65.0,1er tercio lactancia
8693,2026-04-20 00:00:00,2202,2.5,,1.0,2026-04-03 00:00:00,17.0,1er tercio lactancia
8694,2026-04-20 00:00:00,22049,3.2,,1.0,2026-01-19 00:00:00,91.0,2do tercio lactancia
8695,2026-04-20 00:00:00,22112,4.8,,1.0,2026-02-25 00:00:00,54.0,1er tercio lactancia
8696,2026-04-20 00:00:00,22117,4.9,,1.0,2026-02-26 00:00:00,53.0,1er tercio lactancia
8697,2026-04-20 00:00:00,22139,4.7,,1.0,2026-03-20 00:00:00,31.0,1er tercio lactancia
8698,2026-04-20 00:00:00,22160,2.2,,1.0,2026-02-14 00:00:00,65.0,1er tercio lactancia
8699,2026-04-20 00:00:00,22172,3.0,,1.0,2025-09-10 00:00:00,222.0,3er tercio lactancia
8700,2026-04-20 00:00:00,22177,3.3,,1.0,2026-02-10 00:00:00,69.0,1er tercio lactancia
8701,2026-04-20 00:00:00,22180,3.8,,1.0,2026-03-24 00:00:00,27.0,1er tercio lactancia
8702,2026-04-20 00:00:00,2500,4.8,,2.0,2026-03-12 00:00:00,39.0,1er tercio lactancia
8703,2026-04-20 00:00:00,pend24,6.9,,1.0,2026-03-30 00:00:00,21.0,1er tercio lactancia
8704,2026-06-22 00:00:00,0132,7.2,,5.0,2026-04-24 00:00:00,59.0,1er tercio lactancia
8705,2026-06-22 00:00:00,0206A,3.1,,2.0,2025-10-21 00:00:00,244.0,3er tercio lactancia
8706,2026-06-22 00:00:00,0220,5.9,,3.0,2026-03-17 00:00:00,97.0,2do tercio lactancia
8707,2026-06-22 00:00:00,0226,4.8,,3.0,2026-03-15 00:00:00,99.0,2do tercio lactancia
8708,2026-06-22 00:00:00,0229,6.8,,3.0,2026-01-18 00:00:00,155.0,2do tercio lactancia
8709,2026-06-22 00:00:00,0231A,3.2,,2.0,2025-09-16 00:00:00,279.0,3er tercio lactancia
8710,2026-06-22 00:00:00,0249,4.3,,2.0,2025-10-15 00:00:00,250.0,3er tercio lactancia
8711,2026-06-22 00:00:00,0259,5.6,,2.0,2026-01-06 00:00:00,167.0,2do tercio lactancia
8712,2026-06-22 00:00:00,0267,6.6,,2.0,2026-02-14 00:00:00,128.0,2do tercio lactancia
8713,2026-06-22 00:00:00,0269,4.4,,2.0,2025-11-06 00:00:00,228.0,3er tercio lactancia
8714,2026-06-22 00:00:00,0278,4.9,,2.0,2025-10-16 00:00:00,249.0,3er tercio lactancia
8715,2026-06-22 00:00:00,0294,3.4,,3.0,2026-04-28 00:00:00,55.0,1er tercio lactancia
8716,2026-06-22 00:00:00,0299A,3.3,,2.0,2026-06-11 00:00:00,11.0,1er tercio lactancia
8717,2026-06-22 00:00:00,0305,3.1,,3.0,2026-03-23 00:00:00,91.0,2do tercio lactancia
8718,2026-06-22 00:00:00,0307,3.2,,2.0,2026-02-20 00:00:00,122.0,2do tercio lactancia
8719,2026-06-22 00:00:00,0311,4.0,,3.0,2026-05-13 00:00:00,40.0,1er tercio lactancia
8720,2026-06-22 00:00:00,0314,3.2,,3.0,2026-01-28 00:00:00,145.0,2do tercio lactancia
8721,2026-06-22 00:00:00,0322,6.4,,3.0,2026-02-04 00:00:00,138.0,2do tercio lactancia
8722,2026-06-22 00:00:00,0323,4.0,,2.0,2025-09-02 00:00:00,293.0,3er tercio lactancia
8723,2026-06-22 00:00:00,0332,4.9,,3.0,2025-12-23 00:00:00,181.0,3er tercio lactancia
8724,2026-06-22 00:00:00,0336,3.7,,2.0,2025-11-09 00:00:00,225.0,3er tercio lactancia
8725,2026-06-22 00:00:00,0344,5.2,,2.0,2026-05-21 00:00:00,32.0,1er tercio lactancia
8726,2026-06-22 00:00:00,0500,2.8,,4.0,2026-01-17 00:00:00,156.0,2do tercio lactancia
8727,2026-06-22 00:00:00,1004,8.9,,3.0,2026-04-07 00:00:00,76.0,1er tercio lactancia
8728,2026-06-22 00:00:00,1017A,2.2,,2.0,2026-04-21 00:00:00,62.0,1er tercio lactancia
8729,2026-06-22 00:00:00,10431,14.1,,2.0,2026-05-21 00:00:00,32.0,1er tercio lactancia
8730,2026-06-22 00:00:00,1053A,4.6,,2.0,2026-06-01 00:00:00,21.0,1er tercio lactancia
8731,2026-06-22 00:00:00,1066A,6.8,,4.0,2026-04-06 00:00:00,77.0,1er tercio lactancia
8732,2026-06-22 00:00:00,1073,6.2,,1.0,2026-01-29 00:00:00,144.0,2do tercio lactancia
8733,2026-06-22 00:00:00,1074,2.0,,1.0,2026-06-03 00:00:00,19.0,1er tercio lactancia
8734,2026-06-22 00:00:00,1079,7.4,,2.0,2026-01-25 00:00:00,148.0,2do tercio lactancia
8735,2026-06-22 00:00:00,1088A,3.1,,2.0,2025-10-19 00:00:00,246.0,3er tercio lactancia
8736,2026-06-22 00:00:00,1100A,4.34,,1.0,2025-12-14 00:00:00,190.0,3er tercio lactancia
8737,2026-06-22 00:00:00,1103,3.3,,1.0,2026-02-10 00:00:00,132.0,2do tercio lactancia
8738,2026-06-22 00:00:00,2002,3.9,,1.0,2026-03-20 00:00:00,94.0,2do tercio lactancia
8739,2026-06-22 00:00:00,2011,4.9,,1.0,2026-02-10 00:00:00,132.0,2do tercio lactancia
8740,2026-06-22 00:00:00,2019,9.1,,1.0,2026-05-13 00:00:00,40.0,1er tercio lactancia
8741,2026-06-22 00:00:00,2023,4.9,,1.0,2025-10-14 00:00:00,251.0,3er tercio lactancia
8742,2026-06-22 00:00:00,2026,3.0,,1.0,2026-02-17 00:00:00,125.0,2do tercio lactancia
8743,2026-06-22 00:00:00,2030,3.1,,1.0,2025-09-10 00:00:00,285.0,3er tercio lactancia
8744,2026-06-22 00:00:00,2034,4.3,,1.0,2025-12-08 00:00:00,196.0,3er tercio lactancia
8745,2026-06-22 00:00:00,2039,5.1,,2.0,2025-11-19 00:00:00,215.0,3er tercio lactancia
8746,2026-06-22 00:00:00,2040,5.7,,2.0,2026-01-29 00:00:00,144.0,2do tercio lactancia
8747,2026-06-22 00:00:00,2047,3.0,,5.0,2026-06-14 00:00:00,8.0,1er tercio lactancia
8748,2026-06-22 00:00:00,2048,4.0,,1.0,2025-10-06 00:00:00,259.0,3er tercio lactancia
8749,2026-06-22 00:00:00,2050,7.4,,5.0,2026-03-23 00:00:00,91.0,2do tercio lactancia
8750,2026-06-22 00:00:00,2066,14.3,,2.0,2026-04-10 00:00:00,73.0,1er tercio lactancia
8751,2026-06-22 00:00:00,2072,5.8,,3.0,2026-05-08 00:00:00,45.0,1er tercio lactancia
8752,2026-06-22 00:00:00,2073,9.4,,5.0,2026-05-16 00:00:00,37.0,1er tercio lactancia
8753,2026-06-22 00:00:00,2083,4.9,,4.0,2026-02-04 00:00:00,138.0,2do tercio lactancia
8754,2026-06-22 00:00:00,2087,3.0,,1.0,2026-02-14 00:00:00,128.0,2do tercio lactancia
8755,2026-06-22 00:00:00,2093,4.2,,1.0,2025-12-05 00:00:00,199.0,3er tercio lactancia
8756,2026-06-22 00:00:00,2094A,5.0,,5.0,2026-01-02 00:00:00,171.0,2do tercio lactancia
8757,2026-06-22 00:00:00,2096A,6.5,,1.0,2026-02-22 00:00:00,120.0,2do tercio lactancia
8758,2026-06-22 00:00:00,2103,1.8,,1.0,2025-10-24 00:00:00,241.0,3er tercio lactancia
8759,2026-06-22 00:00:00,2108,3.2,,1.0,2025-08-21 00:00:00,305.0,3er tercio lactancia
8760,2026-06-22 00:00:00,2109,5.7,,1.0,2026-02-02 00:00:00,140.0,2do tercio lactancia
8761,2026-06-22 00:00:00,2111,4.1,,1.0,2025-08-16 00:00:00,310.0,3er tercio lactancia
8762,2026-06-22 00:00:00,2124A,9.5,,4.0,2026-02-28 00:00:00,114.0,2do tercio lactancia
8763,2026-06-22 00:00:00,21391,6.1,,1.0,2025-12-29 00:00:00,175.0,2do tercio lactancia
8764,2026-06-22 00:00:00,2143,3.0,,4.0,2025-11-24 00:00:00,210.0,3er tercio lactancia
8765,2026-06-22 00:00:00,2145,4.1,,1.0,2026-04-21 00:00:00,62.0,1er tercio lactancia
8766,2026-06-22 00:00:00,2162,4.9,,1.0,2026-02-06 00:00:00,136.0,2do tercio lactancia
8767,2026-06-22 00:00:00,2171,8.9,,5.0,2026-03-23 00:00:00,91.0,2do tercio lactancia
8768,2026-06-22 00:00:00,22049,1.0,,1.0,2026-01-19 00:00:00,154.0,2do tercio lactancia
8769,2026-06-22 00:00:00,22085,6.1,,1.0,2026-02-25 00:00:00,117.0,2do tercio lactancia
8770,2026-06-22 00:00:00,2208A,7.2,,4.0,2026-03-15 00:00:00,99.0,2do tercio lactancia
8771,2026-06-22 00:00:00,22098,5.0,,1.0,2026-01-02 00:00:00,171.0,2do tercio lactancia
8772,2026-06-22 00:00:00,22112,3.6,,1.0,2026-02-25 00:00:00,117.0,2do tercio lactancia
8773,2026-06-22 00:00:00,22116,3.2,,1.0,2026-04-16 00:00:00,67.0,1er tercio lactancia
8774,2026-06-22 00:00:00,22117,2.9,,1.0,2026-02-26 00:00:00,116.0,2do tercio lactancia
8775,2026-06-22 00:00:00,22119,4.0,,1.0,2026-02-10 00:00:00,132.0,2do tercio lactancia
8776,2026-06-22 00:00:00,22126,9.3,,1.0,2026-05-20 00:00:00,33.0,1er tercio lactancia
8777,2026-06-22 00:00:00,22135,5.1,,1.0,2025-11-22 00:00:00,212.0,3er tercio lactancia
8778,2026-06-22 00:00:00,22139,5.8,,1.0,2026-03-20 00:00:00,94.0,2do tercio lactancia
8779,2026-06-22 00:00:00,22142,6.0,,1.0,2026-04-21 00:00:00,62.0,1er tercio lactancia
8780,2026-06-22 00:00:00,22144,3.2,,1.0,2025-11-28 00:00:00,206.0,3er tercio lactancia
8781,2026-06-22 00:00:00,22151,6.5,,1.0,2026-04-16 00:00:00,67.0,1er tercio lactancia
8782,2026-06-22 00:00:00,22160,6.5,,1.0,2026-02-14 00:00:00,128.0,2do tercio lactancia
8783,2026-06-22 00:00:00,22161,3.5,,1.0,2025-12-29 00:00:00,175.0,2do tercio lactancia
8784,2026-06-22 00:00:00,22177,2.7,,1.0,2026-02-10 00:00:00,132.0,2do tercio lactancia
8785,2026-06-22 00:00:00,2218,2.9,,1.0,2026-04-10 00:00:00,73.0,1er tercio lactancia
8786,2026-06-22 00:00:00,22180,4.9,,1.0,2026-03-24 00:00:00,90.0,1er tercio lactancia
8787,2026-06-22 00:00:00,22186,2.1,,1.0,2026-01-20 00:00:00,153.0,2do tercio lactancia
8788,2026-06-22 00:00:00,22189,3.9,,1.0,2026-04-24 00:00:00,59.0,1er tercio lactancia
8789,2026-06-22 00:00:00,2220,10.3,,5.0,2026-02-15 00:00:00,127.0,2do tercio lactancia
8790,2026-06-22 00:00:00,2226,4.4,,5.0,2026-02-17 00:00:00,125.0,2do tercio lactancia
8791,2026-06-22 00:00:00,23001,3.0,,1.0,2026-05-02 00:00:00,51.0,1er tercio lactancia
8792,2026-06-22 00:00:00,23006,2.2,,1.0,2026-05-08 00:00:00,45.0,1er tercio lactancia
8793,2026-06-22 00:00:00,23036,6.0,,1.0,2026-05-27 00:00:00,26.0,1er tercio lactancia
8794,2026-06-22 00:00:00,2500,3.0,,2.0,2026-03-12 00:00:00,102.0,2do tercio lactancia
8795,2026-06-22 00:00:00,3066B,1.7,,4.0,2025-11-21 00:00:00,213.0,3er tercio lactancia
8796,2026-06-22 00:00:00,3132,5.6,,4.0,2026-04-30 00:00:00,53.0,1er tercio lactancia
8797,2026-06-22 00:00:00,34,2.1,,2.0,2025-10-16 00:00:00,249.0,3er tercio lactancia
8798,2026-06-22 00:00:00,35,7.8,,2.0,2026-05-02 00:00:00,51.0,1er tercio lactancia
8799,2026-06-22 00:00:00,4035,8.3,,5.0,2026-02-28 00:00:00,114.0,2do tercio lactancia
8800,2026-06-22 00:00:00,4151,2.6,,4.0,2025-09-13 00:00:00,282.0,3er tercio lactancia
8801,2026-06-22 00:00:00,5033,8.2,,4.0,2026-02-06 00:00:00,136.0,2do tercio lactancia
8802,2026-06-22 00:00:00,5052,7.6,,4.0,2026-04-07 00:00:00,76.0,1er tercio lactancia
8803,2026-06-22 00:00:00,5077,0.5,,3.0,2025-09-16 00:00:00,279.0,3er tercio lactancia
8804,2026-06-22 00:00:00,5079,3.1,,4.0,2026-06-15 00:00:00,7.0,1er tercio lactancia
8805,2026-06-22 00:00:00,5150,6.9,,4.0,2026-02-21 00:00:00,121.0,2do tercio lactancia
8806,2026-06-22 00:00:00,6067,9.0,,5.0,2026-02-20 00:00:00,122.0,2do tercio lactancia
8807,2026-06-22 00:00:00,6070,2.8,,3.0,2026-05-04 00:00:00,49.0,1er tercio lactancia
8808,2026-06-22 00:00:00,7028,1.6,,4.0,2025-09-02 00:00:00,293.0,3er tercio lactancia
8809,2026-06-22 00:00:00,7059,5.4,,3.0,2025-11-20 00:00:00,214.0,3er tercio lactancia
8810,2026-06-22 00:00:00,7061,8.5,,3.0,2026-04-21 00:00:00,62.0,1er tercio lactancia
8811,2026-06-22 00:00:00,7066,5.7,,3.0,2026-05-29 00:00:00,24.0,1er tercio lactancia
8812,2026-06-22 00:00:00,7087,7.9,,4.0,2026-06-03 00:00:00,19.0,1er tercio lactancia
8813,2026-06-22 00:00:00,8011,2.3,,3.0,2026-05-12 00:00:00,41.0,1er tercio lactancia
8814,2026-06-22 00:00:00,80121,4.2,,3.0,2025-12-15 00:00:00,189.0,3er tercio lactancia
8815,2026-06-22 00:00:00,8028,3.7,,4.0,2026-04-24 00:00:00,59.0,1er tercio lactancia
8816,2026-06-22 00:00:00,8030,5.2,,4.0,2026-04-07 00:00:00,76.0,1er tercio lactancia
8817,2026-06-22 00:00:00,8033,3.0,,4.0,2026-05-06 00:00:00,47.0,1er tercio lactancia
8818,2026-06-22 00:00:00,8036,6.8,,4.0,2026-02-15 00:00:00,127.0,2do tercio lactancia
8819,2026-06-22 00:00:00,8037,8.1,,3.0,2026-05-02 00:00:00,51.0,1er tercio lactancia
8820,2026-06-22 00:00:00,8045,1.8,,3.0,2025-09-07 00:00:00,288.0,3er tercio lactancia
8821,2026-06-22 00:00:00,8048,4.1,,3.0,2026-01-17 00:00:00,156.0,2do tercio lactancia
8822,2026-06-22 00:00:00,8076,3.7,,2.0,2025-08-27 00:00:00,299.0,3er tercio lactancia
8823,2026-06-22 00:00:00,8077,2.6,,3.0,2025-11-14 00:00:00,220.0,3er tercio lactancia
8824,2026-06-22 00:00:00,8079,4.7,,4.0,2026-04-11 00:00:00,72.0,1er tercio lactancia
8825,2026-06-22 00:00:00,8086,3.7,,3.0,2026-05-21 00:00:00,32.0,1er tercio lactancia
8826,2026-06-22 00:00:00,8087,8.5,,3.0,2026-01-17 00:00:00,156.0,2do tercio lactancia
8827,2026-06-22 00:00:00,80882,1.6,,3.0,2025-09-07 00:00:00,288.0,3er tercio lactancia
8828,2026-06-22 00:00:00,8089,8.6,,3.0,2026-03-23 00:00:00,91.0,2do tercio lactancia
8829,2026-06-22 00:00:00,809,7.2,,3.0,2026-01-29 00:00:00,144.0,2do tercio lactancia
8830,2026-06-22 00:00:00,8096,2.6,,4.0,2026-01-06 00:00:00,167.0,2do tercio lactancia
8831,2026-06-22 00:00:00,9020,2.5,,3.0,2025-10-29 00:00:00,236.0,3er tercio lactancia
8832,2026-06-22 00:00:00,9024,3.0,,2.0,2026-01-27 00:00:00,146.0,2do tercio lactancia
8833,2026-06-22 00:00:00,9040,4.9,,3.0,2026-01-26 00:00:00,147.0,2do tercio lactancia
8834,2026-06-22 00:00:00,9051,5.1,,4.0,2026-06-03 00:00:00,19.0,1er tercio lactancia
8835,2026-06-22 00:00:00,9053,6.7,,2.0,2025-10-14 00:00:00,251.0,3er tercio lactancia
8836,2026-06-22 00:00:00,9058,3.7,,3.0,2026-05-29 00:00:00,24.0,1er tercio lactancia
8837,2026-06-22 00:00:00,9076,4.1,,2.0,2025-08-27 00:00:00,299.0,3er tercio lactancia
8838,2026-06-22 00:00:00,9103,6.5,,2.0,2026-01-28 00:00:00,145.0,2do tercio lactancia
8839,2026-06-22 00:00:00,9110A,3.5,,2.0,2025-12-22 00:00:00,182.0,3er tercio lactancia
8840,2026-06-22 00:00:00,91171,11.0,,3.0,2026-03-18 00:00:00,96.0,2do tercio lactancia
8841,2026-06-22 00:00:00,91242,5.2,,3.0,2026-04-11 00:00:00,72.0,1er tercio lactancia
8842,2026-06-22 00:00:00,9125,3.6,,2.0,2025-09-17 00:00:00,278.0,3er tercio lactancia
8843,2026-06-22 00:00:00,91262,6.7,,3.0,2026-02-04 00:00:00,138.0,2do tercio lactancia
8844,2026-06-22 00:00:00,J415,5.8,,1.0,2026-05-13 00:00:00,40.0,1er tercio lactancia
8845,2026-06-22 00:00:00,J426,2.4,,2.0,2026-02-14 00:00:00,128.0,2do tercio lactancia
8846,2026-06-22 00:00:00,J841,6.7,,2.0,2026-01-29 00:00:00,144.0,2do tercio lactancia
8847,2026-06-22 00:00:00,pend24,5.9,,1.0,2026-03-30 00:00:00,84.0,1er tercio lactancia
8848,2026-06-22 00:00:00,22193,6.2,,1.0,2026-03-10 00:00:00,104.0,2do tercio lactancia
8849,2026-06-22 00:00:00,2203,7.1,,2.0,2026-06-17 00:00:00,5.0,1er tercio lactancia
8850,2026-06-22 00:00:00,0299C,3.2,,1.0,2024-11-26 00:00:00,573.0,3er tercio lactancia
8851,2026-06-22 00:00:00,3021A,3.7,,4.0,2025-07-04 00:00:00,353.0,3er tercio lactancia
8852,2026-06-22 00:00:00,1015,2.6,,4.0,2025-09-14 00:00:00,281.0,3er tercio lactancia
8853,2026-07-02 00:00:00,0101,4.2,,2.0,2025-12-08 00:00:00,206.0,3er tercio lactancia
8854,2026-07-02 00:00:00,0132,9.2,,5.0,2026-04-24 00:00:00,69.0,1er tercio lactancia
8855,2026-07-02 00:00:00,0206A,3.7,,2.0,2025-10-21 00:00:00,254.0,3er tercio lactancia
8856,2026-07-02 00:00:00,0220,5.8,,3.0,2026-03-17 00:00:00,107.0,2do tercio lactancia
8857,2026-07-02 00:00:00,0226,11.6,,3.0,2026-03-15 00:00:00,109.0,2do tercio lactancia
8858,2026-07-02 00:00:00,0229,8.0,,3.0,2026-01-18 00:00:00,165.0,2do tercio lactancia
8859,2026-07-02 00:00:00,0231A,3.7,,2.0,2025-09-16 00:00:00,289.0,3er tercio lactancia
8860,2026-07-02 00:00:00,0249,6.6,,2.0,2025-10-15 00:00:00,260.0,3er tercio lactancia
8861,2026-07-02 00:00:00,0259,5.6,,2.0,2026-01-06 00:00:00,177.0,2do tercio lactancia
8862,2026-07-02 00:00:00,0267,9.3,,2.0,2026-02-14 00:00:00,138.0,2do tercio lactancia
8863,2026-07-02 00:00:00,0269,5.7,,2.0,2025-11-06 00:00:00,238.0,3er tercio lactancia
8864,2026-07-02 00:00:00,0278,4.6,,2.0,2025-10-16 00:00:00,259.0,3er tercio lactancia
8865,2026-07-02 00:00:00,0294,3.9,,3.0,2026-04-28 00:00:00,65.0,1er tercio lactancia
8866,2026-07-02 00:00:00,0299A,3.1,,2.0,2026-06-16 00:00:00,16.0,1er tercio lactancia
8867,2026-07-02 00:00:00,0299C,6.6,,2.0,2026-06-11 00:00:00,21.0,1er tercio lactancia
8868,2026-07-02 00:00:00,0305,1.0,,3.0,2026-03-23 00:00:00,101.0,2do tercio lactancia
8869,2026-07-02 00:00:00,0307,2.8,,2.0,2026-02-20 00:00:00,132.0,2do tercio lactancia
8870,2026-07-02 00:00:00,0311,3.2,,3.0,2026-05-13 00:00:00,50.0,1er tercio lactancia
8871,2026-07-02 00:00:00,0314,5.1,,3.0,2026-01-28 00:00:00,155.0,2do tercio lactancia
8872,2026-07-02 00:00:00,0322,6.5,,3.0,2026-02-04 00:00:00,148.0,2do tercio lactancia
8873,2026-07-02 00:00:00,0323,4.0,,2.0,2025-09-02 00:00:00,303.0,3er tercio lactancia
8874,2026-07-02 00:00:00,0332,4.2,,3.0,2025-12-23 00:00:00,191.0,3er tercio lactancia
8875,2026-07-02 00:00:00,0336,4.9,,2.0,2025-11-09 00:00:00,235.0,3er tercio lactancia
8876,2026-07-02 00:00:00,0500,3.7,,4.0,2026-01-17 00:00:00,166.0,2do tercio lactancia
8877,2026-07-02 00:00:00,1004,9.6,,3.0,2026-04-07 00:00:00,86.0,1er tercio lactancia
8878,2026-07-02 00:00:00,1017A,1.8,,2.0,2026-04-21 00:00:00,72.0,1er tercio lactancia
8879,2026-07-02 00:00:00,10431,14.7,,2.0,2026-05-21 00:00:00,42.0,1er tercio lactancia
8880,2026-07-02 00:00:00,1053A,5.2,,2.0,2026-06-01 00:00:00,31.0,1er tercio lactancia
8881,2026-07-02 00:00:00,1066A,9.1,,4.0,2026-04-06 00:00:00,87.0,1er tercio lactancia
8882,2026-07-02 00:00:00,1073,7.6,,1.0,2026-01-29 00:00:00,154.0,2do tercio lactancia
8883,2026-07-02 00:00:00,1074,5.9,,1.0,2026-06-03 00:00:00,29.0,1er tercio lactancia
8884,2026-07-02 00:00:00,1079,5.5,,2.0,2026-01-25 00:00:00,158.0,2do tercio lactancia
8885,2026-07-02 00:00:00,1088A,2.3,,2.0,2025-10-19 00:00:00,256.0,3er tercio lactancia
8886,2026-07-02 00:00:00,1100A,5.0,,1.0,2025-12-14 00:00:00,200.0,3er tercio lactancia
8887,2026-07-02 00:00:00,1103,4.3,,1.0,2026-02-10 00:00:00,142.0,2do tercio lactancia
8888,2026-07-02 00:00:00,2002,4.2,,1.0,2026-03-20 00:00:00,104.0,2do tercio lactancia
8889,2026-07-02 00:00:00,2011,4.4,,1.0,2026-02-10 00:00:00,142.0,2do tercio lactancia
8890,2026-07-02 00:00:00,2019,10.0,,1.0,2026-05-13 00:00:00,50.0,1er tercio lactancia
8891,2026-07-02 00:00:00,2023,3.7,,1.0,2025-10-14 00:00:00,261.0,3er tercio lactancia
8892,2026-07-02 00:00:00,2026,4.0,,1.0,2026-02-17 00:00:00,135.0,2do tercio lactancia
8893,2026-07-02 00:00:00,2030,3.5,,1.0,2025-09-10 00:00:00,295.0,3er tercio lactancia
8894,2026-07-02 00:00:00,2034,4.3,,1.0,2025-12-08 00:00:00,206.0,3er tercio lactancia
8895,2026-07-02 00:00:00,2039,5.7,,2.0,2025-11-19 00:00:00,225.0,3er tercio lactancia
8896,2026-07-02 00:00:00,2040,6.3,,2.0,2026-01-29 00:00:00,154.0,2do tercio lactancia
8897,2026-07-02 00:00:00,2047,3.9,,5.0,2026-06-14 00:00:00,18.0,1er tercio lactancia
8898,2026-07-02 00:00:00,2048,4.0,,1.0,2025-10-06 00:00:00,269.0,3er tercio lactancia
8899,2026-07-02 00:00:00,2050,7.5,,5.0,2026-03-23 00:00:00,101.0,2do tercio lactancia
8900,2026-07-02 00:00:00,2052,4.7,,1.0,2025-10-29 00:00:00,246.0,3er tercio lactancia
8901,2026-07-02 00:00:00,2066,16.4,,2.0,2026-04-10 00:00:00,83.0,1er tercio lactancia
8902,2026-07-02 00:00:00,2072,13.7,,3.0,2026-05-08 00:00:00,55.0,1er tercio lactancia
8903,2026-07-02 00:00:00,2073,10.8,,5.0,2026-05-16 00:00:00,47.0,1er tercio lactancia
8904,2026-07-02 00:00:00,2083,3.1,,4.0,2026-02-04 00:00:00,148.0,2do tercio lactancia
8905,2026-07-02 00:00:00,2087,2.8,,1.0,2026-02-14 00:00:00,138.0,2do tercio lactancia
8906,2026-07-02 00:00:00,2093,3.9,,1.0,2025-12-05 00:00:00,209.0,3er tercio lactancia
8907,2026-07-02 00:00:00,2094A,5.2,,5.0,2026-01-02 00:00:00,181.0,3er tercio lactancia
8908,2026-07-02 00:00:00,2096A,7.6,,1.0,2026-02-22 00:00:00,130.0,2do tercio lactancia
8909,2026-07-02 00:00:00,20971,2.7,,1.0,2026-03-18 00:00:00,106.0,2do tercio lactancia
8910,2026-07-02 00:00:00,2108,1.6,,1.0,2025-08-21 00:00:00,315.0,3er tercio lactancia
8911,2026-07-02 00:00:00,2109,4.2,,1.0,2026-02-02 00:00:00,150.0,2do tercio lactancia
8912,2026-07-02 00:00:00,2111,3.7,,1.0,2025-08-16 00:00:00,320.0,3er tercio lactancia
8913,2026-07-02 00:00:00,2124A,11.5,,4.0,2026-02-28 00:00:00,124.0,2do tercio lactancia
8914,2026-07-02 00:00:00,21391,7.0,,1.0,2025-12-29 00:00:00,185.0,3er tercio lactancia
8915,2026-07-02 00:00:00,2141,7.6,,1.0,2026-02-14 00:00:00,138.0,2do tercio lactancia
8916,2026-07-02 00:00:00,2143,3.8,,4.0,2025-11-24 00:00:00,220.0,3er tercio lactancia
8917,2026-07-02 00:00:00,2145,2.6,,1.0,2026-04-21 00:00:00,72.0,1er tercio lactancia
8918,2026-07-02 00:00:00,2162,5.0,,1.0,2026-02-06 00:00:00,146.0,2do tercio lactancia
8919,2026-07-02 00:00:00,2171,9.2,,5.0,2026-03-23 00:00:00,101.0,2do tercio lactancia
8920,2026-07-02 00:00:00,2203,7.3,,2.0,2026-06-17 00:00:00,15.0,1er tercio lactancia
8921,2026-07-02 00:00:00,22085,5.8,,1.0,2026-02-25 00:00:00,127.0,2do tercio lactancia
8922,2026-07-02 00:00:00,2208A,6.9,,4.0,2026-03-15 00:00:00,109.0,2do tercio lactancia
8923,2026-07-02 00:00:00,22098,5.0,,1.0,2026-01-02 00:00:00,181.0,3er tercio lactancia
8924,2026-07-02 00:00:00,22112,5.7,,1.0,2026-02-25 00:00:00,127.0,2do tercio lactancia
8925,2026-07-02 00:00:00,22116,5.0,,1.0,2026-04-16 00:00:00,77.0,1er tercio lactancia
8926,2026-07-02 00:00:00,22117,3.9,,1.0,2026-02-26 00:00:00,126.0,2do tercio lactancia
8927,2026-07-02 00:00:00,22119,4.4,,1.0,2026-02-10 00:00:00,142.0,2do tercio lactancia
8928,2026-07-02 00:00:00,22126,8.1,,1.0,2026-05-20 00:00:00,43.0,1er tercio lactancia
8929,2026-07-02 00:00:00,22135,3.8,,1.0,2025-11-22 00:00:00,222.0,3er tercio lactancia
8930,2026-07-02 00:00:00,22139,6.7,,1.0,2026-03-20 00:00:00,104.0,2do tercio lactancia
8931,2026-07-02 00:00:00,22142,7.1,,1.0,2026-04-21 00:00:00,72.0,1er tercio lactancia
8932,2026-07-02 00:00:00,22144,3.1,,1.0,2025-11-28 00:00:00,216.0,3er tercio lactancia
8933,2026-07-02 00:00:00,22151,6.4,,1.0,2026-04-16 00:00:00,77.0,1er tercio lactancia
8934,2026-07-02 00:00:00,22160,7.3,,1.0,2026-02-14 00:00:00,138.0,2do tercio lactancia
8935,2026-07-02 00:00:00,22161,3.1,,1.0,2025-12-29 00:00:00,185.0,3er tercio lactancia
8936,2026-07-02 00:00:00,22172,7.1,,1.0,2025-09-10 00:00:00,295.0,3er tercio lactancia
8937,2026-07-02 00:00:00,22177,4.0,,1.0,2026-02-10 00:00:00,142.0,2do tercio lactancia
8938,2026-07-02 00:00:00,2218,2.0,,1.0,2026-04-10 00:00:00,83.0,1er tercio lactancia
8939,2026-07-02 00:00:00,22180,4.2,,1.0,2026-03-24 00:00:00,100.0,2do tercio lactancia
8940,2026-07-02 00:00:00,22186,2.5,,1.0,2026-01-20 00:00:00,163.0,2do tercio lactancia
8941,2026-07-02 00:00:00,22189,3.3,,1.0,2026-04-24 00:00:00,69.0,1er tercio lactancia
8942,2026-07-02 00:00:00,22193,2.8,,1.0,2026-03-10 00:00:00,114.0,2do tercio lactancia
8943,2026-07-02 00:00:00,2220,11.7,,5.0,2026-02-15 00:00:00,137.0,2do tercio lactancia
8944,2026-07-02 00:00:00,2226,5.2,,5.0,2026-02-17 00:00:00,135.0,2do tercio lactancia
8945,2026-07-02 00:00:00,23001,3.1,,1.0,2026-05-02 00:00:00,61.0,1er tercio lactancia
8946,2026-07-02 00:00:00,23036,3.9,,1.0,2026-05-27 00:00:00,36.0,1er tercio lactancia
8947,2026-07-02 00:00:00,2500,7.1,,2.0,2026-03-12 00:00:00,112.0,2do tercio lactancia
8948,2026-07-02 00:00:00,3132,4.3,,4.0,2026-04-30 00:00:00,63.0,1er tercio lactancia
8949,2026-07-02 00:00:00,35,8.0,,2.0,2026-05-02 00:00:00,61.0,1er tercio lactancia
8950,2026-07-02 00:00:00,4035,6.8,,5.0,2026-02-28 00:00:00,124.0,2do tercio lactancia
8951,2026-07-02 00:00:00,5033,8.4,,4.0,2026-02-06 00:00:00,146.0,2do tercio lactancia
8952,2026-07-02 00:00:00,5052,5.9,,4.0,2026-04-07 00:00:00,86.0,1er tercio lactancia
8953,2026-07-02 00:00:00,5079,2.3,,4.0,2026-06-15 00:00:00,17.0,1er tercio lactancia
8954,2026-07-02 00:00:00,5150,6.4,,4.0,2026-02-21 00:00:00,131.0,2do tercio lactancia
8955,2026-07-02 00:00:00,6067,10.5,,5.0,2026-02-20 00:00:00,132.0,2do tercio lactancia
8956,2026-07-02 00:00:00,6070,2.0,,3.0,2026-05-04 00:00:00,59.0,1er tercio lactancia
8957,2026-07-02 00:00:00,7059,4.3,,3.0,2025-11-20 00:00:00,224.0,3er tercio lactancia
8958,2026-07-02 00:00:00,7061,9.0,,3.0,2026-04-21 00:00:00,72.0,1er tercio lactancia
8959,2026-07-02 00:00:00,7066,6.6,,3.0,2026-05-29 00:00:00,34.0,1er tercio lactancia
8960,2026-07-02 00:00:00,7087,8.2,,4.0,2026-06-03 00:00:00,29.0,1er tercio lactancia
8961,2026-07-02 00:00:00,8011,1.9,,3.0,2026-05-12 00:00:00,51.0,1er tercio lactancia
8962,2026-07-02 00:00:00,80121,4.4,,3.0,2025-12-15 00:00:00,199.0,3er tercio lactancia
8963,2026-07-02 00:00:00,8028,6.2,,4.0,2026-04-24 00:00:00,69.0,1er tercio lactancia
8964,2026-07-02 00:00:00,8030,3.3,,4.0,2026-04-07 00:00:00,86.0,1er tercio lactancia
8965,2026-07-02 00:00:00,8033,1.4,,4.0,2026-05-06 00:00:00,57.0,1er tercio lactancia
8966,2026-07-02 00:00:00,8036,10.1,,4.0,2026-02-15 00:00:00,137.0,2do tercio lactancia
8967,2026-07-02 00:00:00,8037,5.2,,3.0,2026-05-02 00:00:00,61.0,1er tercio lactancia
8968,2026-07-02 00:00:00,8048,5.3,,3.0,2026-01-17 00:00:00,166.0,2do tercio lactancia
8969,2026-07-02 00:00:00,8076,3.4,,2.0,2025-08-27 00:00:00,309.0,3er tercio lactancia
8970,2026-07-02 00:00:00,8079,3.4,,4.0,2026-04-11 00:00:00,82.0,1er tercio lactancia
8971,2026-07-02 00:00:00,8086,2.3,,3.0,2026-05-21 00:00:00,42.0,1er tercio lactancia
8972,2026-07-02 00:00:00,8087,8.4,,3.0,2026-01-17 00:00:00,166.0,2do tercio lactancia
8973,2026-07-02 00:00:00,8089,9.5,,3.0,2026-03-23 00:00:00,101.0,2do tercio lactancia
8974,2026-07-02 00:00:00,809,8.5,,3.0,2026-01-29 00:00:00,154.0,2do tercio lactancia
8975,2026-07-02 00:00:00,8096,1.9,,4.0,2026-01-06 00:00:00,177.0,2do tercio lactancia
8976,2026-07-02 00:00:00,9024,2.8,,2.0,2026-01-27 00:00:00,156.0,2do tercio lactancia
8977,2026-07-02 00:00:00,9040,5.5,,3.0,2026-01-26 00:00:00,157.0,2do tercio lactancia
8978,2026-07-02 00:00:00,9051,10.3,,4.0,2026-06-03 00:00:00,29.0,1er tercio lactancia
8979,2026-07-02 00:00:00,9053,3.0,,2.0,2025-10-14 00:00:00,261.0,3er tercio lactancia
8980,2026-07-02 00:00:00,9058,8.1,,3.0,2026-05-29 00:00:00,34.0,1er tercio lactancia
8981,2026-07-02 00:00:00,9103,9.2,,2.0,2026-01-28 00:00:00,155.0,2do tercio lactancia
8982,2026-07-02 00:00:00,9110A,4.1,,2.0,2025-12-22 00:00:00,192.0,3er tercio lactancia
8983,2026-07-02 00:00:00,91171,12.7,,3.0,2026-03-18 00:00:00,106.0,2do tercio lactancia
8984,2026-07-02 00:00:00,91242,5.3,,3.0,2026-04-11 00:00:00,82.0,1er tercio lactancia
8985,2026-07-02 00:00:00,9125,4.6,,2.0,2025-09-17 00:00:00,288.0,3er tercio lactancia
8986,2026-07-02 00:00:00,91262,7.2,,3.0,2026-02-04 00:00:00,148.0,2do tercio lactancia
8987,2026-07-02 00:00:00,J415,2.9,,1.0,2026-05-13 00:00:00,50.0,1er tercio lactancia
8988,2026-07-02 00:00:00,J841,7.7,,2.0,2026-01-29 00:00:00,154.0,2do tercio lactancia
8989,2026-07-02 00:00:00,pend24,4.6,,1.0,2026-03-30 00:00:00,94.0,2do tercio lactancia
8990,2026-07-02 00:00:00,3021A,4.4,,4.0,2025-07-04 00:00:00,363.0,3er tercio lactancia
8991,2026-08-14 00:00:00,0132,7.4,,5.0,2026-04-24 00:00:00,112.0,2do tercio lactancia
8992,2026-08-14 00:00:00,0201,2.7,,3.0,2026-07-20 00:00:00,25.0,1er tercio lactancia
8993,2026-08-14 00:00:00,0206A,3.2,,2.0,2025-10-21 00:00:00,297.0,3er tercio lactancia
8994,2026-08-14 00:00:00,0220,4.8,,3.0,2026-03-17 00:00:00,150.0,2do tercio lactancia
8995,2026-08-14 00:00:00,0226,8.9,,3.0,2026-03-15 00:00:00,152.0,2do tercio lactancia
8996,2026-08-14 00:00:00,0229,7.0,,3.0,2026-01-18 00:00:00,208.0,3er tercio lactancia
8997,2026-08-14 00:00:00,0231A,2.1,,2.0,2025-09-16 00:00:00,332.0,3er tercio lactancia
8998,2026-08-14 00:00:00,0249,4.5,,2.0,2025-10-15 00:00:00,303.0,3er tercio lactancia
8999,2026-08-14 00:00:00,0259,4.6,,2.0,2026-01-06 00:00:00,220.0,3er tercio lactancia
9000,2026-08-14 00:00:00,0267,8.8,,2.0,2026-02-14 00:00:00,181.0,3er tercio lactancia
9001,2026-08-14 00:00:00,0269,4.1,,2.0,2025-11-06 00:00:00,281.0,3er tercio lactancia
9002,2026-08-14 00:00:00,0278,2.5,,2.0,2025-10-16 00:00:00,302.0,3er tercio lactancia
9003,2026-08-14 00:00:00,0294,4.0,,3.0,2026-04-28 00:00:00,108.0,2do tercio lactancia
9004,2026-08-14 00:00:00,0299C,7.6,,2.0,2026-06-11 00:00:00,64.0,1er tercio lactancia
9005,2026-08-14 00:00:00,0305,2.8,,3.0,2026-03-23 00:00:00,144.0,2do tercio lactancia
9006,2026-08-14 00:00:00,0307,2.9,,2.0,2026-02-20 00:00:00,175.0,2do tercio lactancia
9007,2026-08-14 00:00:00,0311,2.3,,3.0,2026-05-13 00:00:00,93.0,2do tercio lactancia
9008,2026-08-14 00:00:00,0314,3.6,,3.0,2026-01-28 00:00:00,198.0,3er tercio lactancia
9009,2026-08-14 00:00:00,0322,6.4,,3.0,2026-02-04 00:00:00,191.0,3er tercio lactancia
9010,2026-08-14 00:00:00,0323,3.0,,2.0,2025-09-02 00:00:00,346.0,3er tercio lactancia
9011,2026-08-14 00:00:00,0332,2.1,,3.0,2025-12-23 00:00:00,234.0,3er tercio lactancia
9012,2026-08-14 00:00:00,0336,3.0,,2.0,2025-11-09 00:00:00,278.0,3er tercio lactancia
9013,2026-08-14 00:00:00,0344,3.6,,2.0,2026-05-21 00:00:00,85.0,1er tercio lactancia
9014,2026-08-14 00:00:00,0500,3.0,,4.0,2026-01-17 00:00:00,209.0,3er tercio lactancia
9015,2026-08-14 00:00:00,1004,8.4,,3.0,2026-04-07 00:00:00,129.0,2do tercio lactancia
9016,2026-08-14 00:00:00,1005,4.4,,3.0,2026-07-29 00:00:00,16.0,1er tercio lactancia
9017,2026-08-14 00:00:00,1017A,1.7,,2.0,2026-04-21 00:00:00,115.0,2do tercio lactancia
9018,2026-08-14 00:00:00,10431,13.2,,2.0,2026-05-21 00:00:00,85.0,1er tercio lactancia
9019,2026-08-14 00:00:00,1053A,5.0,,2.0,2026-06-01 00:00:00,74.0,1er tercio lactancia
9020,2026-08-14 00:00:00,1066A,2.9,,4.0,2026-04-06 00:00:00,130.0,2do tercio lactancia
9021,2026-08-14 00:00:00,1073,7.0,,1.0,2026-01-29 00:00:00,197.0,3er tercio lactancia
9022,2026-08-14 00:00:00,1074,6.2,,1.0,2026-06-03 00:00:00,72.0,1er tercio lactancia
9023,2026-08-14 00:00:00,1079,4.2,,2.0,2026-01-25 00:00:00,201.0,3er tercio lactancia
9024,2026-08-14 00:00:00,1088A,2.6,,2.0,2025-10-19 00:00:00,299.0,3er tercio lactancia
9025,2026-08-14 00:00:00,1100A,2.7,,1.0,2025-12-14 00:00:00,243.0,3er tercio lactancia
9026,2026-08-14 00:00:00,1103,2.4,,1.0,2026-02-10 00:00:00,185.0,3er tercio lactancia
9027,2026-08-14 00:00:00,2002,7.3,,1.0,2026-03-20 00:00:00,147.0,2do tercio lactancia
9028,2026-08-14 00:00:00,2011,2.1,,1.0,2026-02-10 00:00:00,185.0,3er tercio lactancia
9029,2026-08-14 00:00:00,2019,8.9,,1.0,2026-05-13 00:00:00,93.0,2do tercio lactancia
9030,2026-08-14 00:00:00,2023,2.2,,1.0,2025-10-14 00:00:00,304.0,3er tercio lactancia
9031,2026-08-14 00:00:00,2026,2.2,,1.0,2026-02-17 00:00:00,178.0,2do tercio lactancia
9032,2026-08-14 00:00:00,2030,2.9,,1.0,2025-09-10 00:00:00,338.0,3er tercio lactancia
9033,2026-08-14 00:00:00,2034,4.6,,1.0,2025-12-08 00:00:00,249.0,3er tercio lactancia
9034,2026-08-14 00:00:00,2039,2.8,,2.0,2025-11-19 00:00:00,268.0,3er tercio lactancia
9035,2026-08-14 00:00:00,2040,5.2,,2.0,2026-01-29 00:00:00,197.0,3er tercio lactancia
9036,2026-08-14 00:00:00,2047,2.7,,5.0,2026-06-14 00:00:00,61.0,1er tercio lactancia
9037,2026-08-14 00:00:00,2048,1.7,,1.0,2025-10-06 00:00:00,312.0,3er tercio lactancia
9038,2026-08-14 00:00:00,2050,7.5,,5.0,2026-03-23 00:00:00,144.0,2do tercio lactancia
9039,2026-08-14 00:00:00,2052,8.1,,1.0,2025-10-29 00:00:00,289.0,3er tercio lactancia
9040,2026-08-14 00:00:00,2066,14.3,,2.0,2026-04-10 00:00:00,126.0,2do tercio lactancia
9041,2026-08-14 00:00:00,2072,4.3,,3.0,2026-05-08 00:00:00,98.0,2do tercio lactancia
9042,2026-08-14 00:00:00,2073,9.4,,5.0,2026-05-16 00:00:00,90.0,1er tercio lactancia
9043,2026-08-14 00:00:00,2083,2.3,,4.0,2026-02-04 00:00:00,191.0,3er tercio lactancia
9044,2026-08-14 00:00:00,2087,1.9,,1.0,2026-02-14 00:00:00,181.0,3er tercio lactancia
9045,2026-08-14 00:00:00,2093,3.3,,1.0,2025-12-05 00:00:00,252.0,3er tercio lactancia
9046,2026-08-14 00:00:00,2094A,2.2,,5.0,2026-01-02 00:00:00,224.0,3er tercio lactancia
9047,2026-08-14 00:00:00,2096A,6.8,,1.0,2026-02-22 00:00:00,173.0,2do tercio lactancia
9048,2026-08-14 00:00:00,20971,2.5,,1.0,2026-03-18 00:00:00,149.0,2do tercio lactancia
9049,2026-08-14 00:00:00,2109,3.0,,1.0,2026-02-02 00:00:00,193.0,3er tercio lactancia
9050,2026-08-14 00:00:00,2111,2.5,,1.0,2025-08-16 00:00:00,363.0,3er tercio lactancia
9051,2026-08-14 00:00:00,2124A,9.0,,4.0,2026-02-28 00:00:00,167.0,2do tercio lactancia
9052,2026-08-14 00:00:00,21391,5.8,,1.0,2025-12-29 00:00:00,228.0,3er tercio lactancia
9053,2026-08-14 00:00:00,2141,3.7,,1.0,2026-02-14 00:00:00,181.0,3er tercio lactancia
9054,2026-08-14 00:00:00,2143,1.1,,4.0,2025-11-24 00:00:00,263.0,3er tercio lactancia
9055,2026-08-14 00:00:00,2145,2.6,,1.0,2026-04-21 00:00:00,115.0,2do tercio lactancia
9056,2026-08-14 00:00:00,2162,3.7,,1.0,2026-02-06 00:00:00,189.0,3er tercio lactancia
9057,2026-08-14 00:00:00,2171,8.4,,5.0,2026-03-23 00:00:00,144.0,2do tercio lactancia
9058,2026-08-14 00:00:00,2203,8.6,,2.0,2026-06-17 00:00:00,58.0,1er tercio lactancia
9059,2026-08-14 00:00:00,22085,5.5,,1.0,2026-02-25 00:00:00,170.0,2do tercio lactancia
9060,2026-08-14 00:00:00,2208A,6.0,,4.0,2026-03-15 00:00:00,152.0,2do tercio lactancia
9061,2026-08-14 00:00:00,22098,3.5,,1.0,2026-01-02 00:00:00,224.0,3er tercio lactancia
9062,2026-08-14 00:00:00,22112,3.1,,1.0,2026-02-25 00:00:00,170.0,2do tercio lactancia
9063,2026-08-14 00:00:00,22116,6.7,,1.0,2026-04-16 00:00:00,120.0,2do tercio lactancia
9064,2026-08-14 00:00:00,22117,3.8,,1.0,2026-02-26 00:00:00,169.0,2do tercio lactancia
9065,2026-08-14 00:00:00,22119,3.7,,1.0,2026-02-10 00:00:00,185.0,3er tercio lactancia
9066,2026-08-14 00:00:00,22126,6.1,,1.0,2026-05-20 00:00:00,86.0,1er tercio lactancia
9067,2026-08-14 00:00:00,22135,2.1,,1.0,2025-11-22 00:00:00,265.0,3er tercio lactancia
9068,2026-08-14 00:00:00,22139,6.0,,1.0,2026-03-20 00:00:00,147.0,2do tercio lactancia
9069,2026-08-14 00:00:00,22142,6.4,,1.0,2026-04-21 00:00:00,115.0,2do tercio lactancia
9070,2026-08-14 00:00:00,22144,3.4,,1.0,2025-11-28 00:00:00,259.0,3er tercio lactancia
9071,2026-08-14 00:00:00,22151,6.7,,1.0,2026-04-16 00:00:00,120.0,2do tercio lactancia
9072,2026-08-14 00:00:00,22160,6.7,,1.0,2026-02-14 00:00:00,181.0,3er tercio lactancia
9073,2026-08-14 00:00:00,22161,2.8,,1.0,2025-12-29 00:00:00,228.0,3er tercio lactancia
9074,2026-08-14 00:00:00,22172,3.8,,1.0,2025-09-10 00:00:00,338.0,3er tercio lactancia
9075,2026-08-14 00:00:00,22177,2.9,,1.0,2026-02-10 00:00:00,185.0,3er tercio lactancia
9076,2026-08-14 00:00:00,2218,1.6,,1.0,2026-04-10 00:00:00,126.0,2do tercio lactancia
9077,2026-08-14 00:00:00,22180,3.9,,1.0,2026-03-24 00:00:00,143.0,2do tercio lactancia
9078,2026-08-14 00:00:00,22186,2.0,,1.0,2026-01-20 00:00:00,206.0,3er tercio lactancia
9079,2026-08-14 00:00:00,22189,2.3,,1.0,2026-04-24 00:00:00,112.0,2do tercio lactancia
9080,2026-08-14 00:00:00,22193,3.9,,1.0,2026-03-10 00:00:00,157.0,2do tercio lactancia
9081,2026-08-14 00:00:00,2220,9.2,,5.0,2026-02-15 00:00:00,180.0,2do tercio lactancia
9082,2026-08-14 00:00:00,2226,4.3,,5.0,2026-02-17 00:00:00,178.0,2do tercio lactancia
9083,2026-08-14 00:00:00,23001,2.3,,1.0,2026-05-02 00:00:00,104.0,2do tercio lactancia
9084,2026-08-14 00:00:00,23006,2.8,,1.0,2026-05-08 00:00:00,98.0,2do tercio lactancia
9085,2026-08-14 00:00:00,23036,6.5,,1.0,2026-05-27 00:00:00,79.0,1er tercio lactancia
9086,2026-08-14 00:00:00,2500,2.0,,2.0,2026-03-12 00:00:00,155.0,2do tercio lactancia
9087,2026-08-14 00:00:00,3132,5.7,,4.0,2026-04-30 00:00:00,106.0,2do tercio lactancia
9088,2026-08-14 00:00:00,35,7.3,,2.0,2026-05-02 00:00:00,104.0,2do tercio lactancia
9089,2026-08-14 00:00:00,4035,6.7,,5.0,2026-02-28 00:00:00,167.0,2do tercio lactancia
9090,2026-08-14 00:00:00,5033,8.3,,4.0,2026-02-06 00:00:00,189.0,3er tercio lactancia
9091,2026-08-14 00:00:00,5052,6.3,,4.0,2026-04-07 00:00:00,129.0,2do tercio lactancia
9092,2026-08-14 00:00:00,5079,3.7,,4.0,2026-06-15 00:00:00,60.0,1er tercio lactancia
9093,2026-08-14 00:00:00,5150,6.4,,4.0,2026-02-21 00:00:00,174.0,2do tercio lactancia
9094,2026-08-14 00:00:00,6021,7.8,,5.0,2026-07-31 00:00:00,14.0,1er tercio lactancia
9095,2026-08-14 00:00:00,6067,9.3,,5.0,2026-02-20 00:00:00,175.0,2do tercio lactancia
9096,2026-08-14 00:00:00,6070,5.7,,3.0,2026-05-04 00:00:00,102.0,2do tercio lactancia
9097,2026-08-14 00:00:00,7007,8.5,,3.0,2026-07-29 00:00:00,16.0,1er tercio lactancia
9098,2026-08-14 00:00:00,7059,3.5,,3.0,2025-11-20 00:00:00,267.0,3er tercio lactancia
9099,2026-08-14 00:00:00,7061,8.6,,3.0,2026-04-21 00:00:00,115.0,2do tercio lactancia
9100,2026-08-14 00:00:00,7066,7.0,,3.0,2026-05-29 00:00:00,77.0,1er tercio lactancia
9101,2026-08-14 00:00:00,7077,2.0,,4.0,2026-08-09 00:00:00,5.0,1er tercio lactancia
9102,2026-08-14 00:00:00,7087,8.3,,4.0,2026-06-03 00:00:00,72.0,1er tercio lactancia
9103,2026-08-14 00:00:00,8011,1.9,,3.0,2026-05-12 00:00:00,94.0,2do tercio lactancia
9104,2026-08-14 00:00:00,80121,3.5,,3.0,2025-12-15 00:00:00,242.0,3er tercio lactancia
9105,2026-08-14 00:00:00,8028,6.5,,4.0,2026-04-24 00:00:00,112.0,2do tercio lactancia
9106,2026-08-14 00:00:00,8030,2.9,,4.0,2026-04-07 00:00:00,129.0,2do tercio lactancia
9107,2026-08-14 00:00:00,8033,2.3,,4.0,2026-05-06 00:00:00,100.0,2do tercio lactancia
9108,2026-08-14 00:00:00,8036,7.2,,4.0,2026-02-15 00:00:00,180.0,2do tercio lactancia
9109,2026-08-14 00:00:00,8037,8.6,,3.0,2026-05-02 00:00:00,104.0,2do tercio lactancia
9110,2026-08-14 00:00:00,8048,2.6,,3.0,2026-01-17 00:00:00,209.0,3er tercio lactancia
9111,2026-08-14 00:00:00,8076,2.9,,2.0,2025-08-27 00:00:00,352.0,3er tercio lactancia
9112,2026-08-14 00:00:00,8079,2.3,,4.0,2026-04-11 00:00:00,125.0,2do tercio lactancia
9113,2026-08-14 00:00:00,8086,3.3,,3.0,2026-05-21 00:00:00,85.0,1er tercio lactancia
9114,2026-08-14 00:00:00,8087,7.7,,3.0,2026-01-17 00:00:00,209.0,3er tercio lactancia
9115,2026-08-14 00:00:00,8089,9.4,,3.0,2026-03-23 00:00:00,144.0,2do tercio lactancia
9116,2026-08-14 00:00:00,809,8.2,,3.0,2026-01-29 00:00:00,197.0,3er tercio lactancia
9117,2026-08-14 00:00:00,9024,2.1,,2.0,2026-01-27 00:00:00,199.0,3er tercio lactancia
9118,2026-08-14 00:00:00,9040,4.7,,3.0,2026-01-26 00:00:00,200.0,3er tercio lactancia
9119,2026-08-14 00:00:00,9051,11.0,,4.0,2026-06-03 00:00:00,72.0,1er tercio lactancia
9120,2026-08-14 00:00:00,9053,2.7,,2.0,2025-10-14 00:00:00,304.0,3er tercio lactancia
9121,2026-08-14 00:00:00,9058,7.7,,3.0,2026-05-29 00:00:00,77.0,1er tercio lactancia
9122,2026-08-14 00:00:00,9099,4.0,,3.0,2026-07-22 00:00:00,23.0,1er tercio lactancia
9123,2026-08-14 00:00:00,9103,3.7,,2.0,2026-01-28 00:00:00,198.0,3er tercio lactancia
9124,2026-08-14 00:00:00,9110A,2.4,,2.0,2025-12-22 00:00:00,235.0,3er tercio lactancia
9125,2026-08-14 00:00:00,91171,10.0,,3.0,2026-03-18 00:00:00,149.0,2do tercio lactancia
9126,2026-08-14 00:00:00,91242,4.9,,3.0,2026-04-11 00:00:00,125.0,2do tercio lactancia
9127,2026-08-14 00:00:00,9125,2.8,,2.0,2025-09-17 00:00:00,331.0,3er tercio lactancia
9128,2026-08-14 00:00:00,91262,6.3,,3.0,2026-02-04 00:00:00,191.0,3er tercio lactancia
9129,2026-08-14 00:00:00,J415,4.7,,1.0,2026-05-13 00:00:00,93.0,2do tercio lactancia
9130,2026-08-14 00:00:00,J424,4.7,,2.0,2026-08-09 00:00:00,5.0,1er tercio lactancia
9131,2026-08-14 00:00:00,J425,4.3,,2.0,2026-08-09 00:00:00,5.0,1er tercio lactancia
9132,2026-08-14 00:00:00,J841,6.7,,2.0,2026-01-29 00:00:00,197.0,3er tercio lactancia
9133,2026-08-14 00:00:00,pend24,7.4,,1.0,2026-03-30 00:00:00,137.0,2do tercio lactancia
9134,2026-08-14 00:00:00,3021A,3.9,,4.0,2025-07-04 00:00:00,406.0,3er tercio lactancia
9135,2026-08-20 00:00:00,BU006,4.1,,2.0,2026-06-22 00:00:00,59.0,1er tercio lactancia
9136,2026-08-20 00:00:00,BU048,2.4,,2.0,2026-08-01 00:00:00,19.0,1er tercio lactancia
9137,2026-08-20 00:00:00,BU324,2.4,,2.0,2026-06-28 00:00:00,53.0,1er tercio lactancia
9138,2026-08-20 00:00:00,BU329,4.8,,4.0,2026-08-04 00:00:00,16.0,1er tercio lactancia
9139,2026-08-20 00:00:00,BU332,3.9,,4.0,2026-06-24 00:00:00,57.0,1er tercio lactancia
9140,2026-08-20 00:00:00,BU345,2.1,,3.0,2025-11-12 00:00:00,281.0,3er tercio lactancia
9141,2026-08-20 00:00:00,BU349,2.6,,3.0,2025-11-03 00:00:00,290.0,3er tercio lactancia
9142,2026-08-20 00:00:00,BU351,3.8,,4.0,2026-07-26 00:00:00,25.0,1er tercio lactancia
9143,2026-08-20 00:00:00,BU70,3.1,,1.0,2026-07-29 00:00:00,22.0,1er tercio lactancia
9144,2026-08-20 00:00:00,BU339,2.7,,3.0,2025-11-11 00:00:00,282.0,3er tercio lactancia
9145,2026-08-20 00:00:00,BU035,2.9,,3.0,2025-08-18 00:00:00,367.0,3er tercio lactancia
9146,2026-09-10 00:00:00,0132,7.6,,5.0,2026-04-24 00:00:00,139.0,2do tercio lactancia
9147,2026-09-10 00:00:00,0206A,3.4,,2.0,2025-10-21 00:00:00,324.0,3er tercio lactancia
9148,2026-09-10 00:00:00,0220,1.4,,3.0,2026-03-17 00:00:00,177.0,2do tercio lactancia
9149,2026-09-10 00:00:00,0226,7.7,,3.0,2026-03-15 00:00:00,179.0,2do tercio lactancia
9150,2026-09-10 00:00:00,0229,7.0,,3.0,2026-01-18 00:00:00,235.0,3er tercio lactancia
9151,2026-09-10 00:00:00,0249,6.0,,2.0,2025-10-15 00:00:00,330.0,3er tercio lactancia
9152,2026-09-10 00:00:00,0259,2.0,,2.0,2026-01-06 00:00:00,247.0,3er tercio lactancia
9153,2026-09-10 00:00:00,0267,8.7,,2.0,2026-02-14 00:00:00,208.0,3er tercio lactancia
9154,2026-09-10 00:00:00,0269,4.8,,2.0,2025-11-06 00:00:00,308.0,3er tercio lactancia
9155,2026-09-10 00:00:00,0278,2.1,,2.0,2025-10-16 00:00:00,329.0,3er tercio lactancia
9156,2026-09-10 00:00:00,0294,4.1,,3.0,2026-04-28 00:00:00,135.0,2do tercio lactancia
9157,2026-09-10 00:00:00,0299C,8.2,,2.0,2026-06-11 00:00:00,91.0,2do tercio lactancia
9158,2026-09-10 00:00:00,0305,3.5,,3.0,2026-03-23 00:00:00,171.0,2do tercio lactancia
9159,2026-09-10 00:00:00,0307,1.2,,2.0,2026-02-20 00:00:00,202.0,3er tercio lactancia
9160,2026-09-10 00:00:00,0311,1.9,,3.0,2026-05-13 00:00:00,120.0,2do tercio lactancia
9161,2026-09-10 00:00:00,0314,4.9,,3.0,2026-01-28 00:00:00,225.0,3er tercio lactancia
9162,2026-09-10 00:00:00,0322,5.8,,3.0,2026-02-04 00:00:00,218.0,3er tercio lactancia
9163,2026-09-10 00:00:00,0332,3.8,,3.0,2025-12-23 00:00:00,261.0,3er tercio lactancia
9164,2026-09-10 00:00:00,0336,3.1,,2.0,2025-11-09 00:00:00,305.0,3er tercio lactancia
9165,2026-09-10 00:00:00,0344,4.7,,2.0,2026-05-21 00:00:00,112.0,2do tercio lactancia
9166,2026-09-10 00:00:00,0500,4.5,,4.0,2026-01-17 00:00:00,236.0,3er tercio lactancia
9167,2026-09-10 00:00:00,1004,8.7,,3.0,2026-04-07 00:00:00,156.0,2do tercio lactancia
9168,2026-09-10 00:00:00,1005,6.7,,3.0,2026-07-29 00:00:00,43.0,1er tercio lactancia
9169,2026-09-10 00:00:00,1017A,1.8,,2.0,2026-04-21 00:00:00,142.0,2do tercio lactancia
9170,2026-09-10 00:00:00,10431,13.6,,2.0,2026-05-21 00:00:00,112.0,2do tercio lactancia
9171,2026-09-10 00:00:00,1053A,0.0,,2.0,2026-06-01 00:00:00,101.0,2do tercio lactancia
9172,2026-09-10 00:00:00,1066A,6.6,,4.0,2026-04-06 00:00:00,157.0,2do tercio lactancia
9173,2026-09-10 00:00:00,1073,7.1,,1.0,2026-01-29 00:00:00,224.0,3er tercio lactancia
9174,2026-09-10 00:00:00,1074,3.6,,1.0,2026-06-03 00:00:00,99.0,2do tercio lactancia
9175,2026-09-10 00:00:00,1079,2.0,,2.0,2026-01-25 00:00:00,228.0,3er tercio lactancia
9176,2026-09-10 00:00:00,1100A,2.6,,1.0,2025-12-14 00:00:00,270.0,3er tercio lactancia
9177,2026-09-10 00:00:00,2002,7.4,,1.0,2026-03-20 00:00:00,174.0,2do tercio lactancia
9178,2026-09-10 00:00:00,2011,3.5,,1.0,2026-02-10 00:00:00,212.0,3er tercio lactancia
9179,2026-09-10 00:00:00,2019,8.6,,1.0,2026-05-13 00:00:00,120.0,2do tercio lactancia
9180,2026-09-10 00:00:00,2021,3.0,,5.0,2026-08-31 00:00:00,10.0,1er tercio lactancia
9181,2026-09-10 00:00:00,2023,0.0,,1.0,2025-10-14 00:00:00,331.0,3er tercio lactancia
9182,2026-09-10 00:00:00,2026,3.1,,1.0,2026-02-17 00:00:00,205.0,3er tercio lactancia
9183,2026-09-10 00:00:00,2034,4.8,,1.0,2025-12-08 00:00:00,276.0,3er tercio lactancia
9184,2026-09-10 00:00:00,2039,3.0,,2.0,2025-11-19 00:00:00,295.0,3er tercio lactancia
9185,2026-09-10 00:00:00,2040,2.2,,2.0,2026-01-29 00:00:00,224.0,3er tercio lactancia
9186,2026-09-10 00:00:00,2047,2.7,,5.0,2026-06-14 00:00:00,88.0,1er tercio lactancia
9187,2026-09-10 00:00:00,2048,0.0,,1.0,2025-10-06 00:00:00,339.0,3er tercio lactancia
9188,2026-09-10 00:00:00,2050,8.1,,5.0,2026-03-23 00:00:00,171.0,2do tercio lactancia
9189,2026-09-10 00:00:00,2052,3.5,,1.0,2025-10-29 00:00:00,316.0,3er tercio lactancia
9190,2026-09-10 00:00:00,2066,13.9,,2.0,2026-04-10 00:00:00,153.0,2do tercio lactancia
9191,2026-09-10 00:00:00,2072,7.1,,3.0,2026-05-08 00:00:00,125.0,2do tercio lactancia
9192,2026-09-10 00:00:00,2073,10.1,,5.0,2026-05-16 00:00:00,117.0,2do tercio lactancia
9193,2026-09-10 00:00:00,2083,3.0,,4.0,2026-02-04 00:00:00,218.0,3er tercio lactancia
9194,2026-09-10 00:00:00,2087,0.0,,1.0,2026-02-14 00:00:00,208.0,3er tercio lactancia
9195,2026-09-10 00:00:00,2093,3.5,,1.0,2025-12-05 00:00:00,279.0,3er tercio lactancia
9196,2026-09-10 00:00:00,2094A,2.2,,5.0,2026-01-02 00:00:00,251.0,3er tercio lactancia
9197,2026-09-10 00:00:00,2096A,7.4,,1.0,2026-02-22 00:00:00,200.0,3er tercio lactancia
9198,2026-09-10 00:00:00,2124A,9.9,,4.0,2026-02-28 00:00:00,194.0,3er tercio lactancia
9199,2026-09-10 00:00:00,21391,6.1,,1.0,2025-12-29 00:00:00,255.0,3er tercio lactancia
9200,2026-09-10 00:00:00,2141,3.4,,1.0,2026-02-14 00:00:00,208.0,3er tercio lactancia
9201,2026-09-10 00:00:00,2145,2.1,,1.0,2026-04-21 00:00:00,142.0,2do tercio lactancia
9202,2026-09-10 00:00:00,2148A,6.7,,5.0,2026-09-03 00:00:00,7.0,1er tercio lactancia
9203,2026-09-10 00:00:00,2162,3.6,,1.0,2026-02-06 00:00:00,216.0,3er tercio lactancia
9204,2026-09-10 00:00:00,2171,9.1,,5.0,2026-03-23 00:00:00,171.0,2do tercio lactancia
9205,2026-09-10 00:00:00,2201,8.6,,2.0,2026-08-16 00:00:00,25.0,1er tercio lactancia
9206,2026-09-10 00:00:00,2203,9.6,,2.0,2026-06-17 00:00:00,85.0,1er tercio lactancia
9207,2026-09-10 00:00:00,22085,6.2,,1.0,2026-02-25 00:00:00,197.0,3er tercio lactancia
9208,2026-09-10 00:00:00,2208A,2.7,,4.0,2026-03-15 00:00:00,179.0,2do tercio lactancia
9209,2026-09-10 00:00:00,22098,3.2,,1.0,2026-01-02 00:00:00,251.0,3er tercio lactancia
9210,2026-09-10 00:00:00,22116,7.5,,1.0,2026-04-16 00:00:00,147.0,2do tercio lactancia
9211,2026-09-10 00:00:00,22117,2.2,,1.0,2026-02-26 00:00:00,196.0,3er tercio lactancia
9212,2026-09-10 00:00:00,22119,3.4,,1.0,2026-02-10 00:00:00,212.0,3er tercio lactancia
9213,2026-09-10 00:00:00,22126,1.9,,1.0,2026-05-20 00:00:00,113.0,2do tercio lactancia
9214,2026-09-10 00:00:00,22135,3.8,,1.0,2025-11-22 00:00:00,292.0,3er tercio lactancia
9215,2026-09-10 00:00:00,22139,6.9,,1.0,2026-03-20 00:00:00,174.0,2do tercio lactancia
9216,2026-09-10 00:00:00,22142,7.8,,1.0,2026-04-21 00:00:00,142.0,2do tercio lactancia
9217,2026-09-10 00:00:00,22144,4.0,,1.0,2025-11-28 00:00:00,286.0,3er tercio lactancia
9218,2026-09-10 00:00:00,22151,7.7,,1.0,2026-04-16 00:00:00,147.0,2do tercio lactancia
9219,2026-09-10 00:00:00,22160,5.7,,1.0,2026-02-14 00:00:00,208.0,3er tercio lactancia
9220,2026-09-10 00:00:00,22161,3.8,,1.0,2025-12-29 00:00:00,255.0,3er tercio lactancia
9221,2026-09-10 00:00:00,22172,5.8,,1.0,2025-09-10 00:00:00,365.0,3er tercio lactancia
9222,2026-09-10 00:00:00,22177,3.7,,1.0,2026-02-10 00:00:00,212.0,3er tercio lactancia
9223,2026-09-10 00:00:00,2218,1.1,,1.0,2026-04-10 00:00:00,153.0,2do tercio lactancia
9224,2026-09-10 00:00:00,22180,5.1,,1.0,2026-03-24 00:00:00,170.0,2do tercio lactancia
9225,2026-09-10 00:00:00,22186,3.2,,1.0,2026-01-20 00:00:00,233.0,3er tercio lactancia
9226,2026-09-10 00:00:00,22193,5.5,,1.0,2026-03-10 00:00:00,184.0,3er tercio lactancia
9227,2026-09-10 00:00:00,2220,9.6,,5.0,2026-02-15 00:00:00,207.0,3er tercio lactancia
9228,2026-09-10 00:00:00,2226,5.7,,5.0,2026-02-17 00:00:00,205.0,3er tercio lactancia
9229,2026-09-10 00:00:00,23001,2.6,,1.0,2026-05-02 00:00:00,131.0,2do tercio lactancia
9230,2026-09-10 00:00:00,23006,3.4,,1.0,2026-05-08 00:00:00,125.0,2do tercio lactancia
9231,2026-09-10 00:00:00,23036,6.7,,1.0,2026-05-27 00:00:00,106.0,2do tercio lactancia
9232,2026-09-10 00:00:00,2500,2.6,,2.0,2026-03-12 00:00:00,182.0,3er tercio lactancia
9233,2026-09-10 00:00:00,3021A,5.4,,4.0,2025-07-04 00:00:00,433.0,3er tercio lactancia
9234,2026-09-10 00:00:00,3132,4.7,,4.0,2026-04-30 00:00:00,133.0,2do tercio lactancia
9235,2026-09-10 00:00:00,35,7.0,,2.0,2026-05-02 00:00:00,131.0,2do tercio lactancia
9236,2026-09-10 00:00:00,4035,8.0,,5.0,2026-02-28 00:00:00,194.0,3er tercio lactancia
9237,2026-09-10 00:00:00,5033,8.0,,4.0,2026-02-06 00:00:00,216.0,3er tercio lactancia
9238,2026-09-10 00:00:00,5052,6.9,,4.0,2026-04-07 00:00:00,156.0,2do tercio lactancia
9239,2026-09-10 00:00:00,5079,4.1,,4.0,2026-06-15 00:00:00,87.0,1er tercio lactancia
9240,2026-09-10 00:00:00,5146,4.6,,4.0,2026-09-05 00:00:00,5.0,1er tercio lactancia
9241,2026-09-10 00:00:00,5150,7.0,,4.0,2026-02-21 00:00:00,201.0,3er tercio lactancia
9242,2026-09-10 00:00:00,6021,7.0,,5.0,2026-07-31 00:00:00,41.0,1er tercio lactancia
9243,2026-09-10 00:00:00,6067,10.5,,5.0,2026-02-20 00:00:00,202.0,3er tercio lactancia
9244,2026-09-10 00:00:00,6070,4.8,,3.0,2026-05-04 00:00:00,129.0,2do tercio lactancia
9245,2026-09-10 00:00:00,7007,9.2,,3.0,2026-07-29 00:00:00,43.0,1er tercio lactancia
9246,2026-09-10 00:00:00,7059,4.6,,3.0,2025-11-20 00:00:00,294.0,3er tercio lactancia
9247,2026-09-10 00:00:00,7061,7.2,,3.0,2026-04-21 00:00:00,142.0,2do tercio lactancia
9248,2026-09-10 00:00:00,7066,6.4,,3.0,2026-05-29 00:00:00,104.0,2do tercio lactancia
9249,2026-09-10 00:00:00,7077,11.3,,4.0,2026-08-09 00:00:00,32.0,1er tercio lactancia
9250,2026-09-10 00:00:00,7087,8.3,,4.0,2026-06-03 00:00:00,99.0,2do tercio lactancia
9251,2026-09-10 00:00:00,80121,5.2,,3.0,2025-12-15 00:00:00,269.0,3er tercio lactancia
9252,2026-09-10 00:00:00,8028,6.1,,4.0,2026-04-24 00:00:00,139.0,2do tercio lactancia
9253,2026-09-10 00:00:00,8030,2.8,,4.0,2026-04-07 00:00:00,156.0,2do tercio lactancia
9254,2026-09-10 00:00:00,8033,1.6,,4.0,2026-05-06 00:00:00,127.0,2do tercio lactancia
9255,2026-09-10 00:00:00,8036,8.8,,4.0,2026-02-15 00:00:00,207.0,3er tercio lactancia
9256,2026-09-10 00:00:00,8037,7.3,,3.0,2026-05-02 00:00:00,131.0,2do tercio lactancia
9257,2026-09-10 00:00:00,8045,6.1,,4.0,2026-08-21 00:00:00,20.0,1er tercio lactancia
9258,2026-09-10 00:00:00,8048,4.5,,3.0,2026-01-17 00:00:00,236.0,3er tercio lactancia
9259,2026-09-10 00:00:00,8076,3.1,,2.0,2025-08-27 00:00:00,379.0,3er tercio lactancia
9260,2026-09-10 00:00:00,8079,0.3,,4.0,2026-04-11 00:00:00,152.0,2do tercio lactancia
9261,2026-09-10 00:00:00,8086,3.8,,3.0,2026-05-21 00:00:00,112.0,2do tercio lactancia
9262,2026-09-10 00:00:00,8087,8.2,,3.0,2026-01-17 00:00:00,236.0,3er tercio lactancia
9263,2026-09-10 00:00:00,8089,6.2,,3.0,2026-03-23 00:00:00,171.0,2do tercio lactancia
9264,2026-09-10 00:00:00,809,7.8,,3.0,2026-01-29 00:00:00,224.0,3er tercio lactancia
9265,2026-09-10 00:00:00,9015,4.9,,3.0,2026-09-02 00:00:00,8.0,1er tercio lactancia
9266,2026-09-10 00:00:00,9024,2.7,,2.0,2026-01-27 00:00:00,226.0,3er tercio lactancia
9267,2026-09-10 00:00:00,9040,4.7,,3.0,2026-01-26 00:00:00,227.0,3er tercio lactancia
9268,2026-09-10 00:00:00,9051,11.5,,4.0,2026-06-03 00:00:00,99.0,2do tercio lactancia
9269,2026-09-10 00:00:00,9053,3.5,,2.0,2025-10-14 00:00:00,331.0,3er tercio lactancia
9270,2026-09-10 00:00:00,9058,7.9,,3.0,2026-05-29 00:00:00,104.0,2do tercio lactancia
9271,2026-09-10 00:00:00,9099,1.9,,3.0,2026-07-22 00:00:00,50.0,1er tercio lactancia
9272,2026-09-10 00:00:00,9103,9.5,,2.0,2026-01-28 00:00:00,225.0,3er tercio lactancia
9273,2026-09-10 00:00:00,9110A,3.4,,2.0,2025-12-22 00:00:00,262.0,3er tercio lactancia
9274,2026-09-10 00:00:00,91171,10.6,,3.0,2026-03-18 00:00:00,176.0,2do tercio lactancia
9275,2026-09-10 00:00:00,91242,3.9,,3.0,2026-04-11 00:00:00,152.0,2do tercio lactancia
9276,2026-09-10 00:00:00,9125,2.6,,2.0,2025-09-17 00:00:00,358.0,3er tercio lactancia
9277,2026-09-10 00:00:00,91262,7.3,,3.0,2026-02-04 00:00:00,218.0,3er tercio lactancia
9278,2026-09-10 00:00:00,9500,2.8,,3.0,2026-07-30 00:00:00,42.0,1er tercio lactancia
9279,2026-09-10 00:00:00,J415,3.6,,1.0,2026-05-13 00:00:00,120.0,2do tercio lactancia
9280,2026-09-10 00:00:00,J424,5.6,,2.0,2026-08-09 00:00:00,32.0,1er tercio lactancia
9281,2026-09-10 00:00:00,J425,5.6,,2.0,2026-08-09 00:00:00,32.0,1er tercio lactancia
9282,2026-09-10 00:00:00,pend24,8.9,,1.0,2026-03-30 00:00:00,164.0,2do tercio lactancia
