id,idem,fecha,nombre,peso
16981,26047,2026-02-25 00:00:00,,33.0
16982,26049,2026-02-25 00:00:00,,32.0
16983,26050,2026-02-25 00:00:00,,35.0
16984,26053,2026-02-25 00:00:00,,32.0
16985,26055,2026-02-25 00:00:00,,26.0
16986,26063,2026-02-25 00:00:00,,29.0
16987,26065,2026-02-25 00:00:00,,30.0
16988,26066,2026-02-25 00:00:00,,26.0
16989,26067,2026-02-25 00:00:00,,31.0
16990,26068,2026-02-25 00:00:00,,32.0
16991,26069,2026-02-25 00:00:00,,26.0
16992,26072,2026-02-25 00:00:00,,26.0
16993,26042,2026-02-21 00:00:00,,30.0
16994,26044,2026-02-21 00:00:00,,27.0
16995,26045,2026-02-21 00:00:00,,22.0
16996,26051,2026-02-21 00:00:00,,22.0
16997,26052,2026-02-21 00:00:00,,26.0
16998,26054,2026-02-21 00:00:00,,32.0
16999,26057,2026-02-21 00:00:00,,27.0
17000,26058,2026-02-21 00:00:00,,26.0
17001,26059,2026-02-21 00:00:00,,25.0
17002,26060,2026-02-21 00:00:00,,32.0
17003,26062,2026-02-21 00:00:00,,28.0
17004,26064,2026-02-21 00:00:00,,27.0
17005,25063,2026-02-12 00:00:00,,122.0
17006,25071,2026-02-12 00:00:00,,156.0
17007,25084,2026-02-12 00:00:00,,108.0
17008,25086,2026-02-12 00:00:00,,160.0
17009,25093,2026-02-12 00:00:00,,172.0
17010,25096,2026-02-12 00:00:00,,195.0
17011,25097,2026-02-12 00:00:00,,193.0
17012,25104,2026-02-12 00:00:00,,191.0
17013,25118,2026-02-12 00:00:00,,140.0
17014,25120,2026-02-12 00:00:00,,145.0
17015,25122,2026-02-12 00:00:00,,158.0
17016,25125,2026-02-12 00:00:00,,165.0
17017,25137,2026-02-12 00:00:00,,101.0
17018,25149,2026-02-12 00:00:00,,138.0
17019,25151,2026-02-12 00:00:00,,142.0
17020,25100,2026-02-12 00:00:00,,115.0
17021,25091,2026-02-12 00:00:00,,106.0
17022,25121,2026-02-12 00:00:00,,124.0
17023,25080,2026-02-12 00:00:00,,152.0
17024,25034,2026-02-12 00:00:00,,103.0
17025,25045,2026-02-12 00:00:00,,111.0
17026,24205,2026-02-12 00:00:00,,215.0
17027,25027,2026-02-12 00:00:00,,140.0
17028,25058,2026-02-12 00:00:00,,95.0
17029,25036,2026-02-12 00:00:00,,135.0
17030,2045,2026-02-12 00:00:00,,428.0
17031,3501,2026-02-12 00:00:00,,280.0
17032,24020,2026-02-12 00:00:00,,246.0
17033,25033,2026-02-12 00:00:00,,218.0
17034,24212,2026-02-12 00:00:00,,151.0
17035,25068,2026-02-12 00:00:00,,84.0
17036,25012,2026-02-12 00:00:00,,104.0
17037,23154,2026-02-12 00:00:00,,360.0
17038,25040,2026-02-12 00:00:00,,128.0
17039,25066,2026-02-12 00:00:00,,108.0
17040,24229,2026-02-09 00:00:00,,176.0
17041,24287,2026-02-09 00:00:00,,82.0
17042,24306,2026-02-09 00:00:00,,180.0
17043,25005,2026-02-09 00:00:00,,90.0
17044,25020,2026-02-09 00:00:00,,115.0
17045,25024,2026-02-09 00:00:00,,79.0
17046,25030,2026-02-09 00:00:00,,141.0
17047,25039,2026-02-09 00:00:00,,104.0
17048,25052,2026-02-09 00:00:00,,110.0
17049,25053,2026-02-09 00:00:00,,114.0
17050,25054,2026-02-09 00:00:00,,148.0
17051,25055,2026-02-09 00:00:00,,104.0
17052,25056,2026-02-09 00:00:00,,108.0
17053,25060,2026-02-09 00:00:00,,163.0
17054,25061,2026-02-09 00:00:00,,103.0
17055,25062,2026-02-09 00:00:00,,120.0
17056,25064,2026-02-09 00:00:00,,148.0
17057,25067,2026-02-09 00:00:00,,95.0
17058,25070,2026-02-09 00:00:00,,103.0
17059,25074,2026-02-09 00:00:00,,95.0
17060,25075,2026-02-09 00:00:00,,116.0
17061,25076,2026-02-09 00:00:00,,104.0
17062,25088,2026-02-09 00:00:00,,114.0
17063,25099,2026-02-09 00:00:00,,101.0
17064,25109,2026-02-09 00:00:00,,84.0
17065,25114,2026-02-09 00:00:00,,103.0
17066,25116,2026-02-09 00:00:00,,145.0
17067,25069,2026-02-09 00:00:00,,140.0
17068,25022,2026-02-09 00:00:00,,102.0
17069,J25049,2026-02-09 00:00:00,,120.0
17070,J25031,2026-02-09 00:00:00,,141.0
17071,J25002,2026-02-09 00:00:00,,100.0
17072,26031,2026-02-07 00:00:00,,32.0
17073,26032,2026-02-07 00:00:00,,25.0
17074,26033,2026-02-07 00:00:00,,33.0
17075,26034,2026-02-07 00:00:00,,35.0
17076,26035,2026-02-07 00:00:00,,35.0
17077,26036,2026-02-07 00:00:00,,23.0
17078,26037,2026-02-07 00:00:00,,30.0
17079,26038,2026-02-07 00:00:00,,23.0
17080,26040,2026-02-07 00:00:00,,26.0
17081,26041,2026-02-07 00:00:00,,25.0
17082,22195,2026-02-06 00:00:00,,351.0
17083,23027,2026-02-06 00:00:00,,266.0
17084,23094,2026-02-06 00:00:00,,364.0
17085,23098,2026-02-06 00:00:00,,340.0
17086,23125,2026-02-06 00:00:00,,296.0
17087,23127,2026-02-06 00:00:00,,224.0
17088,23139,2026-02-06 00:00:00,,330.0
17089,23160,2026-02-06 00:00:00,,226.0
17090,23166,2026-02-06 00:00:00,,240.0
17091,23168,2026-02-06 00:00:00,,261.0
17092,23186,2026-02-06 00:00:00,,312.0
17093,23223,2026-02-06 00:00:00,,281.0
17094,23227,2026-02-06 00:00:00,,265.0
17095,23231,2026-02-06 00:00:00,,221.0
17096,23233,2026-02-06 00:00:00,,270.0
17097,23237,2026-02-06 00:00:00,,256.0
17098,23243,2026-02-06 00:00:00,,207.0
17099,23246,2026-02-06 00:00:00,,312.0
17100,23248,2026-02-06 00:00:00,,274.0
17101,23250,2026-02-06 00:00:00,,231.0
17102,23252,2026-02-06 00:00:00,,305.0
17103,24004,2026-02-06 00:00:00,,231.0
17104,24006,2026-02-06 00:00:00,,285.0
17105,24007,2026-02-06 00:00:00,,308.0
17106,24008,2026-02-06 00:00:00,,186.0
17107,24013,2026-02-06 00:00:00,,319.0
17108,24015,2026-02-06 00:00:00,,275.0
17109,24016,2026-02-06 00:00:00,,408.0
17110,24021,2026-02-06 00:00:00,,305.0
17112,24039,2026-02-06 00:00:00,,226.0
17113,24040,2026-02-06 00:00:00,,235.0
17114,24042,2026-02-06 00:00:00,,248.0
17115,24043,2026-02-06 00:00:00,,226.0
17116,24045,2026-02-06 00:00:00,,209.0
17117,24051,2026-02-06 00:00:00,,253.0
17118,24052,2026-02-06 00:00:00,,165.0
17119,24053,2026-02-06 00:00:00,,212.0
17120,24054,2026-02-06 00:00:00,,260.0
17121,24055,2026-02-06 00:00:00,,234.0
17122,24058,2026-02-06 00:00:00,,220.0
17123,24066,2026-02-06 00:00:00,,250.0
17124,24068,2026-02-06 00:00:00,,219.0
17125,24070,2026-02-06 00:00:00,,224.0
17126,24072,2026-02-06 00:00:00,,232.0
17127,24084,2026-02-06 00:00:00,,250.0
17128,24090,2026-02-06 00:00:00,,212.0
17129,24094,2026-02-06 00:00:00,,206.0
17130,24097,2026-02-06 00:00:00,,222.0
17131,24099,2026-02-06 00:00:00,,238.0
17132,24101,2026-02-06 00:00:00,,233.0
17133,24106,2026-02-06 00:00:00,,226.0
17134,24114,2026-02-06 00:00:00,,180.0
17135,24115,2026-02-06 00:00:00,,218.0
17136,24119,2026-02-06 00:00:00,,224.0
17137,24120,2026-02-06 00:00:00,,254.0
17138,24124,2026-02-06 00:00:00,,208.0
17139,24129,2026-02-06 00:00:00,,215.0
17140,24142,2026-02-06 00:00:00,,220.0
17141,24144,2026-02-06 00:00:00,,236.0
17142,24150,2026-02-06 00:00:00,,178.0
17143,24152,2026-02-06 00:00:00,,134.0
17144,24162,2026-02-06 00:00:00,,200.0
17145,24173,2026-02-06 00:00:00,,227.0
17146,24180,2026-02-06 00:00:00,,193.0
17147,24181,2026-02-06 00:00:00,,234.0
17148,24182,2026-02-06 00:00:00,,220.0
17149,24187,2026-02-06 00:00:00,,177.0
17150,24212,2026-02-06 00:00:00,,166.0
17151,24224,2026-02-06 00:00:00,,168.0
17152,24231,2026-02-06 00:00:00,,207.0
17153,J4010,2026-02-06 00:00:00,,361.0
17154,J402,2026-02-06 00:00:00,,248.0
17155,J403,2026-02-06 00:00:00,,260.0
17156,J404,2026-02-06 00:00:00,,316.0
17157,J405,2026-02-06 00:00:00,,263.0
17158,J406,2026-02-06 00:00:00,,311.0
17159,J407,2026-02-06 00:00:00,,286.0
17160,J408,2026-02-06 00:00:00,,347.0
17161,J409,2026-02-06 00:00:00,,346.0
17162,J412,2026-02-06 00:00:00,,234.0
17163,J413,2026-02-06 00:00:00,,312.0
17164,J414,2026-02-06 00:00:00,,304.0
17165,J415,2026-02-06 00:00:00,,319.0
17166,J417,2026-02-06 00:00:00,,255.0
17167,J418,2026-02-06 00:00:00,,189.0
17168,24250,2026-02-06 00:00:00,,160.0
17169,24005,2026-02-06 00:00:00,,215.0
17170,24131,2026-02-06 00:00:00,,228.0
17171,24073,2026-02-06 00:00:00,,208.0
17172,25021,2026-02-06 00:00:00,,124.0
17173,24014,2026-02-06 00:00:00,,242.0
17174,24299,2026-02-06 00:00:00,,122.0
17175,24262,2026-02-06 00:00:00,,142.0
17176,24179,2026-02-06 00:00:00,,169.0
17177,24020,2026-02-06 00:00:00,,264.0
17178,24172,2026-02-06 00:00:00,,148.0
17179,24204,2026-02-06 00:00:00,,109.0
17180,24285,2026-02-06 00:00:00,,115.0
17181,24218,2026-02-06 00:00:00,,240.0
17182,23232,2026-02-06 00:00:00,,325.0
17183,24251,2026-02-06 00:00:00,,137.0
17184,24278,2026-02-06 00:00:00,,167.0
17185,24277,2026-02-06 00:00:00,,111.0
17186,25023,2026-02-06 00:00:00,,136.0
17187,25235,2026-02-06 00:00:00,,140.0
17188,24247,2026-02-06 00:00:00,,91.0
17189,24252,2026-02-06 00:00:00,,106.0
17190,BU78,2026-02-06 00:00:00,,468.0
17191,BU79,2026-02-06 00:00:00,,410.0
17192,BU356,2026-02-06 00:00:00,,283.0
17193,BU357,2026-02-06 00:00:00,,294.0
17194,BU358,2026-02-06 00:00:00,,263.0
17195,BU360,2026-02-06 00:00:00,,212.0
17196,BU363,2026-02-06 00:00:00,,212.0
17197,BU368,2026-02-06 00:00:00,,253.0
17198,BU370,2026-02-06 00:00:00,,272.0
17199,BU371,2026-02-06 00:00:00,,245.0
17200,BU374,2026-02-06 00:00:00,,250.0
17201,BU375,2026-02-06 00:00:00,,241.0
17202,BU377,2026-02-06 00:00:00,,157.0
17203,23240,2026-02-06 00:00:00,,264.0
17204,26016,2026-01-22 00:00:00,,28.0
17205,26017,2026-01-22 00:00:00,,28.0
17206,26018,2026-01-22 00:00:00,,30.0
17207,26019,2026-01-22 00:00:00,,29.0
17208,26020,2026-01-22 00:00:00,,29.0
17209,26021,2026-01-22 00:00:00,,31.0
17210,26022,2026-01-22 00:00:00,,29.0
17211,26023,2026-01-22 00:00:00,,26.0
17212,26024,2026-01-22 00:00:00,,19.0
17213,26025,2026-01-22 00:00:00,,28.0
17214,26026,2026-01-22 00:00:00,,28.0
17215,26027,2026-01-22 00:00:00,,28.0
17216,26028,2026-01-22 00:00:00,,27.0
17217,26029,2026-01-22 00:00:00,,23.0
17218,26030,2026-01-22 00:00:00,,18.0
17219,25302,2026-01-15 00:00:00,,23.0
17220,2029,2026-01-12 00:00:00,,696.0
17221,2032,2026-01-12 00:00:00,,819.0
17222,2041,2026-01-12 00:00:00,,737.0
17223,325,2026-01-12 00:00:00,,647.0
17224,25318,2026-01-08 00:00:00,,24.0
17225,25314,2026-01-08 00:00:00,,23.0
17226,25316,2026-01-08 00:00:00,,30.0
17227,26015,2026-01-08 00:00:00,,35.0
17228,25319,2026-01-08 00:00:00,,35.0
17229,26007,2026-01-06 00:00:00,,33.0
17230,26008,2026-01-06 00:00:00,,26.0
17231,26010,2026-01-06 00:00:00,,26.0
17232,26011,2026-01-06 00:00:00,,26.0
17233,26012,2026-01-06 00:00:00,,23.0
17234,26013,2026-01-06 00:00:00,,35.0
17235,26005,2026-01-05 00:00:00,,35.0
17236,26001,2026-01-02 00:00:00,,24.0
17237,26003,2026-01-02 00:00:00,,29.0
17238,25313,2025-12-29 00:00:00,,30.0
17239,25315,2025-12-29 00:00:00,,32.0
17240,25317,2025-12-29 00:00:00,,22.0
17241,26014,2025-12-23 00:00:00,,24.0
17242,25307,2025-12-16 00:00:00,,23.0
17243,25308,2025-12-16 00:00:00,,23.0
17244,25310,2025-12-16 00:00:00,,23.0
17245,25306,2025-12-16 00:00:00,,23.0
17246,25296,2025-12-11 00:00:00,,30.0
17247,25299,2025-12-11 00:00:00,,25.0
17248,25300,2025-12-11 00:00:00,,27.0
17249,128,2025-12-10 00:00:00,,342.0
17250,304,2025-12-10 00:00:00,,431.0
17251,1023,2025-12-10 00:00:00,,353.0
17252,1043A,2025-12-10 00:00:00,,325.0
17253,1059,2025-12-10 00:00:00,,353.0
17254,1077A,2025-12-10 00:00:00,,370.0
17255,1084A,2025-12-10 00:00:00,,398.0
17256,1097B,2025-12-10 00:00:00,,214.0
17257,1132,2025-12-10 00:00:00,,392.0
17258,12164,2025-12-10 00:00:00,,292.0
17259,2037,2025-12-10 00:00:00,,381.0
17260,2061,2025-12-10 00:00:00,,319.0
17261,2143A,2025-12-10 00:00:00,,340.0
17262,23037,2025-12-10 00:00:00,,381.0
17263,25063,2025-12-10 00:00:00,,124.0
17264,25071,2025-12-10 00:00:00,,143.0
17265,25078,2025-12-10 00:00:00,,191.0
17266,25086,2025-12-10 00:00:00,,166.0
17267,25093,2025-12-10 00:00:00,,167.0
17268,25096,2025-12-10 00:00:00,,167.0
17269,25097,2025-12-10 00:00:00,,166.0
17270,25104,2025-12-10 00:00:00,,170.0
17271,25115,2025-12-10 00:00:00,,153.0
17272,25118,2025-12-10 00:00:00,,126.0
17273,25120,2025-12-10 00:00:00,,116.0
17274,25122,2025-12-10 00:00:00,,118.0
17275,25125,2025-12-10 00:00:00,,157.0
17276,25137,2025-12-10 00:00:00,,81.0
17277,25140,2025-12-10 00:00:00,,126.0
17278,25149,2025-12-10 00:00:00,,123.0
17279,25152,2025-12-10 00:00:00,,148.0
17280,25173,2025-12-10 00:00:00,,83.0
17281,25178,2025-12-10 00:00:00,,107.0
17282,25179,2025-12-10 00:00:00,,79.0
17283,25183,2025-12-10 00:00:00,,79.0
17284,25203,2025-12-10 00:00:00,,59.0
17285,25206,2025-12-10 00:00:00,,79.0
17286,25210,2025-12-10 00:00:00,,90.0
17287,25222,2025-12-10 00:00:00,,85.0
17288,25226,2025-12-10 00:00:00,,72.0
17289,25239,2025-12-10 00:00:00,,71.0
17290,31,2025-12-10 00:00:00,,268.0
17291,4055,2025-12-10 00:00:00,,424.0
17292,4066,2025-12-10 00:00:00,,364.0
17293,4141,2025-12-10 00:00:00,,414.0
17294,50501,2025-12-10 00:00:00,,365.0
17295,5098,2025-12-10 00:00:00,,409.0
17296,7072,2025-12-10 00:00:00,,474.0
17297,8060,2025-12-10 00:00:00,,352.0
17298,8085,2025-12-10 00:00:00,,348.0
17299,9014,2025-12-10 00:00:00,,401.0
17300,J428,2025-12-10 00:00:00,,600.0
17301,24160,2025-12-10 00:00:00,,228.0
17302,2060,2025-12-10 00:00:00,,623.0
17303,24154,2025-12-10 00:00:00,,217.0
17304,25164,2025-12-10 00:00:00,,73.0
17305,25223,2025-12-10 00:00:00,,75.0
17306,25229,2025-12-10 00:00:00,,75.0
17307,0118A,2025-12-09 00:00:00,,477.0
17308,119,2025-12-09 00:00:00,,536.0
17309,127,2025-12-09 00:00:00,,553.0
17310,141,2025-12-09 00:00:00,,548.0
17311,198,2025-12-09 00:00:00,,639.0
17312,0204B,2025-12-09 00:00:00,,503.0
17313,217,2025-12-09 00:00:00,,475.0
17314,293,2025-12-09 00:00:00,,519.0
17315,1008,2025-12-09 00:00:00,,380.0
17316,1027,2025-12-09 00:00:00,,581.0
17317,1027A,2025-12-09 00:00:00,,486.0
17318,1033,2025-12-09 00:00:00,,567.0
17319,1055A,2025-12-09 00:00:00,,556.0
17320,1056,2025-12-09 00:00:00,,575.0
17321,1067,2025-12-09 00:00:00,,473.0
17322,1069,2025-12-09 00:00:00,,622.0
17323,1070,2025-12-09 00:00:00,,478.0
17324,1070A,2025-12-09 00:00:00,,598.0
17325,1082A,2025-12-09 00:00:00,,489.0
17326,1085,2025-12-09 00:00:00,,571.0
17327,1092A,2025-12-09 00:00:00,,546.0
17328,1093,2025-12-09 00:00:00,,542.0
17329,1096A,2025-12-09 00:00:00,,446.0
17330,1097A,2025-12-09 00:00:00,,521.0
17331,1101A,2025-12-09 00:00:00,,509.0
17332,1104,2025-12-09 00:00:00,,508.0
17333,1106,2025-12-09 00:00:00,,548.0
17334,1126,2025-12-09 00:00:00,,620.0
17335,1152,2025-12-09 00:00:00,,665.0
17336,1154,2025-12-09 00:00:00,,626.0
17337,1156,2025-12-09 00:00:00,,652.0
17338,1180,2025-12-09 00:00:00,,692.0
17339,1204,2025-12-09 00:00:00,,625.0
17340,1206,2025-12-09 00:00:00,,595.0
17341,1214,2025-12-09 00:00:00,,406.0
17342,1215,2025-12-09 00:00:00,,665.0
17343,1219,2025-12-09 00:00:00,,607.0
17344,1228,2025-12-09 00:00:00,,599.0
17345,1292,2025-12-09 00:00:00,,640.0
17346,2001B,2025-12-09 00:00:00,,546.0
17347,2004,2025-12-09 00:00:00,,566.0
17348,2025,2025-12-09 00:00:00,,524.0
17349,2053,2025-12-09 00:00:00,,600.0
17350,2067,2025-12-09 00:00:00,,525.0
17351,2128,2025-12-09 00:00:00,,562.0
17352,2159,2025-12-09 00:00:00,,447.0
17353,2167,2025-12-09 00:00:00,,485.0
17354,2170,2025-12-09 00:00:00,,467.0
17355,22100,2025-12-09 00:00:00,,425.0
17356,22115,2025-12-09 00:00:00,,488.0
17357,22120,2025-12-09 00:00:00,,473.0
17358,22122,2025-12-09 00:00:00,,403.0
17359,22157,2025-12-09 00:00:00,,425.0
17360,22158,2025-12-09 00:00:00,,449.0
17361,22166,2025-12-09 00:00:00,,489.0
17362,22175,2025-12-09 00:00:00,,469.0
17363,22181,2025-12-09 00:00:00,,524.0
17364,22184,2025-12-09 00:00:00,,394.0
17365,22194,2025-12-09 00:00:00,,515.0
17366,22206,2025-12-09 00:00:00,,441.0
17367,23004,2025-12-09 00:00:00,,498.0
17368,23011,2025-12-09 00:00:00,,469.0
17369,23014,2025-12-09 00:00:00,,415.0
17370,23015,2025-12-09 00:00:00,,477.0
17371,23019,2025-12-09 00:00:00,,432.0
17372,J4011,2025-12-09 00:00:00,,348.0
17373,MSN15,2025-12-09 00:00:00,,661.0
17374,SN50,2025-12-09 00:00:00,,607.0
17375,25271,2025-12-09 00:00:00,,23.0
17376,25282,2025-12-09 00:00:00,,23.0
17377,25286,2025-12-09 00:00:00,,26.0
17378,0116A,2025-12-04 00:00:00,,516.0
17379,1067,2025-12-04 00:00:00,,474.0
17380,1068A,2025-12-04 00:00:00,,431.0
17381,1070A,2025-12-04 00:00:00,,594.0
17382,1077,2025-12-04 00:00:00,,522.0
17383,1101,2025-12-04 00:00:00,,589.0
17384,1112,2025-12-04 00:00:00,,525.0
17385,1133,2025-12-04 00:00:00,,450.0
17386,1237,2025-12-04 00:00:00,,587.0
17387,2004,2025-12-04 00:00:00,,569.0
17388,2010,2025-12-04 00:00:00,,432.0
17389,2044,2025-12-04 00:00:00,,434.0
17390,2058,2025-12-04 00:00:00,,498.0
17391,2067,2025-12-04 00:00:00,,524.0
17392,2090,2025-12-04 00:00:00,,581.0
17393,2092,2025-12-04 00:00:00,,598.0
17394,2094,2025-12-04 00:00:00,,437.0
17395,2101,2025-12-04 00:00:00,,441.0
17396,2106,2025-12-04 00:00:00,,473.0
17397,2149,2025-12-04 00:00:00,,497.0
17398,2155,2025-12-04 00:00:00,,496.0
17399,2174,2025-12-04 00:00:00,,445.0
17400,22114,2025-12-04 00:00:00,,401.0
17401,22118,2025-12-04 00:00:00,,508.0
17402,22122,2025-12-04 00:00:00,,406.0
17403,22132,2025-12-04 00:00:00,,353.0
17404,22157,2025-12-04 00:00:00,,422.0
17405,22158,2025-12-04 00:00:00,,449.0
17406,22168,2025-12-04 00:00:00,,379.0
17407,22175,2025-12-04 00:00:00,,466.0
17408,22176,2025-12-04 00:00:00,,380.0
17409,22178,2025-12-04 00:00:00,,503.0
17410,22185,2025-12-04 00:00:00,,447.0
17411,22187,2025-12-04 00:00:00,,347.0
17412,22188,2025-12-04 00:00:00,,447.0
17413,22190,2025-12-04 00:00:00,,449.0
17414,22192,2025-12-04 00:00:00,,381.0
17415,22196,2025-12-04 00:00:00,,385.0
17416,22205,2025-12-04 00:00:00,,373.0
17417,22207,2025-12-04 00:00:00,,390.0
17418,22209,2025-12-04 00:00:00,,443.0
17419,23007,2025-12-04 00:00:00,,331.0
17420,23010,2025-12-04 00:00:00,,389.0
17421,23011,2025-12-04 00:00:00,,468.0
17422,23020,2025-12-04 00:00:00,,379.0
17423,23026,2025-12-04 00:00:00,,319.0
17424,23028,2025-12-04 00:00:00,,374.0
17425,23046,2025-12-04 00:00:00,,312.0
17426,23053,2025-12-04 00:00:00,,382.0
17427,23054,2025-12-04 00:00:00,,328.0
17428,23058,2025-12-04 00:00:00,,378.0
17429,23063,2025-12-04 00:00:00,,364.0
17430,23072,2025-12-04 00:00:00,,386.0
17431,23078,2025-12-04 00:00:00,,350.0
17432,23084,2025-12-04 00:00:00,,376.0
17433,23085,2025-12-04 00:00:00,,353.0
17434,23088,2025-12-04 00:00:00,,342.0
17435,23090,2025-12-04 00:00:00,,371.0
17436,23095,2025-12-04 00:00:00,,371.0
17437,23096,2025-12-04 00:00:00,,419.0
17438,23100,2025-12-04 00:00:00,,356.0
17439,23102,2025-12-04 00:00:00,,357.0
17440,23104,2025-12-04 00:00:00,,403.0
17441,23108,2025-12-04 00:00:00,,253.0
17442,23114,2025-12-04 00:00:00,,376.0
17443,23116,2025-12-04 00:00:00,,368.0
17444,23118,2025-12-04 00:00:00,,364.0
17445,23119,2025-12-04 00:00:00,,398.0
17446,23120,2025-12-04 00:00:00,,345.0
17447,23123,2025-12-04 00:00:00,,412.0
17448,23124,2025-12-04 00:00:00,,310.0
17449,23135,2025-12-04 00:00:00,,301.0
17450,23140,2025-12-04 00:00:00,,329.0
17451,23142,2025-12-04 00:00:00,,368.0
17452,23146,2025-12-04 00:00:00,,423.0
17453,23150,2025-12-04 00:00:00,,371.0
17454,23157,2025-12-04 00:00:00,,248.0
17455,23173,2025-12-04 00:00:00,,245.0
17456,23181,2025-12-04 00:00:00,,357.0
17457,23188,2025-12-04 00:00:00,,265.0
17458,23212,2025-12-04 00:00:00,,252.0
17459,23214,2025-12-04 00:00:00,,362.0
17460,23224,2025-12-04 00:00:00,,344.0
17461,23238,2025-12-04 00:00:00,,370.0
17462,23241,2025-12-04 00:00:00,,421.0
17463,23249,2025-12-04 00:00:00,,332.0
17464,24002,2025-12-04 00:00:00,,330.0
17465,24029,2025-12-04 00:00:00,,328.0
17466,24033,2025-12-04 00:00:00,,251.0
17467,24034,2025-12-04 00:00:00,,261.0
17468,24077,2025-12-04 00:00:00,,377.0
17469,24134,2025-12-04 00:00:00,,242.0
17470,J4011,2025-12-04 00:00:00,,297.0
17471,J416,2025-12-04 00:00:00,,253.0
17472,23038,2025-12-04 00:00:00,,339.0
17473,25288,2025-12-03 00:00:00,,23.0
17474,25289,2025-12-03 00:00:00,,29.0
17475,25290,2025-12-03 00:00:00,,29.0
17476,25291,2025-12-03 00:00:00,,29.0
17477,25292,2025-12-03 00:00:00,,22.0
17478,25293,2025-12-03 00:00:00,,26.0
17479,25272,2025-11-24 00:00:00,,30.0
17480,25274,2025-11-24 00:00:00,,28.0
17481,25275,2025-11-24 00:00:00,,32.0
17482,25276,2025-11-24 00:00:00,,34.0
17483,25277,2025-11-24 00:00:00,,33.0
17484,25278,2025-11-24 00:00:00,,28.0
17485,25279,2025-11-24 00:00:00,,31.0
17486,25280,2025-11-24 00:00:00,,42.0
17487,25281,2025-11-24 00:00:00,,25.0
17488,25283,2025-11-24 00:00:00,,31.0
17489,25284,2025-11-24 00:00:00,,29.0
17490,25285,2025-11-24 00:00:00,,27.0
17491,25287,2025-11-24 00:00:00,,15.0
17492,25265,2025-11-14 00:00:00,,28.0
17493,25266,2025-11-14 00:00:00,,27.0
17494,25267,2025-11-14 00:00:00,,26.0
17495,25268,2025-11-14 00:00:00,,31.0
17496,25269,2025-11-14 00:00:00,,31.0
17497,25270,2025-11-14 00:00:00,,26.0
17498,25273,2025-11-14 00:00:00,,22.0
17499,25253,2025-11-04 00:00:00,,28.0
17500,25254,2025-11-04 00:00:00,,28.0
17501,25255,2025-11-04 00:00:00,,23.0
17502,25256,2025-11-04 00:00:00,,31.0
17503,25257,2025-11-04 00:00:00,,39.0
17504,25258,2025-11-04 00:00:00,,35.0
17505,25259,2025-11-04 00:00:00,,32.0
17506,25260,2025-11-04 00:00:00,,21.0
17507,25261,2025-11-04 00:00:00,,29.0
17508,25262,2025-11-04 00:00:00,,22.0
17509,25264,2025-11-04 00:00:00,,27.0
17510,25017,2025-10-30 00:00:00,,118.0
17511,25021,2025-10-30 00:00:00,,119.0
17512,24307,2025-10-30 00:00:00,,127.0
17513,24255,2025-10-30 00:00:00,,178.0
17514,24289,2025-10-30 00:00:00,,101.0
17515,25028,2025-10-30 00:00:00,,87.0
17516,25026,2025-10-30 00:00:00,,102.0
17517,25069,2025-10-30 00:00:00,,122.0
17518,24078,2025-10-30 00:00:00,,219.0
17519,25035,2025-10-30 00:00:00,,120.0
17520,24272,2025-10-30 00:00:00,,96.0
17521,25037,2025-10-30 00:00:00,,81.0
17522,101,2025-10-29 00:00:00,,475.0
17523,125,2025-10-29 00:00:00,,433.0
17524,128,2025-10-29 00:00:00,,345.0
17525,143,2025-10-29 00:00:00,,406.0
17526,205,2025-10-29 00:00:00,,325.0
17527,263,2025-10-29 00:00:00,,341.0
17528,274,2025-10-29 00:00:00,,271.0
17529,303,2025-10-29 00:00:00,,409.0
17530,304,2025-10-29 00:00:00,,427.0
17531,307,2025-10-29 00:00:00,,418.0
17532,310,2025-10-29 00:00:00,,345.0
17533,311,2025-10-29 00:00:00,,319.0
17534,314,2025-10-29 00:00:00,,396.0
17535,326,2025-10-29 00:00:00,,434.0
17536,0330A,2025-10-29 00:00:00,,451.0
17537,342,2025-10-29 00:00:00,,536.0
17538,343,2025-10-29 00:00:00,,298.0
17539,344,2025-10-29 00:00:00,,364.0
17540,350,2025-10-29 00:00:00,,335.0
17541,354,2025-10-29 00:00:00,,404.0
17542,1023,2025-10-29 00:00:00,,323.0
17543,1043A,2025-10-29 00:00:00,,292.0
17544,1056A,2025-10-29 00:00:00,,407.0
17545,1059,2025-10-29 00:00:00,,317.0
17546,1065,2025-10-29 00:00:00,,343.0
17547,1074,2025-10-29 00:00:00,,336.0
17548,1084A,2025-10-29 00:00:00,,281.0
17549,1097B,2025-10-29 00:00:00,,231.0
17550,1103,2025-10-29 00:00:00,,449.0
17551,1117,2025-10-29 00:00:00,,422.0
17552,1132,2025-10-29 00:00:00,,397.0
17553,12164,2025-10-29 00:00:00,,288.0
17554,1310,2025-10-29 00:00:00,,425.0
17555,1501,2025-10-29 00:00:00,,322.0
17556,2002,2025-10-29 00:00:00,,380.0
17557,2019,2025-10-29 00:00:00,,415.0
17558,20334,2025-10-29 00:00:00,,454.0
17559,2045,2025-10-29 00:00:00,,448.0
17560,2061,2025-10-29 00:00:00,,309.0
17561,2064,2025-10-29 00:00:00,,279.0
17562,2083,2025-10-29 00:00:00,,373.0
17563,2087,2025-10-29 00:00:00,,427.0
17564,2088B,2025-10-29 00:00:00,,375.0
17565,2096A,2025-10-29 00:00:00,,355.0
17566,2097,2025-10-29 00:00:00,,411.0
17567,20971,2025-10-29 00:00:00,,345.0
17568,21027,2025-10-29 00:00:00,,352.0
17569,2107,2025-10-29 00:00:00,,266.0
17570,2109,2025-10-29 00:00:00,,440.0
17571,2110,2025-10-29 00:00:00,,348.0
17572,2143A,2025-10-29 00:00:00,,320.0
17573,2145,2025-10-29 00:00:00,,360.0
17574,2149A,2025-10-29 00:00:00,,349.0
17575,22085,2025-10-29 00:00:00,,382.0
17576,22112,2025-10-29 00:00:00,,363.0
17577,22116,2025-10-29 00:00:00,,304.0
17578,22119,2025-10-29 00:00:00,,350.0
17579,22139,2025-10-29 00:00:00,,352.0
17580,22142,2025-10-29 00:00:00,,371.0
17581,22151,2025-10-29 00:00:00,,361.0
17582,22160,2025-10-29 00:00:00,,392.0
17583,2218,2025-10-29 00:00:00,,385.0
17584,22180,2025-10-29 00:00:00,,326.0
17585,23037,2025-10-29 00:00:00,,328.0
17586,24005,2025-10-29 00:00:00,,155.0
17587,24091,2025-10-29 00:00:00,,191.0
17588,24171,2025-10-29 00:00:00,,196.0
17589,24184,2025-10-29 00:00:00,,125.0
17590,24218,2025-10-29 00:00:00,,192.0
17591,24233,2025-10-29 00:00:00,,215.0
17592,24240,2025-10-29 00:00:00,,179.0
17593,24242,2025-10-29 00:00:00,,149.0
17594,24247,2025-10-29 00:00:00,,178.0
17595,24249,2025-10-29 00:00:00,,174.0
17596,24264,2025-10-29 00:00:00,,235.0
17597,24268,2025-10-29 00:00:00,,201.0
17598,24271,2025-10-29 00:00:00,,291.0
17599,24274,2025-10-29 00:00:00,,180.0
17600,24276,2025-10-29 00:00:00,,196.0
17601,24279,2025-10-29 00:00:00,,176.0
17602,24280,2025-10-29 00:00:00,,148.0
17603,24288,2025-10-29 00:00:00,,235.0
17604,24299,2025-10-29 00:00:00,,111.0
17605,24302,2025-10-29 00:00:00,,170.0
17606,24303,2025-10-29 00:00:00,,128.0
17607,24307,2025-10-29 00:00:00,,150.0
17608,24308,2025-10-29 00:00:00,,118.0
17609,2500,2025-10-29 00:00:00,,376.0
17610,25003,2025-10-29 00:00:00,,200.0
17611,25006,2025-10-29 00:00:00,,178.0
17612,25010,2025-10-29 00:00:00,,132.0
17613,25011,2025-10-29 00:00:00,,208.0
17614,25013,2025-10-29 00:00:00,,146.0
17615,25015,2025-10-29 00:00:00,,160.0
17616,25016,2025-10-29 00:00:00,,216.0
17617,25025,2025-10-29 00:00:00,,116.0
17618,25029,2025-10-29 00:00:00,,135.0
17619,25032,2025-10-29 00:00:00,,102.0
17620,25033,2025-10-29 00:00:00,,218.0
17621,25037,2025-10-29 00:00:00,,82.0
17622,25038,2025-10-29 00:00:00,,148.0
17623,25041,2025-10-29 00:00:00,,135.0
17624,25042,2025-10-29 00:00:00,,137.0
17625,25043,2025-10-29 00:00:00,,95.0
17626,25044,2025-10-29 00:00:00,,121.0
17627,25051,2025-10-29 00:00:00,,194.0
17628,25060,2025-10-29 00:00:00,,144.0
17629,25063,2025-10-29 00:00:00,,109.0
17630,25064,2025-10-29 00:00:00,,123.0
17631,25065,2025-10-29 00:00:00,,138.0
17632,25071,2025-10-29 00:00:00,,131.0
17633,25078,2025-10-29 00:00:00,,163.0
17634,25080,2025-10-29 00:00:00,,120.0
17635,25086,2025-10-29 00:00:00,,154.0
17636,25093,2025-10-29 00:00:00,,149.0
17637,25096,2025-10-29 00:00:00,,138.0
17638,25097,2025-10-29 00:00:00,,132.0
17639,25104,2025-10-29 00:00:00,,118.0
17640,25114,2025-10-29 00:00:00,,105.0
17641,25115,2025-10-29 00:00:00,,81.0
17642,25117,2025-10-29 00:00:00,,118.0
17643,25120,2025-10-29 00:00:00,,85.0
17644,25122,2025-10-29 00:00:00,,91.0
17645,25125,2025-10-29 00:00:00,,114.0
17646,25137,2025-10-29 00:00:00,,60.0
17647,25140,2025-10-29 00:00:00,,88.0
17648,25149,2025-10-29 00:00:00,,102.0
17649,25152,2025-10-29 00:00:00,,142.0
17650,25164,2025-10-29 00:00:00,,59.0
17651,25173,2025-10-29 00:00:00,,77.0
17652,25176,2025-10-29 00:00:00,,62.0
17653,25178,2025-10-29 00:00:00,,82.0
17654,25179,2025-10-29 00:00:00,,83.0
17655,25183,2025-10-29 00:00:00,,72.0
17656,3027A,2025-10-29 00:00:00,,357.0
17657,3043,2025-10-29 00:00:00,,386.0
17658,31,2025-10-29 00:00:00,,290.0
17659,40072,2025-10-29 00:00:00,,369.0
17660,4033,2025-10-29 00:00:00,,301.0
17661,4034,2025-10-29 00:00:00,,356.0
17662,4048,2025-10-29 00:00:00,,493.0
17663,4076,2025-10-29 00:00:00,,502.0
17664,4099,2025-10-29 00:00:00,,445.0
17665,4101,2025-10-29 00:00:00,,408.0
17666,4141,2025-10-29 00:00:00,,388.0
17667,5007,2025-10-29 00:00:00,,402.0
17668,50501,2025-10-29 00:00:00,,308.0
17669,50741,2025-10-29 00:00:00,,375.0
17670,5098,2025-10-29 00:00:00,,409.0
17671,6020,2025-10-29 00:00:00,,358.0
17672,6028,2025-10-29 00:00:00,,388.0
17673,6031,2025-10-29 00:00:00,,383.0
17674,6050,2025-10-29 00:00:00,,453.0
17675,7072,2025-10-29 00:00:00,,480.0
17676,7092,2025-10-29 00:00:00,,401.0
17677,8005,2025-10-29 00:00:00,,448.0
17678,8014,2025-10-29 00:00:00,,412.0
17679,8067,2025-10-29 00:00:00,,324.0
17680,8093,2025-10-29 00:00:00,,453.0
17681,9051,2025-10-29 00:00:00,,486.0
17682,9100,2025-10-29 00:00:00,,398.0
17683,91091,2025-10-29 00:00:00,,456.0
17684,9128B,2025-10-29 00:00:00,,332.0
17685,9503,2025-10-29 00:00:00,,406.0
17686,J428,2025-10-29 00:00:00,,550.0
17687,pend24,2025-10-29 00:00:00,,502.0
17688,pend41,2025-10-29 00:00:00,,437.0
17689,pend49,2025-10-29 00:00:00,,137.0
17690,22198,2025-10-29 00:00:00,,315.0
17691,22131,2025-10-29 00:00:00,,394.0
17692,2202,2025-10-29 00:00:00,,350.0
17693,0206A,2025-10-29 00:00:00,,446.0
17694,24250,2025-10-29 00:00:00,,81.0
17695,294,2025-10-29 00:00:00,,362.0
17696,25177,2025-10-29 00:00:00,,42.0
17697,25119,2025-10-29 00:00:00,,102.0
17698,1090A,2025-10-29 00:00:00,,281.0
17699,321,2025-10-29 00:00:00,,483.0
17700,7080,2025-10-29 00:00:00,,369.0
17701,24248,2025-10-29 00:00:00,,153.0
17702,24282,2025-10-29 00:00:00,,100.0
17703,j25001,2025-10-29 00:00:00,,126.0
17704,24269,2025-10-29 00:00:00,,142.0
17705,24251,2025-10-29 00:00:00,,101.0
17706,25014,2025-10-28 00:00:00,,106.0
17707,BU2525,2025-10-26 00:00:00,,41.0
17708,BU2524,2025-10-25 00:00:00,,34.0
17709,22250,2025-10-25 00:00:00,,30.0
17710,25249,2025-10-25 00:00:00,,30.0
17711,25247,2025-10-25 00:00:00,,29.0
17712,25248,2025-10-25 00:00:00,,29.0
17713,25210,2025-10-24 00:00:00,,57.0
17714,25175,2025-10-24 00:00:00,,49.0
17715,25223,2025-10-24 00:00:00,,47.0
17716,25203,2025-10-24 00:00:00,,41.0
17717,23154,2025-10-23 00:00:00,,336.0
17718,24248,2025-10-23 00:00:00,,153.0
17719,24282,2025-10-23 00:00:00,,100.0
17720,J25001,2025-10-23 00:00:00,,126.0
17721,25012,2025-10-23 00:00:00,,119.0
17722,25020,2025-10-23 00:00:00,,99.0
17723,25022,2025-10-23 00:00:00,,91.0
17724,25024,2025-10-23 00:00:00,,84.0
17725,25027,2025-10-23 00:00:00,,96.0
17726,25030,2025-10-23 00:00:00,,115.0
17727,J25031,2025-10-23 00:00:00,,119.0
17728,25034,2025-10-23 00:00:00,,82.0
17729,25036,2025-10-23 00:00:00,,118.0
17730,25040,2025-10-23 00:00:00,,106.0
17731,J25049,2025-10-23 00:00:00,,102.0
17732,25050,2025-10-23 00:00:00,,96.0
17733,25052,2025-10-23 00:00:00,,86.0
17734,25053,2025-10-23 00:00:00,,94.0
17735,25054,2025-10-23 00:00:00,,113.0
17736,25056,2025-10-23 00:00:00,,82.0
17737,25055,2025-10-23 00:00:00,,89.0
17738,25058,2025-10-23 00:00:00,,80.0
17739,25059,2025-10-23 00:00:00,,80.0
17740,25061,2025-10-23 00:00:00,,84.0
17741,25066,2025-10-23 00:00:00,,92.0
17742,25067,2025-10-23 00:00:00,,65.0
17743,25068,2025-10-23 00:00:00,,66.0
17744,25069,2025-10-23 00:00:00,,96.0
17745,25074,2025-10-23 00:00:00,,95.0
17746,J25002,2025-10-23 00:00:00,,78.0
17747,25075,2025-10-23 00:00:00,,85.0
17748,25076,2025-10-23 00:00:00,,77.0
17749,25082,2025-10-23 00:00:00,,68.0
17750,25088,2025-10-23 00:00:00,,85.0
17751,25089,2025-10-23 00:00:00,,76.0
17752,25100,2025-10-23 00:00:00,,100.0
17753,25101,2025-10-23 00:00:00,,91.0
17754,25102,2025-10-23 00:00:00,,57.0
17755,25107,2025-10-23 00:00:00,,60.0
17756,25109,2025-10-23 00:00:00,,61.0
17757,25112,2025-10-23 00:00:00,,60.0
17758,25116,2025-10-23 00:00:00,,102.0
17759,25126,2025-10-23 00:00:00,,56.0
17760,25129,2025-10-23 00:00:00,,58.0
17761,25130,2025-10-23 00:00:00,,64.0
17762,25134,2025-10-23 00:00:00,,62.0
17763,25135,2025-10-23 00:00:00,,61.0
17764,25121,2025-10-23 00:00:00,,85.0
17765,25139,2025-10-23 00:00:00,,78.0
17766,25141,2025-10-23 00:00:00,,78.0
17767,25142,2025-10-23 00:00:00,,60.0
17768,25145,2025-10-23 00:00:00,,67.0
17769,25155,2025-10-23 00:00:00,,89.0
17770,25158,2025-10-23 00:00:00,,62.0
17771,25159,2025-10-23 00:00:00,,63.0
17772,25166,2025-10-23 00:00:00,,49.0
17773,25167,2025-10-23 00:00:00,,59.0
17774,J25132,2025-10-23 00:00:00,,83.0
17775,25184,2025-10-23 00:00:00,,46.0
17776,25190,2025-10-23 00:00:00,,61.0
17777,25221,2025-10-23 00:00:00,,70.0
17778,24204,2025-10-23 00:00:00,,88.0
17779,24269,2025-10-23 00:00:00,,132.0
17780,25108,2025-10-23 00:00:00,,65.0
17781,24290,2025-10-23 00:00:00,,113.0
17782,24259,2025-10-23 00:00:00,,84.0
17783,24285,2025-10-23 00:00:00,,91.0
17784,25045,2025-10-23 00:00:00,,98.0
17785,24251,2025-10-23 00:00:00,,101.0
17786,25095,2025-10-23 00:00:00,,79.0
17787,24250,2025-10-23 00:00:00,,81.0
17788,24300,2025-10-23 00:00:00,,87.0
17789,24287,2025-10-23 00:00:00,,68.0
17790,25177,2025-10-23 00:00:00,,54.0
17791,25244,2025-10-21 00:00:00,,30.0
17792,25246,2025-10-21 00:00:00,,27.0
17793,25240,2025-10-21 00:00:00,,34.0
17794,25236,2025-10-21 00:00:00,,26.0
17795,139,2025-10-20 00:00:00,,409.0
17796,0299C,2025-10-20 00:00:00,,400.0
17797,302,2025-10-20 00:00:00,,292.0
17798,320,2025-10-20 00:00:00,,292.0
17799,1109A,2025-10-20 00:00:00,,365.0
17800,1139A,2025-10-20 00:00:00,,351.0
17801,2021,2025-10-20 00:00:00,,477.0
17802,2096,2025-10-20 00:00:00,,445.0
17803,3028A,2025-10-20 00:00:00,,344.0
17804,5082,2025-10-20 00:00:00,,345.0
17805,60286,2025-10-20 00:00:00,,363.0
17806,7032,2025-10-20 00:00:00,,440.0
17807,7066,2025-10-20 00:00:00,,446.0
17808,7067,2025-10-20 00:00:00,,354.0
17809,8072,2025-10-20 00:00:00,,342.0
17810,3119,2025-10-20 00:00:00,,433.0
17811,2063B,2025-10-20 00:00:00,,366.0
17812,8063,2025-10-20 00:00:00,,338.0
17813,4A,2025-10-20 00:00:00,,417.0
17814,SNA,2025-10-20 00:00:00,,397.0
17815,BU2527,2025-10-16 00:00:00,,37.0
17816,BU2523,2025-10-14 00:00:00,,43.0
17817,BU2527,2025-10-14 00:00:00,,37.0
17818,24168,2025-10-13 00:00:00,,169.0
17819,24172,2025-10-13 00:00:00,,123.0
17820,24174,2025-10-13 00:00:00,,128.0
17821,24185,2025-10-13 00:00:00,,154.0
17822,24188,2025-10-13 00:00:00,,193.0
17823,24202,2025-10-13 00:00:00,,171.0
17824,24209,2025-10-13 00:00:00,,181.0
17825,24213,2025-10-13 00:00:00,,140.0
17826,24216,2025-10-13 00:00:00,,127.0
17827,24219,2025-10-13 00:00:00,,136.0
17828,24220,2025-10-13 00:00:00,,145.0
17829,24222,2025-10-13 00:00:00,,202.0
17830,24230,2025-10-13 00:00:00,,154.0
17831,24232,2025-10-13 00:00:00,,161.0
17832,24234,2025-10-13 00:00:00,,157.0
17833,24235,2025-10-13 00:00:00,,173.0
17834,24237,2025-10-13 00:00:00,,118.0
17835,24239,2025-10-13 00:00:00,,119.0
17836,24243,2025-10-13 00:00:00,,109.0
17837,24244,2025-10-13 00:00:00,,143.0
17838,24246,2025-10-13 00:00:00,,147.0
17839,24252,2025-10-13 00:00:00,,107.0
17840,24256,2025-10-13 00:00:00,,140.0
17841,24259,2025-10-13 00:00:00,,85.0
17842,24260,2025-10-13 00:00:00,,134.0
17843,24262,2025-10-13 00:00:00,,113.0
17844,24273,2025-10-13 00:00:00,,128.0
17845,24275,2025-10-13 00:00:00,,120.0
17846,24277,2025-10-13 00:00:00,,100.0
17847,24278,2025-10-13 00:00:00,,170.0
17848,24283,2025-10-13 00:00:00,,97.0
17849,24285,2025-10-13 00:00:00,,90.0
17850,24286,2025-10-13 00:00:00,,131.0
17851,24290,2025-10-13 00:00:00,,113.0
17852,24291,2025-10-13 00:00:00,,112.0
17853,24292,2025-10-13 00:00:00,,138.0
17854,24297,2025-10-13 00:00:00,,98.0
17855,24298,2025-10-13 00:00:00,,115.0
17856,24300,2025-10-13 00:00:00,,86.0
17857,25001,2025-10-13 00:00:00,,126.0
17858,25009,2025-10-13 00:00:00,,107.0
17859,24284,2025-10-13 00:00:00,,115.0
17860,24270,2025-10-13 00:00:00,,114.0
17861,25023,2025-10-13 00:00:00,,117.0
17862,24200,2025-10-13 00:00:00,,109.0
17863,23232,2025-10-13 00:00:00,,279.0
17864,BU2526,2025-10-03 00:00:00,,30.0
17865,25222,2025-10-01 00:00:00,,37.0
17866,25223,2025-10-01 00:00:00,,37.0
17867,25224,2025-10-01 00:00:00,,23.0
17868,25225,2025-10-01 00:00:00,,21.0
17869,25226,2025-10-01 00:00:00,,32.0
17870,25229,2025-10-01 00:00:00,,24.0
17871,25230,2025-10-01 00:00:00,,33.0
17872,25231,2025-10-01 00:00:00,,34.0
17873,25216,2025-09-23 00:00:00,,32.0
17874,25217,2025-09-23 00:00:00,,27.0
17875,25218,2025-09-23 00:00:00,,27.0
17876,25219,2025-09-23 00:00:00,,30.0
17877,25220,2025-09-23 00:00:00,,31.0
17878,25221,2025-09-23 00:00:00,,29.0
17879,332,2025-09-21 00:00:00,,433.0
17880,EMB 2,2025-09-21 00:00:00,,383.0
17881,J426,2025-09-21 00:00:00,,494.0
17882,18,2025-09-21 00:00:00,,352.0
17883,33,2025-09-21 00:00:00,,340.0
17884,201,2025-09-21 00:00:00,,411.0
17885,202,2025-09-21 00:00:00,,303.0
17886,220,2025-09-21 00:00:00,,421.0
17887,322,2025-09-21 00:00:00,,395.0
17888,329,2025-09-21 00:00:00,,443.0
17889,1066,2025-09-21 00:00:00,,340.0
17890,1079,2025-09-21 00:00:00,,431.0
17891,2014,2025-09-21 00:00:00,,313.0
17892,2066,2025-09-21 00:00:00,,498.0
17893,2143,2025-09-21 00:00:00,,411.0
17894,2234,2025-09-21 00:00:00,,387.0
17895,3132,2025-09-21 00:00:00,,332.0
17896,4078,2025-09-21 00:00:00,,370.0
17897,5052,2025-09-21 00:00:00,,389.0
17898,5076,2025-09-21 00:00:00,,378.0
17899,5090,2025-09-21 00:00:00,,468.0
17900,7066,2025-09-21 00:00:00,,431.0
17901,7067,2025-09-21 00:00:00,,345.0
17902,7087,2025-09-21 00:00:00,,527.0
17903,8011,2025-09-21 00:00:00,,374.0
17904,8030,2025-09-21 00:00:00,,429.0
17905,8033,2025-09-21 00:00:00,,449.0
17906,8072,2025-09-21 00:00:00,,331.0
17907,8079,2025-09-21 00:00:00,,409.0
17908,8082,2025-09-21 00:00:00,,376.0
17909,9007,2025-09-21 00:00:00,,355.0
17910,9071,2025-09-21 00:00:00,,414.0
17911,80472,2025-09-21 00:00:00,,363.0
17912,91262,2025-09-21 00:00:00,,397.0
17913,0299A,2025-09-21 00:00:00,,553.0
17914,1109A,2025-09-21 00:00:00,,366.0
17915,1139A,2025-09-21 00:00:00,,339.0
17916,2090A,2025-09-21 00:00:00,,446.0
17917,2208A,2025-09-21 00:00:00,,473.0
17918,294,2025-09-21 00:00:00,,335.0
17919,60286,2025-09-21 00:00:00,,409.0
17920,2039,2025-09-21 00:00:00,,539.0
17921,298,2025-09-21 00:00:00,,383.0
17922,139,2025-09-21 00:00:00,,382.0
17923,2220,2025-09-21 00:00:00,,451.0
17924,1078A,2025-09-21 00:00:00,,411.0
17925,226,2025-09-20 00:00:00,,415.0
17926,270,2025-09-20 00:00:00,,386.0
17927,320,2025-09-20 00:00:00,,389.0
17928,1004,2025-09-20 00:00:00,,383.0
17929,1091,2025-09-20 00:00:00,,336.0
17930,1188,2025-09-20 00:00:00,,434.0
17931,2050,2025-09-20 00:00:00,,489.0
17932,2062,2025-09-20 00:00:00,,408.0
17933,2096,2025-09-20 00:00:00,,439.0
17934,9099,2025-09-20 00:00:00,,371.0
17935,31102,2025-09-20 00:00:00,,495.0
17936,91171,2025-09-20 00:00:00,,417.0
17937,0298A,2025-09-20 00:00:00,,388.0
17938,2035A,2025-09-20 00:00:00,,392.0
17939,2209A,2025-09-20 00:00:00,,370.0
17940,25203,2025-09-17 00:00:00,,24.0
17941,25204,2025-09-17 00:00:00,,35.0
17942,25205,2025-09-17 00:00:00,,35.0
17943,25206,2025-09-17 00:00:00,,21.0
17944,25207,2025-09-17 00:00:00,,33.0
17945,25208,2025-09-17 00:00:00,,22.0
17946,25209,2025-09-17 00:00:00,,30.0
17947,25210,2025-09-17 00:00:00,,35.0
17948,25211,2025-09-17 00:00:00,,44.0
17949,25212,2025-09-17 00:00:00,,31.0
17950,25213,2025-09-17 00:00:00,,28.0
17951,25214,2025-09-17 00:00:00,,25.0
17952,25215,2025-09-17 00:00:00,,27.0
17953,25198,2025-09-09 00:00:00,,18.0
17954,25199,2025-09-09 00:00:00,,19.0
17955,25200,2025-09-09 00:00:00,,37.0
17956,25201,2025-09-09 00:00:00,,26.0
17957,25202,2025-09-09 00:00:00,,27.0
17958,139,2025-09-05 00:00:00,,344.0
17959,294,2025-09-05 00:00:00,,313.0
17960,1074,2025-09-05 00:00:00,,295.0
17961,2011,2025-09-05 00:00:00,,356.0
17962,2026,2025-09-05 00:00:00,,373.0
17963,2088B,2025-09-05 00:00:00,,361.0
17964,2096A,2025-09-05 00:00:00,,319.0
17965,20971,2025-09-05 00:00:00,,310.0
17966,2102,2025-09-05 00:00:00,,326.0
17967,2110,2025-09-05 00:00:00,,310.0
17968,2140,2025-09-05 00:00:00,,334.0
17969,2143A,2025-09-05 00:00:00,,291.0
17970,2145,2025-09-05 00:00:00,,335.0
17971,2202,2025-09-05 00:00:00,,290.0
17972,22085,2025-09-05 00:00:00,,354.0
17973,22112,2025-09-05 00:00:00,,360.0
17974,22116,2025-09-05 00:00:00,,322.0
17975,22117,2025-09-05 00:00:00,,333.0
17976,22119,2025-09-05 00:00:00,,296.0
17977,22131,2025-09-05 00:00:00,,379.0
17978,22139,2025-09-05 00:00:00,,334.0
17979,22142,2025-09-05 00:00:00,,308.0
17980,22151,2025-09-05 00:00:00,,311.0
17981,22160,2025-09-05 00:00:00,,309.0
17982,22161,2025-09-05 00:00:00,,310.0
17983,22177,2025-09-05 00:00:00,,334.0
17984,2218,2025-09-05 00:00:00,,342.0
17985,22180,2025-09-05 00:00:00,,292.0
17986,22198,2025-09-05 00:00:00,,270.0
17987,22216,2025-09-05 00:00:00,,310.0
17988,23033,2025-09-05 00:00:00,,258.0
17989,23037,2025-09-05 00:00:00,,320.0
17990,4053,2025-09-05 00:00:00,,344.0
17991,2002,2025-09-05 00:00:00,,339.0
17992,24109,2025-09-05 00:00:00,,136.0
17993,0109A,2025-09-03 00:00:00,,480.0
17994,0116A,2025-09-03 00:00:00,,481.0
17995,119,2025-09-03 00:00:00,,508.0
17996,127,2025-09-03 00:00:00,,517.0
17997,141,2025-09-03 00:00:00,,507.0
17998,198,2025-09-03 00:00:00,,558.0
17999,0204B,2025-09-03 00:00:00,,441.0
18000,217,2025-09-03 00:00:00,,496.0
18001,293,2025-09-03 00:00:00,,480.0
18002,325,2025-09-03 00:00:00,,545.0
18003,1008,2025-09-03 00:00:00,,364.0
18004,1018,2025-09-03 00:00:00,,283.0
18005,1026,2025-09-03 00:00:00,,541.0
18006,1027,2025-09-03 00:00:00,,543.0
18007,1027A,2025-09-03 00:00:00,,402.0
18008,1031,2025-09-03 00:00:00,,518.0
18009,1044,2025-09-03 00:00:00,,515.0
18010,1046A,2025-09-03 00:00:00,,573.0
18011,1048,2025-09-03 00:00:00,,599.0
18012,1053,2025-09-03 00:00:00,,522.0
18013,1055A,2025-09-03 00:00:00,,477.0
18014,1056,2025-09-03 00:00:00,,495.0
18015,1067,2025-09-03 00:00:00,,423.0
18016,1068A,2025-09-03 00:00:00,,380.0
18017,1069,2025-09-03 00:00:00,,564.0
18018,1070,2025-09-03 00:00:00,,439.0
18019,1070A,2025-09-03 00:00:00,,514.0
18020,1076,2025-09-03 00:00:00,,542.0
18021,1077,2025-09-03 00:00:00,,536.0
18022,1082A,2025-09-03 00:00:00,,415.0
18023,1085,2025-09-03 00:00:00,,517.0
18024,1092A,2025-09-03 00:00:00,,482.0
18025,1093,2025-09-03 00:00:00,,485.0
18026,1096A,2025-09-03 00:00:00,,460.0
18027,1097A,2025-09-03 00:00:00,,460.0
18028,1101,2025-09-03 00:00:00,,561.0
18029,1101A,2025-09-03 00:00:00,,456.0
18030,1104,2025-09-03 00:00:00,,475.0
18031,1106,2025-09-03 00:00:00,,508.0
18032,1107,2025-09-03 00:00:00,,512.0
18033,1112,2025-09-03 00:00:00,,518.0
18034,1126,2025-09-03 00:00:00,,592.0
18035,1133,2025-09-03 00:00:00,,419.0
18036,1152,2025-09-03 00:00:00,,590.0
18037,1154,2025-09-03 00:00:00,,584.0
18038,1156,2025-09-03 00:00:00,,560.0
18039,1180,2025-09-03 00:00:00,,622.0
18040,1206,2025-09-03 00:00:00,,538.0
18041,1214,2025-09-03 00:00:00,,447.0
18042,1215,2025-09-03 00:00:00,,582.0
18043,1216,2025-09-03 00:00:00,,511.0
18044,1219,2025-09-03 00:00:00,,535.0
18045,1228,2025-09-03 00:00:00,,557.0
18046,1237,2025-09-03 00:00:00,,537.0
18047,1292,2025-09-03 00:00:00,,550.0
18048,2001B,2025-09-03 00:00:00,,481.0
18049,2004,2025-09-03 00:00:00,,508.0
18050,2005A,2025-09-03 00:00:00,,460.0
18051,2005B,2025-09-03 00:00:00,,494.0
18052,2010,2025-09-03 00:00:00,,381.0
18053,2025,2025-09-03 00:00:00,,471.0
18054,2029,2025-09-03 00:00:00,,535.0
18055,2032,2025-09-03 00:00:00,,671.0
18056,2039A,2025-09-03 00:00:00,,502.0
18057,2041,2025-09-03 00:00:00,,615.0
18058,2044,2025-09-03 00:00:00,,414.0
18059,2053,2025-09-03 00:00:00,,544.0
18060,2054,2025-09-03 00:00:00,,513.0
18061,2058,2025-09-03 00:00:00,,452.0
18062,2067,2025-09-03 00:00:00,,475.0
18063,2090,2025-09-03 00:00:00,,565.0
18064,2092,2025-09-03 00:00:00,,554.0
18065,2094,2025-09-03 00:00:00,,395.0
18066,2101,2025-09-03 00:00:00,,398.0
18067,2106,2025-09-03 00:00:00,,424.0
18068,2128,2025-09-03 00:00:00,,498.0
18069,2149,2025-09-03 00:00:00,,458.0
18070,2154,2025-09-03 00:00:00,,416.0
18071,2155,2025-09-03 00:00:00,,452.0
18072,2159,2025-09-03 00:00:00,,386.0
18073,2167,2025-09-03 00:00:00,,418.0
18074,2170,2025-09-03 00:00:00,,411.0
18075,2174,2025-09-03 00:00:00,,384.0
18076,22100,2025-09-03 00:00:00,,371.0
18077,22114,2025-09-03 00:00:00,,354.0
18078,22115,2025-09-03 00:00:00,,413.0
18079,22118,2025-09-03 00:00:00,,459.0
18080,22120,2025-09-03 00:00:00,,406.0
18081,22122,2025-09-03 00:00:00,,366.0
18082,22132,2025-09-03 00:00:00,,335.0
18083,22157,2025-09-03 00:00:00,,380.0
18084,22158,2025-09-03 00:00:00,,397.0
18085,22166,2025-09-03 00:00:00,,422.0
18086,22168,2025-09-03 00:00:00,,352.0
18087,22175,2025-09-03 00:00:00,,422.0
18088,22176,2025-09-03 00:00:00,,328.0
18089,22178,2025-09-03 00:00:00,,462.0
18090,22181,2025-09-03 00:00:00,,446.0
18091,22184,2025-09-03 00:00:00,,332.0
18092,22185,2025-09-03 00:00:00,,399.0
18093,22187,2025-09-03 00:00:00,,303.0
18094,22188,2025-09-03 00:00:00,,406.0
18095,22190,2025-09-03 00:00:00,,395.0
18096,22192,2025-09-03 00:00:00,,310.0
18097,22194,2025-09-03 00:00:00,,438.0
18098,22196,2025-09-03 00:00:00,,349.0
18099,22205,2025-09-03 00:00:00,,319.0
18100,22206,2025-09-03 00:00:00,,385.0
18101,22207,2025-09-03 00:00:00,,337.0
18102,22209,2025-09-03 00:00:00,,361.0
18103,23004,2025-09-03 00:00:00,,413.0
18104,23007,2025-09-03 00:00:00,,293.0
18105,23010,2025-09-03 00:00:00,,359.0
18106,23011,2025-09-03 00:00:00,,412.0
18107,23014,2025-09-03 00:00:00,,355.0
18108,23015,2025-09-03 00:00:00,,430.0
18109,23019,2025-09-03 00:00:00,,372.0
18110,23020,2025-09-03 00:00:00,,324.0
18111,23026,2025-09-03 00:00:00,,265.0
18112,23028,2025-09-03 00:00:00,,330.0
18113,23038,2025-09-03 00:00:00,,301.0
18114,23053,2025-09-03 00:00:00,,325.0
18115,23054,2025-09-03 00:00:00,,329.0
18116,23058,2025-09-03 00:00:00,,331.0
18117,23063,2025-09-03 00:00:00,,324.0
18118,23072,2025-09-03 00:00:00,,329.0
18119,23078,2025-09-03 00:00:00,,314.0
18120,23084,2025-09-03 00:00:00,,321.0
18121,23085,2025-09-03 00:00:00,,318.0
18122,23088,2025-09-03 00:00:00,,296.0
18123,23090,2025-09-03 00:00:00,,308.0
18124,23095,2025-09-03 00:00:00,,315.0
18125,23096,2025-09-03 00:00:00,,356.0
18126,23100,2025-09-03 00:00:00,,313.0
18127,23102,2025-09-03 00:00:00,,303.0
18128,23104,2025-09-03 00:00:00,,336.0
18129,23108,2025-09-03 00:00:00,,214.0
18130,23114,2025-09-03 00:00:00,,308.0
18131,23116,2025-09-03 00:00:00,,321.0
18132,23118,2025-09-03 00:00:00,,316.0
18133,23119,2025-09-03 00:00:00,,337.0
18134,23120,2025-09-03 00:00:00,,289.0
18135,23123,2025-09-03 00:00:00,,365.0
18136,23124,2025-09-03 00:00:00,,251.0
18137,23135,2025-09-03 00:00:00,,270.0
18138,23140,2025-09-03 00:00:00,,273.0
18139,23142,2025-09-03 00:00:00,,299.0
18140,23146,2025-09-03 00:00:00,,368.0
18141,23150,2025-09-03 00:00:00,,327.0
18142,23157,2025-09-03 00:00:00,,193.0
18143,23173,2025-09-03 00:00:00,,184.0
18144,23177,2025-09-03 00:00:00,,211.0
18145,23181,2025-09-03 00:00:00,,308.0
18146,23188,2025-09-03 00:00:00,,202.0
18147,23197,2025-09-03 00:00:00,,184.0
18148,23212,2025-09-03 00:00:00,,205.0
18149,23214,2025-09-03 00:00:00,,298.0
18150,23216,2025-09-03 00:00:00,,173.0
18151,23217,2025-09-03 00:00:00,,217.0
18152,23238,2025-09-03 00:00:00,,306.0
18153,23239,2025-09-03 00:00:00,,159.0
18154,23241,2025-09-03 00:00:00,,354.0
18155,23249,2025-09-03 00:00:00,,281.0
18156,24002,2025-09-03 00:00:00,,266.0
18157,24018,2025-09-03 00:00:00,,178.0
18158,24020,2025-09-03 00:00:00,,195.0
18159,24023,2025-09-03 00:00:00,,165.0
18160,24029,2025-09-03 00:00:00,,272.0
18161,24033,2025-09-03 00:00:00,,200.0
18162,24034,2025-09-03 00:00:00,,205.0
18163,24036,2025-09-03 00:00:00,,165.0
18164,24037,2025-09-03 00:00:00,,201.0
18165,24056,2025-09-03 00:00:00,,161.0
18166,24060,2025-09-03 00:00:00,,173.0
18167,24065,2025-09-03 00:00:00,,190.0
18168,24069,2025-09-03 00:00:00,,184.0
18169,24071,2025-09-03 00:00:00,,137.0
18170,24077,2025-09-03 00:00:00,,317.0
18171,24080,2025-09-03 00:00:00,,155.0
18172,24117,2025-09-03 00:00:00,,116.0
18173,24118,2025-09-03 00:00:00,,148.0
18174,24123,2025-09-03 00:00:00,,185.0
18175,24127,2025-09-03 00:00:00,,146.0
18176,24130,2025-09-03 00:00:00,,159.0
18177,24132,2025-09-03 00:00:00,,154.0
18178,24133,2025-09-03 00:00:00,,158.0
18179,24134,2025-09-03 00:00:00,,186.0
18180,24135,2025-09-03 00:00:00,,132.0
18181,24136,2025-09-03 00:00:00,,178.0
18182,24137,2025-09-03 00:00:00,,159.0
18183,24140,2025-09-03 00:00:00,,156.0
18184,24143,2025-09-03 00:00:00,,160.0
18185,24146,2025-09-03 00:00:00,,144.0
18186,24147,2025-09-03 00:00:00,,155.0
18187,24151,2025-09-03 00:00:00,,146.0
18188,24154,2025-09-03 00:00:00,,173.0
18189,24155,2025-09-03 00:00:00,,144.0
18190,24156,2025-09-03 00:00:00,,158.0
18191,24160,2025-09-03 00:00:00,,196.0
18192,24163,2025-09-03 00:00:00,,167.0
18193,24164,2025-09-03 00:00:00,,137.0
18194,24165,2025-09-03 00:00:00,,167.0
18195,24177,2025-09-03 00:00:00,,110.0
18196,24178,2025-09-03 00:00:00,,144.0
18197,24189,2025-09-03 00:00:00,,154.0
18198,24193,2025-09-03 00:00:00,,166.0
18199,24194,2025-09-03 00:00:00,,160.0
18200,24195,2025-09-03 00:00:00,,135.0
18201,24196,2025-09-03 00:00:00,,113.0
18202,24197,2025-09-03 00:00:00,,142.0
18203,24206,2025-09-03 00:00:00,,158.0
18204,24207,2025-09-03 00:00:00,,152.0
18205,24211,2025-09-03 00:00:00,,159.0
18206,24214,2025-09-03 00:00:00,,149.0
18207,24238,2025-09-03 00:00:00,,126.0
18208,J401,2025-09-03 00:00:00,,265.0
18209,J4011,2025-09-03 00:00:00,,298.0
18210,J416,2025-09-03 00:00:00,,208.0
18211,MSN12,2025-09-03 00:00:00,,555.0
18212,MSN15,2025-09-03 00:00:00,,631.0
18213,MSN17,2025-09-03 00:00:00,,526.0
18214,MSN3,2025-09-03 00:00:00,,518.0
18215,SN50,2025-09-03 00:00:00,,545.0
18216,1033,2025-09-03 00:00:00,,504.0
18217,25195,2025-09-02 00:00:00,,29.0
18218,25196,2025-09-02 00:00:00,,23.0
18219,25197,2025-09-02 00:00:00,,26.0
18220,25188,2025-08-30 00:00:00,,36.0
18221,25192,2025-08-30 00:00:00,,25.0
18222,25194,2025-08-30 00:00:00,,32.0
18223,25185,2025-08-29 00:00:00,,40.0
18224,25186,2025-08-29 00:00:00,,26.0
18225,25187,2025-08-29 00:00:00,,31.0
18226,25189,2025-08-29 00:00:00,,28.0
18227,25190,2025-08-29 00:00:00,,26.0
18228,25191,2025-08-29 00:00:00,,23.0
18229,20001,2025-08-28 00:00:00,,583.0
18230,1106A,2025-08-25 00:00:00,,575.0
18231,9135,2025-08-25 00:00:00,,479.0
18232,346,2025-08-25 00:00:00,,564.0
18233,1112A,2025-08-25 00:00:00,,368.0
18234,25173,2025-08-23 00:00:00,,29.0
18235,25174,2025-08-23 00:00:00,,30.0
18236,25175,2025-08-23 00:00:00,,23.0
18237,25176,2025-08-23 00:00:00,,20.0
18238,25177,2025-08-23 00:00:00,,18.0
18239,25178,2025-08-23 00:00:00,,31.0
18240,25179,2025-08-23 00:00:00,,30.0
18241,25181,2025-08-23 00:00:00,,25.0
18242,25182,2025-08-23 00:00:00,,35.0
18243,25183,2025-08-23 00:00:00,,24.0
18244,25184,2025-08-23 00:00:00,,24.0
18245,25173,2025-08-22 00:00:00,,32.0
18246,25174,2025-08-22 00:00:00,,35.0
18247,25175,2025-08-22 00:00:00,,26.0
18248,25176,2025-08-22 00:00:00,,24.0
18249,25177,2025-08-22 00:00:00,,19.0
18250,25178,2025-08-22 00:00:00,,35.0
18251,25179,2025-08-22 00:00:00,,31.0
18252,25181,2025-08-22 00:00:00,,26.0
18253,25182,2025-08-22 00:00:00,,34.0
18254,25183,2025-08-22 00:00:00,,24.0
18255,25184,2025-08-22 00:00:00,,24.0
18256,211,2025-08-21 00:00:00,,479.0
18257,224,2025-08-21 00:00:00,,415.0
18258,20,2025-08-21 00:00:00,,359.0
18259,5013,2025-08-21 00:00:00,,493.0
18260,7076,2025-08-21 00:00:00,,416.0
18261,80841,2025-08-21 00:00:00,,417.0
18262,9045,2025-08-21 00:00:00,,454.0
18263,9047,2025-08-21 00:00:00,,377.0
18264,9192,2025-08-21 00:00:00,,344.0
18265,9219,2025-08-21 00:00:00,,372.0
18266,EMB 3,2025-08-21 00:00:00,,425.0
18267,J8705,2025-08-21 00:00:00,,574.0
18268,211,2025-08-20 00:00:00,,475.0
18269,224,2025-08-20 00:00:00,,415.0
18270,20,2025-08-20 00:00:00,,369.0
18271,5013,2025-08-20 00:00:00,,517.0
18272,7076,2025-08-20 00:00:00,,421.0
18273,80841,2025-08-20 00:00:00,,434.0
18274,9045,2025-08-20 00:00:00,,467.0
18275,9047,2025-08-20 00:00:00,,383.0
18276,9192,2025-08-20 00:00:00,,342.0
18277,9219,2025-08-20 00:00:00,,370.0
18278,EMB 3,2025-08-20 00:00:00,,439.0
18279,J8705,2025-08-20 00:00:00,,574.0
18280,302,2025-08-20 00:00:00,,298.0
18281,2064,2025-08-12 00:00:00,,262.0
18282,23026,2025-08-12 00:00:00,,251.0
18283,23120,2025-08-12 00:00:00,,276.0
18284,23124,2025-08-12 00:00:00,,255.0
18285,23140,2025-08-12 00:00:00,,258.0
18286,23173,2025-08-12 00:00:00,,182.0
18287,23177,2025-08-12 00:00:00,,209.0
18288,23188,2025-08-12 00:00:00,,200.0
18289,23197,2025-08-12 00:00:00,,177.0
18290,23216,2025-08-12 00:00:00,,171.0
18291,23217,2025-08-12 00:00:00,,225.0
18292,23224,2025-08-12 00:00:00,,269.0
18293,23238,2025-08-12 00:00:00,,292.0
18294,23239,2025-08-12 00:00:00,,141.0
18295,23241,2025-08-12 00:00:00,,345.0
18296,24002,2025-08-12 00:00:00,,281.0
18297,24018,2025-08-12 00:00:00,,175.0
18298,24020,2025-08-12 00:00:00,,186.0
18299,24028,2025-08-12 00:00:00,,161.0
18300,24023,2025-08-12 00:00:00,,151.0
18301,24031,2025-08-12 00:00:00,,162.0
18302,24033,2025-08-12 00:00:00,,205.0
18303,24034,2025-08-12 00:00:00,,198.0
18304,24037,2025-08-12 00:00:00,,190.0
18305,24043,2025-08-12 00:00:00,,147.0
18306,24056,2025-08-12 00:00:00,,155.0
18307,24060,2025-08-12 00:00:00,,163.0
18308,24065,2025-08-12 00:00:00,,176.0
18309,24066,2025-08-12 00:00:00,,184.0
18310,24069,2025-08-12 00:00:00,,163.0
18311,24071,2025-08-12 00:00:00,,130.0
18312,24072,2025-08-12 00:00:00,,162.0
18313,24097,2025-08-12 00:00:00,,152.0
18314,24099,2025-08-12 00:00:00,,163.0
18315,24108,2025-08-12 00:00:00,,201.0
18316,24117,2025-08-12 00:00:00,,165.0
18317,24118,2025-08-12 00:00:00,,145.0
18318,24120,2025-08-12 00:00:00,,167.0
18319,24127,2025-08-12 00:00:00,,134.0
18320,24130,2025-08-12 00:00:00,,147.0
18321,24131,2025-08-12 00:00:00,,137.0
18322,24132,2025-08-12 00:00:00,,136.0
18323,24133,2025-08-12 00:00:00,,141.0
18324,24134,2025-08-12 00:00:00,,172.0
18325,24135,2025-08-12 00:00:00,,121.0
18326,24136,2025-08-12 00:00:00,,182.0
18327,24137,2025-08-12 00:00:00,,149.0
18328,24140,2025-08-12 00:00:00,,145.0
18329,24143,2025-08-12 00:00:00,,135.0
18330,24144,2025-08-12 00:00:00,,155.0
18331,24146,2025-08-12 00:00:00,,130.0
18332,24147,2025-08-12 00:00:00,,141.0
18333,24150,2025-08-12 00:00:00,,113.0
18334,24151,2025-08-12 00:00:00,,137.0
18335,24152,2025-08-12 00:00:00,,141.0
18336,24154,2025-08-12 00:00:00,,164.0
18337,24155,2025-08-12 00:00:00,,128.0
18338,24156,2025-08-12 00:00:00,,149.0
18339,24157,2025-08-12 00:00:00,,175.0
18340,24158,2025-08-12 00:00:00,,150.0
18341,24162,2025-08-12 00:00:00,,122.0
18342,24164,2025-08-12 00:00:00,,137.0
18343,24165,2025-08-12 00:00:00,,162.0
18344,24167,2025-08-12 00:00:00,,108.0
18345,24170,2025-08-12 00:00:00,,144.0
18346,24177,2025-08-12 00:00:00,,96.0
18347,24178,2025-08-12 00:00:00,,146.0
18348,24179,2025-08-12 00:00:00,,97.0
18349,24182,2025-08-12 00:00:00,,156.0
18350,24189,2025-08-12 00:00:00,,146.0
18351,24190,2025-08-12 00:00:00,,173.0
18352,24192,2025-08-12 00:00:00,,137.0
18353,24193,2025-08-12 00:00:00,,154.0
18354,24194,2025-08-12 00:00:00,,149.0
18355,24197,2025-08-12 00:00:00,,121.0
18356,24206,2025-08-12 00:00:00,,142.0
18357,24207,2025-08-12 00:00:00,,136.0
18358,24211,2025-08-12 00:00:00,,146.0
18359,24212,2025-08-12 00:00:00,,198.0
18360,24214,2025-08-12 00:00:00,,134.0
18361,24224,2025-08-12 00:00:00,,115.0
18362,24238,2025-08-12 00:00:00,,113.0
18363,24287,2025-08-12 00:00:00,,147.0
18364,25187,2025-08-12 00:00:00,,151.0
18365,25202,2025-08-12 00:00:00,,103.0
18366,j401,2025-08-12 00:00:00,,256.0
18367,j4011,2025-08-12 00:00:00,,249.0
18368,j416,2025-08-12 00:00:00,,213.0
18369,2056,2025-08-06 00:00:00,,537.0
18370,358,2025-08-06 00:00:00,,577.0
18371,2204,2025-08-06 00:00:00,,573.0
18372,351,2025-08-06 00:00:00,,555.0
18373,25164,2025-08-02 00:00:00,,26.0
18374,25165,2025-08-02 00:00:00,,27.0
18375,25166,2025-08-02 00:00:00,,23.0
18376,25167,2025-08-02 00:00:00,,28.0
18377,25168,2025-08-02 00:00:00,,20.0
18378,25169,2025-08-02 00:00:00,,29.0
18379,25170,2025-08-02 00:00:00,,27.0
18380,25171,2025-08-02 00:00:00,,27.0
18381,22192,2025-08-01 00:00:00,,317.0
18382,22205,2025-08-01 00:00:00,,318.0
18383,23019,2025-08-01 00:00:00,,351.0
18384,23028,2025-08-01 00:00:00,,333.0
18385,23058,2025-08-01 00:00:00,,323.0
18386,23063,2025-08-01 00:00:00,,309.0
18387,23078,2025-08-01 00:00:00,,313.0
18388,23084,2025-08-01 00:00:00,,329.0
18389,23085,2025-08-01 00:00:00,,314.0
18390,23088,2025-08-01 00:00:00,,294.0
18391,23090,2025-08-01 00:00:00,,301.0
18392,23095,2025-08-01 00:00:00,,312.0
18393,23096,2025-08-01 00:00:00,,349.0
18394,23100,2025-08-01 00:00:00,,300.0
18395,23102,2025-08-01 00:00:00,,294.0
18396,BU2515,2025-07-30 00:00:00,,29.0
18397,BU2514,2025-07-30 00:00:00,,44.0
18398,BU2513,2025-07-30 00:00:00,,39.0
18399,BU2512,2025-07-30 00:00:00,,36.0
18400,1045,2025-07-24 00:00:00,,337.0
18401,1073,2025-07-24 00:00:00,,330.0
18402,1100A,2025-07-24 00:00:00,,315.0
18403,2016,2025-07-24 00:00:00,,359.0
18404,2107,2025-07-24 00:00:00,,294.0
18405,2137,2025-07-24 00:00:00,,315.0
18406,21391,2025-07-24 00:00:00,,311.0
18407,2141,2025-07-24 00:00:00,,321.0
18408,2215,2025-07-24 00:00:00,,325.0
18409,6028,2025-07-24 00:00:00,,389.0
18410,1097B,2025-07-24 00:00:00,,248.0
18411,22171,2025-07-24 00:00:00,,332.0
18412,22144,2025-07-24 00:00:00,,309.0
18413,22191,2025-07-24 00:00:00,,297.0
18414,22186,2025-07-24 00:00:00,,256.0
18415,BU356,2025-07-24 00:00:00,,147.0
18416,24081,2025-07-24 00:00:00,,189.0
18417,BU357,2025-07-24 00:00:00,,163.0
18418,BU358,2025-07-24 00:00:00,,136.0
18419,BU360,2025-07-24 00:00:00,,116.0
18420,BU363,2025-07-24 00:00:00,,107.0
18421,BU365,2025-07-24 00:00:00,,103.0
18422,BU368,2025-07-24 00:00:00,,131.0
18423,BU370,2025-07-24 00:00:00,,147.0
18424,BU371,2025-07-24 00:00:00,,136.0
18425,BU374,2025-07-24 00:00:00,,134.0
18426,BU375,2025-07-24 00:00:00,,125.0
18427,BU376,2025-07-24 00:00:00,,102.0
18428,BU377,2025-07-24 00:00:00,,94.0
18429,22098,2025-07-24 00:00:00,,300.0
18430,BU2506,2025-07-23 00:00:00,,44.0
18431,BU2504,2025-07-23 00:00:00,,39.0
18432,BU2509,2025-07-23 00:00:00,,32.0
18433,BU508,2025-07-23 00:00:00,,28.0
18434,BU2511,2025-07-23 00:00:00,,31.0
18435,BU2507,2025-07-23 00:00:00,,29.0
18436,BU2505,2025-07-23 00:00:00,,55.0
18437,BU2510,2025-07-23 00:00:00,,39.0
18438,1080A,2025-07-22 00:00:00,,637.0
18439,1078,2025-07-22 00:00:00,,596.0
18440,1500,2025-07-22 00:00:00,,623.0
18441,99,2025-07-22 00:00:00,,387.0
18442,25158,2025-07-19 00:00:00,,25.0
18443,25159,2025-07-19 00:00:00,,25.0
18444,25161,2025-07-19 00:00:00,,26.0
18445,25162,2025-07-19 00:00:00,,29.0
18446,25163,2025-07-19 00:00:00,,29.0
18447,234,2025-07-11 00:00:00,,582.0
18448,302,2025-07-11 00:00:00,,355.0
18449,303,2025-07-11 00:00:00,,439.0
18450,304,2025-07-11 00:00:00,,428.0
18451,305,2025-07-11 00:00:00,,448.0
18452,306,2025-07-11 00:00:00,,456.0
18453,307,2025-07-11 00:00:00,,438.0
18454,308,2025-07-11 00:00:00,,380.0
18455,310,2025-07-11 00:00:00,,358.0
18456,311,2025-07-11 00:00:00,,324.0
18457,312,2025-07-11 00:00:00,,550.0
18458,313,2025-07-11 00:00:00,,463.0
18459,314,2025-07-11 00:00:00,,435.0
18460,0317A,2025-07-11 00:00:00,,317.0
18461,1500,2025-07-11 00:00:00,,602.0
18462,1501,2025-07-11 00:00:00,,338.0
18463,24171,2025-07-11 00:00:00,,91.0
18464,24184,2025-07-11 00:00:00,,102.0
18465,24306,2025-07-11 00:00:00,,108.0
18466,24307,2025-07-11 00:00:00,,57.0
18467,24308,2025-07-11 00:00:00,,68.0
18468,2500,2025-07-11 00:00:00,,415.0
18469,25016,2025-07-11 00:00:00,,155.0
18470,25041,2025-07-11 00:00:00,,54.0
18471,25042,2025-07-11 00:00:00,,43.0
18472,25043,2025-07-11 00:00:00,,51.0
18473,25151,2025-07-11 00:00:00,,28.0
18474,25152,2025-07-11 00:00:00,,39.0
18475,3501,2025-07-11 00:00:00,,275.0
18476,3504,2025-07-11 00:00:00,,217.0
18477,4501,2025-07-11 00:00:00,,320.0
18478,9115,2025-07-11 00:00:00,,475.0
18479,9500,2025-07-11 00:00:00,,436.0
18480,9501,2025-07-11 00:00:00,,416.0
18481,9503,2025-07-11 00:00:00,,416.0
18482,pend24,2025-07-11 00:00:00,,468.0
18483,pend41,2025-07-11 00:00:00,,446.0
18484,PEND45,2025-07-11 00:00:00,,232.0
18485,1095B,2025-07-07 00:00:00,,527.0
18486,254,2025-07-07 00:00:00,,464.0
18487,1036,2025-07-07 00:00:00,,568.0
18488,4075,2025-07-07 00:00:00,,363.0
18489,25148,2025-07-07 00:00:00,,27.0
18490,25149,2025-07-07 00:00:00,,30.0
18491,25150,2025-07-07 00:00:00,,23.0
18492,25154,2025-07-07 00:00:00,,28.0
18493,25155,2025-07-07 00:00:00,,25.0
18494,25156,2025-07-07 00:00:00,,28.0
18495,25157,2025-07-07 00:00:00,,33.0
18496,25137,2025-06-27 00:00:00,,26.0
18497,25146,2025-06-21 00:00:00,,17.0
18498,J25147,2025-06-21 00:00:00,,26.0
18499,25142,2025-06-20 00:00:00,,28.0
18500,25143,2025-06-20 00:00:00,,32.0
18501,25144,2025-06-20 00:00:00,,29.0
18502,25145,2025-06-19 00:00:00,,28.0
18503,25140,2025-06-18 00:00:00,,25.0
18504,25141,2025-06-18 00:00:00,,27.0
18505,25139,2025-06-16 00:00:00,,27.0
18506,25138,2025-06-14 00:00:00,,25.0
18507,0109A,2025-06-11 00:00:00,,480.0
18508,0116A,2025-06-11 00:00:00,,467.0
18509,0118A,2025-06-11 00:00:00,,444.0
18510,119,2025-06-11 00:00:00,,501.0
18511,127,2025-06-11 00:00:00,,486.0
18512,141,2025-06-11 00:00:00,,509.0
18513,198,2025-06-11 00:00:00,,537.0
18514,0204B,2025-06-11 00:00:00,,431.0
18515,217,2025-06-11 00:00:00,,499.0
18516,293,2025-06-11 00:00:00,,475.0
18517,325,2025-06-11 00:00:00,,546.0
18518,346,2025-06-11 00:00:00,,486.0
18519,351,2025-06-11 00:00:00,,550.0
18520,358,2025-06-11 00:00:00,,572.0
18521,1008,2025-06-11 00:00:00,,391.0
18522,1018,2025-06-11 00:00:00,,275.0
18523,1026,2025-06-11 00:00:00,,501.0
18524,1027,2025-06-11 00:00:00,,545.0
18525,1027A,2025-06-11 00:00:00,,434.0
18526,1031,2025-06-11 00:00:00,,528.0
18527,1036,2025-06-11 00:00:00,,556.0
18528,1044,2025-06-11 00:00:00,,491.0
18529,1046A,2025-06-11 00:00:00,,584.0
18530,1048,2025-06-11 00:00:00,,594.0
18531,1053,2025-06-11 00:00:00,,532.0
18532,1055A,2025-06-11 00:00:00,,468.0
18533,1056,2025-06-11 00:00:00,,485.0
18534,1067,2025-06-11 00:00:00,,412.0
18535,1068A,2025-06-11 00:00:00,,368.0
18536,1069,2025-06-11 00:00:00,,563.0
18537,1070,2025-06-11 00:00:00,,484.0
18538,1070A,2025-06-11 00:00:00,,455.0
18539,1076,2025-06-11 00:00:00,,539.0
18540,1077,2025-06-11 00:00:00,,479.0
18541,1078,2025-06-11 00:00:00,,557.0
18542,1080A,2025-06-11 00:00:00,,606.0
18543,1082A,2025-06-11 00:00:00,,400.0
18544,1085,2025-06-11 00:00:00,,531.0
18545,1092A,2025-06-11 00:00:00,,464.0
18546,1093,2025-06-11 00:00:00,,468.0
18547,1095B,2025-06-11 00:00:00,,500.0
18548,1096A,2025-06-11 00:00:00,,426.0
18549,1097A,2025-06-11 00:00:00,,434.0
18550,1101,2025-06-11 00:00:00,,572.0
18551,1101A,2025-06-11 00:00:00,,450.0
18552,1104,2025-06-11 00:00:00,,460.0
18553,1106,2025-06-11 00:00:00,,505.0
18554,1106A,2025-06-11 00:00:00,,532.0
18555,1107,2025-06-11 00:00:00,,532.0
18556,1112,2025-06-11 00:00:00,,496.0
18557,1130A,2025-06-11 00:00:00,,492.0
18558,1133,2025-06-11 00:00:00,,476.0
18559,1152,2025-06-11 00:00:00,,582.0
18560,1154,2025-06-11 00:00:00,,586.0
18561,1156,2025-06-11 00:00:00,,569.0
18562,1180,2025-06-11 00:00:00,,597.0
18563,1204,2025-06-11 00:00:00,,573.0
18564,1206,2025-06-11 00:00:00,,549.0
18565,1214,2025-06-11 00:00:00,,424.0
18566,1215,2025-06-11 00:00:00,,590.0
18567,1216,2025-06-11 00:00:00,,524.0
18568,1219,2025-06-11 00:00:00,,560.0
18569,1228,2025-06-11 00:00:00,,520.0
18570,1237,2025-06-11 00:00:00,,510.0
18571,1292,2025-06-11 00:00:00,,549.0
18572,2001B,2025-06-11 00:00:00,,449.0
18573,2004,2025-06-11 00:00:00,,487.0
18574,2005A,2025-06-11 00:00:00,,450.0
18575,2005B,2025-06-11 00:00:00,,497.0
18576,2010,2025-06-11 00:00:00,,356.0
18577,2025,2025-06-11 00:00:00,,440.0
18578,2029,2025-06-11 00:00:00,,495.0
18579,2032,2025-06-11 00:00:00,,625.0
18580,2039A,2025-06-11 00:00:00,,453.0
18581,2041,2025-06-11 00:00:00,,577.0
18582,2044,2025-06-11 00:00:00,,369.0
18583,2053,2025-06-11 00:00:00,,511.0
18584,2054,2025-06-11 00:00:00,,494.0
18585,2056,2025-06-11 00:00:00,,511.0
18586,2058,2025-06-11 00:00:00,,430.0
18587,2067,2025-06-11 00:00:00,,429.0
18588,2090,2025-06-11 00:00:00,,531.0
18589,2092,2025-06-11 00:00:00,,522.0
18590,2094,2025-06-11 00:00:00,,372.0
18591,2101,2025-06-11 00:00:00,,385.0
18592,2106,2025-06-11 00:00:00,,402.0
18593,2128,2025-06-11 00:00:00,,503.0
18594,2149,2025-06-11 00:00:00,,423.0
18595,2154,2025-06-11 00:00:00,,405.0
18596,2155,2025-06-11 00:00:00,,427.0
18597,2159,2025-06-11 00:00:00,,363.0
18598,2167,2025-06-11 00:00:00,,407.0
18599,2170,2025-06-11 00:00:00,,412.0
18600,2174,2025-06-11 00:00:00,,387.0
18601,2204,2025-06-11 00:00:00,,570.0
18602,22100,2025-06-11 00:00:00,,349.0
18603,22114,2025-06-11 00:00:00,,343.0
18604,22115,2025-06-11 00:00:00,,383.0
18605,22118,2025-06-11 00:00:00,,425.0
18606,22120,2025-06-11 00:00:00,,376.0
18607,22122,2025-06-11 00:00:00,,334.0
18608,22132,2025-06-11 00:00:00,,311.0
18609,22157,2025-06-11 00:00:00,,354.0
18610,22158,2025-06-11 00:00:00,,380.0
18611,22166,2025-06-11 00:00:00,,387.0
18612,22168,2025-06-11 00:00:00,,337.0
18613,22175,2025-06-11 00:00:00,,397.0
18614,22176,2025-06-11 00:00:00,,293.0
18615,22178,2025-06-11 00:00:00,,431.0
18616,22181,2025-06-11 00:00:00,,435.0
18617,22184,2025-06-11 00:00:00,,294.0
18618,22185,2025-06-11 00:00:00,,377.0
18619,22187,2025-06-11 00:00:00,,282.0
18620,22188,2025-06-11 00:00:00,,381.0
18621,22190,2025-06-11 00:00:00,,373.0
18622,22192,2025-06-11 00:00:00,,287.0
18623,22194,2025-06-11 00:00:00,,438.0
18624,22196,2025-06-11 00:00:00,,316.0
18625,22205,2025-06-11 00:00:00,,294.0
18626,22206,2025-06-11 00:00:00,,355.0
18627,22207,2025-06-11 00:00:00,,317.0
18628,22209,2025-06-11 00:00:00,,357.0
18629,23004,2025-06-11 00:00:00,,415.0
18630,23007,2025-06-11 00:00:00,,273.0
18631,23010,2025-06-11 00:00:00,,335.0
18632,23011,2025-06-11 00:00:00,,380.0
18633,23014,2025-06-11 00:00:00,,331.0
18634,23015,2025-06-11 00:00:00,,388.0
18635,23019,2025-06-11 00:00:00,,315.0
18636,23020,2025-06-11 00:00:00,,302.0
18637,23028,2025-06-11 00:00:00,,309.0
18638,23038,2025-06-11 00:00:00,,255.0
18639,23046,2025-06-11 00:00:00,,249.0
18640,23053,2025-06-11 00:00:00,,306.0
18641,23054,2025-06-11 00:00:00,,238.0
18642,23058,2025-06-11 00:00:00,,293.0
18643,23063,2025-06-11 00:00:00,,287.0
18644,23072,2025-06-11 00:00:00,,283.0
18645,23078,2025-06-11 00:00:00,,292.0
18646,23084,2025-06-11 00:00:00,,292.0
18647,23085,2025-06-11 00:00:00,,279.0
18648,23088,2025-06-11 00:00:00,,267.0
18649,23090,2025-06-11 00:00:00,,273.0
18650,23095,2025-06-11 00:00:00,,267.0
18651,23096,2025-06-11 00:00:00,,314.0
18652,23100,2025-06-11 00:00:00,,275.0
18653,23102,2025-06-11 00:00:00,,267.0
18654,23104,2025-06-11 00:00:00,,305.0
18655,23114,2025-06-11 00:00:00,,278.0
18656,23116,2025-06-11 00:00:00,,283.0
18657,23118,2025-06-11 00:00:00,,277.0
18658,23119,2025-06-11 00:00:00,,306.0
18659,23123,2025-06-11 00:00:00,,304.0
18660,23135,2025-06-11 00:00:00,,230.0
18661,23142,2025-06-11 00:00:00,,247.0
18662,23146,2025-06-11 00:00:00,,329.0
18663,23150,2025-06-11 00:00:00,,283.0
18664,23181,2025-06-11 00:00:00,,276.0
18665,23214,2025-06-11 00:00:00,,247.0
18666,23249,2025-06-11 00:00:00,,245.0
18667,24029,2025-06-11 00:00:00,,241.0
18668,24077,2025-06-11 00:00:00,,275.0
18669,9135,2025-06-11 00:00:00,,478.0
18670,MSN15,2025-06-11 00:00:00,,605.0
18671,MSN17,2025-06-11 00:00:00,,521.0
18672,MSN3,2025-06-11 00:00:00,,528.0
18673,SN50,2025-06-11 00:00:00,,530.0
18674,1126,2025-06-11 00:00:00,,543.0
18675,MSN12,2025-06-11 00:00:00,,566.0
18676,242,2025-06-10 00:00:00,,548.0
18677,1163,2025-06-10 00:00:00,,581.0
18678,1202,2025-06-10 00:00:00,,631.0
18679,1207,2025-06-10 00:00:00,,599.0
18680,1165,2025-06-10 00:00:00,,577.0
18681,1190,2025-06-10 00:00:00,,583.0
18682,BU009,2025-06-09 00:00:00,,412.0
18683,BU301,2025-06-09 00:00:00,,396.0
18684,BU66,2025-06-09 00:00:00,,434.0
18685,BU089,2025-06-09 00:00:00,,437.0
18686,BU67,2025-06-09 00:00:00,,275.0
18687,BU085,2025-06-09 00:00:00,,468.0
18688,BU86,2025-06-09 00:00:00,,294.0
18689,BU084,2025-06-09 00:00:00,,513.0
18690,BU086,2025-06-09 00:00:00,,423.0
18691,BU099,2025-06-09 00:00:00,,312.0
18692,BU83,2025-06-09 00:00:00,,266.0
18693,BU091,2025-06-09 00:00:00,,409.0
18694,BU327,2025-06-09 00:00:00,,387.0
18695,BU069,2025-06-09 00:00:00,,442.0
18696,BU326,2025-06-09 00:00:00,,390.0
18697,BU315,2025-06-09 00:00:00,,484.0
18698,BU304,2025-06-09 00:00:00,,297.0
18699,BU090,2025-06-09 00:00:00,,431.0
18700,BU87,2025-06-09 00:00:00,,315.0
18701,BU095,2025-06-09 00:00:00,,327.0
18702,BU097,2025-06-09 00:00:00,,450.0
18703,BU302,2025-06-09 00:00:00,,448.0
18704,BU84,2025-06-09 00:00:00,,308.0
18705,BU308,2025-06-09 00:00:00,,454.0
18706,BU310,2025-06-09 00:00:00,,305.0
18707,BU325,2025-06-09 00:00:00,,420.0
18708,BU092,2025-06-09 00:00:00,,407.0
18709,BU322,2025-06-09 00:00:00,,461.0
18710,BU314,2025-06-09 00:00:00,,456.0
18711,BU328,2025-06-09 00:00:00,,377.0
18712,BU319,2025-06-09 00:00:00,,407.0
18713,BU313,2025-06-09 00:00:00,,410.0
18714,BU306,2025-06-09 00:00:00,,406.0
18715,BU311,2025-06-09 00:00:00,,396.0
18716,BU071,2025-06-09 00:00:00,,444.0
18717,BU75,2025-06-09 00:00:00,,288.0
18718,BU088,2025-06-09 00:00:00,,426.0
18719,BU321,2025-06-09 00:00:00,,399.0
18720,BU323,2025-06-09 00:00:00,,366.0
18721,BU056,2025-06-09 00:00:00,,489.0
18722,BU087,2025-06-09 00:00:00,,435.0
18723,BU79,2025-06-09 00:00:00,,256.0
18724,BU078,2025-06-09 00:00:00,,394.0
18725,BU69,2025-06-09 00:00:00,,340.0
18726,BU073,2025-06-09 00:00:00,,481.0
18727,BU317,2025-06-09 00:00:00,,436.0
18728,BU20,2025-06-09 00:00:00,,336.0
18729,BU303,2025-06-09 00:00:00,,262.0
18730,25136,2025-06-09 00:00:00,,27.0
18731,25135,2025-06-08 00:00:00,,28.0
18732,24214,2025-06-06 00:00:00,,131.0
18733,24179,2025-06-06 00:00:00,,95.0
18734,24191,2025-06-06 00:00:00,,144.0
18735,24221,2025-06-06 00:00:00,,77.0
18736,24169,2025-06-06 00:00:00,,52.0
18737,24193,2025-06-06 00:00:00,,160.0
18738,24194,2025-06-06 00:00:00,,142.0
18739,24189,2025-06-06 00:00:00,,145.0
18740,24148,2025-06-06 00:00:00,,187.0
18741,24197,2025-06-06 00:00:00,,113.0
18742,24187,2025-06-06 00:00:00,,113.0
18743,24146,2025-06-06 00:00:00,,123.0
18744,24162,2025-06-06 00:00:00,,120.0
18745,24014,2025-06-06 00:00:00,,146.0
18746,24177,2025-06-06 00:00:00,,102.0
18747,24207,2025-06-06 00:00:00,,133.0
18748,24170,2025-06-06 00:00:00,,149.0
18749,24186,2025-06-06 00:00:00,,113.0
18750,24140,2025-06-06 00:00:00,,142.0
18751,24151,2025-06-06 00:00:00,,143.0
18752,24130,2025-06-06 00:00:00,,144.0
18753,24195,2025-06-06 00:00:00,,119.0
18754,24167,2025-06-06 00:00:00,,88.0
18755,24196,2025-06-06 00:00:00,,105.0
18756,24165,2025-06-06 00:00:00,,162.0
18757,125,2025-06-05 00:00:00,,384.0
18758,128,2025-06-05 00:00:00,,362.0
18759,143,2025-06-05 00:00:00,,361.0
18760,0206B,2025-06-05 00:00:00,,370.0
18761,211,2025-06-05 00:00:00,,432.0
18762,224,2025-06-05 00:00:00,,348.0
18763,269,2025-06-05 00:00:00,,436.0
18764,274,2025-06-05 00:00:00,,266.0
18765,321,2025-06-05 00:00:00,,425.0
18766,344,2025-06-05 00:00:00,,364.0
18767,348,2025-06-05 00:00:00,,346.0
18768,352,2025-06-05 00:00:00,,406.0
18769,354,2025-06-05 00:00:00,,344.0
18770,1023,2025-06-05 00:00:00,,301.0
18771,1052A,2025-06-05 00:00:00,,351.0
18772,1103,2025-06-05 00:00:00,,395.0
18773,1123,2025-06-05 00:00:00,,386.0
18774,1128,2025-06-05 00:00:00,,331.0
18775,2019,2025-06-05 00:00:00,,394.0
18776,2024,2025-06-05 00:00:00,,368.0
18777,2036,2025-06-05 00:00:00,,362.0
18778,2060,2025-06-05 00:00:00,,539.0
18779,2065,2025-06-05 00:00:00,,583.0
18780,2087,2025-06-05 00:00:00,,380.0
18781,2109,2025-06-05 00:00:00,,338.0
18782,24186,2025-06-05 00:00:00,,126.0
18783,24194,2025-06-05 00:00:00,,146.0
18784,24198,2025-06-05 00:00:00,,182.0
18785,24201,2025-06-05 00:00:00,,151.0
18786,24203,2025-06-05 00:00:00,,167.0
18787,24204,2025-06-05 00:00:00,,94.0
18788,24206,2025-06-05 00:00:00,,143.0
18789,24210,2025-06-05 00:00:00,,154.0
18790,24211,2025-06-05 00:00:00,,151.0
18791,24212,2025-06-05 00:00:00,,100.0
18792,24217,2025-06-05 00:00:00,,173.0
18793,24224,2025-06-05 00:00:00,,112.0
18794,24231,2025-06-05 00:00:00,,153.0
18795,24238,2025-06-05 00:00:00,,112.0
18796,24242,2025-06-05 00:00:00,,118.0
18797,24247,2025-06-05 00:00:00,,120.0
18798,24264,2025-06-05 00:00:00,,135.0
18799,24271,2025-06-05 00:00:00,,139.0
18800,24274,2025-06-05 00:00:00,,83.0
18801,24279,2025-06-05 00:00:00,,99.0
18802,24280,2025-06-05 00:00:00,,75.0
18803,24288,2025-06-05 00:00:00,,142.0
18804,25010,2025-06-05 00:00:00,,84.0
18805,25011,2025-06-05 00:00:00,,106.0
18806,25037,2025-06-05 00:00:00,,40.0
18807,3108,2025-06-05 00:00:00,,424.0
18808,4007,2025-06-05 00:00:00,,451.0
18809,4023,2025-06-05 00:00:00,,400.0
18810,4055,2025-06-05 00:00:00,,401.0
18811,4066,2025-06-05 00:00:00,,354.0
18812,4076,2025-06-05 00:00:00,,476.0
18813,4099,2025-06-05 00:00:00,,401.0
18814,4100,2025-06-05 00:00:00,,390.0
18815,4109,2025-06-05 00:00:00,,317.0
18816,4172,2025-06-05 00:00:00,,408.0
18817,50501,2025-06-05 00:00:00,,359.0
18818,50741,2025-06-05 00:00:00,,337.0
18819,5076,2025-06-05 00:00:00,,340.0
18820,5092,2025-06-05 00:00:00,,411.0
18821,6008,2025-06-05 00:00:00,,436.0
18822,6037,2025-06-05 00:00:00,,396.0
18823,6050,2025-06-05 00:00:00,,410.0
18824,7092,2025-06-05 00:00:00,,351.0
18825,80272,2025-06-05 00:00:00,,379.0
18826,8067,2025-06-05 00:00:00,,336.0
18827,8077,2025-06-05 00:00:00,,325.0
18828,8093,2025-06-05 00:00:00,,355.0
18829,9047,2025-06-05 00:00:00,,365.0
18830,9121,2025-06-05 00:00:00,,382.0
18831,9126A,2025-06-05 00:00:00,,326.0
18832,9128B,2025-06-05 00:00:00,,315.0
18833,9192,2025-06-05 00:00:00,,346.0
18834,9219,2025-06-05 00:00:00,,341.0
18835,EMB 5,2025-06-05 00:00:00,,439.0
18836,J428,2025-06-05 00:00:00,,507.0
18837,24276,2025-06-05 00:00:00,,89.0
18838,25051,2025-06-05 00:00:00,,86.0
18839,24190,2025-06-05 00:00:00,,113.0
18840,2045,2025-06-05 00:00:00,,362.0
18841,25133,2025-06-05 00:00:00,,30.0
18842,25134,2025-06-05 00:00:00,,27.0
18843,101,2025-06-04 00:00:00,,417.0
18844,205,2025-06-04 00:00:00,,318.0
18845,263,2025-06-04 00:00:00,,365.0
18846,326,2025-06-04 00:00:00,,400.0
18847,0330A,2025-06-04 00:00:00,,447.0
18848,342,2025-06-04 00:00:00,,454.0
18849,1043A,2025-06-04 00:00:00,,348.0
18850,1056A,2025-06-04 00:00:00,,427.0
18851,1059,2025-06-04 00:00:00,,352.0
18852,1065,2025-06-04 00:00:00,,350.0
18853,1084A,2025-06-04 00:00:00,,274.0
18854,1117,2025-06-04 00:00:00,,427.0
18855,1310,2025-06-04 00:00:00,,478.0
18856,20334,2025-06-04 00:00:00,,414.0
18857,2061,2025-06-04 00:00:00,,315.0
18858,2072,2025-06-04 00:00:00,,346.0
18859,2083,2025-06-04 00:00:00,,397.0
18860,21027,2025-06-04 00:00:00,,407.0
18861,2149A,2025-06-04 00:00:00,,244.0
18862,24218,2025-06-04 00:00:00,,120.0
18863,24233,2025-06-04 00:00:00,,96.0
18864,24240,2025-06-04 00:00:00,,125.0
18865,24268,2025-06-04 00:00:00,,107.0
18866,25003,2025-06-04 00:00:00,,86.0
18867,25006,2025-06-04 00:00:00,,104.0
18868,25015,2025-06-04 00:00:00,,91.0
18869,25044,2025-06-04 00:00:00,,86.0
18870,3015,2025-06-04 00:00:00,,462.0
18871,3043,2025-06-04 00:00:00,,390.0
18872,3084,2025-06-04 00:00:00,,322.0
18873,40072,2025-06-04 00:00:00,,421.0
18874,4034,2025-06-04 00:00:00,,340.0
18875,4141,2025-06-04 00:00:00,,364.0
18876,5007,2025-06-04 00:00:00,,391.0
18877,6020,2025-06-04 00:00:00,,357.0
18878,6021,2025-06-04 00:00:00,,445.0
18879,8005,2025-06-04 00:00:00,,420.0
18880,9100,2025-06-04 00:00:00,,411.0
18881,8085,2025-06-04 00:00:00,,328.0
18882,5098,2025-06-04 00:00:00,,384.0
18883,6031,2025-06-04 00:00:00,,391.0
18884,1132,2025-06-04 00:00:00,,390.0
18885,91091,2025-06-04 00:00:00,,422.0
18886,350,2025-06-04 00:00:00,,352.0
18887,4033,2025-06-04 00:00:00,,300.0
18888,3178,2025-06-04 00:00:00,,274.0
18889,J25132,2025-06-04 00:00:00,,28.0
18890,25130,2025-06-03 00:00:00,,31.0
18891,25131,2025-06-03 00:00:00,,27.0
18892,25129,2025-06-02 00:00:00,,23.0
18893,18,2025-05-30 00:00:00,,419.0
18894,107,2025-05-30 00:00:00,,366.0
18895,111,2025-05-30 00:00:00,,424.0
18896,0206A,2025-05-30 00:00:00,,394.0
18897,0231A,2025-05-30 00:00:00,,403.0
18898,2331,2025-05-30 00:00:00,,372.0
18899,246,2025-05-30 00:00:00,,404.0
18900,249,2025-05-30 00:00:00,,414.0
18901,252,2025-05-30 00:00:00,,398.0
18902,258,2025-05-30 00:00:00,,355.0
18903,259,2025-05-30 00:00:00,,438.0
18904,271,2025-05-30 00:00:00,,341.0
18905,272,2025-05-30 00:00:00,,439.0
18906,278,2025-05-30 00:00:00,,392.0
18907,284,2025-05-30 00:00:00,,461.0
18908,291,2025-05-30 00:00:00,,488.0
18909,297,2025-05-30 00:00:00,,396.0
18910,0298A,2025-05-30 00:00:00,,483.0
18911,323,2025-05-30 00:00:00,,391.0
18912,327,2025-05-30 00:00:00,,351.0
18913,329,2025-05-30 00:00:00,,506.0
18914,333,2025-05-30 00:00:00,,403.0
18915,336,2025-05-30 00:00:00,,332.0
18916,349,2025-05-30 00:00:00,,393.0
18917,355,2025-05-30 00:00:00,,378.0
18918,500,2025-05-30 00:00:00,,461.0
18919,740,2025-05-30 00:00:00,,490.0
18920,10391,2025-05-30 00:00:00,,315.0
18921,1063,2025-05-30 00:00:00,,426.0
18922,1066A,2025-05-30 00:00:00,,418.0
18923,1077A,2025-05-30 00:00:00,,369.0
18924,1091A,2025-05-30 00:00:00,,383.0
18925,1095A,2025-05-30 00:00:00,,433.0
18926,1112A,2025-05-30 00:00:00,,375.0
18927,12164,2025-05-30 00:00:00,,292.0
18928,19,2025-05-30 00:00:00,,469.0
18929,2023,2025-05-30 00:00:00,,404.0
18930,2034,2025-05-30 00:00:00,,318.0
18931,2048,2025-05-30 00:00:00,,414.0
18932,2052,2025-05-30 00:00:00,,451.0
18933,2063B,2025-05-30 00:00:00,,367.0
18934,2080,2025-05-30 00:00:00,,455.0
18935,2097,2025-05-30 00:00:00,,468.0
18936,2103,2025-05-30 00:00:00,,375.0
18937,2108,2025-05-30 00:00:00,,361.0
18938,2111,2025-05-30 00:00:00,,422.0
18939,2133A,2025-05-30 00:00:00,,420.0
18940,2180A,2025-05-30 00:00:00,,380.0
18941,2200,2025-05-30 00:00:00,,368.0
18942,2201,2025-05-30 00:00:00,,375.0
18943,22172,2025-05-30 00:00:00,,378.0
18944,2219,2025-05-30 00:00:00,,484.0
18945,30,2025-05-30 00:00:00,,337.0
18946,30212,2025-05-30 00:00:00,,412.0
18947,3021A,2025-05-30 00:00:00,,492.0
18948,31,2025-05-30 00:00:00,,319.0
18949,3107,2025-05-30 00:00:00,,354.0
18950,34,2025-05-30 00:00:00,,403.0
18951,3750,2025-05-30 00:00:00,,411.0
18952,4048,2025-05-30 00:00:00,,449.0
18953,4101,2025-05-30 00:00:00,,427.0
18954,4151,2025-05-30 00:00:00,,428.0
18955,5013,2025-05-30 00:00:00,,486.0
18956,5030,2025-05-30 00:00:00,,462.0
18957,5077,2025-05-30 00:00:00,,404.0
18958,5079,2025-05-30 00:00:00,,465.0
18959,5146,2025-05-30 00:00:00,,381.0
18960,6042,2025-05-30 00:00:00,,560.0
18961,7017,2025-05-30 00:00:00,,422.0
18962,7022,2025-05-30 00:00:00,,539.0
18963,7028,2025-05-30 00:00:00,,356.0
18964,7072,2025-05-30 00:00:00,,486.0
18965,7077,2025-05-30 00:00:00,,429.0
18966,7080,2025-05-30 00:00:00,,427.0
18967,8006,2025-05-30 00:00:00,,456.0
18968,8010,2025-05-30 00:00:00,,413.0
18969,80121,2025-05-30 00:00:00,,388.0
18970,8026,2025-05-30 00:00:00,,356.0
18971,8041,2025-05-30 00:00:00,,510.0
18972,8051,2025-05-30 00:00:00,,299.0
18973,8062,2025-05-30 00:00:00,,452.0
18974,8063,2025-05-30 00:00:00,,399.0
18975,8076,2025-05-30 00:00:00,,433.0
18976,80841,2025-05-30 00:00:00,,371.0
18977,80882,2025-05-30 00:00:00,,396.0
18978,809,2025-05-30 00:00:00,,382.0
18979,9006,2025-05-30 00:00:00,,417.0
18980,9015,2025-05-30 00:00:00,,428.0
18981,9016,2025-05-30 00:00:00,,380.0
18982,9023,2025-05-30 00:00:00,,368.0
18983,9037,2025-05-30 00:00:00,,366.0
18984,9045,2025-05-30 00:00:00,,420.0
18985,9046,2025-05-30 00:00:00,,409.0
18986,9051,2025-05-30 00:00:00,,431.0
18987,9053,2025-05-30 00:00:00,,429.0
18988,9071,2025-05-30 00:00:00,,421.0
18989,9076,2025-05-30 00:00:00,,434.0
18990,9091,2025-05-30 00:00:00,,392.0
18991,9103,2025-05-30 00:00:00,,399.0
18992,9104,2025-05-30 00:00:00,,463.0
18993,9110A,2025-05-30 00:00:00,,486.0
18994,9116B,2025-05-30 00:00:00,,336.0
18995,9122,2025-05-30 00:00:00,,350.0
18996,9125,2025-05-30 00:00:00,,422.0
18997,EMB 2,2025-05-30 00:00:00,,426.0
18998,EMB 3,2025-05-30 00:00:00,,408.0
18999,J420,2025-05-30 00:00:00,,461.0
19000,J422,2025-05-30 00:00:00,,430.0
19001,J8705,2025-05-30 00:00:00,,583.0
19002,SNA,2025-05-30 00:00:00,,482.0
19003,22126,2025-05-30 00:00:00,,354.0
19004,2095,2025-05-30 00:00:00,,322.0
19005,2014,2025-05-30 00:00:00,,340.0
19006,22135,2025-05-30 00:00:00,,357.0
19007,8033,2025-05-30 00:00:00,,458.0
19008,1053A,2025-05-30 00:00:00,,375.0
19009,7074,2025-05-30 00:00:00,,405.0
19010,5082,2025-05-30 00:00:00,,325.0
19011,22049,2025-05-30 00:00:00,,306.0
19012,2007,2025-05-30 00:00:00,,367.0
19013,22149,2025-05-30 00:00:00,,319.0
19014,20,2025-05-30 00:00:00,,359.0
19015,2153,2025-05-30 00:00:00,,400.0
19016,7012,2025-05-30 00:00:00,,398.0
19017,7059,2025-05-30 00:00:00,,406.0
19018,9013,2025-05-30 00:00:00,,397.0
19019,8054,2025-05-30 00:00:00,,414.0
19020,2022,2025-05-30 00:00:00,,411.0
19021,4075,2025-05-30 00:00:00,,341.0
19022,8060,2025-05-30 00:00:00,,361.0
19023,24091,2025-05-30 00:00:00,,134.0
19024,1102,2025-05-30 00:00:00,,386.0
19025,2093,2025-05-30 00:00:00,,325.0
19026,2162,2025-05-30 00:00:00,,303.0
19027,1032,2025-05-30 00:00:00,,299.0
19028,7076,2025-05-30 00:00:00,,401.0
19029,BU78,2025-05-30 00:00:00,,301.0
19030,BU81,2025-05-30 00:00:00,,259.0
19031,BU94,2025-05-30 00:00:00,,254.0
19032,25127,2025-05-30 00:00:00,,23.0
19033,25128,2025-05-30 00:00:00,,23.0
19034,9058,2025-05-29 00:00:00,,470.0
19035,8030,2025-05-29 00:00:00,,449.0
19036,202,2025-05-29 00:00:00,,323.0
19037,4035,2025-05-29 00:00:00,,489.0
19038,2220,2025-05-29 00:00:00,,433.0
19039,1188,2025-05-29 00:00:00,,435.0
19040,226,2025-05-29 00:00:00,,410.0
19041,3132,2025-05-29 00:00:00,,354.0
19042,1004,2025-05-29 00:00:00,,397.0
19043,91171,2025-05-29 00:00:00,,430.0
19044,5150,2025-05-29 00:00:00,,410.0
19045,91242,2025-05-29 00:00:00,,501.0
19046,31102,2025-05-29 00:00:00,,429.0
19047,2143,2025-05-29 00:00:00,,416.0
19048,8094,2025-05-29 00:00:00,,330.0
19049,5090,2025-05-29 00:00:00,,456.0
19050,2039,2025-05-29 00:00:00,,546.0
19051,3027A,2025-05-29 00:00:00,,356.0
19052,343,2025-05-29 00:00:00,,350.0
19053,241,2025-05-29 00:00:00,,430.0
19054,338,2025-05-29 00:00:00,,414.0
19055,8079,2025-05-29 00:00:00,,416.0
19056,0208A,2025-05-29 00:00:00,,382.0
19057,8089,2025-05-29 00:00:00,,447.0
19058,2050,2025-05-29 00:00:00,,483.0
19059,2062,2025-05-29 00:00:00,,426.0
19060,2096,2025-05-29 00:00:00,,446.0
19061,2090A,2025-05-29 00:00:00,,472.0
19062,9099,2025-05-29 00:00:00,,393.0
19063,2209A,2025-05-29 00:00:00,,389.0
19064,7087,2025-05-29 00:00:00,,535.0
19065,4079,2025-05-29 00:00:00,,381.0
19066,4A,2025-05-29 00:00:00,,449.0
19067,322,2025-05-29 00:00:00,,394.0
19068,5052,2025-05-29 00:00:00,,373.0
19069,7083,2025-05-29 00:00:00,,446.0
19070,6067,2025-05-29 00:00:00,,475.0
19071,6035,2025-05-29 00:00:00,,362.0
19072,7033,2025-05-29 00:00:00,,400.0
19073,2171,2025-05-29 00:00:00,,464.0
19074,2073,2025-05-29 00:00:00,,466.0
19075,229,2025-05-29 00:00:00,,416.0
19076,J841,2025-05-29 00:00:00,,478.0
19077,8036,2025-05-29 00:00:00,,402.0
19078,91262,2025-05-29 00:00:00,,398.0
19079,1100B,2025-05-29 00:00:00,,292.0
19080,9014,2025-05-29 00:00:00,,368.0
19081,8011,2025-05-29 00:00:00,,375.0
19082,201,2025-05-29 00:00:00,,420.0
19083,320,2025-05-29 00:00:00,,303.0
19084,7007,2025-05-29 00:00:00,,395.0
19085,2021,2025-05-29 00:00:00,,489.0
19086,5060,2025-05-29 00:00:00,,355.0
19087,J424,2025-05-29 00:00:00,,468.0
19088,8028,2025-05-29 00:00:00,,424.0
19089,8050,2025-05-29 00:00:00,,398.0
19090,6043,2025-05-29 00:00:00,,371.0
19091,220,2025-05-29 00:00:00,,438.0
19092,7061,2025-05-29 00:00:00,,429.0
19093,9007,2025-05-29 00:00:00,,369.0
19094,2234,2025-05-29 00:00:00,,361.0
19095,35,2025-05-29 00:00:00,,379.0
19096,9389,2025-05-29 00:00:00,,379.0
19097,240,2025-05-29 00:00:00,,452.0
19098,0299A,2025-05-29 00:00:00,,582.0
19099,1005,2025-05-29 00:00:00,,385.0
19100,1015A,2025-05-29 00:00:00,,366.0
19101,1075,2025-05-29 00:00:00,,375.0
19102,1090A,2025-05-29 00:00:00,,345.0
19103,1091,2025-05-29 00:00:00,,323.0
19104,10431,2025-05-29 00:00:00,,377.0
19105,1104A,2025-05-29 00:00:00,,385.0
19106,1105,2025-05-29 00:00:00,,559.0
19107,1109B,2025-05-29 00:00:00,,386.0
19108,2035A,2025-05-29 00:00:00,,395.0
19109,2146,2025-05-29 00:00:00,,418.0
19110,2203,2025-05-29 00:00:00,,340.0
19111,33,2025-05-29 00:00:00,,340.0
19112,4008,2025-05-29 00:00:00,,376.0
19113,4078,2025-05-29 00:00:00,,365.0
19114,5629,2025-05-29 00:00:00,,442.0
19115,9011,2025-05-29 00:00:00,,447.0
19116,J01415,2025-05-29 00:00:00,,428.0
19117,3028A,2025-05-29 00:00:00,,378.0
19118,2042,2025-05-29 00:00:00,,348.0
19119,TSN01,2025-05-29 00:00:00,,614.0
19120,5529,2025-05-29 00:00:00,,516.0
19121,254,2025-05-29 00:00:00,,483.0
19122,4087,2025-05-29 00:00:00,,445.0
19123,24005,2025-05-29 00:00:00,,170.0
19124,99,2025-05-29 00:00:00,,400.0
19125,5638,2025-05-29 00:00:00,,457.0
19126,9113,2025-05-29 00:00:00,,397.0
19127,2030,2025-05-29 00:00:00,,377.0
19128,24229,2025-05-29 00:00:00,,108.0
19129,3003A,2025-05-29 00:00:00,,496.0
19130,2148,2025-05-29 00:00:00,,470.0
19131,8086,2025-05-29 00:00:00,,417.0
19132,9,2025-05-29 00:00:00,,389.0
19133,2037,2025-05-29 00:00:00,,359.0
19134,24235,2025-05-29 00:00:00,,139.0
19135,24222,2025-05-29 00:00:00,,150.0
19136,24234,2025-05-29 00:00:00,,122.0
19137,2072,2025-05-29 00:00:00,,431.0
19138,1168,2025-05-29 00:00:00,,476.0
19139,3024A,2025-05-29 00:00:00,,474.0
19140,23154,2025-05-29 00:00:00,,250.0
19141,2018,2025-05-29 00:00:00,,410.0
19142,25063,2025-05-29 00:00:00,,68.0
19143,24205,2025-05-29 00:00:00,,140.0
19144,BU48,2025-05-29 00:00:00,,189.0
19145,2148A,2025-05-29 00:00:00,,470.0
19146,9073,2025-05-29 00:00:00,,397.0
19147,25125,2025-05-29 00:00:00,,23.0
19148,25126,2025-05-29 00:00:00,,25.0
19149,8061,2025-05-28 00:00:00,,503.0
19150,2040,2025-05-28 00:00:00,,366.0
19151,353,2025-05-28 00:00:00,,454.0
19152,6070,2025-05-28 00:00:00,,361.0
19153,4072,2025-05-28 00:00:00,,490.0
19154,9024,2025-05-28 00:00:00,,424.0
19155,270,2025-05-28 00:00:00,,356.0
19156,4018,2025-05-28 00:00:00,,369.0
19157,2063A,2025-05-28 00:00:00,,422.0
19158,3119,2025-05-28 00:00:00,,465.0
19159,J426,2025-05-28 00:00:00,,440.0
19160,7067,2025-05-28 00:00:00,,335.0
19161,132,2025-05-28 00:00:00,,391.0
19162,332,2025-05-28 00:00:00,,402.0
19163,91172,2025-05-28 00:00:00,,412.0
19164,80472,2025-05-28 00:00:00,,367.0
19165,8087,2025-05-28 00:00:00,,364.0
19166,8082,2025-05-28 00:00:00,,352.0
19167,8045,2025-05-28 00:00:00,,431.0
19168,1017A,2025-05-28 00:00:00,,422.0
19169,1015,2025-05-28 00:00:00,,401.0
19170,3066B,2025-05-28 00:00:00,,316.0
19171,5144,2025-05-28 00:00:00,,467.0
19172,60286,2025-05-28 00:00:00,,422.0
19173,2124A,2025-05-28 00:00:00,,447.0
19174,9040,2025-05-28 00:00:00,,372.0
19175,2208A,2025-05-28 00:00:00,,338.0
19176,5033,2025-05-28 00:00:00,,334.0
19177,298,2025-05-28 00:00:00,,379.0
19178,8072,2025-05-28 00:00:00,,384.0
19179,1078A,2025-05-28 00:00:00,,383.0
19180,9020,2025-05-28 00:00:00,,462.0
19181,1088A,2025-05-28 00:00:00,,442.0
19182,2196A,2025-05-28 00:00:00,,396.0
19183,8096,2025-05-28 00:00:00,,470.0
19184,1079,2025-05-28 00:00:00,,336.0
19185,8046,2025-05-28 00:00:00,,410.0
19186,0299C,2025-05-28 00:00:00,,377.0
19187,5679,2025-05-28 00:00:00,,419.0
19188,267,2025-05-28 00:00:00,,377.0
19189,8019,2025-05-28 00:00:00,,419.0
19190,8048,2025-05-28 00:00:00,,340.0
19191,2226,2025-05-28 00:00:00,,461.0
19192,3026A,2025-05-28 00:00:00,,428.0
19193,7032,2025-05-28 00:00:00,,572.0
19194,8043,2025-05-28 00:00:00,,416.0
19195,1109A,2025-05-28 00:00:00,,353.0
19196,8017,2025-05-28 00:00:00,,433.0
19197,1066,2025-05-28 00:00:00,,345.0
19198,2027,2025-05-28 00:00:00,,611.0
19199,2066,2025-05-28 00:00:00,,465.0
19200,5592,2025-05-28 00:00:00,,564.0
19201,7066,2025-05-28 00:00:00,,424.0
19202,7090,2025-05-28 00:00:00,,603.0
19203,1139A,2025-05-28 00:00:00,,334.0
19204,1148,2025-05-26 00:00:00,,646.0
19205,1130,2025-05-26 00:00:00,,530.0
19206,1324,2025-05-26 00:00:00,,585.0
19207,1166,2025-05-26 00:00:00,,499.0
19208,25124,2025-05-25 00:00:00,,21.0
19209,25122,2025-05-24 00:00:00,,20.0
19210,25123,2025-05-24 00:00:00,,21.0
19211,25111,2025-05-23 00:00:00,,30.0
19212,25112,2025-05-23 00:00:00,,23.0
19213,25113,2025-05-23 00:00:00,,30.0
19214,25114,2025-05-23 00:00:00,,26.0
19215,25115,2025-05-23 00:00:00,,26.0
19216,25116,2025-05-23 00:00:00,,27.0
19217,25117,2025-05-23 00:00:00,,23.0
19218,25119,2025-05-23 00:00:00,,25.0
19219,25120,2025-05-23 00:00:00,,26.0
19220,25121,2025-05-23 00:00:00,,22.0
19221,1064,2025-05-21 00:00:00,,429.0
19222,2217,2025-05-21 00:00:00,,521.0
19223,25118,2025-05-20 00:00:00,,25.0
19224,25103,2025-05-17 00:00:00,,23.0
19225,25105,2025-05-17 00:00:00,,24.0
19226,25106,2025-05-17 00:00:00,,27.0
19227,25107,2025-05-17 00:00:00,,24.0
19228,25108,2025-05-17 00:00:00,,25.0
19229,25109,2025-05-17 00:00:00,,25.0
19230,25110,2025-05-17 00:00:00,,30.0
19231,22195,2025-05-14 00:00:00,,250.0
19232,J407,2025-05-14 00:00:00,,196.0
19233,23094,2025-05-14 00:00:00,,181.0
19234,24178,2025-05-14 00:00:00,,127.0
19235,23188,2025-05-14 00:00:00,,173.0
19236,24034,2025-05-14 00:00:00,,154.0
19237,24004,2025-05-14 00:00:00,,142.0
19238,J414,2025-05-14 00:00:00,,214.0
19239,23124,2025-05-14 00:00:00,,217.0
19240,24164,2025-05-14 00:00:00,,115.0
19241,24033,2025-05-14 00:00:00,,172.0
19242,24094,2025-05-14 00:00:00,,116.0
19243,24039,2025-05-14 00:00:00,,111.0
19244,23216,2025-05-14 00:00:00,,144.0
19245,24123,2025-05-14 00:00:00,,154.0
19246,24115,2025-05-14 00:00:00,,125.0
19247,J413,2025-05-14 00:00:00,,204.0
19248,24042,2025-05-14 00:00:00,,141.0
19249,23212,2025-05-14 00:00:00,,175.0
19250,24058,2025-05-14 00:00:00,,121.0
19251,24114,2025-05-14 00:00:00,,94.0
19252,24045,2025-05-14 00:00:00,,119.0
19253,23026,2025-05-14 00:00:00,,236.0
19254,23233,2025-05-14 00:00:00,,159.0
19255,24051,2025-05-14 00:00:00,,136.0
19256,23168,2025-05-14 00:00:00,,153.0
19257,24052,2025-05-14 00:00:00,,98.0
19258,J4011,2025-05-14 00:00:00,,216.0
19259,23246,2025-05-14 00:00:00,,206.0
19260,23250,2025-05-14 00:00:00,,136.0
19261,23125,2025-05-14 00:00:00,,226.0
19262,23098,2025-05-14 00:00:00,,217.0
19263,23139,2025-05-14 00:00:00,,223.0
19264,23186,2025-05-14 00:00:00,,182.0
19265,24106,2025-05-14 00:00:00,,129.0
19266,23223,2025-05-14 00:00:00,,161.0
19267,23239,2025-05-14 00:00:00,,115.0
19268,23248,2025-05-14 00:00:00,,152.0
19269,J416,2025-05-14 00:00:00,,183.0
19270,J402,2025-05-14 00:00:00,,145.0
19271,23227,2025-05-14 00:00:00,,172.0
19272,J409,2025-05-14 00:00:00,,232.0
19273,24124,2025-05-14 00:00:00,,139.0
19274,24002,2025-05-14 00:00:00,,266.0
19275,J404,2025-05-14 00:00:00,,211.0
19276,24084,2025-05-14 00:00:00,,135.0
19277,J417,2025-05-14 00:00:00,,134.0
19278,24065,2025-05-14 00:00:00,,171.0
19279,23166,2025-05-14 00:00:00,,137.0
19280,J4010,2025-05-14 00:00:00,,239.0
19281,23140,2025-05-14 00:00:00,,225.0
19282,J406,2025-05-14 00:00:00,,193.0
19283,24013,2025-05-14 00:00:00,,213.0
19284,23148,2025-05-14 00:00:00,,212.0
19285,23243,2025-05-14 00:00:00,,117.0
19286,24036,2025-05-14 00:00:00,,137.0
19287,23238,2025-05-14 00:00:00,,280.0
19288,J418,2025-05-14 00:00:00,,203.0
19289,23027,2025-05-14 00:00:00,,180.0
19290,24020,2025-05-14 00:00:00,,164.0
19291,J408,2025-05-14 00:00:00,,238.0
19292,23252,2025-05-14 00:00:00,,162.0
19293,24037,2025-05-14 00:00:00,,155.0
19294,J415,2025-05-14 00:00:00,,241.0
19295,J412,2025-05-14 00:00:00,,148.0
19296,24054,2025-05-14 00:00:00,,153.0
19297,23217,2025-05-14 00:00:00,,180.0
19298,J419,2025-05-14 00:00:00,,178.0
19299,24040,2025-05-14 00:00:00,,134.0
19300,23197,2025-05-14 00:00:00,,150.0
19301,23241,2025-05-14 00:00:00,,312.0
19302,23173,2025-05-14 00:00:00,,156.0
19303,23224,2025-05-14 00:00:00,,245.0
19304,24129,2025-05-14 00:00:00,,105.0
19305,24021,2025-05-14 00:00:00,,229.0
19306,23237,2025-05-14 00:00:00,,152.0
19307,24018,2025-05-14 00:00:00,,143.0
19308,24015,2025-05-14 00:00:00,,164.0
19309,24053,2025-05-14 00:00:00,,110.0
19310,24008,2025-05-14 00:00:00,,116.0
19311,24068,2025-05-14 00:00:00,,136.0
19312,24007,2025-05-14 00:00:00,,199.0
19313,24117,2025-05-14 00:00:00,,136.0
19314,J401,2025-05-14 00:00:00,,227.0
19315,23177,2025-05-14 00:00:00,,181.0
19316,24060,2025-05-14 00:00:00,,134.0
19317,24016,2025-05-14 00:00:00,,275.0
19318,24006,2025-05-14 00:00:00,,179.0
19319,24119,2025-05-14 00:00:00,,154.0
19320,23231,2025-05-14 00:00:00,,142.0
19321,3026A,2025-05-14 00:00:00,,412.0
19322,8072,2025-05-14 00:00:00,,330.0
19323,2027,2025-05-14 00:00:00,,600.0
19324,2066,2025-05-14 00:00:00,,444.0
19325,7032,2025-05-14 00:00:00,,567.0
19326,8082,2025-05-14 00:00:00,,353.0
19327,4101,2025-05-14 00:00:00,,424.0
19328,5144,2025-05-14 00:00:00,,394.0
19329,4151,2025-05-14 00:00:00,,459.0
19330,8048,2025-05-14 00:00:00,,347.0
19331,809,2025-05-14 00:00:00,,407.0
19332,2196A,2025-05-14 00:00:00,,455.0
19333,7090,2025-05-14 00:00:00,,601.0
19334,1109A,2025-05-14 00:00:00,,338.0
19335,2094A,2025-05-14 00:00:00,,358.0
19336,9024,2025-05-14 00:00:00,,403.0
19337,2063A,2025-05-14 00:00:00,,415.0
19338,298,2025-05-14 00:00:00,,327.0
19339,7067,2025-05-14 00:00:00,,315.0
19340,8043,2025-05-14 00:00:00,,405.0
19341,9040,2025-05-14 00:00:00,,419.0
19342,80472,2025-05-14 00:00:00,,345.0
19343,2040,2025-05-14 00:00:00,,325.0
19344,80882,2025-05-14 00:00:00,,393.0
19345,1079,2025-05-14 00:00:00,,392.0
19346,8061,2025-05-14 00:00:00,,481.0
19347,1066,2025-05-14 00:00:00,,327.0
19348,9020,2025-05-14 00:00:00,,363.0
19349,8046,2025-05-14 00:00:00,,452.0
19350,3119,2025-05-14 00:00:00,,454.0
19351,91172,2025-05-14 00:00:00,,410.0
19352,8087,2025-05-14 00:00:00,,367.0
19353,4018,2025-05-14 00:00:00,,364.0
19354,3066B,2025-05-14 00:00:00,,395.0
19355,2124A,2025-05-14 00:00:00,,453.0
19356,1015,2025-05-14 00:00:00,,446.0
19357,353,2025-05-14 00:00:00,,438.0
19358,8045,2025-05-14 00:00:00,,420.0
19359,0299C,2025-05-14 00:00:00,,322.0
19360,4072,2025-05-14 00:00:00,,481.0
19361,8019,2025-05-14 00:00:00,,398.0
19362,6070,2025-05-14 00:00:00,,365.0
19363,267,2025-05-14 00:00:00,,369.0
19364,5679,2025-05-14 00:00:00,,405.0
19365,1017A,2025-05-14 00:00:00,,409.0
19366,1078A,2025-05-14 00:00:00,,375.0
19367,5033,2025-05-14 00:00:00,,371.0
19368,270,2025-05-14 00:00:00,,353.0
19369,23014,2025-05-14 00:00:00,,311.0
19370,23054,2025-05-14 00:00:00,,217.0
19371,23123,2025-05-14 00:00:00,,295.0
19372,23095,2025-05-14 00:00:00,,257.0
19373,23090,2025-05-14 00:00:00,,257.0
19374,23249,2025-05-14 00:00:00,,230.0
19375,23118,2025-05-14 00:00:00,,260.0
19376,23020,2025-05-14 00:00:00,,282.0
19377,23007,2025-05-14 00:00:00,,267.0
19378,22176,2025-05-14 00:00:00,,272.0
19379,23116,2025-05-14 00:00:00,,270.0
19380,SN50,2025-05-14 00:00:00,,540.0
19381,23096,2025-05-14 00:00:00,,300.0
19382,22190,2025-05-14 00:00:00,,354.0
19383,23078,2025-05-14 00:00:00,,271.0
19384,22192,2025-05-14 00:00:00,,265.0
19385,23072,2025-05-14 00:00:00,,287.0
19386,23088,2025-05-14 00:00:00,,251.0
19387,23135,2025-05-14 00:00:00,,215.0
19388,22196,2025-05-14 00:00:00,,299.0
19389,1018,2025-05-14 00:00:00,,267.0
19390,23214,2025-05-14 00:00:00,,230.0
19391,23085,2025-05-14 00:00:00,,251.0
19392,23104,2025-05-14 00:00:00,,287.0
19393,23146,2025-05-14 00:00:00,,313.0
19394,23063,2025-05-14 00:00:00,,273.0
19395,23084,2025-05-14 00:00:00,,274.0
19396,23010,2025-05-14 00:00:00,,310.0
19397,22132,2025-05-14 00:00:00,,306.0
19398,23038,2025-05-14 00:00:00,,244.0
19399,99,2025-05-14 00:00:00,,393.0
19400,24077,2025-05-14 00:00:00,,254.0
19401,23028,2025-05-14 00:00:00,,292.0
19402,22122,2025-05-14 00:00:00,,313.0
19403,23120,2025-05-14 00:00:00,,233.0
19404,23181,2025-05-14 00:00:00,,258.0
19405,24029,2025-05-14 00:00:00,,226.0
19406,23019,2025-05-14 00:00:00,,299.0
19407,23119,2025-05-14 00:00:00,,288.0
19408,23046,2025-05-14 00:00:00,,238.0
19409,23114,2025-05-14 00:00:00,,262.0
19410,23100,2025-05-14 00:00:00,,253.0
19411,22184,2025-05-14 00:00:00,,275.0
19412,22120,2025-05-14 00:00:00,,357.0
19413,23142,2025-05-14 00:00:00,,241.0
19414,23058,2025-05-14 00:00:00,,278.0
19415,23102,2025-05-14 00:00:00,,250.0
19416,23053,2025-05-14 00:00:00,,288.0
19417,1026,2025-05-14 00:00:00,,503.0
19418,22187,2025-05-14 00:00:00,,265.0
19419,22205,2025-05-14 00:00:00,,267.0
19420,23150,2025-05-14 00:00:00,,272.0
19421,22207,2025-05-14 00:00:00,,299.0
19422,25099,2025-05-10 00:00:00,,25.0
19423,25100,2025-05-10 00:00:00,,23.0
19424,25101,2025-05-10 00:00:00,,28.0
19425,25102,2025-05-10 00:00:00,,23.0
19426,25104,2025-05-10 00:00:00,,25.0
19427,25097,2025-05-01 00:00:00,,25.0
19428,25093,2025-04-30 00:00:00,,25.0
19429,25095,2025-04-30 00:00:00,,21.0
19430,25096,2025-04-30 00:00:00,,22.0
19431,25087,2025-04-28 00:00:00,,16.0
19432,25088,2025-04-28 00:00:00,,27.0
19433,25089,2025-04-28 00:00:00,,27.0
19434,25090,2025-04-28 00:00:00,,23.0
19435,25091,2025-04-28 00:00:00,,27.0
19436,25073,2025-04-26 00:00:00,,19.0
19437,25075,2025-04-26 00:00:00,,39.0
19438,25076,2025-04-26 00:00:00,,29.0
19439,25077,2025-04-26 00:00:00,,29.0
19440,25078,2025-04-26 00:00:00,,31.0
19441,25080,2025-04-26 00:00:00,,27.0
19442,25081,2025-04-26 00:00:00,,17.0
19443,25082,2025-04-26 00:00:00,,20.0
19444,25083,2025-04-26 00:00:00,,23.0
19445,25084,2025-04-26 00:00:00,,18.0
19446,25085,2025-04-26 00:00:00,,18.0
19447,25086,2025-04-26 00:00:00,,25.0
19448,25098,2025-04-26 00:00:00,,26.0
19449,24302,2025-04-14 00:00:00,,23.0
19450,24303,2025-04-14 00:00:00,,23.0
19451,25013,2025-04-14 00:00:00,,23.0
19452,25032,2025-04-14 00:00:00,,23.0
19453,25033,2025-04-14 00:00:00,,23.0
19454,25029,2025-04-14 00:00:00,,23.0
19455,25038,2025-04-14 00:00:00,,23.0
19456,25045,2025-04-14 00:00:00,,23.0
19457,25071,2025-04-14 00:00:00,,23.0
19458,25074,2025-04-14 00:00:00,,23.0
19459,25062,2025-04-12 00:00:00,,27.0
19460,25064,2025-04-12 00:00:00,,26.0
19461,25065,2025-04-12 00:00:00,,15.0
19462,25066,2025-04-12 00:00:00,,30.0
19463,25067,2025-04-12 00:00:00,,26.0
19464,25068,2025-04-12 00:00:00,,26.0
19465,25069,2025-04-12 00:00:00,,25.0
19466,0118A,2025-04-09 00:00:00,,441.0
19467,119,2025-04-09 00:00:00,,502.0
19468,141,2025-04-09 00:00:00,,494.0
19469,198,2025-04-09 00:00:00,,545.0
19470,0216A,2025-04-09 00:00:00,,556.0
19471,217,2025-04-09 00:00:00,,554.0
19472,242,2025-04-09 00:00:00,,535.0
19473,325,2025-04-09 00:00:00,,522.0
19474,346,2025-04-09 00:00:00,,520.0
19475,351,2025-04-09 00:00:00,,529.0
19476,358,2025-04-09 00:00:00,,549.0
19477,1027,2025-04-09 00:00:00,,539.0
19478,1036,2025-04-09 00:00:00,,550.0
19479,1046A,2025-04-09 00:00:00,,554.0
19480,1048,2025-04-09 00:00:00,,561.0
19481,1053,2025-04-09 00:00:00,,528.0
19482,1068,2025-04-09 00:00:00,,527.0
19483,1069,2025-04-09 00:00:00,,551.0
19484,1078,2025-04-09 00:00:00,,541.0
19485,1080A,2025-04-09 00:00:00,,581.0
19486,1095B,2025-04-09 00:00:00,,500.0
19487,1101,2025-04-09 00:00:00,,559.0
19488,1106,2025-04-09 00:00:00,,485.0
19489,1106A,2025-04-09 00:00:00,,509.0
19490,1130,2025-04-09 00:00:00,,525.0
19491,1148,2025-04-09 00:00:00,,644.0
19492,1152,2025-04-09 00:00:00,,550.0
19493,1154,2025-04-09 00:00:00,,599.0
19494,1156,2025-04-09 00:00:00,,553.0
19495,1165,2025-04-09 00:00:00,,573.0
19496,1180,2025-04-09 00:00:00,,601.0
19497,1190,2025-04-09 00:00:00,,576.0
19498,1204,2025-04-09 00:00:00,,563.0
19499,1206,2025-04-09 00:00:00,,539.0
19500,1207,2025-04-09 00:00:00,,580.0
19501,1214,2025-04-09 00:00:00,,411.0
19502,1215,2025-04-09 00:00:00,,557.0
19503,1216,2025-04-09 00:00:00,,517.0
19504,1219,2025-04-09 00:00:00,,543.0
19505,1228,2025-04-09 00:00:00,,520.0
19506,1292,2025-04-09 00:00:00,,532.0
19507,1324,2025-04-09 00:00:00,,573.0
19508,2032,2025-04-09 00:00:00,,581.0
19509,2128,2025-04-09 00:00:00,,484.0
19510,9135,2025-04-09 00:00:00,,472.0
19511,MSN15,2025-04-09 00:00:00,,609.0
19512,MSN16,2025-04-09 00:00:00,,568.0
19513,MSN17,2025-04-09 00:00:00,,500.0
19514,1126,2025-04-09 00:00:00,,459.0
19515,0109A,2025-04-08 00:00:00,,461.0
19516,0116A,2025-04-08 00:00:00,,452.0
19517,127,2025-04-08 00:00:00,,462.0
19518,0204B,2025-04-08 00:00:00,,416.0
19519,99,2025-04-08 00:00:00,,395.0
19520,1008,2025-04-08 00:00:00,,374.0
19521,1018,2025-04-08 00:00:00,,263.0
19522,1027A,2025-04-08 00:00:00,,419.0
19523,1033,2025-04-08 00:00:00,,462.0
19524,1044,2025-04-08 00:00:00,,458.0
19525,1055A,2025-04-08 00:00:00,,457.0
19526,1056,2025-04-08 00:00:00,,451.0
19527,1067,2025-04-08 00:00:00,,408.0
19528,1068A,2025-04-08 00:00:00,,345.0
19529,1070,2025-04-08 00:00:00,,416.0
19530,1070A,2025-04-08 00:00:00,,458.0
19531,1076,2025-04-08 00:00:00,,493.0
19532,1077,2025-04-08 00:00:00,,444.0
19533,1082A,2025-04-08 00:00:00,,338.0
19534,1085,2025-04-08 00:00:00,,500.0
19535,1092A,2025-04-08 00:00:00,,450.0
19536,1096A,2025-04-08 00:00:00,,433.0
19537,1097A,2025-04-08 00:00:00,,411.0
19538,1101A,2025-04-08 00:00:00,,423.0
19539,1104,2025-04-08 00:00:00,,437.0
19540,1112,2025-04-08 00:00:00,,462.0
19541,1130A,2025-04-08 00:00:00,,449.0
19542,1133,2025-04-08 00:00:00,,373.0
19543,1237,2025-04-08 00:00:00,,473.0
19544,2001B,2025-04-08 00:00:00,,420.0
19545,2004,2025-04-08 00:00:00,,468.0
19546,2005A,2025-04-08 00:00:00,,430.0
19547,2005B,2025-04-08 00:00:00,,459.0
19548,2010,2025-04-08 00:00:00,,326.0
19549,2025,2025-04-08 00:00:00,,437.0
19550,2029,2025-04-08 00:00:00,,480.0
19551,2039A,2025-04-08 00:00:00,,434.0
19552,2041,2025-04-08 00:00:00,,542.0
19553,2044,2025-04-08 00:00:00,,352.0
19554,2053,2025-04-08 00:00:00,,497.0
19555,2054,2025-04-08 00:00:00,,454.0
19556,2056,2025-04-08 00:00:00,,506.0
19557,2058,2025-04-08 00:00:00,,401.0
19558,2067,2025-04-08 00:00:00,,411.0
19559,2090,2025-04-08 00:00:00,,486.0
19560,2092,2025-04-08 00:00:00,,494.0
19561,2094,2025-04-08 00:00:00,,371.0
19562,2099,2025-04-08 00:00:00,,261.0
19563,2101,2025-04-08 00:00:00,,336.0
19564,2106,2025-04-08 00:00:00,,377.0
19565,2149,2025-04-08 00:00:00,,386.0
19566,2154,2025-04-08 00:00:00,,357.0
19567,2155,2025-04-08 00:00:00,,393.0
19568,2159,2025-04-08 00:00:00,,350.0
19569,2167,2025-04-08 00:00:00,,370.0
19570,2170,2025-04-08 00:00:00,,378.0
19571,2174,2025-04-08 00:00:00,,357.0
19572,22100,2025-04-08 00:00:00,,328.0
19573,22114,2025-04-08 00:00:00,,311.0
19574,22115,2025-04-08 00:00:00,,344.0
19575,22118,2025-04-08 00:00:00,,392.0
19576,22120,2025-04-08 00:00:00,,341.0
19577,22122,2025-04-08 00:00:00,,299.0
19578,22132,2025-04-08 00:00:00,,299.0
19579,22157,2025-04-08 00:00:00,,306.0
19580,22158,2025-04-08 00:00:00,,347.0
19581,22166,2025-04-08 00:00:00,,367.0
19582,22168,2025-04-08 00:00:00,,315.0
19583,22175,2025-04-08 00:00:00,,364.0
19584,22176,2025-04-08 00:00:00,,263.0
19585,22178,2025-04-08 00:00:00,,394.0
19586,22181,2025-04-08 00:00:00,,394.0
19587,22184,2025-04-08 00:00:00,,258.0
19588,22185,2025-04-08 00:00:00,,335.0
19589,22188,2025-04-08 00:00:00,,339.0
19590,22190,2025-04-08 00:00:00,,338.0
19591,22194,2025-04-08 00:00:00,,385.0
19592,22196,2025-04-08 00:00:00,,289.0
19593,22205,2025-04-08 00:00:00,,255.0
19594,22206,2025-04-08 00:00:00,,333.0
19595,22207,2025-04-08 00:00:00,,285.0
19596,22209,2025-04-08 00:00:00,,318.0
19597,23004,2025-04-08 00:00:00,,378.0
19598,23007,2025-04-08 00:00:00,,256.0
19599,23010,2025-04-08 00:00:00,,296.0
19600,23011,2025-04-08 00:00:00,,348.0
19601,23014,2025-04-08 00:00:00,,294.0
19602,23015,2025-04-08 00:00:00,,348.0
19603,23019,2025-04-08 00:00:00,,279.0
19604,23020,2025-04-08 00:00:00,,263.0
19605,23028,2025-04-08 00:00:00,,278.0
19606,23046,2025-04-08 00:00:00,,216.0
19607,23053,2025-04-08 00:00:00,,280.0
19608,23054,2025-04-08 00:00:00,,198.0
19609,23058,2025-04-08 00:00:00,,249.0
19610,23063,2025-04-08 00:00:00,,254.0
19611,23072,2025-04-08 00:00:00,,261.0
19612,23078,2025-04-08 00:00:00,,250.0
19613,23084,2025-04-08 00:00:00,,262.0
19614,23085,2025-04-08 00:00:00,,222.0
19615,23088,2025-04-08 00:00:00,,240.0
19616,23090,2025-04-08 00:00:00,,241.0
19617,23095,2025-04-08 00:00:00,,243.0
19618,23096,2025-04-08 00:00:00,,279.0
19619,23100,2025-04-08 00:00:00,,241.0
19620,23102,2025-04-08 00:00:00,,237.0
19621,23104,2025-04-08 00:00:00,,270.0
19622,23114,2025-04-08 00:00:00,,243.0
19623,23116,2025-04-08 00:00:00,,255.0
19624,23118,2025-04-08 00:00:00,,238.0
19625,23119,2025-04-08 00:00:00,,273.0
19626,23120,2025-04-08 00:00:00,,210.0
19627,23123,2025-04-08 00:00:00,,268.0
19628,23135,2025-04-08 00:00:00,,200.0
19629,23142,2025-04-08 00:00:00,,225.0
19630,23146,2025-04-08 00:00:00,,295.0
19631,23150,2025-04-08 00:00:00,,250.0
19632,23181,2025-04-08 00:00:00,,242.0
19633,23214,2025-04-08 00:00:00,,220.0
19634,23249,2025-04-08 00:00:00,,226.0
19635,24029,2025-04-08 00:00:00,,219.0
19636,24077,2025-04-08 00:00:00,,235.0
19637,SN50,2025-04-08 00:00:00,,542.0
19638,1107,2025-04-08 00:00:00,,507.0
19639,22192,2025-04-08 00:00:00,,240.0
19640,293,2025-04-08 00:00:00,,493.0
19641,1166,2025-04-08 00:00:00,,527.0
19642,22187,2025-04-08 00:00:00,,255.0
19643,2204,2025-04-08 00:00:00,,522.0
19644,1031,2025-04-08 00:00:00,,490.0
19645,23038,2025-04-08 00:00:00,,218.0
19646,MSN3,2025-04-08 00:00:00,,528.0
19647,1026,2025-04-08 00:00:00,,483.0
19648,25070,2025-04-07 00:00:00,,21.0
19649,2093,2025-04-02 00:00:00,,333.0
19650,2153,2025-04-02 00:00:00,,376.0
19651,22049,2025-04-02 00:00:00,,327.0
19652,22126,2025-04-02 00:00:00,,363.0
19653,22135,2025-04-02 00:00:00,,342.0
19654,22149,2025-04-02 00:00:00,,323.0
19655,22195,2025-04-02 00:00:00,,239.0
19656,23094,2025-04-02 00:00:00,,265.0
19657,23125,2025-04-02 00:00:00,,210.0
19658,23139,2025-04-02 00:00:00,,208.0
19659,23140,2025-04-02 00:00:00,,201.0
19660,23148,2025-04-02 00:00:00,,205.0
19661,23223,2025-04-02 00:00:00,,156.0
19662,23224,2025-04-02 00:00:00,,218.0
19663,23227,2025-04-02 00:00:00,,164.0
19664,23237,2025-04-02 00:00:00,,125.0
19665,23238,2025-04-02 00:00:00,,252.0
19666,23239,2025-04-02 00:00:00,,95.0
19667,23241,2025-04-02 00:00:00,,297.0
19668,23243,2025-04-02 00:00:00,,110.0
19669,23246,2025-04-02 00:00:00,,189.0
19670,23248,2025-04-02 00:00:00,,140.0
19671,23250,2025-04-02 00:00:00,,120.0
19672,23252,2025-04-02 00:00:00,,138.0
19673,24002,2025-04-02 00:00:00,,256.0
19674,24004,2025-04-02 00:00:00,,155.0
19675,24006,2025-04-02 00:00:00,,165.0
19676,24007,2025-04-02 00:00:00,,174.0
19677,24008,2025-04-02 00:00:00,,113.0
19678,24016,2025-04-02 00:00:00,,266.0
19679,24018,2025-04-02 00:00:00,,127.0
19680,24020,2025-04-02 00:00:00,,154.0
19681,24021,2025-04-02 00:00:00,,203.0
19682,24032,2025-04-02 00:00:00,,81.0
19683,24036,2025-04-02 00:00:00,,137.0
19684,24039,2025-04-02 00:00:00,,100.0
19685,24040,2025-04-02 00:00:00,,116.0
19686,24042,2025-04-02 00:00:00,,130.0
19687,24045,2025-04-02 00:00:00,,101.0
19688,24051,2025-04-02 00:00:00,,131.0
19689,24052,2025-04-02 00:00:00,,100.0
19690,24053,2025-04-02 00:00:00,,95.0
19691,24058,2025-04-02 00:00:00,,108.0
19692,24068,2025-04-02 00:00:00,,126.0
19693,24073,2025-04-02 00:00:00,,99.0
19694,24084,2025-04-02 00:00:00,,118.0
19695,24094,2025-04-02 00:00:00,,100.0
19696,24114,2025-04-02 00:00:00,,85.0
19697,24117,2025-04-02 00:00:00,,116.0
19698,24178,2025-04-02 00:00:00,,121.0
19699,BU48,2025-04-02 00:00:00,,184.0
19700,BU78,2025-04-02 00:00:00,,253.0
19701,BU94,2025-04-02 00:00:00,,205.0
19702,J401,2025-04-02 00:00:00,,216.0
19703,J4011,2025-04-02 00:00:00,,199.0
19704,J402,2025-04-02 00:00:00,,131.0
19705,J403,2025-04-02 00:00:00,,164.0
19706,J404,2025-04-02 00:00:00,,200.0
19707,J405,2025-04-02 00:00:00,,149.0
19708,J406,2025-04-02 00:00:00,,166.0
19709,J407,2025-04-02 00:00:00,,178.0
19710,J408,2025-04-02 00:00:00,,225.0
19711,J409,2025-04-02 00:00:00,,208.0
19712,J4010,2025-04-02 00:00:00,,231.0
19713,J412,2025-04-02 00:00:00,,135.0
19714,J413,2025-04-02 00:00:00,,188.0
19715,J414,2025-04-02 00:00:00,,196.0
19716,J415,2025-04-02 00:00:00,,231.0
19717,J416,2025-04-02 00:00:00,,160.0
19718,J417,2025-04-02 00:00:00,,120.0
19719,J418,2025-04-02 00:00:00,,188.0
19720,J419,2025-04-02 00:00:00,,165.0
19721,23026,2025-04-02 00:00:00,,218.0
19722,23186,2025-04-02 00:00:00,,166.0
19723,23173,2025-04-02 00:00:00,,135.0
19724,23098,2025-04-02 00:00:00,,203.0
19725,24034,2025-04-02 00:00:00,,138.0
19726,24164,2025-04-02 00:00:00,,106.0
19727,24065,2025-04-02 00:00:00,,157.0
19728,23231,2025-04-02 00:00:00,,131.0
19729,23127,2025-04-02 00:00:00,,149.0
19730,24015,2025-04-02 00:00:00,,147.0
19731,23168,2025-04-02 00:00:00,,136.0
19732,23166,2025-04-02 00:00:00,,122.0
19733,23177,2025-04-02 00:00:00,,156.0
19734,24123,2025-04-02 00:00:00,,150.0
19735,24115,2025-04-02 00:00:00,,113.0
19736,24124,2025-04-02 00:00:00,,132.0
19737,24037,2025-04-02 00:00:00,,145.0
19738,23216,2025-04-02 00:00:00,,129.0
19739,24119,2025-04-02 00:00:00,,138.0
19740,23212,2025-04-02 00:00:00,,154.0
19741,24013,2025-04-02 00:00:00,,194.0
19742,23027,2025-04-02 00:00:00,,164.0
19743,24101,2025-04-02 00:00:00,,143.0
19744,24090,2025-04-02 00:00:00,,108.0
19745,23124,2025-04-02 00:00:00,,187.0
19746,23197,2025-04-02 00:00:00,,127.0
19747,23217,2025-04-02 00:00:00,,159.0
19748,24054,2025-04-02 00:00:00,,132.0
19749,24060,2025-04-02 00:00:00,,111.0
19750,24110,2025-04-02 00:00:00,,119.0
19751,24033,2025-04-02 00:00:00,,147.0
19752,24129,2025-04-02 00:00:00,,96.0
19753,23233,2025-04-02 00:00:00,,138.0
19754,BU81,2025-04-02 00:00:00,,206.0
19755,1106,2025-04-01 00:00:00,,495.0
19756,325,2025-04-01 00:00:00,,527.0
19757,1036,2025-04-01 00:00:00,,565.0
19758,2035,2025-04-01 00:00:00,,626.0
19759,1027,2025-04-01 00:00:00,,556.0
19760,198,2025-04-01 00:00:00,,550.0
19761,1069,2025-04-01 00:00:00,,550.0
19762,2128,2025-04-01 00:00:00,,498.0
19763,1106A,2025-04-01 00:00:00,,533.0
19764,242,2025-04-01 00:00:00,,543.0
19765,1163,2025-04-01 00:00:00,,550.0
19766,1053,2025-04-01 00:00:00,,537.0
19767,1215,2025-04-01 00:00:00,,555.0
19768,1180,2025-04-01 00:00:00,,587.0
19769,1080,2025-04-01 00:00:00,,621.0
19770,MSN9,2025-04-01 00:00:00,,551.0
19771,25040,2025-03-29 00:00:00,,26.0
19772,25053,2025-03-29 00:00:00,,23.0
19773,25054,2025-03-29 00:00:00,,27.0
19774,25055,2025-03-29 00:00:00,,28.0
19775,25056,2025-03-29 00:00:00,,29.0
19776,25058,2025-03-29 00:00:00,,29.0
19777,25059,2025-03-29 00:00:00,,30.0
19778,25060,2025-03-29 00:00:00,,19.0
19779,25061,2025-03-29 00:00:00,,26.0
19780,267,2025-03-27 00:00:00,,358.0
19781,270,2025-03-27 00:00:00,,350.0
19782,298,2025-03-27 00:00:00,,332.0
19783,0299C,2025-03-27 00:00:00,,320.0
19784,0330A,2025-03-27 00:00:00,,422.0
19785,342,2025-03-27 00:00:00,,411.0
19786,353,2025-03-27 00:00:00,,426.0
19787,1015,2025-03-27 00:00:00,,440.0
19788,1017A,2025-03-27 00:00:00,,404.0
19789,1066,2025-03-27 00:00:00,,341.0
19790,1078A,2025-03-27 00:00:00,,359.0
19791,1079,2025-03-27 00:00:00,,360.0
19792,1109A,2025-03-27 00:00:00,,364.0
19793,1310,2025-03-27 00:00:00,,426.0
19794,20334,2025-03-27 00:00:00,,417.0
19795,2040,2025-03-27 00:00:00,,318.0
19796,2063A,2025-03-27 00:00:00,,400.0
19797,2083,2025-03-27 00:00:00,,328.0
19798,2094A,2025-03-27 00:00:00,,372.0
19799,2124A,2025-03-27 00:00:00,,429.0
19800,2148A,2025-03-27 00:00:00,,458.0
19801,2149A,2025-03-27 00:00:00,,389.0
19802,2196A,2025-03-27 00:00:00,,468.0
19803,3026A,2025-03-27 00:00:00,,413.0
19804,3066B,2025-03-27 00:00:00,,389.0
19805,3119,2025-03-27 00:00:00,,446.0
19806,4018,2025-03-27 00:00:00,,367.0
19807,4072,2025-03-27 00:00:00,,494.0
19808,4101,2025-03-27 00:00:00,,400.0
19809,4151,2025-03-27 00:00:00,,429.0
19810,5033,2025-03-27 00:00:00,,388.0
19811,5144,2025-03-27 00:00:00,,392.0
19812,5146,2025-03-27 00:00:00,,377.0
19813,5679,2025-03-27 00:00:00,,404.0
19814,6021,2025-03-27 00:00:00,,405.0
19815,60286,2025-03-27 00:00:00,,281.0
19816,6070,2025-03-27 00:00:00,,373.0
19817,7028,2025-03-27 00:00:00,,325.0
19818,7067,2025-03-27 00:00:00,,317.0
19819,7074,2025-03-27 00:00:00,,393.0
19820,8017,2025-03-27 00:00:00,,402.0
19821,8019,2025-03-27 00:00:00,,397.0
19822,8043,2025-03-27 00:00:00,,390.0
19823,8045,2025-03-27 00:00:00,,442.0
19824,8046,2025-03-27 00:00:00,,471.0
19825,80472,2025-03-27 00:00:00,,341.0
19826,8048,2025-03-27 00:00:00,,333.0
19827,8072,2025-03-27 00:00:00,,315.0
19828,8082,2025-03-27 00:00:00,,336.0
19829,8087,2025-03-27 00:00:00,,360.0
19830,80882,2025-03-27 00:00:00,,378.0
19831,809,2025-03-27 00:00:00,,397.0
19832,9020,2025-03-27 00:00:00,,351.0
19833,9024,2025-03-27 00:00:00,,405.0
19834,9040,2025-03-27 00:00:00,,443.0
19835,9051,2025-03-27 00:00:00,,435.0
19836,9100,2025-03-27 00:00:00,,377.0
19837,91171,2025-03-27 00:00:00,,424.0
19838,91172,2025-03-27 00:00:00,,416.0
19839,4075,2025-03-27 00:00:00,,349.0
19840,205,2025-03-27 00:00:00,,296.0
19841,8054,2025-03-27 00:00:00,,399.0
19842,2022,2025-03-27 00:00:00,,398.0
19843,5082,2025-03-27 00:00:00,,313.0
19844,7032,2025-03-27 00:00:00,,546.0
19845,8005,2025-03-27 00:00:00,,393.0
19846,8014,2025-03-27 00:00:00,,408.0
19847,2027,2025-03-27 00:00:00,,543.0
19848,101,2025-03-27 00:00:00,,393.0
19849,7012,2025-03-27 00:00:00,,363.0
19850,7090,2025-03-27 00:00:00,,563.0
19851,25039,2025-03-22 00:00:00,,23.0
19852,j25049,2025-03-22 00:00:00,,26.0
19853,25050,2025-03-22 00:00:00,,26.0
19854,25051,2025-03-22 00:00:00,,26.0
19855,25052,2025-03-22 00:00:00,,24.0
19856,125,2025-03-20 00:00:00,,361.0
19857,128,2025-03-20 00:00:00,,369.0
19858,143,2025-03-20 00:00:00,,381.0
19859,0206B,2025-03-20 00:00:00,,340.0
19860,211,2025-03-20 00:00:00,,428.0
19861,224,2025-03-20 00:00:00,,338.0
19862,2331,2025-03-20 00:00:00,,351.0
19863,246,2025-03-20 00:00:00,,397.0
19864,252,2025-03-20 00:00:00,,389.0
19865,269,2025-03-20 00:00:00,,397.0
19866,278,2025-03-20 00:00:00,,371.0
19867,321,2025-03-20 00:00:00,,405.0
19868,327,2025-03-20 00:00:00,,315.0
19869,344,2025-03-20 00:00:00,,386.0
19870,348,2025-03-20 00:00:00,,352.0
19871,349,2025-03-20 00:00:00,,362.0
19872,352,2025-03-20 00:00:00,,384.0
19873,354,2025-03-20 00:00:00,,359.0
19874,1023,2025-03-20 00:00:00,,326.0
19875,10391,2025-03-20 00:00:00,,327.0
19876,1052A,2025-03-20 00:00:00,,344.0
19877,1077A,2025-03-20 00:00:00,,363.0
19878,1103,2025-03-20 00:00:00,,382.0
19879,1123,2025-03-20 00:00:00,,354.0
19880,1128,2025-03-20 00:00:00,,383.0
19881,19,2025-03-20 00:00:00,,451.0
19882,2007,2025-03-20 00:00:00,,356.0
19883,2019,2025-03-20 00:00:00,,382.0
19884,2024,2025-03-20 00:00:00,,365.0
19885,2030,2025-03-20 00:00:00,,344.0
19886,2036,2025-03-20 00:00:00,,362.0
19887,2037,2025-03-20 00:00:00,,326.0
19888,2060,2025-03-20 00:00:00,,491.0
19889,2065,2025-03-20 00:00:00,,573.0
19890,2087,2025-03-20 00:00:00,,377.0
19891,2097,2025-03-20 00:00:00,,458.0
19892,2108,2025-03-20 00:00:00,,350.0
19893,2109,2025-03-20 00:00:00,,309.0
19894,2217,2025-03-20 00:00:00,,480.0
19895,2234,2025-03-20 00:00:00,,386.0
19896,24150,2025-03-20 00:00:00,,95.0
19897,24152,2025-03-20 00:00:00,,112.0
19898,24153,2025-03-20 00:00:00,,155.0
19899,24155,2025-03-20 00:00:00,,118.0
19900,24158,2025-03-20 00:00:00,,122.0
19901,24159,2025-03-20 00:00:00,,127.0
19902,24160,2025-03-20 00:00:00,,152.0
19903,24163,2025-03-20 00:00:00,,131.0
19904,24169,2025-03-20 00:00:00,,50.0
19905,24180,2025-03-20 00:00:00,,120.0
19906,24181,2025-03-20 00:00:00,,142.0
19907,24182,2025-03-20 00:00:00,,138.0
19908,24186,2025-03-20 00:00:00,,93.0
19909,24190,2025-03-20 00:00:00,,100.0
19910,24194,2025-03-20 00:00:00,,113.0
19911,24198,2025-03-20 00:00:00,,139.0
19912,24201,2025-03-20 00:00:00,,114.0
19913,24203,2025-03-20 00:00:00,,146.0
19914,24204,2025-03-20 00:00:00,,75.0
19915,24206,2025-03-20 00:00:00,,104.0
19916,24210,2025-03-20 00:00:00,,120.0
19917,24211,2025-03-20 00:00:00,,122.0
19918,24212,2025-03-20 00:00:00,,76.0
19919,24217,2025-03-20 00:00:00,,139.0
19920,24224,2025-03-20 00:00:00,,93.0
19921,24231,2025-03-20 00:00:00,,127.0
19922,24238,2025-03-20 00:00:00,,128.0
19923,24242,2025-03-20 00:00:00,,79.0
19924,24247,2025-03-20 00:00:00,,90.0
19925,24264,2025-03-20 00:00:00,,94.0
19926,24271,2025-03-20 00:00:00,,76.0
19927,24274,2025-03-20 00:00:00,,54.0
19928,24279,2025-03-20 00:00:00,,60.0
19929,24288,2025-03-20 00:00:00,,105.0
19930,25007,2025-03-20 00:00:00,,30.0
19931,25010,2025-03-20 00:00:00,,53.0
19932,25011,2025-03-20 00:00:00,,55.0
19933,30,2025-03-20 00:00:00,,330.0
19934,3108,2025-03-20 00:00:00,,414.0
19935,4007,2025-03-20 00:00:00,,459.0
19936,4023,2025-03-20 00:00:00,,404.0
19937,4055,2025-03-20 00:00:00,,410.0
19938,4066,2025-03-20 00:00:00,,354.0
19939,4076,2025-03-20 00:00:00,,457.0
19940,4099,2025-03-20 00:00:00,,426.0
19941,4100,2025-03-20 00:00:00,,394.0
19942,4109,2025-03-20 00:00:00,,315.0
19943,4172,2025-03-20 00:00:00,,424.0
19944,50501,2025-03-20 00:00:00,,363.0
19945,50741,2025-03-20 00:00:00,,339.0
19946,5082,2025-03-20 00:00:00,,318.0
19947,5092,2025-03-20 00:00:00,,410.0
19948,5098,2025-03-20 00:00:00,,394.0
19949,6008,2025-03-20 00:00:00,,447.0
19950,6011,2025-03-20 00:00:00,,443.0
19951,6037,2025-03-20 00:00:00,,394.0
19952,6050,2025-03-20 00:00:00,,421.0
19953,7038,2025-03-20 00:00:00,,324.0
19954,7072,2025-03-20 00:00:00,,455.0
19955,7092,2025-03-20 00:00:00,,357.0
19956,8006,2025-03-20 00:00:00,,432.0
19957,8010,2025-03-20 00:00:00,,411.0
19958,8026,2025-03-20 00:00:00,,347.0
19959,80272,2025-03-20 00:00:00,,370.0
19960,8041,2025-03-20 00:00:00,,498.0
19961,8060,2025-03-20 00:00:00,,356.0
19962,8067,2025-03-20 00:00:00,,369.0
19963,8077,2025-03-20 00:00:00,,298.0
19964,8093,2025-03-20 00:00:00,,399.0
19965,9016,2025-03-20 00:00:00,,353.0
19966,9035,2025-03-20 00:00:00,,444.0
19967,9037,2025-03-20 00:00:00,,368.0
19968,9046,2025-03-20 00:00:00,,401.0
19969,9047,2025-03-20 00:00:00,,396.0
19970,9053,2025-03-20 00:00:00,,419.0
19971,9071,2025-03-20 00:00:00,,407.0
19972,9091,2025-03-20 00:00:00,,373.0
19973,9121,2025-03-20 00:00:00,,386.0
19974,9122,2025-03-20 00:00:00,,322.0
19975,9126A,2025-03-20 00:00:00,,342.0
19976,9128B,2025-03-20 00:00:00,,347.0
19977,9192,2025-03-20 00:00:00,,363.0
19978,9219,2025-03-20 00:00:00,,341.0
19979,EMB 5,2025-03-20 00:00:00,,440.0
19980,J428,2025-03-20 00:00:00,,493.0
19981,25037,2025-03-20 00:00:00,,132.0
19982,24132,2025-03-20 00:00:00,,105.0
19983,6031,2025-03-20 00:00:00,,485.0
19984,7080,2025-03-20 00:00:00,,416.0
19985,1056A,2025-03-20 00:00:00,,435.0
19986,5076,2025-03-20 00:00:00,,387.0
19987,24080,2025-03-20 00:00:00,,100.0
19988,3027A,2025-03-20 00:00:00,,386.0
19989,3178,2025-03-20 00:00:00,,232.0
19990,24144,2025-03-20 00:00:00,,130.0
19991,24137,2025-03-20 00:00:00,,121.0
19992,24143,2025-03-20 00:00:00,,134.0
19993,18,2025-03-18 00:00:00,,430.0
19994,111,2025-03-18 00:00:00,,406.0
19995,201,2025-03-18 00:00:00,,456.0
19996,202,2025-03-18 00:00:00,,335.0
19997,0206A,2025-03-18 00:00:00,,398.0
19998,0208A,2025-03-18 00:00:00,,409.0
19999,0231A,2025-03-18 00:00:00,,386.0
20000,233,2025-03-18 00:00:00,,397.0
20001,240,2025-03-18 00:00:00,,519.0
20002,241,2025-03-18 00:00:00,,442.0
20003,249,2025-03-18 00:00:00,,386.0
20004,258,2025-03-18 00:00:00,,357.0
20005,259,2025-03-18 00:00:00,,415.0
20006,271,2025-03-18 00:00:00,,377.0
20007,272,2025-03-18 00:00:00,,432.0
20008,284,2025-03-18 00:00:00,,454.0
20009,291,2025-03-18 00:00:00,,383.0
20010,297,2025-03-18 00:00:00,,395.0
20011,0298A,2025-03-18 00:00:00,,476.0
20012,0299A,2025-03-18 00:00:00,,596.0
20013,323,2025-03-18 00:00:00,,392.0
20014,326,2025-03-18 00:00:00,,400.0
20015,329,2025-03-18 00:00:00,,501.0
20016,333,2025-03-18 00:00:00,,362.0
20017,336,2025-03-18 00:00:00,,333.0
20018,343,2025-03-18 00:00:00,,357.0
20019,350,2025-03-18 00:00:00,,391.0
20020,355,2025-03-18 00:00:00,,391.0
20021,500,2025-03-18 00:00:00,,491.0
20022,740,2025-03-18 00:00:00,,525.0
20023,1005,2025-03-18 00:00:00,,419.0
20024,10431,2025-03-18 00:00:00,,413.0
20025,1063,2025-03-18 00:00:00,,413.0
20026,1066A,2025-03-18 00:00:00,,434.0
20027,1075,2025-03-18 00:00:00,,391.0
20028,1090A,2025-03-18 00:00:00,,356.0
20029,1091,2025-03-18 00:00:00,,374.0
20030,1095A,2025-03-18 00:00:00,,426.0
20031,1096,2025-03-18 00:00:00,,429.0
20032,1104A,2025-03-18 00:00:00,,426.0
20033,1109B,2025-03-18 00:00:00,,429.0
20034,1112A,2025-03-18 00:00:00,,384.0
20035,1132,2025-03-18 00:00:00,,433.0
20036,12164,2025-03-18 00:00:00,,329.0
20037,20,2025-03-18 00:00:00,,383.0
20038,2023,2025-03-18 00:00:00,,386.0
20039,2042,2025-03-18 00:00:00,,365.0
20040,2047,2025-03-18 00:00:00,,440.0
20041,2048,2025-03-18 00:00:00,,410.0
20042,2050,2025-03-18 00:00:00,,469.0
20043,2052,2025-03-18 00:00:00,,435.0
20044,2063B,2025-03-18 00:00:00,,354.0
20045,2073,2025-03-18 00:00:00,,483.0
20046,2080,2025-03-18 00:00:00,,448.0
20047,2103,2025-03-18 00:00:00,,374.0
20048,2111,2025-03-18 00:00:00,,412.0
20049,2130,2025-03-18 00:00:00,,411.0
20050,2133A,2025-03-18 00:00:00,,420.0
20051,2146,2025-03-18 00:00:00,,454.0
20052,2180A,2025-03-18 00:00:00,,406.0
20053,2201,2025-03-18 00:00:00,,375.0
20054,22172,2025-03-18 00:00:00,,364.0
20055,2219,2025-03-18 00:00:00,,521.0
20056,3003A,2025-03-18 00:00:00,,448.0
20057,3015,2025-03-18 00:00:00,,480.0
20058,30212,2025-03-18 00:00:00,,404.0
20059,3043,2025-03-18 00:00:00,,465.0
20060,31,2025-03-18 00:00:00,,302.0
20061,3107,2025-03-18 00:00:00,,340.0
20062,33,2025-03-18 00:00:00,,361.0
20063,34,2025-03-18 00:00:00,,390.0
20064,4008,2025-03-18 00:00:00,,407.0
20065,4033,2025-03-18 00:00:00,,338.0
20066,4078,2025-03-18 00:00:00,,359.0
20067,4141,2025-03-18 00:00:00,,401.0
20068,4A,2025-03-18 00:00:00,,463.0
20069,5013,2025-03-18 00:00:00,,486.0
20070,5030,2025-03-18 00:00:00,,456.0
20071,5052,2025-03-18 00:00:00,,402.0
20072,5060,2025-03-18 00:00:00,,408.0
20073,5077,2025-03-18 00:00:00,,390.0
20074,5079,2025-03-18 00:00:00,,464.0
20075,6020,2025-03-18 00:00:00,,376.0
20076,6042,2025-03-18 00:00:00,,577.0
20077,6043,2025-03-18 00:00:00,,407.0
20078,7017,2025-03-18 00:00:00,,416.0
20079,7022,2025-03-18 00:00:00,,513.0
20080,7033,2025-03-18 00:00:00,,447.0
20081,7077,2025-03-18 00:00:00,,422.0
20082,80121,2025-03-18 00:00:00,,393.0
20083,8028,2025-03-18 00:00:00,,452.0
20084,8033,2025-03-18 00:00:00,,445.0
20085,8050,2025-03-18 00:00:00,,427.0
20086,8051,2025-03-18 00:00:00,,399.0
20087,8062,2025-03-18 00:00:00,,455.0
20088,8063,2025-03-18 00:00:00,,419.0
20089,8076,2025-03-18 00:00:00,,427.0
20090,8079,2025-03-18 00:00:00,,421.0
20091,80841,2025-03-18 00:00:00,,432.0
20092,8085,2025-03-18 00:00:00,,384.0
20093,8094,2025-03-18 00:00:00,,368.0
20094,9006,2025-03-18 00:00:00,,429.0
20095,9011,2025-03-18 00:00:00,,489.0
20096,9015,2025-03-18 00:00:00,,415.0
20097,9073,2025-03-18 00:00:00,,377.0
20098,9076,2025-03-18 00:00:00,,396.0
20099,9099,2025-03-18 00:00:00,,411.0
20100,9103,2025-03-18 00:00:00,,382.0
20101,9104,2025-03-18 00:00:00,,450.0
20102,91091,2025-03-18 00:00:00,,436.0
20103,9113,2025-03-18 00:00:00,,369.0
20104,9116B,2025-03-18 00:00:00,,329.0
20105,9125,2025-03-18 00:00:00,,425.0
20106,9389,2025-03-18 00:00:00,,432.0
20107,EMB 2,2025-03-18 00:00:00,,428.0
20108,EMB 3,2025-03-18 00:00:00,,430.0
20109,J420,2025-03-18 00:00:00,,535.0
20110,J422,2025-03-18 00:00:00,,428.0
20111,J425,2025-03-18 00:00:00,,453.0
20112,J8705,2025-03-18 00:00:00,,585.0
20113,SNA,2025-03-18 00:00:00,,484.0
20114,107,2025-03-18 00:00:00,,359.0
20115,1004,2025-03-18 00:00:00,,412.0
20116,2203,2025-03-18 00:00:00,,408.0
20117,9023,2025-03-18 00:00:00,,364.0
20118,3750,2025-03-18 00:00:00,,420.0
20119,8011,2025-03-18 00:00:00,,404.0
20120,338,2025-03-18 00:00:00,,423.0
20121,2035A,2025-03-18 00:00:00,,407.0
20122,2200,2025-03-18 00:00:00,,357.0
20123,2018,2025-03-18 00:00:00,,383.0
20124,9045,2025-03-18 00:00:00,,415.0
20125,2034,2025-03-18 00:00:00,,304.0
20126,40072,2025-03-18 00:00:00,,419.0
20127,3021A,2025-03-18 00:00:00,,484.0
20128,1091A,2025-03-18 00:00:00,,374.0
20129,MSN1,2025-03-11 00:00:00,,569.0
20130,1007,2025-03-11 00:00:00,,610.0
20131,9136A,2025-03-11 00:00:00,,437.0
20132,345,2025-03-11 00:00:00,,582.0
20133,MSN4,2025-03-11 00:00:00,,639.0
20134,1083,2025-03-10 00:00:00,,578.0
20135,1096B,2025-03-10 00:00:00,,573.0
20136,1182,2025-03-10 00:00:00,,588.0
20137,109,2025-03-10 00:00:00,,561.0
20138,94,2025-03-10 00:00:00,,562.0
20139,219,2025-03-10 00:00:00,,526.0
20140,1212,2025-03-10 00:00:00,,593.0
20141,MSN8,2025-03-10 00:00:00,,595.0
20142,MSN2,2025-03-10 00:00:00,,525.0
20143,279,2025-03-10 00:00:00,,543.0
20144,1037,2025-03-10 00:00:00,,603.0
20145,1238,2025-03-10 00:00:00,,627.0
20146,1092,2025-03-10 00:00:00,,577.0
20147,1336,2025-03-10 00:00:00,,579.0
20148,1052,2025-03-10 00:00:00,,623.0
20149,1047,2025-03-10 00:00:00,,585.0
20150,1139,2025-03-10 00:00:00,,605.0
20151,1187,2025-03-10 00:00:00,,605.0
20152,24050,2025-03-05 00:00:00,,132.0
20153,24127,2025-03-05 00:00:00,,123.0
20154,24053,2025-03-05 00:00:00,,94.0
20155,24173,2025-03-05 00:00:00,,124.0
20156,24176,2025-03-05 00:00:00,,139.0
20157,24073,2025-03-05 00:00:00,,95.0
20158,24114,2025-03-05 00:00:00,,85.0
20159,24023,2025-03-05 00:00:00,,117.0
20160,24109,2025-03-05 00:00:00,,119.0
20161,24178,2025-03-05 00:00:00,,125.0
20162,24115,2025-03-05 00:00:00,,108.0
20163,24058,2025-03-05 00:00:00,,106.0
20164,24118,2025-03-05 00:00:00,,126.0
20165,24133,2025-03-05 00:00:00,,117.0
20166,24131,2025-03-05 00:00:00,,108.0
20167,24007,2025-03-05 00:00:00,,164.0
20168,24051,2025-03-05 00:00:00,,126.0
20169,24039,2025-03-05 00:00:00,,97.0
20170,24084,2025-03-05 00:00:00,,116.0
20171,24156,2025-03-05 00:00:00,,136.0
20172,24045,2025-03-05 00:00:00,,102.0
20173,23168,2025-03-05 00:00:00,,129.0
20174,24135,2025-03-05 00:00:00,,102.0
20175,24048,2025-03-05 00:00:00,,113.0
20176,24117,2025-03-05 00:00:00,,116.0
20177,24060,2025-03-05 00:00:00,,103.0
20178,24056,2025-03-05 00:00:00,,113.0
20179,24032,2025-03-05 00:00:00,,80.0
20180,J25031,2025-02-22 00:00:00,,30.0
20181,25024,2025-02-22 00:00:00,,23.0
20182,25025,2025-02-22 00:00:00,,26.0
20183,25027,2025-02-22 00:00:00,,26.0
20184,25028,2025-02-22 00:00:00,,25.0
20185,25030,2025-02-22 00:00:00,,25.0
20186,25034,2025-02-22 00:00:00,,28.0
20187,25035,2025-02-22 00:00:00,,27.0
20188,25036,2025-02-22 00:00:00,,30.0
20189,1097,2025-02-17 00:00:00,,633.0
20190,1257,2025-02-17 00:00:00,,620.0
20191,1146,2025-02-17 00:00:00,,625.0
20192,1162,2025-02-17 00:00:00,,625.0
20193,25026,2025-02-11 00:00:00,,23.0
20194,25020,2025-02-08 00:00:00,,30.0
20195,25021,2025-02-08 00:00:00,,29.0
20196,25022,2025-02-08 00:00:00,,21.0
20197,25023,2025-02-08 00:00:00,,27.0
20198,25017,2025-02-08 00:00:00,,26.0
20199,J25002,2025-01-30 00:00:00,,23.0
20200,25014,2025-01-29 00:00:00,,21.0
20201,25012,2025-01-29 00:00:00,,28.0
20202,25011,2025-01-29 00:00:00,,28.0
20203,J25001,2025-01-29 00:00:00,,27.0
20204,25010,2025-01-29 00:00:00,,22.0
20205,25009,2025-01-29 00:00:00,,26.0
20206,25008,2025-01-29 00:00:00,,20.0
20207,25007,2025-01-29 00:00:00,,16.0
20208,24300,2025-01-29 00:00:00,,24.0
20209,24299,2025-01-29 00:00:00,,23.0
20210,125,2025-01-23 00:00:00,,364.0
20211,128,2025-01-23 00:00:00,,376.0
20212,143,2025-01-23 00:00:00,,404.0
20213,0206B,2025-01-23 00:00:00,,335.0
20214,211,2025-01-23 00:00:00,,440.0
20215,224,2025-01-23 00:00:00,,346.0
20216,2331,2025-01-23 00:00:00,,330.0
20217,246,2025-01-23 00:00:00,,372.0
20218,252,2025-01-23 00:00:00,,353.0
20219,269,2025-01-23 00:00:00,,368.0
20220,278,2025-01-23 00:00:00,,363.0
20221,321,2025-01-23 00:00:00,,385.0
20222,327,2025-01-23 00:00:00,,311.0
20223,348,2025-01-23 00:00:00,,346.0
20224,349,2025-01-23 00:00:00,,334.0
20225,352,2025-01-23 00:00:00,,366.0
20226,354,2025-01-23 00:00:00,,382.0
20227,10391,2025-01-23 00:00:00,,296.0
20228,1052A,2025-01-23 00:00:00,,333.0
20229,1056A,2025-01-23 00:00:00,,430.0
20230,1077A,2025-01-23 00:00:00,,345.0
20231,1103,2025-01-23 00:00:00,,359.0
20232,1123,2025-01-23 00:00:00,,341.0
20233,19,2025-01-23 00:00:00,,428.0
20234,2007,2025-01-23 00:00:00,,359.0
20235,2019,2025-01-23 00:00:00,,376.0
20236,2024,2025-01-23 00:00:00,,350.0
20237,2030,2025-01-23 00:00:00,,325.0
20238,2036,2025-01-23 00:00:00,,340.0
20239,2037,2025-01-23 00:00:00,,300.0
20240,2060,2025-01-23 00:00:00,,474.0
20241,2065,2025-01-23 00:00:00,,560.0
20242,2087,2025-01-23 00:00:00,,358.0
20243,2097,2025-01-23 00:00:00,,442.0
20244,2108,2025-01-23 00:00:00,,324.0
20245,2109,2025-01-23 00:00:00,,313.0
20246,2234,2025-01-23 00:00:00,,371.0
20247,24052,2025-01-23 00:00:00,,88.0
20248,24070,2025-01-23 00:00:00,,125.0
20249,24073,2025-01-23 00:00:00,,87.0
20250,24086,2025-01-23 00:00:00,,107.0
20251,24094,2025-01-23 00:00:00,,89.0
20252,24124,2025-01-23 00:00:00,,123.0
20253,24129,2025-01-23 00:00:00,,93.0
20254,24132,2025-01-23 00:00:00,,95.0
20255,24134,2025-01-23 00:00:00,,152.0
20256,24141,2025-01-23 00:00:00,,192.0
20257,24142,2025-01-23 00:00:00,,118.0
20258,24145,2025-01-23 00:00:00,,167.0
20259,24149,2025-01-23 00:00:00,,74.0
20260,24150,2025-01-23 00:00:00,,75.0
20261,24152,2025-01-23 00:00:00,,86.0
20262,24153,2025-01-23 00:00:00,,129.0
20263,24154,2025-01-23 00:00:00,,179.0
20264,24155,2025-01-23 00:00:00,,82.0
20265,24157,2025-01-23 00:00:00,,146.0
20266,24158,2025-01-23 00:00:00,,89.0
20267,24159,2025-01-23 00:00:00,,89.0
20268,24160,2025-01-23 00:00:00,,132.0
20269,24163,2025-01-23 00:00:00,,104.0
20270,24164,2025-01-23 00:00:00,,102.0
20271,24169,2025-01-23 00:00:00,,49.0
20272,24180,2025-01-23 00:00:00,,96.0
20273,24181,2025-01-23 00:00:00,,114.0
20274,24182,2025-01-23 00:00:00,,106.0
20275,24186,2025-01-23 00:00:00,,87.0
20276,24190,2025-01-23 00:00:00,,76.0
20277,24198,2025-01-23 00:00:00,,111.0
20278,24201,2025-01-23 00:00:00,,76.0
20279,24203,2025-01-23 00:00:00,,112.0
20280,24204,2025-01-23 00:00:00,,57.0
20281,24206,2025-01-23 00:00:00,,84.0
20282,24210,2025-01-23 00:00:00,,95.0
20283,24211,2025-01-23 00:00:00,,95.0
20284,24212,2025-01-23 00:00:00,,51.0
20285,24217,2025-01-23 00:00:00,,106.0
20286,24224,2025-01-23 00:00:00,,66.0
20287,24231,2025-01-23 00:00:00,,100.0
20288,24238,2025-01-23 00:00:00,,74.0
20289,24242,2025-01-23 00:00:00,,66.0
20290,24247,2025-01-23 00:00:00,,63.0
20291,24264,2025-01-23 00:00:00,,61.0
20292,24276,2025-01-23 00:00:00,,48.0
20293,24279,2025-01-23 00:00:00,,53.0
20294,24288,2025-01-23 00:00:00,,52.0
20295,30,2025-01-23 00:00:00,,33.0
20296,3027A,2025-01-23 00:00:00,,358.0
20297,3108,2025-01-23 00:00:00,,419.0
20298,3178,2025-01-23 00:00:00,,349.0
20299,4007,2025-01-23 00:00:00,,498.0
20300,4023,2025-01-23 00:00:00,,413.0
20301,4055,2025-01-23 00:00:00,,426.0
20302,4066,2025-01-23 00:00:00,,362.0
20303,4076,2025-01-23 00:00:00,,475.0
20304,4100,2025-01-23 00:00:00,,396.0
20305,4109,2025-01-23 00:00:00,,324.0
20306,4172,2025-01-23 00:00:00,,438.0
20307,50501,2025-01-23 00:00:00,,366.0
20308,50741,2025-01-23 00:00:00,,366.0
20309,5076,2025-01-23 00:00:00,,263.0
20310,5082,2025-01-23 00:00:00,,318.0
20311,5092,2025-01-23 00:00:00,,436.0
20312,5098,2025-01-23 00:00:00,,394.0
20313,6008,2025-01-23 00:00:00,,430.0
20314,6011,2025-01-23 00:00:00,,426.0
20315,6031,2025-01-23 00:00:00,,428.0
20316,6037,2025-01-23 00:00:00,,362.0
20317,6050,2025-01-23 00:00:00,,438.0
20318,7072,2025-01-23 00:00:00,,461.0
20319,7080,2025-01-23 00:00:00,,408.0
20320,7092,2025-01-23 00:00:00,,368.0
20321,8006,2025-01-23 00:00:00,,111.0
20322,8010,2025-01-23 00:00:00,,387.0
20323,8026,2025-01-23 00:00:00,,348.0
20324,80272,2025-01-23 00:00:00,,383.0
20325,8041,2025-01-23 00:00:00,,457.0
20326,8050,2025-01-23 00:00:00,,390.0
20327,8060,2025-01-23 00:00:00,,358.0
20328,8067,2025-01-23 00:00:00,,380.0
20329,8077,2025-01-23 00:00:00,,316.0
20330,8093,2025-01-23 00:00:00,,379.0
20331,9016,2025-01-23 00:00:00,,329.0
20332,9035,2025-01-23 00:00:00,,439.0
20333,9037,2025-01-23 00:00:00,,345.0
20334,9046,2025-01-23 00:00:00,,389.0
20335,9047,2025-01-23 00:00:00,,411.0
20336,9053,2025-01-23 00:00:00,,395.0
20337,9071,2025-01-23 00:00:00,,379.0
20338,9091,2025-01-23 00:00:00,,367.0
20339,9121,2025-01-23 00:00:00,,392.0
20340,9122,2025-01-23 00:00:00,,312.0
20341,9126A,2025-01-23 00:00:00,,352.0
20342,9192,2025-01-23 00:00:00,,371.0
20343,9219,2025-01-23 00:00:00,,346.0
20344,EMB 5,2025-01-23 00:00:00,,474.0
20345,8016,2025-01-23 00:00:00,,270.0
20346,2217,2025-01-23 00:00:00,,531.0
20347,2093,2025-01-23 00:00:00,,327.0
20348,2200,2025-01-23 00:00:00,,366.0
20349,22049,2025-01-23 00:00:00,,329.0
20350,22126,2025-01-23 00:00:00,,333.0
20351,22135,2025-01-23 00:00:00,,326.0
20352,22149,2025-01-23 00:00:00,,314.0
20353,22195,2025-01-23 00:00:00,,233.0
20354,23031,2025-01-23 00:00:00,,225.0
20355,23033,2025-01-23 00:00:00,,235.0
20356,23094,2025-01-23 00:00:00,,255.0
20357,23125,2025-01-23 00:00:00,,194.0
20358,23139,2025-01-23 00:00:00,,186.0
20359,23140,2025-01-23 00:00:00,,172.0
20360,23148,2025-01-23 00:00:00,,192.0
20361,23201,2025-01-23 00:00:00,,126.0
20362,23220,2025-01-23 00:00:00,,128.0
20363,23222,2025-01-23 00:00:00,,187.0
20364,23223,2025-01-23 00:00:00,,134.0
20365,23224,2025-01-23 00:00:00,,207.0
20366,23227,2025-01-23 00:00:00,,154.0
20367,23230,2025-01-23 00:00:00,,181.0
20368,23237,2025-01-23 00:00:00,,119.0
20369,23238,2025-01-23 00:00:00,,231.0
20370,23240,2025-01-23 00:00:00,,172.0
20371,23241,2025-01-23 00:00:00,,266.0
20372,23243,2025-01-23 00:00:00,,109.0
20373,23244,2025-01-23 00:00:00,,210.0
20374,23246,2025-01-23 00:00:00,,170.0
20375,23248,2025-01-23 00:00:00,,132.0
20376,23249,2025-01-23 00:00:00,,219.0
20377,23250,2025-01-23 00:00:00,,108.0
20378,23251,2025-01-23 00:00:00,,153.0
20379,23252,2025-01-23 00:00:00,,118.0
20380,24001,2025-01-23 00:00:00,,104.0
20381,24002,2025-01-23 00:00:00,,234.0
20382,24003,2025-01-23 00:00:00,,194.0
20383,24004,2025-01-23 00:00:00,,126.0
20384,24005,2025-01-23 00:00:00,,157.0
20385,24008,2025-01-23 00:00:00,,105.0
20386,24016,2025-01-23 00:00:00,,251.0
20387,24018,2025-01-23 00:00:00,,117.0
20388,24019,2025-01-23 00:00:00,,105.0
20389,24020,2025-01-23 00:00:00,,136.0
20390,24021,2025-01-23 00:00:00,,197.0
20391,24062,2025-01-23 00:00:00,,137.0
20392,24068,2025-01-23 00:00:00,,116.0
20393,24080,2025-01-23 00:00:00,,108.0
20394,J401,2025-01-23 00:00:00,,218.0
20395,J402,2025-01-23 00:00:00,,119.0
20396,J403,2025-01-23 00:00:00,,158.0
20397,J404,2025-01-23 00:00:00,,189.0
20398,J405,2025-01-23 00:00:00,,133.0
20399,J406,2025-01-23 00:00:00,,162.0
20400,J407,2025-01-23 00:00:00,,173.0
20401,J408,2025-01-23 00:00:00,,232.0
20402,J409,2025-01-23 00:00:00,,199.0
20403,J4010,2025-01-23 00:00:00,,219.0
20404,J412,2025-01-23 00:00:00,,126.0
20405,J413,2025-01-23 00:00:00,,177.0
20406,J414,2025-01-23 00:00:00,,189.0
20407,J415,2025-01-23 00:00:00,,232.0
20408,J416,2025-01-23 00:00:00,,153.0
20409,J417,2025-01-23 00:00:00,,108.0
20410,J418,2025-01-23 00:00:00,,182.0
20411,J419,2025-01-23 00:00:00,,154.0
20412,J4011,2025-01-23 00:00:00,,189.0
20413,185,2025-01-22 00:00:00,,295.0
20414,254,2025-01-22 00:00:00,,418.0
20415,1064,2025-01-22 00:00:00,,348.0
20416,2042,2025-01-22 00:00:00,,338.0
20417,23154,2025-01-22 00:00:00,,171.0
20418,23168,2025-01-22 00:00:00,,112.0
20419,24006,2025-01-22 00:00:00,,153.0
20420,24007,2025-01-22 00:00:00,,145.0
20421,24014,2025-01-22 00:00:00,,93.0
20422,24023,2025-01-22 00:00:00,,101.0
20423,24028,2025-01-22 00:00:00,,112.0
20424,24032,2025-01-22 00:00:00,,78.0
20425,24033,2025-01-22 00:00:00,,148.0
20426,24034,2025-01-22 00:00:00,,119.0
20427,24039,2025-01-22 00:00:00,,88.0
20428,24042,2025-01-22 00:00:00,,102.0
20429,24045,2025-01-22 00:00:00,,111.0
20430,24048,2025-01-22 00:00:00,,100.0
20431,24050,2025-01-22 00:00:00,,123.0
20432,24051,2025-01-22 00:00:00,,118.0
20433,24053,2025-01-22 00:00:00,,81.0
20434,24054,2025-01-22 00:00:00,,126.0
20435,24056,2025-01-22 00:00:00,,99.0
20436,24058,2025-01-22 00:00:00,,98.0
20437,24060,2025-01-22 00:00:00,,94.0
20438,24061,2025-01-22 00:00:00,,134.0
20439,24069,2025-01-22 00:00:00,,121.0
20440,24072,2025-01-22 00:00:00,,121.0
20441,24074,2025-01-22 00:00:00,,131.0
20442,24084,2025-01-22 00:00:00,,108.0
20443,24102,2025-01-22 00:00:00,,132.0
20444,24106,2025-01-22 00:00:00,,109.0
20445,24115,2025-01-22 00:00:00,,97.0
20446,24117,2025-01-22 00:00:00,,100.0
20447,24147,2025-01-22 00:00:00,,112.0
20448,24222,2025-01-22 00:00:00,,67.0
20449,24229,2025-01-22 00:00:00,,67.0
20450,4065,2025-01-22 00:00:00,,333.0
20451,23232,2025-01-22 00:00:00,,137.0
20452,23233,2025-01-22 00:00:00,,105.0
20453,23239,2025-01-22 00:00:00,,80.0
20454,23203,2025-01-22 00:00:00,,114.0
20455,23204,2025-01-22 00:00:00,,95.0
20456,2072,2025-01-22 00:00:00,,394.0
20457,0231A,2025-01-22 00:00:00,,351.0
20458,8086,2025-01-22 00:00:00,,395.0
20459,24055,2025-01-22 00:00:00,,102.0
20460,24205,2025-01-22 00:00:00,,90.0
20461,23242,2025-01-22 00:00:00,,117.0
20462,24046,2025-01-22 00:00:00,,132.0
20463,23225,2025-01-22 00:00:00,,144.0
20464,0109A,2025-01-21 00:00:00,,439.0
20465,127,2025-01-21 00:00:00,,443.0
20466,0204B,2025-01-21 00:00:00,,391.0
20467,99,2025-01-21 00:00:00,,384.0
20468,1008,2025-01-21 00:00:00,,360.0
20469,1018,2025-01-21 00:00:00,,237.0
20470,1027A,2025-01-21 00:00:00,,381.0
20471,1033,2025-01-21 00:00:00,,434.0
20472,1044,2025-01-21 00:00:00,,425.0
20473,1056,2025-01-21 00:00:00,,431.0
20474,1067,2025-01-21 00:00:00,,365.0
20475,1068A,2025-01-21 00:00:00,,306.0
20476,1070,2025-01-21 00:00:00,,391.0
20477,1070A,2025-01-21 00:00:00,,419.0
20478,1076,2025-01-21 00:00:00,,448.0
20479,1077,2025-01-21 00:00:00,,418.0
20480,1082A,2025-01-21 00:00:00,,316.0
20481,1085,2025-01-21 00:00:00,,466.0
20482,1092A,2025-01-21 00:00:00,,421.0
20483,1096A,2025-01-21 00:00:00,,418.0
20484,1097A,2025-01-21 00:00:00,,382.0
20485,1101A,2025-01-21 00:00:00,,390.0
20486,1104,2025-01-21 00:00:00,,410.0
20487,1112,2025-01-21 00:00:00,,433.0
20488,1130A,2025-01-21 00:00:00,,399.0
20489,1133,2025-01-21 00:00:00,,349.0
20490,1237,2025-01-21 00:00:00,,432.0
20491,2004,2025-01-21 00:00:00,,435.0
20492,2005A,2025-01-21 00:00:00,,405.0
20493,2005B,2025-01-21 00:00:00,,429.0
20494,2010,2025-01-21 00:00:00,,307.0
20495,2025,2025-01-21 00:00:00,,409.0
20496,2029,2025-01-21 00:00:00,,430.0
20497,2039A,2025-01-21 00:00:00,,389.0
20498,2041,2025-01-21 00:00:00,,499.0
20499,2044,2025-01-21 00:00:00,,300.0
20500,2045,2025-01-21 00:00:00,,341.0
20501,2053,2025-01-21 00:00:00,,444.0
20502,2054,2025-01-21 00:00:00,,434.0
20503,2056,2025-01-21 00:00:00,,468.0
20504,2058,2025-01-21 00:00:00,,381.0
20505,2067,2025-01-21 00:00:00,,354.0
20506,2090,2025-01-21 00:00:00,,417.0
20507,2092,2025-01-21 00:00:00,,443.0
20508,2094,2025-01-21 00:00:00,,317.0
20509,2099,2025-01-21 00:00:00,,214.0
20510,2101,2025-01-21 00:00:00,,300.0
20511,2106,2025-01-21 00:00:00,,358.0
20512,2149,2025-01-21 00:00:00,,338.0
20513,2154,2025-01-21 00:00:00,,305.0
20514,2155,2025-01-21 00:00:00,,347.0
20515,2159,2025-01-21 00:00:00,,297.0
20516,2167,2025-01-21 00:00:00,,327.0
20517,2170,2025-01-21 00:00:00,,349.0
20518,2174,2025-01-21 00:00:00,,296.0
20519,22114,2025-01-21 00:00:00,,279.0
20520,22115,2025-01-21 00:00:00,,304.0
20521,22118,2025-01-21 00:00:00,,337.0
20522,22120,2025-01-21 00:00:00,,292.0
20523,22132,2025-01-21 00:00:00,,252.0
20524,22157,2025-01-21 00:00:00,,276.0
20525,22158,2025-01-21 00:00:00,,307.0
20526,22166,2025-01-21 00:00:00,,311.0
20527,22168,2025-01-21 00:00:00,,279.0
20528,22175,2025-01-21 00:00:00,,310.0
20529,22178,2025-01-21 00:00:00,,340.0
20530,22181,2025-01-21 00:00:00,,360.0
20531,22185,2025-01-21 00:00:00,,291.0
20532,22188,2025-01-21 00:00:00,,305.0
20533,22194,2025-01-21 00:00:00,,347.0
20534,22206,2025-01-21 00:00:00,,294.0
20535,22209,2025-01-21 00:00:00,,274.0
20536,23004,2025-01-21 00:00:00,,350.0
20537,23011,2025-01-21 00:00:00,,275.0
20538,23015,2025-01-21 00:00:00,,288.0
20539,23146,2025-01-21 00:00:00,,252.0
20540,SN50,2025-01-21 00:00:00,,491.0
20541,22100,2025-01-21 00:00:00,,282.0
20542,18,2025-01-15 00:00:00,,413.0
20543,107,2025-01-15 00:00:00,,347.0
20544,111,2025-01-15 00:00:00,,368.0
20545,132,2025-01-15 00:00:00,,432.0
20546,201,2025-01-15 00:00:00,,432.0
20547,202,2025-01-15 00:00:00,,317.0
20548,0208A,2025-01-15 00:00:00,,402.0
20549,220,2025-01-15 00:00:00,,451.0
20550,226,2025-01-15 00:00:00,,392.0
20551,233,2025-01-15 00:00:00,,375.0
20552,240,2025-01-15 00:00:00,,493.0
20553,241,2025-01-15 00:00:00,,397.0
20554,249,2025-01-15 00:00:00,,381.0
20555,258,2025-01-15 00:00:00,,317.0
20556,271,2025-01-15 00:00:00,,302.0
20557,272,2025-01-15 00:00:00,,382.0
20558,291,2025-01-15 00:00:00,,342.0
20559,297,2025-01-15 00:00:00,,360.0
20560,0298A,2025-01-15 00:00:00,,414.0
20561,320,2025-01-15 00:00:00,,380.0
20562,322,2025-01-15 00:00:00,,413.0
20563,323,2025-01-15 00:00:00,,366.0
20564,326,2025-01-15 00:00:00,,373.0
20565,329,2025-01-15 00:00:00,,469.0
20566,333,2025-01-15 00:00:00,,348.0
20567,343,2025-01-15 00:00:00,,335.0
20568,350,2025-01-15 00:00:00,,379.0
20569,355,2025-01-15 00:00:00,,364.0
20570,740,2025-01-15 00:00:00,,485.0
20571,1004,2025-01-15 00:00:00,,377.0
20572,1005,2025-01-15 00:00:00,,395.0
20573,10431,2025-01-15 00:00:00,,390.0
20574,1063,2025-01-15 00:00:00,,388.0
20575,1066A,2025-01-15 00:00:00,,396.0
20576,1075,2025-01-15 00:00:00,,390.0
20577,1090A,2025-01-15 00:00:00,,321.0
20578,1091,2025-01-15 00:00:00,,345.0
20579,1096,2025-01-15 00:00:00,,411.0
20580,1104A,2025-01-15 00:00:00,,407.0
20581,1109B,2025-01-15 00:00:00,,406.0
20582,1112A,2025-01-15 00:00:00,,368.0
20583,1128,2025-01-15 00:00:00,,408.0
20584,1132,2025-01-15 00:00:00,,412.0
20585,1139A,2025-01-15 00:00:00,,358.0
20586,1168,2025-01-15 00:00:00,,527.0
20587,12164,2025-01-15 00:00:00,,290.0
20588,20,2025-01-15 00:00:00,,371.0
20589,2018,2025-01-15 00:00:00,,353.0
20590,2021,2025-01-15 00:00:00,,519.0
20591,2023,2025-01-15 00:00:00,,360.0
20592,2035A,2025-01-15 00:00:00,,386.0
20593,2047,2025-01-15 00:00:00,,422.0
20594,2048,2025-01-15 00:00:00,,362.0
20595,2052,2025-01-15 00:00:00,,390.0
20596,2062,2025-01-15 00:00:00,,446.0
20597,2063B,2025-01-15 00:00:00,,334.0
20598,2096,2025-01-15 00:00:00,,467.0
20599,2103,2025-01-15 00:00:00,,357.0
20600,2133A,2025-01-15 00:00:00,,406.0
20601,2146,2025-01-15 00:00:00,,428.0
20602,2153,2025-01-15 00:00:00,,346.0
20603,2201,2025-01-15 00:00:00,,345.0
20604,2203,2025-01-15 00:00:00,,382.0
20605,2219,2025-01-15 00:00:00,,493.0
20606,3015,2025-01-15 00:00:00,,453.0
20607,3021A,2025-01-15 00:00:00,,471.0
20608,3028A,2025-01-15 00:00:00,,416.0
20609,3043,2025-01-15 00:00:00,,465.0
20610,31,2025-01-15 00:00:00,,287.0
20611,3132,2025-01-15 00:00:00,,393.0
20612,33,2025-01-15 00:00:00,,326.0
20613,34,2025-01-15 00:00:00,,364.0
20614,40072,2025-01-15 00:00:00,,402.0
20615,4033,2025-01-15 00:00:00,,289.0
20616,4035,2025-01-15 00:00:00,,518.0
20617,4078,2025-01-15 00:00:00,,366.0
20618,4079,2025-01-15 00:00:00,,385.0
20619,4095,2025-01-15 00:00:00,,395.0
20620,4099,2025-01-15 00:00:00,,435.0
20621,4141,2025-01-15 00:00:00,,370.0
20622,4A,2025-01-15 00:00:00,,455.0
20623,5007,2025-01-15 00:00:00,,460.0
20624,5013,2025-01-15 00:00:00,,461.0
20625,5030,2025-01-15 00:00:00,,419.0
20626,5052,2025-01-15 00:00:00,,368.0
20627,5060,2025-01-15 00:00:00,,376.0
20628,5150,2025-01-15 00:00:00,,422.0
20629,6020,2025-01-15 00:00:00,,346.0
20630,6035,2025-01-15 00:00:00,,391.0
20631,6042,2025-01-15 00:00:00,,561.0
20632,6043,2025-01-15 00:00:00,,380.0
20633,7007,2025-01-15 00:00:00,,454.0
20634,7022,2025-01-15 00:00:00,,488.0
20635,7033,2025-01-15 00:00:00,,432.0
20636,7038,2025-01-15 00:00:00,,330.0
20637,7076,2025-01-15 00:00:00,,459.0
20638,7077,2025-01-15 00:00:00,,382.0
20639,7083,2025-01-15 00:00:00,,481.0
20640,8011,2025-01-15 00:00:00,,392.0
20641,8014,2025-01-15 00:00:00,,440.0
20642,8028,2025-01-15 00:00:00,,435.0
20643,8030,2025-01-15 00:00:00,,443.0
20644,8036,2025-01-15 00:00:00,,423.0
20645,8037,2025-01-15 00:00:00,,484.0
20646,8051,2025-01-15 00:00:00,,392.0
20647,8062,2025-01-15 00:00:00,,406.0
20648,8076,2025-01-15 00:00:00,,397.0
20649,80841,2025-01-15 00:00:00,,433.0
20650,8085,2025-01-15 00:00:00,,354.0
20651,9006,2025-01-15 00:00:00,,388.0
20652,9011,2025-01-15 00:00:00,,443.0
20653,9058,2025-01-15 00:00:00,,470.0
20654,9067,2025-01-15 00:00:00,,414.0
20655,9076,2025-01-15 00:00:00,,373.0
20656,9099,2025-01-15 00:00:00,,383.0
20657,9104,2025-01-15 00:00:00,,420.0
20658,91091,2025-01-15 00:00:00,,408.0
20659,9113,2025-01-15 00:00:00,,342.0
20660,9116B,2025-01-15 00:00:00,,319.0
20661,91242,2025-01-15 00:00:00,,498.0
20662,9125,2025-01-15 00:00:00,,433.0
20663,9128B,2025-01-15 00:00:00,,389.0
20664,9389,2025-01-15 00:00:00,,411.0
20665,EMB 2,2025-01-15 00:00:00,,387.0
20666,EMB 3,2025-01-15 00:00:00,,416.0
20667,SNA,2025-01-15 00:00:00,,452.0
20668,9136,2025-01-15 00:00:00,,312.0
20669,8016,2025-01-15 00:00:00,,265.0
20670,6067,2025-01-15 00:00:00,,435.0
20671,4008,2025-01-15 00:00:00,,402.0
20672,9110A,2025-01-15 00:00:00,,460.0
20673,2130,2025-01-15 00:00:00,,435.0
20674,7061,2025-01-15 00:00:00,,437.0
20675,5111,2025-01-15 00:00:00,,300.0
20676,338,2025-01-15 00:00:00,,401.0
20677,1015A,2025-01-15 00:00:00,,385.0
20678,1188,2025-01-15 00:00:00,,482.0
20679,2034,2025-01-15 00:00:00,,301.0
20680,2090A,2025-01-15 00:00:00,,501.0
20681,3044A,2025-01-15 00:00:00,,466.0
20682,7090,2025-01-15 00:00:00,,605.0
20683,8063,2025-01-15 00:00:00,,374.0
20684,J420,2025-01-15 00:00:00,,541.0
20685,J422,2025-01-15 00:00:00,,420.0
20686,J424,2025-01-15 00:00:00,,511.0
20687,J425,2025-01-15 00:00:00,,455.0
20688,J426,2025-01-15 00:00:00,,535.0
20689,J428,2025-01-15 00:00:00,,500.0
20690,J841,2025-01-15 00:00:00,,559.0
20691,J8705,2025-01-15 00:00:00,,565.0
20692,0206A,2025-01-15 00:00:00,,358.0
20693,J01415,2025-01-15 00:00:00,,513.0
20694,9073,2025-01-15 00:00:00,,349.0
20695,2111,2025-01-15 00:00:00,,383.0
20696,22172,2025-01-15 00:00:00,,341.0
20697,0299A,2025-01-15 00:00:00,,597.0
20698,109,2025-01-13 00:00:00,,558.0
20699,0118A,2025-01-13 00:00:00,,460.0
20700,141,2025-01-13 00:00:00,,493.0
20701,196,2025-01-13 00:00:00,,636.0
20702,217,2025-01-13 00:00:00,,566.0
20703,242,2025-01-13 00:00:00,,537.0
20704,279,2025-01-13 00:00:00,,557.0
20705,345,2025-01-13 00:00:00,,569.0
20706,1037,2025-01-13 00:00:00,,594.0
20707,1047,2025-01-13 00:00:00,,584.0
20708,1049,2025-01-13 00:00:00,,616.0
20709,1052,2025-01-13 00:00:00,,614.0
20710,1080,2025-01-13 00:00:00,,616.0
20711,1080A,2025-01-13 00:00:00,,543.0
20712,1083,2025-01-13 00:00:00,,600.0
20713,1090,2025-01-13 00:00:00,,579.0
20714,1092,2025-01-13 00:00:00,,557.0
20715,1095,2025-01-13 00:00:00,,619.0
20716,1096B,2025-01-13 00:00:00,,567.0
20717,1097,2025-01-13 00:00:00,,617.0
20718,1139,2025-01-13 00:00:00,,593.0
20719,1146,2025-01-13 00:00:00,,610.0
20720,1161A,2025-01-13 00:00:00,,633.0
20721,1162,2025-01-13 00:00:00,,609.0
20722,1182,2025-01-13 00:00:00,,579.0
20723,1187,2025-01-13 00:00:00,,597.0
20724,1190,2025-01-13 00:00:00,,548.0
20725,1212,2025-01-13 00:00:00,,573.0
20726,1213,2025-01-13 00:00:00,,630.0
20727,1238,2025-01-13 00:00:00,,620.0
20728,1253,2025-01-13 00:00:00,,626.0
20729,1257,2025-01-13 00:00:00,,600.0
20730,2035,2025-01-13 00:00:00,,582.0
20731,9135,2025-01-13 00:00:00,,498.0
20732,9136A,2025-01-13 00:00:00,,465.0
20733,MSN1,2025-01-13 00:00:00,,562.0
20734,MSN15,2025-01-13 00:00:00,,595.0
20735,MSN2,2025-01-13 00:00:00,,528.0
20736,MSN4,2025-01-13 00:00:00,,610.0
20737,MSN8,2025-01-13 00:00:00,,589.0
20738,1007,2025-01-13 00:00:00,,580.0
20739,94,2025-01-10 00:00:00,,554.0
20740,119,2025-01-10 00:00:00,,471.0
20741,198,2025-01-10 00:00:00,,524.0
20742,0216A,2025-01-10 00:00:00,,539.0
20743,219,2025-01-10 00:00:00,,550.0
20744,293,2025-01-10 00:00:00,,477.0
20745,325,2025-01-10 00:00:00,,513.0
20746,346,2025-01-10 00:00:00,,513.0
20747,351,2025-01-10 00:00:00,,511.0
20748,358,2025-01-10 00:00:00,,542.0
20749,1026,2025-01-10 00:00:00,,528.0
20750,1027,2025-01-10 00:00:00,,515.0
20751,1031,2025-01-10 00:00:00,,488.0
20752,1036,2025-01-10 00:00:00,,525.0
20753,1046A,2025-01-10 00:00:00,,539.0
20754,1048,2025-01-10 00:00:00,,521.0
20755,1053,2025-01-10 00:00:00,,488.0
20756,1068,2025-01-10 00:00:00,,520.0
20757,1069,2025-01-10 00:00:00,,521.0
20758,1078,2025-01-10 00:00:00,,486.0
20759,1095B,2025-01-10 00:00:00,,480.0
20760,1101,2025-01-10 00:00:00,,541.0
20761,1106,2025-01-10 00:00:00,,478.0
20762,1106A,2025-01-10 00:00:00,,508.0
20763,1107,2025-01-10 00:00:00,,478.0
20764,1126,2025-01-10 00:00:00,,473.0
20765,1130,2025-01-10 00:00:00,,511.0
20766,1148,2025-01-10 00:00:00,,609.0
20767,1152,2025-01-10 00:00:00,,526.0
20768,1154,2025-01-10 00:00:00,,557.0
20769,1156,2025-01-10 00:00:00,,526.0
20770,1163,2025-01-10 00:00:00,,508.0
20771,1165,2025-01-10 00:00:00,,531.0
20772,1166,2025-01-10 00:00:00,,257.0
20773,1180,2025-01-10 00:00:00,,571.0
20774,1202,2025-01-10 00:00:00,,562.0
20775,1204,2025-01-10 00:00:00,,538.0
20776,1206,2025-01-10 00:00:00,,511.0
20777,1207,2025-01-10 00:00:00,,548.0
20778,1214,2025-01-10 00:00:00,,441.0
20779,1215,2025-01-10 00:00:00,,521.0
20780,1216,2025-01-10 00:00:00,,495.0
20781,1219,2025-01-10 00:00:00,,520.0
20782,1228,2025-01-10 00:00:00,,523.0
20783,1292,2025-01-10 00:00:00,,483.0
20784,1324,2025-01-10 00:00:00,,548.0
20785,1336,2025-01-10 00:00:00,,571.0
20786,2027,2025-01-10 00:00:00,,592.0
20787,2032,2025-01-10 00:00:00,,541.0
20788,2128,2025-01-10 00:00:00,,489.0
20789,2204,2025-01-10 00:00:00,,523.0
20790,36,2025-01-10 00:00:00,,555.0
20791,MSN12,2025-01-10 00:00:00,,540.0
20792,MSN16,2025-01-10 00:00:00,,539.0
20793,MSN17,2025-01-10 00:00:00,,490.0
20794,MSN3,2025-01-10 00:00:00,,506.0
20795,MSN9,2025-01-10 00:00:00,,535.0
20796,25004,2025-01-09 00:00:00,,24.0
20797,25005,2025-01-09 00:00:00,,26.0
20798,25003,2025-01-07 00:00:00,,31.0
20799,25001,2025-01-05 00:00:00,,32.0
20800,25002,2025-01-05 00:00:00,,23.0
20801,24304,2024-12-25 00:00:00,,25.0
20802,24298,2024-12-24 00:00:00,,24.0
20803,5,2024-12-23 00:00:00,,330.0
20804,2013,2024-12-23 00:00:00,,290.0
20805,2025A,2024-12-23 00:00:00,,445.0
20806,2051,2024-12-23 00:00:00,,409.0
20807,3038A,2024-12-23 00:00:00,,343.0
20808,3093,2024-12-23 00:00:00,,333.0
20809,32,2024-12-23 00:00:00,,328.0
20810,406,2024-12-23 00:00:00,,369.0
20811,5010,2024-12-23 00:00:00,,314.0
20812,5027,2024-12-23 00:00:00,,484.0
20813,5035,2024-12-23 00:00:00,,408.0
20814,5043,2024-12-23 00:00:00,,421.0
20815,5111,2024-12-23 00:00:00,,302.0
20816,7004,2024-12-23 00:00:00,,306.0
20817,7021,2024-12-23 00:00:00,,321.0
20818,7049,2024-12-23 00:00:00,,338.0
20819,8016,2024-12-23 00:00:00,,265.0
20820,8020,2024-12-23 00:00:00,,407.0
20821,8040,2024-12-23 00:00:00,,259.0
20822,8057,2024-12-23 00:00:00,,355.0
20823,8066,2024-12-23 00:00:00,,379.0
20824,8338,2024-12-23 00:00:00,,316.0
20825,9042,2024-12-23 00:00:00,,299.0
20826,9136,2024-12-23 00:00:00,,311.0
20827,S/NH,2024-12-23 00:00:00,,408.0
20828,4025,2024-12-23 00:00:00,,460.0
20829,Toro2,2024-12-23 00:00:00,,433.0
20830,Toro3,2024-12-23 00:00:00,,597.0
20831,Toro4,2024-12-23 00:00:00,,570.0
20832,2340,2024-12-23 00:00:00,,432.0
20833,24296,2024-12-23 00:00:00,,15.0
20834,24297,2024-12-23 00:00:00,,21.0
20835,24291,2024-12-18 00:00:00,,26.0
20836,24292,2024-12-18 00:00:00,,26.0
20837,24285,2024-12-18 00:00:00,,16.0
20838,24286,2024-12-18 00:00:00,,24.0
20839,24289,2024-12-16 00:00:00,,22.0
20840,24290,2024-12-16 00:00:00,,23.0
20841,24273,2024-12-11 00:00:00,,30.0
20842,24274,2024-12-11 00:00:00,,29.0
20843,24275,2024-12-11 00:00:00,,28.0
20844,24276,2024-12-11 00:00:00,,20.0
20845,24277,2024-12-11 00:00:00,,26.0
20846,24278,2024-12-11 00:00:00,,25.0
20847,24279,2024-12-11 00:00:00,,26.0
20848,24280,2024-12-11 00:00:00,,18.0
20849,24282,2024-12-11 00:00:00,,25.0
20850,24283,2024-12-11 00:00:00,,24.0
20851,24284,2024-12-11 00:00:00,,18.0
20852,2093A,2024-12-09 00:00:00,,426.0
20853,2079,2024-12-09 00:00:00,,420.0
20854,2150,2024-12-09 00:00:00,,457.0
20855,4043,2024-12-09 00:00:00,,370.0
20856,4143,2024-12-09 00:00:00,,385.0
20857,6017,2024-12-09 00:00:00,,338.0
20858,8003,2024-12-09 00:00:00,,266.0
20859,8007,2024-12-09 00:00:00,,420.0
20860,8015,2024-12-09 00:00:00,,312.0
20861,8032,2024-12-09 00:00:00,,403.0
20862,80921,2024-12-09 00:00:00,,385.0
20863,89,2024-12-09 00:00:00,,418.0
20864,9064,2024-12-09 00:00:00,,382.0
20865,S/NB,2024-12-09 00:00:00,,464.0
20866,S/NC,2024-12-09 00:00:00,,490.0
20867,BU305,2024-12-09 00:00:00,,542.0
20868,BU307,2024-12-09 00:00:00,,511.0
20869,BU3,2024-12-09 00:00:00,,585.0
20870,BU010,2024-12-09 00:00:00,,475.0
20871,BU007,2024-12-09 00:00:00,,533.0
20872,BU011,2024-12-09 00:00:00,,535.0
20873,BU014,2024-12-09 00:00:00,,433.0
20874,BU001,2024-12-09 00:00:00,,453.0
20875,BU008,2024-12-09 00:00:00,,492.0
20876,24264,2024-12-07 00:00:00,,26.0
20877,24265,2024-12-07 00:00:00,,24.0
20878,24268,2024-12-07 00:00:00,,24.0
20879,24269,2024-12-07 00:00:00,,23.0
20880,24254,2024-12-07 00:00:00,,23.0
20881,24270,2024-12-07 00:00:00,,23.0
20882,24271,2024-12-07 00:00:00,,23.0
20883,24272,2024-12-07 00:00:00,,24.0
20884,24043,2024-12-06 00:00:00,,100.0
20885,J420,2024-12-04 00:00:00,,473.0
20886,J01415,2024-12-04 00:00:00,,457.0
20887,J422,2024-12-04 00:00:00,,366.0
20888,J841,2024-12-04 00:00:00,,485.0
20889,J424,2024-12-04 00:00:00,,453.0
20890,J425,2024-12-04 00:00:00,,389.0
20891,J426,2024-12-04 00:00:00,,478.0
20892,J8705,2024-12-04 00:00:00,,572.0
20893,J428,2024-12-04 00:00:00,,441.0
20894,7090,2024-12-04 00:00:00,,590.0
20895,TSN01,2024-12-04 00:00:00,,599.0
20896,8004,2024-12-02 00:00:00,,519.0
20897,104,2024-12-02 00:00:00,,524.0
20898,212,2024-12-02 00:00:00,,578.0
20899,335,2024-12-02 00:00:00,,600.0
20900,1046,2024-12-02 00:00:00,,572.0
20901,1098A,2024-12-02 00:00:00,,582.0
20902,24255,2024-11-30 00:00:00,,25.0
20903,24256,2024-11-30 00:00:00,,26.0
20904,24258,2024-11-30 00:00:00,,26.0
20905,24259,2024-11-30 00:00:00,,25.0
20906,24260,2024-11-30 00:00:00,,26.0
20907,24261,2024-11-30 00:00:00,,26.0
20908,24262,2024-11-30 00:00:00,,25.0
20909,24263,2024-11-30 00:00:00,,24.0
20910,J401,2024-11-27 00:00:00,,199.0
20911,J402,2024-11-27 00:00:00,,106.0
20912,J403,2024-11-27 00:00:00,,145.0
20913,J404,2024-11-27 00:00:00,,171.0
20914,J405,2024-11-27 00:00:00,,117.0
20915,J406,2024-11-27 00:00:00,,142.0
20916,J407,2024-11-27 00:00:00,,148.0
20917,J408,2024-11-27 00:00:00,,213.0
20918,J409,2024-11-27 00:00:00,,165.0
20919,J4010,2024-11-27 00:00:00,,186.0
20920,J4011,2024-11-27 00:00:00,,160.0
20921,J412,2024-11-27 00:00:00,,106.0
20922,J413,2024-11-27 00:00:00,,164.0
20923,J414,2024-11-27 00:00:00,,174.0
20924,J415,2024-11-27 00:00:00,,197.0
20925,J416,2024-11-27 00:00:00,,126.0
20926,J417,2024-11-27 00:00:00,,88.0
20927,J418,2024-11-27 00:00:00,,151.0
20928,J419,2024-11-27 00:00:00,,131.0
20929,116,2024-11-24 00:00:00,,569.0
20930,1141,2024-11-24 00:00:00,,582.0
20931,1131,2024-11-24 00:00:00,,576.0
20932,1174,2024-11-24 00:00:00,,515.0
20933,2093,2024-11-22 00:00:00,,305.0
20934,2200,2024-11-22 00:00:00,,329.0
20935,22049,2024-11-22 00:00:00,,317.0
20936,22126,2024-11-22 00:00:00,,312.0
20937,22135,2024-11-22 00:00:00,,289.0
20938,22149,2024-11-22 00:00:00,,296.0
20939,22195,2024-11-22 00:00:00,,217.0
20940,23031,2024-11-22 00:00:00,,190.0
20941,23033,2024-11-22 00:00:00,,213.0
20942,23094,2024-11-22 00:00:00,,216.0
20943,23125,2024-11-22 00:00:00,,173.0
20944,23139,2024-11-22 00:00:00,,165.0
20945,23140,2024-11-22 00:00:00,,154.0
20946,23148,2024-11-22 00:00:00,,181.0
20947,23166,2024-11-22 00:00:00,,100.0
20948,23201,2024-11-22 00:00:00,,104.0
20949,23215,2024-11-22 00:00:00,,149.0
20950,23220,2024-11-22 00:00:00,,108.0
20951,23222,2024-11-22 00:00:00,,152.0
20952,23224,2024-11-22 00:00:00,,165.0
20953,23227,2024-11-22 00:00:00,,138.0
20954,23230,2024-11-22 00:00:00,,147.0
20955,23238,2024-11-22 00:00:00,,211.0
20956,23241,2024-11-22 00:00:00,,222.0
20957,23243,2024-11-22 00:00:00,,99.0
20958,23246,2024-11-22 00:00:00,,131.0
20959,23248,2024-11-22 00:00:00,,125.0
20960,23249,2024-11-22 00:00:00,,194.0
20961,23251,2024-11-22 00:00:00,,134.0
20962,23252,2024-11-22 00:00:00,,117.0
20963,24001,2024-11-22 00:00:00,,92.0
20964,24002,2024-11-22 00:00:00,,185.0
20965,24003,2024-11-22 00:00:00,,169.0
20966,24004,2024-11-22 00:00:00,,129.0
20967,24005,2024-11-22 00:00:00,,168.0
20968,24008,2024-11-22 00:00:00,,90.0
20969,24016,2024-11-22 00:00:00,,218.0
20970,24018,2024-11-22 00:00:00,,102.0
20971,24019,2024-11-22 00:00:00,,98.0
20972,24020,2024-11-22 00:00:00,,115.0
20973,24021,2024-11-22 00:00:00,,163.0
20974,24031,2024-11-22 00:00:00,,157.0
20975,24040,2024-11-22 00:00:00,,90.0
20976,24062,2024-11-22 00:00:00,,132.0
20977,24068,2024-11-22 00:00:00,,103.0
20978,24081,2024-11-22 00:00:00,,164.0
20979,23244,2024-11-22 00:00:00,,157.0
20980,24011,2024-11-22 00:00:00,,145.0
20981,24027,2024-11-22 00:00:00,,171.0
20982,24088,2024-11-22 00:00:00,,97.0
20983,23237,2024-11-22 00:00:00,,95.0
20984,23250,2024-11-22 00:00:00,,93.0
20985,23240,2024-11-22 00:00:00,,128.0
20986,114,2024-11-20 00:00:00,,362.0
20987,125,2024-11-20 00:00:00,,337.0
20988,0206A,2024-11-20 00:00:00,,297.0
20989,0206B,2024-11-20 00:00:00,,288.0
20990,211,2024-11-20 00:00:00,,391.0
20991,224,2024-11-20 00:00:00,,323.0
20992,233,2024-11-20 00:00:00,,340.0
20993,2331,2024-11-20 00:00:00,,289.0
20994,240,2024-11-20 00:00:00,,453.0
20995,246,2024-11-20 00:00:00,,308.0
20996,252,2024-11-20 00:00:00,,339.0
20997,258,2024-11-20 00:00:00,,274.0
20998,269,2024-11-20 00:00:00,,288.0
20999,291,2024-11-20 00:00:00,,311.0
21000,297,2024-11-20 00:00:00,,356.0
21001,321,2024-11-20 00:00:00,,324.0
21002,326,2024-11-20 00:00:00,,330.0
21003,327,2024-11-20 00:00:00,,245.0
21004,343,2024-11-20 00:00:00,,291.0
21005,348,2024-11-20 00:00:00,,302.0
21006,349,2024-11-20 00:00:00,,265.0
21007,352,2024-11-20 00:00:00,,314.0
21008,5,2024-11-20 00:00:00,,305.0
21009,1052A,2024-11-20 00:00:00,,298.0
21010,1056A,2024-11-20 00:00:00,,403.0
21011,1063,2024-11-20 00:00:00,,353.0
21012,1077A,2024-11-20 00:00:00,,296.0
21013,1090A,2024-11-20 00:00:00,,394.0
21014,1103,2024-11-20 00:00:00,,339.0
21015,1109B,2024-11-20 00:00:00,,375.0
21016,1123,2024-11-20 00:00:00,,302.0
21017,1139A,2024-11-20 00:00:00,,331.0
21018,12164,2024-11-20 00:00:00,,260.0
21019,19,2024-11-20 00:00:00,,368.0
21020,2007,2024-11-20 00:00:00,,322.0
21021,2018,2024-11-20 00:00:00,,331.0
21022,2019,2024-11-20 00:00:00,,354.0
21023,2024,2024-11-20 00:00:00,,325.0
21024,2030,2024-11-20 00:00:00,,304.0
21025,2036,2024-11-20 00:00:00,,297.0
21026,2037,2024-11-20 00:00:00,,253.0
21027,2060,2024-11-20 00:00:00,,438.0
21028,2065,2024-11-20 00:00:00,,479.0
21029,2087,2024-11-20 00:00:00,,317.0
21030,2097,2024-11-20 00:00:00,,394.0
21031,2108,2024-11-20 00:00:00,,305.0
21032,2109,2024-11-20 00:00:00,,291.0
21033,2219,2024-11-20 00:00:00,,455.0
21034,24006,2024-11-20 00:00:00,,152.0
21035,24025,2024-11-20 00:00:00,,141.0
21036,24044,2024-11-20 00:00:00,,158.0
21037,24047,2024-11-20 00:00:00,,172.0
21038,24049,2024-11-20 00:00:00,,163.0
21039,24063,2024-11-20 00:00:00,,149.0
21040,24065,2024-11-20 00:00:00,,140.0
21041,24066,2024-11-20 00:00:00,,136.0
21042,24067,2024-11-20 00:00:00,,164.0
21043,24071,2024-11-20 00:00:00,,148.0
21044,24075,2024-11-20 00:00:00,,160.0
21045,24076,2024-11-20 00:00:00,,151.0
21046,24077,2024-11-20 00:00:00,,194.0
21047,24079,2024-11-20 00:00:00,,138.0
21048,24082,2024-11-20 00:00:00,,120.0
21049,24085,2024-11-20 00:00:00,,137.0
21050,24087,2024-11-20 00:00:00,,162.0
21051,24089,2024-11-20 00:00:00,,145.0
21052,24090,2024-11-20 00:00:00,,89.0
21053,24091,2024-11-20 00:00:00,,152.0
21054,24092,2024-11-20 00:00:00,,147.0
21055,24095,2024-11-20 00:00:00,,136.0
21056,24096,2024-11-20 00:00:00,,192.0
21057,24097,2024-11-20 00:00:00,,138.0
21058,24098,2024-11-20 00:00:00,,104.0
21059,24101,2024-11-20 00:00:00,,143.0
21060,24105,2024-11-20 00:00:00,,129.0
21061,24110,2024-11-20 00:00:00,,124.0
21062,24111,2024-11-20 00:00:00,,149.0
21063,24116,2024-11-20 00:00:00,,146.0
21064,24119,2024-11-20 00:00:00,,138.0
21065,24120,2024-11-20 00:00:00,,139.0
21066,24123,2024-11-20 00:00:00,,135.0
21067,24124,2024-11-20 00:00:00,,94.0
21068,24125,2024-11-20 00:00:00,,161.0
21069,24132,2024-11-20 00:00:00,,72.0
21070,24136,2024-11-20 00:00:00,,139.0
21071,24141,2024-11-20 00:00:00,,150.0
21072,24145,2024-11-20 00:00:00,,134.0
21073,24152,2024-11-20 00:00:00,,63.0
21074,24153,2024-11-20 00:00:00,,103.0
21075,24154,2024-11-20 00:00:00,,135.0
21076,24157,2024-11-20 00:00:00,,107.0
21077,24160,2024-11-20 00:00:00,,98.0
21078,24164,2024-11-20 00:00:00,,75.0
21079,24169,2024-11-20 00:00:00,,40.0
21080,24181,2024-11-20 00:00:00,,80.0
21081,24182,2024-11-20 00:00:00,,80.0
21082,24190,2024-11-20 00:00:00,,50.0
21083,24198,2024-11-20 00:00:00,,72.0
21084,24203,2024-11-20 00:00:00,,65.0
21085,24205,2024-11-20 00:00:00,,69.0
21086,24206,2024-11-20 00:00:00,,60.0
21087,24210,2024-11-20 00:00:00,,65.0
21088,24217,2024-11-20 00:00:00,,72.0
21089,24224,2024-11-20 00:00:00,,46.0
21090,24231,2024-11-20 00:00:00,,60.0
21091,30,2024-11-20 00:00:00,,317.0
21092,3027A,2024-11-20 00:00:00,,347.0
21093,31,2024-11-20 00:00:00,,271.0
21094,3108,2024-11-20 00:00:00,,377.0
21095,3178,2024-11-20 00:00:00,,326.0
21096,33,2024-11-20 00:00:00,,286.0
21097,4033,2024-11-20 00:00:00,,287.0
21098,4099,2024-11-20 00:00:00,,390.0
21099,4100,2024-11-20 00:00:00,,349.0
21100,4109,2024-11-20 00:00:00,,287.0
21101,4A,2024-11-20 00:00:00,,415.0
21102,50501,2024-11-20 00:00:00,,328.0
21103,5082,2024-11-20 00:00:00,,290.0
21104,5092,2024-11-20 00:00:00,,398.0
21105,5098,2024-11-20 00:00:00,,355.0
21106,6008,2024-11-20 00:00:00,,415.0
21107,6020,2024-11-20 00:00:00,,324.0
21108,6031,2024-11-20 00:00:00,,385.0
21109,7072,2024-11-20 00:00:00,,439.0
21110,7080,2024-11-20 00:00:00,,366.0
21111,8006,2024-11-20 00:00:00,,371.0
21112,8014,2024-11-20 00:00:00,,398.0
21113,8026,2024-11-20 00:00:00,,327.0
21114,8041,2024-11-20 00:00:00,,413.0
21115,8060,2024-11-20 00:00:00,,337.0
21116,80841,2024-11-20 00:00:00,,397.0
21117,8085,2024-11-20 00:00:00,,325.0
21118,9016,2024-11-20 00:00:00,,288.0
21119,9035,2024-11-20 00:00:00,,405.0
21120,9046,2024-11-20 00:00:00,,363.0
21121,91091,2024-11-20 00:00:00,,366.0
21122,9121,2024-11-20 00:00:00,,323.0
21123,9122,2024-11-20 00:00:00,,263.0
21124,9219,2024-11-20 00:00:00,,323.0
21125,EMB 2,2024-11-20 00:00:00,,353.0
21126,24134,2024-11-20 00:00:00,,119.0
21127,24180,2024-11-20 00:00:00,,68.0
21128,24211,2024-11-20 00:00:00,,62.0
21129,9011,2024-11-20 00:00:00,,405.0
21130,9126A,2024-11-20 00:00:00,,327.0
21131,24099,2024-11-20 00:00:00,,137.0
21132,8010,2024-11-20 00:00:00,,359.0
21133,10391,2024-11-20 00:00:00,,277.0
21134,23223,2024-11-20 00:00:00,,100.0
21135,4043,2024-11-20 00:00:00,,336.0
21136,4066,2024-11-20 00:00:00,,342.0
21137,4172,2024-11-20 00:00:00,,405.0
21138,50741,2024-11-20 00:00:00,,324.0
21139,24245,2024-11-19 00:00:00,,23.0
21140,24246,2024-11-19 00:00:00,,24.0
21141,24247,2024-11-19 00:00:00,,23.0
21142,24248,2024-11-19 00:00:00,,26.0
21143,24249,2024-11-19 00:00:00,,22.0
21144,24250,2024-11-19 00:00:00,,16.0
21145,24251,2024-11-19 00:00:00,,22.0
21146,24252,2024-11-19 00:00:00,,21.0
21147,94,2024-11-18 00:00:00,,569.0
21148,116,2024-11-18 00:00:00,,566.0
21149,119,2024-11-18 00:00:00,,448.0
21150,141,2024-11-18 00:00:00,,491.0
21151,196,2024-11-18 00:00:00,,593.0
21152,198,2024-11-18 00:00:00,,495.0
21153,212,2024-11-18 00:00:00,,576.0
21154,0216A,2024-11-18 00:00:00,,512.0
21155,217,2024-11-18 00:00:00,,546.0
21156,219,2024-11-18 00:00:00,,538.0
21157,242,2024-11-18 00:00:00,,540.0
21158,279,2024-11-18 00:00:00,,534.0
21159,293,2024-11-18 00:00:00,,460.0
21160,325,2024-11-18 00:00:00,,483.0
21161,335,2024-11-18 00:00:00,,587.0
21162,346,2024-11-18 00:00:00,,496.0
21163,351,2024-11-18 00:00:00,,485.0
21164,358,2024-11-18 00:00:00,,510.0
21165,1026,2024-11-18 00:00:00,,502.0
21166,1027,2024-11-18 00:00:00,,499.0
21167,1031,2024-11-18 00:00:00,,453.0
21168,1036,2024-11-18 00:00:00,,501.0
21169,1037,2024-11-18 00:00:00,,575.0
21170,1046,2024-11-18 00:00:00,,563.0
21171,1046A,2024-11-18 00:00:00,,493.0
21172,1048,2024-11-18 00:00:00,,493.0
21173,1049,2024-11-18 00:00:00,,587.0
21174,1052,2024-11-18 00:00:00,,584.0
21175,1053,2024-11-18 00:00:00,,463.0
21176,1068,2024-11-18 00:00:00,,481.0
21177,1069,2024-11-18 00:00:00,,476.0
21178,1078,2024-11-18 00:00:00,,465.0
21179,1080,2024-11-18 00:00:00,,592.0
21180,1080A,2024-11-18 00:00:00,,520.0
21181,1083,2024-11-18 00:00:00,,555.0
21182,1092,2024-11-18 00:00:00,,524.0
21183,1095,2024-11-18 00:00:00,,584.0
21184,1095B,2024-11-18 00:00:00,,449.0
21185,1098A,2024-11-18 00:00:00,,579.0
21186,1101,2024-11-18 00:00:00,,519.0
21187,1105,2024-11-18 00:00:00,,529.0
21188,1106,2024-11-18 00:00:00,,455.0
21189,1106A,2024-11-18 00:00:00,,479.0
21190,1107,2024-11-18 00:00:00,,469.0
21191,1126,2024-11-18 00:00:00,,515.0
21192,1130,2024-11-18 00:00:00,,486.0
21193,1141,2024-11-18 00:00:00,,582.0
21194,1148,2024-11-18 00:00:00,,570.0
21195,1152,2024-11-18 00:00:00,,500.0
21196,1154,2024-11-18 00:00:00,,521.0
21197,1156,2024-11-18 00:00:00,,503.0
21198,1161A,2024-11-18 00:00:00,,597.0
21199,1162,2024-11-18 00:00:00,,571.0
21200,1163,2024-11-18 00:00:00,,469.0
21201,1165,2024-11-18 00:00:00,,496.0
21202,1166,2024-11-18 00:00:00,,496.0
21203,1180,2024-11-18 00:00:00,,542.0
21204,1202,2024-11-18 00:00:00,,522.0
21205,1204,2024-11-18 00:00:00,,493.0
21206,1206,2024-11-18 00:00:00,,489.0
21207,1207,2024-11-18 00:00:00,,506.0
21208,1212,2024-11-18 00:00:00,,546.0
21209,1214,2024-11-18 00:00:00,,433.0
21210,1215,2024-11-18 00:00:00,,486.0
21211,1216,2024-11-18 00:00:00,,471.0
21212,1219,2024-11-18 00:00:00,,485.0
21213,1228,2024-11-18 00:00:00,,484.0
21214,1253,2024-11-18 00:00:00,,582.0
21215,1257,2024-11-18 00:00:00,,565.0
21216,1292,2024-11-18 00:00:00,,455.0
21217,1324,2024-11-18 00:00:00,,513.0
21218,1336,2024-11-18 00:00:00,,534.0
21219,2027,2024-11-18 00:00:00,,546.0
21220,2032,2024-11-18 00:00:00,,507.0
21221,2128,2024-11-18 00:00:00,,458.0
21222,2204,2024-11-18 00:00:00,,487.0
21223,36,2024-11-18 00:00:00,,520.0
21224,9135,2024-11-18 00:00:00,,505.0
21225,MSN12,2024-11-18 00:00:00,,503.0
21226,MSN15,2024-11-18 00:00:00,,563.0
21227,MSN16,2024-11-18 00:00:00,,505.0
21228,MSN17,2024-11-18 00:00:00,,447.0
21229,MSN3,2024-11-18 00:00:00,,488.0
21230,MSN4,2024-11-18 00:00:00,,597.0
21231,MSN9,2024-11-18 00:00:00,,518.0
21232,1007,2024-11-18 00:00:00,,563.0
21233,MSN1,2024-11-18 00:00:00,,555.0
21234,7087,2024-11-14 00:00:00,,565.0
21235,91171,2024-11-14 00:00:00,,448.0
21236,9007,2024-11-14 00:00:00,,407.0
21237,101,2024-11-14 00:00:00,,480.0
21238,270,2024-11-14 00:00:00,,500.0
21239,7067,2024-11-14 00:00:00,,462.0
21240,7066,2024-11-14 00:00:00,,460.0
21241,91172,2024-11-14 00:00:00,,419.0
21242,8089,2024-11-14 00:00:00,,449.0
21243,0330A,2024-11-14 00:00:00,,476.0
21244,8004,2024-11-14 00:00:00,,519.0
21245,2143,2024-11-14 00:00:00,,499.0
21246,31102,2024-11-14 00:00:00,,511.0
21247,1079,2024-11-14 00:00:00,,484.0
21248,8061,2024-11-14 00:00:00,,548.0
21249,1078A,2024-11-14 00:00:00,,429.0
21250,107,2024-11-14 00:00:00,,332.0
21251,132,2024-11-14 00:00:00,,401.0
21252,202,2024-11-14 00:00:00,,286.0
21253,205,2024-11-14 00:00:00,,373.0
21254,0208A,2024-11-14 00:00:00,,382.0
21255,220,2024-11-14 00:00:00,,406.0
21256,229,2024-11-14 00:00:00,,410.0
21257,271,2024-11-14 00:00:00,,276.0
21258,272,2024-11-14 00:00:00,,364.0
21259,274,2024-11-14 00:00:00,,308.0
21260,298,2024-11-14 00:00:00,,414.0
21261,0299A,2024-11-14 00:00:00,,540.0
21262,0299C,2024-11-14 00:00:00,,423.0
21263,320,2024-11-14 00:00:00,,347.0
21264,342,2024-11-14 00:00:00,,399.0
21265,344,2024-11-14 00:00:00,,420.0
21266,350,2024-11-14 00:00:00,,357.0
21267,355,2024-11-14 00:00:00,,425.0
21268,740,2024-11-14 00:00:00,,438.0
21269,1005,2024-11-14 00:00:00,,377.0
21270,1015A,2024-11-14 00:00:00,,328.0
21271,1017A,2024-11-14 00:00:00,,454.0
21272,1023,2024-11-14 00:00:00,,399.0
21273,10431,2024-11-14 00:00:00,,342.0
21274,1066,2024-11-14 00:00:00,,454.0
21275,1075,2024-11-14 00:00:00,,362.0
21276,1088A,2024-11-14 00:00:00,,473.0
21277,1091,2024-11-14 00:00:00,,322.0
21278,1096,2024-11-14 00:00:00,,364.0
21279,1104A,2024-11-14 00:00:00,,391.0
21280,1109A,2024-11-14 00:00:00,,383.0
21281,1112A,2024-11-14 00:00:00,,371.0
21282,1128,2024-11-14 00:00:00,,390.0
21283,1132,2024-11-14 00:00:00,,385.0
21284,1168,2024-11-14 00:00:00,,499.0
21285,1188,2024-11-14 00:00:00,,414.0
21286,1310,2024-11-14 00:00:00,,446.0
21287,20,2024-11-14 00:00:00,,360.0
21288,2021,2024-11-14 00:00:00,,479.0
21289,2023,2024-11-14 00:00:00,,322.0
21290,20334,2024-11-14 00:00:00,,415.0
21291,2034,2024-11-14 00:00:00,,290.0
21292,2035A,2024-11-14 00:00:00,,364.0
21293,2039,2024-11-14 00:00:00,,538.0
21294,2048,2024-11-14 00:00:00,,348.0
21295,2052,2024-11-14 00:00:00,,366.0
21296,2062,2024-11-14 00:00:00,,446.0
21297,2063B,2024-11-14 00:00:00,,311.0
21298,2066,2024-11-14 00:00:00,,508.0
21299,2093A,2024-11-14 00:00:00,,434.0
21300,2096,2024-11-14 00:00:00,,432.0
21301,2103,2024-11-14 00:00:00,,345.0
21302,2111,2024-11-14 00:00:00,,368.0
21303,2133A,2024-11-14 00:00:00,,368.0
21304,2146,2024-11-14 00:00:00,,421.0
21305,2171,2024-11-14 00:00:00,,441.0
21306,2201,2024-11-14 00:00:00,,345.0
21307,2203,2024-11-14 00:00:00,,356.0
21308,2208A,2024-11-14 00:00:00,,455.0
21309,22172,2024-11-14 00:00:00,,325.0
21310,2220,2024-11-14 00:00:00,,418.0
21311,2226,2024-11-14 00:00:00,,496.0
21312,2340,2024-11-14 00:00:00,,472.0
21313,3015,2024-11-14 00:00:00,,438.0
21314,3021A,2024-11-14 00:00:00,,406.0
21315,3028A,2024-11-14 00:00:00,,407.0
21316,3132,2024-11-14 00:00:00,,364.0
21317,35,2024-11-14 00:00:00,,400.0
21318,40072,2024-11-14 00:00:00,,385.0
21319,4023,2024-11-14 00:00:00,,424.0
21320,4025,2024-11-14 00:00:00,,503.0
21321,4035,2024-11-14 00:00:00,,467.0
21322,4076,2024-11-14 00:00:00,,498.0
21323,4078,2024-11-14 00:00:00,,340.0
21324,4079,2024-11-14 00:00:00,,363.0
21325,4095,2024-11-14 00:00:00,,367.0
21326,5090,2024-11-14 00:00:00,,488.0
21327,5150,2024-11-14 00:00:00,,403.0
21328,6035,2024-11-14 00:00:00,,374.0
21329,6037,2024-11-14 00:00:00,,401.0
21330,7007,2024-11-14 00:00:00,,408.0
21331,7032,2024-11-14 00:00:00,,588.0
21332,7033,2024-11-14 00:00:00,,423.0
21333,7038,2024-11-14 00:00:00,,222.0
21334,7076,2024-11-14 00:00:00,,431.0
21335,7083,2024-11-14 00:00:00,,459.0
21336,7092,2024-11-14 00:00:00,,407.0
21337,8011,2024-11-14 00:00:00,,385.0
21338,8028,2024-11-14 00:00:00,,424.0
21339,8036,2024-11-14 00:00:00,,401.0
21340,8037,2024-11-14 00:00:00,,476.0
21341,8051,2024-11-14 00:00:00,,387.0
21342,8066,2024-11-14 00:00:00,,398.0
21343,8067,2024-11-14 00:00:00,,389.0
21344,8072,2024-11-14 00:00:00,,356.0
21345,8076,2024-11-14 00:00:00,,382.0
21346,8096,2024-11-14 00:00:00,,468.0
21347,9,2024-11-14 00:00:00,,444.0
21348,9014,2024-11-14 00:00:00,,361.0
21349,9018B,2024-11-14 00:00:00,,263.0
21350,9020,2024-11-14 00:00:00,,363.0
21351,9023,2024-11-14 00:00:00,,387.0
21352,9032,2024-11-14 00:00:00,,322.0
21353,9045,2024-11-14 00:00:00,,461.0
21354,9058,2024-11-14 00:00:00,,446.0
21355,9067,2024-11-14 00:00:00,,437.0
21356,9099,2024-11-14 00:00:00,,347.0
21357,9100,2024-11-14 00:00:00,,415.0
21358,9104,2024-11-14 00:00:00,,439.0
21359,9110A,2024-11-14 00:00:00,,508.0
21360,9113,2024-11-14 00:00:00,,314.0
21361,91242,2024-11-14 00:00:00,,465.0
21362,91262,2024-11-14 00:00:00,,378.0
21363,9128B,2024-11-14 00:00:00,,371.0
21364,9389,2024-11-14 00:00:00,,394.0
21365,BU20,2024-11-14 00:00:00,,321.0
21366,BU48,2024-11-14 00:00:00,,241.0
21367,EMB 3,2024-11-14 00:00:00,,407.0
21368,SNA,2024-11-14 00:00:00,,428.0
21369,2153,2024-11-14 00:00:00,,332.0
21370,9116B,2024-11-14 00:00:00,,300.0
21371,4048,2024-11-14 00:00:00,,462.0
21372,3038A,2024-11-13 00:00:00,,346.0
21373,5041,2024-11-13 00:00:00,,414.0
21374,2,2024-11-13 00:00:00,,441.0
21375,8013,2024-11-13 00:00:00,,405.0
21376,S/NB,2024-11-13 00:00:00,,482.0
21377,89,2024-11-13 00:00:00,,418.0
21378,2040,2024-11-13 00:00:00,,312.0
21379,0298A,2024-11-13 00:00:00,,424.0
21380,353,2024-11-13 00:00:00,,437.0
21381,5076,2024-11-13 00:00:00,,375.0
21382,4072,2024-11-13 00:00:00,,468.0
21383,9024,2024-11-13 00:00:00,,413.0
21384,6011,2024-11-13 00:00:00,,438.0
21385,9103,2024-11-13 00:00:00,,377.0
21386,8030,2024-11-13 00:00:00,,401.0
21387,6021,2024-11-13 00:00:00,,376.0
21388,1066A,2024-11-13 00:00:00,,382.0
21389,3003A,2024-11-13 00:00:00,,429.0
21390,2080,2024-11-13 00:00:00,,478.0
21391,4018,2024-11-13 00:00:00,,365.0
21392,9076,2024-11-13 00:00:00,,388.0
21393,80272,2024-11-13 00:00:00,,373.0
21394,2063A,2024-11-13 00:00:00,,411.0
21395,7074,2024-11-13 00:00:00,,406.0
21396,4055,2024-11-13 00:00:00,,420.0
21397,3119,2024-11-13 00:00:00,,453.0
21398,2149A,2024-11-13 00:00:00,,429.0
21399,226,2024-11-13 00:00:00,,395.0
21400,8062,2024-11-13 00:00:00,,397.0
21401,1004,2024-11-13 00:00:00,,365.0
21402,2148A,2024-11-13 00:00:00,,449.0
21403,80472,2024-11-13 00:00:00,,369.0
21404,2180A,2024-11-13 00:00:00,,379.0
21405,8094,2024-11-13 00:00:00,,332.0
21406,9037,2024-11-13 00:00:00,,343.0
21407,7059,2024-11-13 00:00:00,,403.0
21408,8077,2024-11-13 00:00:00,,337.0
21409,9091,2024-11-13 00:00:00,,368.0
21410,80882,2024-11-13 00:00:00,,385.0
21411,809,2024-11-13 00:00:00,,453.0
21412,329,2024-11-13 00:00:00,,441.0
21413,8087,2024-11-13 00:00:00,,339.0
21414,30212,2024-11-13 00:00:00,,398.0
21415,241,2024-11-13 00:00:00,,407.0
21416,8079,2024-11-13 00:00:00,,379.0
21417,3750,2024-11-13 00:00:00,,421.0
21418,34,2024-11-13 00:00:00,,375.0
21419,2050,2024-11-13 00:00:00,,430.0
21420,8045,2024-11-13 00:00:00,,427.0
21421,9051,2024-11-13 00:00:00,,435.0
21422,284,2024-11-13 00:00:00,,424.0
21423,1091A,2024-11-13 00:00:00,,393.0
21424,9125,2024-11-13 00:00:00,,391.0
21425,2090A,2024-11-13 00:00:00,,440.0
21426,5077,2024-11-13 00:00:00,,400.0
21427,8033,2024-11-13 00:00:00,,436.0
21428,7022,2024-11-13 00:00:00,,496.0
21429,1015,2024-11-13 00:00:00,,456.0
21430,3066B,2024-11-13 00:00:00,,418.0
21431,5144,2024-11-13 00:00:00,,418.0
21432,4151,2024-11-13 00:00:00,,444.0
21433,60286,2024-11-13 00:00:00,,356.0
21434,80121,2024-11-13 00:00:00,,390.0
21435,2124A,2024-11-13 00:00:00,,464.0
21436,249,2024-11-13 00:00:00,,385.0
21437,7017,2024-11-13 00:00:00,,417.0
21438,2047,2024-11-13 00:00:00,,435.0
21439,9040,2024-11-13 00:00:00,,443.0
21440,EMB 5,2024-11-13 00:00:00,,468.0
21441,336,2024-11-13 00:00:00,,344.0
21442,322,2024-11-13 00:00:00,,402.0
21443,5052,2024-11-13 00:00:00,,360.0
21444,5007,2024-11-13 00:00:00,,444.0
21445,5030,2024-11-13 00:00:00,,433.0
21446,1095A,2024-11-13 00:00:00,,420.0
21447,2073,2024-11-13 00:00:00,,445.0
21448,4087,2024-11-13 00:00:00,,448.0
21449,5033,2024-11-13 00:00:00,,426.0
21450,5079,2024-11-13 00:00:00,,430.0
21451,323,2024-11-13 00:00:00,,360.0
21452,0231A,2024-11-13 00:00:00,,362.0
21453,5146,2024-11-13 00:00:00,,373.0
21454,201,2024-11-13 00:00:00,,412.0
21455,9006,2024-11-13 00:00:00,,376.0
21456,2196A,2024-11-13 00:00:00,,447.0
21457,8086,2024-11-13 00:00:00,,461.0
21458,9071,2024-11-13 00:00:00,,408.0
21459,128,2024-11-13 00:00:00,,371.0
21460,8046,2024-11-13 00:00:00,,467.0
21461,3043,2024-11-13 00:00:00,,333.0
21462,5060,2024-11-13 00:00:00,,368.0
21463,5679,2024-11-13 00:00:00,,413.0
21464,9015,2024-11-13 00:00:00,,370.0
21465,4101,2024-11-13 00:00:00,,410.0
21466,7012,2024-11-13 00:00:00,,348.0
21467,267,2024-11-13 00:00:00,,380.0
21468,8019,2024-11-13 00:00:00,,399.0
21469,8050,2024-11-13 00:00:00,,390.0
21470,4075,2024-11-13 00:00:00,,385.0
21471,6043,2024-11-13 00:00:00,,376.0
21472,8048,2024-11-13 00:00:00,,353.0
21473,259,2024-11-13 00:00:00,,411.0
21474,8054,2024-11-13 00:00:00,,388.0
21475,3026A,2024-11-13 00:00:00,,415.0
21476,3024A,2024-11-13 00:00:00,,549.0
21477,278,2024-11-13 00:00:00,,366.0
21478,2234,2024-11-13 00:00:00,,387.0
21479,8043,2024-11-13 00:00:00,,431.0
21480,2083,2024-11-13 00:00:00,,360.0
21481,500,2024-11-13 00:00:00,,520.0
21482,3107,2024-11-13 00:00:00,,368.0
21483,7077,2024-11-13 00:00:00,,374.0
21484,9053,2024-11-13 00:00:00,,421.0
21485,2094A,2024-11-13 00:00:00,,371.0
21486,333,2024-11-13 00:00:00,,338.0
21487,4007,2024-11-13 00:00:00,,494.0
21488,8017,2024-11-13 00:00:00,,428.0
21489,111,2024-11-13 00:00:00,,342.0
21490,143,2024-11-13 00:00:00,,396.0
21491,6070,2024-11-13 00:00:00,,387.0
21492,9047,2024-11-13 00:00:00,,426.0
21493,8005,2024-11-13 00:00:00,,408.0
21494,2217,2024-11-13 00:00:00,,520.0
21495,6067,2024-11-13 00:00:00,,406.0
21496,2130,2024-11-13 00:00:00,,440.0
21497,2209A,2024-11-13 00:00:00,,308.0
21498,338,2024-11-13 00:00:00,,361.0
21499,9073,2024-11-13 00:00:00,,306.0
21500,9192,2024-11-13 00:00:00,,360.0
21501,5529,2024-11-13 00:00:00,,494.0
21502,5629,2024-11-13 00:00:00,,450.0
21503,104,2024-11-12 00:00:00,,506.0
21504,109,2024-11-12 00:00:00,,558.0
21505,0118A,2024-11-12 00:00:00,,439.0
21506,195,2024-11-12 00:00:00,,601.0
21507,345,2024-11-12 00:00:00,,578.0
21508,1030,2024-11-12 00:00:00,,593.0
21509,1047,2024-11-12 00:00:00,,544.0
21510,1090,2024-11-12 00:00:00,,553.0
21511,1096B,2024-11-12 00:00:00,,526.0
21512,1097,2024-11-12 00:00:00,,572.0
21513,1131,2024-11-12 00:00:00,,573.0
21514,1139,2024-11-12 00:00:00,,562.0
21515,1146,2024-11-12 00:00:00,,572.0
21516,1174,2024-11-12 00:00:00,,540.0
21517,1182,2024-11-12 00:00:00,,545.0
21518,1187,2024-11-12 00:00:00,,576.0
21519,1190,2024-11-12 00:00:00,,525.0
21520,1213,2024-11-12 00:00:00,,574.0
21521,1238,2024-11-12 00:00:00,,573.0
21522,2035,2024-11-12 00:00:00,,577.0
21523,2781,2024-11-12 00:00:00,,594.0
21524,MSN8,2024-11-12 00:00:00,,576.0
21525,MSN2,2024-11-12 00:00:00,,499.0
21526,SN50,2024-11-11 00:00:00,,456.0
21527,127,2024-11-11 00:00:00,,437.0
21528,23011,2024-11-11 00:00:00,,261.0
21529,2094,2024-11-11 00:00:00,,297.0
21530,2154,2024-11-11 00:00:00,,288.0
21531,2167,2024-11-11 00:00:00,,306.0
21532,2067,2024-11-11 00:00:00,,342.0
21533,2039A,2024-11-11 00:00:00,,373.0
21534,2174,2024-11-11 00:00:00,,303.0
21535,22188,2024-11-11 00:00:00,,280.0
21536,1237,2024-11-11 00:00:00,,428.0
21537,2159,2024-11-11 00:00:00,,289.0
21538,22194,2024-11-11 00:00:00,,333.0
21539,22168,2024-11-11 00:00:00,,288.0
21540,1070,2024-11-11 00:00:00,,368.0
21541,22209,2024-11-11 00:00:00,,258.0
21542,0116A,2024-11-11 00:00:00,,422.0
21543,22100,2024-11-11 00:00:00,,284.0
21544,2106,2024-11-11 00:00:00,,347.0
21545,1067,2024-11-11 00:00:00,,354.0
21546,2149,2024-11-11 00:00:00,,320.0
21547,22118,2024-11-11 00:00:00,,313.0
21548,2170,2024-11-11 00:00:00,,325.0
21549,2054,2024-11-11 00:00:00,,442.0
21550,0204B,2024-11-11 00:00:00,,375.0
21551,1068A,2024-11-11 00:00:00,,287.0
21552,2058,2024-11-11 00:00:00,,354.0
21553,2001B,2024-11-11 00:00:00,,371.0
21554,22157,2024-11-11 00:00:00,,277.0
21555,23146,2024-11-11 00:00:00,,230.0
21556,22166,2024-11-11 00:00:00,,286.0
21557,22178,2024-11-11 00:00:00,,307.0
21558,22132,2024-11-11 00:00:00,,242.0
21559,2004,2024-11-11 00:00:00,,427.0
21560,23004,2024-11-11 00:00:00,,313.0
21561,1133,2024-11-11 00:00:00,,340.0
21562,1070A,2024-11-11 00:00:00,,401.0
21563,2045,2024-11-11 00:00:00,,318.0
21564,1082A,2024-11-11 00:00:00,,289.0
21565,2053,2024-11-11 00:00:00,,421.0
21566,2099,2024-11-11 00:00:00,,193.0
21567,2155,2024-11-11 00:00:00,,325.0
21568,22158,2024-11-11 00:00:00,,293.0
21569,1085,2024-11-11 00:00:00,,436.0
21570,185,2024-11-11 00:00:00,,313.0
21571,2005B,2024-11-11 00:00:00,,396.0
21572,22115,2024-11-11 00:00:00,,298.0
21573,22185,2024-11-11 00:00:00,,281.0
21574,2010,2024-11-11 00:00:00,,276.0
21575,22206,2024-11-11 00:00:00,,271.0
21576,1044,2024-11-11 00:00:00,,419.0
21577,1104,2024-11-11 00:00:00,,402.0
21578,1092A,2024-11-11 00:00:00,,414.0
21579,2056,2024-11-11 00:00:00,,424.0
21580,2041,2024-11-11 00:00:00,,468.0
21581,2092,2024-11-11 00:00:00,,426.0
21582,0109A,2024-11-11 00:00:00,,412.0
21583,2101,2024-11-11 00:00:00,,272.0
21584,2029,2024-11-11 00:00:00,,420.0
21585,2025,2024-11-11 00:00:00,,369.0
21586,2044,2024-11-11 00:00:00,,283.0
21587,22114,2024-11-11 00:00:00,,266.0
21588,1077,2024-11-11 00:00:00,,421.0
21589,1097A,2024-11-11 00:00:00,,351.0
21590,1027A,2024-11-11 00:00:00,,393.0
21591,22120,2024-11-11 00:00:00,,268.0
21592,1093,2024-11-11 00:00:00,,402.0
21593,1055A,2024-11-11 00:00:00,,407.0
21594,1018,2024-11-11 00:00:00,,235.0
21595,23015,2024-11-11 00:00:00,,276.0
21596,1076,2024-11-11 00:00:00,,439.0
21597,1101A,2024-11-11 00:00:00,,383.0
21598,1056,2024-11-11 00:00:00,,400.0
21599,99,2024-11-11 00:00:00,,359.0
21600,1008,2024-11-11 00:00:00,,359.0
21601,1096A,2024-11-11 00:00:00,,385.0
21602,1033,2024-11-11 00:00:00,,414.0
21603,22181,2024-11-11 00:00:00,,332.0
21604,1130A,2024-11-11 00:00:00,,385.0
21605,1112,2024-11-11 00:00:00,,386.0
21606,2090,2024-11-11 00:00:00,,412.0
21607,2022,2024-11-11 00:00:00,,331.0
21608,1064,2024-11-11 00:00:00,,320.0
21609,0223B,2024-10-22 00:00:00,,560.0
21610,4,2024-10-22 00:00:00,,587.0
21611,1142,2024-10-22 00:00:00,,608.0
21612,102,2024-10-22 00:00:00,,411.0
21613,0215A,2024-10-22 00:00:00,,453.0
21614,252,2024-10-22 00:00:00,,372.0
21615,0340A,2024-10-22 00:00:00,,385.0
21616,348,2024-10-22 00:00:00,,342.0
21617,2,2024-10-22 00:00:00,,432.0
21618,2013,2024-10-22 00:00:00,,285.0
21619,2025A,2024-10-22 00:00:00,,465.0
21620,2030,2024-10-22 00:00:00,,326.0
21621,2036,2024-10-22 00:00:00,,331.0
21622,2048,2024-10-22 00:00:00,,378.0
21623,2051,2024-10-22 00:00:00,,442.0
21624,2063B,2024-10-22 00:00:00,,322.0
21625,2093,2024-10-22 00:00:00,,301.0
21626,2103,2024-10-22 00:00:00,,361.0
21627,2108,2024-10-22 00:00:00,,324.0
21628,2109,2024-10-22 00:00:00,,320.0
21629,2111,2024-10-22 00:00:00,,362.0
21630,2150,2024-10-22 00:00:00,,451.0
21631,2153,2024-10-22 00:00:00,,346.0
21632,2200,2024-10-22 00:00:00,,312.0
21633,22049,2024-10-22 00:00:00,,307.0
21634,22126,2024-10-22 00:00:00,,316.0
21635,22135,2024-10-22 00:00:00,,284.0
21636,22149,2024-10-22 00:00:00,,290.0
21637,22172,2024-10-22 00:00:00,,345.0
21638,22195,2024-10-22 00:00:00,,218.0
21639,23033,2024-10-22 00:00:00,,221.0
21640,23125,2024-10-22 00:00:00,,170.0
21641,23139,2024-10-22 00:00:00,,150.0
21642,23140,2024-10-22 00:00:00,,149.0
21643,23148,2024-10-22 00:00:00,,183.0
21644,23249,2024-10-22 00:00:00,,180.0
21645,23251,2024-10-22 00:00:00,,131.0
21646,30,2024-10-22 00:00:00,,333.0
21647,3015,2024-10-22 00:00:00,,452.0
21648,3038A,2024-10-22 00:00:00,,359.0
21649,3044A,2024-10-22 00:00:00,,466.0
21650,32,2024-10-22 00:00:00,,313.0
21651,40072,2024-10-22 00:00:00,,398.0
21652,4143,2024-10-22 00:00:00,,404.0
21653,5010,2024-10-22 00:00:00,,323.0
21654,5013,2024-10-22 00:00:00,,433.0
21655,5027,2024-10-22 00:00:00,,482.0
21656,5035,2024-10-22 00:00:00,,415.0
21657,5041,2024-10-22 00:00:00,,409.0
21658,5043,2024-10-22 00:00:00,,434.0
21659,5111,2024-10-22 00:00:00,,301.0
21660,6017,2024-10-22 00:00:00,,347.0
21661,7021,2024-10-22 00:00:00,,334.0
21662,7049,2024-10-22 00:00:00,,349.0
21663,7052,2024-10-22 00:00:00,,369.0
21664,8007,2024-10-22 00:00:00,,425.0
21665,8015,2024-10-22 00:00:00,,315.0
21666,8016,2024-10-22 00:00:00,,275.0
21667,8020,2024-10-22 00:00:00,,418.0
21668,8032,2024-10-22 00:00:00,,416.0
21669,8039,2024-10-22 00:00:00,,389.0
21670,8040,2024-10-22 00:00:00,,263.0
21671,8051,2024-10-22 00:00:00,,409.0
21672,8057,2024-10-22 00:00:00,,367.0
21673,8073,2024-10-22 00:00:00,,252.0
21674,8338,2024-10-22 00:00:00,,323.0
21675,9,2024-10-22 00:00:00,,468.0
21676,9042,2024-10-22 00:00:00,,301.0
21677,9064,2024-10-22 00:00:00,,401.0
21678,9118,2024-10-22 00:00:00,,408.0
21679,9128A,2024-10-22 00:00:00,,385.0
21680,9136,2024-10-22 00:00:00,,321.0
21681,S/NB,2024-10-22 00:00:00,,499.0
21682,S/NC,2024-10-22 00:00:00,,505.0
21683,S/NH,2024-10-22 00:00:00,,446.0
21684,23031,2024-10-22 00:00:00,,183.0
21685,23094,2024-10-22 00:00:00,,220.0
21686,23224,2024-10-22 00:00:00,,158.0
21687,23227,2024-10-22 00:00:00,,129.0
21688,23230,2024-10-22 00:00:00,,141.0
21689,23238,2024-10-22 00:00:00,,201.0
21690,24002,2024-10-22 00:00:00,,170.0
21691,24003,2024-10-22 00:00:00,,154.0
21692,24004,2024-10-22 00:00:00,,115.0
21693,24005,2024-10-22 00:00:00,,171.0
21694,24016,2024-10-22 00:00:00,,205.0
21695,24021,2024-10-22 00:00:00,,154.0
21696,24062,2024-10-22 00:00:00,,112.0
21697,23241,2024-10-22 00:00:00,,208.0
21698,9073,2024-10-22 00:00:00,,305.0
21699,24027,2024-10-22 00:00:00,,171.0
21700,24031,2024-10-22 00:00:00,,156.0
21701,24081,2024-10-22 00:00:00,,165.0
21702,24011,2024-10-22 00:00:00,,173.0
21703,24243,2024-10-19 00:00:00,,21.0
21704,24244,2024-10-19 00:00:00,,28.0
21705,23246,2024-10-16 00:00:00,,125.0
21706,23220,2024-10-15 00:00:00,,95.0
21707,23224,2024-10-15 00:00:00,,155.0
21708,24237,2024-10-12 00:00:00,,25.0
21709,24238,2024-10-12 00:00:00,,30.0
21710,24239,2024-10-12 00:00:00,,20.0
21711,24240,2024-10-12 00:00:00,,25.0
21712,24232,2024-10-10 00:00:00,,29.0
21713,1029,2024-10-07 00:00:00,,601.0
21714,1205,2024-10-07 00:00:00,,638.0
21715,0221A,2024-10-07 00:00:00,,600.0
21716,1186,2024-10-07 00:00:00,,608.0
21717,338,2024-10-02 00:00:00,,318.0
21718,4007,2024-10-02 00:00:00,,488.0
21719,6067,2024-10-02 00:00:00,,406.0
21720,132,2024-10-02 00:00:00,,429.0
21721,2130,2024-10-02 00:00:00,,472.0
21722,8077,2024-10-02 00:00:00,,363.0
21723,128,2024-10-02 00:00:00,,388.0
21724,4048,2024-10-02 00:00:00,,480.0
21725,9125,2024-10-02 00:00:00,,398.0
21726,5076,2024-10-02 00:00:00,,387.0
21727,0231A,2024-10-02 00:00:00,,380.0
21728,6043,2024-10-02 00:00:00,,385.0
21729,20334,2024-10-02 00:00:00,,430.0
21730,7061,2024-10-02 00:00:00,,436.0
21731,7022,2024-10-02 00:00:00,,513.0
21732,272,2024-10-02 00:00:00,,357.0
21733,emb 5,2024-10-02 00:00:00,,490.0
21734,333,2024-10-02 00:00:00,,338.0
21735,8050,2024-10-02 00:00:00,,400.0
21736,111,2024-10-02 00:00:00,,362.0
21737,9091,2024-10-02 00:00:00,,385.0
21738,2021,2024-10-02 00:00:00,,505.0
21739,2217,2024-10-02 00:00:00,,555.0
21740,80272,2024-10-02 00:00:00,,374.0
21741,9071,2024-10-02 00:00:00,,413.0
21742,8013,2024-10-02 00:00:00,,409.0
21743,5030,2024-10-02 00:00:00,,441.0
21744,9006,2024-10-02 00:00:00,,387.0
21745,5150,2024-10-02 00:00:00,,423.0
21746,7077,2024-10-02 00:00:00,,387.0
21747,3043,2024-10-02 00:00:00,,460.0
21748,8094,2024-10-02 00:00:00,,359.0
21749,2171,2024-10-02 00:00:00,,474.0
21750,5007,2024-10-02 00:00:00,,459.0
21751,5060,2024-10-02 00:00:00,,362.0
21752,284,2024-10-02 00:00:00,,436.0
21753,229,2024-10-02 00:00:00,,435.0
21754,2209A,2024-10-02 00:00:00,,392.0
21755,9015,2024-10-02 00:00:00,,401.0
21756,9037,2024-10-02 00:00:00,,350.0
21757,91262,2024-10-02 00:00:00,,394.0
21758,8063,2024-10-02 00:00:00,,340.0
21759,6011,2024-10-02 00:00:00,,446.0
21760,329,2024-10-02 00:00:00,,435.0
21761,278,2024-10-02 00:00:00,,382.0
21762,322,2024-10-02 00:00:00,,401.0
21763,1066,2024-10-02 00:00:00,,400.0
21764,3132,2024-10-02 00:00:00,,369.0
21765,8062,2024-10-02 00:00:00,,403.0
21766,8076,2024-10-02 00:00:00,,391.0
21767,2096,2024-10-02 00:00:00,,462.0
21768,201,2024-10-01 00:00:00,,416.0
21769,226,2024-10-01 00:00:00,,402.0
21770,241,2024-10-01 00:00:00,,405.0
21771,249,2024-10-01 00:00:00,,392.0
21772,259,2024-10-01 00:00:00,,343.0
21773,267,2024-10-01 00:00:00,,383.0
21774,0298A,2024-10-01 00:00:00,,424.0
21775,323,2024-10-01 00:00:00,,385.0
21776,336,2024-10-01 00:00:00,,349.0
21777,353,2024-10-01 00:00:00,,457.0
21778,500,2024-10-01 00:00:00,,529.0
21779,1004,2024-10-01 00:00:00,,377.0
21780,1015,2024-10-01 00:00:00,,470.0
21781,10391,2024-10-01 00:00:00,,310.0
21782,1095A,2024-10-01 00:00:00,,432.0
21783,2040,2024-10-01 00:00:00,,335.0
21784,2047,2024-10-01 00:00:00,,445.0
21785,2050,2024-10-01 00:00:00,,466.0
21786,2063A,2024-10-01 00:00:00,,441.0
21787,2072,2024-10-01 00:00:00,,509.0
21788,2073,2024-10-01 00:00:00,,474.0
21789,2080,2024-10-01 00:00:00,,496.0
21790,2090A,2024-10-01 00:00:00,,477.0
21791,2094A,2024-10-01 00:00:00,,393.0
21792,2124A,2024-10-01 00:00:00,,793.0
21793,2148A,2024-10-01 00:00:00,,468.0
21794,2149A,2024-10-01 00:00:00,,443.0
21795,2180A,2024-10-01 00:00:00,,415.0
21796,2196A,2024-10-01 00:00:00,,457.0
21797,3003A,2024-10-01 00:00:00,,403.0
21798,30212,2024-10-01 00:00:00,,458.0
21799,3026A,2024-10-01 00:00:00,,430.0
21800,3043,2024-10-01 00:00:00,,431.0
21801,3107,2024-10-01 00:00:00,,434.0
21802,3119,2024-10-01 00:00:00,,387.0
21803,3132,2024-10-01 00:00:00,,469.0
21804,34,2024-10-01 00:00:00,,380.0
21805,3750,2024-10-01 00:00:00,,419.0
21806,4018,2024-10-01 00:00:00,,376.0
21807,4035,2024-10-01 00:00:00,,512.0
21808,4043,2024-10-01 00:00:00,,383.0
21809,4055,2024-10-01 00:00:00,,446.0
21810,4066,2024-10-01 00:00:00,,393.0
21811,4072,2024-10-01 00:00:00,,494.0
21812,4101,2024-10-01 00:00:00,,437.0
21813,4151,2024-10-01 00:00:00,,478.0
21814,4172,2024-10-01 00:00:00,,451.0
21815,5052,2024-10-01 00:00:00,,377.0
21816,50741,2024-10-01 00:00:00,,376.0
21817,5077,2024-10-01 00:00:00,,425.0
21818,5079,2024-10-01 00:00:00,,498.0
21819,5146,2024-10-01 00:00:00,,388.0
21820,5679,2024-10-01 00:00:00,,449.0
21821,6021,2024-10-01 00:00:00,,406.0
21822,7012,2024-10-01 00:00:00,,304.0
21823,7017,2024-10-01 00:00:00,,423.0
21824,7028,2024-10-01 00:00:00,,354.0
21825,7059,2024-10-01 00:00:00,,424.0
21826,7074,2024-10-01 00:00:00,,439.0
21827,8010,2024-10-01 00:00:00,,406.0
21828,80121,2024-10-01 00:00:00,,413.0
21829,8017,2024-10-01 00:00:00,,441.0
21830,8019,2024-10-01 00:00:00,,412.0
21831,8030,2024-10-01 00:00:00,,443.0
21832,8033,2024-10-01 00:00:00,,459.0
21833,8043,2024-10-01 00:00:00,,458.0
21834,8045,2024-10-01 00:00:00,,455.0
21835,8046,2024-10-01 00:00:00,,470.0
21836,8048,2024-10-01 00:00:00,,360.0
21837,8054,2024-10-01 00:00:00,,417.0
21838,8079,2024-10-01 00:00:00,,415.0
21839,8086,2024-10-01 00:00:00,,483.0
21840,8087,2024-10-01 00:00:00,,399.0
21841,80882,2024-10-01 00:00:00,,392.0
21842,809,2024-10-01 00:00:00,,410.0
21843,9024,2024-10-01 00:00:00,,430.0
21844,9051,2024-10-01 00:00:00,,444.0
21845,9053,2024-10-01 00:00:00,,431.0
21846,9058,2024-10-01 00:00:00,,492.0
21847,9076,2024-10-01 00:00:00,,389.0
21848,9103,2024-10-01 00:00:00,,397.0
21849,5529,2024-10-01 00:00:00,,489.0
21850,5629,2024-10-01 00:00:00,,398.0
21851,9040,2024-10-01 00:00:00,,452.0
21852,355,2024-10-01 00:00:00,,372.0
21853,18,2024-09-26 00:00:00,,409.0
21854,101,2024-09-26 00:00:00,,432.0
21855,107,2024-09-26 00:00:00,,340.0
21856,143,2024-09-26 00:00:00,,428.0
21857,202,2024-09-26 00:00:00,,277.0
21858,205,2024-09-26 00:00:00,,365.0
21859,0208A,2024-09-26 00:00:00,,406.0
21860,220,2024-09-26 00:00:00,,408.0
21861,270,2024-09-26 00:00:00,,458.0
21862,274,2024-09-26 00:00:00,,310.0
21863,298,2024-09-26 00:00:00,,405.0
21864,0299A,2024-09-26 00:00:00,,540.0
21865,0299C,2024-09-26 00:00:00,,418.0
21866,332,2024-09-26 00:00:00,,423.0
21867,342,2024-09-26 00:00:00,,477.0
21868,344,2024-09-26 00:00:00,,420.0
21869,354,2024-09-26 00:00:00,,423.0
21870,355,2024-09-26 00:00:00,,399.0
21871,740,2024-09-26 00:00:00,,465.0
21872,1005,2024-09-26 00:00:00,,375.0
21873,1015A,2024-09-26 00:00:00,,336.0
21874,1017A,2024-09-26 00:00:00,,463.0
21875,1023,2024-09-26 00:00:00,,405.0
21876,10431,2024-09-26 00:00:00,,368.0
21877,1066,2024-09-26 00:00:00,,379.0
21878,1075,2024-09-26 00:00:00,,373.0
21879,1088A,2024-09-26 00:00:00,,477.0
21880,1091,2024-09-26 00:00:00,,321.0
21881,1096,2024-09-26 00:00:00,,384.0
21882,1104A,2024-09-26 00:00:00,,394.0
21883,1109A,2024-09-26 00:00:00,,365.0
21884,1128,2024-09-26 00:00:00,,395.0
21885,1132,2024-09-26 00:00:00,,409.0
21886,1168,2024-09-26 00:00:00,,520.0
21887,1310,2024-09-26 00:00:00,,442.0
21888,20,2024-09-26 00:00:00,,350.0
21889,2023,2024-09-26 00:00:00,,325.0
21890,2035A,2024-09-26 00:00:00,,408.0
21891,2039,2024-09-26 00:00:00,,357.0
21892,2042,2024-09-26 00:00:00,,367.0
21893,2052,2024-09-26 00:00:00,,425.0
21894,2062,2024-09-26 00:00:00,,434.0
21895,2066,2024-09-26 00:00:00,,520.0
21896,2093A,2024-09-26 00:00:00,,460.0
21897,2133A,2024-09-26 00:00:00,,380.0
21898,2143,2024-09-26 00:00:00,,479.0
21899,2146,2024-09-26 00:00:00,,412.0
21900,2201,2024-09-26 00:00:00,,353.0
21901,2203,2024-09-26 00:00:00,,261.0
21902,2208A,2024-09-26 00:00:00,,463.0
21903,2220,2024-09-26 00:00:00,,428.0
21904,2226,2024-09-26 00:00:00,,512.0
21905,2340,2024-09-26 00:00:00,,487.0
21906,3021A,2024-09-26 00:00:00,,435.0
21907,3028A,2024-09-26 00:00:00,,410.0
21908,3093,2024-09-26 00:00:00,,342.0
21909,31,2024-09-26 00:00:00,,273.0
21910,31102,2024-09-26 00:00:00,,491.0
21911,35,2024-09-26 00:00:00,,407.0
21912,4008,2024-09-26 00:00:00,,342.0
21913,4023,2024-09-26 00:00:00,,423.0
21914,406,2024-09-26 00:00:00,,397.0
21915,4075,2024-09-26 00:00:00,,404.0
21916,4076,2024-09-26 00:00:00,,494.0
21917,4078,2024-09-26 00:00:00,,343.0
21918,4079,2024-09-26 00:00:00,,374.0
21919,5033,2024-09-26 00:00:00,,459.0
21920,5090,2024-09-26 00:00:00,,486.0
21921,5144,2024-09-26 00:00:00,,434.0
21922,6035,2024-09-26 00:00:00,,377.0
21923,6037,2024-09-26 00:00:00,,403.0
21924,6070,2024-09-26 00:00:00,,453.0
21925,7007,2024-09-26 00:00:00,,417.0
21926,7032,2024-09-26 00:00:00,,595.0
21927,7033,2024-09-26 00:00:00,,427.0
21928,7066,2024-09-26 00:00:00,,424.0
21929,7067,2024-09-26 00:00:00,,431.0
21930,7076,2024-09-26 00:00:00,,429.0
21931,7087,2024-09-26 00:00:00,,513.0
21932,7092,2024-09-26 00:00:00,,398.0
21933,8004,2024-09-26 00:00:00,,483.0
21934,8028,2024-09-26 00:00:00,,431.0
21935,8037,2024-09-26 00:00:00,,490.0
21936,80472,2024-09-26 00:00:00,,400.0
21937,8061,2024-09-26 00:00:00,,499.0
21938,8066,2024-09-26 00:00:00,,400.0
21939,8067,2024-09-26 00:00:00,,375.0
21940,8072,2024-09-26 00:00:00,,343.0
21941,8082,2024-09-26 00:00:00,,408.0
21942,8089,2024-09-26 00:00:00,,416.0
21943,80921,2024-09-26 00:00:00,,396.0
21944,8093,2024-09-26 00:00:00,,432.0
21945,8096,2024-09-26 00:00:00,,449.0
21946,89,2024-09-26 00:00:00,,411.0
21947,9007,2024-09-26 00:00:00,,372.0
21948,9014,2024-09-26 00:00:00,,354.0
21949,9018B,2024-09-26 00:00:00,,280.0
21950,9020,2024-09-26 00:00:00,,367.0
21951,9023,2024-09-26 00:00:00,,370.0
21952,9032,2024-09-26 00:00:00,,339.0
21953,9045,2024-09-26 00:00:00,,440.0
21954,9067,2024-09-26 00:00:00,,451.0
21955,9099,2024-09-26 00:00:00,,352.0
21956,9100,2024-09-26 00:00:00,,412.0
21957,9104,2024-09-26 00:00:00,,416.0
21958,9110A,2024-09-26 00:00:00,,517.0
21959,9113,2024-09-26 00:00:00,,319.0
21960,91171,2024-09-26 00:00:00,,437.0
21961,91172,2024-09-26 00:00:00,,387.0
21962,91242,2024-09-26 00:00:00,,459.0
21963,9904,2024-09-26 00:00:00,,471.0
21964,BU20,2024-09-26 00:00:00,,312.0
21965,BU48,2024-09-26 00:00:00,,224.0
21966,EMB 3,2024-09-26 00:00:00,,427.0
21967,EMB 4,2024-09-26 00:00:00,,421.0
21968,320,2024-09-26 00:00:00,,352.0
21969,2034,2024-09-26 00:00:00,,288.0
21970,8011,2024-09-26 00:00:00,,378.0
21971,4,2024-09-25 00:00:00,,587.0
21972,94,2024-09-25 00:00:00,,565.0
21973,104,2024-09-25 00:00:00,,512.0
21974,109,2024-09-25 00:00:00,,566.0
21975,116,2024-09-25 00:00:00,,559.0
21976,0118A,2024-09-25 00:00:00,,412.0
21977,119,2024-09-25 00:00:00,,441.0
21978,141,2024-09-25 00:00:00,,511.0
21979,195,2024-09-25 00:00:00,,601.0
21980,196,2024-09-25 00:00:00,,589.0
21981,198,2024-09-25 00:00:00,,478.0
21982,212,2024-09-25 00:00:00,,578.0
21983,0216A,2024-09-25 00:00:00,,488.0
21984,217,2024-09-25 00:00:00,,543.0
21985,219,2024-09-25 00:00:00,,550.0
21986,0221A,2024-09-25 00:00:00,,599.0
21987,0223B,2024-09-25 00:00:00,,572.0
21988,242,2024-09-25 00:00:00,,547.0
21989,254,2024-09-25 00:00:00,,425.0
21990,279,2024-09-25 00:00:00,,527.0
21991,293,2024-09-25 00:00:00,,437.0
21992,325,2024-09-25 00:00:00,,465.0
21993,335,2024-09-25 00:00:00,,574.0
21994,345,2024-09-25 00:00:00,,567.0
21995,346,2024-09-25 00:00:00,,486.0
21996,351,2024-09-25 00:00:00,,473.0
21997,358,2024-09-25 00:00:00,,486.0
21998,1026,2024-09-25 00:00:00,,487.0
21999,1027,2024-09-25 00:00:00,,488.0
22000,1029,2024-09-25 00:00:00,,593.0
22001,1030,2024-09-25 00:00:00,,602.0
22002,1031,2024-09-25 00:00:00,,459.0
22003,1036,2024-09-25 00:00:00,,471.0
22004,1037,2024-09-25 00:00:00,,574.0
22005,1039,2024-09-25 00:00:00,,498.0
22006,1046,2024-09-25 00:00:00,,563.0
22007,1046A,2024-09-25 00:00:00,,482.0
22008,1047,2024-09-25 00:00:00,,544.0
22009,1048,2024-09-25 00:00:00,,483.0
22010,1049,2024-09-25 00:00:00,,575.0
22011,1052,2024-09-25 00:00:00,,578.0
22012,1053,2024-09-25 00:00:00,,445.0
22013,1068,2024-09-25 00:00:00,,472.0
22014,1069,2024-09-25 00:00:00,,459.0
22015,1078,2024-09-25 00:00:00,,453.0
22016,1080,2024-09-25 00:00:00,,587.0
22017,1080A,2024-09-25 00:00:00,,526.0
22018,1083,2024-09-25 00:00:00,,571.0
22019,1090,2024-09-25 00:00:00,,555.0
22020,1092,2024-09-25 00:00:00,,532.0
22021,1095,2024-09-25 00:00:00,,566.0
22022,1095B,2024-09-25 00:00:00,,428.0
22023,1096B,2024-09-25 00:00:00,,534.0
22024,1097,2024-09-25 00:00:00,,595.0
22025,1098A,2024-09-25 00:00:00,,570.0
22026,1101,2024-09-25 00:00:00,,493.0
22027,1105,2024-09-25 00:00:00,,500.0
22028,1106,2024-09-25 00:00:00,,441.0
22029,1106A,2024-09-25 00:00:00,,458.0
22030,1107,2024-09-25 00:00:00,,440.0
22031,1126,2024-09-25 00:00:00,,493.0
22032,1130,2024-09-25 00:00:00,,463.0
22033,1131,2024-09-25 00:00:00,,590.0
22034,1141,2024-09-25 00:00:00,,571.0
22035,1142,2024-09-25 00:00:00,,630.0
22036,1146,2024-09-25 00:00:00,,572.0
22037,1148,2024-09-25 00:00:00,,579.0
22038,1152,2024-09-25 00:00:00,,485.0
22039,1154,2024-09-25 00:00:00,,510.0
22040,1156,2024-09-25 00:00:00,,510.0
22041,1161A,2024-09-25 00:00:00,,589.0
22042,1162,2024-09-25 00:00:00,,560.0
22043,1163,2024-09-25 00:00:00,,500.0
22044,1165,2024-09-25 00:00:00,,472.0
22045,1166,2024-09-25 00:00:00,,473.0
22046,1174,2024-09-25 00:00:00,,538.0
22047,1180,2024-09-25 00:00:00,,510.0
22048,1182,2024-09-25 00:00:00,,557.0
22049,1186,2024-09-25 00:00:00,,630.0
22050,1187,2024-09-25 00:00:00,,569.0
22051,1190,2024-09-25 00:00:00,,545.0
22052,1202,2024-09-25 00:00:00,,517.0
22053,1204,2024-09-25 00:00:00,,486.0
22054,1205,2024-09-25 00:00:00,,637.0
22055,1206,2024-09-25 00:00:00,,469.0
22056,1207,2024-09-25 00:00:00,,501.0
22057,1212,2024-09-25 00:00:00,,537.0
22058,1213,2024-09-25 00:00:00,,578.0
22059,1214,2024-09-25 00:00:00,,434.0
22060,1215,2024-09-25 00:00:00,,483.0
22061,1216,2024-09-25 00:00:00,,458.0
22062,1219,2024-09-25 00:00:00,,454.0
22063,1228,2024-09-25 00:00:00,,477.0
22064,1238,2024-09-25 00:00:00,,577.0
22065,1253,2024-09-25 00:00:00,,574.0
22066,1257,2024-09-25 00:00:00,,546.0
22067,1292,2024-09-25 00:00:00,,438.0
22068,1324,2024-09-25 00:00:00,,492.0
22069,1336,2024-09-25 00:00:00,,517.0
22070,2027,2024-09-25 00:00:00,,521.0
22071,2032,2024-09-25 00:00:00,,467.0
22072,2035,2024-09-25 00:00:00,,575.0
22073,2128,2024-09-25 00:00:00,,441.0
22074,2204,2024-09-25 00:00:00,,464.0
22075,2781,2024-09-25 00:00:00,,588.0
22076,36,2024-09-25 00:00:00,,527.0
22077,9135,2024-09-25 00:00:00,,502.0
22078,MSN12,2024-09-25 00:00:00,,496.0
22079,MSN15,2024-09-25 00:00:00,,538.0
22080,MSN16,2024-09-25 00:00:00,,489.0
22081,MSN17,2024-09-25 00:00:00,,443.0
22082,MSN2,2024-09-25 00:00:00,,520.0
22083,MSN3,2024-09-25 00:00:00,,495.0
22084,MSN4,2024-09-25 00:00:00,,589.0
22085,MSN8,2024-09-25 00:00:00,,563.0
22086,MSN9,2024-09-25 00:00:00,,498.0
22087,1007,2024-09-25 00:00:00,,542.0
22088,24223,2024-09-21 00:00:00,,27.0
22089,24224,2024-09-21 00:00:00,,23.0
22090,24225,2024-09-21 00:00:00,,19.0
22091,24228,2024-09-21 00:00:00,,24.0
22092,24229,2024-09-21 00:00:00,,20.0
22093,24230,2024-09-21 00:00:00,,26.0
22094,108,2024-09-19 00:00:00,,359.0
22095,114,2024-09-19 00:00:00,,386.0
22096,125,2024-09-19 00:00:00,,307.0
22097,202,2024-09-19 00:00:00,,267.0
22098,0206A,2024-09-19 00:00:00,,322.0
22099,0206B,2024-09-19 00:00:00,,316.0
22100,0208A,2024-09-19 00:00:00,,400.0
22101,211,2024-09-19 00:00:00,,404.0
22102,220,2024-09-19 00:00:00,,390.0
22103,224,2024-09-19 00:00:00,,348.0
22104,225,2024-09-19 00:00:00,,391.0
22105,233,2024-09-19 00:00:00,,349.0
22106,2331,2024-09-19 00:00:00,,297.0
22107,240,2024-09-19 00:00:00,,453.0
22108,246,2024-09-19 00:00:00,,315.0
22109,258,2024-09-19 00:00:00,,296.0
22110,269,2024-09-19 00:00:00,,293.0
22111,271,2024-09-19 00:00:00,,275.0
22112,274,2024-09-19 00:00:00,,306.0
22113,291,2024-09-19 00:00:00,,312.0
22114,297,2024-09-19 00:00:00,,347.0
22115,0299A,2024-09-19 00:00:00,,540.0
22116,321,2024-09-19 00:00:00,,369.0
22117,326,2024-09-19 00:00:00,,392.0
22118,327,2024-09-19 00:00:00,,268.0
22119,338,2024-09-19 00:00:00,,321.0
22120,343,2024-09-19 00:00:00,,289.0
22121,349,2024-09-19 00:00:00,,298.0
22122,350,2024-09-19 00:00:00,,347.0
22123,352,2024-09-19 00:00:00,,339.0
22124,5,2024-09-19 00:00:00,,319.0
22125,1005,2024-09-19 00:00:00,,326.0
22126,1015A,2024-09-19 00:00:00,,320.0
22127,10431,2024-09-19 00:00:00,,362.0
22128,1052A,2024-09-19 00:00:00,,301.0
22129,1056A,2024-09-19 00:00:00,,428.0
22130,1063,2024-09-19 00:00:00,,341.0
22131,1077A,2024-09-19 00:00:00,,321.0
22132,1090A,2024-09-19 00:00:00,,323.0
22133,1091,2024-09-19 00:00:00,,318.0
22134,1098,2024-09-19 00:00:00,,354.0
22135,1103,2024-09-19 00:00:00,,341.0
22136,1104A,2024-09-19 00:00:00,,366.0
22137,1109B,2024-09-19 00:00:00,,362.0
22138,1123,2024-09-19 00:00:00,,357.0
22139,1132,2024-09-19 00:00:00,,413.0
22140,1139A,2024-09-19 00:00:00,,340.0
22141,1168,2024-09-19 00:00:00,,498.0
22142,12164,2024-09-19 00:00:00,,289.0
22143,19,2024-09-19 00:00:00,,402.0
22144,20,2024-09-19 00:00:00,,352.0
22145,2007,2024-09-19 00:00:00,,322.0
22146,2018,2024-09-19 00:00:00,,318.0
22147,2019,2024-09-19 00:00:00,,342.0
22148,2024,2024-09-19 00:00:00,,326.0
22149,2037,2024-09-19 00:00:00,,268.0
22150,2060,2024-09-19 00:00:00,,452.0
22151,2065,2024-09-19 00:00:00,,485.0
22152,2087,2024-09-19 00:00:00,,327.0
22153,2097,2024-09-19 00:00:00,,415.0
22154,2219,2024-09-19 00:00:00,,448.0
22155,2220,2024-09-19 00:00:00,,405.0
22156,23228,2024-09-19 00:00:00,,160.0
22157,23249,2024-09-19 00:00:00,,157.0
22158,23251,2024-09-19 00:00:00,,109.0
22159,2702,2024-09-19 00:00:00,,374.0
22160,3027A,2024-09-19 00:00:00,,363.0
22161,3108,2024-09-19 00:00:00,,410.0
22162,3178,2024-09-19 00:00:00,,348.0
22163,33,2024-09-19 00:00:00,,319.0
22164,4025,2024-09-19 00:00:00,,473.0
22165,4033,2024-09-19 00:00:00,,296.0
22166,4048,2024-09-19 00:00:00,,453.0
22167,4065,2024-09-19 00:00:00,,352.0
22168,4078,2024-09-19 00:00:00,,341.0
22169,4099,2024-09-19 00:00:00,,409.0
22170,4100,2024-09-19 00:00:00,,367.0
22171,4109,2024-09-19 00:00:00,,323.0
22172,4141,2024-09-19 00:00:00,,360.0
22173,4A,2024-09-19 00:00:00,,417.0
22174,5041,2024-09-19 00:00:00,,400.0
22175,50501,2024-09-19 00:00:00,,380.0
22176,5082,2024-09-19 00:00:00,,317.0
22177,5092,2024-09-19 00:00:00,,425.0
22178,5098,2024-09-19 00:00:00,,380.0
22179,6020,2024-09-19 00:00:00,,340.0
22180,6050,2024-09-19 00:00:00,,421.0
22181,7033,2024-09-19 00:00:00,,417.0
22182,7038,2024-09-19 00:00:00,,297.0
22183,7072,2024-09-19 00:00:00,,451.0
22184,7080,2024-09-19 00:00:00,,360.0
22185,8006,2024-09-19 00:00:00,,407.0
22186,8011,2024-09-19 00:00:00,,370.0
22187,8014,2024-09-19 00:00:00,,421.0
22188,8026,2024-09-19 00:00:00,,351.0
22189,8028,2024-09-19 00:00:00,,416.0
22190,8041,2024-09-19 00:00:00,,457.0
22191,8060,2024-09-19 00:00:00,,363.0
22192,80841,2024-09-19 00:00:00,,421.0
22193,8085,2024-09-19 00:00:00,,328.0
22194,8096,2024-09-19 00:00:00,,428.0
22195,9011,2024-09-19 00:00:00,,396.0
22196,9014,2024-09-19 00:00:00,,343.0
22197,9016,2024-09-19 00:00:00,,310.0
22198,9035,2024-09-19 00:00:00,,417.0
22199,9046,2024-09-19 00:00:00,,391.0
22200,9099,2024-09-19 00:00:00,,331.0
22201,9104,2024-09-19 00:00:00,,427.0
22202,91091,2024-09-19 00:00:00,,385.0
22203,9113,2024-09-19 00:00:00,,312.0
22204,9116B,2024-09-19 00:00:00,,289.0
22205,91172,2024-09-19 00:00:00,,379.0
22206,9121,2024-09-19 00:00:00,,345.0
22207,9122,2024-09-19 00:00:00,,284.0
22208,9219,2024-09-19 00:00:00,,328.0
22209,9238,2024-09-19 00:00:00,,282.0
22210,9389,2024-09-19 00:00:00,,385.0
22211,EMB 2,2024-09-19 00:00:00,,387.0
22212,SNA,2024-09-19 00:00:00,,442.0
22213,9192,2024-09-19 00:00:00,,330.0
22214,23227,2024-09-19 00:00:00,,107.0
22215,23238,2024-09-19 00:00:00,,174.0
22216,23241,2024-09-19 00:00:00,,179.0
22217,24002,2024-09-19 00:00:00,,151.0
22218,24004,2024-09-19 00:00:00,,100.0
22219,24005,2024-09-19 00:00:00,,151.0
22220,24006,2024-09-19 00:00:00,,125.0
22221,24008,2024-09-19 00:00:00,,84.0
22222,24009,2024-09-19 00:00:00,,125.0
22223,24016,2024-09-19 00:00:00,,178.0
22224,24019,2024-09-19 00:00:00,,102.0
22225,24021,2024-09-19 00:00:00,,138.0
22226,24025,2024-09-19 00:00:00,,145.0
22227,24030,2024-09-19 00:00:00,,66.0
22228,24044,2024-09-19 00:00:00,,126.0
22229,24047,2024-09-19 00:00:00,,127.0
22230,24049,2024-09-19 00:00:00,,135.0
22231,24063,2024-09-19 00:00:00,,113.0
22232,24065,2024-09-19 00:00:00,,109.0
22233,24066,2024-09-19 00:00:00,,108.0
22234,24067,2024-09-19 00:00:00,,125.0
22235,24071,2024-09-19 00:00:00,,128.0
22236,24075,2024-09-19 00:00:00,,117.0
22237,24076,2024-09-19 00:00:00,,108.0
22238,24077,2024-09-19 00:00:00,,140.0
22239,24079,2024-09-19 00:00:00,,118.0
22240,24082,2024-09-19 00:00:00,,91.0
22241,24085,2024-09-19 00:00:00,,108.0
22242,24087,2024-09-19 00:00:00,,140.0
22243,24089,2024-09-19 00:00:00,,122.0
22244,24090,2024-09-19 00:00:00,,72.0
22245,24091,2024-09-19 00:00:00,,128.0
22246,24092,2024-09-19 00:00:00,,117.0
22247,24095,2024-09-19 00:00:00,,116.0
22248,24096,2024-09-19 00:00:00,,162.0
22249,24097,2024-09-19 00:00:00,,107.0
22250,24098,2024-09-19 00:00:00,,72.0
22251,24099,2024-09-19 00:00:00,,115.0
22252,24101,2024-09-19 00:00:00,,108.0
22253,24105,2024-09-19 00:00:00,,98.0
22254,24110,2024-09-19 00:00:00,,98.0
22255,24111,2024-09-19 00:00:00,,100.0
22256,24116,2024-09-19 00:00:00,,114.0
22257,24119,2024-09-19 00:00:00,,113.0
22258,24120,2024-09-19 00:00:00,,107.0
22259,24123,2024-09-19 00:00:00,,106.0
22260,24125,2024-09-19 00:00:00,,118.0
22261,24132,2024-09-19 00:00:00,,58.0
22262,24136,2024-09-19 00:00:00,,110.0
22263,24141,2024-09-19 00:00:00,,113.0
22264,24145,2024-09-19 00:00:00,,99.0
22265,24152,2024-09-19 00:00:00,,46.0
22266,24153,2024-09-19 00:00:00,,75.0
22267,24154,2024-09-19 00:00:00,,107.0
22268,24157,2024-09-19 00:00:00,,86.0
22269,24160,2024-09-19 00:00:00,,74.0
22270,24164,2024-09-19 00:00:00,,51.0
22271,24169,2024-09-19 00:00:00,,32.0
22272,24181,2024-09-19 00:00:00,,65.0
22273,24182,2024-09-19 00:00:00,,52.0
22274,24203,2024-09-19 00:00:00,,32.0
22275,24205,2024-09-19 00:00:00,,34.0
22276,24206,2024-09-19 00:00:00,,217.0
22277,24208,2024-09-19 00:00:00,,53.0
22278,23148,2024-09-19 00:00:00,,166.0
22279,24124,2024-09-19 00:00:00,,66.0
22280,31,2024-09-19 00:00:00,,260.0
22281,22033,2024-09-19 00:00:00,,193.0
22282,24167,2024-09-19 00:00:00,,123.0
22283,24190,2024-09-19 00:00:00,,35.0
22284,24222,2024-09-14 00:00:00,,26.0
22285,24219,2024-09-14 00:00:00,,30.0
22286,24220,2024-09-14 00:00:00,,27.0
22287,91121,2024-09-10 00:00:00,,436.0
22288,1151,2024-09-10 00:00:00,,560.0
22289,1034,2024-09-10 00:00:00,,514.0
22290,0109A,2024-09-08 00:00:00,,404.0
22291,0116A,2024-09-08 00:00:00,,386.0
22292,127,2024-09-08 00:00:00,,434.0
22293,185,2024-09-08 00:00:00,,316.0
22294,0204B,2024-09-08 00:00:00,,345.0
22295,317,2024-09-08 00:00:00,,422.0
22296,99,2024-09-08 00:00:00,,372.0
22297,1008,2024-09-08 00:00:00,,348.0
22298,1018,2024-09-08 00:00:00,,221.0
22299,1027A,2024-09-08 00:00:00,,386.0
22300,1033,2024-09-08 00:00:00,,397.0
22301,1044,2024-09-08 00:00:00,,393.0
22302,1055A,2024-09-08 00:00:00,,363.0
22303,1056,2024-09-08 00:00:00,,375.0
22304,1064,2024-09-08 00:00:00,,345.0
22305,1067,2024-09-08 00:00:00,,320.0
22306,1068A,2024-09-08 00:00:00,,257.0
22307,1070,2024-09-08 00:00:00,,357.0
22308,1070A,2024-09-08 00:00:00,,366.0
22309,1076,2024-09-08 00:00:00,,422.0
22310,1077,2024-09-08 00:00:00,,401.0
22311,1082A,2024-09-08 00:00:00,,276.0
22312,1085,2024-09-08 00:00:00,,377.0
22313,1092A,2024-09-08 00:00:00,,386.0
22314,1093,2024-09-08 00:00:00,,389.0
22315,1096A,2024-09-08 00:00:00,,359.0
22316,1097A,2024-09-08 00:00:00,,347.0
22317,1101A,2024-09-08 00:00:00,,363.0
22318,1104,2024-09-08 00:00:00,,388.0
22319,1112,2024-09-08 00:00:00,,402.0
22320,1130A,2024-09-08 00:00:00,,347.0
22321,1237,2024-09-08 00:00:00,,419.0
22322,2001B,2024-09-08 00:00:00,,349.0
22323,2004,2024-09-08 00:00:00,,393.0
22324,2005A,2024-09-08 00:00:00,,347.0
22325,2005B,2024-09-08 00:00:00,,362.0
22326,2010,2024-09-08 00:00:00,,242.0
22327,2025,2024-09-08 00:00:00,,348.0
22328,2029,2024-09-08 00:00:00,,385.0
22329,2039A,2024-09-08 00:00:00,,364.0
22330,2041,2024-09-08 00:00:00,,462.0
22331,2044,2024-09-08 00:00:00,,259.0
22332,2045,2024-09-08 00:00:00,,287.0
22333,2053,2024-09-08 00:00:00,,375.0
22334,2054,2024-09-08 00:00:00,,404.0
22335,2056,2024-09-08 00:00:00,,378.0
22336,2058,2024-09-08 00:00:00,,333.0
22337,2067,2024-09-08 00:00:00,,323.0
22338,2090,2024-09-08 00:00:00,,411.0
22339,2092,2024-09-08 00:00:00,,410.0
22340,2094,2024-09-08 00:00:00,,291.0
22341,2099,2024-09-08 00:00:00,,203.0
22342,2101,2024-09-08 00:00:00,,268.0
22343,2106,2024-09-08 00:00:00,,334.0
22344,2149,2024-09-08 00:00:00,,296.0
22345,2154,2024-09-08 00:00:00,,276.0
22346,2155,2024-09-08 00:00:00,,300.0
22347,2159,2024-09-08 00:00:00,,272.0
22348,2167,2024-09-08 00:00:00,,297.0
22349,2170,2024-09-08 00:00:00,,301.0
22350,22100,2024-09-08 00:00:00,,264.0
22351,22114,2024-09-08 00:00:00,,241.0
22352,22115,2024-09-08 00:00:00,,280.0
22353,22118,2024-09-08 00:00:00,,292.0
22354,22120,2024-09-08 00:00:00,,253.0
22355,22132,2024-09-08 00:00:00,,223.0
22356,22157,2024-09-08 00:00:00,,256.0
22357,22158,2024-09-08 00:00:00,,281.0
22358,22166,2024-09-08 00:00:00,,280.0
22359,22168,2024-09-08 00:00:00,,296.0
22360,22175,2024-09-08 00:00:00,,278.0
22361,22178,2024-09-08 00:00:00,,288.0
22362,22181,2024-09-08 00:00:00,,304.0
22363,22185,2024-09-08 00:00:00,,238.0
22364,22188,2024-09-08 00:00:00,,246.0
22365,22194,2024-09-08 00:00:00,,287.0
22366,22206,2024-09-08 00:00:00,,248.0
22367,22209,2024-09-08 00:00:00,,229.0
22368,23004,2024-09-08 00:00:00,,309.0
22369,23011,2024-09-08 00:00:00,,246.0
22370,23015,2024-09-08 00:00:00,,258.0
22371,23146,2024-09-08 00:00:00,,215.0
22372,TORO2,2024-09-08 00:00:00,,499.0
22373,TORO3,2024-09-08 00:00:00,,626.0
22374,TORO4,2024-09-08 00:00:00,,569.0
22375,SN50,2024-09-08 00:00:00,,442.0
22376,2174,2024-09-08 00:00:00,,287.0
22377,TORO1,2024-09-08 00:00:00,,560.0
22378,23220,2024-09-05 00:00:00,,101.0
22379,24072,2024-09-05 00:00:00,,92.0
22380,23243,2024-09-05 00:00:00,,87.0
22381,23212,2024-09-05 00:00:00,,122.0
22382,23244,2024-09-05 00:00:00,,154.0
22383,23201,2024-09-05 00:00:00,,91.0
22384,24003,2024-09-05 00:00:00,,134.0
22385,24080,2024-09-05 00:00:00,,91.0
22386,24074,2024-09-05 00:00:00,,110.0
22387,23229,2024-09-05 00:00:00,,106.0
22388,23250,2024-09-05 00:00:00,,89.0
22389,23246,2024-09-05 00:00:00,,117.0
22390,23237,2024-09-05 00:00:00,,89.0
22391,24018,2024-09-05 00:00:00,,84.0
22392,24028,2024-09-05 00:00:00,,79.0
22393,23232,2024-09-05 00:00:00,,103.0
22394,24040,2024-09-05 00:00:00,,86.0
22395,24017,2024-09-05 00:00:00,,89.0
22396,23203,2024-09-05 00:00:00,,78.0
22397,23160,2024-09-05 00:00:00,,91.0
22398,23195,2024-09-05 00:00:00,,122.0
22399,23215,2024-09-05 00:00:00,,127.0
22400,24055,2024-09-05 00:00:00,,96.0
22401,23225,2024-09-05 00:00:00,,122.0
22402,23202,2024-09-05 00:00:00,,111.0
22403,23204,2024-09-05 00:00:00,,75.0
22404,24042,2024-09-05 00:00:00,,92.0
22405,23240,2024-09-05 00:00:00,,118.0
22406,23224,2024-09-05 00:00:00,,122.0
22407,24218,2024-09-05 00:00:00,,38.0
22408,24216,2024-09-02 00:00:00,,23.0
22409,24217,2024-09-02 00:00:00,,30.0
22410,24213,2024-08-31 00:00:00,,25.0
22411,24214,2024-08-31 00:00:00,,28.0
22412,24215,2024-08-31 00:00:00,,26.0
22413,102,2024-08-29 00:00:00,,287.0
22414,0215A,2024-08-29 00:00:00,,435.0
22415,252,2024-08-29 00:00:00,,336.0
22416,274,2024-08-29 00:00:00,,310.0
22417,0340A,2024-08-29 00:00:00,,345.0
22418,348,2024-08-29 00:00:00,,337.0
22419,5,2024-08-29 00:00:00,,351.0
22420,2,2024-08-29 00:00:00,,413.0
22421,2013,2024-08-29 00:00:00,,266.0
22422,2025A,2024-08-29 00:00:00,,450.0
22423,2030,2024-08-29 00:00:00,,293.0
22424,2036,2024-08-29 00:00:00,,317.0
22425,2048,2024-08-29 00:00:00,,341.0
22426,2051,2024-08-29 00:00:00,,419.0
22427,2063B,2024-08-29 00:00:00,,358.0
22428,2079,2024-08-29 00:00:00,,428.0
22429,2093,2024-08-29 00:00:00,,289.0
22430,2103,2024-08-29 00:00:00,,333.0
22431,2108,2024-08-29 00:00:00,,317.0
22432,2109,2024-08-29 00:00:00,,295.0
22433,2111,2024-08-29 00:00:00,,320.0
22434,2150,2024-08-29 00:00:00,,449.0
22435,2153,2024-08-29 00:00:00,,324.0
22436,2200,2024-08-29 00:00:00,,332.0
22437,22049,2024-08-29 00:00:00,,303.0
22438,22149,2024-08-29 00:00:00,,275.0
22439,30,2024-08-29 00:00:00,,319.0
22440,3015,2024-08-29 00:00:00,,446.0
22441,3038A,2024-08-29 00:00:00,,356.0
22442,3044A,2024-08-29 00:00:00,,437.0
22443,32,2024-08-29 00:00:00,,300.0
22444,40072,2024-08-29 00:00:00,,383.0
22445,4143,2024-08-29 00:00:00,,393.0
22446,5010,2024-08-29 00:00:00,,309.0
22447,5013,2024-08-29 00:00:00,,417.0
22448,5027,2024-08-29 00:00:00,,462.0
22449,5035,2024-08-29 00:00:00,,390.0
22450,5041,2024-08-29 00:00:00,,407.0
22451,5043,2024-08-29 00:00:00,,421.0
22452,5082,2024-08-29 00:00:00,,358.0
22453,5111,2024-08-29 00:00:00,,393.0
22454,6017,2024-08-29 00:00:00,,346.0
22455,7004,2024-08-29 00:00:00,,294.0
22456,7021,2024-08-29 00:00:00,,331.0
22457,7049,2024-08-29 00:00:00,,346.0
22458,7052,2024-08-29 00:00:00,,363.0
22459,8003,2024-08-29 00:00:00,,251.0
22460,8007,2024-08-29 00:00:00,,412.0
22461,8011,2024-08-29 00:00:00,,379.0
22462,8015,2024-08-29 00:00:00,,309.0
22463,8016,2024-08-29 00:00:00,,268.0
22464,8020,2024-08-29 00:00:00,,395.0
22465,8026,2024-08-29 00:00:00,,366.0
22466,8032,2024-08-29 00:00:00,,400.0
22467,8039,2024-08-29 00:00:00,,381.0
22468,8040,2024-08-29 00:00:00,,255.0
22469,8051,2024-08-29 00:00:00,,396.0
22470,8057,2024-08-29 00:00:00,,344.0
22471,8060,2024-08-29 00:00:00,,378.0
22472,8073,2024-08-29 00:00:00,,263.0
22473,9,2024-08-29 00:00:00,,441.0
22474,9042,2024-08-29 00:00:00,,291.0
22475,9064,2024-08-29 00:00:00,,329.0
22476,9118,2024-08-29 00:00:00,,377.0
22477,9128A,2024-08-29 00:00:00,,368.0
22478,9136,2024-08-29 00:00:00,,303.0
22479,9238,2024-08-29 00:00:00,,309.0
22480,EMB 1,2024-08-29 00:00:00,,375.0
22481,S/NB,2024-08-29 00:00:00,,486.0
22482,S/NC,2024-08-29 00:00:00,,504.0
22483,S/NH,2024-08-29 00:00:00,,454.0
22484,8338,2024-08-29 00:00:00,,316.0
22485,24011,2024-08-29 00:00:00,,123.0
22486,24068,2024-08-29 00:00:00,,92.0
22487,24081,2024-08-29 00:00:00,,136.0
22488,24123,2024-08-29 00:00:00,,98.0
22489,24132,2024-08-29 00:00:00,,57.0
22490,24153,2024-08-29 00:00:00,,68.0
22491,23031,2024-08-29 00:00:00,,155.0
22492,22126,2024-08-29 00:00:00,,296.0
22493,22135,2024-08-29 00:00:00,,252.0
22494,22195,2024-08-29 00:00:00,,247.0
22495,22176,2024-08-29 00:00:00,,326.0
22496,23201,2024-08-29 00:00:00,,80.0
22497,24211,2024-08-24 00:00:00,,21.0
22498,24212,2024-08-24 00:00:00,,25.0
22499,24210,2024-08-24 00:00:00,,28.0
22500,24209,2024-08-24 00:00:00,,32.0
22501,24208,2024-08-24 00:00:00,,33.0
22502,24204,2024-08-24 00:00:00,,19.0
22503,1029,2024-08-19 00:00:00,,552.0
22504,292,2024-08-19 00:00:00,,548.0
22505,MSN8,2024-08-19 00:00:00,,519.0
22506,0223A,2024-08-19 00:00:00,,582.0
22507,0223B,2024-08-19 00:00:00,,540.0
22508,1055,2024-08-19 00:00:00,,561.0
22509,1097,2024-08-19 00:00:00,,555.0
22510,1190,2024-08-19 00:00:00,,511.0
22511,1146,2024-08-19 00:00:00,,528.0
22512,1213,2024-08-19 00:00:00,,535.0
22513,195,2024-08-19 00:00:00,,553.0
22514,1096B,2024-08-19 00:00:00,,495.0
22515,1151,2024-08-19 00:00:00,,576.0
22516,110,2024-08-19 00:00:00,,556.0
22517,1034,2024-08-19 00:00:00,,573.0
22518,23203,2024-08-19 00:00:00,,78.0
22519,23204,2024-08-19 00:00:00,,75.0
22520,24207,2024-08-17 00:00:00,,32.0
22521,24206,2024-08-17 00:00:00,,24.0
22522,24205,2024-08-17 00:00:00,,20.0
22523,24202,2024-08-08 00:00:00,,28.0
22524,24203,2024-08-08 00:00:00,,19.0
22525,24198,2024-08-06 00:00:00,,22.0
22526,24199,2024-08-06 00:00:00,,23.0
22527,24200,2024-08-06 00:00:00,,27.0
22528,24201,2024-08-06 00:00:00,,26.0
22529,24197,2024-08-02 00:00:00,,22.0
22530,8061,2024-08-01 00:00:00,,493.0
22531,6011,2024-08-01 00:00:00,,462.0
22532,202,2024-08-01 00:00:00,,282.0
22533,1066A,2024-08-01 00:00:00,,378.0
22534,80272,2024-08-01 00:00:00,,348.0
22535,18,2024-08-01 00:00:00,,394.0
22536,3132,2024-08-01 00:00:00,,343.0
22537,8062,2024-08-01 00:00:00,,378.0
22538,91171,2024-08-01 00:00:00,,426.0
22539,132,2024-08-01 00:00:00,,403.0
22540,5150,2024-08-01 00:00:00,,414.0
22541,332,2024-08-01 00:00:00,,413.0
22542,8094,2024-08-01 00:00:00,,313.0
22543,8077,2024-08-01 00:00:00,,311.0
22544,9091,2024-08-01 00:00:00,,341.0
22545,233,2024-08-01 00:00:00,,394.0
22546,2096,2024-08-01 00:00:00,,436.0
22547,284,2024-08-01 00:00:00,,393.0
22548,9125,2024-08-01 00:00:00,,368.0
22549,7022,2024-08-01 00:00:00,,486.0
22550,9099,2024-08-01 00:00:00,,350.0
22551,272,2024-08-01 00:00:00,,334.0
22552,3021A,2024-08-01 00:00:00,,416.0
22553,5007,2024-08-01 00:00:00,,420.0
22554,8006,2024-08-01 00:00:00,,427.0
22555,0231A,2024-08-01 00:00:00,,356.0
22556,2133A,2024-08-01 00:00:00,,363.0
22557,9006,2024-08-01 00:00:00,,362.0
22558,9071,2024-08-01 00:00:00,,458.0
22559,8096,2024-08-01 00:00:00,,448.0
22560,2021,2024-08-01 00:00:00,,464.0
22561,5060,2024-08-01 00:00:00,,358.0
22562,6043,2024-08-01 00:00:00,,351.0
22563,259,2024-08-01 00:00:00,,402.0
22564,8054,2024-08-01 00:00:00,,407.0
22565,7077,2024-08-01 00:00:00,,328.0
22566,2130,2024-08-01 00:00:00,,467.0
22567,111,2024-08-01 00:00:00,,330.0
22568,8076,2024-08-01 00:00:00,,366.0
22569,2051,2024-08-01 00:00:00,,410.0
22570,8032,2024-08-01 00:00:00,,394.0
22571,2150,2024-08-01 00:00:00,,442.0
22572,8046,2024-08-01 00:00:00,,520.0
22573,8043,2024-08-01 00:00:00,,478.0
22574,317,2024-08-01 00:00:00,,414.0
22575,24195,2024-08-01 00:00:00,,23.0
22576,0298A,2024-07-31 00:00:00,,408.0
22577,8037,2024-07-31 00:00:00,,468.0
22578,8063,2024-07-31 00:00:00,,336.0
22579,5076,2024-07-31 00:00:00,,365.0
22580,9058,2024-07-31 00:00:00,,436.0
22581,9103,2024-07-31 00:00:00,,365.0
22582,8030,2024-07-31 00:00:00,,424.0
22583,6021,2024-07-31 00:00:00,,384.0
22584,4035,2024-07-31 00:00:00,,459.0
22585,3003A,2024-07-31 00:00:00,,424.0
22586,2080,2024-07-31 00:00:00,,473.0
22587,9076,2024-07-31 00:00:00,,370.0
22588,2063A,2024-07-31 00:00:00,,426.0
22589,7074,2024-07-31 00:00:00,,411.0
22590,226,2024-07-31 00:00:00,,385.0
22591,1004,2024-07-31 00:00:00,,347.0
22592,4095,2024-07-31 00:00:00,,385.0
22593,91242,2024-07-31 00:00:00,,435.0
22594,2180A,2024-07-31 00:00:00,,391.0
22595,9037,2024-07-31 00:00:00,,337.0
22596,7059,2024-07-31 00:00:00,,396.0
22597,7028,2024-07-31 00:00:00,,334.0
22598,9073,2024-07-31 00:00:00,,325.0
22599,80882,2024-07-31 00:00:00,,384.0
22600,809,2024-07-31 00:00:00,,407.0
22601,329,2024-07-31 00:00:00,,426.0
22602,8087,2024-07-31 00:00:00,,376.0
22603,30212,2024-07-31 00:00:00,,378.0
22604,241,2024-07-31 00:00:00,,373.0
22605,8079,2024-07-31 00:00:00,,382.0
22606,3750,2024-07-31 00:00:00,,426.0
22607,34,2024-07-31 00:00:00,,349.0
22608,2050,2024-07-31 00:00:00,,452.0
22609,8045,2024-07-31 00:00:00,,419.0
22610,9051,2024-07-31 00:00:00,,448.0
22611,1091A,2024-07-31 00:00:00,,445.0
22612,2090A,2024-07-31 00:00:00,,436.0
22613,5077,2024-07-31 00:00:00,,411.0
22614,8033,2024-07-31 00:00:00,,431.0
22615,4151,2024-07-31 00:00:00,,458.0
22616,80121,2024-07-31 00:00:00,,394.0
22617,2124A,2024-07-31 00:00:00,,472.0
22618,249,2024-07-31 00:00:00,,361.0
22619,2209A,2024-07-31 00:00:00,,372.0
22620,7017,2024-07-31 00:00:00,,410.0
22621,2047,2024-07-31 00:00:00,,408.0
22622,EMB 5,2024-07-31 00:00:00,,450.0
22623,336,2024-07-31 00:00:00,,319.0
22624,322,2024-07-31 00:00:00,,364.0
22625,5052,2024-07-31 00:00:00,,355.0
22626,6067,2024-07-31 00:00:00,,389.0
22627,5030,2024-07-31 00:00:00,,405.0
22628,1095A,2024-07-31 00:00:00,,403.0
22629,20334,2024-07-31 00:00:00,,431.0
22630,2171,2024-07-31 00:00:00,,445.0
22631,2073,2024-07-31 00:00:00,,440.0
22632,229,2024-07-31 00:00:00,,398.0
22633,8036,2024-07-31 00:00:00,,396.0
22634,5079,2024-07-31 00:00:00,,481.0
22635,323,2024-07-31 00:00:00,,355.0
22636,91262,2024-07-31 00:00:00,,368.0
22637,5146,2024-07-31 00:00:00,,376.0
22638,201,2024-07-31 00:00:00,,391.0
22639,3043,2024-07-31 00:00:00,,451.0
22640,9015,2024-07-31 00:00:00,,366.0
22641,7012,2024-07-31 00:00:00,,373.0
22642,267,2024-07-31 00:00:00,,354.0
22643,8019,2024-07-31 00:00:00,,402.0
22644,8050,2024-07-31 00:00:00,,378.0
22645,3026A,2024-07-31 00:00:00,,440.0
22646,7061,2024-07-31 00:00:00,,414.0
22647,278,2024-07-31 00:00:00,,346.0
22648,9007,2024-07-31 00:00:00,,352.0
22649,2234,2024-07-31 00:00:00,,379.0
22650,500,2024-07-31 00:00:00,,512.0
22651,3107,2024-07-31 00:00:00,,383.0
22652,9053,2024-07-31 00:00:00,,402.0
22653,333,2024-07-31 00:00:00,,327.0
22654,8017,2024-07-31 00:00:00,,425.0
22655,6031,2024-07-31 00:00:00,,399.0
22656,2217,2024-07-31 00:00:00,,507.0
22657,224,2024-07-31 00:00:00,,349.0
22658,211,2024-07-31 00:00:00,,448.0
22659,9219,2024-07-31 00:00:00,,346.0
22660,7072,2024-07-31 00:00:00,,449.0
22661,5529,2024-07-31 00:00:00,,478.0
22662,5592,2024-07-31 00:00:00,,511.0
22663,5638,2024-07-31 00:00:00,,367.0
22664,1015,2024-07-31 00:00:00,,458.0
22665,3108,2024-07-31 00:00:00,,444.0
22666,4007,2024-07-31 00:00:00,,465.0
22667,24191,2024-07-31 00:00:00,,27.0
22668,24193,2024-07-31 00:00:00,,40.0
22669,24194,2024-07-31 00:00:00,,26.0
22670,24196,2024-07-31 00:00:00,,23.0
22671,TORO5,2024-07-29 00:00:00,,505.0
22672,2035,2024-07-28 00:00:00,,525.0
22673,1029,2024-07-28 00:00:00,,539.0
22674,345,2024-07-28 00:00:00,,509.0
22675,2781,2024-07-28 00:00:00,,540.0
22676,0223A,2024-07-28 00:00:00,,569.0
22677,222,2024-07-28 00:00:00,,564.0
22678,1055,2024-07-28 00:00:00,,549.0
22679,109,2024-07-28 00:00:00,,523.0
22680,1131,2024-07-28 00:00:00,,534.0
22681,1097,2024-07-28 00:00:00,,550.0
22682,1182,2024-07-28 00:00:00,,496.0
22683,1063A,2024-07-28 00:00:00,,582.0
22684,1030,2024-07-28 00:00:00,,561.0
22685,1186,2024-07-28 00:00:00,,577.0
22686,1146,2024-07-28 00:00:00,,523.0
22687,1187,2024-07-28 00:00:00,,511.0
22688,1142,2024-07-28 00:00:00,,566.0
22689,1134,2024-07-28 00:00:00,,585.0
22690,4,2024-07-28 00:00:00,,531.0
22691,171,2024-07-28 00:00:00,,576.0
22692,1034,2024-07-28 00:00:00,,557.0
22693,260,2024-07-28 00:00:00,,550.0
22694,24187,2024-07-27 00:00:00,,21.0
22695,23227,2024-07-26 00:00:00,,92.0
22696,23241,2024-07-26 00:00:00,,154.0
22697,24016,2024-07-26 00:00:00,,150.0
22698,24008,2024-07-26 00:00:00,,71.0
22699,24011,2024-07-26 00:00:00,,88.0
22700,24019,2024-07-26 00:00:00,,94.0
22701,24027,2024-07-26 00:00:00,,109.0
22702,24030,2024-07-26 00:00:00,,67.0
22703,24039,2024-07-26 00:00:00,,60.0
22704,24047,2024-07-26 00:00:00,,104.0
22705,24049,2024-07-26 00:00:00,,106.0
22706,24063,2024-07-26 00:00:00,,88.0
22707,24066,2024-07-26 00:00:00,,78.0
22708,24077,2024-07-26 00:00:00,,97.0
22709,24079,2024-07-26 00:00:00,,84.0
22710,24082,2024-07-26 00:00:00,,66.0
22711,24085,2024-07-26 00:00:00,,81.0
22712,24089,2024-07-26 00:00:00,,88.0
22713,24092,2024-07-26 00:00:00,,91.0
22714,24098,2024-07-26 00:00:00,,53.0
22715,24110,2024-07-26 00:00:00,,71.0
22716,24145,2024-07-26 00:00:00,,55.0
22717,2,2024-07-26 00:00:00,,352.0
22718,9,2024-07-26 00:00:00,,396.0
22719,32,2024-07-26 00:00:00,,266.0
22720,89,2024-07-26 00:00:00,,400.0
22721,114,2024-07-26 00:00:00,,378.0
22722,125,2024-07-26 00:00:00,,284.0
22723,225,2024-07-26 00:00:00,,373.0
22724,246,2024-07-26 00:00:00,,292.0
22725,252,2024-07-26 00:00:00,,285.0
22726,258,2024-07-26 00:00:00,,281.0
22727,271,2024-07-26 00:00:00,,271.0
22728,274,2024-07-26 00:00:00,,274.0
22729,291,2024-07-26 00:00:00,,298.0
22730,326,2024-07-26 00:00:00,,328.0
22731,343,2024-07-26 00:00:00,,259.0
22732,349,2024-07-26 00:00:00,,277.0
22733,352,2024-07-26 00:00:00,,308.0
22734,406,2024-07-26 00:00:00,,373.0
22735,1063,2024-07-26 00:00:00,,326.0
22736,1091,2024-07-26 00:00:00,,287.0
22737,1098,2024-07-26 00:00:00,,337.0
22738,1103,2024-07-26 00:00:00,,301.0
22739,1128,2024-07-26 00:00:00,,349.0
22740,1310,2024-07-26 00:00:00,,387.0
22741,2007,2024-07-26 00:00:00,,292.0
22742,2010,2024-07-26 00:00:00,,217.0
22743,2018,2024-07-26 00:00:00,,286.0
22744,2024,2024-07-26 00:00:00,,301.0
22745,2036,2024-07-26 00:00:00,,283.0
22746,2044,2024-07-26 00:00:00,,235.0
22747,2062,2024-07-26 00:00:00,,392.0
22748,2067,2024-07-26 00:00:00,,275.0
22749,2087,2024-07-26 00:00:00,,290.0
22750,2099,2024-07-26 00:00:00,,210.0
22751,2101,2024-07-26 00:00:00,,228.0
22752,2159,2024-07-26 00:00:00,,248.0
22753,2167,2024-07-26 00:00:00,,266.0
22754,2174,2024-07-26 00:00:00,,250.0
22755,2331,2024-07-26 00:00:00,,289.0
22756,3015,2024-07-26 00:00:00,,401.0
22757,4033,2024-07-26 00:00:00,,294.0
22758,4043,2024-07-26 00:00:00,,348.0
22759,4048,2024-07-26 00:00:00,,397.0
22760,4072,2024-07-26 00:00:00,,483.0
22761,4076,2024-07-26 00:00:00,,445.0
22762,4078,2024-07-26 00:00:00,,288.0
22763,4100,2024-07-26 00:00:00,,335.0
22764,4109,2024-07-26 00:00:00,,354.0
22765,4143,2024-07-26 00:00:00,,337.0
22766,5013,2024-07-26 00:00:00,,369.0
22767,5027,2024-07-26 00:00:00,,411.0
22768,5035,2024-07-26 00:00:00,,344.0
22769,5041,2024-07-26 00:00:00,,361.0
22770,5043,2024-07-26 00:00:00,,371.0
22771,5090,2024-07-26 00:00:00,,436.0
22772,5144,2024-07-26 00:00:00,,388.0
22773,6037,2024-07-26 00:00:00,,354.0
22774,6070,2024-07-26 00:00:00,,401.0
22775,7021,2024-07-26 00:00:00,,289.0
22776,7038,2024-07-26 00:00:00,,304.0
22777,7066,2024-07-26 00:00:00,,362.0
22778,7092,2024-07-26 00:00:00,,321.0
22779,8003,2024-07-26 00:00:00,,214.0
22780,8004,2024-07-26 00:00:00,,429.0
22781,8007,2024-07-26 00:00:00,,368.0
22782,8016,2024-07-26 00:00:00,,236.0
22783,8020,2024-07-26 00:00:00,,362.0
22784,8039,2024-07-26 00:00:00,,362.0
22785,8040,2024-07-26 00:00:00,,229.0
22786,8057,2024-07-26 00:00:00,,311.0
22787,8066,2024-07-26 00:00:00,,378.0
22788,8067,2024-07-26 00:00:00,,326.0
22789,8072,2024-07-26 00:00:00,,321.0
22790,8078,2024-07-26 00:00:00,,216.0
22791,8085,2024-07-26 00:00:00,,289.0
22792,8089,2024-07-26 00:00:00,,346.0
22793,8338,2024-07-26 00:00:00,,280.0
22794,9011,2024-07-26 00:00:00,,376.0
22795,9014,2024-07-26 00:00:00,,314.0
22796,9023,2024-07-26 00:00:00,,325.0
22797,9035,2024-07-26 00:00:00,,389.0
22798,9045,2024-07-26 00:00:00,,390.0
22799,9100,2024-07-26 00:00:00,,373.0
22800,9104,2024-07-26 00:00:00,,387.0
22801,9136,2024-07-26 00:00:00,,267.0
22802,12164,2024-07-26 00:00:00,,258.0
22803,20337,2024-07-26 00:00:00,,344.0
22804,22115,2024-07-26 00:00:00,,249.0
22805,22118,2024-07-26 00:00:00,,266.0
22806,22120,2024-07-26 00:00:00,,230.0
22807,22158,2024-07-26 00:00:00,,251.0
22808,22166,2024-07-26 00:00:00,,269.0
22809,22175,2024-07-26 00:00:00,,251.0
22810,22178,2024-07-26 00:00:00,,250.0
22811,22185,2024-07-26 00:00:00,,211.0
22812,22188,2024-07-26 00:00:00,,221.0
22813,22206,2024-07-26 00:00:00,,213.0
22814,22209,2024-07-26 00:00:00,,201.0
22815,23011,2024-07-26 00:00:00,,211.0
22816,23251,2024-07-26 00:00:00,,98.0
22817,40072,2024-07-26 00:00:00,,352.0
22818,0215A,2024-07-26 00:00:00,,397.0
22819,1015A,2024-07-26 00:00:00,,283.0
22820,1052A,2024-07-26 00:00:00,,279.0
22821,1077A,2024-07-26 00:00:00,,315.0
22822,1109A,2024-07-26 00:00:00,,352.0
22823,2025A,2024-07-26 00:00:00,,402.0
22824,3028A,2024-07-26 00:00:00,,358.0
22825,3044A,2024-07-26 00:00:00,,371.0
22826,9018B,2024-07-26 00:00:00,,290.0
22827,9116B,2024-07-26 00:00:00,,267.0
22828,9128A,2024-07-26 00:00:00,,339.0
22829,9192,2024-07-26 00:00:00,,350.0
22830,2041,2024-07-26 00:00:00,,405.0
22831,23015,2024-07-26 00:00:00,,217.0
22832,24185,2024-07-26 00:00:00,,25.0
22833,24186,2024-07-26 00:00:00,,24.0
22834,24188,2024-07-26 00:00:00,,33.0
22835,24182,2024-07-23 00:00:00,,27.0
22836,24180,2024-07-22 00:00:00,,16.0
22837,23180,2024-07-19 00:00:00,,103.0
22838,23183,2024-07-19 00:00:00,,107.0
22839,23190,2024-07-19 00:00:00,,96.0
22840,24178,2024-07-19 00:00:00,,26.0
22841,24179,2024-07-19 00:00:00,,18.0
22842,23236,2024-07-18 00:00:00,,140.0
22843,24021,2024-07-18 00:00:00,,100.0
22844,24005,2024-07-18 00:00:00,,122.0
22845,24006,2024-07-18 00:00:00,,91.0
22846,24025,2024-07-18 00:00:00,,95.0
22847,24031,2024-07-18 00:00:00,,116.0
22848,24044,2024-07-18 00:00:00,,94.0
22849,24068,2024-07-18 00:00:00,,72.0
22850,24071,2024-07-18 00:00:00,,98.0
22851,24081,2024-07-18 00:00:00,,103.0
22852,24087,2024-07-18 00:00:00,,100.0
22853,24090,2024-07-18 00:00:00,,56.0
22854,24091,2024-07-18 00:00:00,,94.0
22855,24097,2024-07-18 00:00:00,,62.0
22856,24099,2024-07-18 00:00:00,,32.0
22857,24101,2024-07-18 00:00:00,,75.0
22858,24105,2024-07-18 00:00:00,,75.0
22859,24111,2024-07-18 00:00:00,,60.0
22860,24116,2024-07-18 00:00:00,,77.0
22861,24119,2024-07-18 00:00:00,,67.0
22862,24120,2024-07-18 00:00:00,,72.0
22863,24124,2024-07-18 00:00:00,,32.0
22864,24125,2024-07-18 00:00:00,,72.0
22865,24132,2024-07-18 00:00:00,,41.0
22867,24139,2024-07-18 00:00:00,,47.0
22868,24141,2024-07-18 00:00:00,,73.0
22869,24154,2024-07-18 00:00:00,,64.0
22870,23223,2024-07-18 00:00:00,,81.0
22871,24095,2024-07-18 00:00:00,,102.0
22872,24024,2024-07-18 00:00:00,,68.0
22873,102,2024-07-18 00:00:00,,373.0
22874,108,2024-07-18 00:00:00,,340.0
22875,0206B,2024-07-18 00:00:00,,344.0
22876,0208A,2024-07-18 00:00:00,,384.0
22877,220,2024-07-18 00:00:00,,415.0
22878,0231B,2024-07-18 00:00:00,,235.0
22879,240,2024-07-18 00:00:00,,436.0
22880,269,2024-07-18 00:00:00,,316.0
22881,297,2024-07-18 00:00:00,,342.0
22882,0299A,2024-07-18 00:00:00,,513.0
22883,321,2024-07-18 00:00:00,,370.0
22884,327,2024-07-18 00:00:00,,278.0
22885,350,2024-07-18 00:00:00,,334.0
22886,5,2024-07-18 00:00:00,,374.0
22887,1005,2024-07-18 00:00:00,,360.0
22888,10431,2024-07-18 00:00:00,,334.0
22889,1056A,2024-07-18 00:00:00,,439.0
22890,1075,2024-07-18 00:00:00,,342.0
22891,1078A,2024-07-18 00:00:00,,376.0
22892,1090A,2024-07-18 00:00:00,,462.0
22893,1096,2024-07-18 00:00:00,,366.0
22894,1104A,2024-07-18 00:00:00,,368.0
22895,1132,2024-07-18 00:00:00,,409.0
22896,1139A,2024-07-18 00:00:00,,360.0
22897,2019,2024-07-18 00:00:00,,314.0
22898,2037,2024-07-18 00:00:00,,230.0
22899,2079,2024-07-18 00:00:00,,431.0
22900,2083,2024-07-18 00:00:00,,354.0
22901,2146,2024-07-18 00:00:00,,380.0
22902,2201,2024-07-18 00:00:00,,329.0
22903,2220,2024-07-18 00:00:00,,438.0
22904,23148,2024-07-18 00:00:00,,154.0
22905,23171,2024-07-18 00:00:00,,152.0
22906,23173,2024-07-18 00:00:00,,100.0
22907,23209,2024-07-18 00:00:00,,107.0
22908,23210,2024-07-18 00:00:00,,101.0
22909,23211,2024-07-18 00:00:00,,108.0
22910,23216,2024-07-18 00:00:00,,146.0
22911,23218,2024-07-18 00:00:00,,145.0
22912,23249,2024-07-18 00:00:00,,109.0
22913,2702,2024-07-18 00:00:00,,366.0
22914,3038A,2024-07-18 00:00:00,,384.0
22915,3108,2024-07-18 00:00:00,,462.0
22916,33,2024-07-18 00:00:00,,326.0
22917,4065,2024-07-18 00:00:00,,402.0
22918,4075,2024-07-18 00:00:00,,391.0
22919,4099,2024-07-18 00:00:00,,424.0
22920,4141,2024-07-18 00:00:00,,362.0
22921,5010,2024-07-18 00:00:00,,285.0
22922,6017,2024-07-18 00:00:00,,333.0
22923,6020,2024-07-18 00:00:00,,349.0
22924,6050,2024-07-18 00:00:00,,424.0
22925,7004,2024-07-18 00:00:00,,267.0
22926,7032,2024-07-18 00:00:00,,591.0
22927,7033,2024-07-18 00:00:00,,377.0
22928,7049,2024-07-18 00:00:00,,338.0
22929,7052,2024-07-18 00:00:00,,350.0
22930,7076,2024-07-18 00:00:00,,403.0
22931,7080,2024-07-18 00:00:00,,396.0
22932,8014,2024-07-18 00:00:00,,420.0
22933,8015,2024-07-18 00:00:00,,312.0
22934,8028,2024-07-18 00:00:00,,423.0
22935,8041,2024-07-18 00:00:00,,449.0
22936,8060,2024-07-18 00:00:00,,371.0
22937,80841,2024-07-18 00:00:00,,412.0
22938,9016,2024-07-18 00:00:00,,326.0
22939,9042,2024-07-18 00:00:00,,282.0
22940,9046,2024-07-18 00:00:00,,496.0
22941,9064,2024-07-18 00:00:00,,384.0
22942,91091,2024-07-18 00:00:00,,390.0
22943,91121,2024-07-18 00:00:00,,416.0
22944,9113,2024-07-18 00:00:00,,318.0
22945,91172,2024-07-18 00:00:00,,382.0
22946,9118,2024-07-18 00:00:00,,341.0
22947,9121,2024-07-18 00:00:00,,365.0
22948,9122,2024-07-18 00:00:00,,287.0
22949,EMB 1,2024-07-18 00:00:00,,370.0
22950,EMB 2,2024-07-18 00:00:00,,467.0
22951,EMB 4,2024-07-18 00:00:00,,424.0
22952,SNA,2024-07-18 00:00:00,,426.0
22953,S/NB,2024-07-18 00:00:00,,462.0
22954,S/NC,2024-07-18 00:00:00,,472.0
22955,S/NH,2024-07-18 00:00:00,,444.0
22956,23182,2024-07-18 00:00:00,,126.0
22957,23231,2024-07-18 00:00:00,,90.0
22958,23031,2024-07-18 00:00:00,,140.0
22959,9036,2024-07-18 00:00:00,,228.0
22960,23156,2024-07-18 00:00:00,,128.0
22961,1109B,2024-07-18 00:00:00,,364.0
22962,23140,2024-07-18 00:00:00,,116.0
22963,23094,2024-07-18 00:00:00,,174.0
22964,22195,2024-07-18 00:00:00,,222.0
22965,23033,2024-07-18 00:00:00,,163.0
22966,23125,2024-07-18 00:00:00,,133.0
22967,22135,2024-07-18 00:00:00,,254.0
22968,23189,2024-07-18 00:00:00,,120.0
22969,2030,2024-07-18 00:00:00,,275.0
22970,2040,2024-07-18 00:00:00,,361.0
22971,8073,2024-07-18 00:00:00,,262.0
22972,22132,2024-07-18 00:00:00,,220.0
22973,22100,2024-07-18 00:00:00,,255.0
22974,2013,2024-07-18 00:00:00,,244.0
22975,0340A,2024-07-18 00:00:00,,325.0
22976,8011,2024-07-18 00:00:00,,364.0
22977,143,2024-07-18 00:00:00,,388.0
22978,6042,2024-07-18 00:00:00,,558.0
22979,TORO1,2024-07-18 00:00:00,,568.0
22980,TORO2,2024-07-18 00:00:00,,519.0
22981,TORO3,2024-07-18 00:00:00,,624.0
22982,TORO4,2024-07-18 00:00:00,,580.0
22983,24189,2024-07-18 00:00:00,,26.0
22984,24190,2024-07-18 00:00:00,,20.0
22985,24177,2024-07-16 00:00:00,,20.0
22986,24181,2024-07-16 00:00:00,,23.0
22987,24176,2024-07-15 00:00:00,,23.0
22988,23223,2024-07-11 00:00:00,,79.0
22989,23163,2024-07-11 00:00:00,,97.0
22990,23165,2024-07-11 00:00:00,,116.0
22991,23137,2024-07-11 00:00:00,,138.0
22992,23170,2024-07-11 00:00:00,,114.0
22993,23168,2024-07-11 00:00:00,,76.0
22994,23133,2024-07-11 00:00:00,,93.0
22995,23031,2024-07-11 00:00:00,,127.0
22996,23147,2024-07-11 00:00:00,,121.0
22997,23184,2024-07-11 00:00:00,,102.0
22998,23140,2024-07-11 00:00:00,,115.0
22999,23109,2024-07-11 00:00:00,,122.0
23000,23136,2024-07-11 00:00:00,,112.0
23001,23126,2024-07-11 00:00:00,,124.0
23002,23089,2024-07-11 00:00:00,,123.0
23003,23075,2024-07-11 00:00:00,,114.0
23004,23193,2024-07-11 00:00:00,,99.0
23005,23166,2024-07-11 00:00:00,,88.0
23006,23029,2024-07-11 00:00:00,,118.0
23007,23066,2024-07-11 00:00:00,,123.0
23008,23185,2024-07-11 00:00:00,,112.0
23009,23169,2024-07-11 00:00:00,,97.0
23010,23172,2024-07-11 00:00:00,,112.0
23011,23094,2024-07-11 00:00:00,,163.0
23012,23162,2024-07-11 00:00:00,,130.0
23013,23070,2024-07-11 00:00:00,,112.0
23014,23160,2024-07-11 00:00:00,,87.0
23015,23174,2024-07-11 00:00:00,,101.0
23016,23176,2024-07-11 00:00:00,,89.0
23017,2031,2024-07-11 00:00:00,,127.0
23018,1018,2024-07-11 00:00:00,,204.0
23019,23003,2024-07-11 00:00:00,,192.0
23020,101,2024-07-04 00:00:00,,403.0
23021,107,2024-07-04 00:00:00,,300.0
23022,108,2024-07-04 00:00:00,,340.0
23023,128,2024-07-04 00:00:00,,384.0
23024,205,2024-07-04 00:00:00,,345.0
23025,0208A,2024-07-04 00:00:00,,387.0
23026,211,2024-07-04 00:00:00,,479.0
23027,224,2024-07-04 00:00:00,,389.0
23028,0231B,2024-07-04 00:00:00,,240.0
23029,240,2024-07-04 00:00:00,,444.0
23030,270,2024-07-04 00:00:00,,426.0
23031,297,2024-07-04 00:00:00,,335.0
23032,298,2024-07-04 00:00:00,,375.0
23033,0299A,2024-07-04 00:00:00,,512.0
23034,0299C,2024-07-04 00:00:00,,697.0
23035,0330A,2024-07-04 00:00:00,,390.0
23036,342,2024-07-04 00:00:00,,403.0
23037,344,2024-07-04 00:00:00,,382.0
23038,348,2024-07-04 00:00:00,,315.0
23039,350,2024-07-04 00:00:00,,325.0
23040,353,2024-07-04 00:00:00,,437.0
23041,354,2024-07-04 00:00:00,,392.0
23042,355,2024-07-04 00:00:00,,365.0
23043,1005,2024-07-04 00:00:00,,358.0
23044,1015,2024-07-04 00:00:00,,477.0
23045,1017A,2024-07-04 00:00:00,,428.0
23046,1023,2024-07-04 00:00:00,,362.0
23047,10391,2024-07-04 00:00:00,,307.0
23048,10431,2024-07-04 00:00:00,,341.0
23049,1066,2024-07-04 00:00:00,,334.0
23050,1075,2024-07-04 00:00:00,,334.0
23051,1079,2024-07-04 00:00:00,,370.0
23052,1088A,2024-07-04 00:00:00,,413.0
23053,1096,2024-07-04 00:00:00,,342.0
23054,1104A,2024-07-04 00:00:00,,358.0
23055,1112A,2024-07-04 00:00:00,,417.0
23056,1123,2024-07-04 00:00:00,,465.0
23057,1132,2024-07-04 00:00:00,,397.0
23058,20,2024-07-04 00:00:00,,338.0
23059,2019,2024-07-04 00:00:00,,320.0
23060,2023,2024-07-04 00:00:00,,365.0
23061,2035A,2024-07-04 00:00:00,,361.0
23062,2039,2024-07-04 00:00:00,,327.0
23063,2040,2024-07-04 00:00:00,,344.0
23064,2042,2024-07-04 00:00:00,,327.0
23065,2048,2024-07-04 00:00:00,,297.0
23066,2051,2024-07-04 00:00:00,,408.0
23067,2052,2024-07-04 00:00:00,,398.0
23068,2063A,2024-07-04 00:00:00,,450.0
23069,2063B,2024-07-04 00:00:00,,302.0
23070,2066,2024-07-04 00:00:00,,474.0
23071,2072,2024-07-04 00:00:00,,516.0
23072,2093,2024-07-04 00:00:00,,260.0
23073,2093A,2024-07-04 00:00:00,,425.0
23074,2094A,2024-07-04 00:00:00,,386.0
23075,2097,2024-07-04 00:00:00,,440.0
23076,2103,2024-07-04 00:00:00,,301.0
23077,2108,2024-07-04 00:00:00,,294.0
23078,2109,2024-07-04 00:00:00,,285.0
23079,2111,2024-07-04 00:00:00,,314.0
23080,2143,2024-07-04 00:00:00,,427.0
23081,2146,2024-07-04 00:00:00,,380.0
23082,2148A,2024-07-04 00:00:00,,379.0
23083,2149A,2024-07-04 00:00:00,,450.0
23084,2153,2024-07-04 00:00:00,,290.0
23085,2196A,2024-07-04 00:00:00,,479.0
23086,2200,2024-07-04 00:00:00,,293.0
23087,2201,2024-07-04 00:00:00,,331.0
23088,2203,2024-07-04 00:00:00,,322.0
23089,22049,2024-07-04 00:00:00,,263.0
23090,22126,2024-07-04 00:00:00,,267.0
23091,22132,2024-07-04 00:00:00,,216.0
23092,22149,2024-07-04 00:00:00,,261.0
23093,22172,2024-07-04 00:00:00,,289.0
23094,23003,2024-07-04 00:00:00,,195.0
23095,2340,2024-07-04 00:00:00,,456.0
23096,2702,2024-07-04 00:00:00,,361.0
23097,30,2024-07-04 00:00:00,,299.0
23098,3093,2024-07-04 00:00:00,,336.0
23099,31102,2024-07-04 00:00:00,,445.0
23100,3119,2024-07-04 00:00:00,,443.0
23101,35,2024-07-04 00:00:00,,381.0
23102,4007,2024-07-04 00:00:00,,498.0
23103,4008,2024-07-04 00:00:00,,314.0
23104,4018,2024-07-04 00:00:00,,389.0
23105,4023,2024-07-04 00:00:00,,423.0
23106,4055,2024-07-04 00:00:00,,430.0
23107,4066,2024-07-04 00:00:00,,390.0
23108,4087,2024-07-04 00:00:00,,463.0
23109,4101,2024-07-04 00:00:00,,450.0
23110,4172,2024-07-04 00:00:00,,447.0
23111,5033,2024-07-04 00:00:00,,425.0
23112,50501,2024-07-04 00:00:00,,413.0
23113,5077,2024-07-04 00:00:00,,370.0
23114,5092,2024-07-04 00:00:00,,472.0
23115,5146,2024-07-04 00:00:00,,393.0
23116,5679,2024-07-04 00:00:00,,435.0
23117,6017,2024-07-04 00:00:00,,424.0
23118,60286,2024-07-04 00:00:00,,404.0
23119,6050,2024-07-04 00:00:00,,429.0
23120,7007,2024-07-04 00:00:00,,368.0
23121,7033,2024-07-04 00:00:00,,391.0
23122,7067,2024-07-04 00:00:00,,394.0
23123,7072,2024-07-04 00:00:00,,480.0
23124,7087,2024-07-04 00:00:00,,481.0
23125,8005,2024-07-04 00:00:00,,400.0
23126,8010,2024-07-04 00:00:00,,419.0
23127,8013,2024-07-04 00:00:00,,417.0
23128,8015,2024-07-04 00:00:00,,315.0
23129,8028,2024-07-04 00:00:00,,406.0
23130,8043,2024-07-04 00:00:00,,461.0
23131,8045,2024-07-04 00:00:00,,466.0
23132,8046,2024-07-04 00:00:00,,483.0
23133,80472,2024-07-04 00:00:00,,364.0
23134,8048,2024-07-04 00:00:00,,366.0
23135,8082,2024-07-04 00:00:00,,361.0
23136,80841,2024-07-04 00:00:00,,414.0
23137,8086,2024-07-04 00:00:00,,482.0
23138,8087,2024-07-04 00:00:00,,420.0
23139,80921,2024-07-04 00:00:00,,363.0
23140,8093,2024-07-04 00:00:00,,401.0
23141,9024,2024-07-04 00:00:00,,431.0
23142,9032,2024-07-04 00:00:00,,310.0
23143,9040,2024-07-04 00:00:00,,442.0
23144,9047,2024-07-04 00:00:00,,426.0
23145,9064,2024-07-04 00:00:00,,374.0
23146,9067,2024-07-04 00:00:00,,443.0
23147,9110A,2024-07-04 00:00:00,,485.0
23148,91121,2024-07-04 00:00:00,,417.0
23149,9126A,2024-07-04 00:00:00,,407.0
23150,9219,2024-07-04 00:00:00,,371.0
23151,9904,2024-07-04 00:00:00,,440.0
23152,BU20,2024-07-04 00:00:00,,245.0
23153,BU48,2024-07-04 00:00:00,,180.0
23154,EMB 1,2024-07-04 00:00:00,,353.0
23155,EMB 3,2024-07-04 00:00:00,,416.0
23156,EMB 5,2024-07-04 00:00:00,,499.0
23157,8051,2024-07-04 00:00:00,,358.0
23158,3066B,2024-07-04 00:00:00,,405.0
23159,24172,2024-07-04 00:00:00,,31.0
23160,24173,2024-07-04 00:00:00,,31.0
23161,4,2024-07-02 00:00:00,,511.0
23162,94,2024-07-02 00:00:00,,495.0
23163,104,2024-07-02 00:00:00,,459.0
23164,110,2024-07-02 00:00:00,,512.0
23165,116,2024-07-02 00:00:00,,477.0
23166,141,2024-07-02 00:00:00,,469.0
23167,195,2024-07-02 00:00:00,,510.0
23168,196,2024-07-02 00:00:00,,495.0
23169,212,2024-07-02 00:00:00,,501.0
23170,214,2024-07-02 00:00:00,,504.0
23171,217,2024-07-02 00:00:00,,475.0
23172,219,2024-07-02 00:00:00,,501.0
23173,0221A,2024-07-02 00:00:00,,514.0
23174,0223A,2024-07-02 00:00:00,,516.0
23175,242,2024-07-02 00:00:00,,485.0
23176,260,2024-07-02 00:00:00,,524.0
23177,279,2024-07-02 00:00:00,,464.0
23178,292,2024-07-02 00:00:00,,509.0
23179,335,2024-07-02 00:00:00,,485.0
23180,345,2024-07-02 00:00:00,,480.0
23181,1007,2024-07-02 00:00:00,,485.0
23182,1029,2024-07-02 00:00:00,,506.0
23183,1030,2024-07-02 00:00:00,,515.0
23184,1034,2024-07-02 00:00:00,,499.0
23185,1037,2024-07-02 00:00:00,,486.0
23186,1039,2024-07-02 00:00:00,,482.0
23187,1046,2024-07-02 00:00:00,,465.0
23188,1049,2024-07-02 00:00:00,,512.0
23189,1052,2024-07-02 00:00:00,,504.0
23190,1074A,2024-07-02 00:00:00,,480.0
23191,1080,2024-07-02 00:00:00,,514.0
23192,1080A,2024-07-02 00:00:00,,462.0
23193,1083,2024-07-02 00:00:00,,483.0
23194,1090,2024-07-02 00:00:00,,502.0
23195,1092,2024-07-02 00:00:00,,466.0
23196,1095,2024-07-02 00:00:00,,490.0
23197,1096B,2024-07-02 00:00:00,,453.0
23198,1097,2024-07-02 00:00:00,,516.0
23199,1098A,2024-07-02 00:00:00,,491.0
23200,1139,2024-07-02 00:00:00,,479.0
23201,1141,2024-07-02 00:00:00,,489.0
23202,1142,2024-07-02 00:00:00,,523.0
23203,1146,2024-07-02 00:00:00,,502.0
23204,1148,2024-07-02 00:00:00,,513.0
23205,1151,2024-07-02 00:00:00,,521.0
23206,1161A,2024-07-02 00:00:00,,508.0
23207,1162,2024-07-02 00:00:00,,481.0
23208,1174,2024-07-02 00:00:00,,470.0
23209,1180,2024-07-02 00:00:00,,473.0
23210,1182,2024-07-02 00:00:00,,461.0
23211,1187,2024-07-02 00:00:00,,484.0
23212,1190,2024-07-02 00:00:00,,459.0
23213,1205,2024-07-02 00:00:00,,516.0
23214,1213,2024-07-02 00:00:00,,504.0
23215,1238,2024-07-02 00:00:00,,480.0
23216,1253,2024-07-02 00:00:00,,500.0
23217,1257,2024-07-02 00:00:00,,480.0
23218,2035,2024-07-02 00:00:00,,502.0
23219,9135,2024-07-02 00:00:00,,460.0
23220,9136A,2024-07-02 00:00:00,,455.0
23221,MSN1,2024-07-02 00:00:00,,464.0
23222,MSN15,2024-07-02 00:00:00,,482.0
23223,MSN4,2024-07-02 00:00:00,,514.0
23224,MSN8,2024-07-02 00:00:00,,499.0
23225,23221,2024-07-01 00:00:00,,112.0
23226,24024,2024-07-01 00:00:00,,70.0
23227,23144,2024-07-01 00:00:00,,122.0
23228,1055,2024-07-01 00:00:00,,530.0
23229,TORO5,2024-07-01 00:00:00,,519.0
23230,143,2024-07-01 00:00:00,,386.0
23231,6008,2024-07-01 00:00:00,,437.0
23232,1068A,2024-07-01 00:00:00,,227.0
23233,7052,2024-07-01 00:00:00,,355.0
23234,102,2024-07-01 00:00:00,,366.0
23235,23139,2024-07-01 00:00:00,,107.0
23236,23146,2024-07-01 00:00:00,,186.0
23237,1047,2024-07-01 00:00:00,,463.0
23238,2149,2024-07-01 00:00:00,,257.0
23239,22135,2024-07-01 00:00:00,,248.0
23240,9036,2024-07-01 00:00:00,,229.0
23241,0116A,2024-07-01 00:00:00,,351.0
23242,9118,2024-07-01 00:00:00,,344.0
23243,9128,2024-07-01 00:00:00,,327.0
23244,23170,2024-07-01 00:00:00,,110.0
23245,23066,2024-07-01 00:00:00,,128.0
23246,23100,2024-07-01 00:00:00,,148.0
23247,23137,2024-07-01 00:00:00,,135.0
23248,22195,2024-07-01 00:00:00,,225.0
23249,23184,2024-07-01 00:00:00,,104.0
23250,23094,2024-07-01 00:00:00,,166.0
23251,23031,2024-07-01 00:00:00,,139.0
23252,23128,2024-07-01 00:00:00,,161.0
23253,23029,2024-07-01 00:00:00,,128.0
23254,23125,2024-07-01 00:00:00,,132.0
23255,23075,2024-07-01 00:00:00,,120.0
23256,23177,2024-07-01 00:00:00,,121.0
23257,23163,2024-07-01 00:00:00,,96.0
23258,23132,2024-07-01 00:00:00,,119.0
23259,23140,2024-07-01 00:00:00,,127.0
23260,23154,2024-07-01 00:00:00,,106.0
23261,23188,2024-07-01 00:00:00,,99.0
23262,23174,2024-07-01 00:00:00,,155.0
23263,2154,2024-07-01 00:00:00,,241.0
23264,23185,2024-07-01 00:00:00,,110.0
23265,2031,2024-07-01 00:00:00,,122.0
23266,23089,2024-07-01 00:00:00,,129.0
23267,23193,2024-07-01 00:00:00,,94.0
23268,2013,2024-07-01 00:00:00,,242.0
23269,23165,2024-07-01 00:00:00,,123.0
23270,23147,2024-07-01 00:00:00,,124.0
23271,23145,2024-07-01 00:00:00,,129.0
23272,23136,2024-07-01 00:00:00,,110.0
23273,23223,2024-07-01 00:00:00,,74.0
23274,23086,2024-07-01 00:00:00,,106.0
23275,23126,2024-07-01 00:00:00,,132.0
23276,23109,2024-07-01 00:00:00,,134.0
23277,23070,2024-07-01 00:00:00,,118.0
23278,23133,2024-07-01 00:00:00,,90.0
23279,23187,2024-07-01 00:00:00,,98.0
23280,23168,2024-07-01 00:00:00,,77.0
23281,23164,2024-07-01 00:00:00,,113.0
23282,1069,2024-07-01 00:00:00,,399.0
23283,22181,2024-07-01 00:00:00,,258.0
23284,2005B,2024-07-01 00:00:00,,322.0
23285,1082A,2024-07-01 00:00:00,,293.0
23286,1067,2024-07-01 00:00:00,,271.0
23287,1027,2024-07-01 00:00:00,,429.0
23288,0118A,2024-07-01 00:00:00,,397.0
23289,99,2024-07-01 00:00:00,,347.0
23290,2204,2024-07-01 00:00:00,,431.0
23291,23004,2024-07-01 00:00:00,,264.0
23292,1106A,2024-07-01 00:00:00,,380.0
23293,1130,2024-07-01 00:00:00,,417.0
23294,2027,2024-07-01 00:00:00,,450.0
23295,127,2024-07-01 00:00:00,,375.0
23296,1105,2024-07-01 00:00:00,,464.0
23297,1070A,2024-07-01 00:00:00,,334.0
23298,1018,2024-07-01 00:00:00,,211.0
23299,1130A,2024-07-01 00:00:00,,312.0
23300,1085,2024-07-01 00:00:00,,364.0
23301,2053,2024-07-01 00:00:00,,346.0
23302,1101,2024-07-01 00:00:00,,458.0
23303,1031,2024-07-01 00:00:00,,403.0
23304,1107,2024-07-01 00:00:00,,405.0
23305,254,2024-07-01 00:00:00,,412.0
23306,1068,2024-07-01 00:00:00,,424.0
23307,1044,2024-07-01 00:00:00,,351.0
23308,2045,2024-07-01 00:00:00,,254.0
23309,1292,2024-07-01 00:00:00,,376.0
23310,1133,2024-07-01 00:00:00,,278.0
23311,2005A,2024-07-01 00:00:00,,316.0
23312,1112,2024-07-01 00:00:00,,370.0
23313,MSN3,2024-07-01 00:00:00,,460.0
23314,198,2024-07-01 00:00:00,,440.0
23315,2170,2024-07-01 00:00:00,,266.0
23316,1078,2024-07-01 00:00:00,,408.0
23317,1165,2024-07-01 00:00:00,,420.0
23318,2155,2024-07-01 00:00:00,,268.0
23319,2092,2024-07-01 00:00:00,,328.0
23320,1215,2024-07-01 00:00:00,,439.0
23321,0109A,2024-07-01 00:00:00,,367.0
23322,1048,2024-07-01 00:00:00,,417.0
23323,1166,2024-07-01 00:00:00,,410.0
23324,346,2024-07-01 00:00:00,,417.0
23325,2025,2024-07-01 00:00:00,,308.0
23326,2029,2024-07-01 00:00:00,,347.0
23327,2106,2024-07-01 00:00:00,,299.0
23328,1008,2024-07-01 00:00:00,,336.0
23329,1204,2024-07-01 00:00:00,,425.0
23330,2058,2024-07-01 00:00:00,,309.0
23331,293,2024-07-01 00:00:00,,388.0
23332,1212,2024-07-01 00:00:00,,487.0
23333,185,2024-07-01 00:00:00,,346.0
23334,2128,2024-07-01 00:00:00,,385.0
23335,1101A,2024-07-01 00:00:00,,314.0
23336,1207,2024-07-01 00:00:00,,409.0
23337,1077,2024-07-01 00:00:00,,374.0
23338,1324,2024-07-01 00:00:00,,444.0
23339,1095B,2024-07-01 00:00:00,,382.0
23340,1033,2024-07-01 00:00:00,,368.0
23341,1152,2024-07-01 00:00:00,,439.0
23342,1126,2024-07-01 00:00:00,,449.0
23343,1076,2024-07-01 00:00:00,,360.0
23344,1206,2024-07-01 00:00:00,,406.0
23345,351,2024-07-01 00:00:00,,401.0
23346,358,2024-07-01 00:00:00,,420.0
23347,22114,2024-07-01 00:00:00,,230.0
23348,1216,2024-07-01 00:00:00,,400.0
23349,119,2024-07-01 00:00:00,,391.0
23350,325,2024-07-01 00:00:00,,415.0
23351,1093,2024-07-01 00:00:00,,325.0
23352,1156,2024-07-01 00:00:00,,434.0
23353,2090,2024-07-01 00:00:00,,356.0
23354,1106,2024-07-01 00:00:00,,398.0
23355,1097A,2024-07-01 00:00:00,,301.0
23356,MSN16,2024-07-01 00:00:00,,424.0
23357,2039A,2024-07-01 00:00:00,,308.0
23358,22194,2024-07-01 00:00:00,,279.0
23359,1026,2024-07-01 00:00:00,,426.0
23360,36,2024-07-01 00:00:00,,450.0
23361,23194,2024-07-01 00:00:00,,116.0
23362,1036,2024-07-01 00:00:00,,413.0
23363,2094,2024-07-01 00:00:00,,266.0
23364,1064,2024-07-01 00:00:00,,303.0
23365,1202,2024-07-01 00:00:00,,432.0
23366,22157,2024-07-01 00:00:00,,237.0
23367,1046A,2024-07-01 00:00:00,,419.0
23368,SN50,2024-07-01 00:00:00,,384.0
23369,1237,2024-07-01 00:00:00,,357.0
23370,1228,2024-07-01 00:00:00,,394.0
23371,1027A,2024-07-01 00:00:00,,348.0
23372,2054,2024-07-01 00:00:00,,349.0
23373,2022,2024-07-01 00:00:00,,273.0
23374,1096A,2024-07-01 00:00:00,,324.0
23375,22168,2024-07-01 00:00:00,,288.0
23376,2060,2024-07-01 00:00:00,,434.0
23377,1154,2024-07-01 00:00:00,,430.0
23378,1336,2024-07-01 00:00:00,,445.0
23379,MSN12,2024-07-01 00:00:00,,459.0
23380,2001B,2024-07-01 00:00:00,,306.0
23381,1053,2024-07-01 00:00:00,,387.0
23382,1104,2024-07-01 00:00:00,,350.0
23383,0204B,2024-07-01 00:00:00,,344.0
23384,1092A,2024-07-01 00:00:00,,329.0
23385,1070,2024-07-01 00:00:00,,340.0
23386,2056,2024-07-01 00:00:00,,354.0
23387,1163,2024-07-01 00:00:00,,436.0
23388,2032,2024-07-01 00:00:00,,412.0
23389,MSN17,2024-07-01 00:00:00,,414.0
23390,1219,2024-07-01 00:00:00,,403.0
23391,2065,2024-07-01 00:00:00,,455.0
23392,1214,2024-07-01 00:00:00,,390.0
23393,2004,2024-07-01 00:00:00,,345.0
23394,1056,2024-07-01 00:00:00,,332.0
23395,0216A,2024-07-01 00:00:00,,431.0
23396,1055A,2024-07-01 00:00:00,,325.0
23397,24169,2024-06-30 00:00:00,,18.0
23398,24170,2024-06-30 00:00:00,,26.0
23399,24168,2024-06-27 00:00:00,,25.0
23400,109,2024-06-24 00:00:00,,500.0
23401,171,2024-06-24 00:00:00,,552.0
23402,208,2024-06-24 00:00:00,,558.0
23403,210,2024-06-24 00:00:00,,555.0
23404,222,2024-06-24 00:00:00,,532.0
23405,0223B,2024-06-24 00:00:00,,536.0
23406,1041,2024-06-24 00:00:00,,544.0
23407,1043,2024-06-24 00:00:00,,567.0
23408,1063A,2024-06-24 00:00:00,,548.0
23409,1131,2024-06-24 00:00:00,,457.0
23410,1134,2024-06-24 00:00:00,,557.0
23411,1136,2024-06-24 00:00:00,,540.0
23412,1186,2024-06-24 00:00:00,,546.0
23413,1189,2024-06-24 00:00:00,,555.0
23414,2781,2024-06-24 00:00:00,,489.0
23415,MSN2,2024-06-24 00:00:00,,445.0
23416,24167,2024-06-24 00:00:00,,24.0
23417,24165,2024-06-23 00:00:00,,28.0
23418,24164,2024-06-22 00:00:00,,23.0
23419,24163,2024-06-20 00:00:00,,26.0
23420,128,2024-06-17 00:00:00,,367.0
23421,211,2024-06-17 00:00:00,,447.0
23422,224,2024-06-17 00:00:00,,363.0
23423,10391,2024-06-17 00:00:00,,313.0
23424,2097,2024-06-17 00:00:00,,432.0
23425,4023,2024-06-17 00:00:00,,
23426,4055,2024-06-17 00:00:00,,408.0
23427,6008,2024-06-17 00:00:00,,457.0
23428,8005,2024-06-17 00:00:00,,397.0
23429,80472,2024-06-17 00:00:00,,337.0
23430,80921,2024-06-17 00:00:00,,332.0
23431,8093,2024-06-17 00:00:00,,376.0
23432,9047,2024-06-17 00:00:00,,391.0
23433,9051,2024-06-17 00:00:00,,448.0
23434,2093A,2024-06-17 00:00:00,,360.0
23435,24162,2024-06-14 00:00:00,,22.0
23436,50741,2024-06-13 00:00:00,,328.0
23437,23033,2024-06-13 00:00:00,,134.0
23438,31,2024-06-13 00:00:00,,270.0
23439,22100,2024-06-13 00:00:00,,230.0
23440,4007,2024-06-13 00:00:00,,451.0
23441,2149,2024-06-13 00:00:00,,231.0
23442,6021,2024-06-13 00:00:00,,378.0
23443,9024,2024-06-13 00:00:00,,399.0
23444,22157,2024-06-13 00:00:00,,203.0
23445,22114,2024-06-13 00:00:00,,202.0
23446,2094,2024-06-13 00:00:00,,238.0
23447,1068A,2024-06-13 00:00:00,,208.0
23448,8019,2024-06-13 00:00:00,,383.0
23449,2013,2024-06-13 00:00:00,,214.0
23450,1123,2024-06-13 00:00:00,,372.0
23451,24159,2024-06-11 00:00:00,,24.0
23452,24160,2024-06-09 00:00:00,,27.0
23453,24158,2024-06-07 00:00:00,,30.0
23454,24157,2024-06-05 00:00:00,,27.0
23455,24153,2024-06-04 00:00:00,,18.0
23456,24156,2024-06-03 00:00:00,,31.0
23457,24155,2024-05-31 00:00:00,,22.0
23458,18,2024-05-30 00:00:00,,384.0
23459,111,2024-05-30 00:00:00,,329.0
23460,132,2024-05-30 00:00:00,,406.0
23461,201,2024-05-30 00:00:00,,397.0
23462,202,2024-05-30 00:00:00,,282.0
23463,220,2024-05-30 00:00:00,,405.0
23464,226,2024-05-30 00:00:00,,382.0
23465,229,2024-05-30 00:00:00,,394.0
23466,0231A,2024-05-30 00:00:00,,356.0
23467,233,2024-05-30 00:00:00,,380.0
23468,241,2024-05-30 00:00:00,,390.0
23469,249,2024-05-30 00:00:00,,373.0
23470,259,2024-05-30 00:00:00,,414.0
23471,269,2024-05-30 00:00:00,,333.0
23472,272,2024-05-30 00:00:00,,352.0
23473,278,2024-05-30 00:00:00,,351.0
23474,284,2024-05-30 00:00:00,,389.0
23475,0298A,2024-05-30 00:00:00,,412.0
23476,322,2024-05-30 00:00:00,,379.0
23477,323,2024-05-30 00:00:00,,356.0
23478,329,2024-05-30 00:00:00,,430.0
23479,332,2024-05-30 00:00:00,,405.0
23480,333,2024-05-30 00:00:00,,336.0
23481,336,2024-05-30 00:00:00,,347.0
23482,338,2024-05-30 00:00:00,,350.0
23483,500,2024-05-30 00:00:00,,538.0
23484,740,2024-05-30 00:00:00,,442.0
23485,1004,2024-05-30 00:00:00,,354.0
23486,1066A,2024-05-30 00:00:00,,364.0
23487,1091A,2024-05-30 00:00:00,,417.0
23488,1095A,2024-05-30 00:00:00,,428.0
23489,1139A,2024-05-30 00:00:00,,351.0
23490,19,2024-05-30 00:00:00,,405.0
23491,2021,2024-05-30 00:00:00,,476.0
23492,20334,2024-05-30 00:00:00,,430.0
23493,2047,2024-05-30 00:00:00,,415.0
23494,2050,2024-05-30 00:00:00,,455.0
23495,2073,2024-05-30 00:00:00,,471.0
23496,2080,2024-05-30 00:00:00,,485.0
23497,2083,2024-05-30 00:00:00,,352.0
23498,2090A,2024-05-30 00:00:00,,465.0
23499,2096,2024-05-30 00:00:00,,440.0
23500,2130,2024-05-30 00:00:00,,487.0
23501,2133A,2024-05-30 00:00:00,,369.0
23502,2171,2024-05-30 00:00:00,,468.0
23503,2180A,2024-05-30 00:00:00,,427.0
23504,2208A,2024-05-30 00:00:00,,432.0
23505,2209A,2024-05-30 00:00:00,,373.0
23506,2226,2024-05-30 00:00:00,,473.0
23507,30212,2024-05-30 00:00:00,,388.0
23508,3021A,2024-05-30 00:00:00,,435.0
23509,3024A,2024-05-30 00:00:00,,511.0
23510,3027A,2024-05-30 00:00:00,,392.0
23511,3043,2024-05-30 00:00:00,,461.0
23512,3066B,2024-05-30 00:00:00,,419.0
23513,3107,2024-05-30 00:00:00,,398.0
23514,3119,2024-05-30 00:00:00,,464.0
23515,3132,2024-05-30 00:00:00,,327.0
23516,34,2024-05-30 00:00:00,,377.0
23517,3750,2024-05-30 00:00:00,,455.0
23518,4025,2024-05-30 00:00:00,,511.0
23519,4035,2024-05-30 00:00:00,,478.0
23520,4087,2024-05-30 00:00:00,,404.0
23521,4095,2024-05-30 00:00:00,,372.0
23522,4141,2024-05-30 00:00:00,,374.0
23523,4A,2024-05-30 00:00:00,,426.0
23524,5007,2024-05-30 00:00:00,,426.0
23525,5010,2024-05-30 00:00:00,,287.0
23526,5030,2024-05-30 00:00:00,,415.0
23527,5033,2024-05-30 00:00:00,,426.0
23528,5052,2024-05-30 00:00:00,,358.0
23529,5060,2024-05-30 00:00:00,,345.0
23530,5076,2024-05-30 00:00:00,,360.0
23531,5150,2024-05-30 00:00:00,,406.0
23532,5529,2024-05-30 00:00:00,,497.0
23533,5592,2024-05-30 00:00:00,,492.0
23534,5629,2024-05-30 00:00:00,,391.0
23535,5638,2024-05-30 00:00:00,,367.0
23536,6011,2024-05-30 00:00:00,,479.0
23537,6035,2024-05-30 00:00:00,,347.0
23538,6043,2024-05-30 00:00:00,,343.0
23539,6067,2024-05-30 00:00:00,,366.0
23540,7007,2024-05-30 00:00:00,,356.0
23541,7012,2024-05-30 00:00:00,,380.0
23542,7017,2024-05-30 00:00:00,,425.0
23543,7022,2024-05-30 00:00:00,,504.0
23544,7028,2024-05-30 00:00:00,,354.0
23545,7059,2024-05-30 00:00:00,,431.0
23546,7061,2024-05-30 00:00:00,,428.0
23547,7077,2024-05-30 00:00:00,,378.0
23548,7080,2024-05-30 00:00:00,,390.0
23549,7083,2024-05-30 00:00:00,,425.0
23550,7087,2024-05-30 00:00:00,,484.0
23551,8006,2024-05-30 00:00:00,,433.0
23552,8011,2024-05-30 00:00:00,,362.0
23553,80121,2024-05-30 00:00:00,,445.0
23554,8017,2024-05-30 00:00:00,,434.0
23555,80272,2024-05-30 00:00:00,,361.0
23556,8030,2024-05-30 00:00:00,,441.0
23557,8036,2024-05-30 00:00:00,,406.0
23558,8037,2024-05-30 00:00:00,,471.0
23559,8046,2024-05-30 00:00:00,,479.0
23560,8050,2024-05-30 00:00:00,,371.0
23561,8054,2024-05-30 00:00:00,,407.0
23562,8061,2024-05-30 00:00:00,,482.0
23563,8062,2024-05-30 00:00:00,,383.0
23564,8063,2024-05-30 00:00:00,,360.0
23565,8076,2024-05-30 00:00:00,,370.0
23566,8079,2024-05-30 00:00:00,,382.0
23567,80882,2024-05-30 00:00:00,,401.0
23568,809,2024-05-30 00:00:00,,435.0
23569,8094,2024-05-30 00:00:00,,303.0
23570,8096,2024-05-30 00:00:00,,451.0
23571,9006,2024-05-30 00:00:00,,380.0
23572,9007,2024-05-30 00:00:00,,353.0
23573,9015,2024-05-30 00:00:00,,376.0
23574,9020,2024-05-30 00:00:00,,338.0
23575,9037,2024-05-30 00:00:00,,345.0
23576,9053,2024-05-30 00:00:00,,424.0
23577,9058,2024-05-30 00:00:00,,458.0
23578,9073,2024-05-30 00:00:00,,332.0
23579,9076,2024-05-30 00:00:00,,402.0
23580,9091,2024-05-30 00:00:00,,354.0
23581,9099,2024-05-30 00:00:00,,348.0
23582,9103,2024-05-30 00:00:00,,367.0
23583,91171,2024-05-30 00:00:00,,437.0
23584,91242,2024-05-30 00:00:00,,465.0
23585,9125,2024-05-30 00:00:00,,371.0
23586,91262,2024-05-30 00:00:00,,388.0
23587,9238,2024-05-30 00:00:00,,364.0
23588,9389,2024-05-30 00:00:00,,383.0
23589,EMB 2,2024-05-30 00:00:00,,405.0
23590,24151,2024-05-29 00:00:00,,26.0
23591,24149,2024-05-26 00:00:00,,23.0
23592,24150,2024-05-26 00:00:00,,23.0
23593,24147,2024-05-25 00:00:00,,33.0
23594,24148,2024-05-25 00:00:00,,24.0
23595,24146,2024-05-23 00:00:00,,31.0
23596,24143,2024-05-21 00:00:00,,27.0
23597,24144,2024-05-21 00:00:00,,26.0
23598,24152,2024-05-21 00:00:00,,26.0
23599,115,2024-05-20 00:00:00,,516.0
23600,118,2024-05-20 00:00:00,,526.0
23601,1060,2024-05-20 00:00:00,,513.0
23602,1048A,2024-05-20 00:00:00,,535.0
23603,9095,2024-05-20 00:00:00,,430.0
23604,1082,2024-05-20 00:00:00,,534.0
23605,24142,2024-05-20 00:00:00,,25.0
23606,24137,2024-05-19 00:00:00,,24.0
23607,24140,2024-05-19 00:00:00,,23.0
23608,4065,2024-05-17 00:00:00,,382.0
23609,102,2024-05-17 00:00:00,,363.0
23610,0206A,2024-05-17 00:00:00,,320.0
23611,0206B,2024-05-17 00:00:00,,336.0
23612,321,2024-05-17 00:00:00,,367.0
23613,327,2024-05-17 00:00:00,,276.0
23614,0340A,2024-05-17 00:00:00,,291.0
23615,1168,2024-05-17 00:00:00,,460.0
23616,2037,2024-05-17 00:00:00,,259.0
23617,2079,2024-05-17 00:00:00,,420.0
23618,2219,2024-05-17 00:00:00,,472.0
23619,2220,2024-05-17 00:00:00,,447.0
23620,3038A,2024-05-17 00:00:00,,320.0
23621,33,2024-05-17 00:00:00,,345.0
23622,4079,2024-05-17 00:00:00,,360.0
23623,4099,2024-05-17 00:00:00,,438.0
23624,7004,2024-05-17 00:00:00,,263.0
23625,7032,2024-05-17 00:00:00,,569.0
23626,7076,2024-05-17 00:00:00,,480.0
23627,8014,2024-05-17 00:00:00,,425.0
23628,8041,2024-05-17 00:00:00,,449.0
23629,8073,2024-05-17 00:00:00,,256.0
23630,9016,2024-05-17 00:00:00,,341.0
23631,9032,2024-05-17 00:00:00,,334.0
23632,9036,2024-05-17 00:00:00,,244.0
23633,9042,2024-05-17 00:00:00,,276.0
23634,91091,2024-05-17 00:00:00,,383.0
23635,9122,2024-05-17 00:00:00,,304.0
23636,9128B,2024-05-17 00:00:00,,342.0
23637,EMB 4,2024-05-17 00:00:00,,398.0
23638,SNA,2024-05-17 00:00:00,,447.0
23639,S/NB,2024-05-17 00:00:00,,429.0
23640,S/NC,2024-05-17 00:00:00,,482.0
23641,S/NH,2024-05-17 00:00:00,,434.0
23642,TORO1,2024-05-17 00:00:00,,574.0
23643,TORO2,2024-05-17 00:00:00,,503.0
23644,TORO3,2024-05-17 00:00:00,,643.0
23645,TORO4,2024-05-17 00:00:00,,580.0
23646,TORO5,2024-05-17 00:00:00,,523.0
23647,24145,2024-05-17 00:00:00,,25.0
23648,4,2024-05-16 00:00:00,,483.0
23649,94,2024-05-16 00:00:00,,481.0
23650,104,2024-05-16 00:00:00,,437.0
23651,110,2024-05-16 00:00:00,,499.0
23652,116,2024-05-16 00:00:00,,454.0
23653,141,2024-05-16 00:00:00,,460.0
23654,195,2024-05-16 00:00:00,,497.0
23655,196,2024-05-16 00:00:00,,492.0
23656,212,2024-05-16 00:00:00,,488.0
23657,214,2024-05-16 00:00:00,,479.0
23658,217,2024-05-16 00:00:00,,467.0
23659,219,2024-05-16 00:00:00,,501.0
23660,0221A,2024-05-16 00:00:00,,501.0
23661,0223A,2024-05-16 00:00:00,,482.0
23662,242,2024-05-16 00:00:00,,460.0
23663,260,2024-05-16 00:00:00,,481.0
23664,279,2024-05-16 00:00:00,,446.0
23665,292,2024-05-16 00:00:00,,487.0
23666,335,2024-05-16 00:00:00,,467.0
23667,345,2024-05-16 00:00:00,,446.0
23668,1029,2024-05-16 00:00:00,,456.0
23669,1030,2024-05-16 00:00:00,,498.0
23670,1034,2024-05-16 00:00:00,,476.0
23671,1039,2024-05-16 00:00:00,,457.0
23672,1046,2024-05-16 00:00:00,,435.0
23673,1049,2024-05-16 00:00:00,,480.0
23674,1052,2024-05-16 00:00:00,,479.0
23675,1074A,2024-05-16 00:00:00,,460.0
23676,1080,2024-05-16 00:00:00,,492.0
23677,1080A,2024-05-16 00:00:00,,434.0
23678,1083,2024-05-16 00:00:00,,440.0
23679,1090,2024-05-16 00:00:00,,484.0
23680,1092,2024-05-16 00:00:00,,440.0
23681,1095,2024-05-16 00:00:00,,469.0
23682,1096B,2024-05-16 00:00:00,,443.0
23683,1097,2024-05-16 00:00:00,,480.0
23684,1098A,2024-05-16 00:00:00,,482.0
23685,1131,2024-05-16 00:00:00,,463.0
23686,1139,2024-05-16 00:00:00,,448.0
23687,1141,2024-05-16 00:00:00,,467.0
23688,1142,2024-05-16 00:00:00,,495.0
23689,1146,2024-05-16 00:00:00,,460.0
23690,1148,2024-05-16 00:00:00,,492.0
23691,1151,2024-05-16 00:00:00,,488.0
23692,1161A,2024-05-16 00:00:00,,483.0
23693,1162,2024-05-16 00:00:00,,457.0
23694,1174,2024-05-16 00:00:00,,456.0
23695,1180,2024-05-16 00:00:00,,450.0
23696,1182,2024-05-16 00:00:00,,442.0
23697,1187,2024-05-16 00:00:00,,459.0
23698,1190,2024-05-16 00:00:00,,436.0
23699,1205,2024-05-16 00:00:00,,494.0
23700,1213,2024-05-16 00:00:00,,467.0
23701,1238,2024-05-16 00:00:00,,464.0
23702,1253,2024-05-16 00:00:00,,463.0
23703,1257,2024-05-16 00:00:00,,460.0
23704,2035,2024-05-16 00:00:00,,463.0
23705,9136A,2024-05-16 00:00:00,,432.0
23706,MSN1,2024-05-16 00:00:00,,453.0
23707,MSN4,2024-05-16 00:00:00,,477.0
23708,MSN8,2024-05-16 00:00:00,,459.0
23709,MSN9,2024-05-16 00:00:00,,445.0
23710,9135,2024-05-16 00:00:00,,435.0
23711,1007,2024-05-16 00:00:00,,464.0
23712,101,2024-05-15 00:00:00,,381.0
23713,107,2024-05-15 00:00:00,,277.0
23714,108,2024-05-15 00:00:00,,328.0
23715,205,2024-05-15 00:00:00,,337.0
23716,0208A,2024-05-15 00:00:00,,370.0
23717,0231B,2024-05-15 00:00:00,,244.0
23718,240,2024-05-15 00:00:00,,416.0
23719,267,2024-05-15 00:00:00,,422.0
23720,270,2024-05-15 00:00:00,,402.0
23721,297,2024-05-15 00:00:00,,328.0
23722,298,2024-05-15 00:00:00,,357.0
23723,0299A,2024-05-15 00:00:00,,483.0
23724,0299C,2024-05-15 00:00:00,,365.0
23725,0330A,2024-05-15 00:00:00,,361.0
23726,342,2024-05-15 00:00:00,,397.0
23727,344,2024-05-15 00:00:00,,380.0
23728,348,2024-05-15 00:00:00,,310.0
23729,350,2024-05-15 00:00:00,,314.0
23730,353,2024-05-15 00:00:00,,409.0
23731,354,2024-05-15 00:00:00,,369.0
23732,355,2024-05-15 00:00:00,,345.0
23733,1005,2024-05-15 00:00:00,,347.0
23734,1015,2024-05-15 00:00:00,,474.0
23735,1017A,2024-05-15 00:00:00,,417.0
23736,1023,2024-05-15 00:00:00,,352.0
23737,10431,2024-05-15 00:00:00,,313.0
23738,1056A,2024-05-15 00:00:00,,443.0
23739,1066,2024-05-15 00:00:00,,316.0
23740,1075,2024-05-15 00:00:00,,317.0
23741,1079,2024-05-15 00:00:00,,366.0
23742,1088A,2024-05-15 00:00:00,,394.0
23743,1096,2024-05-15 00:00:00,,317.0
23744,1104A,2024-05-15 00:00:00,,337.0
23745,1109B,2024-05-15 00:00:00,,344.0
23746,1112A,2024-05-15 00:00:00,,408.0
23747,1132,2024-05-15 00:00:00,,379.0
23748,20,2024-05-15 00:00:00,,342.0
23749,2019,2024-05-15 00:00:00,,295.0
23750,2023,2024-05-15 00:00:00,,345.0
23751,2035A,2024-05-15 00:00:00,,333.0
23752,2040,2024-05-15 00:00:00,,331.0
23753,2042,2024-05-15 00:00:00,,289.0
23754,2048,2024-05-15 00:00:00,,273.0
23755,2050,2024-05-15 00:00:00,,493.0
23756,2051,2024-05-15 00:00:00,,426.0
23757,2052,2024-05-15 00:00:00,,380.0
23758,2063B,2024-05-15 00:00:00,,277.0
23759,2066,2024-05-15 00:00:00,,422.0
23760,2072,2024-05-15 00:00:00,,488.0
23761,2093,2024-05-15 00:00:00,,241.0
23762,2103,2024-05-15 00:00:00,,314.0
23763,2108,2024-05-15 00:00:00,,280.0
23764,2109,2024-05-15 00:00:00,,271.0
23765,2111,2024-05-15 00:00:00,,277.0
23766,2124A,2024-05-15 00:00:00,,503.0
23767,2143,2024-05-15 00:00:00,,408.0
23768,2146,2024-05-15 00:00:00,,347.0
23769,2148A,2024-05-15 00:00:00,,465.0
23770,2149A,2024-05-15 00:00:00,,435.0
23771,2196A,2024-05-15 00:00:00,,471.0
23772,2200,2024-05-15 00:00:00,,288.0
23773,2201,2024-05-15 00:00:00,,395.0
23774,2203,2024-05-15 00:00:00,,308.0
23775,22049,2024-05-15 00:00:00,,250.0
23776,22126,2024-05-15 00:00:00,,246.0
23777,22132,2024-05-15 00:00:00,,188.0
23778,22149,2024-05-15 00:00:00,,233.0
23779,2217,2024-05-15 00:00:00,,505.0
23780,22172,2024-05-15 00:00:00,,277.0
23781,2234,2024-05-15 00:00:00,,382.0
23782,23003,2024-05-15 00:00:00,,176.0
23783,2340,2024-05-15 00:00:00,,426.0
23784,2702,2024-05-15 00:00:00,,363.0
23785,30,2024-05-15 00:00:00,,300.0
23786,3003A,2024-05-15 00:00:00,,481.0
23787,3026A,2024-05-15 00:00:00,,490.0
23788,3093,2024-05-15 00:00:00,,347.0
23789,31102,2024-05-15 00:00:00,,414.0
23790,3178,2024-05-15 00:00:00,,414.0
23791,4008,2024-05-15 00:00:00,,303.0
23792,4018,2024-05-15 00:00:00,,370.0
23793,4101,2024-05-15 00:00:00,,431.0
23794,4141,2024-05-15 00:00:00,,407.0
23795,4151,2024-05-15 00:00:00,,473.0
23796,4172,2024-05-15 00:00:00,,434.0
23797,50501,2024-05-15 00:00:00,,401.0
23798,5077,2024-05-15 00:00:00,,448.0
23799,5079,2024-05-15 00:00:00,,481.0
23800,5082,2024-05-15 00:00:00,,358.0
23801,5092,2024-05-15 00:00:00,,453.0
23802,5098,2024-05-15 00:00:00,,454.0
23803,5146,2024-05-15 00:00:00,,390.0
23804,5679,2024-05-15 00:00:00,,434.0
23805,6017,2024-05-15 00:00:00,,320.0
23806,60286,2024-05-15 00:00:00,,405.0
23807,6031,2024-05-15 00:00:00,,412.0
23808,6050,2024-05-15 00:00:00,,420.0
23809,7012,2024-05-15 00:00:00,,429.0
23810,7028,2024-05-15 00:00:00,,374.0
23811,7049,2024-05-15 00:00:00,,345.0
23812,7072,2024-05-15 00:00:00,,455.0
23813,7074,2024-05-15 00:00:00,,440.0
23814,7080,2024-05-15 00:00:00,,426.0
23815,8010,2024-05-15 00:00:00,,402.0
23816,8011,2024-05-15 00:00:00,,411.0
23817,8013,2024-05-15 00:00:00,,399.0
23818,8015,2024-05-15 00:00:00,,305.0
23819,8026,2024-05-15 00:00:00,,342.0
23820,8028,2024-05-15 00:00:00,,407.0
23821,8032,2024-05-15 00:00:00,,416.0
23822,8033,2024-05-15 00:00:00,,457.0
23823,8043,2024-05-15 00:00:00,,431.0
23824,8045,2024-05-15 00:00:00,,442.0
23825,8048,2024-05-15 00:00:00,,362.0
23826,8050,2024-05-15 00:00:00,,408.0
23827,8054,2024-05-15 00:00:00,,457.0
23828,8077,2024-05-15 00:00:00,,338.0
23829,8082,2024-05-15 00:00:00,,353.0
23830,80841,2024-05-15 00:00:00,,397.0
23831,8086,2024-05-15 00:00:00,,465.0
23832,8087,2024-05-15 00:00:00,,404.0
23833,809,2024-05-15 00:00:00,,460.0
23834,9040,2024-05-15 00:00:00,,406.0
23835,9046,2024-05-15 00:00:00,,483.0
23836,9064,2024-05-15 00:00:00,,367.0
23837,9067,2024-05-15 00:00:00,,435.0
23838,9071,2024-05-15 00:00:00,,407.0
23839,9095,2024-05-15 00:00:00,,443.0
23840,9110A,2024-05-15 00:00:00,,460.0
23841,91121,2024-05-15 00:00:00,,416.0
23842,9118,2024-05-15 00:00:00,,337.0
23843,9126A,2024-05-15 00:00:00,,400.0
23844,9219,2024-05-15 00:00:00,,353.0
23845,9238,2024-05-15 00:00:00,,388.0
23846,9904,2024-05-15 00:00:00,,428.0
23847,BU20,2024-05-15 00:00:00,,217.0
23848,BU48,2024-05-15 00:00:00,,155.0
23849,EMB 1,2024-05-15 00:00:00,,370.0
23850,EMB 3,2024-05-15 00:00:00,,416.0
23851,EMB 5,2024-05-15 00:00:00,,461.0
23852,EMB 6,2024-05-15 00:00:00,,329.0
23853,2039,2024-05-15 00:00:00,,479.0
23854,2153,2024-05-15 00:00:00,,275.0
23855,35,2024-05-15 00:00:00,,362.0
23856,4066,2024-05-15 00:00:00,,376.0
23857,24135,2024-05-15 00:00:00,,33.0
23858,0109A,2024-05-14 00:00:00,,365.0
23859,0116A,2024-05-14 00:00:00,,324.0
23860,2041,2024-05-14 00:00:00,,399.0
23861,2045,2024-05-14 00:00:00,,238.0
23862,2053,2024-05-14 00:00:00,,318.0
23863,2054,2024-05-14 00:00:00,,326.0
23864,2056,2024-05-14 00:00:00,,313.0
23865,2058,2024-05-14 00:00:00,,274.0
23866,2060,2024-05-14 00:00:00,,409.0
23867,2065,2024-05-14 00:00:00,,440.0
23868,2090,2024-05-14 00:00:00,,317.0
23869,2092,2024-05-14 00:00:00,,293.0
23870,2106,2024-05-14 00:00:00,,277.0
23871,2128,2024-05-14 00:00:00,,371.0
23872,2154,2024-05-14 00:00:00,,218.0
23873,2155,2024-05-14 00:00:00,,348.0
23874,2170,2024-05-14 00:00:00,,236.0
23875,2204,2024-05-14 00:00:00,,413.0
23876,22168,2024-05-14 00:00:00,,278.0
23877,22181,2024-05-14 00:00:00,,243.0
23878,22194,2024-05-14 00:00:00,,240.0
23879,23004,2024-05-14 00:00:00,,242.0
23880,36,2024-05-14 00:00:00,,425.0
23881,MSN12,2024-05-14 00:00:00,,424.0
23882,MSN16,2024-05-14 00:00:00,,402.0
23883,MSN17,2024-05-14 00:00:00,,408.0
23884,MSN3,2024-05-14 00:00:00,,494.0
23885,SN50,2024-05-14 00:00:00,,415.0
23886,0118A,2024-05-14 00:00:00,,377.0
23887,119,2024-05-14 00:00:00,,378.0
23888,127,2024-05-14 00:00:00,,361.0
23889,185,2024-05-14 00:00:00,,349.0
23890,198,2024-05-14 00:00:00,,397.0
23891,0204B,2024-05-14 00:00:00,,324.0
23892,0216A,2024-05-14 00:00:00,,412.0
23893,293,2024-05-14 00:00:00,,376.0
23894,317,2024-05-14 00:00:00,,429.0
23895,346,2024-05-14 00:00:00,,400.0
23896,351,2024-05-14 00:00:00,,407.0
23897,358,2024-05-14 00:00:00,,408.0
23898,99,2024-05-14 00:00:00,,368.0
23899,1008,2024-05-14 00:00:00,,322.0
23900,1018,2024-05-14 00:00:00,,197.0
23901,1026,2024-05-14 00:00:00,,409.0
23902,1027,2024-05-14 00:00:00,,374.0
23903,1027A,2024-05-14 00:00:00,,331.0
23904,1031,2024-05-14 00:00:00,,390.0
23905,1036,2024-05-14 00:00:00,,395.0
23906,1044,2024-05-14 00:00:00,,317.0
23907,1046A,2024-05-14 00:00:00,,403.0
23908,1047,2024-05-14 00:00:00,,404.0
23909,1048,2024-05-14 00:00:00,,385.0
23910,1053,2024-05-14 00:00:00,,368.0
23911,1055,2024-05-14 00:00:00,,500.0
23912,1055A,2024-05-14 00:00:00,,320.0
23913,1056,2024-05-14 00:00:00,,318.0
23914,1064,2024-05-14 00:00:00,,284.0
23915,1067,2024-05-14 00:00:00,,233.0
23916,1068,2024-05-14 00:00:00,,410.0
23917,1069,2024-05-14 00:00:00,,400.0
23918,1070,2024-05-14 00:00:00,,312.0
23919,1070A,2024-05-14 00:00:00,,290.0
23920,1076,2024-05-14 00:00:00,,337.0
23921,1077,2024-05-14 00:00:00,,341.0
23922,1078,2024-05-14 00:00:00,,395.0
23923,1082A,2024-05-14 00:00:00,,258.0
23924,1085,2024-05-14 00:00:00,,330.0
23925,1092A,2024-05-14 00:00:00,,298.0
23926,1093,2024-05-14 00:00:00,,303.0
23927,1095B,2024-05-14 00:00:00,,345.0
23928,1096A,2024-05-14 00:00:00,,305.0
23929,1097A,2024-05-14 00:00:00,,305.0
23930,1101,2024-05-14 00:00:00,,446.0
23931,1101A,2024-05-14 00:00:00,,299.0
23932,1104,2024-05-14 00:00:00,,331.0
23933,1105,2024-05-14 00:00:00,,413.0
23934,1106,2024-05-14 00:00:00,,366.0
23935,1106A,2024-05-14 00:00:00,,400.0
23936,1107,2024-05-14 00:00:00,,390.0
23937,1112,2024-05-14 00:00:00,,334.0
23938,1126,2024-05-14 00:00:00,,434.0
23939,1130,2024-05-14 00:00:00,,404.0
23940,1130A,2024-05-14 00:00:00,,284.0
23941,1133,2024-05-14 00:00:00,,255.0
23942,1152,2024-05-14 00:00:00,,425.0
23943,1154,2024-05-14 00:00:00,,411.0
23944,1156,2024-05-14 00:00:00,,414.0
23945,1163,2024-05-14 00:00:00,,425.0
23946,1165,2024-05-14 00:00:00,,403.0
23947,1166,2024-05-14 00:00:00,,378.0
23948,1202,2024-05-14 00:00:00,,426.0
23949,1204,2024-05-14 00:00:00,,405.0
23950,1206,2024-05-14 00:00:00,,408.0
23951,1207,2024-05-14 00:00:00,,402.0
23952,1212,2024-05-14 00:00:00,,455.0
23953,1214,2024-05-14 00:00:00,,368.0
23954,1215,2024-05-14 00:00:00,,421.0
23955,1216,2024-05-14 00:00:00,,376.0
23956,1219,2024-05-14 00:00:00,,392.0
23957,1228,2024-05-14 00:00:00,,382.0
23958,1237,2024-05-14 00:00:00,,341.0
23959,1292,2024-05-14 00:00:00,,344.0
23960,1324,2024-05-14 00:00:00,,404.0
23961,1336,2024-05-14 00:00:00,,420.0
23962,2001B,2024-05-14 00:00:00,,291.0
23963,2004,2024-05-14 00:00:00,,331.0
23964,2005A,2024-05-14 00:00:00,,295.0
23965,2005B,2024-05-14 00:00:00,,301.0
23966,2022,2024-05-14 00:00:00,,244.0
23967,2025,2024-05-14 00:00:00,,275.0
23968,2027,2024-05-14 00:00:00,,431.0
23969,2029,2024-05-14 00:00:00,,314.0
23970,2032,2024-05-14 00:00:00,,382.0
23971,2039A,2024-05-14 00:00:00,,285.0
23972,1033,2024-05-14 00:00:00,,339.0
23973,24133,2024-05-14 00:00:00,,32.0
23974,24134,2024-05-14 00:00:00,,28.0
23975,24131,2024-05-13 00:00:00,,24.0
23976,24130,2024-05-12 00:00:00,,29.0
23977,24129,2024-05-10 00:00:00,,23.0
23978,24127,2024-05-09 00:00:00,,28.0
23979,8061,2024-05-08 00:00:00,,490.0
23980,202,2024-05-08 00:00:00,,273.0
23981,18,2024-05-08 00:00:00,,408.0
23982,3119,2024-05-08 00:00:00,,471.0
23983,5150,2024-05-08 00:00:00,,412.0
23984,91172,2024-05-08 00:00:00,,391.0
23985,740,2024-05-08 00:00:00,,455.0
23986,EMB 2,2024-05-08 00:00:00,,396.0
23987,3066B,2024-05-08 00:00:00,,406.0
23988,4025,2024-05-08 00:00:00,,500.0
23989,3021A,2024-05-08 00:00:00,,426.0
23990,7087,2024-05-08 00:00:00,,475.0
23991,4A,2024-05-08 00:00:00,,429.0
23992,7083,2024-05-08 00:00:00,,423.0
23993,7033,2024-05-08 00:00:00,,381.0
23994,9113,2024-05-08 00:00:00,,324.0
23995,1139A,2024-05-08 00:00:00,,352.0
23996,4087,2024-05-08 00:00:00,,481.0
23997,5033,2024-05-08 00:00:00,,428.0
23998,1078A,2024-05-08 00:00:00,,375.0
23999,2133A,2024-05-08 00:00:00,,383.0
24000,9020,2024-05-08 00:00:00,,334.0
24001,8046,2024-05-08 00:00:00,,463.0
24002,7007,2024-05-08 00:00:00,,363.0
24003,8051,2024-05-08 00:00:00,,353.0
24004,4075,2024-05-08 00:00:00,,390.0
24005,220,2024-05-08 00:00:00,,406.0
24006,5010,2024-05-08 00:00:00,,294.0
24007,2226,2024-05-08 00:00:00,,478.0
24008,3024A,2024-05-08 00:00:00,,512.0
24009,2083,2024-05-08 00:00:00,,352.0
24010,2094A,2024-05-08 00:00:00,,382.0
24011,9389,2024-05-08 00:00:00,,398.0
24012,2063A,2024-05-08 00:00:00,,433.0
24013,6042,2024-05-08 00:00:00,,561.0
24014,0298A,2024-05-07 00:00:00,,396.0
24015,8037,2024-05-07 00:00:00,,465.0
24016,8063,2024-05-07 00:00:00,,352.0
24017,9058,2024-05-07 00:00:00,,434.0
24018,9103,2024-05-07 00:00:00,,360.0
24019,8030,2024-05-07 00:00:00,,439.0
24020,1066A,2024-05-07 00:00:00,,376.0
24021,4035,2024-05-07 00:00:00,,479.0
24022,9076,2024-05-07 00:00:00,,392.0
24023,226,2024-05-07 00:00:00,,390.0
24024,3132,2024-05-07 00:00:00,,336.0
24025,8062,2024-05-07 00:00:00,,389.0
24026,1004,2024-05-07 00:00:00,,359.0
24027,4095,2024-05-07 00:00:00,,368.0
24028,91171,2024-05-07 00:00:00,,420.0
24029,132,2024-05-07 00:00:00,,403.0
24030,332,2024-05-07 00:00:00,,389.0
24031,91242,2024-05-07 00:00:00,,463.0
24032,2180A,2024-05-07 00:00:00,,440.0
24033,8094,2024-05-07 00:00:00,,324.0
24034,9037,2024-05-07 00:00:00,,344.0
24035,9073,2024-05-07 00:00:00,,336.0
24036,9091,2024-05-07 00:00:00,,356.0
24037,233,2024-05-07 00:00:00,,363.0
24038,269,2024-05-07 00:00:00,,315.0
24039,329,2024-05-07 00:00:00,,427.0
24040,30212,2024-05-07 00:00:00,,396.0
24041,241,2024-05-07 00:00:00,,393.0
24042,338,2024-05-07 00:00:00,,340.0
24043,8079,2024-05-07 00:00:00,,392.0
24044,3750,2024-05-07 00:00:00,,444.0
24045,34,2024-05-07 00:00:00,,360.0
24046,2096,2024-05-07 00:00:00,,453.0
24047,284,2024-05-07 00:00:00,,386.0
24048,9125,2024-05-07 00:00:00,,370.0
24049,2090A,2024-05-07 00:00:00,,478.0
24050,7022,2024-05-07 00:00:00,,480.0
24051,9099,2024-05-07 00:00:00,,348.0
24052,272,2024-05-07 00:00:00,,350.0
24053,19,2024-05-07 00:00:00,,420.0
24054,249,2024-05-07 00:00:00,,376.0
24055,2209A,2024-05-07 00:00:00,,386.0
24056,336,2024-05-07 00:00:00,,338.0
24057,322,2024-05-07 00:00:00,,377.0
24058,2208A,2024-05-07 00:00:00,,430.0
24059,5052,2024-05-07 00:00:00,,359.0
24060,5007,2024-05-07 00:00:00,,416.0
24061,6067,2024-05-07 00:00:00,,364.0
24062,5030,2024-05-07 00:00:00,,407.0
24063,1095A,2024-05-07 00:00:00,,425.0
24064,20334,2024-05-07 00:00:00,,426.0
24065,8006,2024-05-07 00:00:00,,430.0
24066,6035,2024-05-07 00:00:00,,336.0
24067,2171,2024-05-07 00:00:00,,468.0
24068,229,2024-05-07 00:00:00,,389.0
24069,8036,2024-05-07 00:00:00,,399.0
24070,323,2024-05-07 00:00:00,,361.0
24071,91262,2024-05-07 00:00:00,,376.0
24072,0231A,2024-05-07 00:00:00,,355.0
24073,201,2024-05-07 00:00:00,,396.0
24074,9006,2024-05-07 00:00:00,,377.0
24075,8096,2024-05-07 00:00:00,,441.0
24076,3043,2024-05-07 00:00:00,,460.0
24077,2021,2024-05-07 00:00:00,,477.0
24078,5060,2024-05-07 00:00:00,,352.0
24079,9015,2024-05-07 00:00:00,,382.0
24080,6043,2024-05-07 00:00:00,,349.0
24081,259,2024-05-07 00:00:00,,396.0
24082,7061,2024-05-07 00:00:00,,407.0
24083,278,2024-05-07 00:00:00,,344.0
24084,9007,2024-05-07 00:00:00,,349.0
24085,3107,2024-05-07 00:00:00,,419.0
24086,7077,2024-05-07 00:00:00,,385.0
24087,9053,2024-05-07 00:00:00,,420.0
24088,2130,2024-05-07 00:00:00,,493.0
24089,333,2024-05-07 00:00:00,,337.0
24090,111,2024-05-07 00:00:00,,340.0
24091,8076,2024-05-07 00:00:00,,374.0
24092,1090A,2024-05-07 00:00:00,,343.0
24093,6020,2024-05-07 00:00:00,,359.0
24094,5,2024-05-07 00:00:00,,378.0
24095,5529,2024-05-07 00:00:00,,472.0
24096,5592,2024-05-07 00:00:00,,462.0
24097,5638,2024-05-07 00:00:00,,338.0
24098,5629,2024-05-07 00:00:00,,374.0
24099,24123,2024-05-06 00:00:00,,22.0
24100,23137,2024-05-02 00:00:00,,117.0
24101,23164,2024-05-02 00:00:00,,85.0
24102,23165,2024-05-02 00:00:00,,97.0
24103,23170,2024-05-02 00:00:00,,97.0
24104,23223,2024-04-24 00:00:00,,60.0
24105,23168,2024-04-24 00:00:00,,63.0
24106,3103,2024-04-24 00:00:00,,78.0
24107,23100,2024-04-24 00:00:00,,112.0
24108,23182,2024-04-24 00:00:00,,78.0
24109,23075,2024-04-24 00:00:00,,91.0
24110,23133,2024-04-24 00:00:00,,70.0
24111,23031,2024-04-24 00:00:00,,111.0
24112,23147,2024-04-24 00:00:00,,102.0
24113,23145,2024-04-24 00:00:00,,105.0
24114,23066,2024-04-24 00:00:00,,102.0
24115,BU20,2024-04-24 00:00:00,,217.0
24116,23148,2024-04-24 00:00:00,,100.0
24117,BU48,2024-04-24 00:00:00,,155.0
24118,23194,2024-04-24 00:00:00,,95.0
24119,9904,2024-04-24 00:00:00,,449.0
24120,9036,2024-04-24 00:00:00,,230.0
24121,107,2024-04-24 00:00:00,,259.0
24122,EMB 5,2024-04-24 00:00:00,,482.0
24123,23125,2024-04-24 00:00:00,,115.0
24124,EMB 4,2024-04-24 00:00:00,,389.0
24125,2079,2024-04-24 00:00:00,,419.0
24126,1168,2024-04-24 00:00:00,,446.0
24127,102,2024-04-24 00:00:00,,363.0
24128,809,2024-04-24 00:00:00,,452.0
24129,7067,2024-04-24 00:00:00,,376.0
24130,7004,2024-04-24 00:00:00,,268.0
24131,EMB 1,2024-04-24 00:00:00,,378.0
24132,2143,2024-04-24 00:00:00,,429.0
24133,5072,2024-04-24 00:00:00,,420.0
24134,1055,2024-04-24 00:00:00,,500.0
24135,24117,2024-04-21 00:00:00,,26.0
24136,24118,2024-04-21 00:00:00,,25.0
24137,24115,2024-04-17 00:00:00,,26.0
24138,24114,2024-04-16 00:00:00,,19.0
24139,4113,2024-04-15 00:00:00,,502.0
24140,4041,2024-04-15 00:00:00,,449.0
24141,334,2024-04-15 00:00:00,,504.0
24142,273,2024-04-15 00:00:00,,474.0
24143,0204A,2024-04-15 00:00:00,,472.0
24144,0103A,2024-04-15 00:00:00,,485.0
24145,0118A,2024-04-12 00:00:00,,375.0
24146,119,2024-04-12 00:00:00,,386.0
24147,127,2024-04-12 00:00:00,,390.0
24148,185,2024-04-12 00:00:00,,375.0
24149,0204B,2024-04-12 00:00:00,,352.0
24150,254,2024-04-12 00:00:00,,377.0
24151,1008,2024-04-12 00:00:00,,341.0
24152,1018,2024-04-12 00:00:00,,211.0
24153,1044,2024-04-12 00:00:00,,352.0
24154,1053,2024-04-12 00:00:00,,405.0
24155,1055A,2024-04-12 00:00:00,,330.0
24156,1056,2024-04-12 00:00:00,,340.0
24157,1064,2024-04-12 00:00:00,,290.0
24158,1067,2024-04-12 00:00:00,,265.0
24159,1069,2024-04-12 00:00:00,,414.0
24160,1070,2024-04-12 00:00:00,,315.0
24161,1076,2024-04-12 00:00:00,,354.0
24162,1077,2024-04-12 00:00:00,,355.0
24163,1082A,2024-04-12 00:00:00,,288.0
24164,1085,2024-04-12 00:00:00,,359.0
24165,1092A,2024-04-12 00:00:00,,328.0
24166,1093,2024-04-12 00:00:00,,321.0
24167,1095B,2024-04-12 00:00:00,,383.0
24168,1096A,2024-04-12 00:00:00,,318.0
24169,1097A,2024-04-12 00:00:00,,280.0
24170,1101A,2024-04-12 00:00:00,,300.0
24171,1104,2024-04-12 00:00:00,,359.0
24172,1106,2024-04-12 00:00:00,,377.0
24173,1112,2024-04-12 00:00:00,,364.0
24174,1130A,2024-04-12 00:00:00,,306.0
24175,1133,2024-04-12 00:00:00,,274.0
24176,1166,2024-04-12 00:00:00,,407.0
24177,1216,2024-04-12 00:00:00,,402.0
24178,1219,2024-04-12 00:00:00,,396.0
24179,1228,2024-04-12 00:00:00,,405.0
24180,1292,2024-04-12 00:00:00,,365.0
24181,2001A,2024-04-12 00:00:00,,297.0
24182,2004,2024-04-12 00:00:00,,340.0
24183,2005A,2024-04-12 00:00:00,,316.0
24184,2005B,2024-04-12 00:00:00,,322.0
24185,2022,2024-04-12 00:00:00,,256.0
24186,2025,2024-04-12 00:00:00,,282.0
24187,2029,2024-04-12 00:00:00,,339.0
24188,2032,2024-04-12 00:00:00,,407.0
24189,2039A,2024-04-12 00:00:00,,281.0
24190,2045,2024-04-12 00:00:00,,233.0
24191,2053,2024-04-12 00:00:00,,325.0
24192,2054,2024-04-12 00:00:00,,351.0
24193,2056,2024-04-12 00:00:00,,333.0
24194,2090,2024-04-12 00:00:00,,338.0
24195,2092,2024-04-12 00:00:00,,291.0
24196,2106,2024-04-12 00:00:00,,299.0
24197,2155,2024-04-12 00:00:00,,338.0
24198,2170,2024-04-12 00:00:00,,228.0
24199,22168,2024-04-12 00:00:00,,275.0
24200,22181,2024-04-12 00:00:00,,235.0
24201,22194,2024-04-12 00:00:00,,231.0
24202,23004,2024-04-12 00:00:00,,240.0
24203,MSN3,2024-04-12 00:00:00,,498.0
24204,1237,2024-04-12 00:00:00,,378.0
24205,1070A,2024-04-12 00:00:00,,337.0
24206,24110,2024-04-11 00:00:00,,24.0
24207,24109,2024-04-10 00:00:00,,28.0
24208,24108,2024-04-09 00:00:00,,28.0
24209,24106,2024-04-07 00:00:00,,28.0
24210,23140,2024-04-06 00:00:00,,99.0
24211,23154,2024-04-06 00:00:00,,97.0
24212,24102,2024-04-06 00:00:00,,28.0
24213,1034,2024-04-03 00:00:00,,487.0
24214,1036,2024-04-03 00:00:00,,402.0
24215,1037,2024-04-03 00:00:00,,478.0
24216,1039,2024-04-03 00:00:00,,447.0
24217,1041,2024-04-03 00:00:00,,501.0
24218,1043,2024-04-03 00:00:00,,508.0
24219,1046,2024-04-03 00:00:00,,457.0
24220,1046A,2024-04-03 00:00:00,,389.0
24221,1047,2024-04-03 00:00:00,,422.0
24222,1048,2024-04-03 00:00:00,,375.0
24223,1048A,2024-04-03 00:00:00,,528.0
24224,1049,2024-04-03 00:00:00,,476.0
24225,1052,2024-04-03 00:00:00,,468.0
24226,1055,2024-04-03 00:00:00,,484.0
24227,1060,2024-04-03 00:00:00,,487.0
24228,1063A,2024-04-03 00:00:00,,502.0
24229,1068,2024-04-03 00:00:00,,405.0
24230,1074A,2024-04-03 00:00:00,,442.0
24231,1078,2024-04-03 00:00:00,,392.0
24232,1080,2024-04-03 00:00:00,,486.0
24233,1080A,2024-04-03 00:00:00,,429.0
24234,1082,2024-04-03 00:00:00,,515.0
24235,1083,2024-04-03 00:00:00,,430.0
24236,1090,2024-04-03 00:00:00,,473.0
24237,1092,2024-04-03 00:00:00,,438.0
24238,1095,2024-04-03 00:00:00,,458.0
24239,1096B,2024-04-03 00:00:00,,436.0
24240,1097,2024-04-03 00:00:00,,460.0
24241,1098A,2024-04-03 00:00:00,,462.0
24242,1101,2024-04-03 00:00:00,,401.0
24243,1105,2024-04-03 00:00:00,,420.0
24244,1106A,2024-04-03 00:00:00,,400.0
24245,1107,2024-04-03 00:00:00,,334.0
24246,1126,2024-04-03 00:00:00,,437.0
24247,1130,2024-04-03 00:00:00,,387.0
24248,1131,2024-04-03 00:00:00,,470.0
24249,1134,2024-04-03 00:00:00,,497.0
24250,1136,2024-04-03 00:00:00,,502.0
24251,1139,2024-04-03 00:00:00,,440.0
24252,1141,2024-04-03 00:00:00,,460.0
24253,1142,2024-04-03 00:00:00,,493.0
24254,1146,2024-04-03 00:00:00,,452.0
24255,1148,2024-04-03 00:00:00,,469.0
24256,1151,2024-04-03 00:00:00,,475.0
24257,1152,2024-04-03 00:00:00,,418.0
24258,1154,2024-04-03 00:00:00,,413.0
24259,1156,2024-04-03 00:00:00,,413.0
24260,1161A,2024-04-03 00:00:00,,462.0
24261,1162,2024-04-03 00:00:00,,444.0
24262,1163,2024-04-03 00:00:00,,420.0
24263,1165,2024-04-03 00:00:00,,388.0
24264,1174,2024-04-03 00:00:00,,442.0
24265,1180,2024-04-03 00:00:00,,440.0
24266,1182,2024-04-03 00:00:00,,433.0
24267,1186,2024-04-03 00:00:00,,492.0
24268,1187,2024-04-03 00:00:00,,438.0
24269,1189,2024-04-03 00:00:00,,500.0
24270,1190,2024-04-03 00:00:00,,430.0
24271,1202,2024-04-03 00:00:00,,418.0
24272,1204,2024-04-03 00:00:00,,395.0
24273,1205,2024-04-03 00:00:00,,472.0
24274,1206,2024-04-03 00:00:00,,390.0
24275,1207,2024-04-03 00:00:00,,403.0
24276,1212,2024-04-03 00:00:00,,454.0
24277,1213,2024-04-03 00:00:00,,459.0
24278,1214,2024-04-03 00:00:00,,372.0
24279,1215,2024-04-03 00:00:00,,404.0
24280,1238,2024-04-03 00:00:00,,448.0
24281,1253,2024-04-03 00:00:00,,442.0
24282,1257,2024-04-03 00:00:00,,444.0
24283,1324,2024-04-03 00:00:00,,403.0
24284,2027,2024-04-03 00:00:00,,422.0
24285,2035,2024-04-03 00:00:00,,453.0
24286,2041,2024-04-03 00:00:00,,413.0
24287,2060,2024-04-03 00:00:00,,391.0
24288,2065,2024-04-03 00:00:00,,426.0
24289,2128,2024-04-03 00:00:00,,372.0
24290,2204,2024-04-03 00:00:00,,400.0
24291,2781,2024-04-03 00:00:00,,453.0
24292,36,2024-04-03 00:00:00,,412.0
24293,9135,2024-04-03 00:00:00,,442.0
24294,9136A,2024-04-03 00:00:00,,435.0
24295,MSN16,2024-04-03 00:00:00,,413.0
24296,MSN17,2024-04-03 00:00:00,,404.0
24297,MSN2,2024-04-03 00:00:00,,416.0
24298,MSN4,2024-04-03 00:00:00,,483.0
24299,MSN8,2024-04-03 00:00:00,,467.0
24300,SN50,2024-04-03 00:00:00,,416.0
24301,4,2024-04-03 00:00:00,,455.0
24302,94,2024-04-03 00:00:00,,469.0
24303,0103A,2024-04-03 00:00:00,,495.0
24304,104,2024-04-03 00:00:00,,433.0
24305,109,2024-04-03 00:00:00,,472.0
24306,0109A,2024-04-03 00:00:00,,344.0
24307,110,2024-04-03 00:00:00,,475.0
24308,115,2024-04-03 00:00:00,,520.0
24309,116,2024-04-03 00:00:00,,447.0
24310,0116A,2024-04-03 00:00:00,,343.0
24311,118,2024-04-03 00:00:00,,503.0
24312,141,2024-04-03 00:00:00,,466.0
24313,171,2024-04-03 00:00:00,,505.0
24314,195,2024-04-03 00:00:00,,472.0
24315,196,2024-04-03 00:00:00,,487.0
24316,198,2024-04-03 00:00:00,,399.0
24317,0204A,2024-04-03 00:00:00,,468.0
24318,208,2024-04-03 00:00:00,,511.0
24319,210,2024-04-03 00:00:00,,496.0
24320,212,2024-04-03 00:00:00,,471.0
24321,214,2024-04-03 00:00:00,,474.0
24322,0216A,2024-04-03 00:00:00,,414.0
24323,217,2024-04-03 00:00:00,,441.0
24324,219,2024-04-03 00:00:00,,488.0
24325,0221A,2024-04-03 00:00:00,,494.0
24326,222,2024-04-03 00:00:00,,503.0
24327,0223A,2024-04-03 00:00:00,,475.0
24328,0223B,2024-04-03 00:00:00,,482.0
24329,242,2024-04-03 00:00:00,,452.0
24330,260,2024-04-03 00:00:00,,466.0
24331,273,2024-04-03 00:00:00,,482.0
24332,279,2024-04-03 00:00:00,,432.0
24333,292,2024-04-03 00:00:00,,461.0
24334,293,2024-04-03 00:00:00,,378.0
24335,325,2024-04-03 00:00:00,,428.0
24336,334,2024-04-03 00:00:00,,507.0
24337,335,2024-04-03 00:00:00,,462.0
24338,345,2024-04-03 00:00:00,,443.0
24339,346,2024-04-03 00:00:00,,404.0
24340,351,2024-04-03 00:00:00,,402.0
24341,358,2024-04-03 00:00:00,,404.0
24342,99,2024-04-03 00:00:00,,384.0
24343,1026,2024-04-03 00:00:00,,413.0
24344,1027,2024-04-03 00:00:00,,388.0
24345,1027A,2024-04-03 00:00:00,,336.0
24346,1029,2024-04-03 00:00:00,,431.0
24347,1030,2024-04-03 00:00:00,,490.0
24348,1031,2024-04-03 00:00:00,,392.0
24349,24096,2024-03-30 00:00:00,,25.0
24350,24094,2024-03-29 00:00:00,,24.0
24351,3104,2024-03-25 00:00:00,,418.0
24352,BU017,2024-03-25 00:00:00,,534.0
24353,BU023,2024-03-25 00:00:00,,515.0
24354,PEND32,2024-03-25 00:00:00,,621.0
24355,9134,2024-03-25 00:00:00,,545.0
24356,MSN13,2024-03-25 00:00:00,,409.0
24357,24080,2024-03-22 00:00:00,,26.0
24358,24072,2024-03-22 00:00:00,,26.0
24359,24074,2024-03-22 00:00:00,,31.0
24360,23046,2024-03-21 00:00:00,,137.0
24361,23055,2024-03-21 00:00:00,,150.0
24362,23056,2024-03-21 00:00:00,,143.0
24363,23061,2024-03-21 00:00:00,,134.0
24364,23064,2024-03-21 00:00:00,,103.0
24365,23077,2024-03-21 00:00:00,,107.0
24366,23079,2024-03-21 00:00:00,,116.0
24367,23081,2024-03-21 00:00:00,,145.0
24368,23082,2024-03-21 00:00:00,,105.0
24369,23085,2024-03-21 00:00:00,,114.0
24370,23087,2024-03-21 00:00:00,,93.0
24371,23084,2024-03-21 00:00:00,,155.0
24372,23090,2024-03-21 00:00:00,,122.0
24373,23091,2024-03-21 00:00:00,,98.0
24374,23092,2024-03-21 00:00:00,,149.0
24375,23096,2024-03-21 00:00:00,,156.0
24376,23098,2024-03-21 00:00:00,,141.0
24377,23101,2024-03-21 00:00:00,,120.0
24378,23104,2024-03-21 00:00:00,,118.0
24379,23105,2024-03-21 00:00:00,,109.0
24380,23107,2024-03-21 00:00:00,,162.0
24381,23108,2024-03-21 00:00:00,,125.0
24382,23110,2024-03-21 00:00:00,,131.0
24383,23118,2024-03-21 00:00:00,,146.0
24384,23119,2024-03-21 00:00:00,,135.0
24385,23120,2024-03-21 00:00:00,,96.0
24386,23122,2024-03-21 00:00:00,,97.0
24387,23123,2024-03-21 00:00:00,,149.0
24388,23127,2024-03-21 00:00:00,,92.0
24389,23131,2024-03-21 00:00:00,,119.0
24390,23134,2024-03-21 00:00:00,,148.0
24391,23135,2024-03-21 00:00:00,,119.0
24392,23138,2024-03-21 00:00:00,,102.0
24393,23141,2024-03-21 00:00:00,,140.0
24394,23142,2024-03-21 00:00:00,,135.0
24395,23146,2024-03-21 00:00:00,,137.0
24396,23150,2024-03-21 00:00:00,,138.0
24397,23151,2024-03-21 00:00:00,,125.0
24398,23152,2024-03-21 00:00:00,,99.0
24399,23153,2024-03-21 00:00:00,,177.0
24400,23159,2024-03-21 00:00:00,,126.0
24401,23028,2024-03-21 00:00:00,,162.0
24402,24084,2024-03-21 00:00:00,,28.0
24403,24086,2024-03-18 00:00:00,,26.0
24404,24078,2024-03-15 00:00:00,,23.0
24405,24076,2024-03-14 00:00:00,,33.0
24406,36,2024-03-13 00:00:00,,457.0
24407,119,2024-03-13 00:00:00,,375.0
24408,127,2024-03-13 00:00:00,,381.0
24409,185,2024-03-13 00:00:00,,382.0
24410,198,2024-03-13 00:00:00,,404.0
24411,217,2024-03-13 00:00:00,,438.0
24412,254,2024-03-13 00:00:00,,396.0
24413,260,2024-03-13 00:00:00,,499.0
24414,351,2024-03-13 00:00:00,,419.0
24415,1008,2024-03-13 00:00:00,,328.0
24416,1027,2024-03-13 00:00:00,,412.0
24417,1044,2024-03-13 00:00:00,,344.0
24418,1053,2024-03-13 00:00:00,,391.0
24419,1056,2024-03-13 00:00:00,,331.0
24420,1064,2024-03-13 00:00:00,,270.0
24421,1067,2024-03-13 00:00:00,,245.0
24422,1069,2024-03-13 00:00:00,,392.0
24423,1070,2024-03-13 00:00:00,,312.0
24424,1076,2024-03-13 00:00:00,,340.0
24425,1077,2024-03-13 00:00:00,,357.0
24426,1080A,2024-03-13 00:00:00,,415.0
24427,0118A,2024-03-13 00:00:00,,395.0
24428,1070A,2024-03-13 00:00:00,,320.0
24429,2001B,2024-03-13 00:00:00,,279.0
24430,1083,2024-03-13 00:00:00,,459.0
24431,1085,2024-03-13 00:00:00,,368.0
24432,1093,2024-03-13 00:00:00,,298.0
24433,1095B,2024-03-13 00:00:00,,364.0
24434,1097A,2024-03-13 00:00:00,,260.0
24435,1101A,2024-03-13 00:00:00,,298.0
24436,1104,2024-03-13 00:00:00,,344.0
24437,1106,2024-03-13 00:00:00,,383.0
24438,1112,2024-03-13 00:00:00,,354.0
24439,1130,2024-03-13 00:00:00,,403.0
24440,1146,2024-03-13 00:00:00,,461.0
24441,1156,2024-03-13 00:00:00,,423.0
24442,1165,2024-03-13 00:00:00,,412.0
24443,1166,2024-03-13 00:00:00,,382.0
24444,1174,2024-03-13 00:00:00,,460.0
24445,1204,2024-03-13 00:00:00,,412.0
24446,1206,2024-03-13 00:00:00,,418.0
24447,1215,2024-03-13 00:00:00,,420.0
24448,1216,2024-03-13 00:00:00,,393.0
24449,1219,2024-03-13 00:00:00,,389.0
24450,1228,2024-03-13 00:00:00,,389.0
24451,1253,2024-03-13 00:00:00,,467.0
24452,1257,2024-03-13 00:00:00,,468.0
24453,1292,2024-03-13 00:00:00,,369.0
24454,1324,2024-03-13 00:00:00,,426.0
24455,1336,2024-03-13 00:00:00,,422.0
24456,2004,2024-03-13 00:00:00,,328.0
24457,2022,2024-03-13 00:00:00,,240.0
24458,2025,2024-03-13 00:00:00,,274.0
24459,2029,2024-03-13 00:00:00,,335.0
24460,2032,2024-03-13 00:00:00,,387.0
24461,2045,2024-03-13 00:00:00,,220.0
24462,2053,2024-03-13 00:00:00,,310.0
24463,2054,2024-03-13 00:00:00,,332.0
24464,2056,2024-03-13 00:00:00,,276.0
24465,2090,2024-03-13 00:00:00,,324.0
24466,2092,2024-03-13 00:00:00,,281.0
24467,2106,2024-03-13 00:00:00,,278.0
24468,2155,2024-03-13 00:00:00,,206.0
24469,2170,2024-03-13 00:00:00,,211.0
24470,2204,2024-03-13 00:00:00,,409.0
24471,2781,2024-03-13 00:00:00,,489.0
24472,22168,2024-03-13 00:00:00,,240.0
24473,22181,2024-03-13 00:00:00,,225.0
24474,23004,2024-03-13 00:00:00,,223.0
24475,0204B,2024-03-13 00:00:00,,341.0
24476,0216A,2024-03-13 00:00:00,,432.0
24477,1096A,2024-03-13 00:00:00,,308.0
24478,2005A,2024-03-13 00:00:00,,288.0
24479,2005B,2024-03-13 00:00:00,,314.0
24480,2039A,2024-03-13 00:00:00,,273.0
24481,22194,2024-03-13 00:00:00,,215.0
24482,MSN3,2024-03-13 00:00:00,,494.0
24483,1018,2024-03-13 00:00:00,,205.0
24484,1133,2024-03-13 00:00:00,,257.0
24485,2001A,2024-03-13 00:00:00,,279.0
24486,2154,2024-03-13 00:00:00,,185.0
24487,1055A,2024-03-13 00:00:00,,319.0
24488,1068,2024-03-13 00:00:00,,427.0
24489,1130A,2024-03-13 00:00:00,,295.0
24490,1082A,2024-03-13 00:00:00,,270.0
24491,1092A,2024-03-13 00:00:00,,320.0
24492,8059,2024-03-11 00:00:00,,414.0
24493,357,2024-03-11 00:00:00,,536.0
24494,1195,2024-03-11 00:00:00,,557.0
24495,6025,2024-03-11 00:00:00,,375.0
24496,1079A,2024-03-11 00:00:00,,566.0
24497,1050,2024-03-11 00:00:00,,552.0
24498,24075,2024-03-11 00:00:00,,27.0
24499,24073,2024-03-10 00:00:00,,35.0
24500,24070,2024-03-08 00:00:00,,33.0
24501,24069,2024-03-04 00:00:00,,33.0
24502,24067,2024-03-03 00:00:00,,32.0
24503,24065,2024-03-02 00:00:00,,28.0
24504,24061,2024-02-28 00:00:00,,23.0
24505,24062,2024-02-28 00:00:00,,27.0
24506,24060,2024-02-27 00:00:00,,31.0
24507,24059,2024-02-26 00:00:00,,36.0
24508,24055,2024-02-24 00:00:00,,31.0
24509,24056,2024-02-24 00:00:00,,24.0
24510,24058,2024-02-24 00:00:00,,27.0
24511,24054,2024-02-23 00:00:00,,31.0
24512,24052,2024-02-22 00:00:00,,26.0
24513,24053,2024-02-22 00:00:00,,28.0
24514,24051,2024-02-20 00:00:00,,31.0
24515,24050,2024-02-18 00:00:00,,25.0
24516,24048,2024-02-17 00:00:00,,22.0
24517,24049,2024-02-17 00:00:00,,30.0
24518,24047,2024-02-15 00:00:00,,26.0
24519,24045,2024-02-14 00:00:00,,27.0
24520,24046,2024-02-14 00:00:00,,32.0
24521,24044,2024-02-13 00:00:00,,26.0
24522,265,2024-02-12 00:00:00,,522.0
24523,0094A,2024-02-12 00:00:00,,554.0
24524,1088,2024-02-12 00:00:00,,530.0
24525,215,2024-02-12 00:00:00,,570.0
24526,6003,2024-02-12 00:00:00,,393.0
24527,S/ND,2024-02-12 00:00:00,,586.0
24528,24042,2024-02-11 00:00:00,,31.0
24529,24043,2024-02-11 00:00:00,,29.0
24530,24039,2024-02-10 00:00:00,,23.0
24531,24040,2024-02-10 00:00:00,,26.0
24532,24036,2024-02-08 00:00:00,,24.0
24533,24037,2024-02-08 00:00:00,,31.0
24534,3028,2024-02-07 00:00:00,,151.0
24535,3074,2024-02-07 00:00:00,,109.0
24536,23094,2024-02-07 00:00:00,,107.0
24537,3073,2024-02-07 00:00:00,,119.0
24538,3027,2024-02-07 00:00:00,,101.0
24539,23086,2024-02-07 00:00:00,,77.0
24540,23070,2024-02-07 00:00:00,,90.0
24541,23066,2024-02-07 00:00:00,,90.0
24542,24035,2024-02-03 00:00:00,,21.0
24543,24032,2024-02-02 00:00:00,,20.0
24544,24033,2024-02-02 00:00:00,,36.0
24545,24034,2024-02-02 00:00:00,,30.0
24546,24031,2024-02-01 00:00:00,,28.0
24547,101,2024-02-01 00:00:00,,374.0
24548,108,2024-02-01 00:00:00,,308.0
24549,201,2024-02-01 00:00:00,,381.0
24550,240,2024-02-01 00:00:00,,420.0
24551,205,2024-02-01 00:00:00,,330.0
24552,0208A,2024-02-01 00:00:00,,372.0
24553,0231B,2024-02-01 00:00:00,,250.0
24554,267,2024-02-01 00:00:00,,408.0
24555,270,2024-02-01 00:00:00,,380.0
24556,294,2024-02-01 00:00:00,,381.0
24557,297,2024-02-01 00:00:00,,322.0
24558,298,2024-02-01 00:00:00,,353.0
24559,0299A,2024-02-01 00:00:00,,473.0
24560,0299C,2024-02-01 00:00:00,,351.0
24561,0330A,2024-02-01 00:00:00,,360.0
24562,342,2024-02-01 00:00:00,,367.0
24563,344,2024-02-01 00:00:00,,343.0
24564,348,2024-02-01 00:00:00,,292.0
24565,350,2024-02-01 00:00:00,,323.0
24566,354,2024-02-01 00:00:00,,374.0
24567,355,2024-02-01 00:00:00,,344.0
24568,1017A,2024-02-01 00:00:00,,404.0
24569,1023,2024-02-01 00:00:00,,339.0
24570,10431,2024-02-01 00:00:00,,295.0
24571,1066,2024-02-01 00:00:00,,298.0
24572,1075,2024-02-01 00:00:00,,303.0
24573,1079,2024-02-01 00:00:00,,346.0
24574,1088A,2024-02-01 00:00:00,,371.0
24575,1096,2024-02-01 00:00:00,,294.0
24576,1104A,2024-02-01 00:00:00,,336.0
24577,1132,2024-02-01 00:00:00,,360.0
24578,2019,2024-02-01 00:00:00,,258.0
24579,2023,2024-02-01 00:00:00,,327.0
24580,2035A,2024-02-01 00:00:00,,311.0
24581,2039,2024-02-01 00:00:00,,450.0
24582,2042,2024-02-01 00:00:00,,255.0
24583,2048,2024-02-01 00:00:00,,244.0
24584,2052,2024-02-01 00:00:00,,346.0
24585,2063B,2024-02-01 00:00:00,,263.0
24586,2093,2024-02-01 00:00:00,,208.0
24587,2103,2024-02-01 00:00:00,,285.0
24588,2108,2024-02-01 00:00:00,,253.0
24589,2109,2024-02-01 00:00:00,,234.0
24590,2111,2024-02-01 00:00:00,,253.0
24591,2146,2024-02-01 00:00:00,,317.0
24592,2153,2024-02-01 00:00:00,,248.0
24593,2200,2024-02-01 00:00:00,,255.0
24594,2201,2024-02-01 00:00:00,,286.0
24595,2203,2024-02-01 00:00:00,,297.0
24596,22049,2024-02-01 00:00:00,,224.0
24597,22126,2024-02-01 00:00:00,,204.0
24598,22132,2024-02-01 00:00:00,,159.0
24599,22149,2024-02-01 00:00:00,,203.0
24600,22172,2024-02-01 00:00:00,,255.0
24601,23003,2024-02-01 00:00:00,,143.0
24602,2702,2024-02-01 00:00:00,,349.0
24603,33,2024-02-01 00:00:00,,370.0
24604,35,2024-02-01 00:00:00,,358.0
24605,6017,2024-02-01 00:00:00,,332.0
24606,6050,2024-02-01 00:00:00,,426.0
24607,8011,2024-02-01 00:00:00,,400.0
24608,8015,2024-02-01 00:00:00,,306.0
24609,8032,2024-02-01 00:00:00,,416.0
24610,8073,2024-02-01 00:00:00,,249.0
24611,8082,2024-02-01 00:00:00,,331.0
24612,80841,2024-02-01 00:00:00,,395.0
24613,9064,2024-02-01 00:00:00,,379.0
24614,9095,2024-02-01 00:00:00,,444.0
24615,91121,2024-02-01 00:00:00,,414.0
24616,24029,2024-01-31 00:00:00,,28.0
24617,24030,2024-01-31 00:00:00,,21.0
24618,24028,2024-01-30 00:00:00,,27.0
24619,24025,2024-01-29 00:00:00,,25.0
24620,24027,2024-01-29 00:00:00,,29.0
24621,1057,2024-01-29 00:00:00,,523.0
24622,9110,2024-01-29 00:00:00,,517.0
24623,178,2024-01-29 00:00:00,,550.0
24624,9264,2024-01-29 00:00:00,,529.0
24625,7065,2024-01-29 00:00:00,,550.0
24626,4122,2024-01-29 00:00:00,,375.0
24627,23027,2024-01-29 00:00:00,,101.0
24628,23073,2024-01-29 00:00:00,,119.0
24629,23074,2024-01-29 00:00:00,,109.0
24630,24023,2024-01-28 00:00:00,,26.0
24631,24024,2024-01-28 00:00:00,,29.0
24632,24021,2024-01-23 00:00:00,,32.0
24633,128,2024-01-23 00:00:00,,366.0
24634,143,2024-01-23 00:00:00,,353.0
24635,0215A,2024-01-23 00:00:00,,407.0
24636,5,2024-01-23 00:00:00,,391.0
24637,10391,2024-01-23 00:00:00,,309.0
24638,1109A,2024-01-23 00:00:00,,344.0
24639,1128,2024-01-23 00:00:00,,387.0
24640,2025A,2024-01-23 00:00:00,,454.0
24641,20337,2024-01-23 00:00:00,,421.0
24642,2037,2024-01-23 00:00:00,,274.0
24643,2040,2024-01-23 00:00:00,,300.0
24644,2047,2024-01-23 00:00:00,,461.0
24645,2051,2024-01-23 00:00:00,,458.0
24646,2093A,2024-01-23 00:00:00,,486.0
24647,2097,2024-01-23 00:00:00,,445.0
24648,21027,2024-01-23 00:00:00,,407.0
24649,2150,2024-01-23 00:00:00,,450.0
24650,2217,2024-01-23 00:00:00,,523.0
24651,2224,2024-01-23 00:00:00,,270.0
24652,23125,2024-01-23 00:00:00,,89.0
24653,23146,2024-01-23 00:00:00,,114.0
24654,2337,2024-01-23 00:00:00,,434.0
24655,2340,2024-01-23 00:00:00,,445.0
24656,3015,2024-01-23 00:00:00,,491.0
24657,3026A,2024-01-23 00:00:00,,484.0
24658,3044A,2024-01-23 00:00:00,,465.0
24659,3093,2024-01-23 00:00:00,,378.0
24660,3104,2024-01-23 00:00:00,,404.0
24661,3227,2024-01-23 00:00:00,,319.0
24662,4007,2024-01-23 00:00:00,,554.0
24663,40072,2024-01-23 00:00:00,,421.0
24664,4008,2024-01-23 00:00:00,,366.0
24665,4033,2024-01-23 00:00:00,,443.0
24666,4041,2024-01-23 00:00:00,,470.0
24667,4055,2024-01-23 00:00:00,,449.0
24668,406,2024-01-23 00:00:00,,386.0
24669,4065,2024-01-23 00:00:00,,459.0
24670,4066,2024-01-23 00:00:00,,320.0
24671,4078,2024-01-23 00:00:00,,356.0
24672,4100,2024-01-23 00:00:00,,432.0
24673,4109,2024-01-23 00:00:00,,359.0
24674,4122,2024-01-23 00:00:00,,380.0
24675,4141,2024-01-23 00:00:00,,371.0
24676,4143,2024-01-23 00:00:00,,383.0
24677,4147,2024-01-23 00:00:00,,468.0
24678,5041,2024-01-23 00:00:00,,413.0
24679,50501,2024-01-23 00:00:00,,361.0
24680,5072,2024-01-23 00:00:00,,397.0
24681,50741,2024-01-23 00:00:00,,371.0
24682,5076,2024-01-23 00:00:00,,370.0
24683,5082,2024-01-23 00:00:00,,366.0
24684,5098,2024-01-23 00:00:00,,447.0
24685,5144,2024-01-23 00:00:00,,411.0
24686,5529,2024-01-23 00:00:00,,439.0
24687,6008,2024-01-23 00:00:00,,448.0
24688,6025,2024-01-23 00:00:00,,376.0
24689,6028,2024-01-23 00:00:00,,420.0
24690,60286,2024-01-23 00:00:00,,368.0
24691,6031,2024-01-23 00:00:00,,401.0
24692,6037,2024-01-23 00:00:00,,337.0
24693,6042,2024-01-23 00:00:00,,552.0
24694,6070,2024-01-23 00:00:00,,379.0
24695,7021,2024-01-23 00:00:00,,353.0
24696,7052,2024-01-23 00:00:00,,367.0
24697,7066,2024-01-23 00:00:00,,438.0
24698,7072,2024-01-23 00:00:00,,407.0
24699,7092,2024-01-23 00:00:00,,347.0
24700,8004,2024-01-23 00:00:00,,355.0
24701,8005,2024-01-23 00:00:00,,369.0
24702,8007,2024-01-23 00:00:00,,395.0
24703,8010,2024-01-23 00:00:00,,368.0
24704,8013,2024-01-23 00:00:00,,362.0
24705,8014,2024-01-23 00:00:00,,453.0
24706,8016,2024-01-23 00:00:00,,292.0
24707,8026,2024-01-23 00:00:00,,351.0
24708,80272,2024-01-23 00:00:00,,375.0
24709,8040,2024-01-23 00:00:00,,290.0
24710,80472,2024-01-23 00:00:00,,343.0
24711,8051,2024-01-23 00:00:00,,380.0
24712,8067,2024-01-23 00:00:00,,374.0
24713,8072,2024-01-23 00:00:00,,332.0
24714,8077,2024-01-23 00:00:00,,343.0
24715,8089,2024-01-23 00:00:00,,379.0
24716,80921,2024-01-23 00:00:00,,323.0
24717,8093,2024-01-23 00:00:00,,321.0
24718,89,2024-01-23 00:00:00,,402.0
24719,9018B,2024-01-23 00:00:00,,338.0
24720,9023,2024-01-23 00:00:00,,284.0
24721,9037,2024-01-23 00:00:00,,361.0
24722,9046,2024-01-23 00:00:00,,464.0
24723,9071,2024-01-23 00:00:00,,404.0
24724,9100,2024-01-23 00:00:00,,359.0
24725,9121,2024-01-23 00:00:00,,383.0
24726,9219,2024-01-23 00:00:00,,367.0
24727,EMB 1,2024-01-23 00:00:00,,410.0
24728,EMB 4,2024-01-23 00:00:00,,419.0
24729,EMB 5,2024-01-23 00:00:00,,468.0
24730,S/NB,2024-01-23 00:00:00,,483.0
24731,S/NC,2024-01-23 00:00:00,,490.0
24732,S/NH,2024-01-23 00:00:00,,474.0
24733,23094,2024-01-23 00:00:00,,110.0
24734,3099,2024-01-23 00:00:00,,115.0
24735,23099,2024-01-23 00:00:00,,115.0
24736,24020,2024-01-22 00:00:00,,31.0
24737,24017,2024-01-22 00:00:00,,27.0
24738,24018,2024-01-22 00:00:00,,24.0
24739,24019,2024-01-22 00:00:00,,22.0
24740,24016,2024-01-21 00:00:00,,34.0
24741,24015,2024-01-19 00:00:00,,33.0
24742,24014,2024-01-18 00:00:00,,32.0
24743,24012,2024-01-18 00:00:00,,31.0
24744,24013,2024-01-18 00:00:00,,35.0
24745,24011,2024-01-16 00:00:00,,24.0
24746,24010,2024-01-15 00:00:00,,14.0
24747,2177A,2024-01-15 00:00:00,,330.0
24748,24007,2024-01-14 00:00:00,,33.0
24749,24006,2024-01-14 00:00:00,,22.0
24750,24008,2024-01-14 00:00:00,,28.0
24751,24009,2024-01-14 00:00:00,,32.0
24752,24005,2024-01-12 00:00:00,,33.0
24753,22150,2024-01-12 00:00:00,,121.0
24754,22176,2024-01-12 00:00:00,,114.0
24755,22182,2024-01-12 00:00:00,,113.0
24756,22185,2024-01-12 00:00:00,,174.0
24757,22187,2024-01-12 00:00:00,,137.0
24758,22190,2024-01-12 00:00:00,,141.0
24759,22209,2024-01-12 00:00:00,,136.0
24760,23006,2024-01-12 00:00:00,,147.0
24761,23013,2024-01-12 00:00:00,,126.0
24762,23014,2024-01-12 00:00:00,,123.0
24763,23015,2024-01-12 00:00:00,,168.0
24764,23020,2024-01-12 00:00:00,,130.0
24765,23041,2024-01-12 00:00:00,,112.0
24766,23043,2024-01-12 00:00:00,,109.0
24767,23044,2024-01-12 00:00:00,,103.0
24768,23051,2024-01-12 00:00:00,,108.0
24769,23052,2024-01-12 00:00:00,,102.0
24770,23067,2024-01-12 00:00:00,,93.0
24771,23069,2024-01-12 00:00:00,,103.0
24772,23088,2024-01-12 00:00:00,,110.0
24773,23093,2024-01-12 00:00:00,,121.0
24774,23095,2024-01-12 00:00:00,,128.0
24775,23102,2024-01-12 00:00:00,,124.0
24776,23106,2024-01-12 00:00:00,,115.0
24777,23111,2024-01-12 00:00:00,,120.0
24778,23114,2024-01-12 00:00:00,,134.0
24779,23115,2024-01-12 00:00:00,,148.0
24780,23116,2024-01-12 00:00:00,,147.0
24781,23121,2024-01-12 00:00:00,,146.0
24782,23124,2024-01-12 00:00:00,,153.0
24783,23129,2024-01-12 00:00:00,,126.0
24784,23164,2024-01-12 00:00:00,,60.0
24785,23183,2024-01-12 00:00:00,,58.0
24786,23189,2024-01-12 00:00:00,,52.0
24787,23193,2024-01-12 00:00:00,,73.0
24788,24004,2024-01-09 00:00:00,,31.0
24789,0291A,2024-01-08 00:00:00,,474.0
24790,250,2024-01-08 00:00:00,,508.0
24791,MSN14,2024-01-08 00:00:00,,527.0
24792,337,2024-01-08 00:00:00,,528.0
24793,356,2024-01-08 00:00:00,,476.0
24794,9018,2024-01-08 00:00:00,,487.0
24795,24003,2024-01-07 00:00:00,,35.0
24796,24001,2024-01-02 00:00:00,,26.0
24797,24002,2024-01-02 00:00:00,,28.0
24798,23252,2023-12-31 00:00:00,,30.0
24799,23250,2023-12-28 00:00:00,,30.0
24800,23247,2023-12-28 00:00:00,,39.0
24801,23248,2023-12-28 00:00:00,,32.0
24802,23249,2023-12-28 00:00:00,,25.0
24803,23251,2023-12-28 00:00:00,,19.0
24804,23246,2023-12-27 00:00:00,,32.0
24805,23244,2023-12-26 00:00:00,,39.0
24806,23242,2023-12-25 00:00:00,,26.0
24807,23243,2023-12-25 00:00:00,,26.0
24808,23240,2023-12-24 00:00:00,,27.0
24809,23241,2023-12-24 00:00:00,,27.0
24810,23239,2023-12-22 00:00:00,,27.0
24811,23238,2023-12-20 00:00:00,,25.0
24812,23236,2023-12-18 00:00:00,,33.0
24813,23237,2023-12-18 00:00:00,,29.0
24814,23234,2023-12-16 00:00:00,,15.0
24815,23235,2023-12-16 00:00:00,,29.0
24816,23232,2023-12-15 00:00:00,,30.0
24817,23007,2023-12-15 00:00:00,,122.0
24818,23018,2023-12-15 00:00:00,,141.0
24819,23030,2023-12-15 00:00:00,,119.0
24820,23033,2023-12-15 00:00:00,,107.0
24821,23054,2023-12-15 00:00:00,,121.0
24822,23057,2023-12-15 00:00:00,,136.0
24823,23059,2023-12-15 00:00:00,,127.0
24824,23060,2023-12-15 00:00:00,,105.0
24825,23062,2023-12-15 00:00:00,,129.0
24826,23065,2023-12-15 00:00:00,,125.0
24827,23071,2023-12-15 00:00:00,,103.0
24828,23017,2023-12-15 00:00:00,,149.0
24829,23233,2023-12-15 00:00:00,,31.0
24830,23230,2023-12-13 00:00:00,,25.0
24831,23231,2023-12-13 00:00:00,,21.0
24832,23227,2023-12-12 00:00:00,,22.0
24833,23228,2023-12-12 00:00:00,,28.0
24834,23229,2023-12-12 00:00:00,,27.0
24835,23224,2023-12-11 00:00:00,,29.0
24836,23225,2023-12-11 00:00:00,,32.0
24837,23223,2023-12-10 00:00:00,,30.0
24838,23222,2023-12-10 00:00:00,,30.0
24839,23221,2023-12-09 00:00:00,,30.0
24840,23220,2023-12-09 00:00:00,,38.0
24841,23218,2023-12-04 00:00:00,,30.0
24842,23219,2023-12-04 00:00:00,,14.0
24843,23217,2023-12-01 00:00:00,,31.0
24844,23216,2023-11-30 00:00:00,,30.0
24845,104,2023-11-23 00:00:00,,406.0
24846,0109A,2023-11-23 00:00:00,,333.0
24847,115,2023-11-23 00:00:00,,467.0
24848,116,2023-11-23 00:00:00,,416.0
24849,0116A,2023-11-23 00:00:00,,331.0
24850,118,2023-11-23 00:00:00,,477.0
24851,0204A,2023-11-23 00:00:00,,431.0
24852,212,2023-11-23 00:00:00,,450.0
24853,214,2023-11-23 00:00:00,,433.0
24854,219,2023-11-23 00:00:00,,473.0
24855,242,2023-11-23 00:00:00,,406.0
24856,273,2023-11-23 00:00:00,,428.0
24857,279,2023-11-23 00:00:00,,407.0
24858,292,2023-11-23 00:00:00,,415.0
24859,293,2023-11-23 00:00:00,,354.0
24860,325,2023-11-23 00:00:00,,412.0
24861,334,2023-11-23 00:00:00,,354.0
24862,335,2023-11-23 00:00:00,,445.0
24863,345,2023-11-23 00:00:00,,417.0
24864,346,2023-11-23 00:00:00,,370.0
24865,358,2023-11-23 00:00:00,,390.0
24866,99,2023-11-23 00:00:00,,390.0
24867,1026,2023-11-23 00:00:00,,397.0
24868,1027A,2023-11-23 00:00:00,,294.0
24869,1029,2023-11-23 00:00:00,,406.0
24870,1031,2023-11-23 00:00:00,,362.0
24871,1036,2023-11-23 00:00:00,,348.0
24872,1039,2023-11-23 00:00:00,,406.0
24873,1046A,2023-11-23 00:00:00,,355.0
24874,1048,2023-11-23 00:00:00,,337.0
24875,1078,2023-11-23 00:00:00,,337.0
24876,1080A,2023-11-23 00:00:00,,367.0
24877,1105,2023-11-23 00:00:00,,348.0
24878,1106A,2023-11-23 00:00:00,,347.0
24879,1107,2023-11-23 00:00:00,,311.0
24880,1202,2023-11-23 00:00:00,,373.0
24881,2027,2023-11-23 00:00:00,,367.0
24882,2035,2023-11-23 00:00:00,,399.0
24883,2041,2023-11-23 00:00:00,,349.0
24884,2060,2023-11-23 00:00:00,,372.0
24885,2065,2023-11-23 00:00:00,,355.0
24886,9084,2023-11-23 00:00:00,,422.0
24887,9135,2023-11-23 00:00:00,,418.0
24888,9136A,2023-11-23 00:00:00,,442.0
24889,MSN1,2023-11-23 00:00:00,,362.0
24890,MSN12,2023-11-23 00:00:00,,416.0
24891,MSN17,2023-11-23 00:00:00,,378.0
24892,1007,2023-11-23 00:00:00,,378.0
24893,MSN2,2023-11-23 00:00:00,,419.0
24894,MSN4,2023-11-23 00:00:00,,443.0
24895,MSN8,2023-11-23 00:00:00,,416.0
24896,MSN9,2023-11-23 00:00:00,,402.0
24897,4,2023-11-21 00:00:00,,415.0
24898,94,2023-11-21 00:00:00,,518.0
24899,0094A,2023-11-21 00:00:00,,439.0
24900,0103A,2023-11-21 00:00:00,,447.0
24901,109,2023-11-21 00:00:00,,464.0
24902,110,2023-11-21 00:00:00,,445.0
24903,141,2023-11-21 00:00:00,,416.0
24904,171,2023-11-21 00:00:00,,469.0
24905,178,2023-11-21 00:00:00,,511.0
24906,195,2023-11-21 00:00:00,,418.0
24907,196,2023-11-21 00:00:00,,440.0
24908,208,2023-11-21 00:00:00,,464.0
24909,210,2023-11-21 00:00:00,,446.0
24910,215,2023-11-21 00:00:00,,513.0
24911,0221A,2023-11-21 00:00:00,,451.0
24912,222,2023-11-21 00:00:00,,452.0
24913,265,2023-11-21 00:00:00,,474.0
24914,357,2023-11-21 00:00:00,,484.0
24915,1030,2023-11-21 00:00:00,,456.0
24916,1034,2023-11-21 00:00:00,,466.0
24917,1037,2023-11-21 00:00:00,,400.0
24918,1041,2023-11-21 00:00:00,,439.0
24919,1043,2023-11-21 00:00:00,,452.0
24920,1046,2023-11-21 00:00:00,,434.0
24921,1047,2023-11-21 00:00:00,,406.0
24922,1048A,2023-11-21 00:00:00,,464.0
24923,1049,2023-11-21 00:00:00,,439.0
24924,1050,2023-11-21 00:00:00,,478.0
24925,1052,2023-11-21 00:00:00,,430.0
24926,1055,2023-11-21 00:00:00,,455.0
24927,1057,2023-11-21 00:00:00,,484.0
24928,1060,2023-11-21 00:00:00,,478.0
24929,1063A,2023-11-21 00:00:00,,452.0
24930,1074A,2023-11-21 00:00:00,,406.0
24931,1079A,2023-11-21 00:00:00,,486.0
24932,1080,2023-11-21 00:00:00,,444.0
24933,1082,2023-11-21 00:00:00,,447.0
24934,1084,2023-11-21 00:00:00,,405.0
24935,1088,2023-11-21 00:00:00,,481.0
24936,1090,2023-11-21 00:00:00,,422.0
24937,1092,2023-11-21 00:00:00,,389.0
24938,1095,2023-11-21 00:00:00,,419.0
24939,1096B,2023-11-21 00:00:00,,386.0
24940,1097,2023-11-21 00:00:00,,430.0
24941,1098A,2023-11-21 00:00:00,,426.0
24942,1101,2023-11-21 00:00:00,,411.0
24943,1126,2023-11-21 00:00:00,,399.0
24944,1131,2023-11-21 00:00:00,,467.0
24945,1134,2023-11-21 00:00:00,,453.0
24946,1136,2023-11-21 00:00:00,,446.0
24947,1139,2023-11-21 00:00:00,,406.0
24948,1141,2023-11-21 00:00:00,,417.0
24949,1142,2023-11-21 00:00:00,,437.0
24950,1146,2023-11-21 00:00:00,,402.0
24951,1148,2023-11-21 00:00:00,,414.0
24952,1151,2023-11-21 00:00:00,,444.0
24953,1152,2023-11-21 00:00:00,,407.0
24954,1154,2023-11-21 00:00:00,,387.0
24955,1161A,2023-11-21 00:00:00,,399.0
24956,1162,2023-11-21 00:00:00,,394.0
24957,1180,2023-11-21 00:00:00,,417.0
24958,1182,2023-11-21 00:00:00,,407.0
24959,1186,2023-11-21 00:00:00,,424.0
24960,1187,2023-11-21 00:00:00,,418.0
24961,1189,2023-11-21 00:00:00,,459.0
24962,1190,2023-11-21 00:00:00,,382.0
24963,1195,2023-11-21 00:00:00,,477.0
24964,1205,2023-11-21 00:00:00,,445.0
24965,1207,2023-11-21 00:00:00,,406.0
24966,1212,2023-11-21 00:00:00,,404.0
24967,1213,2023-11-21 00:00:00,,395.0
24968,1238,2023-11-21 00:00:00,,410.0
24969,2128,2023-11-21 00:00:00,,315.0
24970,7065,2023-11-21 00:00:00,,540.0
24971,9110,2023-11-21 00:00:00,,506.0
24972,9264,2023-11-21 00:00:00,,493.0
24973,SN50,2023-11-21 00:00:00,,354.0
24974,23215,2023-11-21 00:00:00,,26.0
24975,23214,2023-11-20 00:00:00,,28.0
24976,22132,2023-11-18 00:00:00,,130.0
24977,22192,2023-11-18 00:00:00,,135.0
24978,22195,2023-11-18 00:00:00,,143.0
24979,22197,2023-11-18 00:00:00,,101.0
24980,23005,2023-11-18 00:00:00,,110.0
24981,23008,2023-11-18 00:00:00,,136.0
24982,23010,2023-11-18 00:00:00,,136.0
24983,23021,2023-11-18 00:00:00,,135.0
24984,23023,2023-11-18 00:00:00,,91.0
24985,23026,2023-11-18 00:00:00,,132.0
24986,23034,2023-11-18 00:00:00,,122.0
24987,23035,2023-11-18 00:00:00,,127.0
24988,23037,2023-11-18 00:00:00,,135.0
24989,23038,2023-11-18 00:00:00,,105.0
24990,23040,2023-11-18 00:00:00,,149.0
24991,23048,2023-11-18 00:00:00,,125.0
24992,23049,2023-11-18 00:00:00,,141.0
24993,23050,2023-11-18 00:00:00,,131.0
24994,23053,2023-11-18 00:00:00,,160.0
24995,23063,2023-11-18 00:00:00,,149.0
24996,23072,2023-11-18 00:00:00,,158.0
24997,23078,2023-11-18 00:00:00,,162.0
24998,MSN10,2023-11-16 00:00:00,,524.0
24999,3100,2023-11-16 00:00:00,,400.0
25000,103,2023-11-16 00:00:00,,478.0
25001,207,2023-11-16 00:00:00,,483.0
25002,245,2023-11-16 00:00:00,,471.0
25003,295,2023-11-16 00:00:00,,477.0
25004,341,2023-11-16 00:00:00,,469.0
25005,0118A,2023-11-14 00:00:00,,355.0
25006,119,2023-11-14 00:00:00,,335.0
25007,127,2023-11-14 00:00:00,,341.0
25008,185,2023-11-14 00:00:00,,352.0
25009,198,2023-11-14 00:00:00,,345.0
25010,0204B,2023-11-14 00:00:00,,298.0
25011,0216A,2023-11-14 00:00:00,,357.0
25012,0223B,2023-11-14 00:00:00,,445.0
25013,254,2023-11-14 00:00:00,,352.0
25014,260,2023-11-14 00:00:00,,453.0
25015,0291A,2023-11-14 00:00:00,,447.0
25016,351,2023-11-14 00:00:00,,378.0
25017,356,2023-11-14 00:00:00,,450.0
25018,1008,2023-11-14 00:00:00,,283.0
25019,1017,2023-11-14 00:00:00,,308.0
25020,1027,2023-11-14 00:00:00,,347.0
25021,1044,2023-11-14 00:00:00,,293.0
25022,1053,2023-11-14 00:00:00,,355.0
25023,1056,2023-11-14 00:00:00,,294.0
25024,1068,2023-11-14 00:00:00,,381.0
25025,1069,2023-11-14 00:00:00,,342.0
25026,1070,2023-11-14 00:00:00,,261.0
25027,1076,2023-11-14 00:00:00,,283.0
25028,1077,2023-11-14 00:00:00,,304.0
25029,1083,2023-11-14 00:00:00,,390.0
25030,1085,2023-11-14 00:00:00,,281.0
25031,1092A,2023-11-14 00:00:00,,286.0
25032,1095B,2023-11-14 00:00:00,,320.0
25033,1096A,2023-11-14 00:00:00,,261.0
25034,1101A,2023-11-14 00:00:00,,242.0
25035,1104,2023-11-14 00:00:00,,305.0
25036,1106,2023-11-14 00:00:00,,335.0
25037,1112,2023-11-14 00:00:00,,281.0
25038,1130,2023-11-14 00:00:00,,343.0
25039,1163,2023-11-14 00:00:00,,370.0
25040,1156,2023-11-14 00:00:00,,361.0
25041,1165,2023-11-14 00:00:00,,357.0
25042,1166,2023-11-14 00:00:00,,379.0
25043,1204,2023-11-14 00:00:00,,349.0
25044,1206,2023-11-14 00:00:00,,346.0
25045,1214,2023-11-14 00:00:00,,352.0
25046,1215,2023-11-14 00:00:00,,380.0
25047,1216,2023-11-14 00:00:00,,343.0
25048,1219,2023-11-14 00:00:00,,347.0
25049,1228,2023-11-14 00:00:00,,334.0
25050,1237,2023-11-14 00:00:00,,320.0
25051,1253,2023-11-14 00:00:00,,391.0
25052,1257,2023-11-14 00:00:00,,396.0
25053,1292,2023-11-14 00:00:00,,303.0
25054,1324,2023-11-14 00:00:00,,348.0
25055,1336,2023-11-14 00:00:00,,354.0
25056,2004,2023-11-14 00:00:00,,269.0
25057,2005B,2023-11-14 00:00:00,,274.0
25058,2029,2023-11-14 00:00:00,,279.0
25059,2032,2023-11-14 00:00:00,,316.0
25060,2039A,2023-11-14 00:00:00,,230.0
25061,2054,2023-11-14 00:00:00,,278.0
25062,2056,2023-11-14 00:00:00,,281.0
25063,2090,2023-11-14 00:00:00,,287.0
25064,2204,2023-11-14 00:00:00,,348.0
25065,36,2023-11-14 00:00:00,,391.0
25066,37,2023-11-14 00:00:00,,234.0
25067,9018,2023-11-14 00:00:00,,462.0
25068,9134,2023-11-14 00:00:00,,475.0
25069,MSN15,2023-11-14 00:00:00,,388.0
25070,23212,2023-11-10 00:00:00,,30.0
25071,22190,2023-11-09 00:00:00,,116.0
25072,22150,2023-11-09 00:00:00,,93.0
25073,22164,2023-11-09 00:00:00,,135.0
25074,22176,2023-11-09 00:00:00,,91.0
25075,22182,2023-11-09 00:00:00,,88.0
25076,22183,2023-11-09 00:00:00,,94.0
25077,22185,2023-11-09 00:00:00,,162.0
25078,22187,2023-11-09 00:00:00,,119.0
25079,22189,2023-11-09 00:00:00,,132.0
25080,22193,2023-11-09 00:00:00,,118.0
25081,22209,2023-11-09 00:00:00,,117.0
25082,23003,2023-11-09 00:00:00,,102.0
25083,23002,2023-11-09 00:00:00,,92.0
25084,23006,2023-11-09 00:00:00,,116.0
25085,23013,2023-11-09 00:00:00,,111.0
25086,23014,2023-11-09 00:00:00,,114.0
25087,23080,2023-11-09 00:00:00,,102.0
25088,23211,2023-11-04 00:00:00,,24.0
25089,6021,2023-11-02 00:00:00,,398.0
25090,3003A,2023-11-02 00:00:00,,474.0
25091,4018,2023-11-02 00:00:00,,355.0
25092,2063A,2023-11-02 00:00:00,,425.0
25093,7074,2023-11-02 00:00:00,,415.0
25094,4055,2023-11-02 00:00:00,,447.0
25095,3119,2023-11-02 00:00:00,,451.0
25096,2149A,2023-11-02 00:00:00,,442.0
25097,7067,2023-11-02 00:00:00,,341.0
25098,2148A,2023-11-02 00:00:00,,453.0
25099,80472,2023-11-02 00:00:00,,349.0
25100,31102,2023-11-02 00:00:00,,428.0
25101,2143,2023-11-02 00:00:00,,398.0
25102,7059,2023-11-02 00:00:00,,416.0
25103,8077,2023-11-02 00:00:00,,380.0
25104,7028,2023-11-02 00:00:00,,348.0
25105,80882,2023-11-02 00:00:00,,405.0
25106,8087,2023-11-02 00:00:00,,370.0
25107,8079,2023-11-02 00:00:00,,400.0
25108,3750,2023-11-02 00:00:00,,445.0
25109,2050,2023-11-02 00:00:00,,488.0
25110,40072,2023-11-02 00:00:00,,400.0
25111,2062,2023-11-02 00:00:00,,389.0
25112,8045,2023-11-02 00:00:00,,422.0
25113,9051,2023-11-02 00:00:00,,460.0
25114,740,2023-11-02 00:00:00,,462.0
25115,1091A,2023-11-02 00:00:00,,434.0
25116,2090A,2023-11-02 00:00:00,,453.0
25117,8033,2023-11-02 00:00:00,,423.0
25118,1015,2023-11-02 00:00:00,,470.0
25119,3066B,2023-11-02 00:00:00,,406.0
25120,5144,2023-11-02 00:00:00,,400.0
25121,4151,2023-11-02 00:00:00,,457.0
25122,50741,2023-11-02 00:00:00,,380.0
25123,2124A,2023-11-02 00:00:00,,493.0
25124,3021A,2023-11-02 00:00:00,,431.0
25125,7017,2023-11-02 00:00:00,,429.0
25126,2047,2023-11-02 00:00:00,,455.0
25127,EMB 5,2023-11-02 00:00:00,,487.0
25128,7087,2023-11-02 00:00:00,,500.0
25129,4079,2023-11-02 00:00:00,,367.0
25130,2208A,2023-11-02 00:00:00,,415.0
25131,5052,2023-11-02 00:00:00,,382.0
25132,7083,2023-11-02 00:00:00,,450.0
25133,6035,2023-11-02 00:00:00,,357.0
25134,7033,2023-11-02 00:00:00,,378.0
25135,4087,2023-11-02 00:00:00,,438.0
25136,5033,2023-11-02 00:00:00,,400.0
25137,2079,2023-11-02 00:00:00,,400.0
25138,2072,2023-11-02 00:00:00,,475.0
25139,2219,2023-11-02 00:00:00,,462.0
25140,2133A,2023-11-02 00:00:00,,334.0
25141,9020,2023-11-02 00:00:00,,331.0
25142,2196A,2023-11-02 00:00:00,,442.0
25143,128,2023-11-02 00:00:00,,343.0
25144,8046,2023-11-02 00:00:00,,486.0
25145,7007,2023-11-02 00:00:00,,392.0
25146,5679,2023-11-02 00:00:00,,418.0
25147,4101,2023-11-02 00:00:00,,394.0
25148,7012,2023-11-02 00:00:00,,372.0
25149,8019,2023-11-02 00:00:00,,411.0
25150,8050,2023-11-02 00:00:00,,384.0
25151,8048,2023-11-02 00:00:00,,335.0
25152,2226,2023-11-02 00:00:00,,467.0
25153,3024A,2023-11-02 00:00:00,,528.0
25154,2234,2023-11-02 00:00:00,,375.0
25155,6010,2023-11-02 00:00:00,,365.0
25156,2083,2023-11-02 00:00:00,,348.0
25157,500,2023-11-02 00:00:00,,567.0
25158,3084,2023-11-02 00:00:00,,392.0
25159,3107,2023-11-02 00:00:00,,396.0
25160,7077,2023-11-02 00:00:00,,392.0
25161,2094A,2023-11-02 00:00:00,,397.0
25162,4007,2023-11-02 00:00:00,,529.0
25163,8017,2023-11-02 00:00:00,,408.0
25164,9389,2023-11-02 00:00:00,,397.0
25165,2,2023-11-02 00:00:00,,411.0
25166,18,2023-11-02 00:00:00,,390.0
25167,809,2023-11-02 00:00:00,,417.0
25168,4043,2023-11-02 00:00:00,,412.0
25169,4057,2023-11-02 00:00:00,,475.0
25170,4072,2023-11-02 00:00:00,,533.0
25171,5013,2023-11-02 00:00:00,,442.0
25172,5077,2023-11-02 00:00:00,,398.0
25173,5079,2023-11-02 00:00:00,,480.0
25174,5146,2023-11-02 00:00:00,,357.0
25175,6025,2023-11-02 00:00:00,,365.0
25176,7066,2023-11-02 00:00:00,,454.0
25177,7076,2023-11-02 00:00:00,,373.0
25178,8028,2023-11-02 00:00:00,,409.0
25179,8030,2023-11-02 00:00:00,,434.0
25180,8043,2023-11-02 00:00:00,,423.0
25181,8086,2023-11-02 00:00:00,,437.0
25182,8094,2023-11-02 00:00:00,,348.0
25183,9040,2023-11-02 00:00:00,,392.0
25184,9071,2023-11-02 00:00:00,,404.0
25185,1112A,2023-11-02 00:00:00,,413.0
25186,3028A,2023-11-02 00:00:00,,373.0
25187,9018B,2023-11-02 00:00:00,,335.0
25188,23210,2023-11-01 00:00:00,,26.0
25189,23209,2023-10-31 00:00:00,,20.0
25190,23206,2023-10-30 00:00:00,,20.0
25191,23207,2023-10-30 00:00:00,,30.0
25192,23208,2023-10-30 00:00:00,,25.0
25193,2021,2023-10-26 00:00:00,,564.0
25194,2096,2023-10-26 00:00:00,,515.0
25195,2171,2023-10-26 00:00:00,,531.0
25196,3023,2023-10-26 00:00:00,,97.0
25197,4041,2023-10-26 00:00:00,,443.0
25198,4078,2023-10-26 00:00:00,,364.0
25199,4079,2023-10-26 00:00:00,,398.0
25200,4095,2023-10-26 00:00:00,,380.0
25201,5072,2023-10-26 00:00:00,,372.0
25202,5592,2023-10-26 00:00:00,,379.0
25203,7052,2023-10-26 00:00:00,,330.0
25204,7092,2023-10-26 00:00:00,,263.0
25205,8016,2023-10-26 00:00:00,,279.0
25206,8037,2023-10-26 00:00:00,,498.0
25207,8040,2023-10-26 00:00:00,,281.0
25208,8082,2023-10-26 00:00:00,,325.0
25209,8085,2023-10-26 00:00:00,,390.0
25210,9014,2023-10-26 00:00:00,,383.0
25211,9032,2023-10-26 00:00:00,,325.0
25212,9053,2023-10-26 00:00:00,,454.0
25213,9091,2023-10-26 00:00:00,,377.0
25214,9103,2023-10-26 00:00:00,,400.0
25215,22132,2023-10-26 00:00:00,,129.0
25216,139,2023-10-26 00:00:00,,377.0
25217,143,2023-10-26 00:00:00,,384.0
25218,5,2023-10-26 00:00:00,,361.0
25219,10391,2023-10-26 00:00:00,,275.0
25220,1056A,2023-10-26 00:00:00,,424.0
25221,1066A,2023-10-26 00:00:00,,392.0
25222,1077A,2023-10-26 00:00:00,,360.0
25223,1109A,2023-10-26 00:00:00,,347.0
25224,1139A,2023-10-26 00:00:00,,262.0
25225,1310,2023-10-26 00:00:00,,465.0
25226,2025A,2023-10-26 00:00:00,,349.0
25227,20334,2023-10-26 00:00:00,,442.0
25228,2051,2023-10-26 00:00:00,,370.0
25229,2080,2023-10-26 00:00:00,,479.0
25230,2097,2023-10-26 00:00:00,,451.0
25231,21027,2023-10-26 00:00:00,,361.0
25232,22186,2023-10-26 00:00:00,,122.0
25233,2217,2023-10-26 00:00:00,,513.0
25234,2224,2023-10-26 00:00:00,,270.0
25235,23040,2023-10-26 00:00:00,,140.0
25236,23063,2023-10-26 00:00:00,,139.0
25237,23078,2023-10-26 00:00:00,,141.0
25238,23110,2023-10-26 00:00:00,,81.0
25239,23111,2023-10-26 00:00:00,,87.0
25240,23114,2023-10-26 00:00:00,,91.0
25241,23115,2023-10-26 00:00:00,,112.0
25242,23116,2023-10-26 00:00:00,,107.0
25243,23119,2023-10-26 00:00:00,,89.0
25244,23121,2023-10-26 00:00:00,,100.0
25245,23124,2023-10-26 00:00:00,,117.0
25246,23129,2023-10-26 00:00:00,,79.0
25247,23130,2023-10-26 00:00:00,,62.0
25248,23134,2023-10-26 00:00:00,,68.0
25249,23135,2023-10-26 00:00:00,,55.0
25250,23142,2023-10-26 00:00:00,,78.0
25251,23146,2023-10-26 00:00:00,,50.0
25252,23153,2023-10-26 00:00:00,,83.0
25253,2337,2023-10-26 00:00:00,,425.0
25254,2340,2023-10-26 00:00:00,,472.0
25255,3005,2023-10-26 00:00:00,,108.0
25256,3010,2023-10-26 00:00:00,,134.0
25257,3015,2023-10-26 00:00:00,,440.0
25258,3017,2023-10-26 00:00:00,,132.0
25259,3018,2023-10-26 00:00:00,,128.0
25260,3021,2023-10-26 00:00:00,,128.0
25261,3022,2023-10-26 00:00:00,,152.0
25262,3026A,2023-10-26 00:00:00,,452.0
25263,3027A,2023-10-26 00:00:00,,467.0
25264,3030,2023-10-26 00:00:00,,102.0
25265,3034,2023-10-26 00:00:00,,116.0
25266,3035,2023-10-26 00:00:00,,126.0
25267,3037,2023-10-26 00:00:00,,132.0
25268,3038,2023-10-26 00:00:00,,97.0
25269,3038A,2023-10-26 00:00:00,,299.0
25270,3039,2023-10-26 00:00:00,,133.0
25271,3044,2023-10-26 00:00:00,,95.0
25272,3046,2023-10-26 00:00:00,,78.0
25273,3048,2023-10-26 00:00:00,,117.0
25274,3049,2023-10-26 00:00:00,,143.0
25275,3050,2023-10-26 00:00:00,,124.0
25276,3053,2023-10-26 00:00:00,,146.0
25277,3054,2023-10-26 00:00:00,,107.0
25278,3057,2023-10-26 00:00:00,,101.0
25279,3059,2023-10-26 00:00:00,,109.0
25280,3060,2023-10-26 00:00:00,,86.0
25281,3062,2023-10-26 00:00:00,,109.0
25282,3065,2023-10-26 00:00:00,,106.0
25283,3072,2023-10-26 00:00:00,,144.0
25284,3084A,2023-10-26 00:00:00,,92.0
25285,3092,2023-10-26 00:00:00,,87.0
25286,3093,2023-10-26 00:00:00,,347.0
25287,3093A,2023-10-26 00:00:00,,86.0
25288,3095,2023-10-26 00:00:00,,97.0
25289,3106,2023-10-26 00:00:00,,77.0
25290,3107A,2023-10-26 00:00:00,,90.0
25291,3108,2023-10-26 00:00:00,,523.0
25292,3178,2023-10-26 00:00:00,,321.0
25293,3227,2023-10-26 00:00:00,,305.0
25294,4033,2023-10-26 00:00:00,,330.0
25295,4034,2023-10-26 00:00:00,,360.0
25296,4053,2023-10-26 00:00:00,,440.0
25297,406,2023-10-26 00:00:00,,362.0
25298,4065,2023-10-26 00:00:00,,410.0
25299,4066,2023-10-26 00:00:00,,349.0
25300,4076,2023-10-26 00:00:00,,433.0
25301,4099,2023-10-26 00:00:00,,423.0
25302,4141,2023-10-26 00:00:00,,355.0
25303,4147,2023-10-26 00:00:00,,432.0
25304,4172,2023-10-26 00:00:00,,424.0
25305,4A,2023-10-26 00:00:00,,448.0
25306,5035,2023-10-26 00:00:00,,347.0
25307,5041,2023-10-26 00:00:00,,391.0
25308,50501,2023-10-26 00:00:00,,342.0
25309,5092,2023-10-26 00:00:00,,431.0
25310,5098,2023-10-26 00:00:00,,421.0
25311,6008,2023-10-26 00:00:00,,450.0
25312,6011,2023-10-26 00:00:00,,467.0
25313,6020,2023-10-26 00:00:00,,344.0
25314,6028,2023-10-26 00:00:00,,428.0
25315,60286,2023-10-26 00:00:00,,341.0
25316,6031,2023-10-26 00:00:00,,393.0
25317,6037,2023-10-26 00:00:00,,348.0
25318,6070,2023-10-26 00:00:00,,350.0
25319,7072,2023-10-26 00:00:00,,451.0
25320,7080,2023-10-26 00:00:00,,357.0
25321,8004,2023-10-26 00:00:00,,404.0
25322,8005,2023-10-26 00:00:00,,356.0
25323,8010,2023-10-26 00:00:00,,348.0
25324,80121,2023-10-26 00:00:00,,448.0
25325,8013,2023-10-26 00:00:00,,359.0
25326,8014,2023-10-26 00:00:00,,414.0
25327,8026,2023-10-26 00:00:00,,303.0
25328,8051,2023-10-26 00:00:00,,355.0
25329,8054,2023-10-26 00:00:00,,390.0
25330,8060,2023-10-26 00:00:00,,402.0
25331,8063,2023-10-26 00:00:00,,375.0
25332,8072,2023-10-26 00:00:00,,286.0
25333,8089,2023-10-26 00:00:00,,396.0
25334,80921,2023-10-26 00:00:00,,321.0
25335,89,2023-10-26 00:00:00,,372.0
25336,9023,2023-10-26 00:00:00,,268.0
25337,9045,2023-10-26 00:00:00,,420.0
25338,9046,2023-10-26 00:00:00,,440.0
25339,9047,2023-10-26 00:00:00,,383.0
25340,9100,2023-10-26 00:00:00,,343.0
25341,9219,2023-10-26 00:00:00,,330.0
25342,9238,2023-10-26 00:00:00,,341.0
25343,EMB 1,2023-10-26 00:00:00,,394.0
25344,101,2023-10-25 00:00:00,,340.0
25345,102,2023-10-25 00:00:00,,650.0
25346,108,2023-10-25 00:00:00,,301.0
25347,205,2023-10-25 00:00:00,,290.0
25348,0208A,2023-10-25 00:00:00,,344.0
25349,217,2023-10-25 00:00:00,,392.0
25350,0231B,2023-10-25 00:00:00,,242.0
25351,240,2023-10-25 00:00:00,,403.0
25352,267,2023-10-25 00:00:00,,376.0
25353,270,2023-10-25 00:00:00,,364.0
25354,294,2023-10-25 00:00:00,,266.0
25355,297,2023-10-25 00:00:00,,313.0
25356,298,2023-10-25 00:00:00,,333.0
25357,0298A,2023-10-25 00:00:00,,333.0
25358,0299A,2023-10-25 00:00:00,,465.0
25359,0299C,2023-10-25 00:00:00,,342.0
25360,0330A,2023-10-25 00:00:00,,333.0
25361,337,2023-10-25 00:00:00,,496.0
25362,342,2023-10-25 00:00:00,,334.0
25363,344,2023-10-25 00:00:00,,320.0
25364,350,2023-10-25 00:00:00,,305.0
25365,354,2023-10-25 00:00:00,,345.0
25366,355,2023-10-25 00:00:00,,324.0
25367,1005,2023-10-25 00:00:00,,349.0
25368,1017A,2023-10-25 00:00:00,,399.0
25369,1023,2023-10-25 00:00:00,,306.0
25370,1033A,2023-10-25 00:00:00,,283.0
25371,10431,2023-10-25 00:00:00,,265.0
25372,1066,2023-10-25 00:00:00,,271.0
25373,1075,2023-10-25 00:00:00,,260.0
25374,1079,2023-10-25 00:00:00,,297.0
25375,1088A,2023-10-25 00:00:00,,326.0
25376,1096,2023-10-25 00:00:00,,266.0
25377,1104A,2023-10-25 00:00:00,,312.0
25378,1109B,2023-10-25 00:00:00,,306.0
25379,1132,2023-10-25 00:00:00,,331.0
25380,2019,2023-10-25 00:00:00,,212.0
25381,2035A,2023-10-25 00:00:00,,277.0
25382,2040,2023-10-25 00:00:00,,264.0
25383,2042,2023-10-25 00:00:00,,218.0
25384,2048,2023-10-25 00:00:00,,207.0
25385,2052,2023-10-25 00:00:00,,309.0
25386,2063B,2023-10-25 00:00:00,,227.0
25387,2066,2023-10-25 00:00:00,,374.0
25388,2093,2023-10-25 00:00:00,,177.0
25389,2093A,2023-10-25 00:00:00,,465.0
25390,2099,2023-10-25 00:00:00,,203.0
25391,2103,2023-10-25 00:00:00,,241.0
25392,2108,2023-10-25 00:00:00,,229.0
25393,2109,2023-10-25 00:00:00,,211.0
25394,2111,2023-10-25 00:00:00,,208.0
25395,2114,2023-10-25 00:00:00,,155.0
25396,2146,2023-10-25 00:00:00,,290.0
25397,2153,2023-10-25 00:00:00,,312.0
25398,2159,2023-10-25 00:00:00,,229.0
25399,2193,2023-10-25 00:00:00,,291.0
25400,2202,2023-10-25 00:00:00,,203.0
25401,2203,2023-10-25 00:00:00,,260.0
25402,22049,2023-10-25 00:00:00,,198.0
25403,23131,2023-10-25 00:00:00,,60.0
25404,2702,2023-10-25 00:00:00,,312.0
25405,2781,2023-10-25 00:00:00,,467.0
25406,3033,2023-10-25 00:00:00,,109.0
25407,3039,2023-10-25 00:00:00,,400.0
25408,33,2023-10-25 00:00:00,,338.0
25409,35,2023-10-25 00:00:00,,353.0
25410,5638,2023-10-25 00:00:00,,313.0
25411,6017,2023-10-25 00:00:00,,332.0
25412,6050,2023-10-25 00:00:00,,420.0
25413,7021,2023-10-25 00:00:00,,350.0
25414,8011,2023-10-25 00:00:00,,387.0
25415,8015,2023-10-25 00:00:00,,302.0
25416,8032,2023-10-25 00:00:00,,392.0
25417,8073,2023-10-25 00:00:00,,259.0
25418,8082,2023-10-25 00:00:00,,320.0
25419,80841,2023-10-25 00:00:00,,403.0
25420,9084,2023-10-25 00:00:00,,360.0
25421,9095,2023-10-25 00:00:00,,436.0
25422,91121,2023-10-25 00:00:00,,411.0
25423,9122,2023-10-25 00:00:00,,320.0
25424,MSN14,2023-10-25 00:00:00,,472.0
25425,S/NB,2023-10-25 00:00:00,,456.0
25426,S/ND,2023-10-25 00:00:00,,581.0
25427,23203,2023-10-25 00:00:00,,21.0
25428,23204,2023-10-25 00:00:00,,21.0
25429,s/nj,2023-10-24 00:00:00,,522.0
25430,221,2023-10-24 00:00:00,,507.0
25431,0298B,2023-10-24 00:00:00,,548.0
25432,6053,2023-10-24 00:00:00,,412.0
25433,9118A,2023-10-24 00:00:00,,437.0
25434,pend21,2023-10-24 00:00:00,,675.0
25435,23202,2023-10-24 00:00:00,,28.0
25436,23201,2023-10-20 00:00:00,,34.0
25437,9,2023-10-17 00:00:00,,465.0
25438,19,2023-10-17 00:00:00,,427.0
25439,20,2023-10-17 00:00:00,,346.0
25440,30,2023-10-17 00:00:00,,304.0
25441,32,2023-10-17 00:00:00,,384.0
25442,34,2023-10-17 00:00:00,,389.0
25443,107,2023-10-17 00:00:00,,354.0
25444,111,2023-10-17 00:00:00,,395.0
25445,114,2023-10-17 00:00:00,,453.0
25446,132,2023-10-17 00:00:00,,451.0
25447,201,2023-10-17 00:00:00,,431.0
25448,202,2023-10-17 00:00:00,,330.0
25449,204,2023-10-17 00:00:00,,454.0
25450,213,2023-10-17 00:00:00,,433.0
25451,220,2023-10-17 00:00:00,,430.0
25452,226,2023-10-17 00:00:00,,415.0
25453,229,2023-10-17 00:00:00,,445.0
25454,233,2023-10-17 00:00:00,,402.0
25455,249,2023-10-17 00:00:00,,446.0
25456,258,2023-10-17 00:00:00,,340.0
25457,259,2023-10-17 00:00:00,,429.0
25458,271,2023-10-17 00:00:00,,342.0
25459,272,2023-10-17 00:00:00,,420.0
25460,278,2023-10-17 00:00:00,,390.0
25461,284,2023-10-17 00:00:00,,400.0
25462,291,2023-10-17 00:00:00,,374.0
25463,320,2023-10-17 00:00:00,,334.0
25464,322,2023-10-17 00:00:00,,391.0
25465,323,2023-10-17 00:00:00,,394.0
25466,326,2023-10-17 00:00:00,,372.0
25467,332,2023-10-17 00:00:00,,410.0
25468,333,2023-10-17 00:00:00,,366.0
25469,336,2023-10-17 00:00:00,,349.0
25470,338,2023-10-17 00:00:00,,373.0
25471,343,2023-10-17 00:00:00,,321.0
25472,1004,2023-10-17 00:00:00,,389.0
25473,2130,2023-10-17 00:00:00,,527.0
25474,2220,2023-10-17 00:00:00,,488.0
25475,4035,2023-10-17 00:00:00,,492.0
25476,4041,2023-10-17 00:00:00,,411.0
25477,4065,2023-10-17 00:00:00,,553.0
25478,4075,2023-10-17 00:00:00,,414.0
25479,4113,2023-10-17 00:00:00,,478.0
25480,4147,2023-10-17 00:00:00,,428.0
25481,5007,2023-10-17 00:00:00,,484.0
25482,5010,2023-10-17 00:00:00,,328.0
25483,5013,2023-10-17 00:00:00,,468.0
25484,5030,2023-10-17 00:00:00,,505.0
25485,5060,2023-10-17 00:00:00,,383.0
25486,6003,2023-10-17 00:00:00,,368.0
25487,6067,2023-10-17 00:00:00,,440.0
25488,6043,2023-10-17 00:00:00,,422.0
25489,7004,2023-10-17 00:00:00,,326.0
25490,7022,2023-10-17 00:00:00,,621.0
25491,7032,2023-10-17 00:00:00,,642.0
25492,7038,2023-10-17 00:00:00,,399.0
25493,7049,2023-10-17 00:00:00,,364.0
25494,7061,2023-10-17 00:00:00,,469.0
25495,7066,2023-10-17 00:00:00,,507.0
25496,7092,2023-10-17 00:00:00,,411.0
25497,8006,2023-10-17 00:00:00,,496.0
25498,8036,2023-10-17 00:00:00,,445.0
25499,8059,2023-10-17 00:00:00,,457.0
25500,8061,2023-10-17 00:00:00,,549.0
25501,8062,2023-10-17 00:00:00,,478.0
25502,8066,2023-10-17 00:00:00,,429.0
25503,8076,2023-10-17 00:00:00,,450.0
25504,8096,2023-10-17 00:00:00,,467.0
25505,9006,2023-10-17 00:00:00,,404.0
25506,9007,2023-10-17 00:00:00,,427.0
25507,9011,2023-10-17 00:00:00,,496.0
25508,9015,2023-10-17 00:00:00,,432.0
25509,9058,2023-10-17 00:00:00,,492.0
25510,9067,2023-10-17 00:00:00,,470.0
25511,9073,2023-10-17 00:00:00,,390.0
25512,9076,2023-10-17 00:00:00,,428.0
25513,9099,2023-10-17 00:00:00,,458.0
25514,9113,2023-10-17 00:00:00,,380.0
25515,9125,2023-10-17 00:00:00,,466.0
25516,9137,2023-10-17 00:00:00,,347.0
25517,9904,2023-10-17 00:00:00,,486.0
25518,30212,2023-10-17 00:00:00,,430.0
25519,91171,2023-10-17 00:00:00,,457.0
25520,91172,2023-10-17 00:00:00,,398.0
25521,91242,2023-10-17 00:00:00,,527.0
25522,91262,2023-10-17 00:00:00,,440.0
25523,0206A,2023-10-17 00:00:00,,371.0
25524,0206B,2023-10-17 00:00:00,,387.0
25525,0215A,2023-10-17 00:00:00,,412.0
25526,0231A,2023-10-17 00:00:00,,381.0
25527,0298A,2023-10-17 00:00:00,,471.0
25528,2133A,2023-10-17 00:00:00,,426.0
25529,2209A,2023-10-17 00:00:00,,428.0
25530,9110A,2023-10-17 00:00:00,,443.0
25531,9116B,2023-10-17 00:00:00,,371.0
25532,9126A,2023-10-17 00:00:00,,387.0
25533,9128B,2023-10-17 00:00:00,,388.0
25534,EMB 2,2023-10-17 00:00:00,,471.0
25535,SNA,2023-10-17 00:00:00,,558.0
25536,23200,2023-10-16 00:00:00,,19.0
25537,3505,2023-10-15 00:00:00,,28.0
25538,23197,2023-10-13 00:00:00,,28.0
25539,23198,2023-10-13 00:00:00,,24.0
25540,23196,2023-10-11 00:00:00,,31.0
25541,23193,2023-10-10 00:00:00,,33.0
25542,23194,2023-10-10 00:00:00,,20.0
25543,23195,2023-10-10 00:00:00,,16.0
25544,23189,2023-10-04 00:00:00,,20.0
25545,23190,2023-10-04 00:00:00,,36.0
25546,23186,2023-09-30 00:00:00,,26.0
25547,23187,2023-09-30 00:00:00,,28.0
25548,23188,2023-09-30 00:00:00,,28.0
25549,23183,2023-09-28 00:00:00,,27.0
25550,23184,2023-09-28 00:00:00,,23.0
25551,23185,2023-09-28 00:00:00,,24.0
25552,23182,2023-09-26 00:00:00,,20.0
25553,23178,2023-09-25 00:00:00,,21.0
25554,23179,2023-09-25 00:00:00,,12.0
25555,23180,2023-09-25 00:00:00,,35.0
25556,23181,2023-09-25 00:00:00,,25.0
25557,211,2023-09-20 00:00:00,,371.0
25558,224,2023-09-20 00:00:00,,367.0
25559,225,2023-09-20 00:00:00,,382.0
25560,2331,2023-09-20 00:00:00,,379.0
25561,240,2023-09-20 00:00:00,,399.0
25562,246,2023-09-20 00:00:00,,371.0
25563,263,2023-09-20 00:00:00,,369.0
25564,267,2023-09-20 00:00:00,,382.0
25565,269,2023-09-20 00:00:00,,379.0
25566,321,2023-09-20 00:00:00,,375.0
25567,0340A,2023-09-20 00:00:00,,349.0
25568,349,2023-09-20 00:00:00,,373.0
25569,352,2023-09-20 00:00:00,,375.0
25570,353,2023-09-20 00:00:00,,422.0
25571,1123,2023-09-20 00:00:00,,361.0
25572,2039,2023-09-20 00:00:00,,379.0
25573,5027,2023-09-20 00:00:00,,493.0
25574,5043,2023-09-20 00:00:00,,463.0
25575,5111,2023-09-20 00:00:00,,360.0
25576,6050,2023-09-20 00:00:00,,429.0
25577,8015,2023-09-20 00:00:00,,303.0
25578,8020,2023-09-20 00:00:00,,399.0
25579,8041,2023-09-20 00:00:00,,507.0
25580,8056,2023-09-20 00:00:00,,463.0
25581,8057,2023-09-20 00:00:00,,459.0
25582,8078,2023-09-20 00:00:00,,313.0
25583,80841,2023-09-20 00:00:00,,394.0
25584,9024,2023-09-20 00:00:00,,421.0
25585,9035,2023-09-20 00:00:00,,455.0
25586,9061,2023-09-20 00:00:00,,367.0
25587,9082,2023-09-20 00:00:00,,350.0
25588,9095,2023-09-20 00:00:00,,435.0
25589,9106,2023-09-20 00:00:00,,327.0
25590,9109B,2023-09-20 00:00:00,,380.0
25591,91121,2023-09-20 00:00:00,,398.0
25592,9192,2023-09-20 00:00:00,,394.0
25593,9118,2023-09-20 00:00:00,,350.0
25594,9121,2023-09-20 00:00:00,,382.0
25595,9128A,2023-09-20 00:00:00,,339.0
25596,9136,2023-09-20 00:00:00,,348.0
25597,23175,2023-09-20 00:00:00,,22.0
25598,23176,2023-09-20 00:00:00,,32.0
25599,23177,2023-09-20 00:00:00,,32.0
25600,23172,2023-09-19 00:00:00,,25.0
25601,23173,2023-09-19 00:00:00,,24.0
25602,23174,2023-09-19 00:00:00,,21.0
25603,23169,2023-09-15 00:00:00,,28.0
25604,23170,2023-09-15 00:00:00,,44.0
25605,23171,2023-09-15 00:00:00,,38.0
25606,22115,2023-09-12 00:00:00,,150.0
25607,22116,2023-09-12 00:00:00,,128.0
25608,22119,2023-09-12 00:00:00,,106.0
25609,22120,2023-09-12 00:00:00,,144.0
25610,22121,2023-09-12 00:00:00,,99.0
25611,22122,2023-09-12 00:00:00,,125.0
25612,22125,2023-09-12 00:00:00,,114.0
25613,22126,2023-09-12 00:00:00,,132.0
25614,22132,2023-09-12 00:00:00,,102.0
25615,22135,2023-09-12 00:00:00,,144.0
25616,22149,2023-09-12 00:00:00,,156.0
25617,22157,2023-09-12 00:00:00,,122.0
25618,22166,2023-09-12 00:00:00,,129.0
25619,22172,2023-09-12 00:00:00,,188.0
25620,22175,2023-09-12 00:00:00,,131.0
25621,22178,2023-09-12 00:00:00,,159.0
25622,22180,2023-09-12 00:00:00,,171.0
25623,22181,2023-09-12 00:00:00,,160.0
25624,22184,2023-09-12 00:00:00,,135.0
25625,22188,2023-09-12 00:00:00,,143.0
25626,22190,2023-09-12 00:00:00,,91.0
25627,22191,2023-09-12 00:00:00,,124.0
25628,22194,2023-09-12 00:00:00,,183.0
25629,22196,2023-09-12 00:00:00,,112.0
25630,22198,2023-09-12 00:00:00,,102.0
25631,22199,2023-09-12 00:00:00,,136.0
25632,22205,2023-09-12 00:00:00,,158.0
25633,22206,2023-09-12 00:00:00,,77.0
25634,22207,2023-09-12 00:00:00,,126.0
25635,23001,2023-09-12 00:00:00,,155.0
25636,23004,2023-09-12 00:00:00,,208.0
25637,23011,2023-09-12 00:00:00,,102.0
25638,23016,2023-09-12 00:00:00,,126.0
25639,23019,2023-09-12 00:00:00,,165.0
25640,23024,2023-09-12 00:00:00,,128.0
25641,23036,2023-09-12 00:00:00,,123.0
25642,23040,2023-09-12 00:00:00,,119.0
25643,23045,2023-09-12 00:00:00,,116.0
25644,23047,2023-09-12 00:00:00,,125.0
25645,23058,2023-09-12 00:00:00,,123.0
25646,23063,2023-09-12 00:00:00,,109.0
25647,23078,2023-09-12 00:00:00,,116.0
25648,22139,2023-09-12 00:00:00,,138.0
25649,22216,2023-09-12 00:00:00,,129.0
25650,23168,2023-09-12 00:00:00,,28.0
25651,23166,2023-09-05 00:00:00,,26.0
25652,23164,2023-09-03 00:00:00,,31.0
25653,23165,2023-09-03 00:00:00,,36.0
25654,23162,2023-09-02 00:00:00,,27.0
25655,23163,2023-09-02 00:00:00,,26.0
25656,23158,2023-08-31 00:00:00,,26.0
25657,23159,2023-08-31 00:00:00,,31.0
25658,23160,2023-08-31 00:00:00,,25.0
25659,23157,2023-08-30 00:00:00,,36.0
25660,23156,2023-08-25 00:00:00,,28.0
25661,23154,2023-08-24 00:00:00,,18.0
25662,23155,2023-08-24 00:00:00,,21.0
25663,23152,2023-08-23 00:00:00,,30.0
25664,23153,2023-08-23 00:00:00,,38.0
25665,23150,2023-08-22 00:00:00,,32.0
25666,23151,2023-08-22 00:00:00,,30.0
25667,23149,2023-08-21 00:00:00,,45.0
25668,23147,2023-08-17 00:00:00,,31.0
25669,23148,2023-08-17 00:00:00,,21.0
25670,23146,2023-08-16 00:00:00,,32.0
25671,23144,2023-08-14 00:00:00,,29.0
25672,23145,2023-08-14 00:00:00,,44.0
25673,23143,2023-08-10 00:00:00,,23.0
25674,23141,2023-08-08 00:00:00,,26.0
25675,23142,2023-08-08 00:00:00,,29.0
25676,23140,2023-08-07 00:00:00,,33.0
25677,23139,2023-08-06 00:00:00,,32.0
25678,23137,2023-08-05 00:00:00,,34.0
25679,23138,2023-08-05 00:00:00,,33.0
25680,23134,2023-08-03 00:00:00,,29.0
25681,23135,2023-08-03 00:00:00,,27.0
25682,23136,2023-08-03 00:00:00,,30.0
25683,23133,2023-07-31 00:00:00,,20.0
25684,23132,2023-07-30 00:00:00,,31.0
25685,23131,2023-07-26 00:00:00,,21.0
25686,23130,2023-07-25 00:00:00,,27.0
25687,23129,2023-07-22 00:00:00,,32.0
25688,23128,2023-07-21 00:00:00,,36.0
25689,23127,2023-07-20 00:00:00,,26.0
25690,23125,2023-07-19 00:00:00,,22.0
25691,23126,2023-07-19 00:00:00,,23.0
25692,326,2023-07-18 00:00:00,,323.0
25693,329,2023-07-18 00:00:00,,362.0
25694,0330A,2023-07-18 00:00:00,,256.0
25695,333,2023-07-18 00:00:00,,331.0
25696,336,2023-07-18 00:00:00,,292.0
25697,342,2023-07-18 00:00:00,,259.0
25698,343,2023-07-18 00:00:00,,270.0
25699,344,2023-07-18 00:00:00,,265.0
25700,350,2023-07-18 00:00:00,,249.0
25701,352,2023-07-18 00:00:00,,331.0
25702,353,2023-07-18 00:00:00,,381.0
25703,354,2023-07-18 00:00:00,,285.0
25704,355,2023-07-18 00:00:00,,255.0
25705,1004,2023-07-18 00:00:00,,324.0
25706,1005,2023-07-18 00:00:00,,276.0
25707,1023,2023-07-18 00:00:00,,242.0
25708,1104A,2023-07-18 00:00:00,,252.0
25709,1123,2023-07-18 00:00:00,,341.0
25710,1132,2023-07-18 00:00:00,,268.0
25711,2,2023-07-18 00:00:00,,469.0
25712,2023,2023-07-18 00:00:00,,219.0
25713,2702,2023-07-18 00:00:00,,273.0
25714,30,2023-07-18 00:00:00,,264.0
25715,3100,2023-07-18 00:00:00,,363.0
25716,32,2023-07-18 00:00:00,,351.0
25717,33,2023-07-18 00:00:00,,285.0
25718,34,2023-07-18 00:00:00,,340.0
25719,35,2023-07-18 00:00:00,,308.0
25720,4023,2023-07-18 00:00:00,,411.0
25721,4075,2023-07-18 00:00:00,,358.0
25722,4078,2023-07-18 00:00:00,,347.0
25723,5010,2023-07-18 00:00:00,,291.0
25724,6003,2023-07-18 00:00:00,,390.0
25725,6017,2023-07-18 00:00:00,,305.0
25726,6025,2023-07-18 00:00:00,,373.0
25727,7092,2023-07-18 00:00:00,,357.0
25728,8067,2023-07-18 00:00:00,,380.0
25729,8073,2023-07-18 00:00:00,,239.0
25730,9022,2023-07-18 00:00:00,,257.0
25731,9036,2023-07-18 00:00:00,,281.0
25732,9042,2023-07-18 00:00:00,,275.0
25733,9109B,2023-07-18 00:00:00,,336.0
25734,9192,2023-07-18 00:00:00,,349.0
25735,9122,2023-07-18 00:00:00,,249.0
25736,9128A,2023-07-18 00:00:00,,301.0
25737,9137,2023-07-18 00:00:00,,295.0
25738,18,2023-07-18 00:00:00,,396.0
25739,101,2023-07-18 00:00:00,,299.0
25740,102,2023-07-18 00:00:00,,305.0
25741,107,2023-07-18 00:00:00,,311.0
25742,108,2023-07-18 00:00:00,,238.0
25743,111,2023-07-18 00:00:00,,336.0
25744,128,2023-07-18 00:00:00,,358.0
25745,202,2023-07-18 00:00:00,,286.0
25746,205,2023-07-18 00:00:00,,270.0
25747,211,2023-07-18 00:00:00,,389.0
25748,220,2023-07-18 00:00:00,,380.0
25749,224,2023-07-18 00:00:00,,326.0
25750,0231A,2023-07-18 00:00:00,,334.0
25751,246,2023-07-18 00:00:00,,337.0
25752,258,2023-07-18 00:00:00,,299.0
25753,267,2023-07-18 00:00:00,,344.0
25754,269,2023-07-18 00:00:00,,323.0
25755,270,2023-07-18 00:00:00,,296.0
25756,271,2023-07-18 00:00:00,,296.0
25757,278,2023-07-18 00:00:00,,338.0
25758,284,2023-07-18 00:00:00,,320.0
25759,294,2023-07-18 00:00:00,,278.0
25760,297,2023-07-18 00:00:00,,260.0
25761,298,2023-07-18 00:00:00,,304.0
25762,0299A,2023-07-18 00:00:00,,416.0
25763,0299C,2023-07-18 00:00:00,,265.0
25764,320,2023-07-18 00:00:00,,296.0
25765,321,2023-07-18 00:00:00,,344.0
25766,323,2023-07-18 00:00:00,,327.0
25767,23124,2023-07-15 00:00:00,,49.0
25768,23122,2023-07-14 00:00:00,,34.0
25769,23123,2023-07-14 00:00:00,,28.0
25770,201,2023-07-13 00:00:00,,372.0
25771,263,2023-07-13 00:00:00,,322.0
25772,291,2023-07-13 00:00:00,,308.0
25773,317,2023-07-13 00:00:00,,370.0
25774,0340A,2023-07-13 00:00:00,,311.0
25775,348,2023-07-13 00:00:00,,158.0
25776,740,2023-07-13 00:00:00,,484.0
25777,1033A,2023-07-13 00:00:00,,278.0
25778,10431,2023-07-13 00:00:00,,205.0
25779,1066,2023-07-13 00:00:00,,217.0
25780,1075,2023-07-13 00:00:00,,203.0
25781,1079,2023-07-13 00:00:00,,229.0
25782,1088A,2023-07-13 00:00:00,,287.0
25783,1096,2023-07-13 00:00:00,,203.0
25784,1109B,2023-07-13 00:00:00,,246.0
25785,2019,2023-07-13 00:00:00,,147.0
25786,2035A,2023-07-13 00:00:00,,214.0
25787,2039,2023-07-13 00:00:00,,321.0
25788,2042,2023-07-13 00:00:00,,161.0
25789,2048,2023-07-13 00:00:00,,154.0
25790,2051,2023-07-13 00:00:00,,391.0
25791,2052,2023-07-13 00:00:00,,228.0
25792,2063B,2023-07-13 00:00:00,,189.0
25793,2066,2023-07-13 00:00:00,,277.0
25794,2080,2023-07-13 00:00:00,,252.0
25795,2093,2023-07-13 00:00:00,,145.0
25796,2099,2023-07-13 00:00:00,,150.0
25797,21027,2023-07-13 00:00:00,,383.0
25798,2103,2023-07-13 00:00:00,,204.0
25799,2109,2023-07-13 00:00:00,,171.0
25800,2111,2023-07-13 00:00:00,,163.0
25801,22114,2023-07-13 00:00:00,,115.0
25802,2122,2023-07-13 00:00:00,,105.0
25803,2146,2023-07-13 00:00:00,,214.0
25804,2153,2023-07-13 00:00:00,,149.0
25805,2159,2023-07-13 00:00:00,,158.0
25806,2169,2023-07-13 00:00:00,,432.0
25807,2177A,2023-07-13 00:00:00,,377.0
25808,2196A,2023-07-13 00:00:00,,482.0
25809,2200,2023-07-13 00:00:00,,186.0
25810,2202,2023-07-13 00:00:00,,138.0
25811,2203,2023-07-13 00:00:00,,209.0
25812,2224,2023-07-13 00:00:00,,263.0
25813,2226,2023-07-13 00:00:00,,467.0
25814,2234,2023-07-13 00:00:00,,390.0
25815,3015,2023-07-13 00:00:00,,402.0
25816,3119,2023-07-13 00:00:00,,466.0
25817,3120,2023-07-13 00:00:00,,341.0
25818,4034,2023-07-13 00:00:00,,371.0
25819,406,2023-07-13 00:00:00,,349.0
25820,4172,2023-07-13 00:00:00,,432.0
25821,5144,2023-07-13 00:00:00,,442.0
25822,5592,2023-07-13 00:00:00,,340.0
25823,60181,2023-07-13 00:00:00,,371.0
25824,6022,2023-07-13 00:00:00,,306.0
25825,8037,2023-07-13 00:00:00,,462.0
25826,8058,2023-07-13 00:00:00,,360.0
25827,8060,2023-07-13 00:00:00,,366.0
25828,8071,2023-07-13 00:00:00,,326.0
25829,8081,2023-07-13 00:00:00,,316.0
25830,8082,2023-07-13 00:00:00,,277.0
25831,9053,2023-07-13 00:00:00,,409.0
25832,9073,2023-07-13 00:00:00,,354.0
25833,9076,2023-07-13 00:00:00,,358.0
25834,9116B,2023-07-13 00:00:00,,327.0
25835,S/NB,2023-07-13 00:00:00,,581.0
25836,23121,2023-07-10 00:00:00,,20.0
25837,23120,2023-07-07 00:00:00,,27.0
25838,23119,2023-07-06 00:00:00,,31.0
25839,23115,2023-07-05 00:00:00,,27.0
25840,23116,2023-07-05 00:00:00,,30.0
25841,23117,2023-07-05 00:00:00,,23.0
25842,23118,2023-07-05 00:00:00,,22.0
25843,23113,2023-07-03 00:00:00,,32.0
25844,23114,2023-07-03 00:00:00,,36.0
25845,pend43,2023-07-01 00:00:00,,21.0
25846,217,2023-06-30 00:00:00,,323.0
25847,1027A,2023-06-30 00:00:00,,261.0
25848,1044,2023-06-30 00:00:00,,240.0
25849,1055A,2023-06-30 00:00:00,,238.0
25850,1056,2023-06-30 00:00:00,,244.0
25851,1076,2023-06-30 00:00:00,,234.0
25852,1077,2023-06-30 00:00:00,,236.0
25853,1078,2023-06-30 00:00:00,,276.0
25854,1080A,2023-06-30 00:00:00,,354.0
25855,1085,2023-06-30 00:00:00,,227.0
25856,1092A,2023-06-30 00:00:00,,229.0
25857,1095B,2023-06-30 00:00:00,,247.0
25858,1096A,2023-06-30 00:00:00,,231.0
25859,1101A,2023-06-30 00:00:00,,193.0
25860,1107,2023-06-30 00:00:00,,249.0
25861,1112,2023-06-30 00:00:00,,231.0
25862,2004,2023-06-30 00:00:00,,199.0
25863,2005A,2023-06-30 00:00:00,,228.0
25864,2029,2023-06-30 00:00:00,,207.0
25865,2032,2023-06-30 00:00:00,,252.0
25866,2039A,2023-06-30 00:00:00,,233.0
25867,2054,2023-06-30 00:00:00,,216.0
25868,2056,2023-06-30 00:00:00,,210.0
25869,2090,2023-06-30 00:00:00,,226.0
25870,MSN14,2023-06-30 00:00:00,,394.0
25871,MSN3,2023-06-30 00:00:00,,412.0
25872,S/NJ,2023-06-30 00:00:00,,375.0
25873,0299C,2023-06-29 00:00:00,,282.0
25874,22049,2023-06-29 00:00:00,,138.0
25875,22085,2023-06-29 00:00:00,,125.0
25876,2096A,2023-06-29 00:00:00,,107.0
25877,22098,2023-06-29 00:00:00,,120.0
25878,22105,2023-06-29 00:00:00,,120.0
25879,22112,2023-06-29 00:00:00,,157.0
25880,22117,2023-06-29 00:00:00,,116.0
25881,22118,2023-06-29 00:00:00,,132.0
25882,22131,2023-06-29 00:00:00,,145.0
25883,22142,2023-06-29 00:00:00,,111.0
25884,2143A,2023-06-29 00:00:00,,100.0
25885,22144,2023-06-29 00:00:00,,111.0
25886,22151,2023-06-29 00:00:00,,122.0
25887,22158,2023-06-29 00:00:00,,132.0
25888,22160,2023-06-29 00:00:00,,134.0
25889,22161,2023-06-29 00:00:00,,124.0
25890,22168,2023-06-29 00:00:00,,147.0
25891,22169A,2023-06-29 00:00:00,,103.0
25892,2177,2023-06-29 00:00:00,,117.0
25893,22171,2023-06-29 00:00:00,,148.0
25894,2218,2023-06-29 00:00:00,,115.0
25895,22221,2023-06-29 00:00:00,,95.0
25896,23110,2023-06-29 00:00:00,,25.0
25897,23111,2023-06-29 00:00:00,,26.0
25898,3107A,2023-06-28 00:00:00,,24.0
25899,3108A,2023-06-28 00:00:00,,26.0
25900,23109,2023-06-28 00:00:00,,36.0
25901,23106,2023-06-27 00:00:00,,24.0
25902,3105,2023-06-26 00:00:00,,36.0
25903,139,2023-06-23 00:00:00,,356.0
25904,143,2023-06-23 00:00:00,,485.0
25905,0299A,2023-06-23 00:00:00,,347.0
25906,5,2023-06-23 00:00:00,,369.0
25907,6,2023-06-23 00:00:00,,342.0
25908,1015,2023-06-23 00:00:00,,452.0
25909,10391,2023-06-23 00:00:00,,339.0
25910,1056A,2023-06-23 00:00:00,,403.0
25911,1077A,2023-06-23 00:00:00,,323.0
25912,1078A,2023-06-23 00:00:00,,344.0
25913,1090A,2023-06-23 00:00:00,,314.0
25914,1117,2023-06-23 00:00:00,,411.0
25915,1161,2023-06-23 00:00:00,,306.0
25916,12164,2023-06-23 00:00:00,,261.0
25917,1310,2023-06-23 00:00:00,,429.0
25918,2021,2023-06-23 00:00:00,,510.0
25919,20334,2023-06-23 00:00:00,,396.0
25920,20337,2023-06-23 00:00:00,,395.0
25921,2063A,2023-06-23 00:00:00,,423.0
25922,2083,2023-06-23 00:00:00,,358.0
25923,2096A,2023-06-23 00:00:00,,108.0
25924,2097,2023-06-23 00:00:00,,524.0
25925,22098,2023-06-23 00:00:00,,121.0
25926,21027,2023-06-23 00:00:00,,350.0
25927,2105,2023-06-23 00:00:00,,116.0
25928,22114,2023-06-23 00:00:00,,104.0
25929,2118,2023-06-23 00:00:00,,128.0
25930,213,2023-06-23 00:00:00,,364.0
25931,22131,2023-06-23 00:00:00,,155.0
25932,22132,2023-06-23 00:00:00,,75.0
25933,2143A,2023-06-23 00:00:00,,97.0
25934,22149,2023-06-23 00:00:00,,146.0
25935,22151,2023-06-23 00:00:00,,117.0
25936,22158,2023-06-23 00:00:00,,134.0
25937,22169A,2023-06-23 00:00:00,,97.0
25938,2171,2023-06-23 00:00:00,,499.0
25939,2177,2023-06-23 00:00:00,,109.0
25940,2178,2023-06-23 00:00:00,,112.0
25941,2180,2023-06-23 00:00:00,,116.0
25942,22181,2023-06-23 00:00:00,,96.0
25943,2186,2023-06-23 00:00:00,,62.0
25944,22188,2023-06-23 00:00:00,,79.0
25945,22194,2023-06-23 00:00:00,,119.0
25946,22199,2023-06-23 00:00:00,,89.0
25947,22205,2023-06-23 00:00:00,,110.0
25948,2206,2023-06-23 00:00:00,,119.0
25949,2217,2023-06-23 00:00:00,,527.0
25950,2218,2023-06-23 00:00:00,,110.0
25951,2219,2023-06-23 00:00:00,,511.0
25952,2234,2023-06-23 00:00:00,,383.0
25953,2340,2023-06-23 00:00:00,,480.0
25954,23001,2023-06-23 00:00:00,,99.0
25955,3003A,2023-06-23 00:00:00,,490.0
25956,23004,2023-06-23 00:00:00,,154.0
25957,3010,2023-06-23 00:00:00,,61.0
25958,3016,2023-06-23 00:00:00,,82.0
25959,3017,2023-06-23 00:00:00,,63.0
25960,3018,2023-06-23 00:00:00,,65.0
25961,23019,2023-06-23 00:00:00,,104.0
25962,3021,2023-06-23 00:00:00,,113.0
25963,3022,2023-06-23 00:00:00,,77.0
25964,3023,2023-06-23 00:00:00,,55.0
25965,23024,2023-06-23 00:00:00,,79.0
25966,3026A,2023-06-23 00:00:00,,440.0
25967,3027A,2023-06-23 00:00:00,,371.0
25968,3028A,2023-06-23 00:00:00,,422.0
25969,3030,2023-06-23 00:00:00,,47.0
25970,3034,2023-06-23 00:00:00,,48.0
25971,3035,2023-06-23 00:00:00,,57.0
25972,23036,2023-06-23 00:00:00,,55.0
25973,3037,2023-06-23 00:00:00,,53.0
25974,3038A,2023-06-23 00:00:00,,298.0
25975,3039,2023-06-23 00:00:00,,59.0
25976,23040,2023-06-23 00:00:00,,75.0
25977,3044,2023-06-23 00:00:00,,54.0
25978,3044A,2023-06-23 00:00:00,,485.0
25979,23045,2023-06-23 00:00:00,,60.0
25980,23047,2023-06-23 00:00:00,,72.0
25981,3049,2023-06-23 00:00:00,,63.0
25982,3053,2023-06-23 00:00:00,,60.0
25983,23058,2023-06-23 00:00:00,,66.0
25984,3059,2023-06-23 00:00:00,,52.0
25985,3062,2023-06-23 00:00:00,,50.0
25986,23063,2023-06-23 00:00:00,,66.0
25987,3065,2023-06-23 00:00:00,,58.0
25988,3066B,2023-06-23 00:00:00,,410.0
25989,3072,2023-06-23 00:00:00,,66.0
25990,3093,2023-06-23 00:00:00,,352.0
25991,3108,2023-06-23 00:00:00,,516.0
25992,3227,2023-06-23 00:00:00,,322.0
25993,3969,2023-06-23 00:00:00,,447.0
25994,4008,2023-06-23 00:00:00,,390.0
25995,4018,2023-06-23 00:00:00,,358.0
25996,4033,2023-06-23 00:00:00,,300.0
25997,4034,2023-06-23 00:00:00,,334.0
25998,4048,2023-06-23 00:00:00,,448.0
25999,4053,2023-06-23 00:00:00,,422.0
26000,4055,2023-06-23 00:00:00,,461.0
26001,4066,2023-06-23 00:00:00,,389.0
26002,4076,2023-06-23 00:00:00,,506.0
26003,4087,2023-06-23 00:00:00,,402.0
26004,4099,2023-06-23 00:00:00,,412.0
26005,4100,2023-06-23 00:00:00,,374.0
26006,4101,2023-06-23 00:00:00,,429.0
26007,4122,2023-06-23 00:00:00,,381.0
26008,4141,2023-06-23 00:00:00,,338.0
26009,4147,2023-06-23 00:00:00,,403.0
26010,4151,2023-06-23 00:00:00,,464.0
26011,5007,2023-06-23 00:00:00,,395.0
26012,5013,2023-06-23 00:00:00,,430.0
26013,5033,2023-06-23 00:00:00,,400.0
26014,5035,2023-06-23 00:00:00,,327.0
26015,5041,2023-06-23 00:00:00,,363.0
26016,50501,2023-06-23 00:00:00,,334.0
26017,5060,2023-06-23 00:00:00,,319.0
26018,5072,2023-06-23 00:00:00,,454.0
26019,50741,2023-06-23 00:00:00,,365.0
26020,5082,2023-06-23 00:00:00,,350.0
26021,5092,2023-06-23 00:00:00,,464.0
26022,5150,2023-06-23 00:00:00,,376.0
26023,6011,2023-06-23 00:00:00,,423.0
26024,6020,2023-06-23 00:00:00,,295.0
26025,6021,2023-06-23 00:00:00,,402.0
26026,6035,2023-06-23 00:00:00,,371.0
26027,6043,2023-06-23 00:00:00,,535.0
26028,6053,2023-06-23 00:00:00,,392.0
26029,6070,2023-06-23 00:00:00,,345.0
26030,7,2023-06-23 00:00:00,,423.0
26031,7007,2023-06-23 00:00:00,,431.0
26032,7052,2023-06-23 00:00:00,,330.0
26033,7076,2023-06-23 00:00:00,,416.0
26034,7080,2023-06-23 00:00:00,,361.0
26035,7083,2023-06-23 00:00:00,,482.0
26036,7087,2023-06-23 00:00:00,,508.0
26037,8004,2023-06-23 00:00:00,,518.0
26038,8014,2023-06-23 00:00:00,,366.0
26039,8018,2023-06-23 00:00:00,,375.0
26040,8019,2023-06-23 00:00:00,,418.0
26041,8026,2023-06-23 00:00:00,,298.0
26042,8032,2023-06-23 00:00:00,,322.0
26043,8034,2023-06-23 00:00:00,,330.0
26044,8045,2023-06-23 00:00:00,,491.0
26045,8054,2023-06-23 00:00:00,,365.0
26046,80682,2023-06-23 00:00:00,,378.0
26047,8072,2023-06-23 00:00:00,,284.0
26048,8077,2023-06-23 00:00:00,,361.0
26049,8085,2023-06-23 00:00:00,,320.0
26050,8088,2023-06-23 00:00:00,,255.0
26051,8089,2023-06-23 00:00:00,,452.0
26052,80921,2023-06-23 00:00:00,,333.0
26053,8098,2023-06-23 00:00:00,,323.0
26054,89,2023-06-23 00:00:00,,370.0
26055,9,2023-06-23 00:00:00,,391.0
26056,9045,2023-06-23 00:00:00,,466.0
26057,9046,2023-06-23 00:00:00,,519.0
26058,9047,2023-06-23 00:00:00,,365.0
26059,9067,2023-06-23 00:00:00,,428.0
26060,9091,2023-06-23 00:00:00,,323.0
26061,9219,2023-06-23 00:00:00,,306.0
26062,9389,2023-06-23 00:00:00,,416.0
26063,9904,2023-06-23 00:00:00,,417.0
26064,EMB 1,2023-06-23 00:00:00,,391.0
26065,EMB 2,2023-06-23 00:00:00,,410.0
26066,EMB 3,2023-06-23 00:00:00,,427.0
26067,EMB 4,2023-06-23 00:00:00,,452.0
26068,S/NB,2023-06-23 00:00:00,,517.0
26069,S/NC,2023-06-23 00:00:00,,439.0
26070,3104A,2023-06-22 00:00:00,,35.0
26071,3103,2023-06-21 00:00:00,,27.0
26072,23102,2023-06-17 00:00:00,,36.0
26073,3101,2023-06-15 00:00:00,,26.0
26074,23100,2023-06-14 00:00:00,,35.0
26075,3099,2023-06-11 00:00:00,,31.0
26076,3096,2023-06-08 00:00:00,,36.0
26077,23097,2023-06-08 00:00:00,,36.0
26078,3098,2023-06-08 00:00:00,,35.0
26079,4,2023-06-03 00:00:00,,355.0
26080,94,2023-06-03 00:00:00,,350.0
26081,0094A,2023-06-03 00:00:00,,423.0
26082,100,2023-06-03 00:00:00,,345.0
26083,0103A,2023-06-03 00:00:00,,379.0
26084,109,2023-06-03 00:00:00,,365.0
26085,110,2023-06-03 00:00:00,,343.0
26086,0118A,2023-06-03 00:00:00,,324.0
26087,119,2023-06-03 00:00:00,,319.0
26088,127,2023-06-03 00:00:00,,306.0
26089,141,2023-06-03 00:00:00,,344.0
26090,171,2023-06-03 00:00:00,,390.0
26091,178,2023-06-03 00:00:00,,410.0
26092,185,2023-06-03 00:00:00,,303.0
26093,195,2023-06-03 00:00:00,,324.0
26094,196,2023-06-03 00:00:00,,367.0
26095,198,2023-06-03 00:00:00,,290.0
26096,0204B,2023-06-03 00:00:00,,242.0
26097,208,2023-06-03 00:00:00,,375.0
26098,210,2023-06-03 00:00:00,,384.0
26099,215,2023-06-03 00:00:00,,431.0
26100,0216A,2023-06-03 00:00:00,,309.0
26101,217,2023-06-03 00:00:00,,298.0
26102,0221A,2023-06-03 00:00:00,,367.0
26103,222,2023-06-03 00:00:00,,356.0
26104,254,2023-06-03 00:00:00,,320.0
26105,265,2023-06-03 00:00:00,,385.0
26106,351,2023-06-03 00:00:00,,322.0
26107,357,2023-06-03 00:00:00,,363.0
26108,1008,2023-06-03 00:00:00,,245.0
26109,1017,2023-06-03 00:00:00,,284.0
26110,1027,2023-06-03 00:00:00,,291.0
26111,1030,2023-06-03 00:00:00,,367.0
26112,1034,2023-06-03 00:00:00,,397.0
26113,1037,2023-06-03 00:00:00,,352.0
26114,1041,2023-06-03 00:00:00,,345.0
26115,1043,2023-06-03 00:00:00,,382.0
26116,1046,2023-06-03 00:00:00,,350.0
26117,1047,2023-06-03 00:00:00,,340.0
26118,1048,2023-06-03 00:00:00,,404.0
26119,1049,2023-06-03 00:00:00,,347.0
26120,1050,2023-06-03 00:00:00,,404.0
26121,1052,2023-06-03 00:00:00,,351.0
26122,1053,2023-06-03 00:00:00,,318.0
26123,1055,2023-06-03 00:00:00,,372.0
26124,1057,2023-06-03 00:00:00,,417.0
26125,1060,2023-06-03 00:00:00,,358.0
26126,1063A,2023-06-03 00:00:00,,314.0
26127,1068,2023-06-03 00:00:00,,317.0
26128,1069,2023-06-03 00:00:00,,292.0
26129,1070,2023-06-03 00:00:00,,235.0
26130,1074A,2023-06-03 00:00:00,,329.0
26131,1079A,2023-06-03 00:00:00,,403.0
26132,1080,2023-06-03 00:00:00,,372.0
26133,1082,2023-06-03 00:00:00,,382.0
26134,1083,2023-06-03 00:00:00,,335.0
26135,1084,2023-06-03 00:00:00,,345.0
26136,1088,2023-06-03 00:00:00,,415.0
26137,1090,2023-06-03 00:00:00,,240.0
26138,1092,2023-06-03 00:00:00,,330.0
26139,1095,2023-06-03 00:00:00,,337.0
26140,1096B,2023-06-03 00:00:00,,341.0
26141,1097,2023-06-03 00:00:00,,323.0
26142,1098A,2023-06-03 00:00:00,,341.0
26143,1101,2023-06-03 00:00:00,,340.0
26144,1104,2023-06-03 00:00:00,,269.0
26145,1106,2023-06-03 00:00:00,,294.0
26146,1126,2023-06-03 00:00:00,,338.0
26147,1130,2023-06-03 00:00:00,,266.0
26148,1131,2023-06-03 00:00:00,,365.0
26149,1134,2023-06-03 00:00:00,,375.0
26150,1136,2023-06-03 00:00:00,,372.0
26151,1163,2023-06-03 00:00:00,,300.0
26152,1139,2023-06-03 00:00:00,,327.0
26153,1141,2023-06-03 00:00:00,,332.0
26154,1142,2023-06-03 00:00:00,,359.0
26155,1146,2023-06-03 00:00:00,,341.0
26156,1148,2023-06-03 00:00:00,,332.0
26157,1151,2023-06-03 00:00:00,,361.0
26158,1152,2023-06-03 00:00:00,,341.0
26159,1154,2023-06-03 00:00:00,,278.0
26160,1156,2023-06-03 00:00:00,,302.0
26161,1161A,2023-06-03 00:00:00,,359.0
26162,1162,2023-06-03 00:00:00,,320.0
26163,1165,2023-06-03 00:00:00,,301.0
26164,1166,2023-06-03 00:00:00,,295.0
26165,1174,2023-06-03 00:00:00,,297.0
26166,1180,2023-06-03 00:00:00,,332.0
26167,1182,2023-06-03 00:00:00,,328.0
26168,1186,2023-06-03 00:00:00,,351.0
26169,1187,2023-06-03 00:00:00,,347.0
26170,1189,2023-06-03 00:00:00,,352.0
26171,1190,2023-06-03 00:00:00,,318.0
26172,1195,2023-06-03 00:00:00,,392.0
26173,1202,2023-06-03 00:00:00,,286.0
26174,1204,2023-06-03 00:00:00,,294.0
26175,1205,2023-06-03 00:00:00,,352.0
26176,1206,2023-06-03 00:00:00,,296.0
26177,1207,2023-06-03 00:00:00,,323.0
26178,1212,2023-06-03 00:00:00,,350.0
26179,1213,2023-06-03 00:00:00,,307.0
26180,1214,2023-06-03 00:00:00,,262.0
26181,1215,2023-06-03 00:00:00,,318.0
26182,1216,2023-06-03 00:00:00,,267.0
26183,1219,2023-06-03 00:00:00,,273.0
26184,1228,2023-06-03 00:00:00,,266.0
26185,1237,2023-06-03 00:00:00,,246.0
26186,1238,2023-06-03 00:00:00,,295.0
26187,1253,2023-06-03 00:00:00,,305.0
26188,1257,2023-06-03 00:00:00,,330.0
26189,1292,2023-06-03 00:00:00,,216.0
26190,1324,2023-06-03 00:00:00,,271.0
26191,1336,2023-06-03 00:00:00,,310.0
26192,2122,2023-06-03 00:00:00,,91.0
26193,2128,2023-06-03 00:00:00,,262.0
26194,36,2023-06-03 00:00:00,,296.0
26195,37,2023-06-03 00:00:00,,239.0
26196,7065,2023-06-03 00:00:00,,435.0
26197,9110,2023-06-03 00:00:00,,440.0
26198,9264,2023-06-03 00:00:00,,399.0
26199,SN50,2023-06-03 00:00:00,,300.0
26200,S/NJ,2023-06-03 00:00:00,,340.0
26201,23095,2023-06-03 00:00:00,,28.3
26202,103,2023-06-02 00:00:00,,403.0
26203,104,2023-06-02 00:00:00,,326.0
26204,0109A,2023-06-02 00:00:00,,273.0
26205,115,2023-06-02 00:00:00,,396.0
26206,116,2023-06-02 00:00:00,,322.0
26207,0116A,2023-06-02 00:00:00,,272.0
26208,118,2023-06-02 00:00:00,,404.0
26209,0201A,2023-06-02 00:00:00,,463.0
26210,0204A,2023-06-02 00:00:00,,351.0
26211,207,2023-06-02 00:00:00,,401.0
26212,212,2023-06-02 00:00:00,,408.0
26213,214,2023-06-02 00:00:00,,386.0
26214,219,2023-06-02 00:00:00,,395.0
26215,221,2023-06-02 00:00:00,,423.0
26216,0223A,2023-06-02 00:00:00,,405.0
26217,0223B,2023-06-02 00:00:00,,424.0
26218,228,2023-06-02 00:00:00,,438.0
26219,235,2023-06-02 00:00:00,,452.0
26220,238,2023-06-02 00:00:00,,426.0
26221,242,2023-06-02 00:00:00,,377.0
26222,245,2023-06-02 00:00:00,,439.0
26223,248,2023-06-02 00:00:00,,451.0
26224,251,2023-06-02 00:00:00,,464.0
26225,0259A,2023-06-02 00:00:00,,467.0
26226,260,2023-06-02 00:00:00,,401.0
26227,273,2023-06-02 00:00:00,,386.0
26228,277,2023-06-02 00:00:00,,433.0
26229,279,2023-06-02 00:00:00,,352.0
26230,0291A,2023-06-02 00:00:00,,396.0
26231,292,2023-06-02 00:00:00,,398.0
26232,293,2023-06-02 00:00:00,,330.0
26233,295,2023-06-02 00:00:00,,412.0
26234,0298B,2023-06-02 00:00:00,,456.0
26235,325,2023-06-02 00:00:00,,355.0
26236,334,2023-06-02 00:00:00,,385.0
26237,335,2023-06-02 00:00:00,,375.0
26238,337,2023-06-02 00:00:00,,423.0
26239,341,2023-06-02 00:00:00,,410.0
26240,345,2023-06-02 00:00:00,,327.0
26241,346,2023-06-02 00:00:00,,308.0
26242,356,2023-06-02 00:00:00,,371.0
26243,358,2023-06-02 00:00:00,,292.0
26244,99,2023-06-02 00:00:00,,392.0
26245,1026,2023-06-02 00:00:00,,321.0
26246,1029,2023-06-02 00:00:00,,322.0
26247,1031,2023-06-02 00:00:00,,308.0
26248,1036,2023-06-02 00:00:00,,286.0
26249,1039,2023-06-02 00:00:00,,331.0
26250,1046A,2023-06-02 00:00:00,,275.0
26251,1048A,2023-06-02 00:00:00,,263.0
26252,1105,2023-06-02 00:00:00,,275.0
26253,1106A,2023-06-02 00:00:00,,292.0
26254,2027,2023-06-02 00:00:00,,284.0
26255,2035,2023-06-02 00:00:00,,299.0
26256,2041,2023-06-02 00:00:00,,293.0
26257,2060,2023-06-02 00:00:00,,273.0
26258,2065,2023-06-02 00:00:00,,288.0
26259,2204,2023-06-02 00:00:00,,309.0
26260,2778,2023-06-02 00:00:00,,447.0
26261,2779,2023-06-02 00:00:00,,464.0
26262,2781,2023-06-02 00:00:00,,442.0
26263,9018,2023-06-02 00:00:00,,419.0
26264,9084,2023-06-02 00:00:00,,431.0
26265,9134,2023-06-02 00:00:00,,424.0
26266,9135,2023-06-02 00:00:00,,407.0
26267,9136A,2023-06-02 00:00:00,,409.0
26268,MSN1,2023-06-02 00:00:00,,309.0
26269,MSN10,2023-06-02 00:00:00,,445.0
26270,MSN12,2023-06-02 00:00:00,,306.0
26271,MSN13,2023-06-02 00:00:00,,360.0
26272,MSN14,2023-06-02 00:00:00,,376.0
26273,MSN16,2023-06-02 00:00:00,,360.0
26274,MSN17,2023-06-02 00:00:00,,327.0
26275,MSN2,2023-06-02 00:00:00,,348.0
26276,MSN4,2023-06-02 00:00:00,,383.0
26277,MSN8,2023-06-02 00:00:00,,331.0
26278,MSN9,2023-06-02 00:00:00,,359.0
26279,23093,2023-06-01 00:00:00,,23.0
26280,23094,2023-06-01 00:00:00,,33.6
26281,132,2023-05-31 00:00:00,,418.0
26282,1066A,2023-05-31 00:00:00,,385.0
26283,1080A,2023-05-31 00:00:00,,336.0
26284,1139A,2023-05-31 00:00:00,,354.0
26285,2025A,2023-05-31 00:00:00,,440.0
26286,2028A,2023-05-31 00:00:00,,448.0
26287,2062,2023-05-31 00:00:00,,380.0
26288,2073,2023-05-31 00:00:00,,425.0
26289,2083,2023-05-31 00:00:00,,365.0
26290,2090A,2023-05-31 00:00:00,,450.0
26291,2096,2023-05-31 00:00:00,,500.0
26292,2122,2023-05-31 00:00:00,,43.0
26293,2130,2023-05-31 00:00:00,,492.0
26294,2220,2023-05-31 00:00:00,,449.0
26295,3027A,2023-05-31 00:00:00,,372.0
26296,3043,2023-05-31 00:00:00,,426.0
26297,3132,2023-05-31 00:00:00,,353.0
26298,4035,2023-05-31 00:00:00,,439.0
26299,4095,2023-05-31 00:00:00,,357.0
26300,4025,2023-05-31 00:00:00,,480.0
26301,4A,2023-05-31 00:00:00,,442.0
26302,5082,2023-05-31 00:00:00,,333.0
26303,5090,2023-05-31 00:00:00,,408.0
26304,60286,2023-05-31 00:00:00,,321.0
26305,6067,2023-05-31 00:00:00,,400.0
26306,8004,2023-05-31 00:00:00,,534.0
26307,8017,2023-05-31 00:00:00,,369.0
26308,8036,2023-05-31 00:00:00,,387.0
26309,8045,2023-05-31 00:00:00,,510.0
26310,8048,2023-05-31 00:00:00,,374.0
26311,8063,2023-05-31 00:00:00,,341.0
26312,8072,2023-05-31 00:00:00,,308.0
26313,9046,2023-05-31 00:00:00,,483.0
26314,9071,2023-05-31 00:00:00,,405.0
26315,9100,2023-05-31 00:00:00,,399.0
26316,MSN14,2023-05-31 00:00:00,,357.0
26317,MSN3,2023-05-31 00:00:00,,401.0
26318,TORO1,2023-05-31 00:00:00,,538.0
26319,3091,2023-05-31 00:00:00,,26.0
26320,3092,2023-05-31 00:00:00,,24.0
26321,3090,2023-05-30 00:00:00,,33.0
26322,23088,2023-05-29 00:00:00,,26.0
26323,23089,2023-05-29 00:00:00,,30.0
26324,3087,2023-05-27 00:00:00,,30.0
26325,23086,2023-05-25 00:00:00,,28.0
26326,2112,2023-05-24 00:00:00,,139.0
26327,2117,2023-05-24 00:00:00,,95.0
26328,2142,2023-05-24 00:00:00,,90.0
26329,2144,2023-05-24 00:00:00,,102.0
26330,3082,2023-05-22 00:00:00,,24.0
26331,3083,2023-05-22 00:00:00,,25.0
26332,3084A,2023-05-22 00:00:00,,20.0
26333,3085,2023-05-22 00:00:00,,33.0
26334,3081,2023-05-18 00:00:00,,27.0
26335,23080,2023-05-17 00:00:00,,29.0
26336,3079,2023-05-15 00:00:00,,26.0
26337,3077,2023-05-11 00:00:00,,31.0
26338,23075,2023-05-09 00:00:00,,38.0
26339,3076,2023-05-09 00:00:00,,30.0
26340,3074,2023-05-08 00:00:00,,26.0
26341,3073,2023-05-07 00:00:00,,30.0
26342,23071,2023-05-06 00:00:00,,28.0
26343,18,2023-05-04 00:00:00,,414.0
26344,128,2023-05-04 00:00:00,,437.0
26345,139,2023-05-04 00:00:00,,376.0
26346,143,2023-05-04 00:00:00,,390.0
26347,271,2023-05-04 00:00:00,,294.0
26348,0299A,2023-05-04 00:00:00,,393.0
26349,1033A,2023-05-04 00:00:00,,372.0
26350,10391,2023-05-04 00:00:00,,205.0
26351,1077A,2023-05-04 00:00:00,,338.0
26352,1078A,2023-05-04 00:00:00,,350.0
26353,1112A,2023-05-04 00:00:00,,437.0
26354,1117,2023-05-04 00:00:00,,431.0
26355,1128,2023-05-04 00:00:00,,445.0
26356,12164,2023-05-04 00:00:00,,286.0
26357,1310,2023-05-04 00:00:00,,438.0
26358,2,2023-05-04 00:00:00,,425.0
26359,2011,2023-05-04 00:00:00,,143.0
26360,2011A,2023-05-04 00:00:00,,143.0
26361,2013,2023-05-04 00:00:00,,162.0
26362,2022,2023-05-04 00:00:00,,136.0
26363,20334,2023-05-04 00:00:00,,393.0
26364,2047,2023-05-04 00:00:00,,480.0
26365,22049,2023-05-04 00:00:00,,129.0
26366,2050,2023-05-04 00:00:00,,506.0
26367,2053,2023-05-04 00:00:00,,151.0
26368,2093A,2023-05-04 00:00:00,,450.0
26369,2095,2023-05-04 00:00:00,,139.0
26370,2096A,2023-05-04 00:00:00,,90.0
26371,2097,2023-05-04 00:00:00,,530.0
26372,20971,2023-05-04 00:00:00,,117.0
26373,2099,2023-05-04 00:00:00,,145.0
26374,2101,2023-05-04 00:00:00,,111.0
26375,2102,2023-05-04 00:00:00,,143.0
26376,21027,2023-05-04 00:00:00,,399.0
26377,2107,2023-05-04 00:00:00,,151.0
26378,2124A,2023-05-04 00:00:00,,527.0
26379,213,2023-05-04 00:00:00,,341.0
26380,2137,2023-05-04 00:00:00,,110.0
26381,21391,2023-05-04 00:00:00,,135.0
26382,2140,2023-05-04 00:00:00,,100.0
26383,2141,2023-05-04 00:00:00,,145.0
26384,2143A,2023-05-04 00:00:00,,86.0
26385,2145,2023-05-04 00:00:00,,140.0
26386,2146,2023-05-04 00:00:00,,166.0
26387,2148A,2023-05-04 00:00:00,,482.0
26388,2149A,2023-05-04 00:00:00,,479.0
26389,2154,2023-05-04 00:00:00,,120.0
26390,2155,2023-05-04 00:00:00,,124.0
26391,2159,2023-05-04 00:00:00,,115.0
26392,2162,2023-05-04 00:00:00,,103.0
26393,2167,2023-05-04 00:00:00,,104.0
26394,2170,2023-05-04 00:00:00,,110.0
26395,2174,2023-05-04 00:00:00,,160.0
26396,22178,2023-05-04 00:00:00,,86.0
26397,22180,2023-05-04 00:00:00,,96.0
26398,22206,2023-05-04 00:00:00,,93.0
26399,2215,2023-05-04 00:00:00,,152.0
26400,2217,2023-05-04 00:00:00,,546.0
26401,2218,2023-05-04 00:00:00,,89.0
26402,2224,2023-05-04 00:00:00,,298.0
26403,2340,2023-05-04 00:00:00,,507.0
26404,3003A,2023-05-04 00:00:00,,473.0
26405,3015,2023-05-04 00:00:00,,429.0
26406,23016,2023-05-04 00:00:00,,58.0
26407,3026A,2023-05-04 00:00:00,,461.0
26408,3028A,2023-05-04 00:00:00,,428.0
26409,3038A,2023-05-04 00:00:00,,329.0
26410,3044A,2023-05-04 00:00:00,,503.0
26411,31,2023-05-04 00:00:00,,209.0
26412,3100,2023-05-04 00:00:00,,373.0
26413,3107,2023-05-04 00:00:00,,443.0
26414,3108,2023-05-04 00:00:00,,525.0
26415,31102,2023-05-04 00:00:00,,487.0
26416,3178,2023-05-04 00:00:00,,319.0
26417,3227,2023-05-04 00:00:00,,326.0
26418,3969,2023-05-04 00:00:00,,455.0
26419,4007,2023-05-04 00:00:00,,538.0
26420,40072,2023-05-04 00:00:00,,419.0
26421,4008,2023-05-04 00:00:00,,396.0
26422,4023,2023-05-04 00:00:00,,414.0
26423,4033,2023-05-04 00:00:00,,290.0
26424,4034,2023-05-04 00:00:00,,436.0
26425,406,2023-05-04 00:00:00,,383.0
26426,4075,2023-05-04 00:00:00,,354.0
26427,4076,2023-05-04 00:00:00,,480.0
26428,4078,2023-05-04 00:00:00,,392.0
26429,4100,2023-05-04 00:00:00,,375.0
26430,4101,2023-05-04 00:00:00,,407.0
26431,4109,2023-05-04 00:00:00,,360.0
26432,4151,2023-05-04 00:00:00,,472.0
26433,4172,2023-05-04 00:00:00,,465.0
26434,5007,2023-05-04 00:00:00,,369.0
26435,5010,2023-05-04 00:00:00,,284.0
26436,5013,2023-05-04 00:00:00,,440.0
26437,5033,2023-05-04 00:00:00,,391.0
26438,5035,2023-05-04 00:00:00,,342.0
26439,5041,2023-05-04 00:00:00,,375.0
26440,50501,2023-05-04 00:00:00,,394.0
26441,5072,2023-05-04 00:00:00,,367.0
26442,50741,2023-05-04 00:00:00,,380.0
26443,5076,2023-05-04 00:00:00,,386.0
26444,5092,2023-05-04 00:00:00,,440.0
26445,5144,2023-05-04 00:00:00,,415.0
26446,5150,2023-05-04 00:00:00,,394.0
26447,6003,2023-05-04 00:00:00,,374.0
26448,6008,2023-05-04 00:00:00,,449.0
26449,6011,2023-05-04 00:00:00,,446.0
26450,6020,2023-05-04 00:00:00,,306.0
26451,6021,2023-05-04 00:00:00,,397.0
26452,6022,2023-05-04 00:00:00,,387.0
26453,6025,2023-05-04 00:00:00,,372.0
26454,6035,2023-05-04 00:00:00,,374.0
26455,6043,2023-05-04 00:00:00,,549.0
26456,6053,2023-05-04 00:00:00,,416.0
26457,7,2023-05-04 00:00:00,,449.0
26458,7007,2023-05-04 00:00:00,,426.0
26459,7028,2023-05-04 00:00:00,,376.0
26460,7076,2023-05-04 00:00:00,,420.0
26461,7080,2023-05-04 00:00:00,,354.0
26462,7087,2023-05-04 00:00:00,,485.0
26463,7092,2023-05-04 00:00:00,,327.0
26464,8014,2023-05-04 00:00:00,,395.0
26465,8018,2023-05-04 00:00:00,,400.0
26466,8019,2023-05-04 00:00:00,,412.0
26467,8026,2023-05-04 00:00:00,,314.0
26468,8054,2023-05-04 00:00:00,,353.0
26469,8067,2023-05-04 00:00:00,,365.0
26470,80682,2023-05-04 00:00:00,,376.0
26471,8076,2023-05-04 00:00:00,,343.0
26472,8077,2023-05-04 00:00:00,,34.0
26473,8084B,2023-05-04 00:00:00,,325.0
26474,8088,2023-05-04 00:00:00,,272.0
26475,8089,2023-05-04 00:00:00,,449.0
26476,8098,2023-05-04 00:00:00,,332.0
26477,89,2023-05-04 00:00:00,,377.0
26478,9,2023-05-04 00:00:00,,387.0
26479,9045,2023-05-04 00:00:00,,461.0
26480,9046,2023-05-04 00:00:00,,513.0
26481,9047,2023-05-04 00:00:00,,390.0
26482,9067,2023-05-04 00:00:00,,444.0
26483,9100,2023-05-04 00:00:00,,399.0
26484,9219,2023-05-04 00:00:00,,327.0
26485,9389,2023-05-04 00:00:00,,414.0
26486,EMB 2,2023-05-04 00:00:00,,412.0
26487,EMB 3,2023-05-04 00:00:00,,435.0
26488,gyr puro ,2023-05-04 00:00:00,,434.0
26489,S/NB,2023-05-04 00:00:00,,538.0
26490,S/NC,2023-05-04 00:00:00,,477.0
26491,S/ND,2023-05-04 00:00:00,,632.0
26492,S/NH,2023-05-04 00:00:00,,472.0
26493,TORO4,2023-05-04 00:00:00,,561.0
26494,23069,2023-05-03 00:00:00,,28.0
26495,23070,2023-05-03 00:00:00,,35.0
26496,23067,2023-05-01 00:00:00,,33.0
26497,3068,2023-05-01 00:00:00,,39.0
26498,23065,2023-04-30 00:00:00,,24.0
26499,23066,2023-04-30 00:00:00,,26.0
26500,3064,2023-04-29 00:00:00,,32.0
26501,23062,2023-04-25 00:00:00,,21.0
26502,23060,2023-04-24 00:00:00,,19.0
26503,3061,2023-04-24 00:00:00,,26.0
26504,23059,2023-04-23 00:00:00,,18.0
26505,201,2023-04-20 00:00:00,,353.0
26506,0208A,2023-04-20 00:00:00,,284.0
26507,291,2023-04-20 00:00:00,,285.0
26508,317,2023-04-20 00:00:00,,391.0
26509,328,2023-04-20 00:00:00,,403.0
26510,348,2023-04-20 00:00:00,,216.0
26511,1017A,2023-04-20 00:00:00,,305.0
26512,10431,2023-04-20 00:00:00,,199.0
26513,1066A,2023-04-20 00:00:00,,192.0
26514,1075,2023-04-20 00:00:00,,153.0
26515,1079,2023-04-20 00:00:00,,185.0
26516,1088A,2023-04-20 00:00:00,,252.0
26517,1096,2023-04-20 00:00:00,,163.0
26518,1109B,2023-04-20 00:00:00,,215.0
26519,1161,2023-04-20 00:00:00,,336.0
26520,2023,2023-04-20 00:00:00,,210.0
26521,2035A,2023-04-20 00:00:00,,99.0
26522,2039,2023-04-20 00:00:00,,283.0
26523,2040,2023-04-20 00:00:00,,186.0
26524,2048,2023-04-20 00:00:00,,109.0
26525,2051,2023-04-20 00:00:00,,436.0
26526,2052,2023-04-20 00:00:00,,202.0
26527,2063B,2023-04-20 00:00:00,,162.0
26528,2066,2023-04-20 00:00:00,,249.0
26529,2093,2023-04-20 00:00:00,,121.0
26530,2099,2023-04-20 00:00:00,,141.0
26531,2109,2023-04-20 00:00:00,,167.0
26532,2153,2023-04-20 00:00:00,,124.0
26533,2154,2023-04-20 00:00:00,,106.0
26534,2201,2023-04-20 00:00:00,,165.0
26535,2202,2023-04-20 00:00:00,,110.0
26536,2203,2023-04-20 00:00:00,,163.0
26537,3015,2023-04-20 00:00:00,,440.0
26538,3100,2023-04-20 00:00:00,,384.0
26539,4122,2023-04-20 00:00:00,,392.0
26540,5529,2023-04-20 00:00:00,,396.0
26541,5592,2023-04-20 00:00:00,,330.0
26542,5629,2023-04-20 00:00:00,,282.0
26543,6022,2023-04-20 00:00:00,,410.0
26544,8039,2023-04-20 00:00:00,,374.0
26545,8071,2023-04-20 00:00:00,,294.0
26546,8082,2023-04-20 00:00:00,,259.0
26547,9110,2023-04-20 00:00:00,,442.0
26548,9116A,2023-04-20 00:00:00,,308.0
26549,9118A,2023-04-20 00:00:00,,327.0
26550,TORO5,2023-04-20 00:00:00,,486.0
26551,4,2023-04-18 00:00:00,,329.0
26552,94,2023-04-18 00:00:00,,347.0
26553,0094A,2023-04-18 00:00:00,,395.0
26554,103,2023-04-18 00:00:00,,390.0
26555,0103A,2023-04-18 00:00:00,,360.0
26556,104,2023-04-18 00:00:00,,306.0
26557,109,2023-04-18 00:00:00,,371.0
26558,110,2023-04-18 00:00:00,,323.0
26559,115,2023-04-18 00:00:00,,384.0
26560,116,2023-04-18 00:00:00,,319.0
26561,0116A,2023-04-18 00:00:00,,262.0
26562,118,2023-04-18 00:00:00,,373.0
26563,0118A,2023-04-18 00:00:00,,334.0
26564,119,2023-04-18 00:00:00,,318.0
26565,127,2023-04-18 00:00:00,,282.0
26566,141,2023-04-18 00:00:00,,340.0
26567,171,2023-04-18 00:00:00,,362.0
26568,178,2023-04-18 00:00:00,,387.0
26569,185,2023-04-18 00:00:00,,295.0
26570,195,2023-04-18 00:00:00,,314.0
26571,196,2023-04-18 00:00:00,,364.0
26572,198,2023-04-18 00:00:00,,278.0
26573,0201A,2023-04-18 00:00:00,,461.0
26574,0204A,2023-04-18 00:00:00,,380.0
26575,0204B,2023-04-18 00:00:00,,228.0
26576,207,2023-04-18 00:00:00,,388.0
26577,208,2023-04-18 00:00:00,,366.0
26578,210,2023-04-18 00:00:00,,385.0
26579,212,2023-04-18 00:00:00,,391.0
26580,214,2023-04-18 00:00:00,,373.0
26581,215,2023-04-18 00:00:00,,419.0
26582,0216A,2023-04-18 00:00:00,,301.0
26583,217,2023-04-18 00:00:00,,242.0
26584,219,2023-04-18 00:00:00,,371.0
26585,221,2023-04-18 00:00:00,,414.0
26586,0221A,2023-04-18 00:00:00,,363.0
26587,222,2023-04-18 00:00:00,,345.0
26588,0223A,2023-04-18 00:00:00,,398.0
26589,0223B,2023-04-18 00:00:00,,426.0
26590,228,2023-04-18 00:00:00,,448.0
26591,235,2023-04-18 00:00:00,,452.0
26592,238,2023-04-18 00:00:00,,430.0
26593,242,2023-04-18 00:00:00,,370.0
26594,245,2023-04-18 00:00:00,,411.0
26595,248,2023-04-18 00:00:00,,448.0
26596,251,2023-04-18 00:00:00,,450.0
26597,254,2023-04-18 00:00:00,,310.0
26598,0259A,2023-04-18 00:00:00,,452.0
26599,260,2023-04-18 00:00:00,,382.0
26600,261,2023-04-18 00:00:00,,484.0
26601,265,2023-04-18 00:00:00,,376.0
26602,273,2023-04-18 00:00:00,,370.0
26603,277,2023-04-18 00:00:00,,447.0
26604,279,2023-04-18 00:00:00,,333.0
26605,0291A,2023-04-18 00:00:00,,376.0
26606,292,2023-04-18 00:00:00,,389.0
26607,293,2023-04-18 00:00:00,,340.0
26608,295,2023-04-18 00:00:00,,379.0
26609,0298B,2023-04-18 00:00:00,,438.0
26610,325,2023-04-18 00:00:00,,341.0
26611,334,2023-04-18 00:00:00,,345.0
26612,335,2023-04-18 00:00:00,,372.0
26613,337,2023-04-18 00:00:00,,413.0
26614,341,2023-04-18 00:00:00,,387.0
26615,345,2023-04-18 00:00:00,,328.0
26616,351,2023-04-18 00:00:00,,309.0
26617,356,2023-04-18 00:00:00,,354.0
26618,357,2023-04-18 00:00:00,,331.0
26619,99,2023-04-18 00:00:00,,378.0
26620,1008,2023-04-18 00:00:00,,233.0
26621,1017,2023-04-18 00:00:00,,268.0
26622,1026,2023-04-18 00:00:00,,306.0
26623,1027,2023-04-18 00:00:00,,257.0
26624,1029,2023-04-18 00:00:00,,281.0
26625,1030,2023-04-18 00:00:00,,374.0
26626,1034,2023-04-18 00:00:00,,384.0
26627,1037,2023-04-18 00:00:00,,338.0
26628,1041,2023-04-18 00:00:00,,331.0
26629,1043,2023-04-18 00:00:00,,384.0
26630,1046,2023-04-18 00:00:00,,358.0
26631,1047,2023-04-18 00:00:00,,318.0
26632,1048,2023-04-18 00:00:00,,412.0
26633,1049,2023-04-18 00:00:00,,346.0
26634,1050,2023-04-18 00:00:00,,390.0
26635,1052,2023-04-18 00:00:00,,333.0
26636,1053,2023-04-18 00:00:00,,307.0
26637,1055,2023-04-18 00:00:00,,360.0
26638,1057,2023-04-18 00:00:00,,380.0
26639,1060,2023-04-18 00:00:00,,346.0
26640,1063A,2023-04-18 00:00:00,,365.0
26641,1068,2023-04-18 00:00:00,,308.0
26642,1069,2023-04-18 00:00:00,,276.0
26643,1070,2023-04-18 00:00:00,,237.0
26644,1074A,2023-04-18 00:00:00,,316.0
26645,1079A,2023-04-18 00:00:00,,379.0
26646,1080,2023-04-18 00:00:00,,358.0
26647,1082,2023-04-18 00:00:00,,370.0
26648,1083,2023-04-18 00:00:00,,322.0
26649,1084,2023-04-18 00:00:00,,341.0
26650,1088,2023-04-18 00:00:00,,409.0
26651,1090,2023-04-18 00:00:00,,329.0
26652,1092,2023-04-18 00:00:00,,306.0
26653,1095,2023-04-18 00:00:00,,341.0
26654,1096B,2023-04-18 00:00:00,,333.0
26655,1097,2023-04-18 00:00:00,,341.0
26656,1098A,2023-04-18 00:00:00,,320.0
26657,1101,2023-04-18 00:00:00,,323.0
26658,1104,2023-04-18 00:00:00,,265.0
26659,1106,2023-04-18 00:00:00,,277.0
26660,1126,2023-04-18 00:00:00,,316.0
26661,1130,2023-04-18 00:00:00,,242.0
26662,1131,2023-04-18 00:00:00,,375.0
26663,1134,2023-04-18 00:00:00,,343.0
26664,1136,2023-04-18 00:00:00,,350.0
26665,1163,2023-04-18 00:00:00,,284.0
26666,1139,2023-04-18 00:00:00,,305.0
26667,1141,2023-04-18 00:00:00,,316.0
26668,1142,2023-04-18 00:00:00,,360.0
26669,1146,2023-04-18 00:00:00,,331.0
26670,1148,2023-04-18 00:00:00,,311.0
26671,1151,2023-04-18 00:00:00,,336.0
26672,1152,2023-04-18 00:00:00,,329.0
26673,1154,2023-04-18 00:00:00,,270.0
26674,1156,2023-04-18 00:00:00,,280.0
26675,1161A,2023-04-18 00:00:00,,333.0
26676,1162,2023-04-18 00:00:00,,282.0
26677,1165,2023-04-18 00:00:00,,292.0
26678,1166,2023-04-18 00:00:00,,287.0
26679,1174,2023-04-18 00:00:00,,257.0
26680,1180,2023-04-18 00:00:00,,308.0
26681,1182,2023-04-18 00:00:00,,330.0
26682,1187,2023-04-18 00:00:00,,318.0
26683,1189,2023-04-18 00:00:00,,345.0
26684,1190,2023-04-18 00:00:00,,298.0
26685,1195,2023-04-18 00:00:00,,364.0
26686,1202,2023-04-18 00:00:00,,267.0
26687,1204,2023-04-18 00:00:00,,266.0
26688,1205,2023-04-18 00:00:00,,329.0
26689,1206,2023-04-18 00:00:00,,282.0
26690,1207,2023-04-18 00:00:00,,312.0
26691,1212,2023-04-18 00:00:00,,321.0
26692,1213,2023-04-18 00:00:00,,282.0
26693,1214,2023-04-18 00:00:00,,249.0
26694,1215,2023-04-18 00:00:00,,290.0
26695,1216,2023-04-18 00:00:00,,250.0
26696,1219,2023-04-18 00:00:00,,258.0
26697,1228,2023-04-18 00:00:00,,242.0
26698,1237,2023-04-18 00:00:00,,230.0
26699,1238,2023-04-18 00:00:00,,268.0
26700,1253,2023-04-18 00:00:00,,284.0
26701,1257,2023-04-18 00:00:00,,325.0
26702,1292,2023-04-18 00:00:00,,211.0
26703,1324,2023-04-18 00:00:00,,241.0
26704,1336,2023-04-18 00:00:00,,286.0
26705,2128,2023-04-18 00:00:00,,240.0
26706,2778,2023-04-18 00:00:00,,454.0
26707,2779,2023-04-18 00:00:00,,416.0
26708,2781,2023-04-18 00:00:00,,447.0
26709,36,2023-04-18 00:00:00,,278.0
26710,37,2023-04-18 00:00:00,,226.0
26711,7065,2023-04-18 00:00:00,,416.0
26712,9018,2023-04-18 00:00:00,,417.0
26713,9084,2023-04-18 00:00:00,,447.0
26714,9134,2023-04-18 00:00:00,,375.0
26715,9135,2023-04-18 00:00:00,,399.0
26716,9136A,2023-04-18 00:00:00,,410.0
26717,9264,2023-04-18 00:00:00,,371.0
26718,MSN1,2023-04-18 00:00:00,,288.0
26719,MSN10,2023-04-18 00:00:00,,416.0
26720,MSN12,2023-04-18 00:00:00,,280.0
26721,MSN13,2023-04-18 00:00:00,,343.0
26722,MSN14,2023-04-18 00:00:00,,356.0
26723,MSN15,2023-04-18 00:00:00,,412.0
26724,MSN16,2023-04-18 00:00:00,,348.0
26725,MSN17,2023-04-18 00:00:00,,306.0
26726,1007,2023-04-18 00:00:00,,336.0
26727,MSN2,2023-04-18 00:00:00,,333.0
26728,MSN3,2023-04-18 00:00:00,,389.0
26729,MSN4,2023-04-18 00:00:00,,359.0
26730,MSN8,2023-04-18 00:00:00,,322.0
26731,MSN9,2023-04-18 00:00:00,,336.0
26732,SN50,2023-04-18 00:00:00,,288.0
26733,S/NJ,2023-04-18 00:00:00,,318.0
26734,23057,2023-04-18 00:00:00,,23.0
26735,3055,2023-04-17 00:00:00,,20.0
26736,3056,2023-04-17 00:00:00,,28.0
26737,23054,2023-04-16 00:00:00,,26.0
26738,23052,2023-04-15 00:00:00,,25.0
26739,23051,2023-04-13 00:00:00,,23.0
26740,3046,2023-04-10 00:00:00,,19.0
26741,23044,2023-04-07 00:00:00,,27.0
26742,101,2023-04-04 00:00:00,,285.0
26743,107,2023-04-04 00:00:00,,287.0
26744,108,2023-04-04 00:00:00,,229.0
26745,111,2023-04-04 00:00:00,,304.0
26746,125,2023-04-04 00:00:00,,218.0
26747,205,2023-04-04 00:00:00,,249.0
26748,0208A,2023-04-04 00:00:00,,270.0
26749,220,2023-04-04 00:00:00,,310.0
26750,224,2023-04-04 00:00:00,,294.0
26751,226,2023-04-04 00:00:00,,320.0
26752,0231B,2023-04-04 00:00:00,,209.0
26753,2331,2023-04-04 00:00:00,,334.0
26754,240,2023-04-04 00:00:00,,322.0
26755,241,2023-04-04 00:00:00,,317.0
26756,252,2023-04-04 00:00:00,,218.0
26757,259,2023-04-04 00:00:00,,323.0
26758,267,2023-04-04 00:00:00,,308.0
26759,269,2023-04-04 00:00:00,,284.0
26760,270,2023-04-04 00:00:00,,267.0
26761,271,2023-04-04 00:00:00,,279.0
26762,274,2023-04-04 00:00:00,,214.0
26763,294,2023-04-04 00:00:00,,266.0
26764,297,2023-04-04 00:00:00,,231.0
26765,298,2023-04-04 00:00:00,,250.0
26766,320,2023-04-04 00:00:00,,264.0
26767,321,2023-04-04 00:00:00,,305.0
26768,322,2023-04-04 00:00:00,,322.0
26769,326,2023-04-04 00:00:00,,300.0
26770,327,2023-04-04 00:00:00,,263.0
26771,329,2023-04-04 00:00:00,,316.0
26772,0330A,2023-04-04 00:00:00,,313.0
26773,333,2023-04-04 00:00:00,,293.0
26774,342,2023-04-04 00:00:00,,226.0
26775,343,2023-04-04 00:00:00,,237.0
26776,344,2023-04-04 00:00:00,,243.0
26777,347,2023-04-04 00:00:00,,207.0
26778,348,2023-04-04 00:00:00,,202.0
26779,350,2023-04-04 00:00:00,,245.0
26780,354,2023-04-04 00:00:00,,270.0
26781,355,2023-04-04 00:00:00,,233.0
26782,1004,2023-04-04 00:00:00,,307.0
26783,1015A,2023-04-04 00:00:00,,202.0
26784,1017A,2023-04-04 00:00:00,,292.0
26785,1023,2023-04-04 00:00:00,,210.0
26786,1028,2023-04-04 00:00:00,,226.0
26787,1032,2023-04-04 00:00:00,,197.0
26788,10431,2023-04-04 00:00:00,,173.0
26789,1043A,2023-04-04 00:00:00,,162.0
26790,1045,2023-04-04 00:00:00,,141.0
26791,1051,2023-04-04 00:00:00,,126.0
26792,1052A,2023-04-04 00:00:00,,144.0
26793,1053A,2023-04-04 00:00:00,,153.0
26794,1059,2023-04-04 00:00:00,,170.0
26795,1063,2023-04-04 00:00:00,,167.0
26796,1065,2023-04-04 00:00:00,,213.0
26797,1066,2023-04-04 00:00:00,,174.0
26798,1073,2023-04-04 00:00:00,,173.0
26799,1074,2023-04-04 00:00:00,,114.0
26800,1075,2023-04-04 00:00:00,,149.0
26801,1079,2023-04-04 00:00:00,,155.0
26802,1084A,2023-04-04 00:00:00,,153.0
26803,1088A,2023-04-04 00:00:00,,224.0
26804,1091,2023-04-04 00:00:00,,197.0
26805,1094,2023-04-04 00:00:00,,173.0
26806,1096,2023-04-04 00:00:00,,152.0
26807,1097B,2023-04-04 00:00:00,,157.0
26808,1098,2023-04-04 00:00:00,,210.0
26809,1100A,2023-04-04 00:00:00,,125.0
26810,1100B,2023-04-04 00:00:00,,140.0
26811,1102,2023-04-04 00:00:00,,150.0
26812,1103,2023-04-04 00:00:00,,172.0
26813,1104A,2023-04-04 00:00:00,,226.0
26814,1109B,2023-04-04 00:00:00,,189.0
26815,1132,2023-04-04 00:00:00,,206.0
26816,1188,2023-04-04 00:00:00,,155.0
26817,2002,2023-04-04 00:00:00,,139.0
26818,2007,2023-04-04 00:00:00,,142.0
26819,2012,2023-04-04 00:00:00,,148.0
26820,2014,2023-04-04 00:00:00,,125.0
26821,2016,2023-04-04 00:00:00,,118.0
26822,2018,2023-04-04 00:00:00,,148.0
26823,2019,2023-04-04 00:00:00,,88.0
26824,2023,2023-04-04 00:00:00,,184.0
26825,2024,2023-04-04 00:00:00,,181.0
26826,2026,2023-04-04 00:00:00,,141.0
26827,2030,2023-04-04 00:00:00,,151.0
26828,2034,2023-04-04 00:00:00,,171.0
26829,2035A,2023-04-04 00:00:00,,172.0
26830,2036,2023-04-04 00:00:00,,179.0
26831,2037,2023-04-04 00:00:00,,230.0
26832,2040,2023-04-04 00:00:00,,158.0
26833,2059,2023-04-04 00:00:00,,155.0
26834,2061,2023-04-04 00:00:00,,210.0
26835,2063B,2023-04-04 00:00:00,,152.0
26836,2064,2023-04-04 00:00:00,,180.0
26837,2066,2023-04-04 00:00:00,,225.0
26838,2087,2023-04-04 00:00:00,,146.0
26839,2088B,2023-04-04 00:00:00,,173.0
26840,2093,2023-04-04 00:00:00,,114.0
26841,2094,2023-04-04 00:00:00,,118.0
26842,2099,2023-04-04 00:00:00,,138.0
26843,2111,2023-04-04 00:00:00,,95.0
26844,2202,2023-04-04 00:00:00,,105.0
26845,32,2023-04-04 00:00:00,,312.0
26846,33,2023-04-04 00:00:00,,255.0
26847,34,2023-04-04 00:00:00,,293.0
26848,35,2023-04-04 00:00:00,,273.0
26849,6017,2023-04-04 00:00:00,,315.0
26850,7004,2023-04-04 00:00:00,,285.0
26851,7052,2023-04-04 00:00:00,,333.0
26852,8040,2023-04-04 00:00:00,,307.0
26853,8057,2023-04-04 00:00:00,,343.0
26854,8073,2023-04-04 00:00:00,,257.0
26855,8078,2023-04-04 00:00:00,,324.0
26856,8082,2023-04-04 00:00:00,,237.0
26857,8085,2023-04-04 00:00:00,,331.0
26858,9006,2023-04-04 00:00:00,,335.0
26859,9016,2023-04-04 00:00:00,,325.0
26860,9022,2023-04-04 00:00:00,,274.0
26861,9036,2023-04-04 00:00:00,,299.0
26862,9042,2023-04-04 00:00:00,,287.0
26863,9064,2023-04-04 00:00:00,,360.0
26864,9073,2023-04-04 00:00:00,,321.0
26865,9082,2023-04-04 00:00:00,,345.0
26866,9091,2023-04-04 00:00:00,,321.0
26867,9103,2023-04-04 00:00:00,,327.0
26868,9106,2023-04-04 00:00:00,,324.0
26869,9109B,2023-04-04 00:00:00,,295.0
26870,9192,2023-04-04 00:00:00,,308.0
26871,9121,2023-04-04 00:00:00,,353.0
26872,9128A,2023-04-04 00:00:00,,274.0
26873,9137,2023-04-04 00:00:00,,274.0
26874,3042,2023-04-03 00:00:00,,35.0
26875,23041,2023-04-02 00:00:00,,27.0
26876,23033,2023-03-20 00:00:00,,14.0
26877,3032,2023-03-20 00:00:00,,23.0
26878,23031,2023-03-17 00:00:00,,28.0
26879,23030,2023-03-15 00:00:00,,15.0
26880,23029,2023-03-15 00:00:00,,26.0
26881,3027,2023-03-14 00:00:00,,24.0
26882,3028,2023-03-14 00:00:00,,30.0
26883,3025,2023-03-12 00:00:00,,19.0
26884,331,2023-03-08 00:00:00,,340.0
26885,2064A,2023-03-08 00:00:00,,369.0
26886,3015,2023-03-08 00:00:00,,381.0
26887,4122,2023-03-08 00:00:00,,383.0
26888,5016,2023-03-08 00:00:00,,310.0
26889,6070,2023-03-08 00:00:00,,437.0
26890,8080,2023-03-08 00:00:00,,265.0
26891,9010,2023-03-08 00:00:00,,290.0
26892,S/NC,2023-03-08 00:00:00,,464.0
26893,23020,2023-03-01 00:00:00,,31.0
26894,18,2023-02-07 00:00:00,,406.0
26895,143,2023-02-07 00:00:00,,362.0
26896,1033A,2023-02-07 00:00:00,,365.0
26897,10391,2023-02-07 00:00:00,,303.0
26898,10431,2023-02-07 00:00:00,,163.0
26899,1066,2023-02-07 00:00:00,,135.0
26900,1079,2023-02-07 00:00:00,,126.0
26901,1082A,2023-02-07 00:00:00,,144.0
26902,1084A,2023-02-07 00:00:00,,129.0
26903,1085,2023-02-07 00:00:00,,153.0
26904,1091,2023-02-07 00:00:00,,175.0
26905,1098,2023-02-07 00:00:00,,174.0
26906,1109B,2023-02-07 00:00:00,,165.0
26907,1119,2023-02-07 00:00:00,,322.0
26908,1132,2023-02-07 00:00:00,,171.0
26909,1161,2023-02-07 00:00:00,,356.0
26910,1188,2023-02-07 00:00:00,,120.0
26911,2,2023-02-07 00:00:00,,246.0
26912,2007,2023-02-07 00:00:00,,114.0
26913,2023,2023-02-07 00:00:00,,170.0
26914,2026,2023-02-07 00:00:00,,125.0
26915,2030,2023-02-07 00:00:00,,138.0
26916,2035A,2023-02-07 00:00:00,,146.0
26917,2036,2023-02-07 00:00:00,,152.0
26918,2040,2023-02-07 00:00:00,,150.0
26919,2047,2023-02-07 00:00:00,,427.0
26920,22049,2023-02-07 00:00:00,,96.0
26921,2051,2023-02-07 00:00:00,,413.0
26922,2059,2023-02-07 00:00:00,,137.0
26923,2063B,2023-02-07 00:00:00,,124.0
26924,2092,2023-02-07 00:00:00,,128.0
26925,2093,2023-02-07 00:00:00,,106.0
26926,2093A,2023-02-07 00:00:00,,446.0
26927,2094,2023-02-07 00:00:00,,94.0
26928,2095,2023-02-07 00:00:00,,104.0
26929,20971,2023-02-07 00:00:00,,87.0
26930,22098,2023-02-07 00:00:00,,66.0
26931,2099,2023-02-07 00:00:00,,120.0
26932,22100,2023-02-07 00:00:00,,117.0
26933,2101,2023-02-07 00:00:00,,82.0
26934,2102,2023-02-07 00:00:00,,107.0
26935,2103,2023-02-07 00:00:00,,111.0
26936,2106,2023-02-07 00:00:00,,149.0
26937,2107,2023-02-07 00:00:00,,115.0
26938,2108,2023-02-07 00:00:00,,124.0
26939,2109,2023-02-07 00:00:00,,134.0
26940,22122,2023-02-07 00:00:00,,57.0
26941,213,2023-02-07 00:00:00,,344.0
26942,2131,2023-02-07 00:00:00,,70.0
26943,2151,2023-02-07 00:00:00,,56.0
26944,2200,2023-02-07 00:00:00,,123.0
26945,2201,2023-02-07 00:00:00,,143.0
26946,2340,2023-02-07 00:00:00,,488.0
26947,3015,2023-02-07 00:00:00,,403.0
26948,3028A,2023-02-07 00:00:00,,397.0
26949,3066A,2023-02-07 00:00:00,,422.0
26950,3100,2023-02-07 00:00:00,,357.0
26951,3227,2023-02-07 00:00:00,,321.0
26952,3969,2023-02-07 00:00:00,,448.0
26953,4007,2023-02-07 00:00:00,,556.0
26954,40072,2023-02-07 00:00:00,,418.0
26955,4008,2023-02-07 00:00:00,,387.0
26956,4023,2023-02-07 00:00:00,,407.0
26957,4033,2023-02-07 00:00:00,,288.0
26958,4053,2023-02-07 00:00:00,,434.0
26959,406,2023-02-07 00:00:00,,348.0
26960,4075,2023-02-07 00:00:00,,321.0
26961,4109,2023-02-07 00:00:00,,342.0
26962,5007,2023-02-07 00:00:00,,356.0
26963,5013,2023-02-07 00:00:00,,408.0
26964,5041,2023-02-07 00:00:00,,356.0
26965,5060,2023-02-07 00:00:00,,312.0
26966,50741,2023-02-07 00:00:00,,365.0
26967,5092,2023-02-07 00:00:00,,420.0
26968,6003,2023-02-07 00:00:00,,363.0
26969,6008,2023-02-07 00:00:00,,425.0
26970,6025,2023-02-07 00:00:00,,352.0
26971,6043,2023-02-07 00:00:00,,528.0
26972,7,2023-02-07 00:00:00,,421.0
26973,7076,2023-02-07 00:00:00,,366.0
26974,7087,2023-02-07 00:00:00,,444.0
26975,7092,2023-02-07 00:00:00,,295.0
26976,8019,2023-02-07 00:00:00,,399.0
26977,8034,2023-02-07 00:00:00,,310.0
26978,8068,2023-02-07 00:00:00,,426.0
26979,80682,2023-02-07 00:00:00,,350.0
26980,8089,2023-02-07 00:00:00,,422.0
26981,8098,2023-02-07 00:00:00,,322.0
26982,8099,2023-02-07 00:00:00,,300.0
26983,9007,2023-02-07 00:00:00,,313.0
26984,9045,2023-02-07 00:00:00,,414.0
26985,EMB 1,2023-02-07 00:00:00,,381.0
26986,EMB 2,2023-02-07 00:00:00,,401.0
26987,EMB 3,2023-02-07 00:00:00,,408.0
26988,gyr puro ,2023-02-07 00:00:00,,427.0
26989,S/ND,2023-02-07 00:00:00,,575.0
26990,S/NF,2023-02-07 00:00:00,,515.0
26991,S/NH,2023-02-07 00:00:00,,458.0
26992,23015,2023-02-05 00:00:00,,25.0
26993,101,2023-01-30 00:00:00,,248.0
26994,102,2023-01-30 00:00:00,,265.0
26995,107,2023-01-30 00:00:00,,264.0
26996,108,2023-01-30 00:00:00,,199.0
26997,111,2023-01-30 00:00:00,,259.0
26998,114,2023-01-30 00:00:00,,340.0
26999,125,2023-01-30 00:00:00,,192.0
27000,201,2023-01-30 00:00:00,,319.0
27001,202,2023-01-30 00:00:00,,245.0
27002,204,2023-01-30 00:00:00,,354.0
27003,205,2023-01-30 00:00:00,,212.0
27004,0206A,2023-01-30 00:00:00,,255.0
27005,0208A,2023-01-30 00:00:00,,236.0
27006,211,2023-01-30 00:00:00,,312.0
27007,0215A,2023-01-30 00:00:00,,275.0
27008,220,2023-01-30 00:00:00,,276.0
27009,224,2023-01-30 00:00:00,,256.0
27010,226,2023-01-30 00:00:00,,344.0
27011,229,2023-01-30 00:00:00,,335.0
27012,0231A,2023-01-30 00:00:00,,265.0
27013,0231B,2023-01-30 00:00:00,,192.0
27014,233,2023-01-30 00:00:00,,292.0
27015,240,2023-01-30 00:00:00,,296.0
27016,241,2023-01-30 00:00:00,,278.0
27017,246,2023-01-30 00:00:00,,289.0
27018,249,2023-01-30 00:00:00,,359.0
27019,252,2023-01-30 00:00:00,,176.0
27020,258,2023-01-30 00:00:00,,244.0
27021,259,2023-01-30 00:00:00,,285.0
27022,263,2023-01-30 00:00:00,,235.0
27023,269,2023-01-30 00:00:00,,255.0
27024,270,2023-01-30 00:00:00,,223.0
27025,271,2023-01-30 00:00:00,,256.0
27026,272,2023-01-30 00:00:00,,306.0
27027,274,2023-01-30 00:00:00,,203.0
27028,278,2023-01-30 00:00:00,,261.0
27029,284,2023-01-30 00:00:00,,240.0
27030,291,2023-01-30 00:00:00,,231.0
27031,0291B,2023-01-30 00:00:00,,143.0
27032,294,2023-01-30 00:00:00,,292.0
27033,297,2023-01-30 00:00:00,,215.0
27034,0298A,2023-01-30 00:00:00,,313.0
27035,0299A,2023-01-30 00:00:00,,338.0
27036,0299C,2023-01-30 00:00:00,,243.0
27037,320,2023-01-30 00:00:00,,227.0
27038,321,2023-01-30 00:00:00,,269.0
27039,322,2023-01-30 00:00:00,,306.0
27040,323,2023-01-30 00:00:00,,264.0
27041,326,2023-01-30 00:00:00,,286.0
27042,327,2023-01-30 00:00:00,,232.0
27043,329,2023-01-30 00:00:00,,277.0
27044,0330A,2023-01-30 00:00:00,,187.0
27045,331,2023-01-30 00:00:00,,339.0
27046,332,2023-01-30 00:00:00,,271.0
27047,333,2023-01-30 00:00:00,,264.0
27048,336,2023-01-30 00:00:00,,246.0
27049,338,2023-01-30 00:00:00,,265.0
27050,0340A,2023-01-30 00:00:00,,272.0
27051,0340B,2023-01-30 00:00:00,,262.0
27052,342,2023-01-30 00:00:00,,194.0
27053,343,2023-01-30 00:00:00,,226.0
27054,344,2023-01-30 00:00:00,,210.0
27055,347,2023-01-30 00:00:00,,196.0
27056,348,2023-01-30 00:00:00,,172.0
27057,349,2023-01-30 00:00:00,,274.0
27058,350,2023-01-30 00:00:00,,233.0
27059,352,2023-01-30 00:00:00,,262.0
27060,353,2023-01-30 00:00:00,,311.0
27061,354,2023-01-30 00:00:00,,242.0
27062,355,2023-01-30 00:00:00,,221.0
27063,1004,2023-01-30 00:00:00,,286.0
27064,1005,2023-01-30 00:00:00,,220.0
27065,1009,2023-01-30 00:00:00,,235.0
27066,1015A,2023-01-30 00:00:00,,150.0
27067,1017A,2023-01-30 00:00:00,,252.0
27068,1021,2023-01-30 00:00:00,,238.0
27069,1023,2023-01-30 00:00:00,,188.0
27070,1028,2023-01-30 00:00:00,,182.0
27071,1032,2023-01-30 00:00:00,,170.0
27072,10431,2023-01-30 00:00:00,,143.0
27073,1045,2023-01-30 00:00:00,,115.0
27074,1051,2023-01-30 00:00:00,,109.0
27075,1052A,2023-01-30 00:00:00,,115.0
27076,1053A,2023-01-30 00:00:00,,134.0
27077,1059,2023-01-30 00:00:00,,139.0
27078,1063,2023-01-30 00:00:00,,141.0
27079,1065,2023-01-30 00:00:00,,194.0
27080,1073,2023-01-30 00:00:00,,135.0
27081,1074,2023-01-30 00:00:00,,93.0
27082,1075,2023-01-30 00:00:00,,124.0
27083,1088A,2023-01-30 00:00:00,,196.0
27084,1094,2023-01-30 00:00:00,,144.0
27085,1096,2023-01-30 00:00:00,,124.0
27086,1097B,2023-01-30 00:00:00,,137.0
27087,1100A,2023-01-30 00:00:00,,106.0
27088,1100B,2023-01-30 00:00:00,,107.0
27089,1102,2023-01-30 00:00:00,,125.0
27090,1103,2023-01-30 00:00:00,,152.0
27091,1104A,2023-01-30 00:00:00,,197.0
27092,1123,2023-01-30 00:00:00,,280.0
27093,2012,2023-01-30 00:00:00,,105.0
27094,2014,2023-01-30 00:00:00,,96.0
27095,2016,2023-01-30 00:00:00,,95.0
27096,2018,2023-01-30 00:00:00,,113.0
27097,2024,2023-01-30 00:00:00,,172.0
27098,2034,2023-01-30 00:00:00,,143.0
27099,2039A,2023-01-30 00:00:00,,183.0
27100,2061,2023-01-30 00:00:00,,152.0
27101,2066,2023-01-30 00:00:00,,199.0
27102,2087,2023-01-30 00:00:00,,107.0
27103,2088B,2023-01-30 00:00:00,,138.0
27104,2202,2023-01-30 00:00:00,,93.0
27105,2702,2023-01-30 00:00:00,,233.0
27106,30,2023-01-30 00:00:00,,251.0
27107,30212,2023-01-30 00:00:00,,379.0
27108,32,2023-01-30 00:00:00,,291.0
27109,34,2023-01-30 00:00:00,,271.0
27110,5027,2023-01-30 00:00:00,,462.0
27111,5030,2023-01-30 00:00:00,,434.0
27112,5043,2023-01-30 00:00:00,,495.0
27113,5111,2023-01-30 00:00:00,,302.0
27114,6010,2023-01-30 00:00:00,,379.0
27115,6017,2023-01-30 00:00:00,,318.0
27116,6050,2023-01-30 00:00:00,,381.0
27117,7004,2023-01-30 00:00:00,,276.0
27118,7022,2023-01-30 00:00:00,,558.0
27119,7032,2023-01-30 00:00:00,,561.0
27120,7034,2023-01-30 00:00:00,,300.0
27121,7038,2023-01-30 00:00:00,,327.0
27122,7050,2023-01-30 00:00:00,,311.0
27123,7052,2023-01-30 00:00:00,,309.0
27124,7061,2023-01-30 00:00:00,,400.0
27125,8002,2023-01-30 00:00:00,,431.0
27126,8003,2023-01-30 00:00:00,,284.0
27127,8004,2023-01-30 00:00:00,,511.0
27128,8006,2023-01-30 00:00:00,,397.0
27129,8010,2023-01-30 00:00:00,,399.0
27130,8011,2023-01-30 00:00:00,,335.0
27131,8012B,2023-01-30 00:00:00,,231.0
27132,8015,2023-01-30 00:00:00,,295.0
27133,8016,2023-01-30 00:00:00,,283.0
27134,8020,2023-01-30 00:00:00,,406.0
27135,8023,2023-01-30 00:00:00,,312.0
27136,8024,2023-01-30 00:00:00,,353.0
27137,8032,2023-01-30 00:00:00,,340.0
27138,8033,2023-01-30 00:00:00,,445.0
27139,8035,2023-01-30 00:00:00,,335.0
27140,8037,2023-01-30 00:00:00,,459.0
27141,8040,2023-01-30 00:00:00,,288.0
27142,8041,2023-01-30 00:00:00,,438.0
27143,8042,2023-01-30 00:00:00,,383.0
27144,8052,2023-01-30 00:00:00,,411.0
27145,8056,2023-01-30 00:00:00,,351.0
27146,8057,2023-01-30 00:00:00,,343.0
27147,8058,2023-01-30 00:00:00,,408.0
27148,8059,2023-01-30 00:00:00,,408.0
27149,8061,2023-01-30 00:00:00,,416.0
27150,8062,2023-01-30 00:00:00,,373.0
27151,8066,2023-01-30 00:00:00,,384.0
27152,8073,2023-01-30 00:00:00,,252.0
27153,8074,2023-01-30 00:00:00,,360.0
27154,8076,2023-01-30 00:00:00,,377.0
27155,8078,2023-01-30 00:00:00,,287.0
27156,8080,2023-01-30 00:00:00,,274.0
27157,8081,2023-01-30 00:00:00,,358.0
27158,8082,2023-01-30 00:00:00,,393.0
27159,80841,2023-01-30 00:00:00,,334.0
27160,8085,2023-01-30 00:00:00,,315.0
27161,9006,2023-01-30 00:00:00,,292.0
27162,9011,2023-01-30 00:00:00,,411.0
27163,9014,2023-01-30 00:00:00,,325.0
27164,9015,2023-01-30 00:00:00,,328.0
27165,9016,2023-01-30 00:00:00,,297.0
27166,9020,2023-01-30 00:00:00,,301.0
27167,9022,2023-01-30 00:00:00,,256.0
27168,9023,2023-01-30 00:00:00,,323.0
27169,9024,2023-01-30 00:00:00,,355.0
27170,9030,2023-01-30 00:00:00,,353.0
27171,9032,2023-01-30 00:00:00,,312.0
27172,9035,2023-01-30 00:00:00,,383.0
27173,9036,2023-01-30 00:00:00,,277.0
27174,9037,2023-01-30 00:00:00,,326.0
27175,9042,2023-01-30 00:00:00,,265.0
27176,9053,2023-01-30 00:00:00,,370.0
27177,9057,2023-01-30 00:00:00,,395.0
27178,9058,2023-01-30 00:00:00,,401.0
27179,9061,2023-01-30 00:00:00,,267.0
27180,9064,2023-01-30 00:00:00,,310.0
27181,9073,2023-01-30 00:00:00,,269.0
27182,9076,2023-01-30 00:00:00,,328.0
27183,9082,2023-01-30 00:00:00,,318.0
27184,9091,2023-01-30 00:00:00,,307.0
27185,9092,2023-01-30 00:00:00,,377.0
27186,9095,2023-01-30 00:00:00,,393.0
27187,9096,2023-01-30 00:00:00,,350.0
27188,9099,2023-01-30 00:00:00,,367.0
27189,9103,2023-01-30 00:00:00,,311.0
27190,9104,2023-01-30 00:00:00,,419.0
27191,9106,2023-01-30 00:00:00,,303.0
27192,91091,2023-01-30 00:00:00,,402.0
27193,9109B,2023-01-30 00:00:00,,261.0
27194,9110A,2023-01-30 00:00:00,,311.0
27195,91121,2023-01-30 00:00:00,,347.0
27196,9192,2023-01-30 00:00:00,,298.0
27197,9113,2023-01-30 00:00:00,,292.0
27198,9116A,2023-01-30 00:00:00,,300.0
27199,9116B,2023-01-30 00:00:00,,261.0
27200,91171,2023-01-30 00:00:00,,382.0
27201,91172,2023-01-30 00:00:00,,326.0
27202,9121,2023-01-30 00:00:00,,344.0
27203,9122,2023-01-30 00:00:00,,205.0
27204,91241,2023-01-30 00:00:00,,372.0
27205,91242,2023-01-30 00:00:00,,416.0
27206,9125,2023-01-30 00:00:00,,368.0
27207,91262,2023-01-30 00:00:00,,291.0
27208,9126A,2023-01-30 00:00:00,,328.0
27209,9128A,2023-01-30 00:00:00,,256.0
27210,9128B,2023-01-30 00:00:00,,298.0
27211,9136,2023-01-30 00:00:00,,336.0
27212,9137,2023-01-30 00:00:00,,248.0
27213,S14,2023-01-30 00:00:00,,339.0
27214,S15,2023-01-30 00:00:00,,357.0
27215,S7,2023-01-30 00:00:00,,342.0
27216,23011,2023-01-20 00:00:00,,25.0
27217,334,2023-01-10 00:00:00,,327.0
27218,335,2023-01-10 00:00:00,,322.0
27219,337,2023-01-10 00:00:00,,379.0
27220,341,2023-01-10 00:00:00,,365.0
27221,345,2023-01-10 00:00:00,,313.0
27222,356,2023-01-10 00:00:00,,305.0
27223,99,2023-01-10 00:00:00,,365.0
27224,1026,2023-01-10 00:00:00,,259.0
27225,1029,2023-01-10 00:00:00,,255.0
27226,2778,2023-01-10 00:00:00,,429.0
27227,2779,2023-01-10 00:00:00,,403.0
27228,2780,2023-01-10 00:00:00,,421.0
27229,2781,2023-01-10 00:00:00,,391.0
27230,9018,2023-01-10 00:00:00,,416.0
27231,9038,2023-01-10 00:00:00,,477.0
27232,9080,2023-01-10 00:00:00,,480.0
27233,9084,2023-01-10 00:00:00,,446.0
27234,9111,2023-01-10 00:00:00,,467.0
27235,9118A,2023-01-10 00:00:00,,318.0
27236,9134,2023-01-10 00:00:00,,345.0
27237,9135,2023-01-10 00:00:00,,360.0
27238,9136A,2023-01-10 00:00:00,,378.0
27239,BU24,2023-01-10 00:00:00,,41.0
27240,BU25,2023-01-10 00:00:00,,43.0
27241,MSN1,2023-01-10 00:00:00,,237.0
27242,MSN10,2023-01-10 00:00:00,,373.0
27243,MSN11,2023-01-10 00:00:00,,435.0
27244,MSN12,2023-01-10 00:00:00,,247.0
27245,MSN14,2023-01-10 00:00:00,,306.0
27246,MSN15,2023-01-10 00:00:00,,408.0
27247,MSN16,2023-01-10 00:00:00,,311.0
27248,MSN17,2023-01-10 00:00:00,,235.0
27249,1007,2023-01-10 00:00:00,,285.0
27250,MSN2,2023-01-10 00:00:00,,289.0
27251,MSN3,2023-01-10 00:00:00,,376.0
27252,MSN4,2023-01-10 00:00:00,,320.0
27253,MSN8,2023-01-10 00:00:00,,277.0
27254,MSN9,2023-01-10 00:00:00,,279.0
27255,100,2023-01-10 00:00:00,,303.0
27256,103,2023-01-10 00:00:00,,346.0
27257,104,2023-01-10 00:00:00,,253.0
27258,115,2023-01-10 00:00:00,,320.0
27259,0116A,2023-01-10 00:00:00,,255.0
27260,118,2023-01-10 00:00:00,,321.0
27261,0201A,2023-01-10 00:00:00,,399.0
27262,0204A,2023-01-10 00:00:00,,329.0
27263,207,2023-01-10 00:00:00,,353.0
27264,212,2023-01-10 00:00:00,,357.0
27265,214,2023-01-10 00:00:00,,365.0
27266,216,2023-01-10 00:00:00,,424.0
27267,219,2023-01-10 00:00:00,,338.0
27268,221,2023-01-10 00:00:00,,393.0
27269,0223A,2023-01-10 00:00:00,,359.0
27270,0223B,2023-01-10 00:00:00,,372.0
27271,228,2023-01-10 00:00:00,,398.0
27272,235,2023-01-10 00:00:00,,393.0
27273,236,2023-01-10 00:00:00,,465.0
27274,238,2023-01-10 00:00:00,,373.0
27275,242,2023-01-10 00:00:00,,339.0
27276,245,2023-01-10 00:00:00,,401.0
27277,248,2023-01-10 00:00:00,,403.0
27278,251,2023-01-10 00:00:00,,395.0
27279,0259A,2023-01-10 00:00:00,,389.0
27280,260,2023-01-10 00:00:00,,348.0
27281,261,2023-01-10 00:00:00,,435.0
27282,273,2023-01-10 00:00:00,,335.0
27283,277,2023-01-10 00:00:00,,384.0
27284,279,2023-01-10 00:00:00,,320.0
27285,290,2023-01-10 00:00:00,,435.0
27286,0291A,2023-01-10 00:00:00,,347.0
27287,292,2023-01-10 00:00:00,,335.0
27288,293,2023-01-10 00:00:00,,323.0
27289,295,2023-01-10 00:00:00,,365.0
27290,0298B,2023-01-10 00:00:00,,390.0
27291,317,2023-01-10 00:00:00,,367.0
27292,324,2023-01-10 00:00:00,,435.0
27293,325,2023-01-10 00:00:00,,293.0
27294,23004,2023-01-05 00:00:00,,25.0
27295,22209,2022-12-30 00:00:00,,25.0
27296,22206,2022-12-30 00:00:00,,25.0
27297,22192,2022-12-26 00:00:00,,25.0
27298,22188,2022-12-24 00:00:00,,25.0
27299,0109A,2022-12-21 00:00:00,,211.0
27300,346,2022-12-21 00:00:00,,246.0
27301,358,2022-12-21 00:00:00,,231.0
27302,1018,2022-12-21 00:00:00,,169.0
27303,1019,2022-12-21 00:00:00,,210.0
27304,1027A,2022-12-21 00:00:00,,189.0
27305,1031,2022-12-21 00:00:00,,240.0
27306,1033,2022-12-21 00:00:00,,129.0
27307,1036,2022-12-21 00:00:00,,207.0
27308,1039,2022-12-21 00:00:00,,235.0
27309,1044,2022-12-21 00:00:00,,161.0
27310,1046A,2022-12-21 00:00:00,,196.0
27311,1048A,2022-12-21 00:00:00,,171.0
27312,1055A,2022-12-21 00:00:00,,154.0
27313,1056,2022-12-21 00:00:00,,146.0
27314,1064,2022-12-21 00:00:00,,104.0
27315,1067,2022-12-21 00:00:00,,101.0
27316,1068A,2022-12-21 00:00:00,,63.0
27317,1070A,2022-12-21 00:00:00,,104.0
27318,1076,2022-12-21 00:00:00,,136.0
27319,1077,2022-12-21 00:00:00,,162.0
27320,1078,2022-12-21 00:00:00,,186.0
27321,1080A,2022-12-21 00:00:00,,220.0
27322,1085,2022-12-21 00:00:00,,161.0
27323,1092A,2022-12-21 00:00:00,,138.0
27324,1093,2022-12-21 00:00:00,,135.0
27325,1095B,2022-12-21 00:00:00,,167.0
27326,1096A,2022-12-21 00:00:00,,161.0
27327,1097A,2022-12-21 00:00:00,,173.0
27328,1101A,2022-12-21 00:00:00,,110.0
27329,1105,2022-12-21 00:00:00,,194.0
27330,1106A,2022-12-21 00:00:00,,227.0
27331,1107,2022-12-21 00:00:00,,179.0
27332,1112,2022-12-21 00:00:00,,128.0
27333,1130A,2022-12-21 00:00:00,,104.0
27334,1131A,2022-12-21 00:00:00,,98.0
27335,1133,2022-12-21 00:00:00,,137.0
27336,2001A,2022-12-21 00:00:00,,101.0
27337,2001B,2022-12-21 00:00:00,,109.0
27338,2005A,2022-12-21 00:00:00,,119.0
27339,2005B,2022-12-21 00:00:00,,150.0
27340,2010,2022-12-21 00:00:00,,78.0
27341,2025,2022-12-21 00:00:00,,120.0
27342,2027,2022-12-21 00:00:00,,101.0
27343,2029,2022-12-21 00:00:00,,109.0
27344,2032,2022-12-21 00:00:00,,159.0
27345,2035,2022-12-21 00:00:00,,213.0
27346,2039A,2022-12-21 00:00:00,,157.0
27347,2041,2022-12-21 00:00:00,,138.0
27348,2044,2022-12-21 00:00:00,,100.0
27349,2045,2022-12-21 00:00:00,,101.0
27350,2052,2022-12-21 00:00:00,,154.0
27351,2054,2022-12-21 00:00:00,,143.0
27352,2056,2022-12-21 00:00:00,,150.0
27353,2058,2022-12-21 00:00:00,,131.0
27354,2060,2022-12-21 00:00:00,,200.0
27355,2065,2022-12-21 00:00:00,,206.0
27356,2067,2022-12-21 00:00:00,,127.0
27357,2088A,2022-12-21 00:00:00,,176.0
27358,2090,2022-12-21 00:00:00,,135.0
27359,2091,2022-12-21 00:00:00,,122.0
27360,2110,2022-12-21 00:00:00,,98.0
27361,2111,2022-12-21 00:00:00,,70.0
27362,2149,2022-12-21 00:00:00,,98.0
27363,2203,2022-12-21 00:00:00,,98.0
27364,2204,2022-12-21 00:00:00,,218.0
27365,80472,2022-12-21 00:00:00,,337.0
27366,22185,2022-12-21 00:00:00,,25.0
27367,101,2022-12-13 00:00:00,,251.0
27368,102,2022-12-13 00:00:00,,248.0
27369,107,2022-12-13 00:00:00,,250.0
27370,108,2022-12-13 00:00:00,,200.0
27371,111,2022-12-13 00:00:00,,264.0
27372,114,2022-12-13 00:00:00,,337.0
27373,125,2022-12-13 00:00:00,,191.0
27374,201,2022-12-13 00:00:00,,311.0
27375,202,2022-12-13 00:00:00,,258.0
27376,204,2022-12-13 00:00:00,,338.0
27377,205,2022-12-13 00:00:00,,204.0
27378,0206A,2022-12-13 00:00:00,,248.0
27379,0206B,2022-12-13 00:00:00,,320.0
27380,0208A,2022-12-13 00:00:00,,219.0
27381,211,2022-12-13 00:00:00,,267.0
27382,0215A,2022-12-13 00:00:00,,287.0
27383,220,2022-12-13 00:00:00,,257.0
27384,224,2022-12-13 00:00:00,,259.0
27385,226,2022-12-13 00:00:00,,269.0
27386,229,2022-12-13 00:00:00,,326.0
27387,0231A,2022-12-13 00:00:00,,257.0
27388,0231B,2022-12-13 00:00:00,,208.0
27389,233,2022-12-13 00:00:00,,279.0
27390,2331,2022-12-13 00:00:00,,291.0
27391,240,2022-12-13 00:00:00,,280.0
27392,241,2022-12-13 00:00:00,,307.0
27393,246,2022-12-13 00:00:00,,254.0
27394,249,2022-12-13 00:00:00,,347.0
27395,252,2022-12-13 00:00:00,,184.0
27396,258,2022-12-13 00:00:00,,219.0
27397,259,2022-12-13 00:00:00,,282.0
27398,263,2022-12-13 00:00:00,,231.0
27399,267,2022-12-13 00:00:00,,275.0
27400,269,2022-12-13 00:00:00,,246.0
27401,270,2022-12-13 00:00:00,,223.0
27402,271,2022-12-13 00:00:00,,254.0
27403,272,2022-12-13 00:00:00,,292.0
27404,274,2022-12-13 00:00:00,,202.0
27405,278,2022-12-13 00:00:00,,252.0
27406,284,2022-12-13 00:00:00,,230.0
27407,291,2022-12-13 00:00:00,,147.0
27408,0291B,2022-12-13 00:00:00,,227.0
27409,294,2022-12-13 00:00:00,,220.0
27410,297,2022-12-13 00:00:00,,202.0
27411,0298A,2022-12-13 00:00:00,,223.0
27412,0299A,2022-12-13 00:00:00,,322.0
27413,0299C,2022-12-13 00:00:00,,240.0
27414,321,2022-12-13 00:00:00,,263.0
27415,322,2022-12-13 00:00:00,,289.0
27416,323,2022-12-13 00:00:00,,252.0
27417,326,2022-12-13 00:00:00,,272.0
27418,327,2022-12-13 00:00:00,,225.0
27419,329,2022-12-13 00:00:00,,251.0
27420,0330A,2022-12-13 00:00:00,,240.0
27421,332,2022-12-13 00:00:00,,277.0
27422,333,2022-12-13 00:00:00,,261.0
27423,336,2022-12-13 00:00:00,,225.0
27424,338,2022-12-13 00:00:00,,278.0
27425,342,2022-12-13 00:00:00,,193.0
27426,344,2022-12-13 00:00:00,,184.0
27427,347,2022-12-13 00:00:00,,210.0
27428,348,2022-12-13 00:00:00,,168.0
27429,349,2022-12-13 00:00:00,,255.0
27430,352,2022-12-13 00:00:00,,270.0
27431,353,2022-12-13 00:00:00,,292.0
27432,354,2022-12-13 00:00:00,,243.0
27433,355,2022-12-13 00:00:00,,221.0
27434,1004,2022-12-13 00:00:00,,248.0
27435,1005,2022-12-13 00:00:00,,227.0
27436,1009,2022-12-13 00:00:00,,246.0
27437,1017A,2022-12-13 00:00:00,,254.0
27438,1021,2022-12-13 00:00:00,,223.0
27439,1023,2022-12-13 00:00:00,,194.0
27440,1028,2022-12-13 00:00:00,,190.0
27441,1032,2022-12-13 00:00:00,,172.0
27442,1039B,2022-12-13 00:00:00,,350.0
27443,10431,2022-12-13 00:00:00,,144.0
27444,1045,2022-12-13 00:00:00,,120.0
27445,1051,2022-12-13 00:00:00,,114.0
27446,1052A,2022-12-13 00:00:00,,115.0
27447,1053A,2022-12-13 00:00:00,,130.0
27448,1059,2022-12-13 00:00:00,,159.0
27449,1063,2022-12-13 00:00:00,,147.0
27450,1065,2022-12-13 00:00:00,,195.0
27451,1073,2022-12-13 00:00:00,,141.0
27452,1074,2022-12-13 00:00:00,,90.0
27453,1075,2022-12-13 00:00:00,,125.0
27454,1079,2022-12-13 00:00:00,,129.0
27455,1084A,2022-12-13 00:00:00,,115.0
27456,1094,2022-12-13 00:00:00,,150.0
27457,1096,2022-12-13 00:00:00,,123.0
27458,1097B,2022-12-13 00:00:00,,141.0
27459,1100A,2022-12-13 00:00:00,,110.0
27460,1100B,2022-12-13 00:00:00,,104.0
27461,1102,2022-12-13 00:00:00,,111.0
27462,1103,2022-12-13 00:00:00,,137.0
27463,1104A,2022-12-13 00:00:00,,188.0
27464,1109B,2022-12-13 00:00:00,,169.0
27465,1123,2022-12-13 00:00:00,,289.0
27466,1132,2022-12-13 00:00:00,,176.0
27467,1188,2022-12-13 00:00:00,,116.0
27468,20,2022-12-13 00:00:00,,319.0
27469,2002,2022-12-13 00:00:00,,120.0
27470,2007,2022-12-13 00:00:00,,115.0
27471,2012,2022-12-13 00:00:00,,103.0
27472,2014,2022-12-13 00:00:00,,97.0
27473,2016,2022-12-13 00:00:00,,99.0
27474,2018,2022-12-13 00:00:00,,128.0
27475,2024,2022-12-13 00:00:00,,190.0
27476,2034,2022-12-13 00:00:00,,139.0
27477,2035A,2022-12-13 00:00:00,,134.0
27478,2039,2022-12-13 00:00:00,,187.0
27479,2040,2022-12-13 00:00:00,,153.0
27480,2061,2022-12-13 00:00:00,,119.0
27481,2063B,2022-12-13 00:00:00,,123.0
27482,2087,2022-12-13 00:00:00,,111.0
27483,2202,2022-12-13 00:00:00,,75.0
27484,2702,2022-12-13 00:00:00,,228.0
27485,8011,2022-12-13 00:00:00,,350.0
27486,8012B,2022-12-13 00:00:00,,237.0
27487,80472,2022-12-13 00:00:00,,338.0
27488,8061,2022-12-13 00:00:00,,441.0
27489,8080,2022-12-13 00:00:00,,276.0
27490,8085,2022-12-13 00:00:00,,320.0
27491,9006,2022-12-13 00:00:00,,284.0
27492,9011,2022-12-13 00:00:00,,410.0
27493,9014,2022-12-13 00:00:00,,314.0
27494,9015,2022-12-13 00:00:00,,330.0
27495,9016,2022-12-13 00:00:00,,268.0
27496,9020,2022-12-13 00:00:00,,300.0
27497,9022,2022-12-13 00:00:00,,272.0
27498,9023,2022-12-13 00:00:00,,335.0
27499,9024,2022-12-13 00:00:00,,354.0
27500,9030,2022-12-13 00:00:00,,330.0
27501,9036,2022-12-13 00:00:00,,256.0
27502,9037,2022-12-13 00:00:00,,302.0
27503,9042,2022-12-13 00:00:00,,264.0
27504,9053,2022-12-13 00:00:00,,353.0
27505,9061,2022-12-13 00:00:00,,252.0
27506,9064,2022-12-13 00:00:00,,313.0
27507,9073,2022-12-13 00:00:00,,291.0
27508,9076,2022-12-13 00:00:00,,317.0
27509,9091,2022-12-13 00:00:00,,290.0
27510,9103,2022-12-13 00:00:00,,320.0
27511,9109B,2022-12-13 00:00:00,,261.0
27512,9110A,2022-12-13 00:00:00,,309.0
27513,9192,2022-12-13 00:00:00,,278.0
27514,9113,2022-12-13 00:00:00,,288.0
27515,9116A,2022-12-13 00:00:00,,281.0
27516,9116B,2022-12-13 00:00:00,,281.0
27517,91172,2022-12-13 00:00:00,,291.0
27518,9118,2022-12-13 00:00:00,,295.0
27519,9121,2022-12-13 00:00:00,,348.0
27520,9122,2022-12-13 00:00:00,,203.0
27521,91262,2022-12-13 00:00:00,,282.0
27522,9126A,2022-12-13 00:00:00,,330.0
27523,9128A,2022-12-13 00:00:00,,265.0
27524,9128B,2022-12-13 00:00:00,,284.0
27525,9137,2022-12-13 00:00:00,,244.0
27526,S7,2022-12-13 00:00:00,,324.0
27527,22178,2022-12-09 00:00:00,,25.0
27528,343,2022-12-08 00:00:00,,257.0
27529,19,2022-12-08 00:00:00,,399.0
27530,30212,2022-12-08 00:00:00,,401.0
27531,33,2022-12-08 00:00:00,,319.0
27532,5027,2022-12-08 00:00:00,,487.0
27533,5030,2022-12-08 00:00:00,,454.0
27534,5043,2022-12-08 00:00:00,,494.0
27535,5098,2022-12-08 00:00:00,,449.0
27536,5111,2022-12-08 00:00:00,,356.0
27537,5146,2022-12-08 00:00:00,,364.0
27538,6010,2022-12-08 00:00:00,,400.0
27539,6017,2022-12-08 00:00:00,,368.0
27540,6022,2022-12-08 00:00:00,,334.0
27541,6028,2022-12-08 00:00:00,,504.0
27542,6037,2022-12-08 00:00:00,,445.0
27543,6050,2022-12-08 00:00:00,,410.0
27544,7004,2022-12-08 00:00:00,,296.0
27545,7022,2022-12-08 00:00:00,,551.0
27546,7032,2022-12-08 00:00:00,,557.0
27547,7033,2022-12-08 00:00:00,,450.0
27548,7034,2022-12-08 00:00:00,,304.0
27549,7049,2022-12-08 00:00:00,,346.0
27550,7050,2022-12-08 00:00:00,,380.0
27551,7061,2022-12-08 00:00:00,,414.0
27552,7072,2022-12-08 00:00:00,,415.0
27553,8002,2022-12-08 00:00:00,,451.0
27554,8003,2022-12-08 00:00:00,,310.0
27555,8004,2022-12-08 00:00:00,,508.0
27556,8005,2022-12-08 00:00:00,,362.0
27557,8007,2022-12-08 00:00:00,,426.0
27558,8010,2022-12-08 00:00:00,,432.0
27559,80121,2022-12-08 00:00:00,,430.0
27560,8013A,2022-12-08 00:00:00,,456.0
27561,8016,2022-12-08 00:00:00,,295.0
27562,8020,2022-12-08 00:00:00,,411.0
27563,8023,2022-12-08 00:00:00,,534.0
27564,8024,2022-12-08 00:00:00,,361.0
27565,8026,2022-12-08 00:00:00,,425.0
27566,80272,2022-12-08 00:00:00,,416.0
27567,8028,2022-12-08 00:00:00,,440.0
27568,8030,2022-12-08 00:00:00,,410.0
27569,8032,2022-12-08 00:00:00,,341.0
27570,8033,2022-12-08 00:00:00,,459.0
27571,8035,2022-12-08 00:00:00,,344.0
27572,8037,2022-12-08 00:00:00,,469.0
27573,8040,2022-12-08 00:00:00,,215.0
27574,8041,2022-12-08 00:00:00,,457.0
27575,8042,2022-12-08 00:00:00,,373.0
27576,8043,2022-12-08 00:00:00,,464.0
27577,8045,2022-12-08 00:00:00,,467.0
27578,8048,2022-12-08 00:00:00,,370.0
27579,8050,2022-12-08 00:00:00,,363.0
27580,8052,2022-12-08 00:00:00,,421.0
27581,8054,2022-12-08 00:00:00,,412.0
27582,8056,2022-12-08 00:00:00,,357.0
27583,8058,2022-12-08 00:00:00,,450.0
27584,8059,2022-12-08 00:00:00,,398.0
27585,8060,2022-12-08 00:00:00,,426.0
27586,8066,2022-12-08 00:00:00,,376.0
27587,8073,2022-12-08 00:00:00,,281.0
27588,8074,2022-12-08 00:00:00,,353.0
27589,8075,2022-12-08 00:00:00,,322.0
27590,8076,2022-12-08 00:00:00,,390.0
27591,8079,2022-12-08 00:00:00,,418.0
27592,8081,2022-12-08 00:00:00,,382.0
27593,8082,2022-12-08 00:00:00,,408.0
27594,80841,2022-12-08 00:00:00,,374.0
27595,8084B,2022-12-08 00:00:00,,353.0
27596,8086,2022-12-08 00:00:00,,450.0
27597,8087,2022-12-08 00:00:00,,431.0
27598,80921,2022-12-08 00:00:00,,420.0
27599,8093,2022-12-08 00:00:00,,419.0
27600,8097,2022-12-08 00:00:00,,511.0
27601,9035,2022-12-08 00:00:00,,378.0
27602,9040,2022-12-08 00:00:00,,421.0
27603,9051,2022-12-08 00:00:00,,479.0
27604,9057,2022-12-08 00:00:00,,388.0
27605,9058,2022-12-08 00:00:00,,420.0
27606,9071,2022-12-08 00:00:00,,353.0
27607,9092,2022-12-08 00:00:00,,377.0
27608,9095,2022-12-08 00:00:00,,400.0
27609,9096,2022-12-08 00:00:00,,380.0
27610,9099,2022-12-08 00:00:00,,363.0
27611,9104,2022-12-08 00:00:00,,428.0
27612,9106,2022-12-08 00:00:00,,341.0
27613,91121,2022-12-08 00:00:00,,347.0
27614,91171,2022-12-08 00:00:00,,364.0
27615,91241,2022-12-08 00:00:00,,372.0
27616,91242,2022-12-08 00:00:00,,461.0
27617,9125,2022-12-08 00:00:00,,379.0
27618,9136,2022-12-08 00:00:00,,351.0
27619,22181,2022-12-06 00:00:00,,25.0
27620,22175,2022-12-01 00:00:00,,25.0
27621,22166,2022-11-30 00:00:00,,25.0
27622,22157,2022-11-24 00:00:00,,25.0
27623,22132,2022-11-18 00:00:00,,25.0
27624,22126,2022-11-07 00:00:00,,24.0
27625,22120,2022-10-10 00:00:00,,25.0
27626,22118,2022-10-06 00:00:00,,25.0
27627,22115,2022-10-03 00:00:00,,25.0
27628,22114,2022-10-02 00:00:00,,25.0
27629,22112,2022-10-01 00:00:00,,24.0
27630,2048,2022-03-29 00:00:00,,24.0
27631,2042,2022-03-29 00:00:00,,24.0
27632,2044,2022-03-25 00:00:00,,25.0
27633,2019,2022-03-08 00:00:00,,24.0
27634,2004,2022-01-16 00:00:00,,25.0
27635,2148,2021-12-18 00:00:00,,25.0
27636,1056,2021-10-23 00:00:00,,25.0
27637,10431,2021-09-25 00:00:00,,24.0
27638,1044,2021-09-25 00:00:00,,25.0
27639,26043,2026-02-07 00:00:00,,3.0
27640,26061,2026-02-21 00:00:00,,23.0
27641,1053,2026-03-05 00:00:00,,644.0
27642,1215,2026-03-05 00:00:00,,695.0
27643,141,2026-03-05 00:00:00,,566.0
27644,1056,2026-03-05 00:00:00,,612.0
27645,26079,2026-03-11 00:00:00,,31.0
27646,25077,2026-03-13 00:00:00,,123.0
27647,25103,2026-03-13 00:00:00,,110.0
27648,25050,2026-03-13 00:00:00,,131.0
27649,25059,2026-03-13 00:00:00,,138.0
27650,J25132,2026-03-13 00:00:00,,134.0
27651,25127,2026-03-13 00:00:00,,112.0
27652,25134,2026-03-13 00:00:00,,114.0
27653,J25147,2026-03-13 00:00:00,,78.0
27654,25087,2026-03-13 00:00:00,,113.0
27655,25142,2026-03-13 00:00:00,,92.0
27656,25105,2026-03-13 00:00:00,,112.0
27657,25095,2026-03-13 00:00:00,,122.0
27658,25144,2026-03-13 00:00:00,,81.0
27659,25139,2026-03-13 00:00:00,,94.0
27660,25101,2026-03-13 00:00:00,,113.0
27661,25124,2026-03-13 00:00:00,,105.0
27662,25111,2026-03-13 00:00:00,,117.0
27663,25073,2026-03-13 00:00:00,,113.0
27664,25131,2026-03-13 00:00:00,,96.0
27665,25106,2026-03-13 00:00:00,,89.0
27666,25135,2026-03-13 00:00:00,,75.0
27667,25155,2026-03-13 00:00:00,,128.0
27668,26080,2026-03-19 00:00:00,,28.0
27669,26081,2026-03-19 00:00:00,,25.0
27670,26082,2026-03-19 00:00:00,,27.0
27671,26084,2026-03-19 00:00:00,,21.0
27672,26085,2026-03-19 00:00:00,,16.0
27673,26086,2026-03-19 00:00:00,,15.0
27674,101,2026-03-23 00:00:00,,420.0
27675,107,2026-03-23 00:00:00,,364.0
27676,111,2026-03-23 00:00:00,,425.0
27677,0206A,2026-03-23 00:00:00,,398.0
27678,0208A,2026-03-23 00:00:00,,369.0
27679,220,2026-03-23 00:00:00,,459.0
27680,226,2026-03-23 00:00:00,,450.0
27681,229,2026-03-23 00:00:00,,434.0
27682,0231A,2026-03-23 00:00:00,,395.0
27683,2331,2026-03-23 00:00:00,,339.0
27684,241,2026-03-23 00:00:00,,426.0
27685,252,2026-03-23 00:00:00,,317.0
27686,259,2026-03-23 00:00:00,,489.0
27687,267,2026-03-23 00:00:00,,437.0
27688,269,2026-03-23 00:00:00,,453.0
27689,272,2026-03-23 00:00:00,,406.0
27690,278,2026-03-23 00:00:00,,434.0
27691,297,2026-03-23 00:00:00,,358.0
27692,298,2026-03-23 00:00:00,,408.0
27693,0298A,2026-03-23 00:00:00,,424.0
27694,303,2026-03-23 00:00:00,,441.0
27695,306,2026-03-23 00:00:00,,458.0
27696,307,2026-03-23 00:00:00,,469.0
27697,314,2026-03-23 00:00:00,,420.0
27698,322,2026-03-23 00:00:00,,424.0
27699,323,2026-03-23 00:00:00,,414.0
27700,327,2026-03-23 00:00:00,,390.0
27701,332,2026-03-23 00:00:00,,469.0
27702,333,2026-03-23 00:00:00,,370.0
27703,336,2026-03-23 00:00:00,,373.0
27704,353,2026-03-23 00:00:00,,524.0
27705,500,2026-03-23 00:00:00,,549.0
27706,1015,2026-03-23 00:00:00,,470.0
27707,1015A,2026-03-23 00:00:00,,369.0
27708,1045,2026-03-23 00:00:00,,335.0
27709,1063,2026-03-23 00:00:00,,382.0
27711,1078A,2026-03-23 00:00:00,,383.0
27712,1079,2026-03-23 00:00:00,,438.0
27713,1088A,2026-03-23 00:00:00,,425.0
27714,1095A,2026-03-23 00:00:00,,414.0
27715,1100A,2026-03-23 00:00:00,,318.0
27716,1102,2026-03-23 00:00:00,,368.0
27717,1103,2026-03-23 00:00:00,,460.0
27718,1310,2026-03-23 00:00:00,,447.0
27719,19,2026-03-23 00:00:00,,500.0
27720,20001,2026-03-23 00:00:00,,521.0
27721,2011,2026-03-23 00:00:00,,356.0
27722,2014,2026-03-23 00:00:00,,327.0
27723,2018,2026-03-23 00:00:00,,367.0
27724,2023,2026-03-23 00:00:00,,450.0
27725,2026,2026-03-23 00:00:00,,413.0
27726,2030,2026-03-23 00:00:00,,341.0
27727,20334,2026-03-23 00:00:00,,421.0
27728,2034,2026-03-23 00:00:00,,340.0
27729,2039,2026-03-23 00:00:00,,584.0
27730,2040,2026-03-23 00:00:00,,380.0
27731,2048,2026-03-23 00:00:00,,419.0
27732,2052,2026-03-23 00:00:00,,425.0
27733,2063A,2026-03-23 00:00:00,,405.0
27734,2080,2026-03-23 00:00:00,,470.0
27735,2083,2026-03-23 00:00:00,,360.0
27736,2087,2026-03-23 00:00:00,,484.0
27737,2088B,2026-03-23 00:00:00,,354.0
27738,2093,2026-03-23 00:00:00,,341.0
27739,2094A,2026-03-23 00:00:00,,417.0
27740,2095,2026-03-23 00:00:00,,290.0
27741,2096A,2026-03-23 00:00:00,,335.0
27742,20971,2026-03-23 00:00:00,,311.0
27743,2103,2026-03-23 00:00:00,,403.0
27744,2108,2026-03-23 00:00:00,,341.0
27745,2109,2026-03-23 00:00:00,,385.0
27746,2110,2026-03-23 00:00:00,,311.0
27747,2111,2026-03-23 00:00:00,,383.0
27748,2124A,2026-03-23 00:00:00,,504.0
27749,2133A,2026-03-23 00:00:00,,351.0
27750,21391,2026-03-23 00:00:00,,331.0
27751,2141,2026-03-23 00:00:00,,326.0
27752,2143,2026-03-23 00:00:00,,414.0
27753,2146,2026-03-23 00:00:00,,377.0
27754,2148A,2026-03-23 00:00:00,,453.0
27755,2162,2026-03-23 00:00:00,,332.0
27756,2196A,2026-03-23 00:00:00,,463.0
27757,22049,2026-03-23 00:00:00,,348.0
27758,22085,2026-03-23 00:00:00,,347.0
27759,2208A,2026-03-23 00:00:00,,501.0
27760,22098,2026-03-23 00:00:00,,327.0
27761,22112,2026-03-23 00:00:00,,354.0
27762,22117,2026-03-23 00:00:00,,368.0
27763,22119,2026-03-23 00:00:00,,329.0
27764,22135,2026-03-23 00:00:00,,395.0
27765,22144,2026-03-23 00:00:00,,255.0
27766,22160,2026-03-23 00:00:00,,349.0
27767,22161,2026-03-23 00:00:00,,310.0
27768,22172,2026-03-23 00:00:00,,368.0
27769,22177,2026-03-23 00:00:00,,392.0
27770,22186,2026-03-23 00:00:00,,363.0
27771,22193,2026-03-23 00:00:00,,288.0
27772,2220,2026-03-23 00:00:00,,481.0
27773,2226,2026-03-23 00:00:00,,536.0
27774,2500,2026-03-23 00:00:00,,441.0
27775,3003A,2026-03-23 00:00:00,,451.0
27776,3021A,2026-03-23 00:00:00,,426.0
27777,3026A,2026-03-23 00:00:00,,400.0
27778,3066B,2026-03-23 00:00:00,,432.0
27779,3107,2026-03-23 00:00:00,,433.0
27780,31102,2026-03-23 00:00:00,,462.0
27781,34,2026-03-23 00:00:00,,436.0
27782,4007,2026-03-23 00:00:00,,541.0
27783,4018,2026-03-23 00:00:00,,367.0
27784,4035,2026-03-23 00:00:00,,517.0
27785,4072,2026-03-23 00:00:00,,522.0
27786,4151,2026-03-23 00:00:00,,466.0
27787,5007,2026-03-23 00:00:00,,397.0
27788,5030,2026-03-23 00:00:00,,434.0
27789,5033,2026-03-23 00:00:00,,430.0
27790,50741,2026-03-23 00:00:00,,316.0
27791,5077,2026-03-23 00:00:00,,404.0
27792,5144,2026-03-23 00:00:00,,398.0
27793,5146,2026-03-23 00:00:00,,327.0
27794,5150,2026-03-23 00:00:00,,412.0
27795,6021,2026-03-23 00:00:00,,425.0
27796,6043,2026-03-23 00:00:00,,349.0
27797,6067,2026-03-23 00:00:00,,435.0
27798,7012,2026-03-23 00:00:00,,403.0
27799,7028,2026-03-23 00:00:00,,361.0
27800,7059,2026-03-23 00:00:00,,421.0
27801,7074,2026-03-23 00:00:00,,405.0
27802,7077,2026-03-23 00:00:00,,400.0
27803,8005,2026-03-23 00:00:00,,421.0
27804,80121,2026-03-23 00:00:00,,441.0
27805,8017,2026-03-23 00:00:00,,420.0
27806,8036,2026-03-23 00:00:00,,449.0
27807,8045,2026-03-23 00:00:00,,458.0
27808,8046,2026-03-23 00:00:00,,488.0
27809,8048,2026-03-23 00:00:00,,357.0
27810,8051,2026-03-23 00:00:00,,374.0
27811,8061,2026-03-23 00:00:00,,548.0
27812,8062,2026-03-23 00:00:00,,387.0
27813,8076,2026-03-23 00:00:00,,398.0
27814,8077,2026-03-23 00:00:00,,361.0
27815,8082,2026-03-23 00:00:00,,401.0
27816,8087,2026-03-23 00:00:00,,420.0
27817,80882,2026-03-23 00:00:00,,415.0
27818,809,2026-03-23 00:00:00,,470.0
27819,8093,2026-03-23 00:00:00,,415.0
27820,8096,2026-03-23 00:00:00,,515.0
27821,9006,2026-03-23 00:00:00,,408.0
27822,9020,2026-03-23 00:00:00,,370.0
27823,9024,2026-03-23 00:00:00,,453.0
27824,9037,2026-03-23 00:00:00,,368.0
27825,9040,2026-03-23 00:00:00,,484.0
27826,9053,2026-03-23 00:00:00,,404.0
27827,9073,2026-03-23 00:00:00,,363.0
27828,9076,2026-03-23 00:00:00,,401.0
27829,9103,2026-03-23 00:00:00,,435.0
27830,9110A,2026-03-23 00:00:00,,496.0
27831,91171,2026-03-23 00:00:00,,452.0
27832,91172,2026-03-23 00:00:00,,394.0
27833,9125,2026-03-23 00:00:00,,430.0
27834,91262,2026-03-23 00:00:00,,412.0
27835,9126A,2026-03-23 00:00:00,,397.0
27836,9128B,2026-03-23 00:00:00,,370.0
27837,EMB 2,2026-03-23 00:00:00,,398.0
27838,EMB 5,2026-03-23 00:00:00,,466.0
27839,J426,2026-03-23 00:00:00,,451.0
27840,J841,2026-03-23 00:00:00,,505.0
27841,8033,2026-03-23 00:00:00,,490.0
27842,1109A,2026-03-23 00:00:00,,370.0
27843,7017,2026-03-23 00:00:00,,477.0
27844,2042,2026-03-23 00:00:00,,407.0
27845,J428,2026-03-23 00:00:00,,601.0
27846,2022,2026-03-23 00:00:00,,547.0
27847,2203,2026-03-23 00:00:00,,381.0
27848,338,2026-03-23 00:00:00,,403.0
27849,5076,2026-03-23 00:00:00,,396.0
27850,5592,2026-03-23 00:00:00,,599.0
27851,8094,2026-03-23 00:00:00,,339.0
27852,TSN01,2026-03-23 00:00:00,,606.0
27853,240,2026-03-23 00:00:00,,439.0
27854,10431,2026-03-23 00:00:00,,394.0
27855,8019,2026-03-23 00:00:00,,429.0
27856,22139,2026-03-23 00:00:00,,386.0
27857,304,2026-03-23 00:00:00,,432.0
27858,308,2026-03-23 00:00:00,,379.0
27859,2002,2026-03-23 00:00:00,,384.0
27860,9500,2026-03-23 00:00:00,,451.0
27861,5638,2026-03-23 00:00:00,,525.0
27862,5629,2026-03-23 00:00:00,,574.0
27863,1105,2026-03-23 00:00:00,,685.0
27864,2140,2026-03-23 00:00:00,,294.0
27866,26083,2026-03-27 00:00:00,,25.0
27867,26087,2026-03-27 00:00:00,,28.0
27868,26088,2026-03-27 00:00:00,,29.0
27869,26090,2026-03-27 00:00:00,,37.0
27870,26091,2026-03-27 00:00:00,,32.0
27871,26093,2026-03-27 00:00:00,,26.0
27872,26094,2026-03-27 00:00:00,,33.0
27873,26095,2026-03-27 00:00:00,,27.0
27874,26096,2026-03-27 00:00:00,,32.0
27875,26098,2026-03-27 00:00:00,,26.0
27876,BU078,2026-03-31 00:00:00,,584.0
27877,26101,2026-04-06 00:00:00,,20.0
27878,26102,2026-04-11 00:00:00,,36.0
27879,26103,2026-04-11 00:00:00,,24.0
27880,26104,2026-04-11 00:00:00,,29.0
27881,26105,2026-04-11 00:00:00,,27.0
27882,26106,2026-04-11 00:00:00,,22.0
27883,26108,2026-04-11 00:00:00,,42.0
27884,26111,2026-04-11 00:00:00,,28.0
27885,26092,2026-04-14 00:00:00,,34.0
27886,26100,2026-04-14 00:00:00,,29.0
27887,26107,2026-04-14 00:00:00,,27.0
27888,26110,2026-04-24 00:00:00,,26.0
27889,26112,2026-04-24 00:00:00,,25.0
27890,26113,2026-04-24 00:00:00,,26.0
27891,26115,2026-04-24 00:00:00,,24.0
27892,26116,2026-04-24 00:00:00,,24.0
27893,26118,2026-04-24 00:00:00,,28.0
27894,26119,2026-04-24 00:00:00,,20.0
27895,26120,2026-04-24 00:00:00,,29.0
27896,26121,2026-04-24 00:00:00,,24.0
27897,26122,2026-04-24 00:00:00,,20.0
27898,26123,2026-04-24 00:00:00,,22.0
27899,26124,2026-04-24 00:00:00,,28.0
27900,1292,2026-04-28 00:00:00,,671.0
27901,1204,2026-04-28 00:00:00,,632.0
27902,198,2026-04-28 00:00:00,,631.0
27903,1074A,2026-04-28 00:00:00,,610.0
27904,1082A,2026-05-04 00:00:00,,491.0
27905,1133,2026-05-04 00:00:00,,408.0
27906,2045,2026-05-04 00:00:00,,448.0
27907,2099,2026-05-04 00:00:00,,333.0
27908,22114,2026-05-04 00:00:00,,382.0
27909,22120,2026-05-04 00:00:00,,468.0
27910,22122,2026-05-04 00:00:00,,425.0
27911,22175,2026-05-04 00:00:00,,466.0
27912,22176,2026-05-04 00:00:00,,380.0
27913,22178,2026-05-04 00:00:00,,506.0
27914,22183,2026-05-04 00:00:00,,359.0
27915,22184,2026-05-04 00:00:00,,416.0
27916,22187,2026-05-04 00:00:00,,349.0
27917,22192,2026-05-04 00:00:00,,396.0
27918,22205,2026-05-04 00:00:00,,369.0
27919,22206,2026-05-04 00:00:00,,432.0
27920,22207,2026-05-04 00:00:00,,419.0
27921,23007,2026-05-04 00:00:00,,284.0
27922,23008,2026-05-04 00:00:00,,259.0
27923,23010,2026-05-04 00:00:00,,401.0
27924,23011,2026-05-04 00:00:00,,484.0
27925,23014,2026-05-04 00:00:00,,422.0
27926,23019,2026-05-04 00:00:00,,425.0
27927,23020,2026-05-04 00:00:00,,397.0
27928,23026,2026-05-04 00:00:00,,329.0
27929,23028,2026-05-04 00:00:00,,391.0
27930,23035,2026-05-04 00:00:00,,269.0
27931,23038,2026-05-04 00:00:00,,339.0
27932,23046,2026-05-04 00:00:00,,335.0
27933,23053,2026-05-04 00:00:00,,389.0
27934,23054,2026-05-04 00:00:00,,353.0
27935,23056,2026-05-04 00:00:00,,336.0
27936,23058,2026-05-04 00:00:00,,376.0
27937,23059,2026-05-04 00:00:00,,312.0
27938,23063,2026-05-04 00:00:00,,392.0
27939,23070,2026-05-04 00:00:00,,290.0
27940,23072,2026-05-04 00:00:00,,403.0
27941,23078,2026-05-04 00:00:00,,358.0
27942,23080,2026-05-04 00:00:00,,367.0
27943,23084,2026-05-04 00:00:00,,369.0
27944,23085,2026-05-04 00:00:00,,367.0
27945,23087,2026-05-04 00:00:00,,304.0
27946,23088,2026-05-04 00:00:00,,346.0
27947,23089,2026-05-04 00:00:00,,286.0
27948,23090,2026-05-04 00:00:00,,389.0
27949,23091,2026-05-04 00:00:00,,277.0
27950,23093,2026-05-04 00:00:00,,258.0
27951,23095,2026-05-04 00:00:00,,368.0
27952,23097,2026-05-04 00:00:00,,303.0
27953,23099,2026-05-04 00:00:00,,297.0
27954,23100,2026-05-04 00:00:00,,401.0
27955,23102,2026-05-04 00:00:00,,381.0
27956,23104,2026-05-04 00:00:00,,425.0
27957,23108,2026-05-04 00:00:00,,254.0
27958,23114,2026-05-04 00:00:00,,363.0
27959,23116,2026-05-04 00:00:00,,381.0
27960,23118,2026-05-04 00:00:00,,369.0
27961,23119,2026-05-04 00:00:00,,411.0
27962,23120,2026-05-04 00:00:00,,364.0
27963,23123,2026-05-04 00:00:00,,414.0
27964,23124,2026-05-04 00:00:00,,326.0
27965,23132,2026-05-04 00:00:00,,266.0
27966,23133,2026-05-04 00:00:00,,264.0
27967,23135,2026-05-04 00:00:00,,310.0
27968,23137,2026-05-04 00:00:00,,291.0
27969,23140,2026-05-04 00:00:00,,342.0
27970,23142,2026-05-04 00:00:00,,386.0
27971,23144,2026-05-04 00:00:00,,269.0
27972,23145,2026-05-04 00:00:00,,353.0
27973,23146,2026-05-04 00:00:00,,436.0
27974,23147,2026-05-04 00:00:00,,311.0
27975,23150,2026-05-04 00:00:00,,401.0
27976,23156,2026-05-04 00:00:00,,309.0
27977,23157,2026-05-04 00:00:00,,277.0
27978,23164,2026-05-04 00:00:00,,302.0
27979,23165,2026-05-04 00:00:00,,333.0
27980,23170,2026-05-04 00:00:00,,307.0
27981,23173,2026-05-04 00:00:00,,277.0
27982,23174,2026-05-04 00:00:00,,295.0
27983,23177,2026-05-04 00:00:00,,288.0
27984,23181,2026-05-04 00:00:00,,382.0
27986,23187,2026-05-04 00:00:00,,281.0
27987,23188,2026-05-04 00:00:00,,278.0
27989,23190,2026-05-04 00:00:00,,256.0
27990,23193,2026-05-04 00:00:00,,299.0
27991,23196,2026-05-04 00:00:00,,348.0
27992,23197,2026-05-04 00:00:00,,265.0
27993,23210,2026-05-04 00:00:00,,258.0
27994,23212,2026-05-04 00:00:00,,280.0
27995,23214,2026-05-04 00:00:00,,364.0
27996,23217,2026-05-04 00:00:00,,305.0
27997,23218,2026-05-04 00:00:00,,284.0
27998,23220,2026-05-04 00:00:00,,297.0
27999,23222,2026-05-04 00:00:00,,313.0
28000,23224,2026-05-04 00:00:00,,384.0
28001,23225,2026-05-04 00:00:00,,353.0
28002,23229,2026-05-04 00:00:00,,302.0
28003,23230,2026-05-04 00:00:00,,348.0
28004,23238,2026-05-04 00:00:00,,390.0
28005,23240,2026-05-04 00:00:00,,336.0
28006,23241,2026-05-04 00:00:00,,473.0
28007,23242,2026-05-04 00:00:00,,263.0
28008,23244,2026-05-04 00:00:00,,384.0
28009,23247,2026-05-04 00:00:00,,335.0
28010,23249,2026-05-04 00:00:00,,347.0
28011,23251,2026-05-04 00:00:00,,238.0
28012,24002,2026-05-04 00:00:00,,324.0
28013,24003,2026-05-04 00:00:00,,350.0
28014,24020,2026-05-04 00:00:00,,267.0
28015,24029,2026-05-04 00:00:00,,373.0
28016,24033,2026-05-04 00:00:00,,256.0
28017,24034,2026-05-04 00:00:00,,310.0
28018,24037,2026-05-04 00:00:00,,275.0
28019,24049,2026-05-04 00:00:00,,271.0
28020,24056,2026-05-04 00:00:00,,276.0
28021,24060,2026-05-04 00:00:00,,256.0
28022,24061,2026-05-04 00:00:00,,279.0
28023,24062,2026-05-04 00:00:00,,243.0
28024,24065,2026-05-04 00:00:00,,275.0
28025,24067,2026-05-04 00:00:00,,305.0
28026,24068,2026-05-04 00:00:00,,235.0
28027,24071,2026-05-04 00:00:00,,269.0
28028,24074,2026-05-04 00:00:00,,296.0
28029,24076,2026-05-04 00:00:00,,330.0
28030,24077,2026-05-04 00:00:00,,406.0
28031,24081,2026-05-04 00:00:00,,275.0
28032,24082,2026-05-04 00:00:00,,238.0
28033,24086,2026-05-04 00:00:00,,275.0
28034,24098,2026-05-04 00:00:00,,256.0
28035,24111,2026-05-04 00:00:00,,329.0
28036,24134,2026-05-04 00:00:00,,272.0
28037,24141,2026-05-04 00:00:00,,249.0
28038,24145,2026-05-04 00:00:00,,265.0
28039,24160,2026-05-04 00:00:00,,283.0
28040,24165,2026-05-04 00:00:00,,252.0
28041,24198,2026-05-04 00:00:00,,290.0
28042,24206,2026-05-04 00:00:00,,250.0
28043,24214,2026-05-04 00:00:00,,255.0
28044,24233,2026-05-04 00:00:00,,249.0
28045,24271,2026-05-04 00:00:00,,291.0
28046,3501,2026-05-04 00:00:00,,345.0
28047,3504,2026-05-04 00:00:00,,249.0
28048,4501,2026-05-04 00:00:00,,419.0
28049,J4011,2026-05-04 00:00:00,,294.0
28050,J416,2026-05-04 00:00:00,,299.0
28051,J417,2026-05-04 00:00:00,,259.0
28052,22196,2026-05-04 00:00:00,,404.0
28054,2067,2026-05-06 00:00:00,,553.0
28055,1097A,2026-05-06 00:00:00,,510.0
28056,1070A,2026-05-06 00:00:00,,604.0
28057,2004,2026-05-06 00:00:00,,554.0
28058,26126,2026-05-08 00:00:00,,28.0
28059,26130,2026-05-08 00:00:00,,28.0
28060,26131,2026-05-08 00:00:00,,27.0
28061,26132,2026-05-08 00:00:00,,39.0
28062,26133,2026-05-08 00:00:00,,36.0
28063,26134,2026-05-08 00:00:00,,19.0
28064,26135,2026-05-08 00:00:00,,14.0
28065,26136,2026-05-08 00:00:00,,26.0
28066,26137,2026-05-08 00:00:00,,28.0
28067,26138,2026-05-08 00:00:00,,29.0
28068,BU321,2026-05-11 00:00:00,,506.0
28069,23154,2026-05-11 00:00:00,,371.0
28070,22178,2026-05-11 00:00:00,,494.0
28071,1085,2026-05-11 00:00:00,,607.0
28072,23011,2026-05-11 00:00:00,,486.0
28073,1082A,2026-05-11 00:00:00,,485.0
28074,26139,2026-05-13 00:00:00,,34.0
28075,26142,2026-05-13 00:00:00,,19.0
28076,26143,2026-05-13 00:00:00,,29.0
28077,26144,2026-05-13 00:00:00,,23.0
28078,24259,2026-05-16 00:00:00,,122.0
28079,J4010,2026-05-16 00:00:00,,348.0
28080,23022,2026-05-16 00:00:00,,297.0
28081,7087,2026-05-16 00:00:00,,542.0
28082,24136,2026-05-16 00:00:00,,299.0
28083,25274,2026-05-16 00:00:00,,83.0
28084,274,2026-05-16 00:00:00,,346.0
28085,214,2026-05-16 00:00:00,,509.0
28086,23036,2026-05-16 00:00:00,,332.0
28087,22191,2026-05-16 00:00:00,,396.0
28088,24289,2026-05-16 00:00:00,,162.0
28089,22126,2026-05-16 00:00:00,,463.0
28090,23033,2026-05-16 00:00:00,,353.0
28091,22216,2026-05-16 00:00:00,,385.0
28092,23016,2026-05-16 00:00:00,,254.0
28093,2036,2026-05-16 00:00:00,,344.0
28094,25219,2026-05-16 00:00:00,,83.0
28095,1074,2026-05-16 00:00:00,,378.0
28096,8086,2026-05-16 00:00:00,,496.0
28097,23017,2026-05-16 00:00:00,,262.0
28098,18,2026-05-16 00:00:00,,356.0
28099,4008,2026-05-16 00:00:00,,329.0
28100,9007,2026-05-16 00:00:00,,290.0
28101,26019,2026-05-16 00:00:00,,97.0
28102,40072,2026-05-16 00:00:00,,371.0
28103,2149A,2026-05-16 00:00:00,,363.0
28104,24089,2026-05-16 00:00:00,,289.0
28105,1045,2026-05-16 00:00:00,,301.0
28106,23189,2026-05-16 00:00:00,,275.0
28107,7092,2026-05-16 00:00:00,,339.0
28108,25290,2026-05-16 00:00:00,,113.0
28109,1123,2026-05-16 00:00:00,,396.0
28110,22131,2026-05-16 00:00:00,,416.0
28111,30,2026-05-16 00:00:00,,384.0
28112,2073,2026-05-16 00:00:00,,428.0
28113,7033,2026-05-16 00:00:00,,346.0
28114,1053A,2026-05-16 00:00:00,,447.0
28115,143,2026-05-19 00:00:00,,368.0
28116,201,2026-05-19 00:00:00,,465.0
28117,202,2026-05-19 00:00:00,,340.0
28118,205,2026-05-19 00:00:00,,393.0
28119,234,2026-05-19 00:00:00,,601.0
28120,240,2026-05-19 00:00:00,,432.0
28121,270,2026-05-19 00:00:00,,434.0
28122,272,2026-05-19 00:00:00,,379.0
28123,297,2026-05-19 00:00:00,,360.0
28124,304,2026-05-19 00:00:00,,400.0
28125,306,2026-05-19 00:00:00,,429.0
28126,329,2026-05-19 00:00:00,,512.0
28127,338,2026-05-19 00:00:00,,400.0
28128,344,2026-05-19 00:00:00,,458.0
28129,1023,2026-05-19 00:00:00,,389.0
28130,10391,2026-05-19 00:00:00,,317.0
28131,1052A,2026-05-19 00:00:00,,390.0
28132,1059,2026-05-19 00:00:00,,416.0
28133,1066,2026-05-19 00:00:00,,390.0
28134,1084A,2026-05-19 00:00:00,,332.0
28135,1091,2026-05-19 00:00:00,,382.0
28136,1100B,2026-05-19 00:00:00,,343.0
28137,1102,2026-05-19 00:00:00,,368.0
28138,1104A,2026-05-19 00:00:00,,393.0
28139,1188,2026-05-19 00:00:00,,493.0
28140,12164,2026-05-19 00:00:00,,294.0
28141,1310,2026-05-19 00:00:00,,412.0
28142,2007,2026-05-19 00:00:00,,437.0
28143,2014,2026-05-19 00:00:00,,310.0
28144,2042,2026-05-19 00:00:00,,395.0
28145,2062,2026-05-19 00:00:00,,395.0
28146,2137,2026-05-19 00:00:00,,340.0
28147,2146,2026-05-19 00:00:00,,431.0
28148,2196A,2026-05-19 00:00:00,,447.0
28149,2201,2026-05-19 00:00:00,,423.0
28150,23053,2026-05-19 00:00:00,,394.0
28151,23063,2026-05-19 00:00:00,,371.0
28152,23118,2026-05-19 00:00:00,,358.0
28153,23120,2026-05-19 00:00:00,,392.0
28154,23156,2026-05-19 00:00:00,,307.0
28155,23165,2026-05-19 00:00:00,,341.0
28156,23212,2026-05-19 00:00:00,,258.0
28157,24029,2026-05-19 00:00:00,,349.0
28158,33,2026-05-19 00:00:00,,412.0
28159,4023,2026-05-19 00:00:00,,375.0
28160,4033,2026-05-19 00:00:00,,321.0
28161,4072,2026-05-19 00:00:00,,479.0
28162,4078,2026-05-19 00:00:00,,323.0
28163,5060,2026-05-19 00:00:00,,364.0
28164,5076,2026-05-19 00:00:00,,379.0
28165,5079,2026-05-19 00:00:00,,477.0
28166,5090,2026-05-19 00:00:00,,450.0
28167,5146,2026-05-19 00:00:00,,365.0
28168,6020,2026-05-19 00:00:00,,337.0
28169,6035,2026-05-19 00:00:00,,357.0
28170,6042,2026-05-19 00:00:00,,552.0
28171,6043,2026-05-19 00:00:00,,379.0
28172,7007,2026-05-19 00:00:00,,422.0
28173,7022,2026-05-19 00:00:00,,547.0
28174,7077,2026-05-19 00:00:00,,405.0
28175,7083,2026-05-19 00:00:00,,458.0
28176,8006,2026-05-19 00:00:00,,476.0
28177,8017,2026-05-19 00:00:00,,409.0
28178,80272,2026-05-19 00:00:00,,412.0
28179,8043,2026-05-19 00:00:00,,452.0
28180,8046,2026-05-19 00:00:00,,497.0
28181,8050,2026-05-19 00:00:00,,359.0
28182,8054,2026-05-19 00:00:00,,454.0
28183,8061,2026-05-19 00:00:00,,492.0
28184,8094,2026-05-19 00:00:00,,338.0
28185,9015,2026-05-19 00:00:00,,423.0
28186,9051,2026-05-19 00:00:00,,491.0
28187,9058,2026-05-19 00:00:00,,484.0
28188,9071,2026-05-19 00:00:00,,396.0
28189,9091,2026-05-19 00:00:00,,343.0
28190,9099,2026-05-19 00:00:00,,387.0
28191,9113,2026-05-19 00:00:00,,353.0
28192,9500,2026-05-19 00:00:00,,432.0
28193,EMB 2,2026-05-19 00:00:00,,386.0
28194,J422,2026-05-19 00:00:00,,461.0
28195,J424,2026-05-19 00:00:00,,483.0
28196,7017,2026-05-19 00:00:00,,454.0
28197,3028A,2026-05-19 00:00:00,,364.0
28198,5592,2026-05-19 00:00:00,,648.0
28199,263,2026-05-19 00:00:00,,421.0
28200,pend41,2026-05-19 00:00:00,,434.0
28201,7066,2026-05-19 00:00:00,,500.0
28202,2016,2026-05-19 00:00:00,,418.0
28203,5082,2026-05-19 00:00:00,,381.0
28204,3750,2026-05-19 00:00:00,,439.0
28205,21027,2026-05-19 00:00:00,,403.0
28206,139,2026-05-19 00:00:00,,403.0
28207,8072,2026-05-19 00:00:00,,368.0
28208,0299A,2026-05-19 00:00:00,,578.0
28209,2103,2026-05-19 00:00:00,,370.0
28210,0299C,2026-05-19 00:00:00,,453.0
28211,60286,2026-05-19 00:00:00,,409.0
28212,7067,2026-05-19 00:00:00,,340.0
28213,2063B,2026-05-19 00:00:00,,419.0
28214,24255,2026-05-19 00:00:00,,266.0
28215,1139A,2026-05-19 00:00:00,,335.0
28216,23027,2026-05-20 00:00:00,,231.0
28217,23098,2026-05-20 00:00:00,,292.0
28218,23125,2026-05-20 00:00:00,,259.0
28219,23127,2026-05-20 00:00:00,,196.0
28220,23139,2026-05-20 00:00:00,,290.0
28221,23160,2026-05-20 00:00:00,,196.0
28222,23166,2026-05-20 00:00:00,,214.0
28223,23168,2026-05-20 00:00:00,,234.0
28224,23186,2026-05-20 00:00:00,,267.0
28225,23223,2026-05-20 00:00:00,,230.0
28226,23227,2026-05-20 00:00:00,,234.0
28227,23231,2026-05-20 00:00:00,,196.0
28228,23232,2026-05-20 00:00:00,,269.0
28229,23237,2026-05-20 00:00:00,,229.0
28230,23243,2026-05-20 00:00:00,,207.0
28231,23246,2026-05-20 00:00:00,,287.0
28232,23250,2026-05-20 00:00:00,,207.0
28233,23252,2026-05-20 00:00:00,,272.0
28234,24004,2026-05-20 00:00:00,,205.0
28235,24005,2026-05-20 00:00:00,,189.0
28236,24006,2026-05-20 00:00:00,,224.0
28237,24007,2026-05-20 00:00:00,,284.0
28238,24013,2026-05-20 00:00:00,,297.0
28239,24014,2026-05-20 00:00:00,,206.0
28240,24015,2026-05-20 00:00:00,,246.0
28241,24021,2026-05-20 00:00:00,,311.0
28242,24039,2026-05-20 00:00:00,,203.0
28243,24040,2026-05-20 00:00:00,,198.0
28244,24042,2026-05-20 00:00:00,,195.0
28245,24043,2026-05-20 00:00:00,,198.0
28246,24045,2026-05-20 00:00:00,,190.0
28247,24051,2026-05-20 00:00:00,,218.0
28248,24052,2026-05-20 00:00:00,,143.0
28249,24053,2026-05-20 00:00:00,,188.0
28250,24054,2026-05-20 00:00:00,,139.0
28251,24055,2026-05-20 00:00:00,,200.0
28252,24058,2026-05-20 00:00:00,,178.0
28253,24070,2026-05-20 00:00:00,,198.0
28254,24072,2026-05-20 00:00:00,,203.0
28255,24084,2026-05-20 00:00:00,,229.0
28256,24094,2026-05-20 00:00:00,,176.0
28257,24097,2026-05-20 00:00:00,,196.0
28258,24099,2026-05-20 00:00:00,,205.0
28259,24101,2026-05-20 00:00:00,,216.0
28260,24115,2026-05-20 00:00:00,,195.0
28261,24119,2026-05-20 00:00:00,,202.0
28262,24120,2026-05-20 00:00:00,,234.0
28263,24124,2026-05-20 00:00:00,,182.0
28264,24142,2026-05-20 00:00:00,,194.0
28265,24144,2026-05-20 00:00:00,,202.0
28266,24148,2026-05-20 00:00:00,,179.0
28267,24150,2026-05-20 00:00:00,,167.0
28268,24152,2026-05-20 00:00:00,,187.0
28269,24162,2026-05-20 00:00:00,,177.0
28270,24168,2026-05-20 00:00:00,,169.0
28271,24173,2026-05-20 00:00:00,,202.0
28272,24179,2026-05-20 00:00:00,,153.0
28273,24180,2026-05-20 00:00:00,,174.0
28274,24181,2026-05-20 00:00:00,,215.0
28275,24182,2026-05-20 00:00:00,,189.0
28276,24187,2026-05-20 00:00:00,,149.0
28277,24190,2026-05-20 00:00:00,,160.0
28278,24218,2026-05-20 00:00:00,,209.0
28279,24224,2026-05-20 00:00:00,,150.0
28280,24231,2026-05-20 00:00:00,,186.0
28281,24251,2026-05-20 00:00:00,,150.0
28282,24252,2026-05-20 00:00:00,,125.0
28283,24277,2026-05-20 00:00:00,,120.0
28284,24278,2026-05-20 00:00:00,,165.0
28285,J402,2026-05-20 00:00:00,,213.0
28286,J403,2026-05-20 00:00:00,,216.0
28287,J404,2026-05-20 00:00:00,,298.0
28288,J405,2026-05-20 00:00:00,,230.0
28289,J406,2026-05-20 00:00:00,,280.0
28290,J407,2026-05-20 00:00:00,,293.0
28291,J412,2026-05-20 00:00:00,,192.0
28292,J414,2026-05-20 00:00:00,,274.0
28293,J418,2026-05-20 00:00:00,,240.0
28294,J419,2026-05-20 00:00:00,,274.0
28295,24131,2026-05-20 00:00:00,,189.0
28296,24250,2026-05-20 00:00:00,,144.0
28297,24066,2026-05-20 00:00:00,,231.0
28298,24090,2026-05-20 00:00:00,,205.0
28299,24106,2026-05-20 00:00:00,,206.0
28300,24262,2026-05-20 00:00:00,,135.0
28301,24001,2026-05-20 00:00:00,,176.0
28302,25023,2026-05-20 00:00:00,,128.0
28303,24248,2026-05-20 00:00:00,,174.0
28304,23233,2026-05-20 00:00:00,,239.0
28305,24129,2026-05-20 00:00:00,,188.0
28306,24275,2026-05-20 00:00:00,,158.0
28307,24028,2026-05-20 00:00:00,,189.0
28308,BU069,2026-05-20 00:00:00,,638.0
28309,BU089,2026-05-20 00:00:00,,649.0
28310,BU317,2026-05-20 00:00:00,,596.0
28311,BU087,2026-05-20 00:00:00,,640.0
28312,BU327,2026-05-26 00:00:00,,589.0
28313,BU090,2026-05-26 00:00:00,,571.0
28314,BU311,2026-05-26 00:00:00,,594.0
28315,BU088,2026-05-26 00:00:00,,609.0
28316,BU086,2026-05-26 00:00:00,,580.0
28317,BU326,2026-05-26 00:00:00,,575.0
28318,BU322,2026-05-30 00:00:00,,590.0
28319,BU328,2026-05-26 00:00:00,,580.0
28320,BU84,2026-05-20 00:00:00,,378.0
28321,BU356,2026-05-20 00:00:00,,287.0
28322,BU374,2026-05-20 00:00:00,,251.0
28323,BU69,2026-05-20 00:00:00,,413.0
28324,BU79,2026-05-20 00:00:00,,367.0
28325,BU360,2026-05-20 00:00:00,,217.0
28326,BU371,2026-05-20 00:00:00,,241.0
28327,BU370,2026-05-20 00:00:00,,255.0
28328,BU365,2026-05-20 00:00:00,,168.0
28329,BU375,2026-05-20 00:00:00,,236.0
28330,BU091,2026-05-26 00:00:00,,549.0
28331,BU092,2026-05-26 00:00:00,,584.0
28332,BU095,2026-05-26 00:00:00,,562.0
28333,BU099,2026-05-26 00:00:00,,504.0
28334,BU20,2026-05-26 00:00:00,,620.0
28335,BU301,2026-05-26 00:00:00,,424.0
28336,BU303,2026-05-26 00:00:00,,330.0
28337,BU306,2026-05-26 00:00:00,,568.0
28338,BU313,2026-05-26 00:00:00,,593.0
28339,BU322,2026-05-26 00:00:00,,580.0
28340,BU323,2026-05-26 00:00:00,,477.0
28341,BU328,2026-05-26 00:00:00,,580.0
28342,BU67,2026-05-26 00:00:00,,507.0
28343,107,2026-05-27 00:00:00,,331.0
28344,125,2026-05-27 00:00:00,,445.0
28345,128,2026-05-27 00:00:00,,303.0
28346,0206B,2026-05-27 00:00:00,,320.0
28347,2331,2026-05-27 00:00:00,,350.0
28348,246,2026-05-27 00:00:00,,362.0
28349,258,2026-05-27 00:00:00,,334.0
28350,271,2026-05-27 00:00:00,,389.0
28351,303,2026-05-27 00:00:00,,390.0
28352,308,2026-05-27 00:00:00,,372.0
28353,310,2026-05-27 00:00:00,,279.0
28354,312,2026-05-27 00:00:00,,410.0
28355,0317A,2026-05-27 00:00:00,,471.0
28356,321,2026-05-27 00:00:00,,278.0
28357,326,2026-05-27 00:00:00,,360.0
28358,327,2026-05-27 00:00:00,,381.0
28359,0330A,2026-05-27 00:00:00,,399.0
28360,333,2026-05-27 00:00:00,,322.0
28361,348,2026-05-27 00:00:00,,330.0
28362,349,2026-05-27 00:00:00,,349.0
28363,352,2026-05-27 00:00:00,,335.0
28364,355,2026-05-27 00:00:00,,367.0
28365,1032,2026-05-27 00:00:00,,241.0
28366,1043A,2026-05-27 00:00:00,,388.0
28367,1056A,2026-05-27 00:00:00,,310.0
28368,1065,2026-05-27 00:00:00,,426.0
28369,1077A,2026-05-27 00:00:00,,293.0
28370,1078A,2026-05-27 00:00:00,,356.0
28371,1109B,2026-05-27 00:00:00,,540.0
28372,1117,2026-05-27 00:00:00,,387.0
28373,1132,2026-05-27 00:00:00,,401.0
28374,19,2026-05-27 00:00:00,,457.0
28375,2024,2026-05-27 00:00:00,,336.0
28376,20334,2026-05-27 00:00:00,,410.0
28377,2059,2026-05-27 00:00:00,,297.0
28378,2060,2026-05-27 00:00:00,,613.0
28379,2061,2026-05-27 00:00:00,,309.0
28380,2064,2026-05-27 00:00:00,,240.0
28381,2088B,2026-05-27 00:00:00,,295.0
28382,2097,2026-05-27 00:00:00,,340.0
28383,2102,2026-05-27 00:00:00,,316.0
28384,2107,2026-05-27 00:00:00,,246.0
28385,2140,2026-05-27 00:00:00,,278.0
28386,2143A,2026-05-27 00:00:00,,346.0
28387,22195,2026-05-27 00:00:00,,351.0
28388,22198,2026-05-27 00:00:00,,303.0
28389,23037,2026-05-27 00:00:00,,432.0
28390,24016,2026-05-27 00:00:00,,389.0
28391,25110,2026-05-27 00:00:00,,99.0
28392,25154,2026-05-27 00:00:00,,187.0
28393,25164,2026-05-27 00:00:00,,171.0
28394,25167,2026-05-27 00:00:00,,117.0
28395,25176,2026-05-27 00:00:00,,151.0
28396,25178,2026-05-27 00:00:00,,181.0
28397,25179,2026-05-27 00:00:00,,126.0
28398,25183,2026-05-27 00:00:00,,141.0
28399,25188,2026-05-27 00:00:00,,167.0
28400,25192,2026-05-27 00:00:00,,180.0
28401,25203,2026-05-27 00:00:00,,82.0
28402,25206,2026-05-27 00:00:00,,128.0
28403,25211,2026-05-27 00:00:00,,142.0
28404,25213,2026-05-27 00:00:00,,119.0
28405,25221,2026-05-27 00:00:00,,85.0
28406,25222,2026-05-27 00:00:00,,150.0
28407,25223,2026-05-27 00:00:00,,156.0
28408,25224,2026-05-27 00:00:00,,180.0
28409,25226,2026-05-27 00:00:00,,162.0
28410,25230,2026-05-27 00:00:00,,82.0
28411,25232,2026-05-27 00:00:00,,126.0
28412,25233,2026-05-27 00:00:00,,80.0
28413,25234,2026-05-27 00:00:00,,73.0
28414,25239,2026-05-27 00:00:00,,159.0
28415,25243,2026-05-27 00:00:00,,73.0
28416,25255,2026-05-27 00:00:00,,84.0
28417,25256,2026-05-27 00:00:00,,78.0
28418,25260,2026-05-27 00:00:00,,84.0
28419,25261,2026-05-27 00:00:00,,141.0
28420,25263,2026-05-27 00:00:00,,136.0
28421,25270,2026-05-27 00:00:00,,62.0
28422,25271,2026-05-27 00:00:00,,154.0
28423,25272,2026-05-27 00:00:00,,90.0
28424,25278,2026-05-27 00:00:00,,90.0
28425,25283,2026-05-27 00:00:00,,112.0
28426,25286,2026-05-27 00:00:00,,112.0
28427,25293,2026-05-27 00:00:00,,62.0
28428,25294,2026-05-27 00:00:00,,160.0
28429,25299,2026-05-27 00:00:00,,133.0
28430,25301,2026-05-27 00:00:00,,165.0
28431,25302,2026-05-27 00:00:00,,139.0
28432,25303,2026-05-27 00:00:00,,131.0
28433,25304,2026-05-27 00:00:00,,108.0
28434,25308,2026-05-27 00:00:00,,91.0
28435,25309,2026-05-27 00:00:00,,95.0
28436,25310,2026-05-27 00:00:00,,65.0
28437,25311,2026-05-27 00:00:00,,114.0
28438,25313,2026-05-27 00:00:00,,77.0
28439,25315,2026-05-27 00:00:00,,103.0
28440,25317,2026-05-27 00:00:00,,82.0
28441,26005,2026-05-27 00:00:00,,59.0
28442,26008,2026-05-27 00:00:00,,79.0
28443,26010,2026-05-27 00:00:00,,75.0
28444,26014,2026-05-27 00:00:00,,70.0
28445,26015,2026-05-27 00:00:00,,114.0
28446,26016,2026-05-27 00:00:00,,89.0
28447,26026,2026-05-27 00:00:00,,86.0
28448,26027,2026-05-27 00:00:00,,91.0
28449,26029,2026-05-27 00:00:00,,41.0
28450,26064,2026-05-27 00:00:00,,80.0
28451,26067,2026-05-27 00:00:00,,87.0
28452,26071,2026-05-27 00:00:00,,80.0
28453,26083,2026-05-27 00:00:00,,52.0
28454,26097,2026-05-27 00:00:00,,67.0
28455,26100,2026-05-27 00:00:00,,52.0
28456,26111,2026-05-27 00:00:00,,55.0
28457,26112,2026-05-27 00:00:00,,47.0
28458,26113,2026-05-27 00:00:00,,51.0
28459,26114,2026-05-27 00:00:00,,54.0
28460,26121,2026-05-27 00:00:00,,40.0
28461,3026A,2026-05-27 00:00:00,,400.0
28462,3027A,2026-05-27 00:00:00,,321.0
28463,31,2026-05-27 00:00:00,,253.0
28464,3108,2026-05-27 00:00:00,,388.0
28465,3119,2026-05-27 00:00:00,,418.0
28466,4007,2026-05-27 00:00:00,,489.0
28467,4034,2026-05-27 00:00:00,,336.0
28468,4053,2026-05-27 00:00:00,,388.0
28469,4055,2026-05-27 00:00:00,,353.0
28470,4066,2026-05-27 00:00:00,,337.0
28471,4076,2026-05-27 00:00:00,,404.0
28472,4099,2026-05-27 00:00:00,,342.0
28473,4100,2026-05-27 00:00:00,,350.0
28474,4101,2026-05-27 00:00:00,,322.0
28475,4109,2026-05-27 00:00:00,,365.0
28476,4141,2026-05-27 00:00:00,,343.0
28477,5007,2026-05-27 00:00:00,,347.0
28478,50501,2026-05-27 00:00:00,,321.0
28479,5092,2026-05-27 00:00:00,,407.0
28480,5144,2026-05-27 00:00:00,,357.0
28481,6008,2026-05-27 00:00:00,,420.0
28482,6021,2026-05-27 00:00:00,,410.0
28483,6028,2026-05-27 00:00:00,,397.0
28484,6031,2026-05-27 00:00:00,,356.0
28485,6037,2026-05-27 00:00:00,,331.0
28486,7072,2026-05-27 00:00:00,,434.0
28487,8005,2026-05-27 00:00:00,,400.0
28488,8010,2026-05-27 00:00:00,,359.0
28489,8014,2026-05-27 00:00:00,,385.0
28490,80472,2026-05-27 00:00:00,,326.0
28491,8051,2026-05-27 00:00:00,,306.0
28492,8060,2026-05-27 00:00:00,,296.0
28493,8063,2026-05-27 00:00:00,,285.0
28494,8082,2026-05-27 00:00:00,,325.0
28495,8085,2026-05-27 00:00:00,,325.0
28496,8093,2026-05-27 00:00:00,,371.0
28497,9016,2026-05-27 00:00:00,,306.0
28498,9023,2026-05-27 00:00:00,,307.0
28499,9073,2026-05-27 00:00:00,,322.0
28500,9100,2026-05-27 00:00:00,,400.0
28501,9104,2026-05-27 00:00:00,,411.0
28502,91091,2026-05-27 00:00:00,,433.0
28503,9115,2026-05-27 00:00:00,,404.0
28504,91172,2026-05-27 00:00:00,,372.0
28505,9121,2026-05-27 00:00:00,,358.0
28506,9122,2026-05-27 00:00:00,,285.0
28507,9126A,2026-05-27 00:00:00,,367.0
28508,9128B,2026-05-27 00:00:00,,294.0
28509,9501,2026-05-27 00:00:00,,318.0
28510,9503,2026-05-27 00:00:00,,380.0
28511,EMB 5,2026-05-27 00:00:00,,421.0
28512,J408,2026-05-27 00:00:00,,338.0
28513,J409,2026-05-27 00:00:00,,345.0
28514,J420,2026-05-27 00:00:00,,425.0
28515,26073,2026-05-27 00:00:00,,51.0
28516,25025,2026-05-27 00:00:00,,145.0
28517,25138,2026-05-27 00:00:00,,194.0
28518,25078,2026-05-27 00:00:00,,243.0
28519,25140,2026-05-27 00:00:00,,172.0
28520,25119,2026-05-27 00:00:00,,127.0
28521,25161,2026-05-27 00:00:00,,124.0
28522,26017,2026-05-27 00:00:00,,78.0
28523,2037,2026-05-27 00:00:00,,398.0
28524,BU306,2026-06-02 00:00:00,,583.0
28525,BU313,2026-06-02 00:00:00,,617.0
28526,BU092,2026-06-02 00:00:00,,597.0
28527,BU67,2026-06-02 00:00:00,,515.0
28528,25089,2026-05-28 00:00:00,,131.0
28529,25164,2026-05-28 00:00:00,,108.0
28530,25186,2026-05-28 00:00:00,,82.0
28531,25177,2026-05-28 00:00:00,,102.0
28532,25159,2026-05-28 00:00:00,,138.0
28533,25126,2026-05-28 00:00:00,,127.0
28534,25275,2026-05-28 00:00:00,,96.0
28535,25277,2026-05-28 00:00:00,,97.0
28536,25265,2026-05-28 00:00:00,,136.0
28537,25187,2026-05-28 00:00:00,,89.0
28538,25129,2026-05-28 00:00:00,,102.0
28539,25200,2026-05-28 00:00:00,,95.0
28540,25145,2026-05-28 00:00:00,,102.0
28541,25167,2026-05-28 00:00:00,,116.0
28542,25203,2026-05-28 00:00:00,,82.0
28543,25098,2026-05-28 00:00:00,,150.0
28544,25141,2026-05-28 00:00:00,,158.0
28545,25230,2026-05-28 00:00:00,,77.0
28546,25231,2026-05-28 00:00:00,,84.0
28547,25130,2026-05-28 00:00:00,,130.0
28548,25253,2026-05-28 00:00:00,,86.0
28549,25237,2026-05-28 00:00:00,,116.0
28550,25190,2026-05-28 00:00:00,,92.0
28551,26141,2026-06-02 00:00:00,,30.0
28552,26145,2026-05-30 00:00:00,,29.0
28553,26146,2026-05-30 00:00:00,,38.0
28554,26147,2026-06-02 00:00:00,,35.0
28555,26148,2026-05-30 00:00:00,,14.0
28556,26149,2026-06-02 00:00:00,,29.0
28557,26150,2026-05-30 00:00:00,,32.0
28558,26151,2026-05-30 00:00:00,,33.0
28559,26152,2026-05-30 00:00:00,,26.0
28560,26153,2026-05-30 00:00:00,,27.0
28561,26154,2026-05-30 00:00:00,,27.0
28562,26155,2026-05-30 00:00:00,,35.0
28563,26158,2026-05-30 00:00:00,,30.0
28564,26157,2026-06-02 00:00:00,,29.0
28565,26161,2026-06-02 00:00:00,,21.0
28566,26162,2026-06-02 00:00:00,,31.0
28567,24071,2026-06-04 00:00:00,,229.0
28568,24065,2026-06-04 00:00:00,,223.0
28569,3504,2026-06-04 00:00:00,,229.0
28570,24020,2026-06-04 00:00:00,,256.0
28571,23008,2026-06-04 00:00:00,,233.0
28572,23007,2026-06-04 00:00:00,,264.0
28573,24033,2026-06-04 00:00:00,,245.0
28574,0116A,2026-06-04 00:00:00,,542.0
28575,0118A,2026-06-04 00:00:00,,489.0
28576,119,2026-06-04 00:00:00,,544.0
28577,127,2026-06-04 00:00:00,,581.0
28578,0204B,2026-06-04 00:00:00,,521.0
28579,217,2026-06-04 00:00:00,,549.0
28580,293,2026-06-04 00:00:00,,511.0
28581,1008,2026-06-04 00:00:00,,434.0
28582,1027,2026-06-04 00:00:00,,519.0
28583,1027A,2026-06-04 00:00:00,,503.0
28584,1033,2026-06-04 00:00:00,,609.0
28585,1055A,2026-06-04 00:00:00,,616.0
28586,1067,2026-06-04 00:00:00,,500.0
28587,1068A,2026-06-04 00:00:00,,467.0
28588,1069,2026-06-04 00:00:00,,685.0
28589,1070,2026-06-04 00:00:00,,506.0
28590,1077,2026-06-04 00:00:00,,580.0
28591,1092A,2026-06-04 00:00:00,,610.0
28592,1093,2026-06-04 00:00:00,,584.0
28593,1096A,2026-06-04 00:00:00,,540.0
28594,1101,2026-06-04 00:00:00,,639.0
28595,1101A,2026-06-04 00:00:00,,543.0
28596,1106,2026-06-04 00:00:00,,560.0
28597,1126,2026-06-04 00:00:00,,662.0
28598,1154,2026-06-04 00:00:00,,659.0
28599,1156,2026-06-04 00:00:00,,643.0
28600,1180,2026-06-04 00:00:00,,723.0
28601,1206,2026-06-04 00:00:00,,594.0
28602,1214,2026-06-04 00:00:00,,540.0
28603,1219,2026-06-04 00:00:00,,617.0
28604,1228,2026-06-04 00:00:00,,589.0
28605,1237,2026-06-04 00:00:00,,641.0
28606,2001B,2026-06-04 00:00:00,,615.0
28607,2010,2026-06-04 00:00:00,,509.0
28608,2025,2026-06-04 00:00:00,,552.0
28609,2039A,2026-06-04 00:00:00,,589.0
28610,2044,2026-06-04 00:00:00,,507.0
28611,2053,2026-06-04 00:00:00,,655.0
28612,2058,2026-06-04 00:00:00,,553.0
28613,2090,2026-06-04 00:00:00,,656.0
28614,2092,2026-06-04 00:00:00,,698.0
28615,2094,2026-06-04 00:00:00,,490.0
28616,2101,2026-06-04 00:00:00,,514.0
28617,2106,2026-06-04 00:00:00,,505.0
28618,2128,2026-06-04 00:00:00,,580.0
28619,2149,2026-06-04 00:00:00,,567.0
28620,2154,2026-06-04 00:00:00,,540.0
28621,2155,2026-06-04 00:00:00,,587.0
28622,2159,2026-06-04 00:00:00,,511.0
28623,2167,2026-06-04 00:00:00,,554.0
28624,2170,2026-06-04 00:00:00,,535.0
28625,2174,2026-06-04 00:00:00,,544.0
28626,22100,2026-06-04 00:00:00,,479.0
28627,22115,2026-06-04 00:00:00,,541.0
28628,22118,2026-06-04 00:00:00,,610.0
28629,22157,2026-06-04 00:00:00,,472.0
28630,22158,2026-06-04 00:00:00,,512.0
28631,22166,2026-06-04 00:00:00,,574.0
28632,22181,2026-06-04 00:00:00,,625.0
28633,22185,2026-06-04 00:00:00,,498.0
28634,22188,2026-06-04 00:00:00,,504.0
28635,22190,2026-06-04 00:00:00,,547.0
28636,22194,2026-06-04 00:00:00,,585.0
28637,22209,2026-06-04 00:00:00,,513.0
28638,23004,2026-06-04 00:00:00,,543.0
28639,23015,2026-06-04 00:00:00,,553.0
28640,J401,2026-06-04 00:00:00,,436.0
28641,MSN15,2026-06-04 00:00:00,,620.0
28642,SN50,2026-06-04 00:00:00,,616.0
28643,26140,2026-06-04 00:00:00,,26.0
28644,26159,2026-06-02 00:00:00,,40.0
28645,26160,2026-06-04 00:00:00,,26.0
28646,26163,2026-06-04 00:00:00,,33.0
28647,26164,2026-06-04 00:00:00,,29.0
28648,26165,2026-06-04 00:00:00,,28.0
28649,26166,2026-06-04 00:00:00,,26.0
28650,26167,2026-06-04 00:00:00,,24.0
28651,26168,2026-06-04 00:00:00,,34.0
28652,BU75,2026-06-10 00:00:00,,521.0
28653,BU091,2026-06-10 00:00:00,,573.0
28654,BU20,2026-06-10 00:00:00,,647.0
28655,BU83,2026-06-10 00:00:00,,531.0
28656,BU095,2026-06-10 00:00:00,,583.0
28657,23043,2026-06-09 00:00:00,,263.0
28658,23128,2026-06-09 00:00:00,,299.0
28659,23002,2026-06-09 00:00:00,,275.0
28660,23172,2026-06-09 00:00:00,,246.0
28661,23073,2026-06-09 00:00:00,,299.0
28662,23039,2026-06-09 00:00:00,,303.0
28663,23045,2026-06-09 00:00:00,,308.0
28664,22182,2026-06-09 00:00:00,,295.0
28665,23107,2026-06-09 00:00:00,,337.0
28666,23081,2026-06-09 00:00:00,,244.0
28667,23121,2026-06-09 00:00:00,,315.0
28668,23075,2026-06-09 00:00:00,,247.0
28669,23079,2026-06-09 00:00:00,,280.0
28670,23003,2026-06-09 00:00:00,,330.0
28671,23138,2026-06-09 00:00:00,,243.0
28672,22169A,2026-06-09 00:00:00,,210.0
28673,23110,2026-06-09 00:00:00,,271.0
28674,23131,2026-06-09 00:00:00,,227.0
28675,23077,2026-06-09 00:00:00,,269.0
28676,23044,2026-06-09 00:00:00,,259.0
28677,22164,2026-06-09 00:00:00,,322.0
28678,23183,2026-06-09 00:00:00,,268.0
28679,23185,2026-06-09 00:00:00,,247.0
28680,23169,2026-06-09 00:00:00,,219.0
28681,23024,2026-06-09 00:00:00,,278.0
28682,23151,2026-06-09 00:00:00,,278.0
28683,23062,2026-06-09 00:00:00,,225.0
28684,23005,2026-06-09 00:00:00,,275.0
28685,23105,2026-06-09 00:00:00,,296.0
28686,23111,2026-06-09 00:00:00,,284.0
28687,23069,2026-06-09 00:00:00,,290.0
28688,23130,2026-06-09 00:00:00,,260.0
28689,23057,2026-06-09 00:00:00,,245.0
28690,23050,2026-06-09 00:00:00,,253.0
28691,23061,2026-06-09 00:00:00,,275.0
28692,23082,2026-06-09 00:00:00,,238.0
28693,23018,2026-06-09 00:00:00,,280.0
28694,23106,2026-06-09 00:00:00,,273.0
28695,24116,2026-06-09 00:00:00,,253.0
28696,22197,2026-06-09 00:00:00,,260.0
28697,23031,2026-06-09 00:00:00,,318.0
28698,23215,2026-06-09 00:00:00,,248.0
28699,23066,2026-06-09 00:00:00,,281.0
28700,23129,2026-06-09 00:00:00,,289.0
28701,23153,2026-06-09 00:00:00,,312.0
28702,23208,2026-06-09 00:00:00,,247.0
28703,23092,2026-06-09 00:00:00,,305.0
28704,23141,2026-06-09 00:00:00,,238.0
28705,22121,2026-06-09 00:00:00,,241.0
28706,23030,2026-06-09 00:00:00,,258.0
28707,23162,2026-06-09 00:00:00,,267.0
28708,23052,2026-06-09 00:00:00,,276.0
28709,23158,2026-06-09 00:00:00,,254.0
28710,23235,2026-06-09 00:00:00,,234.0
28711,23021,2026-06-09 00:00:00,,302.0
28712,23136,2026-06-09 00:00:00,,241.0
28713,23178,2026-06-09 00:00:00,,240.0
28714,23152,2026-06-09 00:00:00,,279.0
28715,23065,2026-06-09 00:00:00,,307.0
28716,23055,2026-06-09 00:00:00,,292.0
28717,23109,2026-06-09 00:00:00,,255.0
28718,23179,2026-06-09 00:00:00,,196.0
28719,23101,2026-06-09 00:00:00,,278.0
28720,23198,2026-06-09 00:00:00,,310.0
28721,23134,2026-06-09 00:00:00,,287.0
28722,23115,2026-06-09 00:00:00,,296.0
28723,23207,2026-06-09 00:00:00,,231.0
28724,23049,2026-06-09 00:00:00,,253.0
28725,23122,2026-06-09 00:00:00,,239.0
28726,23023,2026-06-09 00:00:00,,238.0
28727,23051,2026-06-09 00:00:00,,296.0
28728,23211,2026-06-09 00:00:00,,191.0
28729,23060,2026-06-09 00:00:00,,256.0
28730,23126,2026-06-09 00:00:00,,241.0
28731,22221,2026-06-09 00:00:00,,292.0
28732,23067,2026-06-09 00:00:00,,243.0
28733,23201,2026-06-09 00:00:00,,216.0
28734,22150,2026-06-09 00:00:00,,230.0
28735,23195,2026-06-09 00:00:00,,206.0
28736,23228,2026-06-09 00:00:00,,264.0
28737,23159,2026-06-09 00:00:00,,235.0
28738,23203,2026-06-09 00:00:00,,194.0
28739,23202,2026-06-09 00:00:00,,238.0
28740,BU87,2026-06-17 00:00:00,,545.0
28741,BU69,2026-06-17 00:00:00,,475.0
28742,8067,2026-06-17 00:00:00,,408.0
28743,4109,2026-06-17 00:00:00,,372.0
28744,10391,2026-06-17 00:00:00,,313.0
28745,7032,2026-06-17 00:00:00,,623.0
28746,26174,2026-06-20 00:00:00,,29.0
28747,26169,2026-06-16 00:00:00,,23.0
28748,26171,2026-06-20 00:00:00,,33.0
28749,26172,2026-06-20 00:00:00,,28.0
28750,26173,2026-06-20 00:00:00,,33.0
28751,26176,2026-06-20 00:00:00,,21.0
28752,24259,2026-06-22 00:00:00,,151.0
28753,40072,2026-06-22 00:00:00,,432.0
28754,18,2026-06-22 00:00:00,,393.0
28755,J4010,2026-06-22 00:00:00,,388.0
28756,9007,2026-06-22 00:00:00,,323.0
28757,2036,2026-06-22 00:00:00,,388.0
28758,23016,2026-06-22 00:00:00,,282.0
28759,25207,2026-06-22 00:00:00,,131.0
28760,26019,2026-06-22 00:00:00,,140.0
28761,24034,2026-06-22 00:00:00,,351.0
28762,25043,2026-06-22 00:00:00,,107.0
28763,22191,2026-06-22 00:00:00,,454.0
28764,1123,2026-06-22 00:00:00,,458.0
28765,24154,2026-06-22 00:00:00,,295.0
28766,23017,2026-06-22 00:00:00,,316.0
28767,2149A,2026-06-22 00:00:00,,408.0
28768,7092,2026-06-22 00:00:00,,366.0
28769,1045,2026-06-22 00:00:00,,318.0
28770,25290,2026-06-22 00:00:00,,153.0
28771,25158,2026-06-22 00:00:00,,179.0
28772,25027,2026-06-22 00:00:00,,176.0
28773,4018,2026-06-22 00:00:00,,338.0
28774,23189,2026-06-22 00:00:00,,312.0
28775,25274,2026-06-22 00:00:00,,125.0
28776,25219,2026-06-22 00:00:00,,104.0
28777,26134,2026-06-22 00:00:00,,36.0
28778,24289,2026-06-22 00:00:00,,192.0
28779,25128,2026-06-22 00:00:00,,104.0
28780,25157,2026-06-22 00:00:00,,164.0
28781,J404,2026-06-22 00:00:00,,347.0
28782,5082,2026-06-22 00:00:00,,364.0
28783,3504,2026-06-22 00:00:00,,224.0
28784,24020,2026-06-22 00:00:00,,220.0
28785,24033,2026-06-22 00:00:00,,224.0
28786,25025,2026-06-22 00:00:00,,123.0
28787,2021,2026-06-22 00:00:00,,460.0
28788,24065,2026-06-22 00:00:00,,317.0
28789,23008,2026-06-22 00:00:00,,230.0
28790,23007,2026-06-22 00:00:00,,255.0
28791,24071,2026-06-22 00:00:00,,215.0
28792,1075,2026-06-22 00:00:00,,382.0
28793,26132,2026-06-22 00:00:00,,30.0
28794,4087,2026-06-22 00:00:00,,399.0
28795,J01415,2026-06-22 00:00:00,,400.0
28796,25143,2026-06-22 00:00:00,,103.0
28797,25174,2026-06-22 00:00:00,,89.0
28798,25165,2026-06-22 00:00:00,,148.0
28799,25277,2026-06-22 00:00:00,,99.0
28800,25206,2026-06-22 00:00:00,,133.0
28801,2059,2026-06-24 00:00:00,,324.0
28802,8072,2026-06-24 00:00:00,,385.0
28803,30,2026-06-24 00:00:00,,393.0
28804,BU099,2026-06-24 00:00:00,,531.0
28805,40072,2026-06-24 00:00:00,,421.0
28806,2096,2026-06-25 00:00:00,,448.0
28807,9073,2026-06-25 00:00:00,,366.0
28808,7067,2026-06-25 00:00:00,,378.0
28809,7092,2026-06-25 00:00:00,,357.0
28810,31102,2026-06-25 00:00:00,,457.0
28811,2090A,2026-06-25 00:00:00,,466.0
28812,5098,2026-06-25 00:00:00,,427.0
28813,4008,2026-06-25 00:00:00,,365.0
28814,4A,2026-06-25 00:00:00,,434.0
28815,21027,2026-06-25 00:00:00,,445.0
28816,6028,2026-06-25 00:00:00,,448.0
28817,1139A,2026-06-25 00:00:00,,345.0
28818,6020,2026-06-25 00:00:00,,351.0
28819,1091A,2026-06-25 00:00:00,,406.0
28820,3028A,2026-06-25 00:00:00,,381.0
28821,31,2026-06-25 00:00:00,,274.0
28822,128,2026-06-25 00:00:00,,320.0
28823,3043,2026-06-25 00:00:00,,427.0
28824,18,2026-06-25 00:00:00,,368.0
28825,4023,2026-06-25 00:00:00,,389.0
28826,2080,2026-06-25 00:00:00,,446.0
28827,4055,2026-06-25 00:00:00,,398.0
28828,4078,2026-06-25 00:00:00,,340.0
28829,4018,2026-06-25 00:00:00,,331.0
28830,2097,2026-06-25 00:00:00,,390.0
28831,2133A,2026-06-25 00:00:00,,357.0
28832,9046,2026-06-25 00:00:00,,401.0
28833,1090A,2026-06-25 00:00:00,,316.0
28834,2149A,2026-06-25 00:00:00,,410.0
28835,22149,2026-06-25 00:00:00,,285.0
28836,8060,2026-06-25 00:00:00,,316.0
28837,7092,2026-07-01 00:00:00,,371.0
28838,BU323,2026-07-01 00:00:00,,489.0
28839,2090A,2026-07-01 00:00:00,,483.0
28840,31102,2026-07-01 00:00:00,,476.0
28841,1027,2026-07-01 00:00:00,,542.0
28842,214,2026-07-01 00:00:00,,570.0
28843,8050,2026-07-01 00:00:00,,379.0
28844,25157,2026-07-01 00:00:00,,167.0
28845,25214,2026-07-01 00:00:00,,107.0
28846,25207,2026-07-01 00:00:00,,128.0
28847,25158,2026-07-01 00:00:00,,176.0
28848,26019,2026-07-01 00:00:00,,147.0
28849,25150,2026-07-01 00:00:00,,130.0
28850,25112,2026-07-01 00:00:00,,128.0
28851,25219,2026-07-01 00:00:00,,112.0
28852,25169,2026-07-01 00:00:00,,133.0
28853,25236,2026-07-01 00:00:00,,97.0
28854,25254,2026-07-01 00:00:00,,86.0
28855,25199,2026-07-01 00:00:00,,107.0
28856,25165,2026-07-01 00:00:00,,143.0
28857,25196,2026-07-01 00:00:00,,104.0
28858,25290,2026-07-01 00:00:00,,158.0
28859,25284,2026-07-01 00:00:00,,130.0
28860,25274,2026-07-01 00:00:00,,134.0
28861,25123,2026-07-01 00:00:00,,110.0
28862,25143,2026-07-01 00:00:00,,105.0
28863,26013,2026-07-01 00:00:00,,72.0
28864,25128,2026-07-01 00:00:00,,100.0
28865,25162,2026-07-01 00:00:00,,143.0
28866,25215,2026-07-01 00:00:00,,81.0
28867,25102,2026-07-01 00:00:00,,145.0
28868,25174,2026-07-01 00:00:00,,89.0
28869,25201,2026-07-01 00:00:00,,97.0
28870,25166,2026-07-01 00:00:00,,137.0
28871,25218,2026-07-01 00:00:00,,100.0
28872,25273,2026-07-01 00:00:00,,80.0
28873,25170,2026-07-01 00:00:00,,92.0
28874,25191,2026-07-01 00:00:00,,95.0
28875,4008,2026-07-07 00:00:00,,358.0
28876,143,2026-07-07 00:00:00,,381.0
28877,1091,2026-07-07 00:00:00,,414.0
28878,8054,2026-07-07 00:00:00,,432.0
28879,125,2026-07-09 00:00:00,,450.0
28880,2331,2026-07-09 00:00:00,,362.0
28881,246,2026-07-09 00:00:00,,377.0
28882,258,2026-07-09 00:00:00,,358.0
28883,274,2026-07-09 00:00:00,,287.0
28884,291,2026-07-09 00:00:00,,394.0
28885,303,2026-07-09 00:00:00,,405.0
28886,308,2026-07-09 00:00:00,,379.0
28887,310,2026-07-09 00:00:00,,292.0
28888,0317A,2026-07-09 00:00:00,,285.0
28889,321,2026-07-09 00:00:00,,428.0
28890,326,2026-07-09 00:00:00,,387.0
28891,333,2026-07-09 00:00:00,,343.0
28892,343,2026-07-09 00:00:00,,341.0
28893,348,2026-07-09 00:00:00,,348.0
28894,350,2026-07-09 00:00:00,,332.0
28895,352,2026-07-09 00:00:00,,379.0
28896,354,2026-07-09 00:00:00,,376.0
28897,355,2026-07-09 00:00:00,,370.0
28898,1032,2026-07-09 00:00:00,,266.0
28899,1078A,2026-07-09 00:00:00,,355.0
28900,1117,2026-07-09 00:00:00,,429.0
28901,1132,2026-07-09 00:00:00,,447.0
28902,2024,2026-07-09 00:00:00,,355.0
28903,2064,2026-07-09 00:00:00,,280.0
28904,2088B,2026-07-09 00:00:00,,315.0
28905,2102,2026-07-09 00:00:00,,349.0
28906,2107,2026-07-09 00:00:00,,280.0
28907,2110,2026-07-09 00:00:00,,295.0
28908,2140,2026-07-09 00:00:00,,298.0
28909,2202,2026-07-09 00:00:00,,309.0
28910,22198,2026-07-09 00:00:00,,318.0
28911,25232,2026-07-09 00:00:00,,161.0
28912,25233,2026-07-09 00:00:00,,114.0
28913,25234,2026-07-09 00:00:00,,96.0
28914,25239,2026-07-09 00:00:00,,188.0
28915,25243,2026-07-09 00:00:00,,103.0
28916,25247,2026-07-09 00:00:00,,136.0
28917,25255,2026-07-09 00:00:00,,99.0
28918,25256,2026-07-09 00:00:00,,114.0
28919,25260,2026-07-09 00:00:00,,109.0
28920,25261,2026-07-09 00:00:00,,170.0
28921,25263,2026-07-09 00:00:00,,152.0
28922,25270,2026-07-09 00:00:00,,87.0
28923,25271,2026-07-09 00:00:00,,187.0
28924,25272,2026-07-09 00:00:00,,106.0
28925,25278,2026-07-09 00:00:00,,119.0
28926,25283,2026-07-09 00:00:00,,150.0
28927,25286,2026-07-09 00:00:00,,141.0
28928,25293,2026-07-09 00:00:00,,76.0
28929,25299,2026-07-09 00:00:00,,164.0
28930,25301,2026-07-09 00:00:00,,139.0
28931,25302,2026-07-09 00:00:00,,172.0
28932,25303,2026-07-09 00:00:00,,175.0
28933,25304,2026-07-09 00:00:00,,135.0
28934,25308,2026-07-09 00:00:00,,119.0
28935,25309,2026-07-09 00:00:00,,120.0
28936,25310,2026-07-09 00:00:00,,102.0
28937,25311,2026-07-09 00:00:00,,141.0
28938,25313,2026-07-09 00:00:00,,97.0
28939,25315,2026-07-09 00:00:00,,101.0
28940,25317,2026-07-09 00:00:00,,106.0
28941,26005,2026-07-09 00:00:00,,123.0
28942,26008,2026-07-09 00:00:00,,99.0
28943,26010,2026-07-09 00:00:00,,103.0
28944,26014,2026-07-09 00:00:00,,89.0
28945,26015,2026-07-09 00:00:00,,149.0
28946,26016,2026-07-09 00:00:00,,113.0
28947,26017,2026-07-09 00:00:00,,97.0
28948,26026,2026-07-09 00:00:00,,98.0
28949,26029,2026-07-09 00:00:00,,58.0
28950,26054,2026-07-09 00:00:00,,83.0
28951,26064,2026-07-09 00:00:00,,102.0
28952,26067,2026-07-09 00:00:00,,113.0
28953,26071,2026-07-09 00:00:00,,110.0
28954,26100,2026-07-09 00:00:00,,79.0
28955,26101,2026-07-09 00:00:00,,63.0
28956,26111,2026-07-09 00:00:00,,83.0
28957,26112,2026-07-09 00:00:00,,66.0
28958,26114,2026-07-09 00:00:00,,83.0
28959,26121,2026-07-09 00:00:00,,68.0
28960,26135,2026-07-09 00:00:00,,41.0
28961,26140,2026-07-09 00:00:00,,78.0
28962,26141,2026-07-09 00:00:00,,59.0
28963,26159,2026-07-09 00:00:00,,49.0
28964,26163,2026-07-09 00:00:00,,52.0
28965,3026A,2026-07-09 00:00:00,,403.0
28966,3027A,2026-07-09 00:00:00,,325.0
28967,3108,2026-07-09 00:00:00,,400.0
28968,4007,2026-07-09 00:00:00,,508.0
28969,4034,2026-07-09 00:00:00,,337.0
28970,4053,2026-07-09 00:00:00,,403.0
28971,4076,2026-07-09 00:00:00,,410.0
28972,4099,2026-07-09 00:00:00,,369.0
28973,4100,2026-07-09 00:00:00,,383.0
28974,4101,2026-07-09 00:00:00,,360.0
28975,4141,2026-07-09 00:00:00,,337.0
28976,5007,2026-07-09 00:00:00,,368.0
28977,5092,2026-07-09 00:00:00,,433.0
28978,5144,2026-07-09 00:00:00,,364.0
28979,6008,2026-07-09 00:00:00,,442.0
28980,6031,2026-07-09 00:00:00,,358.0
28981,6037,2026-07-09 00:00:00,,348.0
28982,7080,2026-07-09 00:00:00,,352.0
28983,8005,2026-07-09 00:00:00,,432.0
28984,8014,2026-07-09 00:00:00,,363.0
28985,8019,2026-07-09 00:00:00,,405.0
28986,80472,2026-07-09 00:00:00,,344.0
28987,8051,2026-07-09 00:00:00,,287.0
28988,8063,2026-07-09 00:00:00,,309.0
28989,8082,2026-07-09 00:00:00,,342.0
28990,8093,2026-07-09 00:00:00,,371.0
28991,9014,2026-07-09 00:00:00,,353.0
28992,9016,2026-07-09 00:00:00,,337.0
28993,9023,2026-07-09 00:00:00,,319.0
28994,9100,2026-07-09 00:00:00,,431.0
28995,9104,2026-07-09 00:00:00,,431.0
28996,91091,2026-07-09 00:00:00,,440.0
28997,9115,2026-07-09 00:00:00,,292.0
28998,91172,2026-07-09 00:00:00,,412.0
28999,9121,2026-07-09 00:00:00,,390.0
29000,9122,2026-07-09 00:00:00,,299.0
29001,9126A,2026-07-09 00:00:00,,365.0
29002,9128B,2026-07-09 00:00:00,,329.0
29003,9503,2026-07-09 00:00:00,,400.0
29004,J409,2026-07-09 00:00:00,,357.0
29005,252,2026-07-09 00:00:00,,366.0
29006,107,2026-07-09 00:00:00,,351.0
29007,349,2026-07-09 00:00:00,,380.0
29008,26027,2026-07-09 00:00:00,,117.0
29009,1132,2026-07-15 00:00:00,,456.0
29010,349,2026-07-15 00:00:00,,413.0
29011,5098,2026-07-15 00:00:00,,441.0
29012,2094,2026-07-15 00:00:00,,535.0
29013,293,2026-07-15 00:00:00,,522.0
29014,2053,2026-07-15 00:00:00,,654.0
29015,4A,2026-07-21 00:00:00,,459.0
29016,21027,2026-07-21 00:00:00,,453.0
29017,6028,2026-07-21 00:00:00,,472.0
29018,1139A,2026-07-21 00:00:00,,390.0
29019,6020,2026-07-21 00:00:00,,378.0
29020,3028A,2026-07-21 00:00:00,,398.0
29021,31,2026-07-21 00:00:00,,296.0
29022,128,2026-07-21 00:00:00,,332.0
29023,3043,2026-07-21 00:00:00,,428.0
29024,18,2026-07-21 00:00:00,,369.0
29025,2080,2026-07-21 00:00:00,,449.0
29026,4055,2026-07-21 00:00:00,,413.0
29027,4078,2026-07-21 00:00:00,,361.0
29028,2097,2026-07-21 00:00:00,,420.0
29029,9046,2026-07-21 00:00:00,,399.0
29030,1090A,2026-07-21 00:00:00,,340.0
29031,22149,2026-07-21 00:00:00,,321.0
29032,8060,2026-07-21 00:00:00,,339.0
29033,1056A,2026-07-21 00:00:00,,373.0
29034,2064,2026-07-21 00:00:00,,297.0
29035,4101,2026-07-21 00:00:00,,388.0
29036,8063,2026-07-21 00:00:00,,336.0
29037,9016,2026-07-21 00:00:00,,347.0
29038,9122,2026-07-21 00:00:00,,308.0
29039,252,2026-07-21 00:00:00,,377.0
29040,1133,2026-07-23 00:00:00,,396.0
29041,22114,2026-07-23 00:00:00,,392.0
29042,22120,2026-07-23 00:00:00,,477.0
29043,22175,2026-07-23 00:00:00,,455.0
29044,22176,2026-07-23 00:00:00,,370.0
29045,22183,2026-07-23 00:00:00,,361.0
29046,22184,2026-07-23 00:00:00,,417.0
29047,22187,2026-07-23 00:00:00,,347.0
29048,22192,2026-07-23 00:00:00,,418.0
29049,22196,2026-07-23 00:00:00,,450.0
29050,22205,2026-07-23 00:00:00,,372.0
29051,22206,2026-07-23 00:00:00,,380.0
29052,22207,2026-07-23 00:00:00,,409.0
29053,23007,2026-07-23 00:00:00,,278.0
29054,23008,2026-07-23 00:00:00,,279.0
29055,23010,2026-07-23 00:00:00,,405.0
29056,23019,2026-07-23 00:00:00,,450.0
29057,23026,2026-07-23 00:00:00,,334.0
29058,23028,2026-07-23 00:00:00,,395.0
29059,23035,2026-07-23 00:00:00,,269.0
29060,23038,2026-07-23 00:00:00,,350.0
29061,23046,2026-07-23 00:00:00,,343.0
29062,23054,2026-07-23 00:00:00,,374.0
29063,23056,2026-07-23 00:00:00,,360.0
29064,23058,2026-07-23 00:00:00,,381.0
29065,23059,2026-07-23 00:00:00,,333.0
29066,23064,2026-07-23 00:00:00,,306.0
29067,23070,2026-07-23 00:00:00,,302.0
29068,23072,2026-07-23 00:00:00,,402.0
29069,23078,2026-07-23 00:00:00,,366.0
29070,23084,2026-07-23 00:00:00,,383.0
29071,23085,2026-07-23 00:00:00,,383.0
29072,23087,2026-07-23 00:00:00,,314.0
29073,23088,2026-07-23 00:00:00,,366.0
29074,23089,2026-07-23 00:00:00,,304.0
29075,23091,2026-07-23 00:00:00,,297.0
29076,23093,2026-07-23 00:00:00,,267.0
29077,23095,2026-07-23 00:00:00,,386.0
29078,23097,2026-07-23 00:00:00,,322.0
29079,23099,2026-07-23 00:00:00,,305.0
29080,23100,2026-07-23 00:00:00,,428.0
29081,23102,2026-07-23 00:00:00,,392.0
29082,23104,2026-07-23 00:00:00,,418.0
29083,23108,2026-07-23 00:00:00,,269.0
29084,23114,2026-07-23 00:00:00,,391.0
29085,23119,2026-07-23 00:00:00,,414.0
29086,23123,2026-07-23 00:00:00,,433.0
29087,23124,2026-07-23 00:00:00,,353.0
29088,23132,2026-07-23 00:00:00,,286.0
29089,23133,2026-07-23 00:00:00,,288.0
29090,23135,2026-07-23 00:00:00,,333.0
29091,23137,2026-07-23 00:00:00,,286.0
29092,23140,2026-07-23 00:00:00,,355.0
29093,23142,2026-07-23 00:00:00,,418.0
29094,23144,2026-07-23 00:00:00,,269.0
29095,23145,2026-07-23 00:00:00,,376.0
29096,23146,2026-07-23 00:00:00,,438.0
29097,23147,2026-07-23 00:00:00,,336.0
29098,23150,2026-07-23 00:00:00,,408.0
29099,23157,2026-07-23 00:00:00,,293.0
29100,23164,2026-07-23 00:00:00,,318.0
29101,23170,2026-07-23 00:00:00,,336.0
29102,23171,2026-07-23 00:00:00,,332.0
29103,23173,2026-07-23 00:00:00,,284.0
29104,23174,2026-07-23 00:00:00,,301.0
29105,23177,2026-07-23 00:00:00,,305.0
29106,23181,2026-07-23 00:00:00,,389.0
29107,23184,2026-07-23 00:00:00,,326.0
29108,23187,2026-07-23 00:00:00,,292.0
29109,23188,2026-07-23 00:00:00,,281.0
29110,23190,2026-07-23 00:00:00,,266.0
29111,23193,2026-07-23 00:00:00,,306.0
29112,23196,2026-07-23 00:00:00,,359.0
29113,23197,2026-07-23 00:00:00,,304.0
29114,23204,2026-07-23 00:00:00,,236.0
29115,23210,2026-07-23 00:00:00,,275.0
29116,23214,2026-07-23 00:00:00,,386.0
29117,23216,2026-07-23 00:00:00,,208.0
29118,23217,2026-07-23 00:00:00,,347.0
29119,23218,2026-07-23 00:00:00,,314.0
29120,23220,2026-07-23 00:00:00,,310.0
29121,23222,2026-07-23 00:00:00,,335.0
29122,23224,2026-07-23 00:00:00,,400.0
29123,23225,2026-07-23 00:00:00,,383.0
29124,23229,2026-07-23 00:00:00,,323.0
29125,23230,2026-07-23 00:00:00,,368.0
29126,23238,2026-07-23 00:00:00,,405.0
29127,23240,2026-07-23 00:00:00,,357.0
29128,23241,2026-07-23 00:00:00,,483.0
29129,23242,2026-07-23 00:00:00,,278.0
29130,23244,2026-07-23 00:00:00,,383.0
29131,23249,2026-07-23 00:00:00,,382.0
29132,23251,2026-07-23 00:00:00,,271.0
29133,24002,2026-07-23 00:00:00,,336.0
29134,24003,2026-07-23 00:00:00,,361.0
29135,24009,2026-07-23 00:00:00,,289.0
29136,24018,2026-07-23 00:00:00,,262.0
29137,24020,2026-07-23 00:00:00,,316.0
29138,24023,2026-07-23 00:00:00,,257.0
29139,24033,2026-07-23 00:00:00,,294.0
29140,24036,2026-07-23 00:00:00,,258.0
29141,24037,2026-07-23 00:00:00,,304.0
29142,24044,2026-07-23 00:00:00,,264.0
29143,24049,2026-07-23 00:00:00,,295.0
29144,24060,2026-07-23 00:00:00,,281.0
29145,24061,2026-07-23 00:00:00,,300.0
29146,24067,2026-07-23 00:00:00,,323.0
29147,24068,2026-07-23 00:00:00,,235.0
29148,24069,2026-07-23 00:00:00,,272.0
29149,24073,2026-07-23 00:00:00,,248.0
29150,24076,2026-07-23 00:00:00,,368.0
29151,24077,2026-07-23 00:00:00,,414.0
29152,24080,2026-07-23 00:00:00,,254.0
29153,24081,2026-07-23 00:00:00,,263.0
29154,24082,2026-07-23 00:00:00,,248.0
29155,24086,2026-07-23 00:00:00,,305.0
29156,24089,2026-07-23 00:00:00,,356.0
29157,24091,2026-07-23 00:00:00,,232.0
29158,24098,2026-07-23 00:00:00,,267.0
29159,24102,2026-07-23 00:00:00,,255.0
29160,24105,2026-07-23 00:00:00,,271.0
29161,24109,2026-07-23 00:00:00,,247.0
29162,24111,2026-07-23 00:00:00,,352.0
29163,24114,2026-07-23 00:00:00,,209.0
29164,24123,2026-07-23 00:00:00,,247.0
29165,24127,2026-07-23 00:00:00,,244.0
29166,24130,2026-07-23 00:00:00,,224.0
29167,24132,2026-07-23 00:00:00,,257.0
29168,24134,2026-07-23 00:00:00,,299.0
29169,24137,2026-07-23 00:00:00,,268.0
29170,24140,2026-07-23 00:00:00,,225.0
29171,24141,2026-07-23 00:00:00,,270.0
29172,24145,2026-07-23 00:00:00,,289.0
29173,24146,2026-07-23 00:00:00,,251.0
29174,24147,2026-07-23 00:00:00,,243.0
29175,24153,2026-07-23 00:00:00,,254.0
29176,24154,2026-07-23 00:00:00,,293.0
29177,24163,2026-07-23 00:00:00,,265.0
29178,24165,2026-07-23 00:00:00,,267.0
29179,24188,2026-07-23 00:00:00,,264.0
29180,24189,2026-07-23 00:00:00,,251.0
29181,24191,2026-07-23 00:00:00,,243.0
29182,24193,2026-07-23 00:00:00,,265.0
29183,24194,2026-07-23 00:00:00,,253.0
29184,24198,2026-07-23 00:00:00,,320.0
29185,24203,2026-07-23 00:00:00,,247.0
29186,24206,2026-07-23 00:00:00,,271.0
29187,24209,2026-07-23 00:00:00,,236.0
29188,24214,2026-07-23 00:00:00,,280.0
29189,24233,2026-07-23 00:00:00,,277.0
29190,24234,2026-07-23 00:00:00,,188.0
29191,24271,2026-07-23 00:00:00,,315.0
29192,25078,2026-07-23 00:00:00,,258.0
29193,3501,2026-07-23 00:00:00,,317.0
29194,J4011,2026-07-23 00:00:00,,316.0
29195,J416,2026-07-23 00:00:00,,319.0
29196,J417,2026-07-23 00:00:00,,282.0
29197,2099,2026-07-23 00:00:00,,339.0
29198,24096,2026-07-23 00:00:00,,350.0
29199,24156,2026-07-23 00:00:00,,248.0
29200,1067,2026-07-23 00:00:00,,497.0
29201,24056,2026-07-23 00:00:00,,288.0
29202,2001A,2026-07-29 00:00:00,,562.0
29203,3043,2026-07-29 00:00:00,,428.0
29204,4A,2026-07-29 00:00:00,,459.0
29205,26182,2026-08-11 00:00:00,,29.0
29206,26183,2026-08-11 00:00:00,,26.0
29207,26184,2026-08-11 00:00:00,,23.0
29208,26185,2026-08-11 00:00:00,,30.0
29209,26186,2026-08-11 00:00:00,,29.0
29210,26190,2026-08-11 00:00:00,,22.0
29211,26187,2026-08-11 00:00:00,,44.0
29212,26188,2026-08-11 00:00:00,,39.0
29213,26189,2026-08-11 00:00:00,,37.0
29214,23020,2026-08-13 00:00:00,,383.0
29215,23053,2026-08-13 00:00:00,,390.0
29216,23063,2026-08-13 00:00:00,,398.0
29217,23116,2026-08-13 00:00:00,,388.0
29218,23118,2026-08-13 00:00:00,,366.0
29219,23156,2026-08-13 00:00:00,,321.0
29220,23120,2026-08-13 00:00:00,,367.0
29221,23165,2026-08-13 00:00:00,,352.0
29222,23212,2026-08-13 00:00:00,,276.0
29223,24029,2026-08-13 00:00:00,,373.0
29224,132,2026-08-19 00:00:00,,425.0
29225,0206A,2026-08-19 00:00:00,,380.0
29226,220,2026-08-19 00:00:00,,440.0
29227,226,2026-08-19 00:00:00,,402.0
29228,229,2026-08-19 00:00:00,,442.0
29229,249,2026-08-19 00:00:00,,431.0
29230,259,2026-08-19 00:00:00,,446.0
29231,267,2026-08-19 00:00:00,,435.0
29232,269,2026-08-19 00:00:00,,440.0
29233,278,2026-08-19 00:00:00,,409.0
29234,294,2026-08-19 00:00:00,,358.0
29235,0299C,2026-08-19 00:00:00,,428.0
29236,305,2026-08-19 00:00:00,,486.0
29237,307,2026-08-19 00:00:00,,430.0
29238,311,2026-08-19 00:00:00,,328.0
29239,314,2026-08-19 00:00:00,,422.0
29240,322,2026-08-19 00:00:00,,441.0
29241,336,2026-08-19 00:00:00,,329.0
29242,344,2026-08-19 00:00:00,,417.0
29243,1004,2026-08-19 00:00:00,,418.0
29244,1017A,2026-08-19 00:00:00,,480.0
29245,10431,2026-08-19 00:00:00,,391.0
29246,1053A,2026-08-19 00:00:00,,381.0
29247,1066A,2026-08-19 00:00:00,,437.0
29248,1073,2026-08-19 00:00:00,,377.0
29249,1074,2026-08-19 00:00:00,,354.0
29250,1079,2026-08-19 00:00:00,,426.0
29251,1088A,2026-08-19 00:00:00,,482.0
29252,1100A,2026-08-19 00:00:00,,315.0
29253,1103,2026-08-19 00:00:00,,459.0
29254,2002,2026-08-19 00:00:00,,384.0
29255,2011,2026-08-19 00:00:00,,357.0
29256,2019,2026-08-19 00:00:00,,451.0
29257,2023,2026-08-19 00:00:00,,436.0
29258,2026,2026-08-19 00:00:00,,413.0
29259,2040,2026-08-19 00:00:00,,369.0
29260,2047,2026-08-19 00:00:00,,423.0
29261,2050,2026-08-19 00:00:00,,486.0
29262,2052,2026-08-19 00:00:00,,477.0
29263,2066,2026-08-19 00:00:00,,510.0
29264,2072,2026-08-19 00:00:00,,467.0
29265,2073,2026-08-19 00:00:00,,480.0
29266,2083,2026-08-19 00:00:00,,383.0
29267,2087,2026-08-19 00:00:00,,467.0
29268,2093,2026-08-19 00:00:00,,358.0
29269,2094A,2026-08-19 00:00:00,,377.0
29270,2096A,2026-08-19 00:00:00,,362.0
29271,20971,2026-08-19 00:00:00,,321.0
29272,2103,2026-08-19 00:00:00,,422.0
29273,2109,2026-08-19 00:00:00,,357.0
29274,21391,2026-08-19 00:00:00,,332.0
29275,2145,2026-08-19 00:00:00,,370.0
29276,2162,2026-08-19 00:00:00,,320.0
29277,2171,2026-08-19 00:00:00,,478.0
29278,2203,2026-08-19 00:00:00,,365.0
29279,22049,2026-08-19 00:00:00,,281.0
29280,22085,2026-08-19 00:00:00,,368.0
29281,2208A,2026-08-19 00:00:00,,464.0
29282,22098,2026-08-19 00:00:00,,312.0
29283,22116,2026-08-19 00:00:00,,258.0
29284,22117,2026-08-19 00:00:00,,341.0
29285,22119,2026-08-19 00:00:00,,316.0
29286,22126,2026-08-19 00:00:00,,446.0
29287,22135,2026-08-19 00:00:00,,390.0
29288,22139,2026-08-19 00:00:00,,356.0
29289,22142,2026-08-19 00:00:00,,388.0
29290,22151,2026-08-19 00:00:00,,368.0
29291,22160,2026-08-19 00:00:00,,382.0
29292,22161,2026-08-19 00:00:00,,312.0
29293,22172,2026-08-19 00:00:00,,381.0
29294,22177,2026-08-19 00:00:00,,360.0
29295,2218,2026-08-19 00:00:00,,398.0
29296,22180,2026-08-19 00:00:00,,340.0
29297,22189,2026-08-19 00:00:00,,315.0
29298,22193,2026-08-19 00:00:00,,237.0
29299,2220,2026-08-19 00:00:00,,444.0
29300,2226,2026-08-19 00:00:00,,517.0
29301,23001,2026-08-19 00:00:00,,313.0
29302,23006,2026-08-19 00:00:00,,341.0
29303,23036,2026-08-19 00:00:00,,345.0
29304,2500,2026-08-19 00:00:00,,435.0
29305,3132,2026-08-19 00:00:00,,361.0
29306,35,2026-08-19 00:00:00,,426.0
29307,4035,2026-08-19 00:00:00,,513.0
29308,5033,2026-08-19 00:00:00,,436.0
29309,5052,2026-08-19 00:00:00,,390.0
29310,5079,2026-08-19 00:00:00,,460.0
29311,5150,2026-08-19 00:00:00,,429.0
29312,6067,2026-08-19 00:00:00,,432.0
29313,6070,2026-08-19 00:00:00,,434.0
29314,7059,2026-08-19 00:00:00,,400.0
29315,7061,2026-08-19 00:00:00,,434.0
29316,7066,2026-08-19 00:00:00,,451.0
29317,7087,2026-08-19 00:00:00,,525.0
29318,8011,2026-08-19 00:00:00,,384.0
29319,8028,2026-08-19 00:00:00,,420.0
29320,8030,2026-08-19 00:00:00,,443.0
29321,8033,2026-08-19 00:00:00,,477.0
29322,8036,2026-08-19 00:00:00,,435.0
29323,8037,2026-08-19 00:00:00,,541.0
29324,8048,2026-08-19 00:00:00,,334.0
29325,8076,2026-08-19 00:00:00,,416.0
29326,8077,2026-08-19 00:00:00,,335.0
29327,8079,2026-08-19 00:00:00,,424.0
29328,8086,2026-08-19 00:00:00,,518.0
29329,8087,2026-08-19 00:00:00,,407.0
29330,8089,2026-08-19 00:00:00,,448.0
29331,809,2026-08-19 00:00:00,,492.0
29332,9024,2026-08-19 00:00:00,,438.0
29333,9040,2026-08-19 00:00:00,,453.0
29334,9051,2026-08-19 00:00:00,,471.0
29335,9053,2026-08-19 00:00:00,,450.0
29336,9058,2026-08-19 00:00:00,,504.0
29337,9103,2026-08-19 00:00:00,,442.0
29338,9110A,2026-08-19 00:00:00,,468.0
29339,91171,2026-08-19 00:00:00,,459.0
29340,91242,2026-08-19 00:00:00,,469.0
29341,9125,2026-08-19 00:00:00,,438.0
29342,91262,2026-08-19 00:00:00,,424.0
29343,J415,2026-08-19 00:00:00,,297.0
29344,J841,2026-08-19 00:00:00,,514.0
29345,pend24,2026-08-19 00:00:00,,555.0
29346,7007,2026-08-19 00:00:00,,438.0
29347,1005,2026-08-19 00:00:00,,394.0
29348,J424,2026-08-19 00:00:00,,491.0
29349,9099,2026-08-19 00:00:00,,399.0
29350,2201,2026-08-19 00:00:00,,410.0
29351,9500,2026-08-19 00:00:00,,449.0
29352,201,2026-08-19 00:00:00,,360.0
29353,33,2026-08-19 00:00:00,,412.0
29354,1084A,2026-08-19 00:00:00,,307.0
29355,205,2026-08-19 00:00:00,,391.0
29356,7077,2026-08-19 00:00:00,,409.0
29357,J425,2026-08-19 00:00:00,,391.0
29358,26191,2026-08-21 00:00:00,,36.0
29359,26192,2026-08-21 00:00:00,,30.0
29360,22121,2026-08-28 00:00:00,,270.0
29361,22150,2026-08-28 00:00:00,,273.0
29362,22169A,2026-08-28 00:00:00,,242.0
29363,22182,2026-08-28 00:00:00,,326.0
29364,22197,2026-08-28 00:00:00,,301.0
29365,23005,2026-08-28 00:00:00,,319.0
29366,23018,2026-08-28 00:00:00,,320.0
29367,23021,2026-08-28 00:00:00,,390.0
29368,23023,2026-08-28 00:00:00,,277.0
29369,23027,2026-08-28 00:00:00,,283.0
29370,23043,2026-08-28 00:00:00,,310.0
29371,23044,2026-08-28 00:00:00,,316.0
29372,23049,2026-08-28 00:00:00,,310.0
29373,23050,2026-08-28 00:00:00,,310.0
29374,23052,2026-08-28 00:00:00,,313.0
29375,23057,2026-08-28 00:00:00,,275.0
29376,23062,2026-08-28 00:00:00,,268.0
29377,23066,2026-08-28 00:00:00,,324.0
29378,23067,2026-08-28 00:00:00,,311.0
29379,23069,2026-08-28 00:00:00,,350.0
29380,23075,2026-08-28 00:00:00,,296.0
29381,23077,2026-08-28 00:00:00,,321.0
29382,23079,2026-08-28 00:00:00,,321.0
29383,23081,2026-08-28 00:00:00,,284.0
29384,23082,2026-08-28 00:00:00,,280.0
29385,23098,2026-08-28 00:00:00,,253.0
29386,23105,2026-08-28 00:00:00,,358.0
29387,23106,2026-08-28 00:00:00,,290.0
29388,23109,2026-08-28 00:00:00,,307.0
29389,23110,2026-08-28 00:00:00,,328.0
29390,23122,2026-08-28 00:00:00,,293.0
29391,23125,2026-08-28 00:00:00,,311.0
29392,23126,2026-08-28 00:00:00,,305.0
29393,23127,2026-08-28 00:00:00,,257.0
29394,23128,2026-08-28 00:00:00,,337.0
29395,23129,2026-08-28 00:00:00,,393.0
29396,23130,2026-08-28 00:00:00,,319.0
29397,23131,2026-08-28 00:00:00,,267.0
29398,23134,2026-08-28 00:00:00,,329.0
29399,23136,2026-08-28 00:00:00,,287.0
29400,23138,2026-08-28 00:00:00,,288.0
29401,23139,2026-08-28 00:00:00,,356.0
29402,23141,2026-08-28 00:00:00,,291.0
29403,23151,2026-08-28 00:00:00,,314.0
29404,23152,2026-08-28 00:00:00,,327.0
29405,23158,2026-08-28 00:00:00,,310.0
29406,23159,2026-08-28 00:00:00,,282.0
29407,23160,2026-08-28 00:00:00,,225.0
29408,23162,2026-08-28 00:00:00,,320.0
29409,23166,2026-08-28 00:00:00,,274.0
29410,23168,2026-08-28 00:00:00,,296.0
29411,23169,2026-08-28 00:00:00,,259.0
29412,23172,2026-08-28 00:00:00,,290.0
29413,23178,2026-08-28 00:00:00,,299.0
29414,23179,2026-08-28 00:00:00,,228.0
29415,23183,2026-08-28 00:00:00,,319.0
29416,23185,2026-08-28 00:00:00,,298.0
29417,23186,2026-08-28 00:00:00,,348.0
29418,23195,2026-08-28 00:00:00,,258.0
29419,23201,2026-08-28 00:00:00,,256.0
29420,23202,2026-08-28 00:00:00,,311.0
29421,23203,2026-08-28 00:00:00,,236.0
29422,23207,2026-08-28 00:00:00,,283.0
29423,23208,2026-08-28 00:00:00,,288.0
29424,23211,2026-08-28 00:00:00,,238.0
29425,23215,2026-08-28 00:00:00,,302.0
29426,23223,2026-08-28 00:00:00,,313.0
29427,23227,2026-08-28 00:00:00,,299.0
29428,23228,2026-08-28 00:00:00,,313.0
29429,23231,2026-08-28 00:00:00,,257.0
29430,23232,2026-08-28 00:00:00,,341.0
29431,23233,2026-08-28 00:00:00,,308.0
29432,23235,2026-08-28 00:00:00,,292.0
29433,23237,2026-08-28 00:00:00,,269.0
29434,23243,2026-08-28 00:00:00,,267.0
29435,23246,2026-08-28 00:00:00,,363.0
29436,23248,2026-08-28 00:00:00,,288.0
29437,23250,2026-08-28 00:00:00,,279.0
29438,23252,2026-08-28 00:00:00,,317.0
29439,24001,2026-08-28 00:00:00,,216.0
29440,24004,2026-08-28 00:00:00,,257.0
29441,24005,2026-08-28 00:00:00,,230.0
29442,24006,2026-08-28 00:00:00,,280.0
29443,24007,2026-08-28 00:00:00,,367.0
29444,24013,2026-08-28 00:00:00,,350.0
29445,24014,2026-08-28 00:00:00,,246.0
29446,24021,2026-08-28 00:00:00,,260.0
29447,24039,2026-08-28 00:00:00,,263.0
29448,24040,2026-08-28 00:00:00,,249.0
29449,24042,2026-08-28 00:00:00,,258.0
29450,24043,2026-08-28 00:00:00,,241.0
29451,24045,2026-08-28 00:00:00,,248.0
29452,24051,2026-08-28 00:00:00,,284.0
29453,24052,2026-08-28 00:00:00,,173.0
29454,24053,2026-08-28 00:00:00,,238.0
29455,24054,2026-08-28 00:00:00,,290.0
29456,24055,2026-08-28 00:00:00,,267.0
29457,24058,2026-08-28 00:00:00,,224.0
29458,24066,2026-08-28 00:00:00,,270.0
29459,24070,2026-08-28 00:00:00,,254.0
29460,24072,2026-08-28 00:00:00,,234.0
29461,24084,2026-08-28 00:00:00,,282.0
29462,24090,2026-08-28 00:00:00,,244.0
29463,24094,2026-08-28 00:00:00,,236.0
29464,24097,2026-08-28 00:00:00,,242.0
29465,24099,2026-08-28 00:00:00,,251.0
29466,24101,2026-08-28 00:00:00,,261.0
29467,24106,2026-08-28 00:00:00,,253.0
29468,24115,2026-08-28 00:00:00,,248.0
29469,24116,2026-08-28 00:00:00,,316.0
29470,24119,2026-08-28 00:00:00,,258.0
29471,24120,2026-08-28 00:00:00,,293.0
29472,24124,2026-08-28 00:00:00,,241.0
29473,24131,2026-08-28 00:00:00,,242.0
29474,24142,2026-08-28 00:00:00,,247.0
29475,24144,2026-08-28 00:00:00,,262.0
29476,24148,2026-08-28 00:00:00,,350.0
29477,24150,2026-08-28 00:00:00,,220.0
29478,24152,2026-08-28 00:00:00,,233.0
29479,24162,2026-08-28 00:00:00,,219.0
29480,24168,2026-08-28 00:00:00,,211.0
29481,24173,2026-08-28 00:00:00,,270.0
29482,24179,2026-08-28 00:00:00,,199.0
29483,24180,2026-08-28 00:00:00,,218.0
29484,24181,2026-08-28 00:00:00,,273.0
29485,24182,2026-08-28 00:00:00,,243.0
29486,24187,2026-08-28 00:00:00,,186.0
29487,24190,2026-08-28 00:00:00,,214.0
29488,24218,2026-08-28 00:00:00,,264.0
29489,24224,2026-08-28 00:00:00,,191.0
29490,24231,2026-08-28 00:00:00,,244.0
29491,24248,2026-08-28 00:00:00,,231.0
29492,24250,2026-08-28 00:00:00,,192.0
29493,24251,2026-08-28 00:00:00,,229.0
29494,24252,2026-08-28 00:00:00,,180.0
29495,24275,2026-08-28 00:00:00,,197.0
29496,24277,2026-08-28 00:00:00,,149.0
29497,24278,2026-08-28 00:00:00,,229.0
29498,25023,2026-08-28 00:00:00,,161.0
29499,J402,2026-08-28 00:00:00,,257.0
29500,J403,2026-08-28 00:00:00,,263.0
29501,J405,2026-08-28 00:00:00,,288.0
29502,J406,2026-08-28 00:00:00,,345.0
29503,J407,2026-08-28 00:00:00,,297.0
29504,J412,2026-08-28 00:00:00,,235.0
29505,J414,2026-08-28 00:00:00,,332.0
29506,J418,2026-08-28 00:00:00,,293.0
29507,J419,2026-08-28 00:00:00,,333.0
29508,23002,2026-08-28 00:00:00,,317.0
29509,BU375,2026-08-28 00:00:00,,327.0
29510,BU371,2026-08-28 00:00:00,,324.0
29511,BU356,2026-08-28 00:00:00,,377.0
29512,BU360,2026-08-28 00:00:00,,284.0
29513,BU370,2026-08-28 00:00:00,,348.0
29514,BU374,2026-08-28 00:00:00,,342.0
29515,BU365,2026-08-28 00:00:00,,252.0
29516,BU301,2026-09-03 00:00:00,,481.0
29517,BU303,2026-09-03 00:00:00,,269.0
29518,BU304,2026-09-03 00:00:00,,464.0
29519,BU359,2026-09-03 00:00:00,,382.0
29520,BU362,2026-09-03 00:00:00,,345.0
29521,BU373,2026-09-03 00:00:00,,322.0
29522,BU378,2026-09-03 00:00:00,,258.0
29523,BU379,2026-09-03 00:00:00,,340.0
29524,BU79,2026-09-03 00:00:00,,244.0
29525,BU84,2026-09-03 00:00:00,,507.0
29526,BU94,2026-09-03 00:00:00,,469.0
29527,18,2026-09-03 00:00:00,,382.0
29528,128,2026-09-03 00:00:00,,383.0
29529,252,2026-09-03 00:00:00,,389.0
29530,1056A,2026-09-03 00:00:00,,410.0
29531,1090A,2026-09-03 00:00:00,,369.0
29532,2080,2026-09-03 00:00:00,,500.0
29533,2097,2026-09-03 00:00:00,,446.0
29534,2107,2026-09-03 00:00:00,,341.0
29535,2133A,2026-09-03 00:00:00,,391.0
29536,22149,2026-09-03 00:00:00,,337.0
29537,3028A,2026-09-03 00:00:00,,407.0
29538,31,2026-09-03 00:00:00,,343.0
29539,3108,2026-09-03 00:00:00,,454.0
29540,4018,2026-09-03 00:00:00,,339.0
29541,4023,2026-09-03 00:00:00,,450.0
29542,4055,2026-09-03 00:00:00,,453.0
29543,4078,2026-09-03 00:00:00,,398.0
29544,4101,2026-09-03 00:00:00,,415.0
29545,5030,2026-09-03 00:00:00,,441.0
29546,8060,2026-09-03 00:00:00,,368.0
29547,8063,2026-09-03 00:00:00,,366.0
29548,9016,2026-09-03 00:00:00,,384.0
29549,9046,2026-09-03 00:00:00,,451.0
29550,9122,2026-09-03 00:00:00,,357.0
29551,12164,2026-09-03 00:00:00,,291.0
29552,24285,2026-09-07 00:00:00,,115.0
29553,24297,2026-09-07 00:00:00,,93.0
29554,25265,2026-09-07 00:00:00,,115.0
29555,24300,2026-09-07 00:00:00,,98.0
29556,25074,2026-09-07 00:00:00,,103.0
29557,25099,2026-09-07 00:00:00,,115.0
29558,25012,2026-09-07 00:00:00,,114.0
29559,25089,2026-09-07 00:00:00,,130.0
29560,25073,2026-09-07 00:00:00,,118.0
29561,25095,2026-09-07 00:00:00,,132.0
29562,26195,2026-09-09 00:00:00,,27.0
29563,26196,2026-09-09 00:00:00,,28.0
29564,26197,2026-09-09 00:00:00,,24.0
29565,26199,2026-09-09 00:00:00,,27.0
29566,25074,2026-09-11 00:00:00,,105.0
29567,24300,2026-09-11 00:00:00,,97.0
29568,25265,2026-09-11 00:00:00,,115.0
29569,24285,2026-09-11 00:00:00,,113.0
29570,24297,2026-09-11 00:00:00,,95.0
29571,25163,2026-09-18 00:00:00,,181.0
29572,26053,2026-09-18 00:00:00,,89.0
29573,25235,2026-09-18 00:00:00,,183.0
29574,25216,2026-09-18 00:00:00,,151.0
29575,25204,2026-09-18 00:00:00,,208.0
29576,25184,2026-09-18 00:00:00,,138.0
29577,26007,2026-09-18 00:00:00,,123.0
29578,25197,2026-09-18 00:00:00,,112.0
29579,25248,2026-09-18 00:00:00,,134.0
29580,25250,2026-09-18 00:00:00,,173.0
29581,25212,2026-09-18 00:00:00,,112.0
29582,26037,2026-09-18 00:00:00,,105.0
29583,25240,2026-09-18 00:00:00,,130.0
29584,25244,2026-09-18 00:00:00,,86.0
29585,25074,2026-09-21 00:00:00,,105.0
29586,24297,2026-09-21 00:00:00,,99.0
29587,24285,2026-09-21 00:00:00,,111.0
29588,0206A,2026-09-23 00:00:00,,416.0
29589,226,2026-09-23 00:00:00,,419.0
29590,269,2026-09-23 00:00:00,,408.0
29591,294,2026-09-23 00:00:00,,370.0
29592,305,2026-09-23 00:00:00,,486.0
29593,311,2026-09-23 00:00:00,,346.0
29594,314,2026-09-23 00:00:00,,433.0
29595,322,2026-09-23 00:00:00,,436.0
29596,344,2026-09-23 00:00:00,,427.0
29597,500,2026-09-23 00:00:00,,547.0
29598,1017A,2026-09-23 00:00:00,,493.0
29599,1100A,2026-09-23 00:00:00,,343.0
29600,1103,2026-09-23 00:00:00,,476.0
29601,2011,2026-09-23 00:00:00,,374.0
29602,2026,2026-09-23 00:00:00,,443.0
29603,2047,2026-09-23 00:00:00,,444.0
29604,2052,2026-09-23 00:00:00,,499.0
29605,2083,2026-09-23 00:00:00,,361.0
29606,2093,2026-09-23 00:00:00,,382.0
29607,2143,2026-09-23 00:00:00,,464.0
29608,2145,2026-09-23 00:00:00,,390.0
29609,22098,2026-09-23 00:00:00,,323.0
29610,22135,2026-09-23 00:00:00,,420.0
29611,22160,2026-09-23 00:00:00,,392.0
29612,22161,2026-09-23 00:00:00,,320.0
29613,22172,2026-09-23 00:00:00,,401.0
29614,22177,2026-09-23 00:00:00,,373.0
29615,2218,2026-09-23 00:00:00,,425.0
29616,22180,2026-09-23 00:00:00,,353.0
29617,22189,2026-09-23 00:00:00,,347.0
29618,22193,2026-09-23 00:00:00,,264.0
29619,2226,2026-09-23 00:00:00,,530.0
29620,23001,2026-09-23 00:00:00,,325.0
29621,23006,2026-09-23 00:00:00,,358.0
29622,2500,2026-09-23 00:00:00,,461.0
29623,3132,2026-09-23 00:00:00,,385.0
29624,5079,2026-09-23 00:00:00,,488.0
29625,7059,2026-09-23 00:00:00,,418.0
29626,8030,2026-09-23 00:00:00,,449.0
29627,8033,2026-09-23 00:00:00,,483.0
29628,8048,2026-09-23 00:00:00,,347.0
29629,8076,2026-09-23 00:00:00,,437.0
29630,8077,2026-09-23 00:00:00,,353.0
29631,9024,2026-09-23 00:00:00,,461.0
29632,9040,2026-09-23 00:00:00,,449.0
29633,9053,2026-09-23 00:00:00,,476.0
29634,91242,2026-09-23 00:00:00,,505.0
29635,J415,2026-09-23 00:00:00,,310.0
29636,J426,2026-09-23 00:00:00,,482.0
29637,338,2026-09-23 00:00:00,,433.0
29638,8011,2026-09-23 00:00:00,,395.0
29639,20971,2026-09-23 00:00:00,,342.0
29640,22112,2026-09-23 00:00:00,,438.0
29641,2099,2026-09-28 00:00:00,,345.0
29642,22176,2026-09-28 00:00:00,,396.0
29643,22187,2026-09-28 00:00:00,,378.0
29644,23007,2026-09-28 00:00:00,,290.0
29645,23008,2026-09-28 00:00:00,,277.0
29646,23026,2026-09-28 00:00:00,,363.0
29647,23035,2026-09-28 00:00:00,,282.0
29648,23038,2026-09-28 00:00:00,,363.0
29649,23056,2026-09-28 00:00:00,,389.0
29650,23059,2026-09-28 00:00:00,,352.0
29651,23064,2026-09-28 00:00:00,,324.0
29652,23070,2026-09-28 00:00:00,,316.0
29653,23078,2026-09-28 00:00:00,,352.0
29654,23087,2026-09-28 00:00:00,,332.0
29655,23088,2026-09-28 00:00:00,,378.0
29656,23089,2026-09-28 00:00:00,,335.0
29657,23091,2026-09-28 00:00:00,,305.0
29658,23093,2026-09-28 00:00:00,,272.0
29659,23097,2026-09-28 00:00:00,,347.0
29660,23099,2026-09-28 00:00:00,,324.0
29661,23108,2026-09-28 00:00:00,,284.0
29662,23124,2026-09-28 00:00:00,,375.0
29663,23132,2026-09-28 00:00:00,,311.0
29664,23133,2026-09-28 00:00:00,,294.0
29665,23135,2026-09-28 00:00:00,,352.0
29666,23137,2026-09-28 00:00:00,,310.0
29667,23140,2026-09-28 00:00:00,,365.0
29668,23144,2026-09-28 00:00:00,,272.0
29669,23147,2026-09-28 00:00:00,,364.0
29670,23157,2026-09-28 00:00:00,,330.0
29671,23164,2026-09-28 00:00:00,,347.0
29672,23170,2026-09-28 00:00:00,,362.0
29673,23171,2026-09-28 00:00:00,,367.0
29674,23173,2026-09-28 00:00:00,,304.0
29675,23174,2026-09-28 00:00:00,,326.0
29676,23181,2026-09-28 00:00:00,,431.0
29677,23184,2026-09-28 00:00:00,,333.0
29678,23187,2026-09-28 00:00:00,,325.0
29679,23188,2026-09-28 00:00:00,,302.0
29680,23190,2026-09-28 00:00:00,,295.0
29681,23193,2026-09-28 00:00:00,,340.0
29682,23196,2026-09-28 00:00:00,,385.0
29683,23197,2026-09-28 00:00:00,,332.0
29684,23204,2026-09-28 00:00:00,,238.0
29685,23210,2026-09-28 00:00:00,,299.0
29686,23217,2026-09-28 00:00:00,,364.0
29687,23218,2026-09-28 00:00:00,,336.0
29688,23220,2026-09-28 00:00:00,,346.0
29689,23222,2026-09-28 00:00:00,,353.0
29690,23229,2026-09-28 00:00:00,,352.0
29691,23240,2026-09-28 00:00:00,,372.0
29692,23242,2026-09-28 00:00:00,,309.0
29693,23251,2026-09-28 00:00:00,,293.0
29694,24002,2026-09-28 00:00:00,,356.0
29695,24003,2026-09-28 00:00:00,,392.0
29696,24009,2026-09-28 00:00:00,,307.0
29697,24018,2026-09-28 00:00:00,,276.0
29698,24020,2026-09-28 00:00:00,,330.0
29699,24023,2026-09-28 00:00:00,,276.0
29700,24033,2026-09-28 00:00:00,,305.0
29701,24036,2026-09-28 00:00:00,,268.0
29702,24037,2026-09-28 00:00:00,,326.0
29703,24044,2026-09-28 00:00:00,,281.0
29704,24049,2026-09-28 00:00:00,,317.0
29705,24056,2026-09-28 00:00:00,,318.0
29706,24060,2026-09-28 00:00:00,,306.0
29707,24061,2026-09-28 00:00:00,,330.0
29708,24067,2026-09-28 00:00:00,,369.0
29709,24068,2026-09-28 00:00:00,,238.0
29710,24069,2026-09-28 00:00:00,,288.0
29711,24073,2026-09-28 00:00:00,,247.0
29712,24076,2026-09-28 00:00:00,,384.0
29713,24080,2026-09-28 00:00:00,,280.0
29714,24081,2026-09-28 00:00:00,,276.0
29715,24082,2026-09-28 00:00:00,,276.0
29716,24086,2026-09-28 00:00:00,,339.0
29717,24089,2026-09-28 00:00:00,,383.0
29718,24091,2026-09-28 00:00:00,,247.0
29719,24096,2026-09-28 00:00:00,,370.0
29720,24098,2026-09-28 00:00:00,,290.0
29721,24102,2026-09-28 00:00:00,,267.0
29722,24105,2026-09-28 00:00:00,,292.0
29723,24109,2026-09-28 00:00:00,,267.0
29724,24111,2026-09-28 00:00:00,,389.0
29725,24114,2026-09-28 00:00:00,,223.0
29726,24123,2026-09-28 00:00:00,,267.0
29727,24127,2026-09-28 00:00:00,,251.0
29728,24130,2026-09-28 00:00:00,,227.0
29729,24132,2026-09-28 00:00:00,,272.0
29730,24134,2026-09-28 00:00:00,,325.0
29731,24137,2026-09-28 00:00:00,,277.0
29732,24140,2026-09-28 00:00:00,,241.0
29733,24141,2026-09-28 00:00:00,,285.0
29734,24145,2026-09-28 00:00:00,,325.0
29735,24146,2026-09-28 00:00:00,,267.0
29736,24147,2026-09-28 00:00:00,,245.0
29737,24153,2026-09-28 00:00:00,,272.0
29738,24154,2026-09-28 00:00:00,,318.0
29739,24163,2026-09-28 00:00:00,,278.0
29740,24165,2026-09-28 00:00:00,,281.0
29741,24188,2026-09-28 00:00:00,,295.0
29742,24189,2026-09-28 00:00:00,,265.0
29743,24191,2026-09-28 00:00:00,,258.0
29744,24193,2026-09-28 00:00:00,,290.0
29745,24194,2026-09-28 00:00:00,,261.0
29746,24198,2026-09-28 00:00:00,,353.0
29747,24203,2026-09-28 00:00:00,,275.0
29748,24206,2026-09-28 00:00:00,,305.0
29749,24209,2026-09-28 00:00:00,,256.0
29750,24214,2026-09-28 00:00:00,,306.0
29751,24233,2026-09-28 00:00:00,,303.0
29752,24234,2026-09-28 00:00:00,,192.0
29753,24271,2026-09-28 00:00:00,,332.0
29754,25078,2026-09-28 00:00:00,,265.0
29755,3501,2026-09-28 00:00:00,,319.0
29756,J4011,2026-09-28 00:00:00,,353.0
29757,J416,2026-09-28 00:00:00,,351.0
29758,J417,2026-09-28 00:00:00,,301.0
29759,1067,2026-09-28 00:00:00,,498.0
29760,1133,2026-09-28 00:00:00,,417.0
29761,2045,2026-09-28 00:00:00,,485.0
29762,22114,2026-09-28 00:00:00,,430.0
29763,22120,2026-09-28 00:00:00,,506.0
29764,22183,2026-09-28 00:00:00,,388.0
29765,22184,2026-09-28 00:00:00,,456.0
29766,22192,2026-09-28 00:00:00,,436.0
29767,22196,2026-09-28 00:00:00,,475.0
29768,22205,2026-09-28 00:00:00,,405.0
29769,22206,2026-09-28 00:00:00,,381.0
29770,22207,2026-09-28 00:00:00,,422.0
29771,23010,2026-09-28 00:00:00,,421.0
29772,23019,2026-09-28 00:00:00,,495.0
29773,23028,2026-09-28 00:00:00,,430.0
29774,23054,2026-09-28 00:00:00,,402.0
29775,23058,2026-09-28 00:00:00,,396.0
29776,23072,2026-09-28 00:00:00,,450.0
29777,23080,2026-09-28 00:00:00,,417.0
29778,23084,2026-09-28 00:00:00,,411.0
29779,23085,2026-09-28 00:00:00,,423.0
29780,23095,2026-09-28 00:00:00,,443.0
29781,23100,2026-09-28 00:00:00,,436.0
29782,23102,2026-09-28 00:00:00,,428.0
29783,23104,2026-09-28 00:00:00,,424.0
29784,23114,2026-09-28 00:00:00,,418.0
29785,23119,2026-09-28 00:00:00,,440.0
29786,23123,2026-09-28 00:00:00,,458.0
29787,23142,2026-09-28 00:00:00,,460.0
29788,23145,2026-09-28 00:00:00,,406.0
29789,23146,2026-09-28 00:00:00,,476.0
29790,23150,2026-09-28 00:00:00,,418.0
29791,23177,2026-09-28 00:00:00,,329.0
29792,23214,2026-09-28 00:00:00,,423.0
29793,23224,2026-09-28 00:00:00,,423.0
29794,23225,2026-09-28 00:00:00,,414.0
29795,23230,2026-09-28 00:00:00,,412.0
29796,23238,2026-09-28 00:00:00,,441.0
29797,23241,2026-09-28 00:00:00,,513.0
29798,23244,2026-09-28 00:00:00,,394.0
29799,23247,2026-09-28 00:00:00,,381.0
29800,23249,2026-09-28 00:00:00,,408.0
29801,24062,2026-09-28 00:00:00,,308.0
29802,24074,2026-09-28 00:00:00,,361.0
29803,24077,2026-09-28 00:00:00,,449.0
29804,24170,2026-09-28 00:00:00,,246.0
29805,24255,2026-09-28 00:00:00,,335.0
29806,4501,2026-09-28 00:00:00,,449.0
29807,101,2026-09-29 00:00:00,,422.0
29808,111,2026-09-29 00:00:00,,474.0
29809,202,2026-09-29 00:00:00,,328.0
29810,0208A,2026-09-29 00:00:00,,397.0
29811,0231A,2026-09-29 00:00:00,,448.0
29812,234,2026-09-29 00:00:00,,586.0
29813,240,2026-09-29 00:00:00,,502.0
29814,241,2026-09-29 00:00:00,,468.0
29815,263,2026-09-29 00:00:00,,475.0
29816,270,2026-09-29 00:00:00,,492.0
29817,272,2026-09-29 00:00:00,,473.0
29818,297,2026-09-29 00:00:00,,419.0
29819,298,2026-09-29 00:00:00,,426.0
29820,0298A,2026-09-29 00:00:00,,522.0
29821,304,2026-09-29 00:00:00,,483.0
29822,306,2026-09-29 00:00:00,,502.0
29823,312,2026-09-29 00:00:00,,496.0
29824,320,2026-09-29 00:00:00,,369.0
29825,329,2026-09-29 00:00:00,,492.0
29826,0330A,2026-09-29 00:00:00,,460.0
29827,342,2026-09-29 00:00:00,,494.0
29828,353,2026-09-29 00:00:00,,551.0
29829,1063,2026-09-29 00:00:00,,436.0
29830,1065,2026-09-29 00:00:00,,481.0
29831,1066,2026-09-29 00:00:00,,461.0
29832,1088A,2026-09-29 00:00:00,,500.0
29833,1091,2026-09-29 00:00:00,,436.0
29834,1100B,2026-09-29 00:00:00,,372.0
29835,1102,2026-09-29 00:00:00,,441.0
29836,1109B,2026-09-29 00:00:00,,412.0
29837,1123,2026-09-29 00:00:00,,450.0
29838,1310,2026-09-29 00:00:00,,463.0
29839,2014,2026-09-29 00:00:00,,386.0
29840,2023,2026-09-29 00:00:00,,439.0
29841,2030,2026-09-29 00:00:00,,382.0
29842,2037,2026-09-29 00:00:00,,419.0
29843,2042,2026-09-29 00:00:00,,470.0
29844,2048,2026-09-29 00:00:00,,446.0
29845,2061,2026-09-29 00:00:00,,373.0
29846,2062,2026-09-29 00:00:00,,448.0
29847,2063B,2026-09-29 00:00:00,,442.0
29848,2095,2026-09-29 00:00:00,,328.0
29849,2096,2026-09-29 00:00:00,,463.0
29850,2103,2026-09-29 00:00:00,,443.0
29851,2108,2026-09-29 00:00:00,,406.0
29852,2137,2026-09-29 00:00:00,,412.0
29853,2146,2026-09-29 00:00:00,,507.0
29854,2196A,2026-09-29 00:00:00,,500.0
29855,22112,2026-09-29 00:00:00,,424.0
29856,22126,2026-09-29 00:00:00,,425.0
29857,22132,2026-09-29 00:00:00,,357.0
29858,22197,2026-09-29 00:00:00,,318.0
29859,22216,2026-09-29 00:00:00,,376.0
29860,22221,2026-09-29 00:00:00,,367.0
29861,2234,2026-09-29 00:00:00,,382.0
29862,23002,2026-09-29 00:00:00,,328.0
29863,23003,2026-09-29 00:00:00,,436.0
29864,23017,2026-09-29 00:00:00,,342.0
29865,23020,2026-09-29 00:00:00,,421.0
29866,23023,2026-09-29 00:00:00,,278.0
29867,23024,2026-09-29 00:00:00,,349.0
29868,23027,2026-09-29 00:00:00,,298.0
29869,23030,2026-09-29 00:00:00,,316.0
29870,23031,2026-09-29 00:00:00,,392.0
29871,23037,2026-09-29 00:00:00,,487.0
29872,23039,2026-09-29 00:00:00,,375.0
29873,23044,2026-09-29 00:00:00,,318.0
29874,23045,2026-09-29 00:00:00,,374.0
29875,23049,2026-09-29 00:00:00,,312.0
29876,23050,2026-09-29 00:00:00,,318.0
29877,23051,2026-09-29 00:00:00,,346.0
29878,23052,2026-09-29 00:00:00,,315.0
29879,23053,2026-09-29 00:00:00,,414.0
29880,23055,2026-09-29 00:00:00,,352.0
29881,23060,2026-09-29 00:00:00,,331.0
29882,23061,2026-09-29 00:00:00,,321.0
29883,23063,2026-09-29 00:00:00,,432.0
29884,23065,2026-09-29 00:00:00,,376.0
29885,23067,2026-09-29 00:00:00,,313.0
29886,23086,2026-09-29 00:00:00,,285.0
29887,23092,2026-09-29 00:00:00,,403.0
29888,23101,2026-09-29 00:00:00,,330.0
29889,23105,2026-09-29 00:00:00,,391.0
29890,23107,2026-09-29 00:00:00,,414.0
29891,23111,2026-09-29 00:00:00,,360.0
29892,23115,2026-09-29 00:00:00,,346.0
29893,23116,2026-09-29 00:00:00,,422.0
29894,23118,2026-09-29 00:00:00,,415.0
29895,23120,2026-09-29 00:00:00,,302.0
29896,23139,2026-09-29 00:00:00,,362.0
29897,23153,2026-09-29 00:00:00,,370.0
29898,23156,2026-09-29 00:00:00,,343.0
29899,23165,2026-09-29 00:00:00,,391.0
29900,23186,2026-09-29 00:00:00,,361.0
29901,23198,2026-09-29 00:00:00,,391.0
29902,23212,2026-09-29 00:00:00,,306.0
29903,23223,2026-09-29 00:00:00,,331.0
29904,23246,2026-09-29 00:00:00,,393.0
29905,24013,2026-09-29 00:00:00,,364.0
29906,24016,2026-09-29 00:00:00,,455.0
29907,24029,2026-09-29 00:00:00,,403.0
29908,24148,2026-09-29 00:00:00,,371.0
29909,4066,2026-09-29 00:00:00,,371.0
29910,3107,2026-09-29 00:00:00,,441.0
29911,3119,2026-09-29 00:00:00,,429.0
29912,4072,2026-09-29 00:00:00,,532.0
29913,4151,2026-09-29 00:00:00,,509.0
29914,4172,2026-09-29 00:00:00,,444.0
29915,50501,2026-09-29 00:00:00,,392.0
29916,5077,2026-09-29 00:00:00,,460.0
29917,5090,2026-09-29 00:00:00,,520.0
29918,5679,2026-09-29 00:00:00,,486.0
29919,6035,2026-09-29 00:00:00,,402.0
29920,6042,2026-09-29 00:00:00,,559.0
29921,7012,2026-09-29 00:00:00,,427.0
29922,7028,2026-09-29 00:00:00,,410.0
29923,7067,2026-09-29 00:00:00,,414.0
29924,7074,2026-09-29 00:00:00,,450.0
29925,7083,2026-09-29 00:00:00,,494.0
29926,8017,2026-09-29 00:00:00,,489.0
29927,80272,2026-09-29 00:00:00,,453.0
29928,8041,2026-09-29 00:00:00,,551.0
29929,8043,2026-09-29 00:00:00,,493.0
29930,8046,2026-09-29 00:00:00,,551.0
29931,8061,2026-09-29 00:00:00,,559.0
29932,8062,2026-09-29 00:00:00,,441.0
29933,8085,2026-09-29 00:00:00,,385.0
29934,80882,2026-09-29 00:00:00,,439.0
29935,8094,2026-09-29 00:00:00,,376.0
29936,8096,2026-09-29 00:00:00,,526.0
29937,9006,2026-09-29 00:00:00,,340.0
29938,9037,2026-09-29 00:00:00,,397.0
29939,9071,2026-09-29 00:00:00,,422.0
29940,9073,2026-09-29 00:00:00,,388.0
29941,9076,2026-09-29 00:00:00,,407.0
29942,9110A,2026-09-29 00:00:00,,476.0
29943,9113,2026-09-29 00:00:00,,403.0
29944,9501,2026-09-29 00:00:00,,378.0
29945,EMB 5,2026-09-29 00:00:00,,452.0
29946,J407,2026-09-29 00:00:00,,295.0
29947,J408,2026-09-29 00:00:00,,398.0
29948,J413,2026-09-29 00:00:00,,332.0
29949,J418,2026-09-29 00:00:00,,311.0
29950,J422,2026-09-29 00:00:00,,487.0
29951,pend41,2026-09-29 00:00:00,,479.0
29952,2016,2026-09-29 00:00:00,,442.0
29953,J4010,2026-09-29 00:00:00,,410.0
29954,2109,2026-09-29 00:00:00,,383.0
29955,24021,2026-09-29 00:00:00,,406.0
29956,24247,2026-09-29 00:00:00,,118.0
29957,24285,2026-09-29 00:00:00,,114.0
29958,3026A,2026-09-29 00:00:00,,426.0
29959,5144,2026-09-29 00:00:00,,364.0
29960,9007,2026-09-29 00:00:00,,344.0
29961,8005,2026-09-29 00:00:00,,468.0
29962,23121,2026-09-29 00:00:00,,382.0
29963,34,2026-09-29 00:00:00,,447.0
29964,9126A,2026-09-29 00:00:00,,390.0
29965,25260,2026-09-29 00:00:00,,154.0
29966,9115,2026-09-29 00:00:00,,418.0
29967,1092A,2026-09-29 00:00:00,,618.0
29968,9104,2026-09-29 00:00:00,,406.0
29969,4076,2026-09-29 00:00:00,,466.0
29970,321,2026-09-29 00:00:00,,461.0
29971,6008,2026-09-29 00:00:00,,433.0
29972,1015A,2026-09-29 00:00:00,,418.0
29973,20334,2026-09-29 00:00:00,,463.0
29974,4053,2026-09-29 00:00:00,,453.0
29975,1015,2026-09-29 00:00:00,,485.0
29976,22131,2026-09-29 00:00:00,,490.0
29977,2021,2026-09-29 00:00:00,,356.0
29978,23046,2026-09-29 00:00:00,,357.0
29979,26019,2026-09-29 00:00:00,,201.0
29980,1045,2026-09-29 00:00:00,,314.0
29981,22105,2026-09-29 00:00:00,,375.0
29982,25074,2026-09-29 00:00:00,,109.0
29983,9100,2026-09-29 00:00:00,,449.0
29984,26200,2026-09-22 00:00:00,,28.0
29985,26204,2026-09-22 00:00:00,,24.0
29986,26205,2026-09-22 00:00:00,,25.0
29987,26207,2026-09-22 00:00:00,,35.0
29988,26210,2026-09-22 00:00:00,,31.0
29989,26211,2026-09-22 00:00:00,,40.0
29990,26212,2026-09-22 00:00:00,,25.0
29991,125,2026-10-01 00:00:00,,456.0
29992,139,2026-10-01 00:00:00,,344.0
29993,0206B,2026-10-01 00:00:00,,364.0
29994,2331,2026-10-01 00:00:00,,387.0
29995,274,2026-10-01 00:00:00,,281.0
29996,291,2026-10-01 00:00:00,,380.0
29997,0299A,2026-10-01 00:00:00,,574.0
29998,303,2026-10-01 00:00:00,,435.0
29999,308,2026-10-01 00:00:00,,411.0
30000,310,2026-10-01 00:00:00,,329.0
30001,0317A,2026-10-01 00:00:00,,290.0
30002,326,2026-10-01 00:00:00,,432.0
30003,333,2026-10-01 00:00:00,,363.0
30004,343,2026-10-01 00:00:00,,359.0
30005,348,2026-10-01 00:00:00,,360.0
30006,350,2026-10-01 00:00:00,,343.0
30007,354,2026-10-01 00:00:00,,431.0
30008,355,2026-10-01 00:00:00,,379.0
30009,1032,2026-10-01 00:00:00,,271.0
30010,1078A,2026-10-01 00:00:00,,374.0
30011,1117,2026-10-01 00:00:00,,468.0
30012,2024,2026-10-01 00:00:00,,370.0
30013,2036,2026-10-01 00:00:00,,357.0
30014,2060,2026-10-01 00:00:00,,710.0
30015,2088B,2026-10-01 00:00:00,,322.0
30016,2102,2026-10-01 00:00:00,,374.0
30017,2110,2026-10-01 00:00:00,,292.0
30018,2140,2026-10-01 00:00:00,,292.0
30019,2202,2026-10-01 00:00:00,,318.0
30020,22198,2026-10-01 00:00:00,,350.0
30021,23016,2026-10-01 00:00:00,,273.0
30022,23022,2026-10-01 00:00:00,,262.0
30023,23033,2026-10-01 00:00:00,,303.0
30024,25063,2026-10-01 00:00:00,,177.0
30025,25163,2026-10-01 00:00:00,,186.0
30026,25184,2026-10-01 00:00:00,,141.0
30027,25197,2026-10-01 00:00:00,,121.0
30028,25204,2026-10-01 00:00:00,,206.0
30029,25216,2026-10-01 00:00:00,,152.0
30030,25221,2026-10-01 00:00:00,,149.0
30031,25232,2026-10-01 00:00:00,,210.0
30032,25233,2026-10-01 00:00:00,,155.0
30033,25234,2026-10-01 00:00:00,,125.0
30034,25235,2026-10-01 00:00:00,,189.0
30035,25239,2026-10-01 00:00:00,,232.0
30036,25243,2026-10-01 00:00:00,,160.0
30037,25247,2026-10-01 00:00:00,,161.0
30038,25248,2026-10-01 00:00:00,,139.0
30039,25250,2026-10-01 00:00:00,,168.0
30040,25255,2026-10-01 00:00:00,,124.0
30041,25256,2026-10-01 00:00:00,,140.0
30042,25261,2026-10-01 00:00:00,,227.0
30043,25263,2026-10-01 00:00:00,,207.0
30044,25270,2026-10-01 00:00:00,,121.0
30045,25272,2026-10-01 00:00:00,,124.0
30046,25278,2026-10-01 00:00:00,,157.0
30047,25283,2026-10-01 00:00:00,,182.0
30048,25286,2026-10-01 00:00:00,,193.0
30049,25293,2026-10-01 00:00:00,,92.0
30050,25299,2026-10-01 00:00:00,,220.0
30051,25301,2026-10-01 00:00:00,,168.0
30052,25302,2026-10-01 00:00:00,,182.0
30053,25304,2026-10-01 00:00:00,,172.0
30054,25308,2026-10-01 00:00:00,,166.0
30055,25309,2026-10-01 00:00:00,,151.0
30056,25310,2026-10-01 00:00:00,,153.0
30057,25311,2026-10-01 00:00:00,,191.0
30058,25313,2026-10-01 00:00:00,,140.0
30059,25315,2026-10-01 00:00:00,,163.0
30060,25317,2026-10-01 00:00:00,,121.0
30061,26005,2026-10-01 00:00:00,,170.0
30062,26007,2026-10-01 00:00:00,,142.0
30063,26008,2026-10-01 00:00:00,,139.0
30064,26010,2026-10-01 00:00:00,,142.0
30065,26014,2026-10-01 00:00:00,,124.0
30066,26015,2026-10-01 00:00:00,,197.0
30067,26016,2026-10-01 00:00:00,,158.0
30068,26017,2026-10-01 00:00:00,,123.0
30069,26026,2026-10-01 00:00:00,,135.0
30070,26029,2026-10-01 00:00:00,,93.0
30071,26054,2026-10-01 00:00:00,,115.0
30072,26064,2026-10-01 00:00:00,,149.0
30073,26067,2026-10-01 00:00:00,,161.0
30074,26071,2026-10-01 00:00:00,,158.0
30075,26073,2026-10-01 00:00:00,,90.0
30076,26100,2026-10-01 00:00:00,,131.0
30077,26101,2026-10-01 00:00:00,,112.0
30078,26111,2026-10-01 00:00:00,,152.0
30079,26112,2026-10-01 00:00:00,,120.0
30080,26114,2026-10-01 00:00:00,,142.0
30081,26121,2026-10-01 00:00:00,,118.0
30082,26124,2026-10-01 00:00:00,,106.0
30083,26132,2026-10-01 00:00:00,,120.0
30084,26135,2026-10-01 00:00:00,,69.0
30085,26140,2026-10-01 00:00:00,,135.0
30086,26141,2026-10-01 00:00:00,,104.0
30087,26151,2026-10-01 00:00:00,,84.0
30088,26159,2026-10-01 00:00:00,,83.0
30089,26163,2026-10-01 00:00:00,,87.0
30090,26164,2026-10-01 00:00:00,,78.0
30091,26177,2026-10-01 00:00:00,,131.0
30092,26178,2026-10-01 00:00:00,,68.0
30093,3027A,2026-10-01 00:00:00,,354.0
30094,4033,2026-10-01 00:00:00,,322.0
30095,4034,2026-10-01 00:00:00,,362.0
30096,4087,2026-10-01 00:00:00,,454.0
30097,4141,2026-10-01 00:00:00,,342.0
30098,5076,2026-10-01 00:00:00,,375.0
30099,5092,2026-10-01 00:00:00,,439.0
30100,6031,2026-10-01 00:00:00,,394.0
30101,6037,2026-10-01 00:00:00,,376.0
30102,7080,2026-10-01 00:00:00,,390.0
30103,8014,2026-10-01 00:00:00,,396.0
30104,80472,2026-10-01 00:00:00,,363.0
30105,8082,2026-10-01 00:00:00,,336.0
30106,8093,2026-10-01 00:00:00,,379.0
30107,9011,2026-10-01 00:00:00,,462.0
30108,9014,2026-10-01 00:00:00,,391.0
30109,9023,2026-10-01 00:00:00,,329.0
30110,91091,2026-10-01 00:00:00,,435.0
30111,9128B,2026-10-01 00:00:00,,344.0
30112,9503,2026-10-01 00:00:00,,409.0
30113,J409,2026-10-01 00:00:00,,407.0
30114,J428,2026-10-01 00:00:00,,661.0
30115,26097,2026-10-01 00:00:00,,138.0
30116,24160,2026-10-01 00:00:00,,287.0
30117,25290,2026-10-01 00:00:00,,205.0
30118,26083,2026-10-01 00:00:00,,94.0
30119,3065,2026-10-01 00:00:00,,712.0
30120,26134,2026-10-01 00:00:00,,74.0
30121,7072,2026-10-01 00:00:00,,458.0
30122,217,2026-10-02 00:00:00,,520.0
30123,1008,2026-10-02 00:00:00,,444.0
30124,1069,2026-10-02 00:00:00,,706.0
30125,1070,2026-10-02 00:00:00,,513.0
30126,1077,2026-10-02 00:00:00,,579.0
30127,1101,2026-10-02 00:00:00,,638.0
30128,1106,2026-10-02 00:00:00,,577.0
30129,1126,2026-10-02 00:00:00,,713.0
30130,1154,2026-10-02 00:00:00,,706.0
30131,1156,2026-10-02 00:00:00,,670.0
30132,1180,2026-10-02 00:00:00,,791.0
30133,1206,2026-10-02 00:00:00,,640.0
30134,1214,2026-10-02 00:00:00,,607.0
30135,1219,2026-10-02 00:00:00,,623.0
30136,1237,2026-10-02 00:00:00,,647.0
30137,2010,2026-10-02 00:00:00,,561.0
30138,2025,2026-10-02 00:00:00,,568.0
30139,2044,2026-10-02 00:00:00,,561.0
30140,2106,2026-10-02 00:00:00,,559.0
30141,2128,2026-10-02 00:00:00,,592.0
30142,2159,2026-10-02 00:00:00,,584.0
30143,2167,2026-10-02 00:00:00,,616.0
30144,3504,2026-10-02 00:00:00,,305.0
30145,22100,2026-10-02 00:00:00,,542.0
30146,22115,2026-10-02 00:00:00,,612.0
30147,22157,2026-10-02 00:00:00,,538.0
30148,22175,2026-10-02 00:00:00,,523.0
30149,22188,2026-10-02 00:00:00,,588.0
30150,22190,2026-10-02 00:00:00,,615.0
30151,22194,2026-10-02 00:00:00,,619.0
30152,22209,2026-10-02 00:00:00,,578.0
30153,23014,2026-10-02 00:00:00,,494.0
30154,23015,2026-10-02 00:00:00,,567.0
30155,23189,2026-10-02 00:00:00,,352.0
30156,24034,2026-10-02 00:00:00,,430.0
30157,24065,2026-10-02 00:00:00,,258.0
30158,24071,2026-10-02 00:00:00,,290.0
30159,24129,2026-10-02 00:00:00,,305.0
30160,24136,2026-10-02 00:00:00,,391.0
30161,0204B,2026-10-02 00:00:00,,538.0
30162,1068A,2026-10-02 00:00:00,,678.0
30163,J401,2026-10-02 00:00:00,,518.0
