id,fecha,idem,origen,dest,ge,raza,sexo,peso
1830,2024-07-25 00:00:00,23227,CA,SS,Becerra,F1/H,H,92
1831,2024-07-25 00:00:00,23241,CA,SS,Becerro,F1/H,M,154
1832,2024-07-25 00:00:00,24008,CA,SS,Becerro,GYR,M,71
1833,2024-07-25 00:00:00,24011,CA,SS,Becerra,GYR,H,88
1834,2024-07-25 00:00:00,24016,CA,SS,Becerra,F1/H,H,150
1835,2024-07-25 00:00:00,24019,CA,SS,Becerra,GYR,H,94
1836,2024-07-25 00:00:00,24027,CA,SS,Becerra,GYR,H,109
1837,2024-07-25 00:00:00,24030,CA,SS,Becerra,GYR,H,67
1838,2024-07-25 00:00:00,24039,CA,SS,Becerra,GYR,H,60
1839,2024-07-25 00:00:00,24047,CA,SS,Becerra,GYR,H,104
1840,2024-07-25 00:00:00,24049,CA,SS,Becerro,GYR,M,106
1841,2024-07-25 00:00:00,24063,CA,SS,Becerra,GUZ,H,88
1842,2024-07-25 00:00:00,24066,CA,SS,Becerro,GYR/CAR,M,78
1843,2024-07-25 00:00:00,24077,CA,SS,Becerro,GYR,M,97
1844,2024-07-25 00:00:00,24079,CA,SS,Becerro,GYR,M,84
1845,2024-07-25 00:00:00,24082,CA,SS,Becerro,GYR,M,66
1846,2024-07-25 00:00:00,24085,CA,SS,Becerra,GYR,H,81
1847,2024-07-25 00:00:00,24089,CA,SS,Becerro,GYR,M,88
1848,2024-07-25 00:00:00,24092,CA,SS,Becerra,GYR,H,91
1849,2024-07-25 00:00:00,24098,CA,SS,Becerro,,M,53
1850,2024-07-25 00:00:00,24110,CA,SS,Becerra,,H,71
1851,2024-07-25 00:00:00,24145,CA,SS,Becerro,GYR,M,55
1852,2024-07-20 00:00:00,23236,SS,CA,Maute,F1/H,M,140
1853,2024-04-15 00:00:00,24103,LP,SS,Bec,GYR,H,
1854,2024-04-10 00:00:00,23227,SS,CA,Bec,F1/H,H,
1855,2024-04-10 00:00:00,23241,SS,CA,Bec,F1/H,M,
1856,2024-04-10 00:00:00,24016,SS,CA,Bec,F1/H,H,
1857,2024-04-10 00:00:00,24008,SS,CA,Bec,GYR,M,
1858,2024-04-10 00:00:00,24011,SS,CA,Bec,GYR,H,
1859,2024-04-10 00:00:00,24012,SS,CA,Bec,GYR,H,
1860,2024-04-10 00:00:00,24013,SS,CA,Bec,GYR,H,
1861,2024-04-10 00:00:00,24015,SS,CA,Bec,GYR,H,
1862,2024-04-10 00:00:00,24019,SS,CA,Bec,GYR,H,
1863,2024-04-10 00:00:00,24027,SS,CA,Bec,GYR,H,
1864,2024-04-10 00:00:00,24029,SS,CA,Bec,GYR,M,
1865,2024-04-10 00:00:00,24030,SS,CA,Bec,GYR,H,
1866,2024-04-10 00:00:00,24037,SS,CA,Bec,GYR,M,
1867,2024-04-10 00:00:00,24039,SS,CA,Bec,GYR,H,
1868,2024-04-10 00:00:00,24047,SS,CA,Bec,GYR,H,
1869,2024-04-10 00:00:00,24049,SS,CA,Bec,GYR,M,
1870,2024-04-10 00:00:00,24066,SS,CA,Bec,GYR/CAR,M,
1871,2024-04-10 00:00:00,24079,SS,CA,Bec,GYR,M,
1872,2024-04-10 00:00:00,24082,SS,CA,Bec,GYR,M,
1873,2024-04-10 00:00:00,24085,SS,CA,Bec,GYR,H,
1874,2024-04-10 00:00:00,24089,SS,CA,Bec,GYR,M,
1875,2024-04-10 00:00:00,24077,SS,CA,Bec,GYR,M,
1876,2024-04-10 00:00:00,24092,SS,CA,Bec,GYR,H,
1877,2024-07-25 00:00:00,3015,CA,SS,Vaca,CAR,H,401
1878,2024-07-25 00:00:00,32,CA,SS,Vaca,GYR/CAR,H,266
1879,2024-07-25 00:00:00,40072,CA,SS,Vaca,CAR,H,352
1880,2024-07-25 00:00:00,4033,CA,SS,Vaca,GYR,H,294
1881,2024-07-25 00:00:00,4048,CA,SS,Vaca,CAR,H,397
1882,2024-07-25 00:00:00,406,CA,SS,Vaca,CAR,H,373
1883,2024-07-25 00:00:00,4072,CA,SS,Vaca,CAR,H,483
1884,2024-07-25 00:00:00,4076,CA,SS,Vaca,GUZ,H,445
1885,2024-07-25 00:00:00,4078,CA,SS,Vaca,CAR,H,288
1886,2024-07-25 00:00:00,4100,CA,SS,Vaca,BRA,H,335
1887,2024-07-25 00:00:00,4109,CA,SS,Vaca,CARGUZ,H,354
1888,2024-07-25 00:00:00,4143,CA,SS,Vaca,CAR,H,337
1889,2024-07-25 00:00:00,5013,CA,SS,Vaca,CAR,H,369
1890,2024-07-25 00:00:00,5027,CA,SS,Novilla,GYR,H,411
1891,2024-07-25 00:00:00,5035,CA,SS,Vaca,GYR,H,344
1892,2024-07-25 00:00:00,5041,CA,SS,Vaca,GYR,H,361
1893,2024-07-25 00:00:00,5043,CA,SS,Novilla,GYR,H,371
1894,2024-07-25 00:00:00,5090,CA,SS,Vaca,CAR,H,436
1895,2024-07-25 00:00:00,5111,CA,SS,Novilla,CAR/GYR,H,
1896,2024-07-25 00:00:00,5144,CA,SS,Vaca,GUZ/CAR,H,388
1897,2024-07-25 00:00:00,6037,CA,SS,Vaca,GYR,H,354
1898,2024-07-25 00:00:00,6070,CA,SS,Vaca,CAR/GUZ,H,401
1899,2024-07-25 00:00:00,7021,CA,SS,Vaca,GYR,H,289
1900,2024-07-25 00:00:00,7038,CA,SS,Vaca,CAR,H,304
1901,2024-07-25 00:00:00,7066,CA,SS,Vaca,GYR,H,362
1902,2024-07-25 00:00:00,7092,CA,SS,Vaca,GYR,H,321
1903,2024-07-25 00:00:00,8003,CA,SS,Vaca,GYR,H,214
1904,2024-07-25 00:00:00,8004,CA,SS,Vaca,CAR/GYR,H,429
1905,2024-07-25 00:00:00,8007,CA,SS,Vaca,GYR,H,368
1906,2024-07-25 00:00:00,8016,CA,SS,Mauta,GYR,H,236
1907,2024-07-25 00:00:00,8020,CA,SS,Novilla,GYR,H,362
1908,2024-07-25 00:00:00,8039,CA,SS,Novilla,CAR/GUZ,H,362
1909,2024-07-25 00:00:00,8040,CA,SS,Mauta,GYR,H,229
1910,2024-07-25 00:00:00,8057,CA,SS,Novilla,GYR,H,311
1911,2024-07-25 00:00:00,8066,CA,SS,Vaca,GYR,H,378
1912,2024-07-25 00:00:00,8067,CA,SS,Vaca,CAR,H,326
1913,2024-07-25 00:00:00,8072,CA,SS,Vaca,GYR,H,321
1914,2024-07-25 00:00:00,8078,CA,SS,Novilla,GYR,H,216
1915,2024-07-25 00:00:00,8085,CA,SS,Vaca,GUZ,H,289
1916,2024-07-25 00:00:00,8089,CA,SS,Vaca,GYR,H,346
1917,2024-07-25 00:00:00,89,CA,SS,Vaca,GYR,H,400
1918,2024-07-25 00:00:00,9,CA,SS,Vaca,CAR,H,396
1919,2024-07-25 00:00:00,9011,CA,SS,Vaca,GUZ,H,376
1920,2024-07-25 00:00:00,9014,CA,SS,Vaca,BRA,H,314
1921,2024-07-25 00:00:00,9018B,CA,SS,Vaca,GUZ/CAR,H,290
1922,2024-07-25 00:00:00,9023,CA,SS,Vaca,GYR,H,325
1923,2024-07-25 00:00:00,9035,CA,SS,Vaca,GUZ,H,389
1924,2024-07-25 00:00:00,9045,CA,SS,Vaca,BRA,H,390
1925,2024-07-25 00:00:00,9100,CA,SS,Vaca,GUZ,H,373
1926,2024-07-25 00:00:00,9104,CA,SS,Vaca,GUZ/CAR,H,387
1927,2024-07-25 00:00:00,9116B,CA,SS,Vaca,GUZ,H,267
1928,2024-07-25 00:00:00,9128A,CA,SS,Novilla,CAR/GYR,H,339
1929,2024-07-25 00:00:00,9136,CA,SS,Novilla,GYR,H,267
1930,2024-07-25 00:00:00,2025A,CA,SS,Vaca,CAR/GUZ,H,402
1931,2024-07-25 00:00:00,1077A,CA,SS,Vaca,BRA/CAR,H,315
1932,2024-07-25 00:00:00,3028A,CA,SS,Vaca,CAR,H,358
1933,2024-07-25 00:00:00,3044A,CA,SS,Vaca,GUZOLANDO,H,371
1934,2024-07-25 00:00:00,0215A,CA,SS,Vaca,CAR,H,397
1935,2024-07-25 00:00:00,1052A,CA,SS,Mauta,GYR,H,279
1936,2024-07-25 00:00:00,1015A,CA,SS,Mauta,GYR/CAR,H,283
1937,2024-07-25 00:00:00,22118,CA,SS,Maute,,M,266
1938,2024-07-25 00:00:00,22158,CA,SS,Maute,,M,251
1939,2024-07-25 00:00:00,22120,CA,SS,Maute,,M,230
1940,2024-07-25 00:00:00,22115,CA,SS,Maute,,M,249
1941,2024-07-25 00:00:00,22166,CA,SS,Maute,,M,269
1942,2024-07-25 00:00:00,22175,CA,SS,Maute,,M,251
1943,2024-07-25 00:00:00,22178,CA,SS,Maute,GYR,M,250
1944,2024-07-25 00:00:00,22188,CA,SS,Maute,,M,221
1945,2024-07-25 00:00:00,22206,CA,SS,Maute,,M,213
1946,2024-07-25 00:00:00,23011,CA,SS,Maute,,M,211
1947,2024-07-25 00:00:00,4043,CA,SS,Vaca,CAR,H,348
1948,2024-07-25 00:00:00,22185,CA,SS,Maute,GYR,M,211
1949,2024-07-25 00:00:00,22209,CA,SS,Maute,GYR,M,201
1950,2024-07-25 00:00:00,23251,CA,SS,Becerro,CAR,M,98
1951,2024-07-25 00:00:00,23015,CA,SS,Maute,,M,217
1952,2024-07-25 00:00:00,20337,CA,SS,Vaca,HOL,H,344
1953,2024-07-25 00:00:00,8338,CA,SS,Vaca,GYR/GUZ,H,280
1954,2024-07-25 00:00:00,9192,CA,SS,Novilla,HOL,H,350
1955,2024-07-20 00:00:00,23156,SS,CA,Maute,GYR,M,128
1956,2024-07-20 00:00:00,23171,SS,CA,Maute,GYR,M,152
1957,2024-07-20 00:00:00,23173,SS,CA,Maute,GYR,M,100
1958,2024-07-20 00:00:00,23182,SS,CA,Maute,GYR,M,126
1959,2024-07-20 00:00:00,23180,SS,CA,Maute,GYR,M,103
1960,2024-07-20 00:00:00,23183,SS,CA,Mauta,,H,107
1961,2024-07-20 00:00:00,23190,SS,CA,Maute,GYR,M,96
1962,2024-07-20 00:00:00,23189,SS,CA,Maute,GYR,M,120
1963,2024-07-20 00:00:00,23209,SS,CA,Mauta,GYR,H,107
1964,2024-07-20 00:00:00,23210,SS,CA,Maute,GYR,M,101
1965,2024-07-20 00:00:00,23211,SS,CA,Mauta,GYR,H,108
1966,2024-07-20 00:00:00,23216,SS,CA,Maute,,M,146
1967,2024-07-20 00:00:00,23218,SS,CA,Maute,GIROLANDO,M,145
1968,2024-07-20 00:00:00,23231,SS,CA,Mauta,GYR/CAR,H,90
1969,2024-07-13 00:00:00,2030,CA,SS,Mauta,GYR,H,
1970,2024-06-17 00:00:00,0128,CA,SS,Vaca,GUZ/CAR/GYR,H,367
1971,2024-06-17 00:00:00,0211,CA,SS,Novilla,CAR/GUZ,H,447
1972,2024-06-17 00:00:00,0224,CA,SS,Novilla,CAR/GYR,H,363
1973,2024-06-17 00:00:00,10391,CA,SS,Vaca,CAR/GUZ,H,313
1974,2024-06-17 00:00:00,2097,CA,SS,Vaca,CAR,H,432
1975,2024-06-17 00:00:00,4023,CA,SS,Vaca,CAR,H,
1976,2024-06-17 00:00:00,4055,CA,SS,Vaca,GUZ/CAR,H,408
1977,2024-06-17 00:00:00,6008,CA,SS,Vaca,GUZ,H,457
1978,2024-06-17 00:00:00,8005,CA,SS,Vaca,GYR,H,397
1979,2024-06-17 00:00:00,80472,CA,SS,Vaca,GYR,H,337
1980,2024-06-17 00:00:00,80921,CA,SS,Vaca,GYR,H,332
1981,2024-06-17 00:00:00,8093,CA,SS,Vaca,GYR/GUZ,H,376
1982,2024-06-17 00:00:00,9047,CA,SS,Vaca,BRA,H,391
1983,2024-06-17 00:00:00,9051,CA,SS,Vaca,CAR,H,448
1984,2024-06-17 00:00:00,2093A,CA,SS,Vaca,CAR,H,360
1985,2024-06-13 00:00:00,2041,SS,CA,TORO,HOL,M,405
1986,2024-06-13 00:00:00,50741,CA,SS,Vaca,GUZ,H,328
1987,2024-06-13 00:00:00,23033,CA,SS,Mauta,GYROLANDO,H,134
1988,2024-06-13 00:00:00,31,CA,SS,Mauta,BRA,H,270
1989,2024-06-13 00:00:00,22100,CA,SS,Maute,GYR,M,230
1990,2024-06-13 00:00:00,4007,CA,SS,Vaca,GUZ/CAR,H,451
1991,2024-06-13 00:00:00,2149,CA,SS,Maute,GYR,M,231
1992,2024-06-13 00:00:00,6021,CA,SS,Vaca,GUZ/CAR,H,378
1993,2024-06-13 00:00:00,9024,CA,SS,Novilla,CAR/GUZ,H,399
1994,2024-06-13 00:00:00,22157,CA,SS,Maute,,M,203
1995,2024-06-13 00:00:00,22114,CA,SS,Maute,GYR,M,202
1996,2024-06-13 00:00:00,2094,CA,SS,Maute,CAR,M,238
1997,2024-06-13 00:00:00,1068A,CA,SS,Maute,GYR,M,208
1998,2024-06-13 00:00:00,8019,CA,SS,Vaca,CAR/GUZ,H,383
1999,2024-06-13 00:00:00,2013,CA,SS,Mauta,GYR,H,214
2000,2024-06-13 00:00:00,1123,CA,SS,Mauta,GUZ,H,372
2001,2024-05-28 00:00:00,7052,CA,SS,Novilla,GYR,H,
2002,2024-05-28 00:00:00,0143,CA,SS,Vaca,GYR,H,
2003,2024-05-28 00:00:00,23146,CA,SS,Maute,GYR,M,
2004,2024-05-10 00:00:00,5,SS,CA,yegua,,H,
2005,2024-05-10 00:00:00,ponsigues,SS,CA,caballo,,M,
2006,2024-05-10 00:00:00,machirro,SS,CA,mulo,,M,
2007,2024-05-10 00:00:00,8,SS,CA,caballo,,M,
2008,2024-04-10 00:00:00,8338,SS,CA,Vaca,,H,
2009,2024-04-10 00:00:00,6010,SS,CA,VACA,GYR,H,
2010,2024-04-10 00:00:00,23130,SS,CA,Bec,GUZ/GYR,H,
2011,2024-04-10 00:00:00,23157,SS,CA,Bec,GUZ,M,
2012,2024-04-10 00:00:00,23158,SS,CA,Bec,GYR,H,
2013,2024-04-10 00:00:00,23178,SS,CA,Bec,GYR,H,
2014,2024-04-10 00:00:00,23181,SS,CA,Bec,GYR,M,
2015,2024-04-10 00:00:00,23186,SS,CA,Bec,GYR/CAR,H,
2016,2024-04-10 00:00:00,23196,SS,CA,Bec,GYR,M,
2017,2024-04-10 00:00:00,23197,SS,CA,Bec,GYR,M,
2018,2024-04-10 00:00:00,23198,SS,CA,Bec,GYR,H,
2019,2024-04-10 00:00:00,23206,SS,CA,Bec,GYR,M,
2020,2024-04-10 00:00:00,23207,SS,CA,Bec,GYR,H,
2021,2024-04-10 00:00:00,23208,SS,CA,Bec,GYR,H,
2022,2024-04-10 00:00:00,23214,SS,CA,Bec,GYR,M,
2023,2024-04-10 00:00:00,23217,SS,CA,Bec,,M,
2024,2024-04-10 00:00:00,23235,SS,CA,Bec,GYR,H,
2025,2024-04-10 00:00:00,23251,SS,CA,Bec,CAR,M,
2026,2024-04-10 00:00:00,23179,SS,CA,Bec,GYR,H,
2027,2024-04-10 00:00:00,0114,SS,CA,Vaca,GYR,H,
2028,2024-04-10 00:00:00,0128,SS,CA,Vaca,GUZ/CAR/GYR,H,
2029,2024-04-10 00:00:00,0139,SS,CA,Vaca,BRA,H,
2030,2024-04-10 00:00:00,0246,SS,CA,Vaca,GUZ,H,
2031,2024-04-10 00:00:00,0258,SS,CA,Vaca,GUZ,H,
2032,2024-04-10 00:00:00,0271,SS,CA,Vaca,GYR,H,
2033,2024-04-10 00:00:00,0291,SS,CA,Vaca,GUZ,H,
2034,2024-04-10 00:00:00,0320,SS,CA,Vaca,GYR,H,
2035,2024-04-10 00:00:00,0326,SS,CA,Vaca,GUZ,H,
2036,2024-04-10 00:00:00,0343,SS,CA,Vaca,GYR,H,
2037,2024-04-10 00:00:00,10391,SS,CA,Vaca,CAR/GUZ,H,
2038,2024-04-10 00:00:00,1117,SS,CA,Vaca,GUZ/BRA,H,
2039,2024-04-10 00:00:00,12164,SS,CA,Vaca,GUZ,H,
2040,2024-04-10 00:00:00,1310,SS,CA,Vaca,CAR,H,
2041,2024-04-10 00:00:00,2,SS,CA,Vaca,CAR,H,
2042,2024-04-10 00:00:00,2062,SS,CA,Vaca,F1H/CAR,H,
2043,2024-04-10 00:00:00,2097,SS,CA,Vaca,CAR,H,
2044,2024-04-10 00:00:00,21027,SS,CA,Vaca,CAR,H,
2045,2024-04-10 00:00:00,213,SS,CA,Vaca,CAR,H,
2046,2024-04-10 00:00:00,2337,SS,CA,Vaca,CAR,H,
2047,2024-04-10 00:00:00,3015,SS,CA,Vaca,CAR,H,
2048,2024-04-10 00:00:00,3084,SS,CA,Vaca,CAR,H,
2049,2024-04-10 00:00:00,32,SS,CA,Vaca,GYR/CAR,H,
2050,2024-04-10 00:00:00,3227,SS,CA,Vaca,CAR,H,
2051,2024-04-10 00:00:00,40072,SS,CA,Vaca,CAR,H,
2052,2024-04-10 00:00:00,4023,SS,CA,Vaca,CAR,H,
2053,2024-04-10 00:00:00,4033,SS,CA,Vaca,GYR,H,
2054,2024-04-10 00:00:00,4034,SS,CA,Vaca,BRA,H,
2055,2024-04-10 00:00:00,4048,SS,CA,Vaca,CAR,H,
2056,2024-04-10 00:00:00,4053,SS,CA,Vaca,CAR,H,
2057,2024-04-10 00:00:00,4055,SS,CA,Vaca,GUZ/CAR,H,
2058,2024-04-10 00:00:00,406,SS,CA,Vaca,CAR,H,
2059,2024-04-10 00:00:00,4072,SS,CA,Vaca,CAR,H,
2060,2024-04-10 00:00:00,4076,SS,CA,Vaca,GUZ,H,
2061,2024-04-10 00:00:00,4078,SS,CA,Vaca,CAR,H,
2062,2024-04-10 00:00:00,4100,SS,CA,Vaca,BRA,H,
2063,2024-04-10 00:00:00,4147,SS,CA,Vaca,GUZ/CAR,H,
2064,2024-04-10 00:00:00,5013,SS,CA,Vaca,CAR,H,
2065,2024-04-10 00:00:00,5035,SS,CA,Vaca,GYR,H,
2066,2024-04-10 00:00:00,50741,SS,CA,Vaca,GUZ,H,
2067,2024-04-10 00:00:00,5090,SS,CA,Vaca,CAR,H,
2068,2024-04-10 00:00:00,5144,SS,CA,Vaca,GUZ/CAR,H,
2069,2024-04-10 00:00:00,6008,SS,CA,Vaca,GUZ,H,
2070,2024-04-10 00:00:00,6028,SS,CA,Vaca,GUZ,H,
2071,2024-04-10 00:00:00,6037,SS,CA,Vaca,GYR,H,
2072,2024-04-10 00:00:00,6070,SS,CA,Vaca,CAR/GUZ,H,
2073,2024-04-10 00:00:00,7038,SS,CA,Vaca,CAR,H,
2074,2024-04-10 00:00:00,7052,SS,CA,Novilla,GYR,H,
2075,2024-04-10 00:00:00,7066,SS,CA,Vaca,GYR,H,
2076,2024-04-10 00:00:00,7092,SS,CA,Vaca,GYR,H,
2077,2024-04-10 00:00:00,8003,SS,CA,Vaca,GYR,H,
2078,2024-04-10 00:00:00,8004,SS,CA,Vaca,CAR/GYR,H,
2079,2024-04-10 00:00:00,8005,SS,CA,Vaca,GYR,H,
2080,2024-04-10 00:00:00,8007,SS,CA,Vaca,GYR,H,
2081,2024-04-10 00:00:00,8016,SS,CA,mauta,GYR,H,
2082,2024-04-10 00:00:00,8040,SS,CA,mauta,GYR,H,
2083,2024-04-10 00:00:00,80472,SS,CA,Vaca,GYR,H,
2084,2024-04-10 00:00:00,8067,SS,CA,Vaca,CAR,H,
2085,2024-04-10 00:00:00,8072,SS,CA,Vaca,GYR,H,
2086,2024-04-10 00:00:00,8085,SS,CA,Vaca,GUZ,H,
2087,2024-04-10 00:00:00,8089,SS,CA,Vaca,GYR,H,
2088,2024-04-10 00:00:00,8093,SS,CA,Vaca,GYR/GUZ,H,
2089,2024-04-10 00:00:00,89,SS,CA,Vaca,GYR,H,
2090,2024-04-10 00:00:00,9,SS,CA,Vaca,CAR,H,
2091,2024-04-10 00:00:00,9011,SS,CA,Vaca,GUZ,H,
2092,2024-04-10 00:00:00,9014,SS,CA,Vaca,BRA,H,
2093,2024-04-10 00:00:00,9018B,SS,CA,Vaca,GUZ/CAR,H,
2094,2024-04-10 00:00:00,9023,SS,CA,Vaca,GYR,H,
2095,2024-04-10 00:00:00,9045,SS,CA,Vaca,BRA,H,
2096,2024-04-10 00:00:00,9051,SS,CA,Vaca,CAR,H,
2097,2024-04-10 00:00:00,9100,SS,CA,Vaca,GUZ,H,
2098,2024-04-10 00:00:00,9104,SS,CA,Vaca,GUZ/CAR,H,
2099,2024-04-10 00:00:00,9116B,SS,CA,Vaca,GUZ,H,
2100,2024-04-10 00:00:00,2093A,SS,CA,Vaca,CAR,H,
2101,2024-04-10 00:00:00,2025A,SS,CA,Vaca,CAR/GUZ,H,
2102,2024-04-10 00:00:00,1077A,SS,CA,Vaca,BRA/CAR,H,
2103,2024-04-10 00:00:00,3044A,SS,CA,Vaca,GUZOLANDO,H,
2104,2024-04-10 00:00:00,0215A,SS,CA,Novilla,CAR,H,
2105,2024-04-10 00:00:00,4043,SS,CA,Vaca,CAR,H,
2106,2024-04-10 00:00:00,20337,SS,CA,Vaca,HOL,H,
2107,2024-04-05 00:00:00,0143,SS,CA,Vaca,GYR BL,H,
2108,2024-04-05 00:00:00,0294,SS,CA,Vaca,(en blanco),H,
2109,2024-04-05 00:00:00,1109A,SS,CA,Vaca,HOL,H,
2110,2024-04-05 00:00:00,1128,SS,CA,Vaca,CAR,H,
2111,2024-04-05 00:00:00,2224,SS,CA,Vaca,CAR,H,
2112,2024-04-05 00:00:00,4007,SS,CA,Vaca,GUZ/CAR,H,
2113,2024-04-05 00:00:00,4109,SS,CA,Vaca,CARGUZ,H,
2114,2024-04-05 00:00:00,4143,SS,CA,Vaca,CAR,H,
2115,2024-04-05 00:00:00,5041,SS,CA,Vaca,GYR,H,
2116,2024-04-05 00:00:00,6021,SS,CA,Vaca,GUZ/CAR,H,
2117,2024-04-05 00:00:00,7021,SS,CA,Vaca,GYR,H,
2118,2024-04-05 00:00:00,8019,SS,CA,Vaca,CAR/GUZ,H,
2119,2024-04-05 00:00:00,8066,SS,CA,Vaca,GYR,H,
2120,2024-04-05 00:00:00,80921,SS,CA,Vaca,GYR,H,
2121,2024-04-05 00:00:00,9047,SS,CA,Vaca,BRA,H,
2122,2024-04-05 00:00:00,3028A,SS,CA,Vaca,CAR,H,
2123,2024-03-21 00:00:00,23073,SS,CA,Mauta,,H,
2124,2024-03-21 00:00:00,23099,SS,CA,Maute,GYR,M,
2125,2024-03-21 00:00:00,23074,SS,CA,Mauta,,H,
2126,2024-03-21 00:00:00,23027,SS,CA,Mauta,GYR,H,
2127,2024-03-07 00:00:00,1064,CA,SS,Maute,GYR,M,270
2128,2024-03-07 00:00:00,1067,CA,SS,Maute,GYR,M,245
2129,2024-03-07 00:00:00,1133,CA,SS,Maute,GUZ,M,
2130,2024-03-07 00:00:00,2001B,CA,SS,Maute,HOL,M,
2131,2024-03-07 00:00:00,2022,CA,SS,Maute,HOL,M,240
2132,2024-03-07 00:00:00,2025,CA,SS,Maute,GUZ/CAR,M,274
2133,2024-03-07 00:00:00,2045,CA,SS,Maute,CAR,M,220
2134,2024-03-07 00:00:00,2053,CA,SS,Maute,HOL,M,310
2135,2024-03-07 00:00:00,2058,CA,SS,Maute,GYR,M,
2136,2024-03-07 00:00:00,2091,CA,SS,Maute,GYR,M,
2137,2024-03-07 00:00:00,2092,CA,SS,Maute,HOL,M,281
2138,2024-03-07 00:00:00,2154,CA,SS,Maute,GYR,M,
2139,2024-03-07 00:00:00,2155,CA,SS,Maute,GYR,M,206
2140,2024-03-07 00:00:00,2170,CA,SS,Maute,GYR,M,211
2141,2024-03-07 00:00:00,2005B,CA,SS,Maute,GUZ,M,314
2142,2024-03-07 00:00:00,1097A,CA,SS,Maute,GYR,M,
2143,2024-03-07 00:00:00,1130A,CA,SS,Maute,HOL,M,
2144,2024-03-07 00:00:00,1082A,CA,SS,Maute,CAR,M,
2145,2024-03-07 00:00:00,22168,CA,SS,Maute,(en blanco),M,240
2146,2024-03-07 00:00:00,22181,CA,SS,Maute,(en blanco),M,225
2147,2024-03-07 00:00:00,22194,CA,SS,Maute,HOL,M,215
2148,2024-03-07 00:00:00,23004,CA,SS,Maute,GYR,M,223
2149,2024-03-05 00:00:00,8041,CA,SS,Novilla,GUZ,H,
2150,2024-03-05 00:00:00,91091,CA,SS,Novilla,GUZ,H,
2151,2024-03-05 00:00:00,0246,CA,SS,Mauta,GUZ,H,
2152,2024-03-05 00:00:00,0269,CA,SS,Novilla,GYR,H,
2153,2024-03-05 00:00:00,0321,CA,SS,Novilla,GUZ,H,
2154,2024-03-05 00:00:00,0327,CA,SS,Mauta,GYR,H,
2155,2024-03-05 00:00:00,0353,CA,SS,Mauta,GUZ,H,
2156,2024-03-05 00:00:00,9118,CA,SS,Novilla,GUZ,H,
2157,2024-03-05 00:00:00,1093,CA,SS,Maute,GYR,M,
2158,2024-03-05 00:00:00,0340A,CA,SS,Novilla,GYR,H,
2159,2024-02-24 00:00:00,0347,CA,SS,Mauta,GUZ,H,
2160,2024-01-12 00:00:00,22150,SS,CA,MAUTA,,H,121
2161,2024-01-12 00:00:00,22176,SS,CA,MAUTE,,M,114
2162,2024-01-12 00:00:00,22182,SS,CA,MAUTA,,H,113
2163,2024-01-12 00:00:00,22185,SS,CA,MAUTE,,M,174
2164,2024-01-12 00:00:00,22187,SS,CA,MAUTE,,M,137
2165,2024-01-12 00:00:00,22190,SS,CA,MAUTE,,M,141
2166,2024-01-12 00:00:00,22209,SS,CA,MAUTE,,M,136
2167,2024-01-12 00:00:00,23006,SS,CA,MAUTA,,H,147
2168,2024-01-12 00:00:00,23013,SS,CA,MAUTE,GYR,M,126
2169,2024-01-12 00:00:00,23014,SS,CA,MAUTE,,M,123
2170,2024-01-12 00:00:00,23015,SS,CA,MAUTE,,M,168
2171,2024-01-12 00:00:00,23020,SS,CA,MAUTE,,M,130
2172,2024-01-12 00:00:00,23041,SS,CA,MAUTA,,H,112
2173,2024-01-12 00:00:00,23043,SS,CA,MAUTA,,H,109
2174,2024-01-12 00:00:00,23044,SS,CA,MAUTA,,H,103
2175,2024-01-12 00:00:00,23051,SS,CA,MAUTA,,H,108
2176,2024-01-12 00:00:00,23052,SS,CA,MAUTA,,H,102
2177,2024-01-12 00:00:00,23067,SS,CA,MAUTA,,H,93
2178,2024-01-12 00:00:00,23069,SS,CA,MAUTA,,H,103
2179,2024-01-12 00:00:00,23088,SS,CA,MAUTE,,M,110
2180,2024-01-12 00:00:00,23093,SS,CA,MAUTE,,M,121
2181,2024-01-12 00:00:00,23095,SS,CA,MAUTE,,M,128
2182,2024-01-12 00:00:00,23102,SS,CA,MAUTE,,M,124
2183,2024-01-12 00:00:00,23106,SS,CA,MAUTA,,H,115
2184,2024-01-12 00:00:00,23111,SS,CA,MAUTA,,H,120
2185,2024-01-12 00:00:00,23114,SS,CA,MAUTE,,M,134
2186,2024-01-12 00:00:00,23115,SS,CA,MAUTA,,H,148
2187,2024-01-12 00:00:00,23116,SS,CA,MAUTE,,M,147
2188,2024-01-12 00:00:00,23121,SS,CA,MAUTA,,H,146
2189,2024-01-12 00:00:00,23124,SS,CA,MAUTE,,M,153
2190,2024-01-12 00:00:00,23129,SS,CA,MAUTA,,H,126
2191,2024-01-12 00:00:00,23164,SS,CA,MAUTA,,H,160
2192,2024-01-12 00:00:00,23183,SS,CA,MAUTE,,M,111
2193,2024-01-12 00:00:00,23189,SS,CA,MAUTA,,H,152
2194,2024-01-12 00:00:00,23193,SS,CA,MAUTA,,H,140
2195,2024-01-12 00:00:00,9121,CA,SS,NOVILLA,,H,
2196,2024-01-12 00:00:00,9037,CA,SS,VACA,,H,
2197,2024-01-12 00:00:00,2037,CA,SS,MAUTA,,H,
2198,2024-01-12 00:00:00,1070A,CA,SS,MAUTE,,M,
2199,2024-01-12 00:00:00,2106,CA,SS,MAUTE,,M,
2200,2024-01-12 00:00:00,1018,CA,SS,Maute,GYR,M,
2201,2023-12-15 00:00:00,23007,SS,CA,Maute,HOL/GYR,M,122
2202,2023-12-15 00:00:00,23018,SS,CA,mauta,GYR,H,141
2203,2023-12-15 00:00:00,23030,SS,CA,mauta,GYR,H,119
2204,2023-12-15 00:00:00,23033,SS,CA,mauta,GYROLANDO,H,107
2205,2023-12-15 00:00:00,23054,SS,CA,Maute,GYR,M,121
2206,2023-12-15 00:00:00,23057,SS,CA,mauta,GYR,H,136
2207,2023-12-15 00:00:00,23059,SS,CA,Maute,GYR,M,127
2208,2023-12-15 00:00:00,23060,SS,CA,mauta,GYR,H,105
2209,2023-12-15 00:00:00,23062,SS,CA,mauta,GYR,H,129
2210,2023-12-15 00:00:00,23065,SS,CA,mauta,GYR,H,125
2211,2023-12-15 00:00:00,23071,SS,CA,Maute,GYR,M,103
2212,2023-12-15 00:00:00,23017,SS,CA,mauta,GYR,H,149
2213,2023-12-04 00:00:00,0250,F.V.CA,SS,TORO,GYR,M,
2214,2023-11-18 00:00:00,23040,SS,CA,mauta,GYR,H,149
2215,2023-11-18 00:00:00,23063,SS,CA,Maute,,M,149
2216,2023-11-18 00:00:00,23078,SS,CA,Maute,GYR,M,162
2217,2023-11-18 00:00:00,23002,SS,CA,mauta,GYR,H,
2218,2023-11-18 00:00:00,23080,SS,CA,Maute,GYR,M,
2219,2023-11-18 00:00:00,22186,SS,CA,mauta,,H,
2220,2023-11-18 00:00:00,22192,SS,CA,Maute,,M,135
2221,2023-11-18 00:00:00,22197,SS,CA,mauta,,H,101
2222,2023-11-18 00:00:00,23005,SS,CA,mauta,,H,110
2223,2023-11-18 00:00:00,23008,SS,CA,Maute,,M,136
2224,2023-11-18 00:00:00,23010,SS,CA,Maute,,M,136
2225,2023-11-18 00:00:00,23021,SS,CA,mauta,,H,135
2226,2023-11-18 00:00:00,23022,SS,CA,mauta,,H,
2227,2023-11-18 00:00:00,23023,SS,CA,mauta,,H,91
2228,2023-11-18 00:00:00,23026,SS,CA,Maute,HOL,M,132
2229,2023-11-18 00:00:00,23034,SS,CA,mauta,GYR,H,122
2230,2023-11-18 00:00:00,23035,SS,CA,Maute,GYR,M,127
2231,2023-11-18 00:00:00,23037,SS,CA,mauta,,H,135
2232,2023-11-18 00:00:00,23038,SS,CA,mauta,GYR/CAR,H,105
2233,2023-11-18 00:00:00,23039,SS,CA,mauta,GYR,H,
2234,2023-11-18 00:00:00,23048,SS,CA,mauta,GYR,H,125
2235,2023-11-18 00:00:00,23049,SS,CA,mauta,GYR,H,141
2236,2023-11-18 00:00:00,23050,SS,CA,mauta,GYR,H,131
2237,2023-11-18 00:00:00,23053,SS,CA,Maute,GYR,M,160
2238,2023-11-18 00:00:00,23072,SS,CA,Maute,GYR,M,158
2239,2023-10-26 00:00:00,2099,SS,CA,Maute,GYR,M,
2240,2023-10-26 00:00:00,2159,SS,CA,Maute,GYR/GUZ,M,
2241,2023-10-26 00:00:00,2202,SS,CA,mauta,GYR,H,
2242,2023-10-26 00:00:00,22114,SS,CA,Maute,GYR,M,
2243,2023-09-20 00:00:00,0211,SS,CA,mauta,CAR/GUZ,H,371
2244,2023-09-20 00:00:00,0224,SS,CA,mauta,CAR/GYR,H,367
2245,2023-09-20 00:00:00,0225,SS,CA,Novilla,GUZ,H,382
2246,2023-09-20 00:00:00,02331,SS,CA,Novilla,CAR,H,379
2247,2023-09-20 00:00:00,0246,SS,CA,mauta,GUZ,H,371
2248,2023-09-20 00:00:00,0263,SS,CA,Novilla,CAR,H,367
2249,2023-09-20 00:00:00,0269,SS,CA,mauta,GYR,H,379
2250,2023-09-20 00:00:00,0321,SS,CA,mauta,GUZ,H,375
2251,2023-09-20 00:00:00,0340A,SS,CA,mauta,GYR,H,349
2252,2023-09-20 00:00:00,0349,SS,CA,mauta,GUZ,H,373
2253,2023-09-20 00:00:00,0352,SS,CA,mauta,GUZ,H,375
2254,2023-09-20 00:00:00,0353,SS,CA,mauta,GUZ,H,422
2255,2023-09-20 00:00:00,1123,SS,CA,mauta,GUZ,H,361
2256,2023-09-20 00:00:00,2039,SS,CA,Novilla,HOL,H,379
2257,2023-09-20 00:00:00,5027,SS,CA,Novilla,GYR,H,493
2258,2023-09-20 00:00:00,5043,SS,CA,Novilla,GYR,H,463
2259,2023-09-20 00:00:00,5111,SS,CA,Novilla,CAR/GYR,H,360
2260,2023-09-20 00:00:00,8020,SS,CA,Novilla,GYR,H,399
2261,2023-09-20 00:00:00,8039,SS,CA,Novilla,CAR/GUZ,H,
2262,2023-09-20 00:00:00,8041,SS,CA,Novilla,GUZ,H,507
2263,2023-09-20 00:00:00,8057,SS,CA,Novilla,GYR,H,459
2264,2023-09-20 00:00:00,8078,SS,CA,Novilla,GYR,H,313
2265,2023-09-20 00:00:00,9024,SS,CA,Novilla,CAR/GUZ,H,421
2266,2023-09-20 00:00:00,9035,SS,CA,Novilla,GUZ,H,455
2267,2023-09-20 00:00:00,9061,SS,CA,Novilla,GYR,H,367
2268,2023-09-20 00:00:00,9082,SS,CA,Novilla,CAR/GYR,H,350
2269,2023-09-20 00:00:00,9106,SS,CA,Novilla,GYR,H,327
2270,2023-09-20 00:00:00,91091,SS,CA,Novilla,GUZ,H,
2271,2023-09-20 00:00:00,9109B,SS,CA,mauta,CAR,H,380
2272,2023-09-20 00:00:00,9118,SS,CA,Novilla,GUZ,H,350
2273,2023-09-20 00:00:00,9121,SS,CA,Novilla,CAR/GYR,H,382
2274,2023-09-20 00:00:00,9128A,SS,CA,mauta,CAR/GYR,H,339
2275,2023-09-20 00:00:00,9136,SS,CA,Novilla,GYR,H,348
2276,2023-09-20 00:00:00,9037,SS,CA,Vaca,GYR,H,
2277,2023-09-13 00:00:00,22116,SS,CA,mauta,,H,128
2278,2023-09-13 00:00:00,22119,SS,CA,mauta,,H,106
2279,2023-09-13 00:00:00,22120,SS,CA,Maute,,M,144
2280,2023-09-13 00:00:00,22121,SS,CA,mauta,,H,99
2281,2023-09-13 00:00:00,22125,SS,CA,Maute,,M,114
2282,2023-09-13 00:00:00,22115,SS,CA,Maute,,M,150
2283,2023-09-13 00:00:00,22157,SS,CA,Maute,,M,122
2284,2023-09-13 00:00:00,22122,SS,CA,Maute,GYR,M,125
2285,2023-09-13 00:00:00,22166,SS,CA,Maute,,M,129
2286,2023-09-13 00:00:00,22175,SS,CA,Maute,,M,131
2287,2023-09-13 00:00:00,22178,SS,CA,Maute,GYR,M,159
2288,2023-09-13 00:00:00,22180,SS,CA,mauta,,H,171
2289,2023-09-13 00:00:00,22181,SS,CA,Maute,,M,160
2290,2023-09-13 00:00:00,22184,SS,CA,Maute,,M,135
2291,2023-09-13 00:00:00,22188,SS,CA,Maute,,M,143
2292,2023-09-13 00:00:00,22191,SS,CA,mauta,,H,124
2293,2023-09-13 00:00:00,22194,SS,CA,Maute,HOL,M,183
2294,2023-09-13 00:00:00,22196,SS,CA,Maute,,M,112
2295,2023-09-13 00:00:00,22199,SS,CA,Maute,,M,136
2296,2023-09-13 00:00:00,22198,SS,CA,mauta,,H,102
2297,2023-09-13 00:00:00,22207,SS,CA,Maute,,M,126
2298,2023-09-13 00:00:00,22206,SS,CA,Maute,,M,77
2299,2023-09-13 00:00:00,22205,SS,CA,Maute,GYR,M,158
2300,2023-09-13 00:00:00,23001,SS,CA,mauta,,H,155
2301,2023-09-13 00:00:00,23004,SS,CA,Maute,GYR,M,208
2302,2023-09-13 00:00:00,23011,SS,CA,Maute,,M,102
2303,2023-09-13 00:00:00,23016,SS,CA,mauta,,H,126
2304,2023-09-13 00:00:00,23019,SS,CA,Maute,GYR,M,165
2305,2023-09-13 00:00:00,23024,SS,CA,mauta,GYR,H,128
2306,2023-09-13 00:00:00,23036,SS,CA,mauta,,H,123
2307,2023-09-13 00:00:00,23045,SS,CA,mauta,,H,116
2308,2023-09-13 00:00:00,23047,SS,CA,Maute,GYR,M,125
2309,2023-09-13 00:00:00,23058,SS,CA,Maute,GYR,M,123
2310,2023-09-13 00:00:00,22139,SS,CA,mauta,,H,138
2311,2023-09-13 00:00:00,22216,SS,CA,mauta,,H,129
2312,2023-09-01 00:00:00,22049,CA,SS,Mauta,CAR,H,
2313,2023-08-15 00:00:00,BU45,CA,SS,BUCERRO C.A.,BUFALOS,M,
2314,2023-08-15 00:00:00,BU46,CA,SS,BUCERRO C.A.,BUFALOS,M,
2315,2023-08-15 00:00:00,BU20,CA,SS,BUCERRO C.A.,BUFALOS,M,
2316,2023-08-12 00:00:00,BU49,CA,SS,BUCERRO C.A.,BUFALOS,M,
2317,2023-08-12 00:00:00,BU48,CA,SS,BUCERRO C.A.,BUFALOS,M,
2318,2023-07-27 00:00:00,BU36,SS,CA,BUCERRO C.A.,BUFALOS,M,
2319,2023-07-17 00:00:00,0018,CA,SS,Vaca,guzelando,H,396
2320,2023-07-17 00:00:00,0108,CA,SS,Mauta,GYR,H,238
2321,2023-07-17 00:00:00,0128,CA,SS,Vaca,GZ/CAR/GYR,H,358
2322,2023-07-17 00:00:00,0202,CA,SS,Mauta,GYR,H,286
2323,2023-07-17 00:00:00,0231A,CA,SS,Mauta,CAR/GUZ,H,334
2324,2023-07-17 00:00:00,0270,CA,SS,Mauta,GYR,H,296
2325,2023-07-17 00:00:00,0271,CA,SS,Mauta,GYR,H,296
2326,2023-07-17 00:00:00,0294,CA,SS,Mauta,FI,H,278
2327,2023-07-17 00:00:00,0297,CA,SS,Mauta,GYR,H,260
2328,2023-07-17 00:00:00,0299A,CA,SS,Novilla,GUZ,H,416
2329,2023-07-17 00:00:00,0299C,CA,SS,Novilla,GYR,H,265
2330,2023-07-17 00:00:00,0330A,CA,SS,Mauta,GUZ/GYR,H,256
2331,2023-07-17 00:00:00,0336,CA,SS,Mauta,GYR,H,292
2332,2023-07-17 00:00:00,0342,CA,SS,Mauta,GUZ,H,259
2333,2023-07-17 00:00:00,0344,CA,SS,Mauta,GYR,H,265
2334,2023-07-17 00:00:00,0350,CA,SS,Mauta,GUZ/GYR,H,249
2335,2023-07-17 00:00:00,0354,CA,SS,Mauta,GUZ,H,285
2336,2023-07-17 00:00:00,0355,CA,SS,Mauta,GYR,H,255
2337,2023-07-17 00:00:00,1005,CA,SS,Mauta,GYR,H,276
2338,2023-07-17 00:00:00,1023,CA,SS,Mauta,GYR,H,242
2339,2023-07-17 00:00:00,2702,CA,SS,Mauta,GUZ,H,273
2340,2023-07-17 00:00:00,30,CA,SS,Mauta,GUZ,H,264
2341,2023-07-17 00:00:00,3100,CA,SS,Vaca,CAR,H,363
2342,2023-07-17 00:00:00,4023,CA,SS,Vaca,CAR,H,411
2343,2023-07-17 00:00:00,4075,CA,SS,Vaca,CAR,H,358
2344,2023-07-17 00:00:00,4078,CA,SS,Vaca,CAR,H,347
2345,2023-07-17 00:00:00,5010,CA,SS,Vaca,GYR/GUZ,H,291
2346,2023-07-17 00:00:00,6017,CA,SS,Mauta,GYR,H,305
2347,2023-07-17 00:00:00,8073,CA,SS,Mauta,CAR/GUZ,H,239
2348,2023-07-17 00:00:00,9022,CA,SS,Mauta,GYR,H,257
2349,2023-07-17 00:00:00,9036,CA,SS,Mauta,CAR,H,281
2350,2023-07-17 00:00:00,9122,CA,SS,Mauta,GUZ,H,249
2351,2023-07-17 00:00:00,1104A,CA,SS,Mauta,GY,H,252
2352,2023-07-13 00:00:00,0205,CA,SS,Mauta,GYR,H,270
2353,2023-07-13 00:00:00,0224,CA,SS,Mauta,CAR/GYR,H,326
2354,2023-07-13 00:00:00,0320,CA,SS,Mauta,GYR,H,296
2355,2023-07-13 00:00:00,0333,CA,SS,Mauta,GYR,H,331
2356,2023-07-13 00:00:00,1132,CA,SS,Mauta,GYR,H,268
2357,2023-07-13 00:00:00,2,CA,SS,Vaca,CAR,H,469
2358,2023-07-13 00:00:00,2023,CA,SS,Mauta,HOLR,H,219
2359,2023-07-13 00:00:00,6003,CA,SS,Vaca,GYR,H,390
2360,2023-07-13 00:00:00,6025,CA,SS,Vaca,CAR,H,373
2361,2023-07-13 00:00:00,7004,CA,SS,Novilla,GYR,H,
2362,2023-07-13 00:00:00,7092,CA,SS,Vaca,GYR,H,357
2363,2023-07-13 00:00:00,8067,CA,SS,Vaca,CAR,H,380
2364,2023-07-13 00:00:00,9032,CA,SS,Mauta,GYR,H,
2365,2023-07-13 00:00:00,9109B,CA,SS,Mauta,CAR,H,336
2366,2023-07-13 00:00:00,9128A,CA,SS,Mauta,CAR/GYR,H,301
2367,2023-07-12 00:00:00,0101,CA,SS,Mauta,GYR/CAR,H,299
2368,2023-07-12 00:00:00,0102,CA,SS,Mauta,GUZ,H,305
2369,2023-07-12 00:00:00,0211,CA,SS,Mauta,CAR/GUZ,H,389
2370,2023-07-12 00:00:00,0246,CA,SS,Mauta,GUZ,H,337
2371,2023-07-12 00:00:00,0258,CA,SS,Mauta,GUZ,H,299
2372,2023-07-12 00:00:00,0269,CA,SS,Mauta,GYR,H,323
2373,2023-07-12 00:00:00,0284,CA,SS,Mauta,GYR/GUZ,H,320
2374,2023-07-12 00:00:00,0323,CA,SS,Mauta,GYR,H,327
2375,2023-07-12 00:00:00,0343,CA,SS,Mauta,GYR,H,270
2376,2023-07-12 00:00:00,32,CA,SS,Mauta,GYR/CAR,H,351
2377,2023-07-12 00:00:00,33,CA,SS,Mauta,GUZ/CAR,H,285
2378,2023-07-12 00:00:00,34,CA,SS,Mauta,GYR,H,340
2379,2023-07-12 00:00:00,35,CA,SS,Mauta,GUZ/CAR,H,308
2380,2023-07-12 00:00:00,9192,CA,SS,Mauta,HOL,H,349
2381,2023-07-12 00:00:00,9137,CA,SS,Mauta,GYR,H,295
2382,2023-07-12 00:00:00,8040,CA,SS,Mauta,GYR,H,307
2383,2023-07-10 00:00:00,0107,CA,SS,Mauta,GYR,H,311
2384,2023-07-10 00:00:00,0111,CA,SS,Mauta,GYR,H,336
2385,2023-07-10 00:00:00,0220,CA,SS,Mauta,CAR,H,380
2386,2023-07-10 00:00:00,0267,CA,SS,Mauta,GYR,H,344
2387,2023-07-10 00:00:00,0278,CA,SS,Mauta,GYR,H,338
2388,2023-07-10 00:00:00,0291,CA,SS,Mauta,GUZ,H,308
2389,2023-07-10 00:00:00,0298,CA,SS,Mauta,,H,304
2390,2023-07-10 00:00:00,0321,CA,SS,Mauta,GUZ,H,344
2391,2023-07-10 00:00:00,0326,CA,SS,Mauta,GUZ,H,323
2392,2023-07-10 00:00:00,0329,CA,SS,Mauta,GYR,H,362
2393,2023-07-10 00:00:00,0352,CA,SS,Mauta,GUZ,H,331
2394,2023-07-10 00:00:00,0353,CA,SS,Mauta,GUZ,H,381
2395,2023-07-10 00:00:00,1004,CA,SS,Mauta,GYR,H,324
2396,2023-07-10 00:00:00,1123,CA,SS,Mauta,GUZ,H,341
2397,2023-07-10 00:00:00,2063B,CA,SS,Mauta,HOL,H,189
2398,2023-07-10 00:00:00,9042,CA,SS,Mauta,GYR,H,275
2399,2023-06-30 00:00:00,1044,SS,LA,Maute,GYR,M,240
2400,2023-06-30 00:00:00,1056,SS,LA,Maute,GY,M,244
2401,2023-06-30 00:00:00,1076,SS,LA,Maute,GY,M,234
2402,2023-06-30 00:00:00,1077,SS,LA,Maute,HOL,M,236
2403,2023-06-30 00:00:00,1078,SS,LA,Maute,GUZ/GYR,M,276
2404,2023-06-30 00:00:00,1085,SS,LA,Maute,HOL,M,227
2405,2023-06-30 00:00:00,1107,SS,LA,Maute,GY,M,249
2406,2023-06-30 00:00:00,1112,SS,LA,Maute,HOL,M,231
2407,2023-06-30 00:00:00,2004,SS,LA,Maute,N,M,199
2408,2023-06-30 00:00:00,2029,SS,LA,Maute,HOL,M,207
2409,2023-06-30 00:00:00,2032,SS,LA,Maute,HOL,M,252
2410,2023-06-30 00:00:00,2054,SS,LA,Maute,GYR,M,216
2411,2023-06-30 00:00:00,2056,SS,LA,Maute,GYR,M,210
2412,2023-06-30 00:00:00,2090,SS,LA,Maute,HOL,M,226
2413,2023-06-30 00:00:00,2005A,SS,LA,Maute,GYR,M,228
2414,2023-06-30 00:00:00,1027A,SS,LA,Maute,GYR,M,261
2415,2023-06-30 00:00:00,1080A,SS,LA,retajo,GUZ,M,354
2416,2023-06-30 00:00:00,1092A,SS,LA,Maute,GUZ,M,229
2417,2023-06-30 00:00:00,1095B,SS,LA,Maute,GY,M,247
2418,2023-06-30 00:00:00,1101A,SS,LA,Maute,GY,M,193
2419,2023-06-30 00:00:00,2039A,SS,LA,Maute,HOL,M,233
2420,2023-06-30 00:00:00,1096A,SS,LA,Maute,GYR,M,231
2421,2023-06-30 00:00:00,1055A,SS,LA,Maute,GUZ,M,238
2422,2023-06-29 00:00:00,0299C,SS,CA,Mauta,GYR,H,282
2423,2023-06-29 00:00:00,22049,SS,CA,Mauta,CAR,H,138
2424,2023-06-29 00:00:00,22085,SS,CA,Mauta,GYR/CAR/GUZ,H,125
2425,2023-06-29 00:00:00,22098,SS,CA,Mauta,GYR/HOL,H,120
2426,2023-06-29 00:00:00,22105,SS,CA,Mauta,GYR,H,120
2427,2023-06-29 00:00:00,22112,SS,CA,Mauta,N,H,157
2428,2023-06-29 00:00:00,22117,SS,CA,Mauta,N,H,116
2429,2023-06-29 00:00:00,22118,SS,CA,Maute,N,M,132
2430,2023-06-29 00:00:00,22131,SS,CA,Mauta,GYR,H,145
2431,2023-06-29 00:00:00,22142,SS,CA,Mauta,N,H,111
2432,2023-06-29 00:00:00,22144,SS,CA,Mauta,N,H,111
2433,2023-06-29 00:00:00,22151,SS,CA,Mauta,GYR,H,122
2434,2023-06-29 00:00:00,22158,SS,CA,Maute,N,M,132
2435,2023-06-29 00:00:00,22160,SS,CA,Mauta,N,H,134
2436,2023-06-29 00:00:00,22161,SS,CA,Mauta,N,H,124
2437,2023-06-29 00:00:00,2177,SS,CA,Mauta,GYR,H,117
2438,2023-06-29 00:00:00,2218,SS,CA,Mauta,GYR,H,115
2439,2023-06-29 00:00:00,2143A,SS,CA,Mauta,GYR,H,100
2440,2023-06-29 00:00:00,22169A,SS,CA,Mauta,(en blanco),H,103
2441,2023-06-29 00:00:00,2096A,SS,CA,Mauta,GYR,H,107
2442,2023-06-29 00:00:00,22168,SS,CA,Maute,(en blanco),M,147
2443,2023-06-29 00:00:00,22221,SS,CA,Mauta,(en blanco),H,95
2444,2023-06-29 00:00:00,22171,SS,CA,Mauta,(en blanco),H,148
2445,2023-06-29 00:00:00,1044,CA,SS,Maute,GYR,M,240
2446,2023-06-29 00:00:00,1056,CA,SS,Maute,GY,M,244
2447,2023-06-29 00:00:00,1076,CA,SS,Maute,GY,M,234
2448,2023-06-29 00:00:00,1077,CA,SS,Maute,HOL,M,236
2449,2023-06-29 00:00:00,1078,CA,SS,Maute,GUZ/GYR,M,276
2450,2023-06-29 00:00:00,1085,CA,SS,Maute,HOL,M,227
2451,2023-06-29 00:00:00,1107,CA,SS,Maute,GY,M,249
2452,2023-06-29 00:00:00,1112,CA,SS,Maute,HOL,M,231
2453,2023-06-29 00:00:00,2004,CA,SS,Maute,N,M,199
2454,2023-06-29 00:00:00,2029,CA,SS,Maute,HOL,M,207
2455,2023-06-29 00:00:00,2032,CA,SS,Maute,HOL,M,252
2456,2023-06-29 00:00:00,2054,CA,SS,Maute,GYR,M,216
2457,2023-06-29 00:00:00,2056,CA,SS,Maute,GYR,M,210
2458,2023-06-29 00:00:00,2090,CA,SS,Maute,HOL,M,226
2459,2023-06-29 00:00:00,2005A,CA,SS,Maute,GYR,M,228
2460,2023-06-29 00:00:00,1027A,CA,SS,Maute,GYR,M,261
2461,2023-06-29 00:00:00,1033,CA,SS,Maute,HOL,M,
2462,2023-06-29 00:00:00,1092A,CA,SS,Maute,GUZ,M,229
2463,2023-06-29 00:00:00,1095B,CA,SS,Maute,GY,M,247
2464,2023-06-29 00:00:00,1101A,CA,SS,Maute,GY,M,193
2465,2023-06-29 00:00:00,2039A,CA,SS,Maute,HOL,M,233
2466,2023-06-29 00:00:00,1096A,CA,SS,Maute,GYR,M,231
2467,2023-06-29 00:00:00,1055A,CA,SS,Maute,GUZ,M,238
2468,2023-06-27 00:00:00,BU13,SS,CA,BUCERRO C.A.,BUFALOS,M,
2469,2023-06-27 00:00:00,BU14,SS,CA,BUCERRO C.A.,BUFALOS,M,
2470,2023-06-27 00:00:00,BU15,SS,CA,BUCERRO C.A.,BUFALOS,M,
2471,2023-06-27 00:00:00,BU16,SS,CA,BUCERRO C.A.,BUFALOS,M,
2472,2023-06-27 00:00:00,BU17,SS,CA,BUCERRO C.A.,BUFALOS,M,
2473,2023-06-27 00:00:00,BU18,SS,CA,BUCERRO C.A.,BUFALOS,M,
2474,2023-06-27 00:00:00,BU19,SS,CA,BUCERRO C.A.,BUFALOS,M,
2475,2023-06-27 00:00:00,BU20,SS,CA,BUCERRO C.A.,BUFALOS,M,
2476,2023-06-27 00:00:00,BU21,SS,CA,BUCERRO C.A.,BUFALOS,M,
2477,2023-06-27 00:00:00,BU22,SS,CA,BUCERRO C.A.,BUFALOS,M,
2478,2023-06-27 00:00:00,BU23,SS,CA,BUCERRO C.A.,BUFALOS,M,
2479,2023-06-27 00:00:00,BU24,SS,CA,BUCERRO C.A.,BUFALOS,M,
2480,2023-06-27 00:00:00,BU25,SS,CA,BUCERRO C.A.,BUFALOS,M,
2481,2023-06-27 00:00:00,BU26,SS,CA,BUCERRO C.A.,BUFALOS,M,
2482,2023-06-27 00:00:00,BU27,SS,CA,BUCERRO C.A.,BUFALOS,M,
2483,2023-06-27 00:00:00,BU28,SS,CA,BUCERRO C.A.,BUFALOS,M,
2484,2023-06-27 00:00:00,BU29,SS,CA,BUCERRO C.A.,BUFALOS,M,
2485,2023-06-27 00:00:00,BU30,SS,CA,BUCERRO C.A.,BUFALOS,M,
2486,2023-06-27 00:00:00,BU31,SS,CA,BUCERRO C.A.,BUFALOS,M,
2487,2023-06-27 00:00:00,BU32,SS,CA,BUCERRO C.A.,BUFALOS,M,
2488,2023-06-27 00:00:00,BU33,SS,CA,BUCERRO C.A.,BUFALOS,M,
2489,2023-06-27 00:00:00,BU34,SS,CA,BUCERRO C.A.,BUFALOS,M,
2490,2023-06-27 00:00:00,BU35,SS,CA,BUCERRO C.A.,BUFALOS,M,
2491,2023-05-05 00:00:00,2141,SS,CA,Mauta,GYR/CAR,H,145
2492,2023-05-05 00:00:00,21391,SS,CA,Mauta,GYR,H,135
2493,2023-05-05 00:00:00,2053,SS,CA,Maute,HOL,M,151
2494,2023-05-05 00:00:00,2140,SS,CA,Mauta,GYR,H,100
2495,2023-05-05 00:00:00,2174,SS,CA,Bec,N,H,160
2496,2023-05-05 00:00:00,2145,SS,CA,Mauta,N,H,140
2497,2023-05-05 00:00:00,2137,SS,CA,Mauta,GYR/HOL,H,110
2498,2023-05-05 00:00:00,2154,SS,CA,Maute,GYR,M,120
2499,2023-05-05 00:00:00,2155,SS,CA,Bec,GYR,M,124
2500,2023-05-05 00:00:00,2022,SS,CA,Maute,HOL,M,136
2501,2023-05-05 00:00:00,2162,SS,CA,Mauta,GYR,H,103
2502,2023-05-05 00:00:00,2095,SS,CA,Mauta,GYR,H,139
2503,2023-05-05 00:00:00,2215,SS,CA,Mauta,GYR,H,152
2504,2023-05-05 00:00:00,2107,SS,CA,Mauta,GYR,H,151
2505,2023-05-05 00:00:00,2101,SS,CA,Maute,GYR,M,111
2506,2023-05-05 00:00:00,2102,SS,CA,Mauta,GYR,H,143
2507,2023-05-05 00:00:00,20971,SS,CA,Mauta,GYR,H,117
2508,2023-05-05 00:00:00,2170,SS,CA,Maute,GYR,M,110
2509,2023-05-05 00:00:00,2011,SS,CA,Mauta,GYR,H,143
2510,2023-05-05 00:00:00,2013,SS,CA,Mauta,GYR,H,162
2511,2023-05-05 00:00:00,2167,SS,CA,Maute,GYR,M,104
2512,2023-05-05 00:00:00,0018,SS,CA,Vaca,guzelando,H,
2513,2023-05-05 00:00:00,0128,SS,CA,Vaca,GZ/CAR/GYR,H,
2514,2023-05-05 00:00:00,0271,SS,CA,Mauta,GYR,H,
2515,2023-05-05 00:00:00,0299A,SS,CA,Maute,N,M,
2516,2023-05-05 00:00:00,2,SS,CA,Vaca,CAR,H,
2517,2023-05-05 00:00:00,3100,SS,CA,Vaca,CAR,H,
2518,2023-05-05 00:00:00,31,SS,CA,Mauta,BRA,H,
2519,2023-05-05 00:00:00,4023,SS,CA,Vaca,CAR,H,
2520,2023-05-05 00:00:00,4075,SS,CA,Vaca,CAR,H,
2521,2023-05-05 00:00:00,4078,SS,CA,Vaca,CAR,H,
2522,2023-05-05 00:00:00,5010,SS,CA,Vaca,GYR/GUZ,H,
2523,2023-05-05 00:00:00,6003,SS,CA,Vaca,GYR,H,
2524,2023-05-05 00:00:00,6025,SS,CA,Vaca,CAR,H,
2525,2023-05-05 00:00:00,7092,SS,CA,Vaca,GYR,H,
2526,2023-05-05 00:00:00,8067,SS,CA,Vaca,CAR,H,
2527,2023-04-25 00:00:00,9110,SS,LA,TORO,CAR,M,442
2528,2023-04-24 00:00:00,0109,SS,LA,Maute,GYR,M,
2529,2023-04-24 00:00:00,0346,SS,LA,Maute,GYR,M,
2530,2023-04-24 00:00:00,0358,SS,LA,Maute,GUZ,M,
2531,2023-04-24 00:00:00,1031,SS,LA,Maute,GYR,M,
2532,2023-04-24 00:00:00,1036,SS,LA,Maute,GY,M,
2533,2023-04-24 00:00:00,1039,SS,LA,Maute,GYR,M,
2534,2023-04-24 00:00:00,1046,SS,LA,Maute,GY,M,
2535,2023-04-24 00:00:00,1048,SS,LA,Maute,GUZ,M,
2536,2023-04-24 00:00:00,1080,SS,LA,Maute,GUZ,M,
2537,2023-04-24 00:00:00,1105,SS,LA,Maute,HOL,M,
2538,2023-04-24 00:00:00,1106,SS,LA,Maute,GY,M,
2539,2023-04-24 00:00:00,2027,SS,LA,Maute,HOL,M,
2540,2023-04-24 00:00:00,2035,SS,LA,Maute,GY,M,
2541,2023-04-24 00:00:00,2041,SS,LA,Maute,HOL,M,
2542,2023-04-24 00:00:00,2060,SS,LA,Maute,HOL,M,
2543,2023-04-24 00:00:00,2065,SS,LA,Maute,HOL,M,
2544,2023-04-24 00:00:00,2204,SS,LA,Maute,GYR,M,
2545,2023-04-22 00:00:00,0109,CA,SS,Maute,GYR,M,
2546,2023-04-22 00:00:00,0346,CA,SS,Maute,GYR,M,
2547,2023-04-22 00:00:00,0358,CA,SS,Maute,GUZ,M,
2548,2023-04-22 00:00:00,1031,CA,SS,Maute,GYR,M,
2549,2023-04-22 00:00:00,1036,CA,SS,Maute,GY,M,
2550,2023-04-22 00:00:00,1039,CA,SS,Maute,GYR,M,
2551,2023-04-22 00:00:00,1046,CA,SS,Maute,GY,M,
2552,2023-04-22 00:00:00,1048,CA,SS,Maute,GUZ,M,
2553,2023-04-22 00:00:00,1080,CA,SS,Maute,GUZ,M,
2554,2023-04-22 00:00:00,1105,CA,SS,Maute,HOL,M,
2555,2023-04-22 00:00:00,1106,CA,SS,Maute,GY,M,
2556,2023-04-22 00:00:00,2027,CA,SS,Maute,HOL,M,
2557,2023-04-22 00:00:00,2035,CA,SS,Maute,GY,M,
2558,2023-04-22 00:00:00,2041,CA,SS,Maute,HOL,M,
2559,2023-04-22 00:00:00,2060,CA,SS,Maute,HOL,M,
2560,2023-04-22 00:00:00,2065,CA,SS,Maute,HOL,M,
2561,2023-04-22 00:00:00,2204,CA,SS,Maute,GYR,M,
2562,2023-04-05 00:00:00,9110,CA,SS,TORO,CAR,M,440
2563,2023-04-04 00:00:00,32,SS,CA,Mauta,GYR/CAR,H,
2564,2023-04-04 00:00:00,33,SS,CA,Mauta,GUZ/CAR,H,
2565,2023-04-04 00:00:00,34,SS,CA,Mauta,GYR,H,
2566,2023-04-04 00:00:00,35,SS,CA,Mauta,GUZ/CAR,H,
2567,2023-04-04 00:00:00,6017,SS,CA,Mauta,GYR,H,
2568,2023-04-04 00:00:00,7004,SS,CA,Mauta,GYR,H,
2569,2023-04-04 00:00:00,8040,SS,CA,Mauta,GYR,H,
2570,2023-04-04 00:00:00,8073,SS,CA,Mauta,CAR/GUZ,H,
2571,2023-04-04 00:00:00,9022,SS,CA,Mauta,GYR,H,
2572,2023-04-04 00:00:00,9036,SS,CA,Mauta,CAR,H,
2573,2023-04-04 00:00:00,9042,SS,CA,Mauta,FI,H,
2574,2023-04-04 00:00:00,9109B,SS,CA,Mauta,CAR,H,
2575,2023-04-04 00:00:00,9192,SS,CA,Mauta,HOL,H,
2576,2023-04-04 00:00:00,9128A,SS,CA,Mauta,CAR/GYR,H,
2577,2023-04-04 00:00:00,9137,SS,CA,Mauta,GYR,H,
2578,2023-04-04 00:00:00,0101,SS,CA,Mauta,GYR/CAR,H,
2579,2023-04-04 00:00:00,0107,SS,CA,Mauta,GYR,H,
2580,2023-04-04 00:00:00,0111,SS,CA,Mauta,GYR,H,
2581,2023-04-04 00:00:00,0220,SS,CA,Mauta,CAR,H,
2582,2023-04-04 00:00:00,0224,SS,CA,Mauta,CAR/GYR,H,
2583,2023-04-04 00:00:00,0267,SS,CA,Mauta,GYR,H,
2584,2023-04-04 00:00:00,0269,SS,CA,Mauta,GYR,H,
2585,2023-04-04 00:00:00,0270,SS,CA,Mauta,GYR,H,
2586,2023-04-04 00:00:00,0274,SS,CA,Mauta,GYR,H,
2587,2023-04-04 00:00:00,0320,SS,CA,Mauta,GYR,H,
2588,2023-04-04 00:00:00,0321,SS,CA,Mauta,GUZ,H,
2589,2023-04-04 00:00:00,0326,SS,CA,Mauta,GUZ,H,
2590,2023-04-04 00:00:00,0327,SS,CA,Mauta,GYR,H,
2591,2023-04-04 00:00:00,0329,SS,CA,Mauta,GYR,H,
2592,2023-04-04 00:00:00,0330A,SS,CA,Mauta,GUZ/GYR,H,
2593,2023-04-04 00:00:00,0333,SS,CA,Mauta,GYR,H,
2594,2023-04-04 00:00:00,0343,SS,CA,Mauta,GYR,H,
2595,2023-04-04 00:00:00,0353,SS,CA,Mauta,GUZ,H,
2596,2023-04-04 00:00:00,0354,SS,CA,Mauta,GUZ,H,
2597,2023-04-04 00:00:00,1004,SS,CA,Mauta,GYR,H,
2598,2023-04-04 00:00:00,1005,SS,CA,Mauta,GYR,H,
2599,2023-04-04 00:00:00,1015A,SS,CA,Mauta,GYR/CAR,H,
2600,2023-04-04 00:00:00,1043A,SS,CA,Mauta,GYR,H,
2601,2023-04-04 00:00:00,1053A,SS,CA,Mauta,CAR,H,
2602,2023-04-04 00:00:00,1123,SS,CA,Mauta,GUZ,H,
2603,2023-04-04 00:00:00,2094,SS,CA,Maute,CAR,M,
2604,2023-04-04 00:00:00,22100,SS,CA,Maute,GYR,M,
2605,2023-04-04 00:00:00,2702,SS,CA,Mauta,GUZ,H,
2606,2023-04-03 00:00:00,0344,SS,CA,Mauta,GYR,H,
2607,2023-04-03 00:00:00,0347,SS,CA,Mauta,GUZ,H,
2608,2023-04-03 00:00:00,0350,SS,CA,Mauta,GUZ/GYR,H,
2609,2023-04-03 00:00:00,0355,SS,CA,Mauta,GYR,H,
2610,2023-04-03 00:00:00,1023,SS,CA,Mauta,GYR,H,
2611,2023-04-03 00:00:00,1028,SS,CA,Mauta,GYR,H,
2612,2023-04-03 00:00:00,1032,SS,CA,Mauta,GYR,H,
2613,2023-04-03 00:00:00,1045,SS,CA,Mauta,GYR,H,
2614,2023-04-03 00:00:00,1051,SS,CA,Mauta,GYR,H,
2615,2023-04-03 00:00:00,1052A,SS,CA,Mauta,GYR,H,
2616,2023-04-03 00:00:00,1059,SS,CA,Mauta,GYR,H,
2617,2023-04-03 00:00:00,1063,SS,CA,Mauta,CAR,H,
2618,2023-04-03 00:00:00,1065,SS,CA,Mauta,CAR,H,
2619,2023-04-03 00:00:00,1073,SS,CA,Mauta,GYROLANDO,H,
2620,2023-04-03 00:00:00,1074,SS,CA,Mauta,GYR,H,
2621,2023-04-03 00:00:00,1084A,SS,CA,Mauta,GUZ,H,
2622,2023-04-03 00:00:00,1091,SS,CA,Mauta,GYR,H,
2623,2023-04-03 00:00:00,1094,SS,CA,Mauta,GYR,H,
2624,2023-04-03 00:00:00,1097B,SS,CA,Mauta,GYR,H,
2625,2023-04-03 00:00:00,1098,SS,CA,Mauta,GYR,H,
2626,2023-04-03 00:00:00,1100A,SS,CA,Mauta,GYR,H,
2627,2023-04-03 00:00:00,1100B,SS,CA,Mauta,GYR,H,
2628,2023-04-03 00:00:00,1102,SS,CA,Mauta,GYR,H,
2629,2023-04-03 00:00:00,1103,SS,CA,Mauta,CAR,H,
2630,2023-04-03 00:00:00,1104,SS,CA,Mauta,GY,H,
2631,2023-04-03 00:00:00,1132,SS,CA,Mauta,GYR,H,
2632,2023-04-03 00:00:00,1188,SS,CA,Mauta,CAR,H,
2633,2023-04-03 00:00:00,2002,SS,CA,Mauta,GYR,H,
2634,2023-04-03 00:00:00,2007,SS,CA,Mauta,GYR,H,
2635,2023-04-03 00:00:00,2012,SS,CA,Mauta,GYR,H,
2636,2023-04-03 00:00:00,2014,SS,CA,Mauta,GYR,H,
2637,2023-04-03 00:00:00,2016,SS,CA,Mauta,GYR,H,
2638,2023-04-03 00:00:00,2018,SS,CA,Mauta,GYR,H,
2639,2023-04-03 00:00:00,2024,SS,CA,Mauta,BRA,H,
2640,2023-04-03 00:00:00,2026,SS,CA,Mauta,GYR,H,
2641,2023-04-03 00:00:00,2030,SS,CA,Mauta,GYR,H,
2642,2023-04-03 00:00:00,2034,SS,CA,Mauta,GYROLANDO,H,
2643,2023-04-03 00:00:00,2036,SS,CA,Mauta,GYR,H,
2644,2023-04-03 00:00:00,2037,SS,CA,Mauta,CAR,H,
2645,2023-04-03 00:00:00,2059,SS,CA,Mauta,GYR,H,
2646,2023-04-03 00:00:00,2061,SS,CA,Mauta,GYYR,H,
2647,2023-04-03 00:00:00,2064,SS,CA,Mauta,GYR,H,
2648,2023-04-03 00:00:00,2087,SS,CA,Mauta,GYR,H,
2649,2023-04-03 00:00:00,2088B,SS,CA,Mauta,GYR,H,
2650,2023-04-03 00:00:00,9122,SS,CA,Mauta,GUZ,H,
2651,2023-04-03 00:00:00,0108,SS,CA,Mauta,GYR,H,
2652,2023-04-03 00:00:00,0125,SS,CA,Mauta,GYR,H,
2653,2023-04-03 00:00:00,0205,SS,CA,Mauta,GYR,H,
2654,2023-04-03 00:00:00,0231B,SS,CA,Mauta,GYR,H,
2655,2023-04-03 00:00:00,0252,SS,CA,Mauta,GZLDO,H,
2656,2023-04-03 00:00:00,0294,SS,CA,Mauta,FI,H,
2657,2023-04-03 00:00:00,0297,SS,CA,Mauta,GYR,H,
2658,2023-04-03 00:00:00,0298,SS,CA,Mauta,(en blanco),H,
2659,2023-04-03 00:00:00,0342,SS,CA,Mauta,GUZ,H,
2660,2023-04-01 00:00:00,0102,SS,CA,Mauta,GUZ,H,
2661,2023-04-01 00:00:00,0202,SS,CA,Mauta,GYR,H,
2662,2023-04-01 00:00:00,0211,SS,CA,Mauta,CAR/GUZ,H,
2663,2023-04-01 00:00:00,0231A,SS,CA,Mauta,CAR/GUZ,H,
2664,2023-04-01 00:00:00,0246,SS,CA,Mauta,GUZ,H,
2665,2023-04-01 00:00:00,0258,SS,CA,Mauta,GUZ,H,
2666,2023-04-01 00:00:00,0263,SS,CA,Mauta,CAR,H,
2667,2023-04-01 00:00:00,0278,SS,CA,Mauta,GYR,H,
2668,2023-04-01 00:00:00,0284,SS,CA,Mauta,FI,H,
2669,2023-04-01 00:00:00,0323,SS,CA,Mauta,GYR,H,
2670,2023-04-01 00:00:00,0336,SS,CA,Mauta,GYR,H,
2671,2023-04-01 00:00:00,0352,SS,CA,Mauta,GUZ,H,
2672,2023-04-01 00:00:00,2106,SS,CA,Maute,GYR,M,
2673,2023-04-01 00:00:00,30,SS,CA,Mauta,GUZ,H,
2674,2023-04-01 00:00:00,8016,SS,CA,Mauta,GYR,H,
2675,2023-04-01 00:00:00,9032,SS,CA,Mauta,GYR,H,
2676,2023-04-01 00:00:00,9110,F.V.CA,CA,TORO,CAR,M,
2677,2023-03-14 00:00:00,1019,CA,F.V.CA,Maute,GYR,M,
2678,2023-03-13 00:00:00,1019,SS,CA,Maute,GYR,M,
2679,2023-03-13 00:00:00,1093,SS,CA,Maute,GY,M,
2680,2023-03-13 00:00:00,1131,SS,CA,Maute,GYR,M,
2681,2023-03-13 00:00:00,2091,SS,CA,Maute,GY,M,
2682,2023-03-13 00:00:00,2092,SS,CA,Maute,HOL,M,
2683,2023-03-13 00:00:00,1046,SS,CA,Maute,GY,M,
2684,2023-03-13 00:00:00,2110,SS,CA,Mauta,GYR,H,
2685,2023-03-04 00:00:00,03buc,SS,CA,BUCERRO C.A.,BUFALOS,M,
2686,2023-03-04 00:00:00,04buc,SS,CA,BUCERRO C.A.,BUFALOS,M,
2687,2023-03-04 00:00:00,05buc,SS,CA,BUCERRO C.A.,BUFALOS,M,
2688,2023-03-04 00:00:00,06buc,SS,CA,BUCERRO C.A.,BUFALOS,M,
2689,2023-03-04 00:00:00,07buc,SS,CA,BUCERRO C.A.,BUFALOS,M,
2690,2023-03-04 00:00:00,08buc,SS,CA,BUCERRO C.A.,BUFALOS,M,
2691,2023-03-04 00:00:00,09buc,SS,CA,BUCERRO C.A.,BUFALOS,M,
2692,2023-03-04 00:00:00,10buc,SS,CA,BUCERRO C.A.,BUFALOS,M,
2693,2023-03-04 00:00:00,11buc,SS,CA,BUCERRO C.A.,BUFALOS,M,
2694,2023-03-04 00:00:00,12buc,SS,CA,BUCERRO C.A.,BUFALOS,M,
2695,2023-02-23 00:00:00,2004,SS,CA,Maute,N,M,
2696,2023-02-23 00:00:00,1027,SS,CA,Maute,GYR,M,
2697,2023-02-23 00:00:00,1031,SS,CA,Maute,GYR,M,
2698,2023-02-23 00:00:00,1033,SS,CA,Maute,HOL,M,
2699,2023-02-23 00:00:00,1036,SS,CA,Maute,GY,M,
2700,2023-02-23 00:00:00,1039,SS,CA,Maute,GYR,M,
2701,2023-02-23 00:00:00,1048,SS,CA,Maute,GUZ,M,
2702,2023-02-23 00:00:00,1064,SS,CA,Maute,GYR,M,
2703,2023-02-23 00:00:00,1067,SS,CA,Maute,GYR,M,
2704,2023-02-23 00:00:00,1078,SS,CA,Maute,GUZ/GYR,M,
2705,2023-02-23 00:00:00,1080,SS,CA,Maute,GUZ,M,
2706,2023-02-23 00:00:00,1085,SS,CA,Maute,HOL,M,
2707,2023-02-23 00:00:00,1092,SS,CA,Maute,GUZ,M,
2708,2023-02-23 00:00:00,1097A,SS,CA,Maute,GY,M,
2709,2023-02-23 00:00:00,1095,SS,CA,Maute,GY,M,
2710,2023-02-23 00:00:00,1101,SS,CA,Maute,GY,M,
2711,2023-02-23 00:00:00,1105,SS,CA,Maute,HOL,M,
2712,2023-02-23 00:00:00,1106,SS,CA,Maute,GY,M,
2713,2023-02-23 00:00:00,1107,SS,CA,Maute,GY,M,
2714,2023-02-23 00:00:00,1133,SS,CA,Maute,GUZ,M,
2715,2023-02-23 00:00:00,2005A,SS,CA,Maute,GYR,M,
2716,2023-02-23 00:00:00,2005B,SS,CA,Maute,GUZ,M,
2717,2023-02-23 00:00:00,2025,SS,CA,Maute,GUZ/CAR,M,
2718,2023-02-23 00:00:00,2032,SS,CA,Maute,HOL,M,
2719,2023-02-23 00:00:00,2035,SS,CA,Maute,GYR,M,
2720,2023-02-23 00:00:00,2039A,SS,CA,Maute,HOL,M,
2721,2023-02-23 00:00:00,2041,SS,CA,Maute,HOL,M,
2722,2023-02-23 00:00:00,2045,SS,CA,Maute,CAR,M,
2723,2023-02-23 00:00:00,2054,SS,CA,Maute,GYR,M,
2724,2023-02-23 00:00:00,2058,SS,CA,Maute,GYR,M,
2725,2023-02-23 00:00:00,2060,SS,CA,Maute,HOL,M,
2726,2023-02-23 00:00:00,2065,SS,CA,Maute,HOL,M,
2727,2023-02-23 00:00:00,2067,SS,CA,Maute,GYR,M,
2728,2023-02-23 00:00:00,0346,SS,CA,Maute,GYR,M,
2729,2023-02-23 00:00:00,0358,SS,CA,Maute,GUZ,M,
2730,2023-02-23 00:00:00,1056,SS,CA,Maute,GYR,M,
2731,2023-02-23 00:00:00,1096A,SS,CA,Maute,GYR,M,
2732,2023-02-23 00:00:00,2029,SS,CA,Maute,HOL,M,
2733,2023-02-23 00:00:00,2204,SS,CA,Maute,GYR,M,
2734,2023-02-23 00:00:00,1070,SS,CA,Maute,GYR,M,
2735,2023-02-23 00:00:00,2088A,SS,CA,Maute,HOL,M,
2736,2023-02-23 00:00:00,1130,SS,CA,Maute,HOL,M,
2737,2023-02-23 00:00:00,2001A,SS,CA,Maute,HOL,M,
2738,2023-02-23 00:00:00,2001B,SS,CA,Maute,GYR,M,
2739,2023-02-23 00:00:00,1077,SS,CA,Maute,HOL,M,
2740,2023-02-23 00:00:00,2149,SS,CA,Maute,GYR,M,
2741,2023-02-23 00:00:00,1068,SS,CA,Maute,GY,M,
2742,2023-02-23 00:00:00,1018,SS,CA,Maute,GY,M,
2743,2023-02-23 00:00:00,0109,SS,CA,Maute,GYR,M,
2744,2023-02-23 00:00:00,2056,SS,CA,Maute,GYR,M,
2745,2023-02-23 00:00:00,1112,SS,CA,Maute,HOL,M,
2746,2023-02-23 00:00:00,1044,SS,CA,Maute,GYR,M,
2747,2023-02-23 00:00:00,2010,SS,CA,Maute,GYR,M,
2748,2023-02-23 00:00:00,2044,SS,CA,Maute,GYR,M,
2749,2023-02-23 00:00:00,2027,SS,CA,Maute,HOL,M,
2750,2023-02-23 00:00:00,2090,SS,CA,Maute,HOL,M,
2751,2023-02-23 00:00:00,1055,SS,CA,Maute,GUZ,M,
2752,2023-02-23 00:00:00,1076,SS,CA,Maute,GYR,M,
2753,2023-02-23 00:00:00,0216,CA,F.V.CA,Maute,CAR,M,
2754,2023-02-23 00:00:00,1082,SS,CA,Maute,CAR,M,
2755,2023-02-23 00:00:00,0216,SS,CA,Maute,CAR,M,
2756,2023-02-23 00:00:00,2088A,CA,F.V.CA,Maute,HOL,M,
2757,2024-07-13 00:00:00,2031,SS,CA,Mauta,GYR,H,127
2758,2024-07-13 00:00:00,23126,SS,CA,Mauta,GYR,H,124
2759,2024-07-13 00:00:00,23128,SS,CA,Mauta,GUZ/GYR,H,161
2760,2024-07-13 00:00:00,23132,SS,CA,Maute,GYR,M,119
2761,2024-07-13 00:00:00,23133,SS,CA,Maute,GYR,M,93
2762,2024-07-13 00:00:00,23136,SS,CA,Mauta,GYR,H,112
2763,2024-07-13 00:00:00,23137,SS,CA,Maute,GYR,M,138
2764,2024-07-13 00:00:00,23144,SS,CA,Maute,GYR,M,122
2765,2024-07-13 00:00:00,23145,SS,CA,Maute,GUZ,M,129
2766,2024-07-13 00:00:00,23147,SS,CA,Maute,GYR,M,121
2767,2024-07-13 00:00:00,23162,SS,CA,Mauta,CAR/GYR,H,130
2768,2024-07-13 00:00:00,23163,SS,CA,Maute,GYR,M,97
2769,2024-07-13 00:00:00,23164,SS,CA,Maute,GYR,M,113
2770,2024-07-13 00:00:00,23165,SS,CA,Maute,GYR,M,116
2771,2024-07-13 00:00:00,23169,SS,CA,Mauta,GYR,H,97
2772,2024-07-13 00:00:00,23170,SS,CA,Maute,GYR,M,114
2773,2024-07-13 00:00:00,23172,SS,CA,Mauta,GIROLANDO,H,112
2774,2024-07-13 00:00:00,23174,SS,CA,Maute,GYR,M,101
2775,2024-07-13 00:00:00,23176,SS,CA,Maute,GYR,M,89
2776,2024-07-13 00:00:00,23177,SS,CA,Maute,GYR,M,121
2777,2024-07-13 00:00:00,23184,SS,CA,Maute,GUZ,M,102
2778,2024-07-13 00:00:00,23185,SS,CA,Mauta,(en blanco),H,112
2779,2024-07-13 00:00:00,23187,SS,CA,Maute,GYR,M,98
2780,2024-07-13 00:00:00,23188,SS,CA,Maute,GYR,M,99
2781,2024-07-13 00:00:00,23193,SS,CA,Maute,CAR/GYR,M,99
2782,2024-07-13 00:00:00,23194,SS,CA,Mauta,GYR,H,116
2783,2024-07-13 00:00:00,23003,SS,CA,Mauta,GYR,H,192
2784,2024-07-13 00:00:00,23029,SS,CA,Maute,GYR,M,118
2785,2024-07-13 00:00:00,23066,SS,CA,Mauta,GYR,H,123
2786,2024-07-13 00:00:00,23070,SS,CA,Maute,(en blanco),M,112
2787,2024-07-13 00:00:00,23075,SS,CA,Mauta,GUZ,H,114
2788,2024-07-13 00:00:00,23086,SS,CA,Maute,GYR,M,106
2789,2024-07-13 00:00:00,23089,SS,CA,Maute,GYR,M,123
2790,2024-07-13 00:00:00,23097,SS,CA,Maute,GYR,M,36
2791,2024-07-13 00:00:00,23109,SS,CA,Mauta,GYR,H,122
2792,2024-07-13 00:00:00,23100,SS,CA,Maute,GYR,M,148
2793,2024-09-20 00:00:00,23160,SS,CA,Mauta,GYR,H,91
2794,2024-09-20 00:00:00,23195,SS,CA,Mauta,GYR,H,122
2795,2024-09-20 00:00:00,23202,SS,CA,Mauta,GYR,H,111
2796,2024-09-20 00:00:00,23212,SS,CA,Maute,GYR,M,122
2797,2024-09-20 00:00:00,23228,SS,CA,Mauta,CAR/GYR,H,160
2798,2024-09-20 00:00:00,23229,SS,CA,Maute,GYR,M,106
2799,2024-09-20 00:00:00,23247,SS,CA,Maute,GYR,M,175
2800,2024-09-20 00:00:00,24009,SS,CA,Maute,GYR,M,125
2801,2024-09-20 00:00:00,0320,CA,SS,Vaca,GYR,H,
2802,2024-09-20 00:00:00,1188,CA,SS,Novilla,CAR,H,
2803,2024-09-20 00:00:00,2034,CA,SS,Mauta,GYROLANDO,H,
2804,2024-10-03 00:00:00,23013,CA,SS,MAUTE,GYR,M,
2805,2024-11-23 00:00:00,23166,SS,CA,Mauta,GYR,H,88
2806,2024-11-23 00:00:00,23215,SS,CA,Mauta,GYR,H,127
2807,2024-11-23 00:00:00,24011,SS,CA,Mauta,GYR,H,173
2808,2024-11-23 00:00:00,24025,SS,CA,Mauta,GYR,H,141
2809,2024-11-23 00:00:00,24027,SS,CA,Mauta,GYR,H,171
2810,2024-11-23 00:00:00,24030,SS,CA,Mauta,GYR,H,66
2811,2024-11-23 00:00:00,24031,SS,CA,Mauta,GIROLANDO,H,156
2812,2024-11-23 00:00:00,24044,SS,CA,Maute,GYR,M,158
2813,2024-11-23 00:00:00,24047,SS,CA,Mauta,GYR,H,172
2814,2024-11-23 00:00:00,24049,SS,CA,Maute,GYR,M,163
2815,2024-11-23 00:00:00,24063,SS,CA,Mauta,GUZ,H,149
2816,2024-11-23 00:00:00,24065,SS,CA,Maute,CAR,M,140
2817,2024-11-23 00:00:00,24066,SS,CA,Maute,GYR/CAR,M,136
2818,2024-11-23 00:00:00,24067,SS,CA,Maute,GUZ,M,164
2819,2024-11-23 00:00:00,24071,SS,CA,Maute,GYR,M,148
2820,2024-11-23 00:00:00,24075,SS,CA,Mauta,GYR/CAR,H,160
2821,2024-11-23 00:00:00,24076,SS,CA,Maute,GYR,M,151
2822,2024-11-23 00:00:00,24077,SS,CA,Maute,GYR,M,194
2823,2024-11-23 00:00:00,24079,SS,CA,Maute,GYR,M,138
2824,2024-11-23 00:00:00,24081,SS,CA,Maute,GYR,M,165
2825,2024-11-23 00:00:00,24082,SS,CA,Maute,GYR,M,120
2826,2024-11-23 00:00:00,24085,SS,CA,Mauta,GYR,H,137
2827,2024-11-23 00:00:00,24087,SS,CA,Mauta,GYR,H,162
2828,2024-11-23 00:00:00,24089,SS,CA,Maute,GYR,M,145
2829,2024-11-23 00:00:00,24090,SS,CA,Maute,GYR,M,89
2830,2024-11-23 00:00:00,24091,SS,CA,Maute,GYR,M,152
2831,2024-11-23 00:00:00,24092,SS,CA,Mauta,GYR,H,147
2832,2024-11-23 00:00:00,24095,SS,CA,Mauta,GYR,H,136
2833,2024-11-23 00:00:00,24096,SS,CA,Mauta,GYR,H,192
2834,2024-11-23 00:00:00,24097,SS,CA,Mauta,CAR,H,138
2835,2024-11-23 00:00:00,24098,SS,CA,Maute,GYR,M,104
2836,2024-11-23 00:00:00,24099,SS,CA,Mauta,GYR,H,137
2837,2024-11-23 00:00:00,24101,SS,CA,Mauta,GYR,H,143
2838,2024-11-23 00:00:00,24105,SS,CA,Maute,GYR,M,129
2839,2024-11-23 00:00:00,24110,SS,CA,Mauta,GYR,H,124
2840,2024-11-23 00:00:00,24111,SS,CA,Maute,GYR,M,149
2841,2024-11-23 00:00:00,24116,SS,CA,Mauta,GYR,H,146
2842,2024-11-23 00:00:00,24119,SS,CA,Mauta,CAR,H,138
2843,2024-11-23 00:00:00,24120,SS,CA,Mauta,GYR,H,139
2844,2024-11-23 00:00:00,24123,SS,CA,Maute,GYR,M,135
2845,2024-11-23 00:00:00,24125,SS,CA,Maute,CAR,M,161
2846,2024-11-23 00:00:00,24136,SS,CA,Maute,GYR,M,139
2847,2024-11-23 00:00:00,BU319,CA,SS,Baute,MURRAH,M,
2848,2024-11-23 00:00:00,BU099,CA,SS,Baute,MURRAH,M,
2849,2024-11-23 00:00:00,BU86,CA,SS,Baute,MURRAH,M,
2850,2024-11-23 00:00:00,BU83,CA,SS,Baute,MURRAH,M,
2851,2024-11-23 00:00:00,BU79,CA,SS,Baute,MURRAH,M,
2852,2024-11-23 00:00:00,BU078,CA,SS,Baute,MURRAH,M,
2853,2024-11-23 00:00:00,BU073,CA,SS,Baute,MURRAH,M,
2854,2024-12-08 00:00:00,BU305,CA,SS,BUTOROMAT,MURRAH,M,542
2855,2024-12-08 00:00:00,BU307,CA,SS,BUTOROMAT,MURRAH,M,511
2856,2024-12-08 00:00:00,BU3,CA,SS,Baute,MURRAH,M,585
2857,2024-12-08 00:00:00,BU010,CA,SS,BUTOROMAT,MURRAH,M,475
2858,2024-12-08 00:00:00,BU007,CA,SS,BUTOROMAT,MURRAH,M,533
2859,2024-12-08 00:00:00,BU011,CA,SS,BUTOROMAT,MURRAH,M,535
2860,2024-12-08 00:00:00,BU014,CA,SS,Baute,MURRAH,M,433
2861,2024-12-08 00:00:00,BU001,CA,SS,Baute,MURRAH,M,453
2862,2024-12-08 00:00:00,BU008,CA,SS,BUTOROMAT,MURRAH,M,492
2863,2024-12-08 00:00:00,BU330,CA,SS,BUTOROREP,MURRAH,M,
2864,2025-01-27 00:00:00,24124,SS,CA,Mauta,GYR,H,123
2865,2025-01-27 00:00:00,24129,SS,CA,Maute,GYR,M,93
2866,2025-01-27 00:00:00,24134,SS,CA,Maute,GYR,M,152
2867,2025-01-27 00:00:00,24141,SS,CA,Maute,GYR,M,192
2868,2025-01-27 00:00:00,24142,SS,CA,Mauta,GYR,H,118
2869,2025-01-27 00:00:00,24145,SS,CA,Maute,GYR,M,167
2870,2025-01-27 00:00:00,24154,SS,CA,Maute,GYR,M,179
2871,2025-01-27 00:00:00,24157,SS,CA,Mauta,GYR,H,146
2872,2025-01-27 00:00:00,24164,SS,CA,Maute,GYR,M,102
2873,2025-01-27 00:00:00,24033,SS,CA,Maute,GYR,M,148
2874,2025-01-27 00:00:00,24102,SS,CA,Maute,CAR,M,132
2875,2025-01-27 00:00:00,24054,SS,CA,Mauta,CAR,H,126
2876,2025-01-27 00:00:00,24074,SS,CA,Maute,GYR,M,131
2877,2025-01-27 00:00:00,24034,SS,CA,Maute,GYR,M,119
2878,2025-01-27 00:00:00,24106,SS,CA,Mauta,GYR,H,109
2879,2025-01-27 00:00:00,24069,SS,CA,Maute,GYR,M,121
2880,2025-01-27 00:00:00,24061,SS,CA,Maute,GYR,M,134
2882,2025-03-06 00:00:00,23201,SS,CA,Mauta,GYR,H,126
2883,2025-03-06 00:00:00,23220,SS,CA,Maute,GYR,M,128
2884,2025-03-06 00:00:00,23222,SS,CA,Maute,CAR,M,187
2885,2025-03-06 00:00:00,23033,SS,CA,Mauta,GYROLANDO,H,235
2886,2025-03-06 00:00:00,23242,SS,CA,Maute,CAR,M,117
2887,2025-03-06 00:00:00,23249,SS,CA,Maute,GYR,M,219
2888,2025-03-06 00:00:00,23251,SS,CA,Maute,CAR,M,153
2889,2025-03-06 00:00:00,23031,SS,CA,Mauta,GYR,H,225
2890,2025-03-06 00:00:00,23225,SS,CA,Maute,F1/H,M,144
2891,2025-03-06 00:00:00,23230,SS,CA,Maute,F1/H,M,181
2892,2025-03-06 00:00:00,23240,SS,CA,Maute,F1/H,M,172
2893,2025-03-06 00:00:00,23244,SS,CA,Maute,F1/H,M,210
2894,2025-03-06 00:00:00,24003,SS,CA,Maute,F1/H,M,194
2895,2025-03-06 00:00:00,24019,SS,CA,Mauta,GYR,H,105
2896,2025-03-06 00:00:00,24023,SS,CA,Maute,GYR,M,117
2897,2025-03-06 00:00:00,24048,SS,CA,Mauta,GYR,H,113
2898,2025-03-06 00:00:00,24050,SS,CA,Maute,CAR/GYR,M,132
2899,2025-03-06 00:00:00,24056,SS,CA,Maute,GYR,M,113
2901,2025-03-06 00:00:00,24062,SS,CA,Maute,CAR,M,137
2902,2025-03-06 00:00:00,24070,SS,CA,Mauta,CAR,H,125
2903,2025-03-06 00:00:00,24072,SS,CA,Mauta,GYR,H,121
2904,2025-03-06 00:00:00,24086,SS,CA,Maute,GYR,M,107
2905,2025-03-06 00:00:00,24109,SS,CA,Maute,CAR,M,119
2907,2025-03-06 00:00:00,24118,SS,CA,Maute,GYR,M,126
2908,2025-03-06 00:00:00,24127,SS,CA,Maute,GYR,M,123
2909,2025-03-06 00:00:00,24131,SS,CA,Mauta,GYR,H,108
2910,2025-03-06 00:00:00,24133,SS,CA,Maute,GYR,M,117
2911,2025-03-06 00:00:00,24147,SS,CA,Maute,GYR,M,112
2912,2025-03-06 00:00:00,24156,SS,CA,Maute,GYR,M,136
2913,2025-03-06 00:00:00,24173,SS,CA,Mauta,GYR,H,124
2914,2025-03-06 00:00:00,24176,SS,CA,Maute,GYR,M,139
2915,2025-03-06 00:00:00,24043,SS,CA,Mauta,GYR,H,100
2916,2025-03-06 00:00:00,24046,SS,CA,Mauta,GYR,H,132
2917,2025-03-06 00:00:00,23204,SS,CA,Maute,CAR/GUZ,M,95
2918,2025-03-06 00:00:00,23203,SS,CA,Mauta,GYR,H,114
2919,2025-03-06 00:00:00,24028,SS,CA,Maute,GYR/CAR,M,112
2920,2025-03-06 00:00:00,23124,CA,SS,Maute,GUZ,M,
2921,2025-03-06 00:00:00,23127,CA,SS,Mauta,GYR,H,
2922,2025-03-06 00:00:00,23135,CA,SS,Maute,GYR,M,
2923,2025-03-06 00:00:00,23156,CA,SS,Maute,GYR,M,
2924,2025-03-06 00:00:00,23166,CA,SS,Mauta,GYR,H,
2925,2025-03-06 00:00:00,23173,CA,SS,Maute,GYR,M,
2926,2025-03-06 00:00:00,23177,CA,SS,Maute,GYR,M,
2927,2025-03-06 00:00:00,23186,CA,SS,Mauta,GYR/CAR,H,
2928,2025-03-06 00:00:00,23197,CA,SS,Maute,GYR,M,
2929,2025-03-06 00:00:00,23209,CA,SS,Mauta,GYR,H,
2930,2025-03-06 00:00:00,23212,CA,SS,Maute,GYR,M,
2931,2025-03-06 00:00:00,23026,CA,SS,Maute,HOL,M,
2932,2025-03-06 00:00:00,23216,CA,SS,Maute,GYR,M,
2933,2025-03-06 00:00:00,23217,CA,SS,Maute,GYR,M,
2934,2025-03-06 00:00:00,23231,CA,SS,Mauta,GYR/CAR,H,
2935,2025-03-06 00:00:00,23027,CA,SS,Mauta,GYR,H,
2936,2025-03-06 00:00:00,23098,CA,SS,Mauta,GYR,H,
2937,2025-03-06 00:00:00,23236,CA,SS,Maute,F1/H,M,
2938,2025-03-06 00:00:00,24013,CA,SS,Becerra,GYR,H,
2939,2025-03-06 00:00:00,24015,CA,SS,Mauta,GYR,H,
2940,2025-03-06 00:00:00,24033,CA,SS,Maute,GYR,M,
2941,2025-03-06 00:00:00,24034,CA,SS,Maute,GYR,M,
2942,2025-03-06 00:00:00,24037,CA,SS,Becerro,GYR,M,
2943,2025-03-06 00:00:00,24054,CA,SS,Mauta,CAR/GYR,H,
2944,2025-03-06 00:00:00,24065,CA,SS,Maute,CAR,M,
2945,2025-03-06 00:00:00,24090,CA,SS,Maute,GYR,M,
2946,2025-03-06 00:00:00,24101,CA,SS,Mauta,GYR,H,
2947,2025-03-06 00:00:00,24106,CA,SS,Mauta,GYR,H,
2948,2025-03-06 00:00:00,24110,CA,SS,Mauta,GYR,H,
2949,2025-03-06 00:00:00,24119,CA,SS,Mauta,CAR,H,
2950,2025-03-06 00:00:00,24123,CA,SS,Maute,GYR,M,
2951,2025-03-06 00:00:00,24124,CA,SS,Mauta,GYR,H,
2952,2025-03-06 00:00:00,24129,CA,SS,Mauta,GYR,H,
2953,2025-03-06 00:00:00,24164,CA,SS,Maute,GYR,M,
2954,2025-03-14 00:00:00,BU20,SS,CA,Baute,MURRAH,M,
2955,2025-03-14 00:00:00,BU79,SS,CA,Baute,MURRAH,M,
2956,2025-03-14 00:00:00,BU83,SS,CA,Baute,MURRAH,M,
2957,2025-03-14 00:00:00,BU86,SS,CA,Baute,MURRAH,M,
2958,2025-03-14 00:00:00,BU099,SS,CA,Baute,MURRAH,M,
2959,2025-03-14 00:00:00,BU078,SS,CA,Baute,MURRAH,M,
2960,2025-03-14 00:00:00,BU319,SS,CA,Baute,MURRAH,M,
2961,2025-03-14 00:00:00,BU073,SS,CA,Baute,MURRAH,M,
2962,2025-03-14 00:00:00,BU78,CA,SS,Bauta,MURRAH,H,
2963,2025-03-14 00:00:00,BU94,CA,SS,Baute,MURRAH,M,
2964,2025-03-14 00:00:00,23114,CA,SS,Maute,GYR,M,
2965,2025-03-14 00:00:00,23116,CA,SS,Maute,GYR,M,
2966,2025-03-14 00:00:00,23118,CA,SS,Maute,GYR,M,
2967,2025-03-14 00:00:00,23119,CA,SS,Maute,GYR,M,
2968,2025-03-14 00:00:00,23120,CA,SS,Maute,GUZ/GYR,M,
2969,2025-03-14 00:00:00,23123,CA,SS,Maute,GYR,M,
2970,2025-03-14 00:00:00,23135,CA,SS,Maute,GYR,M,
2971,2025-03-14 00:00:00,23142,CA,SS,Maute,GYR,M,
2972,2025-03-14 00:00:00,23150,CA,SS,Maute,GYR,M,
2973,2025-03-14 00:00:00,22192,CA,SS,Maute,GYR,M,
2974,2025-03-14 00:00:00,22131,CA,SS,Mauta,GYR,H,
2975,2025-03-14 00:00:00,22122,CA,SS,Maute,GYR,M,
2976,2025-03-14 00:00:00,22184,CA,SS,Maute,GYR,M,
2977,2025-03-14 00:00:00,22190,CA,SS,Maute,GYR,M,
2978,2025-03-14 00:00:00,22196,CA,SS,Maute,GYR,M,
2979,2025-03-14 00:00:00,22207,CA,SS,Maute,GYR,M,
2980,2025-03-14 00:00:00,22205,CA,SS,Maute,GYR,M,
2981,2025-03-14 00:00:00,23019,CA,SS,Maute,GYR,M,
2982,2025-03-14 00:00:00,23058,CA,SS,Maute,GYR,M,
2983,2025-03-14 00:00:00,23063,CA,SS,Maute,GYR,M,
2984,2025-03-14 00:00:00,23078,CA,SS,Maute,GYR,M,
2985,2025-03-14 00:00:00,23181,CA,SS,Maute,GYR,M,
2986,2025-03-14 00:00:00,22176,CA,SS,Maute,GYR,M,
2987,2025-03-14 00:00:00,23014,CA,SS,Maute,GYR,M,
2988,2025-03-14 00:00:00,23010,CA,SS,Maute,GYR,M,
2989,2025-03-14 00:00:00,23038,CA,SS,Mauta,GYR/CAR,H,
2990,2025-03-14 00:00:00,23053,CA,SS,Maute,GYR,M,
2991,2025-03-14 00:00:00,23072,CA,SS,Maute,GYR,M,
2992,2025-03-14 00:00:00,23214,CA,SS,Maute,GYR,M,
2993,2025-03-14 00:00:00,23007,CA,SS,Maute,HOL/GYR,M,
2994,2025-03-14 00:00:00,23054,CA,SS,Maute,GYR,M,
2995,2025-03-14 00:00:00,23249,CA,SS,Maute,GYR,M,
2996,2025-03-14 00:00:00,23020,CA,SS,Maute,CAR/GYR,M,
2997,2025-03-14 00:00:00,23088,CA,SS,Maute,GYR,M,
2998,2025-03-14 00:00:00,23095,CA,SS,Maute,GYR,M,
2999,2025-03-14 00:00:00,23102,CA,SS,Maute,GUZ,M,
3000,2025-03-14 00:00:00,23028,CA,SS,Maute,GYR,M,
3001,2025-03-14 00:00:00,23046,CA,SS,Maute,GYR,M,
3002,2025-03-14 00:00:00,23084,CA,SS,Maute,GYR,M,
3003,2025-03-14 00:00:00,23085,CA,SS,Maute,GYR,M,
3004,2025-03-14 00:00:00,23090,CA,SS,Maute,GUZ,M,
3005,2025-03-14 00:00:00,23096,CA,SS,Maute,GYR,M,
3006,2025-03-14 00:00:00,23104,CA,SS,Maute,GUZ/GYR,M,
3007,2025-03-14 00:00:00,23100,CA,SS,Maute,GYR,M,
3008,2025-03-14 00:00:00,24029,CA,SS,Becerro,GYR,M,
3009,2025-03-14 00:00:00,24077,CA,SS,Maute,GYR,M,
3010,2025-03-21 00:00:00,24132,SS,CA,Maute,GYR,M,105
3011,2025-03-21 00:00:00,24137,SS,CA,Maute,GYR,M,121
3012,2025-03-21 00:00:00,24143,SS,CA,Maute,GYR,M,134
3013,2025-03-21 00:00:00,24144,SS,CA,Mauta,GYR,H,130
3014,2025-03-21 00:00:00,24150,SS,CA,Mauta,GYR,H,95
3015,2025-03-21 00:00:00,24152,SS,CA,Mauta,GYR,H,112
3016,2025-03-21 00:00:00,24153,SS,CA,Maute,GYR,M,155
3017,2025-03-21 00:00:00,24155,SS,CA,Maute,GYR,M,118
3018,2025-03-21 00:00:00,24158,SS,CA,Maute,GYR,M,122
3019,2025-03-21 00:00:00,24159,SS,CA,Mauta,GYR,H,127
3020,2025-03-21 00:00:00,24160,SS,CA,Maute,GYR,M,152
3021,2025-03-21 00:00:00,24163,SS,CA,Maute,GYR,M,131
3022,2025-03-21 00:00:00,24180,SS,CA,Mauta,GYR,H,120
3023,2025-03-21 00:00:00,24181,SS,CA,Mauta,GYR,H,142
3024,2025-03-21 00:00:00,24182,SS,CA,Mauta,GYR,H,138
3025,2025-03-14 00:00:00,BU81,CA,SS,Baute,Murrah,M,
3039,2025-04-14 00:00:00,0263,CA,SS,Vaca,CAR,H,
3040,2025-04-14 00:00:00,1059,CA,SS,Vaca,GYR,H,
3041,2025-04-14 00:00:00,1065,CA,SS,Vaca,CAR,H,
3042,2025-04-14 00:00:00,1100B,CA,SS,Vaca,GYR,H,
3043,2025-04-14 00:00:00,1117,CA,SS,Vaca,GUZ/BRA,H,
3044,2025-04-14 00:00:00,2061,CA,SS,Vaca,GYR,H,
3045,2025-04-14 00:00:00,21027,CA,SS,Vaca,CAR,H,
3046,2025-04-14 00:00:00,2224,CA,SS,Vaca,CAR,H,
3047,2025-04-14 00:00:00,3084,CA,SS,Vaca,CAR,H,
3048,2025-04-14 00:00:00,4034,CA,SS,Vaca,BRA,H,
3049,2025-04-14 00:00:00,1084A,CA,SS,Vaca,GUZ,H,
3050,2025-04-14 00:00:00,1043A,CA,SS,Vaca,GYR,H,
3051,2025-04-14 00:00:00,24302,CA,SS,Becerra,GYR,H,
3052,2025-04-14 00:00:00,24303,CA,SS,Becerro,GYR,M,
3053,2025-04-14 00:00:00,25006,CA,SS,Becerra,GYR,H,
3054,2025-04-14 00:00:00,25013,CA,SS,Becerro,GYR,M,
3055,2025-04-14 00:00:00,25015,CA,SS,Becerro,GYR,M,
3056,2025-04-14 00:00:00,25032,CA,SS,Becerra,GYR,H,
3057,2025-04-14 00:00:00,25033,CA,SS,Becerro,GYR,M,
3058,2025-04-14 00:00:00,25029,CA,SS,Becerra,GYR,H,
3059,2025-04-14 00:00:00,25038,CA,SS,Becerro,GYR,M,
3060,2025-04-14 00:00:00,25044,CA,SS,Becerro,GYR,M,
3061,2025-04-14 00:00:00,25045,CA,SS,Becerra,GYR,H,
3062,2025-04-14 00:00:00,25071,CA,SS,Becerra,GYR,H,
3063,2025-04-14 00:00:00,25074,CA,SS,Becerro,GYR,M,
3064,2025-04-28 00:00:00,1032,CA,SS,Mauta,GYR,H,
3065,2025-04-28 00:00:00,1102,CA,SS,Mauta,GYR,H,
3066,2025-04-28 00:00:00,2014,CA,SS,Mauta,GYR,H,
3067,2025-04-28 00:00:00,2095,CA,SS,Mauta,GYR,H,
3068,2025-04-28 00:00:00,2162,CA,SS,Mauta,GYR,H,
3069,2025-04-28 00:00:00,1053A,CA,SS,Novilla,CAR,H,
3070,2025-04-28 00:00:00,24091,CA,SS,Maute,GYR,M,
3071,2025-03-14 00:00:00,22187,CA,SS,MAUTE,,"
M",
3072,2025-06-08 00:00:00,BU20,CA,SS,Baute,MURRAH,M,336
3073,2025-06-08 00:00:00,BU009,CA,SS,Baute,MURRAH,M,412
3074,2025-06-08 00:00:00,BU66,CA,SS,Baute,MURRAH,M,434
3075,2025-06-08 00:00:00,BU67,CA,SS,Baute,MURRAH,M,275
3076,2025-06-08 00:00:00,BU69,CA,SS,Baute,MURRAH,M,340
3077,2025-06-08 00:00:00,BU75,CA,SS,Baute,MURRAH,M,288
3078,2025-06-08 00:00:00,BU79,CA,SS,Baute,MURRAH,M,256
3079,2025-06-08 00:00:00,BU83,CA,SS,Baute,MURRAH,M,266
3080,2025-06-08 00:00:00,BU84,CA,SS,Baute,MURRAH,M,308
3081,2025-06-08 00:00:00,BU86,CA,SS,Baute,MURRAH,M,294
3082,2025-06-08 00:00:00,BU87,CA,SS,Baute,MURRAH,M,315
3083,2025-06-08 00:00:00,BU097,CA,SS,Baute,MURRAH,M,450
3084,2025-06-08 00:00:00,BU304,CA,SS,Baute,MURRAH,M,297
3085,2025-06-08 00:00:00,BU303,CA,SS,Baute,MURRAH,M,262
3086,2025-06-08 00:00:00,BU302,CA,SS,Baute,MURRAH,M,448
3087,2025-06-08 00:00:00,BU088,CA,SS,Baute,MURRAH,M,426
3088,2025-06-08 00:00:00,BU301,CA,SS,Baute,MURRAH,M,396
3089,2025-06-08 00:00:00,BU086,CA,SS,Baute,MURRAH,M,423
3090,2025-06-08 00:00:00,BU069,CA,SS,Baute,MURRAH,M,442
3091,2025-06-08 00:00:00,BU099,CA,SS,Baute,MURRAH,M,312
3092,2025-06-08 00:00:00,BU306,CA,SS,Baute,MURRAH,M,406
3093,2025-06-08 00:00:00,BU091,CA,SS,Baute,MURRAH,M,409
3094,2025-06-08 00:00:00,BU089,CA,SS,Baute,MURRAH,M,437
3095,2025-06-08 00:00:00,BU308,CA,SS,Baute,MURRAH,M,454
3096,2025-06-08 00:00:00,BU092,CA,SS,Baute,MURRAH,M,407
3097,2025-06-08 00:00:00,BU310,CA,SS,Baute,MURRAH,M,305
3098,2025-06-08 00:00:00,BU311,CA,SS,Baute,MURRAH,M,396
3099,2025-06-08 00:00:00,BU078,CA,SS,Baute,MURRAH,M,394
3100,2025-06-08 00:00:00,BU314,CA,SS,Baute,MURRAH,M,456
3101,2025-06-08 00:00:00,BU315,CA,SS,Baute,MURRAH,M,484
3102,2025-06-08 00:00:00,BU085,CA,SS,Baute,MURRAH,M,468
3103,2025-06-08 00:00:00,BU087,CA,SS,Baute,MURRAH,M,435
3104,2025-06-08 00:00:00,BU056,CA,SS,Baute,MURRAH,M,489
3105,2025-06-08 00:00:00,BU090,CA,SS,Baute,MURRAH,M,431
3106,2025-06-08 00:00:00,BU317,CA,SS,Baute,MURRAH,M,436
3107,2025-06-08 00:00:00,BU319,CA,SS,Baute,MURRAH,M,407
3108,2025-06-08 00:00:00,BU321,CA,SS,Baute,MURRAH,M,399
3109,2025-06-08 00:00:00,BU071,CA,SS,Baute,MURRAH,M,444
3110,2025-06-08 00:00:00,BU322,CA,SS,Baute,MURRAH,M,461
3111,2025-06-08 00:00:00,BU323,CA,SS,Baute,MURRAH,M,366
3112,2025-06-08 00:00:00,BU325,CA,SS,Baute,MURRAH,M,420
3113,2025-06-08 00:00:00,BU073,CA,SS,Baute,MURRAH,M,481
3114,2025-06-08 00:00:00,BU326,CA,SS,Baute,MURRAH,M,390
3115,2025-06-08 00:00:00,BU095,CA,SS,Baute,MURRAH,M,327
3116,2025-06-08 00:00:00,BU327,CA,SS,Baute,MURRAH,M,387
3117,2025-06-08 00:00:00,BU328,CA,SS,Baute,MURRAH,M,377
3118,2025-06-08 00:00:00,BU313,CA,SS,Baute,MURRAH,M,410
3119,2025-06-08 00:00:00,BU084,CA,SS,Baute,MURRAH,M,513
3120,2025-06-08 00:00:00,24198,SS,CA,Maute,GYR,M,182
3121,2025-06-08 00:00:00,24201,SS,CA,Mauta,GYR,H,151
3122,2025-06-08 00:00:00,24080,SS,CA,Maute,GYR,M,100
3123,2025-06-08 00:00:00,24130,SS,CA,Maute,GYR,M,144
3124,2025-06-08 00:00:00,24135,SS,CA,Maute,GYR,M,102
3125,2025-06-08 00:00:00,24140,SS,CA,Maute,GYR,M,142
3126,2025-06-08 00:00:00,24146,SS,CA,Maute,GYR,M,123
3127,2025-06-08 00:00:00,24151,SS,CA,Maute,GYR,M,143
3128,2025-06-08 00:00:00,24162,SS,CA,Mauta,GYR,H,120
3129,2025-06-08 00:00:00,24165,SS,CA,Maute,GYR,M,162
3130,2025-06-08 00:00:00,24170,SS,CA,Maute,GYR,M,149
3131,2025-06-08 00:00:00,24177,SS,CA,Maute,GYR,M,102
3132,2025-06-08 00:00:00,24179,SS,CA,Mauta,GYR,H,95
3133,2025-06-08 00:00:00,24187,SS,CA,Mauta,GYR,H,113
3134,2025-06-08 00:00:00,24189,SS,CA,Maute,GYR,M,145
3135,2025-06-08 00:00:00,24190,SS,CA,Mauta,GYR,H,113
3136,2025-06-08 00:00:00,24191,SS,CA,Maute,GYR,M,144
3137,2025-06-08 00:00:00,24193,SS,CA,Maute,CAR,M,160
3138,2025-06-08 00:00:00,24194,SS,CA,Maute,GYR,M,142
3139,2025-06-08 00:00:00,24195,SS,CA,Maute,GYR,M,119
3140,2025-06-08 00:00:00,24196,SS,CA,Maute,GYR,M,105
3141,2025-06-08 00:00:00,24197,SS,CA,Maute,GYR,M,113
3142,2025-06-08 00:00:00,24203,SS,CA,Maute,GYR,M,167
3143,2025-06-08 00:00:00,24206,SS,CA,Maute,GYR,M,143
3144,2025-06-08 00:00:00,24207,SS,CA,Maute,GYR,M,133
3145,2025-06-08 00:00:00,24210,SS,CA,Mauta,GYR,H,154
3146,2025-06-08 00:00:00,24211,SS,CA,Maute,GYR,M,151
3147,2025-06-08 00:00:00,24212,SS,CA,Mauta,GYR,H,100
3148,2025-06-08 00:00:00,24214,SS,CA,Maute,GYR,M,131
3149,2025-06-08 00:00:00,24217,SS,CA,Maute,GYR,M,173
3150,2025-06-08 00:00:00,24224,SS,CA,Mauta,GYR,H,112
3151,2025-06-08 00:00:00,24231,SS,CA,Maute,GYR,H,153
3152,2025-06-08 00:00:00,24238,SS,CA,Maute,GYR,M,112
3153,2025-06-08 00:00:00,24198,SS,CA,Maute,GYR,M,182
3154,2025-06-08 00:00:00,24201,SS,CA,Mauta,GYR,H,151
3155,2025-06-08 00:00:00,24080,SS,CA,Maute,GYR,M,100
3156,2025-06-08 00:00:00,24130,SS,CA,Maute,GYR,M,144
3157,2025-06-08 00:00:00,24135,SS,CA,Maute,GYR,M,102
3158,2025-06-08 00:00:00,24140,SS,CA,Maute,GYR,M,142
3159,2025-06-08 00:00:00,24146,SS,CA,Maute,GYR,M,123
3160,2025-06-08 00:00:00,24151,SS,CA,Maute,GYR,M,143
3161,2025-06-08 00:00:00,24162,SS,CA,Mauta,GYR,H,120
3162,2025-06-08 00:00:00,24165,SS,CA,Maute,GYR,M,162
3163,2025-06-08 00:00:00,24170,SS,CA,Maute,GYR,M,149
3164,2025-06-08 00:00:00,24177,SS,CA,Maute,GYR,M,102
3165,2025-06-08 00:00:00,24179,SS,CA,Mauta,GYR,H,95
3166,2025-06-08 00:00:00,24187,SS,CA,Mauta,GYR,H,113
3167,2025-06-08 00:00:00,24189,SS,CA,Maute,GYR,M,145
3168,2025-06-08 00:00:00,24190,SS,CA,Mauta,GYR,H,113
3169,2025-06-08 00:00:00,24191,SS,CA,Maute,GYR,M,144
3170,2025-06-08 00:00:00,24193,SS,CA,Maute,CAR,M,160
3171,2025-06-08 00:00:00,24194,SS,CA,Maute,GYR,M,142
3172,2025-06-08 00:00:00,24195,SS,CA,Maute,GYR,M,119
3173,2025-06-08 00:00:00,24196,SS,CA,Maute,GYR,M,105
3174,2025-06-08 00:00:00,24197,SS,CA,Maute,GYR,M,113
3175,2025-06-08 00:00:00,24203,SS,CA,Maute,GYR,M,167
3176,2025-06-08 00:00:00,24206,SS,CA,Maute,GYR,M,143
3177,2025-06-08 00:00:00,24207,SS,CA,Maute,GYR,M,133
3178,2025-06-08 00:00:00,24210,SS,CA,Mauta,GYR,H,154
3179,2025-06-08 00:00:00,24211,SS,CA,Maute,GYR,M,151
3180,2025-06-08 00:00:00,24212,SS,CA,Mauta,GYR,H,100
3181,2025-06-08 00:00:00,24214,SS,CA,Maute,GYR,M,131
3182,2025-06-08 00:00:00,24217,SS,CA,Maute,GYR,M,173
3183,2025-06-08 00:00:00,24224,SS,CA,Mauta,GYR,H,112
3184,2025-06-08 00:00:00,24231,SS,CA,Maute,GYR,H,153
3185,2025-06-08 00:00:00,24238,SS,CA,Maute,GYR,M,112
3186,2024-09-13 00:00:00,24100,LP,SS,Becerra,GYR,H,
3187,2025-07-11 00:00:00,0234,LP,SS,TORO,GYR,M,582
3188,2025-07-11 00:00:00,0302,LP,SS,Vaca,BRA,H,355
3189,2025-07-11 00:00:00,0303,LP,SS,Vaca,BRA,H,439
3190,2025-07-11 00:00:00,0304,LP,SS,Vaca,BRA,H,428
3191,2025-07-11 00:00:00,0305,LP,SS,Vaca,GYR,H,448
3192,2025-07-11 00:00:00,0306,LP,SS,Vaca,CAR/BRA,H,456
3193,2025-07-11 00:00:00,0307,LP,SS,Vaca,GYR,H,438
3194,2025-07-11 00:00:00,0308,LP,SS,Vaca,GYR,H,380
3195,2025-07-11 00:00:00,0310,LP,SS,Vaca,BRA,H,358
3196,2025-07-11 00:00:00,0311,LP,SS,Vaca,BRA,H,324
3197,2025-07-11 00:00:00,0312,LP,SS,Vaca,BRA,H,550
3198,2025-07-11 00:00:00,0313,LP,SS,Vaca,GYR,H,463
3199,2025-07-11 00:00:00,0314,LP,SS,Vaca,GUZ,H,435
3200,2025-07-11 00:00:00,0317A,LP,SS,Vaca,BRA,H,317
3201,2025-07-11 00:00:00,1500,LP,SS,TORO,GUZ,M,602
3202,2025-07-11 00:00:00,1501,LP,SS,Vaca,GUZ,H,338
3203,2025-07-11 00:00:00,24171,LP,SS,Mauta,GYR,H,91
3204,2025-07-11 00:00:00,24184,LP,SS,Maute,GYR,M,102
3205,2025-07-11 00:00:00,24306,LP,SS,Becerro,GYR,M,108
3206,2025-07-11 00:00:00,24307,LP,SS,Becerro,GYR,M,57
3207,2025-07-11 00:00:00,24308,LP,SS,Becerro,GYR,M,68
3208,2025-07-11 00:00:00,2500,LP,SS,Vaca,HOL,H,415
3209,2025-07-11 00:00:00,25016,LP,SS,Becerra,GYR,H,155
3210,2025-07-11 00:00:00,25041,LP,SS,Becerra,GYR,H,54
3211,2025-07-11 00:00:00,25042,LP,SS,Becerro,GYR,M,43
3212,2025-07-11 00:00:00,25043,LP,SS,Becerro,GYR,M,51
3213,2025-07-11 00:00:00,25151,LP,SS,Becerro,,M,28
3214,2025-07-11 00:00:00,25152,LP,SS,Becerro,,M,39
3215,2025-07-11 00:00:00,3501,LP,SS,Maute,CAR,M,275
3216,2025-07-11 00:00:00,3504,LP,SS,Maute,GYR,M,217
3217,2025-07-11 00:00:00,4501,LP,SS,Becerro,GYR,M,320
3218,2025-07-11 00:00:00,9115,LP,SS,Vaca,GUZ,H,475
3219,2025-07-11 00:00:00,9500,LP,SS,Vaca,BRA,H,436
3220,2025-07-11 00:00:00,9501,LP,SS,Vaca,GYR,H,416
3221,2025-07-11 00:00:00,9503,LP,SS,Vaca,GYR,H,416
3222,2025-07-11 00:00:00,pend24,LP,SS,Mauta,,H,468
3223,2025-07-11 00:00:00,pend41,LP,SS,Vaca,,H,446
3224,2025-07-11 00:00:00,PEND45,LP,SS,Maute,GYR,M,232
3225,2025-07-11 00:00:00,pend49,LP,SS,Becerro,,M,
3226,2025-07-23 00:00:00,1045,CA,SS,Novilla,GYR,H,
3227,2025-07-23 00:00:00,1073,CA,SS,Novilla,GYROLANDO,H,
3228,2025-07-23 00:00:00,1100A,CA,SS,Novilla,GYR,H,
3229,2025-07-23 00:00:00,2016,CA,SS,Novilla,GYR,H,
3230,2025-07-23 00:00:00,2059,CA,SS,Novilla,GYR,H,
3231,2025-07-23 00:00:00,2107,CA,SS,Novilla,GYR,H,
3232,2025-07-23 00:00:00,2137,CA,SS,Novilla,GYR/HOL,H,
3233,2025-07-23 00:00:00,21391,CA,SS,Novilla,GYR,H,
3234,2025-07-23 00:00:00,2141,CA,SS,Novilla,GYR/CAR,H,
3235,2025-07-23 00:00:00,2215,CA,SS,Novilla,GYR,H,
3236,2025-07-23 00:00:00,6028,CA,SS,Vaca,GUZ,H,
3237,2025-07-23 00:00:00,1097B,CA,SS,Vaca,GYR,H,
3238,2025-07-23 00:00:00,22171,CA,SS,Novilla,GYR,H,
3239,2025-07-23 00:00:00,22144,CA,SS,Novilla,GYR,H,
3240,2025-07-23 00:00:00,22191,CA,SS,Novilla,GYR,H,
3241,2025-07-23 00:00:00,22186,CA,SS,Novilla,GYR,H,
3242,2025-07-23 00:00:00,BU356,CA,SS,Baute,MURRAH,M,
3243,2025-07-23 00:00:00,24081,CA,SS,Maute,GYR,M,
3244,2025-07-23 00:00:00,BU357,CA,SS,Bauta,MURRAH,H,
3245,2025-07-23 00:00:00,BU358,CA,SS,Bauta,MURRAH,H,
3246,2025-07-23 00:00:00,BU360,CA,SS,Baute,MURRAH,M,
3247,2025-07-23 00:00:00,BU363,CA,SS,Bauta,MURRAH,H,
3248,2025-07-23 00:00:00,BU365,CA,SS,Baute,MURRAH,M,
3249,2025-07-23 00:00:00,BU368,CA,SS,Bauta,MURRAH,H,
3250,2025-07-23 00:00:00,BU370,CA,SS,Baute,MURRAH,M,
3251,2025-07-23 00:00:00,BU371,CA,SS,Baute,MURRAH,M,
3252,2025-07-23 00:00:00,BU374,CA,SS,Baute,MURRAH,M,
3253,2025-07-23 00:00:00,BU375,CA,SS,Baute,MURRAH,M,
3254,2025-07-23 00:00:00,BU376,CA,SS,Bauta,MURRAH,H,
3255,2025-07-23 00:00:00,BU377,CA,SS,Bauta,MURRAH,H,
3256,2025-07-23 00:00:00,22098,CA,SS,Novilla,GYR/HOL,H,
3257,2025-07-23 00:00:00,25137,CA,SS,Becerro,(en blanco),M,
3258,2025-07-23 00:00:00,25164,CA,SS,Becerro,GYR,H,
3265,2025-08-12 00:00:00,2064,CA,SS,Vaca,GYR,H,
3266,2025-08-12 00:00:00,25176,CA,SS,Becerro,GYR,M,
3267,2025-08-12 00:00:00,23131,CA,SS,Mauta,GYR,H,
3268,2025-08-12 00:00:00,23157,CA,SS,Maute,GUZ,M,
3269,2025-08-12 00:00:00,23160,CA,SS,Mauta,GYR,H,
3270,2025-08-12 00:00:00,23108,CA,SS,Maute,GUZ,M,
3271,2025-08-12 00:00:00,24023,CA,SS,Maute,GYR,M,
3272,2025-08-12 00:00:00,24028,CA,SS,Maute,GYR/CAR,M,
3273,2025-08-12 00:00:00,24043,CA,SS,Mauta,GYR,H,
3274,2025-08-12 00:00:00,24056,CA,SS,Maute,GYR,M,
3275,2025-08-12 00:00:00,24066,CA,SS,Maute,GYR/CAR,M,
3276,2025-08-12 00:00:00,24069,CA,SS,Maute,GYR,M,
3277,2025-08-12 00:00:00,24070,CA,SS,Mauta,CAR,H,
3278,2025-08-12 00:00:00,24071,CA,SS,Maute,GYR,M,
3279,2025-08-12 00:00:00,24072,CA,SS,Mauta,GYR,H,
3280,2025-08-12 00:00:00,24080,CA,SS,Maute,GYR,M,
3281,2025-08-12 00:00:00,24097,CA,SS,Mauta,CAR,H,
3282,2025-08-12 00:00:00,24099,CA,SS,Mauta,GYR,H,
3283,2025-08-12 00:00:00,24118,CA,SS,Maute,GYR,M,
3284,2025-08-12 00:00:00,24120,CA,SS,Mauta,GYR,H,
3285,2025-08-12 00:00:00,24127,CA,SS,Maute,GYR,M,
3286,2025-08-12 00:00:00,24130,CA,SS,Maute,GYR,M,
3287,2025-08-12 00:00:00,24132,CA,SS,Maute,GYR,M,
3288,2025-08-12 00:00:00,24133,CA,SS,Maute,GYR,M,
3289,2025-08-12 00:00:00,24134,CA,SS,Maute,GYR,M,
3290,2025-08-12 00:00:00,24135,CA,SS,Maute,GYR,M,
3291,2025-08-12 00:00:00,24137,CA,SS,Maute,GYR,M,
3292,2025-08-12 00:00:00,24140,CA,SS,Maute,GYR,M,
3293,2025-08-12 00:00:00,24142,CA,SS,Mauta,GYR,H,
3294,2025-08-12 00:00:00,24143,CA,SS,Maute,GYR,M,
3295,2025-08-12 00:00:00,24144,CA,SS,Mauta,GYR,H,
3296,2025-08-12 00:00:00,24146,CA,SS,Maute,GYR,M,
3297,2025-08-12 00:00:00,24147,CA,SS,Maute,GYR,M,
3298,2025-08-12 00:00:00,24150,CA,SS,Mauta,GYR,H,
3299,2025-08-12 00:00:00,24151,CA,SS,Maute,GYR,M,
3300,2025-08-12 00:00:00,24152,CA,SS,Mauta,GYR,H,
3301,2025-08-12 00:00:00,24154,CA,SS,Maute,GYR,M,
3302,2025-08-12 00:00:00,24155,CA,SS,Maute,GYR,M,
3303,2025-08-12 00:00:00,24156,CA,SS,Maute,GYR,M,
3304,2025-08-12 00:00:00,24159,CA,SS,Mauta,GYR,H,
3305,2025-08-12 00:00:00,24160,CA,SS,Maute,GYR,M,
3306,2025-08-12 00:00:00,24162,CA,SS,Mauta,GYR,H,
3308,2025-08-12 00:00:00,24165,CA,SS,Maute,GYR,M,
3309,2025-08-12 00:00:00,24173,CA,SS,Mauta,GYR,H,
3310,2025-08-12 00:00:00,24177,CA,SS,Maute,GYR,M,
3311,2025-08-12 00:00:00,24179,CA,SS,Mauta,GYR,H,
3312,2025-08-12 00:00:00,24180,CA,SS,Mauta,GYR/CAR,H,
3313,2025-08-12 00:00:00,24181,CA,SS,Mauta,GYR,H,
3314,2025-08-12 00:00:00,24182,CA,SS,Mauta,GYR,H,
3315,2025-08-12 00:00:00,24187,CA,SS,Mauta,GYR,H,
3316,2025-08-12 00:00:00,24189,CA,SS,Maute,GYR,M,
3317,2025-08-12 00:00:00,24190,CA,SS,Mauta,GYR,H,
3318,2025-08-12 00:00:00,24193,CA,SS,Maute,CAR,M,
3319,2025-08-12 00:00:00,24194,CA,SS,Maute,GYR,M,
3320,2025-08-12 00:00:00,24195,CA,SS,Maute,GYR,M,
3321,2025-08-12 00:00:00,24196,CA,SS,Maute,GYR,M,
3322,2025-08-12 00:00:00,24197,CA,SS,Maute,GYR,M,
3323,2025-08-12 00:00:00,24206,CA,SS,Maute,GYR,M,
3324,2025-08-12 00:00:00,24207,CA,SS,Maute,GYR,M,
3325,2025-08-12 00:00:00,24211,CA,SS,Maute,GYR,M,
3326,2025-08-12 00:00:00,24212,CA,SS,Mauta,GYR,H,
3327,2025-08-12 00:00:00,24214,CA,SS,Maute,GYR,M,
3328,2025-08-12 00:00:00,24224,CA,SS,Mauta,GYR,H,
3329,2025-08-12 00:00:00,24231,CA,SS,Mauta,GYR,H,
3330,2025-08-12 00:00:00,24238,CA,SS,Maute,GYR,M,
3331,2025-09-05 00:00:00,0139,CA,SS,Vaca,BRA,H,344
3332,2025-09-05 00:00:00,0294,CA,SS,Vaca,CAR/BRA,H,313
3333,2025-09-05 00:00:00,1074,CA,SS,Novilla,GYR,H,295
3334,2025-09-05 00:00:00,2002,CA,SS,Mauta,GYR,H,339
3335,2025-09-05 00:00:00,2011,CA,SS,Novilla,GYR,H,356
3336,2025-09-05 00:00:00,2026,CA,SS,Novilla,GYR,H,373
3337,2025-09-05 00:00:00,2088B,CA,SS,Novilla,GYR,H,361
3338,2025-09-05 00:00:00,20971,CA,SS,Novilla,GYR,H,310
3339,2025-09-05 00:00:00,2102,CA,SS,Novilla,GYR,H,326
3340,2025-09-05 00:00:00,2110,CA,SS,Novilla,GYR,H,310
3341,2025-09-05 00:00:00,2140,CA,SS,Novilla,GYR,H,334
3342,2025-09-05 00:00:00,2145,CA,SS,Novilla,GYR,H,335
3343,2025-09-05 00:00:00,2202,CA,SS,Novilla,GYR,H,290
3344,2025-09-05 00:00:00,2218,CA,SS,Novilla,GYR,H,342
3345,2025-09-05 00:00:00,4053,CA,SS,Vaca,CAR,H,344
3346,2025-09-05 00:00:00,2143A,CA,SS,Novilla,GYR,H,291
3347,2025-09-05 00:00:00,2096A,CA,SS,Novilla,GYR,H,319
3348,2025-09-05 00:00:00,22085,CA,SS,Novilla,GYR/CAR/GUZ,H,354
3349,2025-09-05 00:00:00,22151,CA,SS,Novilla,GYR,H,311
3350,2025-09-05 00:00:00,22142,CA,SS,Novilla,GYR,H,308
3351,2025-09-05 00:00:00,22117,CA,SS,Novilla,GYR,H,333
3352,2025-09-05 00:00:00,22161,CA,SS,Novilla,GYR,H,310
3353,2025-09-05 00:00:00,22112,CA,SS,Novilla,GYR,H,360
3354,2025-09-05 00:00:00,22131,CA,SS,Novilla,GYR,H,379
3355,2025-09-05 00:00:00,22116,CA,SS,Novilla,GYR,H,322
3356,2025-09-05 00:00:00,22119,CA,SS,Novilla,GYR,H,296
3357,2025-09-05 00:00:00,22180,CA,SS,Novilla,GYR,H,292
3358,2025-09-05 00:00:00,22198,CA,SS,Novilla,GYR,H,270
3359,2025-09-05 00:00:00,22139,CA,SS,Novilla,GYR,H,334
3360,2025-09-05 00:00:00,22216,CA,SS,Novilla,GYR,H,310
3361,2025-09-05 00:00:00,23037,CA,SS,Novilla,GYR,H,320
3362,2025-09-05 00:00:00,23033,CA,SS,Novilla,GYROLANDO,H,258
3363,2025-09-05 00:00:00,22160,CA,SS,Novilla,GYR,H,309
3364,2025-09-05 00:00:00,22177,CA,SS,Novilla,GYR,H,334
3365,2025-09-05 00:00:00,24109,CA,SS,Maute,CAR,M,136
3366,2025-10-30 00:00:00,24091,SS,CA,Maute,GYR,M,191
3367,2025-10-30 00:00:00,24171,SS,CA,Mauta,GYR,H,196
3368,2025-10-30 00:00:00,24184,SS,CA,Maute,GYR,M,125
3369,2025-10-30 00:00:00,24247,SS,CA,Mauta,GYR,H,178
3370,2025-10-30 00:00:00,24249,SS,CA,Mauta,CAR,H,174
3371,2025-10-30 00:00:00,24264,SS,CA,Mauta,CAR,H,235
3372,2025-10-30 00:00:00,24268,SS,CA,Mauta,CAR,H,201
3373,2025-10-30 00:00:00,24271,SS,CA,Maute,GYR,M,291
3374,2025-10-30 00:00:00,24274,SS,CA,Maute,GYR,M,180
3375,2025-10-30 00:00:00,24276,SS,CA,Maute,GYR,M,196
3376,2025-10-30 00:00:00,24279,SS,CA,Mauta,GYR,H,176
3377,2025-10-30 00:00:00,24288,SS,CA,Mauta,GYR,H,235
3378,2025-10-30 00:00:00,24302,SS,CA,Mauta,GYR,H,170
3379,2025-10-30 00:00:00,24303,SS,CA,Maute,GYR,M,128
3380,2025-10-30 00:00:00,24308,SS,CA,Maute,GYR,M,118
3381,2025-10-30 00:00:00,25003,SS,CA,Maute,(en blanco),M,200
3382,2025-10-30 00:00:00,25006,SS,CA,Mauta,GYR,H,178
3383,2025-10-30 00:00:00,25010,SS,CA,Mauta,GYR,H,132
3384,2025-10-30 00:00:00,25011,SS,CA,Mauta,GYR,H,208
3385,2025-10-30 00:00:00,25013,SS,CA,Maute,GYR,M,146
3386,2025-10-30 00:00:00,25015,SS,CA,Maute,GYR,M,160
3387,2025-10-30 00:00:00,25016,SS,CA,Mauta,GYR,H,216
3388,2025-10-30 00:00:00,25025,SS,CA,Mauta,GYR,H,116
3389,2025-10-30 00:00:00,25032,SS,CA,Mauta,GYR,H,102
3390,2025-10-30 00:00:00,25038,SS,CA,Maute,GYR,M,148
3391,2025-10-30 00:00:00,25041,SS,CA,Mauta,GYR,H,135
3392,2025-10-30 00:00:00,25042,SS,CA,Maute,GYR,M,137
3393,2025-10-30 00:00:00,25043,SS,CA,Maute,GYR,M,95
3394,2025-10-30 00:00:00,25044,SS,CA,Maute,GYR,M,121
3395,2025-10-30 00:00:00,25051,SS,CA,Maute,GYR,M,194
3396,2025-10-30 00:00:00,25080,SS,CA,Mauta,GYR,H,120
3397,2025-10-30 00:00:00,pend49,SS,CA,Maute,GYR,M,137
3398,2025-10-30 00:00:00,24282,SS,CA,Mauta,GYR,H,100
3399,2025-10-30 00:00:00,j25001,SS,CA,Maute,GYR,M,126
3400,2025-10-30 00:00:00,24269,SS,CA,Maute,GYR,M,142
3491,2025-11-04 00:00:00,22105,SIL,SS,Mauta,GYR,H,
3492,2025-10-29 00:00:00,BU01251,CA,SS,BUTOROREP,MURRAH,M,
3493,2025-11-06 00:00:00,24018,SS,CA,Maute,GYR,M,178
3494,2025-11-06 00:00:00,24023,SS,CA,Maute,GYR,M,165
3495,2025-11-06 00:00:00,24032,SS,CA,Mauta,GYR,H,81
3496,2025-11-06 00:00:00,24069,SS,CA,Maute,GYR,M,184
3497,2025-11-06 00:00:00,24080,SS,CA,Maute,GYR,M,155
3498,2025-11-06 00:00:00,24118,SS,CA,Maute,GYR,M,148
3499,2025-11-06 00:00:00,24123,SS,CA,Maute,GYR,M,185
3500,2025-11-06 00:00:00,24133,SS,CA,Maute,GYR,M,158
3501,2025-11-06 00:00:00,24135,SS,CA,Maute,GYR,M,132
3502,2025-11-06 00:00:00,24143,SS,CA,Maute,GYR,M,160
3503,2025-11-06 00:00:00,24155,SS,CA,Maute,GYR,M,144
3504,2025-11-06 00:00:00,24156,SS,CA,Maute,GYR,M,158
3505,2025-11-06 00:00:00,24174,SS,CA,Mauta,GYR,H,128
3506,2025-11-06 00:00:00,24193,SS,CA,Maute,CAR,M,166
3507,2025-11-06 00:00:00,24209,SS,CA,Maute,GYR,M,181
3508,2025-11-06 00:00:00,24213,SS,CA,Mauta,CAR/GYR,H,140
3509,2025-11-06 00:00:00,24216,SS,CA,Mauta,GYR,H,127
3510,2025-11-06 00:00:00,24235,SS,CA,Maute,CAR,M,173
3511,2025-11-06 00:00:00,24238,SS,CA,Maute,GYR,M,126
3512,2025-11-06 00:00:00,24239,SS,CA,Mauta,GYR,H,119
3513,2025-11-06 00:00:00,24240,SS,CA,Maute,GYR,M,179
3514,2025-11-06 00:00:00,24256,SS,CA,Maute,CAR,M,140
3515,2025-11-06 00:00:00,24260,SS,CA,Maute,CAR,M,134
3516,2025-11-06 00:00:00,24284,SS,CA,Mauta,GYR,H,115
3517,2025-11-06 00:00:00,24291,SS,CA,Maute,CAR,M,112
3518,2025-11-06 00:00:00,24292,SS,CA,Maute,GYR,M,138
3519,2025-11-06 00:00:00,25001,SS,CA,Maute,CAR,M,126
3520,2025-11-06 00:00:00,25014,SS,CA,Maute,GYR,M,106
3521,2025-11-06 00:00:00,25017,SS,CA,Maute,GYR,M,118
3522,2025-11-06 00:00:00,25035,SS,CA,Mauta,CAR,H,120
3523,2025-11-11 00:00:00,23216,SS,CA,Maute,GYR,M,173
3524,2025-11-11 00:00:00,24036,SS,CA,Maute,GYR,M,165
3525,2025-11-11 00:00:00,24078,SS,CA,Mauta,GYR,H,219
3526,2025-11-11 00:00:00,24123,SS,CA,Maute,GYR,M,185
3527,2025-11-11 00:00:00,24130,SS,CA,Maute,GYR,M,159
3528,2025-11-11 00:00:00,24132,SS,CA,Maute,GYR,M,154
3529,2025-11-11 00:00:00,24146,SS,CA,Maute,GYR,M,144
3530,2025-11-11 00:00:00,24159,SS,CA,Mauta,GYR,H,127
3531,2025-11-11 00:00:00,24178,SS,CA,Maute,GYR,M,144
3532,2025-11-11 00:00:00,24186,SS,CA,Mauta,GYR,H,113
3533,2025-11-11 00:00:00,24189,SS,CA,Maute,GYR,M,154
3534,2025-11-11 00:00:00,24195,SS,CA,Maute,GYR,M,135
3535,2025-11-11 00:00:00,24196,SS,CA,Maute,GYR,M,113
3536,2025-11-11 00:00:00,24197,SS,CA,Maute,GYR,M,142
3537,2025-11-11 00:00:00,24211,SS,CA,Maute,GYR,M,159
3538,2025-11-11 00:00:00,24219,SS,CA,Maute,GYROLANDO,M,136
3539,2025-11-11 00:00:00,24221,SS,CA,Mauta,GYR,H,77
3540,2025-11-11 00:00:00,24237,SS,CA,Mauta,GYR,H,118
3541,2025-11-11 00:00:00,24242,SS,CA,Mauta,GYR,H,149
3542,2025-11-11 00:00:00,24243,SS,CA,Maute,GYR,M,109
3543,2025-11-11 00:00:00,24270,SS,CA,Maute,GYR,M,114
3544,2025-11-11 00:00:00,24273,SS,CA,Maute,GYR,M,128
3545,2025-11-11 00:00:00,24283,SS,CA,Mauta,GYR,H,97
3546,2025-11-11 00:00:00,24307,SS,CA,Maute,GYR,M,127
3547,2025-11-11 00:00:00,25033,SS,CA,Maute,GYR,M,218
3548,2025-11-11 00:00:00,25029,SS,CA,Mauta,GYR,H,135
3549,2025-11-21 00:00:00,22169A,CA,SS,Mauta,Gyr,H,
3550,2025-10-28 00:00:00,23008,CA,SIL,Maute,GYR,M,
3551,2025-10-28 00:00:00,23035,CA,SIL,Maute,GYR,M,
3552,2025-10-28 00:00:00,23056,CA,SIL,Maute,GYR/CAR,M,
3553,2025-10-28 00:00:00,23059,CA,SIL,Maute,GYR,M,
3554,2025-10-28 00:00:00,23070,CA,SIL,Maute,GYR,M,
3555,2025-10-28 00:00:00,23089,CA,SIL,Maute,GYR,M,
3556,2025-10-28 00:00:00,23091,CA,SIL,Maute,GUZ,M,
3557,2025-10-28 00:00:00,23093,CA,SIL,Maute,GYR,M,
3558,2025-10-28 00:00:00,23099,CA,SIL,Maute,GYR,M,
3559,2025-10-28 00:00:00,23132,CA,SIL,Maute,GYR,M,
3560,2025-10-28 00:00:00,23137,CA,SIL,Maute,GYR,M,
3561,2025-10-28 00:00:00,23145,CA,SIL,Maute,GUZ,M,
3562,2025-10-28 00:00:00,23147,CA,SIL,Maute,GYR,M,
3563,2025-10-28 00:00:00,23164,CA,SIL,Maute,GYR,M,
3564,2025-10-28 00:00:00,23184,CA,SIL,Maute,GUZ,M,
3565,2025-10-28 00:00:00,23187,CA,SIL,Maute,GYR,M,
3566,2025-10-28 00:00:00,23190,CA,SIL,Maute,GYR,M,
3567,2025-10-28 00:00:00,23193,CA,SIL,Maute,CAR/GYR,M,
3568,2025-10-28 00:00:00,23196,CA,SIL,Maute,GYR,M,
3569,2025-10-28 00:00:00,23210,CA,SIL,Maute,GYR,M,
3570,2025-10-28 00:00:00,23218,CA,SIL,Maute,GIROLANDO,M,
3571,2025-10-28 00:00:00,23220,CA,SIL,Maute,GYR,M,
3572,2025-10-28 00:00:00,23222,CA,SIL,Maute,CAR,M,
3573,2025-10-28 00:00:00,23225,CA,SIL,Maute,F1/H,M,
3574,2025-10-28 00:00:00,23230,CA,SIL,Maute,F1/H,M,
3575,2025-10-28 00:00:00,23242,CA,SIL,Maute,CAR,M,
3576,2025-10-28 00:00:00,23247,CA,SIL,Maute,GYR,M,
3577,2025-10-28 00:00:00,23251,CA,SIL,Maute,CAR,M,
3578,2025-10-28 00:00:00,24050,CA,SIL,Maute,CAR/GYR,M,
3579,2025-10-28 00:00:00,24067,CA,SIL,Maute,GUZ,M,
3580,2025-10-28 00:00:00,24074,CA,SIL,Maute,GYR/CAR,M,
3581,2025-10-28 00:00:00,24082,CA,SIL,Maute,GYR,M,
3582,2025-10-28 00:00:00,24086,CA,SIL,Maute,GYR,M,
3583,2025-10-28 00:00:00,24098,CA,SIL,Maute,GYR,M,
3584,2025-10-28 00:00:00,24111,CA,SIL,Maute,GYR,M,
3585,2025-10-28 00:00:00,24141,CA,SIL,Maute,GYR,M,
3586,2025-10-28 00:00:00,24145,CA,SIL,Maute,GYR,M,
3587,2025-10-28 00:00:00,24198,CA,SIL,Maute,GYR,M,
3588,2025-10-28 00:00:00,22183,CA,SS,Maute,GYR,M,
3589,2025-10-28 00:00:00,22193,CA,SS,Mauta,GYR,H,
3590,2025-10-28 00:00:00,23080,CA,SS,Maute,GYR,M,
3591,2025-10-28 00:00:00,23087,CA,SS,Maute,GUZ,M,
3592,2025-10-28 00:00:00,23097,CA,SS,Maute,GYR,M,
3593,2025-10-28 00:00:00,23133,CA,SS,Maute,GYR,M,
3594,2025-10-28 00:00:00,23144,CA,SS,Maute,GYR,M,
3595,2025-10-28 00:00:00,23156,CA,SS,Maute,GYR,M,
3596,2025-10-28 00:00:00,23165,CA,SS,Maute,GYR,M,
3597,2025-10-28 00:00:00,23170,CA,SS,Maute,GYR,M,
3598,2025-10-28 00:00:00,23174,CA,SS,Maute,GYR,M,
3599,2025-10-28 00:00:00,23189,CA,SS,Maute,GYR,M,
3600,2025-10-28 00:00:00,23229,CA,SS,Maute,GYR,M,
3601,2025-10-28 00:00:00,23240,CA,SS,Maute,F1/H,M,
3602,2025-10-28 00:00:00,24003,CA,SS,Maute,F1/H,M,
3603,2025-10-28 00:00:00,24049,CA,SS,Maute,GYR,M,
3604,2025-10-28 00:00:00,24061,CA,SS,Maute,GYR,M,
3605,2025-10-28 00:00:00,24062,CA,SS,Maute,CAR,M,
3606,2025-10-28 00:00:00,24076,CA,SS,Maute,GYR,M,
3607,2025-10-28 00:00:00,24089,CA,SS,Maute,GYR,M,
3608,2025-10-28 00:00:00,24096,CA,SS,Mauta,GYR,H,
3609,2025-10-28 00:00:00,24137,SS,CA,Maute,GYR,M,
3610,2025-10-28 00:00:00,24207,SS,CA,Maute,GYR,M,
3611,2025-10-28 00:00:00,24220,SS,CA,Maute,GYR,M,
3612,2025-10-28 00:00:00,24222,SS,CA,Maute,GYR,M,
3613,2025-10-28 00:00:00,24177,SS,CA,Maute,GYR,M,
3614,2025-10-28 00:00:00,24202,SS,CA,Maute,GYR,M,
3615,2025-10-28 00:00:00,24185,SS,CA,Maute,GYR,M,
3616,2025-10-28 00:00:00,24151,SS,CA,Maute,GYR,M,
3617,2025-10-28 00:00:00,24200,SS,CA,Maute,Gyr,M,
3618,2025-10-28 00:00:00,24246,SS,CA,Maute,GYR,M,
3619,2025-10-28 00:00:00,24127,SS,CA,Maute,GYR,M,
3620,2025-10-28 00:00:00,24298,SS,CA,Mauta,CAR/GYR,H,
3621,2025-10-28 00:00:00,24234,SS,CA,Maute,CAR,M,
3622,2025-10-28 00:00:00,24188,SS,CA,Maute,GYR,M,
3623,2025-10-28 00:00:00,24164,SS,CA,Maute,GYR,M,
3624,2025-10-28 00:00:00,24147,SS,CA,Maute,GYR,M,
3625,2025-10-28 00:00:00,24230,SS,CA,Mauta,GYR,H,
3626,2025-10-28 00:00:00,24109,SS,CA,Maute,CAR,M,
3627,2025-10-28 00:00:00,24140,SS,CA,Mauta,GYR,H,
3628,2025-10-28 00:00:00,24194,SS,CA,Maute,GYR,M,
3629,2025-10-28 00:00:00,23239,SS,CA,Maute,GYR,M,
3630,2025-10-28 00:00:00,24167,SS,CA,Mauta,GYR,H,
3631,2025-10-28 00:00:00,24117,SS,CA,Maute,GYR,M,
3632,2025-10-28 00:00:00,24232,SS,CA,Mauta,GYR,H,
3633,2025-10-28 00:00:00,23236,SS,CA,Maute,F1/H,M,
3634,2025-10-28 00:00:00,24244,SS,CA,Mauta,CAR,H,
3635,2025-10-28 00:00:00,24056,SS,CA,Maute,GYR,M,
3636,2025-10-28 00:00:00,BU073,SS,CA,BUTOROREP,MURRAH,M,
3637,2025-10-28 00:00:00,22105,CA,SIL,Mauta,GYR,H,
3639,2025-11-25 00:00:00,25043,CA,SS,Maute,GYR,M,
3640,2025-11-27 00:00:00,BU085,SS,CA,BUTORO REP,MURRAH,M,
3641,2025-11-27 00:00:00,23086,CA,SS,Maute,GYR,M,
3642,2026-01-21 00:00:00,23132,SIL,LA,Maute,GYR,M,
3643,2026-01-21 00:00:00,23137,SIL,LA,Maute,GYR,M,
3644,2026-01-21 00:00:00,23145,SIL,LA,Maute,GUZ,M,
3645,2026-01-21 00:00:00,23147,SIL,LA,Maute,GYR,M,
3646,2026-01-21 00:00:00,23164,SIL,LA,Maute,GYR,M,
3647,2026-01-21 00:00:00,23184,SIL,LA,Maute,GUZ,M,
3648,2026-01-21 00:00:00,23187,SIL,LA,Maute,GYR,M,
3649,2026-01-21 00:00:00,23190,SIL,LA,Maute,GYR,M,
3650,2026-01-21 00:00:00,23193,SIL,LA,Maute,CAR/GYR,M,
3651,2026-01-21 00:00:00,23196,SIL,LA,Maute,GYR,M,
3652,2026-01-21 00:00:00,23210,SIL,LA,Maute,GYR,M,
3653,2026-01-21 00:00:00,23008,SIL,LA,Maute,GYR,M,
3654,2026-01-21 00:00:00,23035,SIL,LA,Maute,GYR,M,
3655,2026-01-21 00:00:00,23218,SIL,LA,Maute,GIROLANDO,M,
3656,2026-01-21 00:00:00,23220,SIL,LA,Maute,GYR,M,
3657,2026-01-21 00:00:00,23222,SIL,LA,Maute,CAR,M,
3658,2026-01-21 00:00:00,23059,SIL,LA,Maute,GYR,M,
3659,2026-01-21 00:00:00,23242,SIL,LA,Maute,CAR,M,
3660,2026-01-21 00:00:00,23247,SIL,LA,Maute,GYR,M,
3661,2026-01-21 00:00:00,23251,SIL,LA,Maute,CAR,M,
3662,2026-01-21 00:00:00,23093,SIL,LA,Maute,GYR,M,
3663,2026-01-21 00:00:00,23056,SIL,LA,Maute,GYR/CAR,M,
3664,2026-01-21 00:00:00,23091,SIL,LA,Maute,GUZ,M,
3665,2026-01-21 00:00:00,23099,SIL,LA,Maute,GYR,M,
3666,2026-01-21 00:00:00,23070,SIL,LA,Maute,GYR,M,
3667,2026-01-21 00:00:00,23089,SIL,LA,Maute,GYR,M,
3668,2026-01-21 00:00:00,24198,SIL,LA,Maute,GYR,M,
3669,2026-01-21 00:00:00,23225,SIL,LA,Maute,F1/H,M,
3670,2026-01-21 00:00:00,23230,SIL,LA,Maute,F1/H,M,
3671,2026-01-21 00:00:00,24067,SIL,LA,Maute,GUZ,M,
3672,2026-01-21 00:00:00,24074,SIL,LA,Maute,GYR/CAR,M,
3673,2026-01-21 00:00:00,24082,SIL,LA,Maute,GYR,M,
3674,2026-01-21 00:00:00,24086,SIL,LA,Maute,GYR,M,
3675,2026-01-21 00:00:00,24098,SIL,LA,Maute,GYR,M,
3676,2026-01-21 00:00:00,24111,SIL,LA,Maute,GYR,M,
3677,2026-01-21 00:00:00,24141,SIL,LA,Maute,GYR,M,
3678,2026-01-21 00:00:00,24145,SIL,LA,Maute,GYR,M,
3679,2026-01-24 00:00:00,BU315,SS,CA,Baute,MURRAH,M,
3680,2026-01-24 00:00:00,BU085,CA,SS,BUTOROREP,MURRAH,M,
3681,2026-01-24 00:00:00,BU321,SS,CA,Baute,MURRAH,M,
3682,2025-12-19 00:00:00,24200,CA,SS,Maute,GYR,M,
3683,2025-12-19 00:00:00,23244,CA,SS,Maute,F1/H,M,
3684,2025-12-19 00:00:00,24056,CA,SS,Maute,GYR,M,
3685,2025-12-19 00:00:00,24157,CA,SS,Mauta,GYR,M,
3686,2025-12-19 00:00:00,24234,CA,SS,Maute,CAR,M,
3687,2025-12-19 00:00:00,24235,CA,SS,Maute,CAR,M,
3688,2025-12-19 00:00:00,24271,CA,SS,Maute,GYR,M,
3689,2025-12-19 00:00:00,24283,CA,SS,Mauta,GYR,H,
3690,2025-12-19 00:00:00,24284,CA,SS,Mauta,GYR,H,
3691,2025-12-19 00:00:00,24302,CA,SS,Mauta,GYR,H,
3692,2025-12-19 00:00:00,25033,CA,SS,Maute,GYR,M,
3693,2026-02-12 00:00:00,24205,SS,CA,Maute,GYR,M,
3694,2026-02-12 00:00:00,24212,SS,CA,Mauta,GYR,H,
3695,2026-02-12 00:00:00,25033,SS,CA,Maute,GYR,M,
3696,2026-02-12 00:00:00,25045,SS,CA,Mauta,GYR,H,
3697,2026-02-12 00:00:00,25062,SS,CA,Maute,CAR,M,
3698,2026-02-12 00:00:00,25071,SS,CA,Mauta,GYR,H,
3699,2026-02-12 00:00:00,25080,SS,CA,Mauta,GYR,H,
3700,2026-02-12 00:00:00,25086,SS,CA,Mauta,GYR,H,
3701,2026-02-12 00:00:00,25093,SS,CA,Maute,,M,
3702,2026-02-12 00:00:00,25096,SS,CA,Maute,,M,
3703,2026-02-12 00:00:00,25097,SS,CA,Maute,,M,
3704,2026-02-12 00:00:00,25118,SS,CA,Mauta,,H,
3705,2026-02-12 00:00:00,25122,SS,CA,Mauta,,H,
3706,2026-02-12 00:00:00,25125,SS,CA,Maute,,M,
3707,2026-02-12 00:00:00,25120,SS,CA,Maute,,M,
3708,2026-02-12 00:00:00,25149,SS,CA,Maute,GYR,M,
3709,2026-02-12 00:00:00,25151,SS,CA,Maute,,M,
3710,2026-02-12 00:00:00,25152,SS,CA,Maute,,M,
3711,2026-02-11 00:00:00,24073,SS,CA,Maute,CAR,M,
3712,2026-02-11 00:00:00,24114,SS,CA,Maute,GYR,M,
3713,2026-02-11 00:00:00,24229,SS,CA,Maute,GYR,M,
3714,2026-02-11 00:00:00,24234,SS,CA,Maute,CAR,M,
3715,2026-02-11 00:00:00,24284,SS,CA,Mauta,GYR,H,
3716,2026-02-11 00:00:00,24286,SS,CA,Mauta,GYR,H,
3717,2026-02-11 00:00:00,24302,SS,CA,Mauta,GYR,H,
3718,2026-02-11 00:00:00,24306,SS,CA,Maute,GYR,M,
3719,2026-02-11 00:00:00,25030,SS,CA,Maute,GYR,M,
3720,2026-02-11 00:00:00,J25031,SS,CA,Maute,GUZ,M,
3721,2026-02-11 00:00:00,25039,SS,CA,Maute,GYR,M,
3722,2026-02-11 00:00:00,J25049,SS,CA,Mauta,GYR,H,
3723,2026-02-11 00:00:00,25052,SS,CA,Maute,GYR,M,
3724,2026-02-11 00:00:00,25054,SS,CA,Mauta,GYR,H,
3725,2026-02-11 00:00:00,25060,SS,CA,Mauta,CAR,H,
3726,2026-02-11 00:00:00,25064,SS,CA,Mauta,CAR/GYR,H,
3727,2026-02-11 00:00:00,25065,SS,CA,Mauta,MESTIZO,H,
3728,2026-02-11 00:00:00,25116,SS,CA,Maute,CAR/GYR,M,
3729,2026-02-11 00:00:00,25020,SS,SIL,Mauta,CAR,H,
3730,2026-02-11 00:00:00,24285,SS,SIL,Maute,CAR,M,
3731,2026-02-11 00:00:00,25055,SS,SIL,Maute,CAR,M,
3732,2026-02-11 00:00:00,25088,SS,SIL,Maute,,M,
3733,2026-02-11 00:00:00,25067,SS,SIL,Maute,CAR,M,
3734,2026-02-11 00:00:00,25022,SS,SIL,Maute,CAR,M,
3735,2026-02-11 00:00:00,25005,SS,SIL,Mauta,CAR,H,
3736,2026-02-11 00:00:00,24247,SS,SIL,Mauta,GYR,H,
3737,2026-02-11 00:00:00,25024,SS,SIL,Mauta,GYR,H,
3738,2026-02-11 00:00:00,24287,SS,SIL,Mauta,GYR/GUZ,H,
3739,2026-02-11 00:00:00,24200,SS,SIL,Maute,Gyr,M,
3740,2026-02-11 00:00:00,24290,SS,SIL,Maute,CAR,M,
3741,2026-02-11 00:00:00,24300,SS,SIL,Maute,GYR,M,
3742,2026-02-11 00:00:00,24172,SS,SIL,Maute,CAR,M,
3743,2026-02-11 00:00:00,25074,SS,SIL,Maute,GYR,M,
3744,2026-02-11 00:00:00,25114,SS,SIL,Maute,,M,
3745,2026-02-11 00:00:00,25109,SS,SIL,Maute,CAR,M,
3746,2026-02-11 00:00:00,23209,SS,SIL,Mauta,GYR,H,
3747,2026-02-11 00:00:00,24299,SS,SIL,Maute,,M,
3748,2026-02-11 00:00:00,J25002,SS,SIL,Mauta,GUZ,H,
3749,2026-02-11 00:00:00,24297,SS,SIL,Mauta,,H,
3750,2026-02-11 00:00:00,25075,SS,SIL,Mauta,GYR,H,
3751,2026-02-11 00:00:00,25056,SS,SIL,Mauta,CAR,H,
3752,2026-02-11 00:00:00,25061,SS,SIL,Mauta,GYR,H,
3753,2026-02-11 00:00:00,24289,SS,SIL,Mauta,GYR,H,
3754,2026-02-12 00:00:00,25063,SS,SIL,Mauta,GYR,H,122
3755,2026-02-12 00:00:00,25084,SS,SIL,Maute,GYR,M,108
3756,2026-02-12 00:00:00,25104,SS,SIL,Mauta,CAR/GYR,H,191
3757,2026-02-12 00:00:00,25137,SS,SIL,Maute,,M,101
3758,2026-02-12 00:00:00,25100,SS,SIL,Mauta,GYR,H,115
3759,2026-02-12 00:00:00,25091,SS,SIL,Maute,,M,106
3760,2026-02-12 00:00:00,25121,SS,SIL,Maute,,M,124
3761,2026-02-12 00:00:00,25034,SS,SIL,Maute,GYR,M,103
3762,2026-02-12 00:00:00,25027,SS,SIL,Maute,CAR,M,140
3763,2026-02-12 00:00:00,25058,SS,SIL,Mauta,CAR,H,95
3764,2026-02-12 00:00:00,25036,SS,SIL,Maute,GYR,M,135
3765,2026-02-12 00:00:00,22169A,SS,SIL,Mauta,GYR,H,
3766,2026-02-12 00:00:00,25099,SS,SIL,Mauta,GYR,H,
3767,2026-02-12 00:00:00,25028,SS,SIL,Maute,GYR,M,
3768,2026-02-12 00:00:00,25076,SS,SIL,Mauta,CAR,H,
3769,2026-02-12 00:00:00,24235,SS,SIL,Maute,CAR,M,
3770,2026-02-12 00:00:00,25053,SS,SIL,Mauta,CAR,H,
3771,2026-02-12 00:00:00,24008,SS,SIL,Maute,GYR,M,
3772,2026-02-12 00:00:00,24283,SS,SIL,Mauta,GYR,H,
3773,2026-02-12 00:00:00,25009,SS,SIL,Mauta,CAR,H,
3774,2026-02-12 00:00:00,25068,SS,SIL,Mauta,CAR,H,84
3775,2026-02-12 00:00:00,25012,SS,SIL,Mauta,GYR,H,104
3776,2026-02-12 00:00:00,25040,SS,SIL,Maute,GYR,M,128
3777,2026-02-12 00:00:00,25066,SS,SIL,Mauta,GYR/CAR,H,108
3778,2026-03-11 00:00:00,BU358,SS,CA,Bauta,MURRAH,H,
3779,2026-03-11 00:00:00,BU78,SS,CA,Buvilla,MURRAH,H,
3780,2026-03-11 00:00:00,BU357,SS,CA,Bauta,MURRAH,H,
3781,2026-03-11 00:00:00,BU368,SS,CA,Bauta,MURRAH,H,
3782,2026-03-11 00:00:00,BU377,SS,CA,Bauta,MURRAH,H,
3783,2026-03-11 00:00:00,BU363,SS,CA,Bauta,MURRAH,H,
3784,2026-03-12 00:00:00,22189,CA,SS,Novilla,GYR,H,
3785,2026-03-12 00:00:00,23001,CA,SS,Novilla,GYR,H,
3786,2026-03-12 00:00:00,23006,CA,SS,Novilla,GYR,H,
3787,2026-03-12 00:00:00,23016,CA,SS,Novilla,GYR,H,
3788,2026-03-12 00:00:00,23017,CA,SS,Novilla,GYR,H,
3789,2026-03-12 00:00:00,23022,CA,SS,Novilla,GYR,H,
3790,2026-03-12 00:00:00,23036,CA,SS,Novilla,GYR,H,
3791,2026-03-12 00:00:00,25025,CA,SS,Mauta,GYR,H,
3792,2026-03-13 00:00:00,25077,SS,SIL,Mauta,GYR,H,123
3793,2026-03-13 00:00:00,25103,SS,SIL,Mauta,GYR/CAR,H,110
3794,2026-03-13 00:00:00,25050,SS,SIL,Maute,GYR,M,131
3795,2026-03-13 00:00:00,25059,SS,SIL,Maute,GYR,M,138
3796,2026-03-13 00:00:00,J25132,SS,SIL,Maute,GYR,M,134
3797,2026-03-13 00:00:00,25127,SS,SIL,Mauta,CAR/GYR,H,112
3798,2026-03-13 00:00:00,25134,SS,SIL,Maute,CAR,M,114
3799,2026-03-13 00:00:00,J25147,SS,SIL,Mauta,GYR,H,78
3800,2026-03-13 00:00:00,25087,SS,SIL,Mauta,,H,113
3801,2026-03-13 00:00:00,25142,SS,SIL,Mauta,CAR,H,92
3802,2026-03-13 00:00:00,25105,SS,SIL,Mauta,GYR,H,112
3803,2026-03-13 00:00:00,25095,SS,SIL,Maute,GYR,M,122
3804,2026-03-13 00:00:00,25139,SS,SIL,Maute,GYR,M,94
3805,2026-03-13 00:00:00,25101,SS,SIL,Mauta,,H,113
3806,2026-03-13 00:00:00,25124,SS,SIL,Maute,CAR/GYR,M,105
3807,2026-03-13 00:00:00,25111,SS,SIL,Maute,,M,117
3808,2026-03-13 00:00:00,25073,SS,SIL,Maute,GYR,M,113
3809,2026-03-13 00:00:00,25131,SS,SIL,Maute,,M,96
3810,2026-03-13 00:00:00,25106,SS,SIL,Mauta,,H,89
3811,2026-03-13 00:00:00,25135,SS,SIL,Maute,,M,75
3812,2026-03-13 00:00:00,25155,SS,SIL,Mauta,GYR,H,128
3813,2026-03-11 00:00:00,1074A,Finca_Sr_Jose,SS,Toro,BRA,M,
3814,2024-11-12 00:00:00,1074A,SS,Finca_Sr_Jose,Toro,BRA,M,
3815,2026-04-10 00:00:00,23096,SS,FV,Toro,GYR,M,
3816,2026-02-11 00:00:00,25021,SS,SIL,Mauta,GYR,H,124
3817,2026-04-13 00:00:00,22169A,SIL,CA,Mauta,,H,
3818,2026-04-13 00:00:00,23209,SIL,CA,Mauta,,H,
3819,2026-04-13 00:00:00,24008,SIL,CA,Maute,,M,
3820,2026-04-13 00:00:00,24172,SIL,CA,Maute,,M,
3821,2026-04-13 00:00:00,24200,SIL,CA,Maute,,M,
3822,2026-04-13 00:00:00,24235,SIL,CA,Maute,,M,
3823,2026-04-13 00:00:00,24247,SIL,CA,Mauta,,H,
3824,2026-04-13 00:00:00,24283,SIL,CA,Mauta,,H,
3825,2026-04-13 00:00:00,24285,SIL,CA,Maute,,M,
3826,2026-04-13 00:00:00,24287,SIL,CA,Mauta,,H,
3827,2026-04-13 00:00:00,24289,SIL,CA,Mauta,,H,
3828,2026-04-13 00:00:00,24290,SIL,CA,Maute,,M,
3829,2026-04-13 00:00:00,24297,SIL,CA,Mauta,,H,
3830,2026-04-13 00:00:00,24299,SIL,CA,Maute,,M,
3831,2026-04-13 00:00:00,24300,SIL,CA,Maute,,M,
3832,2026-04-13 00:00:00,25005,SIL,CA,Mauta,,H,
3833,2026-04-13 00:00:00,25009,SIL,CA,Mauta,,H,
3834,2026-04-13 00:00:00,25012,SIL,CA,Mauta,,H,
3835,2026-04-13 00:00:00,J25002,SIL,CA,Mauta,,H,
3836,2026-04-13 00:00:00,25020,SIL,CA,Mauta,,H,
3837,2026-04-13 00:00:00,25021,SIL,CA,Mauta,,H,
3838,2026-04-13 00:00:00,25022,SIL,CA,Maute,,M,
3839,2026-04-13 00:00:00,25024,SIL,CA,Mauta,,H,
3840,2026-04-16 00:00:00,25027,SIL,SS,Maute,,M,
3841,2026-04-13 00:00:00,25028,SIL,CA,Maute,,M,
3842,2026-04-13 00:00:00,25034,SIL,CA,Maute,,M,
3843,2026-04-13 00:00:00,25036,SIL,CA,Maute,,M,
3844,2026-04-13 00:00:00,25040,SIL,CA,Maute,,M,
3845,2026-04-13 00:00:00,25050,SIL,CA,Maute,,M,
3846,2026-04-13 00:00:00,25053,SIL,CA,Mauta,,H,
3847,2026-04-13 00:00:00,25055,SIL,CA,Maute,,M,
3848,2026-04-13 00:00:00,25056,SIL,CA,Mauta,,H,
3849,2026-04-13 00:00:00,25058,SIL,CA,Mauta,,H,
3850,2026-04-13 00:00:00,25059,SIL,CA,Maute,,M,
3851,2026-04-13 00:00:00,25061,SIL,CA,Mauta,,H,
3852,2026-04-13 00:00:00,25066,SIL,CA,Mauta,,H,
3853,2026-04-13 00:00:00,25067,SIL,CA,Maute,,M,
3854,2026-04-13 00:00:00,25068,SIL,CA,Mauta,,H,
3855,2026-04-13 00:00:00,25073,SIL,CA,Maute,,M,
3856,2026-04-13 00:00:00,25074,SIL,CA,Maute,,M,
3857,2026-04-13 00:00:00,25075,SIL,CA,Mauta,,H,
3858,2026-04-13 00:00:00,25076,SIL,CA,Mauta,,H,
3859,2026-04-13 00:00:00,25077,SIL,CA,Mauta,,H,
3860,2026-04-13 00:00:00,25084,SIL,CA,Maute,,M,
3861,2026-04-13 00:00:00,25087,SIL,CA,Mauta,,H,
3862,2026-04-13 00:00:00,25088,SIL,CA,Maute,,M,
3863,2026-04-13 00:00:00,25091,SIL,CA,Maute,,M,
3864,2026-04-13 00:00:00,25095,SIL,CA,Maute,,M,
3865,2026-04-13 00:00:00,25099,SIL,CA,Mauta,,H,
3866,2026-04-13 00:00:00,25100,SIL,CA,Mauta,,H,
3867,2026-04-13 00:00:00,25101,SIL,CA,Mauta,,H,
3868,2026-04-13 00:00:00,25103,SIL,CA,Mauta,,H,
3869,2026-04-13 00:00:00,25105,SIL,CA,Mauta,,H,
3870,2026-04-13 00:00:00,25104,SIL,CA,Mauta,,H,
3871,2026-04-13 00:00:00,25106,SIL,CA,Mauta,,H,
3872,2026-04-13 00:00:00,25111,SIL,CA,Maute,,M,
3873,2026-04-13 00:00:00,25124,SIL,CA,Maute,,M,
3874,2026-04-13 00:00:00,25127,SIL,CA,Mauta,,H,
3875,2026-04-13 00:00:00,25131,SIL,CA,Maute,,M,
3876,2026-04-13 00:00:00,J25132,SIL,CA,Maute,,M,
3877,2026-04-13 00:00:00,25134,SIL,CA,Maute,,M,
3878,2026-04-13 00:00:00,25135,SIL,CA,Maute,,M,
3879,2026-04-13 00:00:00,25137,SIL,CA,Maute,,M,
3880,2026-04-13 00:00:00,25139,SIL,CA,Maute,,M,
3881,2026-04-13 00:00:00,25142,SIL,CA,Mauta,,H,
3882,2026-04-13 00:00:00,J25147,SIL,CA,Mauta,,H,
3883,2026-04-13 00:00:00,25155,SIL,CA,Mauta,,H,
3884,2026-04-29 00:00:00,BU321,CA,SS,Baute,MURRAH,M,
3885,2026-04-29 00:00:00,BU325,SS,CA,Baute,MURRAH,M,
3886,2026-04-29 00:00:00,25063,SIL,SS,Mauta,GYR,H,
3887,2026-05-05 00:00:00,1133,SS,12,Maute,GUZ,M,408
3888,2026-05-05 00:00:00,2045,SS,12,LEVANTE,CAR,M,448
3889,2026-05-05 00:00:00,2099,SS,12,Maute,GYR,M,333
3890,2026-05-05 00:00:00,22114,SS,12,CEBA,GYR,M,382
3891,2026-05-05 00:00:00,22120,SS,12,CEBA,GYR,M,468
3892,2026-05-05 00:00:00,22122,SS,12,CEBA,GYR,M,425
3893,2026-05-05 00:00:00,22175,SS,12,CEBA,GYR,M,466
3894,2026-05-05 00:00:00,22176,SS,12,CEBA,GYR,M,380
3895,2026-05-05 00:00:00,22183,SS,12,LEVANTE,GYR,M,359
3896,2026-05-05 00:00:00,22184,SS,12,CEBA,GYR,M,416
3897,2026-05-05 00:00:00,22187,SS,12,CEBA,GYR,M,349
3898,2026-05-05 00:00:00,22192,SS,12,CEBA,GYR,M,396
3899,2026-05-05 00:00:00,22205,SS,12,CEBA,GYR,M,369
3900,2026-05-05 00:00:00,22206,SS,12,CEBA,GYR,M,432
3901,2026-05-05 00:00:00,22207,SS,12,CEBA,GYR,M,419
3902,2026-05-05 00:00:00,23007,SS,12,Maute PQ,HOL/GYR,M,284
3903,2026-05-05 00:00:00,23008,SS,12,CEBA,GYR,M,259
3904,2026-05-05 00:00:00,23010,SS,12,CEBA,GYR,M,401
3905,2026-05-05 00:00:00,23014,SS,12,CEBA,GYR,M,422
3906,2026-05-05 00:00:00,23019,SS,12,CEBA,GYR,M,425
3907,2026-05-05 00:00:00,23026,SS,12,Maute PQ,HOL,M,329
3908,2026-05-05 00:00:00,23028,SS,12,CEBA,GYR,M,391
3909,2026-05-05 00:00:00,23035,SS,12,CEBA,GYR,M,269
3910,2026-05-05 00:00:00,23038,SS,12,CEBA,GYR/CAR,M,339
3911,2026-05-05 00:00:00,23046,SS,12,CEBA,GYR,M,335
3912,2026-05-05 00:00:00,23054,SS,12,CEBA,GYR,M,353
3913,2026-05-05 00:00:00,23056,SS,12,CEBA,GYR/CAR,M,336
3914,2026-05-05 00:00:00,23058,SS,12,CEBA,GYR,M,376
3915,2026-05-05 00:00:00,23059,SS,12,CEBA,GYR,M,312
3916,2026-05-05 00:00:00,23070,SS,12,CEBA,GYR,M,290
3917,2026-05-05 00:00:00,23072,SS,12,CEBA,GYR,M,403
3918,2026-05-05 00:00:00,23078,SS,12,CEBA,GYR,M,358
3919,2026-05-05 00:00:00,23080,SS,12,LEVANTE,GYR,M,367
3920,2026-05-05 00:00:00,23084,SS,12,CEBA,GYR,M,369
3921,2026-05-05 00:00:00,23085,SS,12,CEBA,GYR,M,367
3922,2026-05-05 00:00:00,23087,SS,12,LEVANTE,GUZ,M,304
3923,2026-05-05 00:00:00,23088,SS,12,CEBA,GYR,M,346
3924,2026-05-05 00:00:00,23089,SS,12,CEBA,GYR,M,286
3925,2026-05-05 00:00:00,23091,SS,12,CEBA,GUZ,M,277
3926,2026-05-05 00:00:00,23093,SS,12,CEBA,GYR,M,258
3927,2026-05-05 00:00:00,23095,SS,12,CEBA,GYR,M,368
3928,2026-05-05 00:00:00,23097,SS,12,LEVANTE,GYR,M,303
3929,2026-05-05 00:00:00,23099,SS,12,CEBA,GYR,M,297
3930,2026-05-05 00:00:00,23100,SS,12,CEBA,GYR,M,401
3931,2026-05-05 00:00:00,23102,SS,12,CEBA,GUZ,M,381
3932,2026-05-05 00:00:00,23104,SS,12,CEBA,GUZ/GYR,M,425
3933,2026-05-05 00:00:00,23108,SS,12,CEBA,GUZ,M,254
3934,2026-05-05 00:00:00,23114,SS,12,CEBA,GYR,M,363
3936,2026-05-05 00:00:00,23119,SS,12,CEBA,GYR,M,411
3937,2026-05-05 00:00:00,23123,SS,12,CEBA,GYR,M,414
3938,2026-05-05 00:00:00,23124,SS,12,CEBA,GUZ,M,326
3939,2026-05-05 00:00:00,23132,SS,12,CEBA,GYR,M,266
3940,2026-05-05 00:00:00,23133,SS,12,LEVANTE,GYR,M,264
3941,2026-05-05 00:00:00,23135,SS,12,CEBA,GYR,M,310
3942,2026-05-05 00:00:00,23137,SS,12,CEBA,GYR,M,291
3943,2026-05-05 00:00:00,23140,SS,12,CEBA,GUZ,M,342
3944,2026-05-05 00:00:00,23142,SS,12,CEBA,GYR,M,386
3945,2026-05-05 00:00:00,23144,SS,12,LEVANTE,GYR,M,269
3946,2026-05-05 00:00:00,23145,SS,12,CEBA,GUZ,M,353
3947,2026-05-05 00:00:00,23146,SS,12,CEBA,GYR,M,436
3948,2026-05-05 00:00:00,23147,SS,12,CEBA,GYR,M,311
3949,2026-05-05 00:00:00,23150,SS,12,CEBA,GYR,M,401
3950,2026-05-05 00:00:00,23157,SS,12,CEBA,GUZ,M,277
3951,2026-05-05 00:00:00,23164,SS,12,CEBA,GYR,M,302
3952,2026-05-05 00:00:00,23170,SS,12,LEVANTE,GYR,M,307
3953,2026-05-05 00:00:00,23173,SS,12,CEBA,GYR,M,277
3954,2026-05-05 00:00:00,23174,SS,12,LEVANTE,GYR,M,295
3955,2026-05-05 00:00:00,23177,SS,12,CEBA,GYR,M,288
3956,2026-05-05 00:00:00,23181,SS,12,CEBA,GYR,M,382
3957,2026-05-05 00:00:00,23184,SS,12,CEBA,GUZ,M,102
3958,2026-05-05 00:00:00,23187,SS,12,CEBA,GYR,M,281
3959,2026-05-05 00:00:00,23188,SS,12,CEBA,GYR,M,278
3960,2026-05-05 00:00:00,23190,SS,12,CEBA,GYR,M,256
3961,2026-05-05 00:00:00,23193,SS,12,CEBA,CAR/GYR,M,299
3962,2026-05-05 00:00:00,23196,SS,12,CEBA,GYR,M,348
3963,2026-05-05 00:00:00,23197,SS,12,CEBA,GYR,M,265
3964,2026-05-05 00:00:00,23210,SS,12,CEBA,GYR,M,258
3965,2026-05-05 00:00:00,23214,SS,12,CEBA,GYR,M,364
3966,2026-05-05 00:00:00,23217,SS,12,LEVANTE,GYR,M,305
3967,2026-05-05 00:00:00,23218,SS,12,CEBA,GIROLANDO,M,284
3968,2026-05-05 00:00:00,23220,SS,12,CEBA,GYR,M,297
3969,2026-05-05 00:00:00,23222,SS,12,CEBA,CAR,M,313
3970,2026-05-05 00:00:00,23224,SS,12,Sin Lote,F1/H,M,384
3971,2026-05-05 00:00:00,23225,SS,12,Sin Lote,F1/H,M,353
3972,2026-05-05 00:00:00,23229,SS,12,LEVANTE,GYR,M,302
3973,2026-05-05 00:00:00,23230,SS,12,Sin Lote,F1/H,M,348
3974,2026-05-05 00:00:00,23238,SS,12,Maute Med,F1/H,M,390
3975,2026-05-05 00:00:00,23240,SS,12,LEVANTE,F1/H,M,336
3976,2026-05-05 00:00:00,23241,SS,12,Maute Med,F1/H,M,473
3977,2026-05-05 00:00:00,23242,SS,12,CEBA,CAR,M,263
3978,2026-05-05 00:00:00,23244,SS,12,LEVANTE,F1/H,M,384
3979,2026-05-05 00:00:00,23247,SS,12,CEBA,GYR,M,335
3980,2026-05-05 00:00:00,23249,SS,12,CEBA,GYR,M,347
3981,2026-05-05 00:00:00,23251,SS,12,CEBA,CAR,M,238
3982,2026-05-05 00:00:00,24002,SS,12,Maute PQ,F1/H,M,324
3983,2026-05-05 00:00:00,24003,SS,12,LEVANTE,F1/H,M,350
3984,2026-05-05 00:00:00,24020,SS,12,LEVANTE,F1/H,M,267
3985,2026-05-05 00:00:00,24033,SS,12,CEBA,GYR,M,256
3986,2026-05-05 00:00:00,24037,SS,12,CEBA,GYR,M,275
3987,2026-05-05 00:00:00,24049,SS,12,LEVANTE,GYR,M,271
3988,2026-05-05 00:00:00,24056,SS,12,Maute,GYR,M,276
3989,2026-05-05 00:00:00,24060,SS,12,CEBA,GYR,M,256
3990,2026-05-05 00:00:00,24061,SS,12,LEVANTE,GYR,M,279
3991,2026-05-05 00:00:00,24062,SS,12,LEVANTE,CAR,M,243
3992,2026-05-05 00:00:00,24065,SS,12,LEVANTE,CAR,M,275
3993,2026-05-05 00:00:00,24067,SS,12,CEBA,GUZ,M,305
3994,2026-05-05 00:00:00,24068,SS,12,LEVANTE,GYR,M,235
3995,2026-05-05 00:00:00,24071,SS,12,CEBA,GYR,M,269
3996,2026-05-05 00:00:00,24074,SS,12,CEBA,GYR/CAR,M,296
3997,2026-05-05 00:00:00,24076,SS,12,LEVANTE,GYR,M,330
3998,2026-05-05 00:00:00,24077,SS,12,LEVANTE,GYR,M,406
3999,2026-05-05 00:00:00,24081,SS,12,LEVANTE,GYR,M,275
4000,2026-05-05 00:00:00,24082,SS,12,CEBA,GYR,M,238
4001,2026-05-05 00:00:00,24086,SS,12,CEBA,GYR,M,275
4002,2026-05-05 00:00:00,24098,SS,12,CEBA,GYR,M,256
4003,2026-05-05 00:00:00,24111,SS,12,CEBA,GYR,M,329
4004,2026-05-05 00:00:00,24134,SS,12,CEBA,GYR,M,272
4005,2026-05-05 00:00:00,24141,SS,12,CEBA,GYR,M,249
4006,2026-05-05 00:00:00,24145,SS,12,CEBA,GYR,M,265
4007,2026-05-05 00:00:00,24160,SS,12,CEBA,GYR,M,283
4008,2026-05-05 00:00:00,24165,SS,12,CEBA,GYR,M,252
4009,2026-05-05 00:00:00,24198,SS,12,CEBA,Gyr,M,290
4010,2026-05-05 00:00:00,24206,SS,12,CEBA,GYR,M,250
4011,2026-05-05 00:00:00,24214,SS,12,CEBA,GYR,M,255
4012,2026-05-05 00:00:00,24233,SS,12,LEVANTE,CAR,M,249
4013,2026-05-05 00:00:00,24271,SS,12,LEVANTE,GYR,M,291
4014,2026-05-05 00:00:00,3501,SS,12,LEVANTE,CAR,M,345
4015,2026-05-05 00:00:00,3504,SS,12,LEVANTE,GYR,M,249
4016,2026-05-05 00:00:00,4501,SS,12,LEVANTE,GYR,M,419
4017,2026-05-05 00:00:00,J4011,SS,12,CEBA,GYR,M,294
4018,2026-05-05 00:00:00,J416,SS,12,CEBA,GYR,M,299
4019,2026-05-05 00:00:00,J417,SS,12,LEVANTE,GYR,M,259
4020,2026-05-06 00:00:00,23090,SS,FV,Maute,GUZ,M,389
4021,2026-05-06 00:00:00,0214,FV,SS,Toro,GYR,M,
4022,2026-03-06 00:00:00,BU009,SS,CA,Baute,MURRAH,M,
4023,2026-05-28 00:00:00,25078,SS,CA,Maute,GYR,M,
4024,2026-05-28 00:00:00,25089,SS,CA,Maute,0,M,
4025,2026-05-28 00:00:00,25098,SS,CA,Maute,GYR,M,
4026,2026-05-28 00:00:00,25119,SS,CA,Maute,0,M,
4027,2026-05-28 00:00:00,25126,SS,CA,Mauta,CAR,H,
4028,2026-05-28 00:00:00,25129,SS,CA,Maute,CAR,M,
4029,2026-05-28 00:00:00,25130,SS,CA,Maute,CAR/GYR,M,
4030,2026-05-28 00:00:00,25138,SS,CA,Mauta,CAR,H,
4031,2026-05-28 00:00:00,25140,SS,CA,Maute,GYR,M,
4032,2026-05-28 00:00:00,25141,SS,CA,Mauta,GYR,H,
4033,2026-05-28 00:00:00,25154,SS,CA,Maute,0,M,
4034,2026-05-28 00:00:00,25159,SS,CA,Mauta,GYR,H,
4035,2026-05-28 00:00:00,25161,SS,CA,Mauta,GYR,H,
4036,2026-05-28 00:00:00,25164,SS,CA,Maute,GYR,H,
4037,2026-05-28 00:00:00,25167,SS,CA,Mauta,GYR,H,
4038,2026-05-28 00:00:00,25173,SS,CA,Maute,0,M,
4039,2026-05-28 00:00:00,25176,SS,CA,Maute,0,M,
4040,2026-05-28 00:00:00,25178,SS,CA,Maute,0,M,
4041,2026-05-28 00:00:00,25179,SS,CA,Mauta,CAR,H,
4042,2026-05-28 00:00:00,25183,SS,CA,Mauta,0,H,
4043,2026-05-28 00:00:00,25187,SS,CA,Maute,0,M,
4044,2026-05-28 00:00:00,25188,SS,CA,Maute,0,M,
4045,2026-05-28 00:00:00,25190,SS,CA,Maute,CAR,M,
4046,2026-05-28 00:00:00,25192,SS,CA,Mauta,0,H,
4047,2026-05-28 00:00:00,25203,SS,CA,Mauta,0,H,
4048,2026-05-28 00:00:00,25210,SS,CA,Maute,CAR/GYR,M,
4049,2026-05-28 00:00:00,25211,SS,CA,Maute,0,M,
4050,2026-05-28 00:00:00,25213,SS,CA,Maute,0,M,
4051,2026-05-28 00:00:00,25222,SS,CA,Maute,0,M,
4052,2026-05-28 00:00:00,25223,SS,CA,Maute,0,M,
4053,2026-05-28 00:00:00,25224,SS,CA,Mauta,0,H,
4054,2026-05-28 00:00:00,25226,SS,CA,Maute,0,M,
4055,2026-05-28 00:00:00,25237,SS,CA,Maute,0,M,
4056,2026-05-28 00:00:00,25265,SS,CA,Maute,0,M,
4057,2026-05-28 00:00:00,25177,SS,CA,Mauta,,H,102
4058,2026-06-04 00:00:00,24071,12,SS,Maute,GYR,M,229
4059,2026-06-04 00:00:00,24065,12,SS,Maute,CAR,M,223
4060,2026-06-04 00:00:00,3504,12,SS,TORO,GYR,M,229
4061,2026-06-04 00:00:00,24020,12,SS,Maute,F1/H,M,256
4062,2026-06-04 00:00:00,23008,12,SS,TORO,GYR,M,233
4063,2026-06-04 00:00:00,23007,12,SS,TORO,HOL/GYR,M,264
4064,2026-06-04 00:00:00,24033,12,SS,Maute,GYR,M,245
4065,2026-06-04 00:00:00,24156,CA,12,Maute,GYR,M,
4066,2026-06-04 00:00:00,24109,CA,12,Maute,CAR,M,
4067,2026-06-04 00:00:00,24170,CA,12,Maute,GYR,M,
4068,2026-06-04 00:00:00,25078,CA,12,Maute,GYR,M,
4069,2026-06-04 00:00:00,24203,CA,12,Maute,GYR,M,
4070,2026-06-04 00:00:00,24080,CA,12,Maute,GYR,M,
4071,2026-06-04 00:00:00,24102,CA,12,Maute,CAR,M,
4072,2026-06-04 00:00:00,23064,CA,12,TORO,GYR,M,
4073,2026-06-04 00:00:00,24036,CA,12,Maute,GYR,M,
4074,2026-06-04 00:00:00,24018,CA,12,Maute,GYR,M,
4075,2026-06-04 00:00:00,24193,CA,12,Maute,CAR,M,
4076,2026-06-04 00:00:00,23171,CA,12,TORO,GYR,M,
4077,2026-06-04 00:00:00,24163,CA,12,Maute,GYR,M,
4078,2026-06-04 00:00:00,24191,CA,12,Maute,GYR,M,
4079,2026-06-04 00:00:00,24194,CA,12,Maute,GYR,M,
4080,2026-06-04 00:00:00,24130,CA,12,Maute,GYR,M,
4081,2026-06-04 00:00:00,24073,CA,12,Maute,CAR,M,
4082,2026-06-04 00:00:00,24132,CA,12,Maute,GYR,M,
4083,2026-06-09 00:00:00,23043,CA,SS,Novilla,GYR,H,263
4084,2026-06-09 00:00:00,23128,CA,SS,Novilla,GUZ/GYR,H,299
4085,2026-06-09 00:00:00,23002,CA,SS,Novilla,GYR,H,275
4086,2026-06-09 00:00:00,23172,CA,SS,Novilla,GIROLANDO,H,246
4087,2026-06-09 00:00:00,23073,CA,SS,Novilla,GYR,H,299
4088,2026-06-09 00:00:00,23039,CA,SS,Novilla,GYR,H,303
4089,2026-06-09 00:00:00,23045,CA,SS,Novilla,GYR,H,308
4090,2026-06-09 00:00:00,22182,CA,SS,Novilla,GYR,H,295
4091,2026-06-09 00:00:00,23107,CA,SS,Novilla,GYR,H,337
4092,2026-06-09 00:00:00,23081,CA,SS,Novilla,GYR,H,244
4093,2026-06-09 00:00:00,23121,CA,SS,Novilla,GYR/GUZ,H,315
4094,2026-06-09 00:00:00,23075,CA,SS,Novilla,GUZ,H,247
4095,2026-06-09 00:00:00,23079,CA,SS,Novilla,GYR,H,280
4096,2026-06-09 00:00:00,23003,CA,SS,Novilla,GYR,H,330
4097,2026-06-09 00:00:00,23138,CA,SS,Novilla,GYR,H,243
4098,2026-06-09 00:00:00,22169A,CA,SS,Mauta,GYR,H,210
4099,2026-06-09 00:00:00,23110,CA,SS,Novilla,GUZ,H,271
4100,2026-06-09 00:00:00,23131,CA,SS,Novilla,GYR,H,227
4101,2026-06-09 00:00:00,23077,CA,SS,Novilla,GYR,H,269
4102,2026-06-09 00:00:00,23044,CA,SS,Novilla,GYR,H,259
4103,2026-06-09 00:00:00,22164,CA,SS,Novilla,GYR,H,322
4104,2026-06-09 00:00:00,23183,CA,SS,Novilla,GYR,H,268
4105,2026-06-09 00:00:00,23185,CA,SS,Novilla,GYR,H,247
4106,2026-06-09 00:00:00,23169,CA,SS,Mauta,GYR,H,219
4107,2026-06-09 00:00:00,23024,CA,SS,Novilla,GYR,H,278
4108,2026-06-09 00:00:00,23151,CA,SS,Novilla,GYR,H,278
4109,2026-06-09 00:00:00,23062,CA,SS,Novilla,GYR,H,225
4110,2026-06-09 00:00:00,23005,CA,SS,Novilla,GYR,H,275
4111,2026-06-09 00:00:00,23105,CA,SS,Novilla,GYR,H,296
4112,2026-06-09 00:00:00,23111,CA,SS,Novilla,GYR,H,284
4113,2026-06-09 00:00:00,23069,CA,SS,Novilla,GYR,H,290
4114,2026-06-09 00:00:00,23130,CA,SS,Novilla,GUZ/GYR,H,260
4115,2026-06-09 00:00:00,23057,CA,SS,Novilla,GYR,H,245
4116,2026-06-09 00:00:00,23050,CA,SS,Novilla,GYR,H,253
4117,2026-06-09 00:00:00,23061,CA,SS,Novilla,GYR,H,275
4118,2026-06-09 00:00:00,23082,CA,SS,Novilla,GYR,H,238
4119,2026-06-09 00:00:00,23018,CA,SS,Novilla,GYR,H,280
4120,2026-06-09 00:00:00,23106,CA,SS,Novilla,GYR,H,273
4121,2026-06-09 00:00:00,24116,CA,SS,Mauta,GYR,H,253
4122,2026-06-09 00:00:00,22197,CA,SS,Novilla,GYR,H,260
4123,2026-06-09 00:00:00,23031,CA,SS,Novilla,GYR,H,318
4124,2026-06-09 00:00:00,23215,CA,SS,Novilla,GYR,H,248
4125,2026-06-09 00:00:00,23066,CA,SS,Novilla,GYR,H,281
4126,2026-06-09 00:00:00,23129,CA,SS,Novilla,GYR,H,289
4127,2026-06-09 00:00:00,23153,CA,SS,Novilla,GYR,H,312
4128,2026-06-09 00:00:00,23208,CA,SS,Novilla,GYR,H,247
4129,2026-06-09 00:00:00,23092,CA,SS,Novilla,GUZ,H,305
4130,2026-06-09 00:00:00,23141,CA,SS,Novilla,GYR,H,238
4131,2026-06-09 00:00:00,22121,CA,SS,Novilla,GYR,H,241
4132,2026-06-09 00:00:00,23030,CA,SS,Novilla,GYR,H,258
4133,2026-06-09 00:00:00,23162,CA,SS,Novilla,CAR/GYR,H,267
4134,2026-06-09 00:00:00,23052,CA,SS,Novilla,GYR,H,276
4135,2026-06-09 00:00:00,23158,CA,SS,Novilla,GYR,H,254
4136,2026-06-09 00:00:00,23235,CA,SS,Novilla,GYR,H,234
4137,2026-06-09 00:00:00,23021,CA,SS,Novilla,GYR,H,302
4138,2026-06-09 00:00:00,23136,CA,SS,Novilla,GYR,H,241
4139,2026-06-09 00:00:00,23178,CA,SS,Novilla,GYR,H,240
4140,2026-06-09 00:00:00,23152,CA,SS,Novilla,GYR,H,279
4141,2026-06-09 00:00:00,23065,CA,SS,Novilla,GYR,H,307
4142,2026-06-09 00:00:00,23055,CA,SS,Novilla,GYR,H,292
4143,2026-06-09 00:00:00,23109,CA,SS,Novilla,GYR,H,255
4144,2026-06-09 00:00:00,23179,CA,SS,Mauta,GYR,H,196
4145,2026-06-09 00:00:00,23101,CA,SS,Novilla,GYR,H,278
4146,2026-06-09 00:00:00,23198,CA,SS,Novilla,GYR,H,310
4147,2026-06-09 00:00:00,23134,CA,SS,Novilla,GYR,H,287
4148,2026-06-09 00:00:00,23115,CA,SS,Novilla,GYR,H,296
4149,2026-06-09 00:00:00,23207,CA,SS,Mauta,GYR,H,231
4150,2026-06-09 00:00:00,23049,CA,SS,Novilla,GYR,H,253
4151,2026-06-09 00:00:00,23122,CA,SS,Novilla,GYR/CAR,H,239
4152,2026-06-09 00:00:00,23023,CA,SS,Novilla,GYR,H,238
4153,2026-06-09 00:00:00,23051,CA,SS,Novilla,GYR,H,296
4154,2026-06-09 00:00:00,23211,CA,SS,Mauta,GYR,H,191
4155,2026-06-09 00:00:00,23060,CA,SS,Novilla,GYR,H,256
4156,2026-06-09 00:00:00,23126,CA,SS,Novilla,GYR,H,241
4157,2026-06-09 00:00:00,22221,CA,SS,Novilla,GYR,H,292
4158,2026-06-09 00:00:00,23067,CA,SS,Novilla,GYR,H,243
4159,2026-06-09 00:00:00,23201,CA,SS,Novilla,GYR,H,216
4160,2026-06-09 00:00:00,22150,CA,SS,Mauta,GYR,H,230
4161,2026-06-09 00:00:00,23195,CA,SS,Novilla,GYR,H,206
4162,2026-06-09 00:00:00,23228,CA,SS,Novilla,CAR/GYR,H,264
4163,2026-06-09 00:00:00,23159,CA,SS,Novilla,GYR,H,235
4164,2026-06-09 00:00:00,23203,CA,SS,Mauta,GYR,H,194
4165,2026-06-09 00:00:00,23202,CA,SS,Novilla,GYR,H,238
4166,2026-06-29 00:00:00,25211,CA,BLV,Mauta,0,H,
4167,2026-06-29 00:00:00,25064,CA,BLV,Mauta,CAR/GYR,H,
4168,2026-06-29 00:00:00,25039,CA,BLV,Maute,GYR,M,
4169,2026-06-29 00:00:00,25096,CA,BLV,Maute,0,M,
4170,2026-06-29 00:00:00,25033,CA,BLV,Maute,GYR,M,
4171,2026-06-29 00:00:00,24287,CA,BLV,Mauta,GYR/GUZ,H,
4172,2026-06-29 00:00:00,25118,CA,BLV,Mauta,0,H,
4173,2026-06-29 00:00:00,25016,CA,BLV,Mauta,GYR,H,
4174,2026-06-29 00:00:00,25125,CA,BLV,Maute,0,M,
4175,2026-06-29 00:00:00,25141,CA,BLV,Mauta,GYR,H,
4176,2026-06-29 00:00:00,24156,CA,BLV,Maute,GYR,M,
4177,2026-06-29 00:00:00,25120,CA,BLV,Maute,0,M,
4178,2026-06-29 00:00:00,24264,CA,BLV,Mauta,CAR,H,
4179,2026-06-29 00:00:00,25223,CA,BLV,Maute,0,M,
4180,2026-06-29 00:00:00,25124,CA,BLV,Maute,CAR/GYR,M,
4181,2026-06-29 00:00:00,25154,CA,BLV,Maute,0,M,
4182,2026-06-29 00:00:00,25149,CA,BLV,Maute,GYR,M,
4183,2026-06-29 00:00:00,25131,CA,BLV,Maute,0,M,
4184,2026-06-29 00:00:00,25084,CA,BLV,Maute,GYR,M,
4185,2026-06-29 00:00:00,25034,CA,BLV,Maute,GYR,M,
4186,2026-06-29 00:00:00,25062,CA,BLV,Maute,CAR,M,
4187,2026-06-26 00:00:00,24081,12,LA,Maute,GYR,M,
4188,2026-06-26 00:00:00,23028,12,LA,TORO,GYR,M,
4189,2026-06-26 00:00:00,24060,12,LA,Maute,GYR,M,
4190,2026-06-26 00:00:00,22114,12,LA,TORO,GYR,M,
4191,2026-06-26 00:00:00,24147,12,LA,Maute,GYR,M,
4192,2026-06-26 00:00:00,23170,12,LA,TORO,GYR,M,
4193,2026-06-26 00:00:00,23177,12,LA,TORO,GYR,M,
4194,2026-06-26 00:00:00,24036,12,LA,Maute,GYR,M,
4195,2026-06-26 00:00:00,23174,12,LA,TORO,GYR,M,
4196,2026-06-26 00:00:00,3501,12,LA,TORO,CAR,M,
4197,2026-06-26 00:00:00,24214,12,LA,Maute,GYR,M,
4198,2026-06-26 00:00:00,23197,12,LA,TORO,GYR,M,
4199,2026-06-26 00:00:00,23114,12,LA,TORO,GYR,M,
4200,2026-06-26 00:00:00,23046,12,LA,TORO,GYR,M,
4201,2026-06-26 00:00:00,25078,12,LA,Maute,GYR,M,
4202,2026-06-26 00:00:00,23089,12,LA,TORO,GYR,M,
4203,2026-06-26 00:00:00,22122,12,LA,TORO,GYR,M,
4204,2026-06-26 00:00:00,23222,12,LA,TORO,CAR,M,
4205,2026-06-26 00:00:00,24080,12,LA,Maute,GYR,M,
4206,2026-06-26 00:00:00,24134,12,LA,Maute,GYR,M,
4207,2026-06-26 00:00:00,24170,12,LA,Maute,GYR,M,
4208,2026-06-26 00:00:00,23216,12,LA,TORO,GYR,M,
4209,2026-06-26 00:00:00,23140,12,LA,TORO,GUZ,M,
4210,2026-06-26 00:00:00,23124,12,LA,TORO,GUZ,M,
4211,2026-06-26 00:00:00,24074,12,LA,Maute,GYR/CAR,M,
4212,2026-06-26 00:00:00,j416,12,LA,Maute,GYR,M,
4213,2026-06-26 00:00:00,23218,12,LA,TORO,GIROLANDO,M,
4214,2026-06-26 00:00:00,23229,12,LA,TORO,GYR,M,
4215,2026-06-26 00:00:00,22176,12,LA,TORO,GYR,M,
4216,2026-06-26 00:00:00,23244,12,LA,TORO,F1/H,M,
4217,2026-06-26 00:00:00,24123,12,LA,Maute,GYR,M,
4218,2026-06-26 00:00:00,23190,12,LA,TORO,GYR,M,
4219,2026-06-26 00:00:00,23247,12,LA,TORO,GYR,M,
4220,2026-06-26 00:00:00,24206,12,LA,Maute,GYR,M,
4221,2026-06-26 00:00:00,24145,12,LA,Maute,GYR,M,
4222,2026-06-26 00:00:00,23095,12,LA,TORO,GYR,M,
4223,2026-06-26 00:00:00,24114,12,LA,Maute,GYR,M,
4224,2026-06-26 00:00:00,24141,12,LA,Maute,GYR,M,
4225,2026-06-26 00:00:00,j4011,12,LA,Maute,GYR,M,
4226,2026-06-26 00:00:00,24194,12,LA,Maute,GYR,M,
4227,2026-06-26 00:00:00,23220,12,LA,TORO,GYR,M,
4228,2026-06-26 00:00:00,23187,12,LA,TORO,GYR,M,
4229,2026-06-26 00:00:00,23085,12,LA,TORO,GYR,M,
4230,2026-06-26 00:00:00,23164,12,LA,TORO,GYR,M,
4231,2026-06-26 00:00:00,J417,12,LA,Maute,GYR,M,
4232,2026-06-26 00:00:00,22183,12,LA,TORO,GYR,M,
4233,2026-06-26 00:00:00,24132,12,LA,Maute,GYR,M,
4234,2026-06-26 00:00:00,24111,12,LA,Maute,GYR,M,
4235,2026-06-26 00:00:00,24018,12,LA,Maute,GYR,M,
4236,2026-06-26 00:00:00,24165,12,LA,Maute,GYR,M,
4237,2026-06-26 00:00:00,24127,12,LA,Maute,GYR,M,
4238,2026-06-26 00:00:00,23217,12,LA,TORO,GYR,M,
4239,2026-06-26 00:00:00,24153,12,LA,Maute,GYR/GUZ,M,
4240,2026-06-26 00:00:00,24140,12,LA,Maute,GYR,M,
4241,2026-06-26 00:00:00,23038,12,LA,TORO,GYR/CAR,M,
4242,2026-06-26 00:00:00,23251,12,LA,TORO,CAR,M,
4243,2026-06-26 00:00:00,24037,12,LA,Maute,GYR,M,
4244,2026-06-26 00:00:00,23132,12,LA,TORO,GYR,M,
4245,2026-06-26 00:00:00,23188,12,LA,TORO,GYR,M,
4246,2026-06-26 00:00:00,23240,12,LA,TORO,F1/H,M,
4247,2026-06-26 00:00:00,23142,12,LA,TORO,GYR,M,
4248,2026-06-26 00:00:00,23056,12,LA,TORO,GYR/CAR,M,
4249,2026-06-26 00:00:00,23144,12,LA,TORO,GYR,M,
4250,2026-06-26 00:00:00,23150,12,LA,TORO,GYR,M,
4251,2026-06-26 00:00:00,23224,12,LA,TORO,F1/H,M,
4252,2026-06-26 00:00:00,24009,12,LA,Maute,GYR,M,
4253,2026-06-26 00:00:00,23249,12,LA,TORO,GYR,M,
4254,2026-06-26 00:00:00,24146,12,LA,Maute,GYR,M,
4255,2026-06-26 00:00:00,24109,12,LA,Maute,CAR,M,
4256,2026-06-26 00:00:00,24068,12,LA,Maute,GYR,M,
4257,2026-06-26 00:00:00,23054,12,LA,TORO,GYR,M,
4258,2026-06-26 00:00:00,23084,12,LA,TORO,GYR,M,
4259,2026-06-26 00:00:00,24086,12,LA,Maute,GYR,M,
4260,2026-06-26 00:00:00,23080,12,LA,TORO,GYR,M,
4261,2026-06-26 00:00:00,23059,12,LA,TORO,GYR,M,
4262,2026-06-26 00:00:00,24091,12,LA,Maute,GYR,M,
4263,2026-06-26 00:00:00,23173,12,LA,TORO,GYR,M,
4264,2026-06-26 00:00:00,24069,12,LA,Maute,GYR,M,
4265,2026-06-26 00:00:00,23242,12,LA,TORO,CAR,M,
4266,2026-06-26 00:00:00,24082,12,LA,Maute,GYR,M,
4267,2026-06-26 00:00:00,24193,12,LA,Maute,CAR,M,
4268,2026-06-26 00:00:00,22175,12,LA,TORO,GYR,M,
4269,2026-06-26 00:00:00,23064,12,LA,TORO,GYR,M,
4270,2026-06-26 00:00:00,23204,12,LA,TORO,CAR/GUZ,M,
4271,2026-06-26 00:00:00,24003,12,LA,Maute,F1/H,M,
4272,2026-06-26 00:00:00,24105,12,LA,Maute,GYR,M,
4273,2026-06-26 00:00:00,24233,12,LA,Maute,CAR,M,
4274,2026-06-26 00:00:00,22207,12,LA,TORO,GYR,M,
4275,2026-06-26 00:00:00,23070,12,LA,TORO,GYR,M,
4276,2026-06-26 00:00:00,23147,12,LA,TORO,GYR,M,
4277,2026-06-26 00:00:00,24137,12,LA,Maute,GYR,M,
4278,2026-06-26 00:00:00,23171,12,LA,TORO,GYR,M,
4279,2026-06-26 00:00:00,24191,12,LA,Maute,GYR,M,
4280,2026-06-26 00:00:00,23225,12,LA,TORO,F1/H,M,
4281,2026-06-26 00:00:00,23093,12,LA,TORO,GYR,M,
4282,2026-06-26 00:00:00,24188,12,LA,Maute,GYR,M,
4283,2026-06-26 00:00:00,24067,12,LA,Maute,GUZ,M,
4284,2026-06-26 00:00:00,23214,12,LA,TORO,GYR,M,
4285,2026-06-26 00:00:00,24023,12,LA,Maute,GYR,M,
4286,2026-06-26 00:00:00,23196,12,LA,TORO,GYR,M,
4287,2026-06-26 00:00:00,23133,12,LA,TORO,GYR,M,
4288,2026-06-26 00:00:00,22187,12,LA,TORO,GYR,M,
4289,2026-06-26 00:00:00,24203,12,LA,Maute,GYR,M,
4290,2026-06-26 00:00:00,23230,12,LA,TORO,F1/H,M,
4291,2026-06-26 00:00:00,24271,12,LA,Maute,GYR,M,
4292,2026-06-26 00:00:00,24234,12,LA,Maute,CAR,M,
4293,2026-06-26 00:00:00,24073,12,LA,Maute,CAR,M,
4294,2026-06-26 00:00:00,23097,12,LA,TORO,GYR,M,
4295,2026-06-26 00:00:00,24163,12,LA,Maute,GYR,M,
4296,2026-06-26 00:00:00,23019,12,LA,TORO,GYR,M,
4297,2026-06-26 00:00:00,23091,12,LA,TORO,GUZ,M,
4298,2026-06-26 00:00:00,23135,12,LA,TORO,GYR,M,
4299,2026-06-26 00:00:00,23010,12,LA,TORO,GYR,M,
4300,2026-06-26 00:00:00,23072,12,LA,TORO,GYR,M,
4301,2026-06-26 00:00:00,23184,12,LA,TORO,GUZ,M,
4302,2026-06-26 00:00:00,24189,12,LA,Maute,GYR,M,
4303,2026-06-26 00:00:00,23137,12,LA,TORO,GYR,M,
4304,2026-06-26 00:00:00,23108,12,LA,TORO,GUZ,M,
4305,2026-06-26 00:00:00,23146,12,LA,TORO,GYR,M,
4306,2026-06-26 00:00:00,23035,12,LA,TORO,GYR,M,
4307,2026-06-26 00:00:00,23119,12,LA,TORO,GYR,M,
4308,2026-06-26 00:00:00,22192,12,LA,TORO,GYR,M,
4309,2026-06-26 00:00:00,24130,12,LA,Maute,GYR,M,
4310,2026-06-26 00:00:00,24061,12,LA,Maute,GYR,M,
4311,2026-06-26 00:00:00,23104,12,LA,TORO,GUZ/GYR,M,
4312,2026-06-26 00:00:00,24049,12,LA,Maute,GYR,M,
4313,2026-06-26 00:00:00,23100,12,LA,TORO,GYR,M,
4314,2026-06-26 00:00:00,24002,12,LA,Maute,F1/H,M,
4315,2026-06-26 00:00:00,22206,12,LA,TORO,GYR,M,
4316,2026-06-26 00:00:00,24098,12,LA,Maute,GYR,M,
4317,2026-06-26 00:00:00,23123,12,LA,TORO,GYR,M,
4318,2026-06-26 00:00:00,24209,12,LA,Maute,GYR,M,
4319,2026-06-26 00:00:00,22205,12,LA,TORO,GYR,M,
4320,2026-06-26 00:00:00,23238,12,LA,TORO,F1/H,M,
4321,2026-06-26 00:00:00,23014,12,LA,TORO,GYR,M,
4322,2026-06-26 00:00:00,23210,12,LA,TORO,GYR,M,
4323,2026-06-26 00:00:00,24076,12,LA,Maute,GYR,M,
4324,2026-06-26 00:00:00,24102,12,LA,Maute,CAR,M,
4325,2026-06-26 00:00:00,23241,12,LA,TORO,F1/H,M,
4326,2026-06-26 00:00:00,4501,12,LA,Maute,GYR,M,
4327,2026-06-26 00:00:00,23078,12,LA,TORO,GYR,M,
4328,2026-06-26 00:00:00,23058,12,LA,TORO,GYR,M,
4329,2026-06-26 00:00:00,24160,12,LA,Maute,GYR,M,
4330,2026-06-26 00:00:00,23088,12,LA,TORO,GYR,M,
4331,2026-06-26 00:00:00,23181,12,LA,TORO,GYR,M,
4332,2026-06-26 00:00:00,24198,12,LA,Maute,Gyr,M,
4333,2026-06-26 00:00:00,23145,12,LA,TORO,GUZ,M,
4334,2026-06-26 00:00:00,2045,12,LA,TORO,CAR,M,
4335,2026-06-26 00:00:00,23102,12,LA,TORO,GUZ,M,
4336,2026-06-26 00:00:00,22120,12,LA,TORO,GYR,M,
4337,2026-06-26 00:00:00,23087,12,LA,TORO,GUZ,M,
4338,2026-06-26 00:00:00,24077,12,LA,Maute,GYR,M,
4339,2026-06-26 00:00:00,24044,12,LA,Maute,GYR,M,
4340,2026-06-26 00:00:00,22184,12,LA,TORO,GYR,M,
4341,2026-06-26 00:00:00,23026,12,LA,TORO,HOL,M,
4342,2026-06-26 00:00:00,23099,12,LA,TORO,GYR,M,
4343,2026-06-26 00:00:00,24062,12,LA,Maute,CAR,M,
4344,2026-06-26 00:00:00,23193,12,LA,TORO,CAR/GYR,M,
4345,2026-06-26 00:00:00,24158,12,LA,Maute,GYR,M,
4346,2026-06-26 00:00:00,1133,12,LG,Maute,GUZ,M,
4347,2026-06-26 00:00:00,23157,12,LG,Maute,GUZ,M,
4348,2026-06-26 00:00:00,24056,12,LG,Maute,GYR,M,
4350,2026-06-26 00:00:00,2099,12,LG,Maute,GYR,M,
4351,2026-08-08 00:00:00,BU359,CA,SS,Baute,MURRAH,M,
4352,2026-08-08 00:00:00,BU362,CA,SS,Baute,MURRAH,M,
4353,2026-08-08 00:00:00,BU373,CA,SS,Baute,MURRAH,M,
4354,2026-08-08 00:00:00,BU378,CA,SS,Baute,MURRAH,M,
4355,2026-08-08 00:00:00,BU379,CA,SS,Baute,MURRAH,M,
4356,2026-08-21 00:00:00,26013,BLV,SS,Mauta,CAR,H,
4357,2026-08-21 00:00:00,25275,BLV,SS,Maute,,M,
4358,2026-08-21 00:00:00,25273,BLV,SS,Mauta,,H,
4359,2026-06-27 00:00:00,23029,CA,12,TORO,GYR,M,
4360,2026-06-27 00:00:00,23034,CA,12,Novilla,GYR,H,
4361,2026-06-27 00:00:00,23239,CA,12,TORO,GYR,M,
4362,2026-06-27 00:00:00,24008,CA,12,Maute,GYR,M,
4363,2026-06-27 00:00:00,24011,CA,12,Novilla,GYR,H,
4364,2026-06-27 00:00:00,24012,CA,12,Novilla,GYR,H,
4365,2026-06-27 00:00:00,24019,CA,12,Mauta,GYR,H,
4366,2026-06-27 00:00:00,24025,CA,12,Novilla,GYR,H,
4367,2026-06-27 00:00:00,24027,CA,12,Mauta,GYR,H,
4368,2026-06-27 00:00:00,24030,CA,12,Mauta,GYR,H,
4369,2026-06-27 00:00:00,24031,CA,12,Novilla,GIROLANDO,H,
4370,2026-06-27 00:00:00,24032,CA,12,Mauta,GYR,H,
4371,2026-06-27 00:00:00,24046,CA,12,Mauta,GYR,H,
4372,2026-06-27 00:00:00,24047,CA,12,Novilla,GYR,H,
4373,2026-06-27 00:00:00,24048,CA,12,Mauta,GYR,H,
4374,2026-06-27 00:00:00,24063,CA,12,Novilla,GUZ,H,
4375,2026-06-27 00:00:00,24075,CA,12,Mauta,GYR/CAR,H,
4376,2026-06-27 00:00:00,24078,CA,12,Mauta,GYR,H,
4377,2026-06-27 00:00:00,24079,CA,12,Maute,GYR,M,
4378,2026-06-27 00:00:00,24085,CA,12,Mauta,GYR,H,
4379,2026-06-27 00:00:00,24087,CA,12,Novilla,GYR,H,
4380,2026-06-27 00:00:00,24092,CA,12,Mauta,GYR,H,
4381,2026-06-27 00:00:00,24095,CA,12,Mauta,GYR,H,
4382,2026-06-27 00:00:00,24117,CA,12,Maute,GYR,M,
4383,2026-06-27 00:00:00,24118,CA,12,Maute,GYR,M,
4384,2026-06-27 00:00:00,24133,CA,12,Maute,GYR,M,
4385,2026-06-27 00:00:00,24135,CA,12,Maute,GYR,M,
4386,2026-06-27 00:00:00,24143,CA,12,Maute,GYR,M,
4387,2026-06-27 00:00:00,24151,CA,12,Maute,GYR,M,
4388,2026-06-27 00:00:00,24155,CA,12,Maute,GYR,M,
4389,2026-06-27 00:00:00,24157,CA,12,Mauta,GYR,M,
4390,2026-06-27 00:00:00,24159,CA,12,Mauta,GYR,H,
4391,2026-06-27 00:00:00,24164,CA,12,Maute,GYR,M,
4392,2026-06-27 00:00:00,24167,CA,12,Mauta,GYR,H,
4393,2026-06-27 00:00:00,24171,CA,12,Mauta,GYR,H,
4394,2026-06-27 00:00:00,24174,CA,12,Mauta,GYR,H,
4395,2026-06-27 00:00:00,24176,CA,12,Maute,GYR,M,
4396,2026-06-27 00:00:00,24177,CA,12,Maute,GYR,M,
4397,2026-06-27 00:00:00,24184,CA,12,Maute,GYR,M,
4398,2026-06-27 00:00:00,24185,CA,12,Maute,GYR,M,
4399,2026-06-27 00:00:00,24186,CA,12,Mauta,GYR,H,
4400,2026-06-27 00:00:00,24195,CA,12,Maute,GYR,M,
4401,2026-06-27 00:00:00,24196,CA,12,Maute,GYR,M,
4402,2026-06-27 00:00:00,24197,CA,12,Maute,GYR,M,
4403,2026-06-27 00:00:00,24201,CA,12,Mauta,Gyr,H,
4404,2026-06-27 00:00:00,24202,CA,12,Maute,GYR,M,
4405,2026-06-27 00:00:00,24205,CA,12,Maute,GYR,M,
4406,2026-06-27 00:00:00,24207,CA,12,Maute,GYR,M,
4407,2026-06-27 00:00:00,24210,CA,12,Mauta,GYR,H,
4408,2026-06-27 00:00:00,24211,CA,12,Maute,GYR,M,
4409,2026-06-27 00:00:00,24212,CA,12,Mauta,GYR,H,
4410,2026-06-27 00:00:00,24213,CA,12,Mauta,CAR/GYR,H,
4411,2026-06-27 00:00:00,24216,CA,12,Mauta,GYR,H,
4412,2026-06-27 00:00:00,24217,CA,12,Maute,GYR,M,
4413,2026-06-27 00:00:00,24219,CA,12,Maute,GYROLANDO,M,
4414,2026-06-27 00:00:00,24220,CA,12,Maute,GYR,M,
4415,2026-06-27 00:00:00,24221,CA,12,Mauta,GYR,H,
4416,2026-06-27 00:00:00,24222,CA,12,Maute,GYR,M,
4417,2026-06-27 00:00:00,24229,CA,12,Maute,GYR,M,
4418,2026-06-27 00:00:00,24230,CA,12,Mauta,GYR,H,
4419,2026-06-27 00:00:00,24232,CA,12,Mauta,GYR,H,
4420,2026-06-27 00:00:00,24237,CA,12,Mauta,GYR,H,
4421,2026-06-27 00:00:00,24238,CA,12,Maute,GYR,M,
4422,2026-06-27 00:00:00,24239,CA,12,Mauta,GYR,H,
4423,2026-06-27 00:00:00,24240,CA,12,Maute,GYR,M,
4424,2026-06-27 00:00:00,24242,CA,12,Mauta,GYR,H,
4425,2026-06-27 00:00:00,24243,CA,12,Maute,GYR,M,
4426,2026-06-27 00:00:00,24244,CA,12,Mauta,CAR,H,
4427,2026-06-27 00:00:00,24246,CA,12,Maute,GYR,M,
4428,2026-06-27 00:00:00,24247,CA,12,Mauta,GYR,H,
4429,2026-06-27 00:00:00,24249,CA,12,Mauta,CAR,H,
4430,2026-06-27 00:00:00,24256,CA,12,Maute,CAR,M,
4431,2026-06-27 00:00:00,24260,CA,12,Maute,CAR,M,
4432,2026-06-27 00:00:00,24268,CA,12,Mauta,CAR,H,
4433,2026-06-27 00:00:00,24269,CA,12,Maute,CAR,M,
4434,2026-06-27 00:00:00,24270,CA,12,Maute,GYR,M,
4435,2026-06-27 00:00:00,24272,CA,12,Mauta,CAR,H,
4436,2026-06-27 00:00:00,24273,CA,12,Maute,GYR,M,
4437,2026-06-27 00:00:00,24276,CA,12,Maute,GYR,M,
4438,2026-06-27 00:00:00,24279,CA,12,Mauta,GYR,H,
4439,2026-06-27 00:00:00,24282,CA,12,Mauta,GYR,H,
4440,2026-06-27 00:00:00,24283,CA,12,Mauta,GYR,H,
4441,2026-06-27 00:00:00,24284,CA,12,Mauta,GYR,H,
4442,2026-06-27 00:00:00,24285,CA,12,Maute,CAR,M,
4443,2026-06-27 00:00:00,24286,CA,12,Mauta,GYR,H,
4444,2026-06-27 00:00:00,24288,CA,12,Mauta,GYR,H,
4445,2026-06-27 00:00:00,24291,CA,12,Maute,CAR,M,
4446,2026-06-27 00:00:00,24292,CA,12,Maute,GYR,M,
4447,2026-06-27 00:00:00,24297,CA,12,Mauta,0,H,
4448,2026-06-27 00:00:00,24298,CA,12,Mauta,CAR/GYR,H,
4449,2026-06-27 00:00:00,24300,CA,12,Maute,GYR,M,
4450,2026-06-27 00:00:00,24302,CA,12,Mauta,GYR,H,
4451,2026-06-27 00:00:00,24303,CA,12,Maute,GYR,M,
4452,2026-06-27 00:00:00,25001,CA,12,Maute,CAR,M,
4453,2026-06-27 00:00:00,25003,CA,12,Maute,0,M,
4454,2026-06-27 00:00:00,25006,CA,12,Mauta,GYR,H,
4455,2026-06-27 00:00:00,25009,CA,12,Mauta,CAR,H,
4456,2026-06-27 00:00:00,J25001,CA,12,Maute,GUZ,M,
4457,2026-06-27 00:00:00,25010,CA,12,Mauta,GYR,H,
4458,2026-06-27 00:00:00,25011,CA,12,Mauta,GYR,H,
4459,2026-06-27 00:00:00,25012,CA,12,Mauta,GYR,H,
4460,2026-06-27 00:00:00,25013,CA,12,Maute,GYR,M,
4461,2026-06-27 00:00:00,25014,CA,12,Maute,GYR,M,
4462,2026-06-27 00:00:00,25015,CA,12,Maute,GYR,M,
4463,2026-06-27 00:00:00,J25002,CA,12,Mauta,GUZ,H,
4464,2026-06-27 00:00:00,24307,CA,12,Maute,GYR,M,
4465,2026-06-27 00:00:00,24306,CA,12,Maute,GYR,M,
4466,2026-06-27 00:00:00,24308,CA,12,Maute,GYR,M,
4467,2026-06-27 00:00:00,25017,CA,12,Maute,GYR,M,
4468,2026-06-27 00:00:00,25021,CA,12,Mauta,GYR,H,
4469,2026-06-27 00:00:00,25024,CA,12,Mauta,GYR,H,
4470,2026-06-27 00:00:00,25026,CA,12,Maute,GYR,M,
4471,2026-06-27 00:00:00,25028,CA,12,Maute,GYR,M,
4472,2026-06-27 00:00:00,25030,CA,12,Maute,GYR,M,
4473,2026-06-27 00:00:00,J25031,CA,12,Maute,GUZ,M,
4474,2026-06-27 00:00:00,25032,CA,12,Mauta,GYR,H,
4475,2026-06-27 00:00:00,25035,CA,12,Mauta,CAR,H,
4476,2026-06-27 00:00:00,25036,CA,12,Maute,GYR,M,
4477,2026-06-27 00:00:00,25037,CA,12,Mauta,GYR,H,
4478,2026-06-27 00:00:00,25040,CA,12,Maute,GYR,M,
4479,2026-06-27 00:00:00,25041,CA,12,Mauta,GYR,H,
4480,2026-06-27 00:00:00,25042,CA,12,Maute,GYR,M,
4481,2026-06-27 00:00:00,25045,CA,12,Mauta,GYR,H,
4482,2026-06-27 00:00:00,J25049,CA,12,Mauta,GYR,H,
4483,2026-06-27 00:00:00,25050,CA,12,Maute,GYR,M,
4484,2026-06-27 00:00:00,25051,CA,12,Maute,GYR,M,
4485,2026-06-27 00:00:00,25052,CA,12,Maute,GYR,M,
4486,2026-06-27 00:00:00,25054,CA,12,Mauta,GYR,H,
4487,2026-06-27 00:00:00,25056,CA,12,Mauta,CAR,H,
4488,2026-06-27 00:00:00,25058,CA,12,Mauta,CAR,H,
4489,2026-06-27 00:00:00,25059,CA,12,Maute,GYR,M,
4490,2026-06-27 00:00:00,25060,CA,12,Mauta,CAR,H,
4491,2026-06-27 00:00:00,25065,CA,12,Mauta,MESTIZO,H,
4492,2026-06-27 00:00:00,25066,CA,12,Mauta,GYR/CAR,H,
4493,2026-06-27 00:00:00,25069,CA,12,Maute,GYR,M,
4494,2026-06-27 00:00:00,25070,CA,12,Maute,CAR/GYR,M,
4495,2026-06-27 00:00:00,25071,CA,12,Mauta,GYR,H,
4496,2026-06-27 00:00:00,25073,CA,12,Maute,GYR,M,
4497,2026-06-27 00:00:00,25074,CA,12,Maute,GYR,M,
4498,2026-06-27 00:00:00,25075,CA,12,Mauta,GYR,H,
4499,2026-06-27 00:00:00,25077,CA,12,Mauta,GYR,H,
4500,2026-06-27 00:00:00,25080,CA,12,Mauta,GYR,H,
4501,2026-06-27 00:00:00,25086,CA,12,Mauta,GYR,H,
4502,2026-06-27 00:00:00,25088,CA,12,Maute,0,M,
4503,2026-06-27 00:00:00,25089,CA,12,Mauta,0,H,
4504,2026-06-27 00:00:00,25091,CA,12,Maute,0,M,
4505,2026-06-27 00:00:00,25093,CA,12,Maute,0,M,
4506,2026-06-27 00:00:00,25095,CA,12,Maute,GYR,M,
4507,2026-06-27 00:00:00,25098,CA,12,Maute,GYR,M,
4508,2026-06-27 00:00:00,25099,CA,12,Mauta,GYR,H,
4509,2026-06-27 00:00:00,25100,CA,12,Mauta,GYR,H,
4510,2026-06-27 00:00:00,25105,CA,12,Mauta,GYR,H,
4511,2026-06-27 00:00:00,25104,CA,12,Mauta,CAR/GYR,H,
4512,2026-06-27 00:00:00,25116,CA,12,Maute,CAR/GYR,M,
4513,2026-06-27 00:00:00,25119,CA,12,Maute,0,M,
4514,2026-06-27 00:00:00,25122,CA,12,Mauta,0,H,
4515,2026-06-27 00:00:00,25126,CA,12,Mauta,CAR,H,
4516,2026-06-27 00:00:00,25127,CA,12,Mauta,CAR/GYR,H,
4517,2026-06-27 00:00:00,25130,CA,12,Maute,CAR/GYR,M,
4518,2026-06-27 00:00:00,J25132,CA,12,Maute,GYR,M,
4519,2026-06-27 00:00:00,25134,CA,12,Maute,CAR,M,
4520,2026-06-27 00:00:00,25138,CA,12,Mauta,CAR,H,
4521,2026-06-27 00:00:00,25140,CA,12,Maute,GYR,M,
4522,2026-06-27 00:00:00,25151,CA,12,Maute,0,M,
4523,2026-06-27 00:00:00,25152,CA,12,Maute,0,M,
4524,2026-06-27 00:00:00,25155,CA,12,Mauta,GYR,H,
4525,2026-06-27 00:00:00,25159,CA,12,Mauta,GYR,H,
4526,2026-06-27 00:00:00,25161,CA,12,Mauta,GYR,H,
4527,2026-06-27 00:00:00,25164,CA,12,Mauta,GYR,H,
4528,2026-06-27 00:00:00,25167,CA,12,Mauta,GYR,H,
4529,2026-06-27 00:00:00,25176,CA,12,Maute,0,M,
4530,2026-06-27 00:00:00,25177,CA,12,Mauta,0,H,
4531,2026-06-27 00:00:00,25178,CA,12,Maute,0,M,
4532,2026-06-27 00:00:00,25179,CA,12,Mauta,CAR,H,
4533,2026-06-27 00:00:00,25183,CA,12,Mauta,0,H,
4534,2026-06-27 00:00:00,25188,CA,12,Maute,0,M,
4535,2026-06-27 00:00:00,25192,CA,12,Mauta,0,H,
4536,2026-06-27 00:00:00,25210,CA,12,Maute,CAR/GYR,M,
4537,2026-06-27 00:00:00,25213,CA,12,Maute,0,M,
4538,2026-06-27 00:00:00,25224,CA,12,Mauta,0,H,
4539,2026-06-27 00:00:00,25222,CA,12,Maute,0,M,
4540,2026-06-27 00:00:00,25226,CA,12,Maute,0,M,
4541,2026-06-27 00:00:00,25265,CA,12,Maute,0,M,
4542,2026-09-03 00:00:00,25014,12,SS,Maute,GYR,M,
4543,2026-09-03 00:00:00,24285,12,SS,Maute,CAR,M,
4544,2026-09-03 00:00:00,24297,12,SS,Mauta,0,H,
4545,2026-09-03 00:00:00,24300,12,SS,Maute,GYR,M,
4546,2026-09-03 00:00:00,25074,12,SS,Maute,GYR,M,
4547,2026-09-03 00:00:00,25265,12,SS,Maute,0,M,
