id,nro_de_animal,fecha,tto,obs
5414,24004,2024-06-19 00:00:00,doramectina,
5415,24007,2024-06-19 00:00:00,doramectina,
5416,24009,2024-06-19 00:00:00,doramectina,
5417,24014,2024-06-19 00:00:00,doramectina,
5418,24017,2024-06-19 00:00:00,doramectina,
5419,24018,2024-06-19 00:00:00,doramectina,
5420,24020,2024-06-19 00:00:00,doramectina,
5421,24023,2024-06-19 00:00:00,doramectina,
5422,24028,2024-06-19 00:00:00,doramectina,
5423,24032,2024-06-19 00:00:00,doramectina,
5424,24033,2024-06-19 00:00:00,doramectina,
5425,24034,2024-06-19 00:00:00,doramectina,
5426,24036,2024-06-19 00:00:00,doramectina,
5427,24040,2024-06-19 00:00:00,doramectina,
5428,24043,2024-06-19 00:00:00,doramectina,
5429,24042,2024-06-19 00:00:00,doramectina,
5430,24045,2024-06-19 00:00:00,doramectina,
5431,24046,2024-06-19 00:00:00,doramectina,
5432,24048,2024-06-19 00:00:00,doramectina,
5433,24050,2024-06-19 00:00:00,doramectina,
5434,24051,2024-06-19 00:00:00,doramectina,
5435,24052,2024-06-19 00:00:00,doramectina,
5436,24053,2024-06-19 00:00:00,doramectina,
5437,24054,2024-06-19 00:00:00,doramectina,
5438,24055,2024-06-19 00:00:00,doramectina,
5439,24056,2024-06-19 00:00:00,doramectina,
5440,24058,2024-06-19 00:00:00,doramectina,
5441,24059,2024-06-19 00:00:00,doramectina,
5442,24060,2024-06-19 00:00:00,doramectina,
5443,24061,2024-06-19 00:00:00,doramectina,
5444,24062,2024-06-19 00:00:00,doramectina,
5445,24067,2024-06-19 00:00:00,doramectina,
5446,24069,2024-06-19 00:00:00,doramectina,
5447,24070,2024-06-19 00:00:00,doramectina,
5448,24072,2024-06-19 00:00:00,doramectina,
5449,24073,2024-06-19 00:00:00,doramectina,
5450,24074,2024-06-19 00:00:00,doramectina,
5451,24075,2024-06-19 00:00:00,doramectina,
5452,24076,2024-06-19 00:00:00,doramectina,
5453,24080,2024-06-19 00:00:00,doramectina,
5454,24084,2024-06-19 00:00:00,doramectina,
5455,24086,2024-06-19 00:00:00,doramectina,
5456,24095,2024-06-19 00:00:00,doramectina,
5457,24102,2024-06-19 00:00:00,doramectina,
5458,24106,2024-06-19 00:00:00,doramectina,
5459,24108,2024-06-19 00:00:00,doramectina,
5460,24109,2024-06-19 00:00:00,doramectina,
5461,24115,2024-06-19 00:00:00,doramectina,
5462,24117,2024-06-19 00:00:00,doramectina,
5463,24118,2024-06-19 00:00:00,doramectina,
5464,24127,2024-06-19 00:00:00,doramectina,
5465,24129,2024-06-19 00:00:00,doramectina,
5466,24130,2024-06-19 00:00:00,doramectina,
5467,24131,2024-06-19 00:00:00,doramectina,
5468,24133,2024-06-19 00:00:00,doramectina,
5469,24134,2024-06-19 00:00:00,doramectina,
5470,24135,2024-06-19 00:00:00,doramectina,
5471,24137,2024-06-19 00:00:00,doramectina,
5472,23223,2024-04-24 00:00:00,CALBOMAX,
5473,23224,2024-05-18 00:00:00,ricobendazol/aftosa/rabia,
5474,23230,2024-05-18 00:00:00,ricobendazol/aftosa/rabia,
5475,24113,2024-05-17 00:00:00,aftosa/ravax/ricobendazol/,
5476,24123,2024-05-15 00:00:00,activa- pendiente por Plan Sanitario 2024,
5477,24124,2024-05-15 00:00:00,activa- pendiente por Plan Sanitario 2024,
5478,24125,2024-05-15 00:00:00,activa- pendiente por Plan Sanitario 2024,
5479,24126,2024-05-15 00:00:00,activa- pendiente por Plan Sanitario 2024,
5480,24127,2024-05-15 00:00:00,activa- pendiente por Plan Sanitario 2024,
5481,24128,2024-05-15 00:00:00,activa- pendiente por Plan Sanitario 2024,
5482,24129,2024-05-15 00:00:00,activa- pendiente por Plan Sanitario 2024,
5483,24130,2024-05-15 00:00:00,activa- pendiente por Plan Sanitario 2024,
5484,24131,2024-05-15 00:00:00,activa- pendiente por Plan Sanitario 2024,
5485,24132,2024-05-15 00:00:00,activa- pendiente por Plan Sanitario 2024,
5486,24133,2024-05-15 00:00:00,activa- pendiente por Plan Sanitario 2024,
5487,24134,2024-05-15 00:00:00,activa- pendiente por Plan Sanitario 2024,
5488,24135,2024-05-15 00:00:00,activa- pendiente por Plan Sanitario 2024,
5489,24136,2024-05-15 00:00:00,activa- pendiente por Plan Sanitario 2024,
5490,24137,2024-05-15 00:00:00,activa- pendiente por Plan Sanitario 2024,
5491,24139,2024-05-15 00:00:00,activa- pendiente por Plan Sanitario 2024,
5492,24140,2024-05-15 00:00:00,activa- pendiente por Plan Sanitario 2024,
5493,24141,2024-05-15 00:00:00,activa- pendiente por Plan Sanitario 2024,
5494,24142,2024-05-15 00:00:00,activa- pendiente por Plan Sanitario 2024,
5495,24143,2024-05-15 00:00:00,activa- pendiente por Plan Sanitario 2024,
5496,24144,2024-05-15 00:00:00,activa- pendiente por Plan Sanitario 2024,
5497,24093,2024-05-15 00:00:00,activa- pendiente por Plan Sanitario 2024,
5498,23223,2024-05-17 00:00:00,aftosa/ravax/ricobendazol/,
5499,23232,2024-05-17 00:00:00,aftosa/ravax/ricobendazol/RB51,
5500,23238,2024-05-17 00:00:00,aftosa/ravax/ricobendazol/,
5501,24021,2024-05-17 00:00:00,aftosa/ravax/ricobendazol/RB51,
5502,24004,2024-05-17 00:00:00,aftosa/ravax/ricobendazol/,
5503,24006,2024-05-17 00:00:00,aftosa/ravax/ricobendazol/,
5504,24009,2024-05-17 00:00:00,aftosa/ravax/ricobendazol/,
5505,24018,2024-05-17 00:00:00,aftosa/ravax/ricobendazol/,
5506,24025,2024-05-17 00:00:00,aftosa/ravax/ricobendazol/,
5507,24032,2024-05-18 00:00:00,ricobendazol,
5508,24040,2024-05-18 00:00:00,ricobendazol,
5509,24048,2024-05-18 00:00:00,ricobendazol,
5510,24051,2024-05-18 00:00:00,ricobendazol,
5511,24053,2024-05-18 00:00:00,ricobendazol,
5512,24054,2024-05-18 00:00:00,ricobendazol,
5513,24056,2024-05-18 00:00:00,ricobendazol,
5514,24058,2024-05-18 00:00:00,ricobendazol,
5515,24060,2024-05-18 00:00:00,ricobendazol,
5516,24061,2024-05-18 00:00:00,ricobendazol,
5517,24062,2024-05-18 00:00:00,ricobendazol,
5518,24067,2024-05-18 00:00:00,ricobendazol,
5519,24070,2024-05-18 00:00:00,ricobendazol,
5520,24075,2024-05-18 00:00:00,ricobendazol,
5521,24076,2024-05-18 00:00:00,ricobendazol,
5522,24080,2024-05-18 00:00:00,ricobendazol,
5523,24084,2024-05-18 00:00:00,ricobendazol,
5524,24086,2024-05-18 00:00:00,ricobendazol,
5525,24097,2024-05-18 00:00:00,ricobendazol,
5526,24102,2024-05-18 00:00:00,ricobendazol,
5527,24106,2024-05-18 00:00:00,ricobendazol,
5528,24108,2024-05-18 00:00:00,ricobendazol,
5529,24109,2024-05-18 00:00:00,ricobendazol,
5530,24114,2024-05-18 00:00:00,ricobendazol/antidiarrea,
5531,24115,2024-05-18 00:00:00,ricobendazol,
5532,24117,2024-05-18 00:00:00,ricobendazol,
5533,24118,2024-05-18 00:00:00,ricobendazol,
5534,24119,2024-05-18 00:00:00,ricobendazol,
5535,24120,2024-05-18 00:00:00,ricobendazol,
5536,24135,2024-05-18 00:00:00,ricobendazol,
5537,24046,2024-05-18 00:00:00,ricobendazol,
5538,24094,2024-05-18 00:00:00,ricobendazol,
5539,23225,2024-05-18 00:00:00,aftosa/ravax/ricobendazol,
5540,23240,2024-05-18 00:00:00,aftosa/ravax/ricobendazol,
5541,23244,2024-05-18 00:00:00,aftosa/ravax/ricobendazol,
5542,23246,2024-05-18 00:00:00,aftosa/ravax/ricobendazol,
5543,23250,2024-05-18 00:00:00,aftosa/ravax/ricobendazol,
5544,23252,2024-05-18 00:00:00,aftosa/ravax/ricobendazol,
5545,24002,2024-05-18 00:00:00,aftosa/ravax/ricobendazol,
5546,24003,2024-05-18 00:00:00,aftosa/ravax/ricobendazol,
5547,24007,2024-05-18 00:00:00,aftosa/ravax/ricobendazol,
5548,24014,2024-05-18 00:00:00,aftosa/ravax/ricobendazol,
5549,24020,2024-05-18 00:00:00,aftosa/ravax/ricobendazol,
5550,24001,2024-05-18 00:00:00,aftosa/ravax/ricobendazol,
5551,24017,2024-05-18 00:00:00,aftosa/ravax/ricobendazol,
5552,24023,2024-05-18 00:00:00,aftosa/ravax/ricobendazol,
5553,24028,2024-05-18 00:00:00,aftosa/ravax/ricobendazol,
5554,24033,2024-05-18 00:00:00,aftosa/ravax/ricobendazol,
5555,24034,2024-05-18 00:00:00,aftosa/ravax/ricobendazol,
5556,24036,2024-05-18 00:00:00,aftosa/ravax/ricobendazol,
5557,24042,2024-05-18 00:00:00,aftosa/ravax/ricobendazol,
5558,24043,2024-05-18 00:00:00,aftosa/ravax/ricobendazol,
5559,24045,2024-05-18 00:00:00,aftosa/ravax/ricobendazol,
5560,24050,2024-05-18 00:00:00,aftosa/ravax/ricobendazol,
5561,24052,2024-05-18 00:00:00,aftosa/ravax/ricobendazol,
5562,24055,2024-05-18 00:00:00,aftosa/ravax/ricobendazol,
5563,24059,2024-05-18 00:00:00,aftosa/ravax/ricobendazol,
5564,24069,2024-05-18 00:00:00,aftosa/ravax/ricobendazol,
5565,24072,2024-05-18 00:00:00,aftosa/ravax/ricobendazol,
5566,24073,2024-05-18 00:00:00,aftosa/ravax/ricobendazol,
5567,24074,2024-05-18 00:00:00,aftosa/ravax/ricobendazol,
5568,24071,2024-05-17 00:00:00,ricobendazol/aftosa/rabia,
5569,23221,2024-05-17 00:00:00,ricobendazol/aftosa/rabia,
5570,24111,2024-05-17 00:00:00,ricobendazol/aftosa/rabia,
5571,24087,2024-05-17 00:00:00,ricobendazol,
5572,24096,2024-05-17 00:00:00,ricobendazol,
5573,24024,2024-05-17 00:00:00,ricobendazol/aftosa/rabia,
5574,24065,2024-05-17 00:00:00,ricobendazol/aftosa/rabia,
5575,23236,2024-05-17 00:00:00,ricobendazol/aftosa/rabia,
5576,24005,2024-05-17 00:00:00,ricobendazol/aftosa/rabia,
5577,24090,2024-05-17 00:00:00,ricobendazol,
5578,24081,2024-05-17 00:00:00,ricobendazol,
5579,24091,2024-05-17 00:00:00,ricobendazol,
5580,24031,2024-05-17 00:00:00,ricobendazol/aftosa/rabia,
5581,24101,2024-05-17 00:00:00,ricobendazol,
5582,24116,2024-05-17 00:00:00,ricobendazol,
5583,24044,2024-05-17 00:00:00,ricobendazol,
5584,24099,2024-05-17 00:00:00,ricobendazol,
5585,24105,2024-05-17 00:00:00,ricobendazol,
5586,24068,2024-05-17 00:00:00,ricobendazol,
5587,24095,2024-05-17 00:00:00,ricobendazol/babecide,
5588,23224,2024-06-19 00:00:00,doramectina,
5589,23225,2024-06-19 00:00:00,doramectina,
5590,23230,2024-06-19 00:00:00,doramectina,
5591,23232,2024-06-19 00:00:00,doramectina,
5592,23240,2024-06-19 00:00:00,doramectina,
5593,23244,2024-06-19 00:00:00,doramectina,
5594,23246,2024-06-19 00:00:00,doramectina,
5595,23250,2024-06-19 00:00:00,doramectina,
5596,23252,2024-06-19 00:00:00,doramectina,
5597,24001,2024-06-19 00:00:00,doramectina,
5598,24002,2024-06-19 00:00:00,doramectina,
5599,24003,2024-06-19 00:00:00,doramectina,
5600,23227,2024-05-22 00:00:00,aftosa/ricobendazol/conbibac/RB51,
5601,23241,2024-05-22 00:00:00,aftosa/ricobendazol/conbibac,
5602,24016,2024-05-22 00:00:00,aftosa/ricobendazol/conbibac,
5603,24008,2024-05-22 00:00:00,aftosa/ricobendazol/conbibac,
5604,24011,2024-05-22 00:00:00,aftosa/ricobendazol/conbibac,
5605,24012,2024-05-22 00:00:00,aftosa/ricobendazol/conbibac,
5606,24013,2024-05-22 00:00:00,aftosa/ricobendazol/conbibac,
5607,24015,2024-05-22 00:00:00,aftosa/ricobendazol/conbibac,
5608,24019,2024-05-22 00:00:00,aftosa/ricobendazol/conbibac,
5609,24027,2024-05-22 00:00:00,aftosa/ricobendazol/conbibac,
5610,24029,2024-05-22 00:00:00,aftosa/ricobendazol/conbibac,
5611,24030,2024-05-22 00:00:00,aftosa/ricobendazol/conbibac,
5612,24037,2024-05-22 00:00:00,aftosa/ricobendazol/conbibac,
5613,24039,2024-05-22 00:00:00,aftosa/ricobendazol/conbibac,
5614,24047,2024-05-22 00:00:00,aftosa/ricobendazol/conbibac,
5615,24049,2024-05-22 00:00:00,aftosa/ricobendazol/conbibac,
5616,24063,2024-05-22 00:00:00,aftosa/ricobendazol/conbibac,
5617,24066,2024-05-22 00:00:00,aftosa/ricobendazol/conbibac,
5618,24077,2024-05-22 00:00:00,aftosa/ricobendazol/conbibac,
5619,24079,2024-05-22 00:00:00,aftosa/ricobendazol/conbibac,
5620,24082,2024-05-22 00:00:00,aftosa/ricobendazol/conbibac,
5621,24085,2024-05-22 00:00:00,aftosa/ricobendazol/conbibac,
5622,24089,2024-05-22 00:00:00,aftosa/ricobendazol/conbibac,
5623,24092,2024-05-22 00:00:00,aftosa/ricobendazol/conbibac,
5624,24110,2024-05-22 00:00:00,ricobendazol,
5625,24145,2024-05-22 00:00:00,ricobendazol,
5626,24078,2024-05-21 00:00:00,aftosa/ ricobendazol/ ,
5627,24100,2024-05-21 00:00:00,aftosa/ ricobendazol/ ,
5628,24122,2024-05-21 00:00:00,aftosa/ ricobendazol/ ,
5629,4501,2024-05-21 00:00:00,aftosa/ ricobendazol/ ,
5630,23224,2024-07-30 00:00:00,bebenil/ FLUAZURON/aftosa  a todos los bec de ordeño,
5631,23225,2024-07-30 00:00:00,bebenil/ FLUAZURON/aftosa  a todos los bec de ordeño,
5632,23232,2024-07-30 00:00:00,bebenil/ FLUAZURON/aftosa  a todos los bec de ordeño,
5633,23240,2024-07-30 00:00:00,bebenil/ FLUAZURON/aftosa  a todos los bec de ordeño,
5634,23244,2024-07-30 00:00:00,bebenil/ FLUAZURON/aftosa  a todos los bec de ordeño,
5635,23246,2024-07-30 00:00:00,bebenil/ FLUAZURON/aftosa  a todos los bec de ordeño,
5636,23250,2024-07-30 00:00:00,bebenil/ FLUAZURON/aftosa  a todos los bec de ordeño,
5637,23252,2024-07-30 00:00:00,bebenil/ FLUAZURON/aftosa  a todos los bec de ordeño,
5638,24001,2024-07-30 00:00:00,bebenil/ FLUAZURON/aftosa  a todos los bec de ordeño,
5639,24002,2024-07-30 00:00:00,bebenil/ FLUAZURON/aftosa  a todos los bec de ordeño,
5640,24003,2024-07-30 00:00:00,bebenil/ FLUAZURON/aftosa  a todos los bec de ordeño,
5641,24007,2024-07-30 00:00:00,bebenil/ FLUAZURON/aftosa  a todos los bec de ordeño,
5642,24009,2024-07-30 00:00:00,bebenil/ FLUAZURON/aftosa  a todos los bec de ordeño,
5643,24014,2024-07-30 00:00:00,bebenil/ FLUAZURON/aftosa  a todos los bec de ordeño,
5644,24017,2024-07-30 00:00:00,bebenil/ FLUAZURON/aftosa  a todos los bec de ordeño,
5645,24018,2024-07-30 00:00:00,bebenil/ FLUAZURON/aftosa  a todos los bec de ordeño,
5646,24020,2024-07-30 00:00:00,bebenil/ FLUAZURON/aftosa  a todos los bec de ordeño,
5647,24023,2024-07-30 00:00:00,bebenil/ FLUAZURON/aftosa  a todos los bec de ordeño,
5648,24028,2024-07-30 00:00:00,bebenil/ FLUAZURON/aftosa  a todos los bec de ordeño,
5649,24032,2024-07-30 00:00:00,bebenil/ FLUAZURON/aftosa  a todos los bec de ordeño,
5650,24033,2024-07-30 00:00:00,bebenil/ FLUAZURON/aftosa  a todos los bec de ordeño,
5651,24034,2024-07-30 00:00:00,bebenil/ FLUAZURON/aftosa  a todos los bec de ordeño,
5652,24036,2024-07-30 00:00:00,bebenil/ FLUAZURON/aftosa  a todos los bec de ordeño,
5653,24040,2024-07-30 00:00:00,bebenil/ FLUAZURON/aftosa  a todos los bec de ordeño,
5654,24043,2024-07-30 00:00:00,bebenil/ FLUAZURON/aftosa  a todos los bec de ordeño,
5655,24042,2024-07-30 00:00:00,bebenil/ FLUAZURON/aftosa  a todos los bec de ordeño,
5656,24045,2024-07-30 00:00:00,bebenil/ FLUAZURON/aftosa  a todos los bec de ordeño,
5657,24046,2024-07-30 00:00:00,bebenil/ FLUAZURON/aftosa  a todos los bec de ordeño,
5658,24048,2024-07-30 00:00:00,bebenil/ FLUAZURON/aftosa  a todos los bec de ordeño,
5659,24050,2024-07-30 00:00:00,bebenil/ FLUAZURON/aftosa  a todos los bec de ordeño,
5660,24051,2024-07-30 00:00:00,bebenil/ FLUAZURON/aftosa  a todos los bec de ordeño,
5661,24052,2024-07-30 00:00:00,bebenil/ FLUAZURON/aftosa  a todos los bec de ordeño,
5662,24053,2024-07-30 00:00:00,bebenil/ FLUAZURON/aftosa  a todos los bec de ordeño,
5663,24054,2024-07-30 00:00:00,bebenil/ FLUAZURON/aftosa  a todos los bec de ordeño,
5664,24055,2024-07-30 00:00:00,bebenil/ FLUAZURON/aftosa  a todos los bec de ordeño,
5665,24056,2024-07-30 00:00:00,bebenil/ FLUAZURON/aftosa  a todos los bec de ordeño,
5666,24058,2024-07-30 00:00:00,bebenil/ FLUAZURON/aftosa  a todos los bec de ordeño,
5667,24060,2024-07-30 00:00:00,bebenil/ FLUAZURON/aftosa  a todos los bec de ordeño,
5668,24061,2024-07-30 00:00:00,bebenil/ FLUAZURON/aftosa  a todos los bec de ordeño,
5669,24062,2024-07-30 00:00:00,bebenil/ FLUAZURON/aftosa  a todos los bec de ordeño,
5670,24069,2024-07-30 00:00:00,bebenil/ FLUAZURON/aftosa  a todos los bec de ordeño,
5671,24070,2024-07-30 00:00:00,bebenil/ FLUAZURON/aftosa  a todos los bec de ordeño,
5672,24072,2024-07-30 00:00:00,bebenil/ FLUAZURON/aftosa  a todos los bec de ordeño,
5673,24073,2024-07-30 00:00:00,bebenil/ FLUAZURON/aftosa  a todos los bec de ordeño,
5674,24074,2024-07-30 00:00:00,bebenil/ FLUAZURON/aftosa  a todos los bec de ordeño,
5675,24075,2024-07-30 00:00:00,bebenil/ FLUAZURON/aftosa  a todos los bec de ordeño,
5676,24076,2024-07-30 00:00:00,bebenil/ FLUAZURON/aftosa  a todos los bec de ordeño,
5677,24080,2024-07-30 00:00:00,bebenil/ FLUAZURON/aftosa  a todos los bec de ordeño,
5678,24084,2024-07-30 00:00:00,bebenil/ FLUAZURON/aftosa  a todos los bec de ordeño,
5679,24086,2024-07-30 00:00:00,bebenil/ FLUAZURON/aftosa  a todos los bec de ordeño,
5680,24095,2024-07-30 00:00:00,bebenil/ FLUAZURON/aftosa  a todos los bec de ordeño,
5681,24102,2024-07-30 00:00:00,bebenil/ FLUAZURON/aftosa  a todos los bec de ordeño,
5682,24106,2024-07-30 00:00:00,bebenil/ FLUAZURON/aftosa  a todos los bec de ordeño,
5683,24108,2024-07-30 00:00:00,bebenil/ FLUAZURON/aftosa  a todos los bec de ordeño,
5684,24109,2024-07-30 00:00:00,bebenil/ FLUAZURON/aftosa  a todos los bec de ordeño,
5685,24115,2024-07-30 00:00:00,bebenil/ FLUAZURON/aftosa  a todos los bec de ordeño,
5686,24117,2024-07-30 00:00:00,bebenil/ FLUAZURON/aftosa  a todos los bec de ordeño,
5687,24118,2024-07-30 00:00:00,bebenil/ FLUAZURON/aftosa  a todos los bec de ordeño,
5688,24127,2024-07-30 00:00:00,bebenil/ FLUAZURON/aftosa  a todos los bec de ordeño,
5689,24129,2024-07-30 00:00:00,bebenil/ FLUAZURON/aftosa  a todos los bec de ordeño,
5690,24130,2024-07-30 00:00:00,bebenil/ FLUAZURON/aftosa  a todos los bec de ordeño,
5691,24131,2024-07-30 00:00:00,bebenil/ FLUAZURON/aftosa  a todos los bec de ordeño,
5692,24133,2024-07-30 00:00:00,bebenil/ FLUAZURON/aftosa  a todos los bec de ordeño,
5693,24135,2024-07-30 00:00:00,bebenil/ FLUAZURON/aftosa  a todos los bec de ordeño,
5694,24137,2024-07-30 00:00:00,bebenil/ FLUAZURON/aftosa  a todos los bec de ordeño,
5695,24140,2024-07-30 00:00:00,bebenil/ FLUAZURON/aftosa  a todos los bec de ordeño,
5696,24142,2024-07-30 00:00:00,bebenil/ FLUAZURON/aftosa  a todos los bec de ordeño,
5697,24143,2024-07-30 00:00:00,bebenil/ FLUAZURON/aftosa  a todos los bec de ordeño,
5698,24144,2024-07-30 00:00:00,bebenil/ FLUAZURON/aftosa  a todos los bec de ordeño,
5699,24146,2024-07-30 00:00:00,bebenil/ FLUAZURON/aftosa  a todos los bec de ordeño,
5700,24147,2024-07-30 00:00:00,bebenil/ FLUAZURON/aftosa  a todos los bec de ordeño,
5701,24148,2024-07-30 00:00:00,bebenil/ FLUAZURON/aftosa  a todos los bec de ordeño,
5702,24149,2024-07-30 00:00:00,bebenil/ FLUAZURON/aftosa  a todos los bec de ordeño,
5703,24150,2024-07-30 00:00:00,bebenil/ FLUAZURON/aftosa  a todos los bec de ordeño,
5704,24151,2024-07-30 00:00:00,bebenil/ FLUAZURON/aftosa  a todos los bec de ordeño,
5705,24155,2024-07-30 00:00:00,bebenil/ FLUAZURON/aftosa  a todos los bec de ordeño,
5706,24156,2024-07-30 00:00:00,bebenil/ FLUAZURON/aftosa  a todos los bec de ordeño,
5707,24158,2024-07-30 00:00:00,bebenil/ FLUAZURON/aftosa  a todos los bec de ordeño,
5708,24159,2024-07-30 00:00:00,bebenil/ FLUAZURON/aftosa  a todos los bec de ordeño,
5709,24162,2024-07-30 00:00:00,bebenil/ FLUAZURON/aftosa  a todos los bec de ordeño,
5710,24163,2024-07-30 00:00:00,bebenil/ FLUAZURON/aftosa  a todos los bec de ordeño,
5711,24164,2024-07-30 00:00:00,bebenil/ FLUAZURON/aftosa  a todos los bec de ordeño,
5712,24165,2024-07-30 00:00:00,bebenil/ FLUAZURON/aftosa  a todos los bec de ordeño,
5713,24167,2024-07-30 00:00:00,bebenil/ FLUAZURON/aftosa  a todos los bec de ordeño,
5714,24168,2024-07-30 00:00:00,bebenil/ FLUAZURON/aftosa  a todos los bec de ordeño,
5715,24170,2024-07-30 00:00:00,bebenil/ FLUAZURON/aftosa  a todos los bec de ordeño,
5716,24172,2024-07-30 00:00:00,bebenil/ FLUAZURON/aftosa  a todos los bec de ordeño,
5717,24173,2024-07-30 00:00:00,bebenil/ FLUAZURON/aftosa  a todos los bec de ordeño,
5718,24176,2024-07-30 00:00:00,bebenil/ FLUAZURON/aftosa  a todos los bec de ordeño,
5719,24177,2024-07-30 00:00:00,bebenil/ FLUAZURON/aftosa  a todos los bec de ordeño,
5720,24178,2024-07-30 00:00:00,bebenil/ FLUAZURON/aftosa  a todos los bec de ordeño,
5721,24179,2024-07-30 00:00:00,bebenil/ FLUAZURON/aftosa  a todos los bec de ordeño,
5722,24180,2024-07-30 00:00:00,bebenil/ FLUAZURON/aftosa  a todos los bec de ordeño,
5723,24140,2024-06-19 00:00:00,doramectina,
5724,24142,2024-06-19 00:00:00,doramectina,
5725,24143,2024-06-19 00:00:00,doramectina,
5726,24144,2024-06-19 00:00:00,doramectina,
5727,24146,2024-06-19 00:00:00,doramectina,
5728,24147,2024-06-19 00:00:00,doramectina,
5729,24148,2024-06-19 00:00:00,doramectina,
5730,24149,2024-06-19 00:00:00,doramectina,
5731,24150,2024-06-19 00:00:00,doramectina,
5732,24151,2024-06-19 00:00:00,doramectina,
5733,24152,2024-06-19 00:00:00,doramectina,
5734,24153,2024-06-19 00:00:00,doramectina,
5735,24155,2024-06-19 00:00:00,doramectina,
5736,24156,2024-06-19 00:00:00,doramectina,
5737,24157,2024-06-19 00:00:00,doramectina,
5738,24158,2024-06-19 00:00:00,doramectina,
5739,24159,2024-06-19 00:00:00,doramectina,
5740,24160,2024-06-19 00:00:00,doramectina,
5741,24162,2024-06-19 00:00:00,doramectina,
5742,2090A,2023-02-16 00:00:00,penzilim ; diclovet 160223; repite dosis 180223,
5743,1015 ,2023-03-08 00:00:00,cura local arreglo podal 080323,
5744,2208A,2023-03-08 00:00:00,CARVICEL 080323,
5745,6011,2023-03-08 00:00:00,arreglo podal mpi/carvicel 080323,
5746,60286,2023-03-08 00:00:00,diarrea /oxitrtra; dimin;doramectina 080323,
5747,0018,2023-03-10 00:00:00,Ravia / clostridium  100323,
5748,0128,2023-03-10 00:00:00,Ravia / clostridium  100323,
5749,0139,2023-03-10 00:00:00,Ravia / clostridium  100323,
5750,0143,2023-03-10 00:00:00,Ravia / clostridium  100323,
5751,05,2023-03-10 00:00:00,Ravia / clostridium  100323,
5752,0500,2023-03-10 00:00:00,Ravia / clostridium  100323,
5753,1019,2023-03-10 00:00:00,Ravia / clostridium  100323,
5754,1033A,2023-03-10 00:00:00,Ravia / clostridium  100323,
5755,10391,2023-03-10 00:00:00,clostridium  100323,
5756,1046A,2023-03-10 00:00:00,Ravia / clostridium  100323,
5757,1056A,2023-03-10 00:00:00,Ravia / clostridium  100323,
5758,1077A,2023-03-10 00:00:00,Ravia / clostridium  100323,
5759,1078A,2023-03-10 00:00:00,Ravia / clostridium  100323,
5760,1089,2023-03-10 00:00:00,Ravia / clostridium  100323,
5761,1090A,2023-03-10 00:00:00,Ravia / clostridium  100323,
5762,1112A,2023-03-10 00:00:00,Ravia / clostridium  100323,
5763,1117,2023-03-10 00:00:00,Ravia / clostridium  100323,
5764,1119,2023-03-10 00:00:00,Ravia / clostridium  100323,
5765,1128,2023-03-10 00:00:00,Ravia / clostridium  100323,
5766,1131A,2023-03-10 00:00:00,Ravia / clostridium  100323,
5767,1161,2023-03-10 00:00:00,Ravia / clostridium  100323/,
5768,12164,2023-03-10 00:00:00,clostridium  100323,
5769,1310,2023-03-10 00:00:00,Ravia / clostridium  100323,
5770,14,2023-03-10 00:00:00,Ravia / clostridium  100323,
5771,2,2023-03-10 00:00:00,Ravia / clostridium  100323,
5772,20334,2023-03-10 00:00:00,Ravia / clostridium  100323,
5773,2042,2023-03-10 00:00:00,clostridium  100323  ,
5774,2047,2023-03-10 00:00:00,Ravia / clostridium  100323,
5775,2049,2023-03-10 00:00:00,Ravia / clostridium  100323,
5776,2050,2023-03-10 00:00:00,Ravia / clostridium  100323,
5777,2051,2023-03-10 00:00:00,Ravia / clostridium  100323/ ,
5778,2072,2023-03-10 00:00:00,Ravia / clostridium  100323,
5779,2079,2023-03-10 00:00:00,Ravia / clostridium  100323,
5780,2092,2023-03-10 00:00:00,Ravia / clostridium  100323,
5781,2094,2023-03-10 00:00:00,Ravia / clostridium  100323,
5782,2095,2023-03-10 00:00:00,Ravia / clostridium  100323,
5783,2097,2023-03-10 00:00:00,Ravia / clostridium  100323,
5784,20971,2023-03-10 00:00:00,Ravia / clostridium  100323,
5785,22098,2023-03-10 00:00:00,Ravia / clostridium  100323,
5786,2099,2023-03-10 00:00:00,Ravia / clostridium  100323  /,
5787,2100,2023-03-10 00:00:00,Ravia / clostridium  100323,
5788,2101,2023-03-10 00:00:00,Ravia / clostridium  100323,
5789,2102,2023-03-10 00:00:00,Ravia / clostridium  100323,
5790,21027,2023-03-10 00:00:00,Ravia / clostridium  100323,
5791,2103,2023-03-10 00:00:00,Ravia / clostridium  100323  ,
5792,2105,2023-03-10 00:00:00,Ravia / clostridium  100323,
5793,2107,2023-03-10 00:00:00,Ravia / clostridium  100323,
5794,2109,2023-03-10 00:00:00,Ravia / clostridium  100323/,
5795,2110,2023-03-10 00:00:00,clostridium  100323,
5796,2117,2023-03-10 00:00:00,Ravia / clostridium  100323,
5797,22119,2023-03-10 00:00:00,Ravia / clostridium  100323,
5798,22122,2023-03-10 00:00:00,Ravia / clostridium  100323,
5799,213,2023-03-10 00:00:00,Ravia / clostridium  100323,
5800,2131,2023-03-10 00:00:00,Ravia / clostridium  100323,
5801,2143,2023-03-10 00:00:00,Ravia / clostridium  100323,
5802,2146,2023-03-10 00:00:00,Ravia / clostridium  100323  ,
5803,2148A,2023-03-10 00:00:00,Ravia / clostridium  100323,
5804,2149A,2023-03-10 00:00:00,Ravia / clostridium  100323,
5805,22150,2023-03-10 00:00:00, clostridium  100323,
5806,2151,2023-03-10 00:00:00,Ravia / clostridium  100323,
5807,2159,2023-03-10 00:00:00,Ravia / clostridium  100323  ,
5808,2177,2023-03-10 00:00:00,Ravia / clostridium  100323,
5809,2177A,2023-03-10 00:00:00,Ravia / clostridium  100323,
5810,22178,2023-03-10 00:00:00,Ravia / clostridium  100323,
5811,2180A,2023-03-10 00:00:00,Ravia / clostridium  100323,
5812,22194,2023-03-10 00:00:00,Ravia / clostridium  100323,
5813,2200,2023-03-10 00:00:00,Ravia / clostridium  100323  /,
5814,2201,2023-03-10 00:00:00,Ravia / clostridium  100323/ ,
5815,22205,2023-03-10 00:00:00,Ravia / clostridium  100323,
5816,22206,2023-03-10 00:00:00,clostridium  100323,
5817,2215,2023-03-10 00:00:00,Ravia / clostridium  100323,
5818,2217,2023-03-10 00:00:00,Ravia / clostridium  100323,
5819,2224,2023-03-10 00:00:00,clostridium  100323,
5820,2337,2023-03-10 00:00:00,Ravia / clostridium  100323,
5821,2340,2023-03-10 00:00:00,Ravia / clostridium  100323,
5822,23001,2023-03-10 00:00:00,clostridium  100323,
5823,3003A,2023-03-10 00:00:00,Ravia / clostridium  100323,
5824,23004,2023-03-10 00:00:00,Ravia / clostridium  100323,
5825,3015,2023-03-10 00:00:00,Ravia / clostridium  100323/,
5826,23016,2023-03-10 00:00:00,clostridium  100323,
5827,3017,2023-03-10 00:00:00,clostridium  100323,
5828,3028A,2023-03-10 00:00:00,Ravia / clostridium  100323,
5829,3038A,2023-03-10 00:00:00,Ravia / clostridium  100323,
5830,3044A,2023-03-10 00:00:00,Ravia / clostridium  100323,
5831,3066A,2023-03-10 00:00:00,Ravia / clostridium  100323,
5832,3093,2023-03-10 00:00:00,Ravia / clostridium  100323,
5833,3100,2023-03-10 00:00:00,Ravia / clostridium  100323/,
5834,3107,2023-03-10 00:00:00,Ravia / clostridium  100323,
5835,3108,2023-03-10 00:00:00,Ravia / clostridium  100323,
5836,31102,2023-03-10 00:00:00,Ravia / clostridium  100323,
5837,3178,2023-03-10 00:00:00,Ravia / clostridium  100323,
5838,3227,2023-03-10 00:00:00,Ravia / clostridium  100323,
5839,3969,2023-03-10 00:00:00,Ravia / clostridium  100323,
5840,4007,2023-03-10 00:00:00,Ravia / clostridium  100323,
5841,40072,2023-03-10 00:00:00,Ravia / clostridium  100323,
5842,4008,2023-03-10 00:00:00,Ravia / clostridium  100323,
5843,4023,2023-03-10 00:00:00,Ravia / clostridium  100323,
5844,4033,2023-03-10 00:00:00,Ravia / clostridium  100323,
5845,4034,2023-03-10 00:00:00,Ravia / clostridium  100323,
5846,4053,2023-03-10 00:00:00,clostridium  100323,
5847,406,2023-03-10 00:00:00,Ravia / clostridium  100323,
5848,4065,2023-03-10 00:00:00,Ravia / clostridium  100323,
5849,4066,2023-03-10 00:00:00,Ravia / clostridium  100323,
5850,4075,2023-03-10 00:00:00,Ravia / clostridium  100323,
5851,4076,2023-03-10 00:00:00,Ravia / clostridium  100323,
5852,4078,2023-03-10 00:00:00,Ravia / clostridium  100323,
5853,4099,2023-03-10 00:00:00,Ravia / clostridium  100323,
5854,4100,2023-03-10 00:00:00,Ravia / clostridium  100323,
5855,4109,2023-03-10 00:00:00,Ravia / clostridium  100323,
5856,4122,2023-03-10 00:00:00,clostridium  100323,
5857,4143,2023-03-10 00:00:00,clostridium  100323,
5858,5007,2023-03-10 00:00:00,Ravia / clostridium  100323,
5859,5010,2023-03-10 00:00:00,Ravia / clostridium  100323,
5860,5013,2023-03-10 00:00:00,Ravia / clostridium  100323,
5861,5033,2023-03-10 00:00:00,Ravia / clostridium  100323,
5862,5035,2023-03-10 00:00:00,clostridium  100323,
5863,5041,2023-03-10 00:00:00,Ravia / clostridium  100323,
5864,5060,2023-03-10 00:00:00,Ravia / clostridium  100323,
5865,50501,2023-03-10 00:00:00,Ravia / clostridium  100323,
5866,5072,2023-03-10 00:00:00,Ravia / clostridium  100323,
5867,50741,2023-03-10 00:00:00,Ravia / clostridium  100323,
5868,5076,2023-03-10 00:00:00,Ravia / clostridium  100323,
5869,5077,2023-03-10 00:00:00,Ravia / clostridium  100323,
5870,5092,2023-03-10 00:00:00,Ravia / clostridium  100323,
5871,5144,2023-03-10 00:00:00,Ravia / clostridium  100323,
5872,5150,2023-03-10 00:00:00,Ravia / clostridium  100323,
5873,6003,2023-03-10 00:00:00,Ravia / clostridium  100323,
5874,6008,2023-03-10 00:00:00,Ravia / clostridium  100323,
5875,60181,2023-03-10 00:00:00,Ravia / clostridium  100323,
5876,6020,2023-03-10 00:00:00,Ravia / clostridium  100323,
5877,6021,2023-03-10 00:00:00,Ravia / clostridium  100323,
5878,6025,2023-03-10 00:00:00,Ravia / clostridium  100323,
5879,6043,2023-03-10 00:00:00,Ravia / clostridium  100323,
5880,6053,2023-03-10 00:00:00,Ravia / clostridium  100323,
5881,6070,2023-03-10 00:00:00,clostridium  100323,
5882,7007,2023-03-10 00:00:00,Ravia / clostridium  100323,
5883,7028,2023-03-10 00:00:00,Ravia / clostridium  100323,
5884,7067,2023-03-10 00:00:00,Ravia / clostridium  100323,
5885,7074,2023-03-10 00:00:00,Ravia / clostridium  100323,
5886,7076,2023-03-10 00:00:00,Ravia / clostridium  100323,
5887,7080,2023-03-10 00:00:00,Ravia / clostridium  100323,
5888,7092,2023-03-10 00:00:00,Ravia / clostridium  100323,
5889,8034,2023-03-10 00:00:00,Ravia / clostridium  100323,
5890,8054,2023-03-10 00:00:00,clostridium  100323,
5891,8067,2023-03-10 00:00:00,Ravia / clostridium  100323,
5892,80682,2023-03-10 00:00:00,Ravia / clostridium  100323,
5893,8071,2023-03-10 00:00:00,Ravia / clostridium  100323,
5894,8077,2023-03-10 00:00:00,clostridium  100323,
5895,8089,2023-03-10 00:00:00,Ravia / clostridium  100323,
5896,8098,2023-03-10 00:00:00,Ravia / clostridium  100323,
5897,8099,2023-03-10 00:00:00,Ravia / clostridium  100323,
5898,89,2023-03-10 00:00:00,Ravia / clostridium  100323,
5899,9007,2023-03-10 00:00:00,Ravia / clostridium  100323,
5900,9014,2023-03-10 00:00:00,clostridium  100323,
5901,9045,2023-03-10 00:00:00,Ravia / clostridium  100323,
5902,9046,2023-03-10 00:00:00,Ravia / clostridium  100323,
5903,9047,2023-03-10 00:00:00,Ravia / clostridium  100323,
5904,9067,2023-03-10 00:00:00,Ravia / clostridium  100323,
5905,9100,2023-03-10 00:00:00,Ravia / clostridium  100323,
5906,9116B,2023-03-10 00:00:00,clostridium  100323  ,
5907,9219,2023-03-10 00:00:00,clostridium  100323,
5908,9238,2023-03-10 00:00:00,Ravia / clostridium  100323,
5909,EMB 1,2023-03-10 00:00:00,Ravia / clostridium  100323,
5910,EMB 2,2023-03-10 00:00:00,Ravia / clostridium  100323,
5911,EMB 3,2023-03-10 00:00:00,Ravia / clostridium  100323,
5912,MSN14,2023-03-10 00:00:00,Ravia / clostridium  100323,
5913,S/NC,2023-03-10 00:00:00,clostridium  100323,
5914,S/ND,2023-03-10 00:00:00,Ravia / clostridium  100323,
5915,S/NE,2023-03-10 00:00:00,Ravia / clostridium  100323,
5916,S/NG,2023-03-10 00:00:00,clostridium  100323,
5917,TORO4,2023-03-10 00:00:00,Ravia / clostridium  100323,
5918,0234,2023-03-15 00:00:00,Ddoramectina/mod org/diminaceno,
5919,0302,2023-03-15 00:00:00,Ddoramectina/mod org/diminaceno,
5920,0303,2023-03-15 00:00:00,Ddoramectina/mod org/diminaceno,
5921,0304,2023-03-15 00:00:00,Ddoramectina/mod org/diminaceno,
5922,0306,2023-03-15 00:00:00,Ddoramectina/mod org/diminaceno,
5923,0307,2023-03-15 00:00:00,Ddoramectina/mod org/diminaceno,
5924,0308,2023-03-15 00:00:00,Ddoramectina/mod org/diminaceno,
5925,0309,2023-03-15 00:00:00,Ddoramectina/mod org/diminaceno,
5926,0311,2023-03-15 00:00:00,Ddoramectina/mod org/diminaceno,
5927,0312,2023-03-15 00:00:00,Ddoramectina/mod org/diminaceno,
5928,0313,2023-03-15 00:00:00,Ddoramectina/mod org/diminaceno,
5929,0335,2023-03-15 00:00:00,Ddoramectina/mod org/diminaceno,
5930,03XX,2023-03-15 00:00:00,Ddoramectina/mod org/diminaceno,
5931,0314,2023-03-15 00:00:00,Ddoramectina/mod org/diminaceno,
5932,0310,2023-03-15 00:00:00,Ddoramectina/mod org/diminaceno,
5933,1500,2023-03-15 00:00:00,Ddoramectina/mod org/diminaceno,
5934,1501,2023-03-15 00:00:00,Ddoramectina/mod org/diminaceno,
5935,2500,2023-03-15 00:00:00,Ddoramectina/mod org/diminaceno,
5936,9115,2023-03-15 00:00:00,Ddoramectina/mod org/diminaceno,
5937,9500,2023-03-15 00:00:00,Ddoramectina/mod org/diminaceno,
5938,9501,2023-03-15 00:00:00,Ddoramectina/mod org/diminaceno,
5939,9502,2023-03-15 00:00:00,Ddoramectina/mod org/diminaceno,
5940,9503,2023-03-15 00:00:00,Ddoramectina/mod org/diminaceno,
5941,pend21,2023-03-15 00:00:00,Ddoramectina/mod org/diminaceno,
5942,pend24,2023-03-15 00:00:00,Ddoramectina/mod org/diminaceno,
5943,9051,2023-03-28 00:00:00,ipermetrina  280323/,
5944,0102,2023-03-31 00:00:00,clostridium 310323,
5945,0114,2023-03-31 00:00:00,clostridium 310323,
5946,0201,2023-03-31 00:00:00,clostridium 310323/,
5947,0204A,2023-03-31 00:00:00,clostridium 310323,
5948,0215A,2023-03-31 00:00:00,clostridium 310323,
5949,0225,2023-03-31 00:00:00,5cc buceralina clostridium 310323,
5950,0229,2023-03-31 00:00:00,clostridium 310323,
5951,0231A,2023-03-31 00:00:00,clostridium 310323,
5952,0233,2023-03-31 00:00:00,clostridium 310323,
5953,0246,2023-03-31 00:00:00,clostridium 310323,
5954,0249,2023-03-31 00:00:00,clostridium 310323,
5955,0258,2023-03-31 00:00:00,clostridium 310323,
5956,0263,2023-03-31 00:00:00,clostridium 310323,
5957,0272,2023-03-31 00:00:00,clostridium 310323,
5958,0278,2023-03-31 00:00:00,clostridium 310323,
5959,0284,2023-03-31 00:00:00,clostridium 310323,
5960,0291,2023-03-31 00:00:00, clostridium 310323,
5961,0299A,2023-03-31 00:00:00,clostridium 310323,
5962,0299C,2023-03-31 00:00:00,clostridium 310323,
5963,0323,2023-03-31 00:00:00,clostridium 310323,
5964,0349,2023-03-31 00:00:00,clostridium 310323,
5965,0352,2023-03-31 00:00:00,clostridium 310323,
5966,214E,2023-03-31 00:00:00,310323 clostridium,
5967,30,2023-03-31 00:00:00,310323 clostridium,
5968,30212,2023-03-31 00:00:00,310323 clostridium,
5969,3084,2023-03-31 00:00:00,310323 clostridium,
5970,4041,2023-03-31 00:00:00,310323 clostridium,
5971,4057,2023-03-31 00:00:00,310323 clostridium,
5972,4072,2023-03-31 00:00:00,310323 clostridium,
5973,4113,2023-03-31 00:00:00,310323 clostridium,
5974,5043,2023-03-31 00:00:00,5cc buceralina clostridium 310323,
5975,5111,2023-03-31 00:00:00,clostridium 310323,
5976,6050,2023-03-31 00:00:00,clostridium 310323,
5977,7022,2023-03-31 00:00:00,clostridium 310323,
5978,7032,2023-03-31 00:00:00,clostridium 310323,
5979,7034,2023-03-31 00:00:00,clostridium 310323,
5980,7038,2023-03-31 00:00:00,clostridium  310323,
5981,7050,2023-03-31 00:00:00,5cc buceralina clostridium 310323,
5982,7061,2023-03-31 00:00:00,clostridium 310323,
5983,7066,2023-03-31 00:00:00,310323 clostridium,
5984,8005,2023-03-31 00:00:00,310323 clostridium,
5985,8006,2023-03-31 00:00:00,clostridium  310323,
5986,8011,2023-03-31 00:00:00,310323 clostridium,
5987,8015,2023-03-31 00:00:00,clostridium  310323,
5988,8016,2023-03-31 00:00:00,310323 clostridium,
5989,8020,2023-03-31 00:00:00,310323 clostridium,
5990,8023,2023-03-31 00:00:00,310323 clostridium,
5991,8032,2023-03-31 00:00:00,310323 clostridium,
5992,8037,2023-03-31 00:00:00,310323 clostridium,
5993,8039,2023-03-31 00:00:00,310323 clostridium/ ,
5994,8041,2023-03-31 00:00:00,310323 clostridium,
5995,8042,2023-03-31 00:00:00,310323 clostridium,
5996,8052,2023-03-31 00:00:00,310323 clostridium,
5997,8056,2023-03-31 00:00:00,310323 clostridium,
5998,8058,2023-03-31 00:00:00,310323 clostridium,
5999,8059,2023-03-31 00:00:00,2cc de cloprosrenol 310323 clostridium,
6000,8061,2023-03-31 00:00:00,310323 clostridium,
6001,8062,2023-03-31 00:00:00,310323 clostridium,
6002,8066,2023-03-31 00:00:00,310323 clostridium,
6003,8074,2023-03-31 00:00:00,310323 clostridium,
6004,8076,2023-03-31 00:00:00,310323 clostridium,
6005,8081,2023-03-31 00:00:00,"2,5 buceralina y clostridium 310323",
6006,80841,2023-03-31 00:00:00,310323 clostridium,
6007,8097,2023-03-31 00:00:00,310323 clostridium,
6008,9011,2023-03-31 00:00:00,310323 clostridium,
6009,9015,2023-03-31 00:00:00,310323 clostridium,
6010,9023,2023-03-31 00:00:00,310323 clostridium,
6011,9024,2023-03-31 00:00:00,310323 clostridium,
6012,9030,2023-03-31 00:00:00,5cc buceralina clostridium 310323,
6013,9032,2023-03-31 00:00:00,310323 clostridium,
6014,9035,2023-03-31 00:00:00,310323 clostridium,
6015,9037,2023-03-31 00:00:00,310323 clostridium,
6016,9057,2023-03-31 00:00:00,310323 clostridium,
6017,9058,2023-03-31 00:00:00,310323 clostridium,
6018,9061,2023-03-31 00:00:00,310323 clostridium,
6019,9076,2023-03-31 00:00:00,5cc buceralina clostridium 310323,
6020,9092,2023-03-31 00:00:00,310323 clostridium,
6021,9095,2023-03-31 00:00:00,310323 clostridium,
6022,9099,2023-03-31 00:00:00,310323 clostridium,
6023,9104,2023-03-31 00:00:00,310323 clostridium,
6024,91091,2023-03-31 00:00:00,5cc buceralina clostridium 310323,
6025,9110A,2023-03-31 00:00:00,310323 clostridium,
6026,91121,2023-03-31 00:00:00,310323 clostridium,
6027,9113,2023-03-31 00:00:00,310323 clostridium,
6028,91171,2023-03-31 00:00:00,310323 clostridium,
6029,91172,2023-03-31 00:00:00,2.5 buceralina y clostridium 310323,
6030,9118,2023-03-31 00:00:00,310323 clostridium,
6031,91241,2023-03-31 00:00:00,310323 clostridium,
6032,91242,2023-03-31 00:00:00,310323 clostridium,
6033,9125,2023-03-31 00:00:00,310323 clostridium,
6034,9126A,2023-03-31 00:00:00,310323 clostridium,
6035,9136,2023-03-31 00:00:00,310323 clostridium,
6036,5629,2023-04-03 00:00:00,"2,5  cc sideptin 030423",
6037,2154,2023-04-20 00:00:00,sidep 200423,
6038,5592,2023-04-20 00:00:00,"side,tetra dimi 200423",
6039,1161,2023-04-20 00:00:00," ricofort, dimi, tetrac 200423",
6040,2051,2023-04-20 00:00:00,"mineral ,sideptin 200423",
6041,2109,2023-04-20 00:00:00,sidep 200423  ,
6042,2201,2023-04-20 00:00:00,sidep 200423  /,
6043,3015,2023-04-20 00:00:00, sidep y mineral 200423,
6044,3100,2023-04-20 00:00:00,"mineral, sidep 200423",
6045,0208A,2023-05-19 00:00:00,"rabia, aftosa 190523",
6046,0340A,2023-05-19 00:00:00,"descorne, rabia, aftosa, calbomax  190523",
6047,0348,2023-05-19 00:00:00,"descorne, rabia, aftosa, calbomax  190523",
6048,1017A,2023-05-19 00:00:00,"descorne, rabia, aftosa, calbomax  190523",
6049,10431,2023-05-19 00:00:00,"  /descorne, rabia, aftosa, cypermectrina pour on 190523",
6050,1066A,2023-05-19 00:00:00,"  /descorne, rabia, aftosa, cypermectrina pour on 190523",
6051,1075,2023-05-19 00:00:00,"  /descorne, rabia, aftosa, hzo, cypermectrina pour on 190523",
6052,1079,2023-05-19 00:00:00,"  /descorne, rabia, aftosa, cypermectrina pour on 190523",
6053,1088A,2023-05-19 00:00:00,"descorne, rabia, aftosa , calbomax 190523",
6054,1096,2023-05-19 00:00:00,"descorne, rabia, aftosa, calbomax  190523",
6055,1109B,2023-05-19 00:00:00,"descorne, rabia, aftosa, calbomax  190523",
6056,2019,2023-05-19 00:00:00,"  /descorne, rabia, aftosa 190523",
6057,2023,2023-05-19 00:00:00,"descorne, rabia, aftosa, calbomax  190523",
6058,2035A,2023-05-19 00:00:00,"  /descorne, rabia, aftosa, cypermectrina pour on 190523",
6059,2039,2023-05-19 00:00:00,"  /descorne, rabia, aftosa, cypermectrina pour on 190523",
6060,2040,2023-05-19 00:00:00,"  /descorne, rabia, aftosa, cypermectrina pour on 190523",
6061,2048,2023-05-19 00:00:00,"  /descorne, rabia, aftosa hzo 190523",
6062,2052,2023-05-19 00:00:00,"  /descorne, rabia, aftosa, cypermectrina pour on 190523",
6063,2063B,2023-05-19 00:00:00,"  /descorne, rabia, aftosa, cypermectrina pour on 190523",
6064,2066,2023-05-19 00:00:00,"  /descorne, rabia, aftosa, cypermectrina pour on 190523",
6065,2093,2023-05-19 00:00:00,"  /descorne, rabia, aftosa, cypermectrina pour on 190523",
6066,2096,2023-05-19 00:00:00,"  /descorne, rabia, aftosa 190523",
6067,2108,2023-05-19 00:00:00,"  /descorne, rabia, aftosa, cypermectrina pour on 190523",
6068,2111,2023-05-19 00:00:00,"  /descorne, rabia, aftosa  hzo, cypermectrina pour on 190523",
6069,2143A,2023-05-19 00:00:00,"  /descorne, rabia, aftosa 190523",
6070,2153,2023-05-19 00:00:00,"  /descorne, rabia, aftosa 190523",
6071,2202,2023-05-19 00:00:00,"  /descorne, rabia, aftosa, cypermectrina pour on 190523",
6072,2203,2023-05-19 00:00:00,"  /descorne, rabia, aftosa,calbomax, calbomax  190523",
6073,2218,2023-05-19 00:00:00,"  /descorne, rabia, aftosa, cypermectrina pour on 190523",
6074,8003,2023-05-19 00:00:00,mod organico 190523,
6075,8082,2023-05-19 00:00:00,"descorne, rabia, aftosa 190523",
6076,TORO3,2023-05-19 00:00:00,"aftosa, rabia 190523",
6077,0201,2023-05-19 00:00:00,"  descorne, rabia, aftosa, calbomax  190523",
6078,0291,2023-05-19 00:00:00,"descorne, rabia, aftosa, calbomax  190523/",
6079,2042,2023-05-19 00:00:00,"/descorne, rabia, aftosa 190523",
6080,2099,2023-05-19 00:00:00,"descorne, rabia, aftosa 190523",
6081,2103,2023-05-19 00:00:00,"/descorne, rabia, aftosa 190523",
6082,2146,2023-05-19 00:00:00,"/descorne, rabia, aftosa 190523",
6083,2159,2023-05-19 00:00:00,"/descorne, rabia, aftosa 190523",
6084,2200,2023-05-19 00:00:00,"descorne, rabia, aftosa 190523",
6085,8039,2023-05-19 00:00:00," descorne, rabia, aftosa, calbomax  190523",
6086,9116B,2023-05-19 00:00:00,"/descorne, rabia, aftosa, calbomax 190523",
6087,BU13,2023-05-22 00:00:00,calbomax 220523 ,
6088,BU14,2023-05-22 00:00:00,calbomax 220523 ,
6089,BU15,2023-05-22 00:00:00,calbomax 220523 ,
6090,BU16,2023-05-22 00:00:00,calbomax 220523 ,
6091,BU17,2023-05-22 00:00:00,calbomax 220523 ,
6092,BU18,2023-05-22 00:00:00,calbomax 220523 ,
6093,BU19,2023-05-22 00:00:00,calbomax 220523 ,
6094,BU20,2023-05-22 00:00:00,calbomax 220523 ,
6095,BU21,2023-05-22 00:00:00,calbomax 220523 ,
6096,BU22,2023-05-22 00:00:00,calbomax 220523 ,
6097,BU23,2023-05-22 00:00:00,calbomax 220523 ,
6098,BU24,2023-05-22 00:00:00,calbomax 220523 ,
6099,BU25,2023-05-22 00:00:00,calbomax 220523 ,
6100,BU26,2023-05-22 00:00:00,calbomax 220523 ,
6101,BU27,2023-05-22 00:00:00,calbomax 220523 ,
6102,BU28,2023-05-22 00:00:00,calbomax 220523 ,
6103,BU29,2023-05-22 00:00:00,calbomax 220523 ,
6104,BU30,2023-05-22 00:00:00,calbomax 220523 ,
6105,BU31,2023-05-22 00:00:00,calbomax 220523 ,
6106,BU32,2023-05-22 00:00:00,calbomax 220523 ,
6107,BU33,2023-05-22 00:00:00,calbomax 220523 ,
6108,BU34,2023-05-22 00:00:00,calbomax 220523 ,
6109,BU35,2023-05-22 00:00:00,calbomax 220523 ,
6110,BU36,2023-05-22 00:00:00,calbomax 220523 ,
6111,2112,2023-05-25 00:00:00,dectomax 250523,
6112,2144,2023-05-25 00:00:00,dectomax 250523,
6113,0317,2023-02-14 00:00:00,mineral,
6114,5529,2023-04-20 00:00:00,"sidep, mineral",
6115,9036,2023-04-04 00:00:00,combo hematozuario,
6116,9053,2023-05-11 00:00:00,"2,5 cc buceralina y clostridium",
6117,0234,2023-05-27 00:00:00,ravax y aftosa,
6118,0302,2023-05-27 00:00:00,ravax y aftosa,
6119,0303,2023-05-27 00:00:00,ravax y aftosa,
6120,0304,2023-05-27 00:00:00,ravax y aftosa,
6121,0306,2023-05-27 00:00:00,ravax y aftosa,
6122,0307,2023-05-27 00:00:00,ravax y aftosa,
6123,0308,2023-05-27 00:00:00,ravax y aftosa,
6124,0309,2023-05-27 00:00:00,ravax y aftosa,
6125,0311,2023-05-27 00:00:00,ravax y aftosa,
6126,0312,2023-05-27 00:00:00,ravax y aftosa,
6127,0313,2023-05-27 00:00:00,ravax y aftosa,
6128,03XX,2023-05-27 00:00:00,ravax y aftosa,
6129,0314,2023-05-27 00:00:00,ravax y aftosa,
6130,0310,2023-05-27 00:00:00,ravax y aftosa,
6131,1500,2023-05-27 00:00:00,ravax y aftosa,
6132,1501,2023-05-27 00:00:00,ravax y aftosa,
6133,2500,2023-05-27 00:00:00,ravax y aftosa,
6134,3500,2023-05-27 00:00:00,ravax y aftosa,
6135,3501,2023-05-27 00:00:00,ravax y aftosa,
6136,9115,2023-05-27 00:00:00,ravax y aftosa,
6137,9500,2023-05-27 00:00:00,ravax y aftosa,
6138,9501,2023-05-27 00:00:00,ravax y aftosa,
6139,9502,2023-05-27 00:00:00,ravax y aftosa,
6140,9503,2023-05-27 00:00:00,ravax y aftosa,
6141,pend21,2023-05-27 00:00:00,ravax y aftosa,
6142,pend24,2023-05-27 00:00:00,ravax y aftosa,
6143,pend34,2023-05-27 00:00:00,ravax y aftosa,
6144,0305,2023-05-27 00:00:00,ravax y aftosa,
6145,pend35,2023-05-27 00:00:00,ravax y aftosa,
6146,pend36,2023-05-27 00:00:00,ravax y aftosa,
6147,pend37,2023-05-27 00:00:00,ravax y aftosa,
6148,pend38,2023-05-27 00:00:00,ravax y aftosa,
6149,pend39,2023-05-27 00:00:00,ravax y aftosa,
6150,3087,2023-05-27 00:00:00,ravax y aftosa,
6151,3088,2023-05-27 00:00:00,ravax y aftosa,
6152,8075,2023-05-30 00:00:00,despunte y aftosa,
6153,7033,2023-05-30 00:00:00,aftosa,
6154,8005,2023-05-30 00:00:00,arreglo podal (sindrome genio)  y aftosa ,
6155,9126A,2023-05-30 00:00:00,despunte y aftosa,
6156,80921,2023-05-30 00:00:00,aftosa,
6157,0272,2023-05-30 00:00:00,aftosa,
6158,7032,2023-05-30 00:00:00,aftosa,
6159,8086,2023-05-30 00:00:00,despunte y aftosa,
6160,8033,2023-05-30 00:00:00,aftosa,
6161,9051,2023-05-30 00:00:00,aftosa,
6162,9128B,2023-05-30 00:00:00,despunte y aftosa,
6163,9020,2023-05-30 00:00:00,aftosa,
6164,8046,2023-05-30 00:00:00,despunte y aftosa,
6165,7066,2023-05-30 00:00:00,despunte y aftosa,
6166,0308,2023-05-30 00:00:00,arreglo podal  y aftosa,
6167,8061,2023-05-30 00:00:00,aftosa,
6168,0215A,2023-05-30 00:00:00,despunte y aftosa,
6169,9113,2023-05-30 00:00:00,aftosa,
6170,0204A,2023-05-30 00:00:00,aftosa,
6171,8015,2023-05-30 00:00:00,aftosa,
6172,8002,2023-05-30 00:00:00,aftosa,
6173,4072,2023-05-30 00:00:00,despunte y aftosa,
6174,9007,2023-05-30 00:00:00,aftosa,
6175,5098,2023-05-30 00:00:00,aftosa,
6176,4041,2023-05-30 00:00:00,despunte y aftosa,
6177,7049,2023-05-30 00:00:00,despunte y aftosa,
6178,6037,2023-05-30 00:00:00,despunte y aftosa,
6179,8057,2023-05-30 00:00:00,despunte y aftosa,
6180,4057,2023-05-30 00:00:00,despunte y aftosa,
6181,5146,2023-05-30 00:00:00,despunte y aftosa,
6182,8024,2023-05-30 00:00:00,aftosa,
6183,9018B,2023-05-30 00:00:00,aftosa,
6184,9118,2023-05-30 00:00:00,despunte y aftosa,
6185,3104,2023-05-30 00:00:00,despunte y aftosa,
6186,5079,2023-05-30 00:00:00,aftosa,
6187,6010,2023-05-30 00:00:00,aftosa,
6188,8093,2023-05-30 00:00:00,despunte y aftosa,
6189,8062,2023-05-30 00:00:00,despunte y aftosa,
6190,7012,2023-05-30 00:00:00,aftosa,
6191,91262,2023-05-30 00:00:00,despunte y aftosa,
6192,7070,2023-05-30 00:00:00,aftosa,
6193,EMB 4,2023-05-30 00:00:00,aftosa,
6194,8076,2023-05-30 00:00:00,despunte y aftosa,
6195,0201,2023-07-13 00:00:00,clostridium/  aftosa,
6196,0263,2023-07-13 00:00:00,clostridium/  aftosa,
6197,0291,2023-07-13 00:00:00,clostridium/  aftosa,
6198,0317,2023-07-13 00:00:00,clostridium/  aftosa,
6199,0340A,2023-07-13 00:00:00,clostridium/  aftosa,
6200,0348,2023-07-13 00:00:00,clostridium/  aftosa,
6201,10431,2023-07-13 00:00:00,clostridium/  aftosa,
6202,1066,2023-07-13 00:00:00,clostridium/  aftosa,
6203,1075,2023-07-13 00:00:00,clostridium/  aftosa,
6204,1079,2023-07-13 00:00:00,clostridium/  aftosa,
6205,1088A,2023-07-13 00:00:00,clostridium/  aftosa,
6206,1096,2023-07-13 00:00:00,clostridium/  aftosa,
6207,1109B,2023-07-13 00:00:00,clostridium/  aftosa,
6208,2019,2023-07-13 00:00:00,clostridium/  aftosa,
6209,2035A,2023-07-13 00:00:00,clostridium/  aftosa,
6210,2039,2023-07-13 00:00:00,clostridium/  aftosa,
6211,2042,2023-07-13 00:00:00,clostridium/  aftosa,
6212,2048,2023-07-13 00:00:00,clostridium/  aftosa,
6213,2052,2023-07-13 00:00:00,clostridium/  aftosa,
6214,2063B,2023-07-13 00:00:00,clostridium/  aftosa,
6215,2066,2023-07-13 00:00:00,clostridium/  aftosa,
6216,2093,2023-07-13 00:00:00,clostridium/  aftosa,
6217,2099,2023-07-13 00:00:00,clostridium/  aftosa,
6218,2103,2023-07-13 00:00:00,clostridium/  aftosa,
6219,2109,2023-07-13 00:00:00,clostridium/  aftosa,
6220,2111,2023-07-13 00:00:00,clostridium/  aftosa,
6221,2122,2023-07-13 00:00:00,clostridium/  aftosa,
6222,2146,2023-07-13 00:00:00,clostridium/  aftosa,
6223,2153,2023-07-13 00:00:00,clostridium/  aftosa,
6224,2159,2023-07-13 00:00:00,clostridium/  aftosa,
6225,2200,2023-07-13 00:00:00,clostridium/  aftosa,
6226,2202,2023-07-13 00:00:00,clostridium/  aftosa,
6227,2203,2023-07-13 00:00:00,clostridium/  aftosa,
6228,8037,2023-07-13 00:00:00,clostridium/  aftosa,
6229,8071,2023-07-13 00:00:00,clostridium/  aftosa,
6230,8082,2023-07-13 00:00:00,clostridium/  aftosa,
6231,9053,2023-07-13 00:00:00,clostridium/  aftosa,
6232,9073,2023-07-13 00:00:00,clostridium/  aftosa,
6233,9076,2023-07-13 00:00:00,clostridium/  aftosa,
6234,9116B,2023-07-13 00:00:00,clostridium/  aftosa,
6235,TORO5,2023-07-13 00:00:00,clostridium/  aftosa,
6236,0018,2023-07-18 00:00:00,ricomax/ combibac / aftosa,
6237,0108,2023-07-18 00:00:00,levamisol/ combibac / aftosa,
6238,0128,2023-07-18 00:00:00,ricomax/ combibac / aftosa,
6239,0202,2023-07-18 00:00:00,levamisol/ combibac / aftosa,
6240,0231A,2023-07-18 00:00:00,levamisol/ combibac / aftosa,
6241,0297,2023-07-18 00:00:00,sideptin/ combibac / aftosa,
6242,0299A,2023-07-18 00:00:00,sideptin/ combibac / aftosa,
6243,0299C,2023-07-18 00:00:00,sideptin/ combibac / aftosa,
6244,0336,2023-07-18 00:00:00,levamisol/ combibac / aftosa,
6245,0342,2023-07-18 00:00:00,sideptin/ combibac / aftosa,
6246,0350,2023-07-18 00:00:00,sideptin/ combibac / aftosa,
6247,0354,2023-07-18 00:00:00,sideptin/ combibac / aftosa,
6248,0355,2023-07-18 00:00:00,sideptin/ combibac / aftosa,
6249,1005,2023-07-18 00:00:00,levamisol/ combibac / aftosa,
6250,1023,2023-07-18 00:00:00,sideptin/ combibac / aftosa,
6251,1104A,2023-07-18 00:00:00,sideptin/ combibac / aftosa,
6252,2702,2023-07-18 00:00:00,sideptin/ combibac / aftosa,
6253,30,2023-07-18 00:00:00,levamisol/ combibac / aftosa,
6254,3100,2023-07-18 00:00:00,diminaceno -sideptin- tetraciclina/ combibac / aftosa,
6255,4023,2023-07-18 00:00:00,levamisol/ combibac / aftosa,
6256,4075,2023-07-18 00:00:00,levamisol/ combibac / aftosa,
6257,4078,2023-07-18 00:00:00,levamisol/ combibac / aftosa,
6258,5010,2023-07-18 00:00:00,ricomax/ combibac / aftosa,
6259,6017,2023-07-18 00:00:00,sideptin/ combibac / aftosa,
6260,9036,2023-07-18 00:00:00,dectomax-levamisol-dminaceno-oxitetraciclina/ combibac / aftosa,
6261,9122,2023-07-18 00:00:00,sideptin/ combibac / aftosa,
6262,0270,2023-07-18 00:00:00,combibac / aftosa,
6263,0271,2023-07-18 00:00:00,combibac / aftosa,
6264,0294,2023-07-18 00:00:00,combibac / aftosa,
6265,0330A,2023-07-18 00:00:00,combibac / aftosa,
6266,0344,2023-07-18 00:00:00,combibac / aftosa,
6267,8073,2023-07-18 00:00:00,combibac / aftosa,
6268,9022,2023-07-18 00:00:00,combibac / aftosa,
6269,0211,2023-07-18 00:00:00,levamisol/ combibac / aftosa,
6270,0224,2023-07-18 00:00:00,levamisol/ combibac / aftosa,
6271,0246,2023-07-18 00:00:00,ricomax/ combibac / aftosa,
6272,0269,2023-07-18 00:00:00,levamisol/ combibac / aftosa,
6273,0320,2023-07-18 00:00:00,sideptin/ combibac / aftosa,
6274,0323,2023-07-18 00:00:00,ricomax/ combibac / aftosa,
6275,0333,2023-07-18 00:00:00,levamisol/ combibac / aftosa,
6276,0343,2023-07-18 00:00:00,levamisol/ combibac / aftosa,
6277,1132,2023-07-18 00:00:00,sideptin/ combibac / aftosa,
6278,2,2023-07-18 00:00:00,levamisol/ combibac / aftosa,
6279,32,2023-07-18 00:00:00,ricomax,
6280,33,2023-07-18 00:00:00,sideptin/ combibac / aftosa,
6281,35,2023-07-18 00:00:00,sideptin/ combibac / aftosa,
6282,6025,2023-07-18 00:00:00,levamisol/ combibac / aftosa,
6283,7004,2023-07-18 00:00:00,ricomax/ combibac / aftosa,
6284,7092,2023-07-18 00:00:00,levamisol/ combibac / aftosa,
6285,8067,2023-07-18 00:00:00,levamisol/ combibac / aftosa,
6286,9109B,2023-07-18 00:00:00,levamisol/ combibac / aftosa,
6287,9192,2023-07-18 00:00:00,sideptin/ combibac / aftosa,
6288,9128A,2023-07-18 00:00:00,sideptin/ combibac / aftosa,
6289,9137,2023-07-18 00:00:00,levamisol/ combibac / aftosa,
6290,0101,2023-07-18 00:00:00,combibac / aftosa,
6291,0102,2023-07-18 00:00:00,combibac / aftosa,
6292,0205,2023-07-18 00:00:00,combibac / aftosa,
6293,0258,2023-07-18 00:00:00,combibac / aftosa,
6294,0284,2023-07-18 00:00:00,combibac / aftosa,
6295,2023,2023-07-18 00:00:00,combibac / aftosa,
6296,34,2023-07-18 00:00:00,combibac / aftosa,
6297,6003,2023-07-18 00:00:00,combibac / aftosa,
6298,9032,2023-07-18 00:00:00,combibac / aftosa,
6299,5027,2023-08-03 00:00:00,"buseralina, minerfun",
6300,5529,2023-08-03 00:00:00,"minerfun, dectomax",
6301,6050,2023-08-03 00:00:00,DESCLOPROTENOL,
6302,8063,2023-08-23 00:00:00,letospira/ pediluvio/cipermetrina pour on,
6303,5076,2023-08-23 00:00:00,letospira/ pediluvio/cipermetrina pour on,
6304,6021,2023-08-23 00:00:00,letospira/ pediluvio/cipermetrina pour on,
6305,1066A,2023-08-23 00:00:00,letospira/ pediluvio/cipermetrina pour on,
6306,4035,2023-08-23 00:00:00,letospira/ pediluvio/cipermetrina pour on,
6307,3003A,2023-08-23 00:00:00,letospira/ pediluvio/cipermetrina pour on,
6308,2220,2023-08-23 00:00:00,letospira/ pediluvio/cipermetrina pour on,
6309,80272,2023-08-23 00:00:00,letospira/ pediluvio/cipermetrina pour on,
6310,7074,2023-08-23 00:00:00,letospira/ pediluvio/cipermetrina pour on,
6311,2149A,2023-08-23 00:00:00,letospira/ pediluvio/cipermetrina pour on,
6312,7067,2023-08-23 00:00:00,letospira/ pediluvio/cipermetrina pour on,
6313,4095,2023-08-23 00:00:00,letospira/ pediluvio/cipermetrina pour on,
6314,0132,2023-08-23 00:00:00,letospira/ pediluvio/cipermetrina pour on,
6315,80472,2023-08-23 00:00:00,letospira/ pediluvio/cipermetrina pour on,
6316,31102,2023-08-23 00:00:00,letospira/ pediluvio/cipermetrina pour on,
6317,2143,2023-08-23 00:00:00,letospira/ pediluvio/cipermetrina pour on,
6318,2180A,2023-08-23 00:00:00,letospira/ pediluvio/cipermetrina pour on,
6319,5090,2023-08-23 00:00:00,letospira/ pediluvio/cipermetrina pour on,
6320,7059,2023-08-23 00:00:00,letospira/ pediluvio/cipermetrina pour on,
6321,7028,2023-08-23 00:00:00,letospira/ pediluvio/cipermetrina pour on,
6322,1128,2023-08-23 00:00:00,letospira/ pediluvio/cipermetrina pour on,
6323,80882,2023-08-23 00:00:00,letospira/ pediluvio/cipermetrina pour on,
6324,2028A,2023-08-23 00:00:00,letospira/ pediluvio/cipermetrina pour on,
6325,8087,2023-08-23 00:00:00,letospira/ pediluvio/cipermetrina pour on,
6326,8079,2023-08-23 00:00:00,letospira/ pediluvio/cipermetrina pour on,
6327,3750,2023-08-23 00:00:00,letospira/ pediluvio/cipermetrina pour on,
6328,2050,2023-08-23 00:00:00,letospira/ pediluvio/cipermetrina pour on,
6329,40072,2023-08-23 00:00:00,letospira/ pediluvio/cipermetrina pour on,
6330,2062,2023-08-23 00:00:00,letospira/ pediluvio/cipermetrina pour on,
6331,8045,2023-08-23 00:00:00,letospira/ pediluvio/cipermetrina pour on,
6332,1091A,2023-08-23 00:00:00,letospira/ pediluvio/cipermetrina pour on,
6333,2090A,2023-08-23 00:00:00,letospira/ pediluvio/cipermetrina pour on,
6334,1015 ,2023-08-23 00:00:00,letospira/ pediluvio/cipermetrina pour on,
6335,5144,2023-08-23 00:00:00,letospira/ pediluvio/cipermetrina pour on,
6336,4151,2023-08-23 00:00:00,letospira/ pediluvio/cipermetrina pour on,
6337,60286,2023-08-23 00:00:00,letospira/ pediluvio/cipermetrina pour on,
6338,2124A,2023-08-23 00:00:00,letospira/ pediluvio/cipermetrina pour on,
6339,2209A,2023-08-23 00:00:00,letospira/ pediluvio/cipermetrina pour on,
6340,7017,2023-08-23 00:00:00,letospira/ pediluvio/cipermetrina pour on,
6341,2047,2023-08-23 00:00:00,letospira/ pediluvio/cipermetrina pour on,
6342,EMB 5,2023-08-23 00:00:00,letospira/ pediluvio/cipermetrina pour on,
6343,7087,2023-08-23 00:00:00,letospira/ pediluvio/cipermetrina pour on,
6344,5052,2023-08-23 00:00:00,letospira/ pediluvio/cipermetrina pour on,
6345,6067,2023-08-23 00:00:00,letospira/ pediluvio/cipermetrina pour on,
6346,1095A,2023-08-23 00:00:00,letospira/ pediluvio/cipermetrina pour on,
6347,7033,2023-08-23 00:00:00,letospira/ pediluvio/cipermetrina pour on,
6348,2073,2023-08-23 00:00:00,letospira/ pediluvio/cipermetrina pour on,
6349,8036,2023-08-23 00:00:00,letospira/ pediluvio/cipermetrina pour on,
6350,2079,2023-08-23 00:00:00,letospira/ pediluvio/cipermetrina pour on,
6351,8093,2023-08-23 00:00:00,letospira/ pediluvio/cipermetrina pour on,
6352,1168,2023-08-23 00:00:00,letospira/ pediluvio/cipermetrina pour on,
6353,2133A,2023-08-23 00:00:00,letospira/ pediluvio/cipermetrina pour on,
6354,2196A,2023-08-23 00:00:00,letospira/ pediluvio/cipermetrina pour on,
6355,8096,2023-08-23 00:00:00,letospira/ pediluvio/cipermetrina pour on,
6356,3043,2023-08-23 00:00:00,letospira/ pediluvio/cipermetrina pour on,
6357,7012,2023-08-23 00:00:00,letospira/ pediluvio/cipermetrina pour on,
6358,8019,2023-08-23 00:00:00,letospira/ pediluvio/cipermetrina pour on,
6359,8050,2023-08-23 00:00:00,letospira/ pediluvio/cipermetrina pour on,
6360,8048,2023-08-23 00:00:00,letospira/ pediluvio/cipermetrina pour on,
6361,2337,2023-08-23 00:00:00,letospira/ pediluvio/cipermetrina pour on,
6362,2234,2023-08-23 00:00:00,letospira/ pediluvio/cipermetrina pour on,
6363,0500,2023-08-23 00:00:00,letospira/ pediluvio/cipermetrina pour on,
6364,1109A,2023-08-23 00:00:00,letospira/ pediluvio/cipermetrina pour on,
6365,3107,2023-08-23 00:00:00,letospira/ pediluvio/cipermetrina pour on,
6366,7077,2023-08-23 00:00:00,letospira/ pediluvio/cipermetrina pour on,
6367,2130,2023-08-23 00:00:00,letospira/ pediluvio/cipermetrina pour on,
6368,8017,2023-08-23 00:00:00,letospira/ pediluvio/cipermetrina pour on,
6369,4065,2023-08-23 00:00:00,letospira/ pediluvio/cipermetrina pour on,
6370,7,2023-08-23 00:00:00,letospira/ pediluvio/cipermetrina pour on,
6371,0143,2023-08-23 00:00:00,letospira/ pediluvio/cipermetrina pour on,
6372,809,2023-08-23 00:00:00,letospira/ pediluvio/cipermetrina pour on,
6373,2072,2023-08-23 00:00:00,letospira/ pediluvio/cipermetrina pour on,
6374,2217,2023-08-23 00:00:00,letospira/ pediluvio/cipermetrina pour on,
6375,2340,2023-08-23 00:00:00,letospira/ pediluvio/cipermetrina pour on,
6376,4008,2023-08-23 00:00:00,letospira/ pediluvio/cipermetrina pour on,
6377,4143,2023-08-23 00:00:00,letospira/ pediluvio/cipermetrina pour on,
6378,5077,2023-08-23 00:00:00,letospira/ pediluvio/cipermetrina pour on,
6379,5079,2023-08-23 00:00:00,letospira/ pediluvio/cipermetrina pour on,
6380,5092,2023-08-23 00:00:00,letospira/ pediluvio/cipermetrina pour on,
6381,5146,2023-08-23 00:00:00,letospira/ pediluvio/cipermetrina pour on,
6382,7076,2023-08-23 00:00:00,letospira/ pediluvio/cipermetrina pour on,
6383,8004,2023-08-23 00:00:00,letospira/ pediluvio/cipermetrina pour on,
6384,8028,2023-08-23 00:00:00,letospira/ pediluvio/cipermetrina pour on,
6385,8030,2023-08-23 00:00:00,letospira/ pediluvio/cipermetrina pour on,
6386,8033,2023-08-23 00:00:00,letospira/ pediluvio/cipermetrina pour on,
6387,8043,2023-08-23 00:00:00,letospira/ pediluvio/cipermetrina pour on,
6388,8077,2023-08-23 00:00:00,letospira/ pediluvio/cipermetrina pour on,
6389,8086,2023-08-23 00:00:00,letospira/ pediluvio/cipermetrina pour on,
6390,8094,2023-08-23 00:00:00,letospira/ pediluvio/cipermetrina pour on,
6391,9040,2023-08-23 00:00:00,letospira/ pediluvio/cipermetrina pour on,
6392,9051,2023-08-23 00:00:00,letospira/ pediluvio/cipermetrina pour on,
6393,9071,2023-08-23 00:00:00,letospira/ pediluvio/cipermetrina pour on,
6394,9238,2023-08-23 00:00:00,letospira/ pediluvio/cipermetrina pour on,
6395,1112A,2023-08-23 00:00:00,letospira/ pediluvio/cipermetrina pour on,
6396,1139A,2023-08-23 00:00:00,letospira/ pediluvio/cipermetrina pour on,
6397,EMB 4,2023-08-23 00:00:00,letospira/ pediluvio/cipermetrina pour on,
6398,2177A,2023-08-23 00:00:00,letospira/ pediluvio/cipermetrina pour on,
6399,0018,2023-08-23 00:00:00,letospira/ pediluvio/cipermetrina pour on,
6400,9014,2023-08-23 00:00:00,letospira/ pediluvio/cipermetrina pour on,
6401,5529,2023-08-23 00:00:00,letospira/ pediluvio/cipermetrina pour on,
6402,TORO1,2023-08-23 00:00:00,letospira/ pediluvio/cipermetrina pour on,
6403,TORO2,2023-08-23 00:00:00,letospira/ pediluvio/cipermetrina pour on,
6404,TORO3,2023-08-23 00:00:00,letospira/ pediluvio/cipermetrina pour on,
6405,TORO4,2023-08-23 00:00:00,letospira/ pediluvio/cipermetrina pour on,
6406,TORO5,2023-08-23 00:00:00,letospira/ pediluvio/cipermetrina pour on,
6407,0125,2023-09-01 00:00:00,ricofort/ multivit 200,
6408,0252,2023-09-01 00:00:00,ricofort/ multivit 200,
6409,0274,2023-09-01 00:00:00,ricofort/ multivit 200,
6410,0327,2023-09-01 00:00:00,ricofort/ multivit 200,
6411,0347,2023-09-01 00:00:00,ricofort/ multivit 200,
6412,1015A,2023-09-01 00:00:00,ricofort/ multivit 200,
6413,1018,2023-09-01 00:00:00,ricofort/ multivit 200,
6414,1028,2023-09-01 00:00:00,ricofort/ multivit 200,
6415,1032,2023-09-01 00:00:00,ricofort/ multivit 200,
6416,1043A,2023-09-01 00:00:00,ricofort/ multivit 200,
6417,1045,2023-09-01 00:00:00,ricofort/ multivit 200,
6418,1051,2023-09-01 00:00:00,ricofort/ multivit 200,
6419,1052A,2023-09-01 00:00:00,ricofort/ multivit 200,
6420,1053A,2023-09-01 00:00:00,ricofort/ multivit 200,
6421,1059,2023-09-01 00:00:00,ricofort/ multivit 200,
6422,1063,2023-09-01 00:00:00,ricofort/ multivit 200,
6423,1064,2023-09-01 00:00:00,ricofort/ multivit 200,
6424,1065,2023-09-01 00:00:00,ricofort/ multivit 200,
6425,1067,2023-09-01 00:00:00,ricofort/ multivit 200,
6426,1068A,2023-09-01 00:00:00,ricofort/ multivit 200,
6427,1070A,2023-09-01 00:00:00,ricofort/ multivit 200,
6428,1073,2023-09-01 00:00:00,ricofort/ multivit 200,
6429,1074,2023-09-01 00:00:00,ricofort/ multivit 200,
6430,1082A,2023-09-01 00:00:00,ricofort/ multivit 200,
6431,1084A,2023-09-01 00:00:00,ricofort/ multivit 200,
6432,1091,2023-09-01 00:00:00,ricofort/ multivit 200,
6433,1093,2023-09-01 00:00:00,ricofort/ multivit 200,
6434,1094,2023-09-01 00:00:00,ricofort/ multivit 200,
6435,1097A,2023-09-01 00:00:00,ricofort/ multivit 200,
6436,1097B,2023-09-01 00:00:00,ricofort/ multivit 200,
6437,1098,2023-09-01 00:00:00,ricofort/ multivit 200,
6438,1100A,2023-09-01 00:00:00,ricofort/ multivit 200,
6439,1100B,2023-09-01 00:00:00,ricofort/ multivit 200,
6440,1102,2023-09-01 00:00:00,ricofort/ multivit 200,
6441,1103,2023-09-01 00:00:00,ricofort/ multivit 200,
6442,1130A,2023-09-01 00:00:00,ricofort/ multivit 200,
6443,1131A,2023-09-01 00:00:00,ricofort/ multivit 200,
6444,1133,2023-09-01 00:00:00,ricofort/ multivit 200,
6445,1188,2023-09-01 00:00:00,ricofort/ multivit 200,
6446,2001A,2023-09-01 00:00:00,ricofort/ multivit 200,
6447,2001B,2023-09-01 00:00:00,ricofort/ multivit 200,
6448,2002,2023-09-01 00:00:00,ricofort/ multivit 200,
6449,2005B,2023-09-01 00:00:00,ricofort/ multivit 200,
6450,2007,2023-09-01 00:00:00,ricofort/ multivit 200,
6451,2010,2023-09-01 00:00:00,ricofort/ multivit 200,
6452,2011,2023-09-01 00:00:00,ricofort/ multivit 200,
6453,2012,2023-09-01 00:00:00,ricofort/ multivit 200,
6454,2013,2023-09-01 00:00:00,ricofort/ multivit 200,
6455,2014,2023-09-01 00:00:00,ricofort/ multivit 200,
6456,2016,2023-09-01 00:00:00,ricofort/ multivit 200,
6457,2018,2023-09-01 00:00:00,ricofort/ multivit 200,
6458,2022,2023-09-01 00:00:00,ricofort/ multivit 200,
6459,2024,2023-09-01 00:00:00,ricofort/ multivit 200,
6460,2025,2023-09-01 00:00:00,ricofort/ multivit 200,
6461,2026,2023-09-01 00:00:00,ricofort/ multivit 200,
6462,2030,2023-09-01 00:00:00,ricofort/ multivit 200,
6463,2034,2023-09-01 00:00:00,ricofort/ multivit 200,
6464,2036,2023-09-01 00:00:00,ricofort/ multivit 200,
6465,2037,2023-09-01 00:00:00,ricofort/ multivit 200,
6466,2044,2023-09-01 00:00:00,ricofort/ multivit 200,
6467,2045,2023-09-01 00:00:00,ricofort/ multivit 200,
6468,2053,2023-09-01 00:00:00,ricofort/ multivit 200,
6469,2058,2023-09-01 00:00:00,ricofort/ multivit 200,
6470,2059,2023-09-01 00:00:00,ricofort/ multivit 200,
6471,2061,2023-09-01 00:00:00,ricofort/ multivit 200,
6472,2064,2023-09-01 00:00:00,ricofort/ multivit 200,
6473,2067,2023-09-01 00:00:00,ricofort/ multivit 200,
6474,2087,2023-09-01 00:00:00,ricofort/ multivit 200,
6475,2088B,2023-09-01 00:00:00,ricofort/ multivit 200,
6476,2091,2023-09-01 00:00:00,ricofort/ multivit 200,
6477,2092,2023-09-01 00:00:00,ricofort/ multivit 200,
6478,2094,2023-09-01 00:00:00,ricofort/ multivit 200,
6479,2095,2023-09-01 00:00:00,ricofort/ multivit 200,
6480,2096A,2023-09-01 00:00:00,ricofort/ multivit 200,
6481,20971,2023-09-01 00:00:00,ricofort/ multivit 200,
6482,22098,2023-09-01 00:00:00,ricofort/ multivit 200,
6483,2101,2023-09-01 00:00:00,ricofort/ multivit 200,
6484,2106,2023-09-01 00:00:00,ricofort/ multivit 200,
6485,2107,2023-09-01 00:00:00,ricofort/ multivit 200,
6486,2110,2023-09-01 00:00:00,ricofort/ multivit 200,
6487,2137,2023-09-01 00:00:00,ricofort/ multivit 200,
6488,21391,2023-09-01 00:00:00,ricofort/ multivit 200,
6489,2140,2023-09-01 00:00:00,ricofort/ multivit 200,
6490,2145,2023-09-01 00:00:00,ricofort/ multivit 200,
6491,2149,2023-09-01 00:00:00,ricofort/ multivit 200,
6492,2154,2023-09-01 00:00:00,ricofort/ multivit 200,
6493,2155,2023-09-01 00:00:00,ricofort/ multivit 200,
6494,2162,2023-09-01 00:00:00,ricofort/ multivit 200,
6495,2167,2023-09-01 00:00:00,ricofort/ multivit 200,
6496,22169A,2023-09-01 00:00:00,ricofort/ multivit 200,
6497,2170,2023-09-01 00:00:00,ricofort/ multivit 200,
6498,2174,2023-09-01 00:00:00,ricofort/ multivit 200,
6499,2177,2023-09-01 00:00:00,ricofort/ multivit 200,
6500,22085,2023-09-01 00:00:00,ricofort/ multivit 200,
6501,22100,2023-09-01 00:00:00,ricofort/ multivit 200,
6502,22105,2023-09-01 00:00:00,ricofort/ multivit 200,
6503,22112,2023-09-01 00:00:00,ricofort/ multivit 200,
6504,22117,2023-09-01 00:00:00,ricofort/ multivit 200,
6505,22118,2023-09-01 00:00:00,ricofort/ multivit 200,
6506,22131,2023-09-01 00:00:00,ricofort/ multivit 200,
6507,22142,2023-09-01 00:00:00,ricofort/ multivit 200,
6508,22144,2023-09-01 00:00:00,ricofort/ multivit 200,
6509,2215,2023-09-01 00:00:00,ricofort/ multivit 200,
6510,22151,2023-09-01 00:00:00,ricofort/ multivit 200,
6511,22158,2023-09-01 00:00:00,ricofort/ multivit 200,
6512,22161,2023-09-01 00:00:00,ricofort/ multivit 200,
6513,22168,2023-09-01 00:00:00,ricofort/ multivit 200,
6514,22171,2023-09-01 00:00:00,ricofort/ multivit 200,
6515,2218,2023-09-01 00:00:00,ricofort/ multivit 200,
6516,22221,2023-09-01 00:00:00,ricofort/ multivit 200,
6517,31,2023-09-01 00:00:00,ricofort/ multivit 200,
6518,BU001,2023-09-01 00:00:00,ricofort/ multivit 200,
6519,BU002,2023-09-01 00:00:00,ricofort/ multivit 200,
6520,BU005,2023-09-01 00:00:00,ricofort/ multivit 200,
6521,BU008,2023-09-01 00:00:00,ricofort/ multivit 200,
6522,BU009,2023-09-01 00:00:00,ricofort/ multivit 200,
6523,BU010,2023-09-01 00:00:00,ricofort/ multivit 200,
6524,BU011,2023-09-01 00:00:00,ricofort/ multivit 200,
6525,BU01251,2023-09-01 00:00:00,ricofort/ multivit 200,
6526,BU013,2023-09-01 00:00:00,ricofort/ multivit 200,
6527,BU014,2023-09-01 00:00:00,ricofort/ multivit 200,
6528,BU015,2023-09-01 00:00:00,ricofort/ multivit 200,
6529,BU016,2023-09-01 00:00:00,ricofort/ multivit 200,
6530,BU018,2023-09-01 00:00:00,ricofort/ multivit 200,
6531,BU019,2023-09-01 00:00:00,ricofort/ multivit 200,
6532,BU022,2023-09-01 00:00:00,ricofort/ multivit 200,
6533,BU023,2023-09-01 00:00:00,ricofort/ multivit 200,
6534,BU026,2023-09-01 00:00:00,ricofort/ multivit 200,
6535,BU028,2023-09-01 00:00:00,ricofort/ multivit 200,
6536,BU029,2023-09-01 00:00:00,ricofort/ multivit 200,
6537,BU032,2023-09-01 00:00:00,ricofort/ multivit 200,
6538,BU035,2023-09-01 00:00:00,ricofort/ multivit 200,
6539,BU036,2023-09-01 00:00:00,ricofort/ multivit 200,
6540,BU037,2023-09-01 00:00:00,ricofort/ multivit 200,
6541,BU041,2023-09-01 00:00:00,ricofort/ multivit 200,
6542,BU045,2023-09-01 00:00:00,ricofort/ multivit 200,
6543,BU046,2023-09-01 00:00:00,ricofort/ multivit 200,
6544,BU047,2023-09-01 00:00:00,ricofort/ multivit 200,
6545,BU048,2023-09-01 00:00:00,ricofort/ multivit 200,
6546,BU049,2023-09-01 00:00:00,ricofort/ multivit 200,
6547,BU050,2023-09-01 00:00:00,ricofort/ multivit 200,
6548,BU051,2023-09-01 00:00:00,ricofort/ multivit 200,
6549,BU052,2023-09-01 00:00:00,ricofort/ multivit 200,
6550,BU053,2023-09-01 00:00:00,ricofort/ multivit 200,
6551,BU054,2023-09-01 00:00:00,ricofort/ multivit 200,
6552,BU057,2023-09-01 00:00:00,ricofort/ multivit 200,
6553,BU058,2023-09-01 00:00:00,ricofort/ multivit 200,
6554,BU062,2023-09-01 00:00:00,ricofort/ multivit 200,
6555,BU1,2023-09-01 00:00:00,ricofort/ multivit 200,
6556,BU10,2023-09-01 00:00:00,ricofort/ multivit 200,
6557,BU11,2023-09-01 00:00:00,ricofort/ multivit 200,
6558,BU12,2023-09-01 00:00:00,ricofort/ multivit 200,
6559,BU13,2023-09-01 00:00:00,ricofort/ multivit 200,
6560,BU14,2023-09-01 00:00:00,ricofort/ multivit 200,
6561,BU15,2023-09-01 00:00:00,ricofort/ multivit 200,
6562,BU16,2023-09-01 00:00:00,ricofort/ multivit 200,
6563,BU17,2023-09-01 00:00:00,ricofort/ multivit 200,
6564,BU18,2023-09-01 00:00:00,ricofort/ multivit 200,
6565,BU19,2023-09-01 00:00:00,ricofort/ multivit 200,
6566,BU1A,2023-09-01 00:00:00,ricofort/ multivit 200,
6567,BU2,2023-09-01 00:00:00,ricofort/ multivit 200,
6568,BU20,2023-09-01 00:00:00,ricofort/ multivit 200,
6569,BU21,2023-09-01 00:00:00,ricofort/ multivit 200,
6570,BU22,2023-09-01 00:00:00,ricofort/ multivit 200,
6571,BU23,2023-09-01 00:00:00,ricofort/ multivit 200,
6572,BU24,2023-09-01 00:00:00,ricofort/ multivit 200,
6573,BU25,2023-09-01 00:00:00,ricofort/ multivit 200,
6574,BU26,2023-09-01 00:00:00,ricofort/ multivit 200,
6575,BU27,2023-09-01 00:00:00,ricofort/ multivit 200,
6576,BU28,2023-09-01 00:00:00,ricofort/ multivit 200,
6577,BU29,2023-09-01 00:00:00,ricofort/ multivit 200,
6578,BU2A,2023-09-01 00:00:00,ricofort/ multivit 200,
6579,BU3,2023-09-01 00:00:00,ricofort/ multivit 200,
6580,BU30,2023-09-01 00:00:00,ricofort/ multivit 200,
6581,BU31,2023-09-01 00:00:00,ricofort/ multivit 200,
6582,BU32,2023-09-01 00:00:00,ricofort/ multivit 200,
6583,BU33,2023-09-01 00:00:00,ricofort/ multivit 200,
6584,BU34,2023-09-01 00:00:00,ricofort/ multivit 200,
6585,BU35,2023-09-01 00:00:00,ricofort/ multivit 200,
6586,BU36,2023-09-01 00:00:00,ricofort/ multivit 200,
6587,BU38,2023-09-01 00:00:00,ricofort/ multivit 200,
6588,BU39,2023-09-01 00:00:00,ricofort/ multivit 200,
6589,BU3A,2023-09-01 00:00:00,ricofort/ multivit 200,
6590,BU3B,2023-09-01 00:00:00,ricofort/ multivit 200,
6591,BU4,2023-09-01 00:00:00,ricofort/ multivit 200,
6592,BU40,2023-09-01 00:00:00,ricofort/ multivit 200,
6593,BU41,2023-09-01 00:00:00,ricofort/ multivit 200,
6594,BU42,2023-09-01 00:00:00,ricofort/ multivit 200,
6595,BU43,2023-09-01 00:00:00,ricofort/ multivit 200,
6596,BU4B,2023-09-01 00:00:00,ricofort/ multivit 200,
6597,BU5,2023-09-01 00:00:00,ricofort/ multivit 200,
6598,BU53,2023-09-01 00:00:00,ricofort/ multivit 200,
6599,BU54,2023-09-01 00:00:00,ricofort/ multivit 200,
6600,BU55,2023-09-01 00:00:00,ricofort/ multivit 200,
6601,BU56,2023-09-01 00:00:00,ricofort/ multivit 200,
6602,BU57,2023-09-01 00:00:00,ricofort/ multivit 200,
6603,BU58,2023-09-01 00:00:00,ricofort/ multivit 200,
6604,BU59,2023-09-01 00:00:00,ricofort/ multivit 200,
6605,BU5A,2023-09-01 00:00:00,ricofort/ multivit 200,
6606,BU5B,2023-09-01 00:00:00,ricofort/ multivit 200,
6607,BU6,2023-09-01 00:00:00,ricofort/ multivit 200,
6608,BU60,2023-09-01 00:00:00,ricofort/ multivit 200,
6609,BU61,2023-09-01 00:00:00,ricofort/ multivit 200,
6610,BU62,2023-09-01 00:00:00,ricofort/ multivit 200,
6611,BU63,2023-09-01 00:00:00,ricofort/ multivit 200,
6612,BU64,2023-09-01 00:00:00,ricofort/ multivit 200,
6613,BU65,2023-09-01 00:00:00,ricofort/ multivit 200,
6614,BU66,2023-09-01 00:00:00,ricofort/ multivit 200,
6615,BU67,2023-09-01 00:00:00,ricofort/ multivit 200,
6616,BU68,2023-09-01 00:00:00,ricofort/ multivit 200,
6617,BU69,2023-09-01 00:00:00,ricofort/ multivit 200,
6618,BU6A,2023-09-01 00:00:00,ricofort/ multivit 200,
6619,BU6B,2023-09-01 00:00:00,ricofort/ multivit 200,
6620,BU7,2023-09-01 00:00:00,ricofort/ multivit 200,
6621,BU70,2023-09-01 00:00:00,ricofort/ multivit 200,
6622,BU71,2023-09-01 00:00:00,ricofort/ multivit 200,
6623,BU72,2023-09-01 00:00:00,ricofort/ multivit 200,
6624,BU75,2023-09-01 00:00:00,ricofort/ multivit 200,
6625,BU76,2023-09-01 00:00:00,ricofort/ multivit 200,
6626,BU77,2023-09-01 00:00:00,ricofort/ multivit 200,
6627,BU7A,2023-09-01 00:00:00,ricofort/ multivit 200,
6628,BU8,2023-09-01 00:00:00,ricofort/ multivit 200,
6629,BU8A,2023-09-01 00:00:00,ricofort/ multivit 200,
6630,BU9,2023-09-01 00:00:00,ricofort/ multivit 200,
6631,BU9A,2023-09-01 00:00:00,ricofort/ multivit 200,
6632,2169,2023-09-09 00:00:00,magnezinc/ diminaceno/ oxitetraciclina,"postrada, intenta ponerse de pie infructuosamente"
6633,1161,2023-01-25 00:00:00,MINERALES,
6634,2,2023-01-25 00:00:00,MINERALES,
6635,30212,2023-01-25 00:00:00,MINERALES,
6636,5007,2023-01-25 00:00:00,MINERALES,
6637,5027,2023-01-25 00:00:00,MINERALES,
6638,7034,2023-01-25 00:00:00,MINERALES,
6639,7038,2023-01-25 00:00:00,MINERALES,
6640,7061,2023-01-25 00:00:00,MINERALES,
6641,8006,2023-01-25 00:00:00,MINERALES,
6642,8011,2023-01-25 00:00:00,MINERALES,
6643,8020,2023-01-25 00:00:00,MINERALES,
6644,8023,2023-01-25 00:00:00,MINERALES,
6645,8037,2023-01-25 00:00:00,MINERALES,
6646,8039,2023-01-25 00:00:00,MINERALES,
6647,8041,2023-01-25 00:00:00,MINERALES,
6648,8057,2023-01-25 00:00:00,MINERALES,
6649,8059,2023-01-25 00:00:00,MINERALES,
6650,8066,2023-01-25 00:00:00,MINERALES,
6651,8074,2023-01-25 00:00:00,MINERALES,
6652,8081,2023-01-25 00:00:00,MINERALES,
6653,9035,2023-01-25 00:00:00,MINERALES,
6654,9095,2023-01-25 00:00:00,MINERALES,
6655,9096,2023-01-25 00:00:00,MINERALES,
6656,9099,2023-01-25 00:00:00,MINERALES,
6657,9104,2023-01-25 00:00:00,MINERALES,
6658,9125,2023-01-25 00:00:00,MINERALES,
6659,S/NC,2023-01-25 00:00:00,MINERALES,
6660,S/NH,2023-01-25 00:00:00,MINERALES,
6661,S7,2023-01-25 00:00:00,MINERALES,
6662,0103,2023-04-18 00:00:00,Implat. Sinovex,
6663,0115,2023-04-18 00:00:00,Implat. Sinovex,
6664,0116,2023-04-18 00:00:00,Implat. Sinovex,
6665,0116A,2023-04-18 00:00:00,Implat. Sinovex,
6666,0201A,2023-02-23 00:00:00,Implat. Sinovex,
6667,0204A,2023-04-18 00:00:00,Implat. Sinovex,
6668,0207,2023-04-18 00:00:00,Implat. Sinovex,
6669,0212,2023-04-18 00:00:00,Implat. Sinovex,
6670,0214,2023-04-18 00:00:00,Implat. Sinovex,
6671,0219,2023-04-18 00:00:00,Implat. Sinovex,
6672,0221,2023-02-23 00:00:00,Implat. Sinovex,
6673,0223A,2023-02-23 00:00:00,Implat. Sinovex,
6674,0223B,2023-02-23 00:00:00,Implat. Sinovex,
6675,0228,2023-02-23 00:00:00,Implat. Sinovex,
6676,0235,2023-02-23 00:00:00,Implat. Sinovex,
6677,0236,2023-02-23 00:00:00,Implat. Sinovex,
6678,0238,2023-02-23 00:00:00,Implat. Sinovex,
6679,0242,2023-04-18 00:00:00,Implat. Sinovex,
6680,0245,2023-02-23 00:00:00,Implat. Sinovex,
6681,0248,2023-02-23 00:00:00,Implat. Sinovex,
6682,0251,2023-02-23 00:00:00,Implat. Sinovex,
6683,0259A,2023-04-18 00:00:00,Implat. Sinovex,
6684,0261,2023-02-23 00:00:00,Implat. Sinovex,
6685,0277,2023-02-23 00:00:00,Implat. Sinovex,
6686,0279,2023-04-18 00:00:00,Implat. Sinovex,
6687,0292,2023-04-18 00:00:00,Implat. Sinovex,
6688,0293,2023-04-18 00:00:00,Implat. Sinovex,
6689,0295,2023-02-23 00:00:00,Implat. Sinovex,
6690,0298B,2023-02-23 00:00:00,Implat. Sinovex,
6691,0335,2023-04-18 00:00:00,Implat. Sinovex,
6692,0337,2023-02-23 00:00:00,Implat. Sinovex,
6693,0341,2023-04-18 00:00:00,Implat. Sinovex,
6694,1026,2023-04-18 00:00:00,Implat. Sinovex,
6695,1029,2023-04-18 00:00:00,Implat. Sinovex,
6696,2778,2023-02-23 00:00:00,Implat. Sinovex,
6697,2779,2023-02-23 00:00:00,Implat. Sinovex,
6698,2781,2023-02-23 00:00:00,Implat. Sinovex,
6699,9018,2023-02-23 00:00:00,Implat. Sinovex,
6700,9084,2023-02-23 00:00:00,Implat. Sinovex,
6701,9134,2023-04-18 00:00:00,Implat. Sinovex,
6702,9135,2023-02-23 00:00:00,Implat. Sinovex,
6703,9136A,2023-04-18 00:00:00,Implat. Sinovex,
6704,MSN1,2023-04-18 00:00:00,Implat. Sinovex,
6705,MSN10,2023-04-18 00:00:00,Implat. Sinovex,
6706,MSN12,2023-04-18 00:00:00,Implat. Sinovex,
6707,MSN13,2023-04-18 00:00:00,Implat. Sinovex,
6708,MSN14,2023-04-18 00:00:00,Implat. Sinovex,
6709,MSN15,2023-04-18 00:00:00,Implat. Sinovex,
6710,MSN16,2023-04-18 00:00:00,Implat. Sinovex,
6711,1007,2023-04-18 00:00:00,Implat. Sinovex,
6712,MSN2,2023-04-18 00:00:00,Implat. Sinovex,
6713,MSN3,2023-04-18 00:00:00,Implat. Sinovex,
6714,MSN4,2023-04-18 00:00:00,Implat. Sinovex,
6715,MSN9,2023-04-18 00:00:00,Implat. Sinovex,
6716,0223A,2023-04-18 00:00:00,Implat. Sinovex,
6717,0295,2023-04-18 00:00:00,Implat. Sinovex,
6718,9135,2023-04-18 00:00:00,Implat. Sinovex,
6719,0211,2023-09-20 00:00:00,REPROFORTE /RICOFORT,
6720,0224,2023-09-20 00:00:00,REPROFORTE /RICOFORT,
6721,0225,2023-09-20 00:00:00,REPROFORTE /RICOFORT,
6722,02331,2023-09-20 00:00:00,REPROFORTE /RICOFORT,
6723,0240,2023-09-20 00:00:00,REPROFORTE /RICOFORT,
6724,0246,2023-09-20 00:00:00,REPROFORTE /RICOFORT,
6725,0263,2023-09-20 00:00:00,REPROFORTE /RICOFORT,
6726,0267,2023-09-20 00:00:00,REPROFORTE /RICOFORT,
6727,0269,2023-09-20 00:00:00,REPROFORTE /RICOFORT,
6728,0299A,2023-09-20 00:00:00,REPROFORTE /RICOFORT,
6729,0321,2023-09-20 00:00:00,REPROFORTE /RICOFORT,
6730,0340A,2023-09-20 00:00:00,REPROFORTE /RICOFORT,
6731,0349,2023-09-20 00:00:00,REPROFORTE /RICOFORT,
6732,0352,2023-09-20 00:00:00,REPROFORTE /RICOFORT,
6733,0353,2023-09-20 00:00:00,REPROFORTE /RICOFORT,
6734,1123,2023-09-20 00:00:00,REPROFORTE /RICOFORT,
6735,2039,2023-09-20 00:00:00,REPROFORTE /RICOFORT,
6736,5027,2023-09-20 00:00:00,REPROFORTE /RICOFORT,
6737,5043,2023-09-20 00:00:00,REPROFORTE /RICOFORT,
6738,5111,2023-09-20 00:00:00,REPROFORTE /RICOFORT,
6739,6050,2023-09-20 00:00:00,REPROFORTE /RICOFORT,
6740,8011,2023-09-20 00:00:00,REPROFORTE /RICOFORT,
6741,8015,2023-09-20 00:00:00,REPROFORTE /RICOFORT,
6742,8020,2023-09-20 00:00:00,REPROFORTE /RICOFORT,
6743,8039,2023-09-20 00:00:00,REPROFORTE /RICOFORT,
6744,8041,2023-09-20 00:00:00,REPROFORTE /RICOFORT,
6745,8056,2023-09-20 00:00:00,REPROFORTE /RICOFORT,
6746,8057,2023-09-20 00:00:00,REPROFORTE /RICOFORT,
6747,8078,2023-09-20 00:00:00,REPROFORTE /RICOFORT,
6748,80841,2023-09-20 00:00:00,REPROFORTE /RICOFORT,
6749,9024,2023-09-20 00:00:00,REPROFORTE /RICOFORT,
6750,9035,2023-09-20 00:00:00,REPROFORTE /RICOFORT,
6751,9061,2023-09-20 00:00:00,REPROFORTE /RICOFORT,
6752,9064,2023-09-20 00:00:00,REPROFORTE /RICOFORT,
6753,9082,2023-09-20 00:00:00,REPROFORTE /RICOFORT,
6754,9095,2023-09-20 00:00:00,REPROFORTE /RICOFORT,
6755,9106,2023-09-20 00:00:00,REPROFORTE /RICOFORT,
6756,91091,2023-09-20 00:00:00,REPROFORTE /RICOFORT,
6757,9109B,2023-09-20 00:00:00,REPROFORTE /RICOFORT,
6758,91121,2023-09-20 00:00:00,REPROFORTE /RICOFORT,
6759,9192,2023-09-20 00:00:00,REPROFORTE /RICOFORT,
6760,9118,2023-09-20 00:00:00,REPROFORTE /RICOFORT,
6761,9121,2023-09-20 00:00:00,REPROFORTE /RICOFORT,
6762,9128A,2023-09-20 00:00:00,REPROFORTE /RICOFORT,
6763,9136,2023-09-20 00:00:00,REPROFORTE /RICOFORT,
6764,9037,2023-09-20 00:00:00,REPROFORTE /RICOFORT,
6765,0208A,2023-09-20 00:00:00,REPROFORTE /RICOFORT,
6766,5529,2023-09-20 00:00:00,REPROFORTE /RICOFORT,
6767,9,2023-10-17 00:00:00,REPROFORTE /aftosa/ravax/levamisol,
6768,19,2023-10-17 00:00:00,REPROFORTE /aftosa/ravax/levamisol,
6769,20,2023-10-17 00:00:00,REPROFORTE /aftosa/ravax/levamisol,
6770,30,2023-10-17 00:00:00,REPROFORTE /aftosa/ravax/levamisol,
6771,32,2023-10-17 00:00:00,REPROFORTE /aftosa/ravax/levamisol,
6772,34,2023-10-17 00:00:00,REPROFORTE /aftosa/ravax/levamisol,
6773,0107,2023-10-17 00:00:00,REPROFORTE /aftosa/ravax/levamisol,
6774,0111,2023-10-17 00:00:00,REPROFORTE /aftosa/ravax/levamisol,
6775,0114,2023-10-17 00:00:00,REPROFORTE /aftosa/ravax/levamisol,
6776,0132,2023-10-17 00:00:00,REPROFORTE /aftosa/ravax/levamisol,
6777,0201,2023-10-17 00:00:00,REPROFORTE /aftosa/ravax/levamisol,
6778,0202,2023-10-17 00:00:00,REPROFORTE /aftosa/ravax/levamisol,
6779,0204,2023-10-17 00:00:00,REPROFORTE /aftosa/ravax/levamisol,
6780,213,2023-10-17 00:00:00,REPROFORTE /aftosa/ravax/levamisol,
6781,0220,2023-10-17 00:00:00,REPROFORTE /aftosa/ravax/levamisol,
6782,0226,2023-10-17 00:00:00,REPROFORTE /aftosa/ravax/levamisol,
6783,0229,2023-10-17 00:00:00,REPROFORTE /aftosa/ravax/levamisol,
6784,0233,2023-10-17 00:00:00,REPROFORTE /aftosa/ravax/levamisol,
6785,0249,2023-10-17 00:00:00,REPROFORTE /aftosa/ravax/levamisol,
6786,0258,2023-10-17 00:00:00,REPROFORTE /aftosa/ravax/levamisol,
6787,0259,2023-10-17 00:00:00,REPROFORTE /aftosa/ravax/levamisol,
6788,0271,2023-10-17 00:00:00,REPROFORTE /aftosa/ravax/levamisol,
6789,0272,2023-10-17 00:00:00,REPROFORTE /aftosa/ravax/levamisol,
6790,0278,2023-10-17 00:00:00,REPROFORTE /aftosa/ravax/levamisol,
6791,0284,2023-10-17 00:00:00,REPROFORTE /aftosa/ravax/levamisol,
6792,0291,2023-10-17 00:00:00,REPROFORTE /aftosa/ravax/levamisol,
6793,0320,2023-10-17 00:00:00,REPROFORTE /aftosa/ravax/levamisol,
6794,0322,2023-10-17 00:00:00,REPROFORTE /aftosa/ravax/levamisol,
6795,0323,2023-10-17 00:00:00,REPROFORTE /aftosa/ravax/levamisol,
6796,0326,2023-10-17 00:00:00,REPROFORTE /aftosa/ravax/levamisol,
6797,0329,2023-10-17 00:00:00,REPROFORTE /aftosa/ravax/levamisol,
6798,0332,2023-10-17 00:00:00,REPROFORTE /aftosa/ravax/levamisol,
6799,0333,2023-10-17 00:00:00,REPROFORTE /aftosa/ravax/levamisol,
6800,0336,2023-10-17 00:00:00,REPROFORTE /aftosa/ravax/levamisol,
6801,0338,2023-10-17 00:00:00,REPROFORTE /aftosa/ravax/levamisol,
6802,0343,2023-10-17 00:00:00,REPROFORTE /aftosa/ravax/levamisol,
6803,1004,2023-10-17 00:00:00,REPROFORTE /aftosa/ravax/levamisol,
6804,2130,2023-10-17 00:00:00,REPROFORTE /aftosa/ravax/levamisol,
6805,2220,2023-10-17 00:00:00,REPROFORTE /aftosa/ravax/levamisol,
6806,4035,2023-10-17 00:00:00,REPROFORTE /aftosa/ravax/levamisol,
6807,4041,2023-10-17 00:00:00,REPROFORTE /aftosa/ravax/levamisol,
6808,4065,2023-10-17 00:00:00,REPROFORTE /aftosa/ravax/levamisol,
6809,4075,2023-10-17 00:00:00,REPROFORTE /aftosa/ravax/levamisol,
6810,4113,2023-10-17 00:00:00,REPROFORTE /aftosa/ravax/levamisol,
6811,4147,2023-10-17 00:00:00,REPROFORTE /aftosa/ravax/levamisol,
6812,5007,2023-10-17 00:00:00,REPROFORTE /aftosa/ravax/levamisol,
6813,5010,2023-10-17 00:00:00,REPROFORTE /aftosa/ravax/levamisol,
6814,5013,2023-10-17 00:00:00,REPROFORTE /aftosa/ravax/levamisol,
6815,5030,2023-10-17 00:00:00,REPROFORTE /aftosa/ravax/levamisol,
6816,5060,2023-10-17 00:00:00,REPROFORTE /aftosa/ravax/levamisol,
6817,6003,2023-10-17 00:00:00,REPROFORTE /aftosa/ravax/levamisol,
6818,6067,2023-10-17 00:00:00,REPROFORTE /aftosa/ravax/levamisol,
6819,6143,2023-10-17 00:00:00,REPROFORTE /aftosa/ravax/levamisol,
6820,7004,2023-10-17 00:00:00,REPROFORTE /aftosa/ravax/levamisol,
6821,7022,2023-10-17 00:00:00,REPROFORTE /aftosa/ravax/levamisol,
6822,7032,2023-10-17 00:00:00,REPROFORTE /aftosa/ravax/levamisol,
6823,7038,2023-10-17 00:00:00,REPROFORTE /aftosa/ravax/levamisol,
6824,7049,2023-10-17 00:00:00,REPROFORTE /aftosa/ravax/levamisol,
6825,7061,2023-10-17 00:00:00,REPROFORTE /aftosa/ravax/levamisol,
6826,7066,2023-10-17 00:00:00,REPROFORTE /aftosa/ravax/levamisol,
6827,7092,2023-10-17 00:00:00,REPROFORTE /aftosa/ravax/levamisol,
6828,8006,2023-10-17 00:00:00,REPROFORTE /aftosa/ravax/levamisol,
6829,8036,2023-10-17 00:00:00,REPROFORTE /aftosa/ravax/levamisol,
6830,8059,2023-10-17 00:00:00,REPROFORTE /aftosa/ravax/levamisol,
6831,8061,2023-10-17 00:00:00,REPROFORTE /aftosa/ravax/levamisol,
6832,8062,2023-10-17 00:00:00,REPROFORTE /aftosa/ravax/levamisol,
6833,8066,2023-10-17 00:00:00,REPROFORTE /aftosa/ravax/levamisol,
6834,8076,2023-10-17 00:00:00,REPROFORTE /aftosa/ravax/levamisol,
6835,8096,2023-10-17 00:00:00,REPROFORTE /aftosa/ravax/levamisol,
6836,9006,2023-10-17 00:00:00,REPROFORTE /aftosa/ravax/levamisol,
6837,9007,2023-10-17 00:00:00,REPROFORTE /aftosa/ravax/levamisol,
6838,9011,2023-10-17 00:00:00,REPROFORTE /aftosa/ravax/levamisol,
6839,9015,2023-10-17 00:00:00,REPROFORTE /aftosa/ravax/levamisol,
6840,9016,2023-10-17 00:00:00,REPROFORTE /aftosa/ravax/levamisol,
6841,9036,2023-10-17 00:00:00,REPROFORTE /aftosa/ravax/levamisol,
6842,9058,2023-10-17 00:00:00,REPROFORTE /aftosa/ravax/levamisol,
6843,9067,2023-10-17 00:00:00,REPROFORTE /aftosa/ravax/levamisol,
6844,9073,2023-10-17 00:00:00,REPROFORTE /aftosa/ravax/levamisol,
6845,9076,2023-10-17 00:00:00,REPROFORTE /aftosa/ravax/levamisol,
6846,9099,2023-10-17 00:00:00,REPROFORTE /aftosa/ravax/levamisol,
6847,9104,2023-10-17 00:00:00,REPROFORTE /aftosa/ravax/levamisol,
6848,9113,2023-10-17 00:00:00,REPROFORTE /aftosa/ravax/levamisol,
6849,9125,2023-10-17 00:00:00,REPROFORTE /aftosa/ravax/levamisol,
6850,9137,2023-10-17 00:00:00,REPROFORTE /aftosa/ravax/levamisol,
6851,9904,2023-10-17 00:00:00,REPROFORTE /aftosa/ravax/levamisol,
6852,30212,2023-10-17 00:00:00,REPROFORTE /aftosa/ravax/levamisol,
6853,91171,2023-10-17 00:00:00,REPROFORTE /aftosa/ravax/levamisol,
6854,91172,2023-10-17 00:00:00,REPROFORTE /aftosa/ravax/levamisol,
6855,91242,2023-10-17 00:00:00,REPROFORTE /aftosa/ravax/levamisol,
6856,91262,2023-10-17 00:00:00,REPROFORTE /aftosa/ravax/levamisol,
6857,0206A,2023-10-17 00:00:00,REPROFORTE /aftosa/ravax/levamisol,
6858,0206B,2023-10-17 00:00:00,REPROFORTE /aftosa/ravax/levamisol,
6859,0215A,2023-10-17 00:00:00,REPROFORTE /aftosa/ravax/levamisol,
6860,0231A,2023-10-17 00:00:00,REPROFORTE /aftosa/ravax/levamisol,
6861,0298A,2023-10-17 00:00:00,REPROFORTE /aftosa/ravax/levamisol,
6862,2133A,2023-10-17 00:00:00,REPROFORTE /aftosa/ravax/levamisol,
6863,2209A,2023-10-17 00:00:00,REPROFORTE /aftosa/ravax/levamisol,
6864,9110A,2023-10-17 00:00:00,REPROFORTE /aftosa/ravax/levamisol,
6865,9116B,2023-10-17 00:00:00,REPROFORTE /aftosa/ravax/levamisol,
6866,9126A,2023-10-17 00:00:00,REPROFORTE /aftosa/ravax/levamisol,
6867,9128B,2023-10-17 00:00:00,REPROFORTE /aftosa/ravax/levamisol,
6868,EMB 2,2023-10-17 00:00:00,REPROFORTE /aftosa/ravax/levamisol,
6869,SNA,2023-10-17 00:00:00,REPROFORTE /aftosa/ravax/levamisol,
6870,0317,2023-10-17 00:00:00,REPROFORTE /aftosa/ravax/levamisol,
6871,2186,2023-10-26 00:00:00,COMBIBAC R8 / AFTOBAC / RAVAX / RICOBENDAZOL ,
6872,23040,2023-10-26 00:00:00,COMBIBAC R8 / AFTOBAC / RAVAX / RICOBENDAZOL ,
6873,23063,2023-10-26 00:00:00,COMBIBAC R8 / AFTOBAC / RAVAX / RICOBENDAZOL ,
6874,23078,2023-10-26 00:00:00,COMBIBAC R8 / AFTOBAC / RAVAX / RICOBENDAZOL ,
6875,23110,2023-10-26 00:00:00,COMBIBAC R8 / AFTOBAC / RAVAX / RICOBENDAZOL ,
6876,23111,2023-10-26 00:00:00,COMBIBAC R8 / AFTOBAC / RAVAX / RICOBENDAZOL ,
6877,23114,2023-10-26 00:00:00,COMBIBAC R8 / AFTOBAC / RAVAX / RICOBENDAZOL ,
6878,23115,2023-10-26 00:00:00,COMBIBAC R8 / AFTOBAC / RAVAX / RICOBENDAZOL ,
6879,23116,2023-10-26 00:00:00,COMBIBAC R8 / AFTOBAC / RAVAX / RICOBENDAZOL ,
6880,23119,2023-10-26 00:00:00,COMBIBAC R8 / AFTOBAC / RAVAX / RICOBENDAZOL ,
6881,23121,2023-10-26 00:00:00,COMBIBAC R8 / AFTOBAC / RAVAX / RICOBENDAZOL ,
6882,23124,2023-10-26 00:00:00,COMBIBAC R8 / AFTOBAC / RAVAX / RICOBENDAZOL ,
6883,23129,2023-10-26 00:00:00,COMBIBAC R8 / AFTOBAC / RAVAX / RICOBENDAZOL ,
6884,23130,2023-10-26 00:00:00,COMBIBAC R8 / AFTOBAC / RAVAX / RICOBENDAZOL ,
6885,23134,2023-10-26 00:00:00,COMBIBAC R8 / AFTOBAC / RAVAX / RICOBENDAZOL ,
6886,23135,2023-10-26 00:00:00,COMBIBAC R8 / AFTOBAC / RAVAX / RICOBENDAZOL ,
6887,23142,2023-10-26 00:00:00,COMBIBAC R8 / AFTOBAC / RAVAX / RICOBENDAZOL ,
6888,23146,2023-10-26 00:00:00,COMBIBAC R8 / AFTOBAC / RAVAX / RICOBENDAZOL ,
6889,23153,2023-10-26 00:00:00,COMBIBAC R8 / AFTOBAC / RAVAX / RICOBENDAZOL ,
6890,3005,2023-10-26 00:00:00,COMBIBAC R8 / AFTOBAC / RAVAX / RICOBENDAZOL ,
6891,3010,2023-10-26 00:00:00,COMBIBAC R8 / AFTOBAC / RAVAX / RICOBENDAZOL ,
6892,3017,2023-10-26 00:00:00,COMBIBAC R8 / AFTOBAC / RAVAX / RICOBENDAZOL ,
6893,3018,2023-10-26 00:00:00,COMBIBAC R8 / AFTOBAC / RAVAX / RICOBENDAZOL ,
6894,3021,2023-10-26 00:00:00,COMBIBAC R8 / AFTOBAC / RAVAX / RICOBENDAZOL ,
6895,3022,2023-10-26 00:00:00,COMBIBAC R8 / AFTOBAC / RAVAX / RICOBENDAZOL ,
6896,3023,2023-10-26 00:00:00,COMBIBAC R8 / AFTOBAC / RAVAX / RICOBENDAZOL ,
6897,3030,2023-10-26 00:00:00,COMBIBAC R8 / AFTOBAC / RAVAX / RICOBENDAZOL ,
6898,3034,2023-10-26 00:00:00,COMBIBAC R8 / AFTOBAC / RAVAX / RICOBENDAZOL ,
6899,3035,2023-10-26 00:00:00,COMBIBAC R8 / AFTOBAC / RAVAX / RICOBENDAZOL ,
6900,3037,2023-10-26 00:00:00,COMBIBAC R8 / AFTOBAC / RAVAX / RICOBENDAZOL ,
6901,3038,2023-10-26 00:00:00,COMBIBAC R8 / AFTOBAC / RAVAX / RICOBENDAZOL ,
6902,3039,2023-10-26 00:00:00,COMBIBAC R8 / AFTOBAC / RAVAX / RICOBENDAZOL ,
6903,3044,2023-10-26 00:00:00,COMBIBAC R8 / AFTOBAC / RAVAX / RICOBENDAZOL ,
6904,3046,2023-10-26 00:00:00,COMBIBAC R8 / AFTOBAC / RAVAX / RICOBENDAZOL ,
6905,3048,2023-10-26 00:00:00,COMBIBAC R8 / AFTOBAC / RAVAX / RICOBENDAZOL ,
6906,3049,2023-10-26 00:00:00,COMBIBAC R8 / AFTOBAC / RAVAX / RICOBENDAZOL ,
6907,3050,2023-10-26 00:00:00,COMBIBAC R8 / AFTOBAC / RAVAX / RICOBENDAZOL ,
6908,3053,2023-10-26 00:00:00,COMBIBAC R8 / AFTOBAC / RAVAX / RICOBENDAZOL ,
6909,3054,2023-10-26 00:00:00,COMBIBAC R8 / AFTOBAC / RAVAX / RICOBENDAZOL ,
6910,3057,2023-10-26 00:00:00,COMBIBAC R8 / AFTOBAC / RAVAX / RICOBENDAZOL ,
6911,3059,2023-10-26 00:00:00,COMBIBAC R8 / AFTOBAC / RAVAX / RICOBENDAZOL ,
6912,3060,2023-10-26 00:00:00,COMBIBAC R8 / AFTOBAC / RAVAX / RICOBENDAZOL ,
6913,3062,2023-10-26 00:00:00,COMBIBAC R8 / AFTOBAC / RAVAX / RICOBENDAZOL ,
6914,3065,2023-10-26 00:00:00,COMBIBAC R8 / AFTOBAC / RAVAX / RICOBENDAZOL ,
6915,3072,2023-10-26 00:00:00,COMBIBAC R8 / AFTOBAC / RAVAX / RICOBENDAZOL ,
6916,3084A,2023-10-26 00:00:00,COMBIBAC R8 / AFTOBAC / RAVAX / RICOBENDAZOL ,
6917,3092,2023-10-26 00:00:00,COMBIBAC R8 / AFTOBAC / RAVAX / RICOBENDAZOL ,
6918,3093A,2023-10-26 00:00:00,COMBIBAC R8 / AFTOBAC / RAVAX / RICOBENDAZOL ,
6919,3095,2023-10-26 00:00:00,COMBIBAC R8 / AFTOBAC / RAVAX / RICOBENDAZOL ,
6920,3106,2023-10-26 00:00:00,COMBIBAC R8 / AFTOBAC / RAVAX / RICOBENDAZOL ,
6921,3107A,2023-10-26 00:00:00,COMBIBAC R8 / AFTOBAC / RAVAX / RICOBENDAZOL ,
6922,0139,2023-10-26 00:00:00,PROTOOX / AFTOBAC / RAVAX / RICOBENDAZOL /REPROFORTE,
6923,0143,2023-10-26 00:00:00,PROTOOX / AFTOBAC / RAVAX / RICOBENDAZOL /REPROFORTE,
6924,05,2023-10-26 00:00:00,PROTOOX / AFTOBAC / RAVAX / RICOBENDAZOL /REPROFORTE,
6925,10391,2023-10-26 00:00:00,PROTOOX / AFTOBAC / RAVAX / RICOBENDAZOL /REPROFORTE,
6926,1056A,2023-10-26 00:00:00,PROTOOX / AFTOBAC / RAVAX / RICOBENDAZOL /REPROFORTE,
6927,1077A,2023-10-26 00:00:00,PROTOOX / AFTOBAC / RAVAX / RICOBENDAZOL /REPROFORTE,
6928,1109A,2023-10-26 00:00:00,PROTOOX / AFTOBAC / RAVAX / RICOBENDAZOL /REPROFORTE,
6929,12164,2023-10-26 00:00:00,PROTOOX / AFTOBAC / RAVAX / RICOBENDAZOL /REPROFORTE,
6930,1310,2023-10-26 00:00:00,PROTOOX / AFTOBAC / RAVAX / RICOBENDAZOL /REPROFORTE,
6931,2025A,2023-10-26 00:00:00,PROTOOX / AFTOBAC / RAVAX / RICOBENDAZOL /REPROFORTE,
6932,20334,2023-10-26 00:00:00,PROTOOX / AFTOBAC / RAVAX / RICOBENDAZOL /REPROFORTE,
6933,2051,2023-10-26 00:00:00,PROTOOX / AFTOBAC / RAVAX / RICOBENDAZOL /REPROFORTE,
6934,2080,2023-10-26 00:00:00,PROTOOX / AFTOBAC / RAVAX / RICOBENDAZOL /REPROFORTE,
6935,2097,2023-10-26 00:00:00,PROTOOX / AFTOBAC / RAVAX / RICOBENDAZOL /REPROFORTE,
6936,21027,2023-10-26 00:00:00,PROTOOX / AFTOBAC / RAVAX / RICOBENDAZOL /REPROFORTE,
6937,22150,2023-10-26 00:00:00,PROTOOX / AFTOBAC / RAVAX / RICOBENDAZOL /REPROFORTE,
6938,2177A,2023-10-26 00:00:00,PROTOOX / AFTOBAC / RAVAX / RICOBENDAZOL /REPROFORTE,
6939,2217,2023-10-26 00:00:00,PROTOOX / AFTOBAC / RAVAX / RICOBENDAZOL /REPROFORTE,
6940,2224,2023-10-26 00:00:00,PROTOOX / AFTOBAC / RAVAX / RICOBENDAZOL /REPROFORTE,
6941,2337,2023-10-26 00:00:00,PROTOOX / AFTOBAC / RAVAX / RICOBENDAZOL /REPROFORTE,
6942,2340,2023-10-26 00:00:00,PROTOOX / AFTOBAC / RAVAX / RICOBENDAZOL /REPROFORTE,
6943,3015,2023-10-26 00:00:00,PROTOOX / AFTOBAC / RAVAX / RICOBENDAZOL /REPROFORTE,
6944,3026A,2023-10-26 00:00:00,PROTOOX / AFTOBAC / RAVAX / RICOBENDAZOL /REPROFORTE,
6945,3038A,2023-10-26 00:00:00,PROTOOX / AFTOBAC / RAVAX / RICOBENDAZOL /REPROFORTE,
6946,3093,2023-10-26 00:00:00,PROTOOX / AFTOBAC / RAVAX / RICOBENDAZOL /REPROFORTE,
6947,3108,2023-10-26 00:00:00,PROTOOX / AFTOBAC / RAVAX / RICOBENDAZOL /REPROFORTE,
6948,3178,2023-10-26 00:00:00,PROTOOX / AFTOBAC / RAVAX / RICOBENDAZOL /REPROFORTE,
6949,3227,2023-10-26 00:00:00,PROTOOX / AFTOBAC / RAVAX / RICOBENDAZOL /REPROFORTE,
6950,4033,2023-10-26 00:00:00,PROTOOX / AFTOBAC / RAVAX / RICOBENDAZOL /REPROFORTE,
6951,4034,2023-10-26 00:00:00,PROTOOX / AFTOBAC / RAVAX / RICOBENDAZOL /REPROFORTE,
6952,4048,2023-10-26 00:00:00,PROTOOX / AFTOBAC / RAVAX / RICOBENDAZOL /REPROFORTE,
6953,4053,2023-10-26 00:00:00,PROTOOX / AFTOBAC / RAVAX / RICOBENDAZOL /REPROFORTE,
6954,406,2023-10-26 00:00:00,PROTOOX / AFTOBAC / RAVAX / RICOBENDAZOL /REPROFORTE,
6955,4065,2023-10-26 00:00:00,PROTOOX / AFTOBAC / RAVAX / RICOBENDAZOL /REPROFORTE,
6956,4066,2023-10-26 00:00:00,PROTOOX / AFTOBAC / RAVAX / RICOBENDAZOL /REPROFORTE,
6957,4076,2023-10-26 00:00:00,PROTOOX / AFTOBAC / RAVAX / RICOBENDAZOL /REPROFORTE,
6958,4099,2023-10-26 00:00:00,PROTOOX / AFTOBAC / RAVAX / RICOBENDAZOL /REPROFORTE,
6959,4100,2023-10-26 00:00:00,PROTOOX / AFTOBAC / RAVAX / RICOBENDAZOL /REPROFORTE,
6960,4109,2023-10-26 00:00:00,PROTOOX / AFTOBAC / RAVAX / RICOBENDAZOL /REPROFORTE,
6961,4141,2023-10-26 00:00:00,PROTOOX / AFTOBAC / RAVAX / RICOBENDAZOL /REPROFORTE,
6962,4147,2023-10-26 00:00:00,PROTOOX / AFTOBAC / RAVAX / RICOBENDAZOL /REPROFORTE,
6963,4172,2023-10-26 00:00:00,PROTOOX / AFTOBAC / RAVAX / RICOBENDAZOL /REPROFORTE,
6964,4A,2023-10-26 00:00:00,PROTOOX / AFTOBAC / RAVAX / RICOBENDAZOL /REPROFORTE,
6965,5035,2023-10-26 00:00:00,PROTOOX / AFTOBAC / RAVAX / RICOBENDAZOL /REPROFORTE,
6966,5041,2023-10-26 00:00:00,PROTOOX / AFTOBAC / RAVAX / RICOBENDAZOL /REPROFORTE,
6967,50501,2023-10-26 00:00:00,PROTOOX / AFTOBAC / RAVAX / RICOBENDAZOL /REPROFORTE,
6968,5082,2023-10-26 00:00:00,PROTOOX / AFTOBAC / RAVAX / RICOBENDAZOL /REPROFORTE,
6969,5092,2023-10-26 00:00:00,PROTOOX / AFTOBAC / RAVAX / RICOBENDAZOL /REPROFORTE,
6970,5098,2023-10-26 00:00:00,PROTOOX / AFTOBAC / RAVAX / RICOBENDAZOL /REPROFORTE,
6971,6008,2023-10-26 00:00:00,PROTOOX / AFTOBAC / RAVAX / RICOBENDAZOL /REPROFORTE,
6972,6011,2023-10-26 00:00:00,PROTOOX / AFTOBAC / RAVAX / RICOBENDAZOL /REPROFORTE,
6973,6020,2023-10-26 00:00:00,PROTOOX / AFTOBAC / RAVAX / RICOBENDAZOL /REPROFORTE,
6974,6028,2023-10-26 00:00:00,PROTOOX / AFTOBAC / RAVAX / RICOBENDAZOL /REPROFORTE,
6975,60286,2023-10-26 00:00:00,PROTOOX / AFTOBAC / RAVAX / RICOBENDAZOL /REPROFORTE,
6976,6031,2023-10-26 00:00:00,PROTOOX / AFTOBAC / RAVAX / RICOBENDAZOL /REPROFORTE,
6977,6037,2023-10-26 00:00:00,PROTOOX / AFTOBAC / RAVAX / RICOBENDAZOL /REPROFORTE,
6978,6042,2023-10-26 00:00:00,PROTOOX / AFTOBAC / RAVAX / RICOBENDAZOL /REPROFORTE,
6979,6070,2023-10-26 00:00:00,PROTOOX / AFTOBAC / RAVAX / RICOBENDAZOL /REPROFORTE,
6980,7072,2023-10-26 00:00:00,PROTOOX / AFTOBAC / RAVAX / RICOBENDAZOL /REPROFORTE,
6981,7080,2023-10-26 00:00:00,PROTOOX / AFTOBAC / RAVAX / RICOBENDAZOL /REPROFORTE,
6982,8004,2023-10-26 00:00:00,PROTOOX / AFTOBAC / RAVAX / RICOBENDAZOL /REPROFORTE,
6983,8005,2023-10-26 00:00:00,PROTOOX / AFTOBAC / RAVAX / RICOBENDAZOL /REPROFORTE,
6984,8010,2023-10-26 00:00:00,PROTOOX / AFTOBAC / RAVAX / RICOBENDAZOL /REPROFORTE,
6985,80121,2023-10-26 00:00:00,PROTOOX / AFTOBAC / RAVAX / RICOBENDAZOL /REPROFORTE,
6986,8013,2023-10-26 00:00:00,PROTOOX / AFTOBAC / RAVAX / RICOBENDAZOL /REPROFORTE,
6987,8014,2023-10-26 00:00:00,PROTOOX / AFTOBAC / RAVAX / RICOBENDAZOL /REPROFORTE,
6988,8026,2023-10-26 00:00:00,PROTOOX / AFTOBAC / RAVAX / RICOBENDAZOL /REPROFORTE,
6989,8051,2023-10-26 00:00:00,PROTOOX / AFTOBAC / RAVAX / RICOBENDAZOL /REPROFORTE,
6990,8054,2023-10-26 00:00:00,PROTOOX / AFTOBAC / RAVAX / RICOBENDAZOL /REPROFORTE,
6991,8060,2023-10-26 00:00:00,PROTOOX / AFTOBAC / RAVAX / RICOBENDAZOL /REPROFORTE,
6992,8063,2023-10-26 00:00:00,PROTOOX / AFTOBAC / RAVAX / RICOBENDAZOL /REPROFORTE,
6993,8072,2023-10-26 00:00:00,PROTOOX / AFTOBAC / RAVAX / RICOBENDAZOL /REPROFORTE,
6994,8089,2023-10-26 00:00:00,PROTOOX / AFTOBAC / RAVAX / RICOBENDAZOL /REPROFORTE,
6995,80921,2023-10-26 00:00:00,PROTOOX / AFTOBAC / RAVAX / RICOBENDAZOL /REPROFORTE,
6996,89,2023-10-26 00:00:00,PROTOOX / AFTOBAC / RAVAX / RICOBENDAZOL /REPROFORTE,
6997,9023,2023-10-26 00:00:00,PROTOOX / AFTOBAC / RAVAX / RICOBENDAZOL /REPROFORTE,
6998,9045,2023-10-26 00:00:00,PROTOOX / AFTOBAC / RAVAX / RICOBENDAZOL /REPROFORTE,
6999,9046,2023-10-26 00:00:00,PROTOOX / AFTOBAC / RAVAX / RICOBENDAZOL /REPROFORTE,
7000,9047,2023-10-26 00:00:00,PROTOOX / AFTOBAC / RAVAX / RICOBENDAZOL /REPROFORTE,
7001,9100,2023-10-26 00:00:00,PROTOOX / AFTOBAC / RAVAX / RICOBENDAZOL /REPROFORTE,
7002,9219,2023-10-26 00:00:00,PROTOOX / AFTOBAC / RAVAX / RICOBENDAZOL /REPROFORTE,
7003,9238,2023-10-26 00:00:00,PROTOOX / AFTOBAC / RAVAX / RICOBENDAZOL /REPROFORTE,
7004,EMB 1,2023-10-26 00:00:00,PROTOOX / AFTOBAC / RAVAX / RICOBENDAZOL /REPROFORTE,
7005,0101,2023-10-25 00:00:00,COMBIBAC R8 / AFTOBAC / RAVAX / RICOBENDAZOL / PROTOX,
7006,0102,2023-10-25 00:00:00,COMBIBAC R8 / AFTOBAC / RAVAX / RICOBENDAZOL / PROTOX,
7007,0108,2023-10-25 00:00:00,COMBIBAC R8 / AFTOBAC / RAVAX / RICOBENDAZOL / PROTOX,
7008,0205,2023-10-25 00:00:00,COMBIBAC R8 / AFTOBAC / RAVAX / RICOBENDAZOL / PROTOX,
7009,0208A,2023-10-25 00:00:00,COMBIBAC R8 / AFTOBAC / RAVAX / RICOBENDAZOL / PROTOX,
7010,0217,2023-10-25 00:00:00,COMBIBAC R8 / AFTOBAC / RAVAX / RICOBENDAZOL / PROTOX,
7011,0231B,2023-10-25 00:00:00,COMBIBAC R8 / AFTOBAC / RAVAX / RICOBENDAZOL / PROTOX,
7012,0240,2023-10-25 00:00:00,COMBIBAC R8 / AFTOBAC / RAVAX / RICOBENDAZOL / PROTOX,
7013,0267,2023-10-25 00:00:00,COMBIBAC R8 / AFTOBAC / RAVAX / RICOBENDAZOL / PROTOX,
7014,0270,2023-10-25 00:00:00,COMBIBAC R8 / AFTOBAC / RAVAX / RICOBENDAZOL / PROTOX,
7015,0294,2023-10-25 00:00:00,COMBIBAC R8 / AFTOBAC / RAVAX / RICOBENDAZOL / PROTOX,
7016,0297,2023-10-25 00:00:00,COMBIBAC R8 / AFTOBAC / RAVAX / RICOBENDAZOL / PROTOX,
7017,0298,2023-10-25 00:00:00,COMBIBAC R8 / AFTOBAC / RAVAX / RICOBENDAZOL / PROTOX,
7018,0298A,2023-10-25 00:00:00,COMBIBAC R8 / AFTOBAC / RAVAX / RICOBENDAZOL / PROTOX,
7019,0299A,2023-10-25 00:00:00,COMBIBAC R8 / AFTOBAC / RAVAX / RICOBENDAZOL / PROTOX,
7020,0299C,2023-10-25 00:00:00,COMBIBAC R8 / AFTOBAC / RAVAX / RICOBENDAZOL / PROTOX,
7021,0330A,2023-10-25 00:00:00,COMBIBAC R8 / AFTOBAC / RAVAX / RICOBENDAZOL / PROTOX,
7022,0337,2023-10-25 00:00:00,COMBIBAC R8 / AFTOBAC / RAVAX / RICOBENDAZOL / PROTOX,
7023,0342,2023-10-25 00:00:00,COMBIBAC R8 / AFTOBAC / RAVAX / RICOBENDAZOL / PROTOX,
7024,0344,2023-10-25 00:00:00,COMBIBAC R8 / AFTOBAC / RAVAX / RICOBENDAZOL / PROTOX,
7025,0350,2023-10-25 00:00:00,COMBIBAC R8 / AFTOBAC / RAVAX / RICOBENDAZOL / PROTOX,
7026,0354,2023-10-25 00:00:00,COMBIBAC R8 / AFTOBAC / RAVAX / RICOBENDAZOL / PROTOX,
7027,0355,2023-10-25 00:00:00,COMBIBAC R8 / AFTOBAC / RAVAX / RICOBENDAZOL / PROTOX,
7028,1005,2023-10-25 00:00:00,COMBIBAC R8 / AFTOBAC / RAVAX / RICOBENDAZOL / PROTOX,
7029,1017A,2023-10-25 00:00:00,COMBIBAC R8 / AFTOBAC / RAVAX / RICOBENDAZOL / PROTOX,
7030,1023,2023-10-25 00:00:00,COMBIBAC R8 / AFTOBAC / RAVAX / RICOBENDAZOL / PROTOX,
7031,1033A,2023-10-25 00:00:00,COMBIBAC R8 / AFTOBAC / RAVAX / RICOBENDAZOL / PROTOX,
7032,10431,2023-10-25 00:00:00,COMBIBAC R8 / AFTOBAC / RAVAX / RICOBENDAZOL / PROTOX,
7033,1066,2023-10-25 00:00:00,COMBIBAC R8 / AFTOBAC / RAVAX / RICOBENDAZOL / PROTOX,
7034,1075,2023-10-25 00:00:00,COMBIBAC R8 / AFTOBAC / RAVAX / RICOBENDAZOL / PROTOX,
7035,1079,2023-10-25 00:00:00,COMBIBAC R8 / AFTOBAC / RAVAX / RICOBENDAZOL / PROTOX,
7036,1088A,2023-10-25 00:00:00,COMBIBAC R8 / AFTOBAC / RAVAX / RICOBENDAZOL / PROTOX,
7037,1096,2023-10-25 00:00:00,COMBIBAC R8 / AFTOBAC / RAVAX / RICOBENDAZOL / PROTOX,
7038,1104A,2023-10-25 00:00:00,COMBIBAC R8 / AFTOBAC / RAVAX / RICOBENDAZOL / PROTOX,
7039,1109B,2023-10-25 00:00:00,COMBIBAC R8 / AFTOBAC / RAVAX / RICOBENDAZOL / PROTOX,
7040,1132,2023-10-25 00:00:00,COMBIBAC R8 / AFTOBAC / RAVAX / RICOBENDAZOL / PROTOX,
7041,2019,2023-10-25 00:00:00,COMBIBAC R8 / AFTOBAC / RAVAX / RICOBENDAZOL / PROTOX,
7042,2035A,2023-10-25 00:00:00,COMBIBAC R8 / AFTOBAC / RAVAX / RICOBENDAZOL / PROTOX,
7043,2040,2023-10-25 00:00:00,COMBIBAC R8 / AFTOBAC / RAVAX / RICOBENDAZOL / PROTOX,
7044,2042,2023-10-25 00:00:00,COMBIBAC R8 / AFTOBAC / RAVAX / RICOBENDAZOL / PROTOX,
7045,2048,2023-10-25 00:00:00,COMBIBAC R8 / AFTOBAC / RAVAX / RICOBENDAZOL / PROTOX,
7046,2052,2023-10-25 00:00:00,COMBIBAC R8 / AFTOBAC / RAVAX / RICOBENDAZOL / PROTOX,
7047,2063B,2023-10-25 00:00:00,COMBIBAC R8 / AFTOBAC / RAVAX / RICOBENDAZOL / PROTOX,
7048,2066,2023-10-25 00:00:00,COMBIBAC R8 / AFTOBAC / RAVAX / RICOBENDAZOL / PROTOX,
7049,2093,2023-10-25 00:00:00,COMBIBAC R8 / AFTOBAC / RAVAX / RICOBENDAZOL / PROTOX,
7050,2093A,2023-10-25 00:00:00,COMBIBAC R8 / AFTOBAC / RAVAX / RICOBENDAZOL / PROTOX,
7051,2099,2023-10-25 00:00:00,COMBIBAC R8 / AFTOBAC / RAVAX / RICOBENDAZOL / PROTOX,
7052,2103,2023-10-25 00:00:00,COMBIBAC R8 / AFTOBAC / RAVAX / RICOBENDAZOL / PROTOX,
7053,2108,2023-10-25 00:00:00,COMBIBAC R8 / AFTOBAC / RAVAX / RICOBENDAZOL / PROTOX,
7054,2109,2023-10-25 00:00:00,COMBIBAC R8 / AFTOBAC / RAVAX / RICOBENDAZOL / PROTOX,
7055,2111,2023-10-25 00:00:00,COMBIBAC R8 / AFTOBAC / RAVAX / RICOBENDAZOL / PROTOX,
7056,2146,2023-10-25 00:00:00,COMBIBAC R8 / AFTOBAC / RAVAX / RICOBENDAZOL / PROTOX,
7057,2153,2023-10-25 00:00:00,COMBIBAC R8 / AFTOBAC / RAVAX / RICOBENDAZOL / PROTOX,
7058,2159,2023-10-25 00:00:00,COMBIBAC R8 / AFTOBAC / RAVAX / RICOBENDAZOL / PROTOX,
7059,22193,2023-10-25 00:00:00,COMBIBAC R8 / AFTOBAC / RAVAX / RICOBENDAZOL / PROTOX,
7060,2202,2023-10-25 00:00:00,COMBIBAC R8 / AFTOBAC / RAVAX / RICOBENDAZOL / PROTOX,
7061,2203,2023-10-25 00:00:00,COMBIBAC R8 / AFTOBAC / RAVAX / RICOBENDAZOL / PROTOX,
7062,22049,2023-10-25 00:00:00,COMBIBAC R8 / AFTOBAC / RAVAX / RICOBENDAZOL / PROTOX,
7063,23131,2023-10-25 00:00:00,COMBIBAC R8 / AFTOBAC / RAVAX / RICOBENDAZOL / PROTOX,
7064,2702,2023-10-25 00:00:00,COMBIBAC R8 / AFTOBAC / RAVAX / RICOBENDAZOL / PROTOX,
7065,2781,2023-10-25 00:00:00,COMBIBAC R8 / AFTOBAC / RAVAX / RICOBENDAZOL / PROTOX,
7066,3033,2023-10-25 00:00:00,COMBIBAC R8 / AFTOBAC / RAVAX / RICOBENDAZOL / PROTOX,
7067,33,2023-10-25 00:00:00,COMBIBAC R8 / AFTOBAC / RAVAX / RICOBENDAZOL / PROTOX,
7068,35,2023-10-25 00:00:00,COMBIBAC R8 / AFTOBAC / RAVAX / RICOBENDAZOL / PROTOX,
7069,5638,2023-10-25 00:00:00,COMBIBAC R8 / AFTOBAC / RAVAX / RICOBENDAZOL / PROTOX,
7070,6017,2023-10-25 00:00:00,COMBIBAC R8 / AFTOBAC / RAVAX / RICOBENDAZOL / PROTOX,
7071,6050,2023-10-25 00:00:00,COMBIBAC R8 / AFTOBAC / RAVAX / RICOBENDAZOL / PROTOX,
7072,7021,2023-10-25 00:00:00,COMBIBAC R8 / AFTOBAC / RAVAX / RICOBENDAZOL / PROTOX,
7073,8011,2023-10-25 00:00:00,COMBIBAC R8 / AFTOBAC / RAVAX / RICOBENDAZOL / PROTOX,
7074,8015,2023-10-25 00:00:00,COMBIBAC R8 / AFTOBAC / RAVAX / RICOBENDAZOL / PROTOX,
7075,8032,2023-10-25 00:00:00,COMBIBAC R8 / AFTOBAC / RAVAX / RICOBENDAZOL / PROTOX,
7076,8073,2023-10-25 00:00:00,COMBIBAC R8 / AFTOBAC / RAVAX / RICOBENDAZOL / PROTOX,
7077,80841,2023-10-25 00:00:00,COMBIBAC R8 / AFTOBAC / RAVAX / RICOBENDAZOL / PROTOX,
7078,9084,2023-10-25 00:00:00,COMBIBAC R8 / AFTOBAC / RAVAX / RICOBENDAZOL / PROTOX,
7079,9095,2023-10-25 00:00:00,COMBIBAC R8 / AFTOBAC / RAVAX / RICOBENDAZOL / PROTOX,
7080,91121,2023-10-25 00:00:00,COMBIBAC R8 / AFTOBAC / RAVAX / RICOBENDAZOL / PROTOX,
7081,9122,2023-10-25 00:00:00,COMBIBAC R8 / AFTOBAC / RAVAX / RICOBENDAZOL / PROTOX,
7082,MSN14,2023-10-25 00:00:00,COMBIBAC R8 / AFTOBAC / RAVAX / RICOBENDAZOL / PROTOX,
7083,S/NB,2023-10-25 00:00:00,COMBIBAC R8 / AFTOBAC / RAVAX / RICOBENDAZOL / PROTOX,
7084,S/ND,2023-10-25 00:00:00,COMBIBAC R8 / AFTOBAC / RAVAX / RICOBENDAZOL / PROTOX,
7085,1095A,2023-11-01 00:00:00,AFTOBAC / RAVAX / RICOBENDAZOL /REPROFORTE,
7086,1117,2023-11-01 00:00:00,AFTOBAC / RAVAX / RICOBENDAZOL /REPROFORTE,
7087,1128,2023-11-01 00:00:00,AFTOBAC / RAVAX / RICOBENDAZOL /REPROFORTE/DIMINACENO,
7088,1168,2023-11-01 00:00:00,AFTOBAC / RAVAX / RICOBENDAZOL /REPROFORTE,
7089,2028A,2023-11-01 00:00:00,AFTOBAC / RAVAX / RICOBENDAZOL /REPROFORTE,
7090,2073,2023-11-01 00:00:00,AFTOBAC / RAVAX / RICOBENDAZOL /REPROFORTE,
7091,2093A,2023-11-01 00:00:00,AFTOBAC / RAVAX / RICOBENDAZOL /REPROFORTE,
7092,2180A,2023-11-01 00:00:00,AFTOBAC / RAVAX / RICOBENDAZOL /REPROFORTE,
7093,23118,2023-11-01 00:00:00,RICOBENDASOL/RAVAX,
7094,23131,2023-11-01 00:00:00,RICOBENDASOL/RAVAX,
7095,23148,2023-11-01 00:00:00,RICOBENDASOL/RAVAX,
7096,23155,2023-11-01 00:00:00,RICOBENDASOL/RAVAX,
7097,23158,2023-11-01 00:00:00,RICOBENDASOL/RAVAX,
7098,23175,2023-11-01 00:00:00,RICOBENDASOL/RAVAX,
7099,23179,2023-11-01 00:00:00,RICOBENDASOL/RAVAX,
7100,23181,2023-11-01 00:00:00,RICOBENDASOL/RAVAX,
7101,3005,2023-11-01 00:00:00,RICOBENDASOL/RAVAX,
7102,3033,2023-11-01 00:00:00,RICOBENDASOL/RAVAX,
7103,3043,2023-11-01 00:00:00,AFTOBAC / RAVAX / RICOBENDAZOL /REPROFORTE,
7104,3044A,2023-11-01 00:00:00,AFTOBAC / RAVAX / RICOBENDAZOL /REPROFORTE,
7105,3055,2023-11-01 00:00:00,RICOBENDASOL/RAVAX,
7106,3081,2023-11-01 00:00:00,RICOBENDASOL/RAVAX,
7107,3087,2023-11-01 00:00:00,RICOBENDASOL/RAVAX,
7108,3088,2023-11-01 00:00:00,RICOBENDASOL/RAVAX,
7109,4008,2023-11-01 00:00:00,AFTOBAC / RAVAX / RICOBENDAZOL /REPROFORTE,
7110,4023,2023-11-01 00:00:00,AFTOBAC / RAVAX / RICOBENDAZOL /REPROFORTE,
7111,4143,2023-11-01 00:00:00,AFTOBAC / RAVAX / RICOBENDAZOL /REPROFORTE,
7112,5076,2023-11-01 00:00:00,AFTOBAC / RAVAX / RICOBENDAZOL /REPROFORTE,
7113,5090,2023-11-01 00:00:00,AFTOBAC / RAVAX / RICOBENDAZOL /REPROFORTE,
7114,7021,2023-11-01 00:00:00,AFTOBAC / RAVAX / RICOBENDAZOL /REPROFORTE,
7115,8024,2023-11-01 00:00:00,AFTOBAC / RAVAX / RICOBENDAZOL /REPROFORTE,
7116,80272,2023-11-01 00:00:00,AFTOBAC / RAVAX / RICOBENDAZOL /REPROFORTE,
7117,8093,2023-11-01 00:00:00,AFTOBAC / RAVAX / RICOBENDAZOL /REPROFORTE,
7118,8098,2023-11-01 00:00:00,AFTOBAC / RAVAX / RICOBENDAZOL ,
7119,EMB 4,2023-11-01 00:00:00,AFTOBAC / RAVAX / RICOBENDAZOL /REPROFORTE,
7120,S/NB,2023-11-01 00:00:00,AFTOBAC / RAVAX / RICOBENDAZOL /REPROFORTE,
7121,S/ND,2023-11-01 00:00:00,AFTOBAC / RAVAX / RICOBENDAZOL /REPROFORTE,
7122,S/NH,2023-11-01 00:00:00,AFTOBAC / RAVAX / RICOBENDAZOL /REPROFORTE/PROTOX,
7123,6021,2023-11-02 00:00:00,AFTOBAC / RAVAX  /REPROFORTE,
7124,3003A,2023-11-02 00:00:00,AFTOBAC / RAVAX  /REPROFORTE,
7125,4018,2023-11-02 00:00:00,AFTOBAC / RAVAX  /REPROFORTE,
7126,2063A,2023-11-02 00:00:00,AFTOBAC / RAVAX  /REPROFORTE,
7127,7074,2023-11-02 00:00:00,AFTOBAC / RAVAX  /REPROFORTE,
7128,4055,2023-11-02 00:00:00,AFTOBAC / RAVAX  /REPROFORTE,
7129,3119,2023-11-02 00:00:00,AFTOBAC / RAVAX  /REPROFORTE,
7130,2149A,2023-11-02 00:00:00,AFTOBAC / RAVAX  /REPROFORTE,
7131,7067,2023-11-02 00:00:00,AFTOBAC / RAVAX  /REPROFORTE,
7132,2148A,2023-11-02 00:00:00,AFTOBAC / RAVAX  /REPROFORTE,
7133,80472,2023-11-02 00:00:00,AFTOBAC / RAVAX  /REPROFORTE,
7134,31102,2023-11-02 00:00:00,AFTOBAC / RAVAX  /REPROFORTE,
7135,2143,2023-11-02 00:00:00,AFTOBAC / RAVAX  /REPROFORTE,
7136,7059,2023-11-02 00:00:00,AFTOBAC / RAVAX  /REPROFORTE,
7137,8077,2023-11-02 00:00:00,AFTOBAC / RAVAX  /REPROFORTE,
7138,7028,2023-11-02 00:00:00,AFTOBAC / RAVAX  /REPROFORTE,
7139,80882,2023-11-02 00:00:00,AFTOBAC / RAVAX  /REPROFORTE,
7140,8087,2023-11-02 00:00:00,AFTOBAC / RAVAX  /REPROFORTE,
7141,8079,2023-11-02 00:00:00,AFTOBAC / RAVAX  /REPROFORTE,
7142,3750,2023-11-02 00:00:00,AFTOBAC / RAVAX  /REPROFORTE,
7143,2050,2023-11-02 00:00:00,AFTOBAC / RAVAX  /REPROFORTE,
7144,40072,2023-11-02 00:00:00,AFTOBAC / RAVAX  /REPROFORTE,
7145,2062,2023-11-02 00:00:00,AFTOBAC / RAVAX  /REPROFORTE,
7146,8045,2023-11-02 00:00:00,AFTOBAC / RAVAX  /REPROFORTE,
7147,9051,2023-11-02 00:00:00,AFTOBAC / RAVAX  /REPROFORTE,
7148,0740,2023-11-02 00:00:00,AFTOBAC / RAVAX  /REPROFORTE,
7149,1091A,2023-11-02 00:00:00,AFTOBAC / RAVAX  /REPROFORTE,
7150,2090A,2023-11-02 00:00:00,AFTOBAC / RAVAX  /REPROFORTE,
7151,8033,2023-11-02 00:00:00,AFTOBAC / RAVAX  /REPROFORTE,
7152,1015 ,2023-11-02 00:00:00,AFTOBAC / RAVAX  /REPROFORTE,
7153,3066B,2023-11-02 00:00:00,AFTOBAC / RAVAX  /REPROFORTE,
7154,5144,2023-11-02 00:00:00,AFTOBAC / RAVAX  /REPROFORTE,
7155,4151,2023-11-02 00:00:00,AFTOBAC / RAVAX  /REPROFORTE,
7156,50741,2023-11-02 00:00:00,AFTOBAC / RAVAX  /REPROFORTE,
7157,2124A,2023-11-02 00:00:00,AFTOBAC / RAVAX  /REPROFORTE,
7158,3021A,2023-11-02 00:00:00,AFTOBAC / RAVAX  /REPROFORTE,
7159,7017,2023-11-02 00:00:00,AFTOBAC / RAVAX  /REPROFORTE,
7160,2047,2023-11-02 00:00:00,AFTOBAC / RAVAX  /REPROFORTE,
7161,EMB 5,2023-11-02 00:00:00,AFTOBAC / RAVAX  /REPROFORTE,
7162,7087,2023-11-02 00:00:00,AFTOBAC / RAVAX  /REPROFORTE,
7163,4079,2023-11-02 00:00:00,AFTOBAC / RAVAX  /REPROFORTE,
7164,2208A,2023-11-02 00:00:00,AFTOBAC / RAVAX  /REPROFORTE,
7165,5052,2023-11-02 00:00:00,AFTOBAC / RAVAX  /REPROFORTE,
7166,7083,2023-11-02 00:00:00,AFTOBAC / RAVAX  /REPROFORTE,
7167,6035,2023-11-02 00:00:00,AFTOBAC / RAVAX  /REPROFORTE,
7168,7033,2023-11-02 00:00:00,AFTOBAC / RAVAX  /REPROFORTE,
7169,4087,2023-11-02 00:00:00,AFTOBAC / RAVAX  /REPROFORTE,
7170,5033,2023-11-02 00:00:00,AFTOBAC / RAVAX  /REPROFORTE,
7171,2079,2023-11-02 00:00:00,AFTOBAC / RAVAX  /REPROFORTE,
7172,2072,2023-11-02 00:00:00,AFTOBAC / RAVAX  /REPROFORTE,
7173,2219,2023-11-02 00:00:00,AFTOBAC / RAVAX  /REPROFORTE,
7174,2133A,2023-11-02 00:00:00,AFTOBAC / RAVAX  /REPROFORTE,
7175,9020,2023-11-02 00:00:00,AFTOBAC / RAVAX  /REPROFORTE,
7176,2196A,2023-11-02 00:00:00,AFTOBAC / RAVAX  /REPROFORTE,
7177,0128,2023-11-02 00:00:00,AFTOBAC / RAVAX  /REPROFORTE,
7178,8046,2023-11-02 00:00:00,AFTOBAC / RAVAX  /REPROFORTE,
7179,7007,2023-11-02 00:00:00,AFTOBAC / RAVAX  /REPROFORTE,
7180,5679,2023-11-02 00:00:00,AFTOBAC / RAVAX  /REPROFORTE,
7181,4101,2023-11-02 00:00:00,AFTOBAC / RAVAX  /REPROFORTE,
7182,7012,2023-11-02 00:00:00,AFTOBAC / RAVAX  /REPROFORTE,
7183,8019,2023-11-02 00:00:00,AFTOBAC / RAVAX  /REPROFORTE,
7184,8050,2023-11-02 00:00:00,AFTOBAC / RAVAX  /REPROFORTE,
7185,8048,2023-11-02 00:00:00,AFTOBAC / RAVAX  /REPROFORTE,
7186,2226,2023-11-02 00:00:00,AFTOBAC / RAVAX  /REPROFORTE,
7187,3024A,2023-11-02 00:00:00,AFTOBAC / RAVAX  /REPROFORTE,
7188,2234,2023-11-02 00:00:00,AFTOBAC / RAVAX  /REPROFORTE,
7189,6010,2023-11-02 00:00:00,AFTOBAC / RAVAX  /REPROFORTE,
7190,2083,2023-11-02 00:00:00,AFTOBAC / RAVAX  /REPROFORTE,
7191,0500,2023-11-02 00:00:00,AFTOBAC / RAVAX  /REPROFORTE,
7192,3084,2023-11-02 00:00:00,AFTOBAC / RAVAX  /REPROFORTE,
7193,3107,2023-11-02 00:00:00,AFTOBAC / RAVAX  /REPROFORTE,
7194,7077,2023-11-02 00:00:00,AFTOBAC / RAVAX  /REPROFORTE,
7195,2094A,2023-11-02 00:00:00,AFTOBAC / RAVAX  /REPROFORTE,
7196,4007,2023-11-02 00:00:00,AFTOBAC / RAVAX  /REPROFORTE,
7197,8017,2023-11-02 00:00:00,AFTOBAC / RAVAX  /REPROFORTE,
7198,9389,2023-11-02 00:00:00,AFTOBAC / RAVAX  /REPROFORTE,
7199,2,2023-11-02 00:00:00,AFTOBAC / RAVAX  /REPROFORTE,
7200,0018,2023-11-02 00:00:00,AFTOBAC / RAVAX  /REPROFORTE,
7201,809,2023-11-02 00:00:00,AFTOBAC / RAVAX  /REPROFORTE,
7202,4043,2023-11-02 00:00:00,AFTOBAC / RAVAX  /REPROFORTE,
7203,4057,2023-11-02 00:00:00,AFTOBAC / RAVAX  /REPROFORTE,
7204,4072,2023-11-02 00:00:00,AFTOBAC / RAVAX  /REPROFORTE,
7205,5013,2023-11-02 00:00:00,AFTOBAC / RAVAX  /REPROFORTE,
7206,5077,2023-11-02 00:00:00,AFTOBAC / RAVAX  /REPROFORTE,
7207,5079,2023-11-02 00:00:00,AFTOBAC / RAVAX  /REPROFORTE,
7208,5146,2023-11-02 00:00:00,AFTOBAC / RAVAX  /REPROFORTE,
7209,6025,2023-11-02 00:00:00,AFTOBAC / RAVAX  /REPROFORTE,
7210,7066,2023-11-02 00:00:00,AFTOBAC / RAVAX  /REPROFORTE,
7211,7076,2023-11-02 00:00:00,AFTOBAC / RAVAX  /REPROFORTE,
7212,8028,2023-11-02 00:00:00,AFTOBAC / RAVAX  /REPROFORTE,
7213,8030,2023-11-02 00:00:00,AFTOBAC / RAVAX  /REPROFORTE,
7214,8043,2023-11-02 00:00:00,AFTOBAC / RAVAX  /REPROFORTE,
7215,8086,2023-11-02 00:00:00,AFTOBAC / RAVAX  /REPROFORTE,
7216,8094,2023-11-02 00:00:00,AFTOBAC / RAVAX  /REPROFORTE,
7217,9040,2023-11-02 00:00:00,AFTOBAC / RAVAX  /REPROFORTE,
7218,9071,2023-11-02 00:00:00,AFTOBAC / RAVAX  /REPROFORTE,
7219,1112A,2023-11-02 00:00:00,AFTOBAC / RAVAX  /REPROFORTE,
7220,3028A,2023-11-02 00:00:00,AFTOBAC / RAVAX  /REPROFORTE,
7221,9018B,2023-11-02 00:00:00,AFTOBAC / RAVAX  /REPROFORTE,
7222,S/NC,2023-11-02 00:00:00,AFTOBAC / RAVAX  /REPROFORTE,
7223,1161,2023-11-02 00:00:00,AFTOBAC / RAVAX  /REPROFORTE,
7224,TORO1,2023-11-02 00:00:00,AFTOBAC / RAVAX  ,
7225,TORO2,2023-11-02 00:00:00,AFTOBAC / RAVAX  ,
7226,TORO3,2023-11-02 00:00:00,AFTOBAC / RAVAX  ,
7227,23193,2023-11-03 00:00:00,RICOBENDAZOL /COXCIBET,
7228,23194,2023-11-03 00:00:00,RICOBENDAZOL /COXCIBET,
7229,23195,2023-11-03 00:00:00,RICOBENDAZOL /COXCIBET,
7230,23196,2023-11-03 00:00:00,RICOBENDAZOL /COXCIBET,
7231,23197,2023-11-03 00:00:00,RICOBENDAZOL /COXCIBET,
7232,23198,2023-11-03 00:00:00,RICOBENDAZOL /COXCIBET,
7233,23200,2023-11-03 00:00:00,RICOBENDAZOL /COXCIBET,
7234,23201,2023-11-03 00:00:00,RICOBENDAZOL /COXCIBET,
7235,23202,2023-11-03 00:00:00,RICOBENDAZOL /COXCIBET,
7236,23203,2023-11-03 00:00:00,RICOBENDAZOL /COXCIBET,
7237,23204,2023-11-03 00:00:00,RICOBENDAZOL /COXCIBET,
7238,23206,2023-11-03 00:00:00,RICOBENDAZOL /COXCIBET,
7239,23207,2023-11-03 00:00:00,RICOBENDAZOL /COXCIBET,
7240,23209,2023-11-03 00:00:00,RICOBENDAZOL /COXCIBET,
7241,23210,2023-11-03 00:00:00,RICOBENDAZOL /COXCIBET,
7242,23144,2023-11-03 00:00:00,RICOBENDAZOL,
7243,23145,2023-11-03 00:00:00,RICOBENDAZOL,
7244,23147,2023-11-03 00:00:00,RICOBENDAZOL,
7245,23149,2023-11-03 00:00:00,RICOBENDAZOL,
7246,23150,2023-11-03 00:00:00,RICOBENDAZOL,
7247,23151,2023-11-03 00:00:00,RICOBENDAZOL,
7248,23152,2023-11-03 00:00:00,RICOBENDAZOL,
7249,23154,2023-11-03 00:00:00,RICOBENDAZOL,
7250,23156,2023-11-03 00:00:00,RICOBENDAZOL,
7251,23157,2023-11-03 00:00:00,RICOBENDAZOL,
7252,23160,2023-11-03 00:00:00,RICOBENDAZOL,
7253,23162,2023-11-03 00:00:00,RICOBENDAZOL,
7254,23163,2023-11-03 00:00:00,RICOBENDAZOL,
7255,23164,2023-11-03 00:00:00,RICOBENDAZOL,
7256,23165,2023-11-03 00:00:00,RICOBENDAZOL,
7257,23166,2023-11-03 00:00:00,RICOBENDAZOL,
7258,23168,2023-11-03 00:00:00,RICOBENDAZOL,
7259,23169,2023-11-03 00:00:00,RICOBENDAZOL,
7260,23170,2023-11-03 00:00:00,RICOBENDAZOL,
7261,23171,2023-11-03 00:00:00,RICOBENDAZOL,
7262,23172,2023-11-03 00:00:00,RICOBENDAZOL,
7263,23173,2023-11-03 00:00:00,RICOBENDAZOL,
7264,23174,2023-11-03 00:00:00,RICOBENDAZOL,
7265,23176,2023-11-03 00:00:00,RICOBENDAZOL,
7266,23177,2023-11-03 00:00:00,RICOBENDAZOL,
7267,23178,2023-11-03 00:00:00,RICOBENDAZOL,
7268,23182,2023-11-03 00:00:00,RICOBENDAZOL,
7269,23180,2023-11-03 00:00:00,RICOBENDAZOL,
7270,23183,2023-11-03 00:00:00,RICOBENDAZOL,
7271,23184,2023-11-03 00:00:00,RICOBENDAZOL,
7272,23185,2023-11-03 00:00:00,RICOBENDAZOL,
7273,23186,2023-11-03 00:00:00,RICOBENDAZOL,
7274,23187,2023-11-03 00:00:00,RICOBENDAZOL,
7275,23188,2023-11-03 00:00:00,RICOBENDAZOL,
7276,23190,2023-11-03 00:00:00,RICOBENDAZOL,
7277,23189,2023-11-03 00:00:00,RICOBENDAZOL,
7278,22164,2023-11-03 00:00:00,RAVAX / AFTOSA / COMBIBAC/ RICOBENDAZOL,
7279,22176,2023-11-03 00:00:00,RAVAX / AFTOSA / COMBIBAC/ RICOBENDAZOL,
7280,22183,2023-11-03 00:00:00,RAVAX / AFTOSA / COMBIBAC/ RICOBENDAZOL,
7281,22189,2023-11-03 00:00:00,RAVAX / AFTOSA / COMBIBAC/ RICOBENDAZOL,
7282,2192,2023-11-03 00:00:00,RAVAX / AFTOSA / COMBIBAC/ RICOBENDAZOL,
7283,2195,2023-11-03 00:00:00,RAVAX / AFTOSA / COMBIBAC/ RICOBENDAZOL,
7284,2197,2023-11-03 00:00:00,RAVAX / AFTOSA / COMBIBAC/ RICOBENDAZOL,
7285,23120,2023-11-03 00:00:00,RAVAX / AFTOSA / COMBIBAC/ RICOBENDAZOL,
7286,23122,2023-11-03 00:00:00,RAVAX / AFTOSA / COMBIBAC/ RICOBENDAZOL,
7287,23123,2023-11-03 00:00:00,RAVAX / AFTOSA / COMBIBAC/ RICOBENDAZOL,
7288,23125,2023-11-03 00:00:00,RAVAX / AFTOSA / COMBIBAC/ RICOBENDAZOL,
7289,23126,2023-11-03 00:00:00,RAVAX / AFTOSA / COMBIBAC/ RICOBENDAZOL,
7290,23127,2023-11-03 00:00:00,RAVAX / AFTOSA / COMBIBAC/ RICOBENDAZOL,
7291,23128,2023-11-03 00:00:00,RAVAX / AFTOSA / COMBIBAC/ RICOBENDAZOL,
7292,23132,2023-11-03 00:00:00,RAVAX / AFTOSA / COMBIBAC/ RICOBENDAZOL,
7293,23133,2023-11-03 00:00:00,RAVAX / AFTOSA / COMBIBAC/ RICOBENDAZOL,
7294,23136,2023-11-03 00:00:00,RAVAX / AFTOSA / COMBIBAC/ RICOBENDAZOL,
7295,23137,2023-11-03 00:00:00,RAVAX / AFTOSA / COMBIBAC/ RICOBENDAZOL,
7296,23138,2023-11-03 00:00:00,RAVAX / AFTOSA / COMBIBAC/ RICOBENDAZOL,
7297,23139,2023-11-03 00:00:00,RAVAX / AFTOSA / COMBIBAC/ RICOBENDAZOL,
7298,23140,2023-11-03 00:00:00,RAVAX / AFTOSA / COMBIBAC/ RICOBENDAZOL,
7299,23002,2023-11-03 00:00:00,RAVAX / AFTOSA / COMBIBAC/ RICOBENDAZOL,
7300,23006,2023-11-03 00:00:00,RAVAX / AFTOSA / COMBIBAC/ RICOBENDAZOL,
7301,3008,2023-11-03 00:00:00,RAVAX / AFTOSA / COMBIBAC/ RICOBENDAZOL,
7302,23013,2023-11-03 00:00:00,RAVAX / AFTOSA / COMBIBAC/ RICOBENDAZOL,
7303,23014,2023-11-03 00:00:00,RAVAX / AFTOSA / COMBIBAC/ RICOBENDAZOL,
7304,3015A,2023-11-03 00:00:00,RAVAX / AFTOSA / COMBIBAC/ RICOBENDAZOL,
7305,3020,2023-11-03 00:00:00,RAVAX / AFTOSA / COMBIBAC/ RICOBENDAZOL,
7306,3023,2023-11-03 00:00:00,RAVAX / AFTOSA / COMBIBAC/ RICOBENDAZOL,
7307,3026,2023-11-03 00:00:00,RAVAX / AFTOSA / COMBIBAC/ RICOBENDAZOL,
7308,3027A,2023-11-03 00:00:00,RAVAX / AFTOSA / COMBIBAC/ RICOBENDAZOL,
7309,3028,2023-11-03 00:00:00,RAVAX / AFTOSA / COMBIBAC/ RICOBENDAZOL,
7310,23029,2023-11-03 00:00:00,RAVAX / AFTOSA / COMBIBAC/ RICOBENDAZOL,
7311,3033,2023-11-03 00:00:00,RAVAX / AFTOSA / COMBIBAC/ RICOBENDAZOL,
7312,3041,2023-11-03 00:00:00,RAVAX / AFTOSA / COMBIBAC/ RICOBENDAZOL,
7313,3043A,2023-11-03 00:00:00,RAVAX / AFTOSA / COMBIBAC/ RICOBENDAZOL,
7314,3051,2023-11-03 00:00:00,RAVAX / AFTOSA / COMBIBAC/ RICOBENDAZOL,
7315,3052,2023-11-03 00:00:00,RAVAX / AFTOSA / COMBIBAC/ RICOBENDAZOL,
7316,3056,2023-11-03 00:00:00,RAVAX / AFTOSA / COMBIBAC/ RICOBENDAZOL,
7317,3061,2023-11-03 00:00:00,RAVAX / AFTOSA / COMBIBAC/ RICOBENDAZOL,
7318,3064,2023-11-03 00:00:00,RAVAX / AFTOSA / COMBIBAC/ RICOBENDAZOL,
7319,23066,2023-11-03 00:00:00,RAVAX / AFTOSA / COMBIBAC/ RICOBENDAZOL,
7320,3067,2023-11-03 00:00:00,RAVAX / AFTOSA / COMBIBAC/ RICOBENDAZOL,
7321,3069,2023-11-03 00:00:00,RAVAX / AFTOSA / COMBIBAC/ RICOBENDAZOL,
7322,23070,2023-11-03 00:00:00,RAVAX / AFTOSA / COMBIBAC/ RICOBENDAZOL,
7323,3071,2023-11-03 00:00:00,RAVAX / AFTOSA / COMBIBAC/ RICOBENDAZOL,
7324,3073,2023-11-03 00:00:00,RAVAX / AFTOSA / COMBIBAC/ RICOBENDAZOL,
7325,3074,2023-11-03 00:00:00,RAVAX / AFTOSA / COMBIBAC/ RICOBENDAZOL,
7326,23075,2023-11-03 00:00:00,RAVAX / AFTOSA / COMBIBAC/ RICOBENDAZOL,
7327,3077,2023-11-03 00:00:00,RAVAX / AFTOSA / COMBIBAC/ RICOBENDAZOL,
7328,3079,2023-11-03 00:00:00,RAVAX / AFTOSA / COMBIBAC/ RICOBENDAZOL,
7329,23080,2023-11-03 00:00:00,RAVAX / AFTOSA / COMBIBAC/ RICOBENDAZOL,
7330,3082,2023-11-03 00:00:00,RAVAX / AFTOSA / COMBIBAC/ RICOBENDAZOL,
7331,3085,2023-11-03 00:00:00,RAVAX / AFTOSA / COMBIBAC/ RICOBENDAZOL,
7332,23086,2023-11-03 00:00:00,RAVAX / AFTOSA / COMBIBAC/ RICOBENDAZOL,
7333,23089,2023-11-03 00:00:00,RAVAX / AFTOSA / COMBIBAC/ RICOBENDAZOL,
7334,3090,2023-11-03 00:00:00,RAVAX / AFTOSA / COMBIBAC/ RICOBENDAZOL,
7335,3091,2023-11-03 00:00:00,RAVAX / AFTOSA / COMBIBAC/ RICOBENDAZOL,
7336,23094,2023-11-03 00:00:00,RAVAX / AFTOSA / COMBIBAC/ RICOBENDAZOL,
7337,3096,2023-11-03 00:00:00,RAVAX / AFTOSA / COMBIBAC/ RICOBENDAZOL,
7338,23097,2023-11-03 00:00:00,RAVAX / AFTOSA / COMBIBAC/ RICOBENDAZOL,
7339,3098,2023-11-03 00:00:00,RAVAX / AFTOSA / COMBIBAC/ RICOBENDAZOL,
7340,3099,2023-11-03 00:00:00,RAVAX / AFTOSA / COMBIBAC/ RICOBENDAZOL,
7341,23100,2023-11-03 00:00:00,RAVAX / AFTOSA / COMBIBAC/ RICOBENDAZOL,
7342,3101,2023-11-03 00:00:00,RAVAX / AFTOSA / COMBIBAC/ RICOBENDAZOL,
7343,3103,2023-11-03 00:00:00,RAVAX / AFTOSA / COMBIBAC/ RICOBENDAZOL,
7344,3104A,2023-11-03 00:00:00,RAVAX / AFTOSA / COMBIBAC/ RICOBENDAZOL,
7345,3105,2023-11-03 00:00:00,RAVAX / AFTOSA / COMBIBAC/ RICOBENDAZOL,
7346,3108A,2023-11-03 00:00:00,RAVAX / AFTOSA / COMBIBAC/ RICOBENDAZOL,
7347,23109,2023-11-03 00:00:00,RAVAX / AFTOSA / COMBIBAC/ RICOBENDAZOL,
7348,23031,2023-11-03 00:00:00,RAVAX / AFTOSA / COMBIBAC/  DETOMAX,
7349,0118A,2023-11-14 00:00:00,RAVAX / AFTOSA / COMBIBAC/ RICOBENDAZOL/ PROTOX,
7350,0119,2023-11-14 00:00:00,RAVAX / AFTOSA / COMBIBAC/ RICOBENDAZOL/ PROTOX,
7351,0127,2023-11-14 00:00:00,RAVAX / AFTOSA / COMBIBAC/ RICOBENDAZOL/ PROTOX,
7352,0185,2023-11-14 00:00:00,RAVAX / AFTOSA / COMBIBAC/ RICOBENDAZOL/ PROTOX,
7353,0198,2023-11-14 00:00:00,RAVAX / AFTOSA / COMBIBAC/ RICOBENDAZOL/ PROTOX,
7354,0204B,2023-11-14 00:00:00,RAVAX / AFTOSA / COMBIBAC/ RICOBENDAZOL/ PROTOX,
7355,0216A,2023-11-14 00:00:00,RAVAX / AFTOSA / COMBIBAC/ RICOBENDAZOL/ PROTOX,
7356,0223B,2023-11-14 00:00:00,RAVAX / AFTOSA / COMBIBAC/ RICOBENDAZOL/ PROTOX,
7357,0254,2023-11-14 00:00:00,RAVAX / AFTOSA / COMBIBAC/ RICOBENDAZOL/ PROTOX,
7358,0260,2023-11-14 00:00:00,RAVAX / AFTOSA / COMBIBAC/ RICOBENDAZOL/ PROTOX,
7359,0291A,2023-11-14 00:00:00,RAVAX / AFTOSA / COMBIBAC/ RICOBENDAZOL/ PROTOX,
7360,0351,2023-11-14 00:00:00,RAVAX / AFTOSA / COMBIBAC/ RICOBENDAZOL/ PROTOX,
7361,0356,2023-11-14 00:00:00,RAVAX / AFTOSA / COMBIBAC/ RICOBENDAZOL/ PROTOX,
7362,1008,2023-11-14 00:00:00,RAVAX / AFTOSA / COMBIBAC/ RICOBENDAZOL/ PROTOX,
7363,1017,2023-11-14 00:00:00,RAVAX / AFTOSA / COMBIBAC/ RICOBENDAZOL/ PROTOX,
7364,1027,2023-11-14 00:00:00,RAVAX / AFTOSA / COMBIBAC/ RICOBENDAZOL/ PROTOX,
7365,1044,2023-11-14 00:00:00,RAVAX / AFTOSA / COMBIBAC/ RICOBENDAZOL/ PROTOX,
7366,1053,2023-11-14 00:00:00,RAVAX / AFTOSA / COMBIBAC/ RICOBENDAZOL/ PROTOX,
7367,1055A,2023-11-14 00:00:00,RAVAX / AFTOSA / COMBIBAC/ RICOBENDAZOL/ PROTOX,
7368,1056,2023-11-14 00:00:00,RAVAX / AFTOSA / COMBIBAC/ RICOBENDAZOL/ PROTOX,
7369,1068,2023-11-14 00:00:00,RAVAX / AFTOSA / COMBIBAC/ RICOBENDAZOL/ PROTOX,
7370,1069,2023-11-14 00:00:00,RAVAX / AFTOSA / COMBIBAC/ RICOBENDAZOL/ PROTOX,
7371,1070,2023-11-14 00:00:00,RAVAX / AFTOSA / COMBIBAC/ RICOBENDAZOL/ PROTOX,
7372,1076,2023-11-14 00:00:00,RAVAX / AFTOSA / COMBIBAC/ RICOBENDAZOL/ PROTOX,
7373,1077,2023-11-14 00:00:00,RAVAX / AFTOSA / COMBIBAC/ RICOBENDAZOL/ PROTOX,
7374,1083,2023-11-14 00:00:00,RAVAX / AFTOSA / COMBIBAC/ RICOBENDAZOL/ PROTOX,
7375,1085,2023-11-14 00:00:00,RAVAX / AFTOSA / COMBIBAC/ RICOBENDAZOL/ PROTOX,
7376,1092A,2023-11-14 00:00:00,RAVAX / AFTOSA / COMBIBAC/ RICOBENDAZOL/ PROTOX,
7377,1095B,2023-11-14 00:00:00,RAVAX / AFTOSA / COMBIBAC/ RICOBENDAZOL/ PROTOX,
7378,1096A,2023-11-14 00:00:00,RAVAX / AFTOSA / COMBIBAC/ RICOBENDAZOL/ PROTOX,
7379,1101A,2023-11-14 00:00:00,RAVAX / AFTOSA / COMBIBAC/ RICOBENDAZOL/ PROTOX,
7380,1104,2023-11-14 00:00:00,RAVAX / AFTOSA / COMBIBAC/ RICOBENDAZOL/ PROTOX,
7381,1106,2023-11-14 00:00:00,RAVAX / AFTOSA / COMBIBAC/ RICOBENDAZOL/ PROTOX,
7382,1112,2023-11-14 00:00:00,RAVAX / AFTOSA / COMBIBAC/ RICOBENDAZOL/ PROTOX,
7383,1130,2023-11-14 00:00:00,RAVAX / AFTOSA / COMBIBAC/ RICOBENDAZOL/ PROTOX,
7384,1163,2023-11-14 00:00:00,RAVAX / AFTOSA / COMBIBAC/ RICOBENDAZOL/ PROTOX,
7385,1156,2023-11-14 00:00:00,RAVAX / AFTOSA / COMBIBAC/ RICOBENDAZOL/ PROTOX,
7386,1165,2023-11-14 00:00:00,RAVAX / AFTOSA / COMBIBAC/ RICOBENDAZOL/ PROTOX,
7387,1166,2023-11-14 00:00:00,RAVAX / AFTOSA / COMBIBAC/ RICOBENDAZOL/ PROTOX,
7388,1204,2023-11-14 00:00:00,RAVAX / AFTOSA / COMBIBAC/ RICOBENDAZOL/ PROTOX,
7389,1206,2023-11-14 00:00:00,RAVAX / AFTOSA / COMBIBAC/ RICOBENDAZOL/ PROTOX,
7390,1214,2023-11-14 00:00:00,RAVAX / AFTOSA / COMBIBAC/ RICOBENDAZOL/ PROTOX,
7391,1215,2023-11-14 00:00:00,RAVAX / AFTOSA / COMBIBAC/ RICOBENDAZOL/ PROTOX,
7392,1216,2023-11-14 00:00:00,RAVAX / AFTOSA / COMBIBAC/ RICOBENDAZOL/ PROTOX,
7393,1219,2023-11-14 00:00:00,RAVAX / AFTOSA / COMBIBAC/ RICOBENDAZOL/ PROTOX,
7394,1228,2023-11-14 00:00:00,RAVAX / AFTOSA / COMBIBAC/ RICOBENDAZOL/ PROTOX,
7395,1231,2023-11-14 00:00:00,RAVAX / AFTOSA / COMBIBAC/ RICOBENDAZOL/ PROTOX,
7396,1253,2023-11-14 00:00:00,RAVAX / AFTOSA / COMBIBAC/ RICOBENDAZOL/ PROTOX,
7397,1257,2023-11-14 00:00:00,RAVAX / AFTOSA / COMBIBAC/ RICOBENDAZOL/ PROTOX,
7398,1292,2023-11-14 00:00:00,RAVAX / AFTOSA / COMBIBAC/ RICOBENDAZOL/ PROTOX,
7399,1324,2023-11-14 00:00:00,RAVAX / AFTOSA / COMBIBAC/ RICOBENDAZOL/ PROTOX,
7400,1336,2023-11-14 00:00:00,RAVAX / AFTOSA / COMBIBAC/ RICOBENDAZOL/ PROTOX,
7401,2004,2023-11-14 00:00:00,RAVAX / AFTOSA / COMBIBAC/ RICOBENDAZOL/ PROTOX,
7402,2005A,2023-11-14 00:00:00,RAVAX / AFTOSA / COMBIBAC/ RICOBENDAZOL/ PROTOX,
7403,2029,2023-11-14 00:00:00,RAVAX / AFTOSA / COMBIBAC/ RICOBENDAZOL/ PROTOX,
7404,2032,2023-11-14 00:00:00,RAVAX / AFTOSA / COMBIBAC/ RICOBENDAZOL/ PROTOX,
7405,2039A,2023-11-14 00:00:00,RAVAX / AFTOSA / COMBIBAC/ RICOBENDAZOL/ PROTOX,
7406,2054,2023-11-14 00:00:00,RAVAX / AFTOSA / COMBIBAC/ RICOBENDAZOL/ PROTOX,
7407,2056,2023-11-14 00:00:00,RAVAX / AFTOSA / COMBIBAC/ RICOBENDAZOL/ PROTOX,
7408,2090,2023-11-14 00:00:00,RAVAX / AFTOSA / COMBIBAC/ RICOBENDAZOL/ PROTOX,
7409,2204,2023-11-14 00:00:00,RAVAX / AFTOSA / COMBIBAC/ RICOBENDAZOL/ PROTOX,
7410,36,2023-11-14 00:00:00,RAVAX / AFTOSA / COMBIBAC/ RICOBENDAZOL/ PROTOX,
7411,37,2023-11-14 00:00:00,RAVAX / AFTOSA / COMBIBAC/ RICOBENDAZOL/ PROTOX,
7412,9018,2023-11-14 00:00:00,RAVAX / AFTOSA / COMBIBAC/ RICOBENDAZOL/ PROTOX,
7413,9134,2023-11-14 00:00:00,RAVAX / AFTOSA / COMBIBAC/ RICOBENDAZOL/ PROTOX,
7414,MSN15,2023-11-14 00:00:00,RAVAX / AFTOSA / COMBIBAC/ RICOBENDAZOL/ PROTOX,
7415,0004,2023-11-21 00:00:00,RAVAX / AFTOSA / COMBIBAC/ RICOBENDAZOL/ PROTOX,
7416,0094,2023-11-21 00:00:00,RAVAX / AFTOSA / COMBIBAC/ RICOBENDAZOL/ PROTOX,
7417,0094A,2023-11-21 00:00:00,RAVAX / AFTOSA / COMBIBAC/ RICOBENDAZOL/ PROTOX,
7418,0103A,2023-11-21 00:00:00,RAVAX / AFTOSA / COMBIBAC/ RICOBENDAZOL/ PROTOX,
7419,0109,2023-11-21 00:00:00,RAVAX / AFTOSA / COMBIBAC/ RICOBENDAZOL/ PROTOX,
7420,0110,2023-11-21 00:00:00,RAVAX / AFTOSA / COMBIBAC/ RICOBENDAZOL/ PROTOX,
7421,0141,2023-11-21 00:00:00,RAVAX / AFTOSA / COMBIBAC/ RICOBENDAZOL/ PROTOX,
7422,0171,2023-11-21 00:00:00,RAVAX / AFTOSA / COMBIBAC/ RICOBENDAZOL/ PROTOX,
7423,0178,2023-11-21 00:00:00,RAVAX / AFTOSA / COMBIBAC/ RICOBENDAZOL/ PROTOX,
7424,0195,2023-11-21 00:00:00,RAVAX / AFTOSA / COMBIBAC/ RICOBENDAZOL/ PROTOX,
7425,0196,2023-11-21 00:00:00,RAVAX / AFTOSA / COMBIBAC/ RICOBENDAZOL/ PROTOX,
7426,0208,2023-11-21 00:00:00,RAVAX / AFTOSA / COMBIBAC/ RICOBENDAZOL/ PROTOX,
7427,0210,2023-11-21 00:00:00,RAVAX / AFTOSA / COMBIBAC/ RICOBENDAZOL/ PROTOX,
7428,0215,2023-11-21 00:00:00,RAVAX / AFTOSA / COMBIBAC/ RICOBENDAZOL/ PROTOX,
7429,0221A,2023-11-21 00:00:00,RAVAX / AFTOSA / COMBIBAC/ RICOBENDAZOL/ PROTOX,
7430,0222,2023-11-21 00:00:00,RAVAX / AFTOSA / COMBIBAC/ RICOBENDAZOL/ PROTOX,
7431,0265,2023-11-21 00:00:00,RAVAX / AFTOSA / COMBIBAC/ RICOBENDAZOL/ PROTOX,
7432,0357,2023-11-21 00:00:00,RAVAX / AFTOSA / COMBIBAC/ RICOBENDAZOL/ PROTOX,
7433,1030,2023-11-21 00:00:00,RAVAX / AFTOSA / COMBIBAC/ RICOBENDAZOL/ PROTOX,
7434,1034,2023-11-21 00:00:00,RAVAX / AFTOSA / COMBIBAC/ RICOBENDAZOL/ PROTOX,
7435,1037,2023-11-21 00:00:00,RAVAX / AFTOSA / COMBIBAC/ RICOBENDAZOL/ PROTOX,
7436,1041,2023-11-21 00:00:00,RAVAX / AFTOSA / COMBIBAC/ RICOBENDAZOL/ PROTOX,
7437,1043,2023-11-21 00:00:00,RAVAX / AFTOSA / COMBIBAC/ RICOBENDAZOL/ PROTOX,
7438,1046,2023-11-21 00:00:00,RAVAX / AFTOSA / COMBIBAC/ RICOBENDAZOL/ PROTOX,
7439,1047,2023-11-21 00:00:00,RAVAX / AFTOSA / COMBIBAC/ RICOBENDAZOL/ PROTOX,
7440,1048A,2023-11-21 00:00:00,RAVAX / AFTOSA / COMBIBAC/ RICOBENDAZOL/ PROTOX,
7441,1049,2023-11-21 00:00:00,RAVAX / AFTOSA / COMBIBAC/ RICOBENDAZOL/ PROTOX,
7442,1050,2023-11-21 00:00:00,RAVAX / AFTOSA / COMBIBAC/ RICOBENDAZOL/ PROTOX,
7443,1052,2023-11-21 00:00:00,RAVAX / AFTOSA / COMBIBAC/ RICOBENDAZOL/ PROTOX,
7444,1055,2023-11-21 00:00:00,RAVAX / AFTOSA / COMBIBAC/ RICOBENDAZOL/ PROTOX,
7445,1057,2023-11-21 00:00:00,RAVAX / AFTOSA / COMBIBAC/ RICOBENDAZOL/ PROTOX,
7446,1060,2023-11-21 00:00:00,RAVAX / AFTOSA / COMBIBAC/ RICOBENDAZOL/ PROTOX,
7447,1063A,2023-11-21 00:00:00,RAVAX / AFTOSA / COMBIBAC/ RICOBENDAZOL/ PROTOX,
7448,1070,2023-11-21 00:00:00,RAVAX / AFTOSA / COMBIBAC/ RICOBENDAZOL/ PROTOX,
7449,1074A,2023-11-21 00:00:00,RAVAX / AFTOSA / COMBIBAC/ RICOBENDAZOL/ PROTOX,
7450,1079A,2023-11-21 00:00:00,RAVAX / AFTOSA / COMBIBAC/ RICOBENDAZOL/ PROTOX,
7451,1080,2023-11-21 00:00:00,RAVAX / AFTOSA / COMBIBAC/ RICOBENDAZOL/ PROTOX,
7452,1082,2023-11-21 00:00:00,RAVAX / AFTOSA / COMBIBAC/ RICOBENDAZOL/ PROTOX,
7453,1084,2023-11-21 00:00:00,RAVAX / AFTOSA / COMBIBAC/ RICOBENDAZOL/ PROTOX,
7454,1088,2023-11-21 00:00:00,RAVAX / AFTOSA / COMBIBAC/ RICOBENDAZOL/ PROTOX,
7455,1090,2023-11-21 00:00:00,RAVAX / AFTOSA / COMBIBAC/ RICOBENDAZOL/ PROTOX,
7456,1092,2023-11-21 00:00:00,RAVAX / AFTOSA / COMBIBAC/ RICOBENDAZOL/ PROTOX,
7457,1095,2023-11-21 00:00:00,RAVAX / AFTOSA / COMBIBAC/ RICOBENDAZOL/ PROTOX,
7458,1096B,2023-11-21 00:00:00,RAVAX / AFTOSA / COMBIBAC/ RICOBENDAZOL/ PROTOX,
7459,1097,2023-11-21 00:00:00,RAVAX / AFTOSA / COMBIBAC/ RICOBENDAZOL/ PROTOX,
7460,1098A,2023-11-21 00:00:00,RAVAX / AFTOSA / COMBIBAC/ RICOBENDAZOL/ PROTOX,
7461,1101,2023-11-21 00:00:00,RAVAX / AFTOSA / COMBIBAC/ RICOBENDAZOL/ PROTOX,
7462,1126,2023-11-21 00:00:00,RAVAX / AFTOSA / COMBIBAC/ RICOBENDAZOL/ PROTOX,
7463,1131,2023-11-21 00:00:00,RAVAX / AFTOSA / COMBIBAC/ RICOBENDAZOL/ PROTOX,
7464,1134,2023-11-21 00:00:00,RAVAX / AFTOSA / COMBIBAC/ RICOBENDAZOL/ PROTOX,
7465,1136,2023-11-21 00:00:00,RAVAX / AFTOSA / COMBIBAC/ RICOBENDAZOL/ PROTOX,
7466,1139,2023-11-21 00:00:00,RAVAX / AFTOSA / COMBIBAC/ RICOBENDAZOL/ PROTOX,
7467,1141,2023-11-21 00:00:00,RAVAX / AFTOSA / COMBIBAC/ RICOBENDAZOL/ PROTOX,
7468,1142,2023-11-21 00:00:00,RAVAX / AFTOSA / COMBIBAC/ RICOBENDAZOL/ PROTOX,
7469,1146,2023-11-21 00:00:00,RAVAX / AFTOSA / COMBIBAC/ RICOBENDAZOL/ PROTOX,
7470,1148,2023-11-21 00:00:00,RAVAX / AFTOSA / COMBIBAC/ RICOBENDAZOL/ PROTOX,
7471,1151,2023-11-21 00:00:00,RAVAX / AFTOSA / COMBIBAC/ RICOBENDAZOL/ PROTOX,
7472,1152,2023-11-21 00:00:00,RAVAX / AFTOSA / COMBIBAC/ RICOBENDAZOL/ PROTOX,
7473,1154,2023-11-21 00:00:00,RAVAX / AFTOSA / COMBIBAC/ RICOBENDAZOL/ PROTOX,
7474,1161A,2023-11-21 00:00:00,RAVAX / AFTOSA / COMBIBAC/ RICOBENDAZOL/ PROTOX,
7475,1162,2023-11-21 00:00:00,RAVAX / AFTOSA / COMBIBAC/ RICOBENDAZOL/ PROTOX,
7476,1180,2023-11-21 00:00:00,RAVAX / AFTOSA / COMBIBAC/ RICOBENDAZOL/ PROTOX,
7477,1182,2023-11-21 00:00:00,RAVAX / AFTOSA / COMBIBAC/ RICOBENDAZOL/ PROTOX,
7478,1186,2023-11-21 00:00:00,RAVAX / AFTOSA / COMBIBAC/ RICOBENDAZOL/ PROTOX,
7479,1187,2023-11-21 00:00:00,RAVAX / AFTOSA / COMBIBAC/ RICOBENDAZOL/ PROTOX,
7480,1189,2023-11-21 00:00:00,RAVAX / AFTOSA / COMBIBAC/ RICOBENDAZOL/ PROTOX,
7481,1190,2023-11-21 00:00:00,RAVAX / AFTOSA / COMBIBAC/ RICOBENDAZOL/ PROTOX,
7482,1195,2023-11-21 00:00:00,RAVAX / AFTOSA / COMBIBAC/ RICOBENDAZOL/ PROTOX,
7483,1205,2023-11-21 00:00:00,RAVAX / AFTOSA / COMBIBAC/ RICOBENDAZOL/ PROTOX,
7484,1207,2023-11-21 00:00:00,RAVAX / AFTOSA / COMBIBAC/ RICOBENDAZOL/ PROTOX,
7485,1212,2023-11-21 00:00:00,RAVAX / AFTOSA / COMBIBAC/ RICOBENDAZOL/ PROTOX,
7486,1213,2023-11-21 00:00:00,RAVAX / AFTOSA / COMBIBAC/ RICOBENDAZOL/ PROTOX,
7487,1238,2023-11-21 00:00:00,RAVAX / AFTOSA / COMBIBAC/ RICOBENDAZOL/ PROTOX,
7488,2128,2023-11-21 00:00:00,RAVAX / AFTOSA / COMBIBAC/ RICOBENDAZOL/ PROTOX,
7489,7065,2023-11-21 00:00:00,RAVAX / AFTOSA / COMBIBAC/ RICOBENDAZOL/ PROTOX,
7490,9110,2023-11-21 00:00:00,RAVAX / AFTOSA / COMBIBAC/ RICOBENDAZOL/ PROTOX,
7491,9264,2023-11-21 00:00:00,RAVAX / AFTOSA / COMBIBAC/ RICOBENDAZOL/ PROTOX,
7492,SN50,2023-11-21 00:00:00,RAVAX / AFTOSA / COMBIBAC/ RICOBENDAZOL/ PROTOX,
7493,0104,2023-11-23 00:00:00,RAVAX / AFTOSA / COMBIBAC/ RICOBENDAZOL/ PROTOX,
7494,0109A,2023-11-23 00:00:00,RAVAX / AFTOSA / COMBIBAC/ RICOBENDAZOL/ PROTOX,
7495,0115,2023-11-23 00:00:00,RAVAX / AFTOSA / COMBIBAC/ RICOBENDAZOL/ PROTOX,
7496,0116,2023-11-23 00:00:00,RAVAX / AFTOSA / COMBIBAC/ RICOBENDAZOL/ PROTOX,
7497,0116A,2023-11-23 00:00:00,RAVAX / AFTOSA / COMBIBAC/ RICOBENDAZOL/ PROTOX,
7498,0118,2023-11-23 00:00:00,RAVAX / AFTOSA / COMBIBAC/ RICOBENDAZOL/ PROTOX,
7499,0204A,2023-11-23 00:00:00,RAVAX / AFTOSA / COMBIBAC/ RICOBENDAZOL/ PROTOX,
7500,0212,2023-11-23 00:00:00,RAVAX / AFTOSA / COMBIBAC/ RICOBENDAZOL/ PROTOX,
7501,0214,2023-11-23 00:00:00,RAVAX / AFTOSA / COMBIBAC/ RICOBENDAZOL/ PROTOX,
7502,0219,2023-11-23 00:00:00,RAVAX / AFTOSA / COMBIBAC/ RICOBENDAZOL/ PROTOX,
7503,0242,2023-11-23 00:00:00,RAVAX / AFTOSA / COMBIBAC/ RICOBENDAZOL/ PROTOX,
7504,0273,2023-11-23 00:00:00,RAVAX / AFTOSA / COMBIBAC/ RICOBENDAZOL/ PROTOX,
7505,0279,2023-11-23 00:00:00,RAVAX / AFTOSA / COMBIBAC/ RICOBENDAZOL/ PROTOX,
7506,0292,2023-11-23 00:00:00,RAVAX / AFTOSA / COMBIBAC/ RICOBENDAZOL/ PROTOX,
7507,0293,2023-11-23 00:00:00,RAVAX / AFTOSA / COMBIBAC/ RICOBENDAZOL/ PROTOX,
7508,0325,2023-11-23 00:00:00,RAVAX / AFTOSA / COMBIBAC/ RICOBENDAZOL/ PROTOX,
7509,0334,2023-11-23 00:00:00,RAVAX / AFTOSA / COMBIBAC/ RICOBENDAZOL/ PROTOX,
7510,0335,2023-11-23 00:00:00,RAVAX / AFTOSA / COMBIBAC/ RICOBENDAZOL/ PROTOX,
7511,0345,2023-11-23 00:00:00,RAVAX / AFTOSA / COMBIBAC/ RICOBENDAZOL/ PROTOX,
7512,0346,2023-11-23 00:00:00,RAVAX / AFTOSA / COMBIBAC/ RICOBENDAZOL/ PROTOX,
7513,0358,2023-11-23 00:00:00,RAVAX / AFTOSA / COMBIBAC/ RICOBENDAZOL/ PROTOX,
7514,099,2023-11-23 00:00:00,RAVAX / AFTOSA / COMBIBAC/ RICOBENDAZOL/ PROTOX,
7515,1026,2023-11-23 00:00:00,RAVAX / AFTOSA / COMBIBAC/ RICOBENDAZOL/ PROTOX,
7516,1027A,2023-11-23 00:00:00,RAVAX / AFTOSA / COMBIBAC/ RICOBENDAZOL/ PROTOX,
7517,1029,2023-11-23 00:00:00,RAVAX / AFTOSA / COMBIBAC/ RICOBENDAZOL/ PROTOX,
7518,1031,2023-11-23 00:00:00,RAVAX / AFTOSA / COMBIBAC/ RICOBENDAZOL/ PROTOX,
7519,1036,2023-11-23 00:00:00,RAVAX / AFTOSA / COMBIBAC/ RICOBENDAZOL/ PROTOX,
7520,1039,2023-11-23 00:00:00,RAVAX / AFTOSA / COMBIBAC/ RICOBENDAZOL/ PROTOX,
7521,1046A,2023-11-23 00:00:00,RAVAX / AFTOSA / COMBIBAC/ RICOBENDAZOL/ PROTOX,
7522,1048,2023-11-23 00:00:00,RAVAX / AFTOSA / COMBIBAC/ RICOBENDAZOL/ PROTOX,
7523,1078,2023-11-23 00:00:00,RAVAX / AFTOSA / COMBIBAC/ RICOBENDAZOL/ PROTOX,
7524,1080A,2023-11-23 00:00:00,RAVAX / AFTOSA / COMBIBAC/ RICOBENDAZOL/ PROTOX,
7525,1105,2023-11-23 00:00:00,RAVAX / AFTOSA / COMBIBAC/ RICOBENDAZOL/ PROTOX,
7526,1106A,2023-11-23 00:00:00,RAVAX / AFTOSA / COMBIBAC/ RICOBENDAZOL/ PROTOX,
7527,1107,2023-11-23 00:00:00,RAVAX / AFTOSA / COMBIBAC/ RICOBENDAZOL/ PROTOX,
7528,1202,2023-11-23 00:00:00,RAVAX / AFTOSA / COMBIBAC/ RICOBENDAZOL/ PROTOX,
7529,2027,2023-11-23 00:00:00,RAVAX / AFTOSA / COMBIBAC/ RICOBENDAZOL/ PROTOX,
7530,2035,2023-11-23 00:00:00,RAVAX / AFTOSA / COMBIBAC/ RICOBENDAZOL/ PROTOX,
7531,2041,2023-11-23 00:00:00,RAVAX / AFTOSA / COMBIBAC/ RICOBENDAZOL/ PROTOX,
7532,2060,2023-11-23 00:00:00,RAVAX / AFTOSA / COMBIBAC/ RICOBENDAZOL/ PROTOX,
7533,2065,2023-11-23 00:00:00,RAVAX / AFTOSA / COMBIBAC/ RICOBENDAZOL/ PROTOX,
7534,9084,2023-11-23 00:00:00,RAVAX / AFTOSA / COMBIBAC/ RICOBENDAZOL/ PROTOX,
7535,9135,2023-11-23 00:00:00,RAVAX / AFTOSA / COMBIBAC/ RICOBENDAZOL/ PROTOX,
7536,9136A,2023-11-23 00:00:00,RAVAX / AFTOSA / COMBIBAC/ RICOBENDAZOL/ PROTOX,
7537,MSN1,2023-11-23 00:00:00,RAVAX / AFTOSA / COMBIBAC/ RICOBENDAZOL/ PROTOX,
7538,MSN12,2023-11-23 00:00:00,RAVAX / AFTOSA / COMBIBAC/ RICOBENDAZOL/ PROTOX,
7539,MSN17,2023-11-23 00:00:00,RAVAX / AFTOSA / COMBIBAC/ RICOBENDAZOL/ PROTOX,
7540,1007,2023-11-23 00:00:00,RAVAX / AFTOSA / COMBIBAC/ RICOBENDAZOL/ PROTOX,
7541,MSN2,2023-11-23 00:00:00,RAVAX / AFTOSA / COMBIBAC/ RICOBENDAZOL/ PROTOX,
7542,MSN4,2023-11-23 00:00:00,RAVAX / AFTOSA / COMBIBAC/ RICOBENDAZOL/ PROTOX,
7543,MSN8,2023-11-23 00:00:00,RAVAX / AFTOSA / COMBIBAC/ RICOBENDAZOL/ PROTOX,
7544,MSN9,2023-11-23 00:00:00,RAVAX / AFTOSA / COMBIBAC/ RICOBENDAZOL/ PROTOX,
7545,2050,2023-12-05 00:00:00,MINERFUN,
7546,2072,2023-12-05 00:00:00,MINERFUN,
7547,2143,2023-12-05 00:00:00,MINERFUN,
7548,5144,2023-12-05 00:00:00,MINERFUN,
7549,5146,2023-12-05 00:00:00,MINERFUN,
7550,7076,2023-12-05 00:00:00,MINERFUN,
7551,8043,2023-12-05 00:00:00,MINERFUN,
7552,8045,2023-12-05 00:00:00,MINERFUN,
7553,8048,2023-12-05 00:00:00,MINERFUN,
7554,8050,2023-12-05 00:00:00,MINERFUN,
7555,8086,2023-12-05 00:00:00,MINERFUN,
7556,8087,2023-12-05 00:00:00,MINERFUN,
7557,9040,2023-12-05 00:00:00,MINERFUN,
7558,1112A,2023-12-05 00:00:00,MINERFUN,
7559,2149A,2023-12-05 00:00:00,MINERFUN,
7560,3028A,2023-12-05 00:00:00,MINERFUN,
7561,0740,2023-12-05 00:00:00,MINERFUN / PROTOX,
7562,2063A,2023-12-05 00:00:00,MINERFUN / PROTOX,
7563,2094A,2023-12-05 00:00:00,MINERFUN / PROTOX,
7564,2124A,2023-12-05 00:00:00,MINERFUN / PROTOX,
7565,2133A,2023-12-05 00:00:00,MINERFUN / PROTOX,
7566,2148A,2023-12-05 00:00:00,MINERFUN / PROTOX,
7567,2196A,2023-12-05 00:00:00,MINERFUN / PROTOX,
7568,2208A,2023-12-05 00:00:00,MINERFUN / PROTOX,
7569,2219,2023-12-05 00:00:00,MINERFUN / PROTOX,
7570,2226,2023-12-05 00:00:00,MINERFUN / PROTOX,
7571,3003A,2023-12-05 00:00:00,MINERFUN / PROTOX,
7572,3021A,2023-12-05 00:00:00,MINERFUN / PROTOX,
7573,3024A,2023-12-05 00:00:00,MINERFUN / PROTOX,
7574,31102,2023-12-05 00:00:00,MINERFUN / PROTOX,
7575,4079,2023-12-05 00:00:00,MINERFUN / PROTOX,
7576,4087,2023-12-05 00:00:00,MINERFUN / PROTOX,
7577,4151,2023-12-05 00:00:00,MINERFUN / PROTOX,
7578,6035,2023-12-05 00:00:00,MINERFUN / PROTOX,
7579,7007,2023-12-05 00:00:00,MINERFUN / PROTOX,
7580,7033,2023-12-05 00:00:00,MINERFUN / PROTOX,
7581,7067,2023-12-05 00:00:00,MINERFUN / PROTOX,
7582,8046,2023-12-05 00:00:00,MINERFUN / PROTOX,
7583,9007,2023-12-05 00:00:00,MINERFUN / PROTOX,
7584,9040,2023-12-05 00:00:00,MINERFUN / PROTOX,
7585,9051,2023-12-05 00:00:00,MINERFUN / PROTOX,
7586,9389,2023-12-05 00:00:00,MINERFUN / PROTOX,
7587,4043,2023-12-05 00:00:00,MINERFUN / PROTOX,
7588,8061,2024-01-17 00:00:00,protox / proforte / minerfun,
7589,7038,2024-01-17 00:00:00,protox  / minerfun,
7590,9058,2024-01-17 00:00:00,protox / proforte / minerfun,
7591,1310,2024-01-17 00:00:00,protox / proforte / minerfun,
7592,3003A,2024-01-17 00:00:00,protox / proforte / minerfun,
7593,2063A,2024-01-17 00:00:00,protox / proforte / minerfun,
7594,SNA,2024-01-17 00:00:00,protox / proforte / minerfun,
7595,3119,2024-01-17 00:00:00,protox / proforte / minerfun,
7596,3132,2024-01-17 00:00:00,protox / proforte / minerfun,
7597,8062,2024-01-17 00:00:00,protox / proforte / minerfun,
7598,2148A,2024-01-17 00:00:00,protox / proforte / minerfun,
7599,91171,2024-01-17 00:00:00,protox / proforte / minerfun,
7600,0132,2024-01-17 00:00:00,protox / proforte / minerfun,
7601,0338,2024-01-17 00:00:00,protox / proforte / minerfun,
7602,9051,2024-01-17 00:00:00,protox / proforte / minerfun,
7603,2096,2024-01-17 00:00:00,protox / proforte / minerfun,
7604,0740,2024-01-17 00:00:00,protox / proforte / minerfun,
7605,9125,2024-01-17 00:00:00,protox / proforte / minerfun,
7606,7022,2024-01-17 00:00:00,protox / proforte / minerfun,
7607,4043,2024-01-17 00:00:00,protox / proforte / minerfun,
7608,1015,2024-01-17 00:00:00,protox / proforte / minerfun,
7609,0272,2024-01-17 00:00:00,protox / proforte / minerfun,
7610,4151,2024-01-17 00:00:00,protox / proforte / minerfun,
7611,2124A,2024-01-17 00:00:00,protox / proforte / minerfun,
7612,3021A,2024-01-17 00:00:00,protox / proforte / minerfun,
7613,2209A,2024-01-17 00:00:00,protox / proforte / minerfun,
7614,7087,2024-01-17 00:00:00,protox / proforte / minerfun,
7615,2208A,2024-01-17 00:00:00,protox / proforte / minerfun,
7616,7083,2024-01-17 00:00:00,protox / proforte / minerfun,
7617,6067,2024-01-17 00:00:00,protox / proforte / minerfun,
7618,6035,2024-01-17 00:00:00,protox / proforte / minerfun,
7619,1139A,2024-01-17 00:00:00,protox / proforte / minerfun,
7620,0229,2024-01-17 00:00:00,protox  / minerfun,
7621,4087,2024-01-17 00:00:00,protox / proforte / minerfun,
7622,8036,2024-01-17 00:00:00,protox / proforte / minerfun,
7623,91262,2024-01-17 00:00:00,protox / proforte / minerfun,
7624,2219,2024-01-17 00:00:00,protox / proforte / minerfun,
7625,2196A,2024-01-17 00:00:00,protox / proforte / minerfun,
7626,8096,2024-01-17 00:00:00,protox / proforte / minerfun,
7627,8046,2024-01-17 00:00:00,protox / proforte / minerfun,
7628,7007,2024-01-17 00:00:00,protox / proforte / minerfun,
7629,2021,2024-01-17 00:00:00,protox / proforte / minerfun,
7630,6043,2024-01-17 00:00:00,protox / proforte / minerfun,
7631,2226,2024-01-17 00:00:00,protox / proforte / minerfun,
7632,3024A,2024-01-17 00:00:00,protox / proforte / minerfun,
7633,9007,2024-01-17 00:00:00,protox / proforte / minerfun,
7634,7032,2024-01-17 00:00:00,protox  / minerfun,
7635,2094A,2024-01-17 00:00:00,protox / proforte / minerfun,
7636,2130,2024-01-17 00:00:00,protox  / minerfun,
7637,9389,2024-01-17 00:00:00,protox / proforte / minerfun,
7638,1048A,2024-01-20 00:00:00,protox,
7639,1207,2024-01-20 00:00:00,protox,
7640,1055,2024-01-20 00:00:00,protox,
7641,1069,2024-01-20 00:00:00,protox,
7642,1154,2024-01-20 00:00:00,protox,
7643,1043,2024-01-20 00:00:00,protox,
7644,0210,2024-01-20 00:00:00,protox,
7645,1189,2024-01-20 00:00:00,protox,
7646,0109,2024-01-20 00:00:00,protox,
7647,1131,2024-01-20 00:00:00,protox,
7648,9264,2024-01-20 00:00:00,protox,
7649,1163,2024-01-20 00:00:00,protox,
7650,1068,2024-01-20 00:00:00,protox,
7651,1070,2024-01-20 00:00:00,protox,
7652,1053,2024-01-20 00:00:00,protox,
7653,1231,2024-01-20 00:00:00,protox,
7654,1336,2024-01-20 00:00:00,protox,
7655,1141,2024-01-20 00:00:00,protox,
7656,1161A,2024-01-20 00:00:00,protox,
7657,1148,2024-01-20 00:00:00,protox,
7658,0118A,2024-01-20 00:00:00,protox,
7659,0221A,2024-01-20 00:00:00,protox,
7660,1041,2024-01-20 00:00:00,protox,
7661,1136,2024-01-20 00:00:00,protox,
7662,1097,2024-01-20 00:00:00,protox,
7663,1182,2024-01-20 00:00:00,protox,
7664,1090,2024-01-20 00:00:00,protox,
7665,1095,2024-01-20 00:00:00,protox,
7666,1190,2024-01-20 00:00:00,protox,
7667,1156,2024-01-20 00:00:00,protox,
7668,0216A,2024-01-20 00:00:00,protox,
7669,0196,2024-01-20 00:00:00,protox,
7670,1063A,2024-01-20 00:00:00,protox,
7671,1165,2024-01-20 00:00:00,protox,
7672,1082,2024-01-20 00:00:00,protox,
7673,1030,2024-01-20 00:00:00,protox,
7674,1084,2024-01-20 00:00:00,protox,
7675,1060,2024-01-20 00:00:00,protox,
7676,1219,2024-01-20 00:00:00,protox,
7677,1186,2024-01-20 00:00:00,protox,
7678,1238,2024-01-20 00:00:00,protox,
7679,1215,2024-01-20 00:00:00,protox,
7680,1083,2024-01-20 00:00:00,protox,
7681,1257,2024-01-20 00:00:00,protox,
7682,0141,2024-01-20 00:00:00,protox,
7683,1206,2024-01-20 00:00:00,protox,
7684,1080,2024-01-20 00:00:00,protox,
7685,1202,2024-01-20 00:00:00,protox,
7686,1139,2024-01-20 00:00:00,protox,
7687,1180,2024-01-20 00:00:00,protox,
7688,1166,2024-01-20 00:00:00,protox,
7689,1146,2024-01-20 00:00:00,protox,
7690,1205,2024-01-20 00:00:00,protox,
7691,1049,2024-01-20 00:00:00,protox,
7692,2128,2024-01-20 00:00:00,protox,
7693,1074A,2024-01-20 00:00:00,protox,
7694,1008,2024-01-20 00:00:00,protox,
7695,1047,2024-01-20 00:00:00,protox,
7696,1037,2024-01-20 00:00:00,protox,
7697,1052,2024-01-20 00:00:00,protox,
7698,1213,2024-01-20 00:00:00,protox,
7699,0195,2024-01-20 00:00:00,protox,
7700,0208,2024-01-20 00:00:00,protox,
7701,1187,2024-01-20 00:00:00,protox,
7702,1214,2024-01-20 00:00:00,protox,
7703,1142,2024-01-20 00:00:00,protox,
7704,1096B,2024-01-20 00:00:00,protox,
7705,0198,2024-01-20 00:00:00,protox,
7706,1106,2024-01-20 00:00:00,protox,
7707,0094A,2024-01-20 00:00:00,protox,
7708,0178,2024-01-20 00:00:00,protox,
7709,1134,2024-01-20 00:00:00,protox,
7710,0004,2024-01-20 00:00:00,protox,
7711,37,2024-01-20 00:00:00,protox,
7712,1050,2024-01-20 00:00:00,protox,
7713,0127,2024-01-20 00:00:00,protox,
7714,1174,2024-01-20 00:00:00,protox,
7715,1253,2024-01-20 00:00:00,protox,
7716,1057,2024-01-20 00:00:00,protox,
7717,0171,2024-01-20 00:00:00,protox,
7718,1228,2024-01-20 00:00:00,protox,
7719,1212,2024-01-20 00:00:00,protox,
7720,1101,2024-01-20 00:00:00,protox,
7721,1195,2024-01-20 00:00:00,protox,
7722,0094,2024-01-20 00:00:00,protox,
7723,1151,2024-01-20 00:00:00,protox,
7724,1126,2024-01-20 00:00:00,protox,
7725,1027,2024-01-20 00:00:00,protox,
7726,1104,2024-01-20 00:00:00,protox,
7727,1152,2024-01-20 00:00:00,protox,
7728,1204,2024-01-20 00:00:00,protox,
7729,1017,2024-01-20 00:00:00,protox,
7730,36,2024-01-20 00:00:00,protox,
7731,1088,2024-01-20 00:00:00,protox,
7732,0215,2024-01-20 00:00:00,protox,
7733,0254,2024-01-20 00:00:00,protox,
7734,1130,2024-01-20 00:00:00,protox,
7735,1216,2024-01-20 00:00:00,protox,
7736,1079A,2024-01-20 00:00:00,protox,
7737,0204B,2024-01-20 00:00:00,protox,
7738,0119,2024-01-20 00:00:00,protox,
7739,1092,2024-01-20 00:00:00,protox,
7740,1162,2024-01-20 00:00:00,protox,
7741,1034,2024-01-20 00:00:00,protox,
7742,0103A,2024-01-20 00:00:00,protox,
7743,0185,2024-01-20 00:00:00,protox,
7744,1046,2024-01-20 00:00:00,protox,
7745,0351,2024-01-20 00:00:00,protox,
7746,1098A,2024-01-20 00:00:00,protox,
7747,1324,2024-01-20 00:00:00,protox,
7748,1292,2024-01-20 00:00:00,protox,
7749,22132,2024-01-26 00:00:00,protox,
7750,2173,2024-01-26 00:00:00,protox,
7751,6042,2024-01-26 00:00:00,protox,
7752,1070A,2024-01-26 00:00:00,protox,
7753,0317,2024-01-26 00:00:00,protox,
7754,TORO1,2024-01-26 00:00:00,protox,
7755,TORO2,2024-01-26 00:00:00,protox,
7756,TORO3,2024-01-26 00:00:00,protox,
7757,TORO4,2024-01-26 00:00:00,protox,
7758,TORO5,2024-01-26 00:00:00,protox,
7759,2106,2024-01-26 00:00:00,protox,
7760,0217,2024-01-26 00:00:00,protox,
7761,23086,2024-01-26 00:00:00,protox,
7762,3099,2024-01-26 00:00:00,protox,
7763,7028,2024-01-26 00:00:00,PROTOX/ REPROFORTE,
7764,2133A,2024-01-26 00:00:00,PROTOX/ REPROFORTE,
7765,2083,2024-01-26 00:00:00,PROTOX/ REPROFORTE,
7766,2234,2024-01-26 00:00:00,PROTOX/ REPROFORTE,
7767,2050,2024-01-26 00:00:00,PROTOX/ REPROFORTE,
7768,4101,2024-01-26 00:00:00,PROTOX/ REPROFORTE,
7769,5033,2024-01-26 00:00:00,PROTOX/ REPROFORTE,
7770,1015,2024-01-26 00:00:00,PROTOX/ REPROFORTE,
7771,2149A,2024-01-26 00:00:00,PROTOX/ REPROFORTE,
7772,5010,2024-01-26 00:00:00,PROTOX/ REPROFORTE,
7773,4018,2024-01-26 00:00:00,PROTOX/ REPROFORTE,
7774,3066B,2024-01-26 00:00:00,PROTOX/ REPROFORTE,
7775,6021,2024-01-26 00:00:00,PROTOX/ REPROFORTE,
7776,4025,2024-01-26 00:00:00,PROTOX/ REPROFORTE,
7777,0500,2024-01-26 00:00:00,PROTOX/ REPROFORTE,
7778,2143,2024-01-26 00:00:00,PROTOX/ REPROFORTE,
7779,3119,2024-01-26 00:00:00,PROTOX/ REPROFORTE,
7780,2,2024-01-26 00:00:00,PROTOX/ REPROFORTE,
7781,1112A,2024-01-26 00:00:00,PROTOX/ REPROFORTE,
7782,2072,2024-01-26 00:00:00,PROTOX/ REPROFORTE,
7783,3028A,2024-01-26 00:00:00,PROTOX/ REPROFORTE,
7784,7059,2024-01-26 00:00:00,PROTOX/ REPROFORTE,
7785,7067,2024-01-26 00:00:00,PROTOX/ REPROFORTE,
7786,7074,2024-01-26 00:00:00,PROTOX/ REPROFORTE,
7787,7076,2024-01-26 00:00:00,PROTOX/ REPROFORTE,
7788,7087,2024-01-26 00:00:00,PROTOX/ REPROFORTE,
7789,5013,2024-01-26 00:00:00,PROTOX/ REPROFORTE,
7790,5146,2024-01-26 00:00:00,PROTOX/ REPROFORTE,
7791,6010,2024-01-26 00:00:00,PROTOX/ REPROFORTE,
7792,7033,2024-01-26 00:00:00,PROTOX/ REPROFORTE,
7793,8033,2024-01-26 00:00:00,PROTOX/ REPROFORTE,
7794,8043,2024-01-26 00:00:00,PROTOX/ REPROFORTE,
7795,8045,2024-01-26 00:00:00,PROTOX/ REPROFORTE,
7796,8048,2024-01-26 00:00:00,PROTOX/ REPROFORTE,
7797,8079,2024-01-26 00:00:00,PROTOX/ REPROFORTE,
7798,8086,2024-01-26 00:00:00,PROTOX/ REPROFORTE,
7799,8087,2024-01-26 00:00:00,PROTOX/ REPROFORTE,
7800,809,2024-01-26 00:00:00,PROTOX/ REPROFORTE,
7801,9040,2024-01-26 00:00:00,PROTOX/ REPROFORTE,
7802,1310,2024-01-26 00:00:00,PROTOX/ REPROFORTE,
7803,9020,2024-01-26 00:00:00,PROTOX/ REPROFORTE,
7804,4057,2024-01-26 00:00:00,PROTOX/ REPROFORTE,
7805,5079,2024-01-26 00:00:00,PROTOX/ REPROFORTE,
7806,4072,2024-01-26 00:00:00,PROTOX/ REPROFORTE,
7807,3084,2024-01-26 00:00:00,PROTOX/ REPROFORTE,
7808,80882,2024-01-26 00:00:00,PROTOX/ REPROFORTE,
7809,7017,2024-01-26 00:00:00,PROTOX/ REPROFORTE,
7810,8019,2024-01-26 00:00:00,PROTOX/ REPROFORTE,
7811,3046,2024-01-23 00:00:00,protox,
7812,3055,2024-01-23 00:00:00,protox,
7813,3081,2024-01-23 00:00:00,protox,
7814,3087,2024-01-23 00:00:00,protox,
7815,3092,2024-01-23 00:00:00,protox,
7816,23094,2024-01-23 00:00:00,protox,
7817,3099,2024-01-23 00:00:00,protox,
7818,3101,2024-01-23 00:00:00,protox,
7819,23110,2024-01-23 00:00:00,protox,
7820,23118,2024-01-23 00:00:00,protox,
7821,23119,2024-01-23 00:00:00,protox,
7822,23123,2024-01-23 00:00:00,protox,
7823,23130,2024-01-23 00:00:00,protox,
7824,23131,2024-01-23 00:00:00,protox,
7825,23134,2024-01-23 00:00:00,protox,
7826,23135,2024-01-23 00:00:00,protox,
7827,23141,2024-01-23 00:00:00,protox,
7828,23142,2024-01-23 00:00:00,protox,
7829,23146,2024-01-23 00:00:00,protox,
7830,23148,2024-01-23 00:00:00,protox,
7831,23150,2024-01-23 00:00:00,protox,
7832,23151,2024-01-23 00:00:00,protox,
7833,23155,2024-01-23 00:00:00,protox,
7834,23158,2024-01-23 00:00:00,protox,
7835,23159,2024-01-23 00:00:00,protox,
7836,23181,2024-01-23 00:00:00,protox,
7837,23187,2024-01-23 00:00:00,protox,
7838,23198,2024-01-23 00:00:00,protox,
7839,23206,2024-01-23 00:00:00,protox,
7840,23208,2024-01-23 00:00:00,protox,
7841,23214,2024-01-23 00:00:00,protox,
7842,23217,2024-01-23 00:00:00,protox,
7843,3084A,2024-01-23 00:00:00,protox,
7844,3107A,2024-01-23 00:00:00,protox,
7845,23149,2024-01-23 00:00:00,protox,
7846,4065,2024-01-23 00:00:00,protox/minerfun,
7847,0139,2024-01-30 00:00:00,protox,
7848,1056A,2024-01-30 00:00:00,protox,
7849,1077A,2024-01-30 00:00:00,protox,
7850,1090A,2024-01-30 00:00:00,protox,
7851,1091A,2024-01-30 00:00:00,protox,
7852,1095A,2024-01-30 00:00:00,protox,
7853,1168,2024-01-30 00:00:00,protox,
7854,12164,2024-01-30 00:00:00,protox,
7855,20334,2024-01-30 00:00:00,protox,
7856,2062,2024-01-30 00:00:00,protox,
7857,2073,2024-01-30 00:00:00,protox,
7858,2080,2024-01-30 00:00:00,protox,
7859,213,2024-01-30 00:00:00,protox,
7860,2180A,2024-01-30 00:00:00,protox,
7861,3043,2024-01-30 00:00:00,protox,
7862,3107,2024-01-30 00:00:00,protox,
7863,3108,2024-01-30 00:00:00,protox,
7864,4035,2024-01-30 00:00:00,protox,
7865,4095,2024-01-30 00:00:00,protox,
7866,5052,2024-01-30 00:00:00,protox,
7867,5090,2024-01-30 00:00:00,protox,
7868,7077,2024-01-30 00:00:00,protox,
7869,8028,2024-01-30 00:00:00,protox,
7870,8063,2024-01-30 00:00:00,protox,
7871,9,2024-01-30 00:00:00,protox,
7872,9067,2024-01-30 00:00:00,protox,
7873,9238,2024-01-30 00:00:00,protox,
7874,0317A,2024-01-30 00:00:00,protox/ dectomax/minerfun,
7875,0104,2024-01-28 00:00:00,protox,
7876,0110,2024-01-28 00:00:00,protox,
7877,0115,2024-01-28 00:00:00,protox,
7878,0116,2024-01-28 00:00:00,protox,
7879,0116A,2024-01-28 00:00:00,protox,
7880,0118,2024-01-28 00:00:00,protox,
7881,0204A,2024-01-28 00:00:00,protox,
7882,0212,2024-01-28 00:00:00,protox,
7883,0214,2024-01-28 00:00:00,protox,
7884,0219,2024-01-28 00:00:00,protox,
7885,0222,2024-01-28 00:00:00,protox,
7886,0223A,2024-01-28 00:00:00,protox,
7887,0223B,2024-01-28 00:00:00,protox,
7888,0242,2024-01-28 00:00:00,protox,
7889,0260,2024-01-28 00:00:00,protox,
7890,0265,2024-01-28 00:00:00,protox,
7891,0273,2024-01-28 00:00:00,protox,
7892,0279,2024-01-28 00:00:00,protox,
7893,0292,2024-01-28 00:00:00,protox,
7894,0293,2024-01-28 00:00:00,protox,
7895,0325,2024-01-28 00:00:00,protox,
7896,0334,2024-01-28 00:00:00,protox,
7897,0335,2024-01-28 00:00:00,protox,
7898,0345,2024-01-28 00:00:00,protox,
7899,0357,2024-01-28 00:00:00,protox,
7900,099,2024-01-28 00:00:00,protox,
7901,1026,2024-01-28 00:00:00,protox,
7902,1029,2024-01-28 00:00:00,protox,
7903,1048,2024-01-28 00:00:00,protox,
7904,2781,2024-01-28 00:00:00,protox,
7905,9084,2024-01-28 00:00:00,protox,
7906,9134,2024-01-28 00:00:00,protox,
7907,9135,2024-01-28 00:00:00,protox,
7908,9136A,2024-01-28 00:00:00,protox,
7909,MSN1,2024-01-28 00:00:00,protox,
7910,MSN12,2024-01-28 00:00:00,protox,
7911,MSN13,2024-01-28 00:00:00,protox,
7912,MSN15,2024-01-28 00:00:00,protox,
7913,MSN16,2024-01-28 00:00:00,protox,
7914,MSN17,2024-01-28 00:00:00,protox,
7915,1007,2024-01-28 00:00:00,protox,
7916,MSN2,2024-01-28 00:00:00,protox,
7917,MSN4,2024-01-28 00:00:00,protox,
7918,MSN8,2024-01-28 00:00:00,protox,
7919,MSN9,2024-01-28 00:00:00,protox,
7920,SN50,2024-01-28 00:00:00,protox,
7921,0101,2024-02-01 00:00:00,protox,
7922,0102,2024-02-01 00:00:00,protox/ reproforte,
7923,0108,2024-02-01 00:00:00,protox/ reproforte,
7924,0240,2024-02-01 00:00:00,protox/ reproforte,
7925,0205,2024-02-01 00:00:00,protox/ reproforte,
7926,0208A,2024-02-01 00:00:00,protox/ reproforte,
7927,0231B,2024-02-01 00:00:00,protox/ reproforte,
7928,0267,2024-02-01 00:00:00,protox,
7929,0270,2024-02-01 00:00:00,protox,
7930,0294,2024-02-01 00:00:00,protox/ reproforte,
7931,0297,2024-02-01 00:00:00,protox,
7932,0298,2024-02-01 00:00:00,protox/ reproforte,
7933,0299A,2024-02-01 00:00:00,protox,
7934,0299C,2024-02-01 00:00:00,protox,
7935,0330A,2024-02-01 00:00:00,protox/ reproforte,
7936,0342,2024-02-01 00:00:00,protox,
7937,0344,2024-02-01 00:00:00,protox/ reproforte,
7938,0348,2024-02-01 00:00:00,protox,
7939,0350,2024-02-01 00:00:00,protox/ reproforte,
7940,0354,2024-02-01 00:00:00,protox,
7941,0355,2024-02-01 00:00:00,protox/ reproforte,
7942,1017A,2024-02-01 00:00:00,protox/ reproforte,
7943,1023,2024-02-01 00:00:00,protox/ reproforte,
7944,10431,2024-02-01 00:00:00,protox/ reproforte,
7945,1066,2024-02-01 00:00:00,protox/ reproforte,
7946,1075,2024-02-01 00:00:00,protox/ reproforte,
7947,1079,2024-02-01 00:00:00,protox/ reproforte,
7948,1088A,2024-02-01 00:00:00,protox/ reproforte,
7949,1096,2024-02-01 00:00:00,protox/ reproforte,
7950,1104A,2024-02-01 00:00:00,protox/ reproforte,
7951,1132,2024-02-01 00:00:00,protox/ reproforte,
7952,2019,2024-02-01 00:00:00,protox/ reproforte,
7953,2023,2024-02-01 00:00:00,protox/ reproforte,
7954,2039,2024-02-01 00:00:00,protox,
7955,2042,2024-02-01 00:00:00,protox/ reproforte,
7956,2048,2024-02-01 00:00:00,protox/ reproforte,
7957,2052,2024-02-01 00:00:00,protox/ reproforte,
7958,2063B,2024-02-01 00:00:00,protox/ reproforte,
7959,2093,2024-02-01 00:00:00,dmax/yodo iny/ protox/ extraccion sangre sangre,
7960,2108,2024-02-01 00:00:00,protox/ reproforte,
7961,2109,2024-02-01 00:00:00,protox/ reproforte,
7962,2111,2024-02-01 00:00:00,protox/ reproforte,
7963,2153,2024-02-01 00:00:00,protox/ reproforte,
7964,2201,2024-02-01 00:00:00,protox/ reproforte,
7965,2203,2024-02-01 00:00:00,protox/ reproforte,
7966,22049,2024-02-01 00:00:00,protox/ reproforte,
7967,22126,2024-02-01 00:00:00,protox/ reproforte,
7968,22132,2024-02-01 00:00:00,protox,
7969,22149,2024-02-01 00:00:00,protox/ reproforte,
7970,22172,2024-02-01 00:00:00,protox/ reproforte,
7971,23003,2024-02-01 00:00:00,protox/ reproforte,
7972,2702,2024-02-01 00:00:00,protox,
7973,33,2024-02-01 00:00:00,protox,
7974,35,2024-02-01 00:00:00,protox/ reproforte,
7975,6017,2024-02-01 00:00:00,protox,
7976,6050,2024-02-01 00:00:00,protox,
7977,8011,2024-02-01 00:00:00,protox,
7978,8015,2024-02-01 00:00:00,protox,
7979,8032,2024-02-01 00:00:00,protox/ reproforte,
7980,8073,2024-02-01 00:00:00,protox,
7981,8082,2024-02-01 00:00:00,protox/ reproforte,
7982,80841,2024-02-01 00:00:00,bucerlina/ protox,
7983,9064,2024-02-01 00:00:00,protox/ reproforte,
7984,9095,2024-02-01 00:00:00,protox,
7985,91121,2024-02-01 00:00:00,protox,
7986,0128,2024-01-23 00:00:00,PROTOX/ REPROFORTE,
7987,0143,2024-01-23 00:00:00,PROTOX/ REPROFORTE,
7988,0215A,2024-01-23 00:00:00,PROTOX/ REPROFORTE,
7989,05,2024-01-23 00:00:00,PROTOX/ REPROFORTE,
7990,10391,2024-01-23 00:00:00,PROTOX/ REPROFORTE,
7991,1109A,2024-01-23 00:00:00,PROTOX/ REPROFORTE,
7992,1128,2024-01-23 00:00:00,PROTOX/ REPROFORTE,
7993,2025A,2024-01-23 00:00:00,PROTOX/ REPROFORTE,
7994,20337,2024-01-23 00:00:00,PROTOX/ REPROFORTE,
7995,2037,2024-01-23 00:00:00,PROTOX/ REPROFORTE,
7996,2040,2024-01-23 00:00:00,PROTOX/ REPROFORTE,
7997,2047,2024-01-23 00:00:00,PROTOX/ REPROFORTE,
7998,2051,2024-01-23 00:00:00,PROTOX/ REPROFORTE,
7999,2093A,2024-01-23 00:00:00,PROTOX/ REPROFORTE,
8000,2097,2024-01-23 00:00:00,PROTOX/ REPROFORTE,
8001,21027,2024-01-23 00:00:00,PROTOX/ REPROFORTE,
8002,2150,2024-01-23 00:00:00,PROTOX/ REPROFORTE,
8003,2217,2024-01-23 00:00:00,PROTOX/ REPROFORTE,
8004,2224,2024-01-23 00:00:00,PROTOX/ REPROFORTE,
8005,2337,2024-01-23 00:00:00,PROTOX/ REPROFORTE,
8006,2340,2024-01-23 00:00:00,PROTOX/ REPROFORTE,
8007,3015,2024-01-23 00:00:00,PROTOX/ REPROFORTE,
8008,3026A,2024-01-23 00:00:00,PROTOX/ REPROFORTE,
8009,3044A,2024-01-23 00:00:00,PROTOX/ REPROFORTE,
8010,3093,2024-01-23 00:00:00,PROTOX/ REPROFORTE,
8011,23094,2024-01-23 00:00:00,PROTOX/ REPROFORTE,
8012,3104,2024-01-23 00:00:00,PROTOX/ REPROFORTE,
8013,3227,2024-01-23 00:00:00,PROTOX/ REPROFORTE,
8014,4007,2024-01-23 00:00:00,PROTOX/ REPROFORTE,
8015,40072,2024-01-23 00:00:00,PROTOX/ REPROFORTE,
8016,4008,2024-01-23 00:00:00,PROTOX/ REPROFORTE,
8017,4033,2024-01-23 00:00:00,PROTOX/ REPROFORTE,
8018,4041,2024-01-23 00:00:00,MINERFUN /PROTOX/ REPROFORTE,
8019,4055,2024-01-23 00:00:00,PROTOX/ REPROFORTE,
8020,406,2024-01-23 00:00:00,PROTOX/ REPROFORTE,
8021,4065,2024-01-23 00:00:00,PROTOX/ REPROFORTE,
8022,4066,2024-01-23 00:00:00,PROTOX/ REPROFORTE,
8023,4078,2024-01-23 00:00:00,PROTOX/ REPROFORTE,
8024,4100,2024-01-23 00:00:00,PROTOX/ REPROFORTE,
8025,4109,2024-01-23 00:00:00,PROTOX/ REPROFORTE,
8026,4122,2024-01-23 00:00:00,PROTOX/ REPROFORTE,
8027,4141,2024-01-23 00:00:00,PROTOX/ REPROFORTE,
8028,4143,2024-01-23 00:00:00,PROTOX/ REPROFORTE,
8029,4147,2024-01-23 00:00:00,PROTOX/ REPROFORTE,
8030,5041,2024-01-23 00:00:00,BUCERALINA/PROTOX/ REPROFORTE,
8031,50501,2024-01-23 00:00:00,PROTOX/ REPROFORTE,
8032,5072,2024-01-23 00:00:00,PROTOX/ REPROFORTE,
8033,50741,2024-01-23 00:00:00,PROTOX/ REPROFORTE,
8034,5076,2024-01-23 00:00:00,PROTOX/ REPROFORTE,
8035,5082,2024-01-23 00:00:00,PROTOX/ REPROFORTE,
8036,5098,2024-01-23 00:00:00,PROTOX/ REPROFORTE,
8037,5144,2024-01-23 00:00:00,MINERFU/PROTOX/ REPROFORTE,
8038,6008,2024-01-23 00:00:00,PROTOX/ REPROFORTE,
8039,6025,2024-01-23 00:00:00,PROTOX/ REPROFORTE,
8040,6028,2024-01-23 00:00:00,PROTOX/ REPROFORTE,
8041,60286,2024-01-23 00:00:00,PROTOX/ REPROFORTE,
8042,6031,2024-01-23 00:00:00,PROTOX/ REPROFORTE,
8043,6037,2024-01-23 00:00:00,PROTOX/ REPROFORTE,
8044,6070,2024-01-23 00:00:00,PROTOX/ REPROFORTE,
8045,7021,2024-01-23 00:00:00,PROTOX/ REPROFORTE,
8046,7052,2024-01-23 00:00:00,PROTOX/ REPROFORTE,
8047,7066,2024-01-23 00:00:00,PROTOX/ REPROFORTE,
8048,7072,2024-01-23 00:00:00,PROTOX/ REPROFORTE,
8049,7092,2024-01-23 00:00:00,PROTOX/ REPROFORTE,
8050,8004,2024-01-23 00:00:00,MINERFUN/PROTOX/ REPROFORTE,
8051,8005,2024-01-23 00:00:00,PROTOX/ REPROFORTE,
8052,8007,2024-01-23 00:00:00,PROTOX/ REPROFORTE,
8053,8010,2024-01-23 00:00:00,PROTOX/ REPROFORTE,
8054,8013,2024-01-23 00:00:00,PROTOX/ REPROFORTE,
8055,8014,2024-01-23 00:00:00,PROTOX/ REPROFORTE,
8056,8016,2024-01-23 00:00:00,PROTOX/ REPROFORTE,
8057,8026,2024-01-23 00:00:00,PROTOX/ REPROFORTE,
8058,80272,2024-01-23 00:00:00,PROTOX/ REPROFORTE,
8059,8040,2024-01-23 00:00:00,PROTOX/ REPROFORTE,
8060,80472,2024-01-23 00:00:00,PROTOX/ REPROFORTE,
8061,8051,2024-01-23 00:00:00,PROTOX/ REPROFORTE,
8062,8067,2024-01-23 00:00:00,PROTOX/ REPROFORTE,
8063,8072,2024-01-23 00:00:00,PROTOX/ REPROFORTE,
8064,8077,2024-01-23 00:00:00,PROTOX/ REPROFORTE,
8065,8089,2024-01-23 00:00:00,PROTOX/ REPROFORTE,
8066,80921,2024-01-23 00:00:00,PROTOX/ REPROFORTE,
8067,8093,2024-01-23 00:00:00,MINERFUN/PROTOX/ REPROFORTE,
8068,89,2024-01-23 00:00:00,PROTOX/ REPROFORTE,
8069,9018B,2024-01-23 00:00:00,PROTOX/ REPROFORTE,
8070,9023,2024-01-23 00:00:00,PROTOX/ REPROFORTE,
8071,9037,2024-01-23 00:00:00,PROTOX/ REPROFORTE,
8072,9046,2024-01-23 00:00:00,PROTOX/ REPROFORTE,
8073,9071,2024-01-23 00:00:00,PROTOX/ REPROFORTE,
8074,9100,2024-01-23 00:00:00,PROTOX/ REPROFORTE,
8075,9121,2024-01-23 00:00:00,PROTOX/ REPROFORTE,
8076,9219,2024-01-23 00:00:00,PROTOX/ REPROFORTE,
8077,EMB 1,2024-01-23 00:00:00,PROTOX/ REPROFORTE,
8078,EMB 4,2024-01-23 00:00:00,MINERFUN/PROTOX/ REPROFORTE,
8079,EMB 5,2024-01-23 00:00:00,PROTOX/ REPROFORTE,
8080,S/NB,2024-01-23 00:00:00,PROTOX/ REPROFORTE,
8081,S/NC,2024-01-23 00:00:00,PROTOX/ REPROFORTE,
8082,S/NH,2024-01-23 00:00:00,MINERFUM/PROTOX/ REPROFORTE,
8083,5529,2024-01-23 00:00:00,PROTOX,
8084,6042,2024-01-23 00:00:00,RICOFORT/MINERFUN/PROTOX,
8085,4076,2024-01-23 00:00:00,PROTOX/REPROFORTE,
8086,BU018,2024-02-19 00:00:00,ANTIOFIDICO,
8087,24005,2024-02-19 00:00:00,TETRACICLINA/ANESTECIA LOCAL/SUERO,se le practicó cirugía menor
8088,6067,2024-03-02 00:00:00,pomo antimastitis,
8089,36,2024-03-13 00:00:00,CYTHAMOS/ RICOBENDASOL,
8090,0118,2024-03-13 00:00:00,CYTHAMOS/ RICOBENDASOL,
8091,0119,2024-03-13 00:00:00,CYTHAMOS/ RICOBENDASOL,
8092,0127,2024-03-13 00:00:00,CYTHAMOS/ RICOBENDASOL,
8093,0185,2024-03-13 00:00:00,CYTHAMOS/ RICOBENDASOL,
8094,0198,2024-03-13 00:00:00,CYTHAMOS/ RICOBENDASOL,
8095,0217,2024-03-13 00:00:00,CYTHAMOS/ RICOBENDASOL,
8096,0254,2024-03-13 00:00:00,CYTHAMOS/ RICOBENDASOL,
8097,0260,2024-03-13 00:00:00,CYTHAMOS/ RICOBENDASOL,
8098,0351,2024-03-13 00:00:00,CYTHAMOS/ RICOBENDASOL,
8099,1008,2024-03-13 00:00:00,CYTHAMOS/ RICOBENDASOL,
8100,8072,2024-04-06 00:00:00,cythamos,
8101,8089,2024-04-06 00:00:00,cythamos,
8102,8093,2024-04-06 00:00:00,cythamos,
8103,89,2024-04-06 00:00:00,cythamos,
8104,9,2024-04-06 00:00:00,cythamos,
8105,9014,2024-04-06 00:00:00,cythamos,
8106,9018B,2024-04-06 00:00:00,cythamos,
8107,9023,2024-04-06 00:00:00,cythamos,
8108,9045,2024-04-06 00:00:00,cythamos,
8109,9100,2024-04-06 00:00:00,cythamos,
8110,9104,2024-04-06 00:00:00,cythamos,
8111,EMB 1,2024-04-06 00:00:00,cythamos,
8112,EMB 3,2024-04-06 00:00:00,cythamos,
8113,EMB 4,2024-04-06 00:00:00,cythamos,
8114,S/NC,2024-04-06 00:00:00,cythamos,
8115,S/NH,2024-04-06 00:00:00,cythamos,
8116,20337,2024-04-06 00:00:00,cythamos,
8117,4072,2024-04-06 00:00:00,cythamos,
8118,0143,2024-04-05 00:00:00,cythamos,
8119,1109A,2024-04-05 00:00:00,cythamos,
8120,1128,2024-04-05 00:00:00,cythamos,
8121,2224,2024-04-05 00:00:00,cythamos,
8122,4143,2024-04-05 00:00:00,cythamos,
8123,5041,2024-04-05 00:00:00,cythamos,
8124,6021,2024-04-05 00:00:00,cythamos,
8125,60286,2024-04-05 00:00:00,cythamos,
8126,7021,2024-04-05 00:00:00,cythamos,
8127,8066,2024-04-05 00:00:00,cythamos,
8128,80921,2024-04-05 00:00:00,cythamos,
8129,9047,2024-04-05 00:00:00,cythamos,
8130,9904,2024-04-05 00:00:00,cythamos,
8131,80272,2024-04-05 00:00:00,cythamos,
8132,4007,2024-04-05 00:00:00,cythamos,
8133,4109,2024-04-05 00:00:00,cythamos,
8134,8061,2024-04-18 00:00:00,doramectina 1% (dorax),
8135,0298A,2024-04-18 00:00:00,doramectina 1% (dorax),
8136,8037,2024-04-18 00:00:00,doramectina 1% (dorax),
8137,8063,2024-04-18 00:00:00,doramectina 1% (dorax),
8138,9058,2024-04-18 00:00:00,doramectina 1% (dorax),
8139,9103,2024-04-18 00:00:00,doramectina 1% (dorax),
8140,8030,2024-04-18 00:00:00,doramectina 1% (dorax),
8141,0202,2024-04-18 00:00:00,doramectina 1% (dorax),
8142,1066A,2024-04-18 00:00:00,doramectina 1% (dorax),
8143,4035,2024-04-18 00:00:00,doramectina 1% (dorax),
8144,2220,2024-04-18 00:00:00,doramectina 1% (dorax),
8145,4018,2024-04-18 00:00:00,doramectina 1% (dorax),
8146,9076,2024-04-18 00:00:00,doramectina 1% (dorax),
8147,2063A,2024-04-18 00:00:00,doramectina 1% (dorax),
8148,0018,2024-04-18 00:00:00,doramectina 1% (dorax),
8149,0206A,2024-04-18 00:00:00,doramectina 1% (dorax),
8150,3119,2024-04-18 00:00:00,doramectina 1% (dorax),
8151,0226,2024-04-18 00:00:00,doramectina 1% (dorax),
8152,3132,2024-04-18 00:00:00,doramectina 1% (dorax),
8153,0327,2024-04-18 00:00:00,doramectina 1% (dorax),
8154,8062,2024-04-18 00:00:00,doramectina 1% (dorax),
8155,1004,2024-04-18 00:00:00,doramectina 1% (dorax),
8156,2148A,2024-04-18 00:00:00,doramectina 1% (dorax),
8157,4095,2024-04-18 00:00:00,doramectina 1% (dorax),
8158,91171,2024-04-18 00:00:00,doramectina 1% (dorax),
8159,0132,2024-04-18 00:00:00,doramectina 1% (dorax),
8160,2170,2024-03-13 00:00:00,CYTHAMOS/ RICOBENDASOL,
8161,2204,2024-03-13 00:00:00,CYTHAMOS/ RICOBENDASOL,
8162,2781,2024-03-13 00:00:00,CYTHAMOS/ RICOBENDASOL,
8163,22168,2024-03-13 00:00:00,CYTHAMOS/ RICOBENDASOL,
8164,22181,2024-03-13 00:00:00,CYTHAMOS/ RICOBENDASOL,
8165,23004,2024-03-13 00:00:00,CYTHAMOS/ RICOBENDASOL,
8166,0204A,2024-03-13 00:00:00,CYTHAMOS/ RICOBENDASOL,
8167,0216A,2024-03-13 00:00:00,CYTHAMOS/ RICOBENDASOL,
8168,1096A,2024-03-13 00:00:00,CYTHAMOS/ RICOBENDASOL,
8169,2005A,2024-03-13 00:00:00,CYTHAMOS/ RICOBENDASOL,
8170,2005B,2024-03-13 00:00:00,CYTHAMOS/ RICOBENDASOL,
8171,2039A,2024-03-13 00:00:00,CYTHAMOS/ RICOBENDASOL,
8172,22194,2024-03-13 00:00:00,CYTHAMOS/ RICOBENDASOL,
8173,MSN3,2024-03-13 00:00:00,CYTHAMOS/ RICOBENDASOL,
8174,1214,2024-03-13 00:00:00,CYTHAMOS/ RICOBENDASOL,
8175,1018,2024-03-13 00:00:00,CYNTHAMOS/ RICOBENDAZOL,
8176,05,2024-03-14 00:00:00,CYTHAMOS/ RICOBENDASOL,
8177,0500,2024-03-14 00:00:00,CYTHAMOS/ RICOBENDASOL,
8178,809,2024-03-14 00:00:00,CYTHAMOS/ RICOBENDASOL,
8179,2047,2024-03-14 00:00:00,CYTHAMOS/ RICOBENDASOL,
8180,2050,2024-03-14 00:00:00,CYTHAMOS/ RICOBENDASOL,
8181,2051,2024-03-14 00:00:00,CYTHAMOS/ RICOBENDASOL,
8182,2072,2024-03-14 00:00:00,CYTHAMOS/ RICOBENDASOL,
8183,2073,2024-03-14 00:00:00,CYTHAMOS/ RICOBENDASOL,
8184,2079,2024-03-14 00:00:00,CYTHAMOS/ RICOBENDASOL,
8185,2080,2024-03-14 00:00:00,CYTHAMOS/ RICOBENDASOL,
8186,7028,2024-03-14 00:00:00,CYTHAMOS/ RICOBENDASOL,
8187,3084,2024-03-14 00:00:00,CYTHAMOS/ RICOBENDASOL,
8188,3093,2024-03-14 00:00:00,CYTHAMOS/ RICOBENDASOL,
8189,3107,2024-03-14 00:00:00,CYTHAMOS/ RICOBENDASOL,
8190,3108,2024-03-14 00:00:00,CYTHAMOS/ RICOBENDASOL,
8191,3178,2024-03-14 00:00:00,CYTHAMOS/ RICOBENDASOL,
8192,3750,2024-03-14 00:00:00,CYTHAMOS/ RICOBENDASOL,
8193,7059,2024-03-14 00:00:00,CYTHAMOS/ RICOBENDASOL,
8194,4066,2024-03-14 00:00:00,CYTHAMOS/ RICOBENDASOL,
8195,4099,2024-03-14 00:00:00,CYTHAMOS/ RICOBENDASOL,
8196,4100,2024-03-14 00:00:00,CYTHAMOS/ RICOBENDASOL,
8197,4141,2024-03-14 00:00:00,CYTHAMOS/ RICOBENDASOL,
8198,5052,2024-03-14 00:00:00,CYTHAMOS/ RICOBENDASOL,
8199,5076,2024-03-14 00:00:00,CYTHAMOS/ RICOBENDASOL,
8200,5082,2024-03-14 00:00:00,CYTHAMOS/ RICOBENDASOL,
8201,7072,2024-03-14 00:00:00,CYTHAMOS/ RICOBENDASOL,
8202,5098,2024-03-14 00:00:00,CYTHAMOS/ RICOBENDASOL,
8203,5146,2024-03-14 00:00:00,CYTHAMOS/ RICOBENDASOL,
8204,6011,2024-03-14 00:00:00,CYTHAMOS/ RICOBENDASOL,
8205,6020,2024-03-14 00:00:00,CYTHAMOS/ RICOBENDASOL,
8206,7012,2024-03-14 00:00:00,CYTHAMOS/ RICOBENDASOL,
8207,7017,2024-03-14 00:00:00,CYTHAMOS/ RICOBENDASOL,
8208,7074,2024-03-14 00:00:00,CYTHAMOS/ RICOBENDASOL,
8209,8010,2024-03-14 00:00:00,CYTHAMOS/ RICOBENDASOL,
8210,8013,2024-03-14 00:00:00,CYTHAMOS/ RICOBENDASOL,
8211,8014,2024-03-14 00:00:00,CYTHAMOS/ RICOBENDASOL,
8212,8017,2024-03-14 00:00:00,CYTHAMOS/ RICOBENDASOL,
8213,8026,2024-03-14 00:00:00,CYTHAMOS/ RICOBENDASOL,
8214,1027,2024-03-13 00:00:00,CYTHAMOS/ RICOBENDASOL,
8215,1044,2024-03-13 00:00:00,CYTHAMOS/ RICOBENDASOL,
8216,1053,2024-03-13 00:00:00,CYTHAMOS/ RICOBENDASOL,
8217,1055,2024-03-13 00:00:00,CYTHAMOS/ RICOBENDASOL,
8218,1056,2024-03-13 00:00:00,CYTHAMOS/ RICOBENDASOL,
8219,1064,2024-03-13 00:00:00,CYTHAMOS/ RICOBENDASOL,
8220,1067,2024-03-13 00:00:00,CYTHAMOS/ RICOBENDASOL,
8221,1069,2024-03-13 00:00:00,CYTHAMOS/ RICOBENDASOL,
8222,1070,2024-03-13 00:00:00,CYTHAMOS/ RICOBENDASOL,
8223,1076,2024-03-13 00:00:00,CYTHAMOS/ RICOBENDASOL,
8224,1077,2024-03-13 00:00:00,CYTHAMOS/ RICOBENDASOL,
8225,1080,2024-03-13 00:00:00,CYTHAMOS/ RICOBENDASOL,
8226,1082,2024-03-13 00:00:00,CYTHAMOS/ RICOBENDASOL,
8227,1083,2024-03-13 00:00:00,CYTHAMOS/ RICOBENDASOL,
8228,1085,2024-03-13 00:00:00,CYTHAMOS/ RICOBENDASOL,
8229,1092,2024-03-13 00:00:00,CYTHAMOS/ RICOBENDASOL,
8230,1093,2024-03-13 00:00:00,CYTHAMOS/ RICOBENDASOL,
8231,1095,2024-03-13 00:00:00,CYTHAMOS/ RICOBENDASOL,
8232,1097,2024-03-13 00:00:00,CYTHAMOS/ RICOBENDASOL,
8233,1101,2024-03-13 00:00:00,CYTHAMOS/ RICOBENDASOL,
8234,1104,2024-03-13 00:00:00,CYTHAMOS/ RICOBENDASOL,
8235,1106,2024-03-13 00:00:00,CYTHAMOS/ RICOBENDASOL,
8236,1112,2024-03-13 00:00:00,CYTHAMOS/ RICOBENDASOL,
8237,1130,2024-03-13 00:00:00,CYTHAMOS/ RICOBENDASOL,
8238,1146,2024-03-13 00:00:00,CYTHAMOS/ RICOBENDASOL,
8239,1156,2024-03-13 00:00:00,CYTHAMOS/ RICOBENDASOL,
8240,1165,2024-03-13 00:00:00,CYTHAMOS/ RICOBENDASOL,
8241,1166,2024-03-13 00:00:00,CYTHAMOS/ RICOBENDASOL,
8242,1174,2024-03-13 00:00:00,CYTHAMOS/ RICOBENDASOL,
8243,1204,2024-03-13 00:00:00,CYTHAMOS/ RICOBENDASOL,
8244,1206,2024-03-13 00:00:00,CYTHAMOS/ RICOBENDASOL,
8245,1215,2024-03-13 00:00:00,CYTHAMOS/ RICOBENDASOL,
8246,1216,2024-03-13 00:00:00,CYTHAMOS/ RICOBENDASOL,
8247,1219,2024-03-13 00:00:00,CYTHAMOS/ RICOBENDASOL,
8248,1228,2024-03-13 00:00:00,CYTHAMOS/ RICOBENDASOL,
8249,1253,2024-03-13 00:00:00,CYTHAMOS/ RICOBENDASOL,
8250,1257,2024-03-13 00:00:00,CYTHAMOS/ RICOBENDASOL,
8251,1292,2024-03-13 00:00:00,CYTHAMOS/ RICOBENDASOL,
8252,1324,2024-03-13 00:00:00,CYTHAMOS/ RICOBENDASOL,
8253,1336,2024-03-13 00:00:00,CYTHAMOS/ RICOBENDASOL,
8254,2004,2024-03-13 00:00:00,CYTHAMOS/ RICOBENDASOL,
8255,2022,2024-03-13 00:00:00,CYTHAMOS/ RICOBENDASOL,
8256,2025,2024-03-13 00:00:00,CYTHAMOS/ RICOBENDASOL,
8257,2029,2024-03-13 00:00:00,CYTHAMOS/ RICOBENDASOL,
8258,2032,2024-03-13 00:00:00,CYTHAMOS/ RICOBENDASOL,
8259,2045,2024-03-13 00:00:00,CYTHAMOS/ RICOBENDASOL,
8260,2053,2024-03-13 00:00:00,CYTHAMOS/ RICOBENDASOL,
8261,2054,2024-03-13 00:00:00,CYTHAMOS/ RICOBENDASOL,
8262,2056,2024-03-13 00:00:00,CYTHAMOS/ RICOBENDASOL,
8263,2090,2024-03-13 00:00:00,CYTHAMOS/ RICOBENDASOL,
8264,2091,2024-03-13 00:00:00,CYTHAMOS/ RICOBENDASOL,
8265,2092,2024-03-13 00:00:00,CYTHAMOS/ RICOBENDASOL,
8266,2106,2024-03-13 00:00:00,CYTHAMOS/ RICOBENDASOL,
8267,2155,2024-03-13 00:00:00,CYTHAMOS/ RICOBENDASOL,
8268,8028,2024-03-14 00:00:00,CYTHAMOS/ RICOBENDASOL,
8269,8030,2024-03-14 00:00:00,CYTHAMOS/ RICOBENDASOL,
8270,8051,2024-03-14 00:00:00,CYTHAMOS/ RICOBENDASOL,
8271,8054,2024-03-14 00:00:00,CYTHAMOS/ RICOBENDASOL,
8272,8079,2024-03-14 00:00:00,CYTHAMOS/ RICOBENDASOL,
8273,9040,2024-03-14 00:00:00,CYTHAMOS/ RICOBENDASOL,
8274,9046,2024-03-14 00:00:00,CYTHAMOS/ RICOBENDASOL,
8275,9067,2024-03-14 00:00:00,CYTHAMOS/ RICOBENDASOL,
8276,9238,2024-03-14 00:00:00,CYTHAMOS/ RICOBENDASOL,
8277,12164,2024-03-14 00:00:00,CYTHAMOS/ RICOBENDASOL,
8278,50501,2024-03-14 00:00:00,CYTHAMOS/ RICOBENDASOL,
8279,80121,2024-03-14 00:00:00,CYTHAMOS/ RICOBENDASOL,
8280,80882,2024-03-14 00:00:00,CYTHAMOS/ RICOBENDASOL,
8281,1056A,2024-03-14 00:00:00,CYTHAMOS/ RICOBENDASOL,
8282,1077A,2024-03-14 00:00:00,CYTHAMOS/ RICOBENDASOL,
8283,1090A,2024-03-14 00:00:00,CYTHAMOS/ RICOBENDASOL,
8284,1091A,2024-03-14 00:00:00,CYTHAMOS/ RICOBENDASOL,
8285,1112A,2024-03-14 00:00:00,CYTHAMOS/ RICOBENDASOL,
8286,2180A,2024-03-14 00:00:00,CYTHAMOS/ RICOBENDASOL,
8287,3026A,2024-03-14 00:00:00,CYTHAMOS/ RICOBENDASOL,
8288,3027A,2024-03-14 00:00:00,CYTHAMOS/ RICOBENDASOL,
8289,0231B,2024-03-14 00:00:00,CYTHAMOS/ RICOBENDASOL,
8290,2062,2024-03-14 00:00:00,CYTHAMOS/ RICOBENDASOL,
8291,2200,2024-03-14 00:00:00,CYTHAMOS/ RICOBENDASOL,
8292,4113,2024-03-14 00:00:00,CYTHAMOS/ RICOBENDASOL,
8293,5077,2024-03-14 00:00:00,CYTHAMOS/ RICOBENDASOL,
8294,0108,2024-03-14 00:00:00,CYTHAMOS/ RICOBENDASOL,
8295,2042,2024-03-14 00:00:00,CYTHAMOS/ RICOBENDASOL,
8296,2109,2024-03-14 00:00:00,CYTHAMOS/ RICOBENDASOL,
8297,23003,2024-03-14 00:00:00,CYTHAMOS/ RICOBENDASOL,
8298,2093,2024-03-14 00:00:00,CYTHAMOS/ RICOBENDASOL,
8299,2201,2024-03-14 00:00:00,CYTHAMOS/ RICOBENDASOL,
8300,9,2024-03-14 00:00:00,CYTHAMOS/ RICOBENDASOL,
8301,9110A,2024-03-14 00:00:00,CYTHAMOS/ RICOBENDASOL,
8302,2019,2024-03-14 00:00:00,CYTHAMOS/ RICOBENDASOL,
8303,2203,2024-03-14 00:00:00,CYTHAMOS/ RICOBENDASOL,
8304,22049,2024-03-14 00:00:00,CYTHAMOS/ RICOBENDASOL,
8305,22149,2024-03-14 00:00:00,CYTHAMOS/ RICOBENDASOL,
8306,22132,2024-03-14 00:00:00,CYTHAMOS/ RICOBENDASOL,
8307,2048,2024-03-14 00:00:00,CYTHAMOS/ RICOBENDASOL,
8308,1066,2024-03-14 00:00:00,CYTHAMOS/ RICOBENDASOL,
8309,2063B,2024-03-14 00:00:00,CYTHAMOS/ RICOBENDASOL,
8310,22126,2024-03-14 00:00:00,CYTHAMOS/ RICOBENDASOL,
8311,2111,2024-03-14 00:00:00,CYTHAMOS/ RICOBENDASOL,
8312,2146,2024-03-14 00:00:00,CYTHAMOS/ RICOBENDASOL,
8313,2153,2024-03-14 00:00:00,CYTHAMOS/ RICOBENDASOL,
8314,1096,2024-03-14 00:00:00,CYTHAMOS/ RICOBENDASOL,
8315,4065,2024-03-14 00:00:00,CYTHAMOS/ RICOBENDASOL,
8316,2103,2024-03-14 00:00:00,CYTHAMOS/ RICOBENDASOL,
8317,7067,2024-03-14 00:00:00,CYTHAMOS/ RICOBENDASOL,
8318,5090,2024-03-14 00:00:00,CYTHAMOS/ RICOBENDASOL,
8319,1075,2024-03-14 00:00:00,CYTHAMOS/ RICOBENDASOL,
8320,0336,2024-03-14 00:00:00,CYTHAMOS/ RICOBENDASOL,
8321,9219,2024-03-14 00:00:00,CYTHAMOS/ RICOBENDASOL,
8322,2040,2024-03-14 00:00:00,CYTHAMOS/ RICOBENDASOL,
8323,4172,2024-03-14 00:00:00,CYTHAMOS/ RICOBENDASOL,
8324,0348,2024-03-14 00:00:00,CYTHAMOS/ RICOBENDASOL,
8325,9121,2024-03-14 00:00:00,CYTHAMOS/ RICOBENDASOL,
8326,22172,2024-03-14 00:00:00,CYTHAMOS/ RICOBENDASOL,
8327,9071,2024-03-14 00:00:00,CYTHAMOS/ RICOBENDASOL,
8328,2143,2024-03-14 00:00:00,CYTHAMOS/ RICOBENDASOL,
8329,1034,2024-04-03 00:00:00,cythamos,
8330,1036,2024-04-03 00:00:00,cythamos,
8331,1037,2024-04-03 00:00:00,cythamos,
8332,1039,2024-04-03 00:00:00,cythamos,
8333,1041,2024-04-03 00:00:00,cythamos,
8334,1043,2024-04-03 00:00:00,cythamos,
8335,1046,2024-04-03 00:00:00,cythamos,
8336,1046A,2024-04-03 00:00:00,cythamos,
8337,1047,2024-04-03 00:00:00,cythamos,
8338,1048,2024-04-03 00:00:00,cythamos,
8339,1048A,2024-04-03 00:00:00,cythamos,
8340,1049,2024-04-03 00:00:00,cythamos,
8341,1052,2024-04-03 00:00:00,cythamos,
8342,1055,2024-04-03 00:00:00,cythamos,
8343,1060,2024-04-03 00:00:00,cythamos,
8344,1063A,2024-04-03 00:00:00,cythamos,
8345,1068,2024-04-03 00:00:00,cythamos,
8346,1074A,2024-04-03 00:00:00,cythamos,
8347,1078,2024-04-03 00:00:00,cythamos,
8348,1080,2024-04-03 00:00:00,cythamos,
8349,1080A,2024-04-03 00:00:00,cythamos,
8350,1082,2024-04-03 00:00:00,cythamos,
8351,1083,2024-04-03 00:00:00,cythamos,
8352,1090,2024-04-03 00:00:00,cythamos,
8353,1092,2024-04-03 00:00:00,cythamos,
8354,1095,2024-04-03 00:00:00,cythamos,
8355,1096B,2024-04-03 00:00:00,cythamos,
8356,1097,2024-04-03 00:00:00,cythamos,
8357,1098A,2024-04-03 00:00:00,cythamos,
8358,1101,2024-04-03 00:00:00,cythamos,
8359,1105,2024-04-03 00:00:00,cythamos,
8360,1106A,2024-04-03 00:00:00,cythamos,
8361,1107,2024-04-03 00:00:00,cythamos,
8362,1126,2024-04-03 00:00:00,cythamos,
8363,1130,2024-04-03 00:00:00,cythamos,
8364,1131,2024-04-03 00:00:00,cythamos,
8365,1134,2024-04-03 00:00:00,cythamos,
8366,1136,2024-04-03 00:00:00,cythamos,
8367,1139,2024-04-03 00:00:00,cythamos,
8368,1141,2024-04-03 00:00:00,cythamos,
8369,1142,2024-04-03 00:00:00,cythamos,
8370,1146,2024-04-03 00:00:00,cythamos,
8371,1148,2024-04-03 00:00:00,cythamos,
8372,1151,2024-04-03 00:00:00,cythamos,
8373,1152,2024-04-03 00:00:00,cythamos,
8374,1154,2024-04-03 00:00:00,cythamos,
8375,1156,2024-04-03 00:00:00,cythamos,
8376,1161A,2024-04-03 00:00:00,cythamos,
8377,1162,2024-04-03 00:00:00,cythamos,
8378,1163,2024-04-03 00:00:00,cythamos,
8379,1165,2024-04-03 00:00:00,cythamos,
8380,1174,2024-04-03 00:00:00,cythamos,
8381,1180,2024-04-03 00:00:00,cythamos,
8382,1182,2024-04-03 00:00:00,cythamos,
8383,1186,2024-04-03 00:00:00,cythamos,
8384,1187,2024-04-03 00:00:00,cythamos,
8385,5150,2024-04-18 00:00:00,doramectina 1% (dorax),
8386,0332,2024-04-18 00:00:00,doramectina 1% (dorax),
8387,91172,2024-04-18 00:00:00,doramectina 1% (dorax),
8388,91242,2024-04-18 00:00:00,doramectina 1% (dorax),
8389,31102,2024-04-18 00:00:00,doramectina 1% (dorax),
8390,2180A,2024-04-18 00:00:00,doramectina 1% (dorax),
8391,8094,2024-04-18 00:00:00,doramectina 1% (dorax),
8392,9037,2024-04-18 00:00:00,doramectina 1% (dorax),
8393,9073,2024-04-18 00:00:00,doramectina 1% (dorax),
8394,9091,2024-04-18 00:00:00,doramectina 1% (dorax),
8395,0269,2024-04-18 00:00:00,doramectina 1% (dorax),
8396,9042,2024-04-18 00:00:00,doramectina 1% (dorax),
8397,0329,2024-04-18 00:00:00,doramectina 1% (dorax),
8398,30212,2024-04-18 00:00:00,doramectina 1% (dorax),
8399,0338,2024-04-18 00:00:00,doramectina 1% (dorax),
8400,3750,2024-04-18 00:00:00,doramectina 1% (dorax),
8401,34,2024-04-18 00:00:00,doramectina 1% (dorax),
8402,2096,2024-04-18 00:00:00,doramectina 1% (dorax),
8403,0284,2024-04-18 00:00:00,doramectina 1% (dorax),
8404,0740,2024-04-18 00:00:00,doramectina 1% (dorax),
8405,9125,2024-04-18 00:00:00,doramectina 1% (dorax),
8406,2090A,2024-04-18 00:00:00,doramectina 1% (dorax),
8407,8033,2024-04-18 00:00:00,doramectina 1% (dorax),
8408,7022,2024-04-18 00:00:00,doramectina 1% (dorax),
8409,EMB 2,2024-04-18 00:00:00,doramectina 1% (dorax),
8410,9099,2024-04-18 00:00:00,doramectina 1% (dorax),
8411,0272,2024-04-18 00:00:00,doramectina 1% (dorax),
8412,3066B,2024-04-18 00:00:00,doramectina 1% (dorax),
8413,19,2024-04-18 00:00:00,doramectina 1% (dorax),
8414,0249,2024-04-18 00:00:00,doramectina 1% (dorax),
8415,4025,2024-04-18 00:00:00,doramectina 1% (dorax),
8416,3021A,2024-04-18 00:00:00,doramectina 1% (dorax),
8417,2209A,2024-04-18 00:00:00,doramectina 1% (dorax),
8418,7087,2024-04-18 00:00:00,doramectina 1% (dorax),
8419,4079,2024-04-18 00:00:00,doramectina 1% (dorax),
8420,4A,2024-04-18 00:00:00,doramectina 1% (dorax),
8421,0322,2024-04-18 00:00:00,doramectina 1% (dorax),
8422,2208A,2024-04-18 00:00:00,doramectina 1% (dorax),
8423,5052,2024-04-18 00:00:00,doramectina 1% (dorax),
8424,5007,2024-04-18 00:00:00,doramectina 1% (dorax),
8425,7083,2024-04-18 00:00:00,doramectina 1% (dorax),
8426,6067,2024-04-18 00:00:00,doramectina 1% (dorax),
8427,5030,2024-04-18 00:00:00,doramectina 1% (dorax),
8428,1095A,2024-04-18 00:00:00,doramectina 1% (dorax),
8429,20334,2024-04-18 00:00:00,doramectina 1% (dorax),
8430,8006,2024-04-18 00:00:00,doramectina 1% (dorax),
8431,6035,2024-04-18 00:00:00,doramectina 1% (dorax),
8432,9128B,2024-04-18 00:00:00,doramectina 1% (dorax),
8433,7033,2024-04-18 00:00:00,doramectina 1% (dorax),
8434,9113,2024-04-18 00:00:00,doramectina 1% (dorax),
8435,2171,2024-04-18 00:00:00,doramectina 1% (dorax),
8436,1139A,2024-04-18 00:00:00,doramectina 1% (dorax),
8437,0229,2024-04-18 00:00:00,doramectina 1% (dorax),
8438,4087,2024-04-18 00:00:00,doramectina 1% (dorax),
8439,8036,2024-04-18 00:00:00,doramectina 1% (dorax),
8440,5033,2024-04-18 00:00:00,doramectina 1% (dorax),
8441,5079,2024-04-18 00:00:00,doramectina 1% (dorax),
8442,2079,2024-04-18 00:00:00,doramectina 1% (dorax),
8443,0323,2024-04-18 00:00:00,doramectina 1% (dorax),
8444,91262,2024-04-18 00:00:00,doramectina 1% (dorax),
8445,1078A,2024-04-18 00:00:00,doramectina 1% (dorax),
8446,0231A,2024-04-18 00:00:00,doramectina 1% (dorax),
8447,2219,2024-04-18 00:00:00,doramectina 1% (dorax),
8448,2133A,2024-04-18 00:00:00,doramectina 1% (dorax),
8449,9020,2024-04-18 00:00:00,doramectina 1% (dorax),
8450,0201,2024-04-18 00:00:00,doramectina 1% (dorax),
8451,2037,2024-04-18 00:00:00,doramectina 1% (dorax),
8452,9006,2024-04-18 00:00:00,doramectina 1% (dorax),
8453,2196A,2024-04-18 00:00:00,doramectina 1% (dorax),
8454,8096,2024-04-18 00:00:00,doramectina 1% (dorax),
8455,8046,2024-04-18 00:00:00,doramectina 1% (dorax),
8456,7007,2024-04-18 00:00:00,doramectina 1% (dorax),
8457,3043,2024-04-18 00:00:00,doramectina 1% (dorax),
8458,2021,2024-04-18 00:00:00,doramectina 1% (dorax),
8459,5060,2024-04-18 00:00:00,doramectina 1% (dorax),
8460,5679,2024-04-18 00:00:00,doramectina 1% (dorax),
8461,9015,2024-04-18 00:00:00,doramectina 1% (dorax),
8462,4075,2024-04-18 00:00:00,doramectina 1% (dorax),
8463,6043,2024-04-18 00:00:00,doramectina 1% (dorax),
8464,0220,2024-04-18 00:00:00,doramectina 1% (dorax),
8465,5010,2024-04-18 00:00:00,doramectina 1% (dorax),
8466,0259,2024-04-18 00:00:00,doramectina 1% (dorax),
8467,2226,2024-04-18 00:00:00,doramectina 1% (dorax),
8468,3024A,2024-04-18 00:00:00,doramectina 1% (dorax),
8469,7061,2024-04-18 00:00:00,doramectina 1% (dorax),
8470,0278,2024-04-18 00:00:00,doramectina 1% (dorax),
8471,9007,2024-04-18 00:00:00,doramectina 1% (dorax),
8472,7032,2024-04-18 00:00:00,doramectina 1% (dorax),
8473,2083,2024-04-18 00:00:00,doramectina 1% (dorax),
8474,7077,2024-04-18 00:00:00,doramectina 1% (dorax),
8475,9053,2024-04-18 00:00:00,doramectina 1% (dorax),
8476,2094A,2024-04-18 00:00:00,doramectina 1% (dorax),
8477,2130,2024-04-18 00:00:00,doramectina 1% (dorax),
8478,0333,2024-04-18 00:00:00,doramectina 1% (dorax),
8479,0111,2024-04-18 00:00:00,doramectina 1% (dorax),
8480,4065,2024-04-18 00:00:00,doramectina 1% (dorax),
8481,8076,2024-04-18 00:00:00,doramectina 1% (dorax),
8482,9389,2024-04-18 00:00:00,doramectina 1% (dorax),
8483,9122,2024-04-18 00:00:00,doramectina 1% (dorax),
8484,91091,2024-04-18 00:00:00,doramectina 1% (dorax),
8485,9016,2024-04-18 00:00:00,doramectina 1% (dorax),
8486,8041,2024-04-18 00:00:00,doramectina 1% (dorax),
8487,8028,2024-04-18 00:00:00,doramectina 1% (dorax),
8488,8014,2024-04-18 00:00:00,doramectina 1% (dorax),
8489,4099,2024-04-18 00:00:00,doramectina 1% (dorax),
8490,0336,2024-04-18 00:00:00,doramectina 1% (dorax),
8491,0321,2024-04-18 00:00:00,doramectina 1% (dorax),
8492,0241,2024-04-18 00:00:00,doramectina 1% (dorax),
8493,0233,2024-04-18 00:00:00,doramectina 1% (dorax),
8494,0206B,2024-04-18 00:00:00,doramectina 1% (dorax),
8495,5529,2024-04-18 00:00:00,doramectina 1% (dorax),
8496,5592,2024-04-18 00:00:00,doramectina 1% (dorax),
8497,TORO5,2024-04-18 00:00:00,doramectina 1% (dorax),
8498,23136,2024-04-24 00:00:00,CALBOMAX,
8499,23184,2024-04-24 00:00:00,CALBOMAX,
8500,23168,2024-04-24 00:00:00,CALBOMAX,
8501,3103,2024-04-24 00:00:00,CALBOMAX,
8502,23100,2024-04-24 00:00:00,CALBOMAX,
8503,23182,2024-04-24 00:00:00,CALBOMAX,
8504,23075,2024-04-24 00:00:00,CALBOMAX,
8505,23097,2024-04-24 00:00:00,CALBOMAX,
8506,23133,2024-04-24 00:00:00,CALBOMAX,
8507,23218,2024-04-24 00:00:00,CALBOMAX,
8508,23089,2024-04-24 00:00:00,CALBOMAX,
8509,23094,2024-04-24 00:00:00,CALBOMAX,
8510,23132,2024-04-24 00:00:00,CALBOMAX,
8511,23126,2024-04-24 00:00:00,CALBOMAX,
8512,23109,2024-04-24 00:00:00,CALBOMAX,
8513,22195,2024-04-24 00:00:00,CALBOMAX,
8514,23031,2024-04-24 00:00:00,CALBOMAX,
8515,23147,2024-04-24 00:00:00,CALBOMAX,
8516,23086,2024-04-24 00:00:00,CALBOMAX,
8517,23140,2024-04-24 00:00:00,CALBOMAX,
8518,23145,2024-04-24 00:00:00,CALBOMAX,
8519,23139,2024-04-24 00:00:00,CALBOMAX,
8520,23070,2024-04-24 00:00:00,CALBOMAX,
8521,23066,2024-04-24 00:00:00,CALBOMAX,
8522,23020,2024-04-24 00:00:00,CALBOMAX,
8523,BU20,2024-04-24 00:00:00,CALBOMAX,
8524,22135,2024-04-24 00:00:00,CALBOMAX,
8525,23148,2024-04-24 00:00:00,CALBOMAX,
8526,BU48,2024-04-24 00:00:00,CALBOMAX,
8527,2154,2024-04-24 00:00:00,CALBOMAX,
8528,23194,2024-04-24 00:00:00,CALBOMAX,
8529,9904,2024-04-24 00:00:00,CALBOMAX,
8530,9036,2024-04-24 00:00:00,CALBOMAX,
8531,0107,2024-04-24 00:00:00,CALBOMAX,
8532,EMB 5,2024-04-24 00:00:00,CALBOMAX,
8533,23125,2024-04-24 00:00:00,CALBOMAX,
8534,EMB 4,2024-04-24 00:00:00,CALBOMAX,
8535,2079,2024-04-24 00:00:00,CALBOMAX,
8536,1168,2024-04-24 00:00:00,CALBOMAX,
8537,0102,2024-04-24 00:00:00,CALBOMAX,
8538,809,2024-04-24 00:00:00,CALBOMAX,
8539,8073,2024-04-24 00:00:00,CALBOMAX,
8540,7067,2024-04-24 00:00:00,CALBOMAX,
8541,7004,2024-04-24 00:00:00,CALBOMAX,
8542,EMB 1,2024-04-24 00:00:00,CALBOMAX,
8543,2143,2024-04-24 00:00:00,CALBOMAX,
8544,5072,2024-04-24 00:00:00,CALBOMAX,
8545,1055,2024-04-24 00:00:00,CALBOMAX,
8546,0298A,2024-05-07 00:00:00,PROTOX/ REPROFORTE/ RICOBENDASOL,
8547,8037,2024-05-07 00:00:00,PROTOX/ REPROFORTE/ RICOBENDASOL,
8548,8063,2024-05-07 00:00:00,PROTOX/ REPROFORTE/ RICOBENDASOL,
8549,9058,2024-05-07 00:00:00,PROTOX/ REPROFORTE/ RICOBENDASOL,
8550,9103,2024-05-07 00:00:00,PROTOX/ REPROFORTE/ RICOBENDASOL,
8551,8030,2024-05-07 00:00:00,PROTOX/ REPROFORTE/ RICOBENDASOL,
8552,1066A,2024-05-07 00:00:00,PROTOX/ REPROFORTE/ RICOBENDASOL,
8553,4035,2024-05-07 00:00:00,PROTOX/ REPROFORTE/ RICOBENDASOL,
8554,9076,2024-05-07 00:00:00,PROTOX/ REPROFORTE/ RICOBENDASOL,
8555,0226,2024-05-07 00:00:00,PROTOX/ REPROFORTE/ RICOBENDASOL,
8556,3132,2024-05-07 00:00:00,PROTOX/ REPROFORTE/ RICOBENDASOL,
8557,8062,2024-05-07 00:00:00,PROTOX/ REPROFORTE/ RICOBENDASOL,
8558,1004,2024-05-07 00:00:00,PROTOX/ REPROFORTE/ RICOBENDASOL,
8559,4095,2024-05-07 00:00:00,PROTOX/ REPROFORTE/ RICOBENDASOL,
8560,91171,2024-05-07 00:00:00,PROTOX/ REPROFORTE/ RICOBENDASOL,
8561,0132,2024-05-07 00:00:00,PROTOX/ REPROFORTE/ RICOBENDASOL,
8562,0332,2024-05-07 00:00:00,PROTOX/ REPROFORTE/ RICOBENDASOL,
8563,91242,2024-05-07 00:00:00,PROTOX/ REPROFORTE/ RICOBENDASOL,
8564,2180A,2024-05-07 00:00:00,PROTOX/ REPROFORTE/ RICOBENDASOL,
8565,8094,2024-05-07 00:00:00,PROTOX/ REPROFORTE/ RICOBENDASOL,
8566,9037,2024-05-07 00:00:00,PROTOX/ REPROFORTE/ RICOBENDASOL,
8567,9073,2024-05-07 00:00:00,PROTOX/ REPROFORTE/ RICOBENDASOL,
8568,9091,2024-05-07 00:00:00,PROTOX/ REPROFORTE/ RICOBENDASOL,
8569,0233,2024-05-07 00:00:00,PROTOX/ REPROFORTE/ RICOBENDASOL,
8570,0269,2024-05-07 00:00:00,PROTOX/ REPROFORTE/ RICOBENDASOL,
8571,0329,2024-05-07 00:00:00,PROTOX/ REPROFORTE/ RICOBENDASOL,
8572,30212,2024-05-07 00:00:00,PROTOX/ REPROFORTE/ RICOBENDASOL,
8573,0241,2024-05-07 00:00:00,PROTOX/ REPROFORTE/ RICOBENDASOL,
8574,0338,2024-05-07 00:00:00,PROTOX/ REPROFORTE/ RICOBENDASOL,
8575,8079,2024-05-07 00:00:00,PROTOX/ REPROFORTE/ RICOBENDASOL,
8576,3750,2024-05-07 00:00:00,PROTOX/ REPROFORTE/ RICOBENDASOL,
8577,34,2024-05-07 00:00:00,PROTOX/ REPROFORTE/ RICOBENDASOL,
8578,2096,2024-05-07 00:00:00,PROTOX/ REPROFORTE/ RICOBENDASOL,
8579,0284,2024-05-07 00:00:00,PROTOX/ REPROFORTE/ RICOBENDASOL,
8580,9125,2024-05-07 00:00:00,PROTOX/ REPROFORTE/ RICOBENDASOL,
8581,2090A,2024-05-07 00:00:00,PROTOX/ REPROFORTE/ RICOBENDASOL,
8582,7022,2024-05-07 00:00:00,PROTOX/ REPROFORTE/ RICOBENDASOL,
8583,9099,2024-05-07 00:00:00,PROTOX/ REPROFORTE/ RICOBENDASOL,
8584,0272,2024-05-07 00:00:00,PROTOX/ REPROFORTE/ RICOBENDASOL,
8585,19,2024-05-07 00:00:00,PROTOX/ REPROFORTE/ RICOBENDASOL,
8586,0249,2024-05-07 00:00:00,PROTOX/ REPROFORTE/ RICOBENDASOL,
8587,2209A,2024-05-07 00:00:00,PROTOX/ REPROFORTE/ RICOBENDASOL,
8588,0336,2024-05-07 00:00:00,PROTOX/ REPROFORTE/ RICOBENDASOL,
8589,0322,2024-05-07 00:00:00,PROTOX/ REPROFORTE/ RICOBENDASOL,
8590,2208A,2024-05-07 00:00:00,PROTOX/ REPROFORTE/ RICOBENDASOL,
8591,5052,2024-05-07 00:00:00,PROTOX/ REPROFORTE/ RICOBENDASOL,
8592,5007,2024-05-07 00:00:00,PROTOX/ REPROFORTE/ RICOBENDASOL,
8593,6067,2024-05-07 00:00:00,PROTOX/ REPROFORTE/ RICOBENDASOL,
8594,5030,2024-05-07 00:00:00,PROTOX/ REPROFORTE/ RICOBENDASOL,
8595,1095A,2024-05-07 00:00:00,PROTOX/ REPROFORTE/ RICOBENDASOL,
8596,20334,2024-05-07 00:00:00,PROTOX/ REPROFORTE/ RICOBENDASOL,
8597,8006,2024-05-07 00:00:00,PROTOX/ REPROFORTE/ RICOBENDASOL,
8598,6035,2024-05-07 00:00:00,PROTOX/ REPROFORTE/ RICOBENDASOL,
8599,2171,2024-05-07 00:00:00,PROTOX/ REPROFORTE/ RICOBENDASOL,
8600,0229,2024-05-07 00:00:00,PROTOX/ REPROFORTE/ RICOBENDASOL,
8601,8036,2024-05-07 00:00:00,PROTOX/ REPROFORTE/ RICOBENDASOL,
8602,0323,2024-05-07 00:00:00,PROTOX/ REPROFORTE/ RICOBENDASOL,
8603,91262,2024-05-07 00:00:00,PROTOX/ REPROFORTE/ RICOBENDASOL,
8604,0231A,2024-05-07 00:00:00,PROTOX/ REPROFORTE/ RICOBENDASOL,
8605,0201,2024-05-07 00:00:00,PROTOX/ REPROFORTE/ RICOBENDASOL,
8606,9006,2024-05-07 00:00:00,PROTOX/ REPROFORTE/ RICOBENDASOL,
8607,8096,2024-05-07 00:00:00,PROTOX/ REPROFORTE/ RICOBENDASOL,
8608,3043,2024-05-07 00:00:00,PROTOX/ REPROFORTE/ RICOBENDASOL,
8609,2021,2024-05-07 00:00:00,PROTOX/ REPROFORTE/ RICOBENDASOL,
8610,5060,2024-05-07 00:00:00,PROTOX/ REPROFORTE/ RICOBENDASOL,
8611,9015,2024-05-07 00:00:00,PROTOX/ REPROFORTE/ RICOBENDASOL,
8612,6043,2024-05-07 00:00:00,PROTOX/ REPROFORTE/ RICOBENDASOL,
8613,0259,2024-05-07 00:00:00,PROTOX/ REPROFORTE/ RICOBENDASOL,
8614,7061,2024-05-07 00:00:00,PROTOX/ REPROFORTE/ RICOBENDASOL,
8615,0278,2024-05-07 00:00:00,PROTOX/ REPROFORTE/ RICOBENDASOL,
8616,9007,2024-05-07 00:00:00,PROTOX/ REPROFORTE/ RICOBENDASOL,
8617,3107,2024-05-07 00:00:00,PROTOX/ REPROFORTE/ RICOBENDASOL,
8618,7077,2024-05-07 00:00:00,PROTOX/ REPROFORTE/ RICOBENDASOL,
8619,9053,2024-05-07 00:00:00,PROTOX/ REPROFORTE/ RICOBENDASOL,
8620,2130,2024-05-07 00:00:00,PROTOX/ REPROFORTE/ RICOBENDASOL,
8621,0333,2024-05-07 00:00:00,PROTOX/ REPROFORTE/ RICOBENDASOL,
8622,0111,2024-05-07 00:00:00,PROTOX/ REPROFORTE/ RICOBENDASOL,
8623,8076,2024-05-07 00:00:00,PROTOX/ REPROFORTE/ RICOBENDASOL,
8624,1090A,2024-05-07 00:00:00,PROTOX/ REPROFORTE/ RICOBENDASOL,
8625,6020,2024-05-07 00:00:00,PROTOX/ REPROFORTE/ RICOBENDASOL,
8626,05,2024-05-07 00:00:00,PROTOX/ REPROFORTE/ RICOBENDASOL,
8627,5629,2024-05-07 00:00:00,PROTOX / RICOBENDASOL,
8628,8061,2024-05-08 00:00:00,PROTOX/ REPROFORTE/ RICOBENDASOL,
8629,0202,2024-05-08 00:00:00,PROTOX/ REPROFORTE/ RICOBENDASOL,
8630,0018,2024-05-08 00:00:00,PROTOX/ REPROFORTE/ RICOBENDASOL,
8631,3119,2024-05-08 00:00:00,PROTOX/ REPROFORTE/ RICOBENDASOL,
8632,5150,2024-05-08 00:00:00,PROTOX/ REPROFORTE/ RICOBENDASOL,
8633,91172,2024-05-08 00:00:00,PROTOX/ REPROFORTE/ RICOBENDASOL,
8634,0740,2024-05-08 00:00:00,PROTOX/ REPROFORTE/ RICOBENDASOL,
8635,EMB 2,2024-05-08 00:00:00,PROTOX/ REPROFORTE/ RICOBENDASOL,
8636,3066B,2024-05-08 00:00:00,PROTOX/ REPROFORTE/ RICOBENDASOL,
8637,4025,2024-05-08 00:00:00,PROTOX/ REPROFORTE/ RICOBENDASOL,
8638,3021A,2024-05-08 00:00:00,PROTOX/ REPROFORTE/ RICOBENDASOL,
8639,7087,2024-05-08 00:00:00,PROTOX/ REPROFORTE/ RICOBENDASOL,
8640,4A,2024-05-08 00:00:00,PROTOX/ REPROFORTE/ RICOBENDASOL,
8641,7083,2024-05-08 00:00:00,PROTOX/ REPROFORTE/ RICOBENDASOL,
8642,7033,2024-05-08 00:00:00,PROTOX/ REPROFORTE/ RICOBENDASOL,
8643,9113,2024-05-08 00:00:00,PROTOX/ REPROFORTE/ RICOBENDASOL,
8644,1139A,2024-05-08 00:00:00,PROTOX/ REPROFORTE/ RICOBENDASOL,
8645,4087,2024-05-08 00:00:00,PROTOX/ REPROFORTE/ RICOBENDASOL,
8646,5033,2024-05-08 00:00:00,PROTOX/ REPROFORTE/ RICOBENDASOL,
8647,1078A,2024-05-08 00:00:00,PROTOX/ REPROFORTE/ RICOBENDASOL,
8648,2133A,2024-05-08 00:00:00,PROTOX/ REPROFORTE/ RICOBENDASOL,
8649,9020,2024-05-08 00:00:00,PROTOX/ REPROFORTE/ RICOBENDASOL,
8650,8046,2024-05-08 00:00:00,PROTOX/ REPROFORTE/ RICOBENDASOL,
8651,7007,2024-05-08 00:00:00,PROTOX/ REPROFORTE/ RICOBENDASOL,
8652,8051,2024-05-08 00:00:00,PROTOX/ REPROFORTE/ RICOBENDASOL,
8653,4075,2024-05-08 00:00:00,PROTOX/ REPROFORTE/ RICOBENDASOL,
8654,0220,2024-05-08 00:00:00,PROTOX/ REPROFORTE/ RICOBENDASOL,
8655,5010,2024-05-08 00:00:00,PROTOX/ REPROFORTE/ RICOBENDASOL,
8656,2226,2024-05-08 00:00:00,PROTOX/ REPROFORTE/ RICOBENDASOL,
8657,3024A,2024-05-08 00:00:00,PROTOX/ REPROFORTE/ RICOBENDASOL,
8658,2083,2024-05-08 00:00:00,PROTOX/ REPROFORTE/ RICOBENDASOL,
8659,2094A,2024-05-08 00:00:00,PROTOX/ REPROFORTE/ RICOBENDASOL,
8660,9389,2024-05-08 00:00:00,PROTOX/ REPROFORTE/ RICOBENDASOL,
8661,2063A,2024-05-08 00:00:00,PROTOX/ REPROFORTE/ RICOBENDASOL,
8662,5529,2024-05-07 00:00:00,PROTOX / RICOBENDASOL,
8663,5592,2024-05-07 00:00:00,PROTOX / RICOBENDASOL,
8664,5638,2024-05-07 00:00:00,PROTOX / RICOBENDASOL,
8665,6042,2024-05-08 00:00:00,PROTOX / RICOBENDASOL,
8666,0109A,2024-05-14 00:00:00,aftosa/clostridium/ricobendasol/protox,
8667,0116A,2024-05-14 00:00:00,aftosa/clostridium/ricobendasol/protox,
8668,0118A,2024-05-14 00:00:00,aftosa/clostridium/ricobendasol/protox,
8669,0119,2024-05-14 00:00:00,aftosa/clostridium/ricobendasol/protox,
8670,0127,2024-05-14 00:00:00,aftosa/clostridium/ricobendasol/protox,
8671,0185,2024-05-14 00:00:00,aftosa/clostridium/ricobendasol/protox,
8672,0198,2024-05-14 00:00:00,aftosa/clostridium/ricobendasol/protox,
8673,0204B,2024-05-14 00:00:00,aftosa/clostridium/ricobendasol/protox,
8674,0216A,2024-05-14 00:00:00,aftosa/clostridium/ricobendasol/protox,
8675,0293,2024-05-14 00:00:00,aftosa/clostridium/ricobendasol/protox,
8676,0317,2024-05-14 00:00:00,aftosa/clostridium/ricobendasol/protox,
8677,0346,2024-05-14 00:00:00,aftosa/clostridium/ricobendasol/protox,
8678,0351,2024-05-14 00:00:00,aftosa/clostridium/ricobendasol/protox,
8679,0358,2024-05-14 00:00:00,aftosa/clostridium/ricobendasol/protox,
8680,099,2024-05-14 00:00:00,aftosa/clostridium/ricobendasol/protox,
8681,1008,2024-05-14 00:00:00,aftosa/clostridium/ricobendasol/protox,
8682,1018,2024-05-14 00:00:00,aftosa/clostridium/ricobendasol/protox,
8683,1026,2024-05-14 00:00:00,aftosa/clostridium/ricobendasol/protox,
8684,1027,2024-05-14 00:00:00,aftosa/clostridium/ricobendasol/protox,
8685,1027A,2024-05-14 00:00:00,aftosa/clostridium/ricobendasol/protox,
8686,1031,2024-05-14 00:00:00,aftosa/clostridium/ricobendasol/protox,
8687,1036,2024-05-14 00:00:00,aftosa/clostridium/ricobendasol/protox,
8688,1044,2024-05-14 00:00:00,aftosa/clostridium/ricobendasol/protox,
8689,1046A,2024-05-14 00:00:00,aftosa/clostridium/ricobendasol/protox,
8690,1047,2024-05-14 00:00:00,aftosa/clostridium/ricobendasol/protox,
8691,1048,2024-05-14 00:00:00,aftosa/clostridium/ricobendasol/protox,
8692,1053,2024-05-14 00:00:00,aftosa/clostridium/ricobendasol/protox,
8693,1055,2024-05-14 00:00:00,aftosa/clostridium/ricobendasol/protox,
8694,1055A,2024-05-14 00:00:00,aftosa/clostridium/ricobendasol/protox,
8695,1056,2024-05-14 00:00:00,aftosa/clostridium/ricobendasol/protox,
8696,1064,2024-05-14 00:00:00,aftosa/clostridium/ricobendasol/protox,
8697,1067,2024-05-14 00:00:00,aftosa/clostridium/ricobendasol/protox,
8698,1068,2024-05-14 00:00:00,aftosa/clostridium/ricobendasol/protox,
8699,1069,2024-05-14 00:00:00,aftosa/clostridium/ricobendasol/protox,
8700,1070,2024-05-14 00:00:00,aftosa/clostridium/ricobendasol/protox,
8701,1070A,2024-05-14 00:00:00,aftosa/clostridium/ricobendasol/protox,
8702,1076,2024-05-14 00:00:00,aftosa/clostridium/ricobendasol/protox,
8703,1077,2024-05-14 00:00:00,aftosa/clostridium/ricobendasol/protox,
8704,1078,2024-05-14 00:00:00,aftosa/clostridium/ricobendasol/protox,
8705,1082A,2024-05-14 00:00:00,aftosa/clostridium/ricobendasol/protox,
8706,1085,2024-05-14 00:00:00,aftosa/clostridium/ricobendasol/protox,
8707,1092A,2024-05-14 00:00:00,aftosa/clostridium/ricobendasol/protox,
8708,1093,2024-05-14 00:00:00,aftosa/clostridium/ricobendasol/protox,
8709,1095B,2024-05-14 00:00:00,aftosa/clostridium/ricobendasol/protox,
8710,1096A,2024-05-14 00:00:00,aftosa/clostridium/ricobendasol/protox,
8711,1097A,2024-05-14 00:00:00,aftosa/clostridium/ricobendasol/protox,
8712,1101,2024-05-14 00:00:00,aftosa/clostridium/ricobendasol/protox,
8713,1101A,2024-05-14 00:00:00,aftosa/clostridium/ricobendasol/protox,
8714,1104,2024-05-14 00:00:00,aftosa/clostridium/ricobendasol/protox,
8715,1105,2024-05-14 00:00:00,aftosa/clostridium/ricobendasol/protox,
8716,1189,2024-04-03 00:00:00,cythamos,
8717,1190,2024-04-03 00:00:00,cythamos,
8718,1202,2024-04-03 00:00:00,cythamos,
8719,1204,2024-04-03 00:00:00,cythamos,
8720,1205,2024-04-03 00:00:00,cythamos,
8721,1206,2024-04-03 00:00:00,cythamos,
8722,1207,2024-04-03 00:00:00,cythamos,
8723,1212,2024-04-03 00:00:00,cythamos,
8724,1213,2024-04-03 00:00:00,cythamos,
8725,1214,2024-04-03 00:00:00,cythamos,
8726,1215,2024-04-03 00:00:00,cythamos,
8727,1238,2024-04-03 00:00:00,cythamos,
8728,1253,2024-04-03 00:00:00,cythamos,
8729,1257,2024-04-03 00:00:00,cythamos,
8730,1324,2024-04-03 00:00:00,cythamos,
8731,2027,2024-04-03 00:00:00,cythamos,
8732,2035,2024-04-03 00:00:00,cythamos,
8733,2041,2024-04-03 00:00:00,cythamos,
8734,2060,2024-04-03 00:00:00,cythamos,
8735,2065,2024-04-03 00:00:00,cythamos,
8736,2128,2024-04-03 00:00:00,cythamos,
8737,2204,2024-04-03 00:00:00,cythamos,
8738,2781,2024-04-03 00:00:00,cythamos,
8739,36,2024-04-03 00:00:00,cythamos,
8740,9135,2024-04-03 00:00:00,cythamos,
8741,9136A,2024-04-03 00:00:00,cythamos,
8742,MSN16,2024-04-03 00:00:00,cythamos,
8743,MSN17,2024-04-03 00:00:00,cythamos,
8744,MSN2,2024-04-03 00:00:00,cythamos,
8745,MSN4,2024-04-03 00:00:00,cythamos,
8746,MSN8,2024-04-03 00:00:00,cythamos,
8747,SN50,2024-04-03 00:00:00,cythamos,
8748,0004,2024-04-03 00:00:00,cythamos,
8749,0094,2024-04-03 00:00:00,cythamos,
8750,0103A,2024-04-03 00:00:00,cythamos,
8751,0104,2024-04-03 00:00:00,cythamos,
8752,0109,2024-04-03 00:00:00,cythamos,
8753,0109A,2024-04-03 00:00:00,cythamos,
8754,0110,2024-04-03 00:00:00,cythamos,
8755,0115,2024-04-03 00:00:00,cythamos,
8756,0116,2024-04-03 00:00:00,cythamos,
8757,0116A,2024-04-03 00:00:00,cythamos,
8758,0118,2024-04-03 00:00:00,cythamos,
8759,0141,2024-04-03 00:00:00,cythamos,
8760,0171,2024-04-03 00:00:00,cythamos,
8761,0195,2024-04-03 00:00:00,cythamos,
8762,0196,2024-04-03 00:00:00,cythamos,
8763,0198,2024-04-03 00:00:00,cythamos,
8764,0204A,2024-04-03 00:00:00,cythamos,
8765,0208,2024-04-03 00:00:00,cythamos,
8766,0210,2024-04-03 00:00:00,cythamos,
8767,0212,2024-04-03 00:00:00,cythamos,
8768,0214,2024-04-03 00:00:00,cythamos,
8769,0216A,2024-04-03 00:00:00,cythamos,
8770,0217,2024-04-03 00:00:00,cythamos,
8771,0219,2024-04-03 00:00:00,cythamos,
8772,0221A,2024-04-03 00:00:00,cythamos,
8773,0222,2024-04-03 00:00:00,cythamos,
8774,0223A,2024-04-03 00:00:00,cythamos,
8775,0223B,2024-04-03 00:00:00,cythamos,
8776,0242,2024-04-03 00:00:00,cythamos,
8777,0260,2024-04-03 00:00:00,cythamos,
8778,0273,2024-04-03 00:00:00,cythamos,
8779,0279,2024-04-03 00:00:00,cythamos,
8780,0292,2024-04-03 00:00:00,cythamos,
8781,0293,2024-04-03 00:00:00,cythamos,
8782,0325,2024-04-03 00:00:00,cythamos,
8783,0334,2024-04-03 00:00:00,cythamos,
8784,0335,2024-04-03 00:00:00,cythamos,
8785,0345,2024-04-03 00:00:00,cythamos,
8786,0346,2024-04-03 00:00:00,cythamos,
8787,0351,2024-04-03 00:00:00,cythamos,
8788,0358,2024-04-03 00:00:00,cythamos,
8789,099,2024-04-03 00:00:00,cythamos,
8790,1026,2024-04-03 00:00:00,cythamos,
8791,1027,2024-04-03 00:00:00,cythamos,
8792,1027A,2024-04-03 00:00:00,cythamos,
8793,1029,2024-04-03 00:00:00,cythamos,
8794,1030,2024-04-03 00:00:00,cythamos,
8795,1031,2024-04-03 00:00:00,cythamos,
8796,8016,2024-04-06 00:00:00,cythamos,
8797,0128,2024-04-06 00:00:00,cythamos,
8798,0139,2024-04-06 00:00:00,cythamos,
8799,0215A,2024-04-06 00:00:00,cythamos,
8800,0320,2024-04-06 00:00:00,cythamos,
8801,10391,2024-04-06 00:00:00,cythamos,
8802,1117,2024-04-06 00:00:00,cythamos,
8803,1310,2024-04-06 00:00:00,cythamos,
8804,2,2024-04-06 00:00:00,cythamos,
8805,2025A,2024-04-06 00:00:00,cythamos,
8806,2062,2024-04-06 00:00:00,cythamos,
8807,2093A,2024-04-06 00:00:00,cythamos,
8808,2097,2024-04-06 00:00:00,cythamos,
8809,21027,2024-04-06 00:00:00,cythamos,
8810,213,2024-04-06 00:00:00,cythamos,
8811,2143,2024-04-06 00:00:00,cythamos,
8812,2337,2024-04-06 00:00:00,cythamos,
8813,3015,2024-04-06 00:00:00,cythamos,
8814,3044A,2024-04-06 00:00:00,cythamos,
8815,40072,2024-04-06 00:00:00,cythamos,
8816,4008,2024-04-06 00:00:00,cythamos,
8817,4023,2024-04-06 00:00:00,cythamos,
8818,4033,2024-04-06 00:00:00,cythamos,
8819,4041,2024-04-06 00:00:00,cythamos,
8820,4043,2024-04-06 00:00:00,cythamos,
8821,4053,2024-04-06 00:00:00,cythamos,
8822,406,2024-04-06 00:00:00,cythamos,
8823,4076,2024-04-06 00:00:00,cythamos,
8824,4078,2024-04-06 00:00:00,cythamos,
8825,4147,2024-04-06 00:00:00,cythamos,
8826,5013,2024-04-06 00:00:00,cythamos,
8827,5035,2024-04-06 00:00:00,cythamos,
8828,5072,2024-04-06 00:00:00,cythamos,
8829,50741,2024-04-06 00:00:00,cythamos,
8830,5090,2024-04-06 00:00:00,cythamos,
8831,5092,2024-04-06 00:00:00,cythamos,
8832,5144,2024-04-06 00:00:00,cythamos,
8833,6010,2024-04-06 00:00:00,cythamos,
8834,6028,2024-04-06 00:00:00,cythamos,
8835,6037,2024-04-06 00:00:00,cythamos,
8836,6070,2024-04-06 00:00:00,cythamos,
8837,7038,2024-04-06 00:00:00,cythamos,
8838,7050,2024-04-06 00:00:00,cythamos,
8839,7052,2024-04-06 00:00:00,cythamos,
8840,7066,2024-04-06 00:00:00,cythamos,
8841,7067,2024-04-06 00:00:00,cythamos,
8842,7092,2024-04-06 00:00:00,cythamos,
8843,8004,2024-04-06 00:00:00,cythamos,
8844,8005,2024-04-06 00:00:00,cythamos,
8845,8040,2024-04-06 00:00:00,cythamos,
8846,80472,2024-04-06 00:00:00,cythamos,
8847,8067,2024-04-06 00:00:00,cythamos,
8848,23100,2024-05-17 00:00:00,aftosa/ravax/ricobensdazol,
8849,80272,2024-05-15 00:00:00,PROTOX,
8850,4066,2024-05-15 00:00:00,aftosa/ricobendazol/protox//reproporte,
8851,EMB 6,2024-05-15 00:00:00,aftosa/ricobendazol/protox//reproporte,
8852,1033,2024-05-14 00:00:00,aftosa/clostridium/ricobendasol/protox,
8853,7050,2024-05-18 00:00:00,MARCAR,
8854,9022,2024-05-18 00:00:00,MARCAR,
8855,9192,2024-05-18 00:00:00,MARCAR,
8856,35,2024-05-18 00:00:00,MARCAR,
8857,23143,2024-05-18 00:00:00,MARCAR,
8858,23168,2024-05-18 00:00:00,MARCAR,
8859,23125,2024-05-17 00:00:00,aftosa/ravax/ricobendazol/,
8860,23139,2024-05-17 00:00:00,aftosa/ravax/ricobendazol/,
8861,23168,2024-05-17 00:00:00,aftosa/ravax/ricobendazol/,
8862,23188,2024-05-17 00:00:00,aftosa/ravax/ricobendazol/,
8863,MSN15,2024-05-16 00:00:00,protox/aftosa/combivac/ricobendasol,
8864,0325,2024-05-14 00:00:00,aftosa/clostridium/ricobendasol/protox,
8865,05,2024-05-15 00:00:00,activa- pendiente por Plan Sanitario 2024,
8866,0500,2024-05-15 00:00:00,activa- pendiente por Plan Sanitario 2024,
8867,1091A,2024-05-15 00:00:00,activa- pendiente por Plan Sanitario 2024,
8868,2047,2024-05-15 00:00:00,activa- pendiente por Plan Sanitario 2024,
8869,2073,2024-05-15 00:00:00,activa- pendiente por Plan Sanitario 2024,
8870,2080,2024-05-15 00:00:00,activa- pendiente por Plan Sanitario 2024,
8871,3027A,2024-05-15 00:00:00,activa- pendiente por Plan Sanitario 2024,
8872,3108,2024-05-15 00:00:00,activa- pendiente por Plan Sanitario 2024,
8873,5076,2024-05-15 00:00:00,activa- pendiente por Plan Sanitario 2024,
8874,6011,2024-05-15 00:00:00,activa- pendiente por Plan Sanitario 2024,
8875,7017,2024-05-15 00:00:00,activa- pendiente por Plan Sanitario 2024,
8876,7059,2024-05-15 00:00:00,activa- pendiente por Plan Sanitario 2024,
8877,80121,2024-05-15 00:00:00,activa- pendiente por Plan Sanitario 2024,
8878,8017,2024-05-15 00:00:00,activa- pendiente por Plan Sanitario 2024,
8879,8060,2024-05-15 00:00:00,activa- pendiente por Plan Sanitario 2024,
8880,80882,2024-05-15 00:00:00,activa- pendiente por Plan Sanitario 2024,
8881,9121,2024-05-15 00:00:00,activa- pendiente por Plan Sanitario 2024,
8882,23218,2024-05-15 00:00:00,activa- pendiente por Plan Sanitario 2024,
8883,0223B,2024-05-15 00:00:00,activa- pendiente por Plan Sanitario 2024,
8884,1134,2024-05-15 00:00:00,activa- pendiente por Plan Sanitario 2024,
8885,0254,2024-05-15 00:00:00,activa- pendiente por Plan Sanitario 2024,
8886,0018,2024-05-30 00:00:00,aftosa/conbivac/,
8887,0111,2024-05-30 00:00:00,aftosa/conbivac/,
8888,0132,2024-05-30 00:00:00,aftosa/conbivac/,
8889,0201,2024-05-30 00:00:00,aftosa/conbivac/,
8890,0202,2024-05-30 00:00:00,aftosa/conbivac/,
8891,0220,2024-05-30 00:00:00,aftosa/conbivac/,
8892,0226,2024-05-30 00:00:00,aftosa/conbivac/,
8893,0229,2024-05-30 00:00:00,aftosa/conbivac/,
8894,0231A,2024-05-30 00:00:00,aftosa/conbivac/,
8895,1106,2024-05-14 00:00:00,aftosa/clostridium/ricobendasol/protox,
8896,1106A,2024-05-14 00:00:00,aftosa/clostridium/ricobendasol/protox,
8897,1107,2024-05-14 00:00:00,aftosa/clostridium/ricobendasol/protox,
8898,1112,2024-05-14 00:00:00,aftosa/clostridium/ricobendasol/protox,
8899,1126,2024-05-14 00:00:00,aftosa/clostridium/ricobendasol/protox,
8900,1130,2024-05-14 00:00:00,aftosa/clostridium/ricobendasol/protox,
8901,1130A,2024-05-14 00:00:00,aftosa/clostridium/ricobendasol/protox,
8902,1133,2024-05-14 00:00:00,aftosa/clostridium/ricobendasol/protox,
8903,1152,2024-05-14 00:00:00,aftosa/clostridium/ricobendasol/protox,
8904,1154,2024-05-14 00:00:00,aftosa/clostridium/ricobendasol/protox,
8905,1156,2024-05-14 00:00:00,aftosa/clostridium/ricobendasol/protox,
8906,1163,2024-05-14 00:00:00,aftosa/clostridium/ricobendasol/protox,
8907,1165,2024-05-14 00:00:00,aftosa/clostridium/ricobendasol/protox,
8908,1166,2024-05-14 00:00:00,aftosa/clostridium/ricobendasol/protox,
8909,1202,2024-05-14 00:00:00,aftosa/clostridium/ricobendasol/protox,
8910,1204,2024-05-14 00:00:00,aftosa/clostridium/ricobendasol/protox,
8911,1206,2024-05-14 00:00:00,aftosa/clostridium/ricobendasol/protox,
8912,1207,2024-05-14 00:00:00,aftosa/clostridium/ricobendasol/protox,
8913,1212,2024-05-14 00:00:00,aftosa/clostridium/ricobendasol/protox,
8914,1214,2024-05-14 00:00:00,aftosa/clostridium/ricobendasol/protox,
8915,1215,2024-05-14 00:00:00,aftosa/clostridium/ricobendasol/protox,
8916,1216,2024-05-14 00:00:00,aftosa/clostridium/ricobendasol/protox,
8917,1219,2024-05-14 00:00:00,aftosa/clostridium/ricobendasol/protox,
8918,1228,2024-05-14 00:00:00,aftosa/clostridium/ricobendasol/protox,
8919,1237,2024-05-14 00:00:00,aftosa/clostridium/ricobendasol/protox,
8920,1292,2024-05-14 00:00:00,aftosa/clostridium/ricobendasol/protox,
8921,1324,2024-05-14 00:00:00,aftosa/clostridium/ricobendasol/protox,
8922,1336,2024-05-14 00:00:00,aftosa/clostridium/ricobendasol/protox,
8923,2001B,2024-05-14 00:00:00,aftosa/clostridium/ricobendasol/protox,
8924,2004,2024-05-14 00:00:00,aftosa/clostridium/ricobendasol/protox,
8925,2005A,2024-05-14 00:00:00,aftosa/clostridium/ricobendasol/protox,
8926,2005B,2024-05-14 00:00:00,aftosa/clostridium/ricobendasol/protox,
8927,2022,2024-05-14 00:00:00,aftosa/clostridium/ricobendasol/protox,
8928,2025,2024-05-14 00:00:00,aftosa/clostridium/ricobendasol/protox,
8929,2027,2024-05-14 00:00:00,aftosa/clostridium/ricobendasol/protox,
8930,2029,2024-05-14 00:00:00,aftosa/clostridium/ricobendasol/protox,
8931,2032,2024-05-14 00:00:00,aftosa/clostridium/ricobendasol/protox,
8932,2039A,2024-05-14 00:00:00,aftosa/clostridium/ricobendasol/protox,
8933,2041,2024-05-14 00:00:00,aftosa/clostridium/ricobendasol/protox,
8934,2045,2024-05-14 00:00:00,aftosa/clostridium/ricobendasol/protox,
8935,2053,2024-05-14 00:00:00,aftosa/clostridium/ricobendasol/protox,
8936,2054,2024-05-14 00:00:00,aftosa/clostridium/ricobendasol/protox,
8937,2056,2024-05-14 00:00:00,aftosa/clostridium/ricobendasol/protox,
8938,2058,2024-05-14 00:00:00,aftosa/clostridium/ricobendasol/protox,
8939,2060,2024-05-14 00:00:00,aftosa/clostridium/ricobendasol/protox,
8940,2065,2024-05-14 00:00:00,aftosa/clostridium/ricobendasol/protox,
8941,2090,2024-05-14 00:00:00,aftosa/clostridium/ricobendasol/protox,
8942,2092,2024-05-14 00:00:00,aftosa/clostridium/ricobendasol/protox,
8943,2106,2024-05-14 00:00:00,aftosa/clostridium/ricobendasol/protox,
8944,2128,2024-05-14 00:00:00,aftosa/clostridium/ricobendasol/protox,
8945,2154,2024-05-14 00:00:00,aftosa/clostridium/ricobendasol/protox,
8946,2155,2024-05-14 00:00:00,aftosa/clostridium/ricobendasol/protox,
8947,2170,2024-05-14 00:00:00,aftosa/clostridium/ricobendasol/protox,
8948,2204,2024-05-14 00:00:00,aftosa/clostridium/ricobendasol/protox,
8949,22168,2024-05-14 00:00:00,aftosa/clostridium/ricobendasol/protox,
8950,22181,2024-05-14 00:00:00,aftosa/clostridium/ricobendasol/protox,
8951,22194,2024-05-14 00:00:00,aftosa/clostridium/ricobendasol/protox,
8952,23004,2024-05-14 00:00:00,aftosa/clostridium/ricobendasol/protox,
8953,36,2024-05-14 00:00:00,aftosa/clostridium/ricobendasol/protox,
8954,MSN12,2024-05-14 00:00:00,aftosa/clostridium/ricobendasol/protox,
8955,MSN16,2024-05-14 00:00:00,aftosa/clostridium/ricobendasol/protox,
8956,MSN17,2024-05-14 00:00:00,aftosa/clostridium/ricobendasol/protox,
8957,MSN3,2024-05-14 00:00:00,aftosa/clostridium/ricobendasol/protox,
8958,SN50,2024-05-14 00:00:00,aftosa/clostridium/ricobendasol/protox,
8959,0004,2024-05-16 00:00:00,protox/aftosa/combivac/ricobendasol,
8960,0094,2024-05-16 00:00:00,protox/aftosa/combivac/ricobendasol,
8961,0104,2024-05-16 00:00:00,protox/aftosa/combivac/ricobendasol,
8962,0110,2024-05-16 00:00:00,protox/aftosa/combivac/ricobendasol,
8963,0116,2024-05-16 00:00:00,protox/aftosa/combivac/ricobendasol,
8964,0141,2024-05-16 00:00:00,protox/aftosa/combivac/ricobendasol,
8965,0195,2024-05-16 00:00:00,protox/aftosa/combivac/ricobendasol,
8966,0196,2024-05-16 00:00:00,protox/aftosa/combivac/ricobendasol,
8967,0212,2024-05-16 00:00:00,protox/aftosa/combivac/ricobendasol,
8968,0214,2024-05-16 00:00:00,protox/aftosa/combivac/ricobendasol,
8969,0217,2024-05-16 00:00:00,protox/aftosa/combivac/ricobendasol,
8970,0219,2024-05-16 00:00:00,protox/aftosa/combivac/ricobendasol,
8971,0221A,2024-05-16 00:00:00,protox/aftosa/combivac/ricobendasol,
8972,0223A,2024-05-16 00:00:00,protox/aftosa/combivac/ricobendasol,
8973,0242,2024-05-16 00:00:00,protox/aftosa/combivac/ricobendasol,
8974,23173,2024-05-17 00:00:00,aftosa/ravax/ricobendazol/,
8975,23174,2024-05-17 00:00:00,aftosa/ravax/ricobendazol/,
8976,23176,2024-05-17 00:00:00,aftosa/ravax/ricobendazol/,
8977,23177,2024-05-17 00:00:00,aftosa/ravax/ricobendazol/,
8978,23180,2024-05-17 00:00:00,aftosa/ravax/ricobendazol/,
8979,23183,2024-05-17 00:00:00,aftosa/ravax/ricobendazol/RB51,
8980,23184,2024-05-17 00:00:00,aftosa/ravax/ricobendazol/,
8981,23185,2024-05-17 00:00:00,aftosa/ravax/ricobendazol/RB51,
8982,23187,2024-05-17 00:00:00,aftosa/ravax/ricobendazol/,
8983,23189,2024-05-17 00:00:00,aftosa/ravax/ricobendazol/,
8984,23190,2024-05-17 00:00:00,aftosa/ravax/ricobendazol/,
8985,23193,2024-05-17 00:00:00,aftosa/ravax/ricobendazol/,
8986,23194,2024-05-17 00:00:00,aftosa/ravax/ricobendazol/RB51,
8987,23201,2024-05-17 00:00:00,aftosa/ravax/ricobendazol/RB51,
8988,23202,2024-05-17 00:00:00,aftosa/ravax/ricobendazol/RB51,
8989,23203,2024-05-17 00:00:00,aftosa/ravax/ricobendazol/RB51,
8990,23204,2024-05-17 00:00:00,aftosa/ravax/ricobendazol/,
8991,23210,2024-05-17 00:00:00,aftosa/ravax/ricobendazol/,
8992,23211,2024-05-17 00:00:00,aftosa/ravax/ricobendazol/,
8993,23216,2024-05-17 00:00:00,aftosa/ravax/ricobendazol/,
8994,23228,2024-05-17 00:00:00,aftosa/ravax/ricobendazol/RB51,
8995,23249,2024-05-17 00:00:00,aftosa/ravax/ricobendazol/,
8996,23029,2024-05-17 00:00:00,aftosa/ravax/ricobendazol/,
8997,23031,2024-05-17 00:00:00,aftosa/ravax/ricobendazol/RB51,
8998,23066,2024-05-17 00:00:00,aftosa/ravax/ricobendazol/RB51,
8999,23070,2024-05-17 00:00:00,aftosa/ravax/ricobendazol/,
9000,23075,2024-05-17 00:00:00,aftosa/ravax/ricobendazol/RB51,
9001,23086,2024-05-17 00:00:00,aftosa/ravax/ricobendazol/,
9002,23089,2024-05-17 00:00:00,aftosa/ravax/ricobendazol/,
9003,23094,2024-05-17 00:00:00,aftosa/ravax/ricobendazol/RB51,
9004,23097,2024-05-17 00:00:00,aftosa/ravax/ricobendazol/,
9005,3100,2024-05-17 00:00:00,aftosa/ravax/ricobendazol/,
9006,23109,2024-05-17 00:00:00,aftosa/ravax/ricobendazol/RB51,
9007,0233,2024-05-30 00:00:00,aftosa/conbivac/,
9008,0241,2024-05-30 00:00:00,aftosa/conbivac/,
9009,0249,2024-05-30 00:00:00,aftosa/conbivac/,
9010,0259,2024-05-30 00:00:00,aftosa/conbivac/,
9011,0269,2024-05-30 00:00:00,aftosa/conbivac/,
9012,0272,2024-05-30 00:00:00,aftosa/conbivac/,
9013,0278,2024-05-30 00:00:00,aftosa/conbivac/,
9014,0284,2024-05-30 00:00:00,aftosa/conbivac/,
9015,0298A,2024-05-30 00:00:00,aftosa/conbivac/,
9016,0322,2024-05-30 00:00:00,aftosa/conbivac/,
9017,0323,2024-05-30 00:00:00,aftosa/conbivac/,
9018,0329,2024-05-30 00:00:00,aftosa/conbivac/,
9019,0332,2024-05-30 00:00:00,aftosa/conbivac/,
9020,0333,2024-05-30 00:00:00,aftosa/conbivac/,
9021,0336,2024-05-30 00:00:00,aftosa/conbivac/,
9022,0338,2024-05-30 00:00:00,aftosa/conbivac/,
9023,05,2024-05-30 00:00:00,aftosa/conbivac/,
9024,0500,2024-05-30 00:00:00,aftosa/conbivac/,
9025,0740,2024-05-30 00:00:00,aftosa/conbivac/,
9026,1004,2024-05-30 00:00:00,aftosa/conbivac/,
9027,1056A,2024-05-30 00:00:00,aftosa/conbivac/,
9028,1066A,2024-05-30 00:00:00,aftosa/conbivac/,
9029,1090A,2024-05-30 00:00:00,aftosa/conbivac/,
9030,1091A,2024-05-30 00:00:00,aftosa/conbivac/,
9031,1095A,2024-05-30 00:00:00,aftosa/conbivac/,
9032,1139A,2024-05-30 00:00:00,aftosa/conbivac/,
9033,19,2024-05-30 00:00:00,aftosa/conbivac/,
9034,2021,2024-05-30 00:00:00,aftosa/conbivac/,
9035,20334,2024-05-30 00:00:00,aftosa/conbivac/,
9036,2047,2024-05-30 00:00:00,aftosa/conbivac/,
9037,2050,2024-05-30 00:00:00,aftosa/conbivac/,
9038,2063,2024-05-30 00:00:00,aftosa/conbivac/,
9039,2073,2024-05-30 00:00:00,aftosa/conbivac/,
9040,2080,2024-05-30 00:00:00,aftosa/conbivac/,
9041,2083,2024-05-30 00:00:00,aftosa/conbivac/,
9042,2090A,2024-05-30 00:00:00,aftosa/conbivac/,
9043,2094A,2024-05-30 00:00:00,aftosa/conbivac/,
9044,2096,2024-05-30 00:00:00,aftosa/conbivac/,
9045,2130,2024-05-30 00:00:00,aftosa/conbivac/,
9046,2133A,2024-05-30 00:00:00,aftosa/conbivac/,
9047,2171,2024-05-30 00:00:00,aftosa/conbivac/,
9048,2180A,2024-05-30 00:00:00,aftosa/conbivac/,
9049,2208A,2024-05-30 00:00:00,aftosa/conbivac/,
9050,2209A,2024-05-30 00:00:00,aftosa/conbivac/,
9051,2226,2024-05-30 00:00:00,aftosa/conbivac/,
9052,30212,2024-05-30 00:00:00,aftosa/conbivac/,
9053,3021A,2024-05-30 00:00:00,aftosa/conbivac/,
9054,3024A,2024-05-30 00:00:00,aftosa/conbivac/,
9055,3027A,2024-05-30 00:00:00,aftosa/conbivac/,
9056,3043,2024-05-30 00:00:00,aftosa/conbivac/,
9057,3066B,2024-05-30 00:00:00,aftosa/conbivac/,
9058,3107,2024-05-30 00:00:00,aftosa/conbivac/,
9059,3108,2024-05-30 00:00:00,aftosa/conbivac/,
9060,3119,2024-05-30 00:00:00,aftosa/conbivac/,
9061,3132,2024-05-30 00:00:00,aftosa/conbivac/,
9062,34,2024-05-30 00:00:00,aftosa/conbivac/,
9063,3750,2024-05-30 00:00:00,aftosa/conbivac/,
9064,4025,2024-05-30 00:00:00,aftosa/conbivac/,
9065,4035,2024-05-30 00:00:00,aftosa/conbivac/,
9066,4087,2024-05-30 00:00:00,aftosa/conbivac/,
9067,4095,2024-05-30 00:00:00,aftosa/conbivac/,
9068,4141,2024-05-30 00:00:00,aftosa/conbivac/,
9069,4A,2024-05-30 00:00:00,aftosa/conbivac/,
9070,5007,2024-05-30 00:00:00,aftosa/conbivac/,
9071,5010,2024-05-30 00:00:00,aftosa/conbivac/,
9072,5030,2024-05-30 00:00:00,aftosa/conbivac/,
9073,5033,2024-05-30 00:00:00,aftosa/conbivac/,
9074,5052,2024-05-30 00:00:00,aftosa/conbivac/,
9075,5060,2024-05-30 00:00:00,aftosa/conbivac/,
9076,5076,2024-05-30 00:00:00,aftosa/conbivac/,
9077,5150,2024-05-30 00:00:00,aftosa/conbivac/,
9078,5529,2024-05-30 00:00:00,aftosa/conbivac/,
9079,5592,2024-05-30 00:00:00,aftosa/conbivac/,
9080,5629,2024-05-30 00:00:00,aftosa/conbivac/,
9081,5638,2024-05-30 00:00:00,aftosa/conbivac/,
9082,6011,2024-05-30 00:00:00,aftosa/conbivac/,
9083,6020,2024-05-30 00:00:00,aftosa/conbivac/,
9084,6035,2024-05-30 00:00:00,aftosa/conbivac/,
9085,6043,2024-05-30 00:00:00,aftosa/conbivac/,
9086,6067,2024-05-30 00:00:00,aftosa/conbivac/,
9087,7007,2024-05-30 00:00:00,aftosa/conbivac/,
9088,7012,2024-05-30 00:00:00,aftosa/conbivac/,
9089,7017,2024-05-30 00:00:00,aftosa/conbivac/,
9090,7022,2024-05-30 00:00:00,aftosa/conbivac/,
9091,7028,2024-05-30 00:00:00,aftosa/conbivac/,
9092,7033,2024-05-30 00:00:00,aftosa/conbivac/,
9093,7059,2024-05-30 00:00:00,aftosa/conbivac/,
9094,7061,2024-05-30 00:00:00,aftosa/conbivac/,
9095,7077,2024-05-30 00:00:00,aftosa/conbivac/,
9096,7080,2024-05-30 00:00:00,aftosa/conbivac/,
9097,7083,2024-05-30 00:00:00,aftosa/conbivac/,
9098,7087,2024-05-30 00:00:00,aftosa/conbivac/,
9099,8006,2024-05-30 00:00:00,aftosa/conbivac/,
9100,8011,2024-05-30 00:00:00,aftosa/conbivac/,
9101,80121,2024-05-30 00:00:00,aftosa/conbivac/,
9102,8017,2024-05-30 00:00:00,aftosa/conbivac/,
9103,80272,2024-05-30 00:00:00,aftosa/conbivac/,
9104,8030,2024-05-30 00:00:00,aftosa/conbivac/,
9105,8036,2024-05-30 00:00:00,aftosa/conbivac/,
9106,8037,2024-05-30 00:00:00,aftosa/conbivac/,
9107,8046,2024-05-30 00:00:00,aftosa/conbivac/,
9108,8050,2024-05-30 00:00:00,aftosa/conbivac/,
9109,8051,2024-05-30 00:00:00,aftosa/conbivac/,
9110,8054,2024-05-30 00:00:00,aftosa/conbivac/,
9111,8061,2024-05-30 00:00:00,aftosa/conbivac/,
9112,8062,2024-05-30 00:00:00,aftosa/conbivac/,
9113,8063,2024-05-30 00:00:00,aftosa/conbivac/,
9114,8076,2024-05-30 00:00:00,aftosa/conbivac/,
9115,8079,2024-05-30 00:00:00,aftosa/conbivac/,
9116,80882,2024-05-30 00:00:00,aftosa/conbivac/,
9117,809,2024-05-30 00:00:00,aftosa/conbivac/,
9118,8094,2024-05-30 00:00:00,aftosa/conbivac/,
9119,8096,2024-05-30 00:00:00,aftosa/conbivac/,
9120,9006,2024-05-30 00:00:00,aftosa/conbivac/,
9121,9007,2024-05-30 00:00:00,aftosa/conbivac/,
9122,9015,2024-05-30 00:00:00,aftosa/conbivac/,
9123,9020,2024-05-30 00:00:00,aftosa/conbivac/,
9124,9037,2024-05-30 00:00:00,aftosa/conbivac/,
9125,9053,2024-05-30 00:00:00,aftosa/conbivac/,
9126,9058,2024-05-30 00:00:00,aftosa/conbivac/,
9127,9073,2024-05-30 00:00:00,aftosa/conbivac/,
9128,9076,2024-05-30 00:00:00,aftosa/conbivac/,
9129,9091,2024-05-30 00:00:00,aftosa/conbivac/,
9130,9099,2024-05-30 00:00:00,aftosa/conbivac/,
9131,9103,2024-05-30 00:00:00,aftosa/conbivac/,
9132,91171,2024-05-30 00:00:00,aftosa/conbivac/,
9133,9121,2024-05-30 00:00:00,aftosa/conbivac/,
9134,91242,2024-05-30 00:00:00,aftosa/conbivac/,
9135,9125,2024-05-30 00:00:00,aftosa/conbivac/,
9136,91262,2024-05-30 00:00:00,aftosa/conbivac/,
9137,9238,2024-05-30 00:00:00,aftosa/conbivac/,
9138,9389,2024-05-30 00:00:00,aftosa/conbivac/,
9139,EMB 2,2024-05-30 00:00:00,aftosa/conbivac/,
9140,0114,2024-05-22 00:00:00,aftosa/ricobendazol/conbibac,
9141,0125,2024-05-22 00:00:00,aftosa/ricobendazol/conbibac,
9142,0128,2024-05-22 00:00:00,aftosa/ricobendazol/conbibac,
9143,0139,2024-05-22 00:00:00,aftosa/ricobendazol/conbibac,
9144,0211,2024-05-22 00:00:00,aftosa/ricobendazol/conbibac,
9145,0215A,2024-05-22 00:00:00,aftosa/ricobendazol/conbibac,
9146,0224,2024-05-22 00:00:00,aftosa/ricobendazol/conbibac,
9147,0225,2024-05-22 00:00:00,aftosa/ricobendazol/conbibac,
9148,0246,2024-05-22 00:00:00,aftosa/ricobendazol/conbibac,
9149,0252,2024-05-22 00:00:00,aftosa/ricobendazol/conbibac,
9150,0258,2024-05-22 00:00:00,aftosa/ricobendazol/conbibac,
9151,0263,2024-05-22 00:00:00,aftosa/ricobendazol/conbibac,
9152,0271,2024-05-22 00:00:00,aftosa/ricobendazol/conbibac,
9153,0274,2024-05-22 00:00:00,aftosa/ricobendazol/conbibac,
9154,0291,2024-05-22 00:00:00,aftosa/ricobendazol/conbibac,
9155,0294,2024-05-22 00:00:00,aftosa/ricobendazol/conbibac,
9156,0320,2024-05-22 00:00:00,aftosa/ricobendazol/conbibac,
9157,0326,2024-05-22 00:00:00,aftosa/ricobendazol/conbibac,
9158,0343,2024-05-22 00:00:00,aftosa/ricobendazol/conbibac,
9159,0349,2024-05-22 00:00:00,aftosa/ricobendazol/conbibac,
9160,0352,2024-05-22 00:00:00,aftosa/ricobendazol/conbibac,
9161,1015A,2024-05-22 00:00:00,aftosa/ricobendazol/conbibac,
9162,1032,2024-05-22 00:00:00,aftosa/ricobendazol/conbibac,
9163,10391,2024-05-22 00:00:00,aftosa/ricobendazol/conbibac,
9164,1043A,2024-05-22 00:00:00,aftosa/ricobendazol/conbibac,
9165,1045,2024-05-22 00:00:00,aftosa/ricobendazol/conbibac,
9166,1051,2024-05-22 00:00:00,aftosa/ricobendazol/conbibac,
9167,1052A,2024-05-22 00:00:00,aftosa/ricobendazol/conbibac,
9168,1053A,2024-05-22 00:00:00,aftosa/ricobendazol/conbibac,
9169,1059,2024-05-22 00:00:00,aftosa/ricobendazol/conbibac,
9170,1063,2024-05-22 00:00:00,aftosa/ricobendazol/conbibac,
9171,1065,2024-05-22 00:00:00,aftosa/ricobendazol/conbibac,
9172,1068A,2024-05-22 00:00:00,aftosa/ricobendazol/conbibac,
9173,0260,2024-05-16 00:00:00,protox/aftosa/combivac/ricobendasol,
9174,0279,2024-05-16 00:00:00,protox/aftosa/combivac/ricobendasol,
9175,0292,2024-05-16 00:00:00,protox/aftosa/combivac/ricobendasol,
9176,0335,2024-05-16 00:00:00,protox/aftosa/combivac/ricobendasol,
9177,0345,2024-05-16 00:00:00,protox/aftosa/combivac/ricobendasol,
9178,1029,2024-05-16 00:00:00,protox/aftosa/combivac/ricobendasol,
9179,1030,2024-05-16 00:00:00,protox/aftosa/combivac/ricobendasol,
9180,1034,2024-05-16 00:00:00,protox/aftosa/combivac/ricobendasol,
9181,1039,2024-05-16 00:00:00,protox/aftosa/combivac/ricobendasol,
9182,1046,2024-05-16 00:00:00,protox/aftosa/combivac/ricobendasol,
9183,1049,2024-05-16 00:00:00,protox/aftosa/combivac/ricobendasol,
9184,1052,2024-05-16 00:00:00,protox/aftosa/combivac/ricobendasol,
9185,1074A,2024-05-16 00:00:00,protox/aftosa/combivac/ricobendasol,
9186,1080,2024-05-16 00:00:00,protox/aftosa/combivac/ricobendasol,
9187,1080A,2024-05-16 00:00:00,protox/aftosa/combivac/ricobendasol,
9188,1083,2024-05-16 00:00:00,protox/aftosa/combivac/ricobendasol,
9189,1090,2024-05-16 00:00:00,protox/aftosa/combivac/ricobendasol,
9190,1092,2024-05-16 00:00:00,protox/aftosa/combivac/ricobendasol,
9191,1095,2024-05-16 00:00:00,protox/aftosa/combivac/ricobendasol,
9192,1096B,2024-05-16 00:00:00,protox/aftosa/combivac/ricobendasol,
9193,1097,2024-05-16 00:00:00,protox/aftosa/combivac/ricobendasol,
9194,1098A,2024-05-16 00:00:00,protox/aftosa/combivac/ricobendasol,
9195,1131,2024-05-16 00:00:00,protox/aftosa/combivac/ricobendasol,
9196,1139,2024-05-16 00:00:00,protox/aftosa/combivac/ricobendasol,
9197,1141,2024-05-16 00:00:00,protox/aftosa/combivac/ricobendasol,
9198,1142,2024-05-16 00:00:00,protox/aftosa/combivac/ricobendasol,
9199,1146,2024-05-16 00:00:00,protox/aftosa/combivac/ricobendasol,
9200,1148,2024-05-16 00:00:00,protox/aftosa/combivac/ricobendasol,
9201,1151,2024-05-16 00:00:00,protox/aftosa/combivac/ricobendasol,
9202,1161A,2024-05-16 00:00:00,protox/aftosa/combivac/ricobendasol,
9203,1162,2024-05-16 00:00:00,protox/aftosa/combivac/ricobendasol,
9204,1174,2024-05-16 00:00:00,protox/aftosa/combivac/ricobendasol,
9205,1180,2024-05-16 00:00:00,protox/aftosa/combivac/ricobendasol,
9206,1182,2024-05-16 00:00:00,protox/aftosa/combivac/ricobendasol,
9207,1187,2024-05-16 00:00:00,protox/aftosa/combivac/ricobendasol,
9208,1190,2024-05-16 00:00:00,protox/aftosa/combivac/ricobendasol,
9209,1205,2024-05-16 00:00:00,protox/aftosa/combivac/ricobendasol,
9210,1213,2024-05-16 00:00:00,protox/aftosa/combivac/ricobendasol,
9211,1238,2024-05-16 00:00:00,protox/aftosa/combivac/ricobendasol,
9212,1253,2024-05-16 00:00:00,protox/aftosa/combivac/ricobendasol,
9213,1257,2024-05-16 00:00:00,protox/aftosa/combivac/ricobendasol,
9214,2035,2024-05-16 00:00:00,protox/aftosa/combivac/ricobendasol,
9215,9136A,2024-05-16 00:00:00,protox/aftosa/combivac/ricobendasol,
9216,MSN1,2024-05-16 00:00:00,protox/aftosa/combivac/ricobendasol,
9217,MSN4,2024-05-16 00:00:00,protox/aftosa/combivac/ricobendasol,
9218,MSN8,2024-05-16 00:00:00,protox/aftosa/combivac/ricobendasol,
9219,MSN9,2024-05-16 00:00:00,protox/aftosa/combivac/ricobendasol,
9220,9135,2024-05-16 00:00:00,protox/aftosa/combivac/ricobendasol,
9221,1037,2024-05-16 00:00:00,protox/aftosa/combivac/ricobendasol,
9222,1007,2024-05-16 00:00:00,protox/aftosa/combivac/ricobendasol,
9223,0101,2024-05-15 00:00:00,aftosa/ricobendazol/protox/,
9224,0107,2024-05-15 00:00:00,aftosa/ricobendazol/protox//reproporte,
9225,0108,2024-05-15 00:00:00,aftosa/ricobendazol/protox/,
9226,0205,2024-05-15 00:00:00,aftosa/ricobendazol/protox/,
9227,0208A,2024-05-15 00:00:00,aftosa/ricobendazol/protox/,
9228,0231B,2024-05-15 00:00:00,aftosa/ricobendazol/protox/,
9229,0240,2024-05-15 00:00:00,aftosa/ricobendazol/protox/,
9230,0267,2024-05-15 00:00:00,aftosa/ricobendazol/protox/,
9231,0270,2024-05-15 00:00:00,aftosa/ricobendazol/protox/,
9232,0297,2024-05-15 00:00:00,aftosa/ricobendazol/protox/,
9233,0298,2024-05-15 00:00:00,aftosa/ricobendazol/protox/,
9234,0299A,2024-05-15 00:00:00,aftosa/ricobendazol/protox/,
9235,0299C,2024-05-15 00:00:00,aftosa/ricobendazol/protox/,
9236,0317,2024-05-15 00:00:00,aftosa/ricobendazol/protox/,
9237,0330A,2024-05-15 00:00:00,aftosa/ricobendazol/protox/,
9238,0342,2024-05-15 00:00:00,aftosa/ricobendazol/protox/,
9239,0344,2024-05-15 00:00:00,aftosa/ricobendazol/protox/,
9240,0348,2024-05-15 00:00:00,aftosa/ricobendazol/protox/,
9241,0350,2024-05-15 00:00:00,aftosa/ricobendazol/protox/,
9242,0353,2024-05-15 00:00:00,aftosa/ricobendazol/protox/,
9243,0354,2024-05-15 00:00:00,aftosa/ricobendazol/protox/,
9244,0355,2024-05-15 00:00:00,aftosa/ricobendazol/protox/,
9245,1005,2024-05-15 00:00:00,aftosa/ricobendazol/protox//reproporte,
9246,1015,2024-05-15 00:00:00,aftosa/ricobendazol/protox//reproporte,
9247,1017A,2024-05-15 00:00:00,aftosa/ricobendazol/protox/,
9248,1023,2024-05-15 00:00:00,aftosa/ricobendazol/protox/,
9249,10431,2024-05-15 00:00:00,aftosa/ricobendazol/protox/,
9250,1056A,2024-05-15 00:00:00,aftosa/ricobendazol/protox//reproporte,
9251,1066,2024-05-15 00:00:00,aftosa/ricobendazol/protox/,
9252,1075,2024-05-15 00:00:00,aftosa/ricobendazol/protox/RBD51,
9253,1079,2024-05-15 00:00:00,aftosa/ricobendazol/protox/,
9254,1088A,2024-05-15 00:00:00,aftosa/ricobendazol/protox/,
9255,1096,2024-05-15 00:00:00,aftosa/ricobendazol/protox/,
9256,1104A,2024-05-15 00:00:00,aftosa/ricobendazol/protox/,
9257,1109B,2024-05-15 00:00:00,aftosa/ricobendazol/protox/,
9258,1112A,2024-05-15 00:00:00,aftosa/ricobendazol/protox//reproporte,
9259,1132,2024-05-15 00:00:00,aftosa/ricobendazol/protox/,
9260,20,2024-05-15 00:00:00,aftosa/ricobendazol/protox/,
9261,2019,2024-05-15 00:00:00,aftosa/ricobendazol/protox/,
9262,2023,2024-05-15 00:00:00,aftosa/ricobendazol/protox/,
9263,2035A,2024-05-15 00:00:00,aftosa/ricobendazol/protox/,
9264,2040,2024-05-15 00:00:00,aftosa/ricobendazol/protox/,
9265,2042,2024-05-15 00:00:00,aftosa/ricobendazol/protox/RBD51,
9266,2048,2024-05-15 00:00:00,aftosa/ricobendazol/protox/RBD51,
9267,2050,2024-05-15 00:00:00,aftosa/ricobendazol/protox//reproporte,
9268,2051,2024-05-15 00:00:00,aftosa/ricobendazol/protox//reproporte,
9269,2052,2024-05-15 00:00:00,aftosa/ricobendazol/protox/,
9270,2063B,2024-05-15 00:00:00,aftosa/ricobendazol/protox/RBD51,
9271,2066,2024-05-15 00:00:00,aftosa/ricobendazol/protox/,
9272,2072,2024-05-15 00:00:00,aftosa/ricobendazol/protox//reproporte,
9273,2093,2024-05-15 00:00:00,aftosa/ricobendazol/protox/RBD51,
9274,2103,2024-05-15 00:00:00,aftosa/ricobendazol/protox/RBD51,
9275,2108,2024-05-15 00:00:00,aftosa/ricobendazol/protox/RBD51,
9276,2109,2024-05-15 00:00:00,aftosa/ricobendazol/protox/RBD51,
9277,2111,2024-05-15 00:00:00,aftosa/ricobendazol/protox/RBD51,
9278,2124A,2024-05-15 00:00:00,aftosa/ricobendazol/protox//reproporte,
9279,2143,2024-05-15 00:00:00,aftosa/ricobendazol/protox//reproporte,
9280,2146,2024-05-15 00:00:00,aftosa/ricobendazol/protox/,
9281,2148A,2024-05-15 00:00:00,aftosa/ricobendazol/protox//reproporte,
9282,2149A,2024-05-15 00:00:00,aftosa/ricobendazol/protox//reproporte,
9283,2150,2024-05-15 00:00:00,aftosa/ricobendazol/protox//reproporte,
9284,2196A,2024-05-15 00:00:00,aftosa/ricobendazol/protox//reproporte,
9285,2200,2024-05-15 00:00:00,aftosa/ricobendazol/protox/RBD51,
9286,2201,2024-05-15 00:00:00,aftosa/ricobendazol/protox/RBD51,
9287,2203,2024-05-15 00:00:00,aftosa/ricobendazol/protox/,
9288,22049,2024-05-15 00:00:00,aftosa/ricobendazol/protox/RBD51,
9289,22126,2024-05-15 00:00:00,aftosa/ricobendazol/protox/RBD51,
9290,22132,2024-05-15 00:00:00,aftosa/ricobendazol/protox/,
9291,22149,2024-05-15 00:00:00,aftosa/ricobendazol/protox/RBD51,
9292,2217,2024-05-15 00:00:00,aftosa/ricobendazol/protox//reproporte,
9293,22172,2024-05-15 00:00:00,aftosa/ricobendazol/protox/RBD51,
9294,2234,2024-05-15 00:00:00,aftosa/ricobendazol/protox//reproporte,
9295,23003,2024-05-15 00:00:00,aftosa/ricobendazol/protox/RBD51,
9296,2340,2024-05-15 00:00:00,aftosa/ricobendazol/protox//reproporte,
9297,2702,2024-05-15 00:00:00,aftosa/ricobendazol/protox/,
9298,30,2024-05-15 00:00:00,aftosa/ricobendazol/protox/,
9299,3003A,2024-05-15 00:00:00,aftosa/ricobendazol/protox//reproporte,
9300,3026A,2024-05-15 00:00:00,aftosa/ricobendazol/protox//reproporte,
9301,3093,2024-05-15 00:00:00,aftosa/ricobendazol/protox//reproporte,
9302,31102,2024-05-15 00:00:00,aftosa/ricobendazol/protox//reproporte,
9303,3178,2024-05-15 00:00:00,aftosa/ricobendazol/protox//reproporte,
9304,4008,2024-05-15 00:00:00,aftosa/ricobendazol/protox//reproporte,
9305,4018,2024-05-15 00:00:00,aftosa/ricobendazol/protox//reproporte,
9306,4065,2024-05-15 00:00:00,aftosa/ricobendazol/protox//reproporte,
9307,4101,2024-05-15 00:00:00,aftosa/ricobendazol/protox//reproporte,
9308,4141,2024-05-15 00:00:00,aftosa/ricobendazol/protox//reproporte,
9309,4151,2024-05-15 00:00:00,aftosa/ricobendazol/protox//reproporte,
9310,4172,2024-05-15 00:00:00,aftosa/ricobendazol/protox//reproporte,
9311,50501,2024-05-15 00:00:00,aftosa/ricobendazol/protox//reproporte,
9312,5077,2024-05-15 00:00:00,aftosa/ricobendazol/protox//reproporte,
9313,5079,2024-05-15 00:00:00,aftosa/ricobendazol/protox//reproporte,
9314,5082,2024-05-15 00:00:00,aftosa/ricobendazol/protox//reproporte,
9315,5092,2024-05-15 00:00:00,aftosa/ricobendazol/protox//reproporte,
9316,5098,2024-05-15 00:00:00,aftosa/ricobendazol/protox//reproporte,
9317,5146,2024-05-15 00:00:00,aftosa/ricobendazol/protox//reproporte,
9318,5679,2024-05-15 00:00:00,aftosa/ricobendazol/protox//reproporte,
9319,6017,2024-05-15 00:00:00,aftosa/ricobendazol/protox/,
9320,60286,2024-05-15 00:00:00,aftosa/ricobendazol/protox//reproporte,
9321,6031,2024-05-15 00:00:00,aftosa/ricobendazol/protox//reproporte,
9322,6050,2024-05-15 00:00:00,aftosa/ricobendazol/protox/,
9323,7012,2024-05-15 00:00:00,aftosa/ricobendazol/protox//reproporte,
9324,7028,2024-05-15 00:00:00,aftosa/ricobendazol/protox//reproporte,
9325,7049,2024-05-15 00:00:00,aftosa/ricobendazol/protox/,
9326,7072,2024-05-15 00:00:00,aftosa/ricobendazol/protox//reproporte,
9327,7074,2024-05-15 00:00:00,aftosa/ricobendazol/protox//reproporte,
9328,7080,2024-05-15 00:00:00,aftosa/ricobendazol/protox//reproporte,
9329,8010,2024-05-15 00:00:00,aftosa/ricobendazol/protox//reproporte,
9330,8011,2024-05-15 00:00:00,aftosa/ricobendazol/protox/,
9331,8013,2024-05-15 00:00:00,aftosa/ricobendazol/protox//reproporte,
9332,8015,2024-05-15 00:00:00,aftosa/ricobendazol/protox/,
9333,8026,2024-05-15 00:00:00,aftosa/ricobendazol/protox//reproporte,
9334,8028,2024-05-15 00:00:00,aftosa/ricobendazol/protox//reproporte,
9335,8032,2024-05-15 00:00:00,aftosa/ricobendazol/protox/,
9336,8033,2024-05-15 00:00:00,aftosa/ricobendazol/protox//reproporte,
9337,8043,2024-05-15 00:00:00,aftosa/ricobendazol/protox//reproporte,
9338,8045,2024-05-15 00:00:00,aftosa/ricobendazol/protox//reproporte,
9339,8048,2024-05-15 00:00:00,aftosa/ricobendazol/protox//reproporte,
9340,8050,2024-05-15 00:00:00,aftosa/ricobendazol/protox//reproporte,
9341,8054,2024-05-15 00:00:00,aftosa/ricobendazol/protox//reproporte,
9342,8077,2024-05-15 00:00:00,aftosa/ricobendazol/protox//reproporte,
9343,8082,2024-05-15 00:00:00,aftosa/ricobendazol/protox/,
9344,80841,2024-05-15 00:00:00,aftosa/ricobendazol/protox/,
9345,8086,2024-05-15 00:00:00,aftosa/ricobendazol/protox//reproporte,
9346,8087,2024-05-15 00:00:00,aftosa/ricobendazol/protox//reproporte,
9347,809,2024-05-15 00:00:00,aftosa/ricobendazol/protox//reproporte,
9348,9040,2024-05-15 00:00:00,aftosa/ricobendazol/protox//reproporte,
9349,9046,2024-05-15 00:00:00,aftosa/ricobendazol/protox//reproporte,
9350,9064,2024-05-15 00:00:00,aftosa/ricobendazol/protox/,
9351,9067,2024-05-15 00:00:00,aftosa/ricobendazol/protox//reproporte,
9352,9071,2024-05-15 00:00:00,aftosa/ricobendazol/protox//reproporte,
9353,9095,2024-05-15 00:00:00,aftosa/ricobendazol/protox/,
9354,9110A,2024-05-15 00:00:00,aftosa/ricobendazol/protox/,
9355,91121,2024-05-15 00:00:00,aftosa/ricobendazol/protox/,
9356,9118,2024-05-15 00:00:00,aftosa/ricobendazol/protox//reproporte,
9357,9126A,2024-05-15 00:00:00,aftosa/ricobendazol/protox/,
9358,9219,2024-05-15 00:00:00,aftosa/ricobendazol/protox//reproporte,
9359,9238,2024-05-15 00:00:00,aftosa/ricobendazol/protox//reproporte,
9360,9904,2024-05-15 00:00:00,aftosa/ricobendazol/protox//reproporte,
9361,BU20,2024-05-15 00:00:00,aftosa/ricobendazol/protox/,
9362,BU48,2024-05-15 00:00:00,aftosa/ricobendazol/protox/,
9363,EMB 1,2024-05-15 00:00:00,aftosa/ricobendazol/protox//reproporte,
9364,EMB 3,2024-05-15 00:00:00,aftosa/ricobendazol/protox//reproporte,
9365,EMB 5,2024-05-15 00:00:00,aftosa/ricobendazol/protox//reproporte,
9366,EMB 6,2024-05-15 00:00:00,aftosa/ricobendazol/protox/,
9367,2039,2024-05-15 00:00:00,aftosa/ricobendazol/protox/,
9368,2153,2024-05-15 00:00:00,aftosa/ricobendazol/protox/RBD51,
9369,0102,2024-05-17 00:00:00,aftosa/reproforte/protox/ricobendazol/,
9370,0206A,2024-05-17 00:00:00,aftosa/reproforte/protox/ricobendazol/,
9371,0206B,2024-05-17 00:00:00,aftosa/reproforte/protox/ricobendazol/,
9372,0321,2024-05-17 00:00:00,aftosa/reproforte/protox/ricobendazol/,
9373,0327,2024-05-17 00:00:00,aftosa/reproforte/protox/ricobendazol/,
9374,0340A,2024-05-17 00:00:00,aftosa/reproforte/protox/ricobendazol/,
9375,1168,2024-05-17 00:00:00,aftosa/reproforte/protox/ricobendazol/,
9376,2037,2024-05-17 00:00:00,aftosa/reproforte/protox/ricobendazol/,
9377,2079,2024-05-17 00:00:00,aftosa/reproforte/protox/ricobendazol/,
9378,22135,2024-05-17 00:00:00,aftosa/ravax/ricobendazol/RB51,
9379,2219,2024-05-17 00:00:00,aftosa/reproforte/protox/ricobendazol/,
9380,22195,2024-05-17 00:00:00,aftosa/ravax/ricobendazol/RB51,
9381,2220,2024-05-17 00:00:00,aftosa/reproforte/protox/ricobendazol/,
9382,3038A,2024-05-17 00:00:00,aftosa/reproforte/protox/ricobendazol/,
9383,33,2024-05-17 00:00:00,aftosa/reproforte/protox/ricobendazol/,
9384,4079,2024-05-17 00:00:00,aftosa/reproforte/protox/ricobendazol/,
9385,4099,2024-05-17 00:00:00,aftosa/reproforte/protox/ricobendazol/,
9386,7004,2024-05-17 00:00:00,aftosa/reproforte/protox/ricobendazol/,
9387,7032,2024-05-17 00:00:00,aftosa/reproforte/protox/ricobendazol/,
9388,7076,2024-05-17 00:00:00,aftosa/reproforte/protox/ricobendazol/,
9389,8014,2024-05-17 00:00:00,aftosa/reproforte/protox/ricobendazol/,
9390,8041,2024-05-17 00:00:00,aftosa/reproforte/protox/ricobendazol/,
9391,8073,2024-05-17 00:00:00,aftosa/reproforte/protox/ricobendazol/,
9392,9016,2024-05-17 00:00:00,aftosa/reproforte/protox/ricobendazol/,
9393,9032,2024-05-17 00:00:00,aftosa/reproforte/protox/ricobendazol/,
9394,9036,2024-05-17 00:00:00,aftosa/reproforte/protox/ricobendazol/,
9395,9042,2024-05-17 00:00:00,aftosa/reproforte/protox/ricobendazol/,
9396,91091,2024-05-17 00:00:00,aftosa/reproforte/protox/ricobendazol/,
9397,9122,2024-05-17 00:00:00,aftosa/reproforte/protox/ricobendazol/,
9398,9128B,2024-05-17 00:00:00,aftosa/reproforte/protox/ricobendazol/,
9399,EMB 4,2024-05-17 00:00:00,aftosa/reproforte/protox/ricobendazol/,
9400,SNA,2024-05-17 00:00:00,aftosa/reproforte/protox/ricobendazol/,
9401,S/NB,2024-05-17 00:00:00,aftosa/reproforte/protox/ricobendazol/,
9402,S/NC,2024-05-17 00:00:00,aftosa/reproforte/protox/ricobendazol/,
9403,S/NH,2024-05-17 00:00:00,aftosa/reproforte/protox/ricobendazol/,
9404,TORO1,2024-05-17 00:00:00,aftosa/protox/ricobendazol/,
9405,TORO2,2024-05-17 00:00:00,aftosa/protox/ricobendazol/,
9406,TORO3,2024-05-17 00:00:00,aftosa/protox/ricobendazol/,
9407,TORO4,2024-05-17 00:00:00,aftosa/protox/ricobendazol/,
9408,TORO5,2024-05-17 00:00:00,aftosa/protox/ricobendazol/,
9409,2031,2024-05-17 00:00:00,aftosa/ravax/ricobendazol/,
9410,23126,2024-05-17 00:00:00,aftosa/ravax/ricobendazol/RB51,
9411,23133,2024-05-17 00:00:00,aftosa/ravax/ricobendazol/,
9412,23132,2024-05-17 00:00:00,aftosa/ravax/ricobendazol/,
9413,23136,2024-05-17 00:00:00,aftosa/ravax/ricobendazol/RB51,
9414,23137,2024-05-17 00:00:00,aftosa/ravax/ricobendazol/,
9415,23140,2024-05-17 00:00:00,aftosa/ravax/ricobendazol/,
9416,23144,2024-05-17 00:00:00,aftosa/ravax/ricobendazol/,
9417,23145,2024-05-17 00:00:00,aftosa/ravax/ricobendazol/,
9418,23147,2024-05-17 00:00:00,aftosa/ravax/ricobendazol/,
9419,23154,2024-05-17 00:00:00,aftosa/ravax/ricobendazol/,
9420,23162,2024-05-17 00:00:00,aftosa/ravax/ricobendazol/RB51,
9421,23163,2024-05-17 00:00:00,aftosa/ravax/ricobendazol/,
9422,23164,2024-05-17 00:00:00,aftosa/ravax/ricobendazol/,
9423,23165,2024-05-17 00:00:00,aftosa/ravax/ricobendazol/,
9424,23166,2024-05-17 00:00:00,aftosa/ravax/ricobendazol/,
9425,23169,2024-05-17 00:00:00,aftosa/ravax/ricobendazol/,
9426,23170,2024-05-17 00:00:00,aftosa/ravax/ricobendazol/,
9427,23172,2024-05-17 00:00:00,aftosa/ravax/ricobendazol/RB51,
9428,23160,2024-05-18 00:00:00,aftosa/ravax/ricobendazol,
9429,23169,2024-05-18 00:00:00,aftosa/ravax/ricobendazol,
9430,23195,2024-05-18 00:00:00,aftosa/ravax/ricobendazol,
9431,23212,2024-05-18 00:00:00,aftosa/ravax/ricobendazol,
9432,23215,2024-05-18 00:00:00,aftosa/ravax/ricobendazol,
9433,23220,2024-05-18 00:00:00,aftosa/ravax/ricobendazol,
9434,23222,2024-05-18 00:00:00,aftosa/ravax/ricobendazol,
9435,23229,2024-05-18 00:00:00,aftosa/ravax/ricobendazol,
9436,23233,2024-05-18 00:00:00,aftosa/ravax/ricobendazol,
9437,23237,2024-05-18 00:00:00,aftosa/ravax/ricobendazol,
9438,23239,2024-05-18 00:00:00,aftosa/ravax/ricobendazol,
9439,23242,2024-05-18 00:00:00,aftosa/ravax/ricobendazol,
9440,23243,2024-05-18 00:00:00,aftosa/ravax/ricobendazol,
9441,23247,2024-05-18 00:00:00,aftosa/ravax/ricobendazol,
9442,23248,2024-05-18 00:00:00,aftosa/ravax/ricobendazol,
9443,23128,2024-05-17 00:00:00,aftosa/ravax/ricobendazol/RB51,
9444,23231,2024-05-17 00:00:00,ricobendazol/aftosa/rabia,
9445,23209,2024-05-17 00:00:00,ricobendazol/aftosa/rabia/rb51,
9446,23171,2024-05-17 00:00:00,ricobendazol/aftosa/rabia,
9447,23148,2024-05-17 00:00:00,ricobendazol/aftosa/rabia/rb51,
9448,23182,2024-05-17 00:00:00,ricobendazol/aftosa/rabia,
9449,23189,2024-05-17 00:00:00,ricobendazol/aftosa/rabia,
9450,23156,2024-05-17 00:00:00,ricobendazol/aftosa/rabia,
9451,23219,2024-05-17 00:00:00,ricobendazol/aftosa/rabia,
9452,7067,2024-05-15 00:00:00,aftosa/ricobendazol/protox//reproporte,
9453,1073,2024-05-22 00:00:00,aftosa/ricobendazol/conbibac,
9454,1074,2024-05-22 00:00:00,aftosa/ricobendazol/conbibac,
9455,1077A,2024-05-22 00:00:00,aftosa/ricobendazol/conbibac,
9456,1084A,2024-05-22 00:00:00,aftosa/ricobendazol/conbibac,
9457,1091,2024-05-22 00:00:00,aftosa/ricobendazol/conbibac,
9458,1094,2024-05-22 00:00:00,aftosa/ricobendazol/conbibac,
9459,1097B,2024-05-22 00:00:00,aftosa/ricobendazol/conbibac,
9460,1098,2024-05-22 00:00:00,aftosa/ricobendazol/conbibac,
9461,1100A,2024-05-22 00:00:00,aftosa/ricobendazol/conbibac,
9462,1100B,2024-05-22 00:00:00,aftosa/ricobendazol/conbibac,
9463,1102,2024-05-22 00:00:00,aftosa/ricobendazol/conbibac,
9464,1103,2024-05-22 00:00:00,aftosa/ricobendazol/conbibac,
9465,1109A,2024-05-22 00:00:00,aftosa/ricobendazol/conbibac,
9466,1117,2024-05-22 00:00:00,aftosa/ricobendazol/conbibac,
9467,1123,2024-05-22 00:00:00,aftosa/ricobendazol/conbibac,
9468,1128,2024-05-22 00:00:00,aftosa/ricobendazol/conbibac,
9469,1188,2024-05-22 00:00:00,aftosa/ricobendazol/conbibac,
9470,12164,2024-05-22 00:00:00,aftosa/ricobendazol/conbibac,
9471,1310,2024-05-22 00:00:00,aftosa/ricobendazol/conbibac,
9472,2,2024-05-22 00:00:00,aftosa/ricobendazol/conbibac,
9473,2002,2024-05-22 00:00:00,aftosa/ricobendazol/conbibac,
9474,2007,2024-05-22 00:00:00,aftosa/ricobendazol/conbibac,
9475,2010,2024-05-22 00:00:00,aftosa/ricobendazol/conbibac,
9476,2011,2024-05-22 00:00:00,aftosa/ricobendazol/conbibac,
9477,2013,2024-05-22 00:00:00,aftosa/ricobendazol/conbibac,
9478,2014,2024-05-22 00:00:00,aftosa/ricobendazol/conbibac,
9479,2016,2024-05-22 00:00:00,aftosa/ricobendazol/conbibac,
9480,2018,2024-05-22 00:00:00,aftosa/ricobendazol/conbibac,
9481,2024,2024-05-22 00:00:00,aftosa/ricobendazol/conbibac,
9482,2025A,2024-05-22 00:00:00,aftosa/ricobendazol/conbibac,
9483,2026,2024-05-22 00:00:00,aftosa/ricobendazol/conbibac,
9484,2030,2024-05-22 00:00:00,aftosa/ricobendazol/conbibac,
9485,20337,2024-05-22 00:00:00,aftosa/ricobendazol/conbibac,
9486,2034,2024-05-22 00:00:00,aftosa/ricobendazol/conbibac,
9487,2036,2024-05-22 00:00:00,aftosa/ricobendazol/conbibac,
9488,2044,2024-05-22 00:00:00,aftosa/ricobendazol/conbibac,
9489,2059,2024-05-22 00:00:00,aftosa/ricobendazol/conbibac,
9490,2061,2024-05-22 00:00:00,aftosa/ricobendazol/conbibac,
9491,2062,2024-05-22 00:00:00,aftosa/ricobendazol/conbibac,
9492,2064,2024-05-22 00:00:00,aftosa/ricobendazol/conbibac,
9493,2067,2024-05-22 00:00:00,aftosa/ricobendazol/conbibac,
9494,2087,2024-05-22 00:00:00,aftosa/ricobendazol/conbibac,
9495,2088B,2024-05-22 00:00:00,aftosa/ricobendazol/conbibac,
9496,2093A,2024-05-22 00:00:00,aftosa/ricobendazol/conbibac,
9497,2094,2024-05-22 00:00:00,aftosa/ricobendazol/conbibac,
9498,2095,2024-05-22 00:00:00,aftosa/ricobendazol/conbibac,
9499,2096A,2024-05-22 00:00:00,aftosa/ricobendazol/conbibac,
9500,2097,2024-05-22 00:00:00,aftosa/ricobendazol/conbibac,
9501,20971,2024-05-22 00:00:00,aftosa/ricobendazol/conbibac,
9503,2099,2024-05-22 00:00:00,aftosa/ricobendazol/conbibac,
9504,2101,2024-05-22 00:00:00,aftosa/ricobendazol/conbibac,
9505,2102,2024-05-22 00:00:00,aftosa/ricobendazol/conbibac,
9506,21027,2024-05-22 00:00:00,aftosa/ricobendazol/conbibac,
9507,2107,2024-05-22 00:00:00,aftosa/ricobendazol/conbibac,
9508,2110,2024-05-22 00:00:00,aftosa/ricobendazol/conbibac,
9509,2137,2024-05-22 00:00:00,aftosa/ricobendazol/conbibac,
9510,21391,2024-05-22 00:00:00,aftosa/ricobendazol/conbibac,
9511,2140,2024-05-22 00:00:00,aftosa/ricobendazol/conbibac,
9512,2141,2024-05-22 00:00:00,aftosa/ricobendazol/conbibac,
9513,2143A,2024-05-22 00:00:00,aftosa/ricobendazol/conbibac,
9514,2145,2024-05-22 00:00:00,aftosa/ricobendazol/conbibac,
9515,2149,2024-05-22 00:00:00,aftosa/ricobendazol/conbibac,
9516,2159,2024-05-22 00:00:00,aftosa/ricobendazol/conbibac,
9517,22160,2024-05-22 00:00:00,aftosa/ricobendazol/conbibac,
9518,2162,2024-05-22 00:00:00,aftosa/ricobendazol/conbibac,
9519,2167,2024-05-22 00:00:00,aftosa/ricobendazol/conbibac,
9520,2174,2024-05-22 00:00:00,aftosa/ricobendazol/conbibac,
9521,22177,2024-05-22 00:00:00,aftosa/ricobendazol/conbibac,
9522,2202,2024-05-22 00:00:00,aftosa/ricobendazol/conbibac,
9523,22085,2024-05-22 00:00:00,aftosa/ricobendazol/conbibac,
9524,22100,2024-05-22 00:00:00,aftosa/ricobendazol/conbibac,
9525,22105,2024-05-22 00:00:00,aftosa/ricobendazol/conbibac,
9526,22112,2024-05-22 00:00:00,aftosa/ricobendazol/conbibac,
9527,22114,2024-05-22 00:00:00,aftosa/ricobendazol/conbibac,
9528,22115,2024-05-22 00:00:00,aftosa/ricobendazol/conbibac,
9529,22116,2024-05-22 00:00:00,aftosa/ricobendazol/conbibac,
9530,22117,2024-05-22 00:00:00,aftosa/ricobendazol/conbibac,
9531,22118,2024-05-22 00:00:00,aftosa/ricobendazol/conbibac,
9532,22119,2024-05-22 00:00:00,aftosa/ricobendazol/conbibac,
9533,22120,2024-05-22 00:00:00,aftosa/ricobendazol/conbibac,
9534,22121,2024-05-22 00:00:00,aftosa/ricobendazol/conbibac,
9535,22122,2024-05-22 00:00:00,aftosa/ricobendazol/conbibac,
9536,22125,2024-05-22 00:00:00,aftosa/ricobendazol/conbibac,
9537,22131,2024-05-22 00:00:00,aftosa/ricobendazol/conbibac,
9538,22139,2024-05-22 00:00:00,aftosa/ricobendazol/conbibac,
9539,22142,2024-05-22 00:00:00,aftosa/ricobendazol/conbibac,
9540,22144,2024-05-22 00:00:00,aftosa/ricobendazol/conbibac,
9541,2215,2024-05-22 00:00:00,aftosa/ricobendazol/conbibac,
9542,22150,2024-05-22 00:00:00,aftosa/ricobendazol/conbibac,
9543,22151,2024-05-22 00:00:00,aftosa/ricobendazol/conbibac,
9544,22157,2024-05-22 00:00:00,aftosa/ricobendazol/conbibac,
9545,22158,2024-05-22 00:00:00,aftosa/ricobendazol/conbibac,
9546,22161,2024-05-22 00:00:00,aftosa/ricobendazol/conbibac,
9547,22164,2024-05-22 00:00:00,aftosa/ricobendazol/conbibac,
9548,22166,2024-05-22 00:00:00,aftosa/ricobendazol/conbibac,
9549,22169A,2024-05-22 00:00:00,aftosa/ricobendazol/conbibac,
9550,22171,2024-05-22 00:00:00,aftosa/ricobendazol/conbibac,
9551,22175,2024-05-22 00:00:00,aftosa/ricobendazol/conbibac,
9552,22176,2024-05-22 00:00:00,aftosa/ricobendazol/conbibac,
9553,22178,2024-05-22 00:00:00,aftosa/ricobendazol/conbibac,
9554,2218,2024-05-22 00:00:00,aftosa/ricobendazol/conbibac,
9555,BU062,2024-06-01 00:00:00,aftosa/ ricobendazol/ protox/conbibac,
9556,BU069,2024-06-01 00:00:00,aftosa/ ricobendazol/ protox/conbibac,
9557,BU076,2024-06-01 00:00:00,aftosa/ ricobendazol/ protox/conbibac,
9558,BU078,2024-06-01 00:00:00,aftosa/ ricobendazol/ protox/conbibac,
9559,BU082,2024-06-01 00:00:00,aftosa/ ricobendazol/ protox/conbibac,
9560,BU086,2024-06-01 00:00:00,aftosa/ ricobendazol/ protox/conbibac,
9561,BU088,2024-06-01 00:00:00,aftosa/ ricobendazol/ protox/conbibac,
9562,BU089,2024-06-01 00:00:00,aftosa/ ricobendazol/ protox/conbibac,
9563,BU091,2024-06-01 00:00:00,aftosa/ ricobendazol/ protox/conbibac,
9564,BU092,2024-06-01 00:00:00,aftosa/ ricobendazol/ protox/conbibac,
9565,BU097,2024-06-01 00:00:00,aftosa/ ricobendazol/ protox/conbibac,
9566,BU099,2024-06-01 00:00:00,aftosa/ ricobendazol/ protox/conbibac,
9567,BU106,2024-06-01 00:00:00,aftosa/ ricobendazol/ protox/conbibac,
9568,BU301,2024-06-01 00:00:00,aftosa/ ricobendazol/ protox/conbibac,
9569,BU302,2024-06-01 00:00:00,aftosa/ ricobendazol/ protox/conbibac,
9570,BU303,2024-06-01 00:00:00,aftosa/ ricobendazol/ protox/conbibac,
9571,BU304,2024-06-01 00:00:00,aftosa/ ricobendazol/ protox/conbibac,
9572,BU306,2024-06-01 00:00:00,aftosa/ ricobendazol/ protox/conbibac,
9573,BU307,2024-06-01 00:00:00,aftosa/ ricobendazol/ protox/conbibac,
9574,BU308,2024-06-01 00:00:00,aftosa/ ricobendazol/ protox/conbibac,
9575,BU309,2024-06-01 00:00:00,aftosa/ ricobendazol/ protox/conbibac,
9576,BU310,2024-06-01 00:00:00,aftosa/ ricobendazol/ protox/conbibac,
9577,BU311,2024-06-01 00:00:00,aftosa/ ricobendazol/ protox/conbibac,
9578,BU312,2024-06-01 00:00:00,aftosa/ ricobendazol/ protox/conbibac,
9579,BU316,2024-06-01 00:00:00,aftosa/ ricobendazol/ protox/conbibac,
9580,BU318,2024-06-01 00:00:00,aftosa/ ricobendazol/ protox/conbibac,
9581,BU320,2024-06-01 00:00:00,aftosa/ ricobendazol/ protox/conbibac,
9582,BU324,2024-06-01 00:00:00,aftosa/ ricobendazol/ protox/conbibac,
9583,BU329,2024-06-01 00:00:00,aftosa/ ricobendazol/ protox/conbibac,
9584,BU330,2024-06-01 00:00:00,aftosa/ ricobendazol/ protox/conbibac,
9585,BU331,2024-06-01 00:00:00,aftosa/ ricobendazol/ protox/conbibac,
9586,BU332,2024-06-01 00:00:00,aftosa/ ricobendazol/ protox/conbibac,
9587,BU333,2024-06-01 00:00:00,aftosa/ ricobendazol/ protox/conbibac,
9588,BU334,2024-06-01 00:00:00,aftosa/ ricobendazol/ protox/conbibac,
9589,BU335,2024-06-01 00:00:00,aftosa/ ricobendazol/ protox/conbibac,
9590,BU336,2024-06-01 00:00:00,aftosa/ ricobendazol/ protox/conbibac,
9591,BU337,2024-06-01 00:00:00,aftosa/ ricobendazol/ protox/conbibac,
9592,BU338,2024-06-01 00:00:00,aftosa/ ricobendazol/ protox/conbibac,
9593,BU339,2024-06-01 00:00:00,aftosa/ ricobendazol/ protox/conbibac,
9594,BU340,2024-06-01 00:00:00,aftosa/ ricobendazol/ protox/conbibac,
9595,BU341,2024-06-01 00:00:00,aftosa/ ricobendazol/ protox/conbibac,
9596,BU342,2024-06-01 00:00:00,aftosa/ ricobendazol/ protox/conbibac,
9597,BU343,2024-06-01 00:00:00,aftosa/ ricobendazol/ protox/conbibac,
9598,BU344,2024-06-01 00:00:00,aftosa/ ricobendazol/ protox/conbibac,
9599,BU345,2024-06-01 00:00:00,aftosa/ ricobendazol/ protox/conbibac,
9600,BU346,2024-06-01 00:00:00,aftosa/ ricobendazol/ protox/conbibac,
9601,BU347,2024-06-01 00:00:00,aftosa/ ricobendazol/ protox/conbibac,
9602,BU348,2024-06-01 00:00:00,aftosa/ ricobendazol/ protox/conbibac,
9603,BU349,2024-06-01 00:00:00,aftosa/ ricobendazol/ protox/conbibac,
9604,BU350,2024-06-01 00:00:00,aftosa/ ricobendazol/ protox/conbibac,
9605,BU351,2024-06-01 00:00:00,aftosa/ ricobendazol/ protox/conbibac,
9606,BU66,2024-06-01 00:00:00,aftosa/ ricobendazol/ protox/conbibac,
9607,BU67,2024-06-01 00:00:00,aftosa/ ricobendazol/ protox/conbibac,
9608,BU68,2024-06-01 00:00:00,aftosa/ ricobendazol/ protox/conbibac,
9609,BU69,2024-06-01 00:00:00,aftosa/ ricobendazol/ protox/conbibac,
9610,BU70,2024-06-01 00:00:00,aftosa/ ricobendazol/ protox/conbibac,
9611,BU71,2024-06-01 00:00:00,aftosa/ ricobendazol/ protox/conbibac,
9612,BU72,2024-06-01 00:00:00,aftosa/ ricobendazol/ protox/conbibac,
9613,BU75,2024-06-01 00:00:00,aftosa/ ricobendazol/ protox/conbibac,
9614,BU76,2024-06-01 00:00:00,aftosa/ ricobendazol/ protox/conbibac,
9615,BU78,2024-06-01 00:00:00,aftosa/ ricobendazol/ protox/conbibac,
9616,BU79,2024-06-01 00:00:00,aftosa/ ricobendazol/ protox/conbibac,
9617,BU80,2024-06-01 00:00:00,aftosa/ ricobendazol/ protox/conbibac,
9618,BU81,2024-06-01 00:00:00,aftosa/ ricobendazol/ protox/conbibac,
9619,BU82,2024-06-01 00:00:00,aftosa/ ricobendazol/ protox/conbibac,
9620,BU83,2024-06-01 00:00:00,aftosa/ ricobendazol/ protox/conbibac,
9621,BU84,2024-06-01 00:00:00,aftosa/ ricobendazol/ protox/conbibac,
9622,BU85,2024-06-01 00:00:00,aftosa/ ricobendazol/ protox/conbibac,
9623,BU86,2024-06-01 00:00:00,aftosa/ ricobendazol/ protox/conbibac,
9624,BU87,2024-06-01 00:00:00,aftosa/ ricobendazol/ protox/conbibac,
9625,BU88,2024-06-01 00:00:00,aftosa/ ricobendazol/ protox/conbibac,
9626,BU89,2024-06-01 00:00:00,aftosa/ ricobendazol/ protox/conbibac,
9627,BU92,2024-06-01 00:00:00,aftosa/ ricobendazol/ protox/conbibac,
9628,BU93,2024-06-01 00:00:00,aftosa/ ricobendazol/ protox/conbibac,
9629,BU94,2024-06-01 00:00:00,aftosa/ ricobendazol/ protox/conbibac,
9630,BU314,2024-06-01 00:00:00,aftosa/ ricobendazol/ protox/conbibac,
9631,BU315,2024-06-01 00:00:00,aftosa/ ricobendazol/ protox/conbibac,
9632,BU085,2024-06-01 00:00:00,aftosa/ ricobendazol/ protox/conbibac,
9633,BU087,2024-06-01 00:00:00,aftosa/ ricobendazol/ protox/conbibac,
9634,BU056,2024-06-01 00:00:00,aftosa/ ricobendazol/ protox/conbibac,
9635,BU090,2024-06-01 00:00:00,aftosa/ ricobendazol/ protox/conbibac,
9636,BU317,2024-06-01 00:00:00,aftosa/ ricobendazol/ protox/conbibac,
9637,BU319,2024-06-01 00:00:00,aftosa/ ricobendazol/ protox/conbibac,
9638,BU321,2024-06-01 00:00:00,aftosa/ ricobendazol/ protox/conbibac,
9639,BU071,2024-06-01 00:00:00,aftosa/ ricobendazol/ protox/conbibac,
9640,BU322,2024-06-01 00:00:00,aftosa/ ricobendazol/ protox/conbibac,
9641,BU323,2024-06-01 00:00:00,aftosa/ ricobendazol/ protox/conbibac,
9642,BU325,2024-06-01 00:00:00,aftosa/ ricobendazol/ protox/conbibac,
9643,BU073,2024-06-01 00:00:00,aftosa/ ricobendazol/ protox/conbibac,
9644,BU326,2024-06-01 00:00:00,aftosa/ ricobendazol/ protox/conbibac,
9645,BU095,2024-06-01 00:00:00,aftosa/ ricobendazol/ protox/conbibac,
9646,BU327,2024-06-01 00:00:00,aftosa/ ricobendazol/ protox/conbibac,
9647,BU328,2024-06-01 00:00:00,aftosa/ ricobendazol/ protox/conbibac,
9648,BU313,2024-06-01 00:00:00,aftosa/ ricobendazol/ protox/conbibac,
9649,BU305,2024-06-01 00:00:00,aftosa/ ricobendazol/ protox/conbibac,
9650,BU3,2024-06-01 00:00:00,aftosa/ ricobendazol/ protox/conbibac,
9651,BU084,2024-06-01 00:00:00,aftosa/ ricobendazol/ protox/conbibac,
9652,23128,2024-06-19 00:00:00,doramectina,
9653,23144,2024-06-19 00:00:00,doramectina,
9654,23160,2024-06-19 00:00:00,doramectina,
9655,23162,2024-06-19 00:00:00,doramectina,
9656,23166,2024-06-19 00:00:00,doramectina,
9657,23169,2024-06-19 00:00:00,doramectina,
9658,23172,2024-06-19 00:00:00,doramectina,
9659,23174,2024-06-19 00:00:00,doramectina,
9660,23176,2024-06-19 00:00:00,doramectina,
9661,23177,2024-06-19 00:00:00,doramectina,
9662,23180,2024-06-19 00:00:00,doramectina,
9663,23183,2024-06-19 00:00:00,doramectina,
9664,23185,2024-06-19 00:00:00,doramectina,
9665,23188,2024-06-19 00:00:00,doramectina,
9666,23190,2024-06-19 00:00:00,doramectina,
9667,23193,2024-06-19 00:00:00,doramectina,
9668,23201,2024-06-19 00:00:00,doramectina,
9669,23202,2024-06-19 00:00:00,doramectina,
9670,23203,2024-06-19 00:00:00,doramectina,
9671,23204,2024-06-19 00:00:00,doramectina,
9672,23212,2024-06-19 00:00:00,doramectina,
9673,23215,2024-06-19 00:00:00,doramectina,
9674,23220,2024-06-19 00:00:00,doramectina,
9675,23222,2024-06-19 00:00:00,doramectina,
9676,23228,2024-06-19 00:00:00,doramectina,
9677,23229,2024-06-19 00:00:00,doramectina,
9678,23233,2024-06-19 00:00:00,doramectina,
9679,23237,2024-06-19 00:00:00,doramectina,
9680,23239,2024-06-19 00:00:00,doramectina,
9681,23242,2024-06-19 00:00:00,doramectina,
9682,23243,2024-06-19 00:00:00,doramectina,
9683,23247,2024-06-19 00:00:00,doramectina,
9684,23248,2024-06-19 00:00:00,doramectina,
9685,22180,2024-05-22 00:00:00,aftosa/ricobendazol/conbibac,
9686,22182,2024-05-22 00:00:00,aftosa/ricobendazol/conbibac,
9687,22183,2024-05-22 00:00:00,aftosa/ricobendazol/conbibac,
9688,22184,2024-05-22 00:00:00,aftosa/ricobendazol/conbibac,
9689,22185,2024-05-22 00:00:00,aftosa/ricobendazol/conbibac,
9690,22186,2024-05-22 00:00:00,aftosa/ricobendazol/conbibac,
9691,22187,2024-05-22 00:00:00,aftosa/ricobendazol/conbibac,
9692,22188,2024-05-22 00:00:00,aftosa/ricobendazol/conbibac,
9693,22189,2024-05-22 00:00:00,aftosa/ricobendazol/conbibac,
9694,22190,2024-05-22 00:00:00,aftosa/ricobendazol/conbibac,
9695,22191,2024-05-22 00:00:00,aftosa/ricobendazol/conbibac,
9696,22192,2024-05-22 00:00:00,aftosa/ricobendazol/conbibac,
9697,22193,2024-05-22 00:00:00,aftosa/ricobendazol/conbibac,
9698,22196,2024-05-22 00:00:00,aftosa/ricobendazol/conbibac,
9699,22197,2024-05-22 00:00:00,aftosa/ricobendazol/conbibac,
9700,22198,2024-05-22 00:00:00,aftosa/ricobendazol/conbibac,
9701,22199,2024-05-22 00:00:00,aftosa/ricobendazol/conbibac,
9702,22205,2024-05-22 00:00:00,aftosa/ricobendazol/conbibac,
9703,22206,2024-05-22 00:00:00,aftosa/ricobendazol/conbibac,
9704,22207,2024-05-22 00:00:00,aftosa/ricobendazol/conbibac,
9705,22209,2024-05-22 00:00:00,aftosa/ricobendazol/conbibac,
9706,22216,2024-05-22 00:00:00,aftosa/ricobendazol/conbibac,
9707,22221,2024-05-22 00:00:00,aftosa/ricobendazol/conbibac,
9708,2224,2024-05-22 00:00:00,aftosa/ricobendazol/conbibac,
9709,23001,2024-05-22 00:00:00,aftosa/ricobendazol/conbibac/RB51,
9710,23002,2024-05-22 00:00:00,aftosa/ricobendazol/conbibac/RB51,
9711,23005,2024-05-22 00:00:00,aftosa/ricobendazol/conbibac,
9712,23006,2024-05-22 00:00:00,aftosa/ricobendazol/conbibac/RB51,
9713,23007,2024-05-22 00:00:00,aftosa/ricobendazol/conbibac,
9714,23008,2024-05-22 00:00:00,aftosa/ricobendazol/conbibac,
9715,23010,2024-05-22 00:00:00,aftosa/ricobendazol/conbibac,
9716,23011,2024-05-22 00:00:00,aftosa/ricobendazol/conbibac,
9717,23013,2024-05-22 00:00:00,aftosa/ricobendazol/conbibac,
9718,23014,2024-05-22 00:00:00,aftosa/ricobendazol/conbibac,
9719,23015,2024-05-22 00:00:00,aftosa/ricobendazol/conbibac,
9720,23016,2024-05-22 00:00:00,aftosa/ricobendazol/conbibac/RB51,
9721,23017,2024-05-22 00:00:00,aftosa/ricobendazol/conbibac/RB51,
9722,23018,2024-05-22 00:00:00,aftosa/ricobendazol/conbibac/RB51,
9723,23019,2024-05-22 00:00:00,aftosa/ricobendazol/conbibac,
9724,23020,2024-05-22 00:00:00,aftosa/ricobendazol/conbibac,
9725,23021,2024-05-22 00:00:00,aftosa/ricobendazol/conbibac/RB51,
9726,23022,2024-05-22 00:00:00,aftosa/ricobendazol/conbibac/RB51,
9727,23023,2024-05-22 00:00:00,aftosa/ricobendazol/conbibac/RB51,
9728,23024,2024-05-22 00:00:00,aftosa/ricobendazol/conbibac,
9729,23026,2024-05-22 00:00:00,aftosa/ricobendazol/conbibac,
9730,23030,2024-05-22 00:00:00,aftosa/ricobendazol/conbibac/RB51,
9731,23033,2024-05-22 00:00:00,aftosa/ricobendazol/conbibac/RB51,
9732,23034,2024-05-22 00:00:00,aftosa/ricobendazol/conbibac/RB51,
9733,23035,2024-05-22 00:00:00,aftosa/ricobendazol/conbibac,
9734,23036,2024-05-22 00:00:00,aftosa/ricobendazol/conbibac,
9735,23037,2024-05-22 00:00:00,aftosa/ricobendazol/conbibac/RB51,
9736,23038,2024-05-22 00:00:00,aftosa/ricobendazol/conbibac,
9737,23039,2024-05-22 00:00:00,aftosa/ricobendazol/conbibac/RB51,
9738,23040,2024-05-22 00:00:00,aftosa/ricobendazol/conbibac/RB51,
9739,23041,2024-05-22 00:00:00,aftosa/ricobendazol/conbibac/RB51,
9740,23043,2024-05-22 00:00:00,aftosa/ricobendazol/conbibac/RB51,
9741,23044,2024-05-22 00:00:00,aftosa/ricobendazol/conbibac,
9742,23045,2024-05-22 00:00:00,aftosa/ricobendazol/conbibac,
9743,23046,2024-05-22 00:00:00,aftosa/ricobendazol/conbibac,
9744,23049,2024-05-22 00:00:00,aftosa/ricobendazol/conbibac/RB51,
9745,23050,2024-05-22 00:00:00,aftosa/ricobendazol/conbibac/RB51,
9746,23051,2024-05-22 00:00:00,aftosa/ricobendazol/conbibac/RB51,
9747,23052,2024-05-22 00:00:00,aftosa/ricobendazol/conbibac/RB51,
9748,23053,2024-05-22 00:00:00,aftosa/ricobendazol/conbibac,
9749,23054,2024-05-22 00:00:00,aftosa/ricobendazol/conbibac,
9750,23055,2024-05-22 00:00:00,aftosa/ricobendazol/conbibac/RB51,
9751,23056,2024-05-22 00:00:00,aftosa/ricobendazol/conbibac,
9752,23057,2024-05-22 00:00:00,aftosa/ricobendazol/conbibac/RB51,
9753,23058,2024-05-22 00:00:00,aftosa/ricobendazol/conbibac,
9754,23059,2024-05-22 00:00:00,aftosa/ricobendazol/conbibac,
9755,23060,2024-05-22 00:00:00,aftosa/ricobendazol/conbibac/RB51,
9756,23061,2024-05-22 00:00:00,aftosa/ricobendazol/conbibac/RB51,
9757,23062,2024-05-22 00:00:00,aftosa/ricobendazol/conbibac,
9758,23063,2024-05-22 00:00:00,aftosa/ricobendazol/conbibac,
9759,23064,2024-05-22 00:00:00,aftosa/ricobendazol/conbibac,
9760,23065,2024-05-22 00:00:00,aftosa/ricobendazol/conbibac/RB51,
9761,23067,2024-05-22 00:00:00,aftosa/ricobendazol/conbibac,
9762,23069,2024-05-22 00:00:00,aftosa/ricobendazol/conbibac,
9763,23072,2024-05-22 00:00:00,aftosa/ricobendazol/conbibac,
9764,23077,2024-05-22 00:00:00,aftosa/ricobendazol/conbibac,
9765,23078,2024-05-22 00:00:00,aftosa/ricobendazol/conbibac,
9766,23079,2024-05-22 00:00:00,aftosa/ricobendazol/conbibac,
9767,23080,2024-05-22 00:00:00,aftosa/ricobendazol/conbibac,
9768,23081,2024-05-22 00:00:00,aftosa/ricobendazol/conbibac/RB51,
9769,23082,2024-05-22 00:00:00,aftosa/ricobendazol/conbibac/RB51,
9770,23084,2024-05-22 00:00:00,aftosa/ricobendazol/conbibac,
9771,23085,2024-05-22 00:00:00,aftosa/ricobendazol/conbibac,
9772,23087,2024-05-22 00:00:00,aftosa/ricobendazol/conbibac,
9773,23088,2024-05-22 00:00:00,aftosa/ricobendazol/conbibac,
9774,23090,2024-05-22 00:00:00,aftosa/ricobendazol/conbibac,
9775,23091,2024-05-22 00:00:00,aftosa/ricobendazol/conbibac,
9776,23092,2024-05-22 00:00:00,aftosa/ricobendazol/conbibac/RB51,
9777,23093,2024-05-22 00:00:00,aftosa/ricobendazol/conbibac,
9778,23095,2024-05-22 00:00:00,aftosa/ricobendazol/conbibac,
9779,23096,2024-05-22 00:00:00,aftosa/ricobendazol/conbibac,
9780,23098,2024-05-22 00:00:00,aftosa/ricobendazol/conbibac/RB51,
9781,23101,2024-05-22 00:00:00,aftosa/ricobendazol/conbibac,
9782,23102,2024-05-22 00:00:00,aftosa/ricobendazol/conbibac,
9783,23104,2024-05-22 00:00:00,aftosa/ricobendazol/conbibac,
9784,23105,2024-05-22 00:00:00,aftosa/ricobendazol/conbibac/RB51,
9785,23106,2024-05-22 00:00:00,aftosa/ricobendazol/conbibac/RB51,
9786,23107,2024-05-22 00:00:00,aftosa/ricobendazol/conbibac,
9787,23108,2024-05-22 00:00:00,aftosa/ricobendazol/conbibac,
9788,23110,2024-05-22 00:00:00,aftosa/ricobendazol/conbibac,
9789,23111,2024-05-22 00:00:00,aftosa/ricobendazol/conbibac/RB51,
9790,23114,2024-05-22 00:00:00,aftosa/ricobendazol/conbibac,
9791,23115,2024-05-22 00:00:00,aftosa/ricobendazol/conbibac/RB51,
9792,23116,2024-05-22 00:00:00,aftosa/ricobendazol/conbibac,
9793,23118,2024-05-22 00:00:00,aftosa/ricobendazol/conbibac,
9794,23119,2024-05-22 00:00:00,aftosa/ricobendazol/conbibac,
9795,23120,2024-05-22 00:00:00,aftosa/ricobendazol/conbibac,
9796,23121,2024-05-22 00:00:00,aftosa/ricobendazol/conbibac/RB51,
9797,23122,2024-05-22 00:00:00,aftosa/ricobendazol/conbibac/RB51,
9798,23123,2024-05-22 00:00:00,aftosa/ricobendazol/conbibac,
9799,23124,2024-05-22 00:00:00,aftosa/ricobendazol/conbibac,
9800,23127,2024-05-22 00:00:00,aftosa/ricobendazol/conbibac/RB51,
9801,23129,2024-05-22 00:00:00,aftosa/ricobendazol/conbibac/RB51,
9802,23130,2024-05-22 00:00:00,aftosa/ricobendazol/conbibac/RB51,
9803,23131,2024-05-22 00:00:00,aftosa/ricobendazol/conbibac/RB51,
9804,23134,2024-05-22 00:00:00,aftosa/ricobendazol/conbibac/RB51,
9805,23135,2024-05-22 00:00:00,aftosa/ricobendazol/conbibac,
9806,23138,2024-05-22 00:00:00,aftosa/ricobendazol/conbibac/RB51,
9807,23141,2024-05-22 00:00:00,aftosa/ricobendazol/conbibac/RB51,
9808,23142,2024-05-22 00:00:00,aftosa/ricobendazol/conbibac,
9809,23150,2024-05-22 00:00:00,aftosa/ricobendazol/conbibac,
9810,23151,2024-05-22 00:00:00,aftosa/ricobendazol/conbibac/RB51,
9811,23152,2024-05-22 00:00:00,aftosa/ricobendazol/conbibac/RB51,
9812,23153,2024-05-22 00:00:00,aftosa/ricobendazol/conbibac,
9813,23157,2024-05-22 00:00:00,aftosa/ricobendazol/conbibac,
9814,23158,2024-05-22 00:00:00,aftosa/ricobendazol/conbibac,
9815,23159,2024-05-22 00:00:00,aftosa/ricobendazol/conbibac/RB51,
9816,23178,2024-05-22 00:00:00,aftosa/ricobendazol/conbibac,
9817,23179,2024-05-22 00:00:00,aftosa/ricobendazol/conbibac,
9818,23181,2024-05-22 00:00:00,aftosa/ricobendazol/conbibac,
9819,23186,2024-05-22 00:00:00,aftosa/ricobendazol/conbibac,
9820,23196,2024-05-22 00:00:00,aftosa/ricobendazol/conbibac,
9821,23197,2024-05-22 00:00:00,aftosa/ricobendazol/conbibac,
9822,23198,2024-05-22 00:00:00,aftosa/ricobendazol/conbibac,
9823,23206,2024-05-22 00:00:00,aftosa/ricobendazol/conbibac,
9824,23207,2024-05-22 00:00:00,aftosa/ricobendazol/conbibac,
9825,23208,2024-05-22 00:00:00,aftosa/ricobendazol/conbibac/RB51,
9826,23214,2024-05-22 00:00:00,aftosa/ricobendazol/conbibac,
9827,23235,2024-05-22 00:00:00,aftosa/ricobendazol/conbibac/RB51,
9828,23251,2024-05-22 00:00:00,aftosa/ricobendazol/conbibac,
9829,3015,2024-05-22 00:00:00,aftosa/ricobendazol/conbibac,
9830,3028A,2024-05-22 00:00:00,aftosa/ricobendazol/conbibac,
9831,3044A,2024-05-22 00:00:00,aftosa/ricobendazol/conbibac,
9832,3084,2024-05-22 00:00:00,aftosa/ricobendazol/conbibac,
9833,31,2024-05-22 00:00:00,aftosa/ricobendazol/conbibac,
9834,32,2024-05-22 00:00:00,aftosa/ricobendazol/conbibac,
9835,3227,2024-05-22 00:00:00,aftosa/ricobendazol/conbibac,
9836,4007,2024-05-22 00:00:00,aftosa/ricobendazol/conbibac,
9837,40072,2024-05-22 00:00:00,aftosa/ricobendazol/conbibac,
9838,4023,2024-05-22 00:00:00,aftosa/ricobendazol/conbibac,
9839,4033,2024-05-22 00:00:00,aftosa/ricobendazol/conbibac,
9840,4034,2024-05-22 00:00:00,aftosa/ricobendazol/conbibac,
9841,4043,2024-05-22 00:00:00,aftosa/ricobendazol/conbibac,
9842,4048,2024-05-22 00:00:00,aftosa/ricobendazol/conbibac,
9843,4053,2024-05-22 00:00:00,aftosa/ricobendazol/conbibac,
9844,4055,2024-05-22 00:00:00,aftosa/ricobendazol/conbibac,
9845,406,2024-05-22 00:00:00,aftosa/ricobendazol/conbibac,
9846,4072,2024-05-22 00:00:00,aftosa/ricobendazol/conbibac,
9847,20,2024-07-04 00:00:00,comvibac,
9848,30,2024-07-04 00:00:00,comvibac,
9849,35,2024-07-04 00:00:00,comvibac,
9850,0101,2024-07-04 00:00:00,comvibac,
9851,0107,2024-07-04 00:00:00,comvibac,
9852,0108,2024-07-04 00:00:00,comvibac,
9853,0128,2024-07-04 00:00:00,comvibac,
9854,0205,2024-07-04 00:00:00,comvibac,
9855,0211,2024-07-04 00:00:00,comvibac,
9856,0224,2024-07-04 00:00:00,comvibac,
9857,0240,2024-07-04 00:00:00,comvibac,
9858,0270,2024-07-04 00:00:00,comvibac,
9859,0297,2024-07-04 00:00:00,comvibac,
9860,0298,2024-07-04 00:00:00,comvibac,
9861,0342,2024-07-04 00:00:00,comvibac,
9862,0344,2024-07-04 00:00:00,comvibac,
9863,0348,2024-07-04 00:00:00,comvibac,
9864,0350,2024-07-04 00:00:00,comvibac,
9865,0353,2024-07-04 00:00:00,comvibac,
9866,0354,2024-07-04 00:00:00,comvibac,
9867,0355,2024-07-04 00:00:00,comvibac,
9868,1005,2024-07-04 00:00:00,comvibac,
9869,1015,2024-07-04 00:00:00,comvibac,
9870,1023,2024-07-04 00:00:00,comvibac,
9871,1066,2024-07-04 00:00:00,comvibac,
9872,1075,2024-07-04 00:00:00,comvibac,
9873,1079,2024-07-04 00:00:00,comvibac,
9874,1096,2024-07-04 00:00:00,comvibac,
9875,1123,2024-07-04 00:00:00,comvibac,
9876,1132,2024-07-04 00:00:00,comvibac,
9877,2019,2024-07-04 00:00:00,comvibac,
9878,2023,2024-07-04 00:00:00,comvibac,
9879,2039,2024-07-04 00:00:00,comvibac,
9880,2040,2024-07-04 00:00:00,comvibac,
9881,2042,2024-07-04 00:00:00,comvibac,
9882,2048,2024-07-04 00:00:00,comvibac,
9883,2051,2024-07-04 00:00:00,comvibac,
9884,2052,2024-07-04 00:00:00,comvibac,
9885,2066,2024-07-04 00:00:00,comvibac,
9886,2072,2024-07-04 00:00:00,comvibac,
9887,2093,2024-07-04 00:00:00,comvibac,
9888,2097,2024-07-04 00:00:00,comvibac,
9889,2103,2024-07-04 00:00:00,comvibac,
9890,2108,2024-07-04 00:00:00,comvibac,
9891,2109,2024-07-04 00:00:00,comvibac,
9892,2111,2024-07-04 00:00:00,comvibac,
9893,2143,2024-07-04 00:00:00,comvibac,
9894,2146,2024-07-04 00:00:00,comvibac,
9895,2153,2024-07-04 00:00:00,comvibac,
9896,2200,2024-07-04 00:00:00,comvibac,
9897,2201,2024-07-04 00:00:00,comvibac,
9898,2203,2024-07-04 00:00:00,comvibac,
9899,2340,2024-07-04 00:00:00,comvibac,
9900,2702,2024-07-04 00:00:00,comvibac,
9901,3093,2024-07-04 00:00:00,comvibac,
9902,3119,2024-07-04 00:00:00,comvibac,
9903,4007,2024-07-04 00:00:00,comvibac,
9904,4008,2024-07-04 00:00:00,comvibac,
9905,4018,2024-07-04 00:00:00,comvibac,
9906,4023,2024-07-04 00:00:00,comvibac,
9907,4055,2024-07-04 00:00:00,comvibac,
9908,4066,2024-07-04 00:00:00,comvibac,
9909,4087,2024-07-04 00:00:00,comvibac,
9910,4101,2024-07-04 00:00:00,comvibac,
9911,4172,2024-07-04 00:00:00,comvibac,
9912,5033,2024-07-04 00:00:00,comvibac,
9913,5077,2024-07-04 00:00:00,comvibac,
9914,4076,2024-05-22 00:00:00,aftosa/ricobendazol/conbibac,
9915,4078,2024-05-22 00:00:00,aftosa/ricobendazol/conbibac,
9916,4100,2024-05-22 00:00:00,aftosa/ricobendazol/conbibac,
9917,4109,2024-05-22 00:00:00,aftosa/ricobendazol/conbibac,
9918,4143,2024-05-22 00:00:00,aftosa/ricobendazol/conbibac,
9919,5013,2024-05-22 00:00:00,aftosa/ricobendazol/conbibac,
9920,5027,2024-05-22 00:00:00,aftosa/ricobendazol/conbibac,
9921,5035,2024-05-22 00:00:00,aftosa/ricobendazol/conbibac,
9922,5041,2024-05-22 00:00:00,aftosa/ricobendazol/conbibac,
9923,5043,2024-05-22 00:00:00,aftosa/ricobendazol/conbibac,
9924,50741,2024-05-22 00:00:00,aftosa/ricobendazol/conbibac,
9925,5090,2024-05-22 00:00:00,aftosa/ricobendazol/conbibac,
9926,5111,2024-05-22 00:00:00,aftosa/ricobendazol/conbibac,
9927,5144,2024-05-22 00:00:00,aftosa/ricobendazol/conbibac,
9928,6008,2024-05-22 00:00:00,aftosa/ricobendazol/conbibac,
9929,6021,2024-05-22 00:00:00,aftosa/ricobendazol/conbibac,
9930,6028,2024-05-22 00:00:00,aftosa/ricobendazol/conbibac,
9931,6037,2024-05-22 00:00:00,aftosa/ricobendazol/conbibac,
9932,6070,2024-05-22 00:00:00,aftosa/ricobendazol/conbibac,
9933,7021,2024-05-22 00:00:00,aftosa/ricobendazol/conbibac,
9934,7038,2024-05-22 00:00:00,aftosa/ricobendazol/conbibac,
9935,7066,2024-05-22 00:00:00,aftosa/ricobendazol/conbibac,
9936,7092,2024-05-22 00:00:00,aftosa/ricobendazol/conbibac,
9937,8003,2024-05-22 00:00:00,aftosa/ricobendazol/conbibac,
9938,8004,2024-05-22 00:00:00,aftosa/ricobendazol/conbibac,
9939,8005,2024-05-22 00:00:00,aftosa/ricobendazol/conbibac,
9940,8007,2024-05-22 00:00:00,aftosa/ricobendazol/conbibac,
9941,8016,2024-05-22 00:00:00,aftosa/ricobendazol/conbibac,
9942,8019,2024-05-22 00:00:00,aftosa/ricobendazol/conbibac,
9943,8020,2024-05-22 00:00:00,aftosa/ricobendazol/conbibac,
9944,8039,2024-05-22 00:00:00,aftosa/ricobendazol/conbibac,
9945,8040,2024-05-22 00:00:00,aftosa/ricobendazol/conbibac,
9946,80472,2024-05-22 00:00:00,aftosa/ricobendazol/conbibac,
9947,8057,2024-05-22 00:00:00,aftosa/ricobendazol/conbibac,
9948,8066,2024-05-22 00:00:00,aftosa/ricobendazol/conbibac,
9949,8067,2024-05-22 00:00:00,aftosa/ricobendazol/conbibac,
9950,8072,2024-05-22 00:00:00,aftosa/ricobendazol/conbibac,
9951,8078,2024-05-22 00:00:00,aftosa/ricobendazol/conbibac,
9952,8085,2024-05-22 00:00:00,aftosa/ricobendazol/conbibac,
9953,8089,2024-05-22 00:00:00,aftosa/ricobendazol/conbibac,
9954,80921,2024-05-22 00:00:00,aftosa/ricobendazol/conbibac,
9955,8093,2024-05-22 00:00:00,aftosa/ricobendazol/conbibac,
9956,89,2024-05-22 00:00:00,aftosa/ricobendazol/conbibac,
9957,9,2024-05-22 00:00:00,aftosa/ricobendazol/conbibac,
9958,9011,2024-05-22 00:00:00,aftosa/ricobendazol/conbibac,
9959,9014,2024-05-22 00:00:00,aftosa/ricobendazol/conbibac,
9960,9018B,2024-05-22 00:00:00,aftosa/ricobendazol/conbibac,
9961,9023,2024-05-22 00:00:00,aftosa/ricobendazol/conbibac,
9962,9024,2024-05-22 00:00:00,aftosa/ricobendazol/conbibac,
9963,9045,2024-05-22 00:00:00,aftosa/ricobendazol/conbibac,
9964,9047,2024-05-22 00:00:00,aftosa/ricobendazol/conbibac,
9965,9051,2024-05-22 00:00:00,aftosa/ricobendazol/conbibac,
9966,9100,2024-05-22 00:00:00,aftosa/ricobendazol/conbibac,
9967,9104,2024-05-22 00:00:00,aftosa/ricobendazol/conbibac,
9968,9109B,2024-05-22 00:00:00,aftosa/ricobendazol/conbibac,
9969,9116B,2024-05-22 00:00:00,aftosa/ricobendazol/conbibac,
9970,9128A,2024-05-22 00:00:00,aftosa/ricobendazol/conbibac,
9971,9136,2024-05-22 00:00:00,aftosa/ricobendazol/conbibac,
9972,23073,2024-05-22 00:00:00,aftosa/ricobendazol/conbibac,
9973,23099,2024-05-22 00:00:00,aftosa/ricobendazol/conbibac,
9974,8338,2024-05-22 00:00:00,aftosa/ricobendazol/conbibac,
9975,9192,2024-05-22 00:00:00,aftosa/ricobendazol/conbibac,
9976,23028,2024-05-22 00:00:00,aftosa/ricobendazol/conbibac,
9977,23074,2024-05-22 00:00:00,aftosa/ricobendazol/conbibac,
9978,23027,2024-05-22 00:00:00,aftosa/ricobendazol/conbibac,
9979,0234,2024-05-21 00:00:00,aftosa/ ricobendazol/ protox,
9980,0302,2024-05-21 00:00:00,aftosa/ ricobendazol/ protox/ reproforte,
9981,0303,2024-05-21 00:00:00,aftosa/ ricobendazol/ protox/ reproforte,
9982,0304,2024-05-21 00:00:00,aftosa/ ricobendazol/ protox/ reproforte,
9983,0305,2024-05-21 00:00:00,aftosa/ ricobendazol/ protox/ reproforte,
9984,0306,2024-05-21 00:00:00,aftosa/ ricobendazol/ protox/ reproforte,
9985,0307,2024-05-21 00:00:00,aftosa/ ricobendazol/ protox/ reproforte,
9986,0308,2024-05-21 00:00:00,aftosa/ ricobendazol/ protox/ reproforte,
9987,0311,2024-05-21 00:00:00,aftosa/ ricobendazol/ protox/ reproforte,
9988,0312,2024-05-21 00:00:00,aftosa/ ricobendazol/ protox/ reproforte,
9989,0313,2024-05-21 00:00:00,aftosa/ ricobendazol/ protox/ reproforte,
9990,0317A,2024-05-21 00:00:00,aftosa/ ricobendazol/ protox/ reproforte,
9991,0314,2024-05-21 00:00:00,aftosa/ ricobendazol/ protox/ reproforte,
9992,0310,2024-05-21 00:00:00,aftosa/ ricobendazol/ protox/ reproforte,
9993,1500,2024-05-21 00:00:00,aftosa/ ricobendazol/ protox/ ,
9994,1501,2024-05-21 00:00:00,aftosa/ ricobendazol/ protox/ reproforte,
9995,2500,2024-05-21 00:00:00,aftosa/ ricobendazol/ protox/ reproforte,
9996,3500,2024-05-21 00:00:00,aftosa/ ricobendazol/ protox/ ,
9997,3501,2024-05-21 00:00:00,aftosa/ ricobendazol/ protox/ ,
9998,3504,2024-05-21 00:00:00,aftosa/ ricobendazol/ protox/ ,
9999,3505,2024-05-21 00:00:00,aftosa/ ricobendazol/ protox/ ,
10000,9115,2024-05-21 00:00:00,aftosa/ ricobendazol/ protox/ reproforte,
10001,9500,2024-05-21 00:00:00,aftosa/ ricobendazol/ protox/ reproforte,
10002,9501,2024-05-21 00:00:00,aftosa/ ricobendazol/ protox/ reproforte,
10003,9502,2024-05-21 00:00:00,aftosa/ ricobendazol/ protox/ reproforte,
10004,9503,2024-05-21 00:00:00,aftosa/ ricobendazol/ protox/ reproforte,
10005,BU001,2024-06-01 00:00:00,aftosa/ ricobendazol/ protox/conbibac,
10006,BU002,2024-06-01 00:00:00,aftosa/ ricobendazol/ protox/conbibac,
10007,BU004,2024-06-01 00:00:00,aftosa/ ricobendazol/ protox/conbibac,
10008,BU006,2024-06-01 00:00:00,aftosa/ ricobendazol/ protox/conbibac,
10009,BU007,2024-06-01 00:00:00,aftosa/ ricobendazol/ protox/conbibac,
10010,BU008,2024-06-01 00:00:00,aftosa/ ricobendazol/ protox/conbibac,
10011,BU009,2024-06-01 00:00:00,aftosa/ ricobendazol/ protox/conbibac,
10012,BU010,2024-06-01 00:00:00,aftosa/ ricobendazol/ protox/conbibac,
10013,BU011,2024-06-01 00:00:00,aftosa/ ricobendazol/ protox/conbibac,
10014,BU01251,2024-06-01 00:00:00,aftosa/ ricobendazol/ protox/conbibac,
10015,BU014,2024-06-01 00:00:00,aftosa/ ricobendazol/ protox/conbibac,
10016,BU015,2024-06-01 00:00:00,aftosa/ ricobendazol/ protox/conbibac,
10017,BU019,2024-06-01 00:00:00,aftosa/ ricobendazol/ protox/conbibac,
10018,BU035,2024-06-01 00:00:00,aftosa/ ricobendazol/ protox/conbibac,
10019,BU036,2024-06-01 00:00:00,aftosa/ ricobendazol/ protox/conbibac,
10020,BU048,2024-06-01 00:00:00,aftosa/ ricobendazol/ protox/conbibac,
10021,BU052,2024-06-01 00:00:00,aftosa/ ricobendazol/ protox/conbibac,
10022,BU053,2024-06-01 00:00:00,aftosa/ ricobendazol/ protox/conbibac,
10023,BU057,2024-06-01 00:00:00,aftosa/ ricobendazol/ protox/conbibac,
10024,8061,2024-08-01 00:00:00,"MINERFUN, RICOBENDAZOL, FLUAZURON",
10025,6011,2024-08-01 00:00:00,"MINERFUN, RICOBENDAZOL, FLUAZURON",
10026,0202,2024-08-01 00:00:00,"MINERFUN, RICOBENDAZOL, FLUAZURON",
10027,1066A,2024-08-01 00:00:00,"MINERFUN, RICOBENDAZOL, FLUAZURON",
10028,80272,2024-08-01 00:00:00,"MINERFUN, RICOBENDAZOL, FLUAZURON",
10029,0018,2024-08-01 00:00:00,"MINERFUN, RICOBENDAZOL, FLUAZURON",
10030,3132,2024-08-01 00:00:00,"MINERFUN, RICOBENDAZOL, FLUAZURON",
10031,8062,2024-08-01 00:00:00,"MINERFUN, RICOBENDAZOL, FLUAZURON",
10032,91171,2024-08-01 00:00:00,"MINERFUN, RICOBENDAZOL, FLUAZURON",
10033,0132,2024-08-01 00:00:00,"MINERFUN, RICOBENDAZOL, FLUAZURON",
10034,5150,2024-08-01 00:00:00,"MINERFUN, RICOBENDAZOL, FLUAZURON",
10035,0332,2024-08-01 00:00:00,"MINERFUN, RICOBENDAZOL, FLUAZURON",
10036,8094,2024-08-01 00:00:00,"MINERFUN, RICOBENDAZOL, FLUAZURON",
10037,8077,2024-08-01 00:00:00,"MINERFUN, RICOBENDAZOL, FLUAZURON",
10038,9091,2024-08-01 00:00:00,"MINERFUN, RICOBENDAZOL, FLUAZURON",
10039,0233,2024-08-01 00:00:00,"MINERFUN, RICOBENDAZOL, FLUAZURON",
10040,2096,2024-08-01 00:00:00,"MINERFUN, RICOBENDAZOL, FLUAZURON",
10041,0284,2024-08-01 00:00:00,"MINERFUN, RICOBENDAZOL, FLUAZURON",
10042,9125,2024-08-01 00:00:00,"MINERFUN, RICOBENDAZOL, FLUAZURON",
10043,7022,2024-08-01 00:00:00,"MINERFUN, RICOBENDAZOL, FLUAZURON",
10044,9099,2024-08-01 00:00:00,"MINERFUN, RICOBENDAZOL, FLUAZURON",
10045,0272,2024-08-01 00:00:00,"MINERFUN, RICOBENDAZOL, FLUAZURON",
10046,3021A,2024-08-01 00:00:00,"MINERFUN, RICOBENDAZOL, FLUAZURON",
10047,5007,2024-08-01 00:00:00,"MINERFUN, RICOBENDAZOL, FLUAZURON",
10048,8006,2024-08-01 00:00:00,"MINERFUN, RICOBENDAZOL, FLUAZURON",
10049,0231A,2024-08-01 00:00:00,"MINERFUN, RICOBENDAZOL, FLUAZURON",
10050,2133A,2024-08-01 00:00:00,"MINERFUN, RICOBENDAZOL, FLUAZURON",
10051,9006,2024-08-01 00:00:00,"MINERFUN, RICOBENDAZOL, FLUAZURON",
10052,9071,2024-08-01 00:00:00,"MINERFUN, RICOBENDAZOL, FLUAZURON",
10053,8096,2024-08-01 00:00:00,"MINERFUN, RICOBENDAZOL, FLUAZURON",
10054,2021,2024-08-01 00:00:00,"MINERFUN, RICOBENDAZOL, FLUAZURON",
10055,5060,2024-08-01 00:00:00,"MINERFUN, RICOBENDAZOL, FLUAZURON",
10056,6043,2024-08-01 00:00:00,"MINERFUN, RICOBENDAZOL, FLUAZURON",
10057,0259,2024-08-01 00:00:00,"MINERFUN, RICOBENDAZOL, FLUAZURON",
10058,8054,2024-08-01 00:00:00,"MINERFUN, RICOBENDAZOL, FLUAZURON",
10059,7077,2024-08-01 00:00:00,"MINERFUN, RICOBENDAZOL, FLUAZURON",
10060,2130,2024-08-01 00:00:00,"MINERFUN, RICOBENDAZOL, FLUAZURON",
10061,0111,2024-08-01 00:00:00,"MINERFUN, RICOBENDAZOL, FLUAZURON",
10062,8076,2024-08-01 00:00:00,"MINERFUN, RICOBENDAZOL, FLUAZURON",
10063,2051,2024-08-01 00:00:00,"MINERFUN, RICOBENDAZOL, FLUAZURON",
10064,8032,2024-08-01 00:00:00,"MINERFUN, RICOBENDAZOL, FLUAZURON",
10065,2150,2024-08-01 00:00:00,"MINERFUN, RICOBENDAZOL, FLUAZURON",
10066,0298A,2024-07-31 00:00:00,"MINERFUN, RICOBENDAZOL, FLUAZURON",
10067,8037,2024-07-31 00:00:00,"MINERFUN, RICOBENDAZOL, FLUAZURON",
10068,8063,2024-07-31 00:00:00,"MINERFUN, RICOBENDAZOL, FLUAZURON",
10069,5076,2024-07-31 00:00:00,"MINERFUN, RICOBENDAZOL, FLUAZURON",
10070,9058,2024-07-31 00:00:00,"MINERFUN, RICOBENDAZOL, FLUAZURON",
10071,9103,2024-07-31 00:00:00,"MINERFUN, RICOBENDAZOL, FLUAZURON",
10072,8030,2024-07-31 00:00:00,"MINERFUN, RICOBENDAZOL, FLUAZURON",
10073,6021,2024-07-31 00:00:00,"MINERFUN, RICOBENDAZOL, FLUAZURON",
10074,4035,2024-07-31 00:00:00,"MINERFUN, RICOBENDAZOL, FLUAZURON",
10075,3003A,2024-07-31 00:00:00,"MINERFUN, RICOBENDAZOL, FLUAZURON",
10076,2080,2024-07-31 00:00:00,"MINERFUN, RICOBENDAZOL, FLUAZURON",
10077,9076,2024-07-31 00:00:00,"MINERFUN, RICOBENDAZOL, FLUAZURON",
10078,2063A,2024-07-31 00:00:00,"MINERFUN, RICOBENDAZOL, FLUAZURON",
10079,7074,2024-07-31 00:00:00,"MINERFUN, RICOBENDAZOL, FLUAZURON",
10080,0226,2024-07-31 00:00:00,"MINERFUN, RICOBENDAZOL, FLUAZURON",
10081,1004,2024-07-31 00:00:00,"MINERFUN, RICOBENDAZOL, FLUAZURON",
10082,4095,2024-07-31 00:00:00,"MINERFUN, RICOBENDAZOL, FLUAZURON",
10083,91242,2024-07-31 00:00:00,"MINERFUN, RICOBENDAZOL, FLUAZURON",
10084,2180A,2024-07-31 00:00:00,"MINERFUN, RICOBENDAZOL, FLUAZURON",
10085,9037,2024-07-31 00:00:00,"MINERFUN, RICOBENDAZOL, FLUAZURON",
10086,7059,2024-07-31 00:00:00,"MINERFUN, RICOBENDAZOL, FLUAZURON",
10087,7028,2024-07-31 00:00:00,"MINERFUN, RICOBENDAZOL, FLUAZURON",
10088,9073,2024-07-31 00:00:00,"MINERFUN, RICOBENDAZOL, FLUAZURON",
10089,80882,2024-07-31 00:00:00,"MINERFUN, RICOBENDAZOL, FLUAZURON",
10090,809,2024-07-31 00:00:00,"MINERFUN, RICOBENDAZOL, FLUAZURON",
10091,0329,2024-07-31 00:00:00,"MINERFUN, RICOBENDAZOL, FLUAZURON",
10092,8087,2024-07-31 00:00:00,"MINERFUN, RICOBENDAZOL, FLUAZURON",
10093,30212,2024-07-31 00:00:00,"MINERFUN, RICOBENDAZOL, FLUAZURON",
10094,0241,2024-07-31 00:00:00,"MINERFUN, RICOBENDAZOL, FLUAZURON",
10095,8079,2024-07-31 00:00:00,"MINERFUN, RICOBENDAZOL, FLUAZURON",
10096,3750,2024-07-31 00:00:00,"MINERFUN, RICOBENDAZOL, FLUAZURON",
10097,34,2024-07-31 00:00:00,"MINERFUN, RICOBENDAZOL, FLUAZURON",
10098,2050,2024-07-31 00:00:00,"MINERFUN, RICOBENDAZOL, FLUAZURON",
10099,8045,2024-07-31 00:00:00,"MINERFUN, RICOBENDAZOL, FLUAZURON",
10100,9051,2024-07-31 00:00:00,"MINERFUN, RICOBENDAZOL, FLUAZURON",
10101,1091A,2024-07-31 00:00:00,"MINERFUN, RICOBENDAZOL, FLUAZURON",
10102,2090A,2024-07-31 00:00:00,"MINERFUN, RICOBENDAZOL, FLUAZURON",
10103,5077,2024-07-31 00:00:00,"MINERFUN, RICOBENDAZOL, FLUAZURON",
10104,8033,2024-07-31 00:00:00,"MINERFUN, RICOBENDAZOL, FLUAZURON",
10105,4151,2024-07-31 00:00:00,"MINERFUN, RICOBENDAZOL, FLUAZURON",
10106,80121,2024-07-31 00:00:00,"MINERFUN, RICOBENDAZOL, FLUAZURON",
10107,2124A,2024-07-31 00:00:00,"MINERFUN, RICOBENDAZOL, FLUAZURON",
10108,0249,2024-07-31 00:00:00,"MINERFUN, RICOBENDAZOL, FLUAZURON",
10109,2209A,2024-07-31 00:00:00,"MINERFUN, RICOBENDAZOL, FLUAZURON",
10110,7017,2024-07-31 00:00:00,"MINERFUN, RICOBENDAZOL, FLUAZURON",
10111,2047,2024-07-31 00:00:00,"MINERFUN, RICOBENDAZOL, FLUAZURON",
10112,EMB 5,2024-07-31 00:00:00,"MINERFUN, RICOBENDAZOL, FLUAZURON",
10113,0336,2024-07-31 00:00:00,"MINERFUN, RICOBENDAZOL, FLUAZURON",
10114,0322,2024-07-31 00:00:00,"MINERFUN, RICOBENDAZOL, FLUAZURON",
10115,5052,2024-07-31 00:00:00,"MINERFUN, RICOBENDAZOL, FLUAZURON",
10116,6067,2024-07-31 00:00:00,"MINERFUN, RICOBENDAZOL, FLUAZURON",
10117,5030,2024-07-31 00:00:00,"MINERFUN, RICOBENDAZOL, FLUAZURON",
10118,1095A,2024-07-31 00:00:00,"MINERFUN, RICOBENDAZOL, FLUAZURON",
10119,20334,2024-07-31 00:00:00,"MINERFUN, RICOBENDAZOL, FLUAZURON",
10120,2171,2024-07-31 00:00:00,"MINERFUN, RICOBENDAZOL, FLUAZURON",
10121,2073,2024-07-31 00:00:00,"MINERFUN, RICOBENDAZOL, FLUAZURON",
10122,0229,2024-07-31 00:00:00,"MINERFUN, RICOBENDAZOL, FLUAZURON",
10123,8036,2024-07-31 00:00:00,"MINERFUN, RICOBENDAZOL, FLUAZURON",
10124,5079,2024-07-31 00:00:00,"MINERFUN, RICOBENDAZOL, FLUAZURON",
10125,0323,2024-07-31 00:00:00,"MINERFUN, RICOBENDAZOL, FLUAZURON",
10126,91262,2024-07-31 00:00:00,"MINERFUN, RICOBENDAZOL, FLUAZURON",
10127,5146,2024-07-31 00:00:00,"MINERFUN, RICOBENDAZOL, FLUAZURON",
10128,0201,2024-07-31 00:00:00,"MINERFUN, RICOBENDAZOL, FLUAZURON",
10129,3043,2024-07-31 00:00:00,"MINERFUN, RICOBENDAZOL, FLUAZURON",
10130,9015,2024-07-31 00:00:00,"MINERFUN, RICOBENDAZOL, FLUAZURON",
10131,7012,2024-07-31 00:00:00,"MINERFUN, RICOBENDAZOL, FLUAZURON",
10132,0267,2024-07-31 00:00:00,"MINERFUN, RICOBENDAZOL, FLUAZURON",
10133,8019,2024-07-31 00:00:00,"MINERFUN, RICOBENDAZOL, FLUAZURON",
10134,8050,2024-07-31 00:00:00,"MINERFUN, RICOBENDAZOL, FLUAZURON",
10135,3026A,2024-07-31 00:00:00,"MINERFUN, RICOBENDAZOL, FLUAZURON",
10136,7061,2024-07-31 00:00:00,"MINERFUN, RICOBENDAZOL, FLUAZURON",
10137,0278,2024-07-31 00:00:00,"MINERFUN, RICOBENDAZOL, FLUAZURON",
10138,9007,2024-07-31 00:00:00,"MINERFUN, RICOBENDAZOL, FLUAZURON",
10139,2234,2024-07-31 00:00:00,"MINERFUN, RICOBENDAZOL, FLUAZURON",
10140,0500,2024-07-31 00:00:00,"MINERFUN, RICOBENDAZOL, FLUAZURON",
10141,3107,2024-07-31 00:00:00,"MINERFUN, RICOBENDAZOL, FLUAZURON",
10142,9053,2024-07-31 00:00:00,"MINERFUN, RICOBENDAZOL, FLUAZURON",
10143,0333,2024-07-31 00:00:00,"MINERFUN, RICOBENDAZOL, FLUAZURON",
10144,8017,2024-07-31 00:00:00,"MINERFUN, RICOBENDAZOL, FLUAZURON",
10145,6031,2024-07-31 00:00:00,"MINERFUN, RICOBENDAZOL, FLUAZURON",
10146,2217,2024-07-31 00:00:00,"MINERFUN, RICOBENDAZOL, FLUAZURON",
10147,0224,2024-07-31 00:00:00,"MINERFUN, RICOBENDAZOL, FLUAZURON",
10148,0211,2024-07-31 00:00:00,"MINERFUN, RICOBENDAZOL, FLUAZURON",
10149,9219,2024-07-31 00:00:00,"MINERFUN, RICOBENDAZOL, FLUAZURON",
10150,7072,2024-07-31 00:00:00,"MINERFUN, RICOBENDAZOL, FLUAZURON",
10151,5529,2024-07-31 00:00:00,"MINERFUN, RICOBENDAZOL, FLUAZURON",
10152,5592,2024-07-31 00:00:00,"MINERFUN, RICOBENDAZOL, FLUAZURON",
10153,5638,2024-07-31 00:00:00,"MINERFUN, RICOBENDAZOL, FLUAZURON",
10154,1015,2024-07-31 00:00:00,"MINERFUN, RICOBENDAZOL, FLUAZURON",
10155,3108,2024-07-31 00:00:00,"MINERFUN, RICOBENDAZOL, FLUAZURON",
10156,4007,2024-07-31 00:00:00,"MINERFUN, RICOBENDAZOL, FLUAZURON",
10157,23201,2024-07-30 00:00:00,bebenil/ FLUAZURON/aftosa  a todos los bec de ordeño,
10158,23202,2024-07-30 00:00:00,bebenil/ FLUAZURON/aftosa  a todos los bec de ordeño,
10159,23203,2024-07-30 00:00:00,bebenil/ FLUAZURON/aftosa  a todos los bec de ordeño,
10160,23204,2024-07-30 00:00:00,bebenil/ FLUAZURON/aftosa  a todos los bec de ordeño,
10161,23212,2024-07-30 00:00:00,bebenil/ FLUAZURON/aftosa  a todos los bec de ordeño,
10162,23215,2024-07-30 00:00:00,bebenil/ FLUAZURON/aftosa  a todos los bec de ordeño,
10163,23220,2024-07-30 00:00:00,bebenil/ FLUAZURON/aftosa  a todos los bec de ordeño,
10164,23222,2024-07-30 00:00:00,bebenil/ FLUAZURON/aftosa  a todos los bec de ordeño,
10165,23229,2024-07-30 00:00:00,bebenil/ FLUAZURON/aftosa  a todos los bec de ordeño,
10166,23233,2024-07-30 00:00:00,bebenil/ FLUAZURON/aftosa  a todos los bec de ordeño,
10167,23237,2024-07-30 00:00:00,bebenil/ FLUAZURON/aftosa  a todos los bec de ordeño,
10168,23239,2024-07-30 00:00:00,bebenil/ FLUAZURON/aftosa  a todos los bec de ordeño,
10169,23242,2024-07-30 00:00:00,bebenil/ FLUAZURON/aftosa  a todos los bec de ordeño,
10170,23243,2024-07-30 00:00:00,bebenil/ FLUAZURON/aftosa  a todos los bec de ordeño,
10171,23247,2024-07-30 00:00:00,bebenil/ FLUAZURON/aftosa  a todos los bec de ordeño,
10172,23248,2024-07-30 00:00:00,bebenil/ FLUAZURON/aftosa  a todos los bec de ordeño,
10173,5092,2024-07-04 00:00:00,comvibac,
10174,5146,2024-07-04 00:00:00,comvibac,
10175,5679,2024-07-04 00:00:00,comvibac,
10176,6017,2024-07-04 00:00:00,comvibac,
10177,6050,2024-07-04 00:00:00,comvibac,
10178,7007,2024-07-04 00:00:00,comvibac,
10179,7033,2024-07-04 00:00:00,comvibac,
10180,7049,2024-07-04 00:00:00,comvibac,
10181,7067,2024-07-04 00:00:00,comvibac,
10182,7072,2024-07-04 00:00:00,comvibac,
10183,7087,2024-07-04 00:00:00,comvibac,
10184,8005,2024-07-04 00:00:00,comvibac,
10185,8010,2024-07-04 00:00:00,comvibac,
10186,8013,2024-07-04 00:00:00,comvibac,
10187,8015,2024-07-04 00:00:00,comvibac,
10188,8028,2024-07-04 00:00:00,comvibac,
10189,8043,2024-07-04 00:00:00,comvibac,
10190,8045,2024-07-04 00:00:00,comvibac,
10191,8046,2024-07-04 00:00:00,comvibac,
10192,8048,2024-07-04 00:00:00,comvibac,
10193,8051,2024-07-04 00:00:00,comvibac,
10194,8082,2024-07-04 00:00:00,comvibac,
10195,8086,2024-07-04 00:00:00,comvibac,
10196,8087,2024-07-04 00:00:00,comvibac,
10197,8093,2024-07-04 00:00:00,comvibac,
10198,9024,2024-07-04 00:00:00,comvibac,
10199,9032,2024-07-04 00:00:00,comvibac,
10200,9040,2024-07-04 00:00:00,comvibac,
10201,9047,2024-07-04 00:00:00,comvibac,
10202,9064,2024-07-04 00:00:00,comvibac,
10203,9067,2024-07-04 00:00:00,comvibac,
10204,9219,2024-07-04 00:00:00,comvibac,
10205,9904,2024-07-04 00:00:00,comvibac,
10206,10391,2024-07-04 00:00:00,comvibac,
10207,10431,2024-07-04 00:00:00,comvibac,
10208,22049,2024-07-04 00:00:00,comvibac,
10209,22126,2024-07-04 00:00:00,comvibac,
10210,22132,2024-07-04 00:00:00,comvibac,
10211,22149,2024-07-04 00:00:00,comvibac,
10212,22172,2024-07-04 00:00:00,comvibac,
10213,23003,2024-07-04 00:00:00,comvibac,
10214,31102,2024-07-04 00:00:00,comvibac,
10215,50501,2024-07-04 00:00:00,comvibac,
10216,50741,2024-07-04 00:00:00,comvibac,
10217,60286,2024-07-04 00:00:00,comvibac,
10218,80472,2024-07-04 00:00:00,comvibac,
10219,80841,2024-07-04 00:00:00,comvibac,
10220,80921,2024-07-04 00:00:00,comvibac,
10221,91121,2024-07-04 00:00:00,comvibac,
10222,0208A,2024-07-04 00:00:00,comvibac,
10223,0231B,2024-07-04 00:00:00,comvibac,
10224,0299A,2024-07-04 00:00:00,comvibac,
10225,0299C,2024-07-04 00:00:00,comvibac,
10226,0330A,2024-07-04 00:00:00,comvibac,
10227,1017A,2024-07-04 00:00:00,comvibac,
10228,1088A,2024-07-04 00:00:00,comvibac,
10229,1104A,2024-07-04 00:00:00,comvibac,
10230,1112A,2024-07-04 00:00:00,comvibac,
10231,2035A,2024-07-04 00:00:00,comvibac,
10232,2063A,2024-07-04 00:00:00,comvibac,
10233,2063B,2024-07-04 00:00:00,comvibac,
10234,2093A,2024-07-04 00:00:00,comvibac,
10235,2094A,2024-07-04 00:00:00,comvibac,
10236,2148A,2024-07-04 00:00:00,comvibac,
10237,2149A,2024-07-04 00:00:00,comvibac,
10238,2196A,2024-07-04 00:00:00,comvibac,
10239,3066B,2024-07-04 00:00:00,comvibac,
10240,9110A,2024-07-04 00:00:00,comvibac,
10241,9126A,2024-07-04 00:00:00,comvibac,
10242,BU20,2024-07-04 00:00:00,comvibac,
10243,BU48,2024-07-04 00:00:00,comvibac,
10244,EMB 1,2024-07-04 00:00:00,comvibac,
10245,EMB 3,2024-07-04 00:00:00,comvibac,
10246,EMB 5,2024-07-04 00:00:00,comvibac,
10247,4095,2024-07-11 00:00:00,arreglo podal,
10248,1112A,2024-08-31 00:00:00,tto para ret. Placenta,retencion de placenta
10249,89,2024-05-03 00:00:00,citetracoclina / ricobendazol / diminazeno,cañoarenas ver video
10250,5043,2024-05-03 00:00:00,citetracoclina / ricobendazol / diminazeno,cañoarenas ver video
10251,3044A,2024-05-03 00:00:00,citetracoclina / ricobendazol / diminazeno,cañoarenas ver video
10252,40072,2024-05-03 00:00:00,citetracoclina / ricobendazol / diminazeno,cañoarenas ver video
10253,2337,2024-05-03 00:00:00,citetracoclina / ricobendazol / diminazeno,cañoarenas ver video
10254,4143,2024-05-03 00:00:00,citetracoclina / ricobendazol / diminazeno,cañoarenas ver video
10255,3227,2024-05-03 00:00:00,citetracoclina / ricobendazol / diminazeno,cañoarenas ver video
10256,4048,2024-09-30 00:00:00,mastitis tto,
10257,8036,2024-09-28 00:00:00,4 pomos de secado,
10258,4048,2024-09-28 00:00:00,mastitis tto,
10259,0201,2024-10-01 00:00:00,MINERFUN/ FLUAZURON/PEDILUVIO,
10260,0226,2024-10-01 00:00:00,MINERFUN/ FLUAZURON/PEDILUVIO,
10261,0241,2024-10-01 00:00:00,MINERFUN/ FLUAZURON/PEDILUVIO,
10262,0249,2024-10-01 00:00:00,MINERFUN/ FLUAZURON/PEDILUVIO,
10263,0259,2024-10-01 00:00:00,MINERFUN/ FLUAZURON/PEDILUVIO,
10264,0267,2024-10-01 00:00:00,MINERFUN/ FLUAZURON/PEDILUVIO,
10265,0298A,2024-10-01 00:00:00,MINERFUN/ FLUAZURON/PEDILUVIO,
10266,0323,2024-10-01 00:00:00,MINERFUN/ FLUAZURON/PEDILUVIO,
10267,0336,2024-10-01 00:00:00,MINERFUN/ FLUAZURON/PEDILUVIO,
10268,0353,2024-10-01 00:00:00,MINERFUN/ FLUAZURON/PEDILUVIO,
10269,0500,2024-10-01 00:00:00,MINERFUN/ FLUAZURON/PEDILUVIO,
10270,1004,2024-10-01 00:00:00,MINERFUN/ FLUAZURON/PEDILUVIO,
10271,1015,2024-10-01 00:00:00,MINERFUN/ FLUAZURON/PEDILUVIO,
10272,10391,2024-10-01 00:00:00,MINERFUN/ FLUAZURON/PEDILUVIO,
10273,1095A,2024-10-01 00:00:00,MINERFUN/ FLUAZURON/PEDILUVIO,
10274,2040,2024-10-01 00:00:00,MINERFUN/ FLUAZURON/PEDILUVIO,
10275,2047,2024-10-01 00:00:00,MINERFUN/ FLUAZURON/PEDILUVIO,
10276,2050,2024-10-01 00:00:00,MINERFUN/ FLUAZURON/PEDILUVIO,
10277,2063A,2024-10-01 00:00:00,MINERFUN/ FLUAZURON/PEDILUVIO,
10278,2072,2024-10-01 00:00:00,MINERFUN/ FLUAZURON/PEDILUVIO,
10279,2073,2024-10-01 00:00:00,MINERFUN/ FLUAZURON/PEDILUVIO,
10280,2080,2024-10-01 00:00:00,MINERFUN/ FLUAZURON/PEDILUVIO,
10281,2090A,2024-10-01 00:00:00,MINERFUN/ FLUAZURON/PEDILUVIO,
10282,2094A,2024-10-01 00:00:00,MINERFUN/ FLUAZURON/PEDILUVIO,
10283,2124A,2024-10-01 00:00:00,MINERFUN/ FLUAZURON/PEDILUVIO,
10284,2148A,2024-10-01 00:00:00,MINERFUN/ FLUAZURON/PEDILUVIO,
10285,2149A,2024-10-01 00:00:00,MINERFUN/ FLUAZURON/PEDILUVIO,
10286,2180A,2024-10-01 00:00:00,MINERFUN/ FLUAZURON/PEDILUVIO,
10287,2196A,2024-10-01 00:00:00,MINERFUN/ FLUAZURON/PEDILUVIO,
10288,3003A,2024-10-01 00:00:00,MINERFUN/ FLUAZURON/PEDILUVIO,
10289,30212,2024-10-01 00:00:00,MINERFUN/ FLUAZURON/PEDILUVIO,
10290,3026A,2024-10-01 00:00:00,MINERFUN/ FLUAZURON/PEDILUVIO,
10291,3107,2024-10-01 00:00:00,MINERFUN/ FLUAZURON/PEDILUVIO,
10292,3119,2024-10-01 00:00:00,MINERFUN/ FLUAZURON/PEDILUVIO,
10293,34,2024-10-01 00:00:00,MINERFUN/ FLUAZURON/PEDILUVIO,
10294,3750,2024-10-01 00:00:00,MINERFUN/ FLUAZURON/PEDILUVIO,
10295,4018,2024-10-01 00:00:00,MINERFUN/ FLUAZURON/PEDILUVIO,
10296,4035,2024-10-01 00:00:00,MINERFUN/ FLUAZURON/PEDILUVIO,
10297,4043,2024-10-01 00:00:00,MINERFUN/ FLUAZURON/PEDILUVIO,
10298,4055,2024-10-01 00:00:00,MINERFUN/ FLUAZURON/PEDILUVIO,
10299,4066,2024-10-01 00:00:00,MINERFUN/ FLUAZURON/PEDILUVIO,
10300,4072,2024-10-01 00:00:00,MINERFUN/ FLUAZURON/PEDILUVIO,
10301,4101,2024-10-01 00:00:00,MINERFUN/ FLUAZURON/PEDILUVIO,
10302,4151,2024-10-01 00:00:00,MINERFUN/ FLUAZURON/PEDILUVIO,
10303,4172,2024-10-01 00:00:00,MINERFUN/ FLUAZURON/PEDILUVIO,
10304,5052,2024-10-01 00:00:00,MINERFUN/ FLUAZURON/PEDILUVIO,
10305,50741,2024-10-01 00:00:00,MINERFUN/ FLUAZURON/PEDILUVIO,
10306,5077,2024-10-01 00:00:00,MINERFUN/ FLUAZURON/PEDILUVIO,
10307,5079,2024-10-01 00:00:00,MINERFUN/ FLUAZURON/PEDILUVIO,
10308,5146,2024-10-01 00:00:00,MINERFUN/ FLUAZURON/PEDILUVIO,
10309,5679,2024-10-01 00:00:00,MINERFUN/ FLUAZURON/PEDILUVIO,
10310,6021,2024-10-01 00:00:00,MINERFUN/ FLUAZURON/PEDILUVIO,
10311,7012,2024-10-01 00:00:00,MINERFUN/ FLUAZURON/PEDILUVIO,
10312,7017,2024-10-01 00:00:00,MINERFUN/ FLUAZURON/PEDILUVIO,
10313,7028,2024-10-01 00:00:00,MINERFUN/ FLUAZURON/PEDILUVIO,
10314,7059,2024-10-01 00:00:00,MINERFUN/ FLUAZURON/PEDILUVIO,
10315,7074,2024-10-01 00:00:00,MINERFUN/ FLUAZURON/PEDILUVIO,
10316,8010,2024-10-01 00:00:00,MINERFUN/ FLUAZURON/PEDILUVIO,
10317,80121,2024-10-01 00:00:00,MINERFUN/ FLUAZURON/PEDILUVIO,
10318,8017,2024-10-01 00:00:00,MINERFUN/ FLUAZURON/PEDILUVIO,
10319,8019,2024-10-01 00:00:00,MINERFUN/ FLUAZURON/PEDILUVIO,
10320,8030,2024-10-01 00:00:00,MINERFUN/ FLUAZURON/PEDILUVIO,
10321,8033,2024-10-01 00:00:00,MINERFUN/ FLUAZURON/PEDILUVIO,
10322,8043,2024-10-01 00:00:00,MINERFUN/ FLUAZURON/PEDILUVIO,
10323,8045,2024-10-01 00:00:00,MINERFUN/ FLUAZURON/PEDILUVIO,
10324,8046,2024-10-01 00:00:00,MINERFUN/ FLUAZURON/PEDILUVIO,
10325,8048,2024-10-01 00:00:00,MINERFUN/ FLUAZURON/PEDILUVIO,
10326,8054,2024-10-01 00:00:00,MINERFUN/ FLUAZURON/PEDILUVIO,
10327,8079,2024-10-01 00:00:00,MINERFUN/ FLUAZURON/PEDILUVIO,
10328,8086,2024-10-01 00:00:00,MINERFUN/ FLUAZURON/PEDILUVIO,
10329,8087,2024-10-01 00:00:00,MINERFUN/ FLUAZURON/PEDILUVIO,
10330,80882,2024-10-01 00:00:00,MINERFUN/ FLUAZURON/PEDILUVIO,
10331,809,2024-10-01 00:00:00,MINERFUN/ FLUAZURON/PEDILUVIO,
10332,9024,2024-10-01 00:00:00,MINERFUN/ FLUAZURON/PEDILUVIO,
10333,9051,2024-10-01 00:00:00,MINERFUN/ FLUAZURON/PEDILUVIO,
10334,9053,2024-10-01 00:00:00,MINERFUN/ FLUAZURON/PEDILUVIO,
10335,9058,2024-10-01 00:00:00,MINERFUN/ FLUAZURON/PEDILUVIO,
10336,9076,2024-10-01 00:00:00,MINERFUN/ FLUAZURON/PEDILUVIO,
10337,9103,2024-10-01 00:00:00,MINERFUN/ FLUAZURON/PEDILUVIO,
10338,1091A,2024-10-01 00:00:00,MINERFUN/ FLUAZURON/PEDILUVIO,
10339,3066B,2024-10-01 00:00:00,MINERFUN/ FLUAZURON/PEDILUVIO,
10340,9126A,2024-10-01 00:00:00,MINERFUN/ FLUAZURON/PEDILUVIO,
10341,0338,2024-10-02 00:00:00,MINERFUN/ FLUAZURON/PEDILUVIO,
10342,4007,2024-10-02 00:00:00,MINERFUN/ FLUAZURON/PEDILUVIO,
10343,6067,2024-10-02 00:00:00,MINERFUN/ FLUAZURON/PEDILUVIO,
10344,0132,2024-10-02 00:00:00,MINERFUN/ FLUAZURON/PEDILUVIO,
10345,2130,2024-10-02 00:00:00,MINERFUN/ FLUAZURON/PEDILUVIO,
10346,8077,2024-10-02 00:00:00,MINERFUN/ FLUAZURON/PEDILUVIO,
10347,0128,2024-10-02 00:00:00,MINERFUN/ FLUAZURON/PEDILUVIO,
10348,4048,2024-10-02 00:00:00,MINERFUN/ FLUAZURON/PEDILUVIO,
10349,9125,2024-10-02 00:00:00,MINERFUN/ FLUAZURON/PEDILUVIO,
10350,5076,2024-10-02 00:00:00,MINERFUN/ FLUAZURON/PEDILUVIO,
10351,0231A,2024-10-02 00:00:00,MINERFUN/ FLUAZURON/PEDILUVIO,
10352,6043,2024-10-02 00:00:00,MINERFUN/ FLUAZURON/PEDILUVIO,
10353,20334,2024-10-02 00:00:00,MINERFUN/ FLUAZURON/PEDILUVIO,
10354,7061,2024-10-02 00:00:00,MINERFUN/ FLUAZURON/PEDILUVIO,
10355,7022,2024-10-02 00:00:00,MINERFUN/ FLUAZURON/PEDILUVIO,
10356,0272,2024-10-02 00:00:00,MINERFUN/ FLUAZURON/PEDILUVIO,
10357,emb 5,2024-10-02 00:00:00,MINERFUN/ FLUAZURON/PEDILUVIO,
10358,0333,2024-10-02 00:00:00,MINERFUN/ FLUAZURON/PEDILUVIO,
10359,8050,2024-10-02 00:00:00,MINERFUN/ FLUAZURON/PEDILUVIO,
10360,0111,2024-10-02 00:00:00,MINERFUN/ FLUAZURON/PEDILUVIO,
10361,9091,2024-10-02 00:00:00,MINERFUN/ FLUAZURON/PEDILUVIO,
10362,2021,2024-10-02 00:00:00,MINERFUN/ FLUAZURON/PEDILUVIO,
10363,2217,2024-10-02 00:00:00,MINERFUN/ FLUAZURON/PEDILUVIO,
10364,80272,2024-10-02 00:00:00,MINERFUN/ FLUAZURON/PEDILUVIO,
10365,9071,2024-10-02 00:00:00,MINERFUN/ FLUAZURON/PEDILUVIO,
10366,8013,2024-10-02 00:00:00,MINERFUN/ FLUAZURON/PEDILUVIO,
10367,5030,2024-10-02 00:00:00,MINERFUN/ FLUAZURON/PEDILUVIO,
10368,9006,2024-10-02 00:00:00,MINERFUN/ FLUAZURON/PEDILUVIO,
10369,5150,2024-10-02 00:00:00,MINERFUN/ FLUAZURON/PEDILUVIO,
10370,7077,2024-10-02 00:00:00,MINERFUN/ FLUAZURON/PEDILUVIO,
10371,3043,2024-10-02 00:00:00,MINERFUN/ FLUAZURON/PEDILUVIO,
10372,8094,2024-10-02 00:00:00,MINERFUN/ FLUAZURON/PEDILUVIO,
10373,2171,2024-10-02 00:00:00,MINERFUN/ FLUAZURON/PEDILUVIO,
10374,5007,2024-10-02 00:00:00,MINERFUN/ FLUAZURON/PEDILUVIO,
10375,5060,2024-10-02 00:00:00,MINERFUN/ FLUAZURON/PEDILUVIO,
10376,0284,2024-10-02 00:00:00,MINERFUN/ FLUAZURON/PEDILUVIO,
10377,0229,2024-10-02 00:00:00,MINERFUN/ FLUAZURON/PEDILUVIO,
10378,2209A,2024-10-02 00:00:00,MINERFUN/ FLUAZURON/PEDILUVIO,
10379,9015,2024-10-02 00:00:00,MINERFUN/ FLUAZURON/PEDILUVIO,
10380,9037,2024-10-02 00:00:00,MINERFUN/ FLUAZURON/PEDILUVIO,
10381,91262,2024-10-02 00:00:00,MINERFUN/ FLUAZURON/PEDILUVIO,
10382,8063,2024-10-02 00:00:00,MINERFUN/ FLUAZURON/PEDILUVIO,
10383,6011,2024-10-02 00:00:00,MINERFUN/ FLUAZURON/PEDILUVIO,
10384,0329,2024-10-02 00:00:00,MINERFUN/ FLUAZURON/PEDILUVIO,
10385,0278,2024-10-02 00:00:00,MINERFUN/ FLUAZURON/PEDILUVIO,
10386,0322,2024-10-02 00:00:00,MINERFUN/ FLUAZURON/PEDILUVIO,
10387,1066,2024-10-02 00:00:00,MINERFUN/ FLUAZURON/PEDILUVIO,
10388,3132,2024-10-02 00:00:00,MINERFUN/ FLUAZURON/PEDILUVIO,
10389,8062,2024-10-02 00:00:00,MINERFUN/ FLUAZURON/PEDILUVIO,
10390,8076,2024-10-02 00:00:00,MINERFUN/ FLUAZURON/PEDILUVIO,
10391,2096,2024-10-02 00:00:00,MINERFUN/ FLUAZURON/PEDILUVIO,
10392,0355,2024-10-01 00:00:00,PEDILUVIO,
10393,9040,2024-10-01 00:00:00,PEDILUVIO,
10394,5526,2024-10-01 00:00:00,PEDILUVIO,
10395,5529,2024-10-01 00:00:00,PEDILUVIO,
10396,SN50,2024-11-11 00:00:00,RICOBENDAZOL/PROTOX/AFTOGEN OLEO/COMBIBAC/ RAB_FORTE/,
10397,0127,2024-11-11 00:00:00,RICOBENDAZOL/PROTOX/AFTOGEN OLEO/COMBIBAC/ RAB_FORTE/,
10398,23011,2024-11-11 00:00:00,RICOBENDAZOL/PROTOX/AFTOGEN OLEO/COMBIBAC/ RAB_FORTE/,
10399,2094,2024-11-11 00:00:00,RICOBENDAZOL/PROTOX/AFTOGEN OLEO/COMBIBAC/ RAB_FORTE/,
10400,2154,2024-11-11 00:00:00,RICOBENDAZOL/PROTOX/AFTOGEN OLEO/COMBIBAC/ RAB_FORTE/,
10401,2167,2024-11-11 00:00:00,RICOBENDAZOL/PROTOX/AFTOGEN OLEO/COMBIBAC/ RAB_FORTE/,
10402,2067,2024-11-11 00:00:00,RICOBENDAZOL/PROTOX/AFTOGEN OLEO/COMBIBAC/ RAB_FORTE/,
10403,2039A,2024-11-11 00:00:00,RICOBENDAZOL/PROTOX/AFTOGEN OLEO/COMBIBAC/ RAB_FORTE/,
10404,2174,2024-11-11 00:00:00,RICOBENDAZOL/PROTOX/AFTOGEN OLEO/COMBIBAC/ RAB_FORTE/,
10405,22188,2024-11-11 00:00:00,RICOBENDAZOL/PROTOX/AFTOGEN OLEO/COMBIBAC/ RAB_FORTE/,
10406,1237,2024-11-11 00:00:00,RICOBENDAZOL/PROTOX/AFTOGEN OLEO/COMBIBAC/ RAB_FORTE/,
10407,2159,2024-11-11 00:00:00,RICOBENDAZOL/PROTOX/AFTOGEN OLEO/COMBIBAC/ RAB_FORTE/,
10408,22194,2024-11-11 00:00:00,RICOBENDAZOL/PROTOX/AFTOGEN OLEO/COMBIBAC/ RAB_FORTE/,
10409,22168,2024-11-11 00:00:00,RICOBENDAZOL/PROTOX/AFTOGEN OLEO/COMBIBAC/ RAB_FORTE/,
10410,1070,2024-11-11 00:00:00,RICOBENDAZOL/PROTOX/AFTOGEN OLEO/COMBIBAC/ RAB_FORTE/,
10411,22209,2024-11-11 00:00:00,RICOBENDAZOL/PROTOX/AFTOGEN OLEO/COMBIBAC/ RAB_FORTE/,
10412,0116A,2024-11-11 00:00:00,RICOBENDAZOL/PROTOX/AFTOGEN OLEO/COMBIBAC/ RAB_FORTE/,
10413,22100,2024-11-11 00:00:00,RICOBENDAZOL/PROTOX/AFTOGEN OLEO/COMBIBAC/ RAB_FORTE/,
10414,2106,2024-11-11 00:00:00,RICOBENDAZOL/PROTOX/AFTOGEN OLEO/COMBIBAC/ RAB_FORTE/,
10415,1067,2024-11-11 00:00:00,RICOBENDAZOL/PROTOX/AFTOGEN OLEO/COMBIBAC/ RAB_FORTE/,
10416,2149,2024-11-11 00:00:00,RICOBENDAZOL/PROTOX/AFTOGEN OLEO/COMBIBAC/ RAB_FORTE/,
10417,22118,2024-11-11 00:00:00,RICOBENDAZOL/PROTOX/AFTOGEN OLEO/COMBIBAC/ RAB_FORTE/,
10418,2170,2024-11-11 00:00:00,RICOBENDAZOL/PROTOX/AFTOGEN OLEO/COMBIBAC/ RAB_FORTE/,
10419,2054,2024-11-11 00:00:00,RICOBENDAZOL/PROTOX/AFTOGEN OLEO/COMBIBAC/ RAB_FORTE/,
10420,0204B,2024-11-11 00:00:00,RICOBENDAZOL/PROTOX/AFTOGEN OLEO/COMBIBAC/ RAB_FORTE/,
10421,1068A,2024-11-11 00:00:00,RICOBENDAZOL/PROTOX/AFTOGEN OLEO/COMBIBAC/ RAB_FORTE/,
10422,2058,2024-11-11 00:00:00,RICOBENDAZOL/PROTOX/AFTOGEN OLEO/COMBIBAC/ RAB_FORTE/,
10423,2001B,2024-11-11 00:00:00,RICOBENDAZOL/PROTOX/AFTOGEN OLEO/COMBIBAC/ RAB_FORTE/,
10424,22157,2024-11-11 00:00:00,RICOBENDAZOL/PROTOX/AFTOGEN OLEO/COMBIBAC/ RAB_FORTE/,
10425,23146,2024-11-11 00:00:00,RICOBENDAZOL/PROTOX/AFTOGEN OLEO/COMBIBAC/ RAB_FORTE/,
10426,22166,2024-11-11 00:00:00,RICOBENDAZOL/PROTOX/AFTOGEN OLEO/COMBIBAC/ RAB_FORTE/,
10427,22178,2024-11-11 00:00:00,RICOBENDAZOL/PROTOX/AFTOGEN OLEO/COMBIBAC/ RAB_FORTE/,
10428,22132,2024-11-11 00:00:00,RICOBENDAZOL/PROTOX/AFTOGEN OLEO/COMBIBAC/ RAB_FORTE/,
10429,2004,2024-11-11 00:00:00,RICOBENDAZOL/PROTOX/AFTOGEN OLEO/COMBIBAC/ RAB_FORTE/,
10430,23004,2024-11-11 00:00:00,RICOBENDAZOL/PROTOX/AFTOGEN OLEO/COMBIBAC/ RAB_FORTE/,
10431,1133,2024-11-11 00:00:00,RICOBENDAZOL/PROTOX/AFTOGEN OLEO/COMBIBAC/ RAB_FORTE/,
10432,1070A,2024-11-11 00:00:00,RICOBENDAZOL/PROTOX/AFTOGEN OLEO/COMBIBAC/ RAB_FORTE/,
10433,2045,2024-11-11 00:00:00,RICOBENDAZOL/PROTOX/AFTOGEN OLEO/COMBIBAC/ RAB_FORTE/,
10434,1082A,2024-11-11 00:00:00,RICOBENDAZOL/PROTOX/AFTOGEN OLEO/COMBIBAC/ RAB_FORTE/,
10435,2053,2024-11-11 00:00:00,RICOBENDAZOL/PROTOX/AFTOGEN OLEO/COMBIBAC/ RAB_FORTE/,
10436,2099,2024-11-11 00:00:00,RICOBENDAZOL/PROTOX/AFTOGEN OLEO/COMBIBAC/ RAB_FORTE/,
10437,2155,2024-11-11 00:00:00,RICOBENDAZOL/PROTOX/AFTOGEN OLEO/COMBIBAC/ RAB_FORTE/,
10438,22158,2024-11-11 00:00:00,RICOBENDAZOL/PROTOX/AFTOGEN OLEO/COMBIBAC/ RAB_FORTE/,
10439,1085,2024-11-11 00:00:00,RICOBENDAZOL/PROTOX/AFTOGEN OLEO/COMBIBAC/ RAB_FORTE/,
10440,0185,2024-11-11 00:00:00,RICOBENDAZOL/PROTOX/AFTOGEN OLEO/COMBIBAC/ RAB_FORTE/,
10441,2005B,2024-11-11 00:00:00,RICOBENDAZOL/PROTOX/AFTOGEN OLEO/COMBIBAC/ RAB_FORTE/,
10442,22115,2024-11-11 00:00:00,RICOBENDAZOL/PROTOX/AFTOGEN OLEO/COMBIBAC/ RAB_FORTE/,
10443,22185,2024-11-11 00:00:00,RICOBENDAZOL/PROTOX/AFTOGEN OLEO/COMBIBAC/ RAB_FORTE/,
10444,2010,2024-11-11 00:00:00,RICOBENDAZOL/PROTOX/AFTOGEN OLEO/COMBIBAC/ RAB_FORTE/,
10445,22206,2024-11-11 00:00:00,RICOBENDAZOL/PROTOX/AFTOGEN OLEO/COMBIBAC/ RAB_FORTE/,
10446,1044,2024-11-11 00:00:00,RICOBENDAZOL/PROTOX/AFTOGEN OLEO/COMBIBAC/ RAB_FORTE/,
10447,1104,2024-11-11 00:00:00,RICOBENDAZOL/PROTOX/AFTOGEN OLEO/COMBIBAC/ RAB_FORTE/,
10448,1092A,2024-11-11 00:00:00,RICOBENDAZOL/PROTOX/AFTOGEN OLEO/COMBIBAC/ RAB_FORTE/,
10449,2056,2024-11-11 00:00:00,RICOBENDAZOL/PROTOX/AFTOGEN OLEO/COMBIBAC/ RAB_FORTE/,
10450,2041,2024-11-11 00:00:00,RICOBENDAZOL/PROTOX/AFTOGEN OLEO/COMBIBAC/ RAB_FORTE/,
10451,2092,2024-11-11 00:00:00,RICOBENDAZOL/PROTOX/AFTOGEN OLEO/COMBIBAC/ RAB_FORTE/,
10452,0109A,2024-11-11 00:00:00,RICOBENDAZOL/PROTOX/AFTOGEN OLEO/COMBIBAC/ RAB_FORTE/,
10453,2101,2024-11-11 00:00:00,RICOBENDAZOL/PROTOX/AFTOGEN OLEO/COMBIBAC/ RAB_FORTE/,
10454,2029,2024-11-11 00:00:00,RICOBENDAZOL/PROTOX/AFTOGEN OLEO/COMBIBAC/ RAB_FORTE/,
10455,2025,2024-11-11 00:00:00,RICOBENDAZOL/PROTOX/AFTOGEN OLEO/COMBIBAC/ RAB_FORTE/,
10456,2044,2024-11-11 00:00:00,RICOBENDAZOL/PROTOX/AFTOGEN OLEO/COMBIBAC/ RAB_FORTE/,
10457,22114,2024-11-11 00:00:00,RICOBENDAZOL/PROTOX/AFTOGEN OLEO/COMBIBAC/ RAB_FORTE/,
10458,1077,2024-11-11 00:00:00,RICOBENDAZOL/PROTOX/AFTOGEN OLEO/COMBIBAC/ RAB_FORTE/,
10459,1097A,2024-11-11 00:00:00,RICOBENDAZOL/PROTOX/AFTOGEN OLEO/COMBIBAC/ RAB_FORTE/,
10460,1027A,2024-11-11 00:00:00,RICOBENDAZOL/PROTOX/AFTOGEN OLEO/COMBIBAC/ RAB_FORTE/,
10461,22120,2024-11-11 00:00:00,RICOBENDAZOL/PROTOX/AFTOGEN OLEO/COMBIBAC/ RAB_FORTE/,
10462,1093,2024-11-11 00:00:00,RICOBENDAZOL/PROTOX/AFTOGEN OLEO/COMBIBAC/ RAB_FORTE/,
10463,1055A,2024-11-11 00:00:00,RICOBENDAZOL/PROTOX/AFTOGEN OLEO/COMBIBAC/ RAB_FORTE/,
10464,1018,2024-11-11 00:00:00,RICOBENDAZOL/PROTOX/AFTOGEN OLEO/COMBIBAC/ RAB_FORTE/,
10465,23015,2024-11-11 00:00:00,RICOBENDAZOL/PROTOX/AFTOGEN OLEO/COMBIBAC/ RAB_FORTE/,
10466,1076,2024-11-11 00:00:00,RICOBENDAZOL/AFTOGEN OLEO/COMBIBAC/ RAB_FORTE/,
10467,1101A,2024-11-11 00:00:00,RICOBENDAZOL/AFTOGEN OLEO/COMBIBAC/ RAB_FORTE/,
10468,1056,2024-11-11 00:00:00,RICOBENDAZOL/AFTOGEN OLEO/COMBIBAC/ RAB_FORTE/,
10469,099,2024-11-11 00:00:00,RICOBENDAZOL/AFTOGEN OLEO/COMBIBAC/ RAB_FORTE/,
10470,1008,2024-11-11 00:00:00,RICOBENDAZOL/AFTOGEN OLEO/COMBIBAC/ RAB_FORTE/,
10471,1096A,2024-11-11 00:00:00,RICOBENDAZOL/AFTOGEN OLEO/COMBIBAC/ RAB_FORTE/,
10472,1033,2024-11-11 00:00:00,RICOBENDAZOL/AFTOGEN OLEO/COMBIBAC/ RAB_FORTE/,
10473,22181,2024-11-11 00:00:00,RICOBENDAZOL/AFTOGEN OLEO/COMBIBAC/ RAB_FORTE/,
10474,1130A,2024-11-11 00:00:00,RICOBENDAZOL/AFTOGEN OLEO/COMBIBAC/ RAB_FORTE/,
10475,1112,2024-11-11 00:00:00,RICOBENDAZOL/AFTOGEN OLEO/COMBIBAC/ RAB_FORTE/,
10476,2090,2024-11-11 00:00:00,RICOBENDAZOL/AFTOGEN OLEO/COMBIBAC/ RAB_FORTE/,
10477,2022,2024-11-11 00:00:00,RICOBENDAZOL/AFTOGEN OLEO/COMBIBAC/ RAB_FORTE/,
10478,1064,2024-11-11 00:00:00,RICOBENDAZOL/AFTOGEN OLEO/COMBIBAC/ RAB_FORTE/,
10479,2040,2024-11-13 00:00:00,MOZQUICIDA    REPROFORTE RICOBENDAZOL AFTO_SUPER RABIA COMBIBAC,
10480,0298A,2024-11-13 00:00:00,   REPROFORTE RICOBENDAZOL AFTO_SUPER RABIA COMBIBAC,
10481,0353,2024-11-13 00:00:00,   REPROFORTE RICOBENDAZOL AFTO_SUPER RABIA COMBIBAC,
10482,5076,2024-11-13 00:00:00,   REPROFORTE RICOBENDAZOL AFTO_SUPER RABIA COMBIBAC,
10483,4072,2024-11-13 00:00:00,MOZQUICIDA    REPROFORTE RICOBENDAZOL AFTO_SUPER RABIA COMBIBAC,
10484,9024,2024-11-13 00:00:00,   REPROFORTE RICOBENDAZOL AFTO_SUPER RABIA COMBIBAC,
10485,6011,2024-11-13 00:00:00,MOZQUICIDA MINERFUN BABECIDE  REPROFORTE RICOBENDAZOL AFTO_SUPER RABIA COMBIBAC,
10486,9103,2024-11-13 00:00:00,MOZQUICIDA MINERFUN   REPROFORTE RICOBENDAZOL AFTO_SUPER RABIA COMBIBAC,
10487,8030,2024-11-13 00:00:00,MOZQUICIDA    REPROFORTE RICOBENDAZOL AFTO_SUPER RABIA COMBIBAC,
10488,6021,2024-11-13 00:00:00,MOZQUICIDA    REPROFORTE RICOBENDAZOL AFTO_SUPER RABIA COMBIBAC,
10489,1066A,2024-11-13 00:00:00,MOZQUICIDA    REPROFORTE RICOBENDAZOL AFTO_SUPER RABIA COMBIBAC,
10490,3003A,2024-11-13 00:00:00,MOZQUICIDA MINERFUN   REPROFORTE RICOBENDAZOL AFTO_SUPER RABIA COMBIBAC,
10491,2080,2024-11-13 00:00:00,MOZQUICIDA MINERFUN  DORAX REPROFORTE RICOBENDAZOL AFTO_SUPER RABIA COMBIBAC,
10492,4018,2024-11-13 00:00:00,   REPROFORTE RICOBENDAZOL AFTO_SUPER RABIA COMBIBAC,
10493,9076,2024-11-13 00:00:00,MOZQUICIDA    REPROFORTE RICOBENDAZOL AFTO_SUPER RABIA COMBIBAC,
10494,80272,2024-11-13 00:00:00,   REPROFORTE RICOBENDAZOL AFTO_SUPER RABIA COMBIBAC,
10495,2063A,2024-11-13 00:00:00,MOZQUICIDA    REPROFORTE RICOBENDAZOL AFTO_SUPER RABIA COMBIBAC,
10496,7074,2024-11-13 00:00:00,MOZQUICIDA MINERFUN   REPROFORTE RICOBENDAZOL AFTO_SUPER RABIA COMBIBAC,
10497,4055,2024-11-13 00:00:00,   REPROFORTE RICOBENDAZOL AFTO_SUPER RABIA COMBIBAC,
10498,3119,2024-11-13 00:00:00,   REPROFORTE RICOBENDAZOL AFTO_SUPER RABIA COMBIBAC,
10499,2149A,2024-11-13 00:00:00,MOZQUICIDA    REPROFORTE RICOBENDAZOL AFTO_SUPER RABIA COMBIBAC,
10500,0226,2024-11-13 00:00:00,   REPROFORTE RICOBENDAZOL AFTO_SUPER RABIA COMBIBAC,
10501,8062,2024-11-13 00:00:00,   REPROFORTE RICOBENDAZOL AFTO_SUPER RABIA COMBIBAC,
10502,1004,2024-11-13 00:00:00,MOZQUICIDA    REPROFORTE RICOBENDAZOL AFTO_SUPER RABIA COMBIBAC,
10503,2148A,2024-11-13 00:00:00,MOZQUICIDA    REPROFORTE RICOBENDAZOL AFTO_SUPER RABIA COMBIBAC,
10504,80472,2024-11-13 00:00:00,MOZQUICIDA    REPROFORTE RICOBENDAZOL AFTO_SUPER RABIA COMBIBAC,
10505,2180A,2024-11-13 00:00:00,MOZQUICIDA MINERFUN  DORAX REPROFORTE RICOBENDAZOL AFTO_SUPER RABIA COMBIBAC,
10506,8094,2024-11-13 00:00:00,   REPROFORTE RICOBENDAZOL AFTO_SUPER RABIA COMBIBAC,
10507,9037,2024-11-13 00:00:00,MOZQUICIDA    REPROFORTE RICOBENDAZOL AFTO_SUPER RABIA COMBIBAC,
10508,7059,2024-11-13 00:00:00,MOZQUICIDA MINERFUN   REPROFORTE RICOBENDAZOL AFTO_SUPER RABIA COMBIBAC,
10509,8077,2024-11-13 00:00:00,MOZQUICIDA    REPROFORTE RICOBENDAZOL AFTO_SUPER RABIA COMBIBAC,
10510,7028,2024-11-13 00:00:00,MOZQUICIDA    REPROFORTE RICOBENDAZOL AFTO_SUPER RABIA COMBIBAC,
10511,9091,2024-11-13 00:00:00,MOZQUICIDA    REPROFORTE RICOBENDAZOL AFTO_SUPER RABIA COMBIBAC,
10512,80882,2024-11-13 00:00:00,MOZQUICIDA MINERFUN   REPROFORTE RICOBENDAZOL AFTO_SUPER RABIA COMBIBAC,
10513,809,2024-11-13 00:00:00,MOZQUICIDA MINERFUN BABECIDE  REPROFORTE RICOBENDAZOL AFTO_SUPER RABIA COMBIBAC,
10514,0329,2024-11-13 00:00:00,MOZQUICIDA    REPROFORTE RICOBENDAZOL AFTO_SUPER RABIA COMBIBAC,
10515,8087,2024-11-13 00:00:00,MOZQUICIDA    REPROFORTE RICOBENDAZOL AFTO_SUPER RABIA COMBIBAC,
10516,30212,2024-11-13 00:00:00,MOZQUICIDA MINERFUN   REPROFORTE RICOBENDAZOL AFTO_SUPER RABIA COMBIBAC,
10517,0241,2024-11-13 00:00:00,   REPROFORTE RICOBENDAZOL AFTO_SUPER RABIA COMBIBAC,
10518,8079,2024-11-13 00:00:00,   REPROFORTE RICOBENDAZOL AFTO_SUPER RABIA COMBIBAC,
10519,3750,2024-11-13 00:00:00,MOZQUICIDA MINERFUN   REPROFORTE RICOBENDAZOL AFTO_SUPER RABIA COMBIBAC,
10520,34,2024-11-13 00:00:00,MOZQUICIDA MINERFUN   REPROFORTE RICOBENDAZOL AFTO_SUPER RABIA COMBIBAC,
10521,2050,2024-11-13 00:00:00,MOZQUICIDA    REPROFORTE RICOBENDAZOL AFTO_SUPER RABIA COMBIBAC,
10522,8045,2024-11-13 00:00:00,   REPROFORTE RICOBENDAZOL AFTO_SUPER RABIA COMBIBAC,
10523,9051,2024-11-13 00:00:00,MOZQUICIDA   DORAX REPROFORTE RICOBENDAZOL AFTO_SUPER RABIA COMBIBAC,
10524,0284,2024-11-13 00:00:00,   REPROFORTE RICOBENDAZOL AFTO_SUPER RABIA COMBIBAC,
10525,1091A,2024-11-13 00:00:00,MOZQUICIDA MINERFUN BABECIDE  REPROFORTE RICOBENDAZOL AFTO_SUPER RABIA COMBIBAC,
10526,9125,2024-11-13 00:00:00,MOZQUICIDA    REPROFORTE RICOBENDAZOL AFTO_SUPER RABIA COMBIBAC,
10527,2090A,2024-11-13 00:00:00,MOZQUICIDA MINERFUN  DORAX REPROFORTE RICOBENDAZOL AFTO_SUPER RABIA COMBIBAC,
10528,5077,2024-11-13 00:00:00,   REPROFORTE RICOBENDAZOL AFTO_SUPER RABIA COMBIBAC,
10529,8033,2024-11-13 00:00:00,MOZQUICIDA    REPROFORTE RICOBENDAZOL AFTO_SUPER RABIA COMBIBAC,
10530,7022,2024-11-13 00:00:00,MOZQUICIDA    REPROFORTE RICOBENDAZOL AFTO_SUPER RABIA COMBIBAC,
10531,1015,2024-11-13 00:00:00,   REPROFORTE RICOBENDAZOL AFTO_SUPER RABIA COMBIBAC,
10532,3066B,2024-11-13 00:00:00,   REPROFORTE RICOBENDAZOL AFTO_SUPER RABIA COMBIBAC,
10533,5144,2024-11-13 00:00:00,   REPROFORTE RICOBENDAZOL AFTO_SUPER RABIA COMBIBAC,
10534,4151,2024-11-13 00:00:00,MOZQUICIDA MINERFUN   REPROFORTE RICOBENDAZOL AFTO_SUPER RABIA COMBIBAC,
10535,60286,2024-11-13 00:00:00,   REPROFORTE RICOBENDAZOL AFTO_SUPER RABIA COMBIBAC,
10536,80121,2024-11-13 00:00:00,MOZQUICIDA    REPROFORTE RICOBENDAZOL AFTO_SUPER RABIA COMBIBAC,
10537,2124A,2024-11-13 00:00:00,MOZQUICIDA    REPROFORTE RICOBENDAZOL AFTO_SUPER RABIA COMBIBAC,
10538,0249,2024-11-13 00:00:00,MOZQUICIDA MINERFUN   REPROFORTE RICOBENDAZOL AFTO_SUPER RABIA COMBIBAC,
10539,7017,2024-11-13 00:00:00,MOZQUICIDA MINERFUN   REPROFORTE RICOBENDAZOL AFTO_SUPER RABIA COMBIBAC,
10540,2047,2024-11-13 00:00:00,MOZQUICIDA    REPROFORTE RICOBENDAZOL AFTO_SUPER RABIA COMBIBAC,
10541,9040,2024-11-13 00:00:00,   REPROFORTE RICOBENDAZOL AFTO_SUPER RABIA COMBIBAC,
10542,EMB 5,2024-11-13 00:00:00,MOZQUICIDA MINERFUN   REPROFORTE RICOBENDAZOL AFTO_SUPER RABIA COMBIBAC,
10543,0336,2024-11-13 00:00:00,MOZQUICIDA MINERFUN   REPROFORTE RICOBENDAZOL AFTO_SUPER RABIA COMBIBAC,
10544,0322,2024-11-13 00:00:00,   REPROFORTE RICOBENDAZOL AFTO_SUPER RABIA COMBIBAC,
10545,5052,2024-11-13 00:00:00,   REPROFORTE RICOBENDAZOL AFTO_SUPER RABIA COMBIBAC,
10546,5007,2024-11-13 00:00:00,   REPROFORTE RICOBENDAZOL AFTO_SUPER RABIA COMBIBAC,
10547,5030,2024-11-13 00:00:00,   REPROFORTE RICOBENDAZOL AFTO_SUPER RABIA COMBIBAC,
10548,1095A,2024-11-13 00:00:00,MOZQUICIDA    REPROFORTE RICOBENDAZOL AFTO_SUPER RABIA COMBIBAC,
10549,2073,2024-11-13 00:00:00,MOZQUICIDA    REPROFORTE RICOBENDAZOL AFTO_SUPER RABIA COMBIBAC,
10550,4087,2024-11-13 00:00:00,MOZQUICIDA    REPROFORTE RICOBENDAZOL AFTO_SUPER RABIA COMBIBAC,
10551,5033,2024-11-13 00:00:00,   REPROFORTE RICOBENDAZOL AFTO_SUPER RABIA COMBIBAC,
10552,5079,2024-11-13 00:00:00,   REPROFORTE RICOBENDAZOL AFTO_SUPER RABIA COMBIBAC,
10553,0323,2024-11-13 00:00:00,MOZQUICIDA MINERFUN   REPROFORTE RICOBENDAZOL AFTO_SUPER RABIA COMBIBAC,
10554,8093,2024-11-13 00:00:00,   REPROFORTE RICOBENDAZOL AFTO_SUPER RABIA COMBIBAC,
10555,2072,2024-11-13 00:00:00,   REPROFORTE RICOBENDAZOL AFTO_SUPER RABIA COMBIBAC,
10556,0231A,2024-11-13 00:00:00,MINERFUN   REPROFORTE RICOBENDAZOL AFTO_SUPER RABIA COMBIBAC,
10557,5146,2024-11-13 00:00:00,   REPROFORTE RICOBENDAZOL AFTO_SUPER RABIA COMBIBAC,
10558,0201,2024-11-13 00:00:00,   REPROFORTE RICOBENDAZOL AFTO_SUPER RABIA COMBIBAC,
10559,9006,2024-11-13 00:00:00,   REPROFORTE RICOBENDAZOL AFTO_SUPER RABIA COMBIBAC,
10560,2196A,2024-11-13 00:00:00,MOZQUICIDA    REPROFORTE RICOBENDAZOL AFTO_SUPER RABIA COMBIBAC,
10561,8086,2024-11-13 00:00:00,   REPROFORTE RICOBENDAZOL AFTO_SUPER RABIA COMBIBAC,
10562,9071,2024-11-13 00:00:00,   REPROFORTE RICOBENDAZOL AFTO_SUPER RABIA COMBIBAC,
10563,0128,2024-11-13 00:00:00,   REPROFORTE RICOBENDAZOL AFTO_SUPER RABIA COMBIBAC,
10564,8046,2024-11-13 00:00:00,   REPROFORTE RICOBENDAZOL AFTO_SUPER RABIA COMBIBAC,
10565,3043,2024-11-13 00:00:00,MOZQUICIDA    REPROFORTE RICOBENDAZOL AFTO_SUPER RABIA COMBIBAC,
10566,5060,2024-11-13 00:00:00,   REPROFORTE RICOBENDAZOL AFTO_SUPER RABIA COMBIBAC,
10567,5679,2024-11-13 00:00:00,   REPROFORTE RICOBENDAZOL AFTO_SUPER RABIA COMBIBAC,
10568,9015,2024-11-13 00:00:00,MOZQUICIDA    REPROFORTE RICOBENDAZOL AFTO_SUPER RABIA COMBIBAC,
10569,4101,2024-11-13 00:00:00,   REPROFORTE RICOBENDAZOL AFTO_SUPER RABIA COMBIBAC,
10570,7012,2024-11-13 00:00:00,MOZQUICIDA MINERFUN BABECIDE  REPROFORTE RICOBENDAZOL AFTO_SUPER RABIA COMBIBAC,
10571,0267,2024-11-13 00:00:00,MOZQUICIDA    REPROFORTE RICOBENDAZOL AFTO_SUPER RABIA COMBIBAC,
10572,8019,2024-11-13 00:00:00,MOZQUICIDA MINERFUN BABECIDE  REPROFORTE RICOBENDAZOL AFTO_SUPER RABIA COMBIBAC,
10573,8050,2024-11-13 00:00:00,MOZQUICIDA    REPROFORTE RICOBENDAZOL AFTO_SUPER RABIA COMBIBAC,
10574,4075,2024-11-13 00:00:00,   REPROFORTE RICOBENDAZOL AFTO_SUPER RABIA COMBIBAC,
10575,6043,2024-11-13 00:00:00,MOZQUICIDA    REPROFORTE RICOBENDAZOL AFTO_SUPER RABIA COMBIBAC,
10576,8048,2024-11-13 00:00:00,   REPROFORTE RICOBENDAZOL AFTO_SUPER RABIA COMBIBAC,
10577,0259,2024-11-13 00:00:00,MOZQUICIDA MINERFUN   REPROFORTE RICOBENDAZOL AFTO_SUPER RABIA COMBIBAC,
10578,8054,2024-11-13 00:00:00,MOZQUICIDA    REPROFORTE RICOBENDAZOL AFTO_SUPER RABIA COMBIBAC,
10579,3026A,2024-11-13 00:00:00,   REPROFORTE RICOBENDAZOL AFTO_SUPER RABIA COMBIBAC,
10580,3024A,2024-11-13 00:00:00,   REPROFORTE RICOBENDAZOL AFTO_SUPER RABIA COMBIBAC,
10581,0278,2024-11-13 00:00:00,MOZQUICIDA    REPROFORTE RICOBENDAZOL AFTO_SUPER RABIA COMBIBAC,
10582,2234,2024-11-13 00:00:00,MOZQUICIDA    REPROFORTE RICOBENDAZOL AFTO_SUPER RABIA COMBIBAC,
10583,8043,2024-11-13 00:00:00,MOZQUICIDA    REPROFORTE RICOBENDAZOL AFTO_SUPER RABIA COMBIBAC,
10584,2083,2024-11-13 00:00:00,   REPROFORTE RICOBENDAZOL AFTO_SUPER RABIA COMBIBAC,
10585,0500,2024-11-13 00:00:00,MOZQUICIDA MINERFUN BABECIDE  REPROFORTE RICOBENDAZOL AFTO_SUPER RABIA COMBIBAC,
10586,3107,2024-11-13 00:00:00,MOZQUICIDA    REPROFORTE RICOBENDAZOL AFTO_SUPER RABIA COMBIBAC,
10587,7077,2024-11-13 00:00:00,   REPROFORTE RICOBENDAZOL AFTO_SUPER RABIA COMBIBAC,
10588,9053,2024-11-13 00:00:00,   REPROFORTE RICOBENDAZOL AFTO_SUPER RABIA COMBIBAC,
10589,2094A,2024-11-13 00:00:00,   REPROFORTE RICOBENDAZOL AFTO_SUPER RABIA COMBIBAC,
10590,0333,2024-11-13 00:00:00,   REPROFORTE RICOBENDAZOL AFTO_SUPER RABIA COMBIBAC,
10591,4007,2024-11-13 00:00:00,MOZQUICIDA    REPROFORTE RICOBENDAZOL AFTO_SUPER RABIA COMBIBAC,
10592,8017,2024-11-13 00:00:00,MOZQUICIDA MINERFUN   REPROFORTE RICOBENDAZOL AFTO_SUPER RABIA COMBIBAC,
10593,0111,2024-11-13 00:00:00,MOZQUICIDA    REPROFORTE RICOBENDAZOL AFTO_SUPER RABIA COMBIBAC,
10594,0143,2024-11-13 00:00:00,   REPROFORTE RICOBENDAZOL AFTO_SUPER RABIA COMBIBAC,
10595,6070,2024-11-13 00:00:00,   REPROFORTE RICOBENDAZOL AFTO_SUPER RABIA COMBIBAC,
10596,9047,2024-11-13 00:00:00,   REPROFORTE RICOBENDAZOL AFTO_SUPER RABIA COMBIBAC,
10597,8005,2024-11-13 00:00:00,   REPROFORTE RICOBENDAZOL AFTO_SUPER RABIA COMBIBAC,
10598,89,2024-11-13 00:00:00,   REPROFORTE RICOBENDAZOL AFTO_SUPER RABIA COMBIBAC,
10599,2217,2024-11-13 00:00:00,   REPROFORTE RICOBENDAZOL AFTO_SUPER RABIA COMBIBAC,
10600,6067,2024-11-13 00:00:00,MOZQUICIDA    REPROFORTE RICOBENDAZOL AFTO_SUPER RABIA COMBIBAC,
10601,2130,2024-11-13 00:00:00,MOZQUICIDA    REPROFORTE RICOBENDAZOL AFTO_SUPER RABIA COMBIBAC,
10602,7061,2024-11-13 00:00:00,   REPROFORTE RICOBENDAZOL AFTO_SUPER RABIA COMBIBAC,
10603,2209A,2024-11-13 00:00:00,MOZQUICIDA    REPROFORTE RICOBENDAZOL AFTO_SUPER RABIA COMBIBAC,
10604,0338,2024-11-13 00:00:00,   REPROFORTE RICOBENDAZOL AFTO_SUPER RABIA COMBIBAC,
10605,9073,2024-11-13 00:00:00, DORAX  REPROFORTE RICOBENDAZOL AFTO_SUPER RABIA COMBIBAC,
10606,9192,2024-11-13 00:00:00,   REPROFORTE RICOBENDAZOL AFTO_SUPER RABIA COMBIBAC,
10607,5529,2024-11-13 00:00:00,   RICOBENDAZOL AFTO_SUPER RABIA COMBIBAC,
10608,5629,2024-11-13 00:00:00,MOZQUICIDA MINERFUN DORAX  RICOBENDAZOL AFTO_SUPER RABIA COMBIBAC,
10609,5638,2024-11-13 00:00:00,   RICOBENDAZOL AFTO_SUPER RABIA COMBIBAC,
10610,7087,2024-11-14 00:00:00,AFTOGEN OLEO/ REPROFORTE/ RABIA/ RICOBENDAZOL/ COMBIBAC/ MOZQUICIDA,
10611,91171,2024-11-14 00:00:00,AFTOGEN OLEO/ REPROFORTE/ RABIA/ RICOBENDAZOL/ COMBIBAC/ MOZQUICIDA,
10612,9007,2024-11-14 00:00:00,AFTOGEN OLEO/ REPROFORTE/ RABIA/ RICOBENDAZOL/ COMBIBAC/ MOZQUICIDA,
10613,8082,2024-11-14 00:00:00,AFTOGEN OLEO/ REPROFORTE/ RABIA/ RICOBENDAZOL/ COMBIBAC,
10614,0101,2024-11-14 00:00:00,AFTOGEN OLEO/ REPROFORTE/ RABIA/ RICOBENDAZOL/ COMBIBAC/ MOZQUICIDA,
10615,0270,2024-11-14 00:00:00,AFTOGEN OLEO/ REPROFORTE/ RABIA/ RICOBENDAZOL/ COMBIBAC/ MOZQUICIDA,
10616,7067,2024-11-14 00:00:00,AFTOGEN OLEO/ REPROFORTE/ RABIA/ RICOBENDAZOL/ COMBIBAC/ MOZQUICIDA,
10617,7066,2024-11-14 00:00:00,AFTOGEN OLEO/ REPROFORTE/ RABIA/ RICOBENDAZOL/ COMBIBAC/ MOZQUICIDA,
10618,91172,2024-11-14 00:00:00,AFTOGEN OLEO/ REPROFORTE/ RABIA/ RICOBENDAZOL/ COMBIBAC/ MOZQUICIDA,
10619,8089,2024-11-14 00:00:00,AFTOGEN OLEO/ REPROFORTE/ RABIA/ RICOBENDAZOL/ COMBIBAC/ MOZQUICIDA,
10620,0330A,2024-11-14 00:00:00,AFTOGEN OLEO/ REPROFORTE/ RABIA/ RICOBENDAZOL/ COMBIBAC/ MOZQUICIDA,
10621,8004,2024-11-14 00:00:00,AFTOGEN OLEO/ REPROFORTE/ RABIA/ RICOBENDAZOL/ COMBIBAC,
10622,2143,2024-11-14 00:00:00,AFTOGEN OLEO/ REPROFORTE/ RABIA/ RICOBENDAZOL/ COMBIBAC/ MOZQUICIDA,
10623,9036,2024-11-14 00:00:00,AFTOGEN OLEO/ REPROFORTE/ RABIA/ RICOBENDAZOL/ COMBIBAC,
10624,31102,2024-11-14 00:00:00,AFTOGEN OLEO/ REPROFORTE/ RABIA/ RICOBENDAZOL/ COMBIBAC/ MOZQUICIDA,
10625,1079,2024-11-14 00:00:00,AFTOGEN OLEO/ REPROFORTE/ RABIA/ RICOBENDAZOL/ COMBIBAC/ MOZQUICIDA,
10626,8061,2024-11-14 00:00:00,AFTOGEN OLEO/ REPROFORTE/ RABIA/ RICOBENDAZOL/ COMBIBAC/ MOZQUICIDA,
10627,1078A,2024-11-14 00:00:00,AFTOGEN OLEO/ REPROFORTE/ RABIA/ RICOBENDAZOL/ COMBIBAC,
10628,24024,2024-11-14 00:00:00,AFTOGEN OLEO/ REPROFORTE/ RABIA/ RICOBENDAZOL/ COMBIBAC/ MOZQUICIDA,
10629,0018,2024-11-14 00:00:00,"   aftogen oleo, combibac, Rab_forte, ricobendasol, Reproforte",
10630,0107,2024-11-14 00:00:00,"   aftogen oleo, combibac, Rab_forte, ricobendasol, Reproforte",
10631,0132,2024-11-14 00:00:00,"BABECIDE MINERFUN  aftogen oleo, combibac, Rab_forte, ricobendasol, Reproforte",
10632,0202,2024-11-14 00:00:00,"   aftogen oleo, combibac, Rab_forte, ricobendasol, Reproforte",
10633,0205,2024-11-14 00:00:00,"   aftogen oleo, combibac, Rab_forte, ricobendasol, Reproforte",
10634,0208A,2024-11-14 00:00:00,"   aftogen oleo, combibac, Rab_forte, ricobendasol, Reproforte",
10635,0220,2024-11-14 00:00:00,"   aftogen oleo, combibac, Rab_forte, ricobendasol, Reproforte",
10636,0229,2024-11-14 00:00:00,"   aftogen oleo, combibac, Rab_forte, ricobendasol, Reproforte",
10637,0271,2024-11-14 00:00:00," MINERFUN  aftogen oleo, combibac, Rab_forte, ricobendasol, Reproforte",
10638,0272,2024-11-14 00:00:00," MINERFUN  aftogen oleo, combibac, Rab_forte, ricobendasol, Reproforte",
10639,0274,2024-11-14 00:00:00,"   aftogen oleo, combibac, Rab_forte, ricobendasol, Reproforte",
10640,0298,2024-11-14 00:00:00,"   aftogen oleo, combibac, Rab_forte, ricobendasol, Reproforte",
10641,0299A,2024-11-14 00:00:00,"   aftogen oleo, combibac, Rab_forte, ricobendasol, Reproforte",
10642,0299C,2024-11-14 00:00:00,"   aftogen oleo, combibac, Rab_forte, ricobendasol, Reproforte",
10643,0320,2024-11-14 00:00:00,"   aftogen oleo, combibac, Rab_forte, ricobendasol, Reproforte",
10644,0332,2024-11-14 00:00:00,"   aftogen oleo, combibac, Rab_forte, ricobendasol, Reproforte",
10645,0338,2024-11-14 00:00:00,"   aftogen oleo, combibac, Rab_forte, ricobendasol, Reproforte",
10646,0342,2024-11-14 00:00:00,"   aftogen oleo, combibac, Rab_forte, ricobendasol, Reproforte",
10647,0344,2024-11-14 00:00:00,"   aftogen oleo, combibac, Rab_forte, ricobendasol, Reproforte",
10648,0350,2024-11-14 00:00:00,"   aftogen oleo, combibac, Rab_forte, ricobendasol, Reproforte",
10649,0354,2024-11-14 00:00:00,"   aftogen oleo, combibac, Rab_forte, ricobendasol, Reproforte",
10650,0355,2024-11-14 00:00:00,"   aftogen oleo, combibac, Rab_forte, ricobendasol, Reproforte",
10651,0740,2024-11-14 00:00:00,"   aftogen oleo, combibac, Rab_forte, ricobendasol, Reproforte",
10652,1005,2024-11-14 00:00:00,"   aftogen oleo, combibac, Rab_forte, ricobendasol, Reproforte",
10653,1015A,2024-11-14 00:00:00,"   aftogen oleo, combibac, Rab_forte, ricobendasol, Reproforte",
10654,1017A,2024-11-14 00:00:00,"   aftogen oleo, combibac, Rab_forte, ricobendasol, Reproforte",
10655,1023,2024-11-14 00:00:00,"   aftogen oleo, combibac, Rab_forte, ricobendasol, Reproforte",
10656,10431,2024-11-14 00:00:00,"BABECIDE   aftogen oleo, combibac, Rab_forte, ricobendasol, Reproforte",
10657,1066,2024-11-14 00:00:00,"   aftogen oleo, combibac, Rab_forte, ricobendasol, Reproforte",
10658,1075,2024-11-14 00:00:00,"   aftogen oleo, combibac, Rab_forte, ricobendasol, Reproforte",
10659,1088A,2024-11-14 00:00:00,"   aftogen oleo, combibac, Rab_forte, ricobendasol, Reproforte",
10660,1091,2024-11-14 00:00:00,"   aftogen oleo, combibac, Rab_forte, ricobendasol, Reproforte",
10661,1096,2024-11-14 00:00:00,"   aftogen oleo, combibac, Rab_forte, ricobendasol, Reproforte",
10662,1104A,2024-11-14 00:00:00,"   aftogen oleo, combibac, Rab_forte, ricobendasol, Reproforte",
10663,1109A,2024-11-14 00:00:00,"   aftogen oleo, combibac, Rab_forte, ricobendasol, Reproforte",
10664,1112A,2024-11-14 00:00:00,"   aftogen oleo, combibac, Rab_forte, ricobendasol, Reproforte",
10665,1128,2024-11-14 00:00:00,"   aftogen oleo, combibac, Rab_forte, ricobendasol, Reproforte",
10666,1132,2024-11-14 00:00:00,"   aftogen oleo, combibac, Rab_forte, ricobendasol, Reproforte",
10667,1168,2024-11-14 00:00:00,"   aftogen oleo, combibac, Rab_forte, ricobendasol, Reproforte",
10668,1188,2024-11-14 00:00:00,"   aftogen oleo, combibac, Rab_forte, ricobendasol, Reproforte",
10669,1310,2024-11-14 00:00:00,"   aftogen oleo, combibac, Rab_forte, ricobendasol, Reproforte",
10670,20,2024-11-14 00:00:00,"   aftogen oleo, combibac, Rab_forte, ricobendasol, Reproforte",
10671,2021,2024-11-14 00:00:00,"   aftogen oleo, combibac, Rab_forte, ricobendasol, Reproforte",
10672,2023,2024-11-14 00:00:00,"BABECIDE MINERFUN DORAX aftogen oleo, combibac, Rab_forte, ricobendasol, Reproforte",
10673,20334,2024-11-14 00:00:00,"   aftogen oleo, combibac, Rab_forte, ricobendasol, Reproforte",
10674,2034,2024-11-14 00:00:00,"   aftogen oleo, combibac, Rab_forte, ricobendasol, Reproforte",
10675,2035A,2024-11-14 00:00:00,"   aftogen oleo, combibac, Rab_forte, ricobendasol, Reproforte",
10676,2039,2024-11-14 00:00:00,"   aftogen oleo, combibac, Rab_forte, ricobendasol, Reproforte",
10677,2042,2024-11-14 00:00:00,"   aftogen oleo, combibac, Rab_forte, ricobendasol, Reproforte",
10678,2048,2024-11-14 00:00:00,"   aftogen oleo, combibac, Rab_forte, ricobendasol, Reproforte",
10679,2052,2024-11-14 00:00:00,"BABECIDE MINERFUN  aftogen oleo, combibac, Rab_forte, ricobendasol, Reproforte",
10680,2062,2024-11-14 00:00:00,"   aftogen oleo, combibac, Rab_forte, ricobendasol, Reproforte",
10681,2063B,2024-11-14 00:00:00,"   aftogen oleo, combibac, Rab_forte, ricobendasol, Reproforte",
10682,2066,2024-11-14 00:00:00,"   aftogen oleo, combibac, Rab_forte, ricobendasol, Reproforte",
10683,2093A,2024-11-14 00:00:00,"   aftogen oleo, combibac, Rab_forte, ricobendasol, Reproforte",
10684,2096,2024-11-14 00:00:00,"BABECIDE MINERFUN  aftogen oleo, combibac, Rab_forte, ricobendasol, Reproforte",
10685,2103,2024-11-14 00:00:00," MINERFUN  aftogen oleo, combibac, Rab_forte, ricobendasol, Reproforte",
10686,2111,2024-11-14 00:00:00," MINERFUN  aftogen oleo, combibac, Rab_forte, ricobendasol, Reproforte",
10687,2133A,2024-11-14 00:00:00,"   aftogen oleo, combibac, Rab_forte, ricobendasol, Reproforte",
10688,2146,2024-11-14 00:00:00,"   aftogen oleo, combibac, Rab_forte, ricobendasol, Reproforte",
10689,2171,2024-11-14 00:00:00,"BABECIDE   aftogen oleo, combibac, Rab_forte, ricobendasol, Reproforte",
10690,2201,2024-11-14 00:00:00," MINERFUN  aftogen oleo, combibac, Rab_forte, ricobendasol, Reproforte",
10691,2203,2024-11-14 00:00:00,"   aftogen oleo, combibac, Rab_forte, ricobendasol, Reproforte",
10692,2208A,2024-11-14 00:00:00,"   aftogen oleo, combibac, Rab_forte, ricobendasol, Reproforte",
10693,22172,2024-11-14 00:00:00,"BABECIDE MINERFUN  aftogen oleo, combibac, Rab_forte, ricobendasol, Reproforte",
10694,2220,2024-11-14 00:00:00,"   aftogen oleo, combibac, Rab_forte, ricobendasol, Reproforte",
10695,2226,2024-11-14 00:00:00,"   aftogen oleo, combibac, Rab_forte, ricobendasol, Reproforte",
10696,2340,2024-11-14 00:00:00,"   aftogen oleo, combibac, Rab_forte, ricobendasol, Reproforte",
10697,3015,2024-11-14 00:00:00,"   aftogen oleo, combibac, Rab_forte, ricobendasol, Reproforte",
10698,3021A,2024-11-14 00:00:00,"BABECIDE   aftogen oleo, combibac, Rab_forte, ricobendasol, Reproforte",
10699,3028A,2024-11-14 00:00:00,"   aftogen oleo, combibac, Rab_forte, ricobendasol, Reproforte",
10700,3132,2024-11-14 00:00:00,"   aftogen oleo, combibac, Rab_forte, ricobendasol, Reproforte",
10701,35,2024-11-14 00:00:00,"   aftogen oleo, combibac, Rab_forte, ricobendasol, Reproforte",
10702,40072,2024-11-14 00:00:00,"   aftogen oleo, combibac, Rab_forte, ricobendasol, Reproforte",
10703,4023,2024-11-14 00:00:00,"   aftogen oleo, combibac, Rab_forte, ricobendasol, Reproforte",
10704,4025,2024-11-14 00:00:00,"   aftogen oleo, combibac, Rab_forte, ricobendasol, Reproforte",
10705,4035,2024-11-14 00:00:00,"   aftogen oleo, combibac, Rab_forte, ricobendasol, Reproforte",
10706,4076,2024-11-14 00:00:00,"   aftogen oleo, combibac, Rab_forte, ricobendasol, Reproforte",
10707,4078,2024-11-14 00:00:00,"   aftogen oleo, combibac, Rab_forte, ricobendasol, Reproforte",
10708,4079,2024-11-14 00:00:00,"   aftogen oleo, combibac, Rab_forte, ricobendasol, Reproforte",
10709,4095,2024-11-14 00:00:00,"   aftogen oleo, combibac, Rab_forte, ricobendasol, Reproforte",
10710,5090,2024-11-14 00:00:00,"   aftogen oleo, combibac, Rab_forte, ricobendasol, Reproforte",
10711,5150,2024-11-14 00:00:00,"   aftogen oleo, combibac, Rab_forte, ricobendasol, Reproforte",
10712,6035,2024-11-14 00:00:00,"   aftogen oleo, combibac, Rab_forte, ricobendasol, Reproforte",
10713,6037,2024-11-14 00:00:00,"   aftogen oleo, combibac, Rab_forte, ricobendasol, Reproforte",
10714,6042,2024-11-14 00:00:00,"   aftogen oleo, combibac, Rab_forte, ricobendasol",
10715,7007,2024-11-14 00:00:00,"   aftogen oleo, combibac, Rab_forte, ricobendasol, Reproforte",
10716,7032,2024-11-14 00:00:00,"   aftogen oleo, combibac, Rab_forte, ricobendasol, Reproforte",
10717,7033,2024-11-14 00:00:00,"   aftogen oleo, combibac, Rab_forte, ricobendasol, Reproforte",
10718,7038,2024-11-14 00:00:00,"   aftogen oleo, combibac, Rab_forte, ricobendasol, Reproforte",
10719,7076,2024-11-14 00:00:00,"   aftogen oleo, combibac, Rab_forte, ricobendasol, Reproforte",
10720,7083,2024-11-14 00:00:00,"   aftogen oleo, combibac, Rab_forte, ricobendasol, Reproforte",
10721,7092,2024-11-14 00:00:00,"   aftogen oleo, combibac, Rab_forte, ricobendasol, Reproforte",
10722,8011,2024-11-14 00:00:00,"   aftogen oleo, combibac, Rab_forte, ricobendasol, Reproforte",
10723,8028,2024-11-14 00:00:00,"   aftogen oleo, combibac, Rab_forte, ricobendasol, Reproforte",
10724,8036,2024-11-14 00:00:00,"   aftogen oleo, combibac, Rab_forte, ricobendasol, Reproforte",
10725,8037,2024-11-14 00:00:00,"   aftogen oleo, combibac, Rab_forte, ricobendasol, Reproforte",
10726,8051,2024-11-14 00:00:00,"   aftogen oleo, combibac, Rab_forte, ricobendasol, Reproforte",
10727,8066,2024-11-14 00:00:00,"   aftogen oleo, combibac, Rab_forte, ricobendasol, Reproforte",
10728,8067,2024-11-14 00:00:00,"   aftogen oleo, combibac, Rab_forte, ricobendasol, Reproforte",
10729,8072,2024-11-14 00:00:00,"   aftogen oleo, combibac, Rab_forte, ricobendasol, Reproforte",
10730,8076,2024-11-14 00:00:00," MINERFUN  aftogen oleo, combibac, Rab_forte, ricobendasol, Reproforte",
10731,8096,2024-11-14 00:00:00,"   aftogen oleo, combibac, Rab_forte, ricobendasol, Reproforte",
10732,9,2024-11-14 00:00:00,"   aftogen oleo, combibac, Rab_forte, ricobendasol, Reproforte",
10733,9014,2024-11-14 00:00:00,"   aftogen oleo, combibac, Rab_forte, ricobendasol, Reproforte",
10734,9018B,2024-11-14 00:00:00,"   aftogen oleo, combibac, Rab_forte, ricobendasol, Reproforte",
10735,9020,2024-11-14 00:00:00,"   aftogen oleo, combibac, Rab_forte, ricobendasol, Reproforte",
10736,9023,2024-11-14 00:00:00,"   aftogen oleo, combibac, Rab_forte, ricobendasol, Reproforte",
10737,9032,2024-11-14 00:00:00,"   aftogen oleo, combibac, Rab_forte, ricobendasol, Reproforte",
10738,9045,2024-11-14 00:00:00,"   aftogen oleo, combibac, Rab_forte, ricobendasol, Reproforte",
10739,9058,2024-11-14 00:00:00,"   aftogen oleo, combibac, Rab_forte, ricobendasol, Reproforte",
10740,9067,2024-11-14 00:00:00,"   aftogen oleo, combibac, Rab_forte, ricobendasol, Reproforte",
10741,9099,2024-11-14 00:00:00,"   aftogen oleo, combibac, Rab_forte, ricobendasol, Reproforte",
10742,9100,2024-11-14 00:00:00,"   aftogen oleo, combibac, Rab_forte, ricobendasol, Reproforte",
10743,9104,2024-11-14 00:00:00,"   aftogen oleo, combibac, Rab_forte, ricobendasol, Reproforte",
10744,9110A,2024-11-14 00:00:00,"   aftogen oleo, combibac, Rab_forte, ricobendasol, Reproforte",
10745,9113,2024-11-14 00:00:00,"   aftogen oleo, combibac, Rab_forte, ricobendasol, Reproforte",
10746,91242,2024-11-14 00:00:00,"   aftogen oleo, combibac, Rab_forte, ricobendasol, Reproforte",
10747,91262,2024-11-14 00:00:00,"   aftogen oleo, combibac, Rab_forte, ricobendasol, Reproforte",
10748,9128B,2024-11-14 00:00:00,"   aftogen oleo, combibac, Rab_forte, ricobendasol, Reproforte",
10749,9389,2024-11-14 00:00:00,"BABECIDE   aftogen oleo, combibac, Rab_forte, ricobendasol, Reproforte",
10750,BU20,2024-11-14 00:00:00,"   aftogen oleo, combibac, Rab_forte, ricobendasol, Reproforte",
10751,BU48,2024-11-14 00:00:00,"   aftogen oleo, combibac, Rab_forte, ricobendasol, Reproforte",
10752,EMB 3,2024-11-14 00:00:00,"   aftogen oleo, combibac, Rab_forte, ricobendasol, Reproforte",
10753,SNA,2024-11-14 00:00:00,"BABECIDE MINERFUN  aftogen oleo, combibac, Rab_forte, ricobendasol, Reproforte",
10754,2153,2024-11-14 00:00:00,"   aftogen oleo, combibac, Rab_forte, ricobendasol, Reproforte",
10755,9116B,2024-11-14 00:00:00,"BABECIDE   aftogen oleo, combibac, Rab_forte, ricobendasol, Reproforte",
10756,4048,2024-11-14 00:00:00,"   aftogen oleo, combibac, Rab_forte, ricobendasol, Reproforte",
10757,0094,2024-11-18 00:00:00,CYNTHAMOS,
10758,0104,2024-11-18 00:00:00,CYNTHAMOS,
10759,0109,2024-11-18 00:00:00,CYNTHAMOS,
10760,0116,2024-11-18 00:00:00,CYNTHAMOS,
10761,0118A,2024-11-18 00:00:00,CYNTHAMOS,
10762,0119,2024-11-18 00:00:00,CYNTHAMOS,
10763,0141,2024-11-18 00:00:00,CYNTHAMOS,
10764,0195,2024-11-18 00:00:00,CYNTHAMOS,
10765,0196,2024-11-18 00:00:00,CYNTHAMOS,
10766,0198,2024-11-18 00:00:00,CYNTHAMOS,
10767,0212,2024-11-18 00:00:00,CYNTHAMOS,
10768,0216A,2024-11-18 00:00:00,CYNTHAMOS,
10769,0217,2024-11-18 00:00:00,CYNTHAMOS,
10770,0219,2024-11-18 00:00:00,CYNTHAMOS,
10771,0242,2024-11-18 00:00:00,CYNTHAMOS,
10772,0279,2024-11-18 00:00:00,CYNTHAMOS,
10773,0293,2024-11-18 00:00:00,CYNTHAMOS,
10774,0325,2024-11-18 00:00:00,CYNTHAMOS,
10775,0335,2024-11-18 00:00:00,CYNTHAMOS,
10776,0345,2024-11-18 00:00:00,CYNTHAMOS,
10777,0346,2024-11-18 00:00:00,CYNTHAMOS,
10778,0351,2024-11-18 00:00:00,CYNTHAMOS,
10779,0358,2024-11-18 00:00:00,CYNTHAMOS,
10780,1026,2024-11-18 00:00:00,CYNTHAMOS,
10781,1027,2024-11-18 00:00:00,CYNTHAMOS,
10782,1030,2024-11-18 00:00:00,CYNTHAMOS,
10783,1031,2024-11-18 00:00:00,CYNTHAMOS,
10784,1036,2024-11-18 00:00:00,CYNTHAMOS,
10785,1037,2024-11-18 00:00:00,CYNTHAMOS,
10786,1046,2024-11-18 00:00:00,CYNTHAMOS,
10787,1046A,2024-11-18 00:00:00,CYNTHAMOS,
10788,1047,2024-11-18 00:00:00,CYNTHAMOS,
10789,1048,2024-11-18 00:00:00,CYNTHAMOS,
10790,1049,2024-11-18 00:00:00,CYNTHAMOS,
10791,1052,2024-11-18 00:00:00,CYNTHAMOS,
10792,1053,2024-11-18 00:00:00,CYNTHAMOS,
10793,1068,2024-11-18 00:00:00,CYNTHAMOS,
10794,1069,2024-11-18 00:00:00,CYNTHAMOS,
10795,1078,2024-11-18 00:00:00,CYNTHAMOS,
10796,1080,2024-11-18 00:00:00,CYNTHAMOS,
10797,1080A,2024-11-18 00:00:00,CYNTHAMOS,
10798,1083,2024-11-18 00:00:00,CYNTHAMOS,
10799,1090,2024-11-18 00:00:00,CYNTHAMOS,
10800,1092,2024-11-18 00:00:00,CYNTHAMOS,
10801,1095,2024-11-18 00:00:00,CYNTHAMOS,
10802,1095B,2024-11-18 00:00:00,CYNTHAMOS,
10803,1096B,2024-11-18 00:00:00,CYNTHAMOS,
10804,1097,2024-11-18 00:00:00,CYNTHAMOS,
10805,1098A,2024-11-18 00:00:00,CYNTHAMOS,
10806,1101,2024-11-18 00:00:00,CYNTHAMOS,
10807,1105,2024-11-18 00:00:00,CYNTHAMOS,
10808,1106,2024-11-18 00:00:00,CYNTHAMOS,
10809,1106A,2024-11-18 00:00:00,CYNTHAMOS,
10810,1107,2024-11-18 00:00:00,CYNTHAMOS,
10811,1126,2024-11-18 00:00:00,CYNTHAMOS,
10812,1130,2024-11-18 00:00:00,CYNTHAMOS,
10813,1131,2024-11-18 00:00:00,CYNTHAMOS,
10814,1139,2024-11-18 00:00:00,CYNTHAMOS,
10815,1141,2024-11-18 00:00:00,CYNTHAMOS,
10816,1146,2024-11-18 00:00:00,CYNTHAMOS,
10817,1148,2024-11-18 00:00:00,CYNTHAMOS,
10818,1152,2024-11-18 00:00:00,CYNTHAMOS,
10819,1154,2024-11-18 00:00:00,CYNTHAMOS,
10820,1156,2024-11-18 00:00:00,CYNTHAMOS,
10821,1161A,2024-11-18 00:00:00,CYNTHAMOS,
10822,1162,2024-11-18 00:00:00,CYNTHAMOS,
10823,1163,2024-11-18 00:00:00,CYNTHAMOS,
10824,1165,2024-11-18 00:00:00,CYNTHAMOS,
10825,1166,2024-11-18 00:00:00,CYNTHAMOS,
10826,1174,2024-11-18 00:00:00,CYNTHAMOS,
10827,1180,2024-11-18 00:00:00,CYNTHAMOS,
10828,1182,2024-11-18 00:00:00,CYNTHAMOS,
10829,1187,2024-11-18 00:00:00,CYNTHAMOS,
10830,1190,2024-11-18 00:00:00,CYNTHAMOS,
10831,1202,2024-11-18 00:00:00,CYNTHAMOS,
10832,1204,2024-11-18 00:00:00,CYNTHAMOS,
10833,1206,2024-11-18 00:00:00,CYNTHAMOS,
10834,1207,2024-11-18 00:00:00,CYNTHAMOS,
10835,1212,2024-11-18 00:00:00,CYNTHAMOS,
10836,1213,2024-11-18 00:00:00,CYNTHAMOS,
10837,1214,2024-11-18 00:00:00,CYNTHAMOS,
10838,1215,2024-11-18 00:00:00,CYNTHAMOS,
10839,1216,2024-11-18 00:00:00,CYNTHAMOS,
10840,1219,2024-11-18 00:00:00,CYNTHAMOS,
10841,1228,2024-11-18 00:00:00,CYNTHAMOS,
10842,1238,2024-11-18 00:00:00,CYNTHAMOS,
10843,1253,2024-11-18 00:00:00,CYNTHAMOS,
10844,1257,2024-11-18 00:00:00,CYNTHAMOS,
10845,1292,2024-11-18 00:00:00,CYNTHAMOS,
10846,1324,2024-11-18 00:00:00,CYNTHAMOS,
10847,1336,2024-11-18 00:00:00,CYNTHAMOS,
10848,2027,2024-11-18 00:00:00,CYNTHAMOS,
10849,2032,2024-11-18 00:00:00,CYNTHAMOS,
10850,2035,2024-11-18 00:00:00,CYNTHAMOS,
10851,2128,2024-11-18 00:00:00,CYNTHAMOS,
10852,2204,2024-11-18 00:00:00,CYNTHAMOS,
10853,2781,2024-11-18 00:00:00,CYNTHAMOS,
10854,36,2024-11-18 00:00:00,CYNTHAMOS,
10855,9135,2024-11-18 00:00:00,CYNTHAMOS,
10856,9136A,2024-11-18 00:00:00,CYNTHAMOS,
10857,MSN12,2024-11-18 00:00:00,CYNTHAMOS,
10858,MSN15,2024-11-18 00:00:00,CYNTHAMOS,
10859,MSN16,2024-11-18 00:00:00,CYNTHAMOS,
10860,MSN17,2024-11-18 00:00:00,CYNTHAMOS,
10861,MSN2,2024-11-18 00:00:00,CYNTHAMOS,
10862,MSN3,2024-11-18 00:00:00,CYNTHAMOS,
10863,MSN4,2024-11-18 00:00:00,CYNTHAMOS,
10864,MSN8,2024-11-18 00:00:00,CYNTHAMOS,
10865,MSN9,2024-11-18 00:00:00,CYNTHAMOS,
10866,1007,2024-11-18 00:00:00,CYNTHAMOS,
10867,MSN1,2024-11-18 00:00:00,CYNTHAMOS,
10868,0114,2024-11-20 00:00:00,"    aftogen oleo, combibac, Rab_forte, ricobendasol, Reproforte",
10869,0125,2024-11-20 00:00:00,"    aftogen oleo, combibac, Rab_forte, ricobendasol",
10870,0206A,2024-11-20 00:00:00,"    aftogen oleo, combibac, Rab_forte, ricobendasol, Reproforte",
10871,0206B,2024-11-20 00:00:00,"    aftogen oleo, combibac, Rab_forte, ricobendasol, Reproforte",
10872,0211,2024-11-20 00:00:00,"    aftogen oleo, combibac, Rab_forte, ricobendasol, Reproforte",
10873,0224,2024-11-20 00:00:00,"    aftogen oleo, combibac, Rab_forte, ricobendasol, Reproforte",
10874,0233,2024-11-20 00:00:00,"    aftogen oleo, combibac, Rab_forte, ricobendasol, Reproforte",
10875,02331,2024-11-20 00:00:00,"    aftogen oleo, combibac, Rab_forte, ricobendasol, Reproforte",
10876,0240,2024-11-20 00:00:00,"    aftogen oleo, combibac, Rab_forte, ricobendasol, Reproforte",
10877,0246,2024-11-20 00:00:00,"    aftogen oleo, combibac, Rab_forte, ricobendasol, Reproforte",
10878,0252,2024-11-20 00:00:00,"    aftogen oleo, combibac, Rab_forte, ricobendasol, Reproforte",
10879,0258,2024-11-20 00:00:00,"babecide    aftogen oleo, combibac, Rab_forte, ricobendasol, Reproforte",
10880,0269,2024-11-20 00:00:00,"babecide    aftogen oleo, combibac, Rab_forte, ricobendasol, Reproforte",
10881,0291,2024-11-20 00:00:00,"    aftogen oleo, combibac, Rab_forte, ricobendasol, Reproforte",
10882,0297,2024-11-20 00:00:00,"    aftogen oleo, combibac, Rab_forte, ricobendasol, Reproforte",
10883,0321,2024-11-20 00:00:00,"    aftogen oleo, combibac, Rab_forte, ricobendasol, Reproforte",
10884,0326,2024-11-20 00:00:00,"    aftogen oleo, combibac, Rab_forte, ricobendasol, Reproforte",
10885,0327,2024-11-20 00:00:00,"    aftogen oleo, combibac, Rab_forte, ricobendasol, Reproforte",
10886,0343,2024-11-20 00:00:00,"    aftogen oleo, combibac, Rab_forte, ricobendasol, Reproforte",
10887,0348,2024-11-20 00:00:00,"    aftogen oleo, combibac, Rab_forte, ricobendasol, Reproforte",
10888,0349,2024-11-20 00:00:00,"    aftogen oleo, combibac, Rab_forte, ricobendasol, Reproforte",
10889,0352,2024-11-20 00:00:00,"    aftogen oleo, combibac, Rab_forte, ricobendasol, Reproforte",
10890,05,2024-11-20 00:00:00,"babecide    aftogen oleo, combibac, Rab_forte, ricobendasol, Reproforte",
10891,1052A,2024-11-20 00:00:00,"    aftogen oleo, combibac, Rab_forte, ricobendasol",
10892,1056A,2024-11-20 00:00:00,"    aftogen oleo, combibac, Rab_forte, ricobendasol, Reproforte",
10893,1063,2024-11-20 00:00:00,"    aftogen oleo, combibac, Rab_forte, ricobendasol, Reproforte",
10894,1077A,2024-11-20 00:00:00,"    aftogen oleo, combibac, Rab_forte, ricobendasol, Reproforte",
10895,1090A,2024-11-20 00:00:00,"    aftogen oleo, combibac, Rab_forte, ricobendasol, Reproforte",
10896,1103,2024-11-20 00:00:00,"    aftogen oleo, combibac, Rab_forte, ricobendasol, Reproforte",
10897,1109B,2024-11-20 00:00:00,"    aftogen oleo, combibac, Rab_forte, ricobendasol, Reproforte",
10898,1123,2024-11-20 00:00:00,"    aftogen oleo, combibac, Rab_forte, ricobendasol, Reproforte",
10899,1139A,2024-11-20 00:00:00,"    aftogen oleo, combibac, Rab_forte, ricobendasol, Reproforte",
10900,12164,2024-11-20 00:00:00,"    aftogen oleo, combibac, Rab_forte, ricobendasol, Reproforte",
10901,19,2024-11-20 00:00:00,"    aftogen oleo, combibac, Rab_forte, ricobendasol, Reproforte",
10902,2007,2024-11-20 00:00:00,"    aftogen oleo, combibac, Rab_forte, ricobendasol, Reproforte",
10903,2018,2024-11-20 00:00:00,"    aftogen oleo, combibac, Rab_forte, ricobendasol",
10904,2019,2024-11-20 00:00:00,"    aftogen oleo, combibac, Rab_forte, ricobendasol, Reproforte",
10905,2024,2024-11-20 00:00:00,"    aftogen oleo, combibac, Rab_forte, ricobendasol, Reproforte",
10906,2030,2024-11-20 00:00:00,"    aftogen oleo, combibac, Rab_forte, ricobendasol, Reproforte",
10907,2036,2024-11-20 00:00:00,"    aftogen oleo, combibac, Rab_forte, ricobendasol, Reproforte",
10908,2037,2024-11-20 00:00:00,"    aftogen oleo, combibac, Rab_forte, ricobendasol, Reproforte",
10909,2060,2024-11-20 00:00:00,"    aftogen oleo, combibac, Rab_forte, ricobendasol",
10910,2065,2024-11-20 00:00:00,"    aftogen oleo, combibac, Rab_forte, ricobendasol",
10911,2087,2024-11-20 00:00:00,"    aftogen oleo, combibac, Rab_forte, ricobendasol, Reproforte",
10912,2097,2024-11-20 00:00:00,"    aftogen oleo, combibac, Rab_forte, ricobendasol, Reproforte",
10913,2108,2024-11-20 00:00:00,"    aftogen oleo, combibac, Rab_forte, ricobendasol, Reproforte",
10914,2109,2024-11-20 00:00:00,"babecide    aftogen oleo, combibac, Rab_forte, ricobendasol, Reproforte",
10915,2219,2024-11-20 00:00:00,"    aftogen oleo, combibac, Rab_forte, ricobendasol, Reproforte",
10916,24006,2024-11-20 00:00:00,"    aftogen oleo, combibac, Rab_forte, ricobendasol",
10917,24025,2024-11-20 00:00:00,"    aftogen oleo, combibac, Rab_forte, ricobendasol",
10918,24044,2024-11-20 00:00:00,"    aftogen oleo, combibac, Rab_forte, ricobendasol",
10919,24047,2024-11-20 00:00:00,"    aftogen oleo, combibac, Rab_forte, ricobendasol",
10920,24049,2024-11-20 00:00:00,"    aftogen oleo, combibac, Rab_forte, ricobendasol",
10921,24063,2024-11-20 00:00:00,"    aftogen oleo, combibac, Rab_forte, ricobendasol",
10922,24065,2024-11-20 00:00:00,"    aftogen oleo, combibac, Rab_forte, ricobendasol",
10923,24066,2024-11-20 00:00:00,"    aftogen oleo, combibac, Rab_forte, ricobendasol",
10924,24067,2024-11-20 00:00:00,"    aftogen oleo, combibac, Rab_forte, ricobendasol",
10925,24071,2024-11-20 00:00:00,"    aftogen oleo, combibac, Rab_forte, ricobendasol",
10926,24075,2024-11-20 00:00:00,"    aftogen oleo, combibac, Rab_forte, ricobendasol",
10927,24076,2024-11-20 00:00:00,"    aftogen oleo, combibac, Rab_forte, ricobendasol",
10928,24077,2024-11-20 00:00:00,"    aftogen oleo, combibac, Rab_forte, ricobendasol",
10929,24079,2024-11-20 00:00:00,"    aftogen oleo, combibac, Rab_forte, ricobendasol",
10930,24082,2024-11-20 00:00:00,"    aftogen oleo, combibac, Rab_forte, ricobendasol",
10931,24085,2024-11-20 00:00:00,"    aftogen oleo, combibac, Rab_forte, ricobendasol",
10932,24087,2024-11-20 00:00:00,"    aftogen oleo, combibac, Rab_forte, ricobendasol",
10933,24089,2024-11-20 00:00:00,"    aftogen oleo, combibac, Rab_forte, ricobendasol",
10934,24090,2024-11-20 00:00:00,"    aftogen oleo, combibac, Rab_forte, ricobendasol",
10935,24091,2024-11-20 00:00:00,"    aftogen oleo, combibac, Rab_forte, ricobendasol",
10936,24092,2024-11-20 00:00:00,"    aftogen oleo, combibac, Rab_forte, ricobendasol",
10937,24095,2024-11-20 00:00:00,"    aftogen oleo, combibac, Rab_forte, ricobendasol",
10938,24096,2024-11-20 00:00:00,"    aftogen oleo, combibac, Rab_forte, ricobendasol",
10939,24097,2024-11-20 00:00:00,"    aftogen oleo, combibac, Rab_forte, ricobendasol",
10940,24098,2024-11-20 00:00:00,"    aftogen oleo, combibac, Rab_forte, ricobendasol",
10941,24101,2024-11-20 00:00:00,"    aftogen oleo, combibac, Rab_forte, ricobendasol",
10942,24105,2024-11-20 00:00:00,"    aftogen oleo, combibac, Rab_forte, ricobendasol",
10943,24110,2024-11-20 00:00:00,"    aftogen oleo, combibac, Rab_forte, ricobendasol",
10944,24111,2024-11-20 00:00:00,"    aftogen oleo, combibac, Rab_forte, ricobendasol",
10945,24116,2024-11-20 00:00:00,"    aftogen oleo, combibac, Rab_forte, ricobendasol",
10946,24119,2024-11-20 00:00:00,"    aftogen oleo, combibac, Rab_forte, ricobendasol",
10947,24120,2024-11-20 00:00:00,"    aftogen oleo, combibac, Rab_forte, ricobendasol",
10948,24123,2024-11-20 00:00:00,"    aftogen oleo, combibac, Rab_forte, ricobendasol",
10949,24124,2024-11-20 00:00:00,"    aftogen oleo, combibac, Rab_forte, ricobendasol",
10950,24125,2024-11-20 00:00:00,"    aftogen oleo, combibac, Rab_forte, ricobendasol",
10951,24132,2024-11-20 00:00:00,"    aftogen oleo, combibac, Rab_forte, ricobendasol",
10952,24136,2024-11-20 00:00:00,"    aftogen oleo, combibac, Rab_forte, ricobendasol",
10953,24141,2024-11-20 00:00:00,"    aftogen oleo, combibac, Rab_forte, ricobendasol",
10954,24145,2024-11-20 00:00:00,"    aftogen oleo, combibac, Rab_forte, ricobendasol",
10955,24152,2024-11-20 00:00:00,"    aftogen oleo, combibac, Rab_forte, ricobendasol",
10956,24153,2024-11-20 00:00:00,"    aftogen oleo, combibac, Rab_forte, ricobendasol",
10957,24154,2024-11-20 00:00:00,"    aftogen oleo, combibac, Rab_forte, ricobendasol",
10958,24157,2024-11-20 00:00:00,"    aftogen oleo, combibac, Rab_forte, ricobendasol",
10959,24160,2024-11-20 00:00:00,"    aftogen oleo, combibac, Rab_forte, ricobendasol",
10960,24164,2024-11-20 00:00:00,"    aftogen oleo, combibac, Rab_forte, ricobendasol",
10961,24169,2024-11-20 00:00:00,"    aftogen oleo, combibac, Rab_forte, ricobendasol",
10962,24181,2024-11-20 00:00:00,"    aftogen oleo, combibac, Rab_forte, ricobendasol",
10963,24182,2024-11-20 00:00:00,"    aftogen oleo, combibac, Rab_forte, ricobendasol",
10964,24190,2024-11-20 00:00:00,"    aftogen oleo, combibac, Rab_forte, ricobendasol",
10965,24198,2024-11-20 00:00:00,"    aftogen oleo, combibac, Rab_forte, ricobendasol",
10966,24203,2024-11-20 00:00:00,"    aftogen oleo, combibac, Rab_forte, ricobendasol",
10967,24205,2024-11-20 00:00:00,"    aftogen oleo, combibac, Rab_forte, ricobendasol",
10968,24206,2024-11-20 00:00:00,"    aftogen oleo, combibac, Rab_forte, ricobendasol",
10969,24210,2024-11-20 00:00:00,"    aftogen oleo, combibac, Rab_forte, ricobendasol",
10970,24217,2024-11-20 00:00:00,"    aftogen oleo, combibac, Rab_forte, ricobendasol",
10971,24224,2024-11-20 00:00:00,"    aftogen oleo, combibac, Rab_forte, ricobendasol",
10972,24231,2024-11-20 00:00:00,"    aftogen oleo, combibac, Rab_forte, ricobendasol",
10973,30,2024-11-20 00:00:00,"    aftogen oleo, combibac, Rab_forte, ricobendasol, Reproforte",
10974,3027A,2024-11-20 00:00:00,"    aftogen oleo, combibac, Rab_forte, ricobendasol, Reproforte",
10975,31,2024-11-20 00:00:00,"    aftogen oleo, combibac, Rab_forte, ricobendasol, Reproforte",
10976,3108,2024-11-20 00:00:00,"    aftogen oleo, combibac, Rab_forte, ricobendasol, Reproforte",
10977,3178,2024-11-20 00:00:00,"    aftogen oleo, combibac, Rab_forte, ricobendasol, Reproforte",
10978,33,2024-11-20 00:00:00,"    aftogen oleo, combibac, Rab_forte, ricobendasol, Reproforte",
10979,4033,2024-11-20 00:00:00,"    aftogen oleo, combibac, Rab_forte, ricobendasol, Reproforte",
10980,4099,2024-11-20 00:00:00,"    aftogen oleo, combibac, Rab_forte, ricobendasol, Reproforte",
10981,4100,2024-11-20 00:00:00,"    aftogen oleo, combibac, Rab_forte, ricobendasol, Reproforte",
10982,4109,2024-11-20 00:00:00,"babecide    aftogen oleo, combibac, Rab_forte, ricobendasol, Reproforte",
10983,4141,2024-11-20 00:00:00,"    aftogen oleo, combibac, Rab_forte, ricobendasol, Reproforte",
10984,4A,2024-11-20 00:00:00,"    aftogen oleo, combibac, Rab_forte, ricobendasol, Reproforte",
10985,50501,2024-11-20 00:00:00,"    aftogen oleo, combibac, Rab_forte, ricobendasol, Reproforte",
10986,5082,2024-11-20 00:00:00,"babecide    aftogen oleo, combibac, Rab_forte, ricobendasol, Reproforte",
10987,5092,2024-11-20 00:00:00,"    aftogen oleo, combibac, Rab_forte, ricobendasol, Reproforte",
10988,5098,2024-11-20 00:00:00,"    aftogen oleo, combibac, Rab_forte, ricobendasol, Reproforte",
10989,6008,2024-11-20 00:00:00,"    aftogen oleo, combibac, Rab_forte, ricobendasol, Reproforte",
10990,6020,2024-11-20 00:00:00,"    aftogen oleo, combibac, Rab_forte, ricobendasol, Reproforte",
10991,6031,2024-11-20 00:00:00,"    aftogen oleo, combibac, Rab_forte, ricobendasol, Reproforte",
10992,6050,2024-11-20 00:00:00,"    aftogen oleo, combibac, Rab_forte, ricobendasol, Reproforte",
10993,7072,2024-11-20 00:00:00,"    aftogen oleo, combibac, Rab_forte, ricobendasol, Reproforte",
10994,7080,2024-11-20 00:00:00,"    aftogen oleo, combibac, Rab_forte, ricobendasol, Reproforte",
10995,8006,2024-11-20 00:00:00,"    aftogen oleo, combibac, Rab_forte, ricobendasol, Reproforte",
10996,8014,2024-11-20 00:00:00,"    aftogen oleo, combibac, Rab_forte, ricobendasol, Reproforte",
10997,8026,2024-11-20 00:00:00,"    aftogen oleo, combibac, Rab_forte, ricobendasol, Reproforte",
10998,8041,2024-11-20 00:00:00,"    aftogen oleo, combibac, Rab_forte, ricobendasol, Reproforte",
10999,8060,2024-11-20 00:00:00,"    aftogen oleo, combibac, Rab_forte, ricobendasol, Reproforte",
11000,80841,2024-11-20 00:00:00,"    aftogen oleo, combibac, Rab_forte, ricobendasol, Reproforte",
11001,8085,2024-11-20 00:00:00,"    aftogen oleo, combibac, Rab_forte, ricobendasol, Reproforte",
11002,9016,2024-11-20 00:00:00,"    aftogen oleo, combibac, Rab_forte, ricobendasol, Reproforte",
11003,9035,2024-11-20 00:00:00,"    aftogen oleo, combibac, Rab_forte, ricobendasol, Reproforte",
11004,9046,2024-11-20 00:00:00,"    aftogen oleo, combibac, Rab_forte, ricobendasol, Reproforte",
11005,91091,2024-11-20 00:00:00,"    aftogen oleo, combibac, Rab_forte, ricobendasol, Reproforte",
11006,9121,2024-11-20 00:00:00,"    aftogen oleo, combibac, Rab_forte, ricobendasol, Reproforte",
11007,9122,2024-11-20 00:00:00,"    aftogen oleo, combibac, Rab_forte, ricobendasol, Reproforte",
11008,9219,2024-11-20 00:00:00,"    aftogen oleo, combibac, Rab_forte, ricobendasol, Reproforte",
11009,EMB 2,2024-11-20 00:00:00,"    aftogen oleo, combibac, Rab_forte, ricobendasol, Reproforte",
11010,24134,2024-11-20 00:00:00,"    aftogen oleo, combibac, Rab_forte, ricobendasol",
11011,24180,2024-11-20 00:00:00,"    aftogen oleo, combibac, Rab_forte, ricobendasol",
11012,24211,2024-11-20 00:00:00,"    aftogen oleo, combibac, Rab_forte, ricobendasol",
11013,9011,2024-11-20 00:00:00,"    aftogen oleo, combibac, Rab_forte, ricobendasol, Reproforte",
11014,24030,2024-11-20 00:00:00,"    aftogen oleo, combibac, Rab_forte, ricobendasol",
11015,9126A,2024-11-20 00:00:00,"MINERFUN    aftogen oleo, combibac, Rab_forte, ricobendasol, Reproforte",
11016,24099,2024-11-20 00:00:00,"    aftogen oleo, combibac, Rab_forte, ricobendasol",
11017,8010,2024-11-20 00:00:00,"    aftogen oleo, combibac, Rab_forte, ricobendasol, Reproforte",
11018,10391,2024-11-20 00:00:00,"    aftogen oleo, combibac, Rab_forte, ricobendasol, Reproforte",
11019,23223,2024-11-20 00:00:00,"    aftogen oleo, combibac, Rab_forte, ricobendasol",
11020,4043,2024-11-20 00:00:00,"    aftogen oleo, combibac, Rab_forte, ricobendasol, Reproforte",
11021,4066,2024-11-20 00:00:00,"    aftogen oleo, combibac, Rab_forte, ricobendasol, Reproforte",
11022,4172,2024-11-20 00:00:00,"    aftogen oleo, combibac, Rab_forte, ricobendasol, Reproforte",
11023,50741,2024-11-20 00:00:00,"    aftogen oleo, combibac, Rab_forte, ricobendasol, Reproforte",
11024,24233,2024-11-23 00:00:00,"    aftogen oleo, combibac, Rabia, ricobendasol, ",
11025,24230,2024-11-23 00:00:00,"    aftogen oleo, combibac, Rabia, ricobendasol, ",
11026,24207,2024-11-23 00:00:00,"    aftogen oleo, combibac, Rabia, ricobendasol, ",
11027,24201,2024-11-23 00:00:00,"    aftogen oleo, combibac, Rabia, ricobendasol, ",
11028,24039,2024-11-23 00:00:00,"    aftogen oleo, combibac, Rabia, ricobendasol, ",
11029,24248,2024-11-23 00:00:00,"    aftogen oleo, combibac, Rabia, ricobendasol, ",
11030,24232,2024-11-23 00:00:00,"    aftogen oleo, combibac, Rabia, ricobendasol, ",
11031,24193,2024-11-23 00:00:00,"    aftogen oleo, combibac, Rabia, ricobendasol, ",
11032,24156,2024-11-23 00:00:00,"    aftogen oleo, combibac, Rabia, ricobendasol, ",
11033,24144,2024-11-23 00:00:00,"    aftogen oleo, combibac, Rabia, ricobendasol, ",
11034,24187,2024-11-23 00:00:00,"    aftogen oleo, combibac, Rabia, ricobendasol, ",
11035,24165,2024-11-23 00:00:00,"    aftogen oleo, combibac, Rabia, ricobendasol, ",
11036,24148,2024-11-23 00:00:00,"    aftogen oleo, combibac, Rabia, ricobendasol, ",
11037,24133,2024-11-23 00:00:00,"    aftogen oleo, combibac, Rabia, ricobendasol, ",
11038,24176,2024-11-23 00:00:00,"    aftogen oleo, combibac, Rabia, ricobendasol, ",
11039,24127,2024-11-23 00:00:00,"    aftogen oleo, combibac, Rabia, ricobendasol, ",
11040,24239,2024-11-23 00:00:00,"    aftogen oleo, combibac, Rabia, ricobendasol, ",
11041,24202,2024-11-23 00:00:00,"    aftogen oleo, combibac, Rabia, ricobendasol, ",
11042,24056,2024-11-23 00:00:00,"    aftogen oleo, combibac, Rabia, ricobendasol, ",
11043,24135,2024-11-23 00:00:00,"    aftogen oleo, combibac, Rabia, ricobendasol, ",
11044,24167,2024-11-23 00:00:00,"    aftogen oleo, combibac, Rabia, ricobendasol, ",
11045,24168,2024-11-23 00:00:00,"    aftogen oleo, combibac, Rabia, ricobendasol, ",
11046,24115,2024-11-23 00:00:00,"    aftogen oleo, combibac, Rabia, ricobendasol, ",
11047,24137,2024-11-23 00:00:00,"    aftogen oleo, combibac, Rabia, ricobendasol, ",
11048,24151,2024-11-23 00:00:00,"    aftogen oleo, combibac, Rabia, ricobendasol, ",
11049,24143,2024-11-23 00:00:00,"    aftogen oleo, combibac, Rabia, ricobendasol, ",
11050,24240,2024-11-23 00:00:00,"    aftogen oleo, combibac, Rabia, ricobendasol, ",
11051,24140,2024-11-23 00:00:00,"    aftogen oleo, combibac, Rabia, ricobendasol, ",
11052,24222,2024-11-23 00:00:00,"    aftogen oleo, combibac, Rabia, ricobendasol, ",
11053,24054,2024-11-23 00:00:00,"    aftogen oleo, combibac, Rabia, ricobendasol, ",
11054,24162,2024-11-23 00:00:00,"    aftogen oleo, combibac, Rabia, ricobendasol, ",
11055,24189,2024-11-23 00:00:00,"    aftogen oleo, combibac, Rabia, ricobendasol, ",
11056,24246,2024-11-23 00:00:00,"    aftogen oleo, combibac, Rabia, ricobendasol, ",
11057,24195,2024-11-23 00:00:00,"    aftogen oleo, combibac, Rabia, ricobendasol, ",
11058,24070,2024-11-23 00:00:00,"    aftogen oleo, combibac, Rabia, ricobendasol, ",
11059,24173,2024-11-23 00:00:00,"    aftogen oleo, combibac, Rabia, ricobendasol, ",
11060,24209,2024-11-23 00:00:00,"    aftogen oleo, combibac, Rabia, ricobendasol, ",
11061,24237,2024-11-23 00:00:00,"    aftogen oleo, combibac, Rabia, ricobendasol, ",
11062,24197,2024-11-23 00:00:00,"    aftogen oleo, combibac, Rabia, ricobendasol, ",
11063,24243,2024-11-23 00:00:00,"    aftogen oleo, combibac, Rabia, ricobendasol, ",
11064,24130,2024-11-23 00:00:00,"    aftogen oleo, combibac, Rabia, ricobendasol, ",
11065,24220,2024-11-23 00:00:00,"    aftogen oleo, combibac, Rabia, ricobendasol, ",
11066,24131,2024-11-23 00:00:00,"    aftogen oleo, combibac, Rabia, ricobendasol, ",
11067,24247,2024-11-23 00:00:00,"    aftogen oleo, combibac, Rabia, ricobendasol, ",
11068,24178,2024-11-23 00:00:00,"    aftogen oleo, combibac, Rabia, ricobendasol, ",
11069,24204,2024-11-23 00:00:00,"    aftogen oleo, combibac, Rabia, ricobendasol, ",
11070,24170,2024-11-23 00:00:00,"    aftogen oleo, combibac, Rabia, ricobendasol, ",
11071,24216,2024-11-23 00:00:00,"    aftogen oleo, combibac, Rabia, ricobendasol, ",
11072,24188,2024-11-23 00:00:00,"    aftogen oleo, combibac, Rabia, ricobendasol, ",
11073,24185,2024-11-23 00:00:00,"    aftogen oleo, combibac, Rabia, ricobendasol, ",
11074,24213,2024-11-23 00:00:00,"    aftogen oleo, combibac, Rabia, ricobendasol, ",
11075,24200,2024-11-23 00:00:00,"    aftogen oleo, combibac, Rabia, ricobendasol, ",
11076,24244,2024-11-23 00:00:00,"    aftogen oleo, combibac, Rabia, ricobendasol, ",
11077,24235,2024-11-23 00:00:00,"    aftogen oleo, combibac, Rabia, ricobendasol, ",
11078,24218,2024-11-23 00:00:00,"    aftogen oleo, combibac, Rabia, ricobendasol, ",
11079,24234,2024-11-23 00:00:00,"    aftogen oleo, combibac, Rabia, ricobendasol, ",
11080,24102,2024-11-23 00:00:00,"    aftogen oleo, combibac, Rabia, ricobendasol, ",
11081,24172,2024-11-23 00:00:00,"    aftogen oleo, combibac, Rabia, ricobendasol, ",
11082,24109,2024-11-23 00:00:00,"    aftogen oleo, combibac, Rabia, ricobendasol, ",
11083,24060,2024-11-23 00:00:00,"    aftogen oleo, combibac, Rabia, ricobendasol, ",
11084,24051,2024-11-23 00:00:00,"    aftogen oleo, combibac, Rabia, ricobendasol, ",
11085,24147,2024-11-23 00:00:00,"    aftogen oleo, combibac, Rabia, ricobendasol, ",
11086,24061,2024-11-23 00:00:00,"    aftogen oleo, combibac, Rabia, ricobendasol, ",
11087,24072,2024-11-23 00:00:00,"    aftogen oleo, combibac, Rabia, ricobendasol, ",
11088,24050,2024-11-23 00:00:00,"    aftogen oleo, combibac, Rabia, ricobendasol, ",
11089,24196,2024-11-23 00:00:00,"    aftogen oleo, combibac, Rabia, ricobendasol, ",
11090,24028,2024-11-23 00:00:00,"    aftogen oleo, combibac, Rabia, ricobendasol, ",
11091,24108,2024-11-23 00:00:00,"    aftogen oleo, combibac, Rabia, ricobendasol, ",
11092,24117,2024-11-23 00:00:00,"    aftogen oleo, combibac, Rabia, ricobendasol, ",
11093,24034,2024-11-23 00:00:00,"    aftogen oleo, combibac, Rabia, ricobendasol, ",
11094,24146,2024-11-23 00:00:00,"    aftogen oleo, combibac, Rabia, ricobendasol, ",
11095,24094,2024-11-23 00:00:00,"    aftogen oleo, combibac, Rabia, ricobendasol, ",
11096,24114,2024-11-23 00:00:00,"    aftogen oleo, combibac, Rabia, ricobendasol, ",
11097,24129,2024-11-23 00:00:00,"    aftogen oleo, combibac, Rabia, ricobendasol, ",
11098,24069,2024-11-23 00:00:00,"    aftogen oleo, combibac, Rabia, ricobendasol, ",
11099,24158,2024-11-23 00:00:00,"    aftogen oleo, combibac, Rabia, ricobendasol, ",
11100,24106,2024-11-23 00:00:00,"    aftogen oleo, combibac, Rabia, ricobendasol, ",
11101,24149,2024-11-23 00:00:00,"    aftogen oleo, combibac, Rabia, ricobendasol, ",
11102,24014,2024-11-23 00:00:00,"    aftogen oleo, combibac, Rabia, ricobendasol, ",
11103,24118,2024-11-23 00:00:00,"    aftogen oleo, combibac, Rabia, ricobendasol, ",
11104,24032,2024-11-23 00:00:00,"    aftogen oleo, combibac, Rabia, ricobendasol, ",
11105,23168,2024-11-23 00:00:00,"    aftogen oleo, combibac, Rabia, ricobendasol, ",
11106,24033,2024-11-23 00:00:00,"    aftogen oleo, combibac, Rabia, ricobendasol, ",
11107,24042,2024-11-23 00:00:00,"    aftogen oleo, combibac, Rabia, ricobendasol, ",
11108,24058,2024-11-23 00:00:00,"    aftogen oleo, combibac, Rabia, ricobendasol, ",
11109,24053,2024-11-23 00:00:00,"    aftogen oleo, combibac, Rabia, ricobendasol, ",
11110,24150,2024-11-23 00:00:00,"    aftogen oleo, combibac, Rabia, ricobendasol, ",
11111,24212,2024-11-23 00:00:00,"    aftogen oleo, combibac, Rabia, ricobendasol, ",
11112,24043,2024-11-23 00:00:00,"    aftogen oleo, combibac, Rabia, ricobendasol, ",
11113,24073,2024-11-23 00:00:00,"    aftogen oleo, combibac, Rabia, ricobendasol, ",
11114,24086,2024-11-23 00:00:00,"    aftogen oleo, combibac, Rabia, ricobendasol, ",
11115,24214,2024-11-23 00:00:00,"    aftogen oleo, combibac, Rabia, ricobendasol, ",
11116,24007,2024-11-23 00:00:00,"    aftogen oleo, combibac, Rabia, ricobendasol, ",
11117,24074,2024-11-23 00:00:00,"    aftogen oleo, combibac, Rabia, ricobendasol, ",
11118,24155,2024-11-23 00:00:00,"    aftogen oleo, combibac, Rabia, ricobendasol, ",
11119,24052,2024-11-23 00:00:00,"    aftogen oleo, combibac, Rabia, ricobendasol, ",
11120,24179,2024-11-23 00:00:00,"    aftogen oleo, combibac, Rabia, ricobendasol, ",
11121,24159,2024-11-23 00:00:00,"    aftogen oleo, combibac, Rabia, ricobendasol, ",
11122,24219,2024-11-23 00:00:00,"    aftogen oleo, combibac, Rabia, ricobendasol, ",
11123,24186,2024-11-23 00:00:00,"    aftogen oleo, combibac, Rabia, ricobendasol, ",
11124,24177,2024-11-23 00:00:00,"    aftogen oleo, combibac, Rabia, ricobendasol, ",
11125,24045,2024-11-23 00:00:00,"    aftogen oleo, combibac, Rabia, ricobendasol, ",
11126,24084,2024-11-23 00:00:00,"    aftogen oleo, combibac, Rabia, ricobendasol, ",
11127,24048,2024-11-23 00:00:00,"    aftogen oleo, combibac, Rabia, ricobendasol, ",
11128,24023,2024-11-23 00:00:00,"    aftogen oleo, combibac, Rabia, ricobendasol, ",
11129,2093,2024-11-22 00:00:00,RICOBENDAZOL AFTOSA RABIA COMBIBAC,
11130,2200,2024-11-22 00:00:00,RICOBENDAZOL AFTOSA RABIA COMBIBAC,
11131,22049,2024-11-22 00:00:00,RICOBENDAZOL AFTOSA RABIA COMBIBAC,
11132,22126,2024-11-22 00:00:00,RICOBENDAZOL AFTOSA RABIA COMBIBAC,
11133,22135,2024-11-22 00:00:00,RICOBENDAZOL AFTOSA RABIA COMBIBAC,
11134,22149,2024-11-22 00:00:00,RICOBENDAZOL AFTOSA RABIA COMBIBAC,
11135,22195,2024-11-22 00:00:00,RICOBENDAZOL AFTOSA RABIA COMBIBAC,
11136,23031,2024-11-22 00:00:00,RICOBENDAZOL AFTOSA RABIA COMBIBAC,
11137,23033,2024-11-22 00:00:00,RICOBENDAZOL AFTOSA RABIA COMBIBAC,
11138,23094,2024-11-22 00:00:00,RICOBENDAZOL AFTOSA RABIA COMBIBAC,
11139,23125,2024-11-22 00:00:00,RICOBENDAZOL AFTOSA RABIA COMBIBAC,
11140,23139,2024-11-22 00:00:00,RICOBENDAZOL AFTOSA RABIA COMBIBAC,
11141,23140,2024-11-22 00:00:00,RICOBENDAZOL AFTOSA RABIA COMBIBAC,
11142,23148,2024-11-22 00:00:00,RICOBENDAZOL AFTOSA RABIA COMBIBAC,
11143,23166,2024-11-22 00:00:00,RICOBENDAZOL AFTOSA RABIA COMBIBAC,
11144,23201,2024-11-22 00:00:00,RICOBENDAZOL AFTOSA RABIA COMBIBAC,
11145,23215,2024-11-22 00:00:00,RICOBENDAZOL AFTOSA RABIA COMBIBAC,
11146,23220,2024-11-22 00:00:00,RICOBENDAZOL AFTOSA RABIA COMBIBAC,
11147,23222,2024-11-22 00:00:00,RICOBENDAZOL AFTOSA RABIA COMBIBAC,
11148,23224,2024-11-22 00:00:00,RICOBENDAZOL AFTOSA RABIA COMBIBAC,
11149,23227,2024-11-22 00:00:00,RICOBENDAZOL AFTOSA RABIA COMBIBAC,
11150,23230,2024-11-22 00:00:00,RICOBENDAZOL AFTOSA RABIA COMBIBAC,
11151,23238,2024-11-22 00:00:00,RICOBENDAZOL AFTOSA RABIA COMBIBAC,
11152,23241,2024-11-22 00:00:00,RICOBENDAZOL AFTOSA RABIA COMBIBAC,
11153,23243,2024-11-22 00:00:00,RICOBENDAZOL AFTOSA RABIA COMBIBAC,
11154,23246,2024-11-22 00:00:00,RICOBENDAZOL AFTOSA RABIA COMBIBAC,
11155,23248,2024-11-22 00:00:00,RICOBENDAZOL AFTOSA RABIA COMBIBAC,
11156,23249,2024-11-22 00:00:00,RICOBENDAZOL AFTOSA RABIA COMBIBAC,
11157,23251,2024-11-22 00:00:00,RICOBENDAZOL AFTOSA RABIA COMBIBAC,
11158,23252,2024-11-22 00:00:00,RICOBENDAZOL AFTOSA RABIA COMBIBAC,
11159,24001,2024-11-22 00:00:00,RICOBENDAZOL AFTOSA RABIA COMBIBAC,
11160,24002,2024-11-22 00:00:00,RICOBENDAZOL AFTOSA RABIA COMBIBAC,
11161,24003,2024-11-22 00:00:00,RICOBENDAZOL AFTOSA RABIA COMBIBAC,
11162,24004,2024-11-22 00:00:00,RICOBENDAZOL AFTOSA RABIA COMBIBAC,
11163,24005,2024-11-22 00:00:00,RICOBENDAZOL AFTOSA RABIA COMBIBAC,
11164,24008,2024-11-22 00:00:00,RICOBENDAZOL AFTOSA RABIA COMBIBAC,
11165,24016,2024-11-22 00:00:00,RICOBENDAZOL AFTOSA RABIA COMBIBAC,
11166,24018,2024-11-22 00:00:00,RICOBENDAZOL AFTOSA RABIA COMBIBAC,
11167,24019,2024-11-22 00:00:00,RICOBENDAZOL AFTOSA RABIA COMBIBAC,
11168,24020,2024-11-22 00:00:00,RICOBENDAZOL AFTOSA RABIA COMBIBAC,
11169,24021,2024-11-22 00:00:00,RICOBENDAZOL AFTOSA RABIA COMBIBAC,
11170,24031,2024-11-22 00:00:00,RICOBENDAZOL AFTOSA RABIA COMBIBAC,
11171,24040,2024-11-22 00:00:00,RICOBENDAZOL AFTOSA RABIA COMBIBAC,
11172,24062,2024-11-22 00:00:00,RICOBENDAZOL AFTOSA RABIA COMBIBAC,
11173,24068,2024-11-22 00:00:00,RICOBENDAZOL AFTOSA RABIA COMBIBAC,
11174,24081,2024-11-22 00:00:00,RICOBENDAZOL AFTOSA RABIA COMBIBAC,
11175,23244,2024-11-22 00:00:00,RICOBENDAZOL AFTOSA RABIA COMBIBAC,
11176,24011,2024-11-22 00:00:00,RICOBENDAZOL AFTOSA RABIA COMBIBAC,
11177,24027,2024-11-22 00:00:00,RICOBENDAZOL AFTOSA RABIA COMBIBAC,
11178,24088,2024-11-22 00:00:00,RICOBENDAZOL AFTOSA RABIA COMBIBAC,
11179,23237,2024-11-22 00:00:00,RICOBENDAZOL AFTOSA RABIA COMBIBAC,
11180,23250,2024-11-22 00:00:00,RICOBENDAZOL AFTOSA RABIA COMBIBAC,
11181,23240,2024-11-22 00:00:00,RICOBENDAZOL AFTOSA RABIA COMBIBAC,
11182,0139,2024-11-28 00:00:00,aftosa/combibac/ Rabia/ rocobendazol/cynthamos,
11183,0263,2024-11-28 00:00:00,aftosa/ Rabia/ rocobendazol/cynthamos,
11184,0294,2024-11-28 00:00:00,aftosa/combibac/ Rabia/ rocobendazol/cynthamos,
11185,1032,2024-11-28 00:00:00,aftosa/combibac/ Rabia/ rocobendazol/cynthamos,
11186,1043A,2024-11-28 00:00:00,aftosa/combibac/ Rabia/ rocobendazol/cynthamos,
11187,1045,2024-11-28 00:00:00,aftosa/combibac/ Rabia/ rocobendazol/cynthamos,
11188,1053A,2024-11-28 00:00:00,aftosa/combibac/ Rabia/ rocobendazol/cynthamos,
11189,1059,2024-11-28 00:00:00,aftosa/ Rabia/ rocobendazol/cynthamos,
11190,1065,2024-11-28 00:00:00,aftosa/combibac/ Rabia/ rocobendazol/cynthamos,
11191,1073,2024-11-28 00:00:00,aftosa/combibac/ Rabia/ rocobendazol/cynthamos,
11192,1074,2024-11-28 00:00:00,aftosa/combibac/ Rabia/ rocobendazol/cynthamos,
11193,1084A,2024-11-28 00:00:00,aftosa/ Rabia/ rocobendazol/cynthamos,
11194,1094,2024-11-28 00:00:00,aftosa/combibac/ Rabia/ rocobendazol/cynthamos,
11195,1097B,2024-11-28 00:00:00,aftosa/combibac/ Rabia/ rocobendazol/cynthamos,
11196,1100A,2024-11-28 00:00:00,aftosa/ Rabia/ rocobendazol/cynthamos,
11197,1100B,2024-11-28 00:00:00,aftosa/combibac/ Rabia/ rocobendazol/cynthamos,
11198,1102,2024-11-28 00:00:00,aftosa/combibac/ Rabia/ rocobendazol/cynthamos,
11199,1117,2024-11-28 00:00:00,aftosa/combibac/ Rabia/ rocobendazol/cynthamos,
11200,2001A,2024-11-28 00:00:00,aftosa/combibac/ Rabia/ rocobendazol/cynthamos,
11201,2002,2024-11-28 00:00:00,aftosa/combibac/ Rabia/ rocobendazol/cynthamos,
11202,2011,2024-11-28 00:00:00,aftosa/combibac/ Rabia/ rocobendazol/cynthamos,
11203,2014,2024-11-28 00:00:00,aftosa/ Rabia/ rocobendazol/cynthamos,
11204,2016,2024-11-28 00:00:00,aftosa/combibac/ Rabia/ rocobendazol/cynthamos,
11205,2026,2024-11-28 00:00:00,aftosa/ Rabia/ rocobendazol/cynthamos,
11206,2059,2024-11-28 00:00:00,aftosa/ Rabia/ rocobendazol/cynthamos,
11207,2061,2024-11-28 00:00:00,aftosa/ Rabia/ rocobendazol/cynthamos,
11208,2064,2024-11-28 00:00:00,aftosa/ Rabia/ rocobendazol/cynthamos,
11209,2088B,2024-11-28 00:00:00,aftosa/combibac/ Rabia/ rocobendazol/cynthamos,
11210,2095,2024-11-28 00:00:00,aftosa/combibac/ Rabia/ rocobendazol/cynthamos,
11211,2096A,2024-11-28 00:00:00,aftosa/combibac/ Rabia/ rocobendazol/cynthamos,
11212,20971,2024-11-28 00:00:00,aftosa/ Rabia/ rocobendazol/cynthamos,
11213,22098,2024-11-28 00:00:00,aftosa/combibac/ Rabia/ rocobendazol/cynthamos,
11214,2102,2024-11-28 00:00:00,aftosa/ Rabia/ rocobendazol/cynthamos/ combibac,
11215,21027,2024-11-28 00:00:00,aftosa/combibac/ Rabia/ rocobendazol/cynthamos,
11216,2107,2024-11-28 00:00:00,aftosa/combibac/ Rabia/ rocobendazol/cynthamos,
11217,2110,2024-11-28 00:00:00,aftosa/combibac/ Rabia/ rocobendazol/cynthamos,
11218,2137,2024-11-28 00:00:00,aftosa/combibac/ Rabia/ rocobendazol/cynthamos,
11219,21391,2024-11-28 00:00:00,aftosa/combibac/ Rabia/ rocobendazol/cynthamos,
11220,2140,2024-11-28 00:00:00,aftosa/combibac/ Rabia/ rocobendazol/cynthamos,
11221,2141,2024-11-28 00:00:00,aftosa/combibac/ Rabia/ rocobendazol/cynthamos,
11222,2145,2024-11-28 00:00:00,aftosa/combibac/ Rabia/ rocobendazol/cynthamos,
11223,2162,2024-11-28 00:00:00,aftosa/combibac/ Rabia/ rocobendazol/cynthamos,
11224,2202,2024-11-28 00:00:00,aftosa/combibac/ Rabia/ rocobendazol/cynthamos,
11225,22085,2024-11-28 00:00:00,aftosa/ Rabia/ rocobendazol/cynthamos/ combibac,
11226,22105,2024-11-28 00:00:00,aftosa/combibac/ Rabia/ rocobendazol/cynthamos,
11227,22116,2024-11-28 00:00:00,aftosa/ Rabia/ rocobendazol/cynthamos,
11228,22117,2024-11-28 00:00:00,aftosa/combibac/ Rabia/ rocobendazol/cynthamos,
11229,22119,2024-11-28 00:00:00,aftosa/combibac/ Rabia/ rocobendazol/cynthamos,
11230,22121,2024-11-28 00:00:00,aftosa/combibac/ Rabia/ rocobendazol/cynthamos,
11231,22122,2024-11-28 00:00:00,aftosa/combibac/ Rabia/ rocobendazol/cynthamos,
11232,22131,2024-11-28 00:00:00,aftosa/combibac/ Rabia/ rocobendazol/cynthamos,
11233,22139,2024-11-28 00:00:00,aftosa/combibac/ Rabia/ rocobendazol/cynthamos,
11234,22142,2024-11-28 00:00:00,aftosa/combibac/ Rabia/ rocobendazol/cynthamos,
11235,22144,2024-11-28 00:00:00,aftosa/ Rabia/ rocobendazol/cynthamos/ combibac,
11236,2215,2024-11-28 00:00:00,aftosa/ Rabia/ rocobendazol/cynthamos,
11237,22150,2024-11-28 00:00:00,aftosa/ Rabia/ rocobendazol/cynthamos/ combibac,
11238,22151,2024-11-28 00:00:00,aftosa/combibac/ Rabia/ rocobendazol/cynthamos,
11239,22160,2024-11-28 00:00:00,aftosa/ Rabia/ rocobendazol/cynthamos,
11240,22161,2024-11-28 00:00:00,aftosa/combibac/ Rabia/ rocobendazol/cynthamos,
11241,22164,2024-11-28 00:00:00,aftosa/combibac/ Rabia/ rocobendazol/cynthamos,
11242,22169A,2024-11-28 00:00:00,aftosa/ Rabia/ rocobendazol/cynthamos,
11243,22171,2024-11-28 00:00:00,aftosa/combibac/ Rabia/ rocobendazol/cynthamos,
11244,22176,2024-11-28 00:00:00,aftosa/ Rabia/ rocobendazol/cynthamos,
11245,22177,2024-11-28 00:00:00,aftosa/ Rabia/ rocobendazol/cynthamos/ combibac,
11246,2218,2024-11-28 00:00:00,aftosa/combibac/ Rabia/ rocobendazol/cynthamos,
11247,22180,2024-11-28 00:00:00,aftosa/combibac/ Rabia/ rocobendazol/cynthamos,
11248,22182,2024-11-28 00:00:00,aftosa/combibac/ Rabia/ rocobendazol/cynthamos,
11249,22183,2024-11-28 00:00:00,aftosa/combibac/ Rabia/ rocobendazol/cynthamos,
11250,22184,2024-11-28 00:00:00,aftosa/combibac/ Rabia/ rocobendazol/cynthamos,
11251,22186,2024-11-28 00:00:00,aftosa/combibac/ Rabia/ rocobendazol/cynthamos,
11252,22187,2024-11-28 00:00:00,aftosa/combibac/ Rabia/ rocobendazol/cynthamos,
11253,22190,2024-11-28 00:00:00,aftosa/ Rabia/ rocobendazol/cynthamos/ combibac,
11254,22191,2024-11-28 00:00:00,aftosa/combibac/ Rabia/ rocobendazol/cynthamos,
11255,22192,2024-11-28 00:00:00,aftosa/combibac/ Rabia/ rocobendazol/cynthamos,
11256,22193,2024-11-28 00:00:00,aftosa/combibac/ Rabia/ rocobendazol/cynthamos,
11257,22196,2024-11-28 00:00:00,aftosa/combibac/ Rabia/ rocobendazol/cynthamos,
11258,22197,2024-11-28 00:00:00,aftosa/combibac/ Rabia/ rocobendazol/cynthamos,
11259,22198,2024-11-28 00:00:00,aftosa/ Rabia/ rocobendazol/cynthamos,
11260,22199,2024-11-28 00:00:00,aftosa/combibac/ Rabia/ rocobendazol/cynthamos,
11261,22205,2024-11-28 00:00:00,aftosa/combibac/ Rabia/ rocobendazol/cynthamos,
11262,22207,2024-11-28 00:00:00,aftosa/combibac/ Rabia/ rocobendazol/cynthamos,
11263,22216,2024-11-28 00:00:00,aftosa/ Rabia/ rocobendazol/cynthamos,
11264,22221,2024-11-28 00:00:00,aftosa/combibac/ Rabia/ rocobendazol/cynthamos,
11265,2224,2024-11-28 00:00:00,aftosa/ Rabia/ rocobendazol/cynthamos,
11266,23001,2024-11-28 00:00:00,aftosa/combibac/ Rabia/ rocobendazol/cynthamos,
11267,23002,2024-11-28 00:00:00,aftosa/ Rabia/ rocobendazol/cynthamos,
11268,23003,2024-11-28 00:00:00,aftosa/ Rabia/ rocobendazol/cynthamos,
11269,23005,2024-11-28 00:00:00,aftosa/combibac/ Rabia/ rocobendazol/cynthamos,
11270,23006,2024-11-28 00:00:00,aftosa/combibac/ Rabia/ rocobendazol/cynthamos,
11271,23007,2024-11-28 00:00:00,aftosa/combibac/ Rabia/ rocobendazol/cynthamos,
11272,23008,2024-11-28 00:00:00,aftosa/combibac/ Rabia/ rocobendazol/cynthamos,
11273,23010,2024-11-28 00:00:00,aftosa/combibac/ Rabia/ rocobendazol/cynthamos,
11274,23014,2024-11-28 00:00:00,aftosa/combibac/ Rabia/ rocobendazol/cynthamos,
11275,23016,2024-11-28 00:00:00,aftosa/combibac/ Rabia/ rocobendazol/cynthamos,
11276,23017,2024-11-28 00:00:00,aftosa/ Rabia/ rocobendazol/cynthamos,
11277,23018,2024-11-28 00:00:00,aftosa/combibac/ Rabia/ rocobendazol/cynthamos,
11278,23019,2024-11-28 00:00:00,aftosa/combibac/ Rabia/ rocobendazol/cynthamos,
11279,23020,2024-11-28 00:00:00,aftosa/ Rabia/ rocobendazol/cynthamos,
11280,23021,2024-11-28 00:00:00,aftosa/ Rabia/ rocobendazol/cynthamos,
11281,23022,2024-11-28 00:00:00,aftosa/combibac/ Rabia/ rocobendazol/cynthamos,
11282,23023,2024-11-28 00:00:00,aftosa/ Rabia/ rocobendazol/cynthamos,
11283,23024,2024-11-28 00:00:00,aftosa/combibac/ Rabia/ rocobendazol/cynthamos,
11284,23026,2024-11-28 00:00:00,aftosa/combibac/ Rabia/ rocobendazol/cynthamos,
11285,23027,2024-11-28 00:00:00,aftosa/ Rabia/ rocobendazol/cynthamos/ combibac,
11286,23028,2024-11-28 00:00:00,aftosa/combibac/ Rabia/ rocobendazol/cynthamos,
11287,23029,2024-11-28 00:00:00,aftosa/combibac/ Rabia/ rocobendazol/cynthamos,
11288,23030,2024-11-28 00:00:00,aftosa/ Rabia/ rocobendazol/cynthamos,
11289,23034,2024-11-28 00:00:00,aftosa/combibac/ Rabia/ rocobendazol/cynthamos,
11290,23035,2024-11-28 00:00:00,aftosa/ Rabia/ rocobendazol/cynthamos,
11291,23036,2024-11-28 00:00:00,aftosa/combibac/ Rabia/ rocobendazol/cynthamos,
11292,23037,2024-11-28 00:00:00,aftosa/combibac/ Rabia/ rocobendazol/cynthamos,
11293,23038,2024-11-28 00:00:00,aftosa/combibac/ Rabia/ rocobendazol/cynthamos,
11294,23039,2024-11-28 00:00:00,aftosa/ Rabia/ rocobendazol/cynthamos,
11295,23043,2024-11-28 00:00:00,aftosa/combibac/ Rabia/ rocobendazol/cynthamos,
11296,23044,2024-11-28 00:00:00,aftosa/combibac/ Rabia/ rocobendazol/cynthamos,
11297,23045,2024-11-28 00:00:00,aftosa/ Rabia/ rocobendazol/cynthamos,
11298,23046,2024-11-28 00:00:00,aftosa/ Rabia/ rocobendazol/cynthamos,
11299,23049,2024-11-28 00:00:00,aftosa/ Rabia/ rocobendazol/cynthamos,
11300,23050,2024-11-28 00:00:00,aftosa/combibac/ Rabia/ rocobendazol/cynthamos,
11301,23051,2024-11-28 00:00:00,aftosa/ Rabia/ rocobendazol/cynthamos/ combibac,
11302,23052,2024-11-28 00:00:00,aftosa/combibac/ Rabia/ rocobendazol/cynthamos,
11303,23053,2024-11-28 00:00:00,aftosa/combibac/ Rabia/ rocobendazol/cynthamos,
11304,23054,2024-11-28 00:00:00,aftosa/combibac/ Rabia/ rocobendazol/cynthamos,
11305,23055,2024-11-28 00:00:00,aftosa/combibac/ Rabia/ rocobendazol/cynthamos,
11306,23056,2024-11-28 00:00:00,aftosa/combibac/ Rabia/ rocobendazol/cynthamos,
11307,23057,2024-11-28 00:00:00,aftosa/combibac/ Rabia/ rocobendazol/cynthamos,
11308,23058,2024-11-28 00:00:00,aftosa/combibac/ Rabia/ rocobendazol/cynthamos,
11309,23059,2024-11-28 00:00:00,aftosa/combibac/ Rabia/ rocobendazol/cynthamos,
11310,23060,2024-11-28 00:00:00,aftosa/combibac/ Rabia/ rocobendazol/cynthamos,
11311,23061,2024-11-28 00:00:00,aftosa/combibac/ Rabia/ rocobendazol/cynthamos,
11312,23062,2024-11-28 00:00:00,aftosa/combibac/ Rabia/ rocobendazol/cynthamos,
11313,23063,2024-11-28 00:00:00,aftosa/combibac/ Rabia/ rocobendazol/cynthamos,
11314,23064,2024-11-28 00:00:00,aftosa/combibac/ Rabia/ rocobendazol/cynthamos,
11315,23065,2024-11-28 00:00:00,aftosa/combibac/ Rabia/ rocobendazol/cynthamos,
11316,23066,2024-11-28 00:00:00,aftosa/combibac/ Rabia/ rocobendazol/cynthamos,
11317,23067,2024-11-28 00:00:00,aftosa/ Rabia/ rocobendazol/cynthamos,
11318,23069,2024-11-28 00:00:00,aftosa/combibac/ Rabia/ rocobendazol/cynthamos,
11319,23070,2024-11-28 00:00:00,aftosa/ Rabia/ rocobendazol/cynthamos/ combibac,
11320,23071,2024-11-28 00:00:00,aftosa/ Rabia/ rocobendazol/cynthamos/ combibac,
11321,23072,2024-11-28 00:00:00,aftosa/combibac/ Rabia/ rocobendazol/cynthamos,
11322,23073,2024-11-28 00:00:00,aftosa/combibac/ Rabia/ rocobendazol/cynthamos,
11323,23074,2024-11-28 00:00:00,aftosa/combibac/ Rabia/ rocobendazol/cynthamos,
11324,23075,2024-11-28 00:00:00,aftosa/combibac/ Rabia/ rocobendazol/cynthamos,
11325,23077,2024-11-28 00:00:00,aftosa/combibac/ Rabia/ rocobendazol/cynthamos,
11326,23078,2024-11-28 00:00:00,aftosa/combibac/ Rabia/ rocobendazol/cynthamos,
11327,23079,2024-11-28 00:00:00,aftosa/ Rabia/ rocobendazol/cynthamos/ combibac,
11328,23080,2024-11-28 00:00:00,aftosa/combibac/ Rabia/ rocobendazol/cynthamos,
11329,23081,2024-11-28 00:00:00,aftosa/combibac/ Rabia/ rocobendazol/cynthamos,
11330,23082,2024-11-28 00:00:00,aftosa/ Rabia/ rocobendazol/cynthamos/ combibac,
11331,23084,2024-11-28 00:00:00,aftosa/ Rabia/ rocobendazol/cynthamos,
11332,23085,2024-11-28 00:00:00,aftosa/ Rabia/ rocobendazol/cynthamos,
11333,23086,2024-11-28 00:00:00,aftosa/ Rabia/ rocobendazol/cynthamos,
11334,23087,2024-11-28 00:00:00,aftosa/combibac/ Rabia/ rocobendazol/cynthamos,
11335,23088,2024-11-28 00:00:00,aftosa/combibac/ Rabia/ rocobendazol/cynthamos,
11336,23089,2024-11-28 00:00:00,aftosa/combibac/ Rabia/ rocobendazol/cynthamos,
11337,23090,2024-11-28 00:00:00,aftosa/combibac/ Rabia/ rocobendazol/cynthamos,
11338,23092,2024-11-28 00:00:00,aftosa/combibac/ Rabia/ rocobendazol/cynthamos,
11339,23093,2024-11-28 00:00:00,aftosa/ Rabia/ rocobendazol/cynthamos/ combibac,
11340,23095,2024-11-28 00:00:00,aftosa/ Rabia/ rocobendazol/cynthamos,
11341,23096,2024-11-28 00:00:00,aftosa/combibac/ Rabia/ rocobendazol/cynthamos,
11342,23097,2024-11-28 00:00:00,aftosa/combibac/ Rabia/ rocobendazol/cynthamos,
11343,23098,2024-11-28 00:00:00,aftosa/combibac/ Rabia/ rocobendazol/cynthamos,
11344,23099,2024-11-28 00:00:00,aftosa/combibac/ Rabia/ rocobendazol/cynthamos,
11345,23101,2024-11-28 00:00:00,aftosa/combibac/ Rabia/ rocobendazol/cynthamos,
11346,23102,2024-11-28 00:00:00,aftosa/combibac/ Rabia/ rocobendazol/cynthamos,
11347,23104,2024-11-28 00:00:00,aftosa/ Rabia/ rocobendazol/cynthamos,
11348,23105,2024-11-28 00:00:00,aftosa/combibac/ Rabia/ rocobendazol/cynthamos,
11349,23106,2024-11-28 00:00:00,aftosa/combibac/ Rabia/ rocobendazol/cynthamos,
11350,23107,2024-11-28 00:00:00,aftosa/ Rabia/ rocobendazol/cynthamos,
11351,23108,2024-11-28 00:00:00,aftosa/ Rabia/ rocobendazol/cynthamos,
11352,23109,2024-11-28 00:00:00,aftosa/ Rabia/ rocobendazol/cynthamos,
11353,23110,2024-11-28 00:00:00,aftosa/combibac/ Rabia/ rocobendazol/cynthamos,
11354,23111,2024-11-28 00:00:00,aftosa/ Rabia/ rocobendazol/cynthamos,
11355,23114,2024-11-28 00:00:00,aftosa/combibac/ Rabia/ rocobendazol/cynthamos,
11356,23115,2024-11-28 00:00:00,aftosa/combibac/ Rabia/ rocobendazol/cynthamos,
11357,23116,2024-11-28 00:00:00,aftosa/combibac/ Rabia/ rocobendazol/cynthamos,
11358,23118,2024-11-28 00:00:00,aftosa/combibac/ Rabia/ rocobendazol/cynthamos,
11359,23119,2024-11-28 00:00:00,aftosa/combibac/ Rabia/ rocobendazol/cynthamos,
11360,23120,2024-11-28 00:00:00,aftosa/combibac/ Rabia/ rocobendazol/cynthamos,
11361,23121,2024-11-28 00:00:00,aftosa/combibac/ Rabia/ rocobendazol/cynthamos,
11362,23122,2024-11-28 00:00:00,aftosa/ Rabia/ rocobendazol/cynthamos,
11363,23123,2024-11-28 00:00:00,aftosa/combibac/ Rabia/ rocobendazol/cynthamos,
11364,23124,2024-11-28 00:00:00,aftosa/combibac/ Rabia/ rocobendazol/cynthamos,
11365,23126,2024-11-28 00:00:00,aftosa/ Rabia/ rocobendazol/cynthamos/ combibac,
11366,23127,2024-11-28 00:00:00,aftosa/combibac/ Rabia/ rocobendazol/cynthamos,
11367,23128,2024-11-28 00:00:00,aftosa/combibac/ Rabia/ rocobendazol/cynthamos,
11368,23129,2024-11-28 00:00:00,aftosa/combibac/ Rabia/ rocobendazol/cynthamos,
11369,23130,2024-11-28 00:00:00,aftosa/combibac/ Rabia/ rocobendazol/cynthamos,
11370,23131,2024-11-28 00:00:00,aftosa/combibac/ Rabia/ rocobendazol/cynthamos,
11371,23132,2024-11-28 00:00:00,aftosa/ Rabia/ rocobendazol/cynthamos/ combibac,
11372,23133,2024-11-28 00:00:00,aftosa/combibac/ Rabia/ rocobendazol/cynthamos,
11373,23134,2024-11-28 00:00:00,aftosa/combibac/ Rabia/ rocobendazol/cynthamos,
11374,23135,2024-11-28 00:00:00,aftosa/combibac/ Rabia/ rocobendazol/cynthamos,
11375,23136,2024-11-28 00:00:00,aftosa/combibac/ Rabia/ rocobendazol/cynthamos,
11376,23137,2024-11-28 00:00:00,aftosa/combibac/ Rabia/ rocobendazol/cynthamos,
11377,23138,2024-11-28 00:00:00,aftosa/combibac/ Rabia/ rocobendazol/cynthamos,
11378,23141,2024-11-28 00:00:00,aftosa/ Rabia/ rocobendazol/cynthamos,
11379,23142,2024-11-28 00:00:00,aftosa/combibac/ Rabia/ rocobendazol/cynthamos,
11380,23144,2024-11-28 00:00:00,aftosa/combibac/ Rabia/ rocobendazol/cynthamos,
11381,23145,2024-11-28 00:00:00,aftosa/ Rabia/ rocobendazol/cynthamos/ combibac,
11382,23147,2024-11-28 00:00:00,aftosa/ Rabia/ rocobendazol/cynthamos,
11383,23150,2024-11-28 00:00:00,aftosa/ Rabia/ rocobendazol/cynthamos,
11384,23151,2024-11-28 00:00:00,aftosa/combibac/ Rabia/ rocobendazol/cynthamos,
11385,23152,2024-11-28 00:00:00,aftosa/ Rabia/ rocobendazol/cynthamos,
11386,23153,2024-11-28 00:00:00,aftosa/combibac/ Rabia/ rocobendazol/cynthamos,
11387,23156,2024-11-28 00:00:00,aftosa/ Rabia/ rocobendazol/cynthamos,
11388,23157,2024-11-28 00:00:00,aftosa/ Rabia/ rocobendazol/cynthamos/ combibac,
11389,23158,2024-11-28 00:00:00,aftosa/combibac/ Rabia/ rocobendazol/cynthamos,
11390,23159,2024-11-28 00:00:00,aftosa/ Rabia/ rocobendazol/cynthamos,
11391,23160,2024-11-28 00:00:00,aftosa/ Rabia/ rocobendazol/cynthamos/ combibac,
11392,23162,2024-11-28 00:00:00,aftosa/combibac/ Rabia/ rocobendazol/cynthamos,
11393,23163,2024-11-28 00:00:00,aftosa/ Rabia/ rocobendazol/cynthamos,
11394,23164,2024-11-28 00:00:00,aftosa/ Rabia/ rocobendazol/cynthamos,
11395,23165,2024-11-28 00:00:00,aftosa/ Rabia/ rocobendazol/cynthamos/ combibac,
11396,23166,2024-11-28 00:00:00,aftosa/ Rabia/ rocobendazol/cynthamos,
11397,23169,2024-11-28 00:00:00,aftosa/combibac/ Rabia/ rocobendazol/cynthamos,
11398,23170,2024-11-28 00:00:00,aftosa/ Rabia/ rocobendazol/cynthamos/ combibac,
11399,23171,2024-11-28 00:00:00,aftosa/ Rabia/ rocobendazol/cynthamos,
11400,23172,2024-11-28 00:00:00,aftosa/ Rabia/ rocobendazol/cynthamos/ combibac,
11401,23173,2024-11-28 00:00:00,aftosa/combibac/ Rabia/ rocobendazol/cynthamos,
11402,23174,2024-11-28 00:00:00,aftosa/combibac/ Rabia/ rocobendazol/cynthamos,
11403,23177,2024-11-28 00:00:00,aftosa/ Rabia/ rocobendazol/cynthamos,
11404,23178,2024-11-28 00:00:00,aftosa/ Rabia/ rocobendazol/cynthamos,
11405,23179,2024-11-28 00:00:00,aftosa/combibac/ Rabia/ rocobendazol/cynthamos,
11406,23180,2024-11-28 00:00:00,aftosa/combibac/ Rabia/ rocobendazol/cynthamos,
11407,23181,2024-11-28 00:00:00,aftosa/combibac/ Rabia/ rocobendazol/cynthamos,
11408,23183,2024-11-28 00:00:00,aftosa/ Rabia/ rocobendazol/cynthamos/ combibac,
11409,23184,2024-11-28 00:00:00,aftosa/combibac/ Rabia/ rocobendazol/cynthamos,
11410,23185,2024-11-28 00:00:00,aftosa/combibac/ Rabia/ rocobendazol/cynthamos,
11411,23186,2024-11-28 00:00:00,aftosa/combibac/ Rabia/ rocobendazol/cynthamos,
11412,23187,2024-11-28 00:00:00,aftosa/combibac/ Rabia/ rocobendazol/cynthamos,
11413,23188,2024-11-28 00:00:00,aftosa/ Rabia/ rocobendazol/cynthamos,
11414,23189,2024-11-28 00:00:00,aftosa/combibac/ Rabia/ rocobendazol/cynthamos,
11415,23190,2024-11-28 00:00:00,aftosa/ Rabia/ rocobendazol/cynthamos/ combibac,
11416,23193,2024-11-28 00:00:00,aftosa/ Rabia/ rocobendazol/cynthamos/ combibac,
11417,23195,2024-11-28 00:00:00,aftosa/ Rabia/ rocobendazol/cynthamos/ combibac,
11418,23196,2024-11-28 00:00:00,aftosa/combibac/ Rabia/ rocobendazol/cynthamos,
11419,23197,2024-11-28 00:00:00,aftosa/combibac/ Rabia/ rocobendazol/cynthamos,
11420,23198,2024-11-28 00:00:00,aftosa/combibac/ Rabia/ rocobendazol/cynthamos,
11421,23202,2024-11-28 00:00:00,aftosa/combibac/ Rabia/ rocobendazol/cynthamos,
11422,23206,2024-11-28 00:00:00,aftosa/combibac/ Rabia/ rocobendazol/cynthamos,
11423,23207,2024-11-28 00:00:00,aftosa/ Rabia/ rocobendazol/cynthamos,
11424,23208,2024-11-28 00:00:00,aftosa/ Rabia/ rocobendazol/cynthamos,
11425,23209,2024-11-28 00:00:00,aftosa/ Rabia/ rocobendazol/cynthamos,
11426,23210,2024-11-28 00:00:00,aftosa/combibac/ Rabia/ rocobendazol/cynthamos,
11427,23211,2024-11-28 00:00:00,aftosa/ Rabia/ rocobendazol/cynthamos/ combibac,
11428,23212,2024-11-28 00:00:00,aftosa/combibac/ Rabia/ rocobendazol/cynthamos,
11429,23214,2024-11-28 00:00:00,aftosa/combibac/ Rabia/ rocobendazol/cynthamos,
11430,23215,2024-11-28 00:00:00,aftosa/combibac/ Rabia/ rocobendazol/cynthamos,
11431,23216,2024-11-28 00:00:00,aftosa/ Rabia/ rocobendazol/cynthamos/ combibac,
11432,23217,2024-11-28 00:00:00,aftosa/combibac/ Rabia/ rocobendazol/cynthamos,
11433,23218,2024-11-28 00:00:00,aftosa/combibac/ Rabia/ rocobendazol/cynthamos,
11434,23228,2024-11-28 00:00:00,aftosa/ Rabia/ rocobendazol/cynthamos/ combibac,
11435,23229,2024-11-28 00:00:00,aftosa/ Rabia/ rocobendazol/cynthamos/ combibac,
11436,23231,2024-11-28 00:00:00,aftosa/ Rabia/ rocobendazol/cynthamos/ combibac,
11437,23235,2024-11-28 00:00:00,aftosa/ Rabia/ rocobendazol/cynthamos,
11438,23236,2024-11-28 00:00:00,aftosa/combibac/ Rabia/ rocobendazol/cynthamos,
11439,23247,2024-11-28 00:00:00,aftosa/ Rabia/ rocobendazol/cynthamos/ combibac,
11440,24009,2024-11-28 00:00:00,aftosa/ Rabia/ rocobendazol/cynthamos/ combibac,
11441,24011,2024-11-28 00:00:00,aftosa/ Rabia/ rocobendazol/cynthamos,
11442,24012,2024-11-28 00:00:00,aftosa/combibac/ Rabia/ rocobendazol/cynthamos,
11443,24013,2024-11-28 00:00:00,aftosa/combibac/ Rabia/ rocobendazol/cynthamos,
11444,24015,2024-11-28 00:00:00,aftosa/ Rabia/ rocobendazol/cynthamos,
11445,24025,2024-11-28 00:00:00,aftosa/ Rabia/ rocobendazol/cynthamos,
11446,24027,2024-11-28 00:00:00,aftosa/ Rabia/ rocobendazol/cynthamos,
11447,24029,2024-11-28 00:00:00,aftosa/ Rabia/ rocobendazol/cynthamos,
11448,24030,2024-11-28 00:00:00,aftosa/ Rabia/ rocobendazol/cynthamos,
11449,24031,2024-11-28 00:00:00,aftosa/ Rabia/ rocobendazol/cynthamos,
11450,24037,2024-11-28 00:00:00,aftosa/combibac/ Rabia/ rocobendazol/cynthamos,
11451,24044,2024-11-28 00:00:00,aftosa/ Rabia/ rocobendazol/cynthamos,
11452,24047,2024-11-28 00:00:00,aftosa/ Rabia/ rocobendazol/cynthamos,
11453,24049,2024-11-28 00:00:00,aftosa/ Rabia/ rocobendazol/cynthamos,
11454,24063,2024-11-28 00:00:00,aftosa/combibac/ Rabia/ rocobendazol/cynthamos,
11455,24065,2024-11-28 00:00:00,aftosa/ Rabia/ rocobendazol/cynthamos,
11456,24066,2024-11-28 00:00:00,aftosa/combibac/ Rabia/ rocobendazol/cynthamos,
11457,24067,2024-11-28 00:00:00,aftosa/combibac/ Rabia/ rocobendazol/cynthamos,
11458,24071,2024-11-28 00:00:00,aftosa/ Rabia/ rocobendazol/cynthamos,
11459,24075,2024-11-28 00:00:00,aftosa/combibac/ Rabia/ rocobendazol/cynthamos,
11460,24076,2024-11-28 00:00:00,aftosa/ Rabia/ rocobendazol/cynthamos,
11461,24077,2024-11-28 00:00:00,aftosa/combibac/ Rabia/ rocobendazol/cynthamos,
11462,24079,2024-11-28 00:00:00,aftosa/ Rabia/ rocobendazol/cynthamos,
11463,24081,2024-11-28 00:00:00,aftosa/combibac/ Rabia/ rocobendazol/cynthamos,
11464,24082,2024-11-28 00:00:00,aftosa/combibac/ Rabia/ rocobendazol/cynthamos,
11465,24085,2024-11-28 00:00:00,aftosa/ Rabia/ rocobendazol/cynthamos,
11466,24087,2024-11-28 00:00:00,aftosa/ Rabia/ rocobendazol/cynthamos,
11467,24089,2024-11-28 00:00:00,aftosa/combibac/ Rabia/ rocobendazol/cynthamos,
11468,24090,2024-11-28 00:00:00,aftosa/combibac/ Rabia/ rocobendazol/cynthamos,
11469,24091,2024-11-28 00:00:00,aftosa/combibac/ Rabia/ rocobendazol/cynthamos,
11470,24092,2024-11-28 00:00:00,aftosa/ Rabia/ rocobendazol/cynthamos,
11471,24095,2024-11-28 00:00:00,aftosa/ Rabia/ rocobendazol/cynthamos,
11472,24096,2024-11-28 00:00:00,aftosa/ Rabia/ rocobendazol/cynthamos,
11473,24097,2024-11-28 00:00:00,aftosa/ Rabia/ rocobendazol/cynthamos,
11474,24098,2024-11-28 00:00:00,aftosa/ Rabia/ rocobendazol/cynthamos,
11475,24099,2024-11-28 00:00:00,aftosa/combibac/ Rabia/ rocobendazol/cynthamos,
11476,24101,2024-11-28 00:00:00,aftosa/combibac/ Rabia/ rocobendazol/cynthamos,
11477,24105,2024-11-28 00:00:00,aftosa/combibac/ Rabia/ rocobendazol/cynthamos,
11478,24110,2024-11-28 00:00:00,aftosa/ Rabia/ rocobendazol/cynthamos,
11479,24111,2024-11-28 00:00:00,aftosa/ Rabia/ rocobendazol/cynthamos,
11480,24116,2024-11-28 00:00:00,aftosa/ Rabia/ rocobendazol/cynthamos,
11481,24119,2024-11-28 00:00:00,aftosa/ Rabia/ rocobendazol/cynthamos,
11482,24120,2024-11-28 00:00:00,aftosa/combibac/ Rabia/ rocobendazol/cynthamos,
11483,24123,2024-11-28 00:00:00,aftosa/combibac/ Rabia/ rocobendazol/cynthamos,
11484,24125,2024-11-28 00:00:00,aftosa/combibac/ Rabia/ rocobendazol/cynthamos,
11485,24136,2024-11-28 00:00:00,aftosa/ Rabia/ rocobendazol/cynthamos,
11486,3084,2024-11-28 00:00:00,aftosa/combibac/ Rabia/ rocobendazol/cynthamos,
11487,3227,2024-11-28 00:00:00,aftosa/ Rabia/ rocobendazol/cynthamos,
11488,4034,2024-11-28 00:00:00,aftosa/combibac/ Rabia/ rocobendazol/cynthamos,
11489,4053,2024-11-28 00:00:00,aftosa/combibac/ Rabia/ rocobendazol/cynthamos,
11490,6028,2024-11-28 00:00:00,aftosa/ Rabia/ rocobendazol/cynthamos,
11491,9109B,2024-11-28 00:00:00,aftosa/combibac/ Rabia/ rocobendazol/cynthamos,
11492,BU004,2024-12-19 00:00:00,aftosa/combibac/ Rabia/ rocobendazol/cynthamos,
11493,BU006,2024-12-19 00:00:00,aftosa/combibac/ Rabia/ rocobendazol/cynthamos,
11494,BU009,2024-12-19 00:00:00,aftosa/combibac/ Rabia/ rocobendazol/cynthamos,
11495,BU01251,2024-12-19 00:00:00,aftosa/combibac/ Rabia/ rocobendazol/cynthamos,
11496,BU019,2024-12-19 00:00:00,aftosa/combibac/ Rabia/ rocobendazol/cynthamos,
11497,BU035,2024-12-19 00:00:00,aftosa/combibac/ Rabia/ rocobendazol/cynthamos,
11498,BU036,2024-12-19 00:00:00,aftosa/combibac/ Rabia/ rocobendazol/cynthamos,
11499,BU048,2024-12-19 00:00:00,aftosa/combibac/ Rabia/ rocobendazol/cynthamos,
11500,BU052,2024-12-19 00:00:00,aftosa/combibac/ Rabia/ rocobendazol/cynthamos,
11501,BU053,2024-12-19 00:00:00,aftosa/combibac/ Rabia/ rocobendazol/cynthamos,
11502,BU056,2024-12-19 00:00:00,aftosa/combibac/ Rabia/ rocobendazol/cynthamos,
11503,BU057,2024-12-19 00:00:00,aftosa/combibac/ Rabia/ rocobendazol/cynthamos,
11504,BU062,2024-12-19 00:00:00,aftosa/combibac/ Rabia/ rocobendazol/cynthamos,
11505,BU069,2024-12-19 00:00:00,aftosa/combibac/ Rabia/ rocobendazol/cynthamos,
11506,BU071,2024-12-19 00:00:00,aftosa/combibac/ Rabia/ rocobendazol/cynthamos,
11507,BU076,2024-12-19 00:00:00,aftosa/combibac/ Rabia/ rocobendazol/cynthamos,
11508,BU082,2024-12-19 00:00:00,aftosa/combibac/ Rabia/ rocobendazol/cynthamos,
11509,BU084,2024-12-19 00:00:00,aftosa/combibac/ Rabia/ rocobendazol/cynthamos,
11510,BU085,2024-12-19 00:00:00,aftosa/combibac/ Rabia/ rocobendazol/cynthamos,
11511,BU086,2024-12-19 00:00:00,aftosa/combibac/ Rabia/ rocobendazol/cynthamos,
11512,BU087,2024-12-19 00:00:00,aftosa/combibac/ Rabia/ rocobendazol/cynthamos,
11513,BU088,2024-12-19 00:00:00,aftosa/combibac/ Rabia/ rocobendazol/cynthamos,
11514,BU090,2024-12-19 00:00:00,aftosa/combibac/ Rabia/ rocobendazol/cynthamos,
11515,BU091,2024-12-19 00:00:00,aftosa/combibac/ Rabia/ rocobendazol/cynthamos,
11516,BU092,2024-12-19 00:00:00,aftosa/combibac/ Rabia/ rocobendazol/cynthamos,
11517,BU095,2024-12-19 00:00:00,aftosa/combibac/ Rabia/ rocobendazol/cynthamos,
11518,BU097,2024-12-19 00:00:00,aftosa/combibac/ Rabia/ rocobendazol/cynthamos,
11519,BU106,2024-12-19 00:00:00,aftosa/combibac/ Rabia/ rocobendazol/cynthamos,
11520,BU301,2024-12-19 00:00:00,aftosa/combibac/ Rabia/ rocobendazol/cynthamos,
11521,BU302,2024-12-19 00:00:00,aftosa/combibac/ Rabia/ rocobendazol/cynthamos,
11522,BU303,2024-12-19 00:00:00,aftosa/combibac/ Rabia/ rocobendazol/cynthamos,
11523,BU304,2024-12-19 00:00:00,aftosa/combibac/ Rabia/ rocobendazol/cynthamos,
11524,BU306,2024-12-19 00:00:00,aftosa/combibac/ Rabia/ rocobendazol/cynthamos,
11525,BU308,2024-12-19 00:00:00,aftosa/combibac/ Rabia/ rocobendazol/cynthamos,
11526,BU309,2024-12-19 00:00:00,aftosa/combibac/ Rabia/ rocobendazol/cynthamos,
11527,BU310,2024-12-19 00:00:00,aftosa/combibac/ Rabia/ rocobendazol/cynthamos,
11528,BU311,2024-12-19 00:00:00,aftosa/combibac/ Rabia/ rocobendazol/cynthamos,
11529,BU312,2024-12-19 00:00:00,aftosa/combibac/ Rabia/ rocobendazol/cynthamos,
11530,BU313,2024-12-19 00:00:00,aftosa/combibac/ Rabia/ rocobendazol/cynthamos,
11531,BU314,2024-12-19 00:00:00,aftosa/combibac/ Rabia/ rocobendazol/cynthamos,
11532,BU315,2024-12-19 00:00:00,aftosa/combibac/ Rabia/ rocobendazol/cynthamos,
11533,BU316,2024-12-19 00:00:00,aftosa/combibac/ Rabia/ rocobendazol/cynthamos,
11534,BU317,2024-12-19 00:00:00,aftosa/combibac/ Rabia/ rocobendazol/cynthamos,
11535,BU318,2024-12-19 00:00:00,aftosa/combibac/ Rabia/ rocobendazol/cynthamos,
11536,BU320,2024-12-19 00:00:00,aftosa/combibac/ Rabia/ rocobendazol/cynthamos,
11537,BU321,2024-12-19 00:00:00,aftosa/combibac/ Rabia/ rocobendazol/cynthamos,
11538,BU323,2024-12-19 00:00:00,aftosa/combibac/ Rabia/ rocobendazol/cynthamos,
11539,BU324,2024-12-19 00:00:00,aftosa/combibac/ Rabia/ rocobendazol/cynthamos,
11540,BU325,2024-12-19 00:00:00,aftosa/combibac/ Rabia/ rocobendazol/cynthamos,
11541,BU326,2024-12-19 00:00:00,aftosa/combibac/ Rabia/ rocobendazol/cynthamos,
11542,BU327,2024-12-19 00:00:00,aftosa/combibac/ Rabia/ rocobendazol/cynthamos,
11543,BU328,2024-12-19 00:00:00,aftosa/combibac/ Rabia/ rocobendazol/cynthamos,
11544,BU329,2024-12-19 00:00:00,aftosa/combibac/ Rabia/ rocobendazol/cynthamos,
11545,BU331,2024-12-19 00:00:00,aftosa/combibac/ Rabia/ rocobendazol/cynthamos,
11546,BU332,2024-12-19 00:00:00,aftosa/combibac/ Rabia/ rocobendazol/cynthamos,
11547,BU333,2024-12-19 00:00:00,aftosa/combibac/ Rabia/ rocobendazol/cynthamos,
11548,BU334,2024-12-19 00:00:00,aftosa/combibac/ Rabia/ rocobendazol/cynthamos,
11549,BU335,2024-12-19 00:00:00,aftosa/combibac/ Rabia/ rocobendazol/cynthamos,
11550,BU337,2024-12-19 00:00:00,aftosa/combibac/ Rabia/ rocobendazol/cynthamos,
11551,BU338,2024-12-19 00:00:00,aftosa/combibac/ Rabia/ rocobendazol/cynthamos,
11552,BU339,2024-12-19 00:00:00,aftosa/combibac/ Rabia/ rocobendazol/cynthamos,
11553,BU340,2024-12-19 00:00:00,aftosa/combibac/ Rabia/ rocobendazol/cynthamos,
11554,BU341,2024-12-19 00:00:00,aftosa/combibac/ Rabia/ rocobendazol/cynthamos,
11555,BU342,2024-12-19 00:00:00,aftosa/combibac/ Rabia/ rocobendazol/cynthamos,
11556,BU343,2024-12-19 00:00:00,aftosa/combibac/ Rabia/ rocobendazol/cynthamos,
11557,BU344,2024-12-19 00:00:00,aftosa/combibac/ Rabia/ rocobendazol/cynthamos,
11558,BU345,2024-12-19 00:00:00,aftosa/combibac/ Rabia/ rocobendazol/cynthamos,
11559,BU346,2024-12-19 00:00:00,aftosa/combibac/ Rabia/ rocobendazol/cynthamos,
11560,BU347,2024-12-19 00:00:00,aftosa/combibac/ Rabia/ rocobendazol/cynthamos,
11561,BU348,2024-12-19 00:00:00,aftosa/combibac/ Rabia/ rocobendazol/cynthamos,
11562,BU349,2024-12-19 00:00:00,aftosa/combibac/ Rabia/ rocobendazol/cynthamos,
11563,BU351,2024-12-19 00:00:00,aftosa/combibac/ Rabia/ rocobendazol/cynthamos,
11564,BU353,2024-12-19 00:00:00,aftosa/combibac/ Rabia/ rocobendazol/cynthamos,
11565,BU354,2024-12-19 00:00:00,aftosa/combibac/ Rabia/ rocobendazol/cynthamos,
11566,BU355,2024-12-19 00:00:00,aftosa/combibac/ Rabia/ rocobendazol/cynthamos,
11567,BU356,2024-12-19 00:00:00,aftosa/combibac/ Rabia/ rocobendazol/cynthamos,
11568,BU357,2024-12-19 00:00:00,aftosa/combibac/ Rabia/ rocobendazol/cynthamos,
11569,BU358,2024-12-19 00:00:00,aftosa/combibac/ Rabia/ rocobendazol/cynthamos,
11570,BU359,2024-12-19 00:00:00,aftosa/combibac/ Rabia/ rocobendazol/cynthamos,
11571,BU360,2024-12-19 00:00:00,aftosa/combibac/ Rabia/ rocobendazol/cynthamos,
11572,BU361,2024-12-19 00:00:00,aftosa/combibac/ Rabia/ rocobendazol/cynthamos,
11573,BU362,2024-12-19 00:00:00,aftosa/combibac/ Rabia/ rocobendazol/cynthamos,
11574,BU363,2024-12-19 00:00:00,aftosa/combibac/ Rabia/ rocobendazol/cynthamos,
11575,BU365,2024-12-19 00:00:00,aftosa/combibac/ Rabia/ rocobendazol/cynthamos,
11576,BU366,2024-12-19 00:00:00,aftosa/combibac/ Rabia/ rocobendazol/cynthamos,
11577,BU367,2024-12-19 00:00:00,aftosa/combibac/ Rabia/ rocobendazol/cynthamos,
11578,BU368,2024-12-19 00:00:00,aftosa/combibac/ Rabia/ rocobendazol/cynthamos,
11579,BU369,2024-12-19 00:00:00,aftosa/combibac/ Rabia/ rocobendazol/cynthamos,
11580,BU370,2024-12-19 00:00:00,aftosa/combibac/ Rabia/ rocobendazol/cynthamos,
11581,BU371,2024-12-19 00:00:00,aftosa/combibac/ Rabia/ rocobendazol/cynthamos,
11582,BU372,2024-12-19 00:00:00,aftosa/combibac/ Rabia/ rocobendazol/cynthamos,
11583,BU373,2024-12-19 00:00:00,aftosa/combibac/ Rabia/ rocobendazol/cynthamos,
11584,BU374,2024-12-19 00:00:00,aftosa/combibac/ Rabia/ rocobendazol/cynthamos,
11585,BU375,2024-12-19 00:00:00,aftosa/combibac/ Rabia/ rocobendazol/cynthamos,
11586,BU376,2024-12-19 00:00:00,aftosa/combibac/ Rabia/ rocobendazol/cynthamos,
11587,BU377,2024-12-19 00:00:00,aftosa/combibac/ Rabia/ rocobendazol/cynthamos,
11588,BU378,2024-12-19 00:00:00,aftosa/combibac/ Rabia/ rocobendazol/cynthamos,
11589,BU379,2024-12-19 00:00:00,aftosa/combibac/ Rabia/ rocobendazol/cynthamos,
11590,BU66,2024-12-19 00:00:00,aftosa/combibac/ Rabia/ rocobendazol/cynthamos,
11591,BU67,2024-12-19 00:00:00,aftosa/combibac/ Rabia/ rocobendazol/cynthamos,
11592,BU68,2024-12-19 00:00:00,aftosa/combibac/ Rabia/ rocobendazol/cynthamos,
11593,BU69,2024-12-19 00:00:00,aftosa/combibac/ Rabia/ rocobendazol/cynthamos,
11594,BU70,2024-12-19 00:00:00,aftosa/combibac/ Rabia/ rocobendazol/cynthamos,
11595,BU71,2024-12-19 00:00:00,aftosa/combibac/ Rabia/ rocobendazol/cynthamos,
11596,BU72,2024-12-19 00:00:00,aftosa/combibac/ Rabia/ rocobendazol/cynthamos,
11597,BU75,2024-12-19 00:00:00,aftosa/combibac/ Rabia/ rocobendazol/cynthamos,
11598,BU76,2024-12-19 00:00:00,aftosa/combibac/ Rabia/ rocobendazol/cynthamos,
11599,BU78,2024-12-19 00:00:00,aftosa/combibac/ Rabia/ rocobendazol/cynthamos,
11600,BU81,2024-12-19 00:00:00,aftosa/combibac/ Rabia/ rocobendazol/cynthamos,
11601,BU82,2024-12-19 00:00:00,aftosa/combibac/ Rabia/ rocobendazol/cynthamos,
11602,BU84,2024-12-19 00:00:00,aftosa/combibac/ Rabia/ rocobendazol/cynthamos,
11603,BU85,2024-12-19 00:00:00,aftosa/combibac/ Rabia/ rocobendazol/cynthamos,
11604,BU87,2024-12-19 00:00:00,aftosa/combibac/ Rabia/ rocobendazol/cynthamos,
11605,BU88,2024-12-19 00:00:00,aftosa/combibac/ Rabia/ rocobendazol/cynthamos,
11606,BU89,2024-12-19 00:00:00,aftosa/combibac/ Rabia/ rocobendazol/cynthamos,
11607,BU92,2024-12-19 00:00:00,aftosa/combibac/ Rabia/ rocobendazol/cynthamos,
11608,BU93,2024-12-19 00:00:00,aftosa/combibac/ Rabia/ rocobendazol/cynthamos,
11609,BU94,2024-12-19 00:00:00,aftosa/combibac/ Rabia/ rocobendazol/cynthamos,
11610,24002,2025-02-18 00:00:00,flouzuron,
11611,24003,2025-02-18 00:00:00,flouzuron,
11612,23252,2025-02-18 00:00:00,flouzuron,
11613,23220,2025-02-18 00:00:00,flouzuron,
11614,23250,2025-02-18 00:00:00,flouzuron,
11615,22195,2025-02-18 00:00:00,flouzuron,
11616,23237,2025-02-18 00:00:00,flouzuron,
11617,23232,2025-02-18 00:00:00,flouzuron,
11618,23251,2025-02-18 00:00:00,flouzuron,
11619,23246,2025-02-18 00:00:00,flouzuron,
11620,23225,2025-02-18 00:00:00,flouzuron,
11621,23223,2025-02-18 00:00:00,flouzuron,
11622,23033,2025-02-18 00:00:00,flouzuron,
11623,23233,2025-02-18 00:00:00,flouzuron,
11624,23139,2025-02-18 00:00:00,flouzuron,
11625,24020,2025-02-18 00:00:00,flouzuron,
11626,22126,2025-02-18 00:00:00,flouzuron,
11627,2153,2025-02-18 00:00:00,flouzuron,
11628,23244,2025-02-18 00:00:00,flouzuron,
11629,24021,2025-02-18 00:00:00,flouzuron,
11630,23243,2025-02-18 00:00:00,flouzuron,
11631,24062,2025-02-18 00:00:00,flouzuron,
11632,24070,2025-02-18 00:00:00,flouzuron,
11633,24055,2025-02-18 00:00:00,flouzuron,
11634,22135,2025-02-18 00:00:00,flouzuron,
11635,2320,2025-02-18 00:00:00,flouzuron,
11636,23238,2025-02-18 00:00:00,flouzuron,
11637,22149,2025-02-18 00:00:00,flouzuron,
11638,24086,2025-02-18 00:00:00,flouzuron,
11639,23031,2025-02-18 00:00:00,flouzuron,
11640,23241,2025-02-18 00:00:00,flouzuron,
11641,23242,2025-02-18 00:00:00,flouzuron,
11642,23224,2025-02-18 00:00:00,flouzuron,
11643,23221,2025-02-18 00:00:00,flouzuron,
11644,24018,2025-02-18 00:00:00,flouzuron,
11645,24005,2025-02-18 00:00:00,flouzuron,
11646,23240,2025-02-18 00:00:00,flouzuron,
11647,23203,2025-02-18 00:00:00,flouzuron,
11648,24004,2025-02-18 00:00:00,flouzuron,
11649,2093,2025-02-18 00:00:00,cythamos,
11650,2200,2025-02-18 00:00:00,cythamos,
11651,BU099,2025-02-18 00:00:00,cythamos,
11652,BU078,2025-02-18 00:00:00,cythamos,
11653,BU20,2025-02-18 00:00:00,cythamos,
11654,BU319,2025-02-18 00:00:00,cythamos,
11655,BU073,2025-02-18 00:00:00,cythamos,
11656,BU48,2025-02-18 00:00:00,cythamos,
11657,BU79,2025-02-18 00:00:00,cythamos,
11658,BU83,2025-02-18 00:00:00,cythamos,
11659,BU86,2025-02-18 00:00:00,cythamos,
11660,BU330,2025-02-18 00:00:00,cythamos,
11661,22049,2025-02-18 00:00:00,cythamos,
11662,23094,2025-02-18 00:00:00,cythamos,
11663,23125,2025-02-18 00:00:00,cythamos,
11664,23140,2025-02-18 00:00:00,cythamos,
11665,23148,2025-02-18 00:00:00,cythamos,
11666,23154,2025-02-18 00:00:00,cythamos,
11667,23201,2025-02-18 00:00:00,cythamos,
11668,23222,2025-02-18 00:00:00,cythamos,
11669,23227,2025-02-18 00:00:00,cythamos,
11670,23230,2025-02-18 00:00:00,cythamos,
11671,23239,2025-02-18 00:00:00,cythamos,
11672,23248,2025-02-18 00:00:00,cythamos,
11673,23249,2025-02-18 00:00:00,cythamos,
11674,24001,2025-02-18 00:00:00,cythamos,
11675,24006,2025-02-18 00:00:00,cythamos,
11676,24008,2025-02-18 00:00:00,cythamos,
11677,24016,2025-02-18 00:00:00,cythamos,
11678,24019,2025-02-18 00:00:00,cythamos,
11679,24036,2025-02-18 00:00:00,cythamos,
11680,24040,2025-02-18 00:00:00,cythamos,
11681,24043,2025-02-18 00:00:00,cythamos,
11682,24042,2025-02-18 00:00:00,cythamos,
11683,24046,2025-02-18 00:00:00,cythamos,
11684,24052,2025-02-18 00:00:00,cythamos,
11685,24068,2025-02-18 00:00:00,cythamos,
11686,24072,2025-02-18 00:00:00,cythamos,
11687,24080,2025-02-18 00:00:00,cythamos,
11688,24094,2025-02-18 00:00:00,cythamos,
11689,24147,2025-02-18 00:00:00,cythamos,
11690,J401,2025-02-18 00:00:00,cythamos,
11691,J402,2025-02-18 00:00:00,cythamos,
11692,J403,2025-02-18 00:00:00,cythamos,
11693,J404,2025-02-18 00:00:00,cythamos,
11694,J405,2025-02-18 00:00:00,cythamos,
11695,J406,2025-02-18 00:00:00,cythamos,
11696,J407,2025-02-18 00:00:00,cythamos,
11697,J408,2025-02-18 00:00:00,cythamos,
11698,J409,2025-02-18 00:00:00,cythamos,
11699,J4010,2025-02-18 00:00:00,cythamos,
11700,J4011,2025-02-18 00:00:00,cythamos,
11701,J412,2025-02-18 00:00:00,cythamos,
11702,J413,2025-02-18 00:00:00,cythamos,
11703,J414,2025-02-18 00:00:00,cythamos,
11704,J415,2025-02-18 00:00:00,cythamos,
11705,J416,2025-02-18 00:00:00,cythamos,
11706,J417,2025-02-18 00:00:00,cythamos,
11707,J418,2025-02-18 00:00:00,cythamos,
11708,J419,2025-02-18 00:00:00,cythamos,
11709,4087,2025-02-18 00:00:00,se trato abceso del talon,
11710,3024A,2025-02-18 00:00:00,laminitis,
11711,BU48,2025-02-19 00:00:00,babecide y dorax,hemotropicos
11712,BU099,2025-02-22 00:00:00,"babecide, doramectina",
11713,BU078,2025-02-22 00:00:00,"babecide, doramectina",
11714,BU20,2025-02-22 00:00:00,"babecide, doramectina",
11715,BU319,2025-02-22 00:00:00,"babecide, doramectina",
11716,BU073,2025-02-22 00:00:00,"babecide, doramectina",
11717,BU48,2025-02-22 00:00:00,"babecide, doramectina",
11718,BU79,2025-02-22 00:00:00,"babecide, doramectina",
11719,BU83,2025-02-22 00:00:00,"babecide, doramectina",
11720,BU86,2025-02-22 00:00:00,"babecide, doramectina",
11721,BU330,2025-02-22 00:00:00,fluzuaron,
11726,7032,2025-02-28 00:00:00, isometamidium,
11727,0500,2025-02-28 00:00:00, isometamidium,
11728,1091A,2025-02-28 00:00:00, isometamidium,
11729,3107,2025-02-28 00:00:00, isometamidium,
11730,2149A,2025-02-28 00:00:00, isometamidium,
11731,60286,2025-02-28 00:00:00, isometamidium,
11732,8019,2025-02-28 00:00:00, isometamidium,
11733,0353,2025-02-28 00:00:00,fluzuaron,
11734,4072,2025-02-28 00:00:00,fluzuaron,
11735,3003A,2025-02-28 00:00:00,fluzuaron,
11736,2080,2025-02-28 00:00:00,fluzuaron,
11737,2148A,2025-02-28 00:00:00,fluzuaron,
11738,80472,2025-02-28 00:00:00,fluzuaron,
11739,809,2025-02-28 00:00:00,fluzuaron,
11740,8087,2025-02-28 00:00:00,fluzuaron,
11741,9051,2025-02-28 00:00:00,fluzuaron,
11742,1091A,2025-02-28 00:00:00,fluzuaron,
11743,1015,2025-02-28 00:00:00,fluzuaron,
11744,5144,2025-02-28 00:00:00,fluzuaron,
11745,60286,2025-02-28 00:00:00,fluzuaron,
11746,2124A,2025-02-28 00:00:00,fluzuaron,
11747,1079,2025-02-28 00:00:00,fluzuaron,
11748,4101,2025-02-28 00:00:00,fluzuaron,
11749,8019,2025-02-28 00:00:00,fluzuaron,
11750,8048,2025-02-28 00:00:00,fluzuaron,
11751,3026A,2025-02-28 00:00:00,fluzuaron,
11752,0500,2025-02-28 00:00:00,fluzuaron,
11753,3107,2025-02-28 00:00:00,fluzuaron,
11754,2094A,2025-02-28 00:00:00,fluzuaron,
11755,1066,2025-02-28 00:00:00,fluzuaron,
11756,4151,2025-02-28 00:00:00,fluzuaron,
11757,8061,2025-02-28 00:00:00,fluzuaron,
11758,6070,2025-02-28 00:00:00,fluzuaron,
11759,7038,2025-02-28 00:00:00,fluzuaron / isometamidium,
11760,1310,2025-02-28 00:00:00,fluzuaron,
11761,4035,2025-02-28 00:00:00,fluzuaron,
11762,3119,2025-02-28 00:00:00,fluzuaron,
11763,7067,2025-02-28 00:00:00,fluzuaron,
11764,9,2025-02-28 00:00:00,fluzuaron,
11765,0132,2025-02-28 00:00:00,fluzuaron / isometamidium,
11766,0332,2025-02-28 00:00:00,fluzuaron,
11767,91172,2025-02-28 00:00:00,fluzuaron,
11768,91242,2025-02-28 00:00:00,fluzuaron,
11769,31102,2025-02-28 00:00:00,fluzuaron,
11770,2143,2025-02-28 00:00:00,fluzuaron,
11771,5090,2025-02-28 00:00:00,fluzuaron,
11772,7028,2025-02-28 00:00:00,fluzuaron,
11773,2039,2025-02-28 00:00:00,fluzuaron,
11774,1128,2025-02-28 00:00:00,fluzuaron,
11775,80882,2025-02-28 00:00:00,fluzuaron,
11776,8089,2025-02-28 00:00:00,fluzuaron,
11777,8045,2025-02-28 00:00:00,fluzuaron,
11778,2096,2025-02-28 00:00:00,fluzuaron,
11779,3028A,2025-02-28 00:00:00,fluzuaron,
11780,2209A,2025-02-28 00:00:00,fluzuaron,
11781,9040,2025-02-28 00:00:00,fluzuaron,
11782,2208A,2025-02-28 00:00:00,fluzuaron,
11783,5007,2025-02-28 00:00:00,fluzuaron,
11784,2171,2025-02-28 00:00:00,fluzuaron/ babecide,
11785,1139A,2025-02-28 00:00:00,fluzuaron,
11786,0229,2025-02-28 00:00:00,fluzuaron,
11787,8036,2025-02-28 00:00:00,fluzuaron,
11788,91262,2025-02-28 00:00:00,fluzuaron,
11789,1088A,2025-02-28 00:00:00,fluzuaron,
11790,2196A,2025-02-28 00:00:00,fluzuaron,
11791,8096,2025-02-28 00:00:00,fluzuaron,
11792,8046,2025-02-28 00:00:00,fluzuaron,
11793,2021,2025-02-28 00:00:00,fluzuaron / isometamidium,
11794,2226,2025-02-28 00:00:00,fluzuaron,
11795,7061,2025-02-28 00:00:00,fluzuaron,
11796,9007,2025-02-28 00:00:00,fluzuaron,
11797,8043,2025-02-28 00:00:00,fluzuaron,
11798,1109A,2025-02-28 00:00:00,fluzuaron,
11799,35,2025-02-28 00:00:00,fluzuaron,
11800,1188,2025-02-28 00:00:00,fluzuaron,
11801,7066,2025-02-28 00:00:00,fluzuaron,
11802,J01415,2025-02-28 00:00:00,fluzuaron,
11803,J426,2025-02-28 00:00:00,fluzuaron,
11804,J841,2025-02-28 00:00:00,fluzuaron,
11805,0320,2025-02-28 00:00:00,fluzuaron,
11806,8082,2025-02-28 00:00:00,fluzuaron,
11807,2220,2025-02-28 00:00:00,fluzuaron,
11808,5592,2025-02-28 00:00:00,fluzuaron,
11809,5529,2025-02-28 00:00:00,fluzuaron,
11810,5638,2025-02-28 00:00:00,fluzuaron,
11811,24005,2025-03-05 00:00:00,isometamil y fluzuaron,se movio hacia la cahama
11812,24001,2025-03-14 00:00:00,curetaje en herida abierta  en pliegue de pierna der,
11813,0270,2025-03-27 00:00:00,CASCO DURO,
11814,2149A,2025-03-27 00:00:00,"BABECIDE , DORAX",
11815,5033,2025-03-27 00:00:00,VFOX,
11816,60286,2025-03-27 00:00:00,VFOX  DORAX,
11817,0205,2025-03-27 00:00:00,BABECIDE DORAX,
11818,4095,2025-03-28 00:00:00,"Dominaceno, oxitetraciclina y Dihidroestreptomicina",
11819,22049,2025-04-02 00:00:00,cythamos,
11820,23224,2025-04-02 00:00:00,fluozaron,
11821,23227,2025-04-02 00:00:00,cythamos,
11822,23243,2025-04-02 00:00:00,cythamos,
11823,23248,2025-04-02 00:00:00,cythamos,
11824,23250,2025-04-02 00:00:00,cythamos,
11825,23252,2025-04-02 00:00:00,cythamos,
11826,24004,2025-04-02 00:00:00,cythamos,
11827,24008,2025-04-02 00:00:00,cythamos,
11828,24016,2025-04-02 00:00:00,cythamos,
11829,24018,2025-04-02 00:00:00,cythamos,
11830,24020,2025-04-02 00:00:00,cythamos,
11831,24021,2025-04-02 00:00:00,cythamos,
11832,24040,2025-04-02 00:00:00,cythamos,
11833,24045,2025-04-02 00:00:00,lotax,
11834,24052,2025-04-02 00:00:00,cythamos,
11835,24053,2025-04-02 00:00:00,cythamos,
11836,24055,2025-04-02 00:00:00,cythamos,
11837,24073,2025-04-02 00:00:00,fluozaron/lotax,
11838,24094,2025-04-02 00:00:00,cythamos,
11839,BU48,2025-04-02 00:00:00,cythamos /dorax/ lotax,
11840,BU78,2025-04-02 00:00:00,dorax/ flouzaron,
11841,BU94,2025-04-02 00:00:00,cythamos/dorax,
11842,J401,2025-04-02 00:00:00,cythamos,
11843,J404,2025-04-02 00:00:00,cythamos,
11844,23127,2025-04-02 00:00:00,dorax,
11845,BU004,2025-04-03 00:00:00,dorax,
11846,BU006,2025-04-03 00:00:00,miltivit,
11847,BU009,2025-04-03 00:00:00,dorax cythamox diminaceno,
11848,BU01251,2025-04-03 00:00:00,dorax,
11849,BU019,2025-04-03 00:00:00,dorax,
11850,BU035,2025-04-03 00:00:00,dorax,
11851,BU036,2025-04-03 00:00:00,dorax,
11852,BU048,2025-04-03 00:00:00,dorax,
11853,BU053,2025-04-03 00:00:00,dorax,
11854,BU056,2025-04-03 00:00:00,dorax,
11855,BU057,2025-04-03 00:00:00,DIMINACENO dorax,
11856,BU062,2025-04-03 00:00:00,dorax,
11857,BU069,2025-04-03 00:00:00,dorax,
11858,BU071,2025-04-03 00:00:00,dorax,
11859,BU073,2025-04-03 00:00:00,dorax,
11860,BU076,2025-04-03 00:00:00,dorax,
11861,BU078,2025-04-03 00:00:00,dorax,
11862,BU082,2025-04-03 00:00:00,dorax,
11863,BU084,2025-04-03 00:00:00,dorax,
11864,BU085,2025-04-03 00:00:00,dorax,
11865,BU086,2025-04-03 00:00:00,dorax,
11866,BU087,2025-04-03 00:00:00,dorax,
11867,BU088,2025-04-03 00:00:00,dorax,
11868,BU089,2025-04-03 00:00:00,dorax/ cythamos,
11869,BU090,2025-04-03 00:00:00,dorax,
11870,BU091,2025-04-03 00:00:00,dorax,
11871,BU092,2025-04-03 00:00:00,dorax,
11872,BU095,2025-04-03 00:00:00,dorax,
11873,BU097,2025-04-03 00:00:00,dorax,
11874,BU099,2025-04-03 00:00:00,dorax,
11875,BU106,2025-04-03 00:00:00,dorax,
11876,BU20,2025-04-03 00:00:00,dorax,
11877,BU301,2025-04-03 00:00:00,dorax,
11878,BU302,2025-04-03 00:00:00,dorax,
11879,BU303,2025-04-03 00:00:00,dorax,
11880,BU304,2025-04-03 00:00:00,dorax,
11881,BU306,2025-04-03 00:00:00,dorax,
11882,BU308,2025-04-03 00:00:00,dorax,
11883,BU309,2025-04-03 00:00:00,dorax,
11884,BU310,2025-04-03 00:00:00,dorax,
11885,BU311,2025-04-03 00:00:00,dorax,
11886,BU312,2025-04-03 00:00:00,dorax,
11887,BU313,2025-04-03 00:00:00,dorax,
11888,BU314,2025-04-03 00:00:00,dorax,
11889,BU315,2025-04-03 00:00:00,dorax,
11890,BU316,2025-04-03 00:00:00,dorax,
11891,BU317,2025-04-03 00:00:00,dorax,
11892,BU318,2025-04-03 00:00:00,dorax,
11893,BU319,2025-04-03 00:00:00,dorax,
11894,BU320,2025-04-03 00:00:00,dorax,
11895,BU321,2025-04-03 00:00:00,dorax,
11896,BU322,2025-04-03 00:00:00,dorax,
11897,BU323,2025-04-03 00:00:00,dorax,
11898,BU324,2025-04-03 00:00:00,dorax,
11899,BU325,2025-04-03 00:00:00,dorax,
11900,BU326,2025-04-03 00:00:00,dorax,
11901,BU327,2025-04-03 00:00:00,dorax,
11902,BU328,2025-04-03 00:00:00,dorax,
11903,BU329,2025-04-03 00:00:00,dorax,
11904,BU331,2025-04-03 00:00:00,dorax,
11905,BU332,2025-04-03 00:00:00,dorax,
11906,BU333,2025-04-03 00:00:00,dorax,
11907,BU334,2025-04-03 00:00:00,dorax,
11908,BU335,2025-04-03 00:00:00,dorax,
11909,BU337,2025-04-03 00:00:00,dorax,
11910,BU338,2025-04-03 00:00:00,dorax/ multivit,
11911,BU339,2025-04-03 00:00:00,dorax,
11912,BU340,2025-04-03 00:00:00,dorax,
11913,BU341,2025-04-03 00:00:00,dorax,
11914,BU342,2025-04-03 00:00:00,dorax / multivit,
11915,BU343,2025-04-03 00:00:00,dorax,
11916,BU344,2025-04-03 00:00:00,dorax,
11917,BU345,2025-04-03 00:00:00,dorax,
11918,BU346,2025-04-03 00:00:00,dorax,
11919,BU347,2025-04-03 00:00:00,dorax,
11920,BU348,2025-04-03 00:00:00,dorax,
11921,BU349,2025-04-03 00:00:00,dorax,
11922,BU351,2025-04-03 00:00:00,dorax,
11923,BU353,2025-04-03 00:00:00,dorax,
11924,BU354,2025-04-03 00:00:00,dorax,
11925,BU355,2025-04-03 00:00:00,dorax,
11926,BU356,2025-04-03 00:00:00,dorax,
11927,BU357,2025-04-03 00:00:00,dorax,
11928,BU358,2025-04-03 00:00:00,dorax,
11929,BU359,2025-04-03 00:00:00,dorax,
11930,BU360,2025-04-03 00:00:00,dorax,
11931,BU361,2025-04-03 00:00:00,dorax,
11932,BU362,2025-04-03 00:00:00,dorax,
11933,BU363,2025-04-03 00:00:00,dorax,
11934,BU365,2025-04-03 00:00:00,dorax,
11935,BU366,2025-04-03 00:00:00,dorax,
11936,BU367,2025-04-03 00:00:00,dorax/ multivit/ isomil,
11937,BU368,2025-04-03 00:00:00,dorax,
11938,BU369,2025-04-03 00:00:00,dorax,
11939,BU370,2025-04-03 00:00:00,dorax,
11940,BU371,2025-04-03 00:00:00,dorax,
11941,BU372,2025-04-03 00:00:00,dorax,
11942,BU373,2025-04-03 00:00:00,dorax,
11943,BU374,2025-04-03 00:00:00,dorax,
11944,BU375,2025-04-03 00:00:00,dorax,
11945,BU376,2025-04-03 00:00:00,dorax,
11946,BU377,2025-04-03 00:00:00,dorax,
11947,BU378,2025-04-03 00:00:00,dorax,
11948,BU379,2025-04-03 00:00:00,dorax/ multivit,
11949,BU66,2025-04-03 00:00:00,dorax,
11950,BU67,2025-04-03 00:00:00,dorax,
11951,BU68,2025-04-03 00:00:00,dorax,
11952,BU69,2025-04-03 00:00:00,dorax,
11953,BU70,2025-04-03 00:00:00,dorax,
11954,BU71,2025-04-03 00:00:00,dorax,
11955,BU72,2025-04-03 00:00:00,dorax,
11956,BU75,2025-04-03 00:00:00,dorax,
11957,BU76,2025-04-03 00:00:00,dorax,
11958,BU79,2025-04-03 00:00:00,dorax,
11959,BU82,2025-04-03 00:00:00,dorax,
11960,BU83,2025-04-03 00:00:00,dorax,
11961,BU84,2025-04-03 00:00:00,dorax,
11962,BU85,2025-04-03 00:00:00,dorax,
11963,BU86,2025-04-03 00:00:00,dorax,
11964,BU87,2025-04-03 00:00:00,dorax,
11965,BU88,2025-04-03 00:00:00,dorax,
11966,BU89,2025-04-03 00:00:00,dorax,
11967,BU92,2025-04-03 00:00:00,dorax,
11968,BU93,2025-04-03 00:00:00,dorax/ babecide,
11969,1168,2025-04-15 00:00:00,arreglo podal miembro ant der,
11970,1132,2025-04-15 00:00:00,babecide,
11971,1096,2025-04-16 00:00:00,"OXITETRACICLINA , OVULOS INTRAVAGINAL OXITOCINA",metritis infeccion en la herida
11972,8051,2025-04-17 00:00:00,dimi/oxitetra/ doramectina /fluozaron,
11973,1096,2025-04-17 00:00:00,vulos intravaginales/oxitetraciclina,tto post quirurgico
11974,4087,2025-04-23 00:00:00,oxitetra indovenoso,drenaje talon
11975,2042,2025-04-15 00:00:00,babecide,
11976,8061,2025-05-28 00:00:00,aftosa/ ricobendazol/ fluozuron/ reproforte,
11977,2040,2025-05-28 00:00:00,aftosa/ ricobendazol/ fluozuron/ reproforte,
11978,0353,2025-05-28 00:00:00,aftosa/ ricobendazol/ fluozuron/ reproforte,
11979,6070,2025-05-28 00:00:00,aftosa/ ricobendazol/ fluozuron/ reproforte,
11980,4072,2025-05-28 00:00:00,aftosa/ ricobendazol/ fluozuron/ reproforte,
11981,9024,2025-05-28 00:00:00,aftosa/ ricobendazol/ fluozuron/ reproforte,
11982,0270,2025-05-28 00:00:00,aftosa/ ricobendazol/ fluozuron/ reproforte,
11983,4018,2025-05-28 00:00:00,aftosa/ ricobendazol/ fluozuron/ reproforte,
11984,2063A,2025-05-28 00:00:00,aftosa/ ricobendazol/ fluozuron/ reproforte,
11985,3119,2025-05-28 00:00:00,aftosa/ ricobendazol/ fluozuron/ reproforte,
11986,J426,2025-05-28 00:00:00,aftosa/ ricobendazol/ fluozuron/ reproforte,
11987,7067,2025-05-28 00:00:00,aftosa/ ricobendazol/ fluozuron/ reproforte,
11988,0132,2025-05-28 00:00:00,aftosa/ ricobendazol/ fluozuron/ reproforte,
11989,0332,2025-05-28 00:00:00,aftosa/ ricobendazol/ fluozuron/ reproforte,
11990,91172,2025-05-28 00:00:00,aftosa/ ricobendazol/ fluozuron/ reproforte,
11991,80472,2025-05-28 00:00:00,aftosa/ ricobendazol/ fluozuron/ reproforte,
11992,8087,2025-05-28 00:00:00,aftosa/ ricobendazol/ fluozuron/ reproforte,
11993,8082,2025-05-28 00:00:00,aftosa/ ricobendazol/ fluozuron/ reproforte,
11994,8045,2025-05-28 00:00:00,aftosa/ ricobendazol/ fluozuron/ reproforte,
11995,1017A,2025-05-28 00:00:00,aftosa/ ricobendazol/ fluozuron/ reproforte,
11996,1015,2025-05-28 00:00:00,aftosa/ ricobendazol/ fluozuron/ reproforte,
11997,3066B,2025-05-28 00:00:00,aftosa/ ricobendazol/ fluozuron/ reproforte,
11998,5144,2025-05-28 00:00:00,aftosa/ ricobendazol/ fluozuron/ reproforte,
11999,60286,2025-05-28 00:00:00,aftosa/ ricobendazol/ fluozuron/ reproforte,
12000,2124A,2025-05-28 00:00:00,aftosa/ ricobendazol/ fluozuron/ reproforte,
12001,9040,2025-05-28 00:00:00,aftosa/ ricobendazol/ fluozuron/ reproforte,
12002,2208A,2025-05-28 00:00:00,aftosa/ ricobendazol/ fluozuron/ reproforte,
12003,5033,2025-05-28 00:00:00,aftosa/ ricobendazol/ fluozuron/ reproforte,
12004,0298,2025-05-28 00:00:00,aftosa/ ricobendazol/ fluozuron/ reproforte,
12005,8072,2025-05-28 00:00:00,aftosa/ ricobendazol/ fluozuron/ reproforte,
12006,1078A,2025-05-28 00:00:00,aftosa/ ricobendazol/ fluozuron/ reproforte,
12007,9020,2025-05-28 00:00:00,aftosa/ ricobendazol/ fluozuron/ reproforte,
12008,1088A,2025-05-28 00:00:00,aftosa/ ricobendazol/ fluozuron/ reproforte,
12009,2196A,2025-05-28 00:00:00,aftosa/ ricobendazol/ fluozuron/ reproforte,
12010,8096,2025-05-28 00:00:00,aftosa/ ricobendazol/ fluozuron/ reproforte,
12011,1079,2025-05-28 00:00:00,aftosa/ ricobendazol/ fluozuron/ reproforte,
12012,8046,2025-05-28 00:00:00,aftosa/ ricobendazol/ fluozuron/ reproforte,
12013,0299C,2025-05-28 00:00:00,aftosa/ ricobendazol/ fluozuron/ reproforte,
12014,5679,2025-05-28 00:00:00,aftosa/ ricobendazol/ fluozuron/ reproforte,
12015,0267,2025-05-28 00:00:00,aftosa/ ricobendazol/ fluozuron/ reproforte,
12016,8019,2025-05-28 00:00:00,aftosa/ ricobendazol/ fluozuron/ reproforte,
12017,4075,2025-05-28 00:00:00,aftosa/ ricobendazol/ fluozuron/ reproforte,
12018,8048,2025-05-28 00:00:00,aftosa/ ricobendazol/ fluozuron/ reproforte,
12019,2226,2025-05-28 00:00:00,aftosa/ ricobendazol/ fluozuron/ reproforte,
12020,8054,2025-05-28 00:00:00,aftosa/ ricobendazol/ fluozuron/ reproforte,
12021,3026A,2025-05-28 00:00:00,aftosa/ ricobendazol/ fluozuron/ reproforte,
12022,7032,2025-05-28 00:00:00,aftosa/ ricobendazol/ fluozuron/ reproforte,
12023,8043,2025-05-28 00:00:00,aftosa/ ricobendazol/ fluozuron/ reproforte,
12024,1109A,2025-05-28 00:00:00,aftosa/ ricobendazol/ fluozuron/ reproforte,
12025,2094A,2025-05-28 00:00:00,aftosa/ ricobendazol/ fluozuron/ reproforte,
12026,8017,2025-05-28 00:00:00,aftosa/ ricobendazol/ fluozuron/ reproforte,
12027,1066,2025-05-28 00:00:00,aftosa/ ricobendazol/ fluozuron/ reproforte,
12028,2027,2025-05-28 00:00:00,aftosa/ ricobendazol/ fluozuron/ reproforte,
12029,2066,2025-05-28 00:00:00,aftosa/ ricobendazol/ fluozuron/ reproforte,
12030,5082,2025-05-28 00:00:00,aftosa/ ricobendazol/ fluozuron/ reproforte,
12031,5592,2025-05-28 00:00:00,aftosa/ ricobendazol/ fluozuron/ reproforte,
12032,7066,2025-05-28 00:00:00,aftosa/ ricobendazol/ fluozuron/ reproforte,
12033,7090,2025-05-28 00:00:00,aftosa/ ricobendazol/ fluozuron/ reproforte,
12034,1139A,2025-05-28 00:00:00,aftosa/ ricobendazol/ fluozuron/ reproforte,
12035,8037,2025-05-29 00:00:00,aftosa/ ricobendazol / fluozaron,
12036,9058,2025-05-29 00:00:00,aftosa/ ricobendazol / fluozaron,
12037,8030,2025-05-29 00:00:00,aftosa/ ricobendazol / fluozaron,
12038,0202,2025-05-29 00:00:00,aftosa/ ricobendazol / fluozaron,
12039,4035,2025-05-29 00:00:00,aftosa/ ricobendazol / fluozaron,
12040,2220,2025-05-29 00:00:00,aftosa/ ricobendazol / fluozaron,
12041,1188,2025-05-29 00:00:00,aftosa/ ricobendazol / fluozaron,
12042,0226,2025-05-29 00:00:00,aftosa/ ricobendazol / fluozaron,
12043,3132,2025-05-29 00:00:00,aftosa/ ricobendazol / fluozaron,
12044,1004,2025-05-29 00:00:00,aftosa/ ricobendazol / fluozaron,
12045,91171,2025-05-29 00:00:00,aftosa/ ricobendazol / fluozaron,
12046,5150,2025-05-29 00:00:00,aftosa/ ricobendazol / fluozaron,
12047,91242,2025-05-29 00:00:00,aftosa/ ricobendazol / fluozaron,
12048,31102,2025-05-29 00:00:00,aftosa/ ricobendazol / fluozaron,
12049,2143,2025-05-29 00:00:00,aftosa/ ricobendazol / fluozaron,
12050,8094,2025-05-29 00:00:00,aftosa/ ricobendazol / fluozaron,
12051,5090,2025-05-29 00:00:00,aftosa/ ricobendazol / fluozaron,
12052,2039,2025-05-29 00:00:00,aftosa/ ricobendazol / fluozaron,
12053,3027A,2025-05-29 00:00:00,aftosa/ ricobendazol / fluozaron,
12054,0343,2025-05-29 00:00:00,aftosa/ ricobendazol / fluozaron,
12055,0241,2025-05-29 00:00:00,aftosa/ ricobendazol / fluozaron,
12056,0338,2025-05-29 00:00:00,aftosa/ ricobendazol / fluozaron,
12057,8079,2025-05-29 00:00:00,aftosa/ ricobendazol / fluozaron,
12058,0208A,2025-05-29 00:00:00,aftosa/ ricobendazol / fluozaron,
12059,8089,2025-05-29 00:00:00,aftosa/ ricobendazol / fluozaron,
12060,2050,2025-05-29 00:00:00,aftosa/ ricobendazol / fluozaron,
12061,2062,2025-05-29 00:00:00,aftosa/ ricobendazol / fluozaron,
12062,2096,2025-05-29 00:00:00,aftosa/ ricobendazol / fluozaron,
12063,2090A,2025-05-29 00:00:00,aftosa/ ricobendazol / fluozaron,
12064,9099,2025-05-29 00:00:00,aftosa/ ricobendazol / fluozaron,
12065,2209A,2025-05-29 00:00:00,aftosa/ ricobendazol / fluozaron,
12066,7087,2025-05-29 00:00:00,aftosa/ ricobendazol / fluozaron,
12067,4079,2025-05-29 00:00:00,aftosa/ ricobendazol / fluozaron,
12068,4A,2025-05-29 00:00:00,aftosa/ ricobendazol / fluozaron,
12069,0322,2025-05-29 00:00:00,aftosa/ ricobendazol / fluozaron,
12070,5052,2025-05-29 00:00:00,aftosa/ ricobendazol / fluozaron,
12071,7083,2025-05-29 00:00:00,aftosa/ ricobendazol / fluozaron,
12072,6067,2025-05-29 00:00:00,aftosa/ ricobendazol / fluozaron,
12073,6035,2025-05-29 00:00:00,aftosa/ ricobendazol / fluozaron,
12074,7033,2025-05-29 00:00:00,aftosa/ ricobendazol / fluozaron,
12075,2171,2025-05-29 00:00:00,aftosa/ ricobendazol / fluozaron,
12076,2073,2025-05-29 00:00:00,aftosa/ ricobendazol / fluozaron,
12077,0229,2025-05-29 00:00:00,aftosa/ ricobendazol / fluozaron,
12078,J841,2025-05-29 00:00:00,aftosa/ ricobendazol / fluozaron,
12079,8036,2025-05-29 00:00:00,aftosa/ ricobendazol / fluozaron,
12080,91262,2025-05-29 00:00:00,aftosa/ ricobendazol / fluozaron,
12081,1100B,2025-05-29 00:00:00,aftosa/ ricobendazol / fluozaron,
12082,9014,2025-05-29 00:00:00,aftosa/ ricobendazol / fluozaron,
12083,8011,2025-05-29 00:00:00,aftosa/ ricobendazol / fluozaron,
12084,0201,2025-05-29 00:00:00,aftosa/ ricobendazol / fluozaron,
12085,0320,2025-05-29 00:00:00,aftosa/ ricobendazol / fluozaron,
12086,7007,2025-05-29 00:00:00,aftosa/ ricobendazol / fluozaron,
12087,2021,2025-05-29 00:00:00,aftosa/ ricobendazol / fluozaron,
12088,5060,2025-05-29 00:00:00,aftosa/ ricobendazol / fluozaron,
12089,J424,2025-05-29 00:00:00,aftosa/ ricobendazol / fluozaron,
12090,8028,2025-05-29 00:00:00,aftosa/ ricobendazol / fluozaron,
12091,8050,2025-05-29 00:00:00,aftosa/ ricobendazol / fluozaron,
12092,6043,2025-05-29 00:00:00,aftosa/ ricobendazol / fluozaron,
12093,0220,2025-05-29 00:00:00,aftosa/ ricobendazol / fluozaron,
12094,7061,2025-05-29 00:00:00,aftosa/ ricobendazol / fluozaron,
12095,9007,2025-05-29 00:00:00,aftosa/ ricobendazol / fluozaron,
12096,2234,2025-05-29 00:00:00,aftosa/ ricobendazol / fluozaron,
12097,35,2025-05-29 00:00:00,aftosa/ ricobendazol / fluozaron,
12098,9389,2025-05-29 00:00:00,aftosa/ ricobendazol / fluozaron,
12099,0240,2025-05-29 00:00:00,aftosa/ ricobendazol / fluozaron,
12100,0299A,2025-05-29 00:00:00,aftosa/ ricobendazol / fluozaron,
12101,1005,2025-05-29 00:00:00,aftosa/ ricobendazol / fluozaron,
12102,1015A,2025-05-29 00:00:00,aftosa/ ricobendazol / fluozaron,
12103,1075,2025-05-29 00:00:00,aftosa/ ricobendazol / fluozaron,
12104,1090A,2025-05-29 00:00:00,aftosa/ ricobendazol / fluozaron,
12105,1091,2025-05-29 00:00:00,aftosa/ ricobendazol / fluozaron,
12106,10431,2025-05-29 00:00:00,aftosa/ ricobendazol / fluozaron,
12107,1104A,2025-05-29 00:00:00,aftosa/ ricobendazol / fluozaron,
12108,1105,2025-05-29 00:00:00,aftosa/ ricobendazol / fluozaron,
12109,1109B,2025-05-29 00:00:00,aftosa/ ricobendazol / fluozaron,
12110,2035A,2025-05-29 00:00:00,aftosa/ ricobendazol / fluozaron,
12111,2146,2025-05-29 00:00:00,aftosa/ ricobendazol / fluozaron,
12112,2203,2025-05-29 00:00:00,aftosa/ ricobendazol / fluozaron,
12113,33,2025-05-29 00:00:00,aftosa/ ricobendazol / fluozaron,
12114,4008,2025-05-29 00:00:00,aftosa/ ricobendazol / fluozaron,
12115,4078,2025-05-29 00:00:00,aftosa/ ricobendazol / fluozaron,
12116,5629,2025-05-29 00:00:00,aftosa/ ricobendazol / fluozaron,
12117,9011,2025-05-29 00:00:00,aftosa/ ricobendazol / fluozaron,
12118,J01415,2025-05-29 00:00:00,aftosa/ ricobendazol / fluozaron,
12119,3028A,2025-05-29 00:00:00,aftosa/ ricobendazol / fluozaron,
12120,2042,2025-05-29 00:00:00,aftosa/ ricobendazol / fluozaron,
12121,TSN01,2025-05-29 00:00:00,aftosa/ ricobendazol / fluozaron,
12122,23209,2025-05-29 00:00:00,conbibac/ ravax/ aftiosa/ ricobendazpl,
12123,23232,2025-05-29 00:00:00,conbibac/ ravax/ aftiosa/ ricobendazpl,
12124,23236,2025-05-29 00:00:00,conbibac/ ravax/ aftiosa/ ricobendazpl,
12125,24001,2025-05-29 00:00:00,conbibac/ ravax/ aftiosa/ ricobendazpl,
12126,24005,2025-05-29 00:00:00,conbibac/ ravax/ aftiosa/ ricobendazpl,
12127,24014,2025-05-29 00:00:00,conbibac/ ravax/ aftiosa/ ricobendazpl,
12128,24032,2025-05-29 00:00:00,conbibac/ ravax/ aftiosa/ ricobendazpl,
12129,24080,2025-05-29 00:00:00,conbibac/ ravax/ aftiosa/ ricobendazpl,
12130,24130,2025-05-29 00:00:00,conbibac/ ravax/ aftiosa/ ricobendazpl,
12131,24135,2025-05-29 00:00:00,conbibac/ ravax/ aftiosa/ ricobendazpl,
12132,24140,2025-05-29 00:00:00,conbibac/ ravax/ aftiosa/ ricobendazpl,
12133,24146,2025-05-29 00:00:00,conbibac/ ravax/ aftiosa/ ricobendazpl,
12134,24148,2025-05-29 00:00:00,conbibac/ ravax/ aftiosa/ ricobendazpl,
12135,24149,2025-05-29 00:00:00,conbibac/ ravax/ aftiosa/ ricobendazpl/ isometamidium,
12136,24151,2025-05-29 00:00:00,conbibac/ ravax/ aftiosa/ ricobendazpl,
12137,24162,2025-05-29 00:00:00,conbibac/ ravax/ aftiosa/ ricobendazpl,
12138,24165,2025-05-29 00:00:00,conbibac/ ravax/ aftiosa/ ricobendazpl,
12139,24167,2025-05-29 00:00:00,conbibac/ ravax/ aftiosa/ ricobendazpl,
12140,24168,2025-05-29 00:00:00,conbibac/ ravax/ aftiosa/ ricobendazpl,
12141,24169,2025-05-29 00:00:00,conbibac/ ravax/ aftiosa/ ricobendazpl,
12142,24170,2025-05-29 00:00:00,conbibac/ ravax/ aftiosa/ ricobendazpl,
12143,24172,2025-05-29 00:00:00,conbibac/ ravax/ aftiosa/ ricobendazpl,
12144,24177,2025-05-29 00:00:00,conbibac/ ravax/ aftiosa/ ricobendazpl,
12145,24185,2025-05-29 00:00:00,conbibac/ ravax/ aftiosa/ ricobendazpl,
12146,24187,2025-05-29 00:00:00,conbibac/ ravax/ aftiosa/ ricobendazpl,
12147,24188,2025-05-29 00:00:00,conbibac/ ravax/ aftiosa/ ricobendazpl,
12148,24189,2025-05-29 00:00:00,conbibac/ ravax/ aftiosa/ ricobendazpl,
12149,24191,2025-05-29 00:00:00,conbibac/ ravax/ aftiosa/ ricobendazpl,
12150,24193,2025-05-29 00:00:00,conbibac/ ravax/ aftiosa/ ricobendazpl,
12151,24195,2025-05-29 00:00:00,conbibac/ ravax/ aftiosa/ ricobendazpl,
12152,24196,2025-05-29 00:00:00,conbibac/ ravax/ aftiosa/ ricobendazpl,
12153,24197,2025-05-29 00:00:00,conbibac/ ravax/ aftiosa/ ricobendazpl,
12154,24200,2025-05-29 00:00:00,conbibac/ ravax/ aftiosa/ ricobendazpl,
12155,24202,2025-05-29 00:00:00,conbibac/ ravax/ aftiosa/ ricobendazpl,
12156,24207,2025-05-29 00:00:00,conbibac/ ravax/ aftiosa/ ricobendazpl,
12157,24209,2025-05-29 00:00:00,conbibac/ ravax/ aftiosa/ ricobendazpl,
12158,24213,2025-05-29 00:00:00,conbibac/ ravax/ aftiosa/ ricobendazpl,
12159,24214,2025-05-29 00:00:00,conbibac/ ravax/ aftiosa/ ricobendazpl,
12160,24216,2025-05-29 00:00:00,conbibac/ ravax/ aftiosa/ ricobendazpl,
12161,24219,2025-05-29 00:00:00,conbibac/ ravax/ aftiosa/ ricobendazpl,
12162,24220,2025-05-29 00:00:00,conbibac/ ravax/ aftiosa/ ricobendazpl,
12163,24221,2025-05-29 00:00:00,conbibac/ ravax/ aftiosa/ ricobendazpl,
12164,24230,2025-05-29 00:00:00,conbibac/ ravax/ aftiosa/ ricobendazpl,
12165,24232,2025-05-29 00:00:00,conbibac/ ravax/ aftiosa/ ricobendazpl,
12166,24237,2025-05-29 00:00:00,conbibac/ ravax/ aftiosa/ ricobendazpl,
12167,24239,2025-05-29 00:00:00,conbibac/ ravax/ aftiosa/ ricobendazpl,
12168,24243,2025-05-29 00:00:00,conbibac/ ravax/ aftiosa/ ricobendazpl,
12169,24244,2025-05-29 00:00:00,conbibac/ ravax/ aftiosa/ ricobendazpl,
12170,24246,2025-05-29 00:00:00,conbibac/ ravax/ aftiosa/ ricobendazpl,
12171,24248,2025-05-29 00:00:00,conbibac/ ravax/ aftiosa/ ricobendazpl,
12172,24252,2025-05-29 00:00:00,conbibac/ ravax/ aftiosa/ ricobendazpl,
12173,24255,2025-05-29 00:00:00,conbibac/ ravax/ aftiosa/ ricobendazpl,
12174,24256,2025-05-29 00:00:00,conbibac/ ravax/ aftiosa/ ricobendazpl,
12175,24259,2025-05-29 00:00:00,conbibac/ ravax/ aftiosa/ ricobendazpl,
12176,24260,2025-05-29 00:00:00,conbibac/ ravax/ aftiosa/ ricobendazpl,
12177,24261,2025-05-29 00:00:00,conbibac/ ravax/ aftiosa/ ricobendazpl,
12178,24262,2025-05-29 00:00:00,conbibac/ ravax/ aftiosa/ ricobendazpl,
12179,24269,2025-05-29 00:00:00,conbibac/ ravax/ aftiosa/ ricobendazpl,
12180,24270,2025-05-29 00:00:00,conbibac/ ravax/ aftiosa/ ricobendazpl,
12181,24272,2025-05-29 00:00:00,conbibac/ ravax/ aftiosa/ ricobendazpl,
12182,24273,2025-05-29 00:00:00,conbibac/ ravax/ aftiosa/ ricobendazpl,
12183,24275,2025-05-29 00:00:00,conbibac/ ravax/ aftiosa/ ricobendazpl,
12184,24277,2025-05-29 00:00:00,conbibac/ ravax/ aftiosa/ ricobendazpl,
12185,24278,2025-05-29 00:00:00,conbibac/ ravax/ aftiosa/ ricobendazpl,
12186,24282,2025-05-29 00:00:00,conbibac/ ravax/ aftiosa/ ricobendazpl,
12187,24283,2025-05-29 00:00:00,conbibac/ ravax/ aftiosa/ ricobendazpl,
12188,24284,2025-05-29 00:00:00,conbibac/ ravax/ aftiosa/ ricobendazpl,
12189,24285,2025-05-29 00:00:00,conbibac/ ravax/ aftiosa/ ricobendazpl,
12190,24286,2025-05-29 00:00:00,conbibac/ ravax/ aftiosa/ ricobendazpl,
12191,24287,2025-05-29 00:00:00,conbibac/ ravax/ aftiosa/ ricobendazpl,
12192,24289,2025-05-29 00:00:00,conbibac/ ravax/ aftiosa/ ricobendazpl,
12193,24290,2025-05-29 00:00:00,conbibac/ ravax/ aftiosa/ ricobendazpl,
12194,24291,2025-05-29 00:00:00,conbibac/ ravax/ aftiosa/ ricobendazpl,
12195,24292,2025-05-29 00:00:00,conbibac/ ravax/ aftiosa/ ricobendazpl,
12196,24297,2025-05-29 00:00:00,conbibac/ ravax/ aftiosa/ ricobendazpl,
12197,24298,2025-05-29 00:00:00,conbibac/ ravax/ aftiosa/ ricobendazpl,
12198,24300,2025-05-29 00:00:00,conbibac/ ravax/ aftiosa/ ricobendazpl,
12199,25005,2025-05-29 00:00:00,conbibac/ ravax/ aftiosa/ ricobendazpl,
12200,25009,2025-05-29 00:00:00,conbibac/ ravax/ aftiosa/ ricobendazpl,
12201,25012,2025-05-29 00:00:00,conbibac/ ravax/ aftiosa/ ricobendazpl,
12202,25014,2025-05-29 00:00:00,conbibac/ ravax/ aftiosa/ ricobendazpl,
12203,25017,2025-05-29 00:00:00,conbibac/ ravax/ aftiosa/ ricobendazpl,
12204,25018,2025-05-29 00:00:00,conbibac/ ravax/ aftiosa/ ricobendazpl,
12205,25020,2025-05-29 00:00:00,conbibac/ ravax/ aftiosa/ ricobendazpl,
12206,25021,2025-05-29 00:00:00,conbibac/ ravax/ aftiosa/ ricobendazpl,
12207,25022,2025-05-29 00:00:00,conbibac/ ravax/ aftiosa/ ricobendazpl,
12208,25023,2025-05-29 00:00:00,conbibac/ ravax/ aftiosa/ ricobendazpl,
12209,25024,2025-05-29 00:00:00,conbibac/ ravax/ aftiosa/ ricobendazpl,
12210,25026,2025-05-29 00:00:00,conbibac/ ravax/ aftiosa/ ricobendazpl,
12211,25027,2025-05-29 00:00:00,conbibac/ ravax/ aftiosa/ ricobendazpl,
12212,25028,2025-05-29 00:00:00,conbibac/ ravax/ aftiosa/ ricobendazpl,
12213,25030,2025-05-29 00:00:00,conbibac/ ravax/ aftiosa/ ricobendazpl,
12214,25034,2025-05-29 00:00:00,conbibac/ ravax/ aftiosa/ ricobendazpl,
12215,25035,2025-05-29 00:00:00,conbibac/ ravax/ aftiosa/ ricobendazpl,
12216,25036,2025-05-29 00:00:00,conbibac/ ravax/ aftiosa/ ricobendazpl,
12217,25039,2025-05-29 00:00:00,aftosa/ ricobendazol,
12218,25040,2025-05-29 00:00:00,aftosa/ ricobendazol,
12219,25050,2025-05-29 00:00:00,aftosa/ ricobendazol,
12220,25052,2025-05-29 00:00:00,aftosa/ ricobendazol,
12221,25053,2025-05-29 00:00:00,aftosa/ ricobendazol,
12222,25054,2025-05-29 00:00:00,aftosa/ ricobendazol,
12223,25055,2025-05-29 00:00:00,aftosa/ ricobendazol,
12224,25056,2025-05-29 00:00:00,aftosa/ ricobendazol,
12225,25058,2025-05-29 00:00:00,aftosa/ ricobendazol,
12226,25059,2025-05-29 00:00:00,aftosa/ ricobendazol,
12227,25061,2025-05-29 00:00:00,aftosa/ ricobendazol,
12228,25062,2025-05-29 00:00:00,aftosa/ ricobendazol,
12229,25066,2025-05-29 00:00:00,aftosa/ ricobendazol,
12230,25067,2025-05-29 00:00:00,aftosa/ ricobendazol,
12231,25069,2025-05-29 00:00:00,aftosa/ ricobendazol,
12232,25070,2025-05-29 00:00:00,aftosa/ ricobendazol,
12233,25074,2025-05-29 00:00:00,aftosa/ ricobendazol,
12234,25075,2025-05-29 00:00:00,aftosa/ ricobendazol,
12235,25076,2025-05-29 00:00:00,aftosa/ ricobendazol,
12236,25077,2025-05-29 00:00:00,aftosa/ ricobendazol,
12237,25082,2025-05-29 00:00:00,aftosa/ ricobendazol,
12238,25084,2025-05-29 00:00:00,aftosa/ ricobendazol,
12239,25087,2025-05-29 00:00:00,aftosa/ ricobendazol,
12240,25088,2025-05-29 00:00:00,aftosa/ ricobendazol,
12241,25089,2025-05-29 00:00:00,aftosa/ ricobendazol,
12242,25090,2025-05-29 00:00:00,aftosa/ ricobendazol,
12243,25091,2025-05-29 00:00:00,aftosa/ ricobendazol,
12244,25095,2025-05-29 00:00:00,aftosa/ ricobendazol,
12245,25098,2025-05-29 00:00:00,aftosa/ ricobendazol,
12246,25099,2025-05-29 00:00:00,aftosa/ ricobendazol,
12247,25100,2025-05-29 00:00:00,desparasitante,
12248,25101,2025-05-29 00:00:00,aftosa/ ricobendazol,
12249,25102,2025-05-29 00:00:00,aftosa/ ricobendazol,
12250,25103,2025-05-29 00:00:00,aftosa/ ricobendazol,
12251,25104,2025-05-29 00:00:00,aftosa/ ricobendazol,
12252,25105,2025-05-29 00:00:00,aftosa/ ricobendazol,
12253,25106,2025-05-29 00:00:00,aftosa/ ricobendazol,
12254,25107,2025-05-29 00:00:00,aftosa/ ricobendazol,
12255,25109,2025-05-29 00:00:00,aftosa/ ricobendazol,
12256,25110,2025-05-29 00:00:00,aftosa/ ricobendazol,
12257,25111,2025-05-29 00:00:00,aftosa/ ricobendazol,
12258,25112,2025-05-29 00:00:00,aftosa/ ricobendazol,
12259,25113,2025-05-29 00:00:00,aftosa/ ricobendazol,
12260,25114,2025-05-29 00:00:00,aftosa/ ricobendazol,
12261,25116,2025-05-29 00:00:00,aftosa/ ricobendazol,
12262,25118,2025-05-29 00:00:00,aftosa/ ricobendazol,
12263,25123,2025-05-29 00:00:00,aftosa/ ricobendazol,
12264,25124,2025-05-29 00:00:00,aftosa/ ricobendazol,
12265,J25001,2025-05-29 00:00:00,aftosa/ ricobendazol,
12266,J25031,2025-05-29 00:00:00,aftosa/ ricobendazol,
12267,J25049,2025-05-29 00:00:00,aftosa/ ricobendazol,
12268,25045,2025-05-29 00:00:00,conbibac/ ravax/ aftiosa/ ricobendazpl,
12269,24263,2025-05-29 00:00:00,conbibac/ ravax/ aftiosa/ ricobendazpl,
12270,25121,2025-05-29 00:00:00,aftosa/ ricobendazol,
12271,25060,2025-05-29 00:00:00,aftosa/ ricobendazol,
12272,25081,2025-05-29 00:00:00,aftosa/ ricobendazol,
12273,25119,2025-05-29 00:00:00,aftosa/ ricobendazol,
12274,25073,2025-05-29 00:00:00,aftosa/ ricobendazol,
12275,24179,2025-05-29 00:00:00,conbibac/ ravax/ aftiosa/ ricobendazpl,
12276,5529,2025-05-29 00:00:00,cytamoz/ aftosa/ ricobendazol,
12277,0254,2025-05-29 00:00:00,cytamoz/ aftosa/ ricobendazol,
12278,4087,2025-05-29 00:00:00,cytamoz/ aftosa/ ricobendazol,
12279,24005,2025-05-29 00:00:00,cytamoz/ aftosa/ ricobendazol,
12280,J420,2025-05-29 00:00:00,cytamoz/ aftosa/ ricobendazol,
12281,099,2025-05-29 00:00:00,cytamoz/ aftosa/ ricobendazol,
12282,5638,2025-05-29 00:00:00,cytamoz/ aftosa/ ricobendazol,
12283,9113,2025-05-29 00:00:00,cytamoz/ aftosa/ ricobendazol,
12284,2030,2025-05-29 00:00:00,cytamoz/ aftosa/ ricobendazol,
12285,24229,2025-05-29 00:00:00,cytamoz/ aftosa/ ricobendazol,
12286,3003A,2025-05-29 00:00:00,cytamoz/ aftosa/ ricobendazol,
12287,2148,2025-05-29 00:00:00,cytamoz/ aftosa/ ricobendazol,
12288,8086,2025-05-29 00:00:00,cytamoz/ aftosa/ ricobendazol,
12289,9,2025-05-29 00:00:00,cytamoz/ aftosa/ ricobendazol,
12290,2037,2025-05-29 00:00:00,cytamoz/ aftosa/ ricobendazol,
12291,24235,2025-05-29 00:00:00,cytamoz/ aftosa/ ricobendazol,
12292,24222,2025-05-29 00:00:00,cytamoz/ aftosa/ ricobendazol,
12293,24234,2025-05-29 00:00:00,cytamoz/ aftosa/ ricobendazol,
12294,2072,2025-05-29 00:00:00,cytamoz/ aftosa/ ricobendazol,
12295,1168,2025-05-29 00:00:00,cytamoz/ aftosa/ ricobendazol,
12296,3024A,2025-05-29 00:00:00,cytamoz/ aftosa/ ricobendazol,
12297,23154,2025-05-29 00:00:00,cytamoz/ aftosa/ ricobendazol,
12298,2018,2025-05-29 00:00:00,cytamoz/ aftosa/ ricobendazol,
12299,25063,2025-05-29 00:00:00,cytamoz/ aftosa/ ricobendazol,
12300,24205,2025-05-29 00:00:00,cytamoz/ aftosa/ ricobendazol,
12301,BU48,2025-05-29 00:00:00,cytamoz/ aftosa/ ricobendazol,
12302,0018,2025-05-30 00:00:00,aftosa/ ricobendazol cytamos,
12303,0107,2025-05-30 00:00:00,aftosa/ ricobendazol cytamos,
12304,0111,2025-05-30 00:00:00,aftosa/ ricobendazol cytamos,
12305,0206A,2025-05-30 00:00:00,aftosa/ ricobendazol cytamos,
12306,0231A,2025-05-30 00:00:00,aftosa/ ricobendazol cytamos,
12307,02331,2025-05-30 00:00:00,aftosa/ ricobendazol cytamos,
12308,0246,2025-05-30 00:00:00,aftosa/ ricobendazol cytamos,
12309,0249,2025-05-30 00:00:00,aftosa/ ricobendazol cytamos,
12310,0252,2025-05-30 00:00:00,aftosa/ ricobendazol cytamos,
12311,0258,2025-05-30 00:00:00,aftosa/ ricobendazol cytamos,
12312,0259,2025-05-30 00:00:00,aftosa/ ricobendazol cytamos,
12313,0271,2025-05-30 00:00:00,aftosa/ ricobendazol cytamos,
12314,0272,2025-05-30 00:00:00,aftosa/ ricobendazol cytamos,
12315,0278,2025-05-30 00:00:00,aftosa/ ricobendazol cytamos,
12316,0284,2025-05-30 00:00:00,aftosa/ ricobendazol cytamos,
12317,0291,2025-05-30 00:00:00,aftosa/ ricobendazol cytamos,
12318,0297,2025-05-30 00:00:00,aftosa/ ricobendazol cytamos,
12319,0298A,2025-05-30 00:00:00,aftosa/ ricobendazol cytamos,
12320,0323,2025-05-30 00:00:00,aftosa/ ricobendazol cytamos,
12321,0327,2025-05-30 00:00:00,aftosa/ ricobendazol cytamos,
12322,0329,2025-05-30 00:00:00,aftosa/ ricobendazol cytamos,
12323,0333,2025-05-30 00:00:00,aftosa/ ricobendazol cytamos,
12324,0336,2025-05-30 00:00:00,aftosa/ ricobendazol cytamos,
12325,0349,2025-05-30 00:00:00,aftosa/ ricobendazol cytamos,
12326,0355,2025-05-30 00:00:00,aftosa/ ricobendazol cytamos,
12327,0500,2025-05-30 00:00:00,aftosa/ ricobendazol cytamos,
12328,0740,2025-05-30 00:00:00,aftosa/ ricobendazol cytamos,
12329,10391,2025-05-30 00:00:00,aftosa/ ricobendazol cytamos,
12330,1063,2025-05-30 00:00:00,aftosa/ ricobendazol cytamos,
12331,1066A,2025-05-30 00:00:00,aftosa/ ricobendazol cytamos,
12332,1077A,2025-05-30 00:00:00,aftosa/ ricobendazol cytamos,
12333,1091A,2025-05-30 00:00:00,aftosa/ ricobendazol cytamos,
12334,1095A,2025-05-30 00:00:00,aftosa/ ricobendazol cytamos,
12335,1112A,2025-05-30 00:00:00,aftosa/ ricobendazol cytamos,
12336,12164,2025-05-30 00:00:00,aftosa/ ricobendazol cytamos,
12337,19,2025-05-30 00:00:00,aftosa/ ricobendazol cytamos,
12338,2023,2025-05-30 00:00:00,aftosa/ ricobendazol cytamos,
12339,2034,2025-05-30 00:00:00,aftosa/ ricobendazol cytamos,
12340,2048,2025-05-30 00:00:00,aftosa/ ricobendazol cytamos,
12341,2052,2025-05-30 00:00:00,aftosa/ ricobendazol cytamos,
12342,2063B,2025-05-30 00:00:00,aftosa/ ricobendazol cytamos,
12343,2080,2025-05-30 00:00:00,aftosa/ ricobendazol cytamos,
12344,2097,2025-05-30 00:00:00,aftosa/ ricobendazol cytamos,
12345,2103,2025-05-30 00:00:00,aftosa/ ricobendazol cytamos,
12346,2108,2025-05-30 00:00:00,aftosa/ ricobendazol cytamos,
12347,2111,2025-05-30 00:00:00,aftosa/ ricobendazol cytamos,
12348,2133A,2025-05-30 00:00:00,aftosa/ ricobendazol cytamos,
12349,2180A,2025-05-30 00:00:00,aftosa/ ricobendazol cytamos,
12350,2200,2025-05-30 00:00:00,aftosa/ ricobendazol cytamos,
12351,2201,2025-05-30 00:00:00,aftosa/ ricobendazol cytamos,
12352,22172,2025-05-30 00:00:00,aftosa/ ricobendazol cytamos,
12353,2219,2025-05-30 00:00:00,aftosa/ ricobendazol cytamos,
12354,30,2025-05-30 00:00:00,aftosa/ ricobendazol cytamos,
12355,30212,2025-05-30 00:00:00,aftosa/ ricobendazol cytamos,
12356,3021A,2025-05-30 00:00:00,aftosa/ ricobendazol cytamos,
12357,31,2025-05-30 00:00:00,aftosa/ ricobendazol cytamos,
12358,3107,2025-05-30 00:00:00,aftosa/ ricobendazol cytamos,
12359,34,2025-05-30 00:00:00,aftosa/ ricobendazol cytamos,
12360,3750,2025-05-30 00:00:00,aftosa/ ricobendazol cytamos,
12361,4048,2025-05-30 00:00:00,aftosa/ ricobendazol cytamos,
12362,4101,2025-05-30 00:00:00,aftosa/ ricobendazol cytamos,
12363,4151,2025-05-30 00:00:00,aftosa/ ricobendazol cytamos,
12364,5013,2025-05-30 00:00:00,aftosa/ ricobendazol cytamos,
12365,5030,2025-05-30 00:00:00,aftosa/ ricobendazol cytamos,
12366,5077,2025-05-30 00:00:00,aftosa/ ricobendazol cytamos,
12367,5079,2025-05-30 00:00:00,aftosa/ ricobendazol cytamos,
12368,5146,2025-05-30 00:00:00,aftosa/ ricobendazol cytamos,
12369,6042,2025-05-30 00:00:00,aftosa/ ricobendazol cytamos,
12370,7017,2025-05-30 00:00:00,aftosa/ ricobendazol cytamos,
12371,7022,2025-05-30 00:00:00,aftosa/ ricobendazol cytamos,
12372,7028,2025-05-30 00:00:00,aftosa/ ricobendazol cytamos,
12373,7072,2025-05-30 00:00:00,aftosa/ ricobendazol cytamos,
12374,7077,2025-05-30 00:00:00,aftosa/ ricobendazol cytamos,
12375,7080,2025-05-30 00:00:00,aftosa/ ricobendazol cytamos,
12376,8006,2025-05-30 00:00:00,aftosa/ ricobendazol cytamos,
12377,8010,2025-05-30 00:00:00,aftosa/ ricobendazol cytamos,
12378,80121,2025-05-30 00:00:00,aftosa/ ricobendazol cytamos,
12379,8026,2025-05-30 00:00:00,aftosa/ ricobendazol cytamos,
12380,8041,2025-05-30 00:00:00,aftosa/ ricobendazol cytamos,
12381,8051,2025-05-30 00:00:00,aftosa/ ricobendazol cytamos,
12382,8062,2025-05-30 00:00:00,aftosa/ ricobendazol cytamos,
12383,8063,2025-05-30 00:00:00,aftosa/ ricobendazol cytamos,
12384,8076,2025-05-30 00:00:00,aftosa/ ricobendazol cytamos,
12385,80841,2025-05-30 00:00:00,aftosa/ ricobendazol cytamos,
12386,80882,2025-05-30 00:00:00,aftosa/ ricobendazol cytamos,
12387,809,2025-05-30 00:00:00,aftosa/ ricobendazol cytamos,
12388,9006,2025-05-30 00:00:00,aftosa/ ricobendazol cytamos,
12389,9015,2025-05-30 00:00:00,aftosa/ ricobendazol cytamos,
12390,9016,2025-05-30 00:00:00,aftosa/ ricobendazol cytamos,
12391,9023,2025-05-30 00:00:00,aftosa/ ricobendazol cytamos,
12392,9037,2025-05-30 00:00:00,aftosa/ ricobendazol cytamos,
12393,9045,2025-05-30 00:00:00,aftosa/ ricobendazol cytamos,
12394,9046,2025-05-30 00:00:00,aftosa/ ricobendazol cytamos,
12395,9051,2025-05-30 00:00:00,aftosa/ ricobendazol cytamos,
12396,9053,2025-05-30 00:00:00,aftosa/ ricobendazol cytamos,
12397,9071,2025-05-30 00:00:00,aftosa/ ricobendazol cytamos,
12398,9076,2025-05-30 00:00:00,aftosa/ ricobendazol cytamos,
12399,9091,2025-05-30 00:00:00,aftosa/ ricobendazol cytamos,
12400,9103,2025-05-30 00:00:00,aftosa/ ricobendazol cytamos,
12401,9104,2025-05-30 00:00:00,aftosa/ ricobendazol cytamos,
12402,9110A,2025-05-30 00:00:00,aftosa/ ricobendazol cytamos,
12403,9116B,2025-05-30 00:00:00,aftosa/ ricobendazol cytamos,
12404,9122,2025-05-30 00:00:00,aftosa/ ricobendazol cytamos,
12405,9125,2025-05-30 00:00:00,aftosa/ ricobendazol cytamos,
12406,EMB 2,2025-05-30 00:00:00,aftosa/ ricobendazol cytamos,
12407,EMB 3,2025-05-30 00:00:00,aftosa/ ricobendazol cytamos,
12408,J420,2025-05-30 00:00:00,aftosa/ ricobendazol cytamos,
12409,J422,2025-05-30 00:00:00,aftosa/ ricobendazol cytamos,
12410,J8705,2025-05-30 00:00:00,aftosa/ ricobendazol cytamos,
12411,SNA,2025-05-30 00:00:00,aftosa/ ricobendazol cytamos,
12412,22126,2025-05-30 00:00:00,aftosa/ ricobendazol cytamos,
12413,2095,2025-05-30 00:00:00,aftosa/ ricobendazol cytamos,
12414,2014,2025-05-30 00:00:00,aftosa/ ricobendazol cytamos,
12415,22135,2025-05-30 00:00:00,aftosa/ ricobendazol cytamos,
12416,8033,2025-05-30 00:00:00,aftosa/ ricobendazol cytamos,
12417,1053A,2025-05-30 00:00:00,aftosa/ ricobendazol cytamos,
12418,7074,2025-05-30 00:00:00,aftosa/ ricobendazol cytamos,
12419,5082,2025-05-30 00:00:00,aftosa/ ricobendazol cytamos,
12420,22049,2025-05-30 00:00:00,aftosa/ ricobendazol cytamos,
12421,2007,2025-05-30 00:00:00,aftosa/ ricobendazol cytamos,
12422,22149,2025-05-30 00:00:00,aftosa/ ricobendazol cytamos,
12423,20,2025-05-30 00:00:00,aftosa/ ricobendazol cytamos,
12424,2153,2025-05-30 00:00:00,aftosa/ ricobendazol cytamos,
12425,7012,2025-05-30 00:00:00,aftosa/ ricobendazol cytamos,
12426,7059,2025-05-30 00:00:00,aftosa/ ricobendazol cytamos,
12427,9013,2025-05-30 00:00:00,aftosa/ ricobendazol cytamos,
12428,8054,2025-05-30 00:00:00,aftosa/ ricobendazol cytamos,
12429,2022,2025-05-30 00:00:00,aftosa/ ricobendazol cytamos/dorax,
12430,4075,2025-05-30 00:00:00,aftosa/ ricobendazol cytamos,
12431,8060,2025-05-30 00:00:00,aftosa/ ricobendazol cytamos,
12432,24091,2025-05-30 00:00:00,aftosa/ ricobendazol cytamos,
12433,1102,2025-05-30 00:00:00,aftosa/ ricobendazol cytamos,
12434,2093,2025-05-30 00:00:00,aftosa/ ricobendazol cytamos,
12435,2162,2025-05-30 00:00:00,aftosa/ ricobendazol cytamos,
12436,1032,2025-05-30 00:00:00,aftosa/ ricobendazol cytamos,
12437,7076,2025-05-30 00:00:00,aftosa/ ricobendazol cytamos,
12438,22195,2025-05-30 00:00:00,aftosa/ clostridium/ ricobendazol/ cytamos/isometamidium/ dorax,
12439,23026,2025-05-30 00:00:00,aftosa/ clostridium/ ricobendazol,
12440,23027,2025-05-30 00:00:00,aftosa/ clostridium/ ricobendazol,
12441,23094,2025-05-30 00:00:00,aftosa/ clostridium/ ricobendazol/ dorax,
12442,23098,2025-05-30 00:00:00,aftosa/ clostridium/ ricobendazol,
12443,23124,2025-05-30 00:00:00,aftosa/ clostridium/ ricobendazol,
12444,23125,2025-05-30 00:00:00,aftosa/ clostridium/ ricobendazol/ dorax,
12445,23127,2025-05-30 00:00:00,aftosa/ clostridium/ ricobendazol,
12446,23139,2025-05-30 00:00:00,aftosa/ clostridium/ ricobendazol,
12447,23140,2025-05-30 00:00:00,aftosa/ clostridium/ ricobendazol,
12448,23148,2025-05-30 00:00:00,aftosa/ clostridium/ ricobendazol/ dorax,
12449,23166,2025-05-30 00:00:00,aftosa/ clostridium/ ricobendazol,
12450,23168,2025-05-30 00:00:00,aftosa/ clostridium/ ricobendazol,
12451,23173,2025-05-30 00:00:00,aftosa/ clostridium/ ricobendazol,
12452,23177,2025-05-30 00:00:00,aftosa/ clostridium/ ricobendazol,
12453,23186,2025-05-30 00:00:00,aftosa/ clostridium/ ricobendazol,
12454,23197,2025-05-30 00:00:00,aftosa/ clostridium/ ricobendazol,
12455,23212,2025-05-30 00:00:00,aftosa/ clostridium/ ricobendazol,
12456,23216,2025-05-30 00:00:00,aftosa/ clostridium/ ricobendazol,
12457,23217,2025-05-30 00:00:00,aftosa/ clostridium/ ricobendazol,
12458,23223,2025-05-30 00:00:00,aftosa/ clostridium/ ricobendazol,
12459,23224,2025-05-30 00:00:00,aftosa/ clostridium/ ricobendazol,
12460,23227,2025-05-30 00:00:00,aftosa/ clostridium/ ricobendazol,
12461,23231,2025-05-30 00:00:00,aftosa/ clostridium/ ricobendazol,
12462,23233,2025-05-30 00:00:00,aftosa/ clostridium/ ricobendazol,
12463,23237,2025-05-30 00:00:00,aftosa/ clostridium/ ricobendazol,
12464,23238,2025-05-30 00:00:00,aftosa/ clostridium/ ricobendazol,
12465,23239,2025-05-30 00:00:00,aftosa/ clostridium/ ricobendazol,
12466,23241,2025-05-30 00:00:00,aftosa/ clostridium/ ricobendazol,
12467,23243,2025-05-30 00:00:00,aftosa/ clostridium/ ricobendazol,
12468,23246,2025-05-30 00:00:00,aftosa/ clostridium/ ricobendazol/ dorax,
12469,23248,2025-05-30 00:00:00,aftosa/ clostridium/ ricobendazol,
12470,23250,2025-05-30 00:00:00,aftosa/ clostridium/ ricobendazol,
12471,23252,2025-05-30 00:00:00,aftosa/ clostridium/ ricobendazol,
12472,24002,2025-05-30 00:00:00,aftosa/ clostridium/ ricobendazol,
12473,24004,2025-05-30 00:00:00,aftosa/ clostridium/ ricobendazol,
12474,24006,2025-05-30 00:00:00,aftosa/ clostridium/ ricobendazol/ dorax,
12475,24007,2025-05-30 00:00:00,aftosa/ clostridium/ ricobendazol/ dorax,
12476,24008,2025-05-30 00:00:00,aftosa/ clostridium/ ricobendazol,
12477,24013,2025-05-30 00:00:00,aftosa/ clostridium/ ricobendazol,
12478,24015,2025-05-30 00:00:00,aftosa/ clostridium/ ricobendazol,
12479,24016,2025-05-30 00:00:00,aftosa/ clostridium/ ricobendazol,
12480,24018,2025-05-30 00:00:00,aftosa/ clostridium/ ricobendazol,
12481,24020,2025-05-30 00:00:00,aftosa/ clostridium/ ricobendazol,
12482,24021,2025-05-30 00:00:00,aftosa/ clostridium/ ricobendazol,
12483,24033,2025-05-30 00:00:00,aftosa/ clostridium/ ricobendazol,
12484,24034,2025-05-30 00:00:00,aftosa/ clostridium/ ricobendazol,
12485,24036,2025-05-30 00:00:00,aftosa/ clostridium/ ricobendazol,
12486,24037,2025-05-30 00:00:00,aftosa/ clostridium/ ricobendazol,
12487,24039,2025-05-30 00:00:00,aftosa/ clostridium/ ricobendazol,
12488,24040,2025-05-30 00:00:00,aftosa/ clostridium/ ricobendazol,
12489,24042,2025-05-30 00:00:00,aftosa/ clostridium/ ricobendazol,
12490,24045,2025-05-30 00:00:00,aftosa/ clostridium/ ricobendazol,
12491,24051,2025-05-30 00:00:00,aftosa/ clostridium/ ricobendazol,
12492,24052,2025-05-30 00:00:00,aftosa/ clostridium/ ricobendazol,
12493,24053,2025-05-30 00:00:00,aftosa/ clostridium/ ricobendazol,
12494,24054,2025-05-30 00:00:00,aftosa/ clostridium/ ricobendazol,
12495,24055,2025-05-30 00:00:00,aftosa/ clostridium/ ricobendazol,
12496,24058,2025-05-30 00:00:00,aftosa/ clostridium/ ricobendazol,
12497,24060,2025-05-30 00:00:00,aftosa/ clostridium/ ricobendazol,
12498,24065,2025-05-30 00:00:00,aftosa/ clostridium/ ricobendazol,
12499,24068,2025-05-30 00:00:00,aftosa/ clostridium/ ricobendazol,
12500,24073,2025-05-30 00:00:00,aftosa/ clostridium/ ricobendazol,
12501,24084,2025-05-30 00:00:00,aftosa/ clostridium/ ricobendazol,
12502,24090,2025-05-30 00:00:00,aftosa/ clostridium/ ricobendazol,
12503,24094,2025-05-30 00:00:00,aftosa/ clostridium/ ricobendazol,
12504,24101,2025-05-30 00:00:00,aftosa/ clostridium/ ricobendazol,
12505,24106,2025-05-30 00:00:00,aftosa/ clostridium/ ricobendazol,
12506,24114,2025-05-30 00:00:00,aftosa/ clostridium/ ricobendazol,
12507,24115,2025-05-30 00:00:00,aftosa/ clostridium/ ricobendazol,
12508,24117,2025-05-30 00:00:00,aftosa/ clostridium/ ricobendazol,
12509,24119,2025-05-30 00:00:00,aftosa/ clostridium/ ricobendazol,
12510,24123,2025-05-30 00:00:00,aftosa/ clostridium/ ricobendazol,
12511,24124,2025-05-30 00:00:00,aftosa/ clostridium/ ricobendazol,
12512,24129,2025-05-30 00:00:00,aftosa/ clostridium/ ricobendazol,
12513,24164,2025-05-30 00:00:00,aftosa/ clostridium/ ricobendazol,
12514,24178,2025-05-30 00:00:00,aftosa/ clostridium/ ricobendazol,
12515,BU330,2025-05-30 00:00:00,aftosa/ clostridium/ ricobendazol,
12516,BU78,2025-05-30 00:00:00,aftosa/ clostridium/ ricobendazol,
12517,BU81,2025-05-30 00:00:00,aftosa/ clostridium/ ricobendazol,
12518,BU94,2025-05-30 00:00:00,aftosa/ clostridium/ ricobendazol,
12519,J401,2025-05-30 00:00:00,aftosa/ clostridium/ ricobendazol,
12520,J4010,2025-05-30 00:00:00,aftosa/ clostridium/ ricobendazol,
12521,J4011,2025-05-30 00:00:00,aftosa/ clostridium/ ricobendazol,
12522,J402,2025-05-30 00:00:00,aftosa/ clostridium/ ricobendazol,
12523,J403,2025-05-30 00:00:00,aftosa/ clostridium/ ricobendazol,
12524,J404,2025-05-30 00:00:00,aftosa/ clostridium/ ricobendazol,
12525,J405,2025-05-30 00:00:00,aftosa/ clostridium/ ricobendazol,
12526,J406,2025-05-30 00:00:00,aftosa/ clostridium/ ricobendazol,
12527,J407,2025-05-30 00:00:00,aftosa/ clostridium/ ricobendazol,
12528,J408,2025-05-30 00:00:00,aftosa/ clostridium/ ricobendazol,
12529,J409,2025-05-30 00:00:00,aftosa/ clostridium/ ricobendazol,
12530,J412,2025-05-30 00:00:00,aftosa/ clostridium/ ricobendazol,
12531,J413,2025-05-30 00:00:00,aftosa/ clostridium/ ricobendazol,
12532,J414,2025-05-30 00:00:00,aftosa/ clostridium/ ricobendazol,
12533,J415,2025-05-30 00:00:00,aftosa/ clostridium/ ricobendazol,
12534,J416,2025-05-30 00:00:00,aftosa/ clostridium/ ricobendazol,
12535,J417,2025-05-30 00:00:00,aftosa/ clostridium/ ricobendazol,
12536,J418,2025-05-30 00:00:00,aftosa/ clostridium/ ricobendazol,
12537,J419,2025-05-30 00:00:00,aftosa/ clostridium/ ricobendazol,
12538,23120,2025-05-30 00:00:00,aftosa/ clostridium/ ricobendazol,
12539,23188,2025-05-30 00:00:00,aftosa/ clostridium/ ricobendazol,
12540,24136,2025-05-30 00:00:00,aftosa/ clostridium/ ricobendazol,
12541,BU004,2025-06-03 00:00:00,aftosa/ricobendazol/conbibac,
12542,BU006,2025-06-03 00:00:00,aftosa/ricobendazol/conbibac,
12543,BU009,2025-06-03 00:00:00,aftosa/ricobendazol/conbibac,
12544,BU01251,2025-06-03 00:00:00,aftosa/ricobendazol/conbibac,
12545,BU019,2025-06-03 00:00:00,aftosa/ricobendazol/conbibac,
12546,BU035,2025-06-03 00:00:00,aftosa/ricobendazol/conbibac,
12547,BU036,2025-06-03 00:00:00,aftosa/ricobendazol/conbibac,
12548,BU048,2025-06-03 00:00:00,aftosa/ricobendazol/conbibac,
12549,BU053,2025-06-03 00:00:00,aftosa/ricobendazol/conbibac,
12550,BU056,2025-06-03 00:00:00,aftosa/ricobendazol/conbibac,
12551,BU057,2025-06-03 00:00:00,aftosa/ricobendazol/conbibac,
12552,BU062,2025-06-03 00:00:00,aftosa/ricobendazol/conbibac,
12553,BU069,2025-06-03 00:00:00,aftosa/ricobendazol/conbibac,
12554,BU071,2025-06-03 00:00:00,aftosa/ricobendazol/conbibac,
12555,BU073,2025-06-03 00:00:00,aftosa/ricobendazol/conbibac,
12556,BU076,2025-06-03 00:00:00,aftosa/ricobendazol/conbibac,
12557,BU078,2025-06-03 00:00:00,aftosa/ricobendazol/conbibac,
12558,BU082,2025-06-03 00:00:00,aftosa/ricobendazol/conbibac,
12559,BU084,2025-06-03 00:00:00,aftosa/ricobendazol/conbibac,
12560,BU085,2025-06-03 00:00:00,aftosa/ricobendazol/conbibac,
12561,BU086,2025-06-03 00:00:00,aftosa/ricobendazol/conbibac,
12562,BU087,2025-06-03 00:00:00,aftosa/ricobendazol/conbibac,
12563,BU088,2025-06-03 00:00:00,aftosa/ricobendazol/conbibac,
12564,BU089,2025-06-03 00:00:00,aftosa/ricobendazol/conbibac,
12565,BU090,2025-06-03 00:00:00,aftosa/ricobendazol/conbibac,
12566,BU091,2025-06-03 00:00:00,aftosa/ricobendazol/conbibac,
12567,BU092,2025-06-03 00:00:00,aftosa/ricobendazol/conbibac,
12568,BU095,2025-06-03 00:00:00,aftosa/ricobendazol/conbibac/ curetaje en berruga,
12569,BU097,2025-06-03 00:00:00,aftosa/ricobendazol/conbibac,
12570,BU099,2025-06-03 00:00:00,aftosa/ricobendazol/conbibac,
12571,BU106,2025-06-03 00:00:00,aftosa/ricobendazol/conbibac,
12572,BU20,2025-06-03 00:00:00,aftosa/ricobendazol/conbibac,
12573,BU301,2025-06-03 00:00:00,aftosa/ricobendazol/conbibac,
12574,BU302,2025-06-03 00:00:00,aftosa/ricobendazol/conbibac,
12575,BU303,2025-06-03 00:00:00,aftosa/ricobendazol/conbibac,
12576,BU304,2025-06-03 00:00:00,aftosa/ricobendazol/conbibac,
12577,BU306,2025-06-03 00:00:00,aftosa/ricobendazol/conbibac,
12578,BU308,2025-06-03 00:00:00,aftosa/ricobendazol/conbibac,
12579,BU310,2025-06-03 00:00:00,aftosa/ricobendazol/conbibac,
12580,BU311,2025-06-03 00:00:00,aftosa/ricobendazol/conbibac,
12581,BU312,2025-06-03 00:00:00,aftosa/ricobendazol/conbibac,
12582,BU313,2025-06-03 00:00:00,aftosa/ricobendazol/conbibac,
12583,BU314,2025-06-03 00:00:00,aftosa/ricobendazol/conbibac,
12584,BU315,2025-06-03 00:00:00,aftosa/ricobendazol/conbibac,
12585,BU316,2025-06-03 00:00:00,aftosa/ricobendazol/conbibac,
12586,BU317,2025-06-03 00:00:00,aftosa/ricobendazol/conbibac,
12587,BU318,2025-06-03 00:00:00,aftosa/ricobendazol/conbibac,
12588,BU319,2025-06-03 00:00:00,aftosa/ricobendazol/conbibac,
12589,BU320,2025-06-03 00:00:00,aftosa/ricobendazol/conbibac,
12590,BU321,2025-06-03 00:00:00,aftosa/ricobendazol/conbibac,
12591,BU322,2025-06-03 00:00:00,aftosa/ricobendazol/conbibac,
12592,BU323,2025-06-03 00:00:00,aftosa/ricobendazol/conbibac,
12593,BU324,2025-06-03 00:00:00,aftosa/ricobendazol/conbibac,
12594,BU325,2025-06-03 00:00:00,aftosa/ricobendazol/conbibac,
12595,BU326,2025-06-03 00:00:00,aftosa/ricobendazol/conbibac,
12596,BU327,2025-06-03 00:00:00,aftosa/ricobendazol/conbibac,
12597,BU328,2025-06-03 00:00:00,aftosa/ricobendazol/conbibac,
12598,BU329,2025-06-03 00:00:00,aftosa/ricobendazol/conbibac,
12599,BU331,2025-06-03 00:00:00,aftosa/ricobendazol/conbibac,
12600,BU332,2025-06-03 00:00:00,aftosa/ricobendazol/conbibac,
12601,BU333,2025-06-03 00:00:00,aftosa/ricobendazol/conbibac,
12602,BU334,2025-06-03 00:00:00,aftosa/ricobendazol/conbibac,
12603,BU335,2025-06-03 00:00:00,aftosa/ricobendazol/conbibac,
12604,BU337,2025-06-03 00:00:00,aftosa/ricobendazol/conbibac,
12605,BU338,2025-06-03 00:00:00,aftosa/ricobendazol/conbibac,
12606,BU339,2025-06-03 00:00:00,aftosa/ricobendazol/conbibac,
12607,BU340,2025-06-03 00:00:00,aftosa/ricobendazol/conbibac,
12608,BU341,2025-06-03 00:00:00,aftosa/ricobendazol/conbibac,
12609,BU342,2025-06-03 00:00:00,aftosa/ricobendazol/conbibac,
12610,BU343,2025-06-03 00:00:00,aftosa/ricobendazol/conbibac,
12611,BU344,2025-06-03 00:00:00,aftosa/ricobendazol/conbibac,
12612,BU345,2025-06-03 00:00:00,aftosa/ricobendazol/conbibac,
12613,BU346,2025-06-03 00:00:00,aftosa/ricobendazol/conbibac,
12614,BU347,2025-06-03 00:00:00,aftosa/ricobendazol/conbibac,
12615,BU348,2025-06-03 00:00:00,aftosa/ricobendazol/conbibac,
12616,BU349,2025-06-03 00:00:00,aftosa/ricobendazol/conbibac,
12617,BU351,2025-06-03 00:00:00,aftosa/ricobendazol/conbibac,
12618,BU353,2025-06-03 00:00:00,aftosa/ricobendazol/conbibac,
12619,BU354,2025-06-03 00:00:00,aftosa/ricobendazol/conbibac,
12620,BU355,2025-06-03 00:00:00,aftosa/ricobendazol/conbibac,
12621,BU356,2025-06-03 00:00:00,aftosa/ricobendazol/conbibac,
12622,BU357,2025-06-03 00:00:00,aftosa/ricobendazol/conbibac,
12623,BU358,2025-06-03 00:00:00,aftosa/ricobendazol/conbibac,
12624,BU359,2025-06-03 00:00:00,aftosa/ricobendazol/conbibac,
12625,BU360,2025-06-03 00:00:00,aftosa/ricobendazol/conbibac,
12626,BU362,2025-06-03 00:00:00,aftosa/ricobendazol/conbibac,
12627,BU363,2025-06-03 00:00:00,aftosa/ricobendazol/conbibac,
12628,BU365,2025-06-03 00:00:00,aftosa/ricobendazol/conbibac,
12629,BU367,2025-06-03 00:00:00,aftosa/ricobendazol/conbibac,
12630,BU368,2025-06-03 00:00:00,aftosa/ricobendazol/conbibac,
12631,BU369,2025-06-03 00:00:00,aftosa/ricobendazol/conbibac,
12632,BU370,2025-06-03 00:00:00,aftosa/ricobendazol/conbibac,
12633,BU371,2025-06-03 00:00:00,aftosa/ricobendazol/conbibac,
12634,BU372,2025-06-03 00:00:00,aftosa/ricobendazol/conbibac,
12635,BU373,2025-06-03 00:00:00,aftosa/ricobendazol/conbibac,
12636,BU374,2025-06-03 00:00:00,aftosa/ricobendazol/conbibac,
12637,BU375,2025-06-03 00:00:00,aftosa/ricobendazol/conbibac,
12638,BU376,2025-06-03 00:00:00,aftosa/ricobendazol/conbibac,
12639,BU377,2025-06-03 00:00:00,aftosa/ricobendazol/conbibac,
12640,BU378,2025-06-03 00:00:00,aftosa/ricobendazol/conbibac,
12641,BU379,2025-06-03 00:00:00,aftosa/ricobendazol/conbibac,
12642,BU66,2025-06-03 00:00:00,aftosa/ricobendazol/conbibac,
12643,BU67,2025-06-03 00:00:00,aftosa/ricobendazol/conbibac,
12644,BU68,2025-06-03 00:00:00,aftosa/ricobendazol/conbibac,
12645,BU69,2025-06-03 00:00:00,aftosa/ricobendazol/conbibac,
12646,BU70,2025-06-03 00:00:00,aftosa/ricobendazol/conbibac,
12647,BU71,2025-06-03 00:00:00,aftosa/ricobendazol/conbibac,
12648,BU72,2025-06-03 00:00:00,aftosa/ricobendazol/conbibac,
12649,BU75,2025-06-03 00:00:00,aftosa/ricobendazol/conbibac,
12650,BU76,2025-06-03 00:00:00,aftosa/ricobendazol/conbibac,
12651,BU79,2025-06-03 00:00:00,aftosa/ricobendazol/conbibac,
12652,BU82,2025-06-03 00:00:00,aftosa/ricobendazol/conbibac,
12653,BU83,2025-06-03 00:00:00,aftosa/ricobendazol/conbibac,
12654,BU84,2025-06-03 00:00:00,aftosa/ricobendazol/conbibac,
12655,BU85,2025-06-03 00:00:00,aftosa/ricobendazol/conbibac,
12656,BU86,2025-06-03 00:00:00,aftosa/ricobendazol/conbibac,
12657,BU87,2025-06-03 00:00:00,aftosa/ricobendazol/conbibac,
12658,BU88,2025-06-03 00:00:00,aftosa/ricobendazol/conbibac,
12659,BU89,2025-06-03 00:00:00,aftosa/ricobendazol/conbibac,
12660,BU92,2025-06-03 00:00:00,aftosa/ricobendazol/conbibac,
12661,BU93,2025-06-03 00:00:00,aftosa/ricobendazol/conbibac,
12662,0101,2025-06-04 00:00:00,aftosa/ ricobendazol / cytamos,
12663,0205,2025-06-04 00:00:00,aftosa/ ricobendazol / cytamos,
12664,0263,2025-06-04 00:00:00,aftosa/ ricobendazol / cytamos,
12665,0326,2025-06-04 00:00:00,aftosa/ ricobendazol / cytamos,
12666,0330A,2025-06-04 00:00:00,aftosa/ ricobendazol / cytamos,
12667,0342,2025-06-04 00:00:00,aftosa/ ricobendazol / cytamos,
12668,1043A,2025-06-04 00:00:00,aftosa/ ricobendazol / cytamos,
12669,1056A,2025-06-04 00:00:00,aftosa/ ricobendazol / cytamos,
12670,1059,2025-06-04 00:00:00,aftosa/ ricobendazol / cytamos,
12671,1065,2025-06-04 00:00:00,aftosa/ ricobendazol / cytamos,
12672,1084A,2025-06-04 00:00:00,aftosa/ ricobendazol / cytamos,
12673,1117,2025-06-04 00:00:00,aftosa/ ricobendazol / cytamos,
12674,1310,2025-06-04 00:00:00,aftosa/ ricobendazol / cytamos,
12675,20334,2025-06-04 00:00:00,aftosa/ ricobendazol / cytamos,
12676,2061,2025-06-04 00:00:00,aftosa/ ricobendazol / cytamos,
12677,2072,2025-06-04 00:00:00,aftosa/ ricobendazol / cytamos,
12678,2083,2025-06-04 00:00:00,aftosa/ ricobendazol / cytamos,
12679,21027,2025-06-04 00:00:00,aftosa/ ricobendazol / cytamos,
12680,2149A,2025-06-04 00:00:00,aftosa/ ricobendazol / cytamos,
12681,24218,2025-06-04 00:00:00,aftosa/ clostridium / ricobendazol,
12682,24233,2025-06-04 00:00:00,aftosa/ clostridium / ricobendazol,
12683,24240,2025-06-04 00:00:00,aftosa/ clostridium / ricobendazol,
12684,24249,2025-06-04 00:00:00,aftosa/ clostridium / ricobendazol,
12685,24268,2025-06-04 00:00:00,aftosa/ clostridium / ricobendazol,
12686,24303,2025-06-04 00:00:00,aftosa/ clostridium / ricobendazol,
12687,25003,2025-06-04 00:00:00,aftosa/ clostridium / ricobendazol,
12688,25006,2025-06-04 00:00:00,aftosa/ clostridium / ricobendazol,
12689,25013,2025-06-04 00:00:00,aftosa/ clostridium / ricobendazol,
12690,25015,2025-06-04 00:00:00,aftosa/ clostridium / ricobendazol,
12691,25025,2025-06-04 00:00:00,aftosa/ clostridium / ricobendazol,
12692,25029,2025-06-04 00:00:00,aftosa/ clostridium / ricobendazol,
12693,25032,2025-06-04 00:00:00,aftosa/ clostridium / ricobendazol,
12694,25033,2025-06-04 00:00:00,aftosa/ clostridium / ricobendazol,
12695,25038,2025-06-04 00:00:00,aftosa/ ricobendazol,
12696,25044,2025-06-04 00:00:00,aftosa/ ricobendazol,
12697,25060,2025-06-04 00:00:00,aftosa/ ricobendazol,
12698,25064,2025-06-04 00:00:00,aftosa/ ricobendazol,
12699,25071,2025-06-04 00:00:00,aftosa/ ricobendazol,
12700,25078,2025-06-04 00:00:00,aftosa/ ricobendazol,
12701,25080,2025-06-04 00:00:00,aftosa/ ricobendazol,
12702,25086,2025-06-04 00:00:00,aftosa/ ricobendazol,
12703,3015,2025-06-04 00:00:00,aftosa/ ricobendazol / cytamos,
12704,3043,2025-06-04 00:00:00,aftosa/ ricobendazol / cytamos,
12705,3084,2025-06-04 00:00:00,aftosa/ ricobendazol / cytamos,
12706,40072,2025-06-04 00:00:00,aftosa/ ricobendazol / cytamos,
12707,4034,2025-06-04 00:00:00,aftosa/ ricobendazol / cytamos,
12708,4141,2025-06-04 00:00:00,aftosa/ ricobendazol / cytamos,
12709,5007,2025-06-04 00:00:00,aftosa/ ricobendazol / cytamos,
12710,6020,2025-06-04 00:00:00,aftosa/ ricobendazol / cytamos,
12711,6021,2025-06-04 00:00:00,aftosa/ ricobendazol / cytamos,
12712,8005,2025-06-04 00:00:00,aftosa/ ricobendazol / cytamos,
12713,9100,2025-06-04 00:00:00,aftosa/ ricobendazol / cytamos,
12714,25097,2025-06-04 00:00:00,aftosa/ ricobendazol,
12715,25093,2025-06-04 00:00:00,aftosa/ ricobendazol,
12716,8085,2025-06-04 00:00:00,aftosa/ ricobendazol / cytamos,
12717,25108,2025-06-04 00:00:00,aftosa/ ricobendazol,
12718,25096,2025-06-04 00:00:00,aftosa/ ricobendazol,
12719,25120,2025-06-04 00:00:00,aftosa/ ricobendazol,
12720,25115,2025-06-04 00:00:00,aftosa/ ricobendazol,
12721,5098,2025-06-04 00:00:00,aftosa/ ricobendazol / cytamos,
12722,24302,2025-06-04 00:00:00,aftosa/ ricobendazol,
12723,6031,2025-06-04 00:00:00,aftosa/ ricobendazol / cytamos,
12724,1132,2025-06-04 00:00:00,aftosa/ ricobendazol / cytamos,
12725,25117,2025-06-04 00:00:00,aftosa/ ricobendazol,
12726,24299,2025-06-04 00:00:00,aftosa/ ricobendazol,
12727,91091,2025-06-04 00:00:00,aftosa/ ricobendazol / cytamos,
12728,0350,2025-06-04 00:00:00,aftosa/ ricobendazol / cytamos,
12729,4033,2025-06-04 00:00:00,aftosa/ ricobendazol / cytamos,
12730,3178,2025-06-04 00:00:00,aftosa/ ricobendazol / cytamos,
12731,0125,2025-06-05 00:00:00,aftosa/ cytamos / ricobendazol,
12732,0128,2025-06-05 00:00:00,aftosa/ cytamos / ricobendazol,
12733,0143,2025-06-05 00:00:00,aftosa/ cytamos / ricobendazol,
12734,0206B,2025-06-05 00:00:00,aftosa/ cytamos / ricobendazol,
12735,0211,2025-06-05 00:00:00,aftosa/ cytamos / ricobendazol,
12736,0224,2025-06-05 00:00:00,aftosa/ cytamos / ricobendazol/ BABECIDE,
12737,0269,2025-06-05 00:00:00,aftosa/ cytamos / ricobendazol,
12738,0274,2025-06-05 00:00:00,aftosa/ cytamos / ricobendazol/ BABECIDE,
12739,0321,2025-06-05 00:00:00,aftosa/ cytamos / ricobendazol,
12740,0344,2025-06-05 00:00:00,aftosa/ cytamos / ricobendazol,
12741,0348,2025-06-05 00:00:00,aftosa/ cytamos / ricobendazol,
12742,0352,2025-06-05 00:00:00,aftosa/ cytamos / ricobendazol,
12743,0354,2025-06-05 00:00:00,aftosa/ cytamos / ricobendazol,
12744,1023,2025-06-05 00:00:00,aftosa/ cytamos / ricobendazol/DORAX/ OXITE/DIMINACENO,
12745,1052A,2025-06-05 00:00:00,aftosa/ cytamos / ricobendazol,
12746,1103,2025-06-05 00:00:00,aftosa/ cytamos / ricobendazol,
12747,1123,2025-06-05 00:00:00,aftosa/ cytamos / ricobendazol,
12748,1128,2025-06-05 00:00:00,aftosa/ cytamos / ricobendazol,
12749,2019,2025-06-05 00:00:00,aftosa/ cytamos / ricobendazol,
12750,2024,2025-06-05 00:00:00,aftosa/ cytamos / ricobendazol,
12751,2036,2025-06-05 00:00:00,aftosa/ cytamos / ricobendazol,
12752,2060,2025-06-05 00:00:00,aftosa/ cytamos / ricobendazol,
12753,2065,2025-06-05 00:00:00,aftosa/ cytamos / ricobendazol/ modif org,
12754,2087,2025-06-05 00:00:00,aftosa/ cytamos / ricobendazol,
12755,2109,2025-06-05 00:00:00,aftosa/ cytamos / ricobendazol,
12756,24186,2025-06-05 00:00:00,aftosa/ combibac/ ricobendazol,
12757,24194,2025-06-05 00:00:00,aftosa/ combibac/ ricobendazol,
12758,24198,2025-06-05 00:00:00,aftosa/ combibac/ ricobendazol,
12759,24201,2025-06-05 00:00:00,aftosa/ combibac/ ricobendazol,
12760,24203,2025-06-05 00:00:00,aftosa/ combibac/ ricobendazol,
12761,24204,2025-06-05 00:00:00,aftosa/ combibac/ ricobendazol,
12762,24206,2025-06-05 00:00:00,aftosa/ combibac/ ricobendazol,
12763,24210,2025-06-05 00:00:00,aftosa/ combibac/ ricobendazol,
12764,24211,2025-06-05 00:00:00,aftosa/ combibac/ ricobendazol,
12765,24212,2025-06-05 00:00:00,aftosa/ combibac/ ricobendazol,
12766,24217,2025-06-05 00:00:00,aftosa/ combibac/ ricobendazol,
12767,24224,2025-06-05 00:00:00,aftosa/ combibac/ ricobendazol,
12768,24231,2025-06-05 00:00:00,aftosa/ combibac/ ricobendazol,
12769,24238,2025-06-05 00:00:00,aftosa/ combibac/ ricobendazol,
12770,24242,2025-06-05 00:00:00,aftosa/ combibac/ ricobendazol,
12771,24247,2025-06-05 00:00:00,aftosa/ combibac/ ricobendazol,
12772,24264,2025-06-05 00:00:00,aftosa/ combibac/ ricobendazol,
12773,24271,2025-06-05 00:00:00,aftosa/ combibac/ ricobendazol,
12774,24274,2025-06-05 00:00:00,aftosa/ combibac/ ricobendazol,
12775,24279,2025-06-05 00:00:00,aftosa/ combibac/ ricobendazol,
12776,24280,2025-06-05 00:00:00,aftosa/ combibac/ ricobendazol,
12777,24288,2025-06-05 00:00:00,aftosa/ combibac/ ricobendazol,
12778,25010,2025-06-05 00:00:00,aftosa/ combibac/ ricobendazol,
12779,25011,2025-06-05 00:00:00,aftosa/ combibac/ ricobendazol,
12780,25037,2025-06-05 00:00:00,aftosa/ combibac/ ricobendazol,
12781,3108,2025-06-05 00:00:00,aftosa/ cytamos / ricobendazol,
12782,4007,2025-06-05 00:00:00,aftosa/ cytamos / ricobendazol,
12783,4023,2025-06-05 00:00:00,aftosa/ cytamos / ricobendazol,
12784,4055,2025-06-05 00:00:00,aftosa/ cytamos / ricobendazol,
12785,4066,2025-06-05 00:00:00,aftosa/ cytamos / ricobendazol,
12786,4076,2025-06-05 00:00:00,aftosa/ cytamos / ricobendazol,
12787,4099,2025-06-05 00:00:00,aftosa/ cytamos / ricobendazol,
12788,4100,2025-06-05 00:00:00,aftosa/ cytamos / ricobendazol,
12789,4109,2025-06-05 00:00:00,aftosa/ cytamos / ricobendazol,
12790,4172,2025-06-05 00:00:00,aftosa/ cytamos / ricobendazol,
12791,50501,2025-06-05 00:00:00,aftosa/ cytamos / ricobendazol,
12792,50741,2025-06-05 00:00:00,aftosa/ cytamos / ricobendazol,
12793,5076,2025-06-05 00:00:00,aftosa/ cytamos / ricobendazol,
12794,5092,2025-06-05 00:00:00,aftosa/ cytamos / ricobendazol/babecide,
12795,6008,2025-06-05 00:00:00,aftosa/ cytamos / ricobendazol,
12796,6037,2025-06-05 00:00:00,aftosa/ cytamos / ricobendazol,
12797,6050,2025-06-05 00:00:00,aftosa/ cytamos / ricobendazol,
12798,7092,2025-06-05 00:00:00,aftosa/ cytamos / ricobendazol,
12799,80272,2025-06-05 00:00:00,aftosa/ cytamos / ricobendazol,
12800,8067,2025-06-05 00:00:00,aftosa/ cytamos / ricobendazol,
12801,8077,2025-06-05 00:00:00,aftosa/ cytamos / ricobendazol,
12802,8093,2025-06-05 00:00:00,aftosa/ cytamos / ricobendazol,
12803,9047,2025-06-05 00:00:00,aftosa/ cytamos / ricobendazol/ babecide,
12804,9121,2025-06-05 00:00:00,aftosa/ cytamos / ricobendazol,
12805,9126A,2025-06-05 00:00:00,aftosa/ cytamos / ricobendazol,
12806,9128B,2025-06-05 00:00:00,aftosa/ cytamos / ricobendazol,
12807,9192,2025-06-05 00:00:00,aftosa/ cytamos / ricobendazol,
12808,9219,2025-06-05 00:00:00,aftosa/ cytamos / ricobendazol,
12809,EMB 5,2025-06-05 00:00:00,aftosa/ cytamos / ricobendazol,
12810,J428,2025-06-05 00:00:00,aftosa/ cytamos / ricobendazol,
12811,24276,2025-06-05 00:00:00,aftosa/ combibac/ ricobendazol,
12812,25051,2025-06-05 00:00:00,aftosa/ combibac/ ricobendazol,
12813,24190,2025-06-05 00:00:00,aftosa/ combibac/ ricobendazol,
12814,8014,2025-06-05 00:00:00,aftosa/ cytamos / ricobendazol,
12815,2045,2025-06-05 00:00:00,aftosa/ cytamos / ricobendazol,
12816,0109A,2025-06-11 00:00:00,aftosa/ ricobendazol/ fluozaron,
12817,0116A,2025-06-11 00:00:00,aftosa/ ricobendazol/ fluozaron,
12818,0118A,2025-06-11 00:00:00,aftosa/ ricobendazol/ fluozaron,
12819,0119,2025-06-11 00:00:00,aftosa/ ricobendazol/ fluozaron,
12820,0127,2025-06-11 00:00:00,aftosa/ ricobendazol/ fluozaron,
12821,0141,2025-06-11 00:00:00,aftosa/ ricobendazol/ fluozaron,
12822,0198,2025-06-11 00:00:00,aftosa/ ricobendazol/ fluozaron,
12823,0204B,2025-06-11 00:00:00,aftosa/ ricobendazol/ fluozaron,
12824,0217,2025-06-11 00:00:00,aftosa/ ricobendazol/ fluozaron,
12825,0293,2025-06-11 00:00:00,aftosa/ ricobendazol/ fluozaron,
12826,0325,2025-06-11 00:00:00,aftosa/ ricobendazol/ fluozaron,
12827,0346,2025-06-11 00:00:00,aftosa/ ricobendazol/ fluozaron,
12828,0351,2025-06-11 00:00:00,aftosa/ ricobendazol/ fluozaron,
12829,0358,2025-06-11 00:00:00,aftosa/ ricobendazol/ fluozaron,
12830,1008,2025-06-11 00:00:00,aftosa/ ricobendazol/ fluozaron,
12831,1018,2025-06-11 00:00:00,aftosa/ ricobendazol/ fluozaron,
12832,1026,2025-06-11 00:00:00,aftosa/ ricobendazol/ fluozaron,
12833,1027,2025-06-11 00:00:00,aftosa/ ricobendazol/ fluozaron,
12834,1027A,2025-06-11 00:00:00,aftosa/ ricobendazol/ fluozaron,
12835,1031,2025-06-11 00:00:00,aftosa/ ricobendazol/ fluozaron,
12836,1036,2025-06-11 00:00:00,aftosa/ ricobendazol/ fluozaron,
12837,1044,2025-06-11 00:00:00,aftosa/ ricobendazol/ fluozaron,
12838,1046A,2025-06-11 00:00:00,aftosa/ ricobendazol/ fluozaron,
12839,1048,2025-06-11 00:00:00,aftosa/ ricobendazol/ fluozaron,
12840,1053,2025-06-11 00:00:00,aftosa/ ricobendazol/ fluozaron,
12841,1055A,2025-06-11 00:00:00,aftosa/ ricobendazol/ fluozaron,
12842,1056,2025-06-11 00:00:00,aftosa/ ricobendazol/ fluozaron,
12843,1067,2025-06-11 00:00:00,aftosa/ ricobendazol/ fluozaron,
12844,1068A,2025-06-11 00:00:00,aftosa/ ricobendazol/ fluozaron,
12845,1069,2025-06-11 00:00:00,aftosa/ ricobendazol/ fluozaron,
12846,1070,2025-06-11 00:00:00,aftosa/ ricobendazol/ fluozaron,
12847,1070A,2025-06-11 00:00:00,aftosa/ ricobendazol/ fluozaron,
12848,1076,2025-06-11 00:00:00,aftosa/ ricobendazol/ fluozaron,
12849,1077,2025-06-11 00:00:00,aftosa/ ricobendazol/ fluozaron,
12850,1078,2025-06-11 00:00:00,aftosa/ ricobendazol/ fluozaron,
12851,1080A,2025-06-11 00:00:00,aftosa/ ricobendazol/ fluozaron,
12852,1082A,2025-06-11 00:00:00,aftosa/ ricobendazol/ fluozaron,
12853,1085,2025-06-11 00:00:00,aftosa/ ricobendazol/ fluozaron,
12854,1092A,2025-06-11 00:00:00,aftosa/ ricobendazol/ fluozaron,
12855,1093,2025-06-11 00:00:00,aftosa/ ricobendazol/ fluozaron,
12856,1095B,2025-06-11 00:00:00,aftosa/ ricobendazol/ fluozaron,
12857,1096A,2025-06-11 00:00:00,aftosa/ ricobendazol/ fluozaron,
12858,1097A,2025-06-11 00:00:00,aftosa/ ricobendazol/ fluozaron,
12859,1101,2025-06-11 00:00:00,aftosa/ ricobendazol/ fluozaron,
12860,1101A,2025-06-11 00:00:00,aftosa/ ricobendazol/ fluozaron,
12861,1104,2025-06-11 00:00:00,aftosa/ ricobendazol/ fluozaron,
12862,1106,2025-06-11 00:00:00,aftosa/ ricobendazol/ fluozaron,
12863,1106A,2025-06-11 00:00:00,aftosa/ ricobendazol/ fluozaron,
12864,1107,2025-06-11 00:00:00,aftosa/ ricobendazol/ fluozaron,
12865,1112,2025-06-11 00:00:00,aftosa/ ricobendazol/ fluozaron,
12866,1130A,2025-06-11 00:00:00,aftosa/ ricobendazol/ fluozaron,
12867,1133,2025-06-11 00:00:00,aftosa/ ricobendazol/ fluozaron,
12868,1152,2025-06-11 00:00:00,aftosa/ ricobendazol/ fluozaron,
12869,1154,2025-06-11 00:00:00,aftosa/ ricobendazol/ fluozaron,
12870,1156,2025-06-11 00:00:00,aftosa/ ricobendazol/ fluozaron,
12871,1180,2025-06-11 00:00:00,aftosa/ ricobendazol/ fluozaron,
12872,1204,2025-06-11 00:00:00,aftosa/ ricobendazol/ fluozaron,
12873,1206,2025-06-11 00:00:00,aftosa/ ricobendazol/ fluozaron,
12874,1214,2025-06-11 00:00:00,aftosa/ ricobendazol/ fluozaron,
12875,1215,2025-06-11 00:00:00,aftosa/ ricobendazol/ fluozaron,
12876,1216,2025-06-11 00:00:00,aftosa/ ricobendazol/ fluozaron,
12877,1219,2025-06-11 00:00:00,aftosa/ ricobendazol/ fluozaron,
12878,1228,2025-06-11 00:00:00,aftosa/ ricobendazol/ fluozaron,
12879,1237,2025-06-11 00:00:00,aftosa/ ricobendazol/ fluozaron,
12880,1292,2025-06-11 00:00:00,aftosa/ ricobendazol/ fluozaron,
12881,2001B,2025-06-11 00:00:00,aftosa/ ricobendazol/ fluozaron,
12882,2004,2025-06-11 00:00:00,aftosa/ ricobendazol/ fluozaron,
12883,2005A,2025-06-11 00:00:00,aftosa/ ricobendazol/ fluozaron,
12884,2005B,2025-06-11 00:00:00,aftosa/ ricobendazol/ fluozaron,
12885,2010,2025-06-11 00:00:00,aftosa/ ricobendazol/ fluozaron,
12886,2025,2025-06-11 00:00:00,aftosa/ ricobendazol/ fluozaron,
12887,2029,2025-06-11 00:00:00,aftosa/ ricobendazol/ fluozaron,
12888,2032,2025-06-11 00:00:00,aftosa/ ricobendazol/ fluozaron,
12889,2039A,2025-06-11 00:00:00,aftosa/ ricobendazol/ fluozaron,
12890,2041,2025-06-11 00:00:00,aftosa/ ricobendazol/ fluozaron,
12891,2044,2025-06-11 00:00:00,aftosa/ ricobendazol/ fluozaron,
12892,2053,2025-06-11 00:00:00,aftosa/ ricobendazol/ fluozaron,
12893,2054,2025-06-11 00:00:00,aftosa/ ricobendazol/ fluozaron,
12894,2056,2025-06-11 00:00:00,aftosa/ ricobendazol/ fluozaron,
12895,2058,2025-06-11 00:00:00,aftosa/ ricobendazol/ fluozaron,
12896,2067,2025-06-11 00:00:00,aftosa/ ricobendazol/ fluozaron,
12897,2090,2025-06-11 00:00:00,aftosa/ ricobendazol/ fluozaron,
12898,2092,2025-06-11 00:00:00,aftosa/ ricobendazol/ fluozaron,
12899,2094,2025-06-11 00:00:00,aftosa/ ricobendazol/ fluozaron,
12900,2101,2025-06-11 00:00:00,aftosa/ ricobendazol/ fluozaron,
12901,2106,2025-06-11 00:00:00,aftosa/ ricobendazol/ fluozaron,
12902,2128,2025-06-11 00:00:00,aftosa/ ricobendazol/ fluozaron,
12903,2149,2025-06-11 00:00:00,aftosa/ ricobendazol/ fluozaron,
12904,2154,2025-06-11 00:00:00,aftosa/ ricobendazol/ fluozaron,
12905,2155,2025-06-11 00:00:00,aftosa/ ricobendazol/ fluozaron,
12906,2159,2025-06-11 00:00:00,aftosa/ ricobendazol/ fluozaron,
12907,2167,2025-06-11 00:00:00,aftosa/ ricobendazol/ fluozaron,
12908,2170,2025-06-11 00:00:00,aftosa/ ricobendazol/ fluozaron,
12909,2174,2025-06-11 00:00:00,aftosa/ ricobendazol/ fluozaron,
12910,2204,2025-06-11 00:00:00,aftosa/ ricobendazol/ fluozaron,
12911,22100,2025-06-11 00:00:00,aftosa/ ricobendazol/ fluozaron,
12912,22114,2025-06-11 00:00:00,aftosa/ ricobendazol/ fluozaron,
12913,22115,2025-06-11 00:00:00,aftosa/ ricobendazol/ fluozaron,
12914,22118,2025-06-11 00:00:00,aftosa/ ricobendazol/ fluozaron,
12915,22120,2025-06-11 00:00:00,aftosa/ ricobendazol/ fluozaron,
12916,22122,2025-06-11 00:00:00,aftosa/ ricobendazol/ fluozaron,
12917,22132,2025-06-11 00:00:00,aftosa/ ricobendazol/ fluozaron,
12918,22157,2025-06-11 00:00:00,aftosa/ ricobendazol/ fluozaron,
12919,22158,2025-06-11 00:00:00,aftosa/ ricobendazol/ fluozaron,
12920,22166,2025-06-11 00:00:00,aftosa/ ricobendazol/ fluozaron,
12921,22168,2025-06-11 00:00:00,aftosa/ ricobendazol/ fluozaron,
12922,22175,2025-06-11 00:00:00,aftosa/ ricobendazol/ fluozaron,
12923,22176,2025-06-11 00:00:00,aftosa/ ricobendazol/ fluozaron,
12924,22178,2025-06-11 00:00:00,aftosa/ ricobendazol/ fluozaron,
12925,22181,2025-06-11 00:00:00,aftosa/ ricobendazol/ fluozaron,
12926,22184,2025-06-11 00:00:00,aftosa/ ricobendazol/ fluozaron,
12927,22185,2025-06-11 00:00:00,aftosa/ ricobendazol/ fluozaron,
12928,22187,2025-06-11 00:00:00,aftosa/ ricobendazol/ fluozaron,
12929,22188,2025-06-11 00:00:00,aftosa/ ricobendazol/ fluozaron,
12930,22190,2025-06-11 00:00:00,aftosa/ ricobendazol/ fluozaron,
12931,22192,2025-06-11 00:00:00,aftosa/ ricobendazol/ fluozaron,
12932,22194,2025-06-11 00:00:00,aftosa/ ricobendazol/ fluozaron,
12933,22196,2025-06-11 00:00:00,aftosa/ ricobendazol/ fluozaron,
12934,22205,2025-06-11 00:00:00,aftosa/ ricobendazol/ fluozaron,
12935,22206,2025-06-11 00:00:00,aftosa/ ricobendazol/ fluozaron,
12936,22207,2025-06-11 00:00:00,aftosa/ ricobendazol/ fluozaron,
12937,22209,2025-06-11 00:00:00,aftosa/ ricobendazol/ fluozaron,
12938,23004,2025-06-11 00:00:00,aftosa/ ricobendazol/ fluozaron,
12939,23007,2025-06-11 00:00:00,aftosa/ ricobendazol/ fluozaron,
12940,23010,2025-06-11 00:00:00,aftosa/ ricobendazol/ fluozaron,
12941,23011,2025-06-11 00:00:00,aftosa/ ricobendazol/ fluozaron,
12942,23014,2025-06-11 00:00:00,aftosa/ ricobendazol/ fluozaron,
12943,23015,2025-06-11 00:00:00,aftosa/ ricobendazol/ fluozaron,
12944,23019,2025-06-11 00:00:00,aftosa/ ricobendazol/ fluozaron,
12945,23020,2025-06-11 00:00:00,aftosa/ ricobendazol/ fluozaron,
12946,23028,2025-06-11 00:00:00,aftosa/ ricobendazol/ fluozaron,
12947,23038,2025-06-11 00:00:00,aftosa/ ricobendazol/ fluozaron,
12948,23046,2025-06-11 00:00:00,aftosa/ ricobendazol/ fluozaron,
12949,23053,2025-06-11 00:00:00,aftosa/ ricobendazol/ fluozaron,
12950,23054,2025-06-11 00:00:00,aftosa/ ricobendazol/ fluozaron,
12951,23058,2025-06-11 00:00:00,aftosa/ ricobendazol/ fluozaron,
12952,23063,2025-06-11 00:00:00,aftosa/ ricobendazol/ fluozaron,
12953,23072,2025-06-11 00:00:00,aftosa/ ricobendazol/ fluozaron,
12954,23078,2025-06-11 00:00:00,aftosa/ ricobendazol/ fluozaron,
12955,23084,2025-06-11 00:00:00,aftosa/ ricobendazol/ fluozaron,
12956,23085,2025-06-11 00:00:00,aftosa/ ricobendazol/ fluozaron,
12957,23088,2025-06-11 00:00:00,aftosa/ ricobendazol/ fluozaron,
12958,23090,2025-06-11 00:00:00,aftosa/ ricobendazol/ fluozaron,
12959,23095,2025-06-11 00:00:00,aftosa/ ricobendazol/ fluozaron,
12960,23096,2025-06-11 00:00:00,aftosa/ ricobendazol/ fluozaron,
12961,23100,2025-06-11 00:00:00,aftosa/ ricobendazol/ fluozaron,
12962,23102,2025-06-11 00:00:00,aftosa/ ricobendazol/ fluozaron,
12963,23104,2025-06-11 00:00:00,aftosa/ ricobendazol/ fluozaron,
12964,23114,2025-06-11 00:00:00,aftosa/ ricobendazol/ fluozaron,
12965,23116,2025-06-11 00:00:00,aftosa/ ricobendazol/ fluozaron,
12966,23118,2025-06-11 00:00:00,aftosa/ ricobendazol/ fluozaron,
12967,23119,2025-06-11 00:00:00,aftosa/ ricobendazol/ fluozaron,
12968,23123,2025-06-11 00:00:00,aftosa/ ricobendazol/ fluozaron,
12969,23135,2025-06-11 00:00:00,aftosa/ ricobendazol/ fluozaron,
12970,23142,2025-06-11 00:00:00,aftosa/ ricobendazol/ fluozaron,
12971,23146,2025-06-11 00:00:00,aftosa/ ricobendazol/ fluozaron,
12972,23150,2025-06-11 00:00:00,aftosa/ ricobendazol/ fluozaron,
12973,23181,2025-06-11 00:00:00,aftosa/ ricobendazol/ fluozaron,
12974,23214,2025-06-11 00:00:00,aftosa/ ricobendazol/ fluozaron,
12975,23249,2025-06-11 00:00:00,aftosa/ ricobendazol/ fluozaron,
12976,24029,2025-06-11 00:00:00,aftosa/ ricobendazol/ fluozaron,
12977,24077,2025-06-11 00:00:00,aftosa/ ricobendazol/ fluozaron,
12978,9135,2025-06-11 00:00:00,aftosa/ ricobendazol/ fluozaron,
12979,MSN15,2025-06-11 00:00:00,aftosa/ ricobendazol/ fluozaron,
12980,MSN17,2025-06-11 00:00:00,aftosa/ ricobendazol/ fluozaron,
12981,MSN3,2025-06-11 00:00:00,aftosa/ ricobendazol/ fluozaron,
12982,SN50,2025-06-11 00:00:00,aftosa/ ricobendazol/ fluozaron,
12983,1126,2025-06-11 00:00:00,aftosa/ ricobendazol/ fluozaron,
12984,MSN12,2025-06-11 00:00:00,aftosa/ ricobendazol/ fluozaron,
12985,0139,2025-06-12 00:00:00,ricobendazol/ aftosa/ clostridium,
12986,0294,2025-06-12 00:00:00,dorax/oxitetra/diminaceno/vit/ ricobendazol/aftosa/ clostridium,
12987,1045,2025-06-12 00:00:00,ricobendazol/ aftosa/ clostridium,
12988,1073,2025-06-12 00:00:00,ricobendazol/ aftosa/ clostridium,
12989,1074,2025-06-12 00:00:00,ricobendazol/ aftosa/ clostridium,
12990,1097B,2025-06-12 00:00:00,dorax/ ricobendazol/aftosa/ clostridium,
12991,1100A,2025-06-12 00:00:00,ricobendazol/ aftosa/ clostridium,
12992,2002,2025-06-12 00:00:00,ricobendazol/ aftosa/ clostridium,
12993,2011,2025-06-12 00:00:00,ricobendazol/ aftosa/ clostridium,
12994,2016,2025-06-12 00:00:00,ricobendazol/ aftosa/ clostridium,
12995,2026,2025-06-12 00:00:00,dorax/ ricobendazol/aftosa/ clostridium,
12996,2059,2025-06-12 00:00:00,ricobendazol/ aftosa/,
12997,2064,2025-06-12 00:00:00,ricobendazol/ aftosa/,
12998,2088B,2025-06-12 00:00:00,ricobendazol/ aftosa/ clostridium,
12999,2096A,2025-06-12 00:00:00,ricobendazol/ aftosa/,
13000,20971,2025-06-12 00:00:00,ricobendazol/ aftosa/ clostridium,
13001,2102,2025-06-12 00:00:00,ricobendazol/ aftosa/ clostridium,
13002,2107,2025-06-12 00:00:00,ricobendazol/ aftosa/ clostridium,
13003,2110,2025-06-12 00:00:00,ricobendazol/ aftosa/ clostridium,
13004,2137,2025-06-12 00:00:00,ricobendazol/ aftosa/ clostridium,
13005,21391,2025-06-12 00:00:00,ricobendazol/ aftosa/ clostridium,
13006,2140,2025-06-12 00:00:00,ricobendazol/ aftosa/ clostridium,
13007,2141,2025-06-12 00:00:00,dorax/ ricobendazol/aftosa/ clostridium,
13008,2143A,2025-06-12 00:00:00,ricobendazol/ aftosa/ clostridium,
13009,2145,2025-06-12 00:00:00,ricobendazol/ aftosa/ clostridium,
13010,2202,2025-06-12 00:00:00,dorax/ ricobendazol/aftosa/ clostridium,
13011,22085,2025-06-12 00:00:00,ricobendazol/ aftosa/ clostridium,
13012,22098,2025-06-12 00:00:00,ricobendazol/ aftosa/,
13013,22105,2025-06-12 00:00:00,ricobendazol/ aftosa/ clostridium,
13014,22112,2025-06-12 00:00:00,dorax/ ricobendazol/aftosa/ clostridium,
13015,22116,2025-06-12 00:00:00,ricobendazol/ aftosa/ clostridium,
13016,22117,2025-06-12 00:00:00,ricobendazol/ aftosa/ clostridium,
13017,22119,2025-06-12 00:00:00,ricobendazol/ aftosa/ clostridium,
13018,22121,2025-06-12 00:00:00,ricobendazol/ aftosa/ clostridium,
13019,22139,2025-06-12 00:00:00,ricobendazol/ aftosa/ clostridium,
13020,22142,2025-06-12 00:00:00,ricobendazol/ aftosa/ clostridium,
13021,22144,2025-06-12 00:00:00,ricobendazol/ aftosa/ clostridium,
13022,2215,2025-06-12 00:00:00,ricobendazol/ aftosa/ clostridium,
13023,22150,2025-06-12 00:00:00,ricobendazol/ aftosa/ clostridium,
13024,22151,2025-06-12 00:00:00,ricobendazol/ aftosa/ clostridium,
13025,22160,2025-06-12 00:00:00,ricobendazol/ aftosa/ clostridium,
13026,22161,2025-06-12 00:00:00,ricobendazol/ aftosa/ clostridium,
13027,22164,2025-06-12 00:00:00,ricobendazol/ aftosa/ clostridium,
13028,22169A,2025-06-12 00:00:00,ricobendazol/ aftosa/,
13029,22171,2025-06-12 00:00:00,dorax/ ricobendazol/aftosa/ clostridium,
13030,22177,2025-06-12 00:00:00,ricobendazol/ aftosa/ clostridium,
13031,2218,2025-06-12 00:00:00,dorax/ ricobendazol/aftosa/ clostridium,
13032,22180,2025-06-12 00:00:00,ricobendazol/ aftosa/ clostridium,
13033,22182,2025-06-12 00:00:00,ricobendazol/ aftosa/ clostridium,
13034,22183,2025-06-12 00:00:00,ricobendazol/ aftosa/,
13035,22186,2025-06-12 00:00:00,ricobendazol/ aftosa/ clostridium,
13036,22189,2025-06-12 00:00:00,ricobendazol/ aftosa/ clostridium,
13037,22191,2025-06-12 00:00:00,ricobendazol/ aftosa/ clostridium,
13038,22193,2025-06-12 00:00:00,ricobendazol/ aftosa/ clostridium,
13039,22197,2025-06-12 00:00:00,ricobendazol/ aftosa/ clostridium,
13040,22198,2025-06-12 00:00:00,ricobendazol/ aftosa/ clostridium,
13041,22199,2025-06-12 00:00:00,ricobendazol/ aftosa/ clostridium,
13042,22216,2025-06-12 00:00:00,ricobendazol/ aftosa/,
13043,22221,2025-06-12 00:00:00,ricobendazol/ aftosa/ clostridium,
13044,23001,2025-06-12 00:00:00,ricobendazol/ aftosa/ clostridium,
13045,23002,2025-06-12 00:00:00,ricobendazol/ aftosa/ clostridium,
13046,23003,2025-06-12 00:00:00,ricobendazol/ aftosa/ clostridium,
13047,23005,2025-06-12 00:00:00,ricobendazol/ aftosa/ clostridium,
13048,23006,2025-06-12 00:00:00,ricobendazol/ aftosa/ clostridium,
13049,23008,2025-06-12 00:00:00,ricobendazol/ aftosa/ clostridium,
13050,23016,2025-06-12 00:00:00,ricobendazol/ aftosa/ clostridium,
13051,23017,2025-06-12 00:00:00,ricobendazol/ aftosa/ clostridium,
13052,23018,2025-06-12 00:00:00,ricobendazol/ aftosa/ clostridium,
13053,23021,2025-06-12 00:00:00,ricobendazol/ aftosa/ clostridium,
13054,23022,2025-06-12 00:00:00,ricobendazol/ aftosa/ clostridium,
13055,23023,2025-06-12 00:00:00,ricobendazol/ aftosa/ clostridium,
13056,23024,2025-06-12 00:00:00,ricobendazol/ aftosa/ clostridium,
13057,23029,2025-06-12 00:00:00,ricobendazol/ aftosa/ clostridium,
13058,23030,2025-06-12 00:00:00,ricobendazol/ aftosa/ clostridium,
13059,23031,2025-06-12 00:00:00,ricobendazol/ aftosa/ clostridium,
13060,23033,2025-06-12 00:00:00,ricobendazol/ aftosa/ clostridium,
13061,23034,2025-06-12 00:00:00,ricobendazol/ aftosa/ clostridium,
13062,23035,2025-06-12 00:00:00,ricobendazol/ aftosa/ clostridium,
13063,23036,2025-06-12 00:00:00,ricobendazol/ aftosa/ clostridium,
13064,23037,2025-06-12 00:00:00,ricobendazol/ aftosa/ clostridium,
13065,23039,2025-06-12 00:00:00,ricobendazol/ aftosa/ clostridium,
13066,23043,2025-06-12 00:00:00,ricobendazol/ aftosa/ clostridium,
13067,23044,2025-06-12 00:00:00,ricobendazol/ aftosa/ clostridium,
13068,23045,2025-06-12 00:00:00,ricobendazol/ aftosa/ clostridium,
13069,23049,2025-06-12 00:00:00,ricobendazol/ aftosa/ clostridium,
13070,23050,2025-06-12 00:00:00,ricobendazol/ aftosa/ clostridium,
13071,23051,2025-06-12 00:00:00,ricobendazol/ aftosa/ clostridium,
13072,23052,2025-06-12 00:00:00,ricobendazol/ aftosa/ clostridium,
13073,23055,2025-06-12 00:00:00,ricobendazol/ aftosa/,
13074,23056,2025-06-12 00:00:00,ricobendazol/ aftosa/ clostridium,
13075,23057,2025-06-12 00:00:00,ricobendazol/ aftosa/ clostridium,
13076,23059,2025-06-12 00:00:00,ricobendazol/ aftosa/ clostridium,
13077,23060,2025-06-12 00:00:00,ricobendazol/ aftosa/ clostridium,
13078,23061,2025-06-12 00:00:00,ricobendazol/ aftosa/ clostridium,
13079,23062,2025-06-12 00:00:00,ricobendazol/ aftosa/ clostridium,
13080,23064,2025-06-12 00:00:00,ricobendazol/ aftosa/ clostridium,
13081,23065,2025-06-12 00:00:00,ricobendazol/ aftosa/,
13082,23066,2025-06-12 00:00:00,ricobendazol/ aftosa/ clostridium,
13083,23067,2025-06-12 00:00:00,ricobendazol/ aftosa/ clostridium,
13084,23069,2025-06-12 00:00:00,ricobendazol/ aftosa/ clostridium,
13085,23070,2025-06-12 00:00:00,ricobendazol/ aftosa/,
13086,23073,2025-06-12 00:00:00,ricobendazol/ aftosa/ clostridium,
13087,23075,2025-06-12 00:00:00,ricobendazol/ aftosa/,
13088,23077,2025-06-12 00:00:00,ricobendazol/ aftosa/ clostridium,
13089,23079,2025-06-12 00:00:00,ricobendazol/ aftosa/ clostridium,
13090,23080,2025-06-12 00:00:00,ricobendazol/ aftosa/ clostridium,
13091,23081,2025-06-12 00:00:00,ricobendazol/ aftosa/ clostridium,
13092,23082,2025-06-12 00:00:00,ricobendazol/ aftosa/ clostridium,
13093,23086,2025-06-12 00:00:00,ricobendazol/ aftosa/,
13094,23087,2025-06-12 00:00:00,ricobendazol/ aftosa/,
13095,23089,2025-06-12 00:00:00,ricobendazol/ aftosa/ clostridium,
13096,23091,2025-06-12 00:00:00,ricobendazol/ aftosa/ clostridium,
13097,23092,2025-06-12 00:00:00,ricobendazol/ aftosa/,
13098,23093,2025-06-12 00:00:00,ricobendazol/ aftosa/ clostridium,
13099,23097,2025-06-12 00:00:00,ricobendazol/ aftosa/ clostridium,
13100,23099,2025-06-12 00:00:00,ricobendazol/ aftosa/ clostridium,
13101,23101,2025-06-12 00:00:00,ricobendazol/ aftosa/ clostridium,
13102,23105,2025-06-12 00:00:00,ricobendazol/ aftosa/ clostridium,
13103,23106,2025-06-12 00:00:00,ricobendazol/ aftosa/,
13104,23107,2025-06-12 00:00:00,ricobendazol/ aftosa/ clostridium,
13105,23108,2025-06-12 00:00:00,ricobendazol/ aftosa/ clostridium,
13106,23109,2025-06-12 00:00:00,ricobendazol/ aftosa/,
13107,23110,2025-06-12 00:00:00,ricobendazol/ aftosa/ clostridium,
13108,23111,2025-06-12 00:00:00,ricobendazol/ aftosa/ clostridium,
13109,23115,2025-06-12 00:00:00,ricobendazol/ aftosa/ clostridium,
13110,23121,2025-06-12 00:00:00,ricobendazol/ aftosa/ clostridium,
13111,23122,2025-06-12 00:00:00,ricobendazol/ aftosa/,
13112,23126,2025-06-12 00:00:00,ricobendazol/ aftosa/ clostridium,
13113,23128,2025-06-12 00:00:00,ricobendazol/ aftosa/ clostridium,
13114,23129,2025-06-12 00:00:00,ricobendazol/ aftosa/ clostridium,
13115,23130,2025-06-12 00:00:00,ricobendazol/ aftosa/ clostridium,
13116,23131,2025-06-12 00:00:00,ricobendazol/ aftosa/ clostridium,
13117,23132,2025-06-12 00:00:00,ricobendazol/ aftosa/,
13118,23133,2025-06-12 00:00:00,ricobendazol/ aftosa/ clostridium,
13119,23134,2025-06-12 00:00:00,ricobendazol/ aftosa/ clostridium,
13120,23136,2025-06-12 00:00:00,ricobendazol/ aftosa/ clostridium,
13121,23137,2025-06-12 00:00:00,ricobendazol/ aftosa/ clostridium,
13122,23138,2025-06-12 00:00:00,ricobendazol/ aftosa/ clostridium,
13123,23141,2025-06-12 00:00:00,ricobendazol/ aftosa/ clostridium,
13124,23144,2025-06-12 00:00:00,ricobendazol/ aftosa/ clostridium,
13125,23145,2025-06-12 00:00:00,ricobendazol/ aftosa/,
13126,23147,2025-06-12 00:00:00,ricobendazol/ aftosa/,
13127,23151,2025-06-12 00:00:00,ricobendazol/ aftosa/ clostridium,
13128,23152,2025-06-12 00:00:00,ricobendazol/ aftosa/ clostridium,
13129,23153,2025-06-12 00:00:00,ricobendazol/ aftosa/ clostridium,
13130,23157,2025-06-12 00:00:00,ricobendazol/ aftosa/ clostridium,
13131,23158,2025-06-12 00:00:00,ricobendazol/ aftosa/,
13132,23159,2025-06-12 00:00:00,ricobendazol/ aftosa/ clostridium,
13133,23160,2025-06-12 00:00:00,ricobendazol/ aftosa/ clostridium,
13134,23162,2025-06-12 00:00:00,ricobendazol/ aftosa/,
13135,23164,2025-06-12 00:00:00,ricobendazol/ aftosa/ clostridium,
13136,23165,2025-06-12 00:00:00,ricobendazol/ aftosa/,
13137,23169,2025-06-12 00:00:00,ricobendazol/ aftosa/ clostridium,
13138,23170,2025-06-12 00:00:00,ricobendazol/ aftosa/ clostridium,
13139,23171,2025-06-12 00:00:00,ricobendazol/ aftosa/ clostridium,
13140,23172,2025-06-12 00:00:00,ricobendazol/ aftosa/ clostridium,
13141,23174,2025-06-12 00:00:00,ricobendazol/ aftosa/ clostridium,
13142,23178,2025-06-12 00:00:00,ricobendazol/ aftosa/,
13143,23179,2025-06-12 00:00:00,ricobendazol/ aftosa/,
13144,23183,2025-06-12 00:00:00,ricobendazol/ aftosa/,
13145,23184,2025-06-12 00:00:00,ricobendazol/ aftosa/ clostridium,
13146,23185,2025-06-12 00:00:00,ricobendazol/ aftosa/ clostridium,
13147,23187,2025-06-12 00:00:00,ricobendazol/ aftosa/ clostridium,
13148,23189,2025-06-12 00:00:00,ricobendazol/ aftosa/,
13149,23190,2025-06-12 00:00:00,ricobendazol/ aftosa/ clostridium,
13150,23193,2025-06-12 00:00:00,ricobendazol/ aftosa/ clostridium,
13151,23195,2025-06-12 00:00:00,ricobendazol/ aftosa/,
13152,23196,2025-06-12 00:00:00,ricobendazol/ aftosa/,
13153,23198,2025-06-12 00:00:00,ricobendazol/ aftosa/ clostridium,
13154,23201,2025-06-12 00:00:00,ricobendazol/ aftosa/,
13155,23202,2025-06-12 00:00:00,ricobendazol/ aftosa/,
13156,23203,2025-06-12 00:00:00,ricobendazol/ aftosa/,
13157,23204,2025-06-12 00:00:00,ricobendazol/ aftosa/ clostridium,
13158,23206,2025-06-12 00:00:00,ricobendazol/ aftosa/ clostridium,
13159,23207,2025-06-12 00:00:00,ricobendazol/ aftosa/ clostridium,
13160,23208,2025-06-12 00:00:00,ricobendazol/ aftosa/ clostridium,
13161,23210,2025-06-12 00:00:00,ricobendazol/ aftosa/ clostridium,
13162,23211,2025-06-12 00:00:00,ricobendazol/ aftosa/ clostridium,
13163,23215,2025-06-12 00:00:00,ricobendazol/ aftosa/ clostridium,
13164,23218,2025-06-12 00:00:00,ricobendazol/ aftosa/,
13165,23220,2025-06-12 00:00:00,ricobendazol/ aftosa/,
13166,23222,2025-06-12 00:00:00,ricobendazol/ aftosa/ clostridium,
13167,23225,2025-06-12 00:00:00,ricobendazol/ aftosa/,
13168,23228,2025-06-12 00:00:00,ricobendazol/ aftosa/ clostridium,
13169,23229,2025-06-12 00:00:00,ricobendazol/ aftosa/ clostridium,
13170,23230,2025-06-12 00:00:00,ricobendazol/ aftosa/ clostridium,
13171,23235,2025-06-12 00:00:00,ricobendazol/ aftosa/ clostridium,
13172,23240,2025-06-12 00:00:00,ricobendazol/ aftosa/,
13173,23242,2025-06-12 00:00:00,ricobendazol/ aftosa/ clostridium,
13174,23244,2025-06-12 00:00:00,ricobendazol/ aftosa/,
13175,23247,2025-06-12 00:00:00,ricobendazol/ aftosa/,
13176,23251,2025-06-12 00:00:00,ricobendazol/ aftosa/ clostridium,
13177,24003,2025-06-12 00:00:00,ricobendazol/ aftosa/,
13178,24009,2025-06-12 00:00:00,ricobendazol/ aftosa/ clostridium,
13179,24011,2025-06-12 00:00:00,ricobendazol/ aftosa/ clostridium,
13180,24012,2025-06-12 00:00:00,ricobendazol/ aftosa/ clostridium,
13181,24019,2025-06-12 00:00:00,ricobendazol/ aftosa/ clostridium,
13182,24023,2025-06-12 00:00:00,ricobendazol/ aftosa/ clostridium,
13183,24025,2025-06-12 00:00:00,ricobendazol/ aftosa/ clostridium,
13184,24027,2025-06-12 00:00:00,ricobendazol/ aftosa/ clostridium,
13185,24028,2025-06-12 00:00:00,ricobendazol/ aftosa/ clostridium,
13186,24030,2025-06-12 00:00:00,ricobendazol/ aftosa/,
13187,24031,2025-06-12 00:00:00,ricobendazol/ aftosa/ clostridium,
13188,24043,2025-06-12 00:00:00,ricobendazol/ aftosa/ clostridium,
13189,24044,2025-06-12 00:00:00,ricobendazol/ aftosa/ clostridium,
13190,24046,2025-06-12 00:00:00,ricobendazol/ aftosa/,
13191,24047,2025-06-12 00:00:00,ricobendazol/ aftosa/,
13192,24048,2025-06-12 00:00:00,ricobendazol/ aftosa/,
13193,24049,2025-06-12 00:00:00,ricobendazol/ aftosa/ clostridium,
13194,24050,2025-06-12 00:00:00,ricobendazol/ aftosa/ clostridium,
13195,24056,2025-06-12 00:00:00,ricobendazol/ aftosa/ clostridium,
13196,24061,2025-06-12 00:00:00,ricobendazol/ aftosa/ clostridium,
13197,24062,2025-06-12 00:00:00,ricobendazol/ aftosa/,
13198,24063,2025-06-12 00:00:00,ricobendazol/ aftosa/ clostridium,
13199,24066,2025-06-12 00:00:00,ricobendazol/ aftosa/ clostridium,
13200,24067,2025-06-12 00:00:00,ricobendazol/ aftosa/,
13201,24069,2025-06-12 00:00:00,ricobendazol/ aftosa/ clostridium,
13202,24070,2025-06-12 00:00:00,ricobendazol/ aftosa/ clostridium,
13203,24071,2025-06-12 00:00:00,ricobendazol/ aftosa/ clostridium,
13204,24072,2025-06-12 00:00:00,ricobendazol/ aftosa/ clostridium,
13205,24074,2025-06-12 00:00:00,ricobendazol/ aftosa/ clostridium,
13206,24075,2025-06-12 00:00:00,ricobendazol/ aftosa/,
13207,24076,2025-06-12 00:00:00,ricobendazol/ aftosa/ clostridium,
13208,24079,2025-06-12 00:00:00,ricobendazol/ aftosa/ clostridium,
13209,24080,2025-06-12 00:00:00,ricobendazol/ aftosa/,
13210,24081,2025-06-12 00:00:00,ricobendazol/ aftosa/ clostridium,
13211,24082,2025-06-12 00:00:00,ricobendazol/ aftosa/ clostridium,
13212,24085,2025-06-12 00:00:00,ricobendazol/ aftosa/,
13213,24086,2025-06-12 00:00:00,ricobendazol/ aftosa/,
13214,24087,2025-06-12 00:00:00,ricobendazol/ aftosa/ clostridium,
13215,24089,2025-06-12 00:00:00,ricobendazol/ aftosa/ clostridium,
13216,24092,2025-06-12 00:00:00,ricobendazol/ aftosa/,
13217,24095,2025-06-12 00:00:00,ricobendazol/ aftosa/ clostridium,
13218,24096,2025-06-12 00:00:00,ricobendazol/ aftosa/,
13219,24097,2025-06-12 00:00:00,ricobendazol/ aftosa/ clostridium,
13220,24098,2025-06-12 00:00:00,ricobendazol/ aftosa/,
13221,24099,2025-06-12 00:00:00,ricobendazol/ aftosa/,
13222,24102,2025-06-12 00:00:00,ricobendazol/ aftosa/ clostridium,
13223,24105,2025-06-12 00:00:00,ricobendazol/ aftosa/ clostridium,
13224,24109,2025-06-12 00:00:00,ricobendazol/ aftosa/ clostridium,
13225,24111,2025-06-12 00:00:00,ricobendazol/ aftosa/ clostridium,
13226,24116,2025-06-12 00:00:00,ricobendazol/ aftosa/,
13227,24118,2025-06-12 00:00:00,ricobendazol/ aftosa/,
13228,24120,2025-06-12 00:00:00,ricobendazol/ aftosa/ clostridium,
13229,24127,2025-06-12 00:00:00,ricobendazol/ aftosa/ clostridium,
13230,24130,2025-06-12 00:00:00,ricobendazol/ aftosa/ clostridium,
13231,24131,2025-06-12 00:00:00,ricobendazol/ aftosa/ clostridium,
13232,24132,2025-06-12 00:00:00,ricobendazol/ aftosa/ clostridium,
13233,24133,2025-06-12 00:00:00,ricobendazol/ aftosa/ clostridium,
13234,24134,2025-06-12 00:00:00,ricobendazol/ aftosa/,
13235,24135,2025-06-12 00:00:00,ricobendazol/ aftosa/ clostridium,
13236,24137,2025-06-12 00:00:00,ricobendazol/ aftosa/,
13237,24140,2025-06-12 00:00:00,ricobendazol/ aftosa/ clostridium,
13238,24141,2025-06-12 00:00:00,ricobendazol/ aftosa/ clostridium,
13239,24142,2025-06-12 00:00:00,ricobendazol/ aftosa/ clostridium,
13240,24143,2025-06-12 00:00:00,ricobendazol/ aftosa/ clostridium,
13241,24144,2025-06-12 00:00:00,ricobendazol/ aftosa/ clostridium,
13242,24145,2025-06-12 00:00:00,ricobendazol/ aftosa/,
13243,24146,2025-06-12 00:00:00,ricobendazol/ aftosa/ clostridium,
13244,24147,2025-06-12 00:00:00,ricobendazol/ aftosa/ clostridium,
13245,24150,2025-06-12 00:00:00,ricobendazol/ aftosa/ clostridium,
13246,24151,2025-06-12 00:00:00,ricobendazol/ aftosa/ clostridium,
13247,24152,2025-06-12 00:00:00,ricobendazol/ aftosa/ clostridium,
13248,24153,2025-06-12 00:00:00,ricobendazol/ aftosa/ clostridium,
13249,24154,2025-06-12 00:00:00,ricobendazol/ aftosa/ clostridium,
13250,24155,2025-06-12 00:00:00,ricobendazol/ aftosa/,
13251,24156,2025-06-12 00:00:00,ricobendazol/ aftosa/ clostridium,
13252,24157,2025-06-12 00:00:00,ricobendazol/ aftosa/ clostridium,
13253,24158,2025-06-12 00:00:00,ricobendazol/ aftosa/ clostridium,
13254,24159,2025-06-12 00:00:00,ricobendazol/ aftosa/,
13255,24160,2025-06-12 00:00:00,ricobendazol/ aftosa/ clostridium,
13256,24162,2025-06-12 00:00:00,ricobendazol/ aftosa/ clostridium,
13257,24163,2025-06-12 00:00:00,ricobendazol/ aftosa/,
13258,24165,2025-06-12 00:00:00,ricobendazol/ aftosa/,
13259,24170,2025-06-12 00:00:00,ricobendazol/ aftosa/ clostridium,
13260,24173,2025-06-12 00:00:00,ricobendazol/ aftosa/ clostridium,
13261,24176,2025-06-12 00:00:00,ricobendazol/ aftosa/ clostridium,
13262,24177,2025-06-12 00:00:00,ricobendazol/ aftosa/ clostridium,
13263,24179,2025-06-12 00:00:00,ricobendazol/ aftosa/ clostridium,
13264,24180,2025-06-12 00:00:00,ricobendazol/ aftosa/ clostridium,
13265,24181,2025-06-12 00:00:00,ricobendazol/ aftosa/ clostridium,
13266,24182,2025-06-12 00:00:00,ricobendazol/ aftosa/ clostridium,
13267,24187,2025-06-12 00:00:00,ricobendazol/ aftosa/,
13268,24189,2025-06-12 00:00:00,ricobendazol/ aftosa/ clostridium,
13269,24190,2025-06-12 00:00:00,ricobendazol/ aftosa/,
13270,24191,2025-06-12 00:00:00,ricobendazol/ aftosa/ clostridium,
13271,24193,2025-06-12 00:00:00,ricobendazol/ aftosa/ clostridium,
13272,24194,2025-06-12 00:00:00,ricobendazol/ aftosa/ clostridium,
13273,24195,2025-06-12 00:00:00,ricobendazol/ aftosa/ clostridium,
13274,24196,2025-06-12 00:00:00,ricobendazol/ aftosa/ clostridium,
13275,24197,2025-06-12 00:00:00,ricobendazol/ aftosa/ clostridium,
13276,24198,2025-06-12 00:00:00,ricobendazol/ aftosa/ clostridium,
13277,24201,2025-06-12 00:00:00,ricobendazol/ aftosa/ clostridium,
13278,24203,2025-06-12 00:00:00,ricobendazol/ aftosa/ clostridium,
13279,24206,2025-06-12 00:00:00,ricobendazol/ aftosa/ clostridium,
13280,24207,2025-06-12 00:00:00,ricobendazol/ aftosa/,
13281,24210,2025-06-12 00:00:00,ricobendazol/ aftosa/ clostridium,
13282,24211,2025-06-12 00:00:00,ricobendazol/ aftosa/,
13283,24212,2025-06-12 00:00:00,ricobendazol/ aftosa/,
13284,24214,2025-06-12 00:00:00,ricobendazol/ aftosa/ clostridium,
13285,24217,2025-06-12 00:00:00,ricobendazol/ aftosa/,
13286,24224,2025-06-12 00:00:00,ricobendazol/ aftosa/ clostridium,
13287,24231,2025-06-12 00:00:00,ricobendazol/ aftosa/ clostridium,
13288,24238,2025-06-12 00:00:00,ricobendazol/ aftosa/,
13289,4053,2025-06-12 00:00:00,dorax/ ricobendazol/aftosa/ clostridium,
13290,6028,2025-06-12 00:00:00,ricobendazol/ aftosa/ clostridium,
13291,24021,2025-06-12 00:00:00,ricobendazol/ aftosa/ clostridium,
13292,22131,2025-06-12 00:00:00,ricobendazol/ aftosa/ clostridium,
13293,23156,2025-06-12 00:00:00,ricobendazol/ aftosa/ clostridium,
13294,2148A,2025-05-29 00:00:00,Aftosa/ ricobendazol/ clostridium,
13295,9073,2025-05-30 00:00:00,aftosa/ ricobendazol/ cythamoz,
13296,0234,2025-07-02 00:00:00,ricobendazol,
13297,0302,2025-07-02 00:00:00,ricobendazol,
13298,0303,2025-07-02 00:00:00,ricobendazol,
13299,0304,2025-07-02 00:00:00,ricobendazol,
13300,0305,2025-07-02 00:00:00,ricobendazol,
13301,0306,2025-07-02 00:00:00,ricobendazol,
13302,0307,2025-07-02 00:00:00,ricobendazol,
13303,0308,2025-07-02 00:00:00,ricobendazol,
13304,0310,2025-07-02 00:00:00,ricobendazol,
13305,0311,2025-07-02 00:00:00,ricobendazol,
13306,0312,2025-07-02 00:00:00,ricobendazol,
13307,0313,2025-07-02 00:00:00,ricobendazol,
13308,0314,2025-07-02 00:00:00,ricobendazol,
13309,0317A,2025-07-02 00:00:00,ricobendazol,
13310,1500,2025-07-02 00:00:00,ricobendazol,
13311,1501,2025-07-02 00:00:00,ricobendazol,
13312,24171,2025-07-02 00:00:00,ricobendazol,
13313,24184,2025-07-02 00:00:00,ricobendazol,
13314,24306,2025-07-02 00:00:00,ricobendazol,
13315,24307,2025-07-02 00:00:00,ricobendazol,
13316,24308,2025-07-02 00:00:00,ricobendazol,
13317,2500,2025-07-02 00:00:00,ricobendazol,
13318,25016,2025-07-02 00:00:00,ricobendazol,
13319,25041,2025-07-02 00:00:00,ricobendazol,
13320,25042,2025-07-02 00:00:00,ricobendazol,
13321,25043,2025-07-02 00:00:00,ricobendazol,
13322,3501,2025-07-02 00:00:00,ricobendazol,
13323,3504,2025-07-02 00:00:00,ricobendazol,
13324,9500,2025-07-02 00:00:00,ricobendazol,
13325,9501,2025-07-02 00:00:00,ricobendazol,
13326,9503,2025-07-02 00:00:00,ricobendazol,
13327,pend24,2025-07-02 00:00:00,ricobendazol,
13328,pend35,2025-07-02 00:00:00,ricobendazol,
13329,pend36,2025-07-02 00:00:00,ricobendazol,
13330,pend37,2025-07-02 00:00:00,ricobendazol,
13331,pend39,2025-07-02 00:00:00,ricobendazol,
13332,pend41,2025-07-02 00:00:00,ricobendazol,
13333,pend42,2025-07-02 00:00:00,ricobendazol,
13334,pend44,2025-07-02 00:00:00,ricobendazol,
13335,PEND45,2025-07-02 00:00:00,ricobendazol,
13336,pend46,2025-07-02 00:00:00,ricobendazol,
13337,pend47,2025-07-02 00:00:00,ricobendazol,
13338,pend48,2025-07-02 00:00:00,ricobendazol,
13339,25152,2025-07-02 00:00:00,ricobendazol,
13340,25151,2025-07-02 00:00:00,ricobendazol,
13341,pend49,2025-07-02 00:00:00,ricobendazol,
13342,pend50,2025-07-02 00:00:00,ricobendazol,
13343,4501,2025-07-02 00:00:00,ricobendazol,
13344,25018,2025-08-13 00:00:00,oxitetraciclina,en tto por un abseso en rodilla der
13345,4035,2025-08-15 00:00:00,renca. Tto podal  uso de renetas,
13346,0302,2025-08-20 00:00:00,diaerrex/babecide,muy flaca
13347,2149,2025-08-20 00:00:00,casco duro,limpieza pata del iz
13348,9192,2025-08-20 00:00:00,lepecid,oreja der
13349,2153,2025-09-27 00:00:00,parto distosico,
13350,0252,2025-10-07 00:00:00,arrg podal  mmbro post der,
13351,3021A,2025-10-07 00:00:00,arrg podal  mmbro ant iz,
13352,7028,2025-10-07 00:00:00,arrg podal  mmbro ant iz,
13353,BU2525,2025-10-20 00:00:00,diaerrex/ cetifur / finacol/,hijo de caracol por 3 dias
13354,BU2525,2025-10-22 00:00:00,diaerrex/ cetifur / finacol/MEMBUTONA,
13355,0139,2025-10-21 00:00:00,moxical/trabuco/boldenona,vacas matadero
13356,0299C,2025-10-21 00:00:00,moxical/trabuco/boldenona,vacas matadero
13357,0302,2025-10-21 00:00:00,moxical/trabuco/boldenona,vacas matadero
13358,0320,2025-10-21 00:00:00,moxical/trabuco/boldenona,vacas matadero
13359,1109A,2025-10-21 00:00:00,moxical/trabuco/boldenona,vacas matadero
13360,1139A,2025-10-21 00:00:00,moxical/trabuco/boldenona,vacas matadero
13361,2021,2025-10-21 00:00:00,moxical/trabuco/boldenona,vacas matadero
13362,2096,2025-10-21 00:00:00,moxical/trabuco/boldenona,vacas matadero
13363,3028A,2025-10-21 00:00:00,moxical/trabuco/boldenona,vacas matadero
13364,5082,2025-10-21 00:00:00,moxical/trabuco/boldenona,vacas matadero
13365,60286,2025-10-21 00:00:00,moxical/trabuco/boldenona,vacas matadero
13366,7032,2025-10-21 00:00:00,moxical/trabuco/boldenona,vacas matadero
13367,7066,2025-10-21 00:00:00,moxical/trabuco/boldenona,vacas matadero
13368,7067,2025-10-21 00:00:00,moxical/trabuco/boldenona,vacas matadero
13369,8072,2025-10-21 00:00:00,moxical/trabuco/boldenona,vacas matadero
13370,3119,2025-10-21 00:00:00,moxical/trabuco/boldenona,vacas matadero
13371,2063B,2025-10-21 00:00:00,moxical/trabuco/boldenona,vacas matadero
13372,8063,2025-10-21 00:00:00,moxical/trabuco/boldenona,vacas matadero
13373,4A,2025-10-21 00:00:00,moxical/trabuco/boldenona,vacas matadero
13374,SNA,2025-10-21 00:00:00,moxical/trabuco/boldenona,vacas matadero
13375,24248,2025-10-23 00:00:00,fenvet/combibac,
13376,24282,2025-10-23 00:00:00,fenvet/combibac,
13377,J25001,2025-10-23 00:00:00,fenvet/combibac,
13378,25012,2025-10-23 00:00:00,fenvet/combibac,
13379,25020,2025-10-23 00:00:00,fenvet/combibac,
13380,25022,2025-10-23 00:00:00,fenvet/combibac,
13381,25024,2025-10-23 00:00:00,fenvet/combibac,
13382,25027,2025-10-23 00:00:00,fenvet/combibac,
13383,25030,2025-10-23 00:00:00,fenvet/combibac,
13384,J25031,2025-10-23 00:00:00,fenvet/combibac,
13385,25034,2025-10-23 00:00:00,fenvet/combibac,
13386,25036,2025-10-23 00:00:00,fenvet/combibac,
13387,25040,2025-10-23 00:00:00,fenvet/combibac,
13388,J25049,2025-10-23 00:00:00,fenvet/combibac,
13389,25050,2025-10-23 00:00:00,fenvet/combibac,
13390,25052,2025-10-23 00:00:00,fenvet/combibac,
13391,25053,2025-10-23 00:00:00,fenvet/combibac,
13392,25054,2025-10-23 00:00:00,fenvet/combibac,
13393,25056,2025-10-23 00:00:00,fenvet/combibac,
13394,25055,2025-10-23 00:00:00,fenvet/combibac,
13395,25058,2025-10-23 00:00:00,fenvet/combibac,
13396,25059,2025-10-23 00:00:00,fenvet/combibac,
13397,25061,2025-10-23 00:00:00,fenvet/combibac,
13398,25066,2025-10-23 00:00:00,fenvet/combibac,
13399,25067,2025-10-23 00:00:00,fenvet/combibac,
13400,25068,2025-10-23 00:00:00,fenvet/combibac,
13401,25069,2025-10-23 00:00:00,fenvet/combibac,
13402,25074,2025-10-23 00:00:00,fenvet/combibac,
13403,J25002,2025-10-23 00:00:00,fenvet/combibac,
13404,25075,2025-10-23 00:00:00,fenvet/combibac,
13405,25076,2025-10-23 00:00:00,fenvet/combibac,
13406,25082,2025-10-23 00:00:00,fenvet/combibac,
13407,25088,2025-10-23 00:00:00,fenvet/combibac,
13408,25089,2025-10-23 00:00:00,fenvet/combibac,
13409,25100,2025-10-23 00:00:00,fenvet/combibac,
13410,25101,2025-10-23 00:00:00,fenvet/combibac,
13411,25102,2025-10-23 00:00:00,fenvet/combibac,
13412,25107,2025-10-23 00:00:00,fenvet/combibac,
13413,25109,2025-10-23 00:00:00,fenvet/combibac,
13414,25112,2025-10-23 00:00:00,fenvet/combibac,
13415,25116,2025-10-23 00:00:00,fenvet/combibac,
13416,25126,2025-10-23 00:00:00,fenvet/combibac,
13417,25129,2025-10-23 00:00:00,fenvet/combibac,
13418,25130,2025-10-23 00:00:00,fenvet/combibac,
13419,25134,2025-10-23 00:00:00,fenvet/combibac,
13420,25135,2025-10-23 00:00:00,fenvet/combibac,
13421,25121,2025-10-23 00:00:00,fenvet/combibac,
13422,25139,2025-10-23 00:00:00,fenvet/combibac,
13423,25141,2025-10-23 00:00:00,fenvet/combibac,
13424,25142,2025-10-23 00:00:00,fenvet/combibac,
13425,25145,2025-10-23 00:00:00,fenvet/combibac,
13426,25155,2025-10-23 00:00:00,fenvet/combibac,
13427,25158,2025-10-23 00:00:00,fenvet/combibac,
13428,25159,2025-10-23 00:00:00,fenvet/combibac,
13429,25166,2025-10-23 00:00:00,fenvet/combibac,
13430,25167,2025-10-23 00:00:00,fenvet/combibac,
13431,J25132,2025-10-23 00:00:00,fenvet/combibac,
13432,25184,2025-10-23 00:00:00,fenvet/combibac,
13433,25190,2025-10-23 00:00:00,fenvet/combibac,
13434,25221,2025-10-23 00:00:00,fenvet/combibac,
13435,24204,2025-10-23 00:00:00,fenvet/combibac,
13436,24269,2025-10-23 00:00:00,fenvet/combibac,
13437,25108,2025-10-23 00:00:00,fenvet/combibac,
13438,24290,2025-10-23 00:00:00,fenvet/combibac,
13439,24259,2025-10-23 00:00:00,fenvet/combibac,
13440,24285,2025-10-23 00:00:00,fenvet/combibac,
13441,25045,2025-10-23 00:00:00,fenvet/combibac,
13442,24251,2025-10-23 00:00:00,fenvet/combibac,
13443,25095,2025-10-23 00:00:00,fenvet/combibac,
13444,24250,2025-10-23 00:00:00,fenvet/combibac,
13445,24300,2025-10-23 00:00:00,fenvet/combibac,
13446,24287,2025-10-23 00:00:00,fenvet/combibac,
13447,25210,2025-10-24 00:00:00,fenvet/combibac,
13448,25175,2025-10-24 00:00:00,fenvet/combibac,
13449,25223,2025-10-24 00:00:00,fenvet/combibac,
13450,25203,2025-10-24 00:00:00,fenvet/combibac,
13451,25177,2025-10-23 00:00:00,fenvet/ combivac,
13452,23206,2025-11-03 00:00:00,trabuco/ diaerrex/finacol,
13534,25005,2025-10-24 00:00:00,fenvet/combibac,
13535,25062,2025-10-24 00:00:00,fenvet/combibac,
13536,25073,2025-10-24 00:00:00,fenvet/combibac,
13537,25077,2025-10-24 00:00:00,fenvet/combibac,
13538,25087,2025-10-24 00:00:00,fenvet/combibac,
13539,25091,2025-10-24 00:00:00,fenvet/combibac,
13540,25098,2025-10-24 00:00:00,fenvet/combibac,
13541,25103,2025-10-24 00:00:00,fenvet/combibac,
13542,25105,2025-10-24 00:00:00,fenvet/combibac,
13543,25106,2025-10-24 00:00:00,fenvet/combibac,
13544,25110,2025-10-24 00:00:00,fenvet/combibac,
13545,25111,2025-10-24 00:00:00,fenvet/combibac,
13546,25113,2025-10-24 00:00:00,fenvet/combibac,
13547,25123,2025-10-24 00:00:00,fenvet/combibac,
13548,25127,2025-10-24 00:00:00,fenvet/combibac,
13549,25128,2025-10-24 00:00:00,fenvet/combibac,
13550,25131,2025-10-24 00:00:00,fenvet/combibac,
13551,25133,2025-10-24 00:00:00,fenvet/combibac,
13552,25146,2025-10-24 00:00:00,fenvet/combibac,
13553,25150,2025-10-24 00:00:00,fenvet/combibac,
13554,25156,2025-10-24 00:00:00,fenvet/combibac,
13555,25157,2025-10-24 00:00:00,fenvet/combibac,
13556,25162,2025-10-24 00:00:00,fenvet/combibac,
13557,25163,2025-10-24 00:00:00,fenvet/combibac,
13558,25165,2025-10-24 00:00:00,fenvet/combibac,
13559,25169,2025-10-24 00:00:00,fenvet/combibac,
13560,25170,2025-10-24 00:00:00,fenvet/combibac,
13561,J25147,2025-10-24 00:00:00,fenvet/combibac,
13562,25174,2025-10-24 00:00:00,fenvet/combibac,
13563,25177,2025-10-24 00:00:00,fenvet/combibac,
13564,25181,2025-10-24 00:00:00,fenvet/combibac,
13565,25182,2025-10-24 00:00:00,fenvet/combibac,
13566,25187,2025-10-24 00:00:00,fenvet/combibac,
13567,25188,2025-10-24 00:00:00,fenvet/combibac,
13568,25191,2025-10-24 00:00:00,fenvet/combibac,
13569,25192,2025-10-24 00:00:00,fenvet/combibac,
13570,25194,2025-10-24 00:00:00,fenvet/combibac,
13571,25196,2025-10-24 00:00:00,fenvet/combibac,
13572,25197,2025-10-24 00:00:00,fenvet/combibac,
13573,25199,2025-10-24 00:00:00,fenvet/combibac,
13574,25200,2025-10-24 00:00:00,fenvet/combibac,
13575,25202,2025-10-24 00:00:00,fenvet/combibac,
13576,25204,2025-10-24 00:00:00,fenvet/combibac,
13577,25205,2025-10-24 00:00:00,fenvet/combibac,
13578,25206,2025-10-24 00:00:00,fenvet/combibac,
13579,25207,2025-10-24 00:00:00,fenvet/combibac,
13580,25208,2025-10-24 00:00:00,fenvet/combibac,
13581,25209,2025-10-24 00:00:00,fenvet/combibac,
13582,25211,2025-10-24 00:00:00,fenvet/combibac,
13583,25212,2025-10-24 00:00:00,fenvet/combibac,
13584,25213,2025-10-24 00:00:00,fenvet/combibac,
13585,25214,2025-10-24 00:00:00,fenvet/combibac,
13586,25215,2025-10-24 00:00:00,fenvet/combibac,
13587,25216,2025-10-24 00:00:00,fenvet/combibac,
13588,25217,2025-10-24 00:00:00,fenvet/combibac,
13589,25219,2025-10-24 00:00:00,fenvet/combibac,
13590,25220,2025-10-24 00:00:00,fenvet/combibac,
13591,25224,2025-10-24 00:00:00,fenvet/combibac,
13592,25226,2025-10-24 00:00:00,fenvet/combibac,
13593,25229,2025-10-24 00:00:00,fenvet/combibac,
13594,25230,2025-10-24 00:00:00,fenvet/combibac,
13595,25231,2025-10-24 00:00:00,fenvet/combibac,
13596,25232,2025-10-24 00:00:00,fenvet/combibac,
13597,25233,2025-10-24 00:00:00,fenvet/combibac,
13598,25234,2025-10-24 00:00:00,fenvet/combibac,
13599,25235,2025-10-24 00:00:00,fenvet/combibac,
13600,25236,2025-10-24 00:00:00,fenvet/combibac,
13601,25237,2025-10-24 00:00:00,fenvet/combibac,
13602,25239,2025-10-24 00:00:00,fenvet/combibac,
13603,25240,2025-10-24 00:00:00,fenvet/combibac,
13604,25241,2025-10-24 00:00:00,fenvet/combibac,
13605,25242,2025-10-24 00:00:00,fenvet/combibac,
13606,25243,2025-10-24 00:00:00,fenvet/combibac,
13607,25244,2025-10-24 00:00:00,fenvet/combibac,
13608,25247,2025-10-24 00:00:00,fenvet/combibac,
13609,25248,2025-10-24 00:00:00,fenvet/combibac,
13610,25249,2025-10-24 00:00:00,fenvet/combibac,
13611,25210,2025-10-24 00:00:00,fenvet/combibac,
13612,25175,2025-10-24 00:00:00,fenvet/combibac,
13613,25223,2025-10-24 00:00:00,fenvet/combibac,
13614,25203,2025-10-24 00:00:00,fenvet/combibac,
13615,24259,2025-11-19 00:00:00,aftosa/rabia/fipronil/COMBIBAC/ricobendazol,
13616,24287,2025-11-19 00:00:00,aftosa/rabia/fipronil/COMBIBAC/ricobendazol,
13617,24300,2025-11-19 00:00:00,aftosa/rabia/fipronil/COMBIBAC/ricobendazol,
13618,25005,2025-11-19 00:00:00,aftosa/rabia/fipronil/COMBIBAC/ricobendazol,
13619,25012,2025-11-19 00:00:00,aftosa/rabia/fipronil/COMBIBAC/ricobendazol,
13620,25020,2025-11-19 00:00:00,aftosa/rabia/fipronil/COMBIBAC/ricobendazol,
13621,25022,2025-11-19 00:00:00,aftosa/rabia/fipronil/COMBIBAC/ricobendazol,
13622,25024,2025-11-19 00:00:00,aftosa/rabia/fipronil/COMBIBAC/ricobendazol,
13623,25027,2025-11-19 00:00:00,aftosa/rabia/fipronil/COMBIBAC/ricobendazol,
13624,25030,2025-11-19 00:00:00,aftosa/rabia/fipronil/COMBIBAC/ricobendazol,
13625,25034,2025-11-19 00:00:00,aftosa/rabia/fipronil/COMBIBAC/ricobendazol,
13626,25036,2025-11-19 00:00:00,aftosa/rabia/fipronil/COMBIBAC/ricobendazol,
13627,25039,2025-11-19 00:00:00,aftosa/rabia/fipronil/COMBIBAC/ricobendazol,
13628,25040,2025-11-19 00:00:00,aftosa/rabia/fipronil/COMBIBAC/ricobendazol,
13629,25045,2025-11-19 00:00:00,aftosa/rabia/fipronil/COMBIBAC/ricobendazol,
13630,25050,2025-11-19 00:00:00,aftosa/rabia/fipronil/COMBIBAC/ricobendazol,
13631,25052,2025-11-19 00:00:00,aftosa/rabia/fipronil/COMBIBAC/ricobendazol,
13632,25053,2025-11-19 00:00:00,aftosa/rabia/fipronil/COMBIBAC/ricobendazol,
13633,25054,2025-11-19 00:00:00,aftosa/rabia/fipronil/COMBIBAC/ricobendazol,
13634,25055,2025-11-19 00:00:00,aftosa/rabia/fipronil/COMBIBAC/ricobendazol,
13635,25056,2025-11-19 00:00:00,aftosa/rabia/fipronil/COMBIBAC/ricobendazol,
13636,25058,2025-11-19 00:00:00,aftosa/rabia/fipronil/COMBIBAC/ricobendazol,
13637,25059,2025-11-19 00:00:00,aftosa/rabia/fipronil/COMBIBAC/ricobendazol,
13638,25061,2025-11-19 00:00:00,aftosa/rabia/fipronil/COMBIBAC/ricobendazol,
13639,25066,2025-11-19 00:00:00,aftosa/rabia/fipronil/COMBIBAC/ricobendazol,
13640,25067,2025-11-19 00:00:00,aftosa/rabia/fipronil/COMBIBAC/ricobendazol,
13641,25068,2025-11-19 00:00:00,aftosa/rabia/fipronil/COMBIBAC/ricobendazol,
13642,25069,2025-11-19 00:00:00,aftosa/rabia/fipronil/COMBIBAC/ricobendazol,
13643,25070,2025-11-19 00:00:00,aftosa/rabia/fipronil/COMBIBAC/ricobendazol,
13644,25074,2025-11-19 00:00:00,aftosa/rabia/fipronil/COMBIBAC/ricobendazol,
13645,25075,2025-11-19 00:00:00,aftosa/rabia/fipronil/COMBIBAC/ricobendazol,
13646,25076,2025-11-19 00:00:00,aftosa/rabia/fipronil/COMBIBAC/ricobendazol,
13647,25082,2025-11-19 00:00:00,aftosa/rabia/fipronil/COMBIBAC/ricobendazol,
13648,25088,2025-11-19 00:00:00,aftosa/rabia/fipronil/COMBIBAC/ricobendazol,
13649,25095,2025-11-19 00:00:00,aftosa/rabia/fipronil/COMBIBAC/ricobendazol,
13650,25099,2025-11-19 00:00:00,aftosa/rabia/fipronil/COMBIBAC/ricobendazol,
13651,25100,2025-11-19 00:00:00,aftosa/rabia/fipronil/COMBIBAC/ricobendazol,
13652,25101,2025-11-19 00:00:00,aftosa/rabia/fipronil/COMBIBAC/ricobendazol,
13653,25102,2025-11-19 00:00:00,aftosa/rabia/fipronil/COMBIBAC/ricobendazol,
13654,25107,2025-11-19 00:00:00,aftosa/rabia/fipronil/COMBIBAC/ricobendazol,
13655,25108,2025-11-19 00:00:00,aftosa/rabia/fipronil/COMBIBAC/ricobendazol,
13656,25109,2025-11-19 00:00:00,aftosa/rabia/fipronil/COMBIBAC/ricobendazol,
13657,25112,2025-11-19 00:00:00,aftosa/rabia/fipronil/COMBIBAC/ricobendazol,
13658,25116,2025-11-19 00:00:00,aftosa/rabia/fipronil/COMBIBAC/ricobendazol,
13659,25121,2025-11-19 00:00:00,aftosa/rabia/fipronil/COMBIBAC/ricobendazol,
13660,25124,2025-11-19 00:00:00,aftosa/rabia/fipronil/COMBIBAC/ricobendazol,
13661,25126,2025-11-19 00:00:00,aftosa/rabia/fipronil/COMBIBAC/ricobendazol,
13662,25129,2025-11-19 00:00:00,aftosa/rabia/fipronil/COMBIBAC/ricobendazol,
13663,25130,2025-11-19 00:00:00,aftosa/rabia/fipronil/COMBIBAC/ricobendazol,
13664,25134,2025-11-19 00:00:00,aftosa/rabia/fipronil/COMBIBAC/ricobendazol,
13665,25135,2025-11-19 00:00:00,aftosa/rabia/fipronil/COMBIBAC/ricobendazol,
13666,25139,2025-11-19 00:00:00,aftosa/rabia/fipronil/COMBIBAC/ricobendazol,
13667,25141,2025-11-19 00:00:00,aftosa/rabia/fipronil/COMBIBAC/ricobendazol,
13668,25142,2025-11-19 00:00:00,aftosa/rabia/fipronil/COMBIBAC/ricobendazol,
13669,25144,2025-11-19 00:00:00,aftosa/rabia/fipronil/COMBIBAC/ricobendazol,
13670,25145,2025-11-19 00:00:00,aftosa/rabia/fipronil/COMBIBAC/ricobendazol,
13671,25155,2025-11-19 00:00:00,aftosa/rabia/fipronil/COMBIBAC/ricobendazol,
13672,25158,2025-11-19 00:00:00,aftosa/rabia/fipronil/COMBIBAC/ricobendazol,
13673,25159,2025-11-19 00:00:00,aftosa/rabia/fipronil/COMBIBAC/ricobendazol,
13674,25167,2025-11-19 00:00:00,aftosa/rabia/fipronil/COMBIBAC/ricobendazol,
13675,25184,2025-11-19 00:00:00,aftosa/rabia/fipronil/COMBIBAC/ricobendazol,
13676,25190,2025-11-19 00:00:00,aftosa/rabia/fipronil/COMBIBAC/ricobendazol,
13677,J25002,2025-11-19 00:00:00,aftosa/rabia/fipronil/COMBIBAC/ricobendazol,
13678,J25031,2025-11-19 00:00:00,aftosa/rabia/fipronil/COMBIBAC/ricobendazol,
13679,J25049,2025-11-19 00:00:00,aftosa/rabia/fipronil/COMBIBAC/ricobendazol,
13680,J25132,2025-11-19 00:00:00,aftosa/rabia/fipronil/COMBIBAC/ricobendazol,
13681,24136,2025-11-19 00:00:00,aftosa/rabia/fipronil/COMBIBAC/ricobendazol,
13682,25037,2025-11-19 00:00:00,aftosa/rabia/fipronil/COMBIBAC/ricobendazol,
13683,25164,2025-11-19 00:00:00,aftosa/rabia/fipronil/COMBIBAC/ricobendazol,
13684,9011,2025-11-18 00:00:00,aftosa/ rabia/ combibac/ fipronil/ reproforte,
13685,0298A,2025-11-19 00:00:00,aftosa/ rabia/ combibac/ fipronil/ reproforte,
13686,8037,2025-11-18 00:00:00,aftosa/ rabia/ combibac/ fipronil/ reproforte,
13687,5076,2025-11-18 00:00:00,aftosa/ rabia/ combibac/ fipronil/ reproforte,
13688,4072,2025-11-19 00:00:00,aftosa/ rabia/ combibac/ fipronil/ reproforte,
13689,9058,2025-11-18 00:00:00,aftosa/ rabia/ combibac/ fipronil/ reproforte,
13690,6021,2025-11-19 00:00:00,aftosa/ rabia/ combibac/ fipronil/ reproforte,
13691,0202,2025-11-18 00:00:00,aftosa/ rabia/ combibac/ fipronil/ reproforte,
13692,3003A,2025-11-19 00:00:00,aftosa/ rabia/ combibac/ fipronil/ reproforte,
13693,2080,2025-11-19 00:00:00,aftosa/ rabia/ combibac/ fipronil/ reproforte,
13694,4018,2025-11-19 00:00:00,aftosa/ rabia/ combibac/ fipronil/ reproforte,
13695,9076,2025-11-19 00:00:00,aftosa/ rabia/ combibac/ fipronil/ reproforte,
13696,4078,2025-11-18 00:00:00,aftosa/ rabia/ combibac/ fipronil/ reproforte/ trabuco,
13697,1188,2025-11-18 00:00:00,aftosa/ rabia/ combibac/ fipronil/ reproforte,
13698,2063A,2025-11-19 00:00:00,aftosa/ rabia/ combibac/ fipronil/ reproforte,
13699,7074,2025-11-19 00:00:00,aftosa/ rabia/ combibac/ fipronil/ reproforte,
13700,0018,2025-11-18 00:00:00,aftosa/ rabia/ combibac/ fipronil/ reproforte,
13701,0240,2025-11-19 00:00:00,aftosa/ rabia/ combibac/ fipronil/ reproforte,
13702,0206A,2025-11-19 00:00:00,aftosa/ rabia/ combibac/ fipronil/ reproforte,
13703,10431,2025-11-19 00:00:00,aftosa/ rabia/ combibac/ fipronil/ reproforte,
13704,0226,2025-11-18 00:00:00,aftosa/ rabia/ combibac/ fipronil/ reproforte,
13705,0327,2025-11-19 00:00:00,aftosa/ rabia/ combibac/ fipronil/ reproforte,
13706,8062,2025-11-19 00:00:00,aftosa/ rabia/ combibac/ fipronil/ reproforte,
13707,1004,2025-11-18 00:00:00,aftosa/ rabia/ combibac/ fipronil/ reproforte,
13708,2148A,2025-11-19 00:00:00,aftosa/ rabia/ combibac/ fipronil/ reproforte,
13709,5150,2025-11-18 00:00:00,aftosa/ rabia/ combibac/ fipronil/ reproforte,
13710,91172,2025-11-19 00:00:00,aftosa/ rabia/ combibac/ fipronil/ reproforte,
13711,91242,2025-11-18 00:00:00,aftosa/ rabia/ combibac/ fipronil/ reproforte,
13712,J01415,2025-11-18 00:00:00,aftosa/ rabia/ combibac/ fipronil/ reproforte,
13713,9116B,2025-11-19 00:00:00,aftosa/ rabia/ combibac/ fipronil/ reproforte,
13714,8094,2025-11-18 00:00:00,aftosa/ rabia/ combibac/ fipronil/ reproforte,
13715,2201,2025-11-18 00:00:00,aftosa/ rabia/ combibac/ fipronil/ reproforte,
13716,9037,2025-11-19 00:00:00,aftosa/ rabia/ combibac/ fipronil/ reproforte,
13717,7028,2025-11-19 00:00:00,aftosa/ rabia/ combibac/ fipronil/ reproforte,
13718,9073,2025-11-19 00:00:00,aftosa/ rabia/ combibac/ fipronil/ reproforte,
13719,1075,2025-11-18 00:00:00,aftosa/ rabia/ combibac/ fipronil/ reproforte,
13720,9091,2025-11-19 00:00:00,aftosa/ rabia/ combibac/ fipronil/ reproforte,
13721,80882,2025-11-19 00:00:00,aftosa/ rabia/ combibac/ fipronil/ reproforte,
13722,0252,2025-11-19 00:00:00,aftosa/ rabia/ combibac/ fipronil/ reproforte,
13723,0269,2025-11-19 00:00:00,aftosa/ rabia/ combibac/ fipronil/ reproforte,
13724,0329,2025-11-18 00:00:00,aftosa/ rabia/ combibac/ fipronil/ reproforte,
13725,30212,2025-11-19 00:00:00,aftosa/ rabia/ combibac/ fipronil/ reproforte,
13726,0306,2025-11-19 00:00:00,aftosa/ rabia/ combibac/ fipronil/ reproforte,
13727,0241,2025-11-19 00:00:00,aftosa/ rabia/ combibac/ fipronil/ reproforte,
13728,0338,2025-11-19 00:00:00,aftosa/ rabia/ combibac/ fipronil/ reproforte,
13729,8079,2025-11-18 00:00:00,aftosa/ rabia/ combibac/ fipronil/ reproforte,
13730,0208A,2025-11-18 00:00:00,aftosa/ rabia/ combibac/ fipronil/ reproforte,
13731,2014,2025-11-18 00:00:00,aftosa/ rabia/ combibac/ fipronil/ reproforte,
13732,34,2025-11-19 00:00:00,aftosa/ rabia/ combibac/ fipronil/ reproforte,
13733,2050,2025-11-18 00:00:00,aftosa/ rabia/ combibac/ fipronil/ reproforte,
13734,2062,2025-11-18 00:00:00,aftosa/ rabia/ combibac/ fipronil/ reproforte,
13735,8045,2025-11-19 00:00:00,aftosa/ rabia/ combibac/ fipronil/ reproforte,
13736,0284,2025-11-19 00:00:00,aftosa/ rabia/ combibac/ fipronil/ reproforte,
13737,9125,2025-11-19 00:00:00,aftosa/ rabia/ combibac/ fipronil/ reproforte,
13738,2090A,2025-11-18 00:00:00,aftosa/ rabia/ combibac/ fipronil/ reproforte,
13739,5077,2025-11-19 00:00:00,aftosa/ rabia/ combibac/ fipronil/ reproforte,
13740,8033,2025-11-18 00:00:00,aftosa/ rabia/ combibac/ fipronil/ reproforte,
13741,7022,2025-11-19 00:00:00,aftosa/ rabia/ combibac/ fipronil/ reproforte,
13742,EMB 2,2025-11-18 00:00:00,aftosa/ rabia/ combibac/ fipronil/ reproforte,
13743,8005,2025-11-19 00:00:00,aftosa/ rabia/ combibac/ fipronil/ reproforte,
13744,9099,2025-11-18 00:00:00,aftosa/ rabia/ combibac/ fipronil/ reproforte,
13745,1015,2025-11-18 00:00:00,aftosa/ rabia/ combibac/ fipronil/ reproforte,
13746,0272,2025-11-19 00:00:00,aftosa/ rabia/ combibac/ fipronil/ reproforte,
13747,4151,2025-11-19 00:00:00,aftosa/ rabia/ combibac/ fipronil/ reproforte,
13748,19,2025-11-19 00:00:00,aftosa/ rabia/ combibac/ fipronil/ reproforte,
13749,2146,2025-11-19 00:00:00,aftosa/ rabia/ combibac/ fipronil/ reproforte,
13750,0249,2025-11-19 00:00:00,aftosa/ rabia/ combibac/ fipronil/ reproforte,
13751,3021A,2025-11-19 00:00:00,aftosa/ rabia/ combibac/ fipronil/ reproforte,
13752,2209A,2025-11-18 00:00:00,aftosa/ rabia/ combibac/ fipronil/ reproforte/ trabuco,
13753,1063,2025-11-19 00:00:00,aftosa/ rabia/ combibac/ fipronil/ reproforte,
13754,7017,2025-11-19 00:00:00,aftosa/ rabia/ combibac/ fipronil/ reproforte,
13755,2047,2025-11-19 00:00:00,aftosa/ rabia/ combibac/ fipronil/ reproforte,
13756,0336,2025-11-19 00:00:00,aftosa/ rabia/ combibac/ fipronil/ reproforte,
13757,0322,2025-11-18 00:00:00,aftosa/ rabia/ combibac/ fipronil/ reproforte,
13758,5052,2025-11-18 00:00:00,aftosa/ rabia/ combibac/ fipronil/ reproforte,
13759,7083,2025-11-18 00:00:00,aftosa/ rabia/ combibac/ fipronil/ reproforte,
13760,5030,2025-11-19 00:00:00,aftosa/ rabia/ combibac/ fipronil/ reproforte,
13761,2108,2025-11-18 00:00:00,aftosa/ rabia/ combibac/ fipronil/ reproforte,
13762,1095A,2025-11-19 00:00:00,aftosa/ rabia/ combibac/ fipronil/ reproforte,
13763,6035,2025-11-18 00:00:00,aftosa/ rabia/ combibac/ fipronil/ reproforte,
13764,2095,2025-11-19 00:00:00,aftosa/ rabia/ combibac/ fipronil/ reproforte,
13765,9113,2025-11-19 00:00:00,aftosa/ rabia/ combibac/ fipronil/ reproforte,
13766,2171,2025-11-19 00:00:00,aftosa/ rabia/ combibac/ fipronil/ reproforte,
13767,J425,2025-11-18 00:00:00,aftosa/ rabia/ combibac/ fipronil/ reproforte,
13768,2073,2025-11-19 00:00:00,aftosa/ rabia/ combibac/ fipronil/ reproforte,
13769,J841,2025-11-18 00:00:00,aftosa/ rabia/ combibac/ fipronil/ reproforte,
13770,5079,2025-11-18 00:00:00,aftosa/ rabia/ combibac/ fipronil/ reproforte/ trabuco,
13771,2203,2025-11-19 00:00:00,aftosa/ rabia/ combibac/ fipronil/ reproforte,
13772,0342,2025-11-19 00:00:00,aftosa/ rabia/ combibac/ fipronil/ reproforte,
13773,0323,2025-11-19 00:00:00,aftosa/ rabia/ combibac/ fipronil/ reproforte,
13774,1100B,2025-11-18 00:00:00,aftosa/ rabia/ combibac/ fipronil/ reproforte,
13775,0231A,2025-11-19 00:00:00,aftosa/ rabia/ combibac/ fipronil/ reproforte,
13776,5146,2025-11-18 00:00:00,aftosa/ rabia/ combibac/ fipronil/ reproforte,
13777,9020,2025-11-19 00:00:00,aftosa/ rabia/ combibac/ fipronil/ reproforte,
13778,1088A,2025-11-19 00:00:00,aftosa/ rabia/ combibac/ fipronil/ reproforte,
13779,0201,2025-11-18 00:00:00,aftosa/ rabia/ combibac/ fipronil/ reproforte,
13780,1091,2025-11-18 00:00:00,aftosa/ rabia/ combibac/ fipronil/ reproforte,
13781,9006,2025-11-19 00:00:00,aftosa/ rabia/ combibac/ fipronil/ reproforte,
13782,2196A,2025-11-19 00:00:00,aftosa/ rabia/ combibac/ fipronil/ reproforte,
13783,20001,2025-11-19 00:00:00,aftosa/ rabia/ combibac/ fipronil/ reproforte,
13784,9071,2025-11-18 00:00:00,aftosa/ rabia/ combibac/ fipronil/ reproforte,
13785,33,2025-11-18 00:00:00,aftosa/ rabia/ combibac/ fipronil/ reproforte,
13786,8046,2025-11-19 00:00:00,aftosa/ rabia/ combibac/ fipronil/ reproforte,
13787,7007,2025-11-18 00:00:00,aftosa/ rabia/ combibac/ fipronil/ reproforte,
13788,1104A,2025-11-19 00:00:00,aftosa/ rabia/ combibac/ fipronil/ reproforte,
13789,5060,2025-11-18 00:00:00,aftosa/ rabia/ combibac/ fipronil/ reproforte,
13790,9015,2025-11-19 00:00:00,aftosa/ rabia/ combibac/ fipronil/ reproforte,
13791,J424,2025-11-18 00:00:00,aftosa/ rabia/ combibac/ fipronil/ reproforte,
13792,8028,2025-11-18 00:00:00,aftosa/ rabia/ combibac/ fipronil/ reproforte,
13793,7012,2025-11-18 00:00:00,aftosa/ rabia/ combibac/ fipronil/ reproforte,
13794,2030,2025-11-19 00:00:00,aftosa/ rabia/ combibac/ fipronil/ reproforte,
13795,8019,2025-11-19 00:00:00,aftosa/ rabia/ combibac/ fipronil/ reproforte,
13796,8050,2025-11-18 00:00:00,aftosa/ rabia/ combibac/ fipronil/ reproforte,
13797,6043,2025-11-19 00:00:00,aftosa/ rabia/ combibac/ fipronil/ reproforte,
13798,8010,2025-11-19 00:00:00,aftosa/ rabia/ combibac/ fipronil/ reproforte,
13799,0220,2025-11-18 00:00:00,aftosa/ rabia/ combibac/ fipronil/ reproforte,
13800,3026A,2025-11-19 00:00:00,aftosa/ rabia/ combibac/ fipronil/ reproforte,
13801,2111,2025-11-19 00:00:00,aftosa/ rabia/ combibac/ fipronil/ reproforte,
13802,7061,2025-11-18 00:00:00,aftosa/ rabia/ combibac/ fipronil/ reproforte,
13803,2018,2025-11-18 00:00:00,aftosa/ rabia/ combibac/ fipronil/ reproforte,
13804,0278,2025-11-19 00:00:00,aftosa/ rabia/ combibac/ fipronil/ reproforte,
13805,2234,2025-11-18 00:00:00,aftosa/ rabia/ combibac/ fipronil/ reproforte,
13806,7077,2025-11-19 00:00:00,aftosa/ rabia/ combibac/ fipronil/ reproforte,
13807,2035A,2025-11-19 00:00:00,aftosa/ rabia/ combibac/ fipronil/ reproforte,
13808,9053,2025-11-19 00:00:00,aftosa/ rabia/ combibac/ fipronil/ reproforte,
13809,0333,2025-11-19 00:00:00,aftosa/ rabia/ combibac/ fipronil/ reproforte,
13810,4007,2025-11-19 00:00:00,aftosa/ rabia/ combibac/ fipronil/ reproforte,
13811,8017,2025-11-19 00:00:00,aftosa/ rabia/ combibac/ fipronil/ reproforte,
13812,0111,2025-11-19 00:00:00,aftosa/ rabia/ combibac/ fipronil/ reproforte,
13813,8076,2025-11-19 00:00:00,aftosa/ rabia/ combibac/ fipronil/ reproforte,
13814,0206B,2025-11-19 00:00:00,aftosa/ rabia/ combibac/ fipronil/ reproforte,
13815,02331,2025-11-19 00:00:00,aftosa/ rabia/ combibac/ fipronil/ reproforte,
13816,0258,2025-11-19 00:00:00,aftosa/ rabia/ combibac/ fipronil/ reproforte,
13817,0271,2025-11-19 00:00:00,aftosa/ rabia/ combibac/ fipronil/ reproforte,
13818,0299A,2025-11-18 00:00:00,aftosa/ rabia/ combibac/ fipronil/ reproforte,
13819,0312,2025-11-19 00:00:00,aftosa/ rabia/ combibac/ fipronil/ reproforte,
13820,1005,2025-11-18 00:00:00,aftosa/ rabia/ combibac/ fipronil/ reproforte,
13821,1032,2025-11-19 00:00:00,aftosa/ rabia/ combibac/ fipronil/ reproforte,
13822,1045,2025-11-19 00:00:00,aftosa/ rabia/ combibac/ fipronil/ reproforte,
13823,1102,2025-11-18 00:00:00,aftosa/ rabia/ combibac/ fipronil/ reproforte,
13824,1105,2025-11-19 00:00:00,aftosa/ rabia/ combibac/ fipronil/,
13825,1109B,2025-11-19 00:00:00,aftosa/ rabia/ combibac/ fipronil/ reproforte,
13826,2007,2025-11-19 00:00:00,aftosa/ rabia/ combibac/ fipronil/ reproforte,
13827,2023,2025-11-19 00:00:00,aftosa/ rabia/ combibac/ fipronil/ reproforte,
13828,2027,2025-11-18 00:00:00,aftosa/ rabia/ combibac/ fipronil/,
13829,2042,2025-11-19 00:00:00,aftosa/ rabia/ combibac/ fipronil/ reproforte,
13830,2052,2025-11-19 00:00:00,aftosa/ rabia/ combibac/ fipronil/ reproforte,
13831,2059,2025-11-19 00:00:00,aftosa/ rabia/ combibac/ fipronil/ reproforte,
13832,2103,2025-11-19 00:00:00,aftosa/ rabia/ combibac/ fipronil/ reproforte,
13833,22172,2025-11-19 00:00:00,aftosa/ rabia/ combibac/ fipronil/ reproforte,
13834,4100,2025-11-19 00:00:00,aftosa/ rabia/ combibac/ fipronil/ reproforte,
13835,4109,2025-11-19 00:00:00,aftosa/ rabia/ combibac/ fipronil/ reproforte,
13836,7090,2025-11-18 00:00:00,aftosa/ rabia/ combibac/ fipronil/,
13837,8041,2025-11-19 00:00:00,aftosa/ rabia/ combibac/ fipronil/ reproforte,
13838,9016,2025-11-19 00:00:00,aftosa/ rabia/ combibac/ fipronil/ reproforte,
13839,9126A,2025-11-19 00:00:00,aftosa/ rabia/ combibac/ fipronil/ reproforte,
13840,9500,2025-11-19 00:00:00,aftosa/ rabia/ combibac/ fipronil/ reproforte,
13841,J420,2025-11-18 00:00:00,aftosa/ rabia/ combibac/ fipronil/ reproforte,
13842,TSN01,2025-11-19 00:00:00,aftosa/ rabia/ combibac/ fipronil/,
13843,8011,2025-11-18 00:00:00,aftosa/ rabia/ combibac/ fipronil/ reproforte,
13844,8077,2025-11-19 00:00:00,aftosa/ rabia/ combibac/ fipronil/ reproforte,
13845,31102,2025-11-19 00:00:00,aftosa/ rabia/ combibac/ fipronil/ reproforte,
13846,2048,2025-11-19 00:00:00,aftosa/ rabia/ combibac/ fipronil/ reproforte,
13847,0132,2025-11-19 00:00:00,aftosa/ rabia/ combibac/ fipronil/ reproforte,
13848,2180A,2025-11-19 00:00:00,aftosa/ rabia/ combibac/ fipronil/ reproforte,
13849,22049,2025-11-19 00:00:00,aftosa/ rabia/ combibac/ fipronil/ reproforte,
13850,0352,2025-11-19 00:00:00,aftosa/ rabia/ combibac/ fipronil/ reproforte,
13851,0353,2025-11-19 00:00:00,aftosa/ rabia/ combibac/ fipronil/ reproforte,
13852,8006,2025-11-19 00:00:00,aftosa/ rabia/ combibac/ fipronil/ reproforte,
13853,3119,2025-11-19 00:00:00,aftosa/ rabia/ combibac/ fipronil/ reproforte,
13855,23209,2025-11-20 00:00:00,aftosa/ rabia/ combibac/ fipronil,
13856,24001,2025-11-20 00:00:00,aftosa/ rabia/ combibac/ fipronil,
13857,24005,2025-11-20 00:00:00,aftosa/ rabia/ combibac/ fipronil,
13858,24014,2025-11-20 00:00:00,aftosa/ rabia/ combibac/ fipronil,
13859,24148,2025-11-20 00:00:00,aftosa/ rabia/ combibac/ fipronil,
13860,24168,2025-11-20 00:00:00,aftosa/ rabia/ combibac/ fipronil,
13861,24172,2025-11-20 00:00:00,aftosa/ rabia/ combibac/ fipronil,
13862,24204,2025-11-20 00:00:00,aftosa/ rabia/ combibac/ fipronil,
13863,24218,2025-11-20 00:00:00,aftosa/ rabia/ combibac/ fipronil,
13864,24233,2025-11-20 00:00:00,aftosa/ rabia/ combibac/ fipronil,
13865,24248,2025-11-20 00:00:00,aftosa/ rabia/ combibac/ fipronil,
13866,24251,2025-11-20 00:00:00,aftosa/ rabia/ combibac/ fipronil,
13867,24252,2025-11-20 00:00:00,aftosa/ rabia/ combibac/ fipronil,
13868,24262,2025-11-20 00:00:00,aftosa/ rabia/ combibac/ fipronil,
13869,24275,2025-11-20 00:00:00,aftosa/ rabia/ combibac/ fipronil,
13870,24277,2025-11-20 00:00:00,aftosa/ rabia/ combibac/ fipronil,
13871,24278,2025-11-20 00:00:00,aftosa/ rabia/ combibac/ fipronil,
13872,24285,2025-11-20 00:00:00,aftosa/ rabia/ combibac/ fipronil,
13873,24290,2025-11-20 00:00:00,aftosa/ rabia/ combibac/ fipronil,
13874,24297,2025-11-20 00:00:00,aftosa/ rabia/ combibac/ fipronil,
13875,24299,2025-11-20 00:00:00,aftosa/ rabia/ combibac/ fipronil,
13876,25009,2025-11-20 00:00:00,aftosa/ rabia/ combibac/ fipronil,
13877,25021,2025-11-20 00:00:00,aftosa/ rabia/ combibac/ fipronil,
13878,25023,2025-11-20 00:00:00,aftosa/ rabia/ combibac/ fipronil,
13879,24065,2025-11-20 00:00:00,aftosa/ rabia/ combibac/ fipronil,
13880,22186,2025-11-20 00:00:00,aftosa/ rabia/ combibac/ fipronil,
13881,22216,2025-11-20 00:00:00,aftosa/ rabia/ combibac/ fipronil,
13882,24250,2025-11-20 00:00:00,aftosa/ rabia/ combibac/ fipronil,
13883,24020,2025-11-20 00:00:00,aftosa/ rabia/ combibac/ fipronil,
13884,22144,2025-11-20 00:00:00,aftosa/ rabia/ combibac/ fipronil,
13885,23217,2025-11-20 00:00:00,aftosa/ rabia/ combibac/ fipronil,
13886,0101,2025-11-20 00:00:00,aftosa/ rabia/ combibac/ fipronil/ reproforte,
13887,0107,2025-11-20 00:00:00,aftosa/ rabia/ combibac/ fipronil/ reproforte,
13888,0143,2025-11-21 00:00:00,aftosa/ rabia/ combibac/ fipronil/ reproforte,
13889,0205,2025-11-21 00:00:00,aftosa/ rabia/ combibac/ fipronil/ reproforte,
13890,0229,2025-11-21 00:00:00,aftosa/ rabia/ combibac/ fipronil/ reproforte,
13891,0259,2025-11-20 00:00:00,aftosa/ rabia/ combibac/ fipronil/ reproforte,
13892,0267,2025-11-21 00:00:00,aftosa/ rabia/ combibac/ fipronil/ reproforte,
13893,0270,2025-11-21 00:00:00,aftosa/ rabia/ combibac/ fipronil/ reproforte,
13894,0274,2025-11-20 00:00:00,aftosa/ rabia/ combibac/ fipronil/ reproforte,
13895,0291,2025-11-21 00:00:00,aftosa/ rabia/ combibac/ fipronil/ reproforte,
13896,0298,2025-11-21 00:00:00,aftosa/ rabia/ combibac/ fipronil/ reproforte,
13897,0303,2025-11-21 00:00:00,aftosa/ rabia/ combibac/ fipronil/ reproforte,
13898,0305,2025-11-21 00:00:00,aftosa/ rabia/ combibac/ fipronil/ reproforte,
13899,0307,2025-11-21 00:00:00,aftosa/ rabia/ combibac/ fipronil/ reproforte,
13900,0308,2025-11-21 00:00:00,aftosa/ rabia/ combibac/ fipronil/ reproforte,
13901,0310,2025-11-21 00:00:00,aftosa/ rabia/ combibac/ fipronil/ reproforte,
13902,0311,2025-11-21 00:00:00,aftosa/ rabia/ combibac/ fipronil/ reproforte,
13903,0314,2025-11-21 00:00:00,aftosa/ rabia/ combibac/ fipronil/ reproforte,
13904,0321,2025-11-21 00:00:00,aftosa/ rabia/ combibac/ fipronil/ reproforte,
13905,0330A,2025-11-20 00:00:00,aftosa/ rabia/ combibac/ fipronil/ reproforte,
13906,0332,2025-11-21 00:00:00,aftosa/ rabia/ combibac/ fipronil/ reproforte,
13907,0344,2025-11-21 00:00:00,aftosa/ rabia/ combibac/ fipronil/ reproforte,
13908,0348,2025-11-21 00:00:00,aftosa/ rabia/ combibac/ fipronil/ reproforte,
13909,0354,2025-11-21 00:00:00,aftosa/ rabia/ combibac/ fipronil/ reproforte,
13910,0355,2025-11-21 00:00:00,aftosa/ rabia/ combibac/ fipronil/ reproforte,
13911,0500,2025-11-21 00:00:00,aftosa/ rabia/ combibac/ fipronil/ reproforte,
13912,1017A,2025-11-21 00:00:00,aftosa/ rabia/ combibac/ fipronil/ reproforte,
13913,10391,2025-11-21 00:00:00,aftosa/ rabia/ combibac/ fipronil/ reproforte,
13914,1052A,2025-11-21 00:00:00,aftosa/ rabia/ combibac/ fipronil/ reproforte,
13915,1053A,2025-11-21 00:00:00,aftosa/ rabia/ combibac/ fipronil/ reproforte,
13916,1066,2025-11-21 00:00:00,aftosa/ rabia/ combibac/ fipronil/ reproforte,
13917,1066A,2025-11-21 00:00:00,aftosa/ rabia/ combibac/ fipronil/ reproforte,
13918,1073,2025-11-21 00:00:00,aftosa/ rabia/ combibac/ fipronil/ reproforte,
13919,1074,2025-11-21 00:00:00,aftosa/ rabia/ combibac/ fipronil/ reproforte,
13920,1078A,2025-11-21 00:00:00,aftosa/ rabia/ combibac/ fipronil/ reproforte,
13921,1079,2025-11-21 00:00:00,aftosa/ rabia/ combibac/ fipronil/ reproforte,
13922,1091A,2025-11-21 00:00:00,aftosa/ rabia/ combibac/ fipronil/ reproforte,
13923,1100A,2025-11-21 00:00:00,aftosa/ rabia/ combibac/ fipronil/ reproforte,
13924,1103,2025-11-21 00:00:00,aftosa/ rabia/ combibac/ fipronil/ reproforte,
13925,1109A,2025-11-21 00:00:00,aftosa/ rabia/ combibac/ fipronil/ reproforte,
13926,1117,2025-11-21 00:00:00,aftosa/ rabia/ combibac/ fipronil/ reproforte,
13927,1123,2025-11-21 00:00:00,aftosa/ rabia/ combibac/ fipronil/ reproforte,
13928,1310,2025-11-21 00:00:00,aftosa/ rabia/ combibac/ fipronil/ reproforte,
13929,1501,2025-11-21 00:00:00,aftosa/ rabia/ combibac/ fipronil/ reproforte,
13930,2002,2025-11-21 00:00:00,aftosa/ rabia/ combibac/ fipronil/ reproforte,
13931,2011,2025-11-20 00:00:00,aftosa/ rabia/ combibac/ fipronil/ reproforte,
13932,2016,2025-11-21 00:00:00,aftosa/ rabia/ combibac/ fipronil/ reproforte,
13933,2019,2025-11-21 00:00:00,aftosa/ rabia/ combibac/ fipronil/ reproforte,
13934,2024,2025-11-21 00:00:00,aftosa/ rabia/ combibac/ fipronil/ reproforte,
13935,2026,2025-11-21 00:00:00,aftosa/ rabia/ combibac/ fipronil/ reproforte,
13936,20334,2025-11-21 00:00:00,aftosa/ rabia/ combibac/ fipronil/ reproforte,
13937,2034,2025-11-20 00:00:00,aftosa/ rabia/ combibac/ fipronil/ reproforte,
13938,2036,2025-11-20 00:00:00,aftosa/ rabia/ combibac/ fipronil/ reproforte,
13939,2039,2025-11-21 00:00:00,aftosa/ rabia/ combibac/ fipronil/ reproforte,
13940,2040,2025-11-21 00:00:00,aftosa/ rabia/ combibac/ fipronil/ reproforte,
13941,2066,2025-11-21 00:00:00,aftosa/ rabia/ combibac/ fipronil/ reproforte,
13942,2072,2025-11-21 00:00:00,aftosa/ rabia/ combibac/ fipronil/ reproforte,
13943,2083,2025-11-21 00:00:00,aftosa/ rabia/ combibac/ fipronil/ reproforte,
13944,2087,2025-11-21 00:00:00,aftosa/ rabia/ combibac/ fipronil/ reproforte,
13945,2088B,2025-11-21 00:00:00,aftosa/ rabia/ combibac/ fipronil/ reproforte,
13946,2093,2025-11-21 00:00:00,aftosa/ rabia/ combibac/ fipronil/ reproforte,
13947,2094A,2025-11-21 00:00:00,aftosa/ rabia/ combibac/ fipronil/ reproforte,
13948,2096,2025-11-21 00:00:00,aftosa/ rabia/ combibac/ fipronil/ reproforte,
13949,2096A,2025-11-21 00:00:00,aftosa/ rabia/ combibac/ fipronil/ reproforte,
13950,20971,2025-11-21 00:00:00,aftosa/ rabia/ combibac/ fipronil/ reproforte,
13951,2102,2025-11-21 00:00:00,aftosa/ rabia/ combibac/ fipronil/ reproforte,
13952,2109,2025-11-21 00:00:00,aftosa/ rabia/ combibac/ fipronil/ reproforte,
13953,2110,2025-11-21 00:00:00,aftosa/ rabia/ combibac/ fipronil/ reproforte,
13954,2124A,2025-11-21 00:00:00,aftosa/ rabia/ combibac/ fipronil/ reproforte,
13955,2137,2025-11-20 00:00:00,aftosa/ rabia/ combibac/ fipronil/ reproforte,
13956,21391,2025-11-21 00:00:00,aftosa/ rabia/ combibac/ fipronil/ reproforte,
13957,2140,2025-11-21 00:00:00,aftosa/ rabia/ combibac/ fipronil/ reproforte,
13958,2141,2025-11-20 00:00:00,aftosa/ rabia/ combibac/ fipronil/ reproforte,
13959,2143,2025-11-20 00:00:00,aftosa/ rabia/ combibac/ fipronil/ reproforte,
13960,2145,2025-11-21 00:00:00,aftosa/ rabia/ combibac/ fipronil/ reproforte,
13961,2162,2025-11-20 00:00:00,aftosa/ rabia/ combibac/ fipronil/ reproforte,
13962,2200,2025-11-21 00:00:00,aftosa/ rabia/ combibac/ fipronil/ reproforte,
13963,2202,2025-11-21 00:00:00,aftosa/ rabia/ combibac/ fipronil/ reproforte,
13964,22085,2025-11-21 00:00:00,aftosa/ rabia/ combibac/ fipronil/ reproforte,
13965,2208A,2025-11-21 00:00:00,aftosa/ rabia/ combibac/ fipronil/ reproforte,
13966,22098,2025-11-21 00:00:00,aftosa/ rabia/ combibac/ fipronil/ reproforte,
13967,22112,2025-11-21 00:00:00,aftosa/ rabia/ combibac/ fipronil/ reproforte,
13968,22117,2025-11-21 00:00:00,aftosa/ rabia/ combibac/ fipronil/ reproforte,
13969,22119,2025-11-21 00:00:00,aftosa/ rabia/ combibac/ fipronil/ reproforte,
13970,22126,2025-11-21 00:00:00,aftosa/ rabia/ combibac/ fipronil/ reproforte,
13971,22131,2025-11-20 00:00:00,aftosa/ rabia/ combibac/ fipronil/ reproforte,
13972,22135,2025-11-20 00:00:00,aftosa/ rabia/ combibac/ fipronil/ reproforte,
13973,22139,2025-11-21 00:00:00,aftosa/ rabia/ combibac/ fipronil/ reproforte,
13974,22142,2025-11-21 00:00:00,aftosa/ rabia/ combibac/ fipronil/ reproforte,
13975,22149,2025-11-21 00:00:00,aftosa/ rabia/ combibac/ fipronil/ reproforte,
13976,2215,2025-11-21 00:00:00,aftosa/ rabia/ combibac/ fipronil/ reproforte,
13977,22151,2025-11-21 00:00:00,aftosa/ rabia/ combibac/ fipronil/ reproforte,
13978,22160,2025-11-21 00:00:00,aftosa/ rabia/ combibac/ fipronil/ reproforte,
13979,22161,2025-11-21 00:00:00,aftosa/ rabia/ combibac/ fipronil/ reproforte,
13980,22171,2025-11-21 00:00:00,aftosa/ rabia/ combibac/ fipronil/ reproforte,
13981,22177,2025-11-21 00:00:00,aftosa/ rabia/ combibac/ fipronil/ reproforte,
13982,2218,2025-11-21 00:00:00,aftosa/ rabia/ combibac/ fipronil/ reproforte,
13983,22180,2025-11-21 00:00:00,aftosa/ rabia/ combibac/ fipronil/ reproforte,
13984,22191,2025-11-21 00:00:00,aftosa/ rabia/ combibac/ fipronil/ reproforte,
13985,2220,2025-11-21 00:00:00,aftosa/ rabia/ combibac/ fipronil/ reproforte,
13986,22216,2025-11-21 00:00:00,aftosa/ rabia/ combibac/ fipronil/ reproforte,
13987,2226,2025-11-21 00:00:00,aftosa/ rabia/ combibac/ fipronil/ reproforte,
13988,2500,2025-11-21 00:00:00,aftosa/ rabia/ combibac/ fipronil/ reproforte,
13989,30,2025-11-20 00:00:00,aftosa/ rabia/ combibac/ fipronil/ reproforte,
13990,3024A,2025-11-20 00:00:00,aftosa/ rabia/ combibac/ fipronil/ reproforte,
13991,3066B,2025-11-20 00:00:00,aftosa/ rabia/ combibac/ fipronil/ reproforte,
13992,3107,2025-11-21 00:00:00,aftosa/ rabia/ combibac/ fipronil/ reproforte,
13993,3108,2025-11-21 00:00:00,aftosa/ rabia/ combibac/ fipronil/ reproforte,
13994,3132,2025-11-21 00:00:00,aftosa/ rabia/ combibac/ fipronil/ reproforte,
13995,35,2025-11-21 00:00:00,aftosa/ rabia/ combibac/ fipronil/ reproforte,
13996,3750,2025-11-21 00:00:00,aftosa/ rabia/ combibac/ fipronil/ reproforte,
13997,4023,2025-11-21 00:00:00,aftosa/ rabia/ combibac/ fipronil/ reproforte,
13998,4034,2025-11-21 00:00:00,aftosa/ rabia/ combibac/ fipronil/ reproforte,
13999,4035,2025-11-21 00:00:00,aftosa/ rabia/ combibac/ fipronil/ reproforte,
14000,4048,2025-11-21 00:00:00,aftosa/ rabia/ combibac/ fipronil/ reproforte,
14001,4053,2025-11-20 00:00:00,aftosa/ rabia/ combibac/ fipronil/ reproforte,
14002,4076,2025-11-21 00:00:00,aftosa/ rabia/ combibac/ fipronil/ reproforte,
14003,4087,2025-11-21 00:00:00,aftosa/ rabia/ combibac/ fipronil/ reproforte,
14004,4099,2025-11-21 00:00:00,aftosa/ rabia/ combibac/ fipronil/ reproforte,
14005,4172,2025-11-21 00:00:00,aftosa/ rabia/ combibac/ fipronil/ reproforte,
14006,5007,2025-11-21 00:00:00,aftosa/ rabia/ combibac/ fipronil/ reproforte,
14007,5033,2025-11-21 00:00:00,aftosa/ rabia/ combibac/ fipronil/ reproforte,
14008,50741,2025-11-21 00:00:00,aftosa/ rabia/ combibac/ fipronil/ reproforte,
14009,5090,2025-11-21 00:00:00,aftosa/ rabia/ combibac/ fipronil/ reproforte,
14010,5092,2025-11-21 00:00:00,aftosa/ rabia/ combibac/ fipronil/ reproforte,
14011,5144,2025-11-20 00:00:00,aftosa/ rabia/ combibac/ fipronil/ reproforte,
14012,5679,2025-11-21 00:00:00,aftosa/ rabia/ combibac/ fipronil/ reproforte,
14013,6008,2025-11-21 00:00:00,aftosa/ rabia/ combibac/ fipronil/ reproforte,
14014,60286,2025-11-21 00:00:00,aftosa/ rabia/ combibac/ fipronil/ reproforte,
14015,6037,2025-11-20 00:00:00,aftosa/ rabia/ combibac/ fipronil/ reproforte,
14016,6067,2025-11-21 00:00:00,aftosa/ rabia/ combibac/ fipronil/ reproforte,
14017,6070,2025-11-21 00:00:00,aftosa/ rabia/ combibac/ fipronil/ reproforte,
14018,7059,2025-11-20 00:00:00,aftosa/ rabia/ combibac/ fipronil/ reproforte,
14019,7067,2025-11-21 00:00:00,aftosa/ rabia/ combibac/ fipronil/ reproforte,
14020,7087,2025-11-21 00:00:00,aftosa/ rabia/ combibac/ fipronil/ reproforte,
14021,7092,2025-11-21 00:00:00,aftosa/ rabia/ combibac/ fipronil/ reproforte,
14022,80121,2025-11-20 00:00:00,aftosa/ rabia/ combibac/ fipronil/ reproforte,
14023,8014,2025-11-21 00:00:00,aftosa/ rabia/ combibac/ fipronil/ reproforte,
14024,80272,2025-11-20 00:00:00,aftosa/ rabia/ combibac/ fipronil/ reproforte,
14025,8036,2025-11-21 00:00:00,aftosa/ rabia/ combibac/ fipronil/ reproforte,
14026,8043,2025-11-21 00:00:00,aftosa/ rabia/ combibac/ fipronil/ reproforte,
14027,80472,2025-11-21 00:00:00,aftosa/ rabia/ combibac/ fipronil/ reproforte,
14028,8048,2025-11-21 00:00:00,aftosa/ rabia/ combibac/ fipronil/ reproforte,
14029,8051,2025-11-21 00:00:00,aftosa/ rabia/ combibac/ fipronil/ reproforte,
14030,8054,2025-11-21 00:00:00,aftosa/ rabia/ combibac/ fipronil/ reproforte,
14031,8061,2025-11-20 00:00:00,aftosa/ rabia/ combibac/ fipronil/ reproforte,
14032,8082,2025-11-21 00:00:00,aftosa/ rabia/ combibac/ fipronil/ reproforte,
14033,8086,2025-11-21 00:00:00,aftosa/ rabia/ combibac/ fipronil/ reproforte,
14034,8087,2025-11-21 00:00:00,aftosa/ rabia/ combibac/ fipronil/ reproforte,
14035,8089,2025-11-21 00:00:00,aftosa/ rabia/ combibac/ fipronil/ reproforte,
14036,809,2025-11-21 00:00:00,aftosa/ rabia/ combibac/ fipronil/ reproforte,
14037,8093,2025-11-21 00:00:00,aftosa/ rabia/ combibac/ fipronil/ reproforte,
14038,8096,2025-11-21 00:00:00,aftosa/ rabia/ combibac/ fipronil/ reproforte,
14039,9007,2025-11-21 00:00:00,aftosa/ rabia/ combibac/ fipronil/ reproforte,
14040,9023,2025-11-21 00:00:00,aftosa/ rabia/ combibac/ fipronil/ reproforte,
14041,9024,2025-11-21 00:00:00,aftosa/ rabia/ combibac/ fipronil/ reproforte,
14042,9040,2025-11-21 00:00:00,aftosa/ rabia/ combibac/ fipronil/ reproforte,
14043,9051,2025-11-21 00:00:00,aftosa/ rabia/ combibac/ fipronil/ reproforte,
14044,9100,2025-11-21 00:00:00,aftosa/ rabia/ combibac/ fipronil/ reproforte,
14045,9103,2025-11-21 00:00:00,aftosa/ rabia/ combibac/ fipronil/ reproforte,
14046,9110A,2025-11-21 00:00:00,aftosa/ rabia/ combibac/ fipronil/ reproforte,
14047,9115,2025-11-21 00:00:00,aftosa/ rabia/ combibac/ fipronil/ reproforte,
14048,91171,2025-11-21 00:00:00,aftosa/ rabia/ combibac/ fipronil/ reproforte,
14049,9121,2025-11-21 00:00:00,aftosa/ rabia/ combibac/ fipronil/ reproforte,
14050,91262,2025-11-21 00:00:00,aftosa/ rabia/ combibac/ fipronil/ reproforte,
14051,9128B,2025-11-21 00:00:00,aftosa/ rabia/ combibac/ fipronil/ reproforte,
14052,9503,2025-11-21 00:00:00,aftosa/ rabia/ combibac/ fipronil/ reproforte,
14053,J422,2025-11-21 00:00:00,aftosa/ rabia/ combibac/ fipronil/ reproforte,
14054,pend41,2025-11-21 00:00:00,aftosa/ rabia/ combibac/ fipronil/ reproforte,
14055,4008,2025-11-20 00:00:00,aftosa/ rabia/ combibac/ fipronil/ reproforte,
14056,8030,2025-11-21 00:00:00,aftosa/ rabia/ combibac/ fipronil/ reproforte,
14057,0234,2025-11-21 00:00:00,aftosa/ rabia/ combibac/ fipronil/ reproforte,
14058,4501,2025-11-21 00:00:00,aftosa/ rabia/ combibac/ fipronil/ reproforte,
14059,J426,2025-11-21 00:00:00,aftosa/ rabia/ combibac/ fipronil/ reproforte,
14060,6042,2025-11-21 00:00:00,aftosa/ rabia/ combibac/ fipronil/ reproforte,
14062,23008,2025-11-22 00:00:00,aftosa/rabia/combibac/moxical/ boldenona,
14063,23035,2025-11-22 00:00:00,aftosa/rabia/combibac/moxical/ boldenona,
14064,23056,2025-11-22 00:00:00,aftosa/rabia/combibac/moxical/ boldenona,
14065,23059,2025-11-22 00:00:00,aftosa/rabia/combibac/moxical/ boldenona,
14066,23070,2025-11-22 00:00:00,aftosa/rabia/combibac/moxical/ boldenona,
14067,23089,2025-11-22 00:00:00,aftosa/rabia/combibac/moxical/ boldenona,
14068,23091,2025-11-22 00:00:00,aftosa/rabia/combibac/moxical/ boldenona,
14069,23093,2025-11-22 00:00:00,aftosa/rabia/combibac/moxical/ boldenona,
14070,23099,2025-11-22 00:00:00,aftosa/rabia/combibac/moxical/ boldenona,
14071,23132,2025-11-22 00:00:00,aftosa/rabia/combibac/moxical/ boldenona,
14072,23137,2025-11-22 00:00:00,aftosa/rabia/combibac/moxical/ boldenona,
14073,23145,2025-11-22 00:00:00,aftosa/rabia/combibac/moxical/ boldenona,
14074,23147,2025-11-22 00:00:00,aftosa/rabia/combibac/moxical/ boldenona,
14075,23164,2025-11-22 00:00:00,aftosa/rabia/combibac/moxical/ boldenona,
14076,23184,2025-11-22 00:00:00,aftosa/rabia/combibac/moxical/ boldenona,
14077,23187,2025-11-22 00:00:00,aftosa/rabia/combibac/moxical/ boldenona,
14078,23190,2025-11-22 00:00:00,aftosa/rabia/combibac/moxical/ boldenona,
14079,23193,2025-11-22 00:00:00,aftosa/rabia/combibac/moxical/ boldenona,
14080,23196,2025-11-22 00:00:00,aftosa/rabia/combibac/moxical/ boldenona,
14081,23210,2025-11-22 00:00:00,aftosa/rabia/combibac/moxical/ boldenona,
14082,23218,2025-11-22 00:00:00,aftosa/rabia/combibac/moxical/ boldenona,
14083,23220,2025-11-22 00:00:00,aftosa/rabia/combibac/moxical/ boldenona,
14084,23222,2025-11-22 00:00:00,aftosa/rabia/combibac/moxical/ boldenona,
14085,23225,2025-11-22 00:00:00,aftosa/rabia/combibac/moxical/ boldenona,
14086,23230,2025-11-22 00:00:00,aftosa/rabia/combibac/moxical/ boldenona,
14087,23242,2025-11-22 00:00:00,aftosa/rabia/combibac/moxical/ boldenona,
14088,23247,2025-11-22 00:00:00,aftosa/rabia/combibac/moxical/ boldenona,
14089,23251,2025-11-22 00:00:00,aftosa/rabia/combibac/moxical/ boldenona,
14090,24050,2025-11-22 00:00:00,aftosa/rabia/combibac/moxical/ boldenona,
14091,24067,2025-11-22 00:00:00,aftosa/rabia/combibac/moxical/ boldenona,
14092,24074,2025-11-22 00:00:00,aftosa/rabia/combibac/moxical/ boldenona,
14093,24082,2025-11-22 00:00:00,aftosa/rabia/combibac/moxical/ boldenona,
14094,24086,2025-11-22 00:00:00,aftosa/rabia/combibac/moxical/ boldenona,
14095,24098,2025-11-22 00:00:00,aftosa/rabia/combibac/moxical/ boldenona,
14096,24111,2025-11-22 00:00:00,aftosa/rabia/combibac/moxical/ boldenona,
14097,24141,2025-11-22 00:00:00,aftosa/rabia/combibac/moxical/ boldenona,
14098,24145,2025-11-22 00:00:00,aftosa/rabia/combibac/moxical/ boldenona,
14099,24198,2025-11-22 00:00:00,aftosa/rabia/combibac/moxical/ boldenona,
14100,24050,2025-10-30 00:00:00,se corto una pata  en manga y se infecto,
14101,23033,2025-11-25 00:00:00,aftosa/combibac/rabia/ reproforte,
14102,22105,2025-11-25 00:00:00,aftosa/combibac/rabia/ reproforte,
14103,22193,2025-11-25 00:00:00,aftosa/combibac/rabia/ reproforte,
14104,9104,2025-11-25 00:00:00,aftosa/combibac/rabia/ reproforte,
14105,25084,2025-11-25 00:00:00,aftosa/combibac/rabia/,
14106,25154,2025-11-25 00:00:00,aftosa/combibac/rabia/,
14107,25188,2025-11-25 00:00:00,aftosa/combibac/rabia/,
14108,25060,2025-11-25 00:00:00,aftosa/combibac/rabia/,
14109,25114,2025-11-25 00:00:00,aftosa/combibac/rabia/,
14110,24306,2025-11-25 00:00:00,aftosa/combibac/rabia/,
14111,24229,2025-11-25 00:00:00,aftosa/combibac/rabia/,
14112,25028,2025-11-25 00:00:00,aftosa/combibac/rabia/,
14113,25064,2025-11-25 00:00:00,aftosa/combibac/rabia/,
14114,25263,2025-11-25 00:00:00,aftosa/combibac/rabia/,
14115,24165,2025-11-25 00:00:00,aftosa/combibac/rabia/,
14116,2045,2025-11-25 00:00:00,aftosa/combibac/rabia/,
14117,3504,2025-11-25 00:00:00,aftosa/combibac/rabia/,
14118,24081,2025-11-25 00:00:00,aftosa/combibac/rabia/,
14119,25043,2025-11-25 00:00:00,aftosa/combibac/rabia/,
14120,24255,2025-11-25 00:00:00,aftosa/combibac/rabia/,
14121,24060,2025-11-25 00:00:00,aftosa/combibac/rabia/,
14122,24206,2025-11-25 00:00:00,aftosa/combibac/rabia/,
14123,23197,2025-11-25 00:00:00,aftosa/combibac/rabia/,
14124,1090A,2025-11-25 00:00:00,aftosa/conbibac,
14125,5082,2025-11-25 00:00:00,aftosa/conbibac,
14126,0294,2025-11-25 00:00:00,aftosa/conbibac,
14127,2063B,2025-11-25 00:00:00,aftosa/conbibac,
14128,60286,2025-11-25 00:00:00,aftosa/conbibac,
14129,9501,2025-11-25 00:00:00,aftosa/conbibac,
14130,7067,2025-11-25 00:00:00,aftosa/conbibac,
14131,2149A,2025-11-25 00:00:00,aftosa/conbibac,
14132,2021,2025-11-25 00:00:00,aftosa/conbibac,
14133,0320,2025-11-25 00:00:00,aftosa/conbibac,
14134,2096,2025-11-25 00:00:00,aftosa/conbibac,
14135,3028A,2025-11-25 00:00:00,aftosa/conbibac,
14136,9046,2025-11-25 00:00:00,aftosa/conbibac,
14137,6050,2025-11-25 00:00:00,aftosa/conbibac,
14138,0299C,2025-11-25 00:00:00,aftosa/conbibac,
14139,0139,2025-11-25 00:00:00,aftosa/conbibac,
14140,8067,2025-11-25 00:00:00,aftosa/conbibac,
14141,8072,2025-11-25 00:00:00,aftosa/conbibac,
14142,21027,2025-11-25 00:00:00,aftosa/conbibac,
14143,4A,2025-11-25 00:00:00,aftosa/conbibac,
14144,8063,2025-11-25 00:00:00,aftosa/conbibac,
14145,1109A,2025-11-25 00:00:00,aftosa/conbibac,
14146,7066,2025-11-25 00:00:00,aftosa/conbibac,
14147,3043,2025-11-25 00:00:00,aftosa/conbibac,
14148,1139A,2025-11-25 00:00:00,aftosa/conbibac,
14149,0263,2025-11-25 00:00:00,aftosa/conbibac,
14150,0302,2025-11-25 00:00:00,aftosa/conbibac,
14151,7032,2025-11-25 00:00:00,aftosa/conbibac,
14152,22183,2025-11-25 00:00:00,aftosa/conbibac/rabia,
14153,23080,2025-11-25 00:00:00,aftosa/conbibac/rabia,
14154,23087,2025-11-25 00:00:00,aftosa/conbibac/rabia,
14155,23097,2025-11-25 00:00:00,aftosa/conbibac/rabia,
14156,23133,2025-11-25 00:00:00,aftosa/conbibac/rabia,
14157,23144,2025-11-25 00:00:00,aftosa/conbibac/rabia,
14158,23156,2025-11-25 00:00:00,aftosa/conbibac/rabia,
14159,23165,2025-11-25 00:00:00,aftosa/conbibac/rabia,
14160,23174,2025-11-25 00:00:00,aftosa/conbibac/rabia,
14161,23189,2025-11-25 00:00:00,aftosa/conbibac/rabia,
14162,23229,2025-11-25 00:00:00,aftosa/conbibac/rabia,
14163,23240,2025-11-25 00:00:00,aftosa/conbibac/rabia,
14164,24003,2025-11-25 00:00:00,aftosa/conbibac/rabia,
14165,24049,2025-11-25 00:00:00,aftosa/conbibac/rabia,
14166,24061,2025-11-25 00:00:00,aftosa/conbibac/rabia,
14167,24062,2025-11-25 00:00:00,aftosa/conbibac/rabia,
14168,24076,2025-11-25 00:00:00,aftosa/conbibac/rabia,
14169,24096,2025-11-25 00:00:00,aftosa/conbibac/rabia,
14170,8026,2025-11-25 00:00:00,aftosa/conbibac,
14171,22169A,2025-11-25 00:00:00,aftosa/conbibac/ rabia,
14172,40072,2025-11-25 00:00:00,aftosa/conbibac/,
14173,0118A,2025-11-27 00:00:00,aftosa/conbibac/rabia/fipronil,
14174,0119,2025-11-27 00:00:00,aftosa/conbibac/rabia/fipronil,
14175,0127,2025-11-27 00:00:00,aftosa/conbibac/rabia/fipronil,
14176,0141,2025-11-27 00:00:00,aftosa/conbibac/rabia/fipronil,
14177,0198,2025-11-27 00:00:00,aftosa/conbibac/rabia/fipronil,
14178,0204B,2025-11-27 00:00:00,aftosa/conbibac/rabia/fipronil,
14179,0217,2025-11-27 00:00:00,aftosa/conbibac/rabia/fipronil,
14180,0293,2025-11-27 00:00:00,aftosa/conbibac/rabia/fipronil,
14181,1008,2025-11-27 00:00:00,aftosa/conbibac/rabia/fipronil,
14182,1027,2025-11-27 00:00:00,aftosa/conbibac/rabia/fipronil,
14183,1027A,2025-11-27 00:00:00,aftosa/conbibac/rabia/fipronil,
14184,1033,2025-11-27 00:00:00,aftosa/conbibac/rabia/fipronil,
14185,1053,2025-11-27 00:00:00,aftosa/conbibac/rabia/fipronil,
14186,1055A,2025-11-27 00:00:00,aftosa/conbibac/rabia/fipronil,
14187,1056,2025-11-27 00:00:00,aftosa/conbibac/rabia/fipronil,
14188,1069,2025-11-27 00:00:00,aftosa/conbibac/rabia/fipronil,
14189,1070,2025-11-27 00:00:00,aftosa/conbibac/rabia/fipronil,
14190,1082A,2025-11-27 00:00:00,aftosa/conbibac/rabia/fipronil,
14191,1092A,2025-11-27 00:00:00,aftosa/conbibac/rabia/fipronil,
14192,1093,2025-11-27 00:00:00,aftosa/conbibac/rabia/fipronil,
14193,1096A,2025-11-27 00:00:00,aftosa/conbibac/rabia/fipronil,
14194,1097A,2025-11-27 00:00:00,aftosa/conbibac/rabia/fipronil,
14195,1101,2025-11-27 00:00:00,aftosa/conbibac/rabia/fipronil,
14196,1104,2025-11-27 00:00:00,aftosa/conbibac/rabia/fipronil,
14197,1106,2025-11-27 00:00:00,aftosa/conbibac/rabia/fipronil,
14198,1152,2025-11-27 00:00:00,aftosa/conbibac/rabia/fipronil,
14199,1154,2025-11-27 00:00:00,aftosa/conbibac/rabia/fipronil,
14200,1156,2025-11-27 00:00:00,aftosa/conbibac/rabia/fipronil,
14201,1180,2025-11-27 00:00:00,aftosa/conbibac/rabia/fipronil,
14202,1204,2025-11-27 00:00:00,aftosa/conbibac/rabia/fipronil,
14203,1206,2025-11-27 00:00:00,aftosa/conbibac/rabia/fipronil,
14204,1214,2025-11-27 00:00:00,aftosa/conbibac/rabia/fipronil,
14205,1215,2025-11-27 00:00:00,aftosa/conbibac/rabia/fipronil,
14206,1219,2025-11-27 00:00:00,aftosa/conbibac/rabia/fipronil,
14207,1228,2025-11-27 00:00:00,aftosa/conbibac/rabia/fipronil,
14208,1292,2025-11-27 00:00:00,aftosa/conbibac/rabia/fipronil,
14209,2001B,2025-11-27 00:00:00,aftosa/conbibac/rabia/fipronil,
14210,2039A,2025-11-27 00:00:00,aftosa/conbibac/rabia/fipronil,
14211,2053,2025-11-27 00:00:00,aftosa/conbibac/rabia/fipronil,
14212,2128,2025-11-27 00:00:00,aftosa/conbibac/rabia/fipronil,
14213,2154,2025-11-27 00:00:00,aftosa/conbibac/rabia/fipronil,
14214,2159,2025-11-27 00:00:00,aftosa/conbibac/rabia/fipronil,
14215,2170,2025-11-27 00:00:00,aftosa/conbibac/rabia/fipronil,
14216,22100,2025-11-27 00:00:00,aftosa/conbibac/rabia/fipronil,
14217,22115,2025-11-27 00:00:00,aftosa/conbibac/rabia/fipronil,
14218,22120,2025-11-27 00:00:00,aftosa/conbibac/rabia/fipronil,
14219,22166,2025-11-27 00:00:00,aftosa/conbibac/rabia/fipronil,
14220,22181,2025-11-27 00:00:00,aftosa/conbibac/rabia/fipronil,
14221,22184,2025-11-27 00:00:00,aftosa/conbibac/rabia/fipronil,
14222,22194,2025-11-27 00:00:00,aftosa/conbibac/rabia/fipronil,
14223,22205,2025-11-27 00:00:00,aftosa/conbibac/rabia/fipronil,
14224,23004,2025-11-27 00:00:00,aftosa/conbibac/rabia/fipronil,
14225,23014,2025-11-27 00:00:00,aftosa/conbibac/rabia/fipronil,
14226,23015,2025-11-27 00:00:00,aftosa/conbibac/rabia/fipronil,
14227,23019,2025-11-27 00:00:00,aftosa/conbibac/rabia/fipronil,
14228,J401,2025-11-27 00:00:00,aftosa/conbibac/rabia/fipronil,
14229,MSN15,2025-11-27 00:00:00,aftosa/conbibac/rabia/fipronil,
14230,SN50,2025-11-27 00:00:00,aftosa/conbibac/rabia/fipronil,
14231,1126,2025-11-27 00:00:00,no quiso pasar,
14232,22195,2025-11-28 00:00:00,aftosa/conbibac/rabia/ fipronil,
14233,23027,2025-11-28 00:00:00,aftosa/conbibac/rabia/ fipronil,
14234,23094,2025-11-28 00:00:00,aftosa/conbibac/rabia/ fipronil,
14235,23098,2025-11-28 00:00:00,aftosa/conbibac/rabia/ fipronil,
14236,23125,2025-11-28 00:00:00,aftosa/conbibac/rabia/ fipronil,
14237,23127,2025-11-28 00:00:00,aftosa/conbibac/rabia/ fipronil,
14238,23131,2025-11-28 00:00:00,aftosa/conbibac/rabia/ fipronil,
14239,23139,2025-11-28 00:00:00,aftosa/conbibac/rabia/ fipronil,
14240,23148,2025-11-28 00:00:00,aftosa/conbibac/rabia/ fipronil,
14241,23160,2025-11-28 00:00:00,aftosa/conbibac/rabia/ fipronil,
14242,23166,2025-11-28 00:00:00,aftosa/conbibac/rabia/ fipronil,
14243,23168,2025-11-28 00:00:00,aftosa/conbibac/rabia/ fipronil,
14244,23186,2025-11-28 00:00:00,aftosa/conbibac/rabia/ fipronil,
14245,23223,2025-11-28 00:00:00,aftosa/conbibac/rabia/ fipronil,
14246,23227,2025-11-28 00:00:00,aftosa/conbibac/rabia/ fipronil,
14247,23231,2025-11-28 00:00:00,aftosa/conbibac/rabia/ fipronil,
14248,23233,2025-11-28 00:00:00,aftosa/conbibac/rabia/ fipronil,
14249,23237,2025-11-28 00:00:00,aftosa/conbibac/rabia/ fipronil,
14250,23243,2025-11-28 00:00:00,aftosa/conbibac/rabia/ fipronil,
14251,23246,2025-11-28 00:00:00,aftosa/conbibac/rabia/ fipronil,
14252,23248,2025-11-28 00:00:00,aftosa/conbibac/rabia/ fipronil,
14253,23250,2025-11-28 00:00:00,aftosa/conbibac/rabia/ fipronil,
14254,23252,2025-11-28 00:00:00,aftosa/conbibac/rabia/ fipronil,
14255,24004,2025-11-28 00:00:00,aftosa/conbibac/rabia/ fipronil,
14256,24006,2025-11-28 00:00:00,aftosa/conbibac/rabia/ fipronil,
14257,24007,2025-11-28 00:00:00,aftosa/conbibac/rabia/ fipronil,
14258,24008,2025-11-28 00:00:00,aftosa/conbibac/rabia/ fipronil,
14259,24013,2025-11-28 00:00:00,aftosa/conbibac/rabia/ fipronil,
14260,24015,2025-11-28 00:00:00,aftosa/conbibac/rabia/ fipronil,
14261,24016,2025-11-28 00:00:00,aftosa/conbibac/rabia/ fipronil,
14262,24021,2025-11-28 00:00:00,aftosa/conbibac/rabia/ fipronil,
14263,24039,2025-11-28 00:00:00,aftosa/conbibac/rabia/ fipronil,
14264,24040,2025-11-28 00:00:00,aftosa/conbibac/rabia/ fipronil,
14265,24042,2025-11-28 00:00:00,aftosa/conbibac/rabia/ fipronil,
14266,24043,2025-11-28 00:00:00,aftosa/conbibac/rabia/ fipronil,
14267,24045,2025-11-28 00:00:00,aftosa/conbibac/rabia/ fipronil,
14268,24051,2025-11-28 00:00:00,aftosa/conbibac/rabia/ fipronil,
14269,24052,2025-11-28 00:00:00,aftosa/conbibac/rabia/ fipronil,
14270,24053,2025-11-28 00:00:00,aftosa/conbibac/rabia/ fipronil,
14271,24054,2025-11-28 00:00:00,aftosa/conbibac/rabia/ fipronil,
14272,24055,2025-11-28 00:00:00,aftosa/conbibac/rabia/ fipronil,
14273,24058,2025-11-28 00:00:00,aftosa/conbibac/rabia/ fipronil,
14274,24068,2025-11-28 00:00:00,aftosa/conbibac/rabia/ fipronil,
14275,24070,2025-11-28 00:00:00,aftosa/conbibac/rabia/ fipronil,
14276,24072,2025-11-28 00:00:00,aftosa/conbibac/rabia/ fipronil,
14277,24084,2025-11-28 00:00:00,aftosa/conbibac/rabia/ fipronil,
14278,24090,2025-11-28 00:00:00,aftosa/conbibac/rabia/ fipronil,
14279,24094,2025-11-28 00:00:00,aftosa/conbibac/rabia/ fipronil,
14280,24097,2025-11-28 00:00:00,aftosa/conbibac/rabia/ fipronil,
14281,24099,2025-11-28 00:00:00,aftosa/conbibac/rabia/ fipronil,
14282,24101,2025-11-28 00:00:00,aftosa/conbibac/rabia/ fipronil,
14283,24106,2025-11-28 00:00:00,aftosa/conbibac/rabia/ fipronil,
14284,24114,2025-11-28 00:00:00,aftosa/conbibac/rabia/ fipronil,
14285,24115,2025-11-28 00:00:00,aftosa/conbibac/rabia/ fipronil,
14286,24119,2025-11-28 00:00:00,aftosa/conbibac/rabia/ fipronil,
14287,24120,2025-11-28 00:00:00,aftosa/conbibac/rabia/ fipronil,
14288,24124,2025-11-28 00:00:00,aftosa/conbibac/rabia/ fipronil,
14289,24129,2025-11-28 00:00:00,aftosa/conbibac/rabia/ fipronil,
14290,24142,2025-11-28 00:00:00,aftosa/conbibac/rabia/ fipronil,
14291,24150,2025-11-28 00:00:00,aftosa/conbibac/rabia/ fipronil,
14292,24152,2025-11-28 00:00:00,aftosa/conbibac/rabia/ fipronil,
14293,24162,2025-11-28 00:00:00,aftosa/conbibac/rabia/ fipronil,
14294,24173,2025-11-28 00:00:00,aftosa/conbibac/rabia/ fipronil,
14295,24180,2025-11-28 00:00:00,aftosa/conbibac/rabia/ fipronil,
14296,24181,2025-11-28 00:00:00,aftosa/conbibac/rabia/ fipronil,
14297,24182,2025-11-28 00:00:00,aftosa/conbibac/rabia/ fipronil,
14298,24187,2025-11-28 00:00:00,aftosa/conbibac/rabia/ fipronil,
14299,24190,2025-11-28 00:00:00,aftosa/conbibac/rabia/ fipronil,
14300,24212,2025-11-28 00:00:00,aftosa/conbibac/rabia/ fipronil,
14301,24224,2025-11-28 00:00:00,aftosa/conbibac/rabia/ fipronil,
14302,24231,2025-11-28 00:00:00,aftosa/conbibac/rabia/ fipronil,
14303,J4010,2025-11-28 00:00:00,aftosa/conbibac/rabia/ fipronil,
14304,J402,2025-11-28 00:00:00,aftosa/conbibac/rabia/ fipronil,
14305,J403,2025-11-28 00:00:00,aftosa/conbibac/rabia/ fipronil,
14306,J404,2025-11-28 00:00:00,aftosa/conbibac/rabia/ fipronil,
14307,J405,2025-11-28 00:00:00,aftosa/conbibac/rabia/ fipronil,
14308,J406,2025-11-28 00:00:00,aftosa/conbibac/rabia/ fipronil,
14309,J407,2025-11-28 00:00:00,aftosa/conbibac/rabia/ fipronil,
14310,J408,2025-11-28 00:00:00,aftosa/conbibac/rabia/ fipronil,
14311,J409,2025-11-28 00:00:00,aftosa/conbibac/rabia/ fipronil,
14312,J412,2025-11-28 00:00:00,aftosa/conbibac/rabia/ fipronil,
14313,J413,2025-11-28 00:00:00,aftosa/conbibac/rabia/ fipronil,
14314,J414,2025-11-28 00:00:00,aftosa/conbibac/rabia/ fipronil,
14315,J415,2025-11-28 00:00:00,aftosa/conbibac/rabia/ fipronil,
14316,J417,2025-11-28 00:00:00,aftosa/conbibac/rabia/ fipronil,
14317,J418,2025-11-28 00:00:00,aftosa/conbibac/rabia/ fipronil,
14318,J419,2025-11-28 00:00:00,aftosa/conbibac/rabia/ fipronil,
14319,24028,2025-11-28 00:00:00,aftosa/conbibac/rabia/ fipronil,
14320,24077,2025-11-28 00:00:00,aftosa/conbibac/rabia/ fipronil,
14321,24066,2025-11-28 00:00:00,aftosa/conbibac/rabia/ fipronil,
14322,25005,2025-11-26 00:00:00,aftosa/conbibac/rabia/ Moxical,
14323,25062,2025-11-26 00:00:00,aftosa/conbibac/rabia/ Moxical,
14324,25073,2025-11-26 00:00:00,aftosa/conbibac/rabia/ Moxical,
14325,25077,2025-11-26 00:00:00,aftosa/conbibac/rabia/ Moxical,
14326,25087,2025-11-26 00:00:00,aftosa/conbibac/rabia/ Moxical,
14327,25089,2025-11-26 00:00:00,aftosa/conbibac/rabia/ Moxical,
14328,25091,2025-11-26 00:00:00,aftosa/conbibac/rabia/ Moxical,
14329,25098,2025-11-26 00:00:00,aftosa/conbibac/rabia/ Moxical,
14330,25103,2025-11-26 00:00:00,aftosa/conbibac/rabia/ Moxical,
14331,25105,2025-11-26 00:00:00,aftosa/conbibac/rabia/ Moxical,
14332,25106,2025-11-26 00:00:00,aftosa/conbibac/rabia/ Moxical,
14333,25110,2025-11-26 00:00:00,aftosa/conbibac/rabia/ Moxical,
14334,25111,2025-11-26 00:00:00,aftosa/conbibac/rabia/ Moxical,
14335,25113,2025-11-26 00:00:00,aftosa/conbibac/rabia/ Moxical,
14336,25123,2025-11-26 00:00:00,aftosa/conbibac/rabia/ Moxical,
14337,25127,2025-11-26 00:00:00,aftosa/conbibac/rabia/ Moxical,
14338,25128,2025-11-26 00:00:00,aftosa/conbibac/rabia/ Moxical,
14339,25131,2025-11-26 00:00:00,aftosa/conbibac/rabia/ Moxical,
14340,25133,2025-11-26 00:00:00,aftosa/conbibac/rabia/ Moxical,
14341,25143,2025-11-26 00:00:00,aftosa/conbibac/rabia/ Moxical,
14342,25146,2025-11-26 00:00:00,aftosa/conbibac/rabia/ Moxical,
14343,25150,2025-11-26 00:00:00,aftosa/conbibac/rabia/ Moxical,
14344,25156,2025-11-26 00:00:00,aftosa/conbibac/rabia/ Moxical,
14345,25157,2025-11-26 00:00:00,aftosa/conbibac/rabia/ Moxical,
14346,25158,2025-11-26 00:00:00,aftosa/conbibac/rabia/ Moxical,
14347,25162,2025-11-26 00:00:00,aftosa/conbibac/rabia/ Moxical,
14348,25163,2025-11-26 00:00:00,aftosa/conbibac/rabia/ Moxical,
14349,25165,2025-11-26 00:00:00,aftosa/conbibac/rabia/ Moxical,
14350,25169,2025-11-26 00:00:00,aftosa/conbibac/rabia/ Moxical,
14351,25170,2025-11-26 00:00:00,aftosa/conbibac/rabia/ Moxical,
14352,25174,2025-11-26 00:00:00,aftosa/conbibac/rabia/ Moxical,
14353,25175,2025-11-26 00:00:00,aftosa/conbibac/rabia/ Moxical,
14354,25181,2025-11-26 00:00:00,aftosa/conbibac/rabia/ Moxical,
14355,25182,2025-11-26 00:00:00,aftosa/conbibac/rabia/ Moxical,
14356,25186,2025-11-26 00:00:00,aftosa/conbibac/rabia/ Moxical,
14357,25187,2025-11-26 00:00:00,aftosa/conbibac/rabia/ Moxical,
14358,25191,2025-11-26 00:00:00,aftosa/conbibac/rabia/ Moxical,
14359,25192,2025-11-26 00:00:00,aftosa/conbibac/rabia/ Moxical,
14360,25194,2025-11-26 00:00:00,aftosa/conbibac/rabia/ Moxical,
14361,25196,2025-11-26 00:00:00,aftosa/conbibac/rabia/ Moxical,
14362,25197,2025-11-26 00:00:00,aftosa/conbibac/rabia/ Moxical,
14363,25199,2025-11-26 00:00:00,aftosa/conbibac/rabia/ Moxical,
14364,25200,2025-11-26 00:00:00,aftosa/conbibac/rabia/ Moxical,
14365,25201,2025-11-26 00:00:00,aftosa/conbibac/rabia/ Moxical,
14366,25204,2025-11-26 00:00:00,aftosa/conbibac/rabia/ Moxical,
14367,25205,2025-11-26 00:00:00,aftosa/conbibac/rabia/ Moxical,
14368,25207,2025-11-26 00:00:00,aftosa/conbibac/rabia/ Moxical,
14369,25208,2025-11-26 00:00:00,aftosa/conbibac/rabia/ Moxical,
14370,25209,2025-11-26 00:00:00,aftosa/conbibac/rabia/ Moxical,
14371,25211,2025-11-26 00:00:00,aftosa/conbibac/rabia/ Moxical,
14372,25212,2025-11-26 00:00:00,aftosa/conbibac/rabia/ Moxical,
14373,25213,2025-11-26 00:00:00,aftosa/conbibac/rabia/ Moxical,
14374,25214,2025-11-26 00:00:00,aftosa/conbibac/rabia/ Moxical,
14375,25215,2025-11-26 00:00:00,aftosa/conbibac/rabia/ Moxical,
14376,25216,2025-11-26 00:00:00,aftosa/conbibac/rabia/ Moxical,
14377,25219,2025-11-26 00:00:00,aftosa/conbibac/rabia/ Moxical,
14378,25220,2025-11-26 00:00:00,aftosa/conbibac/rabia/ Moxical,
14379,25221,2025-11-26 00:00:00,aftosa/conbibac/rabia/ Moxical,
14380,25224,2025-11-26 00:00:00,aftosa/conbibac/rabia/ Moxical,
14381,25230,2025-11-26 00:00:00,aftosa/conbibac/rabia/ Moxical,
14382,25231,2025-11-26 00:00:00,aftosa/conbibac/rabia/ Moxical,
14383,25232,2025-11-26 00:00:00,aftosa/conbibac/rabia/ Moxical,
14384,25233,2025-11-26 00:00:00,aftosa/conbibac/rabia/ Moxical,
14385,25234,2025-11-26 00:00:00,aftosa/conbibac/rabia/ Moxical,
14386,25235,2025-11-26 00:00:00,aftosa/conbibac/rabia/ Moxical,
14387,25236,2025-11-26 00:00:00,aftosa/conbibac/rabia/ Moxical,
14388,25237,2025-11-26 00:00:00,aftosa/conbibac/rabia/ Moxical,
14389,25240,2025-11-26 00:00:00,aftosa/conbibac/rabia/ Moxical,
14390,25241,2025-11-26 00:00:00,aftosa/conbibac/rabia/ Moxical,
14391,25242,2025-11-26 00:00:00,aftosa/conbibac/rabia/ Moxical,
14392,25243,2025-11-26 00:00:00,aftosa/conbibac/rabia/ Moxical,
14393,25244,2025-11-26 00:00:00,aftosa/conbibac/rabia/ Moxical,
14394,25246,2025-11-26 00:00:00,aftosa/conbibac/rabia/ Moxical,
14395,25247,2025-11-26 00:00:00,aftosa/conbibac/rabia/ Moxical,
14396,25248,2025-11-26 00:00:00,aftosa/conbibac/rabia/ Moxical,
14397,25249,2025-11-26 00:00:00,aftosa/conbibac/rabia/ Moxical,
14398,25250,2025-11-26 00:00:00,aftosa/conbibac/rabia/ Moxical,
14399,25253,2025-11-26 00:00:00,aftosa/conbibac/rabia/ Moxical,
14400,25254,2025-11-26 00:00:00,aftosa/conbibac/rabia/ Moxical,
14401,25255,2025-11-26 00:00:00,aftosa/conbibac/rabia/ Moxical,
14402,25256,2025-11-26 00:00:00,aftosa/conbibac/rabia/ Moxical,
14403,25257,2025-11-26 00:00:00,aftosa/conbibac/rabia/ Moxical,
14404,25258,2025-11-26 00:00:00,aftosa/conbibac/rabia/ Moxical,
14405,25260,2025-11-26 00:00:00,aftosa/conbibac/rabia/ Moxical,
14406,25261,2025-11-26 00:00:00,aftosa/conbibac/rabia/ Moxical,
14407,25265,2025-11-26 00:00:00,aftosa/conbibac/rabia/ Moxical,
14408,25266,2025-11-26 00:00:00,aftosa/conbibac/rabia/ Moxical,
14409,25267,2025-11-26 00:00:00,aftosa/conbibac/rabia/ Moxical,
14410,25268,2025-11-26 00:00:00,aftosa/conbibac/rabia/ Moxical,
14411,25269,2025-11-26 00:00:00,aftosa/conbibac/rabia/ Moxical,
14412,25270,2025-11-26 00:00:00,aftosa/conbibac/rabia/ Moxical,
14413,25271,2025-11-26 00:00:00,aftosa/conbibac/rabia/ Moxical,
14414,25272,2025-11-26 00:00:00,aftosa/conbibac/rabia/ Moxical,
14415,25273,2025-11-26 00:00:00,aftosa/conbibac/rabia/ Moxical,
14416,J25147,2025-11-26 00:00:00,aftosa/conbibac/rabia/ Moxical,
14417,25280,2025-11-26 00:00:00,aftosa/conbibac/rabia/ Moxical,
14418,25177,2025-11-26 00:00:00,aftosa/conbibac/rabia/ Moxical,
14419,25274,2025-11-26 00:00:00,aftosa/conbibac/rabia/ Moxical,
14420,25284,2025-11-26 00:00:00,aftosa/conbibac/rabia/ Moxical,
14421,25218,2025-11-26 00:00:00,aftosa/conbibac/rabia/ Moxical,
14422,25276,2025-11-26 00:00:00,aftosa/conbibac/rabia/ Moxical,
14423,25287,2025-11-26 00:00:00,aftosa/conbibac/rabia/ Moxical,
14424,25278,2025-11-26 00:00:00,aftosa/conbibac/rabia/ Moxical,
14425,25279,2025-11-26 00:00:00,aftosa/conbibac/rabia/ Moxical,
14426,25277,2025-11-26 00:00:00,aftosa/conbibac/rabia/ Moxical,
14427,25275,2025-11-26 00:00:00,aftosa/conbibac/rabia/ Moxical,
14428,25283,2025-11-26 00:00:00,aftosa/conbibac/rabia/ Moxical,
14429,25286,2025-11-26 00:00:00,aftosa/conbibac/rabia/ Moxical,
14430,25285,2025-11-26 00:00:00,aftosa/conbibac/rabia/ Moxical,
14431,0116A,2025-12-04 00:00:00,aftosa/conbibac/rabia,
14432,1067,2025-12-04 00:00:00,aftosa/conbibac/rabia,
14433,1068A,2025-12-04 00:00:00,aftosa/conbibac/rabia,
14434,1070A,2025-12-04 00:00:00,aftosa/conbibac/rabia,
14435,1077,2025-12-04 00:00:00,aftosa/conbibac/rabia,
14436,1085,2025-12-04 00:00:00,aftosa/conbibac/rabia,
14437,1101,2025-12-04 00:00:00,aftosa/conbibac/rabia,
14438,1112,2025-12-04 00:00:00,aftosa/conbibac/rabia,
14439,1133,2025-12-04 00:00:00,aftosa/conbibac/rabia,
14440,1237,2025-12-04 00:00:00,aftosa/conbibac/rabia,
14441,2004,2025-12-04 00:00:00,aftosa/conbibac/rabia,
14442,2010,2025-12-04 00:00:00,aftosa/conbibac/rabia,
14443,2044,2025-12-04 00:00:00,aftosa/conbibac/rabia,
14444,2058,2025-12-04 00:00:00,aftosa/conbibac/rabia,
14445,2067,2025-12-04 00:00:00,aftosa/conbibac/rabia,
14446,2090,2025-12-04 00:00:00,aftosa/conbibac/rabia,
14447,2092,2025-12-04 00:00:00,aftosa/conbibac/rabia,
14448,2094,2025-12-04 00:00:00,aftosa/conbibac/rabia,
14449,2099,2025-12-04 00:00:00,aftosa/conbibac/rabia,
14450,2101,2025-12-04 00:00:00,aftosa/conbibac/rabia,
14451,2106,2025-12-04 00:00:00,aftosa/conbibac/rabia,
14452,2149,2025-12-04 00:00:00,aftosa/conbibac/rabia,
14453,2155,2025-12-04 00:00:00,aftosa/conbibac/rabia,
14454,2167,2025-12-04 00:00:00,aftosa/conbibac/rabia,
14455,2174,2025-12-04 00:00:00,aftosa/conbibac/rabia,
14456,22114,2025-12-04 00:00:00,aftosa/conbibac/rabia,
14457,22118,2025-12-04 00:00:00,aftosa/conbibac/rabia,
14458,22122,2025-12-04 00:00:00,aftosa/conbibac/rabia,
14459,22132,2025-12-04 00:00:00,aftosa/conbibac/rabia,
14460,22157,2025-12-04 00:00:00,aftosa/conbibac/rabia,
14461,22158,2025-12-04 00:00:00,aftosa/conbibac/rabia,
14462,22168,2025-12-04 00:00:00,aftosa/conbibac/rabia,
14463,22175,2025-12-04 00:00:00,aftosa/conbibac/rabia,
14464,22176,2025-12-04 00:00:00,aftosa/conbibac/rabia,
14465,22178,2025-12-04 00:00:00,aftosa/conbibac/rabia,
14466,22185,2025-12-04 00:00:00,aftosa/conbibac/rabia,
14467,22187,2025-12-04 00:00:00,aftosa/conbibac/rabia,
14468,22188,2025-12-04 00:00:00,aftosa/conbibac/rabia,
14469,22190,2025-12-04 00:00:00,aftosa/conbibac/rabia,
14470,22192,2025-12-04 00:00:00,aftosa/conbibac/rabia,
14471,22196,2025-12-04 00:00:00,aftosa/conbibac/rabia,
14472,22205,2025-12-04 00:00:00,aftosa/conbibac/rabia,
14473,22207,2025-12-04 00:00:00,aftosa/conbibac/rabia,
14474,22209,2025-12-04 00:00:00,aftosa/conbibac/rabia,
14475,23007,2025-12-04 00:00:00,aftosa/conbibac/rabia,
14476,23010,2025-12-04 00:00:00,aftosa/conbibac/rabia,
14477,23011,2025-12-04 00:00:00,aftosa/conbibac/rabia,
14478,23020,2025-12-04 00:00:00,aftosa/conbibac/rabia,
14479,23026,2025-12-04 00:00:00,aftosa/conbibac/rabia,
14480,23028,2025-12-04 00:00:00,aftosa/conbibac/rabia,
14481,23046,2025-12-04 00:00:00,aftosa/conbibac/rabia,
14482,23053,2025-12-04 00:00:00,aftosa/conbibac/rabia,
14483,23054,2025-12-04 00:00:00,aftosa/conbibac/rabia,
14484,23058,2025-12-04 00:00:00,aftosa/conbibac/rabia,
14485,23063,2025-12-04 00:00:00,aftosa/conbibac/rabia,
14486,23072,2025-12-04 00:00:00,aftosa/conbibac/rabia,
14487,23078,2025-12-04 00:00:00,aftosa/conbibac/rabia,
14488,23084,2025-12-04 00:00:00,aftosa/conbibac/rabia,
14489,23085,2025-12-04 00:00:00,aftosa/conbibac/rabia,
14490,23088,2025-12-04 00:00:00,aftosa/conbibac/rabia,
14491,23090,2025-12-04 00:00:00,aftosa/conbibac/rabia,
14492,23095,2025-12-04 00:00:00,aftosa/conbibac/rabia,
14493,23096,2025-12-04 00:00:00,aftosa/conbibac/rabia,
14494,23100,2025-12-04 00:00:00,aftosa/conbibac/rabia,
14495,23102,2025-12-04 00:00:00,aftosa/conbibac/rabia,
14496,23104,2025-12-04 00:00:00,aftosa/conbibac/rabia,
14497,23108,2025-12-04 00:00:00,aftosa/conbibac/rabia,
14498,23114,2025-12-04 00:00:00,aftosa/conbibac/rabia,
14499,23116,2025-12-04 00:00:00,aftosa/conbibac/rabia,
14500,23118,2025-12-04 00:00:00,aftosa/conbibac/rabia,
14501,23119,2025-12-04 00:00:00,aftosa/conbibac/rabia,
14502,23120,2025-12-04 00:00:00,aftosa/conbibac/rabia,
14503,23123,2025-12-04 00:00:00,aftosa/conbibac/rabia,
14504,23124,2025-12-04 00:00:00,aftosa/conbibac/rabia,
14505,23135,2025-12-04 00:00:00,aftosa/conbibac/rabia,
14506,23140,2025-12-04 00:00:00,aftosa/conbibac/rabia,
14507,23142,2025-12-04 00:00:00,aftosa/conbibac/rabia,
14508,23146,2025-12-04 00:00:00,aftosa/conbibac/rabia,
14509,23150,2025-12-04 00:00:00,aftosa/conbibac/rabia,
14510,23157,2025-12-04 00:00:00,aftosa/conbibac/rabia,
14511,23173,2025-12-04 00:00:00,aftosa/conbibac/rabia,
14512,23181,2025-12-04 00:00:00,aftosa/conbibac/rabia,
14513,23188,2025-12-04 00:00:00,aftosa/conbibac/rabia,
14514,23212,2025-12-04 00:00:00,aftosa/conbibac/rabia,
14515,23214,2025-12-04 00:00:00,aftosa/conbibac/rabia,
14516,23224,2025-12-04 00:00:00,aftosa/conbibac/rabia,
14517,23238,2025-12-04 00:00:00,aftosa/conbibac/rabia,
14518,23241,2025-12-04 00:00:00,aftosa/conbibac/rabia,
14519,23249,2025-12-04 00:00:00,aftosa/conbibac/rabia,
14520,24002,2025-12-04 00:00:00,aftosa/conbibac/rabia,
14521,24029,2025-12-04 00:00:00,aftosa/conbibac/rabia,
14522,24033,2025-12-04 00:00:00,aftosa/conbibac/rabia,
14523,24034,2025-12-04 00:00:00,aftosa/conbibac/rabia,
14524,24037,2025-12-04 00:00:00,aftosa/conbibac/rabia,
14525,24077,2025-12-04 00:00:00,aftosa/conbibac/rabia,
14526,24134,2025-12-04 00:00:00,aftosa/conbibac/rabia,
14527,J4011,2025-12-04 00:00:00,aftosa/conbibac/rabia,
14528,J416,2025-12-04 00:00:00,aftosa/conbibac/rabia,
14529,23038,2025-12-04 00:00:00,aftosa/conbibac/rabia,
14530,BU006,2025-12-05 00:00:00,aftosa/conbibac/rabia/ moxical,
14616,22121,2025-12-03 00:00:00,aftosa/ rabia/ conbibac/ricobendasol,
14617,22150,2025-12-03 00:00:00,aftosa/ rabia/ conbibac/ricobendasol,
14618,22164,2025-12-03 00:00:00,aftosa/ rabia/ conbibac/ricobendasol,
14619,22182,2025-12-03 00:00:00,aftosa/ rabia/ conbibac/ricobendasol,
14620,22189,2025-12-03 00:00:00,aftosa/ rabia/ conbibac/ricobendasol,
14621,22197,2025-12-03 00:00:00,aftosa/ rabia/ conbibac/ricobendasol,
14622,22221,2025-12-03 00:00:00,aftosa/ rabia/ conbibac/ricobendasol,
14623,23001,2025-12-03 00:00:00,aftosa/ rabia/ conbibac/ricobendasol,
14624,23002,2025-12-03 00:00:00,aftosa/ rabia/ conbibac/ricobendasol,
14625,23003,2025-12-03 00:00:00,aftosa/ rabia/ conbibac/ricobendasol,
14626,23005,2025-12-03 00:00:00,aftosa/ rabia/ conbibac/ricobendasol,
14627,23006,2025-12-03 00:00:00,aftosa/ rabia/ conbibac/ricobendasol,
14628,23016,2025-12-03 00:00:00,aftosa/ rabia/ conbibac/ricobendasol,
14629,23017,2025-12-03 00:00:00,aftosa/ rabia/ conbibac/ricobendasol,
14630,23018,2025-12-03 00:00:00,aftosa/ rabia/ conbibac/ricobendasol,
14631,23021,2025-12-03 00:00:00,aftosa/ rabia/ conbibac/ricobendasol,
14632,23022,2025-12-03 00:00:00,aftosa/ rabia/ conbibac/ricobendasol,
14633,23023,2025-12-03 00:00:00,aftosa/ rabia/ conbibac/ricobendasol,
14634,23024,2025-12-03 00:00:00,aftosa/ rabia/ conbibac/ricobendasol,
14635,23029,2025-12-03 00:00:00,aftosa/ rabia/ conbibac/ricobendasol,
14636,23030,2025-12-03 00:00:00,aftosa/ rabia/ conbibac/ricobendasol,
14637,23031,2025-12-03 00:00:00,aftosa/ rabia/ conbibac/ricobendasol,
14638,23034,2025-12-03 00:00:00,aftosa/ rabia/ conbibac/ricobendasol,
14639,23036,2025-12-03 00:00:00,aftosa/ rabia/ conbibac/ricobendasol,
14640,23039,2025-12-03 00:00:00,aftosa/ rabia/ conbibac/ricobendasol,
14641,23043,2025-12-03 00:00:00,aftosa/ rabia/ conbibac/ricobendasol,
14642,23044,2025-12-03 00:00:00,aftosa/ rabia/ conbibac/ricobendasol,
14643,23045,2025-12-03 00:00:00,aftosa/ rabia/ conbibac/ricobendasol,
14644,23049,2025-12-03 00:00:00,aftosa/ rabia/ conbibac/ricobendasol,
14645,23050,2025-12-03 00:00:00,aftosa/ rabia/ conbibac/ricobendasol,
14646,23051,2025-12-03 00:00:00,aftosa/ rabia/ conbibac/ricobendasol,
14647,23052,2025-12-03 00:00:00,aftosa/ rabia/ conbibac/ricobendasol,
14648,23055,2025-12-03 00:00:00,aftosa/ rabia/ conbibac/ricobendasol,
14649,23057,2025-12-03 00:00:00,aftosa/ rabia/ conbibac/ricobendasol,
14650,23060,2025-12-03 00:00:00,aftosa/ rabia/ conbibac/ricobendasol,
14651,23061,2025-12-03 00:00:00,aftosa/ rabia/ conbibac/ricobendasol,
14652,23062,2025-12-03 00:00:00,aftosa/ rabia/ conbibac/ricobendasol,
14653,23064,2025-12-03 00:00:00,aftosa/ rabia/ conbibac/ricobendasol,
14654,23065,2025-12-03 00:00:00,aftosa/ rabia/ conbibac/ricobendasol,
14655,23066,2025-12-03 00:00:00,aftosa/ rabia/ conbibac/ricobendasol,
14656,23067,2025-12-03 00:00:00,aftosa/ rabia/ conbibac/ricobendasol,
14657,23069,2025-12-03 00:00:00,aftosa/ rabia/ conbibac/ricobendasol,
14658,23073,2025-12-03 00:00:00,aftosa/ rabia/ conbibac/ricobendasol,
14659,23075,2025-12-03 00:00:00,aftosa/ rabia/ conbibac/ricobendasol,
14660,23077,2025-12-03 00:00:00,aftosa/ rabia/ conbibac/ricobendasol,
14661,23079,2025-12-03 00:00:00,aftosa/ rabia/ conbibac/ricobendasol,
14662,23081,2025-12-03 00:00:00,aftosa/ rabia/ conbibac/ricobendasol,
14663,23082,2025-12-03 00:00:00,aftosa/ rabia/ conbibac/ricobendasol,
14664,23092,2025-12-03 00:00:00,aftosa/ rabia/ conbibac/ricobendasol,
14665,23101,2025-12-03 00:00:00,aftosa/ rabia/ conbibac/ricobendasol,
14666,23105,2025-12-03 00:00:00,aftosa/ rabia/ conbibac/ricobendasol,
14667,23106,2025-12-03 00:00:00,aftosa/ rabia/ conbibac/ricobendasol,
14668,23107,2025-12-03 00:00:00,aftosa/ rabia/ conbibac/ricobendasol,
14669,23109,2025-12-03 00:00:00,aftosa/ rabia/ conbibac/ricobendasol,
14670,23110,2025-12-03 00:00:00,aftosa/ rabia/ conbibac/ricobendasol,
14671,23111,2025-12-03 00:00:00,aftosa/ rabia/ conbibac/ricobendasol,
14672,23115,2025-12-03 00:00:00,aftosa/ rabia/ conbibac/ricobendasol,
14673,23121,2025-12-03 00:00:00,aftosa/ rabia/ conbibac/ricobendasol,
14674,23122,2025-12-03 00:00:00,aftosa/ rabia/ conbibac/ricobendasol,
14675,23126,2025-12-03 00:00:00,aftosa/ rabia/ conbibac/ricobendasol,
14676,23128,2025-12-03 00:00:00,aftosa/ rabia/ conbibac/ricobendasol,
14677,23129,2025-12-03 00:00:00,aftosa/ rabia/ conbibac/ricobendasol,
14678,23130,2025-12-03 00:00:00,aftosa/ rabia/ conbibac/ricobendasol,
14679,23134,2025-12-03 00:00:00,aftosa/ rabia/ conbibac/ricobendasol,
14680,23136,2025-12-03 00:00:00,aftosa/ rabia/ conbibac/ricobendasol,
14681,23138,2025-12-03 00:00:00,aftosa/ rabia/ conbibac/ricobendasol,
14682,23141,2025-12-03 00:00:00,aftosa/ rabia/ conbibac/ricobendasol,
14683,23151,2025-12-03 00:00:00,aftosa/ rabia/ conbibac/ricobendasol,
14684,23152,2025-12-03 00:00:00,aftosa/ rabia/ conbibac/ricobendasol,
14685,23153,2025-12-03 00:00:00,aftosa/ rabia/ conbibac/ricobendasol,
14686,23158,2025-12-03 00:00:00,aftosa/ rabia/ conbibac/ricobendasol,
14687,23159,2025-12-03 00:00:00,aftosa/ rabia/ conbibac/ricobendasol,
14688,23162,2025-12-03 00:00:00,aftosa/ rabia/ conbibac/ricobendasol,
14689,23169,2025-12-03 00:00:00,aftosa/ rabia/ conbibac/ricobendasol,
14690,23171,2025-12-03 00:00:00,aftosa/ rabia/ conbibac/ricobendasol,
14691,23172,2025-12-03 00:00:00,aftosa/ rabia/ conbibac/ricobendasol,
14692,23178,2025-12-03 00:00:00,aftosa/ rabia/ conbibac/ricobendasol,
14693,23179,2025-12-03 00:00:00,aftosa/ rabia/ conbibac/ricobendasol,
14694,23183,2025-12-03 00:00:00,aftosa/ rabia/ conbibac/ricobendasol,
14695,23185,2025-12-03 00:00:00,aftosa/ rabia/ conbibac/ricobendasol,
14696,23195,2025-12-03 00:00:00,aftosa/ rabia/ conbibac/ricobendasol,
14697,23198,2025-12-03 00:00:00,aftosa/ rabia/ conbibac/ricobendasol,
14698,23201,2025-12-03 00:00:00,aftosa/ rabia/ conbibac/ricobendasol,
14699,23202,2025-12-03 00:00:00,aftosa/ rabia/ conbibac/ricobendasol,
14700,23203,2025-12-03 00:00:00,aftosa/ rabia/ conbibac/ricobendasol,
14701,23204,2025-12-03 00:00:00,aftosa/ rabia/ conbibac/ricobendasol,
14702,23207,2025-12-03 00:00:00,aftosa/ rabia/ conbibac/ricobendasol,
14703,23208,2025-12-03 00:00:00,aftosa/ rabia/ conbibac/ricobendasol,
14704,23211,2025-12-03 00:00:00,aftosa/ rabia/ conbibac/ricobendasol,
14705,23215,2025-12-03 00:00:00,aftosa/ rabia/ conbibac/ricobendasol,
14706,23216,2025-12-03 00:00:00,aftosa/ rabia/ conbibac/ricobendasol,
14707,23228,2025-12-03 00:00:00,aftosa/ rabia/ conbibac/ricobendasol,
14708,23235,2025-12-03 00:00:00,aftosa/ rabia/ conbibac/ricobendasol,
14709,23236,2025-12-03 00:00:00,aftosa/ rabia/ conbibac/ricobendasol,
14710,23239,2025-12-03 00:00:00,aftosa/ rabia/ conbibac/ricobendasol,
14711,23244,2025-12-03 00:00:00,aftosa/ rabia/ conbibac/ricobendasol,
14712,24009,2025-12-03 00:00:00,aftosa/ rabia/ conbibac/ricobendasol,
14713,24011,2025-12-03 00:00:00,aftosa/ rabia/ conbibac/ricobendasol,
14714,24012,2025-12-03 00:00:00,aftosa/ rabia/ conbibac/ricobendasol,
14715,24018,2025-12-03 00:00:00,aftosa/ rabia/ conbibac/ricobendasol,
14716,24019,2025-12-03 00:00:00,aftosa/ rabia/ conbibac/ricobendasol,
14717,24023,2025-12-03 00:00:00,aftosa/ rabia/ conbibac/ricobendasol,
14718,24025,2025-12-03 00:00:00,aftosa/ rabia/ conbibac/ricobendasol,
14719,24027,2025-12-03 00:00:00,aftosa/ rabia/ conbibac/ricobendasol,
14720,24030,2025-12-03 00:00:00,aftosa/ rabia/ conbibac/ricobendasol,
14721,24031,2025-12-03 00:00:00,aftosa/ rabia/ conbibac/ricobendasol,
14722,24032,2025-12-03 00:00:00,aftosa/ rabia/ conbibac/ricobendasol,
14723,24036,2025-12-03 00:00:00,aftosa/ rabia/ conbibac/ricobendasol,
14724,24044,2025-12-03 00:00:00,aftosa/ rabia/ conbibac/ricobendasol,
14725,24046,2025-12-03 00:00:00,aftosa/ rabia/ conbibac/ricobendasol,
14726,24047,2025-12-03 00:00:00,aftosa/ rabia/ conbibac/ricobendasol,
14727,24048,2025-12-03 00:00:00,aftosa/ rabia/ conbibac/ricobendasol,
14728,24056,2025-12-03 00:00:00,aftosa/ rabia/ conbibac/ricobendasol,
14729,24063,2025-12-03 00:00:00,aftosa/ rabia/ conbibac/ricobendasol,
14730,24069,2025-12-03 00:00:00,aftosa/ rabia/ conbibac/ricobendasol,
14731,24075,2025-12-03 00:00:00,aftosa/ rabia/ conbibac/ricobendasol,
14732,24078,2025-12-03 00:00:00,aftosa/ rabia/ conbibac/ricobendasol,
14733,24079,2025-12-03 00:00:00,aftosa/ rabia/ conbibac/ricobendasol,
14734,24080,2025-12-03 00:00:00,aftosa/ rabia/ conbibac/ricobendasol,
14735,24085,2025-12-03 00:00:00,aftosa/ rabia/ conbibac/ricobendasol,
14736,24087,2025-12-03 00:00:00,aftosa/ rabia/ conbibac/ricobendasol,
14737,24091,2025-12-03 00:00:00,aftosa/ rabia/ conbibac/ricobendasol,
14738,24092,2025-12-03 00:00:00,aftosa/ rabia/ conbibac/ricobendasol,
14739,24095,2025-12-03 00:00:00,aftosa/ rabia/ conbibac/ricobendasol,
14740,24102,2025-12-03 00:00:00,aftosa/ rabia/ conbibac/ricobendasol,
14741,24105,2025-12-03 00:00:00,aftosa/ rabia/ conbibac/ricobendasol,
14742,24109,2025-12-03 00:00:00,aftosa/ rabia/ conbibac/ricobendasol,
14743,24116,2025-12-03 00:00:00,aftosa/ rabia/ conbibac/ricobendasol,
14744,24117,2025-12-03 00:00:00,aftosa/ rabia/ conbibac/ricobendasol,
14745,24118,2025-12-03 00:00:00,aftosa/ rabia/ conbibac/ricobendasol,
14746,24123,2025-12-03 00:00:00,aftosa/ rabia/ conbibac/ricobendasol,
14747,24127,2025-12-03 00:00:00,aftosa/ rabia/ conbibac/ricobendasol,
14748,24130,2025-12-03 00:00:00,aftosa/ rabia/ conbibac/ricobendasol,
14749,24131,2025-12-03 00:00:00,aftosa/ rabia/ conbibac/ricobendasol,
14750,24132,2025-12-03 00:00:00,aftosa/ rabia/ conbibac/ricobendasol,
14751,24133,2025-12-03 00:00:00,aftosa/ rabia/ conbibac/ricobendasol,
14752,24135,2025-12-03 00:00:00,aftosa/ rabia/ conbibac/ricobendasol,
14753,24137,2025-12-03 00:00:00,aftosa/ rabia/ conbibac/ricobendasol,
14754,24143,2025-12-03 00:00:00,aftosa/ rabia/ conbibac/ricobendasol,
14755,24146,2025-12-03 00:00:00,aftosa/ rabia/ conbibac/ricobendasol,
14756,24147,2025-12-03 00:00:00,aftosa/ rabia/ conbibac/ricobendasol,
14757,24151,2025-12-03 00:00:00,aftosa/ rabia/ conbibac/ricobendasol,
14758,24153,2025-12-03 00:00:00,aftosa/ rabia/ conbibac/ricobendasol,
14759,24155,2025-12-03 00:00:00,aftosa/ rabia/ conbibac/ricobendasol,
14760,24156,2025-12-03 00:00:00,aftosa/ rabia/ conbibac/ricobendasol,
14761,24157,2025-12-03 00:00:00,aftosa/ rabia/ conbibac/ricobendasol,
14762,24158,2025-12-03 00:00:00,aftosa/ rabia/ conbibac/ricobendasol,
14763,24159,2025-12-03 00:00:00,aftosa/ rabia/ conbibac/ricobendasol,
14764,24164,2025-12-03 00:00:00,aftosa/ rabia/ conbibac/ricobendasol,
14765,24167,2025-12-03 00:00:00,aftosa/ rabia/ conbibac/ricobendasol,
14766,24170,2025-12-03 00:00:00,aftosa/ rabia/ conbibac/ricobendasol,
14767,24171,2025-12-03 00:00:00,aftosa/ rabia/ conbibac/ricobendasol,
14768,24174,2025-12-03 00:00:00,aftosa/ rabia/ conbibac/ricobendasol,
14769,24176,2025-12-03 00:00:00,aftosa/ rabia/ conbibac/ricobendasol,
14770,24177,2025-12-03 00:00:00,aftosa/ rabia/ conbibac/ricobendasol,
14771,24178,2025-12-03 00:00:00,aftosa/ rabia/ conbibac/ricobendasol,
14772,24184,2025-12-03 00:00:00,aftosa/ rabia/ conbibac/ricobendasol,
14773,24185,2025-12-03 00:00:00,aftosa/ rabia/ conbibac/ricobendasol,
14774,24186,2025-12-03 00:00:00,aftosa/ rabia/ conbibac/ricobendasol,
14775,24188,2025-12-03 00:00:00,aftosa/ rabia/ conbibac/ricobendasol,
14776,24189,2025-12-03 00:00:00,aftosa/ rabia/ conbibac/ricobendasol,
14777,24191,2025-12-03 00:00:00,aftosa/ rabia/ conbibac/ricobendasol,
14778,24193,2025-12-03 00:00:00,aftosa/ rabia/ conbibac/ricobendasol,
14779,24194,2025-12-03 00:00:00,aftosa/ rabia/ conbibac/ricobendasol,
14780,24195,2025-12-03 00:00:00,aftosa/ rabia/ conbibac/ricobendasol,
14781,24196,2025-12-03 00:00:00,aftosa/ rabia/ conbibac/ricobendasol,
14782,24197,2025-12-03 00:00:00,aftosa/ rabia/ conbibac/ricobendasol,
14783,24200,2025-12-03 00:00:00,aftosa/ rabia/ conbibac/ricobendasol,
14784,24201,2025-12-03 00:00:00,aftosa/ rabia/ conbibac/ricobendasol,
14785,24202,2025-12-03 00:00:00,aftosa/ rabia/ conbibac/ricobendasol,
14786,24203,2025-12-03 00:00:00,aftosa/ rabia/ conbibac/ricobendasol,
14787,24207,2025-12-03 00:00:00,aftosa/ rabia/ conbibac/ricobendasol,
14788,24209,2025-12-03 00:00:00,aftosa/ rabia/ conbibac/ricobendasol,
14789,24210,2025-12-03 00:00:00,aftosa/ rabia/ conbibac/ricobendasol,
14790,24211,2025-12-03 00:00:00,aftosa/ rabia/ conbibac/ricobendasol,
14791,24213,2025-12-03 00:00:00,aftosa/ rabia/ conbibac/ricobendasol,
14792,24216,2025-12-03 00:00:00,aftosa/ rabia/ conbibac/ricobendasol,
14793,24217,2025-12-03 00:00:00,aftosa/ rabia/ conbibac/ricobendasol,
14794,24219,2025-12-03 00:00:00,aftosa/ rabia/ conbibac/ricobendasol,
14795,24220,2025-12-03 00:00:00,aftosa/ rabia/ conbibac/ricobendasol,
14796,24221,2025-12-03 00:00:00,aftosa/ rabia/ conbibac/ricobendasol,
14797,24222,2025-12-03 00:00:00,aftosa/ rabia/ conbibac/ricobendasol,
14798,24230,2025-12-03 00:00:00,aftosa/ rabia/ conbibac/ricobendasol,
14799,24232,2025-12-03 00:00:00,aftosa/ rabia/ conbibac/ricobendasol,
14800,24234,2025-12-03 00:00:00,aftosa/ rabia/ conbibac/ricobendasol,
14801,24235,2025-12-03 00:00:00,aftosa/ rabia/ conbibac/ricobendasol,
14802,24237,2025-12-03 00:00:00,aftosa/ rabia/ conbibac/ricobendasol,
14803,24238,2025-12-03 00:00:00,aftosa/ rabia/ conbibac/ricobendasol,
14804,24239,2025-12-03 00:00:00,aftosa/ rabia/ conbibac/ricobendasol,
14805,24240,2025-12-03 00:00:00,aftosa/ rabia/ conbibac/ricobendasol,
14806,24242,2025-12-03 00:00:00,aftosa/ rabia/ conbibac/ricobendasol,
14807,24243,2025-12-03 00:00:00,aftosa/ rabia/ conbibac/ricobendasol,
14808,24244,2025-12-03 00:00:00,aftosa/ rabia/ conbibac/ricobendasol,
14809,24246,2025-12-03 00:00:00,aftosa/ rabia/ conbibac/ricobendasol,
14810,24247,2025-12-03 00:00:00,aftosa/ rabia/ conbibac/ricobendasol,
14811,24249,2025-12-03 00:00:00,aftosa/ rabia/ conbibac/ricobendasol,
14812,24256,2025-12-03 00:00:00,aftosa/ rabia/ conbibac/ricobendasol,
14813,24260,2025-12-03 00:00:00,aftosa/ rabia/ conbibac/ricobendasol,
14814,24264,2025-12-03 00:00:00,aftosa/ rabia/ conbibac/ricobendasol,
14815,24268,2025-12-03 00:00:00,aftosa/ rabia/ conbibac/ricobendasol,
14816,24269,2025-12-03 00:00:00,aftosa/ rabia/ conbibac/ricobendasol,
14817,24270,2025-12-03 00:00:00,aftosa/ rabia/ conbibac/ricobendasol,
14818,24271,2025-12-03 00:00:00,aftosa/ rabia/ conbibac/ricobendasol,
14819,24274,2025-12-03 00:00:00,aftosa/ rabia/ conbibac/ricobendasol,
14820,24276,2025-12-03 00:00:00,aftosa/ rabia/ conbibac/ricobendasol,
14821,24279,2025-12-03 00:00:00,aftosa/ rabia/ conbibac/ricobendasol,
14822,24282,2025-12-03 00:00:00,aftosa/ rabia/ conbibac/ricobendasol,
14823,24283,2025-12-03 00:00:00,aftosa/ rabia/ conbibac/ricobendasol,
14824,24284,2025-12-03 00:00:00,aftosa/ rabia/ conbibac/ricobendasol,
14825,24288,2025-12-03 00:00:00,aftosa/ rabia/ conbibac/ricobendasol,
14826,24291,2025-12-03 00:00:00,aftosa/ rabia/ conbibac/ricobendasol,
14827,24292,2025-12-03 00:00:00,aftosa/ rabia/ conbibac/ricobendasol,
14828,24298,2025-12-03 00:00:00,aftosa/ rabia/ conbibac/ricobendasol,
14829,24302,2025-12-03 00:00:00,aftosa/ rabia/ conbibac/ricobendasol,
14830,24303,2025-12-03 00:00:00,aftosa/ rabia/ conbibac/ricobendasol,
14831,24307,2025-12-03 00:00:00,aftosa/ rabia/ conbibac/ricobendasol,
14832,24308,2025-12-03 00:00:00,aftosa/ rabia/ conbibac/ricobendasol,
14833,25001,2025-12-03 00:00:00,aftosa/ rabia/ conbibac/ricobendasol,
14834,25003,2025-12-03 00:00:00,aftosa/ rabia/ conbibac/ricobendasol,
14835,25006,2025-12-03 00:00:00,aftosa/ rabia/ conbibac/ricobendasol,
14836,25010,2025-12-03 00:00:00,aftosa/ rabia/ conbibac/ricobendasol,
14837,25011,2025-12-03 00:00:00,aftosa/ rabia/ conbibac/ricobendasol,
14838,25013,2025-12-03 00:00:00,aftosa/ rabia/ conbibac/ricobendasol,
14839,25014,2025-12-03 00:00:00,aftosa/ rabia/ conbibac/ricobendasol,
14840,25015,2025-12-03 00:00:00,aftosa/ rabia/ conbibac/ricobendasol,
14841,25016,2025-12-03 00:00:00,aftosa/ rabia/ conbibac/ricobendasol,
14842,25017,2025-12-03 00:00:00,aftosa/ rabia/ conbibac/ricobendasol,
14843,25025,2025-12-03 00:00:00,aftosa/ rabia/ conbibac/ricobendasol,
14844,25029,2025-12-03 00:00:00,aftosa/ rabia/ conbibac/ricobendasol,
14845,25032,2025-12-03 00:00:00,aftosa/ rabia/ conbibac/ricobendasol,
14846,25033,2025-12-03 00:00:00,aftosa/ rabia/ conbibac/ricobendasol,
14847,25035,2025-12-03 00:00:00,aftosa/ rabia/ conbibac/ricobendasol,
14848,25038,2025-12-03 00:00:00,aftosa/ rabia/ conbibac/ricobendasol,
14849,25041,2025-12-03 00:00:00,aftosa/ rabia/ conbibac/ricobendasol,
14850,25042,2025-12-03 00:00:00,aftosa/ rabia/ conbibac/ricobendasol,
14851,25044,2025-12-03 00:00:00,aftosa/ rabia/ conbibac/ricobendasol,
14852,25051,2025-12-03 00:00:00,aftosa/ rabia/ conbibac/ricobendasol,
14853,25080,2025-12-03 00:00:00,aftosa/ rabia/ conbibac/ricobendasol,
14854,J25001,2025-12-03 00:00:00,aftosa/ rabia/ conbibac/ricobendasol,
14855,pend49,2025-12-03 00:00:00,aftosa/ rabia/ conbibac/ricobendasol,
14856,0125,2025-12-10 00:00:00,aftosa/rabia/ conbibac/reproforte/pour on,
14857,0128,2025-12-10 00:00:00,aftosa/rabia/ conbibac/reproforte/pour on,
14858,0246,2025-12-10 00:00:00,aftosa/rabia/ conbibac/reproforte/pour on,
14859,0304,2025-12-10 00:00:00,aftosa/rabia/ conbibac/reproforte/pour on,
14860,0311,2025-12-10 00:00:00,aftosa/rabia/ conbibac/reproforte/pour on,
14861,0326,2025-12-10 00:00:00,aftosa/rabia/ conbibac/reproforte/pour on,
14862,0343,2025-12-10 00:00:00,aftosa/rabia/ conbibac/reproforte/pour on,
14863,0349,2025-12-10 00:00:00,aftosa/rabia/ conbibac/reproforte/pour on,
14864,0350,2025-12-10 00:00:00,aftosa/rabia/ conbibac/reproforte/pour on,
14865,1023,2025-12-10 00:00:00,aftosa/rabia/ conbibac/reproforte/pour on,
14866,1043A,2025-12-10 00:00:00,aftosa/rabia/ conbibac/reproforte/pour on,
14867,1059,2025-12-10 00:00:00,aftosa/rabia/ conbibac/reproforte/pour on,
14868,1065,2025-12-10 00:00:00,aftosa/rabia/ conbibac/reproforte/pour on,
14869,1077A,2025-12-10 00:00:00,aftosa/rabia/ conbibac/reproforte/pour on,
14870,1084A,2025-12-10 00:00:00,aftosa/rabia/ conbibac/reproforte/pour on,
14871,1097B,2025-12-10 00:00:00,aftosa/rabia/ conbibac/reproforte/pour on,
14872,1132,2025-12-10 00:00:00,aftosa/rabia/ conbibac/reproforte/pour on,
14873,12164,2025-12-10 00:00:00,aftosa/rabia/ conbibac/reproforte/pour on,
14874,2037,2025-12-10 00:00:00,aftosa/rabia/ conbibac/reproforte/pour on,
14875,2061,2025-12-10 00:00:00,aftosa/rabia/ conbibac/reproforte/pour on,
14876,2064,2025-12-10 00:00:00,aftosa/rabia/ conbibac/reproforte/pour on,
14877,2097,2025-12-10 00:00:00,aftosa/rabia/ conbibac/reproforte/pour on,
14878,2107,2025-12-10 00:00:00,aftosa/rabia/ conbibac/reproforte/pour on,
14879,2143A,2025-12-10 00:00:00,aftosa/rabia/ conbibac/reproforte/pour on,
14880,22198,2025-12-10 00:00:00,aftosa/rabia/ conbibac/reproforte/pour on,
14881,23037,2025-12-10 00:00:00,aftosa/rabia/ conbibac/reproforte/pour on,
14882,25063,2025-12-10 00:00:00,aftosa/rabia/ conbibac,
14883,25071,2025-12-10 00:00:00,aftosa/rabia/ conbibac,
14884,25078,2025-12-10 00:00:00,aftosa/rabia/ conbibac,
14885,25086,2025-12-10 00:00:00,aftosa/rabia/ conbibac,
14886,25093,2025-12-10 00:00:00,aftosa/rabia/ conbibac,
14887,25096,2025-12-10 00:00:00,aftosa/rabia/ conbibac,
14888,25097,2025-12-10 00:00:00,aftosa/rabia/ conbibac,
14889,25104,2025-12-10 00:00:00,aftosa/rabia/ conbibac,
14890,25115,2025-12-10 00:00:00,aftosa/rabia/ conbibac,
14891,25117,2025-12-10 00:00:00,aftosa/rabia/ conbibac,
14892,25118,2025-12-10 00:00:00,aftosa/rabia/ conbibac,
14893,25120,2025-12-10 00:00:00,aftosa/rabia/ conbibac,
14894,25122,2025-12-10 00:00:00,aftosa/rabia/ conbibac,
14895,25125,2025-12-10 00:00:00,aftosa/rabia/ conbibac,
14896,25137,2025-12-10 00:00:00,aftosa/rabia/ conbibac,
14897,25140,2025-12-10 00:00:00,aftosa/rabia/ conbibac,
14898,25149,2025-12-10 00:00:00,aftosa/rabia/ conbibac,
14899,25152,2025-12-10 00:00:00,aftosa/rabia/ conbibac,
14900,25173,2025-12-10 00:00:00,aftosa/rabia/ conbibac,
14901,25176,2025-12-10 00:00:00,aftosa/rabia/ conbibac,
14902,25178,2025-12-10 00:00:00,aftosa/rabia/ conbibac,
14903,25179,2025-12-10 00:00:00,aftosa/rabia/ conbibac,
14904,25183,2025-12-10 00:00:00,aftosa/rabia/ conbibac,
14905,25203,2025-12-10 00:00:00,aftosa/rabia/ conbibac,
14906,25206,2025-12-10 00:00:00,aftosa/rabia/ conbibac,
14907,25210,2025-12-10 00:00:00,aftosa/rabia/ conbibac,
14908,25222,2025-12-10 00:00:00,aftosa/rabia/ conbibac,
14909,25223,2025-12-10 00:00:00,aftosa/rabia/ conbibac,
14910,25226,2025-12-10 00:00:00,aftosa/rabia/ conbibac,
14911,25239,2025-12-10 00:00:00,aftosa/rabia/ conbibac,
14912,3027A,2025-12-10 00:00:00,aftosa/rabia/ conbibac/reproforte/pour on,
14913,31,2025-12-10 00:00:00,aftosa/rabia/ conbibac/reproforte/pour on,
14914,4033,2025-12-10 00:00:00,aftosa/rabia/ conbibac/reproforte/pour on,
14915,4055,2025-12-10 00:00:00,aftosa/rabia/ conbibac/reproforte/pour on,
14916,4066,2025-12-10 00:00:00,aftosa/rabia/ conbibac/reproforte/pour on,
14917,4141,2025-12-10 00:00:00,aftosa/rabia/ conbibac/reproforte/pour on,
14918,50501,2025-12-10 00:00:00,aftosa/rabia/ conbibac/reproforte/pour on,
14919,5098,2025-12-10 00:00:00,aftosa/rabia/ conbibac/reproforte/pour on,
14920,6020,2025-12-10 00:00:00,aftosa/rabia/ conbibac/reproforte/pour on,
14921,6028,2025-12-10 00:00:00,aftosa/rabia/ conbibac/reproforte/pour on,
14922,6031,2025-12-10 00:00:00,aftosa/rabia/ conbibac/reproforte/pour on,
14923,7072,2025-12-10 00:00:00,aftosa/rabia/ conbibac/reproforte/pour on,
14924,7080,2025-12-10 00:00:00,aftosa/rabia/ conbibac/reproforte/pour on,
14925,8060,2025-12-10 00:00:00,aftosa/rabia/ conbibac/reproforte/pour on,
14926,8085,2025-12-10 00:00:00,aftosa/rabia/ conbibac/reproforte/pour on,
14927,9014,2025-12-10 00:00:00,aftosa/rabia/ conbibac/reproforte/pour on,
14928,91091,2025-12-10 00:00:00,aftosa/rabia/ conbibac/reproforte/pour on,
14929,9122,2025-12-10 00:00:00,aftosa/rabia/ conbibac/reproforte/pour on,
14930,J428,2025-12-10 00:00:00,aftosa/conbibac/rabia/porur on,
14931,25138,2025-12-10 00:00:00,aftosa/rabia/ conbibac,
14932,24160,2025-12-10 00:00:00,aftosa/rabia/ conbibac,
14933,2060,2025-12-10 00:00:00,aftosa/conbibac/rabia/porur on,
14934,24154,2025-12-10 00:00:00,aftosa/rabia/ conbibac,
14935,25164,2025-12-10 00:00:00,aftosa/rabia/ conbibac,
14936,3501,2025-12-10 00:00:00,aftosa/rabia/ conbibac,
14937,24205,2025-12-10 00:00:00,aftosa/rabia/ conbibac,
14938,2065,2025-12-10 00:00:00,aftosa/conbibac/rabia/porur on,
14939,25119,2025-12-10 00:00:00,aftosa/rabia/ conbibac,
14940,25080,2025-12-10 00:00:00,aftosa/rabia/ conbibac,
14941,24089,2025-12-10 00:00:00,aftosa/rabia/ conbibac,
14942,24140,2025-12-03 00:00:00,aftosa/rabia/ conbibac,
14943,24163,2025-12-03 00:00:00,aftosa/rabia/clostridium,
14944,25229,2025-12-10 00:00:00,aftosa/rabia /conbibac,
14945,BU78,2026-02-06 00:00:00,aftosa/combibac/ rabia,
14946,BU79,2026-02-06 00:00:00,aftosa/combibac/ rabia,
14947,BU356,2026-02-06 00:00:00,aftosa/combibac/ rabia,
14948,BU357,2026-02-06 00:00:00,aftosa/combibac/ rabia,
14949,BU358,2026-02-06 00:00:00,aftosa/combibac/ rabia,
14950,BU360,2026-02-06 00:00:00,aftosa/combibac/ rabia,
14951,BU363,2026-02-06 00:00:00,aftosa/combibac/ rabia,
14952,BU368,2026-02-06 00:00:00,aftosa/combibac/ rabia,
14953,BU370,2026-02-06 00:00:00,aftosa/combibac/ rabia,
14954,BU371,2026-02-06 00:00:00,aftosa/combibac/ rabia,
14955,BU374,2026-02-06 00:00:00,aftosa/combibac/ rabia,
14956,BU375,2026-02-06 00:00:00,aftosa/combibac/ rabia,
14957,BU377,2026-02-06 00:00:00,aftosa/combibac/ rabia,
14958,BU365,2026-02-06 00:00:00,aftosa/combibac/ rabia,
14959,24056,2026-03-24 00:00:00,fiprocherry/ levamisol/ minerfun MX,
14960,22131,2026-03-24 00:00:00,fiprocherry/ levamisol/ minerfun MX,
14961,22105,2026-03-24 00:00:00,fiprocherry/ levamisol/ minerfun MX,
14962,2045,2026-03-24 00:00:00,fiprocherry/ levamisol/ minerfun MX,
14963,8030,2026-03-24 00:00:00,fiprocherry/ levamisol/ minerfun MX,
14964,5052,2026-03-24 00:00:00,fiprocherry/ levamisol/ minerfun MX,
14965,2202,2026-03-24 00:00:00,fiprocherry/ levamisol/ minerfun MX,
14966,2149A,2026-03-24 00:00:00,fiprocherry/ levamisol/ minerfun MX,
14967,22191,2026-03-24 00:00:00,fiprocherry/ levamisol/ minerfun MX,
14968,80472,2026-03-24 00:00:00,fiprocherry/ levamisol/ minerfun MX,
14969,0274,2026-03-24 00:00:00,fiprocherry/ levamisol/ minerfun MX,
14970,24255,2026-03-24 00:00:00,fiprocherry/ levamisol/ minerfun MX,
14971,7092,2026-03-24 00:00:00,fiprocherry/ levamisol/ minerfun MX,
14972,0018,2026-03-24 00:00:00,fiprocherry/ levamisol/ minerfun MX,
14973,2066,2026-03-24 00:00:00,fiprocherry/ levamisol/ minerfun MX,
14974,30,2026-03-24 00:00:00,fiprocherry/ levamisol/ minerfun MX,
14975,22151,2026-03-24 00:00:00,fiprocherry/ levamisol/ minerfun MX,
14976,22149,2026-03-24 00:00:00,fiprocherry/ levamisol/ minerfun MX,
14977,4087,2026-03-24 00:00:00,fiprocherry/ levamisol/ minerfun MX,
14978,24089,2026-03-24 00:00:00,fiprocherry/ levamisol/ minerfun MX,
14979,1123,2026-03-24 00:00:00,fiprocherry/ levamisol/ minerfun MX,
14980,22216,2026-03-24 00:00:00,fiprocherry/ levamisol/ minerfun MX,
14981,4008,2026-03-24 00:00:00,fiprocherry/ levamisol/ minerfun MX,
14982,pend24,2026-03-24 00:00:00,fiprocherry/ levamisol/ minerfun MX,
14983,40072,2026-03-24 00:00:00,fiprocherry/ levamisol/ minerfun MX,
14984,3027A,2026-03-24 00:00:00,fiprocherry/ levamisol/ minerfun MX,
14985,1066A,2026-03-24 00:00:00,fiprocherry/ levamisol/ minerfun MX,
14986,3024A,2026-03-24 00:00:00,fiprocherry/ levamisol/ minerfun MX,
14987,2140,2026-03-23 00:00:00,,
14988,0107,2026-03-23 00:00:00,minerfun MX/ formisol/fiprocherry (pour no),
14989,0111,2026-03-23 00:00:00,minerfun MX/ formisol/fiprocherry (pour no),
14990,0206A,2026-03-23 00:00:00,minerfun MX/ formisol/fiprocherry (pour no),
14991,0208A,2026-03-23 00:00:00,minerfun MX/ formisol/fiprocherry (pour no),
14992,0220,2026-03-23 00:00:00,minerfun MX/ formisol/fiprocherry (pour no),
14993,0226,2026-03-23 00:00:00,minerfun MX/ formisol/fiprocherry (pour no),
14994,0229,2026-03-23 00:00:00,minerfun MX/ formisol/fiprocherry (pour no),
14995,0231A,2026-03-23 00:00:00,minerfun MX/ formisol/fiprocherry (pour no),
14996,02331,2026-03-23 00:00:00,minerfun MX/ formisol/fiprocherry (pour no),
14997,0241,2026-03-23 00:00:00,minerfun MX/ formisol/fiprocherry (pour no),
14998,0249,2026-03-23 00:00:00,minerfun MX/ formisol/fiprocherry (pour no),
14999,0252,2026-03-23 00:00:00,minerfun MX/ formisol/fiprocherry (pour no),
15000,0259,2026-03-23 00:00:00,minerfun MX/ formisol/fiprocherry (pour no),
15001,0267,2026-03-23 00:00:00,minerfun MX/ formisol/fiprocherry (pour no),
15002,0269,2026-03-23 00:00:00,minerfun MX/ formisol/fiprocherry (pour no),
15003,0272,2026-03-23 00:00:00,minerfun MX/ formisol/fiprocherry (pour no),
15004,0278,2026-03-23 00:00:00,minerfun MX/ formisol/fiprocherry (pour no),
15005,0297,2026-03-23 00:00:00,minerfun MX/ formisol/fiprocherry (pour no),
15006,0298,2026-03-23 00:00:00,minerfun MX/ formisol/fiprocherry (pour no),
15007,0298A,2026-03-23 00:00:00,minerfun MX/ formisol/fiprocherry (pour no),
15008,0303,2026-03-23 00:00:00,minerfun MX/ formisol/fiprocherry (pour no),
15009,0306,2026-03-23 00:00:00,minerfun MX/ formisol/fiprocherry (pour no),
15010,0307,2026-03-23 00:00:00,minerfun MX/ formisol/fiprocherry (pour no),
15011,0314,2026-03-23 00:00:00,minerfun MX/ formisol/fiprocherry (pour no),
15012,0322,2026-03-23 00:00:00,minerfun MX/ formisol/fiprocherry (pour no),
15013,0323,2026-03-23 00:00:00,minerfun MX/ formisol/fiprocherry (pour no),
15014,0327,2026-03-23 00:00:00,minerfun MX/ formisol/fiprocherry (pour no),
15015,0332,2026-03-23 00:00:00,minerfun MX/ formisol/fiprocherry (pour no),
15016,0333,2026-03-23 00:00:00,minerfun MX/ formisol/fiprocherry (pour no),
15017,0336,2026-03-23 00:00:00,minerfun MX/ formisol/fiprocherry (pour no),
15018,0353,2026-03-23 00:00:00,minerfun MX/ formisol/fiprocherry (pour no),
15019,0500,2026-03-23 00:00:00,minerfun MX/ formisol/fiprocherry (pour no),
15020,1015,2026-03-23 00:00:00,minerfun MX/ formisol/fiprocherry (pour no),
15021,1015A,2026-03-23 00:00:00,minerfun MX/ formisol/fiprocherry (pour no),
15022,1045,2026-03-23 00:00:00,minerfun MX/ formisol/fiprocherry (pour no),
15023,1063,2026-03-23 00:00:00,minerfun MX/ formisol/fiprocherry (pour no),
15024,1073,2026-03-23 00:00:00,minerfun MX/ formisol/fiprocherry (pour no),
15025,1078A,2026-03-23 00:00:00,minerfun MX/ formisol/fiprocherry (pour no),
15026,1079,2026-03-23 00:00:00,minerfun MX/ formisol/fiprocherry (pour no),
15027,1088A,2026-03-23 00:00:00,minerfun MX/ formisol/fiprocherry (pour no),
15028,1095A,2026-03-23 00:00:00,minerfun MX/ formisol/fiprocherry (pour no),
15029,1100A,2026-03-23 00:00:00,minerfun MX/ formisol/fiprocherry (pour no),
15030,1102,2026-03-23 00:00:00,minerfun MX/ formisol/fiprocherry (pour no),
15031,1103,2026-03-23 00:00:00,minerfun MX/ formisol/fiprocherry (pour no),
15032,1310,2026-03-23 00:00:00,minerfun MX/ formisol/fiprocherry (pour no),
15033,19,2026-03-23 00:00:00,minerfun MX/ formisol/fiprocherry (pour no),
15034,20001,2026-03-23 00:00:00,minerfun MX/ formisol/fiprocherry (pour no),
15035,2011,2026-03-23 00:00:00,minerfun MX/ formisol/fiprocherry (pour no),
15036,2014,2026-03-23 00:00:00,minerfun MX/ formisol/fiprocherry (pour no),
15037,2018,2026-03-23 00:00:00,minerfun MX/ formisol/fiprocherry (pour no),
15038,2023,2026-03-23 00:00:00,minerfun MX/ formisol/fiprocherry (pour no),
15039,2026,2026-03-23 00:00:00,minerfun MX/ formisol/fiprocherry (pour no),
15040,2030,2026-03-23 00:00:00,minerfun MX/ formisol/fiprocherry (pour no),
15041,20334,2026-03-23 00:00:00,minerfun MX/ formisol/fiprocherry (pour no),
15042,2034,2026-03-23 00:00:00,minerfun MX/ formisol/fiprocherry (pour no),
15043,2039,2026-03-23 00:00:00,minerfun MX/ formisol/fiprocherry (pour no),
15044,2040,2026-03-23 00:00:00,minerfun MX/ formisol/fiprocherry (pour no),
15045,2048,2026-03-23 00:00:00,minerfun MX/ formisol/fiprocherry (pour no),
15046,2052,2026-03-23 00:00:00,minerfun MX/ formisol/fiprocherry (pour no),
15047,2063A,2026-03-23 00:00:00,minerfun MX/ formisol/fiprocherry (pour no),
15048,2080,2026-03-23 00:00:00,minerfun MX/ formisol/fiprocherry (pour no),
15049,2083,2026-03-23 00:00:00,minerfun MX/ formisol/fiprocherry (pour no),
15050,2087,2026-03-23 00:00:00,minerfun MX/ formisol/fiprocherry (pour no),
15051,2088B,2026-03-23 00:00:00,minerfun MX/ formisol/fiprocherry (pour no),
15052,2093,2026-03-23 00:00:00,minerfun MX/ formisol/fiprocherry (pour no),
15053,2094A,2026-03-23 00:00:00,minerfun MX/ formisol/fiprocherry (pour no),
15054,2095,2026-03-23 00:00:00,minerfun MX/ formisol/fiprocherry (pour no),
15055,2096A,2026-03-23 00:00:00,minerfun MX/ formisol/fiprocherry (pour no),
15056,20971,2026-03-23 00:00:00,minerfun MX/ formisol/fiprocherry (pour no),
15057,2103,2026-03-23 00:00:00,minerfun MX/ formisol/fiprocherry (pour no),
15058,2108,2026-03-23 00:00:00,minerfun MX/ formisol/fiprocherry (pour no),
15059,2109,2026-03-23 00:00:00,minerfun MX/ formisol/fiprocherry (pour no),
15060,2110,2026-03-23 00:00:00,minerfun MX/ formisol/fiprocherry (pour no),
15061,2111,2026-03-23 00:00:00,minerfun MX/ formisol/fiprocherry (pour no),
15062,2124A,2026-03-23 00:00:00,minerfun MX/ formisol/fiprocherry (pour no),
15063,2133A,2026-03-23 00:00:00,minerfun MX/ formisol/fiprocherry (pour no),
15064,21391,2026-03-23 00:00:00,minerfun MX/ formisol/fiprocherry (pour no),
15065,2140,2026-03-23 00:00:00,minerfun MX/ formisol/fiprocherry (pour no),
15066,2141,2026-03-23 00:00:00,minerfun MX/ formisol/fiprocherry (pour no),
15067,2143,2026-03-23 00:00:00,minerfun MX/ formisol/fiprocherry (pour no),
15068,2146,2026-03-23 00:00:00,minerfun MX/ formisol/fiprocherry (pour no),
15069,2148A,2026-03-23 00:00:00,minerfun MX/ formisol/fiprocherry (pour no),
15070,2162,2026-03-23 00:00:00,minerfun MX/ formisol/fiprocherry (pour no),
15071,2196A,2026-03-23 00:00:00,minerfun MX/ formisol/fiprocherry (pour no),
15072,22049,2026-03-23 00:00:00,minerfun MX/ formisol/fiprocherry (pour no),
15073,22085,2026-03-23 00:00:00,minerfun MX/ formisol/fiprocherry (pour no),
15074,2208A,2026-03-23 00:00:00,minerfun MX/ formisol/fiprocherry (pour no),
15075,22098,2026-03-23 00:00:00,minerfun MX/ formisol/fiprocherry (pour no),
15076,22112,2026-03-23 00:00:00,minerfun MX/ formisol/fiprocherry (pour no),
15077,22117,2026-03-23 00:00:00,minerfun MX/ formisol/fiprocherry (pour no),
15078,22119,2026-03-23 00:00:00,minerfun MX/ formisol/fiprocherry (pour no),
15079,22135,2026-03-23 00:00:00,minerfun MX/ formisol/fiprocherry (pour no),
15080,22144,2026-03-23 00:00:00,minerfun MX/ formisol/fiprocherry (pour no),
15081,22160,2026-03-23 00:00:00,minerfun MX/ formisol/fiprocherry (pour no),
15082,22161,2026-03-23 00:00:00,minerfun MX/ formisol/fiprocherry (pour no),
15083,22172,2026-03-23 00:00:00,minerfun MX/ formisol/fiprocherry (pour no),
15084,22177,2026-03-23 00:00:00,minerfun MX/ formisol/fiprocherry (pour no),
15085,22186,2026-03-23 00:00:00,minerfun MX/ formisol/fiprocherry (pour no),
15086,22193,2026-03-23 00:00:00,minerfun MX/ formisol/fiprocherry (pour no),
15087,2220,2026-03-23 00:00:00,minerfun MX/ formisol/fiprocherry (pour no),
15088,2226,2026-03-23 00:00:00,minerfun MX/ formisol/fiprocherry (pour no),
15089,2500,2026-03-23 00:00:00,minerfun MX/ formisol/fiprocherry (pour no),
15090,3003A,2026-03-23 00:00:00,minerfun MX/ formisol/fiprocherry (pour no),
15091,3021A,2026-03-23 00:00:00,minerfun MX/ formisol/fiprocherry (pour no),
15092,3026A,2026-03-23 00:00:00,minerfun MX/ formisol/fiprocherry (pour no),
15093,3066B,2026-03-23 00:00:00,minerfun MX/ formisol/fiprocherry (pour no),
15094,3107,2026-03-23 00:00:00,minerfun MX/ formisol/fiprocherry (pour no),
15095,31102,2026-03-23 00:00:00,minerfun MX/ formisol/fiprocherry (pour no),
15096,34,2026-03-23 00:00:00,minerfun MX/ formisol/fiprocherry (pour no),
15097,4007,2026-03-23 00:00:00,minerfun MX/ formisol/fiprocherry (pour no),
15098,4018,2026-03-23 00:00:00,minerfun MX/ formisol/fiprocherry (pour no),
15099,4035,2026-03-23 00:00:00,minerfun MX/ formisol/fiprocherry (pour no),
15100,4072,2026-03-23 00:00:00,minerfun MX/ formisol/fiprocherry (pour no),
15101,4151,2026-03-23 00:00:00,minerfun MX/ formisol/fiprocherry (pour no),
15102,5007,2026-03-23 00:00:00,minerfun MX/ formisol/fiprocherry (pour no),
15103,5030,2026-03-23 00:00:00,minerfun MX/ formisol/fiprocherry (pour no),
15104,5033,2026-03-23 00:00:00,minerfun MX/ formisol/fiprocherry (pour no),
15105,50741,2026-03-23 00:00:00,minerfun MX/ formisol/fiprocherry (pour no),
15106,5077,2026-03-23 00:00:00,minerfun MX/ formisol/fiprocherry (pour no),
15107,5144,2026-03-23 00:00:00,minerfun MX/ formisol/fiprocherry (pour no),
15108,5146,2026-03-23 00:00:00,minerfun MX/ formisol/fiprocherry (pour no),
15109,5150,2026-03-23 00:00:00,minerfun MX/ formisol/fiprocherry (pour no),
15110,6021,2026-03-23 00:00:00,minerfun MX/ formisol/fiprocherry (pour no),
15111,6043,2026-03-23 00:00:00,minerfun MX/ formisol/fiprocherry (pour no),
15112,6067,2026-03-23 00:00:00,minerfun MX/ formisol/fiprocherry (pour no),
15113,7012,2026-03-23 00:00:00,minerfun MX/ formisol/fiprocherry (pour no),
15114,7028,2026-03-23 00:00:00,minerfun MX/ formisol/fiprocherry (pour no),
15115,7059,2026-03-23 00:00:00,minerfun MX/ formisol/fiprocherry (pour no),
15116,7074,2026-03-23 00:00:00,minerfun MX/ formisol/fiprocherry (pour no),
15117,7077,2026-03-23 00:00:00,minerfun MX/ formisol/fiprocherry (pour no),
15118,8005,2026-03-23 00:00:00,minerfun MX/ formisol/fiprocherry (pour no),
15119,80121,2026-03-23 00:00:00,minerfun MX/ formisol/fiprocherry (pour no),
15120,8017,2026-03-23 00:00:00,minerfun MX/ formisol/fiprocherry (pour no),
15121,8019,2026-03-23 00:00:00,minerfun MX/ formisol/fiprocherry (pour no),
15122,8036,2026-03-23 00:00:00,minerfun MX/ formisol/fiprocherry (pour no),
15123,8045,2026-03-23 00:00:00,minerfun MX/ formisol/fiprocherry (pour no),
15124,8046,2026-03-23 00:00:00,minerfun MX/ formisol/fiprocherry (pour no),
15125,8048,2026-03-23 00:00:00,minerfun MX/ formisol/fiprocherry (pour no),
15126,8051,2026-03-23 00:00:00,minerfun MX/ formisol/fiprocherry (pour no),
15127,8061,2026-03-23 00:00:00,minerfun MX/ formisol/fiprocherry (pour no),
15128,8062,2026-03-23 00:00:00,minerfun MX/ formisol/fiprocherry (pour no),
15129,8076,2026-03-23 00:00:00,minerfun MX/ formisol/fiprocherry (pour no),
15130,8077,2026-03-23 00:00:00,minerfun MX/ formisol/fiprocherry (pour no),
15131,8082,2026-03-23 00:00:00,minerfun MX/ formisol/fiprocherry (pour no),
15132,8087,2026-03-23 00:00:00,minerfun MX/ formisol/fiprocherry (pour no),
15133,80882,2026-03-23 00:00:00,minerfun MX/ formisol/fiprocherry (pour no),
15134,809,2026-03-23 00:00:00,minerfun MX/ formisol/fiprocherry (pour no),
15135,8093,2026-03-23 00:00:00,minerfun MX/ formisol/fiprocherry (pour no),
15136,8096,2026-03-23 00:00:00,minerfun MX/ formisol/fiprocherry (pour no),
15137,9006,2026-03-23 00:00:00,minerfun MX/ formisol/fiprocherry (pour no),
15138,9020,2026-03-23 00:00:00,minerfun MX/ formisol/fiprocherry (pour no),
15139,9024,2026-03-23 00:00:00,minerfun MX/ formisol/fiprocherry (pour no),
15140,9037,2026-03-23 00:00:00,minerfun MX/ formisol/fiprocherry (pour no),
15141,9040,2026-03-23 00:00:00,minerfun MX/ formisol/fiprocherry (pour no),
15142,9053,2026-03-23 00:00:00,minerfun MX/ formisol/fiprocherry (pour no),
15143,9073,2026-03-23 00:00:00,minerfun MX/ formisol/fiprocherry (pour no),
15144,9076,2026-03-23 00:00:00,minerfun MX/ formisol/fiprocherry (pour no),
15145,9103,2026-03-23 00:00:00,minerfun MX/ formisol/fiprocherry (pour no),
15146,9110A,2026-03-23 00:00:00,minerfun MX/ formisol/fiprocherry (pour no),
15147,91171,2026-03-23 00:00:00,minerfun MX/ formisol/fiprocherry (pour no),
15148,91172,2026-03-23 00:00:00,minerfun MX/ formisol/fiprocherry (pour no),
15149,9125,2026-03-23 00:00:00,minerfun MX/ formisol/fiprocherry (pour no),
15150,91262,2026-03-23 00:00:00,minerfun MX/ formisol/fiprocherry (pour no),
15151,9126A,2026-03-23 00:00:00,minerfun MX/ formisol/fiprocherry (pour no),
15152,9128B,2026-03-23 00:00:00,minerfun MX/ formisol/fiprocherry (pour no),
15153,EMB 2,2026-03-23 00:00:00,minerfun MX/ formisol/fiprocherry (pour no),
15154,EMB 5,2026-03-23 00:00:00,minerfun MX/ formisol/fiprocherry (pour no),
15155,J426,2026-03-23 00:00:00,minerfun MX/ formisol/fiprocherry (pour no),
15156,J841,2026-03-23 00:00:00,minerfun MX/ formisol/fiprocherry (pour no),
15157,8043,2026-03-23 00:00:00,minerfun MX/ formisol/fiprocherry (pour no),
15158,8033,2026-03-23 00:00:00,minerfun MX/ formisol/fiprocherry (pour no),
15159,1052A,2026-03-23 00:00:00,minerfun MX/ formisol/fiprocherry (pour no),
15160,1109A,2026-03-23 00:00:00,minerfun MX/ formisol/fiprocherry (pour no),
15161,7017,2026-03-23 00:00:00,minerfun MX/ formisol/fiprocherry (pour no),
15162,2042,2026-03-23 00:00:00,minerfun MX/ formisol/fiprocherry (pour no),
15163,J428,2026-03-23 00:00:00,minerfun MX/ formisol/fiprocherry (pour no),
15164,2203,2026-03-23 00:00:00,minerfun MX/ formisol/fiprocherry (pour no),
15165,0338,2026-03-23 00:00:00,minerfun MX/ formisol/fiprocherry (pour no),
15166,5076,2026-03-23 00:00:00,minerfun MX/ formisol/fiprocherry (pour no),
15167,8094,2026-03-23 00:00:00,minerfun MX/ formisol/fiprocherry (pour no),
15168,0240,2026-03-23 00:00:00,minerfun MX/ formisol/fiprocherry (pour no),
15169,10431,2026-03-23 00:00:00,minerfun MX/ formisol/fiprocherry (pour no),
15170,22139,2026-03-23 00:00:00,minerfun MX/ formisol/fiprocherry (pour no),
15171,0304,2026-03-23 00:00:00,minerfun MX/ formisol/fiprocherry (pour no),
15172,0308,2026-03-23 00:00:00,minerfun MX/ formisol/fiprocherry (pour no),
15173,2002,2026-03-23 00:00:00,minerfun MX/ formisol/fiprocherry (pour no),
15174,9500,2026-03-23 00:00:00,minerfun MX/ formisol/fiprocherry (pour no),
15175,24200,2026-04-06 00:00:00, minerfun finacol. Babecide,
15176,BU057,2026-04-10 00:00:00,MINERFUN/ ANTRIVAN,
15177,1133,2026-05-04 00:00:00,clostridium/ricoben/aftosa,
15178,2045,2026-05-04 00:00:00,clostridium/ricoben/aftosa,
15179,2099,2026-05-04 00:00:00,clostridium/ricoben/aftosa,
15180,22114,2026-05-04 00:00:00,clostridium/ricoben/aftosa,
15181,22120,2026-05-04 00:00:00,clostridium/ricoben/aftosa,
15182,22122,2026-05-04 00:00:00,clostridium/ricoben/aftosa,
15183,22175,2026-05-04 00:00:00,clostridium/ricoben/aftosa,
15184,22176,2026-05-04 00:00:00,clostridium/ricoben/aftosa,
15185,22183,2026-05-04 00:00:00,clostridium/ricoben/aftosa,
15186,22184,2026-05-04 00:00:00,clostridium/ricoben/aftosa,
15187,22187,2026-05-04 00:00:00,clostridium/ricoben/aftosa,
15188,22192,2026-05-04 00:00:00,clostridium/ricoben/aftosa,
15189,22205,2026-05-04 00:00:00,clostridium/ricoben/aftosa,
15190,22206,2026-05-04 00:00:00,clostridium/ricoben/aftosa,
15191,22207,2026-05-04 00:00:00,clostridium/ricoben/aftosa,
15192,23007,2026-05-04 00:00:00,clostridium/ricoben/aftosa,
15193,23008,2026-05-04 00:00:00,clostridium/ricoben/aftosa,
15194,23010,2026-05-04 00:00:00,clostridium/ricoben/aftosa,
15195,23014,2026-05-04 00:00:00,clostridium/ricoben/aftosa,
15196,23019,2026-05-04 00:00:00,clostridium/ricoben/aftosa,
15197,23020,2026-05-04 00:00:00,clostridium/ricoben/aftosa,
15198,23026,2026-05-04 00:00:00,clostridium/ricoben/aftosa,
15199,23028,2026-05-04 00:00:00,clostridium/ricoben/aftosa,
15200,23035,2026-05-04 00:00:00,clostridium/ricoben/aftosa,
15201,23038,2026-05-04 00:00:00,clostridium/ricoben/aftosa,
15202,23046,2026-05-04 00:00:00,clostridium/ricoben/aftosa,
15203,23053,2026-05-04 00:00:00,clostridium/ricoben/aftosa,
15204,23054,2026-05-04 00:00:00,clostridium/ricoben/aftosa,
15205,23056,2026-05-04 00:00:00,clostridium/ricoben/aftosa,
15206,23058,2026-05-04 00:00:00,clostridium/ricoben/aftosa,
15207,23059,2026-05-04 00:00:00,clostridium/ricoben/aftosa,
15208,23063,2026-05-04 00:00:00,clostridium/ricoben/aftosa,
15209,23070,2026-05-04 00:00:00,clostridium/ricoben/aftosa,
15210,23072,2026-05-04 00:00:00,clostridium/ricoben/aftosa,
15211,23078,2026-05-04 00:00:00,clostridium/ricoben/aftosa,
15212,23080,2026-05-04 00:00:00,clostridium/ricoben/aftosa,
15213,23084,2026-05-04 00:00:00,clostridium/ricoben/aftosa,
15214,23085,2026-05-04 00:00:00,clostridium/ricoben/aftosa,
15215,23087,2026-05-04 00:00:00,clostridium/ricoben/aftosa,
15216,23088,2026-05-04 00:00:00,clostridium/ricoben/aftosa,
15217,23089,2026-05-04 00:00:00,clostridium/ricoben/aftosa,
15218,23090,2026-05-04 00:00:00,clostridium/ricoben/aftosa,
15219,23091,2026-05-04 00:00:00,clostridium/ricoben/aftosa,
15220,23093,2026-05-04 00:00:00,clostridium/ricoben/aftosa,
15221,23095,2026-05-04 00:00:00,clostridium/ricoben/aftosa,
15222,23097,2026-05-04 00:00:00,clostridium/ricoben/aftosa,
15223,23099,2026-05-04 00:00:00,clostridium/ricoben/aftosa,
15224,23100,2026-05-04 00:00:00,clostridium/ricoben/aftosa,
15225,23102,2026-05-04 00:00:00,clostridium/ricoben/aftosa,
15226,23104,2026-05-04 00:00:00,clostridium/ricoben/aftosa,
15227,23108,2026-05-04 00:00:00,clostridium/ricoben/aftosa,
15228,23114,2026-05-04 00:00:00,clostridium/ricoben/aftosa,
15229,23116,2026-05-04 00:00:00,clostridium/ricoben/aftosa,
15230,23118,2026-05-04 00:00:00,clostridium/ricoben/aftosa,
15231,23119,2026-05-04 00:00:00,clostridium/ricoben/aftosa,
15232,23120,2026-05-04 00:00:00,clostridium/ricoben/aftosa,
15233,23123,2026-05-04 00:00:00,clostridium/ricoben/aftosa,
15234,23124,2026-05-04 00:00:00,clostridium/ricoben/aftosa,
15235,23132,2026-05-04 00:00:00,clostridium/ricoben/aftosa,
15236,23133,2026-05-04 00:00:00,clostridium/ricoben/aftosa,
15237,23135,2026-05-04 00:00:00,clostridium/ricoben/aftosa,
15238,23137,2026-05-04 00:00:00,clostridium/ricoben/aftosa,
15239,23140,2026-05-04 00:00:00,clostridium/ricoben/aftosa,
15240,23142,2026-05-04 00:00:00,clostridium/ricoben/aftosa,
15241,23144,2026-05-04 00:00:00,clostridium/ricoben/aftosa,
15242,23145,2026-05-04 00:00:00,clostridium/ricoben/aftosa,
15243,23146,2026-05-04 00:00:00,clostridium/ricoben/aftosa,
15244,23147,2026-05-04 00:00:00,clostridium/ricoben/aftosa,
15245,23150,2026-05-04 00:00:00,clostridium/ricoben/aftosa,
15246,23156,2026-05-04 00:00:00,clostridium/ricoben/aftosa,
15247,23157,2026-05-04 00:00:00,clostridium/ricoben/aftosa,
15248,23164,2026-05-04 00:00:00,clostridium/ricoben/aftosa,
15249,23165,2026-05-04 00:00:00,clostridium/ricoben/aftosa,
15250,23170,2026-05-04 00:00:00,clostridium/ricoben/aftosa,
15251,23173,2026-05-04 00:00:00,clostridium/ricoben/aftosa,
15252,23174,2026-05-04 00:00:00,clostridium/ricoben/aftosa,
15253,23177,2026-05-04 00:00:00,clostridium/ricoben/aftosa,
15254,23181,2026-05-04 00:00:00,clostridium/ricoben/aftosa,
15255,23184,2026-05-04 00:00:00,clostridium/ricoben/aftosa,
15256,23187,2026-05-04 00:00:00,clostridium/ricoben/aftosa,
15257,23188,2026-05-04 00:00:00,clostridium/ricoben/aftosa,
15258,23189,2026-05-04 00:00:00,clostridium/ricoben/aftosa,
15259,23190,2026-05-04 00:00:00,clostridium/ricoben/aftosa,
15260,23193,2026-05-04 00:00:00,clostridium/ricoben/aftosa,
15261,23196,2026-05-04 00:00:00,clostridium/ricoben/aftosa,
15262,23197,2026-05-04 00:00:00,clostridium/ricoben/aftosa,
15263,23210,2026-05-04 00:00:00,clostridium/ricoben/aftosa,
15264,23212,2026-05-04 00:00:00,clostridium/ricoben/aftosa,
15265,23214,2026-05-04 00:00:00,clostridium/ricoben/aftosa,
15266,23217,2026-05-04 00:00:00,clostridium/ricoben/aftosa,
15267,23218,2026-05-04 00:00:00,clostridium/ricoben/aftosa,
15268,23220,2026-05-04 00:00:00,clostridium/ricoben/aftosa,
15269,23222,2026-05-04 00:00:00,clostridium/ricoben/aftosa,
15270,23224,2026-05-04 00:00:00,clostridium/ricoben/aftosa,
15271,23225,2026-05-04 00:00:00,clostridium/ricoben/aftosa,
15272,23229,2026-05-04 00:00:00,clostridium/ricoben/aftosa,
15273,23230,2026-05-04 00:00:00,clostridium/ricoben/aftosa,
15274,23238,2026-05-04 00:00:00,clostridium/ricoben/aftosa,
15275,23240,2026-05-04 00:00:00,clostridium/ricoben/aftosa,
15276,23241,2026-05-04 00:00:00,clostridium/ricoben/aftosa,
15277,23242,2026-05-04 00:00:00,clostridium/ricoben/aftosa,
15278,23244,2026-05-04 00:00:00,clostridium/ricoben/aftosa,
15279,23247,2026-05-04 00:00:00,clostridium/ricoben/aftosa,
15280,23249,2026-05-04 00:00:00,clostridium/ricoben/aftosa,
15281,23251,2026-05-04 00:00:00,clostridium/ricoben/aftosa,
15282,24002,2026-05-04 00:00:00,clostridium/ricoben/aftosa,
15283,24003,2026-05-04 00:00:00,clostridium/ricoben/aftosa,
15284,24020,2026-05-04 00:00:00,clostridium/ricoben/aftosa,
15285,24029,2026-05-04 00:00:00,clostridium/ricoben/aftosa,
15286,24033,2026-05-04 00:00:00,clostridium/ricoben/aftosa,
15287,24034,2026-05-04 00:00:00,clostridium/ricoben/aftosa,
15288,24037,2026-05-04 00:00:00,clostridium/ricoben/aftosa,
15289,24049,2026-05-04 00:00:00,clostridium/ricoben/aftosa,
15290,24056,2026-05-04 00:00:00,clostridium/ricoben/aftosa,
15291,24060,2026-05-04 00:00:00,clostridium/ricoben/aftosa,
15292,24061,2026-05-04 00:00:00,clostridium/ricoben/aftosa,
15293,24062,2026-05-04 00:00:00,clostridium/ricoben/aftosa,
15294,24065,2026-05-04 00:00:00,clostridium/ricoben/aftosa,
15295,24067,2026-05-04 00:00:00,clostridium/ricoben/aftosa,
15296,24068,2026-05-04 00:00:00,clostridium/ricoben/aftosa,
15297,24071,2026-05-04 00:00:00,clostridium/ricoben/aftosa,
15298,24074,2026-05-04 00:00:00,clostridium/ricoben/aftosa,
15299,24076,2026-05-04 00:00:00,clostridium/ricoben/aftosa,
15300,24077,2026-05-04 00:00:00,clostridium/ricoben/aftosa,
15301,24081,2026-05-04 00:00:00,clostridium/ricoben/aftosa,
15302,24082,2026-05-04 00:00:00,clostridium/ricoben/aftosa,
15303,24086,2026-05-04 00:00:00,clostridium/ricoben/aftosa,
15304,24098,2026-05-04 00:00:00,clostridium/ricoben/aftosa,
15305,24111,2026-05-04 00:00:00,clostridium/ricoben/aftosa,
15306,24134,2026-05-04 00:00:00,clostridium/ricoben/aftosa,
15307,24141,2026-05-04 00:00:00,clostridium/ricoben/aftosa,
15308,24145,2026-05-04 00:00:00,clostridium/ricoben/aftosa,
15309,24160,2026-05-04 00:00:00,clostridium/ricoben/aftosa,
15310,24165,2026-05-04 00:00:00,clostridium/ricoben/aftosa,
15311,24198,2026-05-04 00:00:00,clostridium/ricoben/aftosa,
15312,24206,2026-05-04 00:00:00,clostridium/ricoben/aftosa,
15313,24214,2026-05-04 00:00:00,clostridium/ricoben/aftosa,
15314,24233,2026-05-04 00:00:00,clostridium/ricoben/aftosa,
15315,24271,2026-05-04 00:00:00,clostridium/ricoben/aftosa,
15316,3501,2026-05-04 00:00:00,clostridium/ricoben/aftosa,
15317,3504,2026-05-04 00:00:00,clostridium/ricoben/aftosa,
15318,4501,2026-05-04 00:00:00,clostridium/ricoben/aftosa,
15319,J4011,2026-05-04 00:00:00,clostridium/ricoben/aftosa,
15320,J416,2026-05-04 00:00:00,clostridium/ricoben/aftosa,
15321,J417,2026-05-04 00:00:00,clostridium/ricoben/aftosa,
15322,22196,2026-05-04 00:00:00,clostridium/ricoben/aftosa,
15323,25102,2026-05-18 00:00:00,aftosa/clostridium/rabia/maximus,
15324,25112,2026-05-18 00:00:00,aftosa/clostridium/rabia/maximus,
15325,25123,2026-05-18 00:00:00,aftosa/clostridium/rabia/maximus,
15326,25126,2026-05-18 00:00:00,aftosa/clostridium/rabia/maximus,
15327,25141,2026-05-18 00:00:00,aftosa/clostridium/rabia/maximus,
15328,25150,2026-05-18 00:00:00,aftosa/clostridium/rabia/maximus,
15329,25156,2026-05-18 00:00:00,aftosa/clostridium/rabia/maximus,
15330,25157,2026-05-18 00:00:00,aftosa/clostridium/rabia/maximus,
15331,25162,2026-05-18 00:00:00,aftosa/clostridium/rabia/maximus,
15332,25163,2026-05-18 00:00:00,aftosa/clostridium/rabia/maximus,
15333,25165,2026-05-18 00:00:00,aftosa/clostridium/rabia/maximus,
15334,25169,2026-05-18 00:00:00,aftosa/clostridium/rabia/maximus,
15335,25170,2026-05-18 00:00:00,aftosa/clostridium/rabia/maximus,
15336,25174,2026-05-18 00:00:00,aftosa/clostridium/rabia/maximus,
15337,25181,2026-05-18 00:00:00,aftosa/clostridium/rabia/maximus,
15338,25184,2026-05-18 00:00:00,aftosa/clostridium/rabia/maximus,
15339,25187,2026-05-18 00:00:00,aftosa/clostridium/rabia/maximus,
15340,25190,2026-05-18 00:00:00,aftosa/clostridium/rabia/maximus,
15341,25191,2026-05-18 00:00:00,aftosa/clostridium/rabia/maximus,
15342,25194,2026-05-18 00:00:00,aftosa/clostridium/rabia/maximus,
15343,25196,2026-05-18 00:00:00,aftosa/clostridium/rabia/maximus,
15344,25197,2026-05-18 00:00:00,aftosa/clostridium/rabia/maximus,
15345,25199,2026-05-18 00:00:00,aftosa/clostridium/rabia/maximus,
15346,25201,2026-05-18 00:00:00,aftosa/clostridium/rabia/maximus,
15347,25204,2026-05-18 00:00:00,aftosa/clostridium/rabia/maximus,
15348,25208,2026-05-18 00:00:00,aftosa/clostridium/rabia/maximus,
15349,25209,2026-05-18 00:00:00,aftosa/clostridium/rabia/maximus,
15350,25212,2026-05-18 00:00:00,aftosa/clostridium/rabia/maximus,
15351,25214,2026-05-18 00:00:00,aftosa/clostridium/rabia/maximus,
15352,25216,2026-05-18 00:00:00,aftosa/clostridium/rabia/maximus,
15353,25218,2026-05-18 00:00:00,aftosa/clostridium/rabia/maximus,
15354,25220,2026-05-18 00:00:00,aftosa/clostridium/rabia/maximus,
15355,25235,2026-05-18 00:00:00,aftosa/clostridium/rabia/maximus,
15356,25236,2026-05-18 00:00:00,aftosa/clostridium/rabia/maximus,
15357,25237,2026-05-18 00:00:00,aftosa/clostridium/rabia/maximus,
15358,25240,2026-05-18 00:00:00,aftosa/clostridium/rabia/maximus,
15359,25241,2026-05-18 00:00:00,aftosa/clostridium/rabia/maximus,
15360,25242,2026-05-18 00:00:00,aftosa/clostridium/rabia/maximus,
15361,25244,2026-05-18 00:00:00,aftosa/clostridium/rabia/maximus,
15362,25246,2026-05-18 00:00:00,aftosa/clostridium/rabia/maximus,
15363,25248,2026-05-18 00:00:00,aftosa/clostridium/rabia/maximus,
15364,25249,2026-05-18 00:00:00,aftosa/clostridium/rabia/maximus,
15365,25250,2026-05-18 00:00:00,aftosa/clostridium/rabia/maximus,
15366,25254,2026-05-18 00:00:00,aftosa/clostridium/rabia/maximus,
15367,25257,2026-05-18 00:00:00,aftosa/clostridium/rabia/maximus,
15368,25268,2026-05-18 00:00:00,aftosa/clostridium/rabia/maximus,
15369,25269,2026-05-18 00:00:00,aftosa/clostridium/rabia/maximus,
15370,25275,2026-05-18 00:00:00,aftosa/clostridium/rabia/maximus,
15371,25276,2026-05-18 00:00:00,aftosa/clostridium/rabia/maximus,
15372,25279,2026-05-18 00:00:00,aftosa/clostridium/rabia/maximus,
15373,25280,2026-05-18 00:00:00,aftosa/clostridium/rabia/maximus,
15374,25284,2026-05-18 00:00:00,aftosa/clostridium/rabia/maximus,
15375,25285,2026-05-18 00:00:00,aftosa/clostridium/rabia/maximus,
15376,25288,2026-05-18 00:00:00,aftosa/clostridium/rabia/maximus,
15377,25289,2026-05-18 00:00:00,aftosa/clostridium/rabia/maximus,
15378,25292,2026-05-18 00:00:00,aftosa/clostridium/rabia/maximus,
15379,25295,2026-05-18 00:00:00,aftosa/clostridium/rabia/maximus,
15380,25296,2026-05-18 00:00:00,aftosa/clostridium/rabia/maximus,
15381,25300,2026-05-18 00:00:00,aftosa/clostridium/rabia/maximus,
15382,25307,2026-05-18 00:00:00,aftosa/clostridium/rabia/maximus,
15383,25314,2026-05-18 00:00:00,aftosa/clostridium/rabia/maximus,
15384,25316,2026-05-18 00:00:00,aftosa/clostridium/rabia/maximus,
15385,25318,2026-05-18 00:00:00,aftosa/clostridium/rabia/maximus,
15386,26001,2026-05-18 00:00:00,aftosa/clostridium/rabia/maximus,
15387,26003,2026-05-18 00:00:00,aftosa/clostridium/rabia/maximus,
15388,26007,2026-05-18 00:00:00,aftosa/clostridium/rabia/maximus,
15389,26012,2026-05-18 00:00:00,aftosa/clostridium/rabia/maximus,
15390,26020,2026-05-18 00:00:00,aftosa/clostridium/rabia/maximus,
15391,26021,2026-05-18 00:00:00,aftosa/clostridium/rabia/maximus,
15392,26022,2026-05-18 00:00:00,aftosa/clostridium/rabia/maximus,
15393,26023,2026-05-18 00:00:00,aftosa/clostridium/rabia/maximus,
15394,26025,2026-05-18 00:00:00,aftosa/clostridium/rabia/maximus,
15395,26028,2026-05-18 00:00:00,aftosa/clostridium/maximus,
15396,26031,2026-05-18 00:00:00,aftosa/clostridium/maximus,
15397,26032,2026-05-18 00:00:00,aftosa/clostridium/maximus,
15398,26033,2026-05-18 00:00:00,aftosa/clostridium/maximus,
15399,26034,2026-05-18 00:00:00,aftosa/clostridium/maximus,
15400,26035,2026-05-18 00:00:00,aftosa/clostridium/maximus,
15401,26036,2026-05-18 00:00:00,aftosa/clostridium/maximus,
15402,26037,2026-05-18 00:00:00,aftosa/clostridium/maximus,
15403,26038,2026-05-18 00:00:00,aftosa/clostridium/maximus,
15404,26040,2026-05-18 00:00:00,aftosa/clostridium/maximus,
15405,26041,2026-05-18 00:00:00,aftosa/clostridium/maximus,
15406,26042,2026-05-18 00:00:00,aftosa/clostridium/maximus,
15407,26043,2026-05-18 00:00:00,aftosa/clostridium/maximus,
15408,26044,2026-05-18 00:00:00,aftosa/clostridium/maximus,
15409,26047,2026-05-18 00:00:00,aftosa/clostridium/maximus,
15410,26049,2026-05-18 00:00:00,aftosa/clostridium/maximus,
15411,26050,2026-05-18 00:00:00,aftosa/clostridium/maximus,
15412,26051,2026-05-18 00:00:00,aftosa/clostridium/maximus,
15413,26052,2026-05-18 00:00:00,aftosa/clostridium/maximus,
15414,26053,2026-05-18 00:00:00,aftosa/clostridium/maximus,
15415,26055,2026-05-18 00:00:00,aftosa/clostridium/maximus,
15416,26057,2026-05-18 00:00:00,aftosa/clostridium/maximus,
15417,26058,2026-05-18 00:00:00,aftosa/clostridium/maximus,
15418,26059,2026-05-18 00:00:00,aftosa/clostridium/maximus,
15419,26060,2026-05-18 00:00:00,aftosa/clostridium/maximus,
15420,26061,2026-05-18 00:00:00,aftosa/clostridium/maximus,
15421,26062,2026-05-18 00:00:00,aftosa/clostridium/maximus,
15422,26063,2026-05-18 00:00:00,aftosa/clostridium/maximus,
15423,26065,2026-05-18 00:00:00,aftosa/clostridium/maximus,
15424,26066,2026-05-18 00:00:00,aftosa/clostridium/maximus,
15425,26068,2026-05-18 00:00:00,aftosa/clostridium/maximus,
15426,26069,2026-05-18 00:00:00,aftosa/clostridium/maximus,
15427,26072,2026-05-18 00:00:00,aftosa/clostridium/maximus,
15428,26074,2026-05-18 00:00:00,aftosa/clostridium/maximus,
15429,26076,2026-05-18 00:00:00,aftosa/clostridium/maximus,
15430,26077,2026-05-18 00:00:00,aftosa/clostridium/maximus,
15431,26080,2026-05-18 00:00:00,aftosa/clostridium/maximus,
15432,26081,2026-05-18 00:00:00,aftosa/clostridium/maximus,
15433,26082,2026-05-18 00:00:00,aftosa/clostridium/maximus,
15434,26084,2026-05-18 00:00:00,aftosa/clostridium/maximus,
15435,26087,2026-05-18 00:00:00,aftosa/clostridium/maximus,
15436,26088,2026-05-18 00:00:00,aftosa/clostridium/maximus,
15437,26090,2026-05-18 00:00:00,aftosa/clostridium/maximus,
15438,26091,2026-05-18 00:00:00,aftosa/clostridium/maximus,
15439,26092,2026-05-18 00:00:00,aftosa/clostridium/maximus,
15440,26093,2026-05-18 00:00:00,aftosa/clostridium/maximus,
15441,26094,2026-05-18 00:00:00,aftosa/clostridium/maximus,
15442,26095,2026-05-18 00:00:00,aftosa/clostridium/maximus,
15443,26096,2026-05-18 00:00:00,aftosa/clostridium/maximus,
15444,26101,2026-05-18 00:00:00,aftosa/clostridium/maximus,
15445,26102,2026-05-18 00:00:00,aftosa/clostridium/maximus,
15446,26103,2026-05-18 00:00:00,aftosa/clostridium/maximus,
15447,26104,2026-05-18 00:00:00,aftosa/clostridium/maximus,
15448,26105,2026-05-18 00:00:00,aftosa/clostridium/maximus,
15449,26106,2026-05-18 00:00:00,aftosa/clostridium/maximus,
15450,26107,2026-05-18 00:00:00,aftosa/clostridium/maximus,
15451,26108,2026-05-18 00:00:00,aftosa/clostridium/maximus,
15452,26109,2026-05-18 00:00:00,aftosa/clostridium/maximus,
15453,26110,2026-05-18 00:00:00,aftosa/clostridium/maximus,
15454,26115,2026-05-18 00:00:00,aftosa/clostridium/maximus,
15455,26116,2026-05-18 00:00:00,aftosa/clostridium/maximus,
15456,26120,2026-05-18 00:00:00,aftosa/clostridium/maximus,
15457,26122,2026-05-18 00:00:00,aftosa/clostridium/maximus,
15458,26123,2026-05-18 00:00:00,aftosa/clostridium/maximus,
15459,26125,2026-05-18 00:00:00,aftosa/clostridium/maximus,
15460,26126,2026-05-18 00:00:00,aftosa/clostridium/maximus,
15461,26127,2026-05-18 00:00:00,aftosa/clostridium/maximus,
15462,26128,2026-05-18 00:00:00,aftosa/clostridium/maximus,
15463,26129,2026-05-18 00:00:00,aftosa/clostridium/maximus,
15464,26130,2026-05-18 00:00:00,aftosa/clostridium/maximus,
15465,26131,2026-05-18 00:00:00,aftosa/clostridium/maximus,
15466,26133,2026-05-18 00:00:00,aftosa/clostridium/maximus,
15467,26135,2026-05-18 00:00:00,aftosa/clostridium/maximus,
15468,26137,2026-05-18 00:00:00,aftosa/clostridium/maximus,
15469,26138,2026-05-18 00:00:00,aftosa/clostridium/maximus,
15470,26139,2026-05-18 00:00:00,aftosa/clostridium/maximus,
15471,26140,2026-05-18 00:00:00,aftosa/clostridium/maximus,
15472,26141,2026-05-18 00:00:00,aftosa/clostridium/maximus,
15473,26142,2026-05-18 00:00:00,aftosa/clostridium/maximus,
15474,26143,2026-05-18 00:00:00,aftosa/clostridium/maximus,
15475,26144,2026-05-18 00:00:00,aftosa/clostridium/maximus,
15476,26054,2026-05-18 00:00:00,aftosa/clostridium/maximus,
15477,25306,2026-05-18 00:00:00,aftosa/clostridium/maximus/Rabia,
15478,26075,2026-05-18 00:00:00,aftosa/clostridium/maximus/Rabia,
15479,25200,2026-05-18 00:00:00,aftosa/clostridium/maximus/Rabia,
15480,25145,2026-05-18 00:00:00,aftosa/clostridium/maximus/Rabia,
15481,25265,2026-05-18 00:00:00,aftosa/clostridium/maximus/Rabia,
15482,25130,2026-05-18 00:00:00,aftosa/clostridium/maximus/Rabia,
15483,25215,2026-05-18 00:00:00,aftosa/clostridium/maximus/Rabia,
15484,25158,2026-05-18 00:00:00,aftosa/clostridium/maximus/Rabia,
15485,25159,2026-05-18 00:00:00,aftosa/clostridium/maximus/Rabia,
15486,25129,2026-05-18 00:00:00,aftosa/clostridium/maximus/Rabia,
15487,25207,2026-05-18 00:00:00,aftosa/clostridium/maximus/Rabia,
15488,25186,2026-05-18 00:00:00,aftosa/clostridium/maximus/Rabia,
15489,25027,2026-05-18 00:00:00,aftosa/clostridium/maximus/Rabia,
15490,26013,2026-05-18 00:00:00,aftosa/clostridium/maximus/Rabia,
15491,25277,2026-05-18 00:00:00,aftosa/clostridium/maximus/Rabia,
15492,25273,2026-05-18 00:00:00,aftosa/clostridium/maximus/Rabia,
15493,25023,2026-05-18 00:00:00,aftosa/clostridium/maximus/Rabia,
15494,25089,2026-05-18 00:00:00,aftosa/clostridium/maximus/Rabia,
15495,25128,2026-05-18 00:00:00,aftosa/clostridium/maximus/Rabia,
15496,25253,2026-05-18 00:00:00,aftosa/clostridium/maximus/Rabia,
15497,25098,2026-05-18 00:00:00,aftosa/clostridium/maximus/Rabia,
15498,25166,2026-05-18 00:00:00,aftosa/clostridium/maximus/Rabia,
15499,25143,2026-05-18 00:00:00,aftosa/clostridium/maximus/Rabia,
15500,0101,2026-05-15 00:00:00,aftosa/clostridium/reproforte/maximus,PSMAY2026
15501,0111,2026-05-15 00:00:00,aftosa/clostridium/reproforte/maximus,PSMAY2026
15502,0132,2026-05-15 00:00:00,aftosa/clostridium/reproforte/maximus,PSMAY2026
15503,0206A,2026-05-15 00:00:00,aftosa/clostridium/reproforte/maximus,PSMAY2026
15504,0208A,2026-05-15 00:00:00,aftosa/clostridium/reproforte/maximus,PSMAY2026
15505,0220,2026-05-15 00:00:00,aftosa/clostridium/reproforte/maximus,PSMAY2026
15506,0226,2026-05-15 00:00:00,aftosa/clostridium/reproforte/maximus,PSMAY2026
15507,0229,2026-05-15 00:00:00,aftosa/clostridium/maximus,PSMAY2026
15508,0231A,2026-05-15 00:00:00,aftosa/clostridium/reproforte/maximus,PSMAY2026
15509,0241,2026-05-15 00:00:00,aftosa/clostridium/reproforte/maximus,PSMAY2026
15510,0249,2026-05-15 00:00:00,aftosa/clostridium/reproforte/maximus,PSMAY2026
15511,0252,2026-05-15 00:00:00,aftosa/clostridium/reproforte/maximus,PSMAY2026
15512,0259,2026-05-15 00:00:00,aftosa/clostridium/reproforte/maximus,PSMAY2026
15513,0267,2026-05-15 00:00:00,aftosa/clostridium/reproforte/maximus,PSMAY2026
15514,0269,2026-05-15 00:00:00,aftosa/clostridium/reproforte/maximus,PSMAY2026
15515,0278,2026-05-15 00:00:00,aftosa/clostridium/reproforte/maximus,PSMAY2026
15516,0291,2026-05-15 00:00:00,aftosa/clostridium/reproforte/maximus,PSMAY2026
15517,0294,2026-05-15 00:00:00,aftosa/clostridium/reproforte/maximus,PSMAY2026
15518,0298,2026-05-15 00:00:00,aftosa/clostridium/reproforte/maximus,PSMAY2026
15519,0298A,2026-05-15 00:00:00,aftosa/clostridium/reproforte/maximus,PSMAY2026
15520,0305,2026-05-15 00:00:00,aftosa/clostridium/reproforte/maximus,PSMAY2026
15521,0307,2026-05-15 00:00:00,aftosa/clostridium/reproforte/maximus,PSMAY2026
15522,0314,2026-05-15 00:00:00,aftosa/clostridium/reproforte/maximus,PSMAY2026
15523,0322,2026-05-15 00:00:00,aftosa/clostridium/reproforte/maximus,PSMAY2026
15524,0323,2026-05-15 00:00:00,aftosa/clostridium/reproforte/maximus,PSMAY2026
15525,0332,2026-05-15 00:00:00,aftosa/clostridium/reproforte/maximus,PSMAY2026
15526,0336,2026-05-15 00:00:00,aftosa/clostridium/reproforte/maximus,PSMAY2026
15527,0343,2026-05-15 00:00:00,aftosa/clostridium/maximus,PSMAY2026
15528,0350,2026-05-15 00:00:00,aftosa/clostridium/maximus,PSMAY2026
15529,0353,2026-05-15 00:00:00,aftosa/clostridium/reproforte/maximus,PSMAY2026
15530,0354,2026-05-15 00:00:00,aftosa/clostridium/reproforte/maximus,PSMAY2026
15531,0500,2026-05-15 00:00:00,aftosa/clostridium/reproforte/maximus,PSMAY2026
15532,1004,2026-05-15 00:00:00,aftosa/clostridium/reproforte/maximus,PSMAY2026
15533,1015,2026-05-15 00:00:00,aftosa/clostridium/reproforte/maximus,PSMAY2026
15534,1015A,2026-05-15 00:00:00,aftosa/clostridium/reproforte/maximus,PSMAY2026
15535,1017A,2026-05-15 00:00:00,aftosa/clostridium/maximus,PSMAY2026
15536,1063,2026-05-15 00:00:00,aftosa/clostridium/reproforte/maximus,PSMAY2026
15537,1066A,2026-05-15 00:00:00,aftosa/clostridium/maximus,PSMAY2026
15538,1073,2026-05-15 00:00:00,aftosa/clostridium/reproforte/maximus,PSMAY2026
15539,1088A,2026-05-15 00:00:00,aftosa/clostridium/reproforte/maximus,PSMAY2026
15540,1091A,2026-05-15 00:00:00,aftosa/clostridium/reproforte/maximus,PSMAY2026
15541,1100A,2026-05-15 00:00:00,aftosa/clostridium/reproforte/maximus,PSMAY2026
15542,1103,2026-05-15 00:00:00,aftosa/clostridium/maximus,PSMAY2026
15543,20001,2026-05-15 00:00:00,aftosa/clostridium/reproforte/maximus,PSMAY2026
15544,2002,2026-05-15 00:00:00,aftosa/clostridium/reproforte/maximus,PSMAY2026
15545,2011,2026-05-15 00:00:00,aftosa/clostridium/reproforte/maximus,PSMAY2026
15546,2018,2026-05-15 00:00:00,aftosa/clostridium/reproforte/maximus,PSMAY2026
15547,2023,2026-05-15 00:00:00,aftosa/clostridium/maximus,PSMAY2026
15548,2026,2026-05-15 00:00:00,aftosa/clostridium/reproforte/maximus,PSMAY2026
15549,2030,2026-05-15 00:00:00,aftosa/clostridium/reproforte/maximus,PSMAY2026
15550,2034,2026-05-15 00:00:00,aftosa/clostridium/reproforte/maximus,PSMAY2026
15551,2039,2026-05-15 00:00:00,aftosa/clostridium/reproforte/maximus,PSMAY2026
15552,2040,2026-05-15 00:00:00,aftosa/clostridium/reproforte/maximus,PSMAY2026
15553,2048,2026-05-15 00:00:00,aftosa/clostridium/reproforte/maximus,PSMAY2026
15554,2050,2026-05-15 00:00:00,aftosa/clostridium/maximus,PSMAY2026
15555,2052,2026-05-15 00:00:00,aftosa/clostridium/reproforte/maximus,PSMAY2026
15556,2066,2026-05-15 00:00:00,aftosa/clostridium/maximus,PSMAY2026
15557,2072,2026-05-15 00:00:00,aftosa/clostridium/reproforte/maximus,PSMAY2026
15558,2083,2026-05-15 00:00:00,aftosa/clostridium/reproforte/maximus,PSMAY2026
15559,2087,2026-05-15 00:00:00,aftosa/clostridium/maximus,PSMAY2026
15560,2093,2026-05-15 00:00:00,aftosa/clostridium/reproforte/maximus,PSMAY2026
15561,2094A,2026-05-15 00:00:00,aftosa/clostridium/maximus,PSMAY2026
15562,2095,2026-05-15 00:00:00,aftosa/clostridium/reproforte/maximus,PSMAY2026
15563,2096A,2026-05-15 00:00:00,aftosa/clostridium/maximus,PSMAY2026
15564,20971,2026-05-15 00:00:00,aftosa/clostridium/maximus,PSMAY2026
15565,2103,2026-05-15 00:00:00,aftosa/clostridium/reproforte/maximus,PSMAY2026
15566,2108,2026-05-15 00:00:00,aftosa/clostridium/reproforte/maximus,PSMAY2026
15567,2109,2026-05-15 00:00:00,aftosa/clostridium/maximus,PSMAY2026
15568,2111,2026-05-15 00:00:00,aftosa/clostridium/reproforte/maximus,PSMAY2026
15569,2124A,2026-05-15 00:00:00,aftosa/clostridium/reproforte/maximus,PSMAY2026
15570,21391,2026-05-15 00:00:00,aftosa/clostridium/reproforte/maximus,PSMAY2026
15571,2141,2026-05-15 00:00:00,aftosa/clostridium/reproforte/maximus,PSMAY2026
15572,2143,2026-05-15 00:00:00,aftosa/clostridium/reproforte/maximus,PSMAY2026
15573,2145,2026-05-15 00:00:00,aftosa/clostridium/reproforte/maximus,PSMAY2026
15574,2162,2026-05-15 00:00:00,aftosa/clostridium/maximus,PSMAY2026
15575,2171,2026-05-15 00:00:00,aftosa/clostridium/maximus,PSMAY2026
15576,2202,2026-05-15 00:00:00,aftosa/clostridium/reproforte/maximus,PSMAY2026
15577,22049,2026-05-15 00:00:00,aftosa/clostridium/reproforte/maximus,PSMAY2026
15578,22085,2026-05-15 00:00:00,aftosa/clostridium/reproforte/maximus,PSMAY2026
15579,22098,2026-05-15 00:00:00,aftosa/clostridium/reproforte/maximus,PSMAY2026
15580,22112,2026-05-15 00:00:00,aftosa/clostridium/reproforte/maximus,PSMAY2026
15581,22116,2026-05-15 00:00:00,aftosa/clostridium/reproforte/maximus,PSMAY2026
15582,22117,2026-05-15 00:00:00,aftosa/clostridium/reproforte/maximus,PSMAY2026
15583,22119,2026-05-15 00:00:00,aftosa/clostridium/reproforte/maximus,PSMAY2026
15584,22135,2026-05-15 00:00:00,aftosa/clostridium/reproforte/maximus,PSMAY2026
15585,22139,2026-05-15 00:00:00,aftosa/clostridium/reproforte/maximus,PSMAY2026
15586,22142,2026-05-15 00:00:00,aftosa/clostridium/reproforte/maximus,PSMAY2026
15587,22144,2026-05-15 00:00:00,aftosa/clostridium/reproforte/maximus,PSMAY2026
15588,22151,2026-05-15 00:00:00,aftosa/clostridium/maximus,PSMAY2026
15589,22160,2026-05-15 00:00:00,aftosa/clostridium/reproforte/maximus,PSMAY2026
15590,22161,2026-05-15 00:00:00,aftosa/clostridium/reproforte/maximus,PSMAY2026
15591,22172,2026-05-15 00:00:00,aftosa/clostridium/reproforte/maximus,PSMAY2026
15592,22177,2026-05-15 00:00:00,aftosa/clostridium/reproforte/maximus,PSMAY2026
15593,2218,2026-05-15 00:00:00,aftosa/clostridium/maximus,PSMAY2026
15594,22180,2026-05-15 00:00:00,aftosa/clostridium/reproforte/maximus,PSMAY2026
15595,22186,2026-05-15 00:00:00,aftosa/clostridium/reproforte/maximus,PSMAY2026
15596,22189,2026-05-15 00:00:00,aftosa/clostridium/reproforte/maximus,PSMAY2026
15597,2220,2026-05-15 00:00:00,aftosa/clostridium/maximus,PSMAY2026
15598,2226,2026-05-15 00:00:00,aftosa/clostridium/reproforte/maximus,PSMAY2026
15599,2234,2026-05-15 00:00:00,aftosa/clostridium/maximus,PSMAY2026
15600,23001,2026-05-15 00:00:00,aftosa/clostridium/reproforte/maximus,PSMAY2026
15601,23006,2026-05-15 00:00:00,aftosa/clostridium/reproforte/maximus,PSMAY2026
15602,2500,2026-05-15 00:00:00,aftosa/clostridium/reproforte/maximus,PSMAY2026
15603,3021A,2026-05-15 00:00:00,aftosa/clostridium/reproforte/maximus,PSMAY2026
15604,3024A,2026-05-15 00:00:00,aftosa/clostridium/reproforte/maximus,PSMAY2026
15605,3066B,2026-05-15 00:00:00,aftosa/clostridium/reproforte/maximus,PSMAY2026
15606,3107,2026-05-15 00:00:00,aftosa/clostridium/maximus,PSMAY2026
15607,3132,2026-05-15 00:00:00,aftosa/clostridium/maximus,PSMAY2026
15608,34,2026-05-15 00:00:00,aftosa/clostridium/reproforte/maximus,PSMAY2026
15609,35,2026-05-15 00:00:00,aftosa/clostridium/reproforte/maximus,PSMAY2026
15610,4008,2026-05-15 00:00:00,aftosa/clostridium/maximus,PSMAY2026
15611,4035,2026-05-15 00:00:00,aftosa/clostridium/maximus,PSMAY2026
15612,4087,2026-05-15 00:00:00,aftosa/clostridium/reproforte/maximus,PSMAY2026
15613,4151,2026-05-15 00:00:00,aftosa/clostridium/reproforte/maximus,PSMAY2026
15614,5030,2026-05-15 00:00:00,aftosa/clostridium/reproforte/maximus,PSMAY2026
15615,5052,2026-05-15 00:00:00,aftosa/clostridium/maximus,PSMAY2026
15616,5077,2026-05-15 00:00:00,aftosa/clostridium/reproforte/maximus,PSMAY2026
15617,5098,2026-05-15 00:00:00,aftosa/clostridium/reproforte/maximus,PSMAY2026
15618,5150,2026-05-15 00:00:00,aftosa/clostridium/reproforte/maximus,PSMAY2026
15619,6067,2026-05-15 00:00:00,aftosa/clostridium/reproforte/maximus,PSMAY2026
15620,6070,2026-05-15 00:00:00,aftosa/clostridium/reproforte/maximus,PSMAY2026
15621,7012,2026-05-15 00:00:00,aftosa/clostridium/reproforte/maximus,PSMAY2026
15622,7028,2026-05-15 00:00:00,aftosa/clostridium/reproforte/maximus,PSMAY2026
15623,7059,2026-05-15 00:00:00,aftosa/clostridium/reproforte/maximus,PSMAY2026
15624,7061,2026-05-15 00:00:00,aftosa/clostridium/reproforte/maximus,PSMAY2026
15625,7074,2026-05-15 00:00:00,aftosa/clostridium/reproforte/maximus,PSMAY2026
15626,80121,2026-05-15 00:00:00,aftosa/clostridium/reproforte/maximus,PSMAY2026
15627,8028,2026-05-15 00:00:00,aftosa/clostridium/reproforte/maximus,PSMAY2026
15628,8030,2026-05-15 00:00:00,aftosa/clostridium/reproforte/maximus,PSMAY2026
15629,8033,2026-05-15 00:00:00,aftosa/clostridium/reproforte/maximus,PSMAY2026
15630,8036,2026-05-15 00:00:00,aftosa/clostridium/reproforte/maximus,PSMAY2026
15631,8037,2026-05-15 00:00:00,aftosa/clostridium/reproforte/maximus,PSMAY2026
15632,8041,2026-05-15 00:00:00,aftosa/clostridium/reproforte/maximus,PSMAY2026
15633,8045,2026-05-15 00:00:00,aftosa/clostridium/reproforte/maximus,PSMAY2026
15634,8062,2026-05-15 00:00:00,aftosa/clostridium/reproforte/maximus,PSMAY2026
15635,8076,2026-05-15 00:00:00,aftosa/clostridium/reproforte/maximus,PSMAY2026
15636,8077,2026-05-15 00:00:00,aftosa/clostridium/reproforte/maximus,PSMAY2026
15637,8079,2026-05-15 00:00:00,aftosa/clostridium/maximus,PSMAY2026
15638,8087,2026-05-15 00:00:00,aftosa/clostridium/reproforte/maximus,PSMAY2026
15639,80882,2026-05-15 00:00:00,aftosa/clostridium/reproforte/maximus,PSMAY2026
15640,8089,2026-05-15 00:00:00,aftosa/clostridium/reproforte/maximus,PSMAY2026
15641,809,2026-05-15 00:00:00,aftosa/clostridium/reproforte/maximus,PSMAY2026
15642,8096,2026-05-15 00:00:00,aftosa/clostridium/reproforte/maximus,PSMAY2026
15643,9006,2026-05-15 00:00:00,aftosa/clostridium/reproforte/maximus,PSMAY2026
15644,9014,2026-05-15 00:00:00,aftosa/clostridium/reproforte/maximus,PSMAY2026
15645,9020,2026-05-15 00:00:00,aftosa/clostridium/reproforte/maximus,PSMAY2026
15646,9024,2026-05-15 00:00:00,aftosa/clostridium/reproforte/maximus,PSMAY2026
15647,9037,2026-05-15 00:00:00,aftosa/clostridium/reproforte/maximus,PSMAY2026
15648,9040,2026-05-15 00:00:00,aftosa/clostridium/maximus,PSMAY2026
15649,9053,2026-05-15 00:00:00,aftosa/clostridium/reproforte/maximus,PSMAY2026
15650,9076,2026-05-15 00:00:00,aftosa/clostridium/reproforte/maximus,PSMAY2026
15651,9103,2026-05-15 00:00:00,aftosa/clostridium/reproforte/maximus,PSMAY2026
15652,9110A,2026-05-15 00:00:00,aftosa/clostridium/reproforte/maximus,PSMAY2026
15653,91171,2026-05-15 00:00:00,aftosa/clostridium/reproforte/maximus,PSMAY2026
15654,91242,2026-05-15 00:00:00,aftosa/clostridium/reproforte/maximus,PSMAY2026
15655,9125,2026-05-15 00:00:00,aftosa/clostridium/reproforte/maximus,PSMAY2026
15656,91262,2026-05-15 00:00:00,aftosa/clostridium/reproforte/maximus,PSMAY2026
15657,J415,2026-05-15 00:00:00,aftosa/clostridium/reproforte/maximus,PSMAY2026
15658,J426,2026-05-15 00:00:00,aftosa/clostridium/reproforte/maximus,PSMAY2026
15659,J841,2026-05-15 00:00:00,aftosa/clostridium/reproforte/maximus,PSMAY2026
15660,pend24,2026-05-15 00:00:00,aftosa/clostridium/reproforte/maximus,PSMAY2026
15661,2200,2026-05-15 00:00:00,aftosa/clostridium/reproforte/maximus,PSMAY2026
15662,0311,2026-05-15 00:00:00,aftosa/clostridium/reproforte/maximus,PSMAY2026
15663,2019,2026-05-15 00:00:00,aftosa/clostridium/reproforte/maximus,PSMAY2026
15664,2090A,2026-05-15 00:00:00,aftosa/clostridium/reproforte/maximus,PSMAY2026
15665,5629,2026-05-15 00:00:00,aftosa/clostridium/reproforte/maximus,PSMAY2026
15666,22149,2026-05-15 00:00:00,aftosa/clostridium/reproforte/maximus,PSMAY2026
15667,22193,2026-05-15 00:00:00,aftosa/clostridium/reproforte/maximus,PSMAY2026
15668,5638,2026-05-15 00:00:00,aftosa/clostridium/reproforte/maximus,PSMAY2026
15669,2096,2026-05-15 00:00:00,aftosa/clostridium/reproforte/maximus,PSMAY2026
15670,24034,2026-05-16 00:00:00,aftosa/clostridium/maximus,PSMAY2026
15671,24259,2026-05-16 00:00:00,aftosa/clostridium/maximus,PSMAY2026
15672,J4010,2026-05-16 00:00:00,aftosa/clostridium/maximus/reproforte,PSMAY2026
15673,23022,2026-05-16 00:00:00,aftosa/clostridium/maximus/,PSMAY2026
15674,7087,2026-05-16 00:00:00,aftosa/clostridium/maximus/reproforte,PSMAY2026
15675,24136,2026-05-16 00:00:00,aftosa/clostridium/maximus,PSMAY2026
15676,25274,2026-05-16 00:00:00,aftosa/clostridium/maximus/albendazol,PSMAY2026
15677,0274,2026-05-16 00:00:00,aftosa/clostridium/maximus/reproforte,PSMAY2026
15678,0214,2026-05-16 00:00:00,aftosa/clostridium/maximus,PSMAY2026
15679,23036,2026-05-16 00:00:00,aftosa/clostridium/maximus/reproforte,PSMAY2026
15680,22191,2026-05-16 00:00:00,aftosa/clostridium/maximus/reproforte,PSMAY2026
15681,24289,2026-05-16 00:00:00,aftosa/clostridium/maximus,PSMAY2026
15682,22126,2026-05-16 00:00:00,aftosa/clostridium/maximus/reproforte,PSMAY2026
15683,23033,2026-05-16 00:00:00,aftosa/clostridium/maximus/reproforte,PSMAY2026
15684,22216,2026-05-16 00:00:00,aftosa/clostridium/maximus/reproforte,PSMAY2026
15685,23016,2026-05-16 00:00:00,aftosa/clostridium/maximus/reproforte,PSMAY2026
15686,2036,2026-05-16 00:00:00,aftosa/clostridium/maximus/reproforte,PSMAY2026
15687,24154,2026-05-16 00:00:00,aftosa/clostridium/maximus,PSMAY2026
15688,25043,2026-05-16 00:00:00,aftosa/clostridium/maximus,PSMAY2026
15689,25219,2026-05-16 00:00:00,aftosa/clostridium/maximus/albendazol,PSMAY2026
15690,1074,2026-05-16 00:00:00,aftosa/clostridium/maximus/reproforte,PSMAY2026
15691,8086,2026-05-16 00:00:00,aftosa/clostridium/maximus/reproforte,PSMAY2026
15692,23017,2026-05-16 00:00:00,aftosa/clostridium/maximus/reproforte,PSMAY2026
15693,0018,2026-05-16 00:00:00,aftosa/clostridium/maximus/reproforte,PSMAY2026
15694,4008,2026-05-16 00:00:00,aftosa/clostridium/maximus/reproforte,PSMAY2026
15695,9007,2026-05-16 00:00:00,aftosa/clostridium/maximus/reproforte,PSMAY2026
15696,26019,2026-05-16 00:00:00,aftosa/clostridium/maximus,PSMAY2026
15697,40072,2026-05-16 00:00:00,aftosa/clostridium/maximus/reproforte,PSMAY2026
15698,2149A,2026-05-16 00:00:00,aftosa/clostridium/maximus/reproforte,PSMAY2026
15699,24089,2026-05-16 00:00:00,aftosa/clostridium/maximus,PSMAY2026
15700,1045,2026-05-16 00:00:00,aftosa/clostridium/maximus/reproforte,PSMAY2026
15701,23189,2026-05-16 00:00:00,aftosa/clostridium/maximus,PSMAY2026
15702,7092,2026-05-16 00:00:00,aftosa/clostridium/maximus/reproforte,PSMAY2026
15703,25290,2026-05-16 00:00:00,aftosa/clostridium/maximus/albendazol,PSMAY2026
15704,1123,2026-05-16 00:00:00,aftosa/clostridium/maximus/reproforte,PSMAY2026
15705,22131,2026-05-16 00:00:00,aftosa/clostridium/maximus/reproforte,PSMAY2026
15706,30,2026-05-16 00:00:00,aftosa/clostridium/maximus/reproforte,PSMAY2026
15707,2073,2026-05-16 00:00:00,aftosa/clostridium/maximus,PSMAY2026
15708,50741,2026-05-16 00:00:00,aftosa/clostridium/maximus/reproforte/ cura podal,PSMAY2026
15709,7033,2026-05-16 00:00:00,aftosa/clostridium/maximus/reproforte,PSMAY2026
15710,26134,2026-05-16 00:00:00,aftosa/clostridium/maximus,PSMAY2026
15711,1053A,2026-05-16 00:00:00,aftosa/clostridium/maximus/reproforte,PSMAY2026
15712,0143,2026-05-19 00:00:00,aftosa/clostridium/maximun,PSMAY2026
15713,0201,2026-05-19 00:00:00,aftosa/clostridium/maximun,PSMAY2026
15714,0202,2026-05-19 00:00:00,aftosa/clostridium/maximun,PSMAY2026
15715,0205,2026-05-19 00:00:00,aftosa/clostridium/maximun,PSMAY2026
15716,0234,2026-05-19 00:00:00,aftosa/clostridium/maximun,PSMAY2026
15717,0240,2026-05-19 00:00:00,aftosa/clostridium/maximun,PSMAY2026
15718,0270,2026-05-19 00:00:00,aftosa/clostridium/maximun,PSMAY2026
15719,0272,2026-05-19 00:00:00,aftosa/clostridium/maximun,PSMAY2026
15720,0284,2026-05-19 00:00:00,aftosa/clostridium/maximun,PSMAY2026
15721,0297,2026-05-19 00:00:00,aftosa/clostridium/maximun,PSMAY2026
15722,0304,2026-05-19 00:00:00,aftosa/clostridium/maximun,PSMAY2026
15723,0306,2026-05-19 00:00:00,aftosa/clostridium/maximun,PSMAY2026
15724,0329,2026-05-19 00:00:00,aftosa/clostridium/maximun,PSMAY2026
15725,0338,2026-05-19 00:00:00,aftosa/clostridium/maximun,PSMAY2026
15726,0342,2026-05-19 00:00:00,aftosa/clostridium/maximun,PSMAY2026
15727,0344,2026-05-19 00:00:00,aftosa/clostridium/maximun,PSMAY2026
15728,1005,2026-05-19 00:00:00,aftosa/clostridium/maximun,PSMAY2026
15729,1023,2026-05-19 00:00:00,aftosa/clostridium/maximun,PSMAY2026
15730,10391,2026-05-19 00:00:00,aftosa/clostridium/maximun,PSMAY2026
15731,10431,2026-05-19 00:00:00,aftosa/clostridium/maximun,PSMAY2026
15732,1052A,2026-05-19 00:00:00,aftosa/clostridium/maximun,PSMAY2026
15733,1059,2026-05-19 00:00:00,aftosa/clostridium/maximun,PSMAY2026
15734,1066,2026-05-19 00:00:00,aftosa/clostridium/maximun,PSMAY2026
15735,1075,2026-05-19 00:00:00,aftosa/clostridium/maximun,PSMAY2026
15736,1084A,2026-05-19 00:00:00,aftosa/clostridium/maximun,PSMAY2026
15737,1091,2026-05-19 00:00:00,aftosa/clostridium/maximun,PSMAY2026
15738,1100B,2026-05-19 00:00:00,aftosa/clostridium/maximun,PSMAY2026
15739,1102,2026-05-19 00:00:00,aftosa/clostridium/maximun,PSMAY2026
15740,1104A,2026-05-19 00:00:00,aftosa/clostridium/maximun,PSMAY2026
15741,1188,2026-05-19 00:00:00,aftosa/clostridium/maximun,PSMAY2026
15742,12164,2026-05-19 00:00:00,aftosa/clostridium/maximun,PSMAY2026
15743,1310,2026-05-19 00:00:00,aftosa/clostridium/maximun,PSMAY2026
15744,2007,2026-05-19 00:00:00,aftosa/clostridium/maximun,PSMAY2026
15745,2014,2026-05-19 00:00:00,aftosa/clostridium/maximun,PSMAY2026
15746,2035A,2026-05-19 00:00:00,aftosa/clostridium/maximun,PSMAY2026
15747,2042,2026-05-19 00:00:00,aftosa/clostridium/maximun,PSMAY2026
15748,2047,2026-05-19 00:00:00,aftosa/clostridium/maximun,PSMAY2026
15749,2062,2026-05-19 00:00:00,aftosa/clostridium/maximun,PSMAY2026
15750,2133A,2026-05-19 00:00:00,aftosa/clostridium/maximun,PSMAY2026
15751,2137,2026-05-19 00:00:00,aftosa/clostridium/maximun,PSMAY2026
15752,2146,2026-05-19 00:00:00,aftosa/clostridium/maximun,PSMAY2026
15753,2148A,2026-05-19 00:00:00,aftosa/clostridium/maximun,PSMAY2026
15754,2196A,2026-05-19 00:00:00,aftosa/clostridium/maximun,PSMAY2026
15755,2201,2026-05-19 00:00:00,aftosa/clostridium/maximun,PSMAY2026
15756,2203,2026-05-19 00:00:00,aftosa/clostridium/maximun,PSMAY2026
15757,2209A,2026-05-19 00:00:00,aftosa/clostridium/maximun,PSMAY2026
15758,23053,2026-05-19 00:00:00,aftosa/clostridium/maximun,PSMAY2026
15759,23063,2026-05-19 00:00:00,aftosa/clostridium/maximun,PSMAY2026
15760,23118,2026-05-19 00:00:00,aftosa/clostridium/maximun,PSMAY2026
15761,23120,2026-05-19 00:00:00,aftosa/clostridium/maximun,PSMAY2026
15762,23156,2026-05-19 00:00:00,aftosa/clostridium/maximun,PSMAY2026
15763,23165,2026-05-19 00:00:00,aftosa/clostridium/maximun,PSMAY2026
15764,23212,2026-05-19 00:00:00,aftosa/clostridium/maximun,PSMAY2026
15765,24029,2026-05-19 00:00:00,aftosa/clostridium/maximun,PSMAY2026
15766,30212,2026-05-19 00:00:00,aftosa/clostridium/maximun,PSMAY2026
15767,33,2026-05-19 00:00:00,aftosa/clostridium/maximun,PSMAY2026
15768,4023,2026-05-19 00:00:00,aftosa/clostridium/maximun,PSMAY2026
15769,4033,2026-05-19 00:00:00,aftosa/clostridium/maximun,PSMAY2026
15770,4072,2026-05-19 00:00:00,aftosa/clostridium/maximun,PSMAY2026
15771,4078,2026-05-19 00:00:00,aftosa/clostridium/maximun,PSMAY2026
15772,4A,2026-05-19 00:00:00,aftosa/clostridium/maximun,PSMAY2026
15773,5060,2026-05-19 00:00:00,aftosa/clostridium/maximun,PSMAY2026
15774,5076,2026-05-19 00:00:00,aftosa/clostridium/maximun,PSMAY2026
15775,5079,2026-05-19 00:00:00,aftosa/clostridium/maximun,PSMAY2026
15776,5090,2026-05-19 00:00:00,aftosa/clostridium/maximun,PSMAY2026
15777,5146,2026-05-19 00:00:00,aftosa/clostridium/maximun,PSMAY2026
15778,6020,2026-05-19 00:00:00,aftosa/clostridium/maximun,PSMAY2026
15779,6035,2026-05-19 00:00:00,aftosa/clostridium/maximun,PSMAY2026
15780,6042,2026-05-19 00:00:00,aftosa/clostridium/maximun,PSMAY2026
15781,6043,2026-05-19 00:00:00,aftosa/clostridium/maximun,PSMAY2026
15782,7007,2026-05-19 00:00:00,aftosa/clostridium/maximun,PSMAY2026
15783,7022,2026-05-19 00:00:00,aftosa/clostridium/maximun,PSMAY2026
15784,7077,2026-05-19 00:00:00,aftosa/clostridium/maximun,PSMAY2026
15785,7083,2026-05-19 00:00:00,aftosa/clostridium/maximun,PSMAY2026
15786,8006,2026-05-19 00:00:00,aftosa/clostridium/maximun,PSMAY2026
15787,8017,2026-05-19 00:00:00,aftosa/clostridium/maximun,PSMAY2026
15788,80272,2026-05-19 00:00:00,aftosa/clostridium/maximun,PSMAY2026
15789,8043,2026-05-19 00:00:00,aftosa/clostridium/maximun,PSMAY2026
15790,8046,2026-05-19 00:00:00,aftosa/clostridium/maximun,PSMAY2026
15791,8050,2026-05-19 00:00:00,aftosa/clostridium/maximun,PSMAY2026
15792,8054,2026-05-19 00:00:00,aftosa/clostridium/maximun,PSMAY2026
15793,8061,2026-05-19 00:00:00,aftosa/clostridium/maximun,PSMAY2026
15794,8094,2026-05-19 00:00:00,aftosa/clostridium/maximun,PSMAY2026
15795,9011,2026-05-19 00:00:00,aftosa/clostridium/maximun,PSMAY2026
15796,9015,2026-05-19 00:00:00,aftosa/clostridium/maximun,PSMAY2026
15797,9051,2026-05-19 00:00:00,aftosa/clostridium/maximun,PSMAY2026
15798,9058,2026-05-19 00:00:00,aftosa/clostridium/maximun,PSMAY2026
15799,9071,2026-05-19 00:00:00,aftosa/clostridium/maximun,PSMAY2026
15800,9091,2026-05-19 00:00:00,aftosa/clostridium/maximun,PSMAY2026
15801,9099,2026-05-19 00:00:00,aftosa/clostridium/maximun,PSMAY2026
15802,9113,2026-05-19 00:00:00,aftosa/clostridium/maximun,PSMAY2026
15803,9500,2026-05-19 00:00:00,aftosa/clostridium/maximun,PSMAY2026
15804,EMB 2,2026-05-19 00:00:00,aftosa/clostridium/maximun,PSMAY2026
15805,J01415,2026-05-19 00:00:00,aftosa/clostridium/maximun,PSMAY2026
15806,J422,2026-05-19 00:00:00,aftosa/clostridium/maximun,PSMAY2026
15807,J424,2026-05-19 00:00:00,aftosa/clostridium/maximun,PSMAY2026
15808,7017,2026-05-19 00:00:00,aftosa/clostridium/maximun,PSMAY2026
15809,3028A,2026-05-19 00:00:00,aftosa/clostridium/maximun,PSMAY2026
15810,5592,2026-05-19 00:00:00,aftosa/clostridium/maximun,PSMAY2026
15811,2063A,2026-05-19 00:00:00,aftosa/clostridium/maximun,PSMAY2026
15812,22105,2026-05-19 00:00:00,aftosa/clostridium/maximun,PSMAY2026
15813,2080,2026-05-19 00:00:00,aftosa/clostridium/maximun,PSMAY2026
15814,0263,2026-05-19 00:00:00,aftosa/clostridium/maximun,PSMAY2026
15815,pend41,2026-05-19 00:00:00,aftosa/clostridium/maximun,PSMAY2026
15816,2021,2026-05-19 00:00:00,aftosa/clostridium/maximun,PSMAY2026
15817,9046,2026-05-19 00:00:00,aftosa/clostridium/maximun,PSMAY2026
15818,7066,2026-05-19 00:00:00,aftosa/clostridium/maximun,PSMAY2026
15819,2016,2026-05-19 00:00:00,aftosa/clostridium/maximun,PSMAY2026
15820,J425,2026-05-19 00:00:00,aftosa/clostridium/maximun,PSMAY2026
15821,2096,2026-05-19 00:00:00,aftosa/clostridium/maximun,PSMAY2026
15822,5679,2026-05-19 00:00:00,aftosa/clostridium/maximun,PSMAY2026
15823,3003A,2026-05-19 00:00:00,aftosa/clostridium/maximun,PSMAY2026
15824,5082,2026-05-19 00:00:00,aftosa/clostridium/maximun,PSMAY2026
15825,8067,2026-05-19 00:00:00,aftosa/clostridium/maximun,PSMAY2026
15826,3750,2026-05-19 00:00:00,aftosa/clostridium/maximun,PSMAY2026
15827,21027,2026-05-19 00:00:00,aftosa/clostridium/maximun,PSMAY2026
15828,0320,2026-05-19 00:00:00,aftosa/clostridium/maximun,PSMAY2026
15829,0139,2026-05-19 00:00:00,aftosa/clostridium/maximun,PSMAY2026
15830,8072,2026-05-19 00:00:00,aftosa/clostridium/maximun,PSMAY2026
15831,0299A,2026-05-19 00:00:00,aftosa/clostridium/maximun,PSMAY2026
15832,22132,2026-05-19 00:00:00,aftosa/clostridium/maximun,PSMAY2026
15833,2103,2026-05-19 00:00:00,aftosa/clostridium/maximun,PSMAY2026
15834,1090A,2026-05-19 00:00:00,aftosa/clostridium/maximun,PSMAY2026
15835,0299C,2026-05-19 00:00:00,aftosa/clostridium/maximun,PSMAY2026
15836,60286,2026-05-19 00:00:00,aftosa/clostridium/maximun,PSMAY2026
15837,7067,2026-05-19 00:00:00,aftosa/clostridium/maximun,PSMAY2026
15838,4172,2026-05-19 00:00:00,aftosa/clostridium/maximun,PSMAY2026
15839,2063B,2026-05-19 00:00:00,aftosa/clostridium/maximun,PSMAY2026
15840,24255,2026-05-19 00:00:00,aftosa/clostridium/maximun,PSMAY2026
15841,7032,2026-05-19 00:00:00,aftosa/clostridium/maximun,PSMAY2026
15842,1139A,2026-05-19 00:00:00,aftosa/clostridium/maximun,PSMAY2026
15843,23027,2026-05-20 00:00:00,aftosa/clostridium/maximun,PSMAY2026
15844,23098,2026-05-20 00:00:00,aftosa/clostridium/maximun,PSMAY2026
15845,23125,2026-05-20 00:00:00,aftosa/clostridium/maximun,PSMAY2026
15846,23127,2026-05-20 00:00:00,aftosa/clostridium/maximun,PSMAY2026
15847,23139,2026-05-20 00:00:00,aftosa/clostridium/maximun,PSMAY2026
15848,23160,2026-05-20 00:00:00,aftosa/clostridium/maximun,PSMAY2026
15849,23166,2026-05-20 00:00:00,aftosa/clostridium/maximun,PSMAY2026
15850,23168,2026-05-20 00:00:00,aftosa/clostridium/maximun,PSMAY2026
15851,23186,2026-05-20 00:00:00,aftosa/clostridium/maximun,PSMAY2026
15852,23223,2026-05-20 00:00:00,aftosa/clostridium/maximun,PSMAY2026
15853,23227,2026-05-20 00:00:00,aftosa/clostridium/maximun,PSMAY2026
15854,23231,2026-05-20 00:00:00,aftosa/clostridium/maximun,PSMAY2026
15855,23232,2026-05-20 00:00:00,aftosa/clostridium/maximun,PSMAY2026
15856,23237,2026-05-20 00:00:00,aftosa/clostridium/maximun,PSMAY2026
15857,23243,2026-05-20 00:00:00,aftosa/clostridium/maximun,PSMAY2026
15858,23246,2026-05-20 00:00:00,aftosa/clostridium/maximun,PSMAY2026
15859,23248,2026-05-20 00:00:00,aftosa/clostridium/maximun,PSMAY2026
15860,23250,2026-05-20 00:00:00,aftosa/clostridium/maximun,PSMAY2026
15861,23252,2026-05-20 00:00:00,aftosa/clostridium/maximun,PSMAY2026
15862,24004,2026-05-20 00:00:00,aftosa/clostridium/maximun,PSMAY2026
15863,24005,2026-05-20 00:00:00,aftosa/clostridium/maximun,PSMAY2026
15864,24006,2026-05-20 00:00:00,aftosa/clostridium/maximun,PSMAY2026
15865,24007,2026-05-20 00:00:00,aftosa/clostridium/maximun,PSMAY2026
15866,24013,2026-05-20 00:00:00,aftosa/clostridium/maximun,PSMAY2026
15867,24014,2026-05-20 00:00:00,aftosa/clostridium/maximun,PSMAY2026
15868,24015,2026-05-20 00:00:00,aftosa/clostridium/maximun,PSMAY2026
15869,24021,2026-05-20 00:00:00,aftosa/clostridium/maximun,PSMAY2026
15870,24039,2026-05-20 00:00:00,aftosa/clostridium/maximun,PSMAY2026
15871,24040,2026-05-20 00:00:00,aftosa/clostridium/maximun,PSMAY2026
15872,24042,2026-05-20 00:00:00,aftosa/clostridium/maximun,PSMAY2026
15873,24043,2026-05-20 00:00:00,aftosa/clostridium/maximun,PSMAY2026
15874,24045,2026-05-20 00:00:00,aftosa/clostridium/maximun,PSMAY2026
15875,24051,2026-05-20 00:00:00,aftosa/clostridium/maximun,PSMAY2026
15876,24052,2026-05-20 00:00:00,aftosa/clostridium/maximun,PSMAY2026
15877,24053,2026-05-20 00:00:00,aftosa/clostridium/maximun,PSMAY2026
15878,24054,2026-05-20 00:00:00,aftosa/clostridium/maximun,PSMAY2026
15879,24055,2026-05-20 00:00:00,aftosa/clostridium/maximun,PSMAY2026
15880,24058,2026-05-20 00:00:00,aftosa/clostridium/maximun,PSMAY2026
15881,24070,2026-05-20 00:00:00,aftosa/clostridium/maximun,PSMAY2026
15882,24072,2026-05-20 00:00:00,aftosa/clostridium/maximun,PSMAY2026
15883,24084,2026-05-20 00:00:00,aftosa/clostridium/maximun,PSMAY2026
15884,24094,2026-05-20 00:00:00,aftosa/clostridium/maximun,PSMAY2026
15885,24097,2026-05-20 00:00:00,aftosa/clostridium/maximun,PSMAY2026
15886,24099,2026-05-20 00:00:00,aftosa/clostridium/maximun,PSMAY2026
15887,24101,2026-05-20 00:00:00,aftosa/clostridium/maximun,PSMAY2026
15888,24115,2026-05-20 00:00:00,aftosa/clostridium/maximun,PSMAY2026
15889,24119,2026-05-20 00:00:00,aftosa/clostridium/maximun,PSMAY2026
15890,24120,2026-05-20 00:00:00,aftosa/clostridium/maximun,PSMAY2026
15891,24124,2026-05-20 00:00:00,aftosa/clostridium/maximun,PSMAY2026
15892,24142,2026-05-20 00:00:00,aftosa/clostridium/maximun,PSMAY2026
15893,24144,2026-05-20 00:00:00,aftosa/clostridium/maximun,PSMAY2026
15894,24148,2026-05-20 00:00:00,aftosa/clostridium/maximun,PSMAY2026
15895,24150,2026-05-20 00:00:00,aftosa/clostridium/maximun,PSMAY2026
15896,24152,2026-05-20 00:00:00,aftosa/clostridium/maximun,PSMAY2026
15897,24162,2026-05-20 00:00:00,aftosa/clostridium/maximun,PSMAY2026
15898,24168,2026-05-20 00:00:00,aftosa/clostridium/maximun,PSMAY2026
15899,24173,2026-05-20 00:00:00,aftosa/clostridium/maximun,PSMAY2026
15900,24179,2026-05-20 00:00:00,aftosa/clostridium/maximun,PSMAY2026
15901,24180,2026-05-20 00:00:00,aftosa/clostridium/maximun,PSMAY2026
15902,24181,2026-05-20 00:00:00,aftosa/clostridium/maximun,PSMAY2026
15903,24182,2026-05-20 00:00:00,aftosa/clostridium/maximun,PSMAY2026
15904,24187,2026-05-20 00:00:00,aftosa/clostridium/maximun,PSMAY2026
15905,24190,2026-05-20 00:00:00,aftosa/clostridium/maximun,PSMAY2026
15906,24218,2026-05-20 00:00:00,aftosa/clostridium/maximun,PSMAY2026
15907,24224,2026-05-20 00:00:00,aftosa/clostridium/maximun,PSMAY2026
15908,24231,2026-05-20 00:00:00,aftosa/clostridium/maximun,PSMAY2026
15909,24251,2026-05-20 00:00:00,aftosa/clostridium/maximun,PSMAY2026
15910,24252,2026-05-20 00:00:00,aftosa/clostridium/maximun,PSMAY2026
15911,24277,2026-05-20 00:00:00,aftosa/clostridium/maximun,PSMAY2026
15912,24278,2026-05-20 00:00:00,aftosa/clostridium/maximun,PSMAY2026
15913,J402,2026-05-20 00:00:00,aftosa/clostridium/maximun,PSMAY2026
15914,J403,2026-05-20 00:00:00,aftosa/clostridium/maximun,PSMAY2026
15915,J404,2026-05-20 00:00:00,aftosa/clostridium/maximun,PSMAY2026
15916,J405,2026-05-20 00:00:00,aftosa/clostridium/maximun,PSMAY2026
15917,J406,2026-05-20 00:00:00,aftosa/clostridium/maximun,PSMAY2026
15918,J407,2026-05-20 00:00:00,aftosa/clostridium/maximun,PSMAY2026
15919,J412,2026-05-20 00:00:00,aftosa/clostridium/maximun,PSMAY2026
15920,J414,2026-05-20 00:00:00,aftosa/clostridium/maximun,PSMAY2026
15921,J418,2026-05-20 00:00:00,aftosa/clostridium/maximun,PSMAY2026
15922,J419,2026-05-20 00:00:00,aftosa/clostridium/maximun,PSMAY2026
15923,24131,2026-05-20 00:00:00,aftosa/clostridium/maximun,PSMAY2026
15924,24250,2026-05-20 00:00:00,aftosa/clostridium/maximun,PSMAY2026
15925,24066,2026-05-20 00:00:00,aftosa/clostridium/maximun,PSMAY2026
15926,24090,2026-05-20 00:00:00,aftosa/clostridium/maximun,PSMAY2026
15927,24106,2026-05-20 00:00:00,aftosa/clostridium/maximun,PSMAY2026
15928,24262,2026-05-20 00:00:00,aftosa/clostridium/maximun,PSMAY2026
15929,24001,2026-05-20 00:00:00,aftosa/clostridium/maximun,PSMAY2026
15930,25023,2026-05-20 00:00:00,aftosa/clostridium/maximun,PSMAY2026
15931,24248,2026-05-20 00:00:00,aftosa/clostridium/maximun,PSMAY2026
15932,23233,2026-05-20 00:00:00,aftosa/clostridium/maximun,PSMAY2026
15933,24129,2026-05-20 00:00:00,aftosa/clostridium/maximun,PSMAY2026
15934,24275,2026-05-20 00:00:00,aftosa/clostridium/maximun,PSMAY2026
15935,24028,2026-05-20 00:00:00,aftosa/clostridium/maximun,PSMAY2026
15936,BU330,2026-05-26 00:00:00,aftosa/ clostridium/ maximun,PSMAY2026
15937,BU2517,2026-05-21 00:00:00,aftosa/ clostrudium/ maximus,PSMAY2026
15938,BU340,2026-05-21 00:00:00,aftosa/ clostrudium/ maximus,PSMAY2026
15939,BU351,2026-05-21 00:00:00,aftosa/ clostrudium/ maximus,PSMAY2026
15940,BU78,2026-05-21 00:00:00,aftosa/ clostrudium/ maximus,PSMAY2026
15941,BU329,2026-05-21 00:00:00,aftosa/ clostrudium/ maximus,PSMAY2026
15942,BU2502,2026-05-21 00:00:00,aftosa/ clostrudium/ maximus,PSMAY2026
15943,BU320,2026-05-21 00:00:00,aftosa/ clostrudium/ maximus,PSMAY2026
15944,BU316,2026-05-21 00:00:00,aftosa/ clostrudium/ maximus,PSMAY2026
15945,BU334,2026-05-21 00:00:00,aftosa/ clostrudium/ maximus,PSMAY2026
15946,BU362,2026-05-21 00:00:00,aftosa/ clostrudium/ maximus,PSMAY2026
15947,BU363,2026-05-21 00:00:00,aftosa/ clostrudium/ maximus,PSMAY2026
15948,BU378,2026-05-21 00:00:00,aftosa/ clostrudium/ maximus,PSMAY2026
15949,BU2505,2026-05-21 00:00:00,aftosa/ clostrudium/ maximus,PSMAY2026
15950,BU2520,2026-05-21 00:00:00,aftosa/ clostrudium/ maximus,PSMAY2026
15951,BU342,2026-05-21 00:00:00,aftosa/ clostrudium/ maximus,PSMAY2026
15952,BU006,2026-05-21 00:00:00,aftosa/ clostrudium/ maximus,PSMAY2026
15953,BU2510,2026-05-21 00:00:00,aftosa/ clostrudium/ maximus,PSMAY2026
15954,BU2508,2026-05-21 00:00:00,aftosa/ clostrudium/ maximus,PSMAY2026
15955,BU2506,2026-05-21 00:00:00,aftosa/ clostrudium/ maximus,PSMAY2026
15956,BU057,2026-05-21 00:00:00,aftosa/ clostrudium/ maximus,PSMAY2026
15957,BU2516,2026-05-21 00:00:00,aftosa/ clostrudium/ maximus,PSMAY2026
15958,BU036,2026-05-21 00:00:00,aftosa/ clostrudium/ maximus,PSMAY2026
15959,BU2519,2026-05-21 00:00:00,aftosa/ clostrudium/ maximus,PSMAY2026
15960,BU2504,2026-05-21 00:00:00,aftosa/ clostrudium/ maximus,PSMAY2026
15961,BU349,2026-05-21 00:00:00,aftosa/ clostrudium/ maximus,PSMAY2026
15962,BU2507,2026-05-21 00:00:00,aftosa/ clostrudium/ maximus,PSMAY2026
15963,BU2523,2026-05-21 00:00:00,aftosa/ clostrudium/ maximus,PSMAY2026
15964,BU2524,2026-05-21 00:00:00,aftosa/ clostrudium/ maximus,PSMAY2026
15965,BU2518,2026-05-21 00:00:00,aftosa/ clostrudium/ maximus,PSMAY2026
15966,BU2532,2026-05-21 00:00:00,aftosa/ clostrudium/ maximus,PSMAY2026
15967,BU335,2026-05-21 00:00:00,aftosa/ clostrudium/ maximus,PSMAY2026
15968,BU2511,2026-05-21 00:00:00,aftosa/ clostrudium/ maximus,PSMAY2026
15969,BU106,2026-05-21 00:00:00,aftosa/ clostrudium/ maximus,PSMAY2026
15970,BU2530,2026-05-21 00:00:00,aftosa/ clostrudium/ maximus,PSMAY2026
15971,BU2515,2026-05-21 00:00:00,aftosa/ clostrudium/ maximus,PSMAY2026
15972,BU2522,2026-05-21 00:00:00,aftosa/ clostrudium/ maximus,PSMAY2026
15973,BU062,2026-05-21 00:00:00,aftosa/ clostrudium/ maximus,PSMAY2026
15974,BU2529,2026-05-21 00:00:00,aftosa/ clostrudium/ maximus,PSMAY2026
15975,BU2514,2026-05-21 00:00:00,aftosa/ clostrudium/ maximus,PSMAY2026
15976,BU2512,2026-05-21 00:00:00,aftosa/ clostrudium/ maximus,PSMAY2026
15977,BU332,2026-05-21 00:00:00,aftosa/ clostrudium/ maximus,PSMAY2026
15978,BU348,2026-05-21 00:00:00,aftosa/ clostrudium/ maximus,PSMAY2026
15979,BU373,2026-05-21 00:00:00,aftosa/ clostrudium/ maximus,PSMAY2026
15980,BU2531,2026-05-21 00:00:00,aftosa/ clostrudium/ maximus,PSMAY2026
15981,BU2528,2026-05-21 00:00:00,aftosa/ clostrudium/ maximus,PSMAY2026
15982,BU035,2026-05-21 00:00:00,aftosa/ clostrudium/ maximus,PSMAY2026
15983,BU2509,2026-05-21 00:00:00,aftosa/ clostrudium/ maximus,PSMAY2026
15984,BU019,2026-05-21 00:00:00,aftosa/ clostrudium/ maximus,PSMAY2026
15985,BU347,2026-05-21 00:00:00,aftosa/ clostrudium/ maximus,PSMAY2026
15986,BU053,2026-05-21 00:00:00,aftosa/ clostrudium/ maximus,PSMAY2026
15987,BU339,2026-05-21 00:00:00,aftosa/ clostrudium/ maximus,PSMAY2026
15988,BU338,2026-05-21 00:00:00,aftosa/ clostrudium/ maximus,PSMAY2026
15989,BU2525,2026-05-21 00:00:00,aftosa/ clostrudium/ maximus,PSMAY2026
15990,BU346,2026-05-21 00:00:00,aftosa/ clostrudium/ maximus,PSMAY2026
15991,BU344,2026-05-21 00:00:00,aftosa/ clostrudium/ maximus,PSMAY2026
15992,BU2513,2026-05-21 00:00:00,aftosa/ clostrudium/ maximus,PSMAY2026
15993,BU345,2026-05-21 00:00:00,aftosa/ clostrudium/ maximus,PSMAY2026
15994,BU2526,2026-05-21 00:00:00,aftosa/ clostrudium/ maximus,PSMAY2026
15995,BU88,2026-05-21 00:00:00,aftosa/ clostrudium/ maximus,PSMAY2026
15996,BU358,2026-05-21 00:00:00,aftosa/ clostrudium/ maximus,PSMAY2026
15997,BU048,2026-05-21 00:00:00,aftosa/ clostrudium/ maximus,PSMAY2026
15998,BU70,2026-05-21 00:00:00,aftosa/ clostrudium/ maximus,PSMAY2026
15999,BU369,2026-05-21 00:00:00,aftosa/ clostrudium/ maximus,PSMAY2026
16000,BU355,2026-05-21 00:00:00,aftosa/ clostrudium/ maximus,PSMAY2026
16001,BU89,2026-05-21 00:00:00,aftosa/ clostrudium/ maximus,PSMAY2026
16002,BU72,2026-05-21 00:00:00,aftosa/ clostrudium/ maximus,PSMAY2026
16003,BU359,2026-05-21 00:00:00,aftosa/ clostrudium/ maximus,PSMAY2026
16004,BU333,2026-05-21 00:00:00,aftosa/ clostrudium/ maximus,PSMAY2026
16005,BU318,2026-05-21 00:00:00,aftosa/ clostrudium/ maximus,PSMAY2026
16006,BU71,2026-05-21 00:00:00,aftosa/ clostrudium/ maximus,PSMAY2026
16007,BU379,2026-05-21 00:00:00,aftosa/ clostrudium/ maximus,PSMAY2026
16008,BU312,2026-05-21 00:00:00,aftosa/ clostrudium/ maximus,PSMAY2026
16009,BU85,2026-05-21 00:00:00,aftosa/ clostrudium/ maximus,PSMAY2026
16010,BU377,2026-05-21 00:00:00,aftosa/ clostrudium/ maximus,PSMAY2026
16011,BU372,2026-05-21 00:00:00,aftosa/ clostrudium/ maximus,PSMAY2026
16012,BU353,2026-05-21 00:00:00,aftosa/ clostrudium/ maximus,PSMAY2026
16013,BU076,2026-05-21 00:00:00,aftosa/ clostrudium/ maximus,PSMAY2026
16014,BU343,2026-05-21 00:00:00,aftosa/ clostrudium/ maximus,PSMAY2026
16015,BU93,2026-05-21 00:00:00,aftosa/ clostrudium/ maximus,PSMAY2026
16016,BU92,2026-05-21 00:00:00,aftosa/ clostrudium/ maximus,PSMAY2026
16017,BU357,2026-05-21 00:00:00,aftosa/ clostrudium/ maximus,PSMAY2026
16018,BU82,2026-05-21 00:00:00,aftosa/ clostrudium/ maximus,PSMAY2026
16019,BU082,2026-05-21 00:00:00,aftosa/ clostrudium/ maximus,PSMAY2026
16020,BU073,2026-05-21 00:00:00,aftosa/ clostrudium/ maximus,PSMAY2026
16021,BU368,2026-05-21 00:00:00,aftosa/ clostrudium/ maximus,PSMAY2026
16022,BU324,2026-05-21 00:00:00,aftosa/ clostrudium/ maximus,PSMAY2026
16023,BU354,2026-05-21 00:00:00,aftosa/ clostrudium/ maximus,PSMAY2026
16024,BU76,2026-05-21 00:00:00,aftosa/ clostrudium/ maximus,PSMAY2026
16025,BU341,2026-05-21 00:00:00,aftosa/ clostrudium/ maximus,PSMAY2026
16026,BU68,2026-05-21 00:00:00,aftosa/ clostrudium/ maximus,PSMAY2026
16027,BU002,2026-05-21 00:00:00,aftosa/ clostrudium/ maximus,PSMAY2026
16028,BU315,2026-05-21 00:00:00,aftosa/ clostrudium/ maximus,PSMAY2026
16029,BU325,2026-05-21 00:00:00,aftosa/ clostrudium/ maximus,PSMAY2026
16030,BU009,2026-05-21 00:00:00,aftosa/ clostrudium/ maximus,PSMAY2026
16031,BU84,2026-05-20 00:00:00,aftosa/clostru¡idium/ maximun,psmay2026
16032,BU356,2026-05-20 00:00:00,aftosa/clostru¡idium/ maximun,psmay2026
16033,BU374,2026-05-20 00:00:00,aftosa/clostru¡idium/ maximun,psmay2026
16034,BU69,2026-05-20 00:00:00,aftosa/clostru¡idium/ maximun,psmay2026
16035,BU79,2026-05-20 00:00:00,aftosa/clostru¡idium/ maximun,psmay2026
16036,BU360,2026-05-20 00:00:00,aftosa/clostru¡idium/ maximun,psmay2026
16037,BU371,2026-05-20 00:00:00,aftosa/clostru¡idium/ maximun,psmay2026
16038,BU370,2026-05-20 00:00:00,aftosa/clostru¡idium/ maximun,psmay2026
16039,BU365,2026-05-20 00:00:00,aftosa/clostru¡idium/ maximun,psmay2026
16040,BU375,2026-05-20 00:00:00,aftosa/clostru¡idium/ maximun,psmay2026
16041,BU091,2026-05-26 00:00:00,aftosa/cloetridium/maximus,PSMAY2026
16042,BU092,2026-05-26 00:00:00,aftosa/cloetridium/maximus,PSMAY2026
16043,BU095,2026-05-26 00:00:00,aftosa/cloetridium/maximus,PSMAY2026
16044,BU099,2026-05-26 00:00:00,aftosa/cloetridium/maximus,PSMAY2026
16045,BU20,2026-05-26 00:00:00,aftosa/cloetridium/maximus,PSMAY2026
16046,BU301,2026-05-26 00:00:00,aftosa/cloetridium/maximus,PSMAY2026
16047,BU303,2026-05-26 00:00:00,aftosa/cloetridium/maximus,PSMAY2026
16048,BU304,2026-05-26 00:00:00,aftosa/cloetridium/maximus,PSMAY2026
16049,BU306,2026-05-26 00:00:00,aftosa/cloetridium/maximus,PSMAY2026
16050,BU313,2026-05-26 00:00:00,aftosa/cloetridium/maximus,PSMAY2026
16051,BU322,2026-05-26 00:00:00,aftosa/cloetridium/maximus,PSMAY2026
16052,BU323,2026-05-26 00:00:00,aftosa/cloetridium/maximus,PSMAY2026
16053,BU328,2026-05-26 00:00:00,aftosa/cloetridium/maximus,PSMAY2026
16054,BU330,2026-05-26 00:00:00,aftosa/cloetridium/maximus,PSMAY2026
16055,BU67,2026-05-26 00:00:00,aftosa/cloetridium/maximus,PSMAY2026
16056,BU75,2026-05-26 00:00:00,aftosa/cloetridium/maximus,PSMAY2026
16057,BU83,2026-05-26 00:00:00,aftosa/cloetridium/maximus,PSMAY2026
16058,BU87,2026-05-26 00:00:00,aftosa/cloetridium/maximus,PSMAY2026
16059,23128,2026-05-22 00:00:00,aftosa/clostridium/maximus/reproforte,PSMAY2026
16060,22221,2026-05-22 00:00:00,aftosa/clostridium/maximus/reproforte,PSMAY2026
16061,23129,2026-05-22 00:00:00,aftosa/clostridium/maximus/reproforte,PSMAY2026
16062,23039,2026-05-22 00:00:00,aftosa/clostridium/maximus/reproforte,PSMAY2026
16063,22182,2026-05-22 00:00:00,aftosa/clostridium/maximus/reproforte,PSMAY2026
16064,24011,2026-05-22 00:00:00,aftosa/clostridium/maximus/reproforte,PSMAY2026
16065,23109,2026-05-22 00:00:00,aftosa/clostridium/maximus/reproforte,PSMAY2026
16066,23178,2026-05-22 00:00:00,aftosa/clostridium/maximus/reproforte,PSMAY2026
16067,23061,2026-05-22 00:00:00,aftosa/clostridium/maximus/reproforte,PSMAY2026
16068,23073,2026-05-22 00:00:00,aftosa/clostridium/maximus/reproforte,PSMAY2026
16069,23062,2026-05-22 00:00:00,aftosa/clostridium/maximus/reproforte,PSMAY2026
16070,23065,2026-05-22 00:00:00,aftosa/clostridium/maximus/reproforte,PSMAY2026
16071,22164,2026-05-22 00:00:00,aftosa/clostridium/maximus/reproforte,PSMAY2026
16072,23136,2026-05-22 00:00:00,aftosa/clostridium/maximus/reproforte,PSMAY2026
16073,23106,2026-05-22 00:00:00,aftosa/clostridium/maximus/reproforte,PSMAY2026
16074,22197,2026-05-22 00:00:00,aftosa/clostridium/maximus/reproforte,PSMAY2026
16075,22121,2026-05-22 00:00:00,aftosa/clostridium/maximus/reproforte,PSMAY2026
16076,23069,2026-05-22 00:00:00,aftosa/clostridium/maximus/reproforte,PSMAY2026
16077,23052,2026-05-22 00:00:00,aftosa/clostridium/maximus/reproforte,PSMAY2026
16078,23130,2026-05-22 00:00:00,aftosa/clostridium/maximus/reproforte,PSMAY2026
16079,23141,2026-05-22 00:00:00,aftosa/clostridium/maximus/reproforte,PSMAY2026
16080,23105,2026-05-22 00:00:00,aftosa/clostridium/maximus/reproforte,PSMAY2026
16081,23034,2026-05-22 00:00:00,aftosa/clostridium/maximus/reproforte,PSMAY2026
16082,23235,2026-05-22 00:00:00,aftosa/clostridium/maximus/reproforte,PSMAY2026
16083,23045,2026-05-22 00:00:00,aftosa/clostridium/maximus/reproforte,PSMAY2026
16084,23151,2026-05-22 00:00:00,aftosa/clostridium/maximus/reproforte,PSMAY2026
16085,23110,2026-05-22 00:00:00,aftosa/clostridium/maximus/reproforte,PSMAY2026
16086,23077,2026-05-22 00:00:00,aftosa/clostridium/maximus/reproforte,PSMAY2026
16087,23024,2026-05-22 00:00:00,aftosa/clostridium/maximus/reproforte,PSMAY2026
16088,23079,2026-05-22 00:00:00,aftosa/clostridium/maximus/reproforte,PSMAY2026
16089,23158,2026-05-22 00:00:00,aftosa/clostridium/maximus/reproforte,PSMAY2026
16090,23126,2026-05-22 00:00:00,aftosa/clostridium/maximus/reproforte,PSMAY2026
16091,23002,2026-05-22 00:00:00,aftosa/clostridium/maximus/reproforte,PSMAY2026
16092,24012,2026-05-22 00:00:00,aftosa/clostridium/maximus/reproforte,PSMAY2026
16093,23101,2026-05-22 00:00:00,aftosa/clostridium/maximus/reproforte,PSMAY2026
16094,23107,2026-05-22 00:00:00,aftosa/clostridium/maximus/reproforte,PSMAY2026
16095,23215,2026-05-22 00:00:00,aftosa/clostridium/maximus/reproforte,PSMAY2026
16096,23003,2026-05-22 00:00:00,aftosa/clostridium/maximus/reproforte,PSMAY2026
16097,23060,2026-05-22 00:00:00,aftosa/clostridium/maximus/reproforte,PSMAY2026
16098,23018,2026-05-22 00:00:00,aftosa/clostridium/maximus/reproforte,PSMAY2026
16099,23050,2026-05-22 00:00:00,aftosa/clostridium/maximus/reproforte,PSMAY2026
16100,23043,2026-05-22 00:00:00,aftosa/clostridium/maximus/reproforte,PSMAY2026
16101,23055,2026-05-22 00:00:00,aftosa/clostridium/maximus/reproforte,PSMAY2026
16102,23202,2026-05-22 00:00:00,aftosa/clostridium/maximus/reproforte,PSMAY2026
16103,23075,2026-05-22 00:00:00,aftosa/clostridium/maximus/reproforte,PSMAY2026
16104,24025,2026-05-22 00:00:00,aftosa/clostridium/maximus/reproforte,PSMAY2026
16105,23153,2026-05-22 00:00:00,aftosa/clostridium/maximus/reproforte,PSMAY2026
16106,23066,2026-05-22 00:00:00,aftosa/clostridium/maximus/reproforte,PSMAY2026
16107,23159,2026-05-22 00:00:00,aftosa/clostridium/maximus/reproforte,PSMAY2026
16108,23183,2026-05-22 00:00:00,aftosa/clostridium/maximus/reproforte,PSMAY2026
16109,23198,2026-05-22 00:00:00,aftosa/clostridium/maximus/reproforte,PSMAY2026
16110,23049,2026-05-22 00:00:00,aftosa/clostridium/maximus/reproforte,PSMAY2026
16111,23134,2026-05-22 00:00:00,aftosa/clostridium/maximus/reproforte,PSMAY2026
16112,23115,2026-05-22 00:00:00,aftosa/clostridium/maximus/reproforte,PSMAY2026
16113,23208,2026-05-22 00:00:00,aftosa/clostridium/maximus/reproforte,PSMAY2026
16114,23030,2026-05-22 00:00:00,aftosa/clostridium/maximus/reproforte,PSMAY2026
16115,23111,2026-05-22 00:00:00,aftosa/clostridium/maximus/reproforte,PSMAY2026
16116,23122,2026-05-22 00:00:00,aftosa/clostridium/maximus/reproforte,PSMAY2026
16117,23092,2026-05-22 00:00:00,aftosa/clostridium/maximus/reproforte,PSMAY2026
16118,23023,2026-05-22 00:00:00,aftosa/clostridium/maximus/reproforte,PSMAY2026
16119,23185,2026-05-22 00:00:00,aftosa/clostridium/maximus/reproforte,PSMAY2026
16120,23162,2026-05-22 00:00:00,aftosa/clostridium/maximus/reproforte,PSMAY2026
16121,23067,2026-05-22 00:00:00,aftosa/clostridium/maximus/reproforte,PSMAY2026
16122,23051,2026-05-22 00:00:00,aftosa/clostridium/maximus,PSMAY2026
16123,23081,2026-05-22 00:00:00,aftosa/clostridium/maximus,PSMAY2026
16124,24147,2026-05-22 00:00:00,aftosa/clostridium/maximus,PSMAY2026
16125,24133,2026-05-22 00:00:00,aftosa/clostridium/maximus,PSMAY2026
16126,24273,2026-05-22 00:00:00,aftosa/clostridium/maximus,PSMAY2026
16127,24272,2026-05-22 00:00:00,aftosa/clostridium/maximus,PSMAY2026
16128,25036,2026-05-22 00:00:00,aftosa/clostridium/maximus,PSMAY2026
16129,24300,2026-05-22 00:00:00,aftosa/clostridium/maximus,PSMAY2026
16130,24207,2026-05-22 00:00:00,aftosa/clostridium/maximus,PSMAY2026
16131,25055,2026-05-22 00:00:00,aftosa/clostridium/maximus,PSMAY2026
16132,25024,2026-05-22 00:00:00,aftosa/clostridium/maximus,PSMAY2026
16133,24172,2026-05-22 00:00:00,aftosa/clostridium/maximus,PSMAY2026
16134,25077,2026-05-22 00:00:00,aftosa/clostridium/maximus,PSMAY2026
16135,j25001,2026-05-22 00:00:00,aftosa/clostridium/maximus,PSMAY2026
16136,24155,2026-05-22 00:00:00,aftosa/clostridium/maximus,PSMAY2026
16137,25118,2026-05-22 00:00:00,aftosa/clostridium/maximus,PSMAY2026
16138,24174,2026-05-22 00:00:00,aftosa/clostridium/maximus,PSMAY2026
16139,24270,2026-05-22 00:00:00,aftosa/clostridium/maximus,PSMAY2026
16140,24176,2026-05-22 00:00:00,aftosa/clostridium/maximus,PSMAY2026
16141,25009,2026-05-22 00:00:00,aftosa/clostridium/maximus,PSMAY2026
16142,25022,2026-05-22 00:00:00,aftosa/clostridium/maximus,PSMAY2026
16143,25005,2026-05-22 00:00:00,aftosa/clostridium/maximus,PSMAY2026
16144,23044,2026-05-22 00:00:00,aftosa/clostridium/maximus,PSMAY2026
16145,25111,2026-05-22 00:00:00,aftosa/clostridium/maximus,PSMAY2026
16146,25058,2026-05-22 00:00:00,aftosa/clostridium/maximus,PSMAY2026
16147,25075,2026-05-22 00:00:00,aftosa/clostridium/maximus,PSMAY2026
16148,j25147,2026-05-22 00:00:00,aftosa/clostridium/maximus,PSMAY2026
16149,24102,2026-05-22 00:00:00,aftosa/clostridium/maximus,PSMAY2026
16150,25050,2026-05-22 00:00:00,aftosa/clostridium/maximus,PSMAY2026
16151,24146,2026-05-22 00:00:00,aftosa/clostridium/maximus,PSMAY2026
16152,25134,2026-05-22 00:00:00,aftosa/clostridium/maximus,PSMAY2026
16153,25012,2026-05-22 00:00:00,aftosa/clostridium/maximus,PSMAY2026
16154,25068,2026-05-22 00:00:00,aftosa/clostridium/maximus,PSMAY2026
16155,25084,2026-05-22 00:00:00,aftosa/clostridium/maximus,PSMAY2026
16156,24195,2026-05-22 00:00:00,aftosa/clostridium/maximus,PSMAY2026
16157,24105,2026-05-22 00:00:00,aftosa/clostridium/maximus,PSMAY2026
16158,24288,2026-05-22 00:00:00,aftosa/clostridium/maximus,PSMAY2026
16159,24080,2026-05-22 00:00:00,aftosa/clostridium/maximus,PSMAY2026
16160,24222,2026-05-22 00:00:00,aftosa/clostridium/maximus,PSMAY2026
16161,24030,2026-05-22 00:00:00,aftosa/clostridium/maximus,PSMAY2026
16162,23169,2026-05-22 00:00:00,aftosa/clostridium/maximus,PSMAY2026
16163,25003,2026-05-22 00:00:00,aftosa/clostridium/maximus,PSMAY2026
16164,25060,2026-05-22 00:00:00,aftosa/clostridium/maximus,PSMAY2026
16165,25066,2026-05-22 00:00:00,aftosa/clostridium/maximus,PSMAY2026
16166,22169A,2026-05-22 00:00:00,aftosa/clostridium/maximus,PSMAY2026
16167,24047,2026-05-22 00:00:00,aftosa/clostridium/maximus,PSMAY2026
16168,25040,2026-05-22 00:00:00,aftosa/clostridium/maximus,PSMAY2026
16169,23082,2026-05-22 00:00:00,aftosa/clostridium/maximus,PSMAY2026
16170,J25132,2026-05-22 00:00:00,aftosa/clostridium/maximus,PSMAY2026
16171,25124,2026-05-22 00:00:00,aftosa/clostridium/maximus,PSMAY2026
16172,24189,2026-05-22 00:00:00,aftosa/clostridium/maximus,PSMAY2026
16173,24234,2026-05-22 00:00:00,aftosa/clostridium/maximus,PSMAY2026
16174,25103,2026-05-22 00:00:00,aftosa/clostridium/maximus,PSMAY2026
16175,25131,2026-05-22 00:00:00,aftosa/clostridium/maximus,PSMAY2026
16176,25099,2026-05-22 00:00:00,aftosa/clostridium/maximus,PSMAY2026
16177,24268,2026-05-22 00:00:00,aftosa/clostridium/maximus,PSMAY2026
16178,24286,2026-05-22 00:00:00,aftosa/clostridium/maximus,PSMAY2026
16179,25091,2026-05-22 00:00:00,aftosa/clostridium/maximus,PSMAY2026
16180,25053,2026-05-22 00:00:00,aftosa/clostridium/maximus,PSMAY2026
16181,24157,2026-05-22 00:00:00,aftosa/clostridium/maximus,PSMAY2026
16182,23152,2026-05-22 00:00:00,aftosa/clostridium/maximus,PSMAY2026
16183,25045,2026-05-22 00:00:00,aftosa/clostridium/maximus,PSMAY2026
16184,23121,2026-05-22 00:00:00,aftosa/clostridium/maximus,PSMAY2026
16185,23005,2026-05-22 00:00:00,aftosa/clostridium/maximus,PSMAY2026
16186,24019,2026-05-22 00:00:00,aftosa/clostridium/maximus,PSMAY2026
16187,24203,2026-05-22 00:00:00,aftosa/clostridium/maximus,PSMAY2026
16188,24116,2026-05-22 00:00:00,aftosa/clostridium/maximus,PSMAY2026
16189,23179,2026-05-22 00:00:00,aftosa/clostridium/maximus,PSMAY2026
16190,24164,2026-05-22 00:00:00,aftosa/clostridium/maximus,PSMAY2026
16191,24299,2026-05-22 00:00:00,aftosa/clostridium/maximus,PSMAY2026
16192,24229,2026-05-22 00:00:00,aftosa/clostridium/maximus,PSMAY2026
16193,25054,2026-05-22 00:00:00,aftosa/clostridium/maximus,PSMAY2026
16194,J25049,2026-05-22 00:00:00,aftosa/clostridium/maximus,PSMAY2026
16195,24204,2026-05-22 00:00:00,aftosa/clostridium/maximus,PSMAY2026
16196,25137,2026-05-22 00:00:00,aftosa/clostridium/maximus,PSMAY2026
16197,24027,2026-05-22 00:00:00,aftosa/clostridium/maximus,PSMAY2026
16198,25155,2026-05-22 00:00:00,aftosa/clostridium/maximus,PSMAY2026
16199,24109,2026-05-22 00:00:00,aftosa/clostridium/maximus,PSMAY2026
16200,23195,2026-05-22 00:00:00,aftosa/clostridium/maximus,PSMAY2026
16201,24197,2026-05-22 00:00:00,aftosa/clostridium/maximus,PSMAY2026
16202,24292,2026-05-22 00:00:00,aftosa/clostridium/maximus,PSMAY2026
16203,25011,2026-05-22 00:00:00,aftosa/clostridium/maximus,PSMAY2026
16204,23209,2026-05-22 00:00:00,aftosa/clostridium/maximus,PSMAY2026
16205,25069,2026-05-22 00:00:00,aftosa/clostridium/maximus,PSMAY2026
16206,24287,2026-05-22 00:00:00,aftosa/clostridium/maximus,PSMAY2026
16207,25088,2026-05-22 00:00:00,aftosa/clostridium/maximus,PSMAY2026
16208,24216,2026-05-22 00:00:00,aftosa/clostridium/maximus,PSMAY2026
16209,23201,2026-05-22 00:00:00,aftosa/clostridium/maximus,PSMAY2026
16210,25017,2026-05-22 00:00:00,aftosa/clostridium/maximus,PSMAY2026
16211,24220,2026-05-22 00:00:00,aftosa/clostridium/maximus,PSMAY2026
16212,24130,2026-05-22 00:00:00,aftosa/clostridium/maximus,PSMAY2026
16213,J25002,2026-05-22 00:00:00,aftosa/clostridium/maximus,PSMAY2026
16214,25100,2026-05-22 00:00:00,aftosa/clostridium/maximus,PSMAY2026
16215,25029,2026-05-22 00:00:00,aftosa/clostridium/maximus,PSMAY2026
16216,24118,2026-05-22 00:00:00,aftosa/clostridium/maximus,PSMAY2026
16217,25037,2026-05-22 00:00:00,aftosa/clostridium/maximus,PSMAY2026
16218,25065,2026-05-22 00:00:00,aftosa/clostridium/maximus,PSMAY2026
16219,25039,2026-05-22 00:00:00,aftosa/clostridium/maximus,PSMAY2026
16220,25021,2026-05-22 00:00:00,aftosa/clostridium/maximus,PSMAY2026
16221,25122,2026-05-22 00:00:00,aftosa/clostridium/maximus,PSMAY2026
16222,24247,2026-05-22 00:00:00,aftosa/clostridium/maximus,PSMAY2026
16223,24221,2026-05-22 00:00:00,aftosa/clostridium/maximus,PSMAY2026
16224,25028,2026-05-22 00:00:00,aftosa/clostridium/maximus,PSMAY2026
16225,25095,2026-05-22 00:00:00,aftosa/clostridium/maximus,PSMAY2026
16226,24284,2026-05-22 00:00:00,aftosa/clostridium/maximus,PSMAY2026
16227,24232,2026-05-22 00:00:00,aftosa/clostridium/maximus,PSMAY2026
16228,24246,2026-05-22 00:00:00,aftosa/clostridium/maximus,PSMAY2026
16229,24237,2026-05-22 00:00:00,aftosa/clostridium/maximus,PSMAY2026
16230,24075,2026-05-22 00:00:00,aftosa/clostridium/maximus,PSMAY2026
16231,24156,2026-05-22 00:00:00,aftosa/clostridium/maximus,PSMAY2026
16232,24291,2026-05-22 00:00:00,aftosa/clostridium/maximus,PSMAY2026
16233,25064,2026-05-22 00:00:00,aftosa/clostridium/maximus,PSMAY2026
16234,24297,2026-05-22 00:00:00,aftosa/clostridium/maximus,PSMAY2026
16235,25106,2026-05-22 00:00:00,aftosa/clostridium/maximus,PSMAY2026
16236,25056,2026-05-22 00:00:00,aftosa/clostridium/maximus,PSMAY2026
16237,24048,2026-05-22 00:00:00,aftosa/clostridium/maximus,PSMAY2026
16238,24171,2026-05-22 00:00:00,aftosa/clostridium/maximus,PSMAY2026
16239,22150,2026-05-22 00:00:00,aftosa/clostridium/maximus,PSMAY2026
16240,25073,2026-05-22 00:00:00,aftosa/clostridium/maximus,PSMAY2026
16241,24159,2026-05-22 00:00:00,aftosa/clostridium/maximus,PSMAY2026
16242,24036,2026-05-22 00:00:00,aftosa/clostridium/maximus,PSMAY2026
16243,24044,2026-05-22 00:00:00,aftosa/clostridium/maximus,PSMAY2026
16244,24219,2026-05-22 00:00:00,aftosa/clostridium/maximus,PSMAY2026
16245,24283,2026-05-22 00:00:00,aftosa/clostridium/maximus,PSMAY2026
16246,23138,2026-05-22 00:00:00,aftosa/clostridium/maximus,PSMAY2026
16247,25020,2026-05-22 00:00:00,aftosa/clostridium/maximus,PSMAY2026
16248,25034,2026-05-22 00:00:00,aftosa/clostridium/maximus,PSMAY2026
16249,25087,2026-05-22 00:00:00,aftosa/clostridium/maximus,PSMAY2026
16250,25061,2026-05-22 00:00:00,aftosa/clostridium/maximus,PSMAY2026
16251,24114,2026-05-22 00:00:00,aftosa/clostridium/maximus,PSMAY2026
16252,23029,2026-05-22 00:00:00,aftosa/clostridium/maximus,PSMAY2026
16253,24127,2026-05-22 00:00:00,aftosa/clostridium/maximus,PSMAY2026
16254,24163,2026-05-22 00:00:00,aftosa/clostridium/maximus,PSMAY2026
16255,24308,2026-05-22 00:00:00,aftosa/clostridium/maximus,PSMAY2026
16256,24151,2026-05-22 00:00:00,aftosa/clostridium/maximus,PSMAY2026
16257,25152,2026-05-22 00:00:00,aftosa/clostridium/maximus,PSMAY2026
16258,25101,2026-05-22 00:00:00,aftosa/clostridium/maximus,PSMAY2026
16259,25097,2026-05-22 00:00:00,aftosa/clostridium/maximus,PSMAY2026
16260,24285,2026-05-22 00:00:00,aftosa/clostridium/maximus,PSMAY2026
16261,24188,2026-05-22 00:00:00,aftosa/clostridium/maximus,PSMAY2026
16262,24242,2026-05-22 00:00:00,aftosa/clostridium/maximus,PSMAY2026
16263,25096,2026-05-22 00:00:00,aftosa/clostridium/maximus,PSMAY2026
16264,24023,2026-05-22 00:00:00,aftosa/clostridium/maximus,PSMAY2026
16265,23228,2026-05-22 00:00:00,aftosa/clostridium/maximus,PSMAY2026
16266,24282,2026-05-22 00:00:00,aftosa/clostridium/maximus,PSMAY2026
16267,24078,2026-05-22 00:00:00,aftosa/clostridium/maximus,PSMAY2026
16268,24276,2026-05-22 00:00:00,aftosa/clostridium/maximus,PSMAY2026
16269,24260,2026-05-22 00:00:00,aftosa/clostridium/maximus,PSMAY2026
16270,25062,2026-05-22 00:00:00,aftosa/clostridium/maximus,PSMAY2026
16271,24123,2026-05-22 00:00:00,aftosa/clostridium/maximus,PSMAY2026
16272,23172,2026-05-22 00:00:00,aftosa/clostridium/maximus,PSMAY2026
16273,24018,2026-05-22 00:00:00,aftosa/clostridium/maximus,PSMAY2026
16274,24153,2026-05-22 00:00:00,aftosa/clostridium/maximus,PSMAY2026
16275,25125,2026-05-22 00:00:00,aftosa/clostridium/maximus,PSMAY2026
16276,24009,2026-05-22 00:00:00,aftosa/clostridium/maximus,PSMAY2026
16277,24177,2026-05-22 00:00:00,aftosa/clostridium/maximus,PSMAY2026
16278,24193,2026-05-22 00:00:00,aftosa/clostridium/maximus,PSMAY2026
16279,25033,2026-05-22 00:00:00,aftosa/clostridium/maximus,PSMAY2026
16280,23031,2026-05-22 00:00:00,aftosa/clostridium/maximus,PSMAY2026
16281,24170,2026-05-22 00:00:00,aftosa/clostridium/maximus,PSMAY2026
16282,24132,2026-05-22 00:00:00,aftosa/clostridium/maximus,PSMAY2026
16283,24063,2026-05-22 00:00:00,aftosa/clostridium/maximus,PSMAY2026
16284,25030,2026-05-22 00:00:00,aftosa/clostridium/maximus,PSMAY2026
16285,25149,2026-05-22 00:00:00,aftosa/clostridium/maximus,PSMAY2026
16286,24137,2026-05-22 00:00:00,aftosa/clostridium/maximus,PSMAY2026
16287,24264,2026-05-22 00:00:00,aftosa/clostridium/maximus,PSMAY2026
16288,23021,2026-05-22 00:00:00,aftosa/clostridium/maximus,PSMAY2026
16289,24213,2026-05-22 00:00:00,aftosa/clostridium/maximus,PSMAY2026
16290,25067,2026-05-22 00:00:00,aftosa/clostridium/maximus,PSMAY2026
16291,23064,2026-05-22 00:00:00,aftosa/clostridium/maximus,PSMAY2026
16292,25052,2026-05-22 00:00:00,aftosa/clostridium/maximus,PSMAY2026
16293,23171,2026-05-22 00:00:00,aftosa/clostridium/maximus,PSMAY2026
16294,24079,2026-05-22 00:00:00,aftosa/clostridium/maximus,PSMAY2026
16295,24158,2026-05-22 00:00:00,aftosa/clostridium/maximus,PSMAY2026
16296,25001,2026-05-22 00:00:00,aftosa/clostridium/maximus,PSMAY2026
16297,23211,2026-05-22 00:00:00,aftosa/clostridium/maximus,PSMAY2026
16298,24210,2026-05-22 00:00:00,aftosa/clostridium/maximus,PSMAY2026
16299,24212,2026-05-22 00:00:00,aftosa/clostridium/maximus,PSMAY2026
16300,25070,2026-05-22 00:00:00,aftosa/clostridium/maximus,PSMAY2026
16301,25105,2026-05-22 00:00:00,aftosa/clostridium/maximus,PSMAY2026
16302,24095,2026-05-22 00:00:00,aftosa/clostridium/maximus,PSMAY2026
16303,24091,2026-05-22 00:00:00,aftosa/clostridium/maximus,PSMAY2026
16304,24238,2026-05-22 00:00:00,aftosa/clostridium/maximus,PSMAY2026
16305,24243,2026-05-22 00:00:00,aftosa/clostridium/maximus,PSMAY2026
16306,24185,2026-05-22 00:00:00,aftosa/clostridium/maximus,PSMAY2026
16307,25026,2026-05-22 00:00:00,aftosa/clostridium/maximus,PSMAY2026
16308,25051,2026-05-22 00:00:00,aftosa/clostridium/maximus,PSMAY2026
16309,24306,2026-05-22 00:00:00,aftosa/clostridium/maximus,PSMAY2026
16310,24186,2026-05-22 00:00:00,aftosa/clostridium/maximus,PSMAY2026
16311,24143,2026-05-22 00:00:00,aftosa/clostridium/maximus,PSMAY2026
16312,J25031,2026-05-22 00:00:00,aftosa/clostridium/maximus,PSMAY2026
16313,24032,2026-05-22 00:00:00,aftosa/clostridium/maximus,PSMAY2026
16314,24209,2026-05-22 00:00:00,aftosa/clostridium/maximus,PSMAY2026
16315,24230,2026-05-22 00:00:00,aftosa/clostridium/maximus,PSMAY2026
16316,25151,2026-05-22 00:00:00,aftosa/clostridium/maximus,PSMAY2026
16317,24117,2026-05-22 00:00:00,aftosa/clostridium/maximus,PSMAY2026
16318,25059,2026-05-22 00:00:00,aftosa/clostridium/maximus,PSMAY2026
16319,24184,2026-05-22 00:00:00,aftosa/clostridium/maximus,PSMAY2026
16320,25080,2026-05-22 00:00:00,aftosa/clostridium/maximus,PSMAY2026
16321,24269,2026-05-22 00:00:00,aftosa/clostridium/maximus,PSMAY2026
16322,24135,2026-05-22 00:00:00,aftosa/clostridium/maximus,PSMAY2026
16323,25041,2026-05-22 00:00:00,aftosa/clostridium/maximus,PSMAY2026
16324,25015,2026-05-22 00:00:00,aftosa/clostridium/maximus,PSMAY2026
16325,24202,2026-05-22 00:00:00,aftosa/clostridium/maximus,PSMAY2026
16326,23239,2026-05-22 00:00:00,aftosa/clostridium/maximus,PSMAY2026
16327,24211,2026-05-22 00:00:00,aftosa/clostridium/maximus,PSMAY2026
16328,24069,2026-05-22 00:00:00,aftosa/clostridium/maximus,PSMAY2026
16329,24201,2026-05-22 00:00:00,aftosa/clostridium/maximus,PSMAY2026
16330,25116,2026-05-22 00:00:00,aftosa/clostridium/maximus,PSMAY2026
16331,24073,2026-05-22 00:00:00,aftosa/clostridium/maximus,PSMAY2026
16332,24191,2026-05-22 00:00:00,aftosa/clostridium/maximus,PSMAY2026
16333,24279,2026-05-22 00:00:00,aftosa/clostridium/maximus,PSMAY2026
16334,25074,2026-05-22 00:00:00,aftosa/clostridium/maximus,PSMAY2026
16335,24205,2026-05-22 00:00:00,aftosa/clostridium/maximus,PSMAY2026
16336,23057,2026-05-22 00:00:00,aftosa/clostridium/maximus,PSMAY2026
16337,25071,2026-05-22 00:00:00,aftosa/clostridium/maximus,PSMAY2026
16338,23207,2026-05-22 00:00:00,aftosa/clostridium/maximus,PSMAY2026
16339,24194,2026-05-22 00:00:00,aftosa/clostridium/maximus,PSMAY2026
16340,24087,2026-05-22 00:00:00,aftosa/clostridium/maximus,PSMAY2026
16341,24217,2026-05-22 00:00:00,aftosa/clostridium/maximus,PSMAY2026
16342,25035,2026-05-22 00:00:00,aftosa/clostridium/maximus,PSMAY2026
16343,25032,2026-05-22 00:00:00,aftosa/clostridium/maximus,PSMAY2026
16344,25010,2026-05-22 00:00:00,aftosa/clostridium/maximus,PSMAY2026
16345,24167,2026-05-22 00:00:00,aftosa/clostridium/maximus,PSMAY2026
16346,25139,2026-05-22 00:00:00,aftosa/clostridium/maximus,PSMAY2026
16347,25120,2026-05-22 00:00:00,aftosa/clostridium/maximus,PSMAY2026
16348,25093,2026-05-22 00:00:00,aftosa/clostridium/maximus,PSMAY2026
16349,25006,2026-05-22 00:00:00,aftosa/clostridium/maximus,PSMAY2026
16350,23216,2026-05-22 00:00:00,aftosa/clostridium/maximus,PSMAY2026
16351,24085,2026-05-22 00:00:00,aftosa/clostridium/maximus,PSMAY2026
16352,24244,2026-05-22 00:00:00,aftosa/clostridium/maximus,PSMAY2026
16353,24031,2026-05-22 00:00:00,aftosa/clostridium/maximus,PSMAY2026
16354,24249,2026-05-22 00:00:00,aftosa/clostridium/maximus,PSMAY2026
16355,24092,2026-05-22 00:00:00,aftosa/clostridium/maximus,PSMAY2026
16356,25127,2026-05-22 00:00:00,aftosa/clostridium/maximus,PSMAY2026
16357,25104,2026-05-22 00:00:00,aftosa/clostridium/maximus,PSMAY2026
16358,23203,2026-05-22 00:00:00,aftosa/clostridium/maximus,PSMAY2026
16359,24008,2026-05-22 00:00:00,aftosa/clostridium/maximus,PSMAY2026
16360,24302,2026-05-22 00:00:00,aftosa/clostridium/maximus,PSMAY2026
16361,24200,2026-05-22 00:00:00,aftosa/clostridium/maximus,PSMAY2026
16362,25016,2026-05-22 00:00:00,aftosa/clostridium/maximus,PSMAY2026
16363,23131,2026-05-22 00:00:00,aftosa/clostridium/maximus,PSMAY2026
16364,24303,2026-05-22 00:00:00,aftosa/clostridium/maximus,PSMAY2026
16365,25042,2026-05-22 00:00:00,aftosa/clostridium/maximus,PSMAY2026
16366,25086,2026-05-22 00:00:00,aftosa/clostridium/maximus,PSMAY2026
16367,24240,2026-05-22 00:00:00,aftosa/clostridium/maximus,PSMAY2026
16368,24046,2026-05-22 00:00:00,aftosa/clostridium/maximus,PSMAY2026
16369,24307,2026-05-22 00:00:00,aftosa/clostridium/maximus,PSMAY2026
16370,25013,2026-05-22 00:00:00,aftosa/clostridium/maximus,PSMAY2026
16371,24239,2026-05-22 00:00:00,aftosa/clostridium/maximus,PSMAY2026
16372,24256,2026-05-22 00:00:00,aftosa/clostridium/maximus,PSMAY2026
16373,24196,2026-05-22 00:00:00,aftosa/clostridium/maximus,PSMAY2026
16374,24298,2026-05-22 00:00:00,aftosa/clostridium/maximus,PSMAY2026
16375,25014,2026-05-22 00:00:00,aftosa/clostridium/maximus,PSMAY2026
16376,25142,2026-05-22 00:00:00,aftosa/clostridium/maximus,PSMAY2026
16378,23204,2026-05-21 00:00:00,aftosa/clostridium/maximus,PSMAY2026
16379,24140,2026-05-21 00:00:00,aftosa/clostridium/maximus,
16380,0107,2026-05-27 00:00:00,aftosa/clostridium/maximus/reproforte,psmay2026
16381,0125,2026-05-27 00:00:00,aftosa/clostridium/maximus/reproforte,psmay2026
16382,0128,2026-05-27 00:00:00,aftosa/clostridium/maximus/reproforte,psmay2026
16383,0206B,2026-05-27 00:00:00,aftosa/clostridium/maximus/reproforte,psmay2026
16384,02331,2026-05-27 00:00:00,aftosa/clostridium/maximus/reproforte,psmay2026
16385,0246,2026-05-27 00:00:00,aftosa/clostridium/maximus/reproforte,psmay2026
16386,0258,2026-05-27 00:00:00,aftosa/clostridium/maximus/reproforte,psmay2026
16387,0312,2026-05-27 00:00:00,aftosa/clostridium/maximus/reproforte,psmay2026
16388,0317A,2026-05-27 00:00:00,aftosa/clostridium/maximus/reproforte,psmay2026
16389,0321,2026-05-27 00:00:00,aftosa/clostridium/maximus/reproforte,psmay2026
16390,0330A,2026-05-27 00:00:00,aftosa/clostridium/maximus/reproforte,psmay2026
16391,0333,2026-05-27 00:00:00,aftosa/clostridium/maximus/reproforte,psmay2026
16392,0348,2026-05-27 00:00:00,aftosa/clostridium/maximus/reproforte,psmay2026
16393,0352,2026-05-27 00:00:00,aftosa/clostridium/maximus/reproforte,psmay2026
16394,1032,2026-05-27 00:00:00,aftosa/clostridium/maximus/reproforte,psmay2026
16395,1043A,2026-05-27 00:00:00,aftosa/clostridium/maximus/reproforte,psmay2026
16396,1056A,2026-05-27 00:00:00,aftosa/clostridium/maximus/reproforte,psmay2026
16397,1065,2026-05-27 00:00:00,aftosa/clostridium/maximus/reproforte,psmay2026
16398,1077A,2026-05-27 00:00:00,aftosa/clostridium/maximus/reproforte,psmay2026
16399,1078A,2026-05-27 00:00:00,aftosa/clostridium/maximus/reproforte,psmay2026
16400,1109B,2026-05-27 00:00:00,aftosa/clostridium/maximus/reproforte,psmay2026
16401,1132,2026-05-27 00:00:00,aftosa/clostridium/maximus/reproforte,psmay2026
16402,2024,2026-05-27 00:00:00,aftosa/clostridium/maximus/reproforte,psmay2026
16403,20334,2026-05-27 00:00:00,aftosa/clostridium/maximus/reproforte,psmay2026
16404,2037,2026-05-27 00:00:00,aftosa/clostridium/maximus/reproforte,psmay2026
16405,2059,2026-05-27 00:00:00,aftosa/clostridium/maximus/reproforte,psmay2026
16406,2061,2026-05-27 00:00:00,aftosa/clostridium/maximus/reproforte,psmay2026
16407,2064,2026-05-27 00:00:00,aftosa/clostridium/maximus/reproforte,psmay2026
16408,2097,2026-05-27 00:00:00,aftosa/clostridium/maximus/reproforte,psmay2026
16409,2107,2026-05-27 00:00:00,aftosa/clostridium/maximus/reproforte,psmay2026
16410,2140,2026-05-27 00:00:00,aftosa/clostridium/maximus/reproforte,psmay2026
16411,2143A,2026-05-27 00:00:00,aftosa/clostridium/maximus/reproforte,psmay2026
16412,22195,2026-05-27 00:00:00,aftosa/clostridium/maximus/reproforte,psmay2026
16413,22198,2026-05-27 00:00:00,aftosa/clostridium/maximus/reproforte,psmay2026
16414,23037,2026-05-27 00:00:00,aftosa/clostridium/maximus/reproforte,psmay2026
16415,23094,2026-05-27 00:00:00,aftosa/clostridium/maximus/reproforte,psmay2026
16416,24016,2026-05-27 00:00:00,aftosa/clostridium/maximus/reproforte,psmay2026
16417,3026A,2026-05-27 00:00:00,aftosa/clostridium/maximus/reproforte,psmay2026
16418,31,2026-05-27 00:00:00,aftosa/clostridium/maximus/reproforte,psmay2026
16419,3108,2026-05-27 00:00:00,aftosa/clostridium/maximus/reproforte,psmay2026
16420,3119,2026-05-27 00:00:00,aftosa/clostridium/maximus/reproforte,psmay2026
16421,4053,2026-05-27 00:00:00,aftosa/clostridium/maximus/reproforte,psmay2026
16422,4055,2026-05-27 00:00:00,aftosa/clostridium/maximus/reproforte,psmay2026
16423,4066,2026-05-27 00:00:00,aftosa/clostridium/maximus/reproforte,psmay2026
16424,4076,2026-05-27 00:00:00,aftosa/clostridium/maximus/reproforte,psmay2026
16425,4100,2026-05-27 00:00:00,aftosa/clostridium/maximus/reproforte,psmay2026
16426,4101,2026-05-27 00:00:00,aftosa/clostridium/maximus/reproforte,psmay2026
16427,4109,2026-05-27 00:00:00,aftosa/clostridium/maximus/reproforte,psmay2026
16428,50501,2026-05-27 00:00:00,aftosa/clostridium/maximus/reproforte,psmay2026
16429,5144,2026-05-27 00:00:00,aftosa/clostridium/maximus/reproforte,psmay2026
16430,6028,2026-05-27 00:00:00,aftosa/clostridium/maximus/reproforte,psmay2026
16431,6037,2026-05-27 00:00:00,aftosa/clostridium/maximus/reproforte,psmay2026
16432,8005,2026-05-27 00:00:00,aftosa/clostridium/maximus/reproforte,psmay2026
16433,8010,2026-05-27 00:00:00,aftosa/clostridium/maximus/reproforte,psmay2026
16434,8060,2026-05-27 00:00:00,aftosa/clostridium/maximus/reproforte,psmay2026
16435,8063,2026-05-27 00:00:00,aftosa/clostridium/maximus/reproforte,psmay2026
16436,8085,2026-05-27 00:00:00,aftosa/clostridium/maximus/reproforte,psmay2026
16437,9016,2026-05-27 00:00:00,aftosa/clostridium/maximus/reproforte,psmay2026
16438,9023,2026-05-27 00:00:00,aftosa/clostridium/maximus/reproforte,psmay2026
16439,9100,2026-05-27 00:00:00,aftosa/clostridium/maximus/reproforte,psmay2026
16440,9104,2026-05-27 00:00:00,aftosa/clostridium/maximus/reproforte,psmay2026
16441,91172,2026-05-27 00:00:00,aftosa/clostridium/maximus/reproforte,psmay2026
16442,9121,2026-05-27 00:00:00,aftosa/clostridium/maximus/reproforte,psmay2026
16443,9122,2026-05-27 00:00:00,aftosa/clostridium/maximus/reproforte,psmay2026
16444,9501,2026-05-27 00:00:00,aftosa/clostridium/maximus/reproforte,psmay2026
16445,EMB 5,2026-05-27 00:00:00,aftosa/clostridium/maximus/reproforte,psmay2026
16446,J408,2026-05-27 00:00:00,aftosa/clostridium/maximus/reproforte,psmay2026
16447,J409,2026-05-27 00:00:00,aftosa/clostridium/maximus/reproforte,psmay2026
16448,J420,2026-05-27 00:00:00,aftosa/clostridium/maximus/reproforte,psmay2026
16449,J413,2026-05-27 00:00:00,aftosa/clostridium/maximus/reproforte,psmay2026
16450,4A,2026-05-27 00:00:00,aftosa/clostridium/maximus/reproforte,psmay2026
16451,0327,2026-05-27 00:00:00,aftosa/clostridium/maximus/reproforte,psmay2026
16452,0349,2026-05-27 00:00:00,aftosa/clostridium/maximus/reproforte,psmay2026
16453,19,2026-05-27 00:00:00,aftosa/clostridium/maximus/reproforte,psmay2026
16454,4007,2026-05-27 00:00:00,aftosa/clostridium/maximus/reproforte,psmay2026
16455,6021,2026-05-27 00:00:00,aftosa/clostridium/maximus/reproforte,psmay2026
16456,7072,2026-05-27 00:00:00,aftosa/clostridium/maximus/,psmay2026
16457,8019,2026-05-27 00:00:00,aftosa/clostridium/maximus/reproforte,psmay2026
16458,9073,2026-05-27 00:00:00,aftosa/clostridium/maximus/reproforte,psmay2026
16486,25210,2026-05-27 00:00:00,aftosa/clostridium/maximus/,psmay2026
16585,26158,2026-05-27 00:00:00,AFTOSA/CLOSTRIDIUM,PSMAY2026
16586,26159,2026-05-27 00:00:00,AFTOSA/CLOSTRIDIUM,PSMAY2026
16587,BU2517,2026-05-22 00:00:00,aftosa/clostridium/maximu,psmay2026
16588,BU340,2026-05-22 00:00:00,aftosa/clostridium/maximu,psmay2026
16589,BU351,2026-05-22 00:00:00,aftosa/clostridium/maximu,psmay2026
16590,BU78,2026-05-22 00:00:00,aftosa/clostridium/maximu,psmay2026
16591,BU329,2026-05-22 00:00:00,aftosa/clostridium/maximu,psmay2026
16592,BU2502,2026-05-22 00:00:00,aftosa/clostridium/maximu,psmay2026
16593,BU320,2026-05-22 00:00:00,aftosa/clostridium/maximu,psmay2026
16594,BU316,2026-05-22 00:00:00,aftosa/clostridium/maximu,psmay2026
16595,BU334,2026-05-22 00:00:00,aftosa/clostridium/maximu,psmay2026
16596,BU362,2026-05-22 00:00:00,aftosa/clostridium/maximu,psmay2026
16597,BU363,2026-05-22 00:00:00,aftosa/clostridium/maximu,psmay2026
16598,BU378,2026-05-22 00:00:00,aftosa/clostridium/maximu,psmay2026
16599,BU2505,2026-05-22 00:00:00,aftosa/clostridium/maximu,psmay2026
16600,BU2520,2026-05-22 00:00:00,aftosa/clostridium/maximu,psmay2026
16601,BU342,2026-05-22 00:00:00,aftosa/clostridium/maximu,psmay2026
16602,BU006,2026-05-22 00:00:00,aftosa/clostridium/maximu,psmay2026
16603,BU2510,2026-05-22 00:00:00,aftosa/clostridium/maximu,psmay2026
16604,BU2508,2026-05-22 00:00:00,aftosa/clostridium/maximu,psmay2026
16605,BU2506,2026-05-22 00:00:00,aftosa/clostridium/maximu,psmay2026
16606,BU057,2026-05-22 00:00:00,aftosa/clostridium/maximu,psmay2026
16607,BU2516,2026-05-22 00:00:00,aftosa/clostridium/maximu,psmay2026
16608,BU036,2026-05-22 00:00:00,aftosa/clostridium/maximu,psmay2026
16609,BU2519,2026-05-22 00:00:00,aftosa/clostridium/maximu,psmay2026
16610,BU2504,2026-05-22 00:00:00,aftosa/clostridium/maximu,psmay2026
16611,BU349,2026-05-22 00:00:00,aftosa/clostridium/maximu,psmay2026
16612,BU2507,2026-05-22 00:00:00,aftosa/clostridium/maximu,psmay2026
16613,BU2523,2026-05-22 00:00:00,aftosa/clostridium/maximu,psmay2026
16614,BU2524,2026-05-22 00:00:00,aftosa/clostridium/maximu,psmay2026
16615,BU2518,2026-05-22 00:00:00,aftosa/clostridium/maximu,psmay2026
16616,BU2532,2026-05-22 00:00:00,aftosa/clostridium/maximu,psmay2026
16617,BU335,2026-05-22 00:00:00,aftosa/clostridium/maximu,psmay2026
16618,BU2511,2026-05-22 00:00:00,aftosa/clostridium/maximu,psmay2026
16619,BU106,2026-05-22 00:00:00,aftosa/clostridium/maximu,psmay2026
16620,BU2530,2026-05-22 00:00:00,aftosa/clostridium/maximu,psmay2026
16621,BU2515,2026-05-22 00:00:00,aftosa/clostridium/maximu,psmay2026
16622,BU2522,2026-05-22 00:00:00,aftosa/clostridium/maximu,psmay2026
16623,BU062,2026-05-22 00:00:00,aftosa/clostridium/maximu,psmay2026
16624,BU2529,2026-05-22 00:00:00,aftosa/clostridium/maximu,psmay2026
16625,BU2514,2026-05-22 00:00:00,aftosa/clostridium/maximu,psmay2026
16626,BU2512,2026-05-22 00:00:00,aftosa/clostridium/maximu,psmay2026
16627,BU332,2026-05-22 00:00:00,aftosa/clostridium/maximu,psmay2026
16628,BU348,2026-05-22 00:00:00,aftosa/clostridium/maximu,psmay2026
16629,BU373,2026-05-22 00:00:00,aftosa/clostridium/maximu,psmay2026
16630,BU2531,2026-05-22 00:00:00,aftosa/clostridium/maximu,psmay2026
16631,BU2528,2026-05-22 00:00:00,aftosa/clostridium/maximu,psmay2026
16632,BU035,2026-05-22 00:00:00,aftosa/clostridium/maximu,psmay2026
16633,BU2509,2026-05-22 00:00:00,aftosa/clostridium/maximu,psmay2026
16634,BU019,2026-05-22 00:00:00,aftosa/clostridium/maximu,psmay2026
16635,BU347,2026-05-22 00:00:00,aftosa/clostridium/maximu,psmay2026
16636,BU053,2026-05-22 00:00:00,aftosa/clostridium/maximu,psmay2026
16637,BU339,2026-05-22 00:00:00,aftosa/clostridium/maximu,psmay2026
16638,BU338,2026-05-22 00:00:00,aftosa/clostridium/maximu,psmay2026
16639,BU2525,2026-05-22 00:00:00,aftosa/clostridium/maximu,psmay2026
16640,BU346,2026-05-22 00:00:00,aftosa/clostridium/maximu,psmay2026
16641,BU344,2026-05-22 00:00:00,aftosa/clostridium/maximu,psmay2026
16642,BU2513,2026-05-22 00:00:00,aftosa/clostridium/maximu,psmay2026
16643,BU345,2026-05-22 00:00:00,aftosa/clostridium/maximu,psmay2026
16644,BU2526,2026-05-22 00:00:00,aftosa/clostridium/maximu,psmay2026
16645,BU88,2026-05-22 00:00:00,aftosa/clostridium/maximu,psmay2026
16646,BU358,2026-05-22 00:00:00,aftosa/clostridium/maximu,psmay2026
16647,BU048,2026-05-22 00:00:00,aftosa/clostridium/maximu,psmay2026
16648,BU70,2026-05-22 00:00:00,aftosa/clostridium/maximu,psmay2026
16649,BU369,2026-05-22 00:00:00,aftosa/clostridium/maximu,psmay2026
16650,BU355,2026-05-22 00:00:00,aftosa/clostridium/maximu,psmay2026
16651,BU89,2026-05-22 00:00:00,aftosa/clostridium/maximu,psmay2026
16652,BU72,2026-05-22 00:00:00,aftosa/clostridium/maximu,psmay2026
16653,BU359,2026-05-22 00:00:00,aftosa/clostridium/maximu,psmay2026
16654,BU333,2026-05-22 00:00:00,aftosa/clostridium/maximu,psmay2026
16655,BU318,2026-05-22 00:00:00,aftosa/clostridium/maximu,psmay2026
16656,BU71,2026-05-22 00:00:00,aftosa/clostridium/maximu,psmay2026
16657,BU379,2026-05-22 00:00:00,aftosa/clostridium/maximu,psmay2026
16658,BU312,2026-05-22 00:00:00,aftosa/clostridium/maximu,psmay2026
16659,BU85,2026-05-22 00:00:00,aftosa/clostridium/maximu,psmay2026
16660,BU377,2026-05-22 00:00:00,aftosa/clostridium/maximu,psmay2026
16661,BU372,2026-05-22 00:00:00,aftosa/clostridium/maximu,psmay2026
16662,BU353,2026-05-22 00:00:00,aftosa/clostridium/maximu,psmay2026
16663,BU076,2026-05-22 00:00:00,aftosa/clostridium/maximu,psmay2026
16664,BU343,2026-05-22 00:00:00,aftosa/clostridium/maximu,psmay2026
16665,BU93,2026-05-22 00:00:00,aftosa/clostridium/maximu,psmay2026
16666,BU92,2026-05-22 00:00:00,aftosa/clostridium/maximu,psmay2026
16667,BU357,2026-05-22 00:00:00,aftosa/clostridium/maximu,psmay2026
16668,BU82,2026-05-22 00:00:00,aftosa/clostridium/maximu,psmay2026
16669,BU082,2026-05-22 00:00:00,aftosa/clostridium/maximu,psmay2026
16670,BU073,2026-05-22 00:00:00,aftosa/clostridium/maximu,psmay2026
16671,BU368,2026-05-22 00:00:00,aftosa/clostridium/maximu,psmay2026
16672,BU324,2026-05-22 00:00:00,aftosa/clostridium/maximu,psmay2026
16673,BU354,2026-05-22 00:00:00,aftosa/clostridium/maximu,psmay2026
16674,BU76,2026-05-22 00:00:00,aftosa/clostridium/maximu,psmay2026
16675,BU341,2026-05-22 00:00:00,aftosa/clostridium/maximu,psmay2026
16676,BU68,2026-05-22 00:00:00,aftosa/clostridium/maximu,psmay2026
16677,BU315,2026-05-22 00:00:00,aftosa/clostridium/maximu,psmay2026
16678,BU325,2026-05-22 00:00:00,aftosa/clostridium/maximu,psmay2026
16679,BU009,2026-05-22 00:00:00,aftosa/clostridium/maximu,psmay2026
16680,0107,2026-05-27 00:00:00,aftosa/clostridium/maximun/reproforte,psmay2026
16681,0125,2026-05-27 00:00:00,aftosa/clostridium/maximun/reproforte,psmay2026
16682,0128,2026-05-27 00:00:00,aftosa/clostridium/maximun/reproforte,psmay2026
16683,0206B,2026-05-27 00:00:00,aftosa/clostridium/maximun/reproforte,psmay2026
16684,02331,2026-05-27 00:00:00,aftosa/clostridium/maximun/reproforte,psmay2026
16685,0246,2026-05-27 00:00:00,aftosa/clostridium/maximun/reproforte,psmay2026
16686,0258,2026-05-27 00:00:00,aftosa/clostridium/maximun/reproforte,psmay2026
16687,0312,2026-05-27 00:00:00,aftosa/clostridium/maximun/reproforte,psmay2026
16688,0317A,2026-05-27 00:00:00,aftosa/clostridium/maximun/reproforte,psmay2026
16689,0321,2026-05-27 00:00:00,aftosa/clostridium/maximun/reproforte,psmay2026
16690,0330A,2026-05-27 00:00:00,aftosa/clostridium/maximun/reproforte,psmay2026
16691,0333,2026-05-27 00:00:00,aftosa/clostridium/maximun/reproforte,psmay2026
16692,0348,2026-05-27 00:00:00,aftosa/clostridium/maximun/reproforte,psmay2026
16693,0352,2026-05-27 00:00:00,aftosa/clostridium/maximun/reproforte,psmay2026
16694,1032,2026-05-27 00:00:00,aftosa/clostridium/maximun/reproforte,psmay2026
16695,1043A,2026-05-27 00:00:00,aftosa/clostridium/maximun/reproforte,psmay2026
16696,1056A,2026-05-27 00:00:00,aftosa/clostridium/maximun/reproforte,psmay2026
16697,1065,2026-05-27 00:00:00,aftosa/clostridium/maximun/reproforte,psmay2026
16698,1077A,2026-05-27 00:00:00,aftosa/clostridium/maximun/reproforte,psmay2026
16699,1078A,2026-05-27 00:00:00,aftosa/clostridium/maximun/reproforte,psmay2026
16700,1109B,2026-05-27 00:00:00,aftosa/clostridium/maximun/reproforte,psmay2026
16701,1132,2026-05-27 00:00:00,aftosa/clostridium/maximun/reproforte,psmay2026
16702,2024,2026-05-27 00:00:00,aftosa/clostridium/maximun/reproforte,psmay2026
16703,20334,2026-05-27 00:00:00,aftosa/clostridium/maximun/reproforte,psmay2026
16704,2037,2026-05-27 00:00:00,aftosa/clostridium/maximun/reproforte,psmay2026
16705,2059,2026-05-27 00:00:00,aftosa/clostridium/maximun/reproforte,psmay2026
16706,2061,2026-05-27 00:00:00,aftosa/clostridium/maximun/reproforte,psmay2026
16707,2064,2026-05-27 00:00:00,aftosa/clostridium/maximun/reproforte,psmay2026
16708,2097,2026-05-27 00:00:00,aftosa/clostridium/maximun/reproforte,psmay2026
16709,2107,2026-05-27 00:00:00,aftosa/clostridium/maximun/reproforte,psmay2026
16710,2140,2026-05-27 00:00:00,aftosa/clostridium/maximun/reproforte,psmay2026
16711,2143A,2026-05-27 00:00:00,aftosa/clostridium/maximun/reproforte,psmay2026
16712,22195,2026-05-27 00:00:00,aftosa/clostridium/maximun/reproforte,psmay2026
16713,22198,2026-05-27 00:00:00,aftosa/clostridium/maximun/reproforte,psmay2026
16714,23037,2026-05-27 00:00:00,aftosa/clostridium/maximun/reproforte,psmay2026
16715,23094,2026-05-27 00:00:00,aftosa/clostridium/maximun/reproforte,psmay2026
16716,24016,2026-05-27 00:00:00,aftosa/clostridium/maximun/reproforte,psmay2026
16717,3026A,2026-05-27 00:00:00,aftosa/clostridium/maximun/reproforte,psmay2026
16718,31,2026-05-27 00:00:00,aftosa/clostridium/maximun/reproforte,psmay2026
16719,3108,2026-05-27 00:00:00,aftosa/clostridium/maximun/reproforte,psmay2026
16720,3119,2026-05-27 00:00:00,aftosa/clostridium/maximun/reproforte,psmay2026
16721,4053,2026-05-27 00:00:00,aftosa/clostridium/maximun/reproforte,psmay2026
16722,4055,2026-05-27 00:00:00,aftosa/clostridium/maximun/reproforte,psmay2026
16723,4066,2026-05-27 00:00:00,aftosa/clostridium/maximun/reproforte,psmay2026
16724,4076,2026-05-27 00:00:00,aftosa/clostridium/maximun/reproforte,psmay2026
16725,4100,2026-05-27 00:00:00,aftosa/clostridium/maximun/reproforte,psmay2026
16726,4101,2026-05-27 00:00:00,aftosa/clostridium/maximun/reproforte,psmay2026
16727,4109,2026-05-27 00:00:00,aftosa/clostridium/maximun/reproforte,psmay2026
16728,50501,2026-05-27 00:00:00,aftosa/clostridium/maximun/reproforte,psmay2026
16729,5144,2026-05-27 00:00:00,aftosa/clostridium/maximun/reproforte,psmay2026
16730,6028,2026-05-27 00:00:00,aftosa/clostridium/maximun/reproforte,psmay2026
16731,6037,2026-05-27 00:00:00,aftosa/clostridium/maximun/reproforte,psmay2026
16732,8005,2026-05-27 00:00:00,aftosa/clostridium/maximun/reproforte,psmay2026
16733,8010,2026-05-27 00:00:00,aftosa/clostridium/maximun/reproforte,psmay2026
16734,8060,2026-05-27 00:00:00,aftosa/clostridium/maximun/reproforte,psmay2026
16735,8063,2026-05-27 00:00:00,aftosa/clostridium/maximun/reproforte,psmay2026
16736,8085,2026-05-27 00:00:00,aftosa/clostridium/maximun/reproforte,psmay2026
16737,9016,2026-05-27 00:00:00,aftosa/clostridium/maximun/reproforte,psmay2026
16738,9023,2026-05-27 00:00:00,aftosa/clostridium/maximun/reproforte,psmay2026
16739,9100,2026-05-27 00:00:00,aftosa/clostridium/maximun/reproforte,psmay2026
16740,9104,2026-05-27 00:00:00,aftosa/clostridium/maximun/reproforte,psmay2026
16741,91172,2026-05-27 00:00:00,aftosa/clostridium/maximun/reproforte,psmay2026
16742,9121,2026-05-27 00:00:00,aftosa/clostridium/maximun/reproforte,psmay2026
16743,9122,2026-05-27 00:00:00,aftosa/clostridium/maximun/reproforte,psmay2026
16744,9501,2026-05-27 00:00:00,aftosa/clostridium/maximun/reproforte,psmay2026
16745,EMB 5,2026-05-27 00:00:00,aftosa/clostridium/maximun/reproforte,psmay2026
16746,J408,2026-05-27 00:00:00,aftosa/clostridium/maximun/reproforte,psmay2026
16747,J409,2026-05-27 00:00:00,aftosa/clostridium/maximun/reproforte,psmay2026
16748,J420,2026-05-27 00:00:00,aftosa/clostridium/maximun/reproforte,psmay2026
16749,J413,2026-05-27 00:00:00,aftosa/clostridium/maximun/reproforte,psmay2026
16750,4A,2026-05-27 00:00:00,aftosa/clostridium/maximun/reproforte,psmay2026
16751,25193,2026-05-27 00:00:00,aftosa/clostridium/maximun/reproforte,psmay2026
16752,25149,2026-05-27 00:00:00,aftosa/clostridium/maximun/reproforte,psmay2026
16753,0271,2026-05-27 00:00:00,aftosa/clostridium/maximun,psmay2026
16754,0303,2026-05-27 00:00:00,aftosa/clostridium/maximun,psmay2026
16755,0308,2026-05-27 00:00:00,aftosa/clostridium/maximun,psmay2026
16756,0310,2026-05-27 00:00:00,aftosa/clostridium/maximun,psmay2026
16757,0326,2026-05-27 00:00:00,aftosa/clostridium/maximun,psmay2026
16758,0355,2026-05-27 00:00:00,aftosa/clostridium/maximun,psmay2026
16759,1117,2026-05-27 00:00:00,aftosa/clostridium/maximun,psmay2026
16760,2016,2026-05-27 00:00:00,aftosa/clostridium/maximun,psmay2026
16761,2060,2026-05-27 00:00:00,aftosa/clostridium/maximun,psmay2026
16762,2065,2026-05-27 00:00:00,aftosa/clostridium/maximun,psmay2026
16763,2088B,2026-05-27 00:00:00,aftosa/clostridium/maximun,psmay2026
16764,2102,2026-05-27 00:00:00,aftosa/clostridium/maximun,psmay2026
16765,2110,2026-05-27 00:00:00,aftosa/clostridium/maximun,psmay2026
16766,24280,2026-05-27 00:00:00,aftosa/clostridium/maximun,psmay2026
16767,25110,2026-05-27 00:00:00,aftosa/clostridium/maximun,psmay2026
16768,25154,2026-05-27 00:00:00,aftosa/clostridium/maximun,psmay2026
16769,25164,2026-05-27 00:00:00,aftosa/clostridium/maximun,psmay2026
16770,25167,2026-05-27 00:00:00,aftosa/clostridium/maximun,psmay2026
16771,25173,2026-05-27 00:00:00,aftosa/clostridium/maximun,psmay2026
16772,25176,2026-05-27 00:00:00,aftosa/clostridium/maximun,psmay2026
16773,25178,2026-05-27 00:00:00,aftosa/clostridium/maximun,psmay2026
16774,25179,2026-05-27 00:00:00,aftosa/clostridium/maximun,psmay2026
16775,25183,2026-05-27 00:00:00,aftosa/clostridium/maximun,psmay2026
16776,25188,2026-05-27 00:00:00,aftosa/clostridium/maximun,psmay2026
16777,25192,2026-05-27 00:00:00,aftosa/clostridium/maximun,psmay2026
16778,25203,2026-05-27 00:00:00,aftosa/clostridium/maximun,psmay2026
16779,25206,2026-05-27 00:00:00,aftosa/clostridium/maximun,psmay2026
16780,25210,2026-05-27 00:00:00,aftosa/clostridium/maximun,psmay2026
16781,25211,2026-05-27 00:00:00,aftosa/clostridium/maximun,psmay2026
16782,25213,2026-05-27 00:00:00,aftosa/clostridium/maximun,psmay2026
16783,25221,2026-05-27 00:00:00,aftosa/clostridium/maximun,psmay2026
16784,25222,2026-05-27 00:00:00,aftosa/clostridium/maximun,psmay2026
16785,25223,2026-05-27 00:00:00,aftosa/clostridium/maximun,psmay2026
16786,25224,2026-05-27 00:00:00,aftosa/clostridium/maximun,psmay2026
16787,25226,2026-05-27 00:00:00,aftosa/clostridium/maximun,psmay2026
16788,25230,2026-05-27 00:00:00,aftosa/clostridium/maximun,psmay2026
16789,25231,2026-05-27 00:00:00,aftosa/clostridium/maximun,psmay2026
16790,25232,2026-05-27 00:00:00,aftosa/clostridium/maximun,psmay2026
16791,25233,2026-05-27 00:00:00,aftosa/clostridium/maximun,psmay2026
16792,25234,2026-05-27 00:00:00,aftosa/clostridium/maximun,psmay2026
16793,25239,2026-05-27 00:00:00,aftosa/clostridium/maximun,psmay2026
16794,25243,2026-05-27 00:00:00,aftosa/clostridium/maximun,psmay2026
16795,25247,2026-05-27 00:00:00,aftosa/clostridium/maximun,psmay2026
16796,25255,2026-05-27 00:00:00,aftosa/clostridium/maximun,psmay2026
16797,25256,2026-05-27 00:00:00,aftosa/clostridium/maximun,psmay2026
16798,25260,2026-05-27 00:00:00,aftosa/clostridium/maximun,psmay2026
16799,25261,2026-05-27 00:00:00,aftosa/clostridium/maximun,psmay2026
16800,25263,2026-05-27 00:00:00,aftosa/clostridium/maximun,psmay2026
16801,25270,2026-05-27 00:00:00,aftosa/clostridium/maximun,psmay2026
16802,25271,2026-05-27 00:00:00,aftosa/clostridium/maximun,psmay2026
16803,25272,2026-05-27 00:00:00,aftosa/clostridium/maximun,psmay2026
16804,25278,2026-05-27 00:00:00,aftosa/clostridium/maximun,psmay2026
16805,25283,2026-05-27 00:00:00,aftosa/clostridium/maximun,psmay2026
16806,25286,2026-05-27 00:00:00,aftosa/clostridium/maximun,psmay2026
16807,25293,2026-05-27 00:00:00,aftosa/clostridium/maximun,psmay2026
16808,25294,2026-05-27 00:00:00,aftosa/clostridium/maximun,psmay2026
16809,25299,2026-05-27 00:00:00,aftosa/clostridium/maximun,psmay2026
16810,25301,2026-05-27 00:00:00,aftosa/clostridium/maximun,psmay2026
16811,25302,2026-05-27 00:00:00,aftosa/clostridium/maximun,psmay2026
16812,25303,2026-05-27 00:00:00,aftosa/clostridium/maximun,psmay2026
16813,25304,2026-05-27 00:00:00,aftosa/clostridium/maximun,psmay2026
16814,25308,2026-05-27 00:00:00,aftosa/clostridium/maximun,psmay2026
16815,25309,2026-05-27 00:00:00,aftosa/clostridium/maximun,psmay2026
16816,25310,2026-05-27 00:00:00,aftosa/clostridium/maximun,psmay2026
16817,25311,2026-05-27 00:00:00,aftosa/clostridium/maximun,psmay2026
16818,25313,2026-05-27 00:00:00,aftosa/clostridium/maximun,psmay2026
16819,25315,2026-05-27 00:00:00,aftosa/clostridium/maximun,psmay2026
16820,25317,2026-05-27 00:00:00,aftosa/clostridium/maximun,psmay2026
16821,26005,2026-05-27 00:00:00,aftosa/clostridium/maximun,psmay2026
16822,26008,2026-05-27 00:00:00,aftosa/clostridium/maximun,psmay2026
16823,26010,2026-05-27 00:00:00,aftosa/clostridium/maximun,psmay2026
16824,26014,2026-05-27 00:00:00,aftosa/clostridium/maximun,psmay2026
16825,26015,2026-05-27 00:00:00,aftosa/clostridium/maximun,psmay2026
16826,26016,2026-05-27 00:00:00,aftosa/clostridium/maximun,psmay2026
16827,26026,2026-05-27 00:00:00,aftosa/clostridium/maximun,psmay2026
16828,26027,2026-05-27 00:00:00,aftosa/clostridium/maximun,psmay2026
16829,26029,2026-05-27 00:00:00,aftosa/clostridium/maximun,psmay2026
16830,26064,2026-05-27 00:00:00,aftosa/clostridium/maximun,psmay2026
16831,26067,2026-05-27 00:00:00,aftosa/clostridium/maximun,psmay2026
16832,26071,2026-05-27 00:00:00,aftosa/clostridium/maximun,psmay2026
16833,26083,2026-05-27 00:00:00,aftosa/clostridium/maximun,psmay2026
16834,26097,2026-05-27 00:00:00,aftosa/clostridium/maximun,psmay2026
16835,26100,2026-05-27 00:00:00,aftosa/clostridium/maximun,psmay2026
16836,26111,2026-05-27 00:00:00,aftosa/clostridium/maximun,psmay2026
16837,26112,2026-05-27 00:00:00,aftosa/clostridium/maximun,psmay2026
16838,26113,2026-05-27 00:00:00,aftosa/clostridium/maximun,psmay2026
16839,26114,2026-05-27 00:00:00,aftosa/clostridium/maximun,psmay2026
16840,26121,2026-05-27 00:00:00,aftosa/clostridium/maximun,psmay2026
16841,3027A,2026-05-27 00:00:00,aftosa/clostridium/maximun,psmay2026
16842,4034,2026-05-27 00:00:00,aftosa/clostridium/maximun,psmay2026
16843,4099,2026-05-27 00:00:00,aftosa/clostridium/maximun,psmay2026
16844,4141,2026-05-27 00:00:00,aftosa/clostridium/maximun,psmay2026
16845,5007,2026-05-27 00:00:00,aftosa/clostridium/maximun,psmay2026
16846,5092,2026-05-27 00:00:00,aftosa/clostridium/maximun,psmay2026
16847,6008,2026-05-27 00:00:00,aftosa/clostridium/maximun,psmay2026
16848,6031,2026-05-27 00:00:00,aftosa/clostridium/maximun,psmay2026
16849,8014,2026-05-27 00:00:00,aftosa/clostridium/maximun,psmay2026
16850,80472,2026-05-27 00:00:00,aftosa/clostridium/maximun,psmay2026
16851,8051,2026-05-27 00:00:00,aftosa/clostridium/maximun,psmay2026
16852,8082,2026-05-27 00:00:00,aftosa/clostridium/maximun,psmay2026
16853,8093,2026-05-27 00:00:00,aftosa/clostridium/maximun,psmay2026
16854,91091,2026-05-27 00:00:00,aftosa/clostridium/maximun,psmay2026
16855,9115,2026-05-27 00:00:00,aftosa/clostridium/maximun,psmay2026
16856,9126A,2026-05-27 00:00:00,aftosa/clostridium/maximun,psmay2026
16857,9128B,2026-05-27 00:00:00,aftosa/clostridium/maximun,psmay2026
16858,9503,2026-05-27 00:00:00,aftosa/clostridium/maximun,psmay2026
16859,26073,2026-05-27 00:00:00,aftosa/clostridium/maximun,psmay2026
16860,25025,2026-05-27 00:00:00,aftosa/clostridium/maximun,psmay2026
16861,25138,2026-05-27 00:00:00,aftosa/clostridium/maximun,psmay2026
16862,J25031,2026-05-27 00:00:00,aftosa/clostridium/maximun,psmay2026
16863,J428,2026-05-27 00:00:00,aftosa/clostridium/maximun,psmay2026
16864,25177,2026-05-27 00:00:00,aftosa/clostridium/maximun,psmay2026
16865,25078,2026-05-27 00:00:00,aftosa/clostridium/maximun,psmay2026
16866,7080,2026-05-27 00:00:00,aftosa/clostridium/maximun,psmay2026
16867,26158,2026-05-27 00:00:00,aftosa/clostridium/maximun,psmay2026
16868,25140,2026-05-27 00:00:00,aftosa/clostridium/maximun,psmay2026
16869,25119,2026-05-27 00:00:00,aftosa/clostridium/maximun,psmay2026
16870,25209,2026-05-27 00:00:00,aftosa/clostridium/maximun,psmay2026
16871,25161,2026-05-27 00:00:00,aftosa/clostridium/maximun,psmay2026
16872,25175,2026-05-27 00:00:00,aftosa/clostridium/maximun,psmay2026
16873,26017,2026-05-27 00:00:00,aftosa/clostridium/maximun,psmay2026
16874,26159,2026-05-27 00:00:00,aftosa/clostridium/maximun,psmay2026
16875,24274,2026-05-21 00:00:00,aftosa/clostridium/maximun,psmay2026
16876,pend49,2026-05-21 00:00:00,aftosa/clostridium/maximun,psmay2026
16877,2022,2026-05-15 00:00:00,aftosa/clostridium/maximus,
16878,5011,2026-05-15 00:00:00,aftosa/clostridium/maximus,
16879,1105,2026-05-15 00:00:00,aftosa/clostridium/maximus,
16880,7090,2026-05-15 00:00:00,aftosa/clostridium/maximus,
16881,TSN01,2026-05-15 00:00:00,aftosa/clostridium/maximus,
16882,8011,2026-05-15 00:00:00,aftosa/clostridium/maximus,
16883,0116A,2026-06-04 00:00:00,aftosa/ clostridium/ maximus,
16884,0118A,2026-06-04 00:00:00,aftosa/ clostridium/ maximus,
16885,0119,2026-06-04 00:00:00,aftosa/ clostridium/ maximus,
16886,0127,2026-06-04 00:00:00,aftosa/ clostridium/ maximus,
16887,0204B,2026-06-04 00:00:00,aftosa/ clostridium/ maximus,
16888,0217,2026-06-04 00:00:00,aftosa/ clostridium/ maximus,
16889,0293,2026-06-04 00:00:00,aftosa/ clostridium/ maximus,
16890,1008,2026-06-04 00:00:00,aftosa/ clostridium/ maximus,
16891,1027,2026-06-04 00:00:00,aftosa/ clostridium/ maximus/ antrivan,
16892,1027A,2026-06-04 00:00:00,aftosa/ clostridium/ maximus,
16893,1033,2026-06-04 00:00:00,aftosa/ clostridium/ maximus,
16894,1055A,2026-06-04 00:00:00,aftosa/ clostridium/ maximus,
16895,1067,2026-06-04 00:00:00,aftosa/ clostridium/ maximus,
16896,1068A,2026-06-04 00:00:00,aftosa/ clostridium/ maximus,
16897,1069,2026-06-04 00:00:00,aftosa/ clostridium/ maximus,
16898,1070,2026-06-04 00:00:00,aftosa/ clostridium/ maximus,
16899,1077,2026-06-04 00:00:00,aftosa/ clostridium/ maximus,
16900,1092A,2026-06-04 00:00:00,aftosa/ clostridium/ maximus,
16901,1093,2026-06-04 00:00:00,aftosa/ clostridium/ maximus,
16902,1096A,2026-06-04 00:00:00,aftosa/ clostridium/ maximus,
16903,1101,2026-06-04 00:00:00,aftosa/ clostridium/ maximus,
16904,1101A,2026-06-04 00:00:00,aftosa/ clostridium/ maximus,
16905,1106,2026-06-04 00:00:00,aftosa/ clostridium/ maximus,
16906,1112,2026-06-04 00:00:00,aftosa/ clostridium/ maximus,
16907,1126,2026-06-04 00:00:00,aftosa/ clostridium/ maximus,
16908,1154,2026-06-04 00:00:00,aftosa/ clostridium/ maximus,
16909,1156,2026-06-04 00:00:00,aftosa/ clostridium/ maximus,
16910,1180,2026-06-04 00:00:00,aftosa/ clostridium/ maximus,
16911,1206,2026-06-04 00:00:00,aftosa/ clostridium/ maximus,
16912,1214,2026-06-04 00:00:00,aftosa/ clostridium/ maximus,
16913,1219,2026-06-04 00:00:00,aftosa/ clostridium/ maximus,
16914,1228,2026-06-04 00:00:00,aftosa/ clostridium/ maximus,
16915,1237,2026-06-04 00:00:00,aftosa/ clostridium/ maximus,
16916,2001B,2026-06-04 00:00:00,aftosa/ clostridium/ maximus,
16917,2010,2026-06-04 00:00:00,aftosa/ clostridium/ maximus,
16918,2025,2026-06-04 00:00:00,aftosa/ clostridium/ maximus,
16919,2039A,2026-06-04 00:00:00,aftosa/ clostridium/ maximus,
16920,2044,2026-06-04 00:00:00,aftosa/ clostridium/ maximus,
16921,2053,2026-06-04 00:00:00,aftosa/ clostridium/ maximus,
16922,2058,2026-06-04 00:00:00,aftosa/ clostridium/ maximus,
16923,2090,2026-06-04 00:00:00,aftosa/ clostridium/ maximus,
16924,2092,2026-06-04 00:00:00,aftosa/ clostridium/ maximus,
16925,2094,2026-06-04 00:00:00,aftosa/ clostridium/ maximus,
16926,2101,2026-06-04 00:00:00,aftosa/ clostridium/ maximus,
16927,2106,2026-06-04 00:00:00,aftosa/ clostridium/ maximus,
16928,2128,2026-06-04 00:00:00,aftosa/ clostridium/ maximus,
16929,2149,2026-06-04 00:00:00,aftosa/ clostridium/ maximus,
16930,2154,2026-06-04 00:00:00,aftosa/ clostridium/ maximus,
16931,2155,2026-06-04 00:00:00,aftosa/ clostridium/ maximus,
16932,2159,2026-06-04 00:00:00,aftosa/ clostridium/ maximus,
16933,2167,2026-06-04 00:00:00,aftosa/ clostridium/ maximus,
16934,2170,2026-06-04 00:00:00,aftosa/ clostridium/ maximus,
16935,2174,2026-06-04 00:00:00,aftosa/ clostridium/ maximus,
16936,22100,2026-06-04 00:00:00,aftosa/ clostridium/ maximus,
16937,22115,2026-06-04 00:00:00,aftosa/ clostridium/ maximus,
16938,22118,2026-06-04 00:00:00,aftosa/ clostridium/ maximus,
16939,22157,2026-06-04 00:00:00,aftosa/ clostridium/ maximus,
16940,22158,2026-06-04 00:00:00,aftosa/ clostridium/ maximus,
16941,22166,2026-06-04 00:00:00,aftosa/ clostridium/ maximus,
16942,22181,2026-06-04 00:00:00,aftosa/ clostridium/ maximus,
16943,22185,2026-06-04 00:00:00,aftosa/ clostridium/ maximus,
16944,22188,2026-06-04 00:00:00,aftosa/ clostridium/ maximus,
16945,22190,2026-06-04 00:00:00,aftosa/ clostridium/ maximus,
16946,22194,2026-06-04 00:00:00,aftosa/ clostridium/ maximus,
16947,22209,2026-06-04 00:00:00,aftosa/ clostridium/ maximus,
16948,23004,2026-06-04 00:00:00,aftosa/ clostridium/ maximus,
16949,23015,2026-06-04 00:00:00,aftosa/ clostridium/ maximus,
16950,J401,2026-06-04 00:00:00,aftosa/ clostridium/ maximus,
16951,MSN15,2026-06-04 00:00:00,aftosa/ clostridium/ maximus,
16952,SN50,2026-06-04 00:00:00,aftosa/ clostridium/ maximus,
16953,25266,2026-06-08 00:00:00,cetifur/ diclovet/ labado herida  oxitetraciclina,
16954,2145,2026-06-25 00:00:00,tto parental y local podal mbro del iz,
16955,31102,2026-06-25 00:00:00,maximus/modificador o.modificador o.,
16956,2090A,2026-06-25 00:00:00,maximus/modificador o.modificador o.,
16957,5098,2026-06-25 00:00:00,maximus/modificador o.,
16958,4008,2026-06-25 00:00:00, modificador,
16959,4A,2026-06-25 00:00:00,maximus/ modificadormodificador o.,
16960,21027,2026-06-25 00:00:00,maximus/modificador o.,
16961,1139A,2026-06-25 00:00:00,maximus/baledona,
16962,6020,2026-06-25 00:00:00,modificador o.,
16963,1091A,2026-06-25 00:00:00,maximus/modificador o. antrivan,
16964,3028A,2026-06-25 00:00:00,maximus/baledona,
16965,0128,2026-06-25 00:00:00,maximus/baledona,
16966,3043,2026-06-25 00:00:00,maximus/baledona,
16967,0018,2026-06-25 00:00:00,maximus/baledona,
16968,4023,2026-06-25 00:00:00,maximus/baledona,
16969,2080,2026-06-25 00:00:00,maximus/baledona,
16970,4055,2026-06-25 00:00:00,baledona,
16971,4078,2026-06-25 00:00:00,maximus/baledona,
16972,4018,2026-06-25 00:00:00,maximus/baledona,
16973,2133A,2026-06-25 00:00:00,maximus/baledona,
16974,9046,2026-06-25 00:00:00,maximus/baledona antrivan,
16975,1090A,2026-06-25 00:00:00,maximus/baledona,
16976,22149,2026-06-25 00:00:00,maximus/baledona,
16977,8060,2026-06-25 00:00:00,maximus/baledona,
16978,26111,2026-07-09 00:00:00,GUSANERA,
16979,25243,2026-07-09 00:00:00,GUSANERA,
16980,4A,2026-07-21 00:00:00,baldenona,
16981,21027,2026-07-21 00:00:00,baldenona,
16982,3028A,2026-07-21 00:00:00,baldenona,
16983,31,2026-07-21 00:00:00,baldenona,
16984,0128,2026-07-21 00:00:00,baldenona,
16985,0018,2026-07-21 00:00:00,baldenona,
16986,2080,2026-07-21 00:00:00,baldenona,
16987,4055,2026-07-21 00:00:00,baldenona,
16988,4078,2026-07-21 00:00:00,baldenona,
16989,2097,2026-07-21 00:00:00,baldenona,
16990,9046,2026-07-21 00:00:00,baldenona,
16991,1090A,2026-07-21 00:00:00,baldenona,
16992,22149,2026-07-21 00:00:00,baldenona,
16993,8060,2026-07-21 00:00:00,baldenona,
16994,1056A,2026-07-21 00:00:00,baldenona,
16995,2064,2026-07-21 00:00:00,baldenona,
16996,4101,2026-07-21 00:00:00,baldenona,
16997,8063,2026-07-21 00:00:00,baldenona,
16998,9016,2026-07-21 00:00:00,baldenona,
16999,9122,2026-07-21 00:00:00,baldenona,
17000,0252,2026-07-21 00:00:00,baldenona,
17001,5592,2026-07-21 00:00:00,cura de miasis,
17002,1133,2026-07-23 00:00:00,boldenona/ babecide/ oxitetraciclina/ ,
17003,22114,2026-07-23 00:00:00,boldenona/ ,
17004,22120,2026-07-23 00:00:00,boldenona/ ,
17005,22175,2026-07-23 00:00:00,boldenona/ ,
17006,22176,2026-07-23 00:00:00,boldenona/ ,
17007,22183,2026-07-23 00:00:00,boldenona/ ,
17008,22184,2026-07-23 00:00:00,boldenona/ ,
17009,22192,2026-07-23 00:00:00,boldenona/ ,
17010,22205,2026-07-23 00:00:00,boldenona/ ,
17011,22206,2026-07-23 00:00:00,boldenona/ babecide/ oxitetraciclina/ ,
17012,22207,2026-07-23 00:00:00,boldenona/ ,
17013,23007,2026-07-23 00:00:00,boldenona/ babecide/ ,
17014,23019,2026-07-23 00:00:00,boldenona/ ,
17015,23026,2026-07-23 00:00:00,boldenona/ ,
17016,23038,2026-07-23 00:00:00,boldenona/ babecide/ ,
17017,23058,2026-07-23 00:00:00,boldenona/ ,
17018,23070,2026-07-23 00:00:00,boldenona/ ,
17019,23072,2026-07-23 00:00:00,boldenona/ ,
17020,23085,2026-07-23 00:00:00,boldenona/ ,
17021,23093,2026-07-23 00:00:00,boldenona/ ,
17022,23100,2026-07-23 00:00:00,boldenona/ ,
17023,23102,2026-07-23 00:00:00,boldenona/ ,
17024,23104,2026-07-23 00:00:00,boldenona/ ,
17025,23114,2026-07-23 00:00:00,boldenona/ ,
17026,23119,2026-07-23 00:00:00,boldenona/ ,
17027,23123,2026-07-23 00:00:00,boldenona/ ,
17028,23142,2026-07-23 00:00:00,boldenona/ ,
17029,23145,2026-07-23 00:00:00,boldenona/ ,
17030,23146,2026-07-23 00:00:00,boldenona/ ,
17031,23150,2026-07-23 00:00:00,boldenona/ ,
17032,23171,2026-07-23 00:00:00,boldenona/ antrivan/ ,
17033,23196,2026-07-23 00:00:00,boldenona/ babecide/ ,
17034,23216,2026-07-23 00:00:00,boldenona/ antrivan/ diaerrex/ ,
17035,23224,2026-07-23 00:00:00,boldenona/ ,
17036,23225,2026-07-23 00:00:00,boldenona/ ,
17037,23230,2026-07-23 00:00:00,boldenona/ ,
17038,23240,2026-07-23 00:00:00,boldenona/ babecide/ ,
17039,23244,2026-07-23 00:00:00,boldenona/ ,
17040,23249,2026-07-23 00:00:00,boldenona/ ,
17041,24077,2026-07-23 00:00:00,boldenona/ ,
17042,24089,2026-07-23 00:00:00,boldenona/ ,
17043,BU2524,2026-08-17 00:00:00,diaerrex/,presenta diarrea
17044,0206A,2026-08-19 00:00:00,minerfun maximus,
17045,0220,2026-08-19 00:00:00,minerfun ,
17046,0249,2026-08-19 00:00:00,minerfun ,
17047,0259,2026-08-19 00:00:00,minerfun ,
17048,0267,2026-08-19 00:00:00,minerfun ,
17049,0314,2026-08-19 00:00:00,minerfun maximus,
17050,1079,2026-08-19 00:00:00,minerfun ,
17051,1100A,2026-08-19 00:00:00,minerfun ,
17052,1103,2026-08-19 00:00:00,minerfun maximus,
17053,2002,2026-08-19 00:00:00, maximus,
17054,2011,2026-08-19 00:00:00,minerfun ,
17055,2026,2026-08-19 00:00:00, maximus,
17056,2040,2026-08-19 00:00:00,minerfun ,
17057,2093,2026-08-19 00:00:00, maximus,
17058,2096A,2026-08-19 00:00:00,minerfun maximus,
17059,21391,2026-08-19 00:00:00,minerfun ,
17060,2171,2026-08-19 00:00:00,minerfun maximus,
17061,22049,2026-08-19 00:00:00,minerfun maximus,
17062,22085,2026-08-19 00:00:00,minerfun ,
17063,2208A,2026-08-19 00:00:00,minerfun maximus,
17064,22119,2026-08-19 00:00:00,minerfun ,
17065,22139,2026-08-19 00:00:00,minerfun ,
17066,22160,2026-08-19 00:00:00,minerfun ,
17067,22161,2026-08-19 00:00:00,minerfun maximus,
17068,22172,2026-08-19 00:00:00,minerfun ,
17069,22193,2026-08-19 00:00:00,minerfun ,
17070,2226,2026-08-19 00:00:00,minerfun maximus,
17071,2500,2026-08-19 00:00:00,minerfun ,
17072,5033,2026-08-19 00:00:00,minerfun ,
17073,5150,2026-08-19 00:00:00,minerfun ,
17074,6067,2026-08-19 00:00:00,minerfun ,
17075,8077,2026-08-19 00:00:00,minerfun ,
17076,8087,2026-08-19 00:00:00,minerfun maximus,
17077,809,2026-08-19 00:00:00,minerfun ,
17078,9024,2026-08-19 00:00:00,minerfun ,
17079,9040,2026-08-19 00:00:00, maximus,
17080,9103,2026-08-19 00:00:00, maximus,
17081,0205,2026-08-19 00:00:00,minerfun ,
17082,0234,2026-09-29 00:00:00,cura cacho,
17083,0217,2026-10-02 00:00:00,Ricobendazol/ diminaceno/ oxitetraciclina,
17084,1070,2026-10-02 00:00:00,Ricobendazol/ diminaceno/ oxitetraciclina,
17085,22194,2026-10-02 00:00:00,Ricobendazol/ diminaceno/ oxitetraciclina,
17086,24065,2026-10-02 00:00:00,Ricobendazol/ diminaceno/ oxitetraciclina,
17087,24071,2026-10-02 00:00:00,ricobendazol,
17088,24136,2026-10-02 00:00:00,ricobendazol,
17089,J401,2026-10-02 00:00:00,Ricobendazol/ diminaceno/ oxitetraciclina,
