id,idem,fecha,modulo
5752,23221,2024-07-01 00:00:00,CACH
5753,24024,2024-07-01 00:00:00,CACH
5754,23227,2024-04-17 00:00:00,C4
5755,23241,2024-04-17 00:00:00,C4
5756,24008,2024-04-17 00:00:00,C4
5757,24011,2024-04-17 00:00:00,C4
5758,24012,2024-04-17 00:00:00,C4
5759,24013,2024-04-17 00:00:00,C4
5760,24015,2024-04-17 00:00:00,C4
5761,24016,2024-04-17 00:00:00,C4
5762,24019,2024-04-17 00:00:00,C4
5763,24027,2024-04-17 00:00:00,C4
5764,24029,2024-04-17 00:00:00,C4
5765,24030,2024-04-17 00:00:00,C4
5766,24037,2024-04-17 00:00:00,C4
5767,24039,2024-04-17 00:00:00,C4
5768,24047,2024-04-17 00:00:00,C4
5769,24049,2024-04-17 00:00:00,C4
5770,24063,2024-04-17 00:00:00,C4
5771,24066,2024-04-17 00:00:00,C4
5772,24077,2024-04-17 00:00:00,C4
5773,24079,2024-04-17 00:00:00,C4
5774,24082,2024-04-17 00:00:00,C4
5775,24085,2024-04-17 00:00:00,C4
5776,24089,2024-04-17 00:00:00,C4
5777,24092,2024-04-17 00:00:00,C4
5778,24098,2024-04-17 00:00:00,C4
5779,24110,2024-04-17 00:00:00,C4
5780,23221,2024-04-23 00:00:00,CACH
5781,23223,2024-04-23 00:00:00,CACH
5782,23224,2024-04-23 00:00:00,CACH
5783,23225,2024-04-23 00:00:00,CACH
5784,23230,2024-04-23 00:00:00,CACH
5785,23232,2024-04-23 00:00:00,CACH
5786,23236,2024-04-23 00:00:00,CACH
5787,23238,2024-04-23 00:00:00,CACH
5788,23240,2024-04-23 00:00:00,CACH
5789,23244,2024-04-23 00:00:00,CACH
5790,23246,2024-04-23 00:00:00,CACH
5791,23250,2024-04-23 00:00:00,CACH
5792,23252,2024-04-23 00:00:00,CACH
5793,24001,2024-04-23 00:00:00,CACH
5794,24002,2024-04-23 00:00:00,CACH
5795,24003,2024-04-23 00:00:00,CACH
5796,24004,2024-04-23 00:00:00,CACH
5797,24005,2024-04-23 00:00:00,CACH
5798,24006,2024-04-23 00:00:00,CACH
5799,24007,2024-04-23 00:00:00,CACH
5800,24009,2024-04-23 00:00:00,CACH
5801,24014,2024-04-23 00:00:00,CACH
5802,24017,2024-04-23 00:00:00,CACH
5803,24018,2024-04-23 00:00:00,CACH
5804,24020,2024-04-23 00:00:00,CACH
5805,24021,2024-04-23 00:00:00,CACH
5806,24023,2024-04-23 00:00:00,CACH
5807,24025,2024-04-23 00:00:00,CACH
5808,24028,2024-04-23 00:00:00,CACH
5809,24032,2024-04-23 00:00:00,CACH
5810,24033,2024-04-23 00:00:00,CACH
5811,24034,2024-04-23 00:00:00,CACH
5812,24036,2024-04-23 00:00:00,CACH
5813,24040,2024-04-23 00:00:00,CACH
5814,24043,2024-04-23 00:00:00,CACH
5815,24042,2024-04-23 00:00:00,CACH
5816,24044,2024-04-23 00:00:00,CACH
5817,24045,2024-04-23 00:00:00,CACH
5818,24048,2024-04-23 00:00:00,CACH
5819,24050,2024-04-23 00:00:00,CACH
5820,24051,2024-04-23 00:00:00,CACH
5821,24052,2024-04-23 00:00:00,CACH
5822,24053,2024-04-23 00:00:00,CACH
5823,24054,2024-04-23 00:00:00,CACH
5824,24055,2024-04-23 00:00:00,CACH
5825,24056,2024-04-23 00:00:00,CACH
5826,24058,2024-04-23 00:00:00,CACH
5827,24059,2024-04-23 00:00:00,CACH
5828,24060,2024-04-23 00:00:00,CACH
5829,24061,2024-04-23 00:00:00,CACH
5830,24062,2024-04-23 00:00:00,CACH
5831,24065,2024-04-23 00:00:00,CACH
5832,24067,2024-04-23 00:00:00,CACH
5833,24068,2024-04-23 00:00:00,CACH
5834,24069,2024-04-23 00:00:00,CACH
5835,24070,2024-04-23 00:00:00,CACH
5836,24071,2024-04-23 00:00:00,CACH
5837,24072,2024-04-23 00:00:00,CACH
5838,24073,2024-04-23 00:00:00,CACH
5839,24074,2024-04-23 00:00:00,CACH
5840,24075,2024-04-23 00:00:00,CACH
5841,24076,2024-04-23 00:00:00,CACH
5842,24080,2024-04-23 00:00:00,CACH
5843,24081,2024-04-23 00:00:00,CACH
5844,24084,2024-04-23 00:00:00,CACH
5845,24086,2024-04-23 00:00:00,CACH
5846,24087,2024-04-23 00:00:00,CACH
5847,24090,2024-04-23 00:00:00,CACH
5848,24091,2024-04-23 00:00:00,CACH
5851,24096,2024-04-23 00:00:00,CACH
5852,24097,2024-04-23 00:00:00,CACH
5853,24099,2024-04-23 00:00:00,CACH
5854,24102,2024-04-23 00:00:00,CACH
5855,24101,2024-04-23 00:00:00,CACH
5856,24105,2024-04-23 00:00:00,CACH
5857,24106,2024-04-23 00:00:00,CACH
5858,24108,2024-04-23 00:00:00,CACH
5859,24109,2024-04-23 00:00:00,CACH
5860,24111,2024-04-23 00:00:00,CACH
5861,24113,2024-04-23 00:00:00,CACH
5862,24115,2024-04-23 00:00:00,CACH
5863,24116,2024-04-23 00:00:00,CACH
5864,24117,2024-04-23 00:00:00,CACH
5865,24118,2024-04-23 00:00:00,CACH
5866,23223,2024-04-24 00:00:00,CACH
5867,24031,2024-04-24 00:00:00,MG
5868,24024,2024-04-24 00:00:00,MG
5869,24081,2024-04-24 00:00:00,MG
5870,24116,2024-04-24 00:00:00,MG
5871,24120,2024-04-26 00:00:00,CACH
5872,23221,2024-04-26 00:00:00,CACH
5873,23224,2024-04-26 00:00:00,CACH
5874,23225,2024-04-26 00:00:00,CACH
5875,23230,2024-04-26 00:00:00,CACH
5876,23232,2024-04-26 00:00:00,CACH
5877,23236,2024-04-26 00:00:00,CACH
5878,23238,2024-04-26 00:00:00,CACH
5879,23240,2024-04-26 00:00:00,CACH
5880,23244,2024-04-26 00:00:00,CACH
5881,23246,2024-04-26 00:00:00,CACH
5882,23250,2024-04-26 00:00:00,CACH
5883,23252,2024-04-26 00:00:00,CACH
5884,24001,2024-04-26 00:00:00,CACH
5885,24002,2024-04-26 00:00:00,CACH
5886,24003,2024-04-26 00:00:00,CACH
5887,24005,2024-04-26 00:00:00,CACH
5888,24006,2024-04-26 00:00:00,CACH
5889,24007,2024-04-26 00:00:00,CACH
5890,24009,2024-04-26 00:00:00,CACH
5891,24014,2024-04-26 00:00:00,CACH
5892,24017,2024-04-26 00:00:00,CACH
5893,24018,2024-04-26 00:00:00,CACH
5894,24020,2024-04-26 00:00:00,CACH
5895,24021,2024-04-26 00:00:00,CACH
5896,24023,2024-04-26 00:00:00,CACH
5897,24025,2024-04-26 00:00:00,CACH
5898,24028,2024-04-26 00:00:00,CACH
5899,24032,2024-04-26 00:00:00,CACH
5900,24033,2024-04-26 00:00:00,CACH
5901,24034,2024-04-26 00:00:00,CACH
5902,24036,2024-04-26 00:00:00,CACH
5903,24040,2024-04-26 00:00:00,CACH
5904,24043,2024-04-26 00:00:00,CACH
5905,24042,2024-04-26 00:00:00,CACH
5906,24044,2024-04-26 00:00:00,CACH
5907,24045,2024-04-26 00:00:00,CACH
5908,24048,2024-04-26 00:00:00,CACH
5909,24050,2024-04-26 00:00:00,CACH
5910,24051,2024-04-26 00:00:00,CACH
5911,24052,2024-04-26 00:00:00,CACH
5912,24053,2024-04-26 00:00:00,CACH
5913,24054,2024-04-26 00:00:00,CACH
5914,24055,2024-04-26 00:00:00,CACH
5915,24056,2024-04-26 00:00:00,CACH
5916,24058,2024-04-26 00:00:00,CACH
5917,24059,2024-04-26 00:00:00,CACH
5918,24060,2024-04-26 00:00:00,CACH
5919,24061,2024-04-26 00:00:00,CACH
5920,24062,2024-04-26 00:00:00,CACH
5921,24065,2024-04-26 00:00:00,CACH
5922,24067,2024-04-26 00:00:00,CACH
5923,24068,2024-04-26 00:00:00,CACH
5924,24069,2024-04-26 00:00:00,CACH
5925,24070,2024-04-26 00:00:00,CACH
5926,24071,2024-04-26 00:00:00,CACH
5927,24072,2024-04-26 00:00:00,CACH
5928,24073,2024-04-26 00:00:00,CACH
5929,24074,2024-04-26 00:00:00,CACH
5930,24075,2024-04-26 00:00:00,CACH
5931,24076,2024-04-26 00:00:00,CACH
5932,24080,2024-04-26 00:00:00,CACH
5933,24084,2024-04-26 00:00:00,CACH
5934,24086,2024-04-26 00:00:00,CACH
5935,24087,2024-04-26 00:00:00,CACH
5936,24090,2024-04-26 00:00:00,CACH
5937,24091,2024-04-26 00:00:00,CACH
5938,24093,2024-04-26 00:00:00,CACH
5939,24094,2024-03-29 00:00:00,CACH
5941,24096,2024-04-26 00:00:00,CACH
5942,24097,2024-04-26 00:00:00,CACH
5943,24099,2024-04-26 00:00:00,CACH
5944,24103,2024-04-26 00:00:00,CACH
5945,24102,2024-04-26 00:00:00,CACH
5946,24101,2024-04-26 00:00:00,CACH
5947,24105,2024-04-26 00:00:00,CACH
5948,24106,2024-04-26 00:00:00,CACH
5949,24108,2024-04-26 00:00:00,CACH
5950,24109,2024-04-26 00:00:00,CACH
5951,24111,2024-04-26 00:00:00,CACH
5952,24113,2024-04-26 00:00:00,CACH
5953,24114,2024-04-26 00:00:00,CACH
5954,24115,2024-04-26 00:00:00,CACH
5955,24117,2024-04-26 00:00:00,CACH
5956,24118,2024-04-26 00:00:00,CACH
5957,24119,2024-04-26 00:00:00,CACH
5958,24120,2024-04-26 00:00:00,CACH
5959,24090,2024-04-28 00:00:00,MG
5960,24091,2024-04-28 00:00:00,MG
5962,24099,2024-04-28 00:00:00,MG
5963,24101,2024-04-28 00:00:00,MG
5964,24111,2024-04-28 00:00:00,MG
5965,23236,2024-04-29 00:00:00,MG
5966,24044,2024-04-29 00:00:00,MG
5967,24065,2024-04-29 00:00:00,MG
5968,24068,2024-04-29 00:00:00,MG
5969,24087,2024-04-29 00:00:00,MG
5970,24105,2024-04-29 00:00:00,MG
5971,24123,2024-05-06 00:00:00,VAQ
5972,23221,2024-04-29 00:00:00,MG
5973,24005,2024-04-29 00:00:00,MG
5974,24046,2024-05-18 00:00:00,CACH
5975,24124,2024-05-15 00:00:00,CACH
5976,24125,2024-05-15 00:00:00,CACH
5977,24126,2024-05-15 00:00:00,CACH
5978,24127,2024-05-15 00:00:00,CACH
5979,24128,2024-05-15 00:00:00,CACH
5980,24129,2024-05-15 00:00:00,CACH
5981,24130,2024-05-15 00:00:00,CACH
5982,24131,2024-05-15 00:00:00,CACH
5983,24132,2024-05-15 00:00:00,CACH
5984,24133,2024-05-15 00:00:00,CACH
5985,24134,2024-05-15 00:00:00,CACH
5986,24135,2024-05-18 00:00:00,CACH
5987,24136,2024-05-15 00:00:00,CACH
5988,24137,2024-05-15 00:00:00,CACH
5989,24139,2024-05-15 00:00:00,CACH
5990,24140,2024-05-15 00:00:00,CACH
5991,24141,2024-05-15 00:00:00,CACH
5992,24142,2024-05-15 00:00:00,CACH
5993,24143,2024-05-15 00:00:00,CACH
5994,24144,2024-05-15 00:00:00,CACH
5995,23238,2024-05-20 00:00:00,MG
5996,24021,2024-05-20 00:00:00,MG
5997,24096,2024-05-20 00:00:00,MG
5998,24132,2024-05-20 00:00:00,MG
5999,24006,2024-06-04 00:00:00,MG
6000,24025,2024-06-12 00:00:00,MG
6001,24119,2024-06-14 00:00:00,MG
6002,24120,2024-06-14 00:00:00,MG
6003,24123,2024-06-14 00:00:00,MG
6004,24124,2024-06-14 00:00:00,MG
6005,24125,2024-06-14 00:00:00,MG
6006,24136,2024-06-14 00:00:00,MG
6007,24139,2024-06-14 00:00:00,MG
6008,24141,2024-06-14 00:00:00,MG
6009,24154,2024-06-14 00:00:00,MG
6010,24148,2024-06-17 00:00:00,CACH
6011,24149,2024-06-17 00:00:00,CACH
6012,24150,2024-06-17 00:00:00,CACH
6013,24152,2024-06-17 00:00:00,CACH
6014,24153,2024-06-17 00:00:00,CACH
6015,24155,2024-06-17 00:00:00,CACH
6016,24156,2024-06-17 00:00:00,CACH
6017,24157,2024-06-17 00:00:00,CACH
6018,24158,2024-06-17 00:00:00,CACH
6019,24159,2024-06-17 00:00:00,CACH
6020,24160,2024-06-17 00:00:00,CACH
6021,24097,2024-04-29 00:00:00,MG
6022,24071,2024-04-28 00:00:00,MG
6023,24146,2024-06-02 00:00:00,CACH
6024,24147,2024-06-02 00:00:00,CACH
6025,24151,2024-06-02 00:00:00,CACH
6026,24161,2024-05-22 00:00:00,C4
6027,23226,2023-12-11 00:00:00,MUERTO
6028,24010,2024-01-27 00:00:00,MUERTO
6029,24022,2024-01-26 00:00:00,MUERTO
6030,24026,2024-01-29 00:00:00,MUERTO
6031,24035,2024-02-19 00:00:00,MUERTO
6032,24038,2024-02-12 00:00:00,MUERTO
6033,24041,2024-02-13 00:00:00,MUERTO
6034,24057,2024-02-24 00:00:00,MUERTO
6035,24064,2024-04-11 00:00:00,MUERTO
6036,24083,2024-03-21 00:00:00,MUERTO
6037,24088,2024-04-20 00:00:00,MUERTO
6038,24103,2024-05-02 00:00:00,MUERTO
6039,24104,2024-04-18 00:00:00,MUERTO
6040,24107,2024-04-07 00:00:00,MUERTO
6041,24112,2024-04-15 00:00:00,MUERTO
6042,24113,2024-05-29 00:00:00,MUERTO
6043,24121,2024-04-26 00:00:00,MUERTO
6044,24126,2024-06-12 00:00:00,MUERTO
6045,24128,2024-06-18 00:00:00,MUERTO
6046,24138,2024-05-20 00:00:00,MUERTO
6047,23221,2024-06-16 00:00:00,MAR
6048,23236,2024-06-16 00:00:00,MAR
6049,23238,2024-06-16 00:00:00,MAR
6050,24005,2024-06-16 00:00:00,MAR
6051,24006,2024-06-16 00:00:00,MAR
6052,24021,2024-06-16 00:00:00,MAR
6053,24024,2024-06-16 00:00:00,MAR
6054,24025,2024-06-16 00:00:00,MAR
6055,24031,2024-06-16 00:00:00,MAR
6056,24044,2024-06-16 00:00:00,MAR
6057,24065,2024-06-16 00:00:00,MAR
6058,24068,2024-06-16 00:00:00,MAR
6059,24071,2024-06-16 00:00:00,MAR
6060,24081,2024-06-16 00:00:00,MAR
6061,24087,2024-06-16 00:00:00,MAR
6062,24090,2024-06-16 00:00:00,MAR
6063,24091,2024-06-16 00:00:00,MAR
6065,24096,2024-06-16 00:00:00,MAR
6066,24097,2024-06-16 00:00:00,MAR
6067,24099,2024-06-16 00:00:00,MAR
6068,24101,2024-06-16 00:00:00,MAR
6069,24105,2024-06-16 00:00:00,MAR
6070,24111,2024-06-16 00:00:00,MAR
6071,24116,2024-06-16 00:00:00,MAR
6072,24119,2024-06-16 00:00:00,MAR
6073,24120,2024-06-16 00:00:00,MAR
6074,24123,2024-06-16 00:00:00,MAR
6075,24124,2024-06-16 00:00:00,MAR
6076,24125,2024-06-16 00:00:00,MAR
6077,24132,2024-06-16 00:00:00,MAR
6078,24136,2024-06-16 00:00:00,MAR
6079,24139,2024-06-16 00:00:00,MAR
6080,24141,2024-06-16 00:00:00,MAR
6081,24154,2024-06-16 00:00:00,MAR
6082,24163,2024-06-22 00:00:00,CACH
6083,24162,2024-06-22 00:00:00,CACH
6084,24164,2024-06-25 00:00:00,CACH
6085,24165,2024-06-25 00:00:00,CACH
6086,24166,2024-06-26 00:00:00,VAQ
6087,24167,2024-06-26 00:00:00,VAQ
6088,24145,2024-06-26 00:00:00,C4
6089,24168,2024-06-27 00:00:00,VAQ
6090,23221,2024-06-27 00:00:00,4
6091,23236,2024-06-27 00:00:00,4
6092,23238,2024-06-27 00:00:00,4
6093,24005,2024-06-27 00:00:00,4
6094,24006,2024-06-27 00:00:00,4
6095,24021,2024-06-27 00:00:00,4
6096,24025,2024-06-27 00:00:00,4
6097,24031,2024-06-27 00:00:00,4
6098,24044,2024-06-27 00:00:00,4
6099,24065,2024-06-27 00:00:00,4
6100,24068,2024-06-27 00:00:00,4
6101,24071,2024-06-27 00:00:00,4
6102,24081,2024-06-27 00:00:00,4
6103,24087,2024-06-27 00:00:00,4
6104,24090,2024-06-27 00:00:00,4
6105,24091,2024-06-27 00:00:00,4
6107,24096,2024-06-27 00:00:00,4
6108,24097,2024-06-27 00:00:00,4
6109,24099,2024-06-27 00:00:00,4
6110,24101,2024-06-27 00:00:00,4
6111,24105,2024-06-27 00:00:00,4
6112,24111,2024-06-27 00:00:00,4
6113,24116,2024-06-27 00:00:00,4
6114,24119,2024-06-27 00:00:00,4
6115,24120,2024-06-27 00:00:00,4
6116,24123,2024-06-27 00:00:00,4
6117,24124,2024-06-27 00:00:00,4
6118,24125,2024-06-27 00:00:00,4
6119,24132,2024-06-27 00:00:00,4
6120,24136,2024-06-27 00:00:00,4
6121,24139,2024-06-27 00:00:00,4
6122,24141,2024-06-27 00:00:00,4
6123,24154,2024-06-27 00:00:00,4
6124,24169,2024-07-01 00:00:00,VAQ
6125,24170,2024-07-01 00:00:00,VAQ
6126,24172,2024-07-06 00:00:00,VAQ
6127,24173,2024-07-06 00:00:00,VAQ
6128,24166,2024-07-08 00:00:00,MUERTO
6129,24176,2024-07-15 00:00:00,VAQ
6130,24177,2024-07-16 00:00:00,VAQ
6131,23236,2024-07-20 00:00:00,C4
6132,23236,2024-07-18 00:00:00,CACH
6133,23238,2024-07-18 00:00:00,4
6134,24021,2024-07-18 00:00:00,4
6135,24005,2024-07-18 00:00:00,4
6136,24006,2024-07-18 00:00:00,4
6137,24025,2024-07-18 00:00:00,4
6138,24031,2024-07-18 00:00:00,6
6139,24044,2024-07-18 00:00:00,4
6140,24065,2024-07-18 00:00:00,CACH
6141,24068,2024-07-18 00:00:00,6
6142,24071,2024-07-18 00:00:00,4
6143,24081,2024-07-18 00:00:00,6
6144,24087,2024-07-18 00:00:00,4
6145,24090,2024-07-18 00:00:00,4
6146,24091,2024-07-18 00:00:00,4
6147,24096,2024-07-18 00:00:00,4
6148,24097,2024-07-18 00:00:00,4
6149,24099,2024-07-18 00:00:00,4
6150,24101,2024-07-18 00:00:00,4
6151,24105,2024-07-18 00:00:00,4
6152,24111,2024-07-18 00:00:00,4
6153,24116,2024-07-18 00:00:00,4
6154,24119,2024-07-18 00:00:00,4
6155,24120,2024-07-18 00:00:00,4
6156,24123,2024-07-18 00:00:00,6
6157,24124,2024-07-18 00:00:00,VAQ
6158,24125,2024-07-18 00:00:00,4
6159,24132,2024-07-18 00:00:00,6
6160,24136,2024-07-18 00:00:00,4
6161,24139,2024-07-18 00:00:00,4
6162,24141,2024-07-18 00:00:00,4
6163,24154,2024-07-18 00:00:00,4
6164,23223,2024-07-18 00:00:00,CACH
6166,23230,2024-07-27 00:00:00,MG
6167,24065,2024-07-27 00:00:00,MG
6168,24182,2024-07-24 00:00:00,VAQ
6169,24183,2024-07-25 00:00:00,MUERTO
6170,24185,2024-07-26 00:00:00,VAQ
6171,24186,2024-07-26 00:00:00,VAQ
6172,24187,2024-07-28 00:00:00,VAQ
6173,24188,2024-07-27 00:00:00,VAQ
6174,24093,2024-07-31 00:00:00,MUERTO
6175,24190,2024-07-31 00:00:00,VAQ
6176,24059,2024-08-02 00:00:00,MUERTO
6177,24002,2024-08-02 00:00:00,MG
6178,24009,2024-08-02 00:00:00,MG
6179,24075,2024-08-02 00:00:00,MG
6180,24076,2024-08-02 00:00:00,MG
6181,24196,2024-08-02 00:00:00,CACH
6182,24197,2024-08-02 00:00:00,VAQ
6183,24024,2024-07-18 00:00:00,CACH
6184,24178,2024-07-20 00:00:00,VAQ
6185,24179,2024-07-21 00:00:00,VAQ
6186,24180,2024-07-23 00:00:00,VAQ
6187,24181,2024-07-23 00:00:00,VAQ
6188,24182,2024-07-23 00:00:00,VAQ
6189,24178,2024-07-20 00:00:00,VAQ
6190,24179,2024-07-21 00:00:00,VAQ
6191,24180,2024-07-23 00:00:00,VAQ
6192,24181,2024-07-23 00:00:00,VAQ
6193,24182,2024-07-23 00:00:00,VAQ
6194,24169,2024-07-15 00:00:00,5
6195,24134,2024-07-15 00:00:00,4
6196,24152,2024-07-15 00:00:00,5
6197,24067,2024-07-15 00:00:00,4
6198,24004,2024-07-15 00:00:00,4
6199,24157,2024-07-15 00:00:00,4
6200,24153,2024-07-15 00:00:00,5
6201,24160,2024-07-15 00:00:00,4
6202,24031,2024-07-17 00:00:00,SERVICIO
6203,24068,2024-07-17 00:00:00,SERVICIO
6204,24081,2024-07-17 00:00:00,SERVICIO
6205,24123,2024-07-17 00:00:00,SERVICIO
6206,24132,2024-07-17 00:00:00,SERVICIO
6207,24152,2024-07-18 00:00:00,6
6208,24153,2024-07-18 00:00:00,6
6209,24169,2024-07-18 00:00:00,6
6210,23227,2024-07-26 00:00:00,4
6211,23241,2024-07-26 00:00:00,4
6212,24016,2024-07-26 00:00:00,4
6213,24008,2024-07-26 00:00:00,4
6214,24011,2024-07-26 00:00:00,6
6215,24019,2024-07-26 00:00:00,4
6216,24027,2024-07-26 00:00:00,6
6217,24030,2024-07-26 00:00:00,4
6218,24039,2024-07-26 00:00:00,CACH
6219,24047,2024-07-26 00:00:00,4
6220,24049,2024-07-26 00:00:00,4
6221,24063,2024-07-26 00:00:00,4
6222,24066,2024-07-26 00:00:00,4
6223,24077,2024-07-26 00:00:00,4
6224,24079,2024-07-26 00:00:00,4
6225,24082,2024-07-26 00:00:00,4
6226,24085,2024-07-26 00:00:00,4
6227,24089,2024-07-26 00:00:00,4
6228,24092,2024-07-26 00:00:00,4
6229,24098,2024-07-26 00:00:00,4
6230,24110,2024-07-26 00:00:00,4
6231,24145,2024-07-26 00:00:00,4
6232,24181,2024-08-08 00:00:00,MG
6233,24180,2024-08-08 00:00:00,MG
6234,24163,2024-08-08 00:00:00,MG
6235,24164,2024-08-08 00:00:00,MG
6236,24182,2024-08-08 00:00:00,MG
6237,24177,2024-08-08 00:00:00,MG
6238,23227,2024-07-27 00:00:00,MG
6239,23238,2024-07-27 00:00:00,MG
6240,23241,2024-07-27 00:00:00,MG
6241,24004,2024-07-27 00:00:00,MG
6242,24005,2024-07-27 00:00:00,MG
6243,24006,2024-07-27 00:00:00,MG
6244,24008,2024-07-27 00:00:00,MG
6245,24016,2024-07-27 00:00:00,MG
6246,24019,2024-07-27 00:00:00,MG
6247,24021,2024-07-27 00:00:00,MG
6248,24025,2024-07-27 00:00:00,MG
6249,24030,2024-07-27 00:00:00,MG
6250,24044,2024-07-27 00:00:00,MG
6251,24047,2024-07-27 00:00:00,MG
6252,24049,2024-07-27 00:00:00,MG
6253,24063,2024-07-27 00:00:00,MG
6254,24066,2024-07-27 00:00:00,MG
6255,24067,2024-07-27 00:00:00,MG
6256,24071,2024-07-27 00:00:00,MG
6257,24077,2024-07-27 00:00:00,MG
6258,24079,2024-07-27 00:00:00,MG
6259,24082,2024-07-27 00:00:00,MG
6260,24085,2024-07-27 00:00:00,MG
6261,24087,2024-07-27 00:00:00,MG
6262,24089,2024-07-27 00:00:00,MG
6263,24090,2024-07-27 00:00:00,MG
6264,24091,2024-07-27 00:00:00,MG
6265,24092,2024-07-27 00:00:00,MG
6268,24096,2024-07-27 00:00:00,MG
6269,24097,2024-07-27 00:00:00,MG
6270,24098,2024-07-27 00:00:00,MG
6271,24099,2024-07-27 00:00:00,MG
6272,24101,2024-07-27 00:00:00,MG
6273,24105,2024-07-27 00:00:00,MG
6274,24110,2024-07-27 00:00:00,MG
6275,24111,2024-07-27 00:00:00,MG
6276,24116,2024-07-27 00:00:00,MG
6277,24119,2024-07-27 00:00:00,MG
6278,24120,2024-07-27 00:00:00,MG
6279,24125,2024-07-27 00:00:00,MG
6280,24134,2024-07-27 00:00:00,MG
6281,24136,2024-07-27 00:00:00,MG
6282,24139,2024-07-27 00:00:00,MG
6283,24141,2024-07-27 00:00:00,MG
6284,24145,2024-07-27 00:00:00,MG
6285,24154,2024-07-27 00:00:00,MG
6286,24157,2024-07-27 00:00:00,MG
6287,24160,2024-07-27 00:00:00,MG
6288,23029,2024-06-17 00:00:00,CACH
6289,23070,2024-06-17 00:00:00,CACH
6290,23086,2024-06-17 00:00:00,CACH
6291,23089,2024-06-17 00:00:00,CACH
6292,23097,2024-06-17 00:00:00,CACH
6293,23132,2024-06-17 00:00:00,CACH
6294,23140,2024-06-17 00:00:00,CACH
6295,23154,2024-06-17 00:00:00,CACH
6296,23184,2024-06-17 00:00:00,CACH
6297,23187,2024-06-17 00:00:00,CACH
6298,23144,2024-07-01 00:00:00,CACH
6299,1055,2024-07-01 00:00:00,7
6300,TORO5,2024-07-01 00:00:00,CACH
6301,0143,2024-07-01 00:00:00,6
6302,6008,2024-07-01 00:00:00,6
6303,1068A,2024-07-01 00:00:00,2
6304,7052,2024-07-01 00:00:00,4
6305,0102,2024-07-01 00:00:00,4
6306,23139,2024-07-01 00:00:00,CACH
6307,23146,2024-07-01 00:00:00,2
6308,1047,2024-07-01 00:00:00,7
6309,2149,2024-07-01 00:00:00,2
6310,22135,2024-07-01 00:00:00,6
6311,9036,2024-07-01 00:00:00,CACH
6312,0116A,2024-07-01 00:00:00,2
6313,9118,2024-07-01 00:00:00,4
6314,9128,2024-07-01 00:00:00,CACH
6315,23170,2024-07-01 00:00:00,CACH
6316,23066,2024-07-01 00:00:00,CACH
6317,23100,2024-07-01 00:00:00,CACH
6318,23137,2024-07-01 00:00:00,CACH
6319,22195,2024-07-01 00:00:00,6
6320,23184,2024-07-01 00:00:00,CACH
6321,23094,2024-07-01 00:00:00,CACH
6322,23031,2024-07-01 00:00:00,CACH
6323,23128,2024-07-01 00:00:00,CACH
6324,23029,2024-07-01 00:00:00,CACH
6325,23125,2024-07-01 00:00:00,CACH
6326,23075,2024-07-01 00:00:00,CACH
6327,23177,2024-07-01 00:00:00,CACH
6328,23163,2024-07-01 00:00:00,CACH
6329,23132,2024-07-01 00:00:00,CACH
6330,23140,2024-07-01 00:00:00,CACH
6331,23154,2024-07-01 00:00:00,CACH
6332,23188,2024-07-01 00:00:00,CACH
6333,23174,2024-07-01 00:00:00,CACH
6334,2154,2024-07-01 00:00:00,2
6335,23185,2024-07-01 00:00:00,CACH
6336,2031,2024-07-01 00:00:00,CACH
6337,23089,2024-07-01 00:00:00,CACH
6338,23193,2024-07-01 00:00:00,CACH
6339,2013,2024-07-01 00:00:00,6
6340,23165,2024-07-13 00:00:00,C4
6341,23147,2024-07-01 00:00:00,CACH
6342,23145,2024-07-01 00:00:00,CACH
6343,23136,2024-07-01 00:00:00,CACH
6344,23223,2024-07-01 00:00:00,CACH
6345,23086,2024-07-01 00:00:00,CACH
6346,23126,2024-07-01 00:00:00,CACH
6347,23109,2024-07-01 00:00:00,CACH
6348,23070,2024-07-01 00:00:00,CACH
6349,23133,2024-07-01 00:00:00,CACH
6350,23187,2024-07-01 00:00:00,CACH
6351,23168,2024-07-01 00:00:00,CACH
6352,23164,2024-07-01 00:00:00,CACH
6353,1069,2024-07-01 00:00:00,9
6354,22181,2024-07-01 00:00:00,2
6355,2005B,2024-07-01 00:00:00,2
6356,1082A,2024-07-01 00:00:00,2
6357,1067,2024-07-01 00:00:00,2
6358,1027,2024-07-01 00:00:00,9
6359,0118A,2024-07-01 00:00:00,9
6360,099,2024-07-01 00:00:00,2
6361,2204,2024-07-01 00:00:00,9
6362,23004,2024-07-01 00:00:00,2
6363,1106A,2024-07-01 00:00:00,9
6364,1130,2024-07-01 00:00:00,9
6365,2027,2024-07-01 00:00:00,9
6366,0127,2024-07-01 00:00:00,2
6367,1105,2024-07-01 00:00:00,9
6368,1070A,2024-07-01 00:00:00,2
6369,1018,2024-07-01 00:00:00,CACH
6370,1130A,2024-07-01 00:00:00,2
6371,1085,2024-07-01 00:00:00,2
6372,2053,2024-07-01 00:00:00,2
6373,1101,2024-07-01 00:00:00,9
6374,1031,2024-07-01 00:00:00,9
6375,1107,2024-07-01 00:00:00,9
6376,0254,2024-07-01 00:00:00,9
6377,1068,2024-07-01 00:00:00,9
6378,0004,2024-04-17 00:00:00,8
6379,36,2024-04-17 00:00:00,2
6380,0094,2024-04-17 00:00:00,8
6381,099,2024-04-17 00:00:00,2
6382,0104,2024-04-17 00:00:00,8
6383,0116,2024-04-17 00:00:00,8
6384,0141,2024-04-17 00:00:00,8
6385,0195,2024-04-17 00:00:00,8
6386,0196,2024-04-17 00:00:00,8
6387,0198,2024-04-17 00:00:00,2
6388,0212,2024-04-17 00:00:00,8
6389,0214,2024-04-17 00:00:00,8
6390,0217,2024-04-17 00:00:00,8
6391,0242,2024-04-17 00:00:00,8
6392,0260,2024-04-17 00:00:00,8
6393,0279,2024-04-17 00:00:00,8
6394,0292,2024-04-17 00:00:00,8
6395,0293,2024-04-17 00:00:00,2
6396,0325,2024-04-17 00:00:00,2
6397,0335,2024-04-17 00:00:00,8
6398,0346,2024-04-17 00:00:00,2
6399,0351,2024-04-17 00:00:00,2
6400,0358,2024-04-17 00:00:00,2
6401,1026,2024-04-17 00:00:00,2
6402,1027,2024-04-17 00:00:00,2
6403,1029,2024-04-17 00:00:00,8
6404,1031,2024-04-17 00:00:00,2
6405,1036,2024-04-17 00:00:00,2
6406,1037,2024-04-17 00:00:00,8
6407,1039,2024-04-17 00:00:00,8
6408,1046,2024-04-17 00:00:00,8
6409,1047,2024-04-17 00:00:00,2
6410,1048,2024-04-17 00:00:00,2
6411,1049,2024-04-17 00:00:00,8
6412,1052,2024-04-17 00:00:00,8
6413,1060,2024-04-17 00:00:00,8
6414,1068,2024-04-17 00:00:00,2
6415,1090,2024-04-17 00:00:00,8
6416,1078,2024-04-17 00:00:00,2
6417,1080,2024-04-17 00:00:00,8
6418,1083,2024-04-17 00:00:00,8
6419,1092,2024-04-17 00:00:00,8
6420,1095,2024-04-17 00:00:00,8
6421,1097,2024-04-17 00:00:00,8
6422,1101,2024-04-17 00:00:00,2
6423,1105,2024-04-17 00:00:00,2
6424,1107,2024-04-17 00:00:00,2
6425,1126,2024-04-17 00:00:00,2
6426,1130,2024-04-17 00:00:00,2
6427,1131,2024-04-17 00:00:00,8
6428,1134,2024-04-17 00:00:00,8
6429,1139,2024-04-17 00:00:00,8
6430,1141,2024-04-17 00:00:00,8
6431,1146,2024-04-17 00:00:00,8
6432,1148,2024-04-17 00:00:00,8
6433,1151,2024-04-17 00:00:00,8
6434,1152,2024-04-17 00:00:00,2
6435,1154,2024-04-17 00:00:00,2
6436,1156,2024-04-17 00:00:00,2
6437,1162,2024-04-17 00:00:00,8
6438,1163,2024-04-17 00:00:00,2
6439,1165,2024-04-17 00:00:00,2
6440,1174,2024-04-17 00:00:00,8
6441,1180,2024-04-17 00:00:00,8
6442,1182,2024-04-17 00:00:00,8
6443,1187,2024-04-17 00:00:00,8
6444,1190,2024-04-17 00:00:00,8
6445,1202,2024-04-17 00:00:00,2
6446,1204,2024-04-17 00:00:00,2
6447,1205,2024-04-17 00:00:00,8
6448,1206,2024-04-17 00:00:00,2
6449,1207,2024-04-17 00:00:00,2
6450,1212,2024-04-17 00:00:00,2
6451,1213,2024-04-17 00:00:00,8
6452,1214,2024-04-17 00:00:00,2
6453,1215,2024-04-17 00:00:00,2
6454,1238,2024-04-17 00:00:00,8
6455,1253,2024-04-17 00:00:00,8
6456,1257,2024-04-17 00:00:00,8
6457,1324,2024-04-17 00:00:00,2
6458,1336,2024-04-17 00:00:00,2
6459,2027,2024-04-17 00:00:00,2
6460,2035,2024-04-17 00:00:00,8
6461,2041,2024-04-17 00:00:00,2
6462,2060,2024-04-17 00:00:00,2
6463,2065,2024-04-17 00:00:00,2
6464,2128,2024-04-17 00:00:00,2
6465,2204,2024-04-17 00:00:00,2
6466,0109A,2024-04-17 00:00:00,2
6467,0116A,2024-04-17 00:00:00,2
6468,0216A,2024-04-17 00:00:00,2
6469,0223A,2024-04-17 00:00:00,8
6470,0223B,2024-04-17 00:00:00,8
6471,1027A,2024-04-17 00:00:00,2
6472,1046A,2024-04-17 00:00:00,2
6473,1074A,2024-04-17 00:00:00,8
6474,1080A,2024-04-17 00:00:00,8
6475,1096B,2024-04-17 00:00:00,8
6476,1098A,2024-04-17 00:00:00,8
6477,1106A,2024-04-17 00:00:00,2
6478,1161A,2024-04-17 00:00:00,8
6479,9136A,2024-04-17 00:00:00,8
6480,MSN1,2024-04-17 00:00:00,8
6481,MSN12,2024-04-17 00:00:00,2
6482,MSN16,2024-04-17 00:00:00,2
6483,MSN17,2024-04-17 00:00:00,2
6484,MSN4,2024-04-17 00:00:00,8
6485,MSN8,2024-04-17 00:00:00,8
6486,MSN9,2024-04-17 00:00:00,8
6487,0119,2024-04-17 00:00:00,4
6488,0127,2024-04-17 00:00:00,4
6489,0185,2024-04-17 00:00:00,4
6490,0254,2024-04-17 00:00:00,4
6491,1008,2024-04-17 00:00:00,4
6492,1018,2024-04-17 00:00:00,4
6493,1044,2024-04-17 00:00:00,4
6494,1053,2024-04-17 00:00:00,4
6495,1056,2024-04-17 00:00:00,4
6496,1064,2024-04-17 00:00:00,4
6497,1067,2024-04-17 00:00:00,4
6498,1069,2024-04-17 00:00:00,4
6499,1070,2024-04-17 00:00:00,4
6500,1076,2024-04-17 00:00:00,4
6501,1077,2024-04-17 00:00:00,4
6502,1085,2024-04-17 00:00:00,4
6503,1093,2024-04-17 00:00:00,4
6504,1104,2024-04-17 00:00:00,4
6505,1106,2024-04-17 00:00:00,4
6506,1112,2024-04-17 00:00:00,4
6507,1133,2024-04-17 00:00:00,4
6508,1166,2024-04-17 00:00:00,4
6509,1216,2024-04-17 00:00:00,4
6510,1219,2024-04-17 00:00:00,4
6511,1228,2024-04-17 00:00:00,4
6512,1292,2024-04-17 00:00:00,4
6513,2004,2024-04-17 00:00:00,4
6514,2022,2024-04-17 00:00:00,4
6515,2025,2024-04-17 00:00:00,4
6516,2029,2024-04-17 00:00:00,4
6517,2032,2024-04-17 00:00:00,4
6518,2045,2024-04-17 00:00:00,4
6519,2053,2024-04-17 00:00:00,4
6520,2054,2024-04-17 00:00:00,4
6521,2056,2024-04-17 00:00:00,4
6522,2090,2024-04-17 00:00:00,4
6523,2092,2024-04-17 00:00:00,4
6524,2106,2024-04-17 00:00:00,4
6525,2155,2024-04-17 00:00:00,4
6526,2170,2024-04-17 00:00:00,4
6527,22168,2024-04-17 00:00:00,4
6528,22181,2024-04-17 00:00:00,4
6529,22194,2024-04-17 00:00:00,4
6530,23004,2024-04-17 00:00:00,4
6531,0118A,2024-04-17 00:00:00,4
6532,0204B,2024-04-17 00:00:00,4
6533,1055A,2024-04-17 00:00:00,4
6534,1070A,2024-04-17 00:00:00,4
6535,1082A,2024-04-17 00:00:00,4
6536,1092A,2024-04-17 00:00:00,4
6537,1095B,2024-04-17 00:00:00,4
6538,1096A,2024-04-17 00:00:00,4
6539,1097A,2024-04-17 00:00:00,4
6540,1101A,2024-04-17 00:00:00,4
6541,1130A,2024-04-17 00:00:00,4
6543,2005A,2024-04-17 00:00:00,4
6544,2005B,2024-04-17 00:00:00,4
6545,2039A,2024-04-17 00:00:00,4
6546,MSN3,2024-04-17 00:00:00,4
6547,1237,2024-04-17 00:00:00,4
6548,2058,2024-04-17 00:00:00,4
6549,0109,2024-04-17 00:00:00,7
6550,0110,2024-04-17 00:00:00,7
6551,0115,2024-04-17 00:00:00,7
6552,0118,2024-04-17 00:00:00,7
6553,0171,2024-04-17 00:00:00,7
6554,0208,2024-04-17 00:00:00,7
6555,0210,2024-04-17 00:00:00,7
6556,0219,2024-04-17 00:00:00,9
6557,0221A,2024-04-17 00:00:00,9
6558,0222,2024-04-17 00:00:00,7
6559,0345,2024-04-17 00:00:00,9
6560,1030,2024-04-17 00:00:00,9
6561,1034,2024-04-17 00:00:00,9
6562,1041,2024-04-17 00:00:00,7
6563,1043,2024-04-17 00:00:00,7
6564,1048A,2024-04-17 00:00:00,7
6565,1055,2024-04-17 00:00:00,7
6566,1063A,2024-04-17 00:00:00,7
6567,1082,2024-04-17 00:00:00,7
6568,1136,2024-04-17 00:00:00,7
6569,1142,2024-04-17 00:00:00,9
6570,1186,2024-04-17 00:00:00,7
6571,1189,2024-04-17 00:00:00,7
6572,2781,2024-04-17 00:00:00,7
6573,MSN2,2024-04-17 00:00:00,7
6574,4007,2024-04-17 00:00:00,C4
6575,4147,2024-04-17 00:00:00,C4
6576,4055,2024-04-17 00:00:00,C4
6577,0128,2024-04-17 00:00:00,C4
6578,50741,2024-04-17 00:00:00,C4
6579,5144,2024-04-17 00:00:00,C4
6580,6021,2024-04-17 00:00:00,C4
6581,22116,2024-04-17 00:00:00,C4
6582,22119,2024-04-17 00:00:00,C4
6583,2141,2024-04-17 00:00:00,C4
6584,22120,2024-04-17 00:00:00,C4
6585,21391,2024-04-17 00:00:00,C4
6586,22118,2024-04-17 00:00:00,C4
6587,22085,2024-04-17 00:00:00,C4
6588,22144,2024-04-17 00:00:00,C4
6589,22150,2024-04-17 00:00:00,C4
6590,22151,2024-04-17 00:00:00,C4
6591,2140,2024-04-17 00:00:00,C4
6592,22121,2024-04-17 00:00:00,C4
6593,2174,2024-04-17 00:00:00,C4
6594,2145,2024-04-17 00:00:00,C4
6595,2137,2024-04-17 00:00:00,C4
6596,22125,2024-04-17 00:00:00,C4
6597,22115,2024-04-17 00:00:00,C4
6598,22142,2024-04-17 00:00:00,C4
6599,22117,2024-04-17 00:00:00,C4
6600,22157,2024-04-17 00:00:00,C4
6601,22158,2024-04-17 00:00:00,C4
6602,2159,2024-04-17 00:00:00,C4
6603,22160,2024-04-17 00:00:00,C4
6604,22161,2024-04-17 00:00:00,C4
6605,22131,2024-04-17 00:00:00,C4
6606,22105,2024-04-17 00:00:00,C4
6607,22122,2024-04-17 00:00:00,C4
6608,2162,2024-04-17 00:00:00,C4
6609,2093A,2024-04-17 00:00:00,C4
6610,22164,2024-04-17 00:00:00,C4
6611,22166,2024-04-17 00:00:00,C4
6612,22114,2024-04-17 00:00:00,C4
6613,2025A,2024-04-17 00:00:00,C4
6614,2,2024-04-17 00:00:00,C4
6615,10391,2024-04-17 00:00:00,C4
6616,1077A,2024-04-17 00:00:00,C4
6617,1117,2024-04-17 00:00:00,C4
6618,1128,2024-04-17 00:00:00,C4
6619,2224,2024-04-17 00:00:00,C4
6620,3015,2024-04-17 00:00:00,C4
6621,3028A,2024-04-17 00:00:00,C4
6622,40072,2024-04-17 00:00:00,C4
6623,4023,2024-04-17 00:00:00,C4
6624,4033,2024-04-17 00:00:00,C4
6625,4053,2024-04-17 00:00:00,C4
6626,4076,2024-04-17 00:00:00,C4
6627,4078,2024-04-17 00:00:00,C4
6628,4100,2024-04-17 00:00:00,C4
6629,4109,2024-04-17 00:00:00,C4
6630,5035,2024-04-17 00:00:00,C4
6631,5041,2024-04-17 00:00:00,C4
6632,5090,2024-04-17 00:00:00,C4
6633,6008,2024-04-17 00:00:00,C4
6634,6070,2024-04-17 00:00:00,C4
6635,7092,2024-04-17 00:00:00,C4
6636,8067,2024-04-17 00:00:00,C4
6637,8089,2024-04-17 00:00:00,C4
6638,9045,2024-04-17 00:00:00,C4
6639,9047,2024-04-17 00:00:00,C4
6640,21027,2024-04-17 00:00:00,C4
6641,0143,2024-04-17 00:00:00,C4
6642,5013,2024-04-17 00:00:00,C4
6643,9100,2024-04-17 00:00:00,C4
6644,4034,2024-04-17 00:00:00,C4
6645,12164,2024-04-17 00:00:00,C4
6646,2337,2024-04-17 00:00:00,C4
6647,20337,2024-04-17 00:00:00,C4
6648,3044A,2024-04-17 00:00:00,C4
6649,8072,2024-04-17 00:00:00,C4
6650,7021,2024-04-17 00:00:00,C4
6651,5027,2024-04-17 00:00:00,C4
6652,5043,2024-04-17 00:00:00,C4
6653,5111,2024-04-17 00:00:00,C4
6654,6028,2024-04-17 00:00:00,C4
6655,6037,2024-04-17 00:00:00,C4
6656,7052,2024-04-17 00:00:00,C4
6657,8003,2024-04-17 00:00:00,C4
6658,8004,2024-04-17 00:00:00,C4
6659,8005,2024-04-17 00:00:00,C4
6660,8007,2024-04-17 00:00:00,C4
6661,8016,2024-04-17 00:00:00,C4
6662,8020,2024-04-17 00:00:00,C4
6663,8040,2024-04-17 00:00:00,C4
6664,8066,2024-04-17 00:00:00,C4
6665,80921,2024-04-17 00:00:00,C4
6666,8093,2024-04-17 00:00:00,C4
6667,9035,2024-04-17 00:00:00,C4
6668,9051,2024-04-17 00:00:00,C4
6669,9104,2024-04-17 00:00:00,C4
6670,9136,2024-04-17 00:00:00,C4
6671,0225,2024-04-17 00:00:00,C4
6672,0343,2024-04-17 00:00:00,C4
6673,1310,2024-04-17 00:00:00,C4
6674,8085,2024-04-17 00:00:00,C4
6675,9011,2024-04-17 00:00:00,C4
6676,9014,2024-04-17 00:00:00,C4
6677,9024,2024-04-17 00:00:00,C4
6678,9116B,2024-04-17 00:00:00,C4
6679,9128A,2024-04-17 00:00:00,C4
6680,0114,2024-04-17 00:00:00,C4
6681,0211,2024-04-17 00:00:00,C4
6682,0215A,2024-04-17 00:00:00,C4
6683,02331,2024-04-17 00:00:00,C4
6684,0246,2024-04-17 00:00:00,C4
6685,0258,2024-04-17 00:00:00,C4
6686,0291,2024-04-17 00:00:00,C4
6687,0294,2024-04-17 00:00:00,C4
6688,0326,2024-04-17 00:00:00,C4
6689,0349,2024-04-17 00:00:00,C4
6690,0352,2024-04-17 00:00:00,C4
6691,1188,2024-04-17 00:00:00,C4
6692,2018,2024-04-17 00:00:00,C4
6693,1051,2024-04-17 00:00:00,C4
6694,0271,2024-04-17 00:00:00,C4
6695,1059,2024-04-17 00:00:00,C4
6696,1084A,2024-04-17 00:00:00,C4
6697,2061,2024-04-17 00:00:00,C4
6698,2002,2024-04-17 00:00:00,C4
6699,1102,2024-04-17 00:00:00,C4
6700,1053A,2024-04-17 00:00:00,C4
6701,1043A,2024-04-17 00:00:00,C4
6702,0274,2024-04-17 00:00:00,C4
6703,1052A,2024-04-17 00:00:00,C4
6704,1100A,2024-04-17 00:00:00,C4
6705,1074,2024-04-17 00:00:00,C4
6706,2012,2024-04-17 00:00:00,C4
6707,2007,2024-04-17 00:00:00,C4
6708,1063,2024-04-17 00:00:00,C4
6709,9023,2024-04-17 00:00:00,C4
6710,1094,2024-04-17 00:00:00,C4
6711,1032,2024-04-17 00:00:00,C4
6712,2014,2024-04-17 00:00:00,C4
6713,1045,2024-04-17 00:00:00,C4
6714,80472,2024-04-17 00:00:00,C4
6715,2064,2024-04-17 00:00:00,C4
6716,2039,2024-04-17 00:00:00,6
6717,2087,2024-04-17 00:00:00,C4
6718,1073,2024-04-17 00:00:00,C4
6719,1065,2024-04-17 00:00:00,C4
6720,1100B,2024-04-17 00:00:00,C4
6721,2024,2024-04-17 00:00:00,C4
6722,2202,2024-04-17 00:00:00,C4
6723,1103,2024-04-17 00:00:00,C4
6724,2034,2024-04-17 00:00:00,C4
6725,2016,2024-04-17 00:00:00,C4
6726,2062,2024-04-17 00:00:00,C4
6727,7066,2024-04-17 00:00:00,C4
6728,4048,2024-04-17 00:00:00,C4
6729,1109A,2024-04-17 00:00:00,C4
6730,2097,2024-04-17 00:00:00,C4
6731,4072,2024-04-17 00:00:00,C4
6732,3084,2024-04-17 00:00:00,C4
6733,4143,2024-04-17 00:00:00,C4
6734,0139,2024-04-17 00:00:00,C4
6735,9018B,2024-04-17 00:00:00,C4
6736,89,2024-04-17 00:00:00,C4
6737,2067,2024-04-17 00:00:00,C4
6738,1131A,2024-04-17 00:00:00,C4
6739,2088B,2024-04-17 00:00:00,C4
6740,2001A,2024-01-15 00:00:00,Sr_Ramiro_CA
6741,2149,2024-04-17 00:00:00,C4
6742,1097B,2024-04-17 00:00:00,C4
6743,1068A,2024-04-17 00:00:00,C4
6744,2010,2024-04-17 00:00:00,C4
6745,2044,2024-04-17 00:00:00,C4
6746,22175,2024-04-17 00:00:00,C4
6747,22176,2024-04-17 00:00:00,C4
6748,2177,2024-04-17 00:00:00,C4
6749,22178,2024-04-17 00:00:00,C4
6750,22180,2024-04-17 00:00:00,C4
6751,22182,2024-04-17 00:00:00,C4
6752,22185,2024-04-17 00:00:00,C4
6753,22186,2024-04-17 00:00:00,C4
6754,22187,2024-04-17 00:00:00,C4
6755,22188,2024-04-17 00:00:00,C4
6756,22189,2024-04-17 00:00:00,C4
6757,22190,2024-04-17 00:00:00,C4
6758,22191,2024-04-17 00:00:00,C4
6759,22193,2024-04-17 00:00:00,C4
6760,22197,2024-04-17 00:00:00,C4
6761,22196,2024-04-17 00:00:00,C4
6762,22198,2024-04-17 00:00:00,C4
6763,22207,2024-04-17 00:00:00,C4
6764,22209,2024-04-17 00:00:00,C4
6765,22206,2024-04-17 00:00:00,C4
6766,22205,2024-04-17 00:00:00,C4
6767,23002,2024-04-17 00:00:00,C4
6768,23001,2024-04-17 00:00:00,C4
6769,23006,2024-04-17 00:00:00,C4
6770,23005,2024-04-17 00:00:00,C4
6771,2095,2024-04-17 00:00:00,C4
6772,2110,2024-04-17 00:00:00,C4
6773,22098,2024-04-17 00:00:00,C4
6774,2215,2024-04-17 00:00:00,C4
6775,2107,2024-04-17 00:00:00,C4
6776,2094,2024-04-17 00:00:00,C4
6777,22100,2024-04-17 00:00:00,C4
6778,2101,2024-04-17 00:00:00,C4
6779,2102,2024-04-17 00:00:00,C4
6780,1091,2024-04-17 00:00:00,C4
6781,2026,2024-04-17 00:00:00,C4
6782,20971,2024-04-17 00:00:00,C4
6783,2030,2024-04-17 00:00:00,C4
6784,2059,2024-04-17 00:00:00,C4
6785,2036,2024-04-17 00:00:00,C4
6786,2099,2024-04-17 00:00:00,C4
6787,23007,2024-04-17 00:00:00,C4
6788,23010,2024-04-17 00:00:00,C4
6789,BU3B,2024-04-17 00:00:00,C4
6790,BU4B,2024-04-17 00:00:00,C4
6791,BU5A,2024-04-17 00:00:00,C4
6792,BU6A,2024-04-17 00:00:00,C4
6793,BU7A,2024-04-17 00:00:00,C4
6794,BU8A,2024-04-17 00:00:00,C4
6795,BU9A,2024-04-17 00:00:00,C4
6796,BU10,2024-04-17 00:00:00,C4
6797,BU11,2024-04-17 00:00:00,C4
6798,BU12,2024-04-17 00:00:00,C4
6799,BU13,2024-04-17 00:00:00,C4
6800,BU14,2024-04-17 00:00:00,C4
6801,BU15,2024-04-17 00:00:00,C4
6802,BU16,2024-04-17 00:00:00,C4
6803,BU17,2024-04-17 00:00:00,C4
6804,BU18,2024-04-17 00:00:00,C4
6805,BU19,2024-04-17 00:00:00,C4
6806,BU20,2024-04-17 00:00:00,C4
6807,BU21,2024-04-17 00:00:00,C4
6808,BU22,2024-04-17 00:00:00,C4
6809,BU23,2024-04-17 00:00:00,C4
6810,BU24,2024-04-17 00:00:00,C4
6811,BU25,2024-04-17 00:00:00,C4
6812,BU26,2024-04-17 00:00:00,C4
6813,BU27,2024-04-17 00:00:00,C4
6814,BU28,2024-04-17 00:00:00,C4
6815,BU29,2024-04-17 00:00:00,C4
6816,BU30,2024-04-17 00:00:00,C4
6817,BU31,2024-04-17 00:00:00,C4
6818,BU32,2024-04-17 00:00:00,C4
6819,BU33,2024-04-17 00:00:00,C4
6820,BU34,2024-04-17 00:00:00,C4
6821,BU35,2024-04-17 00:00:00,C4
6822,BU36,2024-04-17 00:00:00,C4
6823,BU38,2024-04-17 00:00:00,C4
6824,BU39,2024-04-17 00:00:00,C4
6825,BU40,2024-04-17 00:00:00,C4
6826,BU41,2024-04-17 00:00:00,C4
6827,BU42,2024-04-17 00:00:00,C4
6828,BU43,2024-04-17 00:00:00,C4
6829,BU53,2024-04-17 00:00:00,C4
6830,BU54,2024-04-17 00:00:00,C4
6831,BU55,2024-04-17 00:00:00,C4
6832,BU56,2024-04-17 00:00:00,C4
6833,BU57,2024-04-17 00:00:00,C4
6834,BU58,2024-04-17 00:00:00,C4
6835,BU59,2024-04-17 00:00:00,C4
6836,BU60,2024-04-17 00:00:00,C4
6837,BU61,2024-04-17 00:00:00,C4
6838,BU62,2024-04-17 00:00:00,C4
6839,BU63,2024-04-17 00:00:00,C4
6840,BU64,2024-04-17 00:00:00,C4
6841,BU053,2024-04-17 00:00:00,C4
6842,BU050,2024-04-17 00:00:00,C4
6843,BU052,2024-04-17 00:00:00,C4
6844,BU062,2024-04-17 00:00:00,C4
6845,BU054,2024-04-17 00:00:00,C4
6846,BU048,2024-04-17 00:00:00,C4
6847,BU047,2024-04-17 00:00:00,C4
6848,BU1A,2024-04-17 00:00:00,C4
6849,BU036,2024-04-17 00:00:00,C4
6850,BU028,2024-04-17 00:00:00,C4
6851,BU046,2024-04-17 00:00:00,C4
6852,BU045,2024-04-17 00:00:00,C4
6853,BU037,2024-04-17 00:00:00,C4
6854,BU1,2024-04-17 00:00:00,C4
6855,BU005,2024-04-17 00:00:00,C4
6856,BU010,2024-04-17 00:00:00,C4
6857,BU011,2024-04-17 00:00:00,C4
6858,BU026,2024-04-17 00:00:00,C4
6859,BU2A,2024-04-17 00:00:00,C4
6860,BU016,2024-04-17 00:00:00,C4
6861,BU019,2024-04-17 00:00:00,C4
6862,BU2,2024-04-17 00:00:00,C4
6863,BU013,2024-04-17 00:00:00,C4
6864,BU01251,2024-04-17 00:00:00,C4
6865,BU3A,2024-04-17 00:00:00,C4
6866,BU057,2024-04-17 00:00:00,C4
6867,BU041,2024-04-17 00:00:00,C4
6868,BU014,2024-04-17 00:00:00,C4
6869,BU032,2024-04-17 00:00:00,C4
6870,BU018,2024-04-17 00:00:00,C4
6871,BU051,2024-04-17 00:00:00,C4
6872,BU3,2024-04-17 00:00:00,C4
6873,BU022,2024-04-17 00:00:00,C4
6874,BU029,2024-04-17 00:00:00,C4
6875,BU035,2024-04-17 00:00:00,C4
6876,BU001,2024-04-17 00:00:00,C4
6877,BU002,2024-04-17 00:00:00,C4
6878,BU5B,2024-04-17 00:00:00,C4
6879,BU6B,2024-04-17 00:00:00,C4
6880,BU009,2024-04-17 00:00:00,C4
6881,BU015,2024-04-17 00:00:00,C4
6882,BU7,2024-04-17 00:00:00,C4
6883,BU8,2024-04-17 00:00:00,C4
6884,BU9,2024-04-17 00:00:00,C4
6885,BU008,2024-04-17 00:00:00,C4
6886,BU4,2024-04-17 00:00:00,C4
6887,BU5,2024-04-17 00:00:00,C4
6888,BU6,2024-04-17 00:00:00,C4
6889,23013,2024-04-17 00:00:00,C4
6890,23014,2024-04-17 00:00:00,C4
6891,8039,2024-04-17 00:00:00,C4
6892,0320,2024-04-17 00:00:00,C4
6893,8057,2024-04-17 00:00:00,C4
6894,7038,2024-04-17 00:00:00,C4
6895,31,2024-04-17 00:00:00,C4
6896,32,2024-04-17 00:00:00,C4
6897,2011,2024-04-17 00:00:00,C4
6898,2013,2024-04-17 00:00:00,C4
6899,2096A,2024-04-17 00:00:00,C4
6900,2218,2024-04-17 00:00:00,C4
6901,2167,2024-04-17 00:00:00,C4
6902,213,2024-04-17 00:00:00,C4
6903,3227,2024-04-17 00:00:00,C4
6904,406,2024-04-17 00:00:00,C4
6905,8019,2024-04-17 00:00:00,C4
6906,1098,2024-04-17 00:00:00,C4
6907,23015,2024-04-17 00:00:00,C4
6908,23016,2024-04-17 00:00:00,C4
6909,23017,2024-04-17 00:00:00,C4
6910,BU65,2024-04-17 00:00:00,C4
6911,23020,2024-04-17 00:00:00,C4
6912,23021,2024-04-17 00:00:00,C4
6913,23022,2024-04-17 00:00:00,C4
6914,23023,2024-04-17 00:00:00,C4
6915,9,2024-04-17 00:00:00,C4
6916,23030,2024-04-17 00:00:00,C4
6917,23033,2024-04-17 00:00:00,C4
6918,23034,2024-04-17 00:00:00,C4
6919,23035,2024-04-17 00:00:00,C4
6920,23036,2024-04-17 00:00:00,C4
6921,23037,2024-04-17 00:00:00,C4
6922,23040,2024-04-17 00:00:00,C4
6923,23043,2024-04-17 00:00:00,C4
6924,23057,2024-04-17 00:00:00,C4
6925,23059,2024-04-17 00:00:00,C4
6926,23060,2024-04-17 00:00:00,C4
6927,23062,2024-04-17 00:00:00,C4
6928,23063,2024-04-17 00:00:00,C4
6929,23065,2024-04-17 00:00:00,C4
6930,23072,2024-04-17 00:00:00,C4
6931,23078,2024-04-17 00:00:00,C4
6932,23080,2024-04-17 00:00:00,C4
6933,23093,2024-04-17 00:00:00,C4
6934,23095,2024-04-17 00:00:00,C4
6935,BU66,2024-04-17 00:00:00,C4
6936,23106,2024-04-17 00:00:00,C4
6937,23111,2024-04-17 00:00:00,C4
6938,22221,2024-04-17 00:00:00,C4
6939,22171,2024-04-17 00:00:00,C4
6940,23114,2024-04-17 00:00:00,C4
6941,23115,2024-04-17 00:00:00,C4
6942,23116,2024-04-17 00:00:00,C4
6943,23121,2024-04-17 00:00:00,C4
6944,23129,2024-04-17 00:00:00,C4
6945,23130,2024-04-17 00:00:00,C4
6946,BU67,2024-04-17 00:00:00,C4
6947,BU68,2024-04-17 00:00:00,C4
6948,BU70,2024-04-17 00:00:00,C4
6949,BU69,2024-04-17 00:00:00,C4
6950,BU71,2024-04-17 00:00:00,C4
6951,BU72,2024-04-17 00:00:00,C4
6952,BU75,2024-04-17 00:00:00,C4
6953,BU76,2024-04-17 00:00:00,C4
6954,23157,2024-04-17 00:00:00,C4
6955,23158,2024-04-17 00:00:00,C4
6956,BU78,2024-04-17 00:00:00,C4
6957,BU79,2024-04-17 00:00:00,C4
6958,22139,2024-04-17 00:00:00,C4
6959,22216,2024-04-17 00:00:00,C4
6960,BU80,2024-04-17 00:00:00,C4
6961,BU81,2024-04-17 00:00:00,C4
6962,23178,2024-04-17 00:00:00,C4
6963,23179,2024-04-17 00:00:00,C4
6964,23181,2024-04-17 00:00:00,C4
6965,23186,2024-04-17 00:00:00,C4
6966,23196,2024-04-17 00:00:00,C4
6967,4043,2024-04-17 00:00:00,C4
6968,23197,2024-04-17 00:00:00,C4
6969,23198,2024-04-17 00:00:00,C4
6970,BU82,2024-04-17 00:00:00,C4
6971,BU83,2024-04-17 00:00:00,C4
6972,BU84,2024-04-17 00:00:00,C4
6973,23206,2024-04-17 00:00:00,C4
6974,23207,2024-04-17 00:00:00,C4
6975,23208,2024-04-17 00:00:00,C4
6976,BU85,2024-04-17 00:00:00,C4
6977,BU86,2024-04-17 00:00:00,C4
6978,BU87,2024-04-17 00:00:00,C4
6979,BU88,2024-04-17 00:00:00,C4
6980,BU89,2024-04-17 00:00:00,C4
6981,BU92,2024-04-17 00:00:00,C4
6982,23214,2024-04-17 00:00:00,C4
6983,BU93,2024-04-17 00:00:00,C4
6984,BU94,2024-04-17 00:00:00,C4
6985,23217,2024-04-17 00:00:00,C4
6986,23251,2024-04-17 00:00:00,C4
6987,23235,2024-04-17 00:00:00,C4
6988,60286,2024-04-19 00:00:00,6
6989,3003A,2024-04-19 00:00:00,6
6990,7028,2024-04-19 00:00:00,6
6991,2124A,2024-04-19 00:00:00,6
6992,3107,2024-04-19 00:00:00,6
6993,3026A,2024-04-19 00:00:00,6
6994,2234,2024-04-19 00:00:00,6
6995,2050,2024-04-19 00:00:00,6
6996,4101,2024-04-19 00:00:00,6
6997,2047,2024-04-19 00:00:00,6
6998,6011,2024-04-19 00:00:00,6
6999,4151,2024-04-19 00:00:00,6
7000,1015,2024-04-19 00:00:00,6
7001,2149A,2024-04-19 00:00:00,6
7002,5679,2024-04-19 00:00:00,6
7003,0500,2024-04-19 00:00:00,6
7004,2073,2024-04-19 00:00:00,6
7005,1056A,2024-04-19 00:00:00,6
7006,1090A,2024-04-19 00:00:00,6
7007,1091A,2024-04-19 00:00:00,6
7008,1112A,2024-04-19 00:00:00,6
7009,2051,2024-04-19 00:00:00,6
7010,2072,2024-04-19 00:00:00,6
7011,2217,2024-04-19 00:00:00,6
7012,3093,2024-04-19 00:00:00,6
7013,3178,2024-04-19 00:00:00,6
7014,4066,2024-04-19 00:00:00,6
7015,4141,2024-04-19 00:00:00,6
7016,4172,2024-04-19 00:00:00,6
7017,50501,2024-04-19 00:00:00,6
7018,5076,2024-04-19 00:00:00,6
7019,5077,2024-04-19 00:00:00,6
7020,5082,2024-04-19 00:00:00,6
7021,5092,2024-04-19 00:00:00,6
7022,6031,2024-04-19 00:00:00,6
7023,7012,2024-04-19 00:00:00,6
7024,7059,2024-04-19 00:00:00,6
7025,7074,2024-04-19 00:00:00,6
7026,7080,2024-04-19 00:00:00,6
7027,8051,2024-04-19 00:00:00,6
7028,9046,2024-04-19 00:00:00,6
7029,9238,2024-04-19 00:00:00,6
7030,S/NE,2024-04-19 00:00:00,6
7031,S/NF,2024-04-19 00:00:00,6
7032,3027A,2024-04-19 00:00:00,6
7033,6020,2024-04-19 00:00:00,6
7034,9219,2024-04-19 00:00:00,6
7035,5098,2024-04-19 00:00:00,6
7036,5146,2024-04-19 00:00:00,6
7037,7050,2024-04-19 00:00:00,6
7038,7072,2024-04-19 00:00:00,6
7039,8010,2024-04-19 00:00:00,6
7040,80121,2024-04-19 00:00:00,6
7041,8013,2024-04-19 00:00:00,6
7042,8026,2024-04-19 00:00:00,6
7043,8032,2024-04-19 00:00:00,6
7044,8043,2024-04-19 00:00:00,6
7045,8045,2024-04-19 00:00:00,6
7046,8048,2024-04-19 00:00:00,6
7047,8050,2024-04-19 00:00:00,6
7048,8054,2024-04-19 00:00:00,6
7049,8060,2024-04-19 00:00:00,6
7050,8077,2024-04-19 00:00:00,6
7051,8079,2024-04-19 00:00:00,6
7052,8082,2024-04-19 00:00:00,6
7053,8086,2024-04-19 00:00:00,6
7054,8087,2024-04-19 00:00:00,6
7055,809,2024-04-19 00:00:00,6
7056,9040,2024-04-19 00:00:00,6
7057,9071,2024-04-19 00:00:00,6
7058,33,2024-04-19 00:00:00,6
7059,8011,2024-04-19 00:00:00,6
7060,9121,2024-04-19 00:00:00,6
7061,9126A,2024-04-19 00:00:00,6
7062,2040,2024-04-19 00:00:00,6
7063,2080,2024-04-19 00:00:00,6
7064,05,2024-04-19 00:00:00,6
7065,3108,2024-04-19 00:00:00,6
7066,80882,2024-04-19 00:00:00,6
7067,9067,2024-04-19 00:00:00,6
7068,8017,2024-04-19 00:00:00,6
7069,7017,2024-04-19 00:00:00,6
7070,30,2024-04-19 00:00:00,6
7071,22149,2024-04-19 00:00:00,6
7072,22126,2024-04-19 00:00:00,6
7073,2138,2024-04-19 00:00:00,6
7074,2019,2024-04-19 00:00:00,6
7075,2048,2024-04-19 00:00:00,6
7076,2153,2024-04-19 00:00:00,6
7077,2042,2024-04-19 00:00:00,6
7078,22135,2024-04-19 00:00:00,6
7079,8073,2024-04-19 00:00:00,6
7080,8012B,2024-04-19 00:00:00,6
7081,9116A,2024-04-19 00:00:00,6
7082,0231B,2024-04-19 00:00:00,6
7083,0348,2024-04-19 00:00:00,6
7084,1109B,2024-04-19 00:00:00,6
7085,2035A,2024-04-19 00:00:00,6
7086,2063B,2024-04-19 00:00:00,6
7087,1021,2024-04-19 00:00:00,6
7088,10431,2024-04-19 00:00:00,6
7089,1075,2024-04-19 00:00:00,6
7090,1096,2024-04-19 00:00:00,6
7091,1009,2024-04-19 00:00:00,6
7092,2203,2024-04-19 00:00:00,6
7093,22195,2024-04-19 00:00:00,6
7094,23003,2024-04-19 00:00:00,6
7095,2201,2024-04-19 00:00:00,6
7096,1066,2024-04-19 00:00:00,6
7097,2109,2024-04-19 00:00:00,6
7098,2111,2024-04-19 00:00:00,6
7099,2103,2024-04-19 00:00:00,6
7100,2108,2024-04-19 00:00:00,6
7101,2093,2024-04-19 00:00:00,6
7102,2031,2024-04-19 00:00:00,6
7103,2200,2024-04-19 00:00:00,6
7104,0340B,2024-04-19 00:00:00,6
7105,22049,2024-04-19 00:00:00,6
7106,23027,2024-04-19 00:00:00,6
7107,23055,2024-04-19 00:00:00,6
7108,23061,2024-04-19 00:00:00,6
7109,23073,2024-04-19 00:00:00,6
7110,23074,2024-04-19 00:00:00,6
7111,23077,2024-04-19 00:00:00,6
7112,23079,2024-04-19 00:00:00,6
7113,23081,2024-04-19 00:00:00,6
7114,23082,2024-04-19 00:00:00,6
7115,22172,2024-04-19 00:00:00,6
7116,23092,2024-04-19 00:00:00,6
7117,23094,2024-04-19 00:00:00,6
7118,23098,2024-04-19 00:00:00,6
7119,23101,2024-04-19 00:00:00,6
7120,23105,2024-04-19 00:00:00,6
7121,23107,2024-04-19 00:00:00,6
7122,23109,2024-04-19 00:00:00,6
7123,23110,2024-04-19 00:00:00,6
7124,23122,2024-04-19 00:00:00,6
7125,23126,2024-04-19 00:00:00,6
7126,23127,2024-04-19 00:00:00,6
7127,23131,2024-04-19 00:00:00,6
7128,23134,2024-04-19 00:00:00,6
7129,23136,2024-04-19 00:00:00,6
7130,23138,2024-04-19 00:00:00,6
7131,23139,2024-04-19 00:00:00,6
7132,23141,2024-04-19 00:00:00,6
7133,23151,2024-04-19 00:00:00,6
7134,23152,2024-04-19 00:00:00,6
7135,23153,2024-04-19 00:00:00,6
7136,23159,2024-04-19 00:00:00,6
7137,2146,2024-04-19 00:00:00,6
7138,6017,2024-04-19 00:00:00,6
7139,6050,2024-04-19 00:00:00,6
7140,7049,2024-04-19 00:00:00,6
7141,80841,2024-04-19 00:00:00,6
7142,9095,2024-04-19 00:00:00,6
7143,91121,2024-04-19 00:00:00,6
7144,9064,2024-04-19 00:00:00,6
7145,9110A,2024-04-19 00:00:00,6
7146,0101,2024-04-19 00:00:00,6
7147,0108,2024-04-19 00:00:00,6
7148,0205,2024-04-19 00:00:00,6
7149,0208A,2024-04-19 00:00:00,6
7150,0240,2024-04-19 00:00:00,6
7151,0270,2024-04-19 00:00:00,6
7152,0297,2024-04-19 00:00:00,6
7153,0299A,2024-04-19 00:00:00,6
7154,0299C,2024-04-19 00:00:00,6
7155,0330A,2024-04-19 00:00:00,6
7156,0342,2024-04-19 00:00:00,6
7157,0344,2024-04-19 00:00:00,6
7158,0353,2024-04-19 00:00:00,6
7159,0354,2024-04-19 00:00:00,6
7160,0355,2024-04-19 00:00:00,6
7161,20,2024-04-19 00:00:00,6
7162,1039B,2024-04-19 00:00:00,6
7163,1132,2024-04-19 00:00:00,6
7164,1017A,2024-04-19 00:00:00,6
7165,S7,2024-04-19 00:00:00,6
7166,1079,2024-04-19 00:00:00,6
7167,0298,2024-04-19 00:00:00,6
7168,2052,2024-04-19 00:00:00,6
7169,1023,2024-04-19 00:00:00,6
7170,2702,2024-04-19 00:00:00,6
7171,1104A,2024-04-19 00:00:00,6
7172,1088A,2024-04-19 00:00:00,6
7173,2023,2024-04-19 00:00:00,6
7174,0340A,2024-04-19 00:00:00,6
7175,2066,2024-04-19 00:00:00,6
7176,0350,2024-04-19 00:00:00,6
7177,S14,2024-04-19 00:00:00,6
7178,S15,2024-04-19 00:00:00,6
7179,8015,2024-04-19 00:00:00,6
7180,35,2024-04-19 00:00:00,6
7181,7050,2024-04-19 00:00:00,6
7182,8032,2024-04-19 00:00:00,6
7183,8082,2024-04-19 00:00:00,6
7184,8011,2024-04-19 00:00:00,6
7185,9121,2024-04-19 00:00:00,6
7186,9126A,2024-04-19 00:00:00,6
7187,0267,2024-04-19 00:00:00,6
7188,2040,2024-04-19 00:00:00,6
7189,30,2024-04-19 00:00:00,6
7190,5592,2024-04-19 00:00:00,1
7191,5529,2024-04-19 00:00:00,1
7192,5629,2024-04-19 00:00:00,1
7193,5638,2024-04-19 00:00:00,1
7194,0298A,2024-04-19 00:00:00,1
7195,8037,2024-04-19 00:00:00,1
7196,8063,2024-04-19 00:00:00,1
7197,9058,2024-04-19 00:00:00,1
7198,1066A,2024-04-19 00:00:00,1
7199,4035,2024-04-19 00:00:00,1
7200,9076,2024-04-19 00:00:00,1
7201,0018,2024-04-19 00:00:00,1
7202,0206A,2024-04-19 00:00:00,1
7203,0226,2024-04-19 00:00:00,1
7204,3132,2024-04-19 00:00:00,1
7205,8062,2024-04-19 00:00:00,1
7206,4095,2024-04-19 00:00:00,1
7207,91171,2024-04-19 00:00:00,1
7208,0132,2024-04-19 00:00:00,1
7209,0332,2024-04-19 00:00:00,1
7210,91242,2024-04-19 00:00:00,1
7211,9073,2024-04-19 00:00:00,1
7212,0329,2024-04-19 00:00:00,1
7213,0338,2024-04-19 00:00:00,1
7214,3750,2024-04-19 00:00:00,1
7215,34,2024-04-19 00:00:00,1
7216,2096,2024-04-19 00:00:00,1
7217,0284,2024-04-19 00:00:00,1
7218,0740,2024-04-19 00:00:00,1
7219,9125,2024-04-19 00:00:00,1
7220,2090A,2024-04-19 00:00:00,1
7221,7022,2024-04-19 00:00:00,1
7222,EMB 2,2024-04-19 00:00:00,1
7223,9099,2024-04-19 00:00:00,1
7224,0272,2024-04-19 00:00:00,1
7225,19,2024-04-19 00:00:00,1
7226,0249,2024-04-19 00:00:00,1
7227,2209A,2024-04-19 00:00:00,1
7228,0322,2024-04-19 00:00:00,1
7229,23146,2024-06-12 00:00:00,CACH
7230,6021,2024-06-20 00:00:00,6
7231,1044,2024-07-01 00:00:00,2
7232,2045,2024-07-01 00:00:00,2
7233,1292,2024-07-01 00:00:00,9
7234,1133,2024-07-01 00:00:00,2
7235,2005A,2024-07-01 00:00:00,2
7236,1112,2024-07-01 00:00:00,2
7237,MSN3,2024-07-01 00:00:00,9
7238,0198,2024-07-01 00:00:00,9
7239,2170,2024-07-01 00:00:00,2
7240,1078,2024-07-01 00:00:00,9
7241,1165,2024-07-01 00:00:00,9
7242,2155,2024-07-01 00:00:00,2
7243,2092,2024-07-01 00:00:00,2
7244,1215,2024-07-01 00:00:00,9
7245,0109A,2024-07-01 00:00:00,2
7246,1048,2024-07-01 00:00:00,9
7247,1166,2024-07-01 00:00:00,9
7248,0346,2024-07-01 00:00:00,9
7249,2025,2024-07-01 00:00:00,2
7250,2029,2024-07-01 00:00:00,2
7251,2106,2024-07-01 00:00:00,2
7252,1008,2024-07-01 00:00:00,2
7253,1204,2024-07-01 00:00:00,9
7254,2058,2024-07-01 00:00:00,2
7255,0293,2024-07-01 00:00:00,9
7256,1212,2024-07-01 00:00:00,9
7257,0185,2024-07-01 00:00:00,2
7258,2128,2024-07-01 00:00:00,9
7259,1101A,2024-07-01 00:00:00,2
7260,1207,2024-07-01 00:00:00,9
7261,1077,2024-07-01 00:00:00,2
7262,1324,2024-07-01 00:00:00,9
7263,1095B,2024-07-01 00:00:00,9
7264,1033,2024-07-01 00:00:00,2
7265,1152,2024-07-01 00:00:00,9
7266,1126,2024-07-01 00:00:00,9
7267,1076,2024-07-01 00:00:00,2
7268,1206,2024-07-01 00:00:00,9
7269,0351,2024-07-01 00:00:00,9
7270,0358,2024-07-01 00:00:00,9
7271,22114,2024-07-01 00:00:00,2
7272,1216,2024-07-01 00:00:00,9
7273,0119,2024-07-01 00:00:00,9
7274,0325,2024-07-01 00:00:00,9
7275,1093,2024-07-01 00:00:00,2
7276,1156,2024-07-01 00:00:00,9
7277,2090,2024-07-01 00:00:00,2
7278,1106,2024-07-01 00:00:00,9
7279,1097A,2024-07-01 00:00:00,2
7280,MSN16,2024-07-01 00:00:00,9
7281,2039A,2024-07-01 00:00:00,2
7282,22194,2024-07-01 00:00:00,2
7283,1026,2024-07-01 00:00:00,9
7284,36,2024-07-01 00:00:00,9
7285,23194,2024-07-01 00:00:00,CACH
7286,1036,2024-07-01 00:00:00,9
7287,2094,2024-07-01 00:00:00,2
7288,1064,2024-07-01 00:00:00,2
7289,1202,2024-07-01 00:00:00,9
7290,22157,2024-07-01 00:00:00,2
7291,1046A,2024-07-01 00:00:00,9
7292,SN50,2024-07-01 00:00:00,2
7293,1237,2024-07-01 00:00:00,2
7294,1228,2024-07-01 00:00:00,9
7295,1027A,2024-07-01 00:00:00,2
7296,2054,2024-07-01 00:00:00,2
7297,2022,2024-07-01 00:00:00,2
7298,1096A,2024-07-01 00:00:00,2
7299,22168,2024-07-01 00:00:00,2
7300,2060,2024-07-01 00:00:00,2
7301,1154,2024-07-01 00:00:00,9
7302,1336,2024-07-01 00:00:00,9
7303,MSN12,2024-07-01 00:00:00,9
7304,2001B,2024-07-01 00:00:00,2
7305,1053,2024-07-01 00:00:00,9
7306,1104,2024-07-01 00:00:00,2
7307,0204B,2024-07-01 00:00:00,2
7308,1092A,2024-07-01 00:00:00,2
7309,1070,2024-07-01 00:00:00,2
7310,2056,2024-07-01 00:00:00,2
7311,1163,2024-07-01 00:00:00,9
7312,2032,2024-07-01 00:00:00,9
7313,MSN17,2024-07-01 00:00:00,9
7314,1219,2024-07-01 00:00:00,9
7315,2065,2024-07-01 00:00:00,2
7316,1214,2024-07-01 00:00:00,9
7317,2004,2024-07-01 00:00:00,2
7318,1056,2024-07-01 00:00:00,2
7319,0216A,2024-07-01 00:00:00,9
7320,1055A,2024-07-01 00:00:00,2
7321,0004,2024-07-02 00:00:00,7
7322,0094,2024-07-02 00:00:00,8
7323,0104,2024-07-02 00:00:00,8
7324,0110,2024-07-02 00:00:00,7
7325,0116,2024-07-02 00:00:00,8
7326,0141,2024-07-02 00:00:00,8
7327,0195,2024-07-02 00:00:00,7
7328,0196,2024-07-02 00:00:00,8
7329,0212,2024-07-02 00:00:00,7
7330,2208A,2024-04-19 00:00:00,1
7331,5007,2024-04-19 00:00:00,1
7332,7083,2024-04-19 00:00:00,1
7333,6067,2024-04-19 00:00:00,1
7334,5030,2024-04-19 00:00:00,1
7335,1095A,2024-04-19 00:00:00,1
7336,20334,2024-04-19 00:00:00,1
7337,6035,2024-04-19 00:00:00,1
7338,2171,2024-04-19 00:00:00,1
7339,0229,2024-04-19 00:00:00,1
7340,4087,2024-04-19 00:00:00,1
7341,8036,2024-04-19 00:00:00,1
7342,0323,2024-04-19 00:00:00,1
7343,91262,2024-04-19 00:00:00,1
7344,0231A,2024-04-19 00:00:00,1
7345,0201,2024-04-19 00:00:00,1
7346,8096,2024-04-19 00:00:00,1
7347,8046,2024-04-19 00:00:00,1
7348,3043,2024-04-19 00:00:00,1
7349,2021,2024-04-19 00:00:00,1
7350,5060,2024-04-19 00:00:00,1
7351,6043,2024-04-19 00:00:00,1
7352,0259,2024-04-19 00:00:00,1
7353,7061,2024-04-19 00:00:00,1
7354,0278,2024-04-19 00:00:00,1
7355,9007,2024-04-19 00:00:00,1
7356,7077,2024-04-19 00:00:00,1
7357,2130,2024-04-19 00:00:00,1
7358,0333,2024-04-19 00:00:00,1
7359,0111,2024-04-19 00:00:00,1
7360,8076,2024-04-19 00:00:00,1
7361,0336,2024-04-19 00:00:00,1
7362,1004,2024-04-19 00:00:00,1
7363,30212,2024-04-19 00:00:00,1
7364,8094,2024-04-19 00:00:00,1
7365,9006,2024-04-19 00:00:00,1
7366,9037,2024-04-19 00:00:00,1
7367,9053,2024-04-19 00:00:00,1
7368,9091,2024-04-19 00:00:00,1
7369,2180A,2024-04-19 00:00:00,1
7370,8030,2024-04-19 00:00:00,1
7371,8061,2024-04-19 00:00:00,3
7372,0202,2024-04-19 00:00:00,3
7373,4018,2024-04-19 00:00:00,3
7374,2063A,2024-04-19 00:00:00,3
7375,3119,2024-04-19 00:00:00,3
7376,2148A,2024-04-19 00:00:00,3
7377,5150,2024-04-19 00:00:00,3
7378,91172,2024-04-19 00:00:00,3
7379,31102,2024-04-19 00:00:00,3
7380,9042,2024-04-19 00:00:00,3
7381,8033,2024-04-19 00:00:00,3
7382,3066B,2024-04-19 00:00:00,3
7383,4025,2024-04-19 00:00:00,3
7384,3021A,2024-04-19 00:00:00,3
7385,7087,2024-04-19 00:00:00,3
7386,4A,2024-04-19 00:00:00,3
7387,9128B,2024-04-19 00:00:00,3
7388,7033,2024-04-19 00:00:00,3
7389,9113,2024-04-19 00:00:00,3
7390,1139A,2024-04-19 00:00:00,3
7391,5033,2024-04-19 00:00:00,3
7392,5079,2024-04-19 00:00:00,3
7393,2079,2024-04-19 00:00:00,3
7394,1078A,2024-04-19 00:00:00,3
7395,2219,2024-04-19 00:00:00,3
7396,2133A,2024-04-19 00:00:00,3
7397,9020,2024-04-19 00:00:00,3
7398,2196A,2024-04-19 00:00:00,3
7399,7007,2024-04-19 00:00:00,3
7400,5679,2024-04-19 00:00:00,3
7401,4075,2024-04-19 00:00:00,3
7402,0220,2024-04-19 00:00:00,3
7403,5010,2024-04-19 00:00:00,3
7404,2226,2024-04-19 00:00:00,3
7405,3024A,2024-04-19 00:00:00,3
7406,7032,2024-04-19 00:00:00,3
7407,2083,2024-04-19 00:00:00,3
7408,2094A,2024-04-19 00:00:00,3
7409,9389,2024-04-19 00:00:00,3
7410,0206B,2024-04-19 00:00:00,3
7411,0233,2024-04-19 00:00:00,3
7412,0269,2024-04-19 00:00:00,3
7413,0327,2024-04-19 00:00:00,3
7414,4099,2024-04-19 00:00:00,3
7415,8006,2024-04-19 00:00:00,3
7416,8014,2024-04-19 00:00:00,3
7417,9015,2024-04-19 00:00:00,3
7418,9016,2024-04-19 00:00:00,3
7419,9103,2024-04-19 00:00:00,3
7420,9122,2024-04-19 00:00:00,3
7421,5052,2024-04-19 00:00:00,3
7422,4065,2024-04-19 00:00:00,3
7423,8028,2024-04-19 00:00:00,3
7424,8041,2024-04-19 00:00:00,3
7425,91091,2024-04-19 00:00:00,3
7426,0241,2024-04-19 00:00:00,3
7427,0321,2024-04-19 00:00:00,3
7428,2037,2024-04-19 00:00:00,3
7429,8079,2024-04-22 00:00:00,1
7430,3107,2024-04-22 00:00:00,1
7431,5052,2024-04-22 00:00:00,1
7432,1090A,2024-04-23 00:00:00,CACH
7433,80121,2024-04-23 00:00:00,CACH
7434,8051,2024-04-23 00:00:00,CACH
7435,1005,2024-04-23 00:00:00,CACH
7436,"s/nA
4079
S/NB
EMB 1",2024-04-21 00:00:00,MG
7437,"4079
4079
S/NB
EMB 1",2024-04-21 00:00:00,3
7438,S/NB,2024-04-21 00:00:00,MG
7439,EMB 1,2024-04-21 00:00:00,CACH
7440,23056,2024-04-23 00:00:00,CACH
7441,23066,2024-04-23 00:00:00,CACH
7442,23100,2024-04-23 00:00:00,CACH
7443,23128,2024-04-23 00:00:00,CACH
7444,23137,2024-04-23 00:00:00,CACH
7445,23144,2024-04-23 00:00:00,CACH
7446,23145,2024-04-23 00:00:00,CACH
7447,23147,2024-04-23 00:00:00,CACH
7448,23160,2024-04-23 00:00:00,CACH
7449,23162,2024-04-23 00:00:00,CACH
7450,23163,2024-04-23 00:00:00,CACH
7451,23164,2024-04-23 00:00:00,CACH
7452,23165,2024-04-23 00:00:00,CACH
7453,23166,2024-04-23 00:00:00,CACH
7454,23169,2024-04-23 00:00:00,CACH
7455,23170,2024-04-23 00:00:00,CACH
7456,23171,2024-04-23 00:00:00,CACH
7457,23172,2024-04-23 00:00:00,CACH
7458,23173,2024-04-23 00:00:00,CACH
7459,23174,2024-04-23 00:00:00,CACH
7460,23176,2024-04-23 00:00:00,CACH
7461,23177,2024-04-23 00:00:00,CACH
7462,23180,2024-04-23 00:00:00,CACH
7463,23183,2024-04-23 00:00:00,CACH
7464,23185,2024-04-23 00:00:00,CACH
7465,23188,2024-04-23 00:00:00,CACH
7466,23190,2024-04-23 00:00:00,CACH
7467,23193,2024-04-23 00:00:00,CACH
7468,23201,2024-04-23 00:00:00,CACH
7469,23202,2024-04-23 00:00:00,CACH
7470,23203,2024-04-23 00:00:00,CACH
7471,23204,2024-04-23 00:00:00,CACH
7472,23209,2024-04-23 00:00:00,CACH
7473,23210,2024-04-23 00:00:00,CACH
7474,23211,2024-04-23 00:00:00,CACH
7475,23212,2024-04-23 00:00:00,CACH
7476,23215,2024-04-23 00:00:00,CACH
7477,23216,2024-04-23 00:00:00,CACH
7478,23220,2024-04-23 00:00:00,CACH
7479,23222,2024-04-23 00:00:00,CACH
7480,23228,2024-04-23 00:00:00,CACH
7481,23229,2024-04-23 00:00:00,CACH
7482,23233,2024-04-23 00:00:00,CACH
7483,23237,2024-04-23 00:00:00,CACH
7484,23239,2024-04-23 00:00:00,CACH
7485,23242,2024-04-23 00:00:00,CACH
7486,23243,2024-04-23 00:00:00,CACH
7487,23247,2024-04-23 00:00:00,CACH
7488,23248,2024-04-23 00:00:00,CACH
7489,23249,2024-04-23 00:00:00,CACH
7490,23168,2024-04-24 00:00:00,CACH
7491,3103,2024-04-24 00:00:00,CACH
7492,23100,2024-04-24 00:00:00,CACH
7493,23182,2024-04-24 00:00:00,CACH
7494,23075,2024-04-24 00:00:00,CACH
7495,23133,2024-04-24 00:00:00,CACH
7496,23031,2024-04-24 00:00:00,CACH
7497,23147,2024-04-24 00:00:00,CACH
7498,23145,2024-04-24 00:00:00,CACH
7499,23066,2024-04-24 00:00:00,CACH
7500,BU20,2024-04-24 00:00:00,CACH
7501,23148,2024-04-24 00:00:00,MG
7502,BU48,2024-04-24 00:00:00,CACH
7503,23194,2024-04-24 00:00:00,CACH
7504,9904,2024-04-24 00:00:00,3
7505,9036,2024-04-24 00:00:00,MG
7506,0107,2024-04-24 00:00:00,3
7507,EMB 5,2024-04-24 00:00:00,3
7508,23125,2024-04-24 00:00:00,CACH
7509,EMB 4,2024-04-24 00:00:00,MG
7510,2079,2024-04-24 00:00:00,MG
7511,1168,2024-04-24 00:00:00,3
7512,0102,2024-04-24 00:00:00,CACH
7513,809,2024-04-24 00:00:00,3
7514,7067,2024-04-24 00:00:00,3
7515,7004,2024-04-24 00:00:00,MG
7516,EMB 1,2024-04-24 00:00:00,3
7517,2143,2024-04-24 00:00:00,3
7518,5072,2024-04-24 00:00:00,CACH
7519,1055,2024-04-24 00:00:00,CACH
7520,33,2024-04-24 00:00:00,MG
7521,6020,2024-04-26 00:00:00,MG
7522,23100,2024-04-26 00:00:00,CACH
7523,23125,2024-04-26 00:00:00,CACH
7524,23128,2024-04-26 00:00:00,CACH
7525,23137,2024-04-26 00:00:00,CACH
7526,23143,2024-04-26 00:00:00,CACH
7527,23144,2024-04-26 00:00:00,CACH
7528,23156,2024-04-26 00:00:00,CACH
7529,23160,2024-04-26 00:00:00,CACH
7530,23162,2024-04-26 00:00:00,CACH
7531,23163,2024-04-26 00:00:00,CACH
7532,23164,2024-04-26 00:00:00,CACH
7533,23165,2024-04-26 00:00:00,CACH
7534,23166,2024-04-26 00:00:00,CACH
7535,23169,2024-04-26 00:00:00,CACH
7536,23170,2024-04-26 00:00:00,CACH
7537,23171,2024-04-26 00:00:00,CACH
7538,23172,2024-04-26 00:00:00,CACH
7539,23173,2024-04-26 00:00:00,CACH
7540,23174,2024-04-26 00:00:00,CACH
7541,23176,2024-04-26 00:00:00,CACH
7542,23177,2024-04-26 00:00:00,CACH
7543,23182,2024-04-26 00:00:00,CACH
7544,23180,2024-04-26 00:00:00,CACH
7545,23183,2024-04-26 00:00:00,CACH
7546,23185,2024-04-26 00:00:00,CACH
7547,23188,2024-04-26 00:00:00,CACH
7548,23190,2024-04-26 00:00:00,CACH
7549,23189,2024-04-26 00:00:00,CACH
7550,23193,2024-04-26 00:00:00,CACH
7551,23194,2024-04-26 00:00:00,CACH
7552,23195,2024-04-26 00:00:00,CACH
7553,23201,2024-04-26 00:00:00,CACH
7554,23202,2024-04-26 00:00:00,CACH
7555,23203,2024-04-26 00:00:00,CACH
7556,23204,2024-04-26 00:00:00,CACH
7557,23209,2024-04-26 00:00:00,CACH
7558,23210,2024-04-26 00:00:00,CACH
7559,23211,2024-04-26 00:00:00,CACH
7560,23212,2024-04-26 00:00:00,CACH
7561,23215,2024-04-26 00:00:00,CACH
7562,23216,2024-04-26 00:00:00,CACH
7563,23220,2024-04-26 00:00:00,CACH
7564,23222,2024-04-26 00:00:00,CACH
7565,23228,2024-04-26 00:00:00,CACH
7566,23229,2024-04-26 00:00:00,CACH
7567,23231,2024-04-26 00:00:00,CACH
7568,23233,2024-04-26 00:00:00,CACH
7569,23237,2024-04-26 00:00:00,CACH
7570,23239,2024-04-26 00:00:00,CACH
7571,23242,2024-04-26 00:00:00,CACH
7572,23243,2024-04-26 00:00:00,CACH
7573,23247,2024-04-26 00:00:00,CACH
7574,23248,2024-04-26 00:00:00,CACH
7575,23249,2024-04-26 00:00:00,CACH
7576,1090A,2024-04-25 00:00:00,MG
7577,4099,2024-04-28 00:00:00,MG
7578,8014,2024-04-28 00:00:00,MG
7579,8041,2024-04-28 00:00:00,MG
7580,91091,2024-04-28 00:00:00,MG
7581,9016,2024-04-28 00:00:00,MG
7582,9122,2024-04-28 00:00:00,MG
7583,0206B,2024-04-28 00:00:00,MG
7584,0321,2024-04-28 00:00:00,MG
7585,SNA,2024-04-29 00:00:00,MG
7586,0740,2024-04-29 00:00:00,3
7587,2083,2024-04-29 00:00:00,3
7588,4079,2024-04-29 00:00:00,MG
7589,4087,2024-04-29 00:00:00,3
7590,2219,2024-04-29 00:00:00,MG
7591,7083,2024-04-29 00:00:00,3
7592,8046,2024-04-29 00:00:00,3
7593,4065,2024-04-29 00:00:00,MG
7594,7032,2024-04-29 00:00:00,MG
7595,9042,2024-04-29 00:00:00,MG
7596,0206A,2024-04-29 00:00:00,MG
7597,0327,2024-04-29 00:00:00,MG
7598,2037,2024-04-29 00:00:00,MG
7599,1168,2024-04-29 00:00:00,MG
7600,23218,2024-04-29 00:00:00,MG
7601,2196A,2024-04-29 00:00:00,5
7602,31102,2024-04-29 00:00:00,5
7603,2148A,2024-04-29 00:00:00,5
7604,5679,2024-04-29 00:00:00,5
7605,4018,2024-04-29 00:00:00,5
7606,EMB 1,2024-04-29 00:00:00,5
7607,2143,2024-04-29 00:00:00,5
7608,9904,2024-04-29 00:00:00,5
7609,4008,2024-04-29 00:00:00,5
7610,7067,2024-04-29 00:00:00,5
7611,8028,2024-04-29 00:00:00,5
7612,8033,2024-04-29 00:00:00,5
7613,8048,2024-04-29 00:00:00,5
7614,809,2024-04-29 00:00:00,5
7615,0107,2024-04-29 00:00:00,5
7616,1005,2024-04-29 00:00:00,5
7617,5529,2024-04-29 00:00:00,5
7618,BU20,2024-04-29 00:00:00,5
7619,BU48,2024-04-29 00:00:00,5
7620,EMB 5,2024-04-29 00:00:00,5
7621,5079,2024-04-30 00:00:00,5
7622,2063A,2024-05-02 00:00:00,5
7623,S/NC,2024-04-30 00:00:00,MG
7624,S/NH,2024-04-30 00:00:00,MG
7625,S/NG,2024-04-30 00:00:00,MG
7626,05,2024-05-06 00:00:00,10
7627,9128B,2024-04-29 00:00:00,MG
7628,2220,2024-04-29 00:00:00,MG
7629,2080,2024-05-13 00:00:00,10
7630,80882,2024-05-12 00:00:00,10
7631,2047,2024-05-10 00:00:00,10
7632,6011,2024-05-10 00:00:00,10
7633,2073,2024-05-09 00:00:00,10
7634,80121,2024-05-09 00:00:00,10
7635,3108,2024-05-08 00:00:00,10
7636,9121,2024-05-08 00:00:00,10
7637,2196A,2024-05-07 00:00:00,6
7638,31102,2024-05-07 00:00:00,6
7639,2148A,2024-05-07 00:00:00,6
7640,2063A,2024-05-07 00:00:00,6
7641,5679,2024-05-07 00:00:00,6
7642,4018,2024-05-07 00:00:00,6
7643,EMB 1,2024-05-07 00:00:00,6
7644,2143,2024-05-07 00:00:00,6
7645,9904,2024-05-07 00:00:00,6
7646,4008,2024-05-07 00:00:00,6
7647,7067,2024-05-07 00:00:00,6
7648,8028,2024-05-07 00:00:00,6
7649,8033,2024-05-07 00:00:00,6
7650,8048,2024-05-07 00:00:00,6
7651,809,2024-05-07 00:00:00,6
7652,0107,2024-05-07 00:00:00,6
7653,1005,2024-05-07 00:00:00,6
7654,5079,2024-05-07 00:00:00,6
7655,5529,2024-05-07 00:00:00,6
7656,BU20,2024-05-07 00:00:00,6
7657,BU48,2024-05-07 00:00:00,6
7658,EMB 5,2024-05-07 00:00:00,6
7659,8060,2024-05-13 00:00:00,10
7660,23132,2024-05-25 00:00:00,MG
7661,23140,2024-05-25 00:00:00,MG
7662,23154,2024-05-25 00:00:00,MG
7663,23184,2024-05-25 00:00:00,MG
7664,23187,2024-05-25 00:00:00,MG
7665,23029,2024-05-25 00:00:00,MG
7666,23070,2024-05-25 00:00:00,MG
7667,23086,2024-05-25 00:00:00,MG
7668,23089,2024-05-25 00:00:00,MG
7669,23097,2024-05-25 00:00:00,MG
7670,SN50,2024-05-14 00:00:00,2
7671,2001B,2024-04-17 00:00:00,4
7672,1007,2024-05-25 00:00:00,8
7673,9135,2024-05-16 00:00:00,8
7674,MSN15,2024-05-16 00:00:00,8
7675,23027,2024-05-24 00:00:00,C4
7676,23055,2024-05-24 00:00:00,C4
7677,23056,2024-05-24 00:00:00,C4
7678,23061,2024-05-24 00:00:00,C4
7679,23073,2024-05-24 00:00:00,C4
7680,23074,2024-05-24 00:00:00,C4
7681,23077,2024-05-24 00:00:00,C4
7682,23079,2024-05-24 00:00:00,C4
7683,23081,2024-05-24 00:00:00,C4
7684,23082,2024-05-24 00:00:00,C4
7685,23092,2024-05-24 00:00:00,C4
7686,23098,2024-05-24 00:00:00,C4
7687,23101,2024-05-24 00:00:00,C4
7688,23105,2024-05-24 00:00:00,C4
7689,23107,2024-05-24 00:00:00,C4
7690,23110,2024-05-24 00:00:00,C4
7691,23122,2024-05-24 00:00:00,C4
7692,23127,2024-05-24 00:00:00,C4
7693,23131,2024-05-24 00:00:00,C4
7694,23134,2024-05-24 00:00:00,C4
7695,23138,2024-05-24 00:00:00,C4
7696,23141,2024-05-24 00:00:00,C4
7697,23151,2024-05-24 00:00:00,C4
7698,23152,2024-05-24 00:00:00,C4
7699,23153,2024-05-24 00:00:00,C4
7700,23159,2024-05-24 00:00:00,C4
7701,0223B,2024-05-25 00:00:00,7
7702,0254,2024-05-25 00:00:00,2
7703,1134,2024-05-25 00:00:00,7
7704,0317,2024-05-15 00:00:00,6
7705,1033,2024-05-14 00:00:00,2
7706,2150,2024-05-15 00:00:00,6
7707,2154,2024-05-14 00:00:00,2
7708,22132,2024-05-15 00:00:00,2
7709,2340,2024-05-15 00:00:00,6
7710,3038A,2024-05-17 00:00:00,MG
7711,4073,2024-05-15 00:00:00,6
7712,6042,2024-05-08 00:00:00,MG
7713,7076,2024-05-17 00:00:00,MG
7714,80272,2024-05-15 00:00:00,6
7715,9032,2024-05-17 00:00:00,6
7716,9118,2024-05-15 00:00:00,6
7717,EMB 3,2024-05-15 00:00:00,6
7718,EMB 6,2024-05-15 00:00:00,6
7719,TORO1,2024-05-17 00:00:00,MG
7720,TORO2,2024-05-17 00:00:00,MG
7721,TORO3,2024-05-17 00:00:00,MG
7722,TORO4,2024-05-17 00:00:00,MG
7723,TORO5,2024-05-17 00:00:00,MG
7724,2004,2024-05-25 00:00:00,2
7725,2053,2024-05-25 00:00:00,2
7726,2155,2024-05-25 00:00:00,2
7727,2022,2024-05-25 00:00:00,2
7728,1093,2024-05-25 00:00:00,2
7729,1064,2024-05-25 00:00:00,2
7730,1067,2024-05-25 00:00:00,2
7731,1085,2024-05-25 00:00:00,2
7732,1092A,2024-05-25 00:00:00,2
7733,1097A,2024-05-25 00:00:00,2
7734,1095B,2024-05-25 00:00:00,2
7735,1101A,2024-05-25 00:00:00,2
7736,1133,2024-05-25 00:00:00,2
7737,2005A,2024-05-25 00:00:00,2
7738,2005B,2024-05-25 00:00:00,2
7739,2025,2024-05-25 00:00:00,2
7740,2032,2024-05-25 00:00:00,2
7741,2039A,2024-05-25 00:00:00,2
7742,2045,2024-05-25 00:00:00,2
7743,2054,2024-05-25 00:00:00,2
7744,2058,2024-05-25 00:00:00,2
7745,1056,2024-05-25 00:00:00,2
7746,1096A,2024-05-25 00:00:00,2
7747,2029,2024-05-25 00:00:00,2
7748,1070A,2024-05-25 00:00:00,2
7749,1130A,2024-05-25 00:00:00,2
7750,2001B,2024-05-25 00:00:00,2
7751,1077,2024-05-25 00:00:00,2
7752,1018,2024-05-25 00:00:00,2
7753,2056,2024-05-25 00:00:00,2
7754,1112,2024-05-25 00:00:00,2
7755,1044,2024-05-25 00:00:00,2
7756,2090,2024-05-25 00:00:00,2
7757,1055A,2024-05-25 00:00:00,2
7758,1076,2024-05-25 00:00:00,2
7759,MSN3,2024-05-25 00:00:00,2
7760,22181,2024-05-25 00:00:00,2
7761,22194,2024-05-25 00:00:00,2
7762,23004,2024-05-25 00:00:00,2
7763,2092,2024-05-25 00:00:00,2
7764,1082A,2024-05-25 00:00:00,2
7765,2106,2024-05-25 00:00:00,2
7766,2170,2024-05-25 00:00:00,2
7767,1069,2024-05-25 00:00:00,2
7768,1070,2024-05-25 00:00:00,2
7769,1053,2024-05-25 00:00:00,2
7770,1237,2024-05-25 00:00:00,2
7771,0118A,2024-05-25 00:00:00,2
7772,1219,2024-05-25 00:00:00,2
7773,1166,2024-05-25 00:00:00,2
7774,1008,2024-05-25 00:00:00,2
7775,1106,2024-05-25 00:00:00,2
7776,0127,2024-05-25 00:00:00,2
7777,1228,2024-05-25 00:00:00,2
7778,1104,2024-05-25 00:00:00,2
7779,1216,2024-05-25 00:00:00,2
7780,0204B,2024-05-25 00:00:00,2
7781,0119,2024-05-25 00:00:00,2
7782,0185,2024-05-25 00:00:00,2
7783,1292,2024-05-25 00:00:00,2
7784,22168,2024-05-25 00:00:00,2
7785,2047,2024-05-25 00:00:00,1
7786,6011,2024-05-25 00:00:00,1
7787,2073,2024-05-25 00:00:00,1
7788,80121,2024-05-25 00:00:00,1
7789,9121,2024-05-25 00:00:00,1
7790,2080,2024-05-25 00:00:00,1
7791,05,2024-05-25 00:00:00,1
7792,3108,2024-05-25 00:00:00,1
7793,80882,2024-05-25 00:00:00,1
7794,5529,2024-05-25 00:00:00,1
7795,22132,2024-05-25 00:00:00,6
7796,6042,2024-05-25 00:00:00,3
7797,5592,2024-05-25 00:00:00,1
7798,5629,2024-05-25 00:00:00,1
7799,5638,2024-05-25 00:00:00,1
7800,4075,2024-05-20 00:00:00,MG
7801,1078A,2024-05-20 00:00:00,MG
7802,8060,2024-05-20 00:00:00,MG
7803,9113,2024-05-20 00:00:00,MG
7804,91172,2024-05-20 00:00:00,MG
7805,0269,2024-05-20 00:00:00,MG
7806,23211,2024-05-20 00:00:00,MG
7807,23216,2024-05-20 00:00:00,MG
7808,EMB 2,2024-06-04 00:00:00,MG
7809,0143,2024-06-12 00:00:00,CACH
7810,7052,2024-06-12 00:00:00,CACH
7811,2083,2024-06-12 00:00:00,MG
7812,5010,2024-06-12 00:00:00,MG
7813,0220,2024-06-12 00:00:00,MG
7814,1139A,2024-06-12 00:00:00,MG
7815,8062,2024-06-12 00:00:00,3
7816,91171,2024-06-12 00:00:00,3
7817,0132,2024-06-12 00:00:00,3
7818,0332,2024-06-12 00:00:00,3
7819,0233,2024-06-12 00:00:00,3
7820,0338,2024-06-12 00:00:00,3
7821,2096,2024-06-12 00:00:00,3
7822,0284,2024-06-12 00:00:00,3
7823,7022,2024-06-12 00:00:00,3
7824,9099,2024-06-12 00:00:00,3
7825,6035,2024-06-12 00:00:00,3
7826,0231A,2024-06-12 00:00:00,3
7827,8096,2024-06-12 00:00:00,3
7828,6043,2024-06-12 00:00:00,3
7829,0278,2024-06-12 00:00:00,3
7830,23173,2024-06-12 00:00:00,MG
7831,23210,2024-06-12 00:00:00,MG
7832,23249,2024-06-12 00:00:00,MG
7833,50741,2024-06-13 00:00:00,5
7834,23033,2024-06-13 00:00:00,cach
7835,31,2024-06-13 00:00:00,5
7836,22100,2024-06-13 00:00:00,2
7837,4007,2024-06-13 00:00:00,5
7838,2149,2024-06-13 00:00:00,2
7839,6021,2024-06-13 00:00:00,2
7840,9024,2024-06-13 00:00:00,5
7841,22157,2024-06-13 00:00:00,2
7842,22114,2024-06-13 00:00:00,2
7843,2094,2024-06-13 00:00:00,2
7844,1068A,2024-06-13 00:00:00,2
7845,8019,2024-06-13 00:00:00,5
7846,2013,2024-06-13 00:00:00,cach
7847,1123,2024-06-13 00:00:00,5
7848,1056A,2024-06-14 00:00:00,MG
7849,1090A,2024-06-14 00:00:00,MG
7850,4141,2024-06-14 00:00:00,MG
7851,7080,2024-06-14 00:00:00,MG
7852,9046,2024-06-14 00:00:00,MG
7853,6020,2024-06-14 00:00:00,MG
7854,9121,2024-06-14 00:00:00,MG
7855,05,2024-06-14 00:00:00,MG
7856,3108,2024-06-14 00:00:00,MG
7857,23209,2024-04-29 00:00:00,MG
7858,23171,2024-04-29 00:00:00,MG
7859,0128,2024-06-17 00:00:00,5
7860,0211,2024-06-17 00:00:00,5
7861,0224,2024-06-17 00:00:00,5
7862,10391,2024-06-17 00:00:00,5
7863,2097,2024-06-17 00:00:00,5
7864,4023,2024-06-17 00:00:00,5
7865,4055,2024-06-17 00:00:00,5
7866,6008,2024-06-17 00:00:00,CACH
7867,8005,2024-06-17 00:00:00,5
7868,80472,2024-06-17 00:00:00,5
7869,80921,2024-06-17 00:00:00,5
7870,8093,2024-06-17 00:00:00,5
7871,9047,2024-06-17 00:00:00,5
7872,9051,2024-06-17 00:00:00,5
7873,2093A,2024-06-17 00:00:00,5
7874,2169,2023-09-11 00:00:00,MUERTO
7875,4147,2024-05-13 00:00:00,MUERTO
7876,9605,2023-08-08 00:00:00,MUERTO
7877,3066A,2023-03-27 00:00:00,MUERTO
7878,5070,2023-01-09 00:00:00,MUERTO
7879,2129,2023-02-11 00:00:00,MUERTO
7880,2147,2023-02-18 00:00:00,MUERTO
7881,2011A,2023-01-11 00:00:00,MUERTO
7885,2133,2022-11-21 00:00:00,MUERTO
7886,2134,2022-12-01 00:00:00,MUERTO
7887,0138,2023-01-09 00:00:00,MUERTO
7888,2165,2022-12-05 00:00:00,MUERTO
7889,2136,2023-02-14 00:00:00,MUERTO
7890,4047,2023-01-25 00:00:00,MUERTO
7891,1033A,2023-08-15 00:00:00,MUERTO
7892,1089,2023-03-27 00:00:00,MUERTO
7893,1119,2023-03-27 00:00:00,MUERTO
7894,214E,2023-06-27 00:00:00,MUERTO
7895,2177A,2024-01-15 00:00:00,MUERTO
7896,3969,2023-06-27 00:00:00,MUERTO
7897,5016,2023-03-08 00:00:00,MUERTO
7898,5072,2024-04-29 00:00:00,MUERTO
7899,5074B,2023-01-09 00:00:00,MUERTO
7900,6003,2024-02-12 00:00:00,MUERTO
7901,60181,2023-07-19 00:00:00,MUERTO
7902,6024,2023-01-11 00:00:00,MUERTO
7903,6025,2024-03-11 00:00:00,MUERTO
7904,8088,2023-07-29 00:00:00,MUERTO
7905,8099,2023-05-09 00:00:00,MUERTO
7906,GYRO,2023-03-27 00:00:00,MUERTO
7907,S/ND,2024-02-12 00:00:00,MUERTO
7908,EMB 6,2024-06-10 00:00:00,MUERTO
7909,0331,2023-03-08 00:00:00,MUERTO
7910,14,2023-03-27 00:00:00,MUERTO
7911,5062,2023-03-30 00:00:00,MUERTO
7912,6053,2023-10-24 00:00:00,MUERTO
7913,8018,2023-08-15 00:00:00,MUERTO
7914,4122,2024-01-29 00:00:00,MUERTO
7915,2337,2024-05-17 00:00:00,MUERTO
7916,7062,2023-01-25 00:00:00,MUERTO
7917,6010,2024-04-12 00:00:00,MUERTO
7918,6022,2023-08-15 00:00:00,MUERTO
7919,7034,2023-06-27 00:00:00,MUERTO
7920,8002,2023-09-14 00:00:00,MUERTO
7921,8013A,2023-05-15 00:00:00,MUERTO
7922,8023,2023-04-29 00:00:00,MUERTO
7923,8024,2024-01-15 00:00:00,MUERTO
7924,8035,2023-01-26 00:00:00,MUERTO
7925,8042,2023-06-27 00:00:00,MUERTO
7926,8052,2023-06-27 00:00:00,MUERTO
7927,8056,2023-09-20 00:00:00,MUERTO
7928,8058,2023-08-15 00:00:00,MUERTO
7929,8059,2024-03-11 00:00:00,MUERTO
7930,8074,2023-06-27 00:00:00,MUERTO
7931,8075,2023-08-15 00:00:00,MUERTO
7932,8081,2024-04-07 00:00:00,MUERTO
7933,9057,2023-05-09 00:00:00,MUERTO
7934,9082,2023-11-19 00:00:00,MUERTO
7935,9092,2023-05-09 00:00:00,MUERTO
7936,9095,2024-05-20 00:00:00,MUERTO
7937,9096,2023-03-22 00:00:00,MUERTO
7938,9106,2024-03-19 00:00:00,MUERTO
7939,91241,2023-05-09 00:00:00,MUERTO
7940,3120,2023-08-15 00:00:00,MUERTO
7941,8080,2023-03-08 00:00:00,MUERTO
7942,9022,2024-01-25 00:00:00,MUERTO
7943,9030,2023-06-27 00:00:00,MUERTO
7944,9061,2024-02-21 00:00:00,MUERTO
7945,9137,2024-01-26 00:00:00,MUERTO
7946,0204,2024-01-02 00:00:00,MUERTO
7947,0291B,2023-02-03 00:00:00,MUERTO
7948,0347,2024-02-26 00:00:00,MUERTO
7949,2012,2024-04-30 00:00:00,MUERTO
7950,1028,2024-02-15 00:00:00,MUERTO
7951,0328,2023-06-05 00:00:00,MUERTO
7952,4113,2024-04-15 00:00:00,MUERTO
7953,8097,2023-05-09 00:00:00,MUERTO
7954,3104,2024-03-25 00:00:00,MUERTO
7955,4057,2024-03-29 00:00:00,MUERTO
7956,7070,2023-09-06 00:00:00,MUERTO
7957,06,2023-08-15 00:00:00,MUERTO
7958,1153,2023-02-02 00:00:00,MUERTO
7959,2064A,2023-03-08 00:00:00,MUERTO
7960,2028A,2024-02-27 00:00:00,MUERTO
7961,2215A,2023-02-14 00:00:00,MUERTO
7962,4041,2024-04-15 00:00:00,MUERTO
7963,1041A,2023-01-09 00:00:00,MUERTO
7964,1048A,2024-05-20 00:00:00,MUERTO
7965,2091,2024-04-04 00:00:00,MUERTO
7966,9080,2023-02-14 00:00:00,MUERTO
7967,0100,2023-06-17 00:00:00,MUERTO
7968,0103,2023-11-16 00:00:00,MUERTO
7969,0115,2024-05-20 00:00:00,MUERTO
7970,0118,2024-05-20 00:00:00,MUERTO
7971,0291A,2024-01-08 00:00:00,MUERTO
7972,0334,2024-04-15 00:00:00,MUERTO
7973,MSN10,2023-11-16 00:00:00,MUERTO
7974,MSN11,2023-02-14 00:00:00,MUERTO
7975,MSN13,2024-03-25 00:00:00,MUERTO
7976,MSN14,2024-01-08 00:00:00,MUERTO
7977,0273,2024-04-15 00:00:00,MUERTO
7978,9111,2023-02-14 00:00:00,MUERTO
7979,0238,2023-09-27 00:00:00,MUERTO
7980,9118A,2023-10-24 00:00:00,MUERTO
7981,0228,2023-09-27 00:00:00,MUERTO
7982,0295,2023-11-16 00:00:00,MUERTO
7983,0337,2024-01-08 00:00:00,MUERTO
7984,9038,2023-02-14 00:00:00,MUERTO
7985,9084,2024-02-21 00:00:00,MUERTO
7986,0251,2023-06-05 00:00:00,MUERTO
7987,0204A,2024-04-15 00:00:00,MUERTO
7988,0201A,2023-06-05 00:00:00,MUERTO
7989,0207,2023-11-16 00:00:00,MUERTO
7990,0298B,2023-10-24 00:00:00,MUERTO
7991,0248,2023-09-27 00:00:00,MUERTO
7992,9134,2024-03-25 00:00:00,MUERTO
7993,0277,2023-09-27 00:00:00,MUERTO
7994,0235,2023-09-27 00:00:00,MUERTO
7995,0324,2023-02-14 00:00:00,MUERTO
7996,0341,2023-11-16 00:00:00,MUERTO
7997,2778,2023-09-27 00:00:00,MUERTO
7998,0290,2024-05-27 00:00:00,MUERTO
7999,0221,2023-10-24 00:00:00,MUERTO
8000,9018,2024-01-08 00:00:00,MUERTO
8001,2779,2023-06-05 00:00:00,MUERTO
8002,0236,2023-03-06 00:00:00,MUERTO
8003,0259A,2023-06-05 00:00:00,MUERTO
8004,0356,2024-01-08 00:00:00,MUERTO
8005,0245,2023-11-16 00:00:00,MUERTO
8006,2179,2022-12-24 00:00:00,MUERTO
8007,2208,2022-12-31 00:00:00,MUERTO
8008,3009,2023-03-05 00:00:00,MUERTO
8009,BU1B,2023-02-23 00:00:00,MUERTO
8010,BU2B,2023-02-24 00:00:00,MUERTO
8011,BU37,2023-02-02 00:00:00,MUERTO
8012,BU44,2023-08-11 00:00:00,MUERTO
8013,BU45,2023-11-10 00:00:00,MUERTO
8014,BU46,2023-11-16 00:00:00,MUERTO
8015,BU49,2023-08-13 00:00:00,MUERTO
8016,BU50,2023-02-27 00:00:00,MUERTO
8017,BU51,2023-02-27 00:00:00,MUERTO
8018,BU52,2023-02-12 00:00:00,MUERTO
8019,pend21,2023-10-24 00:00:00,MUERTO
8020,pend26,2023-01-25 00:00:00,MUERTO
8021,9110,2024-01-29 00:00:00,MUERTO
8022,pend32,2024-03-25 00:00:00,MUERTO
8023,0250,2024-01-08 00:00:00,MUERTO
8024,BU049,2023-09-24 00:00:00,MUERTO
8025,BU017,2024-03-25 00:00:00,MUERTO
8026,BU023,2024-03-25 00:00:00,MUERTO
8027,BU034,2023-01-25 00:00:00,MUERTO
8028,BU4A,2023-04-04 00:00:00,MUERTO
8029,BU063,2023-09-01 00:00:00,MUERTO
8030,BU058,2023-01-25 00:00:00,MUERTO
8031,9010,2023-03-08 00:00:00,MUERTO
8032,3012,2023-03-20 00:00:00,MUERTO
8033,8071,2023-08-15 00:00:00,MUERTO
8034,8098,2023-12-26 00:00:00,MUERTO
8035,213,2024-05-22 00:00:00,MUERTO
8036,1161,2023-12-30 00:00:00,MUERTO
8037,7,2023-10-23 00:00:00,MUERTO
8038,80682,2023-08-15 00:00:00,MUERTO
8039,8034,2023-06-27 00:00:00,MUERTO
8040,3100,2023-11-16 00:00:00,MUERTO
8041,3025,2023-03-28 00:00:00,MUERTO
8042,3502,2023-10-02 00:00:00,MUERTO
8043,3032,2023-03-24 00:00:00,MUERTO
8044,3042,2023-05-09 00:00:00,MUERTO
8045,23047,2024-03-29 00:00:00,MUERTO
8046,23048,2024-04-07 00:00:00,MUERTO
8047,3068,2023-07-01 00:00:00,MUERTO
8048,3076,2023-07-10 00:00:00,MUERTO
8049,7065,2024-01-29 00:00:00,MUERTO
8050,9264,2024-01-29 00:00:00,MUERTO
8051,0265,2024-02-12 00:00:00,MUERTO
8052,1082,2024-05-20 00:00:00,MUERTO
8053,1084,2024-01-29 00:00:00,MUERTO
8054,1060,2024-05-20 00:00:00,MUERTO
8055,S/NJ,2023-10-24 00:00:00,MUERTO
8056,0094A,2024-02-12 00:00:00,MUERTO
8057,0178,2024-01-29 00:00:00,MUERTO
8058,37,2024-02-01 00:00:00,MUERTO
8059,1050,2024-03-11 00:00:00,MUERTO
8060,1057,2024-01-29 00:00:00,MUERTO
8061,1195,2024-03-11 00:00:00,MUERTO
8062,1017,2024-01-21 00:00:00,MUERTO
8063,1088,2024-02-12 00:00:00,MUERTO
8064,0215,2024-02-12 00:00:00,MUERTO
8065,1079A,2024-03-11 00:00:00,MUERTO
8066,0103A,2024-04-15 00:00:00,MUERTO
8067,0357,2024-03-11 00:00:00,MUERTO
8068,3083,2023-08-07 00:00:00,MUERTO
8069,pend40,2023-02-07 00:00:00,MUERTO
8070,3103,2024-05-23 00:00:00,MUERTO
8071,23112,2023-06-30 00:00:00,MUERTO
8072,23113,2023-08-29 00:00:00,MUERTO
8073,23117,2023-07-12 00:00:00,MUERTO
8074,pend43,2023-02-07 00:00:00,MUERTO
8075,23149,2024-02-18 00:00:00,MUERTO
8076,BU73,2023-08-23 00:00:00,MUERTO
8077,23155,2024-02-25 00:00:00,MUERTO
8078,BU74,2023-08-27 00:00:00,MUERTO
8079,BU77,2023-09-26 00:00:00,MUERTO
8080,23161,2023-08-31 00:00:00,MUERTO
8081,23167,2023-09-12 00:00:00,MUERTO
8082,23175,2023-12-06 00:00:00,MUERTO
8083,23191,2023-10-07 00:00:00,MUERTO
8084,23192,2023-10-13 00:00:00,MUERTO
8085,23199,2023-10-10 00:00:00,MUERTO
8086,23200,2024-03-01 00:00:00,MUERTO
8087,23205,2023-10-25 00:00:00,MUERTO
8088,BU90,2024-04-03 00:00:00,MUERTO
8089,BU91,2023-11-15 00:00:00,MUERTO
8090,23213,2023-11-12 00:00:00,MUERTO
8091,23219,2023-12-08 00:00:00,MUERTO
8092,23234,2023-12-28 00:00:00,MUERTO
8093,23245,2023-12-27 00:00:00,MUERTO
8094,0500,2024-05-23 00:00:00,1
8095,809,2024-05-29 00:00:00,1
8096,2050,2024-05-25 00:00:00,1
8097,2234,2024-06-11 00:00:00,1
8098,3178,2024-06-05 00:00:00,1
8099,5076,2024-05-20 00:00:00,1
8100,5082,2024-05-31 00:00:00,1
8101,5098,2024-06-09 00:00:00,1
8102,6011,2024-05-10 00:00:00,1
8103,7012,2024-05-21 00:00:00,1
8104,7017,2024-05-15 00:00:00,1
8105,7028,2024-05-19 00:00:00,1
8106,7059,2024-05-21 00:00:00,1
8107,8011,2024-05-25 00:00:00,1
8108,8050,2024-05-26 00:00:00,1
8109,8054,2024-05-19 00:00:00,1
8110,8077,2024-05-31 00:00:00,1
8111,9071,2024-06-07 00:00:00,1
8112,9238,2024-05-21 00:00:00,1
8113,80272,2024-05-26 00:00:00,1
8114,3003A,2024-06-03 00:00:00,1
8115,3027A,2024-05-14 00:00:00,1
8116,1091A,2024-05-14 00:00:00,1
8117,8017,2024-05-19 00:00:00,1
8118,7074,2024-06-14 00:00:00,1
8119,2171,2024-06-18 00:00:00,10
8120,2021,2024-06-18 00:00:00,1
8121,3003A,2024-06-18 00:00:00,10
8122,7028,2024-06-18 00:00:00,10
8123,2208A,2024-06-18 00:00:00,1
8124,3107,2024-06-18 00:00:00,10
8125,2234,2024-06-18 00:00:00,10
8126,2050,2024-06-18 00:00:00,10
8127,3750,2024-06-18 00:00:00,10
8128,2047,2024-06-18 00:00:00,10
8129,6011,2024-06-18 00:00:00,10
8130,0500,2024-06-18 00:00:00,10
8131,2130,2024-06-18 00:00:00,10
8132,2073,2024-06-18 00:00:00,10
8133,3043,2024-06-18 00:00:00,10
8134,2209A,2024-06-18 00:00:00,10
8135,8036,2024-06-18 00:00:00,10
8136,1091A,2024-06-18 00:00:00,10
8137,3178,2024-06-18 00:00:00,10
8138,5007,2024-06-18 00:00:00,1
8139,5052,2024-06-18 00:00:00,10
8140,5060,2024-06-18 00:00:00,1
8141,5076,2024-06-18 00:00:00,10
8142,5082,2024-06-18 00:00:00,10
8143,7012,2024-06-18 00:00:00,10
8144,7059,2024-06-18 00:00:00,10
8145,7074,2024-06-18 00:00:00,10
8146,7077,2024-06-18 00:00:00,10
8147,8094,2024-06-18 00:00:00,1
8148,9238,2024-06-18 00:00:00,10
8149,0018,2024-06-18 00:00:00,1
8150,9007,2024-06-18 00:00:00,10
8151,2090A,2024-06-18 00:00:00,10
8152,3027A,2024-06-18 00:00:00,10
8153,3132,2024-06-18 00:00:00,1
8154,20334,2024-06-18 00:00:00,10
8155,6067,2024-06-18 00:00:00,10
8156,4035,2024-06-18 00:00:00,10
8157,1095A,2024-06-18 00:00:00,10
8158,30212,2024-06-18 00:00:00,10
8159,5030,2024-06-18 00:00:00,10
8160,5098,2024-06-18 00:00:00,10
8161,7061,2024-06-18 00:00:00,10
8162,80121,2024-06-18 00:00:00,10
8163,80272,2024-06-18 00:00:00,10
8164,8030,2024-06-18 00:00:00,10
8165,8037,2024-06-18 00:00:00,10
8166,8050,2024-06-18 00:00:00,10
8167,8054,2024-06-18 00:00:00,10
8168,8076,2024-06-18 00:00:00,10
8169,8077,2024-06-18 00:00:00,10
8170,8079,2024-06-18 00:00:00,10
8171,809,2024-06-18 00:00:00,10
8172,9058,2024-06-18 00:00:00,10
8173,9071,2024-06-18 00:00:00,10
8174,91242,2024-06-18 00:00:00,10
8175,9125,2024-06-18 00:00:00,10
8176,19,2024-06-18 00:00:00,1
8177,8011,2024-06-18 00:00:00,5
8178,9006,2024-06-18 00:00:00,10
8179,9037,2024-06-18 00:00:00,10
8180,9053,2024-06-18 00:00:00,10
8181,9073,2024-06-18 00:00:00,10
8182,9076,2024-06-18 00:00:00,10
8183,9091,2024-06-18 00:00:00,10
8184,91262,2024-06-18 00:00:00,10
8185,0111,2024-06-18 00:00:00,10
8186,0201,2024-06-18 00:00:00,10
8187,0226,2024-06-18 00:00:00,10
8188,0229,2024-06-18 00:00:00,10
8189,0249,2024-06-18 00:00:00,10
8190,0259,2024-06-18 00:00:00,10
8191,0272,2024-06-18 00:00:00,10
8192,0298A,2024-06-18 00:00:00,10
8193,0322,2024-06-18 00:00:00,10
8194,0323,2024-06-18 00:00:00,10
8195,0329,2024-06-18 00:00:00,10
8196,0333,2024-06-18 00:00:00,1
8197,0336,2024-06-18 00:00:00,10
8198,1004,2024-06-18 00:00:00,10
8199,4095,2024-06-18 00:00:00,10
8200,2080,2024-06-18 00:00:00,10
8201,8063,2024-06-18 00:00:00,10
8202,1066A,2024-06-18 00:00:00,1
8203,2180A,2024-06-18 00:00:00,10
8204,80882,2024-06-18 00:00:00,10
8205,8017,2024-06-18 00:00:00,10
8206,7017,2024-06-18 00:00:00,10
8207,5592,2024-06-18 00:00:00,10
8208,5529,2024-06-18 00:00:00,10
8209,5629,2024-06-18 00:00:00,10
8210,5638,2024-06-18 00:00:00,10
8211,34,2024-06-18 00:00:00,10
8212,6043,2024-06-18 00:00:00,1
8213,3021A,2024-06-18 00:00:00,1
8214,2226,2024-06-18 00:00:00,1
8215,2133A,2024-06-18 00:00:00,1
8216,9389,2024-06-18 00:00:00,1
8217,6035,2024-06-18 00:00:00,1
8218,0740,2024-06-18 00:00:00,1
8219,5033,2024-06-18 00:00:00,1
8220,4087,2024-06-18 00:00:00,1
8221,2094A,2024-06-18 00:00:00,1
8222,3024A,2024-06-18 00:00:00,1
8223,7083,2024-06-18 00:00:00,1
8224,3066B,2024-06-18 00:00:00,1
8225,4025,2024-06-18 00:00:00,1
8226,0132,2024-06-18 00:00:00,1
8227,3119,2024-06-18 00:00:00,1
8228,2096,2024-06-18 00:00:00,1
8229,5150,2024-06-18 00:00:00,1
8230,7087,2024-06-18 00:00:00,1
8231,8046,2024-06-18 00:00:00,5
8232,6042,2024-06-18 00:00:00,1
8233,4A,2024-06-18 00:00:00,1
8234,8096,2024-06-18 00:00:00,1
8235,7022,2024-06-18 00:00:00,1
8236,7033,2024-06-18 00:00:00,5
8237,8062,2024-06-18 00:00:00,1
8238,9099,2024-06-18 00:00:00,1
8239,91171,2024-06-18 00:00:00,1
8240,8061,2024-06-18 00:00:00,1
8241,9015,2024-06-18 00:00:00,1
8242,9103,2024-06-18 00:00:00,1
8243,0202,2024-06-18 00:00:00,1
8244,0231A,2024-06-18 00:00:00,1
8245,0233,2024-06-18 00:00:00,1
8246,0241,2024-06-18 00:00:00,1
8247,0278,2024-06-18 00:00:00,1
8248,0284,2024-06-18 00:00:00,1
8249,0338,2024-06-18 00:00:00,1
8250,9020,2024-06-18 00:00:00,1
8251,0332,2024-06-18 00:00:00,1
8252,7007,2024-06-18 00:00:00,1
8253,8006,2024-06-18 00:00:00,1
8254,2196A,2024-06-01 00:00:00,5
8255,60286,2024-06-01 00:00:00,5
8256,2124A,2024-06-01 00:00:00,5
8257,31102,2024-06-01 00:00:00,5
8258,2148A,2024-06-01 00:00:00,5
8259,3026A,2024-06-01 00:00:00,5
8260,4101,2024-06-01 00:00:00,5
8261,4151,2024-06-01 00:00:00,5
8262,2063A,2024-06-01 00:00:00,5
8263,1015,2024-06-01 00:00:00,5
8264,2149A,2024-06-01 00:00:00,5
8265,5679,2024-06-01 00:00:00,5
8266,4018,2024-06-01 00:00:00,5
8267,EMB 1,2024-06-01 00:00:00,5
8268,22149,2024-06-01 00:00:00,5
8269,22126,2024-06-01 00:00:00,5
8270,2138,2024-06-01 00:00:00,5
8271,2019,2024-06-01 00:00:00,5
8272,2048,2024-06-01 00:00:00,5
8273,2153,2024-06-01 00:00:00,5
8274,2146,2024-06-01 00:00:00,5
8275,2042,2024-06-01 00:00:00,5
8276,22132,2024-06-01 00:00:00,5
8277,2143,2024-06-01 00:00:00,5
8278,4073,2024-06-01 00:00:00,5
8279,9904,2024-06-01 00:00:00,5
8280,22135,2024-06-01 00:00:00,5
8281,1112A,2024-06-01 00:00:00,5
8282,2051,2024-06-01 00:00:00,5
8283,2072,2024-06-01 00:00:00,5
8284,2217,2024-06-01 00:00:00,5
8285,2340,2024-06-01 00:00:00,5
8286,3093,2024-06-01 00:00:00,5
8287,4008,2024-06-01 00:00:00,5
8288,4066,2024-06-01 00:00:00,5
8289,4172,2024-06-01 00:00:00,5
8290,50501,2024-06-01 00:00:00,5
8291,5077,2024-06-01 00:00:00,5
8292,5092,2024-06-01 00:00:00,5
8293,6031,2024-06-01 00:00:00,5
8294,7067,2024-06-01 00:00:00,5
8295,EMB 3,2024-06-01 00:00:00,5
8296,9219,2024-06-01 00:00:00,5
8297,5146,2024-06-01 00:00:00,5
8298,6017,2024-06-01 00:00:00,5
8299,6050,2024-06-01 00:00:00,5
8300,7049,2024-06-01 00:00:00,5
8301,7050,2024-06-01 00:00:00,5
8302,7072,2024-06-01 00:00:00,5
8303,8010,2024-06-01 00:00:00,5
8304,8013,2024-06-01 00:00:00,5
8305,8026,2024-06-01 00:00:00,5
8306,8028,2024-06-01 00:00:00,5
8307,8033,2024-06-01 00:00:00,5
8308,8032,2024-06-01 00:00:00,5
8309,8043,2024-06-01 00:00:00,5
8310,8045,2024-06-01 00:00:00,5
8311,8048,2024-06-01 00:00:00,5
8312,8073,2024-06-01 00:00:00,5
8313,8082,2024-06-01 00:00:00,5
8314,80841,2024-06-01 00:00:00,5
8315,8086,2024-06-01 00:00:00,5
8316,8087,2024-06-01 00:00:00,5
8317,9032,2024-06-01 00:00:00,5
8318,9040,2024-06-01 00:00:00,5
8319,91121,2024-06-01 00:00:00,5
8320,8012B,2024-06-01 00:00:00,5
8321,9064,2024-06-01 00:00:00,5
8322,9110A,2024-06-01 00:00:00,5
8323,9116A,2024-06-01 00:00:00,5
8324,9126A,2024-06-01 00:00:00,5
8325,0101,2024-06-01 00:00:00,5
8326,0107,2024-06-01 00:00:00,5
8327,0108,2024-06-01 00:00:00,5
8328,0205,2024-06-01 00:00:00,5
8329,0208A,2024-06-01 00:00:00,5
8330,0231B,2024-06-01 00:00:00,5
8331,0240,2024-06-01 00:00:00,5
8332,0267,2024-06-01 00:00:00,5
8333,0270,2024-06-01 00:00:00,5
8334,0297,2024-06-01 00:00:00,5
8335,0299A,2024-06-01 00:00:00,5
8336,0299C,2024-06-01 00:00:00,5
8337,0330A,2024-06-01 00:00:00,5
8338,0342,2024-06-01 00:00:00,5
8339,0344,2024-06-01 00:00:00,5
8340,0348,2024-06-01 00:00:00,5
8341,0353,2024-06-01 00:00:00,5
8342,0354,2024-06-01 00:00:00,5
8343,0355,2024-06-01 00:00:00,5
8344,20,2024-06-01 00:00:00,5
8345,1039B,2024-06-01 00:00:00,5
8346,2040,2024-06-01 00:00:00,5
8347,1109B,2024-06-01 00:00:00,5
8348,2035A,2024-06-01 00:00:00,5
8349,2063B,2024-06-01 00:00:00,5
8350,1132,2024-06-01 00:00:00,5
8351,1017A,2024-06-01 00:00:00,5
8352,1021,2024-06-01 00:00:00,5
8353,S7,2024-06-01 00:00:00,5
8354,10431,2024-06-01 00:00:00,5
8355,1075,2024-06-01 00:00:00,5
8356,1096,2024-06-01 00:00:00,5
8357,1009,2024-06-01 00:00:00,5
8358,1005,2024-06-01 00:00:00,5
8359,9118,2024-06-01 00:00:00,5
8360,1079,2024-06-01 00:00:00,5
8361,0298,2024-06-01 00:00:00,5
8362,2203,2024-06-01 00:00:00,5
8363,2052,2024-06-01 00:00:00,5
8364,2039,2024-06-01 00:00:00,5
8365,1023,2024-06-01 00:00:00,5
8366,2702,2024-06-01 00:00:00,5
8367,1104A,2024-06-01 00:00:00,5
8368,5079,2024-06-01 00:00:00,5
8369,2150,2024-06-01 00:00:00,5
8370,9067,2024-06-01 00:00:00,5
8371,0317,2024-06-01 00:00:00,5
8372,22195,2024-06-01 00:00:00,5
8373,23003,2024-06-01 00:00:00,5
8374,2201,2024-06-01 00:00:00,5
8375,1066,2024-06-01 00:00:00,5
8376,2109,2024-06-01 00:00:00,5
8377,2111,2024-06-01 00:00:00,5
8378,2103,2024-06-01 00:00:00,5
8379,2108,2024-06-01 00:00:00,5
8380,2093,2024-06-01 00:00:00,5
8381,1088A,2024-06-01 00:00:00,5
8382,2031,2024-06-01 00:00:00,5
8383,2023,2024-06-01 00:00:00,5
8384,2200,2024-06-01 00:00:00,5
8385,BU20,2024-06-01 00:00:00,5
8386,BU48,2024-06-01 00:00:00,5
8387,0340A,2024-06-01 00:00:00,5
8388,0340B,2024-06-01 00:00:00,5
8389,2066,2024-06-01 00:00:00,5
8390,0350,2024-06-01 00:00:00,5
8391,30,2024-06-01 00:00:00,5
8392,S14,2024-06-01 00:00:00,5
8393,S15,2024-06-01 00:00:00,5
8394,8015,2024-06-01 00:00:00,5
8395,22049,2024-06-01 00:00:00,5
8396,EMB 5,2024-06-01 00:00:00,5
8397,35,2024-06-01 00:00:00,5
8398,22172,2024-06-01 00:00:00,5
8399,23094,2024-06-01 00:00:00,5
8400,23109,2024-06-01 00:00:00,5
8401,23126,2024-06-01 00:00:00,5
8402,23136,2024-06-01 00:00:00,5
8403,23139,2024-06-01 00:00:00,5
8404,SNA,2024-06-16 00:00:00,MAR
8405,2083,2024-06-16 00:00:00,MAR
8406,4079,2024-06-16 00:00:00,MAR
8407,2219,2024-06-16 00:00:00,MAR
8408,5010,2024-06-16 00:00:00,MAR
8409,S/NB,2024-06-16 00:00:00,MAR
8410,EMB 2,2024-06-16 00:00:00,MAR
8411,S/NC,2024-06-16 00:00:00,MAR
8412,4075,2024-06-16 00:00:00,MAR
8413,1056A,2024-06-16 00:00:00,MAR
8414,1090A,2024-06-16 00:00:00,MAR
8415,2079,2024-06-16 00:00:00,MAR
8416,3038A,2024-06-16 00:00:00,MAR
8417,4099,2024-06-16 00:00:00,MAR
8418,4141,2024-06-16 00:00:00,MAR
8419,7076,2024-06-16 00:00:00,MAR
8420,7080,2024-06-16 00:00:00,MAR
8421,9046,2024-06-16 00:00:00,MAR
8422,S/NH,2024-06-16 00:00:00,MAR
8423,8014,2024-06-16 00:00:00,MAR
8424,1078A,2024-06-16 00:00:00,MAR
8425,6020,2024-06-16 00:00:00,MAR
8426,4065,2024-06-16 00:00:00,MAR
8427,7004,2024-06-16 00:00:00,MAR
8428,7032,2024-06-16 00:00:00,MAR
8429,8041,2024-06-16 00:00:00,MAR
8430,8060,2024-06-16 00:00:00,MAR
8431,91091,2024-06-16 00:00:00,MAR
8432,33,2024-06-16 00:00:00,MAR
8433,9016,2024-06-16 00:00:00,MAR
8434,9036,2024-06-16 00:00:00,MAR
8435,9042,2024-06-16 00:00:00,MAR
8436,9113,2024-06-16 00:00:00,MAR
8437,91172,2024-06-16 00:00:00,MAR
8438,9121,2024-06-16 00:00:00,MAR
8439,9122,2024-06-16 00:00:00,MAR
8440,9128B,2024-06-16 00:00:00,MAR
8441,0206A,2024-06-16 00:00:00,MAR
8442,0206B,2024-06-16 00:00:00,MAR
8443,0220,2024-06-16 00:00:00,MAR
8444,0269,2024-06-16 00:00:00,MAR
8445,0321,2024-06-16 00:00:00,MAR
8446,0327,2024-06-16 00:00:00,MAR
8447,2037,2024-06-16 00:00:00,MAR
8448,05,2024-06-16 00:00:00,MAR
8449,3108,2024-06-16 00:00:00,MAR
8450,EMB 4,2024-06-16 00:00:00,MAR
8451,1139A,2024-06-16 00:00:00,MAR
8452,1168,2024-06-16 00:00:00,MAR
8453,2220,2024-06-16 00:00:00,MAR
8454,TORO1,2024-06-16 00:00:00,MAR
8455,TORO2,2024-06-16 00:00:00,MAR
8456,TORO3,2024-06-16 00:00:00,MAR
8457,TORO4,2024-06-16 00:00:00,MAR
8458,TORO5,2024-06-16 00:00:00,MAR
8459,23029,2024-06-16 00:00:00,MAR
8460,23070,2024-06-16 00:00:00,MAR
8461,23086,2024-06-16 00:00:00,MAR
8462,23089,2024-06-16 00:00:00,MAR
8463,23097,2024-06-16 00:00:00,MAR
8464,23132,2024-06-16 00:00:00,MAR
8465,23140,2024-06-16 00:00:00,MAR
8466,23148,2024-06-16 00:00:00,MAR
8467,23154,2024-06-16 00:00:00,MAR
8468,23171,2024-06-16 00:00:00,MAR
8469,23173,2024-06-16 00:00:00,MAR
8470,23184,2024-06-16 00:00:00,MAR
8471,23187,2024-06-16 00:00:00,MAR
8472,23209,2024-06-16 00:00:00,MAR
8473,23210,2024-06-16 00:00:00,MAR
8474,23211,2024-06-16 00:00:00,MAR
8475,23216,2024-06-16 00:00:00,MAR
8476,23218,2024-06-16 00:00:00,MAR
8477,23249,2024-06-16 00:00:00,MAR
8478,2217,2024-06-20 00:00:00,10
8479,0208,2024-06-24 00:00:00,MUERTO
8480,0210,2024-06-24 00:00:00,MUERTO
8481,1041,2024-06-24 00:00:00,MUERTO
8482,1043,2024-06-24 00:00:00,MUERTO
8483,1136,2024-06-24 00:00:00,MUERTO
8484,1189,2024-06-24 00:00:00,MUERTO
8485,2781,2024-06-24 00:00:00,7
8486,6031,2024-06-25 00:00:00,10
8487,4151,2024-06-25 00:00:00,10
8488,24166,2024-06-26 00:00:00,CACH
8489,24167,2024-06-26 00:00:00,CACH
8490,31,2024-06-26 00:00:00,10
8491,9051,2024-06-26 00:00:00,10
8492,2196A,2024-06-26 00:00:00,6
8493,60286,2024-06-26 00:00:00,6
8494,2124A,2024-06-26 00:00:00,6
8495,31102,2024-06-26 00:00:00,6
8496,2148A,2024-06-26 00:00:00,6
8497,3026A,2024-06-26 00:00:00,6
8498,4007,2024-06-26 00:00:00,6
8499,4101,2024-06-26 00:00:00,6
8500,4055,2024-06-26 00:00:00,6
8501,2063A,2024-06-26 00:00:00,6
8502,1015,2024-06-26 00:00:00,6
8503,2149A,2024-06-26 00:00:00,6
8504,5679,2024-06-26 00:00:00,6
8505,0128,2024-06-26 00:00:00,6
8506,4018,2024-06-26 00:00:00,6
8507,50741,2024-06-26 00:00:00,6
8508,EMB 1,2024-06-26 00:00:00,6
8509,22149,2024-06-26 00:00:00,6
8510,22126,2024-06-26 00:00:00,6
8511,2138,2024-06-26 00:00:00,6
8512,2019,2024-06-26 00:00:00,6
8513,2048,2024-06-26 00:00:00,6
8514,2153,2024-06-26 00:00:00,6
8515,2146,2024-06-26 00:00:00,6
8516,2042,2024-06-26 00:00:00,6
8517,22132,2024-06-26 00:00:00,6
8518,2093A,2024-06-26 00:00:00,6
8519,2143,2024-06-26 00:00:00,6
8520,4073,2024-06-26 00:00:00,6
8521,9904,2024-06-26 00:00:00,6
8522,22135,2024-06-26 00:00:00,6
8523,10391,2024-06-26 00:00:00,6
8524,1112A,2024-06-26 00:00:00,6
8525,2051,2024-06-26 00:00:00,6
8526,2072,2024-06-26 00:00:00,6
8527,2340,2024-06-26 00:00:00,6
8528,3093,2024-06-26 00:00:00,6
8529,4008,2024-06-26 00:00:00,6
8530,4023,2024-06-26 00:00:00,6
8531,4066,2024-06-26 00:00:00,6
8532,4172,2024-06-26 00:00:00,6
8533,50501,2024-06-26 00:00:00,6
8534,5077,2024-06-26 00:00:00,6
8535,5092,2024-06-26 00:00:00,6
8536,7067,2024-06-26 00:00:00,6
8537,8046,2024-06-26 00:00:00,6
8538,9047,2024-06-26 00:00:00,6
8539,EMB 3,2024-06-26 00:00:00,6
8540,9219,2024-06-26 00:00:00,6
8541,5146,2024-06-26 00:00:00,6
8542,6017,2024-06-26 00:00:00,6
8543,6050,2024-06-26 00:00:00,6
8544,7033,2024-06-26 00:00:00,6
8545,7049,2024-06-26 00:00:00,6
8546,7050,2024-06-26 00:00:00,6
8547,7072,2024-06-26 00:00:00,6
8548,8005,2024-06-26 00:00:00,6
8549,8010,2024-06-26 00:00:00,6
8550,8013,2024-06-26 00:00:00,6
8551,8026,2024-06-26 00:00:00,6
8552,8028,2024-06-26 00:00:00,6
8553,8033,2024-06-26 00:00:00,6
8554,8032,2024-06-26 00:00:00,6
8555,8043,2024-06-26 00:00:00,6
8556,8045,2024-06-26 00:00:00,6
8557,8048,2024-06-26 00:00:00,6
8558,8073,2024-06-26 00:00:00,6
8559,8082,2024-06-26 00:00:00,6
8560,80841,2024-06-26 00:00:00,6
8561,8086,2024-06-26 00:00:00,6
8562,8087,2024-06-26 00:00:00,6
8563,80921,2024-06-26 00:00:00,6
8564,8093,2024-06-26 00:00:00,6
8565,9032,2024-06-26 00:00:00,6
8566,9040,2024-06-26 00:00:00,6
8567,91121,2024-06-26 00:00:00,6
8568,1123,2024-06-26 00:00:00,6
8569,8011,2024-06-26 00:00:00,6
8570,8012B,2024-06-26 00:00:00,6
8571,9024,2024-06-26 00:00:00,6
8572,9064,2024-06-26 00:00:00,6
8573,9110A,2024-06-26 00:00:00,6
8574,9192,2024-05-22 00:00:00,C4
8575,9116A,2024-06-26 00:00:00,6
8576,9126A,2024-06-26 00:00:00,6
8577,0101,2024-06-26 00:00:00,6
8578,0107,2024-06-26 00:00:00,6
8579,0108,2024-06-26 00:00:00,6
8580,0205,2024-06-26 00:00:00,6
8581,0208A,2024-06-26 00:00:00,6
8582,0211,2024-06-26 00:00:00,6
8583,0224,2024-06-26 00:00:00,6
8584,0231B,2024-06-26 00:00:00,6
8585,0240,2024-06-26 00:00:00,6
8586,0267,2024-06-26 00:00:00,6
8587,0270,2024-06-26 00:00:00,6
8588,0297,2024-06-26 00:00:00,6
8589,0299A,2024-06-26 00:00:00,6
8590,0299C,2024-06-26 00:00:00,6
8591,0330A,2024-06-26 00:00:00,6
8592,0342,2024-06-26 00:00:00,6
8593,0344,2024-06-26 00:00:00,6
8594,0348,2024-06-26 00:00:00,6
8595,0353,2024-06-26 00:00:00,6
8596,0354,2024-06-26 00:00:00,6
8597,0355,2024-06-26 00:00:00,6
8598,20,2024-06-26 00:00:00,6
8599,1039B,2024-06-26 00:00:00,6
8600,2040,2024-06-26 00:00:00,6
8601,1109B,2024-06-26 00:00:00,6
8602,2035A,2024-06-26 00:00:00,6
8603,2063B,2024-06-26 00:00:00,6
8604,1132,2024-06-26 00:00:00,6
8605,1017A,2024-06-26 00:00:00,6
8606,1021,2024-06-26 00:00:00,6
8607,S7,2024-06-26 00:00:00,6
8608,10431,2024-06-26 00:00:00,6
8609,1075,2024-06-26 00:00:00,6
8610,1096,2024-06-26 00:00:00,6
8611,1009,2024-06-26 00:00:00,6
8612,1005,2024-06-26 00:00:00,6
8613,9118,2024-06-26 00:00:00,6
8614,80472,2024-06-26 00:00:00,6
8615,1079,2024-06-26 00:00:00,6
8616,0298,2024-06-26 00:00:00,6
8617,2203,2024-06-26 00:00:00,6
8618,2052,2024-06-26 00:00:00,6
8619,2039,2024-06-26 00:00:00,6
8620,1023,2024-06-26 00:00:00,6
8621,2702,2024-06-26 00:00:00,6
8622,1104A,2024-06-26 00:00:00,6
8623,5079,2024-06-26 00:00:00,6
8624,2097,2024-06-26 00:00:00,6
8625,2150,2024-06-26 00:00:00,6
8626,9067,2024-06-26 00:00:00,6
8627,0317,2024-06-26 00:00:00,6
8628,22195,2024-06-26 00:00:00,6
8629,23003,2024-06-26 00:00:00,6
8630,2201,2024-06-26 00:00:00,6
8631,1066,2024-06-26 00:00:00,6
8632,2109,2024-06-26 00:00:00,6
8633,2111,2024-06-26 00:00:00,6
8634,2103,2024-06-26 00:00:00,6
8635,2108,2024-06-26 00:00:00,6
8636,2093,2024-06-26 00:00:00,6
8637,1088A,2024-06-26 00:00:00,6
8638,2031,2024-06-26 00:00:00,6
8639,2023,2024-06-26 00:00:00,6
8640,2200,2024-06-26 00:00:00,6
8641,BU20,2024-06-26 00:00:00,6
8642,BU48,2024-06-26 00:00:00,6
8643,0340A,2024-06-26 00:00:00,6
8644,0340B,2024-06-26 00:00:00,6
8645,2066,2024-06-26 00:00:00,6
8646,0350,2024-06-26 00:00:00,6
8647,30,2024-06-26 00:00:00,6
8648,S14,2024-06-26 00:00:00,6
8649,S15,2024-06-26 00:00:00,6
8650,8015,2024-06-26 00:00:00,6
8651,22049,2024-06-26 00:00:00,6
8652,8019,2024-06-26 00:00:00,6
8653,EMB 5,2024-06-26 00:00:00,6
8654,35,2024-06-26 00:00:00,6
8655,22172,2024-06-26 00:00:00,6
8656,23094,2024-06-26 00:00:00,6
8657,23109,2024-06-26 00:00:00,6
8658,23126,2024-06-26 00:00:00,6
8659,23136,2024-06-26 00:00:00,6
8660,23139,2024-06-26 00:00:00,6
8661,5033,2024-06-27 00:00:00,6
8662,4087,2024-06-27 00:00:00,6
8663,2094A,2024-06-27 00:00:00,6
8664,3119,2024-06-27 00:00:00,6
8665,7087,2024-06-27 00:00:00,6
8666,7007,2024-06-27 00:00:00,6
8667,8338,2024-06-26 00:00:00,C4
8668,8078,2024-06-26 00:00:00,C4
8669,9109B,2024-06-26 00:00:00,C4
8670,0125,2024-06-26 00:00:00,C4
8671,0252,2024-06-26 00:00:00,C4
8672,0263,2024-06-26 00:00:00,C4
8673,22177,2024-06-26 00:00:00,C4
8674,22183,2024-06-26 00:00:00,C4
8675,22184,2024-06-26 00:00:00,C4
8676,22192,2024-06-26 00:00:00,C4
8677,22199,2024-06-26 00:00:00,C4
8678,23008,2024-06-26 00:00:00,C4
8679,23011,2024-06-26 00:00:00,C4
8680,BU099,2024-06-26 00:00:00,C4
8681,BU306,2024-06-26 00:00:00,C4
8682,BU091,2024-06-26 00:00:00,C4
8683,BU089,2024-06-26 00:00:00,C4
8684,BU308,2024-06-26 00:00:00,C4
8685,BU092,2024-06-26 00:00:00,C4
8686,BU309,2024-06-26 00:00:00,C4
8687,BU310,2024-06-26 00:00:00,C4
8688,BU311,2024-06-26 00:00:00,C4
8689,BU078,2024-06-26 00:00:00,C4
8690,BU314,2024-06-26 00:00:00,C4
8691,BU315,2024-06-26 00:00:00,C4
8692,BU085,2024-06-26 00:00:00,C4
8693,BU087,2024-06-26 00:00:00,C4
8694,BU056,2024-06-26 00:00:00,C4
8695,BU090,2024-06-26 00:00:00,C4
8696,BU317,2024-06-26 00:00:00,C4
8697,BU319,2024-06-26 00:00:00,C4
8698,BU321,2024-06-26 00:00:00,C4
8699,BU071,2024-06-26 00:00:00,C4
8700,BU322,2024-06-26 00:00:00,C4
8701,BU323,2024-06-26 00:00:00,C4
8702,BU325,2024-06-26 00:00:00,C4
8703,BU073,2024-06-26 00:00:00,C4
8704,BU326,2024-06-26 00:00:00,C4
8705,BU095,2024-06-26 00:00:00,C4
8706,BU327,2024-06-26 00:00:00,C4
8707,BU328,2024-06-26 00:00:00,C4
8708,BU313,2024-06-26 00:00:00,C4
8709,BU084,2024-06-26 00:00:00,C4
8710,BU305,2024-06-26 00:00:00,C4
8711,BU307,2024-06-26 00:00:00,C4
8712,BU097,2024-06-26 00:00:00,C4
8713,BU304,2024-06-26 00:00:00,C4
8714,BU303,2024-06-26 00:00:00,C4
8715,BU302,2024-06-26 00:00:00,C4
8716,BU088,2024-06-26 00:00:00,C4
8717,BU320,2024-06-26 00:00:00,C4
8718,BU076,2024-06-26 00:00:00,C4
8719,BU082,2024-06-26 00:00:00,C4
8720,BU318,2024-06-26 00:00:00,C4
8721,BU331,2024-06-26 00:00:00,C4
8722,BU106,2024-06-26 00:00:00,C4
8723,BU301,2024-06-26 00:00:00,C4
8724,BU330,2024-06-26 00:00:00,C4
8725,BU086,2024-06-26 00:00:00,C4
8726,BU347,2024-06-26 00:00:00,C4
8727,BU349,2024-06-26 00:00:00,C4
8728,BU346,2024-06-26 00:00:00,C4
8729,BU348,2024-06-26 00:00:00,C4
8730,BU344,2024-06-26 00:00:00,C4
8731,BU351,2024-06-26 00:00:00,C4
8732,BU069,2024-06-26 00:00:00,C4
8733,BU345,2024-06-26 00:00:00,C4
8734,BU338,2024-06-26 00:00:00,C4
8735,BU335,2024-06-26 00:00:00,C4
8736,BU324,2024-06-26 00:00:00,C4
8737,BU316,2024-06-26 00:00:00,C4
8738,BU007,2024-06-26 00:00:00,C4
8739,BU004,2024-06-26 00:00:00,C4
8740,BU006,2024-06-26 00:00:00,C4
8741,1015A,2024-06-26 00:00:00,C4
8742,23018,2024-06-26 00:00:00,C4
8743,23019,2024-06-26 00:00:00,C4
8744,BU312,2024-06-26 00:00:00,C4
8745,23024,2024-06-26 00:00:00,C4
8746,23026,2024-06-26 00:00:00,C4
8747,23028,2024-06-26 00:00:00,C4
8748,23038,2024-06-26 00:00:00,C4
8749,23039,2024-06-26 00:00:00,C4
8750,23041,2024-06-26 00:00:00,C4
8751,23044,2024-06-26 00:00:00,C4
8752,23045,2024-06-26 00:00:00,C4
8753,23046,2024-06-26 00:00:00,C4
8754,23049,2024-06-26 00:00:00,C4
8755,23050,2024-06-26 00:00:00,C4
8756,23051,2024-06-26 00:00:00,C4
8757,23052,2024-06-26 00:00:00,C4
8758,23053,2024-06-26 00:00:00,C4
8759,23054,2024-06-26 00:00:00,C4
8760,23058,2024-06-26 00:00:00,C4
8761,23064,2024-06-26 00:00:00,C4
8762,23067,2024-06-26 00:00:00,C4
8763,23069,2024-06-26 00:00:00,C4
8764,23071,2024-06-26 00:00:00,C4
8765,23084,2024-06-26 00:00:00,C4
8766,23085,2024-06-26 00:00:00,C4
8767,23087,2024-06-26 00:00:00,C4
8768,23088,2024-06-26 00:00:00,C4
8769,22169A,2024-06-26 00:00:00,C4
8770,23090,2024-06-26 00:00:00,C4
8771,23091,2024-06-26 00:00:00,C4
8772,23096,2024-06-26 00:00:00,C4
8773,23099,2024-06-26 00:00:00,C4
8774,23102,2024-06-26 00:00:00,C4
8775,23104,2024-06-26 00:00:00,C4
8776,BU332,2024-06-26 00:00:00,C4
8777,23108,2024-06-26 00:00:00,C4
8778,23118,2024-06-26 00:00:00,C4
8779,23119,2024-06-26 00:00:00,C4
8780,23120,2024-06-26 00:00:00,C4
8781,23123,2024-06-26 00:00:00,C4
8782,23124,2024-06-26 00:00:00,C4
8783,23135,2024-06-26 00:00:00,C4
8784,23142,2024-06-26 00:00:00,C4
8785,BU337,2024-06-26 00:00:00,C4
8786,BU329,2024-06-26 00:00:00,C4
8787,BU340,2024-06-26 00:00:00,C4
8788,23150,2024-06-26 00:00:00,C4
8789,BU343,2024-06-26 00:00:00,C4
8790,BU333,2024-06-26 00:00:00,C4
8791,BU342,2024-06-26 00:00:00,C4
8792,BU339,2024-06-26 00:00:00,C4
8793,BU336,2024-06-26 00:00:00,C4
8794,BU334,2024-06-26 00:00:00,C4
8795,BU341,2024-06-26 00:00:00,C4
8796,0267,2024-06-28 00:00:00,10
8797,1039,2024-06-19 00:00:00,9
8798,1080A,2024-06-19 00:00:00,9
8799,2035,2024-06-19 00:00:00,9
8800,1029,2024-06-19 00:00:00,9
8801,0104,2024-06-19 00:00:00,9
8802,0212,2024-06-19 00:00:00,9
8803,0260,2024-06-19 00:00:00,9
8804,0279,2024-06-19 00:00:00,9
8805,0292,2024-06-19 00:00:00,9
8806,0335,2024-06-19 00:00:00,9
8807,MSN1,2024-06-19 00:00:00,9
8808,MSN4,2024-06-19 00:00:00,9
8809,0214,2024-06-19 00:00:00,9
8810,9136A,2024-06-19 00:00:00,9
8811,0116,2024-06-19 00:00:00,9
8812,MSN8,2024-06-19 00:00:00,9
8813,MSN9,2024-06-19 00:00:00,9
8814,MSN15,2024-06-19 00:00:00,9
8815,1007,2024-06-19 00:00:00,9
8816,2781,2024-06-19 00:00:00,9
8817,0242,2024-06-19 00:00:00,9
8818,0223A,2024-06-19 00:00:00,9
8819,9135,2024-06-19 00:00:00,9
8820,1131,2024-06-19 00:00:00,9
8821,1141,2024-06-19 00:00:00,9
8822,1161A,2024-06-19 00:00:00,9
8823,1148,2024-06-19 00:00:00,9
8824,1097,2024-06-19 00:00:00,9
8825,1182,2024-06-19 00:00:00,9
8826,1090,2024-06-19 00:00:00,9
8827,1095,2024-06-19 00:00:00,9
8828,1190,2024-06-19 00:00:00,9
8829,0196,2024-06-19 00:00:00,9
8830,1238,2024-06-19 00:00:00,9
8831,1083,2024-06-19 00:00:00,9
8832,1257,2024-06-19 00:00:00,9
8833,0141,2024-06-19 00:00:00,9
8834,1080,2024-06-19 00:00:00,9
8835,1139,2024-06-19 00:00:00,9
8836,1180,2024-06-19 00:00:00,9
8837,1146,2024-06-19 00:00:00,9
8838,1205,2024-06-19 00:00:00,9
8839,1049,2024-06-19 00:00:00,9
8840,1074A,2024-06-19 00:00:00,9
8841,1037,2024-06-19 00:00:00,9
8842,1052,2024-06-19 00:00:00,9
8843,1213,2024-06-19 00:00:00,9
8844,0195,2024-06-19 00:00:00,9
8845,1187,2024-06-19 00:00:00,9
8846,1096B,2024-06-19 00:00:00,9
8847,0004,2024-06-19 00:00:00,9
8848,1174,2024-06-19 00:00:00,9
8849,1253,2024-06-19 00:00:00,9
8850,0094,2024-06-19 00:00:00,9
8851,1151,2024-06-19 00:00:00,9
8852,1092,2024-06-19 00:00:00,9
8853,1162,2024-06-19 00:00:00,9
8854,1046,2024-06-19 00:00:00,9
8855,1098A,2024-06-19 00:00:00,9
8856,0217,2024-06-19 00:00:00,9
8857,1131,2024-06-24 00:00:00,9
8858,2041,2024-06-13 00:00:00,C4
8859,0214,2024-07-02 00:00:00,7
8860,0217,2024-07-02 00:00:00,8
8861,0219,2024-07-02 00:00:00,7
8862,0221A,2024-07-02 00:00:00,7
8863,0223A,2024-07-02 00:00:00,7
8864,0242,2024-07-02 00:00:00,8
8865,0260,2024-07-02 00:00:00,7
8866,0279,2024-07-02 00:00:00,8
8867,0292,2024-07-02 00:00:00,7
8868,0335,2024-07-02 00:00:00,8
8869,0345,2024-07-02 00:00:00,8
8870,1007,2024-07-02 00:00:00,8
8871,1029,2024-07-02 00:00:00,7
8872,1030,2024-07-02 00:00:00,7
8873,1034,2024-07-02 00:00:00,7
8874,1037,2024-07-02 00:00:00,8
8875,1039,2024-07-02 00:00:00,8
8876,1046,2024-07-02 00:00:00,8
8877,1049,2024-07-02 00:00:00,7
8878,1052,2024-07-02 00:00:00,7
8879,1074A,2024-07-02 00:00:00,8
8880,1080,2024-07-02 00:00:00,7
8881,1080A,2024-07-02 00:00:00,8
8882,1083,2024-07-02 00:00:00,8
8883,1090,2024-07-02 00:00:00,7
8884,1092,2024-07-02 00:00:00,8
8885,1095,2024-07-02 00:00:00,8
8886,1096B,2024-07-02 00:00:00,8
8887,1097,2024-07-02 00:00:00,7
8888,1098A,2024-07-02 00:00:00,8
8889,1139,2024-07-02 00:00:00,8
8890,1141,2024-07-02 00:00:00,8
8891,1142,2024-07-02 00:00:00,7
8892,1146,2024-07-02 00:00:00,7
8893,1148,2024-07-02 00:00:00,7
8894,1151,2024-07-02 00:00:00,7
8895,1161A,2024-07-02 00:00:00,7
8896,1162,2024-07-02 00:00:00,8
8897,1174,2024-07-02 00:00:00,8
8898,1180,2024-07-02 00:00:00,8
8899,1182,2024-07-02 00:00:00,8
8900,1187,2024-07-02 00:00:00,8
8901,1190,2024-07-02 00:00:00,8
8902,1205,2024-07-02 00:00:00,7
8903,1213,2024-07-02 00:00:00,7
8904,1238,2024-07-02 00:00:00,8
8905,1253,2024-07-02 00:00:00,7
8906,1257,2024-07-02 00:00:00,8
8907,2035,2024-07-02 00:00:00,7
8908,9135,2024-07-02 00:00:00,8
8909,9136A,2024-07-02 00:00:00,8
8910,MSN1,2024-07-02 00:00:00,8
8911,MSN15,2024-07-02 00:00:00,8
8912,MSN4,2024-07-02 00:00:00,7
8913,MSN8,2024-07-02 00:00:00,7
8914,MSN9,2024-07-02 00:00:00,9
8915,SNA,2024-06-27 00:00:00,4
8916,2083,2024-06-27 00:00:00,4
8917,4079,2024-06-27 00:00:00,4
8918,2219,2024-06-27 00:00:00,4
8919,5010,2024-06-27 00:00:00,4
8920,S/NB,2024-06-27 00:00:00,4
8921,EMB 2,2024-06-27 00:00:00,4
8922,S/NC,2024-06-27 00:00:00,4
8923,4075,2024-06-27 00:00:00,4
8924,1056A,2024-06-27 00:00:00,4
8925,1090A,2024-06-27 00:00:00,4
8926,2079,2024-06-27 00:00:00,4
8927,3038A,2024-06-27 00:00:00,4
8928,4099,2024-06-27 00:00:00,4
8929,4141,2024-06-27 00:00:00,4
8930,7076,2024-06-27 00:00:00,4
8931,7080,2024-06-27 00:00:00,4
8932,9046,2024-06-27 00:00:00,4
8933,S/NH,2024-06-27 00:00:00,4
8934,8014,2024-06-27 00:00:00,4
8935,1078A,2024-06-27 00:00:00,4
8936,6020,2024-06-27 00:00:00,4
8937,4065,2024-06-27 00:00:00,4
8938,7004,2024-06-27 00:00:00,4
8939,7032,2024-06-27 00:00:00,4
8940,8041,2024-06-27 00:00:00,4
8941,8060,2024-06-27 00:00:00,4
8942,91091,2024-06-27 00:00:00,4
8943,33,2024-06-27 00:00:00,4
8944,9016,2024-06-27 00:00:00,4
8945,9042,2024-06-27 00:00:00,4
8946,9113,2024-06-27 00:00:00,4
8947,91172,2024-06-27 00:00:00,4
8948,9121,2024-06-27 00:00:00,4
8949,9122,2024-06-27 00:00:00,4
8950,9128B,2024-06-27 00:00:00,4
8951,0206A,2024-06-27 00:00:00,4
8952,0206B,2024-06-27 00:00:00,4
8953,0220,2024-06-27 00:00:00,4
8954,0269,2024-06-27 00:00:00,4
8955,0321,2024-06-27 00:00:00,4
8956,0327,2024-06-27 00:00:00,4
8957,2037,2024-06-27 00:00:00,4
8958,05,2024-06-27 00:00:00,4
8959,3108,2024-06-27 00:00:00,4
8960,EMB 4,2024-06-27 00:00:00,4
8961,1139A,2024-06-27 00:00:00,4
8962,1168,2024-06-27 00:00:00,4
8963,2220,2024-06-27 00:00:00,4
8964,TORO1,2024-06-27 00:00:00,4
8965,TORO2,2024-06-27 00:00:00,4
8966,TORO3,2024-06-27 00:00:00,4
8967,TORO4,2024-06-27 00:00:00,4
8968,23148,2024-06-27 00:00:00,4
8969,23171,2024-06-27 00:00:00,4
8970,23173,2024-06-27 00:00:00,4
8971,23209,2024-06-27 00:00:00,4
8972,23210,2024-06-27 00:00:00,4
8973,23211,2024-06-27 00:00:00,4
8974,23216,2024-06-27 00:00:00,4
8975,23218,2024-06-27 00:00:00,4
8976,23249,2024-06-27 00:00:00,4
8977,6043,2024-07-04 00:00:00,3
8978,3021A,2024-07-04 00:00:00,3
8979,2021,2024-07-04 00:00:00,3
8980,2226,2024-07-04 00:00:00,3
8981,2133A,2024-07-04 00:00:00,3
8982,2208A,2024-07-04 00:00:00,3
8983,9389,2024-07-04 00:00:00,3
8984,6035,2024-07-04 00:00:00,3
8985,0740,2024-07-04 00:00:00,3
8986,3024A,2024-07-04 00:00:00,3
8987,7083,2024-07-04 00:00:00,3
8988,3066B,2024-07-04 00:00:00,3
8989,4025,2024-07-04 00:00:00,3
8990,0132,2024-07-04 00:00:00,3
8991,2096,2024-07-04 00:00:00,3
8992,5007,2024-07-04 00:00:00,3
8993,5060,2024-07-04 00:00:00,3
8994,5150,2024-07-04 00:00:00,3
8995,8094,2024-07-04 00:00:00,3
8996,0018,2024-07-04 00:00:00,3
8997,6042,2024-07-04 00:00:00,3
8998,4A,2024-07-04 00:00:00,3
8999,3132,2024-07-04 00:00:00,3
9000,8096,2024-07-04 00:00:00,3
9001,7022,2024-07-04 00:00:00,3
9002,8062,2024-07-04 00:00:00,3
9003,9099,2024-07-04 00:00:00,3
9004,91171,2024-07-04 00:00:00,3
9005,19,2024-07-04 00:00:00,3
9006,8061,2024-07-04 00:00:00,3
9007,9015,2024-07-04 00:00:00,1A
9008,9103,2024-07-04 00:00:00,1A
9009,0202,2024-07-04 00:00:00,3
9010,0231A,2024-07-04 00:00:00,3
9011,0233,2024-07-04 00:00:00,3
9012,0241,2024-07-04 00:00:00,1A
9013,0278,2024-07-04 00:00:00,3
9014,0284,2024-07-04 00:00:00,3
9015,0333,2024-07-04 00:00:00,1A
9016,0338,2024-07-04 00:00:00,3
9017,9020,2024-07-04 00:00:00,3
9018,0332,2024-07-04 00:00:00,3
9019,1066A,2024-07-04 00:00:00,3
9020,8006,2024-07-04 00:00:00,3
9021,3026A,2024-07-06 00:00:00,10
9022,8033,2024-07-06 00:00:00,10
9023,0101,2024-07-04 00:00:00,6
9024,0107,2024-07-04 00:00:00,6
9025,0108,2024-07-04 00:00:00,4
9026,0128,2024-07-04 00:00:00,6
9027,0205,2024-07-04 00:00:00,6
9028,0208A,2024-07-04 00:00:00,4
9029,0211,2024-07-04 00:00:00,6
9030,0224,2024-07-04 00:00:00,6
9031,0231B,2024-07-04 00:00:00,4
9032,0240,2024-07-04 00:00:00,4
9033,0270,2024-07-04 00:00:00,6
9034,0297,2024-07-04 00:00:00,4
9035,0298,2024-07-04 00:00:00,6
9036,0299A,2024-07-04 00:00:00,4
9037,0299C,2024-07-04 00:00:00,6
9038,0330A,2024-07-04 00:00:00,6
9039,0342,2024-07-04 00:00:00,6
9040,0344,2024-07-04 00:00:00,6
9041,0348,2024-07-04 00:00:00,6
9042,0350,2024-07-04 00:00:00,4
9043,0353,2024-07-04 00:00:00,6
9044,0354,2024-07-04 00:00:00,6
9045,0355,2024-07-04 00:00:00,6
9046,1005,2024-07-04 00:00:00,4
9047,1015,2024-07-04 00:00:00,6
9048,1017A,2024-07-04 00:00:00,6
9049,1023,2024-07-04 00:00:00,6
9050,10391,2024-07-04 00:00:00,6
9051,10431,2024-07-04 00:00:00,4
9052,1066,2024-07-04 00:00:00,6
9053,1075,2024-07-04 00:00:00,4
9054,1079,2024-07-04 00:00:00,6
9055,1088A,2024-07-04 00:00:00,6
9056,1096,2024-07-04 00:00:00,4
9057,1104A,2024-07-04 00:00:00,4
9058,1112A,2024-07-04 00:00:00,6
9059,1123,2024-07-04 00:00:00,6
9060,1132,2024-07-04 00:00:00,4
9061,20,2024-07-04 00:00:00,4
9062,2019,2024-07-04 00:00:00,4
9063,2023,2024-07-04 00:00:00,6
9064,2035A,2024-07-04 00:00:00,4
9065,2039,2024-07-04 00:00:00,6
9066,2040,2024-07-04 00:00:00,6
9067,2042,2024-07-04 00:00:00,4
9068,2048,2024-07-04 00:00:00,6
9069,2051,2024-07-04 00:00:00,6
9070,2052,2024-07-04 00:00:00,6
9071,2063A,2024-07-04 00:00:00,6
9072,2063B,2024-07-04 00:00:00,6
9073,2066,2024-07-04 00:00:00,6
9074,2072,2024-07-04 00:00:00,6
9075,2093,2024-07-04 00:00:00,6
9076,2093A,2024-07-04 00:00:00,6
9077,2094A,2024-07-04 00:00:00,6
9078,2097,2024-07-04 00:00:00,6
9079,2103,2024-07-04 00:00:00,6
9080,2108,2024-07-04 00:00:00,6
9081,2109,2024-07-04 00:00:00,6
9082,2111,2024-07-04 00:00:00,6
9083,2143,2024-07-04 00:00:00,6
9084,2146,2024-07-04 00:00:00,4
9085,2148A,2024-07-04 00:00:00,6
9086,2149A,2024-07-04 00:00:00,6
9087,2153,2024-07-04 00:00:00,6
9088,2196A,2024-07-04 00:00:00,6
9089,2200,2024-07-04 00:00:00,6
9090,2201,2024-07-04 00:00:00,4
9091,2203,2024-07-04 00:00:00,4
9092,22049,2024-07-04 00:00:00,6
9093,22126,2024-07-04 00:00:00,6
9094,22132,2024-07-04 00:00:00,2
9095,22149,2024-07-04 00:00:00,6
9096,22172,2024-07-04 00:00:00,6
9097,23003,2024-07-04 00:00:00,Paradero
9098,2340,2024-07-04 00:00:00,6
9099,2702,2024-07-04 00:00:00,4
9100,30,2024-07-04 00:00:00,6
9101,3093,2024-07-04 00:00:00,6
9102,31102,2024-07-04 00:00:00,6
9103,3119,2024-07-04 00:00:00,6
9104,35,2024-07-04 00:00:00,6
9105,4007,2024-07-04 00:00:00,6
9106,4008,2024-07-04 00:00:00,6
9107,4018,2024-07-04 00:00:00,6
9108,4023,2024-07-04 00:00:00,6
9109,4055,2024-07-04 00:00:00,6
9110,4066,2024-07-04 00:00:00,6
9111,4087,2024-07-04 00:00:00,6
9112,4101,2024-07-04 00:00:00,6
9113,4172,2024-07-04 00:00:00,6
9114,5033,2024-07-04 00:00:00,6
9115,50501,2024-07-04 00:00:00,6
9116,50741,2024-07-04 00:00:00,6
9117,5077,2024-07-04 00:00:00,6
9118,5092,2024-07-04 00:00:00,6
9119,5146,2024-07-04 00:00:00,Paradero
9120,5679,2024-07-04 00:00:00,6
9121,6017,2024-07-04 00:00:00,4
9122,60286,2024-07-04 00:00:00,6
9123,6050,2024-07-04 00:00:00,4
9124,7007,2024-07-04 00:00:00,6
9125,7033,2024-07-04 00:00:00,4
9126,7049,2024-07-04 00:00:00,4
9127,7067,2024-07-04 00:00:00,6
9128,7072,2024-07-04 00:00:00,6
9129,7087,2024-07-04 00:00:00,6
9130,8005,2024-07-04 00:00:00,6
9131,8010,2024-07-04 00:00:00,6
9132,8013,2024-07-04 00:00:00,6
9133,8015,2024-07-04 00:00:00,4
9134,8028,2024-07-04 00:00:00,4
9135,8043,2024-07-04 00:00:00,6
9136,8045,2024-07-04 00:00:00,6
9137,8046,2024-07-04 00:00:00,6
9138,80472,2024-07-04 00:00:00,6
9139,8048,2024-07-04 00:00:00,6
9140,8082,2024-07-04 00:00:00,6
9141,80841,2024-07-04 00:00:00,4
9142,8086,2024-07-04 00:00:00,6
9143,8087,2024-07-04 00:00:00,Paradero
9144,80921,2024-07-04 00:00:00,6
9145,8093,2024-07-04 00:00:00,6
9146,9024,2024-07-04 00:00:00,6
9147,9032,2024-07-04 00:00:00,6
9148,9040,2024-07-04 00:00:00,6
9149,9047,2024-07-04 00:00:00,6
9150,9064,2024-07-04 00:00:00,4
9151,9067,2024-07-04 00:00:00,6
9152,9110A,2024-07-04 00:00:00,6
9153,91121,2024-07-04 00:00:00,4
9154,9126A,2024-07-04 00:00:00,6
9155,9219,2024-07-04 00:00:00,6
9156,9904,2024-07-04 00:00:00,6
9157,BU20,2024-07-04 00:00:00,6
9158,BU48,2024-07-04 00:00:00,6
9159,EMB 1,2024-07-04 00:00:00,4
9160,EMB 3,2024-07-04 00:00:00,6
9161,EMB 5,2024-07-04 00:00:00,Paradero
9162,8051,2024-07-04 00:00:00,4
9164,BU353,2024-07-08 00:00:00,C4
9165,BU354,2024-07-16 00:00:00,C4
9166,23156,2024-07-20 00:00:00,C4
9167,23171,2024-07-20 00:00:00,C4
9168,23173,2024-07-20 00:00:00,C4
9169,23182,2024-07-20 00:00:00,C4
9170,23180,2024-07-20 00:00:00,C4
9171,23183,2024-07-20 00:00:00,C4
9172,23190,2024-07-20 00:00:00,C4
9173,23189,2024-07-20 00:00:00,C4
9174,23209,2024-07-20 00:00:00,C4
9175,23210,2024-07-20 00:00:00,C4
9176,23211,2024-07-20 00:00:00,C4
9177,23216,2024-07-20 00:00:00,C4
9178,23218,2024-07-20 00:00:00,C4
9179,23231,2024-07-20 00:00:00,C4
9180,0102,2024-07-18 00:00:00,6
9181,0108,2024-07-18 00:00:00,4
9182,0206A,2024-07-18 00:00:00,VAQ
9183,0206B,2024-07-18 00:00:00,4
9184,0208A,2024-07-18 00:00:00,4
9185,0220,2024-07-18 00:00:00,4
9186,0231B,2024-07-18 00:00:00,6
9187,0240,2024-07-18 00:00:00,4
9188,0269,2024-07-18 00:00:00,4
9189,0297,2024-07-18 00:00:00,4
9190,0299A,2024-07-18 00:00:00,4
9191,0321,2024-07-18 00:00:00,4
9192,0327,2024-07-18 00:00:00,4
9193,0350,2024-07-18 00:00:00,4
9194,05,2024-07-18 00:00:00,6
9195,1005,2024-07-18 00:00:00,4
9196,10431,2024-07-18 00:00:00,4
9197,1056A,2024-07-18 00:00:00,4
9198,1075,2024-07-18 00:00:00,4
9199,1078A,2024-07-18 00:00:00,1B
9200,1090A,2024-07-18 00:00:00,4
9201,1096,2024-07-18 00:00:00,4
9202,1104A,2024-07-18 00:00:00,4
9203,1132,2024-07-18 00:00:00,4
9204,1139A,2024-07-18 00:00:00,4
9205,2019,2024-07-18 00:00:00,4
9206,2035A,2024-07-18 00:00:00,4
9207,2037,2024-07-18 00:00:00,4
9208,2042,2024-07-18 00:00:00,4
9209,2079,2024-07-18 00:00:00,6
9210,2083,2024-07-18 00:00:00,1B
9211,2146,2024-07-18 00:00:00,4
9212,2201,2024-07-18 00:00:00,4
9213,2219,2024-07-18 00:00:00,4
9214,2220,2024-07-18 00:00:00,4
9215,23148,2024-07-18 00:00:00,CACH
9216,23171,2024-07-18 00:00:00,CACH
9217,23173,2024-07-18 00:00:00,CACH
9218,23209,2024-07-18 00:00:00,CACH
9219,23210,2024-07-18 00:00:00,CACH
9220,23211,2024-07-18 00:00:00,CACH
9221,23216,2024-07-18 00:00:00,CACH
9222,23218,2024-07-18 00:00:00,CACH
9223,23249,2024-07-18 00:00:00,4
9224,2702,2024-07-18 00:00:00,4
9225,3038A,2024-07-18 00:00:00,6
9226,3108,2024-07-18 00:00:00,VAQ
9227,33,2024-07-18 00:00:00,4
9228,4065,2024-07-18 00:00:00,4
9229,4075,2024-07-18 00:00:00,1B
9230,4079,2024-07-18 00:00:00,4
9231,4099,2024-07-18 00:00:00,4
9232,4141,2024-07-18 00:00:00,4
9233,5010,2024-07-18 00:00:00,6
9234,6017,2024-07-18 00:00:00,6
9235,6020,2024-07-18 00:00:00,4
9236,6050,2024-07-18 00:00:00,4
9237,7004,2024-07-18 00:00:00,6
9238,7032,2024-07-18 00:00:00,1B
9239,7033,2024-07-18 00:00:00,4
9240,7049,2024-07-18 00:00:00,6
9241,7052,2024-07-18 00:00:00,6
9242,7076,2024-07-18 00:00:00,1B
9243,7080,2024-07-18 00:00:00,4
9244,8014,2024-07-18 00:00:00,4
9245,8015,2024-07-18 00:00:00,6
9246,8028,2024-07-18 00:00:00,6
9247,8041,2024-07-18 00:00:00,4
9248,8051,2024-07-18 00:00:00,6
9249,8060,2024-07-18 00:00:00,6
9250,80841,2024-07-18 00:00:00,4
9251,9016,2024-07-18 00:00:00,4
9252,9042,2024-07-18 00:00:00,6
9253,9046,2024-07-18 00:00:00,4
9254,9064,2024-07-18 00:00:00,6
9255,91091,2024-07-18 00:00:00,4
9256,91121,2024-07-18 00:00:00,6
9257,9113,2024-07-18 00:00:00,4
9258,91172,2024-07-18 00:00:00,1B
9259,9118,2024-07-18 00:00:00,6
9260,9121,2024-07-18 00:00:00,4
9261,9122,2024-07-18 00:00:00,4
9262,EMB 1,2024-07-18 00:00:00,6
9263,EMB 2,2024-07-18 00:00:00,4
9264,EMB 4,2024-07-18 00:00:00,1B
9265,SNA,2024-07-18 00:00:00,6
9266,S/NB,2024-07-18 00:00:00,6
9267,S/NC,2024-07-18 00:00:00,6
9268,S/NH,2024-07-18 00:00:00,6
9269,TORO1,2024-07-18 00:00:00,2
9270,TORO2,2024-07-18 00:00:00,2
9271,TORO3,2024-07-18 00:00:00,2
9272,TORO4,2024-07-18 00:00:00,2
9273,23182,2024-07-18 00:00:00,CACH
9274,23231,2024-07-18 00:00:00,CACH
9275,23031,2024-07-18 00:00:00,1B
9276,9036,2024-07-18 00:00:00,CACH
9277,23156,2024-07-18 00:00:00,CACH
9278,1109B,2024-07-18 00:00:00,4
9279,1018,2024-07-18 00:00:00,2
9280,23140,2024-07-18 00:00:00,CACH
9281,23094,2024-07-18 00:00:00,1B
9282,22195,2024-07-18 00:00:00,1B
9283,23033,2024-07-18 00:00:00,1B
9284,0260,2024-07-29 00:00:00,MUERTO
9285,TORO5,2024-07-29 00:00:00,MUERTO
9286,0222,2024-07-29 00:00:00,MUERTO
9287,1063A,2024-07-29 00:00:00,MUERTO
9288,1134,2024-07-29 00:00:00,MUERTO
9289,0171,2024-07-29 00:00:00,MUERTO
9290,8087,2024-07-26 00:00:00,10A
9291,EMB 5,2024-07-27 00:00:00,10A
9292,8045,2024-07-28 00:00:00,10A
9293,2063A,2024-07-28 00:00:00,10A
9294,BU355,2024-07-28 00:00:00,C4
9295,BU350,2024-07-26 00:00:00,MUERTO
9296,4018,2024-07-31 00:00:00,Mater
9297,9024,2024-07-31 00:00:00,10A
9298,2051,2024-08-01 00:00:00,6
9299,8032,2024-08-01 00:00:00,6
9300,2150,2024-08-01 00:00:00,6
9301,8046,2024-08-01 00:00:00,Mater
9302,8043,2024-08-01 00:00:00,Mater
9303,0317,2024-08-01 00:00:00,2
9304,8096,2024-08-02 00:00:00,MG
9305,9099,2024-08-02 00:00:00,MG
9306,0202,2024-08-02 00:00:00,MG
9307,0233,2024-08-02 00:00:00,MG
9308,8006,2024-08-02 00:00:00,MG
9309,23247,2024-08-02 00:00:00,MG
9310,1074A,2024-07-30 00:00:00,C4
9311,5092,2024-07-31 00:00:00,Mater
9312,1079,2024-07-31 00:00:00,Mater
9313,22149,2024-07-31 00:00:00,6
9314,22126,2024-07-31 00:00:00,6
9315,2048,2024-07-31 00:00:00,6
9316,2153,2024-07-31 00:00:00,6
9317,22135,2024-07-31 00:00:00,6
9318,5111,2024-07-31 00:00:00,6
9319,0348,2024-07-31 00:00:00,6
9320,2063B,2024-07-31 00:00:00,6
9321,0274,2024-07-31 00:00:00,6
9322,22195,2024-07-31 00:00:00,6
9323,2109,2024-07-31 00:00:00,6
9324,2111,2024-07-31 00:00:00,6
9325,2103,2024-07-31 00:00:00,6
9326,2108,2024-07-31 00:00:00,6
9327,2093,2024-07-31 00:00:00,6
9328,2200,2024-07-31 00:00:00,6
9329,2030,2024-07-31 00:00:00,6
9330,30,2024-07-31 00:00:00,6
9331,2013,2024-07-31 00:00:00,6
9332,22049,2024-07-31 00:00:00,6
9333,23031,2024-07-31 00:00:00,6
9334,22172,2024-07-31 00:00:00,6
9335,5592,2024-08-01 00:00:00,3
9336,5629,2024-08-01 00:00:00,PARADERO
9337,1015,2024-07-31 00:00:00,10A
9338,22120,2024-08-05 00:00:00,4
9339,2004,2024-08-05 00:00:00,4
9340,2053,2024-08-05 00:00:00,4
9341,22118,2024-08-05 00:00:00,4
9342,2154,2024-08-05 00:00:00,4
9343,22115,2024-08-05 00:00:00,4
9344,2155,2024-08-05 00:00:00,4
9345,22157,2024-08-05 00:00:00,4
9346,22158,2024-08-05 00:00:00,4
9347,2022,2024-08-05 00:00:00,4
9348,2159,2024-08-05 00:00:00,4
9349,22132,2024-08-05 00:00:00,4
9350,22166,2024-08-05 00:00:00,4
9351,22114,2024-08-05 00:00:00,4
9352,1093,2024-08-05 00:00:00,4
9353,1027A,2024-08-05 00:00:00,4
9354,1033,2024-08-05 00:00:00,4
9355,1064,2024-08-05 00:00:00,4
9356,1067,2024-08-05 00:00:00,4
9357,1085,2024-08-05 00:00:00,4
9358,1092A,2024-08-05 00:00:00,4
9359,1097A,2024-08-05 00:00:00,4
9360,1101A,2024-08-05 00:00:00,4
9361,23125,2024-07-18 00:00:00,1B
9362,22135,2024-07-18 00:00:00,1B
9363,23189,2024-07-18 00:00:00,CACH
9364,2030,2024-07-18 00:00:00,10B
9365,2040,2024-07-18 00:00:00,1B
9366,8073,2024-07-18 00:00:00,6
9367,22132,2024-07-18 00:00:00,2
9368,22100,2024-07-18 00:00:00,2
9369,2013,2024-07-18 00:00:00,1B
9370,0340A,2024-07-18 00:00:00,6
9371,8011,2024-07-18 00:00:00,6
9372,0143,2024-07-18 00:00:00,1B
9373,6042,2024-07-18 00:00:00,4
9374,2203,2024-07-18 00:00:00,4
9375,2171,2024-07-10 00:00:00,1A
9376,3003A,2024-07-10 00:00:00,1A
9377,7028,2024-07-10 00:00:00,1A
9378,3107,2024-07-10 00:00:00,1A
9379,2234,2024-07-10 00:00:00,1A
9380,2050,2024-07-10 00:00:00,1A
9381,3750,2024-07-10 00:00:00,1A
9382,2047,2024-07-10 00:00:00,1A
9384,0500,2024-07-10 00:00:00,1A
9386,2073,2024-07-10 00:00:00,1A
9387,3043,2024-07-10 00:00:00,1A
9388,2209A,2024-07-10 00:00:00,1A
9389,8036,2024-07-10 00:00:00,1A
9390,1091A,2024-07-10 00:00:00,1A
9391,5052,2024-07-10 00:00:00,1A
9392,5076,2024-07-10 00:00:00,1A
9393,7012,2024-07-10 00:00:00,1A
9394,7059,2024-07-10 00:00:00,1A
9395,7077,2024-07-10 00:00:00,1A
9396,9238,2024-07-10 00:00:00,1A
9398,2090A,2024-07-10 00:00:00,1A
9399,3027A,2024-07-10 00:00:00,1A
9400,20334,2024-07-10 00:00:00,1A
9401,6067,2024-07-10 00:00:00,1A
9402,4035,2024-07-10 00:00:00,1A
9403,1095A,2024-07-10 00:00:00,1A
9404,30212,2024-07-10 00:00:00,1A
9405,5030,2024-07-10 00:00:00,1A
9406,7061,2024-07-10 00:00:00,1A
9407,80121,2024-07-10 00:00:00,1A
9409,8030,2024-07-10 00:00:00,1A
9410,8037,2024-07-10 00:00:00,1A
9411,8050,2024-07-10 00:00:00,1A
9412,8054,2024-07-10 00:00:00,1A
9415,8079,2024-07-10 00:00:00,1A
9416,809,2024-07-10 00:00:00,1A
9417,9058,2024-07-10 00:00:00,1A
9419,91242,2024-07-10 00:00:00,1A
9422,9037,2024-07-10 00:00:00,1A
9423,9053,2024-07-10 00:00:00,1A
9424,9073,2024-07-10 00:00:00,1A
9425,9076,2024-07-10 00:00:00,1A
9427,91262,2024-07-10 00:00:00,1A
9429,0201,2024-07-10 00:00:00,1A
9430,0226,2024-07-10 00:00:00,1A
9431,0229,2024-07-10 00:00:00,1A
9432,0249,2024-07-10 00:00:00,1A
9433,0259,2024-07-10 00:00:00,1A
9435,0298A,2024-07-10 00:00:00,1A
9436,0322,2024-07-10 00:00:00,1A
9437,0323,2024-07-10 00:00:00,1A
9438,0329,2024-07-10 00:00:00,1A
9439,0336,2024-07-10 00:00:00,1A
9440,1004,2024-07-10 00:00:00,1A
9441,4095,2024-07-10 00:00:00,1A
9442,2080,2024-07-10 00:00:00,1A
9443,8063,2024-07-10 00:00:00,1A
9444,2180A,2024-07-10 00:00:00,1A
9445,80882,2024-07-10 00:00:00,1A
9446,8017,2024-07-10 00:00:00,1A
9447,7017,2024-07-10 00:00:00,1A
9448,34,2024-07-10 00:00:00,1A
9449,2171,2024-07-19 00:00:00,10A
9450,3003A,2024-07-19 00:00:00,10A
9451,7028,2024-07-19 00:00:00,10A
9452,3107,2024-07-19 00:00:00,10A
9453,2234,2024-07-19 00:00:00,10A
9454,2050,2024-07-19 00:00:00,10A
9455,3750,2024-07-19 00:00:00,10A
9456,2047,2024-07-19 00:00:00,10A
9458,0500,2024-07-19 00:00:00,10A
9460,2073,2024-07-19 00:00:00,10A
9461,3043,2024-07-19 00:00:00,10A
9462,2209A,2024-07-19 00:00:00,10A
9463,8036,2024-07-19 00:00:00,10A
9464,1091A,2024-07-19 00:00:00,10A
9465,5052,2024-07-19 00:00:00,10A
9466,5076,2024-07-19 00:00:00,10A
9467,7012,2024-07-19 00:00:00,10A
9468,7059,2024-07-19 00:00:00,10A
9469,7077,2024-07-19 00:00:00,10A
9471,2090A,2024-07-19 00:00:00,10A
9472,20334,2024-07-19 00:00:00,10A
9473,6067,2024-07-19 00:00:00,10A
9474,4035,2024-07-19 00:00:00,10A
9475,1095A,2024-07-19 00:00:00,10A
9476,30212,2024-07-19 00:00:00,10A
9477,5030,2024-07-19 00:00:00,10A
9478,7061,2024-07-19 00:00:00,10A
9479,80121,2024-07-19 00:00:00,10A
9481,8030,2024-07-19 00:00:00,10A
9482,8037,2024-07-19 00:00:00,10A
9483,8050,2024-07-19 00:00:00,10A
9484,8054,2024-07-19 00:00:00,10A
9487,8079,2024-07-19 00:00:00,10A
9488,809,2024-07-19 00:00:00,10A
9489,9058,2024-07-19 00:00:00,10A
9491,91242,2024-07-19 00:00:00,10A
9494,9037,2024-07-19 00:00:00,10A
9495,9053,2024-07-19 00:00:00,10A
9496,9073,2024-07-19 00:00:00,10A
9497,9076,2024-07-19 00:00:00,10A
9499,91262,2024-07-19 00:00:00,10A
9501,0201,2024-07-19 00:00:00,10A
9502,0226,2024-07-19 00:00:00,10A
9503,0229,2024-07-19 00:00:00,10A
9504,0249,2024-07-19 00:00:00,10A
9505,0259,2024-07-19 00:00:00,10A
9507,0298A,2024-07-19 00:00:00,10A
9508,0322,2024-07-19 00:00:00,10A
9509,0323,2024-07-19 00:00:00,10A
9510,0329,2024-07-19 00:00:00,10A
9511,0336,2024-07-19 00:00:00,10A
9512,1004,2024-07-19 00:00:00,10A
9513,4095,2024-07-19 00:00:00,10A
9514,2080,2024-07-19 00:00:00,10A
9515,8063,2024-07-19 00:00:00,10A
9516,2180A,2024-07-19 00:00:00,10A
9517,80882,2024-07-19 00:00:00,10A
9518,8017,2024-07-19 00:00:00,10A
9519,7017,2024-07-19 00:00:00,10A
9520,34,2024-07-19 00:00:00,10A
9521,0267,2024-07-10 00:00:00,1A
9522,5592,2024-07-10 00:00:00,1A
9523,5529,2024-07-10 00:00:00,1A
9524,5629,2024-07-10 00:00:00,1A
9525,5638,2024-07-10 00:00:00,1A
9526,31,2024-07-10 00:00:00,1A
9527,0267,2024-07-19 00:00:00,10A
9528,5592,2024-07-19 00:00:00,10A
9529,5529,2024-07-19 00:00:00,10A
9530,5629,2024-07-19 00:00:00,10A
9531,5638,2024-07-19 00:00:00,10A
9532,2196A,2024-07-13 00:00:00,1B
9533,60286,2024-07-13 00:00:00,1B
9534,31102,2024-07-13 00:00:00,1B
9535,2148A,2024-07-13 00:00:00,1B
9536,4007,2024-07-13 00:00:00,1B
9537,4101,2024-07-13 00:00:00,1B
9538,5033,2024-07-13 00:00:00,1B
9539,4087,2024-07-13 00:00:00,1B
9540,2094A,2024-07-13 00:00:00,1B
9541,4055,2024-07-13 00:00:00,1B
9542,2063A,2024-07-13 00:00:00,1B
9543,1015,2024-07-13 00:00:00,1B
9544,2149A,2024-07-13 00:00:00,1B
9545,5679,2024-07-13 00:00:00,1B
9546,0128,2024-07-13 00:00:00,1B
9547,4018,2024-07-13 00:00:00,1B
9548,50741,2024-07-13 00:00:00,1B
9549,2093A,2024-07-13 00:00:00,1B
9550,3119,2024-07-13 00:00:00,1B
9551,10391,2024-07-13 00:00:00,1B
9552,1112A,2024-07-13 00:00:00,1B
9553,2072,2024-07-13 00:00:00,1B
9554,3093,2024-07-13 00:00:00,1B
9555,4023,2024-07-13 00:00:00,1B
9556,4066,2024-07-13 00:00:00,1B
9557,4172,2024-07-13 00:00:00,1B
9558,50501,2024-07-13 00:00:00,1B
9559,5092,2024-07-13 00:00:00,1B
9560,6008,2024-07-13 00:00:00,1B
9561,7087,2024-07-13 00:00:00,1B
9562,8046,2024-07-13 00:00:00,1B
9563,9047,2024-07-13 00:00:00,1B
9564,7050,2024-07-13 00:00:00,1B
9565,7072,2024-07-13 00:00:00,1B
9566,8005,2024-07-13 00:00:00,1B
9567,8010,2024-07-13 00:00:00,1B
9568,8013,2024-07-13 00:00:00,1B
9569,8032,2024-07-13 00:00:00,1B
9570,8043,2024-07-13 00:00:00,1B
9571,8045,2024-07-13 00:00:00,1B
9572,8048,2024-07-13 00:00:00,1B
9573,8086,2024-07-13 00:00:00,1B
9574,80921,2024-07-13 00:00:00,1B
9575,8093,2024-07-13 00:00:00,1B
9576,9040,2024-07-13 00:00:00,1B
9577,1123,2024-07-13 00:00:00,1B
9578,9024,2024-07-13 00:00:00,1B
9579,9110A,2024-07-13 00:00:00,1B
9580,9126A,2024-07-13 00:00:00,1B
9581,0101,2024-07-13 00:00:00,1B
9582,0107,2024-07-13 00:00:00,1B
9583,0205,2024-07-13 00:00:00,1B
9584,0211,2024-07-13 00:00:00,1B
9585,0270,2024-07-13 00:00:00,1B
9586,0299C,2024-07-13 00:00:00,1B
9587,0330A,2024-07-13 00:00:00,1B
9588,0342,2024-07-13 00:00:00,1B
9589,0344,2024-07-13 00:00:00,1B
9590,0353,2024-07-13 00:00:00,1B
9591,0354,2024-07-13 00:00:00,1B
9592,0355,2024-07-13 00:00:00,1B
9593,1017A,2024-07-13 00:00:00,1B
9594,80472,2024-07-13 00:00:00,1B
9595,1079,2024-07-13 00:00:00,1B
9596,0298,2024-07-13 00:00:00,1B
9597,2052,2024-07-13 00:00:00,1B
9598,2039,2024-07-13 00:00:00,1B
9599,1023,2024-07-13 00:00:00,1B
9600,7007,2024-07-13 00:00:00,1B
9601,2097,2024-07-13 00:00:00,1B
9602,9067,2024-07-13 00:00:00,1B
9603,1066,2024-07-13 00:00:00,1B
9604,1088A,2024-07-13 00:00:00,1B
9605,2023,2024-07-13 00:00:00,1B
9606,2066,2024-07-13 00:00:00,1B
9607,35,2024-07-13 00:00:00,1B
9608,2196A,2024-07-21 00:00:00,10B
9609,60286,2024-07-21 00:00:00,10B
9610,31102,2024-07-21 00:00:00,10B
9611,2148A,2024-07-21 00:00:00,10B
9612,2083,2024-07-21 00:00:00,10B
9613,4007,2024-07-21 00:00:00,10B
9614,4101,2024-07-21 00:00:00,10B
9615,5033,2024-07-21 00:00:00,10B
9616,4087,2024-07-21 00:00:00,10B
9617,2094A,2024-07-21 00:00:00,10B
9618,4055,2024-07-21 00:00:00,10B
9619,2063A,2024-07-21 00:00:00,10B
9620,1015,2024-07-21 00:00:00,10B
9621,2149A,2024-07-21 00:00:00,10B
9622,5679,2024-07-21 00:00:00,10B
9623,0128,2024-07-21 00:00:00,10B
9624,4018,2024-07-21 00:00:00,10B
9625,50741,2024-07-21 00:00:00,10B
9626,2093A,2024-07-21 00:00:00,10B
9627,4075,2024-07-21 00:00:00,10B
9628,3119,2024-07-21 00:00:00,10B
9629,22135,2024-07-21 00:00:00,10B
9630,10391,2024-07-21 00:00:00,10B
9631,1112A,2024-07-21 00:00:00,10B
9632,2072,2024-07-21 00:00:00,10B
9633,3093,2024-07-21 00:00:00,10B
9634,4023,2024-07-21 00:00:00,10B
9635,4066,2024-07-21 00:00:00,10B
9636,4172,2024-07-21 00:00:00,10B
9637,50501,2024-07-21 00:00:00,10B
9638,5092,2024-07-21 00:00:00,10B
9639,6008,2024-07-21 00:00:00,10B
9640,7076,2024-07-21 00:00:00,10B
9641,7087,2024-07-21 00:00:00,10B
9642,8046,2024-07-21 00:00:00,10B
9643,9047,2024-07-21 00:00:00,10B
9644,0143,2024-07-21 00:00:00,10B
9645,1078A,2024-07-21 00:00:00,10B
9646,7032,2024-07-21 00:00:00,10B
9647,7050,2024-07-21 00:00:00,10B
9648,7072,2024-07-21 00:00:00,10B
9649,8005,2024-07-21 00:00:00,10B
9650,8010,2024-07-21 00:00:00,10B
9651,8013,2024-07-21 00:00:00,10B
9652,8032,2024-07-21 00:00:00,10B
9653,8043,2024-07-21 00:00:00,10B
9654,8045,2024-07-21 00:00:00,10B
9655,8048,2024-07-21 00:00:00,10B
9656,8086,2024-07-21 00:00:00,10B
9657,80921,2024-07-21 00:00:00,10B
9658,8093,2024-07-21 00:00:00,10B
9659,9040,2024-07-21 00:00:00,10B
9660,1123,2024-07-21 00:00:00,10B
9661,9024,2024-07-21 00:00:00,10B
9662,9110A,2024-07-21 00:00:00,10B
9663,91172,2024-07-21 00:00:00,10B
9664,9126A,2024-07-21 00:00:00,10B
9665,0101,2024-07-21 00:00:00,10B
9666,0107,2024-07-21 00:00:00,10B
9667,0205,2024-07-21 00:00:00,10B
9668,0211,2024-07-16 00:00:00,10A
9669,0270,2024-07-21 00:00:00,10B
9670,0299C,2024-07-21 00:00:00,10B
9671,0330A,2024-07-21 00:00:00,10B
9672,0342,2024-07-21 00:00:00,10B
9673,0344,2024-07-21 00:00:00,10B
9674,0353,2024-07-21 00:00:00,10B
9675,0354,2024-07-21 00:00:00,10B
9676,0355,2024-07-21 00:00:00,10B
9677,2040,2024-07-21 00:00:00,10B
9678,1017A,2024-07-21 00:00:00,10B
9679,80472,2024-07-21 00:00:00,10B
9680,1079,2024-07-21 00:00:00,10B
9681,0298,2024-07-21 00:00:00,10B
9682,2052,2024-07-21 00:00:00,10B
9683,2039,2024-07-21 00:00:00,10B
9684,1023,2024-07-21 00:00:00,10B
9685,7007,2024-07-21 00:00:00,10B
9686,2097,2024-07-21 00:00:00,10B
9687,EMB 4,2024-07-21 00:00:00,10B
9688,9067,2024-07-21 00:00:00,10B
9689,22195,2024-07-21 00:00:00,10B
9690,1066,2024-07-21 00:00:00,10B
9691,1088A,2024-07-21 00:00:00,10B
9692,2023,2024-07-21 00:00:00,10B
9693,2066,2024-07-21 00:00:00,10B
9694,2013,2024-07-21 00:00:00,10B
9695,23031,2024-07-21 00:00:00,10B
9696,23033,2024-07-21 00:00:00,10B
9697,35,2024-07-21 00:00:00,10B
9698,23094,2024-07-21 00:00:00,10B
9699,23125,2024-07-21 00:00:00,10B
9700,3026A,2024-07-21 00:00:00,10A
9701,6021,2024-07-21 00:00:00,10A
9702,5077,2024-07-21 00:00:00,10A
9703,9219,2024-07-21 00:00:00,10A
9704,5146,2024-07-21 00:00:00,10A
9705,8033,2024-07-21 00:00:00,10A
9706,0224,2024-07-22 00:00:00,10A
9707,5079,2024-07-21 00:00:00,10A
9708,8019,2024-07-21 00:00:00,10A
9709,0206A,2024-07-19 00:00:00,4
9710,3108,2024-07-19 00:00:00,4
9711,4151,2024-07-19 00:00:00,10A
9712,2217,2024-07-19 00:00:00,10A
9713,6031,2024-07-19 00:00:00,10A
9714,7074,2024-07-19 00:00:00,10A
9715,9051,2024-07-19 00:00:00,10A
9716,2124A,2024-07-19 00:00:00,10A
9717,8026,2024-07-15 00:00:00,5
9718,3027A,2024-07-15 00:00:00,4
9719,9238,2024-07-15 00:00:00,5
9720,19,2024-07-15 00:00:00,4
9721,4025,2024-07-15 00:00:00,4
9722,4A,2024-07-15 00:00:00,4
9723,3178,2024-07-15 00:00:00,4
9724,5082,2024-07-15 00:00:00,5
9725,31,2024-07-15 00:00:00,5
9726,5098,2024-07-15 00:00:00,4
9727,23228,2024-07-15 00:00:00,4
9728,SNA,2024-07-17 00:00:00,SERVICIO
9729,5010,2024-07-17 00:00:00,SERVICIO
9730,S/NB,2024-07-17 00:00:00,SERVICIO
9731,EMB 1,2024-07-17 00:00:00,SERVICIO
9732,22149,2024-07-17 00:00:00,SERVICIO
9733,22126,2024-07-17 00:00:00,SERVICIO
9734,2138,2024-07-17 00:00:00,SERVICIO
9735,2048,2024-07-17 00:00:00,SERVICIO
9736,2153,2024-07-17 00:00:00,SERVICIO
9737,S/NC,2024-07-17 00:00:00,SERVICIO
9738,2143,2024-07-17 00:00:00,SERVICIO
9739,4073,2024-07-17 00:00:00,SERVICIO
9740,9904,2024-07-17 00:00:00,SERVICIO
9741,2051,2024-07-17 00:00:00,SERVICIO
9742,2079,2024-07-17 00:00:00,SERVICIO
9743,2340,2024-07-17 00:00:00,SERVICIO
9744,3038A,2024-07-17 00:00:00,SERVICIO
9745,4008,2024-07-17 00:00:00,SERVICIO
9746,7067,2024-07-17 00:00:00,SERVICIO
9747,8051,2024-07-17 00:00:00,SERVICIO
9748,EMB 3,2024-07-17 00:00:00,SERVICIO
9749,S/NH,2024-07-17 00:00:00,SERVICIO
9750,6017,2024-07-17 00:00:00,SERVICIO
9751,7004,2024-07-17 00:00:00,SERVICIO
9752,7049,2024-07-17 00:00:00,SERVICIO
9753,7052,2024-07-17 00:00:00,SERVICIO
9754,8028,2024-07-17 00:00:00,SERVICIO
9755,8060,2024-07-17 00:00:00,SERVICIO
9756,8073,2024-07-17 00:00:00,SERVICIO
9757,8082,2024-07-17 00:00:00,SERVICIO
9758,9032,2024-07-17 00:00:00,SERVICIO
9759,91121,2024-07-17 00:00:00,SERVICIO
9760,8011,2024-07-17 00:00:00,SERVICIO
9761,8012B,2024-07-17 00:00:00,SERVICIO
9762,9042,2024-07-17 00:00:00,SERVICIO
9763,9064,2024-07-17 00:00:00,SERVICIO
9764,9116A,2024-07-17 00:00:00,SERVICIO
9765,0102,2024-07-17 00:00:00,SERVICIO
9766,0231B,2024-07-17 00:00:00,SERVICIO
9767,0348,2024-07-17 00:00:00,SERVICIO
9768,1039B,2024-07-17 00:00:00,SERVICIO
9769,2063B,2024-07-17 00:00:00,SERVICIO
9770,1021,2024-07-17 00:00:00,SERVICIO
9771,S7,2024-07-17 00:00:00,SERVICIO
9772,1009,2024-07-17 00:00:00,SERVICIO
9773,9118,2024-07-17 00:00:00,SERVICIO
9774,05,2024-07-17 00:00:00,SERVICIO
9775,2150,2024-07-17 00:00:00,SERVICIO
9776,0317,2024-07-17 00:00:00,SERVICIO
9777,2109,2024-07-17 00:00:00,SERVICIO
9778,2111,2024-07-17 00:00:00,SERVICIO
9779,2103,2024-07-17 00:00:00,SERVICIO
9780,2108,2024-07-17 00:00:00,SERVICIO
9781,2093,2024-07-17 00:00:00,SERVICIO
9782,2200,2024-07-17 00:00:00,SERVICIO
9783,BU20,2024-07-17 00:00:00,SERVICIO
9784,BU48,2024-07-17 00:00:00,SERVICIO
9785,0340A,2024-07-17 00:00:00,SERVICIO
9786,0340B,2024-07-17 00:00:00,SERVICIO
9787,30,2024-07-17 00:00:00,SERVICIO
9788,S14,2024-07-17 00:00:00,SERVICIO
9789,S15,2024-07-17 00:00:00,SERVICIO
9790,8015,2024-07-17 00:00:00,SERVICIO
9791,22049,2024-07-17 00:00:00,SERVICIO
9792,22172,2024-07-17 00:00:00,SERVICIO
9793,22149,2024-07-19 00:00:00,10B
9794,22126,2024-07-19 00:00:00,10B
9795,2048,2024-07-19 00:00:00,10B
9796,2153,2024-07-19 00:00:00,10B
9797,2143,2024-07-19 00:00:00,10B
9798,9904,2024-07-19 00:00:00,10B
9799,2051,2024-07-19 00:00:00,10B
9800,2340,2024-07-19 00:00:00,10B
9801,4008,2024-07-19 00:00:00,10B
9802,7067,2024-07-19 00:00:00,10B
9803,EMB 3,2024-07-19 00:00:00,10B
9804,8082,2024-07-19 00:00:00,10B
9805,9032,2024-07-19 00:00:00,10B
9806,0348,2024-07-19 00:00:00,10B
9807,2063B,2024-07-19 00:00:00,10B
9808,2150,2024-07-19 00:00:00,Mater
9809,0317,2024-07-19 00:00:00,2
9810,2109,2024-07-19 00:00:00,10B
9811,2111,2024-07-19 00:00:00,10B
9812,2103,2024-07-19 00:00:00,10B
9813,2108,2024-07-19 00:00:00,10B
9814,2093,2024-07-19 00:00:00,10B
9815,2200,2024-07-19 00:00:00,10B
9816,BU20,2024-07-19 00:00:00,10B
9817,BU48,2024-07-19 00:00:00,10B
9818,30,2024-07-19 00:00:00,10B
9819,22049,2024-07-19 00:00:00,10B
9820,22172,2024-07-19 00:00:00,10B
9821,8087,2024-07-07 00:00:00,Mater
9822,23003,2024-07-07 00:00:00,CACH
9823,EMB 5,2024-07-07 00:00:00,Mater
9824,5082,2024-07-18 00:00:00,6
9825,9238,2024-07-18 00:00:00,6
9826,8026,2024-07-18 00:00:00,6
9827,31,2024-07-18 00:00:00,6
9828,2,2024-07-26 00:00:00,6
9829,9,2024-07-26 00:00:00,6
9830,32,2024-07-26 00:00:00,6
9831,89,2024-07-26 00:00:00,10B
9832,0114,2024-07-26 00:00:00,4
9833,0125,2024-07-26 00:00:00,4
9834,0225,2024-07-26 00:00:00,4
9835,0246,2024-07-26 00:00:00,4
9836,0252,2024-07-26 00:00:00,6
9837,0258,2024-07-26 00:00:00,4
9838,0271,2024-07-26 00:00:00,4
9839,0274,2024-07-26 00:00:00,10B
9840,0291,2024-07-26 00:00:00,4
9841,0326,2024-07-26 00:00:00,4
9842,0343,2024-07-26 00:00:00,4
9843,0349,2024-07-26 00:00:00,4
9844,0352,2024-07-26 00:00:00,4
9845,406,2024-07-26 00:00:00,10B
9846,1063,2024-07-26 00:00:00,4
9847,1091,2024-07-26 00:00:00,4
9848,1098,2024-07-26 00:00:00,4
9849,1103,2024-07-26 00:00:00,4
9850,1128,2024-07-26 00:00:00,10B
9851,1310,2024-07-26 00:00:00,10B
9852,2007,2024-07-26 00:00:00,4
9853,2010,2024-07-26 00:00:00,2
9854,2018,2024-07-26 00:00:00,4
9855,2024,2024-07-26 00:00:00,4
9856,2036,2024-07-26 00:00:00,6
9857,2044,2024-07-26 00:00:00,2
9858,2062,2024-07-26 00:00:00,10B
9859,2067,2024-07-26 00:00:00,2
9860,2087,2024-07-26 00:00:00,4
9861,2099,2024-07-26 00:00:00,2
9862,2101,2024-07-26 00:00:00,2
9863,2159,2024-07-26 00:00:00,2
9864,2167,2024-07-26 00:00:00,2
9865,2174,2024-07-26 00:00:00,6
9866,02331,2024-07-26 00:00:00,4
9867,3015,2024-07-26 00:00:00,6
9868,4033,2024-07-26 00:00:00,4
9869,4043,2024-07-26 00:00:00,10B
9870,4048,2024-07-26 00:00:00,4
9871,4072,2024-07-26 00:00:00,10B
9872,4076,2024-07-26 00:00:00,10B
9873,4078,2024-07-26 00:00:00,4
9874,4100,2024-07-26 00:00:00,4
9875,4109,2024-07-26 00:00:00,10B
9876,4143,2024-07-26 00:00:00,6
9877,5013,2024-07-26 00:00:00,6
9878,5027,2024-07-26 00:00:00,6
9879,5035,2024-07-26 00:00:00,6
9880,5041,2024-07-26 00:00:00,6
9881,5043,2024-07-26 00:00:00,6
9882,5090,2024-07-26 00:00:00,10B
9883,5111,2024-07-26 00:00:00,10B
9884,5144,2024-07-26 00:00:00,10B
9885,6037,2024-07-26 00:00:00,10B
9886,6070,2024-07-26 00:00:00,10B
9887,7021,2024-07-26 00:00:00,6
9888,7038,2024-07-26 00:00:00,4
9889,7066,2024-07-26 00:00:00,10B
9890,7092,2024-07-26 00:00:00,10B
9891,8003,2024-07-26 00:00:00,6
9892,8004,2024-07-26 00:00:00,10B
9893,8007,2024-07-26 00:00:00,6
9894,8016,2024-07-26 00:00:00,6
9895,8020,2024-07-26 00:00:00,6
9896,8039,2024-07-26 00:00:00,6
9897,8040,2024-07-26 00:00:00,6
9898,8057,2024-07-26 00:00:00,6
9899,8066,2024-07-26 00:00:00,10B
9900,8067,2024-07-26 00:00:00,10B
9901,8072,2024-07-26 00:00:00,10B
9902,8078,2024-07-26 00:00:00,6
9903,8085,2024-07-26 00:00:00,4
9904,8089,2024-07-26 00:00:00,10B
9905,8338,2024-07-26 00:00:00,6
9906,9011,2024-07-26 00:00:00,4
9907,9014,2024-07-26 00:00:00,4
9908,9023,2024-07-26 00:00:00,10B
9909,9035,2024-07-26 00:00:00,4
9910,9045,2024-07-26 00:00:00,10B
9911,9100,2024-07-26 00:00:00,10B
9912,9104,2024-07-26 00:00:00,4
9913,9136,2024-07-26 00:00:00,6
9914,12164,2024-07-26 00:00:00,4
9915,20337,2024-07-26 00:00:00,10B
9916,22115,2024-07-26 00:00:00,2
9917,22118,2024-07-26 00:00:00,2
9918,22120,2024-07-26 00:00:00,2
9919,22158,2024-07-26 00:00:00,2
9920,22166,2024-07-26 00:00:00,2
9921,22175,2024-07-26 00:00:00,2
9922,22178,2024-07-26 00:00:00,2
9923,22185,2024-07-26 00:00:00,2
9924,22188,2024-07-26 00:00:00,2
9925,22206,2024-07-26 00:00:00,2
9926,22209,2024-07-26 00:00:00,2
9927,23011,2024-07-26 00:00:00,2
9928,23251,2024-07-26 00:00:00,4
9929,40072,2024-07-26 00:00:00,6
9930,0215A,2024-07-26 00:00:00,6
9931,1015A,2024-07-26 00:00:00,4
9932,1052A,2024-07-26 00:00:00,4
9933,1077A,2024-07-26 00:00:00,4
9934,1109A,2024-07-26 00:00:00,10B
9935,2025A,2024-07-26 00:00:00,6
9936,3028A,2024-07-26 00:00:00,10B
9937,3044A,2024-07-26 00:00:00,6
9938,9018B,2024-07-26 00:00:00,10B
9939,9116B,2024-07-26 00:00:00,4
9940,9128A,2024-07-26 00:00:00,6
9941,9192,2024-07-26 00:00:00,10B
9942,2041,2024-07-26 00:00:00,2
9943,23015,2024-07-26 00:00:00,2
9944,91172,2024-07-26 00:00:00,4
9945,0338,2024-07-26 00:00:00,4
9946,0206A,2024-07-26 00:00:00,4
9947,1133,2024-08-05 00:00:00,4
9948,2005A,2024-08-05 00:00:00,4
9949,2005B,2024-08-05 00:00:00,4
9950,2025,2024-08-05 00:00:00,4
9951,2039A,2024-08-05 00:00:00,4
9952,2041,2024-08-05 00:00:00,4
9953,2045,2024-08-05 00:00:00,4
9954,2054,2024-08-05 00:00:00,4
9955,2058,2024-08-05 00:00:00,4
9956,2060,2024-08-05 00:00:00,4
9957,2065,2024-08-05 00:00:00,4
9958,2067,2024-08-05 00:00:00,4
9959,1056,2024-08-05 00:00:00,4
9960,1096A,2024-08-05 00:00:00,4
9961,2029,2024-08-05 00:00:00,4
9962,1070A,2024-08-05 00:00:00,4
9963,1130A,2024-08-05 00:00:00,4
9964,2001B,2024-08-05 00:00:00,4
9965,1077,2024-08-05 00:00:00,4
9966,2149,2024-08-05 00:00:00,4
9967,1068A,2024-08-05 00:00:00,4
9968,1018,2024-08-05 00:00:00,4
9969,0109A,2024-08-05 00:00:00,4
9970,2056,2024-08-05 00:00:00,4
9971,1112,2024-08-05 00:00:00,4
9972,1044,2024-08-05 00:00:00,4
9973,2010,2024-08-05 00:00:00,4
9974,2044,2024-08-05 00:00:00,4
9975,2090,2024-08-05 00:00:00,4
9976,1055A,2024-08-05 00:00:00,4
9977,1076,2024-08-05 00:00:00,4
9978,0116A,2024-08-05 00:00:00,4
9979,099,2024-08-05 00:00:00,4
9980,0317,2024-08-05 00:00:00,4
9981,22175,2024-08-05 00:00:00,4
9982,22178,2024-08-05 00:00:00,4
9983,22181,2024-08-05 00:00:00,4
9984,22185,2024-08-05 00:00:00,4
9985,22188,2024-08-05 00:00:00,4
9986,22194,2024-08-05 00:00:00,4
9987,22209,2024-08-05 00:00:00,4
9988,22206,2024-08-05 00:00:00,4
9989,23004,2024-08-05 00:00:00,4
9990,TORO1,2024-08-05 00:00:00,4
9991,TORO2,2024-08-05 00:00:00,4
9992,TORO3,2024-08-05 00:00:00,4
9993,TORO4,2024-08-05 00:00:00,4
9994,2092,2024-08-05 00:00:00,4
9995,1082A,2024-08-05 00:00:00,4
9996,2094,2024-08-05 00:00:00,4
9997,22100,2024-08-05 00:00:00,4
9998,2101,2024-08-05 00:00:00,4
9999,2106,2024-08-05 00:00:00,4
10000,2099,2024-08-05 00:00:00,4
10001,23011,2024-08-05 00:00:00,4
10002,2170,2024-08-05 00:00:00,4
10003,2167,2024-08-05 00:00:00,4
10004,23015,2024-08-05 00:00:00,4
10005,1070,2024-08-05 00:00:00,4
10006,1237,2024-08-05 00:00:00,4
10007,1008,2024-08-05 00:00:00,4
10008,0127,2024-08-05 00:00:00,4
10009,1104,2024-08-05 00:00:00,4
10010,SN50,2024-08-05 00:00:00,4
10011,0204B,2024-08-05 00:00:00,4
10012,0185,2024-08-05 00:00:00,4
10013,22168,2024-08-05 00:00:00,4
10014,23146,2024-08-05 00:00:00,4
10015,2171,2024-08-02 00:00:00,1A
10016,3003A,2024-08-02 00:00:00,1A
10017,7028,2024-08-02 00:00:00,1A
10018,2124A,2024-08-02 00:00:00,1A
10019,2148A,2024-08-02 00:00:00,1A
10020,3107,2024-08-02 00:00:00,1A
10021,3026A,2024-08-02 00:00:00,1A
10022,2234,2024-08-02 00:00:00,1A
10023,2050,2024-08-02 00:00:00,1A
10024,3750,2024-08-02 00:00:00,1A
10025,2047,2024-08-02 00:00:00,1A
10027,4151,2024-08-02 00:00:00,1A
10028,2063A,2024-08-02 00:00:00,1A
10029,1015,2024-08-02 00:00:00,1A
10030,4018,2024-08-02 00:00:00,1A
10031,6021,2024-08-02 00:00:00,1A
10032,0500,2024-08-02 00:00:00,1A
10034,2073,2024-08-02 00:00:00,1A
10035,3043,2024-08-02 00:00:00,1A
10036,2209A,2024-08-02 00:00:00,1A
10037,8036,2024-08-02 00:00:00,1A
10038,1091A,2024-08-02 00:00:00,1A
10039,2217,2024-08-02 00:00:00,1A
10040,5052,2024-08-02 00:00:00,1A
10041,5076,2024-08-02 00:00:00,1A
10042,5077,2024-08-02 00:00:00,1A
10043,6031,2024-08-02 00:00:00,1A
10044,7012,2024-08-02 00:00:00,1A
10045,7059,2024-08-02 00:00:00,1A
10046,7074,2024-08-02 00:00:00,1A
10049,2090A,2024-08-02 00:00:00,1A
10050,9219,2024-08-02 00:00:00,1A
10051,20334,2024-08-02 00:00:00,1A
10052,6067,2024-08-02 00:00:00,1A
10053,4035,2024-08-02 00:00:00,1A
10054,1095A,2024-08-02 00:00:00,1A
10055,30212,2024-08-02 00:00:00,1A
10056,5030,2024-08-02 00:00:00,1A
10057,5146,2024-08-02 00:00:00,1A
10058,7061,2024-08-02 00:00:00,1A
10059,7072,2024-08-02 00:00:00,1A
10060,80121,2024-08-02 00:00:00,1A
10062,8030,2024-08-02 00:00:00,1A
10063,8033,2024-08-02 00:00:00,1A
10064,8037,2024-08-02 00:00:00,1A
10065,8045,2024-08-02 00:00:00,1A
10066,8050,2024-08-02 00:00:00,1A
10067,8054,2024-08-02 00:00:00,1A
10070,8079,2024-08-02 00:00:00,1A
10071,8087,2024-08-02 00:00:00,1A
10072,809,2024-08-02 00:00:00,1A
10073,9051,2024-08-02 00:00:00,1A
10074,9058,2024-08-02 00:00:00,1A
10079,9024,2024-08-02 00:00:00,1A
10080,9037,2024-08-02 00:00:00,1A
10081,9053,2024-08-02 00:00:00,1A
10082,9073,2024-08-02 00:00:00,1A
10083,9076,2024-08-02 00:00:00,1A
10085,91262,2024-08-02 00:00:00,1A
10087,0201,2024-08-02 00:00:00,1A
10088,0211,2024-08-02 00:00:00,1A
10089,0224,2024-08-02 00:00:00,1A
10090,0226,2024-08-02 00:00:00,1A
10092,0249,2024-08-02 00:00:00,1A
10093,0259,2024-08-02 00:00:00,1A
10094,0267,2024-08-02 00:00:00,1A
10096,0298A,2024-08-02 00:00:00,1A
10097,0322,2024-08-02 00:00:00,1A
10098,0323,2024-08-02 00:00:00,1A
10099,0329,2024-08-02 00:00:00,1A
10100,0336,2024-08-02 00:00:00,1A
10101,1004,2024-08-02 00:00:00,1A
10102,4095,2024-08-02 00:00:00,1A
10103,2080,2024-08-02 00:00:00,1A
10104,8063,2024-08-02 00:00:00,1A
10105,5079,2024-08-02 00:00:00,1A
10106,2180A,2024-08-02 00:00:00,1A
10107,80882,2024-08-02 00:00:00,1A
10108,8017,2024-08-02 00:00:00,1A
10109,7017,2024-08-02 00:00:00,1A
10110,5529,2024-08-02 00:00:00,1A
10111,5638,2024-08-02 00:00:00,1A
10112,34,2024-08-02 00:00:00,1A
10113,8019,2024-08-02 00:00:00,1A
10114,EMB 5,2024-08-02 00:00:00,1A
10115,0211,2024-08-08 00:00:00,MG
10116,0224,2024-08-08 00:00:00,MG
10117,2217,2024-08-08 00:00:00,MG
10118,6031,2024-08-08 00:00:00,MG
10119,7072,2024-08-08 00:00:00,MG
10120,9219,2024-08-08 00:00:00,MG
10121,24198,2024-08-06 00:00:00,VAQ
10122,24199,2024-08-06 00:00:00,VAQ
10123,24200,2024-08-06 00:00:00,VAQ
10124,24201,2024-08-06 00:00:00,VAQ
10125,2196A,2024-07-31 00:00:00,10A
10126,60286,2024-08-07 00:00:00,1B
10127,2226,2024-08-07 00:00:00,1B
10128,31102,2024-08-07 00:00:00,1B
10129,2208A,2024-08-07 00:00:00,1B
10130,6035,2024-08-07 00:00:00,1B
10131,0740,2024-08-07 00:00:00,1B
10132,2083,2024-08-07 00:00:00,1B
10133,4007,2024-07-31 00:00:00,10A
10134,5033,2024-08-07 00:00:00,1B
10135,4087,2024-08-07 00:00:00,1B
10136,2094A,2024-08-07 00:00:00,1B
10137,3024A,2024-08-07 00:00:00,1B
10138,4055,2024-08-07 00:00:00,1A
10139,2149A,2024-08-07 00:00:00,1B
10140,5679,2024-08-07 00:00:00,1B
10141,7083,2024-08-07 00:00:00,1B
10142,0128,2024-08-07 00:00:00,1B
10143,50741,2024-08-07 00:00:00,1B
10144,5144,2024-08-07 00:00:00,1B
10145,2093A,2024-08-07 00:00:00,1B
10146,4075,2024-08-07 00:00:00,1B
10147,2143,2024-08-07 00:00:00,1B
10148,3119,2024-08-07 00:00:00,1B
10149,9904,2024-08-07 00:00:00,1B
10150,10391,2024-08-07 00:00:00,1B
10151,1112A,2024-08-07 00:00:00,1B
10152,1128,2024-08-07 00:00:00,1B
10153,2072,2024-08-07 00:00:00,1B
10154,2340,2024-08-07 00:00:00,1B
10155,3028A,2024-08-07 00:00:00,1B
10156,3093,2024-08-07 00:00:00,1B
10157,4008,2024-08-07 00:00:00,1B
10158,4023,2024-08-07 00:00:00,1B
10159,4066,2024-08-07 00:00:00,1B
10160,4076,2024-08-07 00:00:00,1B
10161,4109,2024-08-07 00:00:00,1B
10162,4172,2024-08-07 00:00:00,1B
10163,5090,2024-08-07 00:00:00,1B
10164,6008,2024-08-07 00:00:00,1B
10165,6070,2024-08-07 00:00:00,1B
10166,7067,2024-08-07 00:00:00,1B
10167,7076,2024-08-07 00:00:00,1B
10168,7087,2024-08-07 00:00:00,1B
10169,7092,2024-08-07 00:00:00,1B
10170,8067,2024-08-07 00:00:00,1B
10171,8089,2024-08-07 00:00:00,1B
10172,9045,2024-08-07 00:00:00,1B
10173,9047,2024-08-07 00:00:00,1B
10174,0143,2024-08-07 00:00:00,1B
10175,EMB 3,2024-08-07 00:00:00,1B
10176,9100,2024-08-07 00:00:00,1B
10177,20337,2024-08-07 00:00:00,1B
10178,8072,2024-08-07 00:00:00,1B
10179,6037,2024-08-07 00:00:00,1B
10180,7032,2024-08-07 00:00:00,1B
10181,7050,2024-08-07 00:00:00,1B
10182,8004,2024-08-07 00:00:00,1B
10183,8005,2024-08-07 00:00:00,1B
10184,8010,2024-08-07 00:00:00,1B
10185,8013,2024-08-07 00:00:00,1B
10186,8048,2024-08-07 00:00:00,1B
10187,8066,2024-08-07 00:00:00,1B
10188,8082,2024-08-07 00:00:00,1B
10189,8086,2024-08-07 00:00:00,1B
10190,80921,2024-08-07 00:00:00,1B
10191,8093,2024-08-07 00:00:00,1B
10192,9032,2024-08-07 00:00:00,1B
10193,9040,2024-08-07 00:00:00,1B
10194,1310,2024-08-07 00:00:00,1B
10195,9110A,2024-08-07 00:00:00,1B
10196,0101,2024-08-07 00:00:00,1B
10197,0107,2024-08-07 00:00:00,1B
10198,0205,2024-08-07 00:00:00,1B
10199,0270,2024-08-07 00:00:00,1B
10200,0299C,2024-08-07 00:00:00,1B
10201,0330A,2024-08-07 00:00:00,1B
10202,0342,2024-08-07 00:00:00,1B
10203,0344,2024-08-07 00:00:00,1B
10204,0353,2024-08-07 00:00:00,1B
10205,0354,2024-08-07 00:00:00,1B
10206,0355,2024-08-07 00:00:00,1B
10207,2040,2024-08-07 00:00:00,1B
10208,1017A,2024-08-07 00:00:00,1B
10209,9020,2024-08-07 00:00:00,1B
10210,9023,2024-08-07 00:00:00,1B
10211,80472,2024-08-07 00:00:00,1B
10212,0298,2024-08-07 00:00:00,1B
10213,2052,2024-08-07 00:00:00,1B
10214,2039,2024-08-07 00:00:00,1B
10215,1023,2024-08-07 00:00:00,1B
10216,2062,2024-08-07 00:00:00,1B
10217,7066,2024-08-07 00:00:00,1B
10218,7007,2024-08-07 00:00:00,1B
10219,1109A,2024-08-07 00:00:00,1B
10220,2097,2024-08-07 00:00:00,1B
10221,EMB 4,2024-08-07 00:00:00,1B
10222,9067,2024-08-07 00:00:00,1B
10223,9018B,2024-08-07 00:00:00,1B
10224,89,2024-08-07 00:00:00,1B
10225,1066,2024-08-07 00:00:00,1B
10226,1088A,2024-08-07 00:00:00,1B
10227,2023,2024-08-07 00:00:00,1B
10228,BU20,2024-08-07 00:00:00,1B
10229,BU48,2024-08-07 00:00:00,1B
10230,2066,2024-08-07 00:00:00,1B
10231,406,2024-08-07 00:00:00,1B
10232,23033,2024-08-07 00:00:00,1B
10233,35,2024-08-07 00:00:00,1B
10234,23094,2024-08-07 00:00:00,1B
10235,23125,2024-08-07 00:00:00,1B
10236,4043,2024-08-07 00:00:00,1B
10237,9126A,2024-08-07 00:00:00,Mater
10238,4072,2024-08-07 00:00:00,Mater
10239,4101,2024-08-07 00:00:00,Mater
10240,50501,2024-08-07 00:00:00,Mater
10241,1123,2024-08-07 00:00:00,Mater
10242,9192,2024-08-07 00:00:00,Mater
10243,1072A,2024-08-07 00:00:00,Mater
10244,1078A,2024-08-07 00:00:00,Mater
10245,2146,2024-08-09 00:00:00,1B
10246,2042,2024-08-09 00:00:00,1B
10247,6042,2024-08-09 00:00:00,1B
10248,1075,2024-08-09 00:00:00,1B
10249,1096,2024-08-09 00:00:00,1B
10250,2203,2024-08-09 00:00:00,1B
10251,2201,2024-08-09 00:00:00,1B
10252,50501,2024-08-09 00:00:00,1A
10253,2196A,2024-07-27 00:00:00,10B
10254,60286,2024-07-27 00:00:00,10B
10255,31102,2024-07-27 00:00:00,10B
10256,2148A,2024-07-27 00:00:00,10B
10257,2083,2024-07-27 00:00:00,10B
10258,4007,2024-07-27 00:00:00,10B
10259,4101,2024-07-27 00:00:00,10B
10260,5033,2024-07-27 00:00:00,10B
10261,4087,2024-07-27 00:00:00,10B
10262,2094A,2024-07-27 00:00:00,10B
10263,4055,2024-07-27 00:00:00,10B
10264,2063A,2024-07-27 00:00:00,10B
10265,1015,2024-07-27 00:00:00,10B
10266,2149A,2024-07-27 00:00:00,10B
10267,5679,2024-07-27 00:00:00,10B
10268,0128,2024-07-27 00:00:00,10B
10269,4018,2024-07-27 00:00:00,10B
10270,50741,2024-07-27 00:00:00,10B
10271,5144,2024-07-27 00:00:00,10B
10272,22149,2024-07-27 00:00:00,10B
10273,22126,2024-07-27 00:00:00,10B
10274,2048,2024-07-27 00:00:00,10B
10275,2153,2024-07-27 00:00:00,10B
10276,2093A,2024-07-27 00:00:00,10B
10277,4075,2024-07-27 00:00:00,10B
10278,2143,2024-07-27 00:00:00,10B
10279,3119,2024-07-27 00:00:00,10B
10280,9904,2024-07-27 00:00:00,10B
10281,22135,2024-07-27 00:00:00,10B
10282,10391,2024-07-27 00:00:00,10B
10283,1112A,2024-07-27 00:00:00,10B
10284,1128,2024-07-27 00:00:00,10B
10285,2051,2024-07-27 00:00:00,10B
10286,2072,2024-07-27 00:00:00,10B
10287,2340,2024-07-27 00:00:00,10B
10288,3028A,2024-07-27 00:00:00,10B
10289,3093,2024-07-27 00:00:00,10B
10290,4008,2024-07-27 00:00:00,10B
10291,4023,2024-07-27 00:00:00,10B
10292,4066,2024-07-27 00:00:00,10B
10293,4076,2024-07-27 00:00:00,10B
10294,4109,2024-07-27 00:00:00,10B
10295,4172,2024-07-27 00:00:00,10B
10296,50501,2024-07-27 00:00:00,10B
10297,5090,2024-07-27 00:00:00,10B
10298,5092,2024-07-27 00:00:00,10B
10299,6008,2024-07-27 00:00:00,10B
10300,6070,2024-07-27 00:00:00,10B
10301,7067,2024-07-27 00:00:00,10B
10302,7076,2024-07-27 00:00:00,10B
10303,7087,2024-07-27 00:00:00,10B
10304,7092,2024-07-27 00:00:00,10B
10305,8046,2024-07-27 00:00:00,10B
10306,8067,2024-07-27 00:00:00,10B
10307,8089,2024-07-27 00:00:00,10B
10308,9045,2024-07-27 00:00:00,10B
10309,9047,2024-07-27 00:00:00,10B
10310,0143,2024-07-27 00:00:00,10B
10311,EMB 3,2024-07-27 00:00:00,10B
10312,9100,2024-07-27 00:00:00,10B
10313,1078A,2024-07-27 00:00:00,10B
10314,20337,2024-07-27 00:00:00,10B
10315,8072,2024-07-27 00:00:00,10B
10316,5111,2024-07-27 00:00:00,10B
10317,6037,2024-07-27 00:00:00,10B
10318,7032,2024-07-27 00:00:00,10B
10319,7050,2024-07-27 00:00:00,10B
10320,7072,2024-07-23 00:00:00,10A
10321,8004,2024-07-27 00:00:00,10B
10322,8005,2024-07-27 00:00:00,10B
10323,8010,2024-07-27 00:00:00,10B
10324,8013,2024-07-27 00:00:00,10B
10325,8032,2024-07-27 00:00:00,10B
10326,8043,2024-07-27 00:00:00,10B
10327,8045,2024-07-27 00:00:00,10B
10328,8048,2024-07-27 00:00:00,10B
10329,8066,2024-07-27 00:00:00,10B
10330,8082,2024-07-27 00:00:00,10B
10331,8086,2024-07-27 00:00:00,10B
10332,80921,2024-07-27 00:00:00,10B
10333,8093,2024-07-27 00:00:00,10B
10334,9032,2024-07-27 00:00:00,10B
10335,9040,2024-07-27 00:00:00,10B
10336,1310,2024-07-27 00:00:00,10B
10337,1123,2024-07-27 00:00:00,10B
10338,9024,2024-07-27 00:00:00,10B
10339,9110A,2024-07-27 00:00:00,10B
10340,9192,2024-07-27 00:00:00,10B
10341,9126A,2024-07-27 00:00:00,10B
10342,0101,2024-07-27 00:00:00,10B
10343,0107,2024-07-27 00:00:00,10B
10344,0205,2024-07-27 00:00:00,10B
10345,0270,2024-07-27 00:00:00,10B
10346,0299C,2024-07-27 00:00:00,10B
10347,0330A,2024-07-27 00:00:00,10B
10348,0342,2024-07-27 00:00:00,10B
10349,0344,2024-07-27 00:00:00,10B
10350,0348,2024-07-27 00:00:00,10B
10351,0353,2024-07-27 00:00:00,10B
10352,0354,2024-07-27 00:00:00,10B
10353,0355,2024-07-27 00:00:00,10B
10354,2040,2024-07-27 00:00:00,10B
10355,2063B,2024-07-27 00:00:00,10B
10356,1017A,2024-07-27 00:00:00,10B
10357,0274,2024-07-27 00:00:00,10B
10358,9023,2024-07-27 00:00:00,10B
10359,80472,2024-07-27 00:00:00,10B
10360,1079,2024-07-27 00:00:00,10B
10361,0298,2024-07-27 00:00:00,10B
10362,2052,2024-07-27 00:00:00,10B
10363,2039,2024-07-27 00:00:00,10B
10364,1023,2024-07-27 00:00:00,10B
10365,2062,2024-07-27 00:00:00,10B
10366,7066,2024-07-27 00:00:00,10B
10367,7007,2024-07-27 00:00:00,10B
10368,1109A,2024-07-27 00:00:00,10B
10369,2097,2024-07-27 00:00:00,10B
10370,4072,2024-07-27 00:00:00,10B
10371,EMB 4,2024-07-27 00:00:00,10B
10372,9067,2024-07-27 00:00:00,10B
10373,9018B,2024-07-27 00:00:00,10B
10374,89,2024-07-27 00:00:00,10B
10375,22195,2024-07-27 00:00:00,10B
10376,1066,2024-07-27 00:00:00,10B
10377,2109,2024-07-27 00:00:00,10B
10378,2111,2024-07-27 00:00:00,10B
10379,2103,2024-07-27 00:00:00,10B
10380,2108,2024-07-27 00:00:00,10B
10381,2093,2024-07-27 00:00:00,10B
10382,1088A,2024-07-27 00:00:00,10B
10383,2023,2024-07-27 00:00:00,10B
10384,2200,2024-07-27 00:00:00,10B
10385,2030,2024-07-27 00:00:00,10B
10386,BU20,2024-07-27 00:00:00,10B
10387,BU48,2024-07-27 00:00:00,10B
10388,2066,2024-07-27 00:00:00,10B
10389,30,2024-07-27 00:00:00,10B
10390,2013,2024-07-27 00:00:00,10B
10391,406,2024-07-27 00:00:00,10B
10392,22049,2024-07-27 00:00:00,10B
10393,23031,2024-07-27 00:00:00,10B
10394,23033,2024-07-27 00:00:00,10B
10395,35,2024-07-27 00:00:00,10B
10396,22172,2024-07-27 00:00:00,10B
10397,23094,2024-07-27 00:00:00,10B
10398,23125,2024-07-27 00:00:00,10B
10399,4043,2024-07-27 00:00:00,10B
10400,4079,2024-07-27 00:00:00,MG
10401,2219,2024-07-27 00:00:00,MG
10402,4025,2024-07-27 00:00:00,MG
10403,EMB 2,2024-07-27 00:00:00,MG
10404,2019,2024-07-27 00:00:00,MG
10405,2146,2024-07-27 00:00:00,MG
10406,2042,2024-07-27 00:00:00,MG
10407,1056A,2024-07-27 00:00:00,MG
10408,1077A,2024-07-27 00:00:00,MG
10409,1090A,2024-07-27 00:00:00,MG
10410,3178,2024-07-27 00:00:00,MG
10411,4033,2024-07-27 00:00:00,MG
10412,4078,2024-07-27 00:00:00,MG
10413,4099,2024-07-27 00:00:00,MG
10414,4100,2024-07-27 00:00:00,MG
10415,4141,2024-07-27 00:00:00,MG
10416,7080,2024-07-27 00:00:00,MG
10417,9046,2024-07-27 00:00:00,MG
10418,6042,2024-07-27 00:00:00,MG
10419,8014,2024-07-27 00:00:00,MG
10420,4A,2024-07-27 00:00:00,MG
10421,3027A,2024-07-27 00:00:00,MG
10422,6020,2024-07-27 00:00:00,MG
10423,12164,2024-07-27 00:00:00,MG
10424,4065,2024-07-27 00:00:00,MG
10425,5098,2024-07-27 00:00:00,MG
10426,6050,2024-07-27 00:00:00,MG
10427,7033,2024-07-27 00:00:00,MG
10428,8041,2024-07-27 00:00:00,MG
10429,80841,2024-07-27 00:00:00,MG
10430,9035,2024-07-27 00:00:00,MG
10431,9104,2024-07-27 00:00:00,MG
10432,91091,2024-07-27 00:00:00,MG
10433,0225,2024-07-27 00:00:00,MG
10434,0343,2024-07-27 00:00:00,MG
10435,33,2024-07-27 00:00:00,MG
10436,19,2024-07-27 00:00:00,MG
10437,8085,2024-07-27 00:00:00,MG
10438,9011,2024-07-27 00:00:00,MG
10439,9014,2024-07-27 00:00:00,MG
10440,9016,2024-07-27 00:00:00,MG
10441,9113,2024-07-27 00:00:00,MG
10442,9116B,2024-07-27 00:00:00,MG
10443,91172,2024-07-27 00:00:00,MG
10444,9121,2024-07-27 00:00:00,MG
10445,9122,2024-07-27 00:00:00,MG
10446,9128B,2024-07-27 00:00:00,MG
10447,0108,2024-07-27 00:00:00,MG
10448,0114,2024-07-27 00:00:00,MG
10449,0125,2024-07-27 00:00:00,MG
10450,0206A,2024-07-27 00:00:00,MG
10451,0206B,2024-07-27 00:00:00,MG
10452,0208A,2024-07-27 00:00:00,MG
10453,0220,2024-07-27 00:00:00,MG
10454,02331,2024-07-27 00:00:00,MG
10455,0240,2024-07-27 00:00:00,MG
10456,0246,2024-07-27 00:00:00,MG
10457,0258,2024-07-27 00:00:00,MG
10458,0269,2024-07-27 00:00:00,MG
10459,0291,2024-07-27 00:00:00,MG
10460,0297,2024-07-27 00:00:00,MG
10461,0299A,2024-07-27 00:00:00,MG
10462,0321,2024-07-27 00:00:00,MG
10463,0326,2024-07-27 00:00:00,MG
10464,0327,2024-07-27 00:00:00,MG
10465,0338,2024-07-27 00:00:00,MG
10466,0349,2024-07-27 00:00:00,MG
10467,0352,2024-07-27 00:00:00,MG
10468,20,2024-07-27 00:00:00,MG
10469,2018,2024-07-27 00:00:00,MG
10470,1109B,2024-07-27 00:00:00,MG
10471,2035A,2024-07-27 00:00:00,MG
10472,1132,2024-07-27 00:00:00,MG
10473,0271,2024-07-27 00:00:00,MG
10474,10431,2024-07-27 00:00:00,MG
10475,1052A,2024-07-27 00:00:00,MG
10476,2007,2024-07-27 00:00:00,MG
10477,1063,2024-07-27 00:00:00,MG
10478,1075,2024-07-27 00:00:00,MG
10479,1096,2024-07-27 00:00:00,MG
10480,1005,2024-07-27 00:00:00,MG
10481,2037,2024-07-27 00:00:00,MG
10482,2203,2024-07-27 00:00:00,MG
10483,2087,2024-07-27 00:00:00,MG
10484,2702,2024-07-27 00:00:00,MG
10485,2024,2024-07-27 00:00:00,MG
10486,1104A,2024-07-27 00:00:00,MG
10487,1103,2024-07-27 00:00:00,MG
10488,4048,2024-07-27 00:00:00,MG
10489,3108,2024-07-27 00:00:00,MG
10490,1139A,2024-07-27 00:00:00,MG
10491,1168,2024-07-27 00:00:00,MG
10492,2220,2024-07-27 00:00:00,MG
10493,2201,2024-07-27 00:00:00,MG
10494,1091,2024-07-27 00:00:00,MG
10495,0350,2024-07-27 00:00:00,MG
10496,7038,2024-07-27 00:00:00,MG
10497,1015A,2024-07-27 00:00:00,MG
10498,1098,2024-07-27 00:00:00,MG
10499,23228,2024-07-27 00:00:00,MG
10500,23249,2024-07-27 00:00:00,MG
10501,23251,2024-07-27 00:00:00,MG
10502,2226,2024-07-27 00:00:00,10B
10503,2208A,2024-07-27 00:00:00,10B
10504,9389,2024-07-27 00:00:00,MG
10505,6035,2024-07-27 00:00:00,10B
10506,0740,2024-07-27 00:00:00,10B
10507,3024A,2024-07-27 00:00:00,10B
10508,7083,2024-07-27 00:00:00,10B
10509,9020,2024-07-27 00:00:00,10B
10510,24202,2024-08-08 00:00:00,VAQ
10511,24203,2024-08-08 00:00:00,VAQ
10512,8043,2024-08-08 00:00:00,1A
10513,50501,2024-08-08 00:00:00,1A
10514,24202,2024-08-08 00:00:00,VAQ
10515,24203,2024-08-08 00:00:00,VAQ
10516,8043,2024-08-08 00:00:00,1A
10517,50501,2024-08-08 00:00:00,1A
10518,91242,2024-07-30 00:00:00,3
10519,0229,2024-07-30 00:00:00,3
10520,7077,2024-07-30 00:00:00,3
10521,9091,2024-07-05 00:00:00,3
10522,3066B,2024-07-16 00:00:00,1B
10523,6011,2024-07-05 00:00:00,3
10524,80272,2024-07-05 00:00:00,3
10525,8077,2024-07-05 00:00:00,3
10526,9125,2024-07-05 00:00:00,3
10527,0272,2024-07-05 00:00:00,3
10528,9006,2024-07-05 00:00:00,3
10529,9071,2024-07-05 00:00:00,3
10530,9007,2024-07-05 00:00:00,3
10531,2130,2024-07-05 00:00:00,3
10532,0111,2024-07-05 00:00:00,3
10533,8076,2024-07-05 00:00:00,3
10534,2196A,2024-08-02 00:00:00,1A
10535,4007,2024-08-02 00:00:00,1A
10536,BU357,2024-08-08 00:00:00,C4
10537,8046,2024-08-06 00:00:00,1A
10538,5092,2024-08-06 00:00:00,1A
10539,4079,2024-08-12 00:00:00,1B
10540,2060,2024-08-13 00:00:00,2
10541,9389,2024-08-13 00:00:00,2
10542,2219,2024-08-13 00:00:00,2
10543,4025,2024-08-13 00:00:00,2
10544,EMB 2,2024-08-13 00:00:00,2
10545,2019,2024-08-13 00:00:00,2
10546,1056A,2024-08-13 00:00:00,2
10547,1077A,2024-08-13 00:00:00,2
10548,1090A,2024-08-13 00:00:00,2
10549,2217,2024-08-13 00:00:00,2
10550,3178,2024-08-13 00:00:00,2
10551,4033,2024-08-13 00:00:00,2
10552,4078,2024-08-13 00:00:00,2
10553,4099,2024-08-13 00:00:00,2
10554,4100,2024-08-13 00:00:00,2
10555,4141,2024-08-13 00:00:00,2
10556,6031,2024-08-13 00:00:00,2
10557,7080,2024-08-13 00:00:00,2
10558,9046,2024-08-13 00:00:00,2
10559,8014,2024-08-13 00:00:00,2
10560,4A,2024-08-13 00:00:00,2
10561,3027A,2024-08-13 00:00:00,2
10562,6020,2024-08-13 00:00:00,2
10563,8096,2024-08-13 00:00:00,2
10564,9219,2024-08-13 00:00:00,2
10565,12164,2024-08-13 00:00:00,2
10566,4065,2024-08-13 00:00:00,2
10567,5098,2024-08-13 00:00:00,2
10568,6050,2024-08-13 00:00:00,2
10569,7033,2024-08-13 00:00:00,2
10570,7072,2024-08-13 00:00:00,2
10571,8041,2024-08-13 00:00:00,2
10572,80841,2024-08-13 00:00:00,2
10573,9035,2024-08-13 00:00:00,2
10574,9099,2024-08-13 00:00:00,2
10575,9104,2024-08-13 00:00:00,2
10576,91091,2024-08-13 00:00:00,2
10577,0225,2024-08-13 00:00:00,2
10578,0343,2024-08-13 00:00:00,2
10579,33,2024-08-13 00:00:00,2
10580,19,2024-08-13 00:00:00,2
10581,8085,2024-08-13 00:00:00,2
10582,9011,2024-08-13 00:00:00,2
10583,9014,2024-08-13 00:00:00,2
10584,9016,2024-08-13 00:00:00,2
10585,9113,2024-08-13 00:00:00,2
10586,9116B,2024-08-13 00:00:00,2
10587,91172,2024-08-13 00:00:00,2
10588,9121,2024-08-13 00:00:00,2
10589,9122,2024-08-13 00:00:00,2
10590,9128B,2024-08-13 00:00:00,2
10591,0108,2024-08-13 00:00:00,2
10592,0114,2024-08-13 00:00:00,2
10593,0125,2024-08-13 00:00:00,2
10594,0202,2024-08-13 00:00:00,2
10595,0206A,2024-08-13 00:00:00,2
10596,0206B,2024-08-13 00:00:00,2
10597,0208A,2024-08-13 00:00:00,2
10598,0211,2024-08-13 00:00:00,2
10599,0220,2024-08-13 00:00:00,2
10600,0224,2024-08-13 00:00:00,2
10601,02331,2024-08-13 00:00:00,2
10602,0233,2024-08-13 00:00:00,2
10603,0240,2024-08-13 00:00:00,2
10604,0246,2024-08-13 00:00:00,2
10605,0258,2024-08-13 00:00:00,2
10606,0269,2024-08-13 00:00:00,2
10607,0291,2024-08-13 00:00:00,2
10608,0297,2024-08-13 00:00:00,2
10609,0299A,2024-08-13 00:00:00,2
10610,0321,2024-08-13 00:00:00,2
10611,0326,2024-08-13 00:00:00,2
10612,0327,2024-08-13 00:00:00,2
10613,0338,2024-08-13 00:00:00,2
10614,0349,2024-08-13 00:00:00,2
10615,0352,2024-08-13 00:00:00,2
10616,20,2024-08-13 00:00:00,2
10617,2018,2024-08-13 00:00:00,2
10618,1109B,2024-08-13 00:00:00,2
10619,2035A,2024-08-13 00:00:00,2
10620,1132,2024-08-13 00:00:00,2
10621,0271,2024-08-13 00:00:00,2
10622,10431,2024-08-13 00:00:00,2
10623,1052A,2024-08-13 00:00:00,2
10624,2007,2024-08-13 00:00:00,2
10625,1063,2024-08-13 00:00:00,2
10626,1005,2024-08-13 00:00:00,2
10627,2037,2024-08-13 00:00:00,2
10628,2087,2024-08-13 00:00:00,2
10629,2702,2024-08-13 00:00:00,2
10630,2024,2024-08-13 00:00:00,2
10631,1104A,2024-08-13 00:00:00,2
10632,1103,2024-08-13 00:00:00,2
10633,4048,2024-08-13 00:00:00,2
10634,3108,2024-08-13 00:00:00,2
10635,1139A,2024-08-13 00:00:00,2
10636,1168,2024-08-13 00:00:00,2
10637,2220,2024-08-13 00:00:00,2
10638,1091,2024-08-13 00:00:00,2
10639,0350,2024-08-13 00:00:00,2
10640,8006,2024-08-13 00:00:00,2
10641,7038,2024-08-13 00:00:00,2
10642,1015A,2024-08-13 00:00:00,2
10643,1098,2024-08-13 00:00:00,2
10644,23227,2024-08-13 00:00:00,2
10645,23228,2024-08-13 00:00:00,2
10646,23230,2024-08-13 00:00:00,2
10647,23238,2024-08-13 00:00:00,2
10648,23241,2024-08-13 00:00:00,2
10649,23247,2024-08-13 00:00:00,2
10650,23249,2024-08-13 00:00:00,2
10651,23251,2024-08-13 00:00:00,2
10652,24002,2024-08-13 00:00:00,2
10653,24004,2024-08-13 00:00:00,2
10654,24005,2024-08-13 00:00:00,2
10655,24006,2024-08-13 00:00:00,2
10656,24008,2024-08-13 00:00:00,2
10657,24009,2024-08-13 00:00:00,2
10658,24016,2024-08-13 00:00:00,2
10659,24019,2024-08-13 00:00:00,2
10660,24021,2024-08-13 00:00:00,2
10661,24025,2024-08-13 00:00:00,2
10662,24030,2024-08-13 00:00:00,2
10663,24044,2024-08-13 00:00:00,2
10664,24047,2024-08-13 00:00:00,2
10665,24049,2024-08-13 00:00:00,2
10666,24063,2024-08-13 00:00:00,2
10667,24065,2024-08-13 00:00:00,2
10668,24066,2024-08-13 00:00:00,2
10669,24067,2024-08-13 00:00:00,2
10670,24071,2024-08-13 00:00:00,2
10671,24075,2024-08-13 00:00:00,2
10672,24076,2024-08-13 00:00:00,2
10673,24077,2024-08-13 00:00:00,2
10674,24079,2024-08-13 00:00:00,2
10675,24082,2024-08-13 00:00:00,2
10676,24085,2024-08-13 00:00:00,2
10677,24087,2024-08-13 00:00:00,2
10678,24089,2024-08-13 00:00:00,2
10679,24090,2024-08-13 00:00:00,2
10680,24091,2024-08-13 00:00:00,2
10681,24092,2024-08-13 00:00:00,2
10684,24096,2024-08-13 00:00:00,2
10685,24097,2024-08-13 00:00:00,2
10686,24098,2024-08-13 00:00:00,2
10687,24099,2024-08-13 00:00:00,2
10688,24101,2024-08-13 00:00:00,2
10689,24105,2024-08-13 00:00:00,2
10690,24110,2024-08-13 00:00:00,2
10691,24111,2024-08-13 00:00:00,2
10692,24116,2024-08-13 00:00:00,2
10693,24119,2024-08-13 00:00:00,2
10694,24120,2024-08-13 00:00:00,2
10695,24125,2024-08-13 00:00:00,2
10696,24134,2024-08-13 00:00:00,2
10697,24136,2024-08-13 00:00:00,2
10698,24139,2024-08-13 00:00:00,2
10699,24141,2024-08-13 00:00:00,2
10700,24145,2024-08-13 00:00:00,2
10701,24154,2024-08-13 00:00:00,2
10702,24157,2024-08-13 00:00:00,2
10703,24160,2024-08-13 00:00:00,2
10704,24163,2024-08-13 00:00:00,2
10705,24164,2024-08-13 00:00:00,2
10706,24177,2024-08-13 00:00:00,2
10707,24180,2024-08-13 00:00:00,2
10708,24181,2024-08-13 00:00:00,2
10709,24182,2024-08-13 00:00:00,2
10710,23033,2024-08-12 00:00:00,CACH
10711,23094,2024-08-12 00:00:00,CACH
10712,23125,2024-08-12 00:00:00,CACH
10713,24204,2024-08-12 00:00:00,VAQ
10714,24205,2024-08-14 00:00:00,VAQ
10715,9192,2024-08-12 00:00:00,1A
10716,1123,2024-08-14 00:00:00,1A
10717,0292,2024-08-19 00:00:00,MUERTO
10718,0223A,2024-08-19 00:00:00,MUERTO
10719,1055,2024-08-19 00:00:00,MUERTO
10720,0110,2024-08-19 00:00:00,MUERTO
10721,4109,2024-08-21 00:00:00,Mater
10722,1112A,2024-08-21 00:00:00,Mater
10723,8048,2024-08-21 00:00:00,Mater
10724,5679,2024-08-21 00:00:00,Mater
10725,0128,2024-08-21 00:00:00,Mater
10726,0353,2024-08-21 00:00:00,Mater
10727,1034,2024-08-21 00:00:00,CACH
10728,1151,2024-08-21 00:00:00,CACH
10729,4066,2024-08-21 00:00:00,Mater
10730,24207,2024-08-17 00:00:00,VAQ
10731,24208,2024-08-19 00:00:00,VAQ
10732,24209,2024-08-20 00:00:00,VAQ
10733,24210,2024-08-22 00:00:00,VAQ
10734,24211,2024-08-24 00:00:00,VAQ
10735,24212,2024-08-24 00:00:00,VAQ
10736,4072,2024-08-26 00:00:00,MAR1
10737,2097,2024-08-26 00:00:00,MAR2
10738,2094A,2024-08-26 00:00:00,MAR1
10739,9126A,2024-08-26 00:00:00,MAR1
10740,4109,2024-08-26 00:00:00,MAR2
10741,0128,2024-08-26 00:00:00,MAR1
10742,24206,2024-08-15 00:00:00,VAQ
10743,BU360,2024-08-18 00:00:00,C4
10744,BU361,2024-08-18 00:00:00,C4
10745,BU362,2024-08-18 00:00:00,C4
10746,BU363,2024-08-20 00:00:00,C4
10747,2196A,2024-08-23 00:00:00,MAR1
10748,2171,2024-08-23 00:00:00,MAR1
10749,3003A,2024-08-23 00:00:00,MAR1
10750,7028,2024-08-23 00:00:00,MAR1
10751,2124A,2024-08-23 00:00:00,MAR1
10752,2148A,2024-08-23 00:00:00,MAR1
10753,3107,2024-08-23 00:00:00,MAR1
10754,3026A,2024-08-23 00:00:00,MAR1
10755,2234,2024-08-23 00:00:00,MAR1
10756,4007,2024-08-23 00:00:00,MAR1
10757,2050,2024-08-23 00:00:00,MAR1
10758,3750,2024-08-23 00:00:00,MAR1
10759,2047,2024-08-23 00:00:00,MAR1
10760,4151,2024-08-23 00:00:00,MAR1
10761,4055,2024-08-23 00:00:00,MAR1
10762,2063A,2024-08-23 00:00:00,MAR1
10763,1015,2024-08-23 00:00:00,MAR1
10764,4018,2024-08-23 00:00:00,MAR1
10765,6021,2024-08-23 00:00:00,MAR1
10766,0500,2024-08-23 00:00:00,MAR1
10767,2073,2024-08-23 00:00:00,MAR1
10768,3043,2024-08-23 00:00:00,MAR1
10769,2209A,2024-08-23 00:00:00,MAR1
10770,8036,2024-08-23 00:00:00,MAR1
10771,1091A,2024-08-23 00:00:00,MAR1
10772,50501,2024-08-23 00:00:00,MAR1
10773,5052,2024-08-23 00:00:00,MAR1
10774,5076,2024-08-23 00:00:00,MAR1
10775,5077,2024-08-23 00:00:00,MAR1
10776,5092,2024-08-23 00:00:00,MAR1
10777,7012,2024-08-23 00:00:00,MAR1
10778,7059,2024-08-23 00:00:00,MAR1
10779,7074,2024-08-23 00:00:00,MAR1
10780,8046,2024-08-23 00:00:00,MAR1
10781,2090A,2024-08-23 00:00:00,MAR1
10782,20334,2024-08-23 00:00:00,MAR1
10783,6067,2024-08-23 00:00:00,MAR1
10784,4035,2024-08-23 00:00:00,MAR1
10785,1095A,2024-08-23 00:00:00,MAR1
10786,30212,2024-08-23 00:00:00,MAR1
10787,5030,2024-08-23 00:00:00,MAR1
10788,5146,2024-08-23 00:00:00,MAR1
10789,7061,2024-08-23 00:00:00,MAR1
10790,80121,2024-08-23 00:00:00,MAR1
10791,8030,2024-08-23 00:00:00,MAR1
10792,8033,2024-08-23 00:00:00,MAR1
10793,8037,2024-08-23 00:00:00,MAR1
10794,8043,2024-08-23 00:00:00,MAR1
10795,8045,2024-08-23 00:00:00,MAR1
10796,8050,2024-08-23 00:00:00,MAR1
10797,8054,2024-08-23 00:00:00,MAR1
10798,8079,2024-08-23 00:00:00,MAR1
10799,8087,2024-08-23 00:00:00,MAR1
10800,809,2024-08-23 00:00:00,MAR1
10801,9051,2024-08-23 00:00:00,MAR1
10802,9058,2024-08-23 00:00:00,MAR1
10803,1123,2024-08-23 00:00:00,MAR1
10804,9015,2024-08-23 00:00:00,MAR1
10805,9024,2024-08-23 00:00:00,MAR1
10806,9037,2024-08-23 00:00:00,MAR1
10807,9053,2024-08-23 00:00:00,MAR1
10808,9073,2024-08-23 00:00:00,MAR1
10809,9076,2024-08-23 00:00:00,MAR1
10810,9103,2024-08-23 00:00:00,MAR1
10811,9192,2024-08-23 00:00:00,MAR1
10812,91262,2024-08-23 00:00:00,MAR1
10813,0201,2024-08-23 00:00:00,MAR1
10814,0226,2024-08-23 00:00:00,MAR1
10815,0241,2024-08-23 00:00:00,MAR1
10816,0249,2024-08-23 00:00:00,MAR1
10817,0259,2024-08-23 00:00:00,MAR1
10818,0267,2024-08-23 00:00:00,MAR1
10819,0298A,2024-08-23 00:00:00,MAR1
10820,0322,2024-08-23 00:00:00,MAR1
10821,0323,2024-08-23 00:00:00,MAR1
10822,0329,2024-08-23 00:00:00,MAR1
10823,0333,2024-08-23 00:00:00,MAR1
10824,0336,2024-08-23 00:00:00,MAR1
10825,1004,2024-08-23 00:00:00,MAR1
10826,4095,2024-08-23 00:00:00,MAR1
10827,2080,2024-08-23 00:00:00,MAR1
10828,8063,2024-08-23 00:00:00,MAR1
10829,5079,2024-08-23 00:00:00,MAR1
10830,2180A,2024-08-23 00:00:00,MAR1
10831,80882,2024-08-23 00:00:00,MAR1
10832,8017,2024-08-23 00:00:00,MAR1
10833,7017,2024-08-23 00:00:00,MAR1
10834,5529,2024-08-23 00:00:00,MAR1
10835,5638,2024-08-23 00:00:00,MAR1
10836,34,2024-08-23 00:00:00,MAR1
10837,8019,2024-08-23 00:00:00,MAR1
10838,EMB 5,2024-08-23 00:00:00,MAR1
10839,60286,2024-08-27 00:00:00,MAR2
10840,2226,2024-08-27 00:00:00,MAR2
10841,31102,2024-08-27 00:00:00,MAR2
10842,2208A,2024-08-27 00:00:00,MAR2
10843,6035,2024-08-27 00:00:00,MAR2
10844,0740,2024-08-27 00:00:00,MAR2
10845,2083,2024-08-27 00:00:00,MAR2
10846,4079,2024-08-27 00:00:00,MAR2
10847,5033,2024-08-27 00:00:00,MAR2
10848,4087,2024-08-27 00:00:00,MAR2
10849,3024A,2024-08-27 00:00:00,MAR2
10850,2149A,2024-08-27 00:00:00,MAR2
10851,7083,2024-08-27 00:00:00,MAR2
10852,50741,2024-08-27 00:00:00,MAR2
10853,5144,2024-08-27 00:00:00,MAR2
10854,3066B,2024-08-27 00:00:00,MAR2
10855,2146,2024-08-27 00:00:00,MAR2
10856,2042,2024-08-27 00:00:00,MAR2
10857,2093A,2024-08-27 00:00:00,MAR2
10858,4075,2024-08-27 00:00:00,MAR2
10859,2143,2024-08-27 00:00:00,MAR2
10860,3119,2024-08-27 00:00:00,MAR2
10861,9904,2024-08-27 00:00:00,MAR2
10862,10391,2024-08-27 00:00:00,MAR2
10863,1128,2024-08-27 00:00:00,MAR2
10864,2072,2024-08-27 00:00:00,MAR2
10865,2340,2024-08-27 00:00:00,MAR2
10866,3028A,2024-08-27 00:00:00,MAR2
10867,3093,2024-08-27 00:00:00,MAR2
10868,4008,2024-08-27 00:00:00,MAR2
10869,4023,2024-08-27 00:00:00,MAR2
10870,4076,2024-08-27 00:00:00,MAR2
10871,4172,2024-08-27 00:00:00,MAR2
10872,5090,2024-08-27 00:00:00,MAR2
10873,6008,2024-08-19 00:00:00,2
10874,6070,2024-08-27 00:00:00,MAR2
10875,7067,2024-08-27 00:00:00,MAR2
10876,7076,2024-08-27 00:00:00,MAR2
10877,7087,2024-08-27 00:00:00,MAR2
10878,7092,2024-08-27 00:00:00,MAR2
10879,8067,2024-08-27 00:00:00,MAR2
10880,8089,2024-08-27 00:00:00,MAR2
10881,9045,2024-08-27 00:00:00,MAR2
10882,9047,2024-08-27 00:00:00,MAR2
10883,0143,2024-08-27 00:00:00,MAR2
10884,EMB 3,2024-08-27 00:00:00,MAR2
10885,9100,2024-08-27 00:00:00,MAR2
10886,6042,2024-08-27 00:00:00,MAR2
10887,20337,2024-08-27 00:00:00,MAR2
10888,8072,2024-08-27 00:00:00,MAR2
10889,6037,2024-08-27 00:00:00,MAR2
10890,7032,2024-08-27 00:00:00,MAR2
10891,7050,2024-08-27 00:00:00,MAR2
10892,8004,2024-08-27 00:00:00,MAR2
10893,8005,2024-08-27 00:00:00,MAR2
10894,8010,2024-08-27 00:00:00,MAR2
10895,8013,2024-08-27 00:00:00,MAR2
10896,8066,2024-08-27 00:00:00,MAR2
10897,8082,2024-08-27 00:00:00,MAR2
10898,8086,2024-08-27 00:00:00,MAR2
10899,80921,2024-08-27 00:00:00,MAR2
10900,8093,2024-08-27 00:00:00,MAR2
10901,9032,2024-08-27 00:00:00,MAR2
10902,9040,2024-08-27 00:00:00,MAR2
10903,1310,2024-08-27 00:00:00,MAR2
10904,9110A,2024-08-27 00:00:00,MAR2
10905,0101,2024-08-27 00:00:00,MAR2
10906,0107,2024-08-27 00:00:00,MAR2
10907,0205,2024-08-27 00:00:00,MAR2
10908,0270,2024-08-27 00:00:00,MAR2
10909,0299C,2024-08-27 00:00:00,MAR2
10910,0330A,2024-08-27 00:00:00,MAR2
10911,0342,2024-08-27 00:00:00,MAR2
10912,0344,2024-08-27 00:00:00,MAR2
10913,0354,2024-08-27 00:00:00,MAR2
10914,0355,2024-08-27 00:00:00,MAR2
10915,2040,2024-08-27 00:00:00,MAR2
10916,1017A,2024-08-27 00:00:00,MAR2
10917,9020,2024-08-27 00:00:00,MAR2
10918,1075,2024-08-27 00:00:00,MAR2
10919,1096,2024-08-27 00:00:00,MAR2
10920,9023,2024-08-27 00:00:00,MAR2
10921,80472,2024-08-27 00:00:00,MAR2
10922,0298,2024-08-27 00:00:00,MAR2
10923,2203,2024-08-27 00:00:00,MAR2
10924,2052,2024-08-27 00:00:00,MAR2
10925,2039,2024-08-27 00:00:00,MAR2
10926,1023,2024-08-27 00:00:00,MAR2
10927,2062,2024-08-27 00:00:00,MAR2
10928,7066,2024-08-27 00:00:00,MAR2
10929,7007,2024-08-27 00:00:00,MAR2
10930,1109A,2024-08-27 00:00:00,MAR2
10931,EMB 4,2024-08-27 00:00:00,MAR2
10932,9067,2024-08-27 00:00:00,MAR2
10933,9018B,2024-08-27 00:00:00,MAR2
10934,89,2024-08-27 00:00:00,MAR2
10935,2201,2024-08-27 00:00:00,MAR2
10936,1066,2024-08-27 00:00:00,MAR2
10937,1088A,2024-08-27 00:00:00,MAR2
10938,2023,2024-08-27 00:00:00,MAR2
10939,BU20,2024-08-27 00:00:00,MAR2
10940,BU48,2024-08-27 00:00:00,MAR2
10941,2066,2024-08-27 00:00:00,MAR2
10942,406,2024-08-27 00:00:00,MAR2
10943,35,2024-08-27 00:00:00,MAR2
10944,4043,2024-08-27 00:00:00,MAR2
10945,24189,2024-07-18 00:00:00,VAQ
10946,24191,2024-07-31 00:00:00,VAQ
10947,24193,2024-07-31 00:00:00,VAQ
10948,24194,2024-07-31 00:00:00,VAQ
10949,24195,2024-08-01 00:00:00,VAQ
10950,24206,2024-08-19 00:00:00,2
10951,0018,2024-08-19 00:00:00,MAR2
10952,0332,2024-08-19 00:00:00,MAR2
10953,3021A,2024-08-19 00:00:00,MAR2
10954,2133A,2024-08-19 00:00:00,MAR2
10955,9007,2024-08-19 00:00:00,MAR2
10956,4109,2024-08-30 00:00:00,4
10957,50501,2024-08-30 00:00:00,4
10958,5092,2024-08-30 00:00:00,4
10959,1123,2024-08-30 00:00:00,4
10960,9073,2024-08-29 00:00:00,CACH
10961,9192,2024-08-30 00:00:00,4
10962,2097,2024-08-30 00:00:00,4
10963,24211,2024-08-30 00:00:00,4
10964,24203,2024-08-30 00:00:00,4
10965,24198,2024-08-30 00:00:00,4
10966,24199,2024-08-30 00:00:00,4
10967,24205,2024-08-30 00:00:00,4
10968,24062,2024-08-29 00:00:00,CACH
10969,24204,2024-08-30 00:00:00,4
10970,24208,2024-08-30 00:00:00,4
10971,SNA,2024-08-28 00:00:00,SERVICIO
10972,5010,2024-08-28 00:00:00,SERVICIO
10973,S/NB,2024-08-28 00:00:00,SERVICIO
10974,EMB 1,2024-08-28 00:00:00,SERVICIO
10975,22149,2024-08-28 00:00:00,SERVICIO
10976,22126,2024-08-28 00:00:00,SERVICIO
10977,2048,2024-08-28 00:00:00,SERVICIO
10978,2174,2024-08-28 00:00:00,SERVICIO
10979,2153,2024-08-28 00:00:00,SERVICIO
10980,S/NC,2024-08-28 00:00:00,SERVICIO
10981,2025A,2024-08-28 00:00:00,SERVICIO
10982,22135,2024-08-28 00:00:00,SERVICIO
10983,2,2024-08-28 00:00:00,SERVICIO
10984,2051,2024-08-28 00:00:00,SERVICIO
10985,2079,2024-08-28 00:00:00,SERVICIO
10986,3015,2024-08-28 00:00:00,SERVICIO
10987,3038A,2024-08-28 00:00:00,SERVICIO
10988,40072,2024-08-28 00:00:00,SERVICIO
10989,5035,2024-08-28 00:00:00,SERVICIO
10990,5041,2024-08-28 00:00:00,SERVICIO
10991,5082,2024-08-28 00:00:00,SERVICIO
10992,8051,2024-08-28 00:00:00,SERVICIO
10993,8338,2024-08-28 00:00:00,SERVICIO
10994,9238,2024-08-28 00:00:00,SERVICIO
10995,5013,2024-08-28 00:00:00,SERVICIO
10996,S/NH,2024-08-28 00:00:00,SERVICIO
10997,3044A,2024-08-28 00:00:00,SERVICIO
10998,7021,2024-08-28 00:00:00,SERVICIO
10999,5027,2024-08-28 00:00:00,SERVICIO
11000,5043,2024-08-28 00:00:00,SERVICIO
11001,5111,2024-08-28 00:00:00,SERVICIO
11002,6017,2024-08-28 00:00:00,SERVICIO
11003,7004,2024-08-28 00:00:00,SERVICIO
11004,7049,2024-08-28 00:00:00,SERVICIO
11005,7052,2024-08-28 00:00:00,SERVICIO
11006,8003,2024-08-28 00:00:00,SERVICIO
11007,8007,2024-08-28 00:00:00,SERVICIO
11008,8016,2024-08-28 00:00:00,SERVICIO
11009,8020,2024-08-28 00:00:00,SERVICIO
11010,8026,2024-08-28 00:00:00,SERVICIO
11011,8028,2024-08-28 00:00:00,SERVICIO
11012,8032,2024-08-28 00:00:00,SERVICIO
11013,8040,2024-08-28 00:00:00,SERVICIO
11014,8060,2024-08-28 00:00:00,SERVICIO
11015,8073,2024-08-28 00:00:00,SERVICIO
11016,8078,2024-08-28 00:00:00,SERVICIO
11017,91121,2024-08-28 00:00:00,SERVICIO
11018,9136,2024-08-28 00:00:00,SERVICIO
11019,8011,2024-08-28 00:00:00,SERVICIO
11020,9042,2024-08-28 00:00:00,SERVICIO
11021,9064,2024-08-28 00:00:00,SERVICIO
11022,9128A,2024-08-28 00:00:00,SERVICIO
11023,0102,2024-08-28 00:00:00,SERVICIO
11024,0215A,2024-08-28 00:00:00,SERVICIO
11025,0231B,2024-08-28 00:00:00,SERVICIO
11026,0252,2024-08-28 00:00:00,SERVICIO
11027,0348,2024-08-28 00:00:00,SERVICIO
11028,2063B,2024-08-28 00:00:00,SERVICIO
11029,0274,2024-08-28 00:00:00,SERVICIO
11030,9118,2024-08-28 00:00:00,SERVICIO
11031,05,2024-08-28 00:00:00,SERVICIO
11032,4143,2024-08-28 00:00:00,SERVICIO
11033,2150,2024-08-28 00:00:00,SERVICIO
11034,22195,2024-08-28 00:00:00,SERVICIO
11035,2109,2024-08-28 00:00:00,SERVICIO
11036,2111,2024-08-28 00:00:00,SERVICIO
11037,2103,2024-08-28 00:00:00,SERVICIO
11038,2108,2024-08-28 00:00:00,SERVICIO
11039,2093,2024-08-28 00:00:00,SERVICIO
11040,2200,2024-08-28 00:00:00,SERVICIO
11041,2030,2024-08-28 00:00:00,SERVICIO
11042,2036,2024-08-28 00:00:00,SERVICIO
11043,8039,2024-08-28 00:00:00,SERVICIO
11044,0340A,2024-08-28 00:00:00,SERVICIO
11045,30,2024-08-28 00:00:00,SERVICIO
11046,8057,2024-08-28 00:00:00,SERVICIO
11047,8015,2024-08-28 00:00:00,SERVICIO
11048,31,2024-08-28 00:00:00,SERVICIO
11049,32,2024-08-28 00:00:00,SERVICIO
11050,2013,2024-08-28 00:00:00,SERVICIO
11051,22049,2024-08-28 00:00:00,SERVICIO
11052,9,2024-08-28 00:00:00,SERVICIO
11053,23031,2024-08-28 00:00:00,SERVICIO
11054,22172,2024-08-28 00:00:00,SERVICIO
11055,24011,2024-08-28 00:00:00,SERVICIO
11056,24027,2024-08-28 00:00:00,SERVICIO
11057,24031,2024-08-28 00:00:00,SERVICIO
11058,24068,2024-08-28 00:00:00,SERVICIO
11059,24081,2024-08-28 00:00:00,SERVICIO
11060,24123,2024-08-28 00:00:00,SERVICIO
11061,24132,2024-08-28 00:00:00,SERVICIO
11062,24152,2024-08-28 00:00:00,SERVICIO
11063,24153,2024-08-28 00:00:00,SERVICIO
11064,24169,2024-08-28 00:00:00,SERVICIO
11065,22120,2024-08-23 00:00:00,5
11066,2004,2024-08-23 00:00:00,5
11067,2053,2024-08-23 00:00:00,5
11068,22118,2024-08-23 00:00:00,5
11069,2154,2024-08-23 00:00:00,5
11070,22115,2024-08-23 00:00:00,5
11071,2155,2024-08-23 00:00:00,5
11072,22157,2024-08-23 00:00:00,5
11073,22158,2024-08-23 00:00:00,5
11074,2022,2024-08-23 00:00:00,5
11075,2159,2024-08-23 00:00:00,5
11076,22132,2024-08-23 00:00:00,5
11077,22166,2024-08-23 00:00:00,5
11078,22114,2024-08-23 00:00:00,5
11079,1093,2024-08-23 00:00:00,5
11080,1027A,2024-08-23 00:00:00,5
11081,1033,2024-08-23 00:00:00,5
11082,1064,2024-08-23 00:00:00,5
11083,1067,2024-08-23 00:00:00,5
11084,1085,2024-08-23 00:00:00,5
11085,1092A,2024-08-23 00:00:00,5
11086,1097A,2024-08-23 00:00:00,5
11087,1101A,2024-08-23 00:00:00,5
11088,1133,2024-08-23 00:00:00,5
11089,2005A,2024-08-23 00:00:00,5
11090,2005B,2024-08-23 00:00:00,5
11091,2025,2024-08-23 00:00:00,5
11092,2039A,2024-08-23 00:00:00,5
11093,2041,2024-08-23 00:00:00,5
11094,2045,2024-08-23 00:00:00,5
11095,2054,2024-08-23 00:00:00,5
11096,2058,2024-08-23 00:00:00,5
11097,2067,2024-08-23 00:00:00,5
11098,1056,2024-08-23 00:00:00,5
11099,1096A,2024-08-23 00:00:00,5
11100,2029,2024-08-23 00:00:00,5
11101,1070A,2024-08-23 00:00:00,5
11102,1130A,2024-08-23 00:00:00,5
11103,2001B,2024-08-23 00:00:00,5
11104,1077,2024-08-23 00:00:00,5
11105,2149,2024-08-23 00:00:00,5
11106,1068A,2024-08-23 00:00:00,5
11107,1018,2024-08-23 00:00:00,5
11108,0109A,2024-08-23 00:00:00,5
11109,2056,2024-08-23 00:00:00,5
11110,1112,2024-08-23 00:00:00,5
11111,1044,2024-08-23 00:00:00,5
11112,2010,2024-08-23 00:00:00,5
11113,2044,2024-08-23 00:00:00,5
11114,2090,2024-08-23 00:00:00,5
11115,1055A,2024-08-23 00:00:00,5
11116,1076,2024-08-23 00:00:00,5
11117,0116A,2024-08-23 00:00:00,5
11118,099,2024-08-23 00:00:00,5
11119,0317,2024-08-23 00:00:00,5
11120,22175,2024-08-23 00:00:00,5
11121,22178,2024-08-23 00:00:00,5
11122,22181,2024-08-23 00:00:00,5
11123,22185,2024-08-23 00:00:00,5
11124,22188,2024-08-23 00:00:00,5
11125,22194,2024-08-23 00:00:00,5
11126,22209,2024-08-23 00:00:00,5
11127,22206,2024-08-23 00:00:00,5
11128,23004,2024-08-23 00:00:00,5
11129,TORO1,2024-08-23 00:00:00,5
11130,TORO2,2024-08-23 00:00:00,5
11131,TORO3,2024-08-23 00:00:00,5
11132,TORO4,2024-08-23 00:00:00,5
11133,2092,2024-08-23 00:00:00,5
11134,1082A,2024-08-23 00:00:00,5
11135,2094,2024-08-23 00:00:00,5
11136,22100,2024-08-23 00:00:00,5
11137,2101,2024-08-23 00:00:00,5
11138,2106,2024-08-23 00:00:00,5
11139,2099,2024-08-23 00:00:00,5
11140,23011,2024-08-23 00:00:00,5
11141,2170,2024-08-23 00:00:00,5
11142,2167,2024-08-23 00:00:00,5
11143,23015,2024-08-23 00:00:00,5
11144,1070,2024-08-23 00:00:00,5
11145,1237,2024-08-23 00:00:00,5
11146,1008,2024-08-23 00:00:00,5
11147,0127,2024-08-23 00:00:00,5
11148,1104,2024-08-23 00:00:00,5
11149,SN50,2024-08-23 00:00:00,5
11150,0204B,2024-08-23 00:00:00,5
11151,0185,2024-08-23 00:00:00,5
11152,22168,2024-08-23 00:00:00,5
11153,23146,2024-08-23 00:00:00,5
11154,9389,2024-08-24 00:00:00,4
11155,2219,2024-08-24 00:00:00,4
11156,4025,2024-08-24 00:00:00,4
11157,EMB 2,2024-08-24 00:00:00,4
11158,2019,2024-08-24 00:00:00,4
11159,1056A,2024-08-24 00:00:00,4
11160,1077A,2024-08-24 00:00:00,4
11161,1090A,2024-08-24 00:00:00,4
11162,2217,2024-08-24 00:00:00,4
11163,3178,2024-08-24 00:00:00,4
11164,4033,2024-08-24 00:00:00,4
11165,4078,2024-08-24 00:00:00,4
11166,4099,2024-08-24 00:00:00,4
11167,4100,2024-08-24 00:00:00,4
11168,4141,2024-08-24 00:00:00,4
11169,6008,2024-08-24 00:00:00,4
11170,6031,2024-08-24 00:00:00,4
11171,7080,2024-08-24 00:00:00,4
11172,9046,2024-08-24 00:00:00,4
11173,8014,2024-08-24 00:00:00,4
11174,4A,2024-08-24 00:00:00,4
11175,3027A,2024-08-24 00:00:00,4
11176,6020,2024-08-24 00:00:00,4
11177,8096,2024-08-24 00:00:00,4
11178,9219,2024-08-24 00:00:00,4
11179,12164,2024-08-24 00:00:00,4
11180,4065,2024-08-24 00:00:00,4
11181,5098,2024-08-24 00:00:00,4
11182,6050,2024-08-24 00:00:00,4
11183,7033,2024-08-24 00:00:00,4
11184,7072,2024-08-24 00:00:00,4
11185,8041,2024-08-24 00:00:00,4
11186,80841,2024-08-24 00:00:00,4
11187,9035,2024-08-24 00:00:00,4
11188,9099,2024-08-24 00:00:00,4
11189,9104,2024-08-24 00:00:00,4
11190,91091,2024-08-24 00:00:00,4
11191,0225,2024-08-24 00:00:00,4
11192,0343,2024-08-24 00:00:00,4
11193,33,2024-08-24 00:00:00,4
11194,19,2024-08-24 00:00:00,4
11195,8085,2024-08-24 00:00:00,4
11196,9011,2024-08-24 00:00:00,4
11197,9014,2024-08-24 00:00:00,4
11198,9016,2024-08-24 00:00:00,4
11199,9113,2024-08-24 00:00:00,4
11200,9116B,2024-08-24 00:00:00,4
11201,91172,2024-08-24 00:00:00,4
11202,9121,2024-08-24 00:00:00,4
11203,9122,2024-08-24 00:00:00,4
11204,9128B,2024-08-24 00:00:00,4
11205,0108,2024-08-24 00:00:00,4
11206,0114,2024-08-24 00:00:00,4
11207,0125,2024-08-24 00:00:00,4
11208,0202,2024-08-24 00:00:00,4
11209,0206A,2024-08-24 00:00:00,4
11210,0206B,2024-08-24 00:00:00,4
11211,0208A,2024-08-24 00:00:00,4
11212,0211,2024-08-24 00:00:00,4
11213,0220,2024-08-24 00:00:00,4
11214,0224,2024-08-24 00:00:00,4
11215,02331,2024-08-24 00:00:00,4
11216,0233,2024-08-24 00:00:00,4
11217,0240,2024-08-24 00:00:00,4
11218,0246,2024-08-24 00:00:00,4
11219,0258,2024-08-24 00:00:00,4
11220,0269,2024-08-24 00:00:00,4
11221,0291,2024-08-24 00:00:00,4
11222,0297,2024-08-24 00:00:00,4
11223,0299A,2024-08-24 00:00:00,4
11224,0321,2024-08-24 00:00:00,4
11225,0326,2024-08-24 00:00:00,4
11226,0327,2024-08-24 00:00:00,4
11227,0338,2024-08-24 00:00:00,4
11228,0349,2024-08-24 00:00:00,4
11229,0352,2024-08-24 00:00:00,4
11230,20,2024-08-24 00:00:00,4
11231,2018,2024-08-24 00:00:00,4
11232,1109B,2024-08-24 00:00:00,4
11233,2035A,2024-08-24 00:00:00,4
11234,1132,2024-08-24 00:00:00,4
11235,0271,2024-08-24 00:00:00,4
11236,10431,2024-08-24 00:00:00,4
11237,1052A,2024-08-24 00:00:00,4
11238,2007,2024-08-24 00:00:00,4
11239,1063,2024-08-24 00:00:00,4
11240,1005,2024-08-24 00:00:00,4
11241,2037,2024-08-24 00:00:00,4
11242,2087,2024-08-24 00:00:00,4
11326,2702,2024-08-24 00:00:00,4
11327,2024,2024-08-24 00:00:00,4
11328,1104A,2024-08-24 00:00:00,4
11329,1103,2024-08-24 00:00:00,4
11330,4048,2024-08-24 00:00:00,4
11331,3108,2024-08-24 00:00:00,4
11332,1139A,2024-08-24 00:00:00,4
11333,1168,2024-08-24 00:00:00,4
11334,2220,2024-08-24 00:00:00,4
11335,2060,2024-08-24 00:00:00,4
11336,1091,2024-08-24 00:00:00,4
11337,0350,2024-08-24 00:00:00,4
11338,8006,2024-08-24 00:00:00,4
11339,7038,2024-08-24 00:00:00,4
11340,1015A,2024-08-24 00:00:00,4
11341,1098,2024-08-24 00:00:00,4
11342,23227,2024-08-24 00:00:00,4
11343,23228,2024-08-24 00:00:00,4
11344,23230,2024-08-24 00:00:00,4
11345,23238,2024-08-24 00:00:00,4
11346,23241,2024-08-24 00:00:00,4
11347,23247,2024-08-24 00:00:00,4
11348,23249,2024-08-24 00:00:00,4
11349,23251,2024-08-24 00:00:00,4
11350,24002,2024-08-24 00:00:00,4
11351,24004,2024-08-24 00:00:00,4
11352,24005,2024-08-24 00:00:00,4
11353,24006,2024-08-24 00:00:00,4
11354,24008,2024-08-24 00:00:00,4
11355,24009,2024-08-24 00:00:00,4
11356,24016,2024-08-24 00:00:00,4
11357,24019,2024-08-24 00:00:00,4
11358,24021,2024-08-24 00:00:00,4
11359,24025,2024-08-24 00:00:00,4
11360,24030,2024-08-24 00:00:00,4
11361,24044,2024-08-24 00:00:00,4
11362,24047,2024-08-24 00:00:00,4
11363,24049,2024-08-24 00:00:00,4
11364,24063,2024-08-24 00:00:00,4
11365,24065,2024-08-24 00:00:00,4
11366,24066,2024-08-24 00:00:00,4
11367,24067,2024-08-24 00:00:00,4
11368,24071,2024-08-24 00:00:00,4
11369,24075,2024-08-24 00:00:00,4
11370,24076,2024-08-24 00:00:00,4
11371,24077,2024-08-24 00:00:00,4
11372,24079,2024-08-24 00:00:00,4
11373,24082,2024-08-24 00:00:00,4
11374,24085,2024-08-24 00:00:00,4
11375,24087,2024-08-24 00:00:00,4
11376,24089,2024-08-24 00:00:00,4
11377,24090,2024-08-24 00:00:00,4
11378,24091,2024-08-24 00:00:00,4
11379,24092,2024-08-24 00:00:00,4
11382,24096,2024-08-24 00:00:00,4
11383,24097,2024-08-24 00:00:00,4
11384,24098,2024-08-24 00:00:00,4
11385,24099,2024-08-24 00:00:00,4
11386,24101,2024-08-24 00:00:00,4
11387,24105,2024-08-24 00:00:00,4
11388,24110,2024-08-24 00:00:00,4
11389,24111,2024-08-24 00:00:00,4
11390,24116,2024-08-24 00:00:00,4
11391,24119,2024-08-24 00:00:00,4
11392,24120,2024-08-24 00:00:00,4
11393,24125,2024-08-24 00:00:00,4
11394,24134,2024-08-24 00:00:00,4
11395,24136,2024-08-24 00:00:00,4
11396,24139,2024-08-24 00:00:00,4
11397,24141,2024-08-24 00:00:00,4
11398,24145,2024-08-24 00:00:00,4
11399,24154,2024-08-24 00:00:00,4
11400,24157,2024-08-24 00:00:00,4
11401,24160,2024-08-24 00:00:00,4
11402,24163,2024-08-24 00:00:00,4
11403,24164,2024-08-24 00:00:00,4
11404,24177,2024-08-24 00:00:00,4
11405,24180,2024-08-24 00:00:00,4
11406,24181,2024-08-24 00:00:00,4
11407,24182,2024-08-24 00:00:00,4
11408,24206,2024-08-24 00:00:00,4
11409,3021A,2024-08-29 00:00:00,6
11410,60286,2024-08-29 00:00:00,6
11411,2226,2024-08-29 00:00:00,6
11412,2133A,2024-08-29 00:00:00,6
11413,31102,2024-08-29 00:00:00,6
11414,2208A,2024-08-29 00:00:00,6
11415,6035,2024-08-29 00:00:00,6
11416,0740,2024-08-29 00:00:00,6
11417,2083,2024-08-29 00:00:00,6
11418,4079,2024-08-29 00:00:00,6
11419,5033,2024-08-29 00:00:00,6
11420,4087,2024-08-29 00:00:00,6
11421,3024A,2024-08-29 00:00:00,6
11422,2149A,2024-08-29 00:00:00,6
11423,7083,2024-08-29 00:00:00,6
11424,50741,2024-08-29 00:00:00,6
11425,5144,2024-08-29 00:00:00,6
11426,3066B,2024-08-29 00:00:00,6
11427,2146,2024-08-29 00:00:00,6
11428,2042,2024-08-29 00:00:00,6
11429,2093A,2024-08-29 00:00:00,6
11430,4075,2024-08-29 00:00:00,6
11431,2143,2024-08-29 00:00:00,6
11432,3119,2024-08-29 00:00:00,6
11433,9904,2024-08-29 00:00:00,6
11434,10391,2024-08-29 00:00:00,6
11435,1128,2024-08-29 00:00:00,6
11436,2072,2024-08-29 00:00:00,6
11437,2340,2024-08-29 00:00:00,6
11438,3028A,2024-08-29 00:00:00,6
11439,3093,2024-08-29 00:00:00,6
11440,4008,2024-08-29 00:00:00,6
11441,4023,2024-08-29 00:00:00,6
11442,4076,2024-08-29 00:00:00,6
11443,4172,2024-08-29 00:00:00,6
11444,5090,2024-08-29 00:00:00,6
11445,6070,2024-08-29 00:00:00,6
11446,7067,2024-08-29 00:00:00,6
11447,7076,2024-08-29 00:00:00,6
11448,7087,2024-08-29 00:00:00,6
11449,7092,2024-08-29 00:00:00,6
11450,8067,2024-08-29 00:00:00,6
11451,8089,2024-08-29 00:00:00,6
11452,9045,2024-08-29 00:00:00,6
11453,9047,2024-08-29 00:00:00,6
11454,0018,2024-08-29 00:00:00,6
11455,0143,2024-08-29 00:00:00,6
11456,EMB 3,2024-08-29 00:00:00,6
11457,9100,2024-08-29 00:00:00,6
11458,6042,2024-08-29 00:00:00,6
11459,9007,2024-08-29 00:00:00,6
11460,20337,2024-08-29 00:00:00,6
11461,8072,2024-08-29 00:00:00,6
11462,6037,2024-08-29 00:00:00,6
11463,7032,2024-08-29 00:00:00,6
11464,7050,2024-08-29 00:00:00,6
11465,8004,2024-08-29 00:00:00,6
11466,8005,2024-08-29 00:00:00,6
11467,8010,2024-08-29 00:00:00,6
11468,8013,2024-08-29 00:00:00,6
11469,8066,2024-08-29 00:00:00,6
11470,8082,2024-08-29 00:00:00,6
11471,8086,2024-08-29 00:00:00,6
11472,80921,2024-08-29 00:00:00,6
11473,8093,2024-08-29 00:00:00,6
11474,9032,2024-08-29 00:00:00,6
11475,9040,2024-08-29 00:00:00,6
11476,1310,2024-08-29 00:00:00,6
11477,9110A,2024-08-29 00:00:00,6
11478,0101,2024-08-29 00:00:00,6
11479,0107,2024-08-29 00:00:00,6
11480,0205,2024-08-29 00:00:00,6
11481,0270,2024-08-29 00:00:00,6
11482,0299C,2024-08-29 00:00:00,6
11483,0330A,2024-08-29 00:00:00,6
11484,0342,2024-08-29 00:00:00,6
11485,0344,2024-08-29 00:00:00,6
11486,0354,2024-08-29 00:00:00,6
11487,0355,2024-08-29 00:00:00,6
11488,2040,2024-08-29 00:00:00,6
11489,1017A,2024-08-29 00:00:00,6
11490,9020,2024-08-29 00:00:00,6
11491,1075,2024-08-29 00:00:00,6
11492,1096,2024-08-29 00:00:00,6
11493,9023,2024-08-29 00:00:00,6
11494,0332,2024-08-29 00:00:00,6
11495,80472,2024-08-29 00:00:00,6
11496,0298,2024-08-29 00:00:00,6
11497,2203,2024-08-29 00:00:00,6
11498,2052,2024-08-29 00:00:00,6
11499,2039,2024-08-29 00:00:00,6
11500,1023,2024-08-29 00:00:00,6
11501,2062,2024-08-29 00:00:00,6
11502,7066,2024-08-29 00:00:00,6
11503,7007,2024-08-29 00:00:00,6
11504,1109A,2024-08-29 00:00:00,6
11505,EMB 4,2024-08-29 00:00:00,6
11506,9067,2024-08-29 00:00:00,6
11507,9018B,2024-08-29 00:00:00,6
11508,89,2024-08-29 00:00:00,6
11509,2201,2024-08-29 00:00:00,6
11510,1066,2024-08-29 00:00:00,6
11511,1088A,2024-08-29 00:00:00,6
11512,2023,2024-08-29 00:00:00,6
11513,BU20,2024-08-29 00:00:00,6
11514,BU48,2024-08-29 00:00:00,6
11515,2066,2024-08-29 00:00:00,6
11516,406,2024-08-29 00:00:00,6
11517,35,2024-08-29 00:00:00,6
11518,4043,2024-08-29 00:00:00,6
11519,0102,2024-08-29 00:00:00,MAR2
11520,0215A,2024-08-29 00:00:00,MAR2
11521,0252,2024-08-29 00:00:00,MAR2
11522,0340A,2024-08-29 00:00:00,MAR2
11523,0348,2024-08-29 00:00:00,MAR2
11524,2,2024-08-29 00:00:00,MAR2
11525,2013,2024-08-29 00:00:00,MAR2
11526,2025A,2024-08-29 00:00:00,MAR2
11527,2030,2024-08-29 00:00:00,MAR2
11528,2036,2024-08-29 00:00:00,MAR2
11529,2048,2024-08-29 00:00:00,MAR2
11530,2051,2024-08-29 00:00:00,MAR2
11531,2063B,2024-08-29 00:00:00,MAR2
11532,2079,2024-08-29 00:00:00,MAR2
11533,2093,2024-08-29 00:00:00,MAR2
11534,2103,2024-08-29 00:00:00,MAR2
11535,2108,2024-08-29 00:00:00,MAR2
11536,2109,2024-08-29 00:00:00,MAR2
11537,2111,2024-08-29 00:00:00,MAR2
11538,2150,2024-08-29 00:00:00,MAR2
11539,2153,2024-08-29 00:00:00,MAR2
11540,2200,2024-08-29 00:00:00,MAR2
11541,22049,2024-08-29 00:00:00,MAR2
11542,22149,2024-08-29 00:00:00,MAR2
11543,30,2024-08-29 00:00:00,MAR2
11544,3015,2024-08-29 00:00:00,MAR2
11545,3038A,2024-08-29 00:00:00,MAR2
11546,3044A,2024-08-29 00:00:00,MAR2
11547,32,2024-08-29 00:00:00,MAR2
11548,40072,2024-08-29 00:00:00,MAR2
11549,4143,2024-08-29 00:00:00,MAR2
11550,5010,2024-08-29 00:00:00,MAR2
11551,5013,2024-08-29 00:00:00,MAR2
11552,5027,2024-08-29 00:00:00,MAR2
11553,5035,2024-08-29 00:00:00,MAR2
11554,5043,2024-08-29 00:00:00,MAR2
11555,5111,2024-08-29 00:00:00,MAR2
11556,6017,2024-08-29 00:00:00,MAR2
11557,7004,2024-08-29 00:00:00,MAR2
11558,7021,2024-08-29 00:00:00,MAR2
11559,7049,2024-08-29 00:00:00,MAR2
11560,7052,2024-08-29 00:00:00,MAR2
11561,8003,2024-08-29 00:00:00,MAR2
11562,8007,2024-08-29 00:00:00,MAR2
11563,8015,2024-08-29 00:00:00,MAR2
11564,8016,2024-08-29 00:00:00,MAR2
11565,8020,2024-08-29 00:00:00,MAR2
11566,8032,2024-08-29 00:00:00,MAR2
11567,8039,2024-08-29 00:00:00,MAR2
11568,8040,2024-08-29 00:00:00,MAR2
11569,8051,2024-08-29 00:00:00,MAR2
11570,8057,2024-08-29 00:00:00,MAR2
11571,8073,2024-08-29 00:00:00,MAR2
11572,9,2024-08-29 00:00:00,MAR2
11573,9042,2024-08-29 00:00:00,MAR2
11574,9064,2024-08-29 00:00:00,MAR2
11575,9118,2024-08-29 00:00:00,MAR2
11576,9128A,2024-08-29 00:00:00,MAR2
11577,9136,2024-08-29 00:00:00,MAR2
11578,EMB 1,2024-08-29 00:00:00,MAR2
11579,S/NB,2024-08-29 00:00:00,MAR2
11580,S/NC,2024-08-29 00:00:00,MAR2
11581,S/NH,2024-08-29 00:00:00,MAR2
11582,8338,2024-08-29 00:00:00,MAR2
11583,24011,2024-08-29 00:00:00,MAR2
11584,24027,2024-08-29 00:00:00,MAR2
11585,24031,2024-08-29 00:00:00,MAR2
11586,24068,2024-08-29 00:00:00,MAR2
11587,24081,2024-08-29 00:00:00,MAR2
11588,23031,2024-08-29 00:00:00,MAR2
11589,22126,2024-08-29 00:00:00,MAR2
11590,22135,2024-08-29 00:00:00,MAR2
11591,22195,2024-08-29 00:00:00,MAR2
11593,05,2024-08-29 00:00:00,4
11594,5082,2024-08-29 00:00:00,4
11595,8026,2024-08-29 00:00:00,4
11596,8060,2024-08-29 00:00:00,4
11597,9238,2024-08-29 00:00:00,4
11598,24123,2024-08-29 00:00:00,4
11599,24132,2024-08-29 00:00:00,4
11600,24152,2024-08-29 00:00:00,4
11601,24153,2024-08-29 00:00:00,4
11602,24169,2024-08-29 00:00:00,4
11603,0274,2024-08-29 00:00:00,4
11604,5041,2024-08-29 00:00:00,4
11605,8011,2024-08-29 00:00:00,4
11606,0353,2024-08-28 00:00:00,10A
11607,4101,2024-08-28 00:00:00,10A
11608,BU351,2024-08-26 00:00:00,C4
11609,1112A,2024-08-31 00:00:00,10A
11610,24213,2024-08-28 00:00:00,VAQ
11611,24214,2024-08-28 00:00:00,VAQ
11612,BU364,2024-08-26 00:00:00,C4
11613,24215,2024-08-31 00:00:00,VAQ
11614,2196A,2024-08-27 00:00:00,10A
11615,2171,2024-08-27 00:00:00,10A
11616,3003A,2024-08-27 00:00:00,10A
11617,7028,2024-08-27 00:00:00,10A
11618,2124A,2024-08-27 00:00:00,10A
11619,2148A,2024-08-27 00:00:00,10A
11620,3107,2024-08-27 00:00:00,10A
11621,3026A,2024-08-27 00:00:00,10A
11622,2234,2024-08-27 00:00:00,10A
11623,4007,2024-08-27 00:00:00,10A
11624,2050,2024-08-27 00:00:00,10A
11625,3750,2024-08-27 00:00:00,10A
11626,2047,2024-08-27 00:00:00,10A
11627,4151,2024-08-27 00:00:00,10A
11628,2094A,2024-08-27 00:00:00,10A
11629,4055,2024-08-27 00:00:00,10A
11630,2063A,2024-08-27 00:00:00,10A
11631,1015,2024-08-27 00:00:00,10A
11632,0128,2024-08-27 00:00:00,10A
11633,4018,2024-08-27 00:00:00,10A
11634,6021,2024-08-27 00:00:00,10A
11635,0500,2024-08-27 00:00:00,10A
11636,2073,2024-08-27 00:00:00,10A
11637,3043,2024-08-27 00:00:00,10A
11638,2209A,2024-08-27 00:00:00,10A
11639,8036,2024-08-27 00:00:00,10A
11640,1091A,2024-08-27 00:00:00,10A
11641,5052,2024-08-27 00:00:00,10A
11642,5076,2024-08-27 00:00:00,10A
11643,5077,2024-08-27 00:00:00,10A
11644,7012,2024-08-27 00:00:00,10A
11645,7059,2024-08-27 00:00:00,10A
11646,7074,2024-08-27 00:00:00,10A
11647,8046,2024-08-27 00:00:00,10A
11648,2090A,2024-08-27 00:00:00,10A
11649,20334,2024-08-27 00:00:00,10A
11650,6067,2024-08-27 00:00:00,10A
11651,4035,2024-08-27 00:00:00,10A
11652,1095A,2024-08-27 00:00:00,10A
11653,30212,2024-08-27 00:00:00,10A
11654,5030,2024-08-27 00:00:00,10A
11655,5146,2024-08-27 00:00:00,10A
11656,7061,2024-08-27 00:00:00,10A
11657,80121,2024-08-27 00:00:00,10A
11658,8030,2024-08-27 00:00:00,10A
11659,8033,2024-08-27 00:00:00,10A
11660,8037,2024-08-27 00:00:00,10A
11661,8043,2024-08-27 00:00:00,10A
11662,8045,2024-08-27 00:00:00,10A
11663,8050,2024-08-27 00:00:00,10A
11664,8054,2024-08-27 00:00:00,10A
11665,8079,2024-08-27 00:00:00,10A
11666,8087,2024-08-27 00:00:00,10A
11667,809,2024-08-27 00:00:00,10A
11668,9051,2024-08-27 00:00:00,10A
11669,9058,2024-08-27 00:00:00,10A
11670,9015,2024-08-27 00:00:00,10A
11671,9024,2024-08-27 00:00:00,10A
11672,9037,2024-08-27 00:00:00,10A
11673,9053,2024-08-27 00:00:00,10A
11674,9076,2024-08-27 00:00:00,10A
11675,9103,2024-08-27 00:00:00,10A
11676,91262,2024-08-27 00:00:00,10A
11677,9126A,2024-08-27 00:00:00,10A
11678,0201,2024-08-27 00:00:00,10A
11679,0226,2024-08-27 00:00:00,10A
11680,0241,2024-08-27 00:00:00,10A
11681,0249,2024-08-27 00:00:00,10A
11682,0259,2024-08-27 00:00:00,10A
11683,0267,2024-08-27 00:00:00,10A
11684,0298A,2024-08-27 00:00:00,10A
11685,0322,2024-08-27 00:00:00,10A
11686,0323,2024-08-27 00:00:00,10A
11687,0329,2024-08-27 00:00:00,10A
11688,0333,2024-08-27 00:00:00,10A
11689,0336,2024-08-27 00:00:00,10A
11690,1004,2024-08-27 00:00:00,10A
11691,4095,2024-08-27 00:00:00,10A
11692,2080,2024-08-27 00:00:00,10A
11693,8063,2024-08-27 00:00:00,10A
11694,5079,2024-08-27 00:00:00,10A
11695,4072,2024-08-27 00:00:00,10A
11696,2180A,2024-08-27 00:00:00,10A
11697,80882,2024-08-27 00:00:00,10A
11698,8017,2024-08-27 00:00:00,10A
11699,7017,2024-08-27 00:00:00,10A
11700,5529,2024-08-27 00:00:00,10A
11701,5638,2024-08-27 00:00:00,10A
11702,34,2024-08-27 00:00:00,10A
11703,8019,2024-08-27 00:00:00,10A
11704,EMB 5,2024-08-27 00:00:00,10A
11705,5010,2024-09-03 00:00:00,10B
11706,S/NB,2024-09-03 00:00:00,10B
11707,EMB 1,2024-09-03 00:00:00,10B
11708,22149,2024-09-03 00:00:00,10B
11709,22126,2024-09-03 00:00:00,10B
11710,2048,2024-09-03 00:00:00,10B
11711,2153,2024-09-03 00:00:00,10B
11712,S/NC,2024-09-03 00:00:00,10B
11713,2025A,2024-09-03 00:00:00,10B
11714,22135,2024-09-03 00:00:00,10B
11715,2,2024-09-03 00:00:00,10B
11716,2051,2024-09-03 00:00:00,10B
11717,2079,2024-09-03 00:00:00,10B
11718,3015,2024-09-03 00:00:00,10B
11719,3038A,2024-09-03 00:00:00,10B
11720,40072,2024-09-03 00:00:00,10B
11721,5035,2024-09-03 00:00:00,10B
11722,8051,2024-09-03 00:00:00,10B
11723,8338,2024-09-03 00:00:00,10B
11724,5013,2024-09-03 00:00:00,10B
11725,S/NH,2024-09-03 00:00:00,10B
11726,3044A,2024-09-03 00:00:00,10B
11727,7021,2024-09-03 00:00:00,10B
11728,5027,2024-09-03 00:00:00,10B
11729,5043,2024-09-03 00:00:00,10B
11730,5111,2024-09-03 00:00:00,10B
11731,6017,2024-09-03 00:00:00,10B
11732,7004,2024-09-03 00:00:00,10B
11733,7049,2024-09-03 00:00:00,10B
11734,7052,2024-09-03 00:00:00,10B
11735,8003,2024-09-03 00:00:00,10B
11736,8007,2024-09-03 00:00:00,10B
11737,8016,2024-09-03 00:00:00,10B
11738,8020,2024-09-03 00:00:00,10B
11739,8032,2024-09-03 00:00:00,10B
11740,8040,2024-09-03 00:00:00,10B
11741,8073,2024-09-03 00:00:00,10B
11742,9136,2024-09-03 00:00:00,10B
11743,9042,2024-09-03 00:00:00,10B
11744,9064,2024-09-03 00:00:00,10B
11745,9128A,2024-09-03 00:00:00,10B
11746,0102,2024-09-03 00:00:00,10B
11747,0215A,2024-09-03 00:00:00,10B
11748,0252,2024-09-03 00:00:00,10B
11749,0348,2024-09-03 00:00:00,10B
11750,2063B,2024-09-03 00:00:00,10B
11751,9118,2024-09-03 00:00:00,10B
11752,4143,2024-09-03 00:00:00,10B
11753,2150,2024-09-03 00:00:00,10B
11755,22195,2024-09-03 00:00:00,10B
11756,2109,2024-09-03 00:00:00,10B
11757,2111,2024-09-03 00:00:00,10B
11758,2103,2024-09-03 00:00:00,10B
11759,2108,2024-09-03 00:00:00,10B
11760,2093,2024-09-03 00:00:00,10B
11761,2200,2024-09-03 00:00:00,10B
11762,2030,2024-09-03 00:00:00,10B
11763,2036,2024-09-03 00:00:00,10B
11764,8039,2024-09-03 00:00:00,10B
11765,0340A,2024-09-03 00:00:00,10B
11766,30,2024-09-03 00:00:00,10B
11767,8057,2024-09-03 00:00:00,10B
11768,8015,2024-09-03 00:00:00,10B
11769,32,2024-09-03 00:00:00,10B
11770,2013,2024-09-03 00:00:00,10B
11771,22049,2024-09-03 00:00:00,10B
11772,9,2024-09-03 00:00:00,10B
11773,23031,2024-09-03 00:00:00,10B
11774,24011,2024-09-03 00:00:00,10B
11775,24027,2024-09-03 00:00:00,10B
11776,24031,2024-09-03 00:00:00,10B
11777,24068,2024-09-03 00:00:00,10B
11778,24081,2024-09-03 00:00:00,10B
11779,SNA,2024-08-30 00:00:00,4
11780,8028,2024-08-30 00:00:00,4
11781,0231B,2024-08-30 00:00:00,6
11782,24216,2024-09-02 00:00:00,VAQ
11783,24217,2024-09-02 00:00:00,VAQ
11784,8048,2024-09-02 00:00:00,10A
11785,4066,2024-09-02 00:00:00,10A
11786,24167,2024-09-03 00:00:00,CACH
11787,24168,2024-09-03 00:00:00,CACH
11788,24170,2024-09-03 00:00:00,CACH
11789,24172,2024-09-03 00:00:00,CACH
11790,24173,2024-09-03 00:00:00,CACH
11791,24176,2024-09-03 00:00:00,CACH
11792,24178,2024-09-03 00:00:00,CACH
11793,24179,2024-09-03 00:00:00,CACH
11794,24185,2024-09-03 00:00:00,CACH
11795,24186,2024-09-03 00:00:00,CACH
11796,24187,2024-09-03 00:00:00,CACH
11797,24188,2024-09-03 00:00:00,CACH
11798,24189,2024-09-03 00:00:00,CACH
11799,24190,2024-09-03 00:00:00,CACH
11800,24191,2024-09-03 00:00:00,CACH
11801,24193,2024-09-03 00:00:00,CACH
11802,24194,2024-09-03 00:00:00,CACH
11803,24195,2024-09-03 00:00:00,CACH
11804,24197,2024-09-03 00:00:00,CACH
11805,24200,2024-09-03 00:00:00,CACH
11806,24201,2024-09-03 00:00:00,CACH
11807,24202,2024-09-03 00:00:00,CACH
11808,24207,2024-09-03 00:00:00,CACH
11809,60286,2024-09-04 00:00:00,Mater
11810,2149A,2024-09-04 00:00:00,Mater
11811,50741,2024-09-04 00:00:00,Mater
11812,3119,2024-09-04 00:00:00,Mater
11813,10391,2024-09-04 00:00:00,Mater
11814,2072,2024-09-04 00:00:00,Mater
11815,8005,2024-09-04 00:00:00,Mater
11816,8010,2024-09-04 00:00:00,Mater
11817,8086,2024-09-04 00:00:00,Mater
11818,0231B,2024-09-04 00:00:00,MG
11819,0330A,2024-09-04 00:00:00,Mater
11820,2040,2024-09-04 00:00:00,Mater
11821,2217,2024-09-04 00:00:00,3
11822,24163,2024-09-04 00:00:00,3
11823,SNA,2024-09-03 00:00:00,2
11824,9389,2024-09-03 00:00:00,2
11825,2219,2024-09-03 00:00:00,2
11826,4025,2024-09-03 00:00:00,2
11827,EMB 2,2024-09-03 00:00:00,2
11828,2019,2024-09-03 00:00:00,2
11829,1056A,2024-09-03 00:00:00,2
11830,1077A,2024-09-03 00:00:00,2
11831,1090A,2024-09-03 00:00:00,2
11832,3178,2024-09-03 00:00:00,2
11833,4033,2024-09-03 00:00:00,2
11834,4078,2024-09-03 00:00:00,2
11835,4099,2024-09-03 00:00:00,2
11836,4100,2024-09-03 00:00:00,2
11837,4109,2024-09-03 00:00:00,2
11838,4141,2024-09-03 00:00:00,2
11839,5041,2024-09-03 00:00:00,2
11840,50501,2024-09-03 00:00:00,2
11841,5082,2024-09-03 00:00:00,2
11842,5092,2024-09-03 00:00:00,2
11843,6008,2024-09-03 00:00:00,2
11844,6031,2024-09-03 00:00:00,2
11845,7080,2024-09-03 00:00:00,2
11846,9046,2024-09-03 00:00:00,2
11847,9238,2024-09-03 00:00:00,2
11848,8014,2024-09-03 00:00:00,2
11849,4A,2024-09-03 00:00:00,2
11850,3027A,2024-09-03 00:00:00,2
11851,6020,2024-09-03 00:00:00,2
11852,8096,2024-09-03 00:00:00,2
11853,9219,2024-09-03 00:00:00,2
11854,12164,2024-09-03 00:00:00,2
11855,4065,2024-09-03 00:00:00,2
11856,5098,2024-09-03 00:00:00,2
11857,6050,2024-09-03 00:00:00,2
11858,7033,2024-09-03 00:00:00,2
11859,7072,2024-09-03 00:00:00,2
11860,8026,2024-09-03 00:00:00,2
11861,8028,2024-09-03 00:00:00,2
11862,8041,2024-09-03 00:00:00,2
11863,8060,2024-09-03 00:00:00,2
11864,80841,2024-09-03 00:00:00,2
11865,9035,2024-09-03 00:00:00,2
11866,9099,2024-09-03 00:00:00,2
11867,9104,2024-09-03 00:00:00,2
11868,91091,2024-09-03 00:00:00,2
11869,0225,2024-09-03 00:00:00,2
11870,0343,2024-09-03 00:00:00,2
11871,33,2024-09-03 00:00:00,2
11872,19,2024-09-03 00:00:00,2
11873,1123,2024-09-03 00:00:00,2
11874,8011,2024-09-03 00:00:00,2
11875,8085,2024-09-03 00:00:00,2
11876,9011,2024-09-03 00:00:00,2
11877,9014,2024-09-03 00:00:00,2
11878,9016,2024-09-03 00:00:00,2
11879,9192,2024-09-03 00:00:00,2
11880,9113,2024-09-03 00:00:00,2
11881,9116B,2024-09-03 00:00:00,2
11882,91172,2024-09-03 00:00:00,2
11883,9121,2024-09-03 00:00:00,2
11884,9122,2024-09-03 00:00:00,2
11885,9128B,2024-09-03 00:00:00,2
11886,0108,2024-09-03 00:00:00,2
11887,0114,2024-09-03 00:00:00,2
11888,0125,2024-09-03 00:00:00,2
11889,0202,2024-09-03 00:00:00,2
11890,0206A,2024-09-03 00:00:00,2
11891,0206B,2024-09-03 00:00:00,2
11892,0208A,2024-09-03 00:00:00,2
11893,0211,2024-09-03 00:00:00,2
11894,0220,2024-09-03 00:00:00,2
11895,0224,2024-09-03 00:00:00,2
11896,02331,2024-09-03 00:00:00,2
11897,0233,2024-09-03 00:00:00,2
11898,0240,2024-09-03 00:00:00,2
11899,0246,2024-09-03 00:00:00,2
11900,0258,2024-09-03 00:00:00,2
11901,0269,2024-09-03 00:00:00,2
11902,0291,2024-09-03 00:00:00,2
11903,0297,2024-09-03 00:00:00,2
11904,0299A,2024-09-03 00:00:00,2
11905,0321,2024-09-03 00:00:00,2
11906,0326,2024-09-03 00:00:00,2
11907,0327,2024-09-03 00:00:00,2
11908,0338,2024-09-03 00:00:00,2
11909,0349,2024-09-03 00:00:00,2
11910,0352,2024-09-03 00:00:00,2
11911,20,2024-09-03 00:00:00,2
11912,2018,2024-09-03 00:00:00,2
11913,1109B,2024-09-03 00:00:00,2
11914,2035A,2024-09-03 00:00:00,2
11915,1132,2024-09-03 00:00:00,2
11916,0271,2024-09-03 00:00:00,2
11917,10431,2024-09-03 00:00:00,2
11918,0274,2024-09-03 00:00:00,2
11919,1052A,2024-09-03 00:00:00,2
11920,2007,2024-09-03 00:00:00,2
11921,1063,2024-09-03 00:00:00,2
11922,1005,2024-09-03 00:00:00,2
11923,2037,2024-09-03 00:00:00,2
11924,2087,2024-09-03 00:00:00,2
11925,2702,2024-09-03 00:00:00,2
11926,2024,2024-09-03 00:00:00,2
11927,1104A,2024-09-03 00:00:00,2
11928,1103,2024-09-03 00:00:00,2
11929,4048,2024-09-03 00:00:00,2
11930,2097,2024-09-03 00:00:00,2
11931,05,2024-09-03 00:00:00,2
11932,3108,2024-09-03 00:00:00,2
11933,1139A,2024-09-03 00:00:00,2
11934,1168,2024-09-03 00:00:00,2
11935,2220,2024-09-03 00:00:00,2
11936,2060,2024-09-03 00:00:00,2
11937,2065,2024-09-03 00:00:00,2
11938,1091,2024-09-03 00:00:00,2
11939,0350,2024-09-03 00:00:00,2
11940,8006,2024-09-03 00:00:00,2
11941,7038,2024-09-03 00:00:00,2
11942,1015A,2024-09-03 00:00:00,2
11943,1098,2024-09-03 00:00:00,2
11944,23227,2024-09-03 00:00:00,2
11945,23228,2024-09-03 00:00:00,2
11946,23230,2024-09-03 00:00:00,2
11947,23238,2024-09-03 00:00:00,2
11948,23241,2024-09-03 00:00:00,2
11949,23247,2024-09-03 00:00:00,2
11950,23249,2024-09-03 00:00:00,2
11951,23251,2024-09-03 00:00:00,2
11952,24002,2024-09-03 00:00:00,2
11953,24004,2024-09-03 00:00:00,2
11954,24005,2024-09-03 00:00:00,2
11955,24006,2024-09-03 00:00:00,2
11956,24008,2024-09-03 00:00:00,2
11957,24009,2024-09-03 00:00:00,2
11958,24016,2024-09-03 00:00:00,2
11959,24019,2024-09-03 00:00:00,2
11960,24021,2024-09-03 00:00:00,2
11961,24025,2024-09-03 00:00:00,2
11962,24030,2024-09-03 00:00:00,2
11963,24044,2024-09-03 00:00:00,2
11964,24047,2024-09-03 00:00:00,2
11965,24049,2024-09-03 00:00:00,2
11966,24063,2024-09-03 00:00:00,2
11967,24065,2024-09-03 00:00:00,2
11968,24066,2024-09-03 00:00:00,2
11969,24067,2024-09-03 00:00:00,2
11970,24071,2024-09-03 00:00:00,2
11971,24075,2024-09-03 00:00:00,2
11972,24076,2024-09-03 00:00:00,2
11973,24077,2024-09-03 00:00:00,2
11974,24079,2024-09-03 00:00:00,2
11975,24082,2024-09-03 00:00:00,2
11976,24085,2024-09-03 00:00:00,2
11977,24087,2024-09-03 00:00:00,2
11978,24089,2024-09-03 00:00:00,2
11979,24090,2024-09-03 00:00:00,2
11980,24091,2024-09-03 00:00:00,2
11981,24092,2024-09-03 00:00:00,2
11984,24096,2024-09-03 00:00:00,2
11985,24097,2024-09-03 00:00:00,2
11986,24098,2024-09-03 00:00:00,2
11987,24099,2024-09-03 00:00:00,2
11988,24101,2024-09-03 00:00:00,2
11989,24105,2024-09-03 00:00:00,2
11990,24110,2024-09-03 00:00:00,2
11991,24111,2024-09-03 00:00:00,2
11992,24116,2024-09-03 00:00:00,2
11993,24119,2024-09-03 00:00:00,2
11994,24120,2024-09-03 00:00:00,2
11995,24123,2024-09-03 00:00:00,2
11996,24125,2024-09-03 00:00:00,2
11997,24132,2024-09-03 00:00:00,2
11998,24134,2024-09-03 00:00:00,2
11999,24136,2024-09-03 00:00:00,2
12000,24139,2024-09-03 00:00:00,2
12001,24141,2024-09-03 00:00:00,2
12002,24145,2024-09-03 00:00:00,2
12003,24152,2024-09-03 00:00:00,2
12004,24153,2024-09-03 00:00:00,2
12005,24154,2024-09-03 00:00:00,2
12006,24157,2024-09-03 00:00:00,2
12007,24160,2024-09-03 00:00:00,2
12008,24164,2024-09-03 00:00:00,2
12009,24169,2024-09-03 00:00:00,2
12010,24177,2024-09-03 00:00:00,2
12011,24180,2024-09-03 00:00:00,2
12012,24181,2024-09-03 00:00:00,2
12013,24182,2024-09-03 00:00:00,2
12014,24198,2024-09-03 00:00:00,2
12015,24199,2024-09-03 00:00:00,2
12016,24203,2024-09-03 00:00:00,2
12017,24204,2024-09-03 00:00:00,2
12018,24205,2024-09-03 00:00:00,2
12019,24206,2024-09-03 00:00:00,2
12020,24208,2024-09-03 00:00:00,2
12021,24211,2024-09-03 00:00:00,2
12022,5010,2024-09-04 00:00:00,MG
12023,S/NB,2024-09-04 00:00:00,MG
12024,EMB 1,2024-09-04 00:00:00,MG
12025,22149,2024-09-04 00:00:00,MG
12026,22126,2024-09-04 00:00:00,MG
12027,2048,2024-09-04 00:00:00,MG
12028,2153,2024-09-04 00:00:00,MG
12029,S/NC,2024-09-04 00:00:00,MG
12030,2025A,2024-09-04 00:00:00,MG
12031,22135,2024-09-04 00:00:00,MG
12032,2,2024-09-04 00:00:00,MG
12033,2051,2024-09-04 00:00:00,MG
12034,2079,2024-09-04 00:00:00,MG
12035,3015,2024-09-04 00:00:00,MG
12036,3038A,2024-09-04 00:00:00,MG
12037,40072,2024-09-04 00:00:00,MG
12038,5035,2024-09-04 00:00:00,MG
12039,8051,2024-09-04 00:00:00,MG
12040,8338,2024-09-04 00:00:00,MG
12041,5013,2024-09-04 00:00:00,MG
12042,S/NH,2024-09-04 00:00:00,MG
12043,3044A,2024-09-04 00:00:00,MG
12044,7021,2024-09-04 00:00:00,MG
12045,5027,2024-09-04 00:00:00,MG
12046,5043,2024-09-04 00:00:00,MG
12047,5111,2024-09-04 00:00:00,MG
12048,6017,2024-09-04 00:00:00,MG
12049,7004,2024-09-04 00:00:00,MG
12050,7049,2024-09-04 00:00:00,MG
12051,7052,2024-09-04 00:00:00,MG
12052,8003,2024-09-04 00:00:00,MG
12053,8007,2024-09-04 00:00:00,MG
12054,8016,2024-09-04 00:00:00,MG
12055,8020,2024-09-04 00:00:00,MG
12056,8032,2024-09-04 00:00:00,MG
12057,8040,2024-09-04 00:00:00,MG
12058,8073,2024-09-04 00:00:00,MG
12059,9136,2024-09-04 00:00:00,MG
12060,9042,2024-09-04 00:00:00,MG
12061,9064,2024-09-04 00:00:00,MG
12062,9128A,2024-09-04 00:00:00,MG
12063,0102,2024-09-04 00:00:00,MG
12064,0215A,2024-09-04 00:00:00,MG
12065,0252,2024-09-04 00:00:00,MG
12066,0348,2024-09-04 00:00:00,MG
12067,2063B,2024-09-04 00:00:00,MG
12068,9118,2024-09-04 00:00:00,MG
12069,4143,2024-09-04 00:00:00,MG
12070,2150,2024-09-04 00:00:00,MG
12072,22195,2024-09-04 00:00:00,MG
12073,2109,2024-09-04 00:00:00,MG
12074,2111,2024-09-04 00:00:00,MG
12075,2103,2024-09-04 00:00:00,MG
12076,2108,2024-09-04 00:00:00,MG
12077,2093,2024-09-04 00:00:00,MG
12078,2200,2024-09-04 00:00:00,MG
12079,2030,2024-09-04 00:00:00,MG
12080,2036,2024-09-04 00:00:00,MG
12081,8039,2024-09-04 00:00:00,MG
12082,0340A,2024-09-04 00:00:00,MG
12083,30,2024-09-04 00:00:00,MG
12084,8057,2024-09-04 00:00:00,MG
12085,8015,2024-09-04 00:00:00,MG
12086,32,2024-09-04 00:00:00,MG
12087,2013,2024-09-04 00:00:00,MG
12088,22049,2024-09-04 00:00:00,MG
12089,9,2024-09-04 00:00:00,MG
12090,23031,2024-09-04 00:00:00,MG
12091,24011,2024-09-04 00:00:00,MG
12092,24027,2024-09-04 00:00:00,MG
12093,24031,2024-09-04 00:00:00,MG
12094,24068,2024-09-04 00:00:00,MG
12095,24081,2024-09-04 00:00:00,MG
12096,BU358,2024-08-12 00:00:00,C4
12097,8063,2024-09-02 00:00:00,3
12098,20334,2024-09-02 00:00:00,3
12099,7061,2024-09-02 00:00:00,3
12101,24218,2024-09-05 00:00:00,VAQ
12102,2149A,2024-09-05 00:00:00,10A
12103,2174,2024-09-08 00:00:00,5
12104,2022,2024-09-08 00:00:00,SERVICIO
12105,91121,2024-09-10 00:00:00,MUERTO
12106,TORO1,2024-09-10 00:00:00,MUERTO
12107,1151,2024-09-10 00:00:00,MUERTO
12108,1034,2024-09-10 00:00:00,MUERTO
12109,2040,2024-09-07 00:00:00,10A
12110,5679,2024-09-11 00:00:00,10A
12111,24219,2024-09-07 00:00:00,VAQ
12112,24220,2024-09-11 00:00:00,VAQ
12113,BU365,2024-09-07 00:00:00,C4
12114,5010,2024-09-11 00:00:00,4
12115,S/NB,2024-09-11 00:00:00,4
12116,EMB 1,2024-09-11 00:00:00,4
12117,22149,2024-09-11 00:00:00,4
12118,22126,2024-09-11 00:00:00,4
12119,2048,2024-09-11 00:00:00,4
12120,2153,2024-09-11 00:00:00,4
12121,S/NC,2024-09-11 00:00:00,4
12122,2025A,2024-09-11 00:00:00,4
12123,22135,2024-09-11 00:00:00,4
12124,2,2024-09-11 00:00:00,4
12125,2051,2024-09-11 00:00:00,4
12126,2079,2024-09-11 00:00:00,4
12127,3015,2024-09-11 00:00:00,4
12128,3038A,2024-09-11 00:00:00,4
12129,40072,2024-09-11 00:00:00,4
12130,5035,2024-09-11 00:00:00,4
12131,8051,2024-09-11 00:00:00,4
12132,8338,2024-09-11 00:00:00,4
12133,5013,2024-09-11 00:00:00,4
12134,S/NH,2024-09-11 00:00:00,4
12135,3044A,2024-09-11 00:00:00,4
12136,7021,2024-09-11 00:00:00,4
12137,5027,2024-09-11 00:00:00,4
12138,5043,2024-09-11 00:00:00,4
12139,5111,2024-09-11 00:00:00,4
12140,6017,2024-09-11 00:00:00,4
12141,7004,2024-09-11 00:00:00,4
12142,7049,2024-09-11 00:00:00,4
12143,7052,2024-09-11 00:00:00,4
12144,8003,2024-09-11 00:00:00,4
12145,8007,2024-09-11 00:00:00,4
12146,8016,2024-09-11 00:00:00,4
12147,8020,2024-09-11 00:00:00,4
12148,8032,2024-09-11 00:00:00,4
12149,8040,2024-09-11 00:00:00,4
12150,8073,2024-09-11 00:00:00,4
12151,9136,2024-09-11 00:00:00,4
12152,9042,2024-09-11 00:00:00,4
12153,9064,2024-09-11 00:00:00,4
12154,9128A,2024-09-11 00:00:00,4
12155,0102,2024-09-11 00:00:00,4
12156,0215A,2024-09-11 00:00:00,4
12157,0231B,2024-09-11 00:00:00,4
12158,0252,2024-09-11 00:00:00,4
12159,0348,2024-09-11 00:00:00,4
12160,2063B,2024-09-11 00:00:00,4
12161,9118,2024-09-11 00:00:00,4
12162,4143,2024-09-11 00:00:00,4
12163,2150,2024-09-11 00:00:00,4
12164,22195,2024-09-11 00:00:00,4
12165,2109,2024-09-11 00:00:00,4
12166,2111,2024-09-11 00:00:00,4
12167,2103,2024-09-11 00:00:00,4
12168,2108,2024-09-11 00:00:00,4
12169,2093,2024-09-11 00:00:00,4
12170,2200,2024-09-11 00:00:00,4
12171,2030,2024-09-11 00:00:00,4
12172,2036,2024-09-11 00:00:00,4
12173,8039,2024-09-11 00:00:00,4
12174,0340A,2024-09-11 00:00:00,4
12175,30,2024-09-11 00:00:00,4
12176,8057,2024-09-11 00:00:00,4
12177,8015,2024-09-11 00:00:00,4
12178,32,2024-09-11 00:00:00,4
12179,2013,2024-09-11 00:00:00,4
12180,22049,2024-09-11 00:00:00,4
12181,9,2024-09-11 00:00:00,4
12182,23031,2024-09-11 00:00:00,4
12183,24011,2024-09-11 00:00:00,4
12184,24027,2024-09-11 00:00:00,4
12185,24031,2024-09-11 00:00:00,4
12186,24068,2024-09-11 00:00:00,4
12187,24081,2024-09-11 00:00:00,4
12188,22172,2024-09-04 00:00:00,MG
12189,22172,2024-09-03 00:00:00,10B
12190,22172,2024-08-29 00:00:00,MAR2
12191,22172,2024-09-11 00:00:00,4
12192,3119,2024-09-12 00:00:00,10A
12193,8086,2024-09-13 00:00:00,3A
12194,24221,2024-09-12 00:00:00,VAQ
12195,24222,2024-09-13 00:00:00,VAQ
12196,2196A,2024-09-13 00:00:00,3A
12197,2171,2024-09-13 00:00:00,3A
12198,3003A,2024-09-13 00:00:00,3A
12199,7028,2024-09-13 00:00:00,3A
12200,2124A,2024-09-13 00:00:00,3A
12201,2148A,2024-09-13 00:00:00,3A
12202,3107,2024-09-13 00:00:00,3A
12203,3026A,2024-09-13 00:00:00,3A
12204,2234,2024-09-13 00:00:00,3A
12205,4007,2024-09-13 00:00:00,3A
12206,2050,2024-09-13 00:00:00,3A
12207,4101,2024-09-13 00:00:00,3A
12208,3750,2024-09-13 00:00:00,3A
12209,2047,2024-09-13 00:00:00,3A
12210,4151,2024-09-13 00:00:00,3A
12211,2094A,2024-09-13 00:00:00,3A
12212,4055,2024-09-13 00:00:00,3A
12213,2063A,2024-09-13 00:00:00,3A
12214,1015,2024-09-13 00:00:00,3A
12215,2149A,2024-09-13 00:00:00,3A
12216,5679,2024-09-13 00:00:00,3A
12217,0128,2024-09-13 00:00:00,3A
12218,4018,2024-09-13 00:00:00,3A
12219,6021,2024-09-13 00:00:00,3A
12220,0500,2024-09-13 00:00:00,3A
12221,2073,2024-09-13 00:00:00,3A
12222,3043,2024-09-13 00:00:00,3A
12223,2209A,2024-09-13 00:00:00,3A
12224,3119,2024-09-13 00:00:00,3A
12225,8036,2024-09-13 00:00:00,3A
12226,1091A,2024-09-13 00:00:00,3A
12227,1112A,2024-09-13 00:00:00,3A
12228,4066,2024-09-13 00:00:00,3A
12229,5052,2024-09-13 00:00:00,3A
12230,5076,2024-09-13 00:00:00,3A
12231,5077,2024-09-13 00:00:00,3A
12232,7012,2024-09-13 00:00:00,3A
12233,7059,2024-09-13 00:00:00,3A
12234,7074,2024-09-13 00:00:00,3A
12235,8046,2024-09-13 00:00:00,3A
12236,2090A,2024-09-13 00:00:00,3A
12237,6067,2024-09-13 00:00:00,3A
12238,4035,2024-09-13 00:00:00,3A
12239,1095A,2024-09-13 00:00:00,3A
12240,30212,2024-09-13 00:00:00,3A
12241,5030,2024-09-13 00:00:00,3A
12242,5146,2024-09-13 00:00:00,3A
12243,80121,2024-09-13 00:00:00,3A
12244,8030,2024-09-13 00:00:00,3A
12245,8033,2024-09-13 00:00:00,3A
12246,8037,2024-09-13 00:00:00,3A
12247,8043,2024-09-13 00:00:00,3A
12248,8045,2024-09-13 00:00:00,3A
12249,8048,2024-09-13 00:00:00,3A
12250,8050,2024-09-13 00:00:00,3A
12251,8054,2024-09-13 00:00:00,3A
12252,8079,2024-09-13 00:00:00,3A
12253,8087,2024-09-13 00:00:00,3A
12254,809,2024-09-13 00:00:00,3A
12255,9051,2024-09-13 00:00:00,3A
12256,9058,2024-09-13 00:00:00,3A
12257,9015,2024-09-13 00:00:00,3A
12258,9024,2024-09-13 00:00:00,3A
12259,9037,2024-09-13 00:00:00,3A
12260,9053,2024-09-13 00:00:00,3A
12261,9076,2024-09-13 00:00:00,3A
12262,9103,2024-09-13 00:00:00,3A
12263,91262,2024-09-13 00:00:00,3A
12264,9126A,2024-09-13 00:00:00,3A
12265,0201,2024-09-13 00:00:00,3A
12266,0226,2024-09-13 00:00:00,3A
12267,0241,2024-09-13 00:00:00,3A
12268,0249,2024-09-13 00:00:00,3A
12269,0259,2024-09-13 00:00:00,3A
12270,0267,2024-09-13 00:00:00,3A
12271,0298A,2024-09-13 00:00:00,3A
12272,0322,2024-09-13 00:00:00,3A
12273,0323,2024-09-13 00:00:00,3A
12274,0329,2024-09-13 00:00:00,3A
12275,0333,2024-09-13 00:00:00,3A
12276,0336,2024-09-13 00:00:00,3A
12277,0353,2024-09-13 00:00:00,3A
12278,2040,2024-09-13 00:00:00,3A
12279,1004,2024-09-13 00:00:00,3A
12280,4095,2024-09-13 00:00:00,3A
12281,2080,2024-09-13 00:00:00,3A
12282,5079,2024-09-13 00:00:00,3A
12283,4072,2024-09-13 00:00:00,3A
12284,2180A,2024-09-13 00:00:00,3A
12285,80882,2024-09-13 00:00:00,3A
12286,8017,2024-09-13 00:00:00,3A
12287,7017,2024-09-13 00:00:00,3A
12288,5529,2024-09-13 00:00:00,3A
12289,5638,2024-09-13 00:00:00,3A
12290,34,2024-09-13 00:00:00,3A
12291,8019,2024-09-13 00:00:00,3A
12292,EMB 5,2024-09-13 00:00:00,3A
12293,8010,2024-09-16 00:00:00,VAQ
12294,24223,2024-09-16 00:00:00,VAQ
12295,2083,2024-09-18 00:00:00,Mater
12296,4087,2024-09-18 00:00:00,Mater
12297,3024A,2024-09-18 00:00:00,Mater
12298,3066B,2024-09-18 00:00:00,Mater
12299,9047,2024-09-18 00:00:00,Mater
12300,9040,2024-09-18 00:00:00,Mater
12301,2196A,2024-09-17 00:00:00,1A
12302,2171,2024-09-17 00:00:00,1A
12303,3003A,2024-09-17 00:00:00,1A
12304,7028,2024-09-17 00:00:00,1A
12305,2124A,2024-09-17 00:00:00,1A
12306,2148A,2024-09-17 00:00:00,1A
12307,3107,2024-09-17 00:00:00,1A
12308,3026A,2024-09-17 00:00:00,1A
12309,2234,2024-09-17 00:00:00,1A
12310,4007,2024-09-17 00:00:00,1A
12311,2050,2024-09-17 00:00:00,1A
12312,4101,2024-09-17 00:00:00,1A
12313,3750,2024-09-17 00:00:00,1A
12314,2047,2024-09-17 00:00:00,1A
12315,4151,2024-09-17 00:00:00,1A
12316,2094A,2024-09-17 00:00:00,1A
12317,4055,2024-09-17 00:00:00,1A
12318,2063A,2024-09-17 00:00:00,1A
12319,1015,2024-09-17 00:00:00,1A
12320,2149A,2024-09-17 00:00:00,1A
12321,5679,2024-09-17 00:00:00,1A
12322,0128,2024-09-17 00:00:00,1A
12323,4018,2024-09-17 00:00:00,1A
12324,6021,2024-09-17 00:00:00,1A
12325,0500,2024-09-17 00:00:00,1A
12326,2073,2024-09-17 00:00:00,1A
12327,3043,2024-09-17 00:00:00,1A
12328,2209A,2024-09-17 00:00:00,1A
12329,3119,2024-09-17 00:00:00,1A
12330,8036,2024-09-17 00:00:00,1A
12331,1091A,2024-09-17 00:00:00,1A
12332,1112A,2024-09-17 00:00:00,1A
12333,4066,2024-09-17 00:00:00,1A
12334,5052,2024-09-17 00:00:00,1A
12335,5076,2024-09-17 00:00:00,1A
12336,5077,2024-09-17 00:00:00,1A
12337,7012,2024-09-17 00:00:00,1A
12338,7059,2024-09-17 00:00:00,1A
12339,7074,2024-09-17 00:00:00,1A
12340,8046,2024-09-17 00:00:00,1A
12341,2090A,2024-09-17 00:00:00,1A
12342,6067,2024-09-17 00:00:00,1A
12343,4035,2024-09-17 00:00:00,1A
12344,1095A,2024-09-17 00:00:00,1A
12345,30212,2024-09-17 00:00:00,1A
12346,5030,2024-09-17 00:00:00,1A
12347,5146,2024-09-17 00:00:00,1A
12348,80121,2024-09-17 00:00:00,1A
12349,8030,2024-09-17 00:00:00,1A
12350,8033,2024-09-17 00:00:00,1A
12351,8037,2024-09-17 00:00:00,1A
12352,8043,2024-09-17 00:00:00,1A
12353,8045,2024-09-17 00:00:00,1A
12354,8048,2024-09-17 00:00:00,1A
12355,8050,2024-09-17 00:00:00,1A
12356,8054,2024-09-17 00:00:00,1A
12357,8079,2024-09-17 00:00:00,1A
12358,8086,2024-09-17 00:00:00,1A
12359,8087,2024-09-17 00:00:00,1A
12360,809,2024-09-17 00:00:00,1A
12361,9051,2024-09-17 00:00:00,1A
12362,9058,2024-09-17 00:00:00,1A
12363,9015,2024-09-17 00:00:00,1A
12364,9024,2024-09-17 00:00:00,1A
12365,9037,2024-09-17 00:00:00,1A
12366,9053,2024-09-17 00:00:00,1A
12367,9076,2024-09-17 00:00:00,1A
12368,9103,2024-09-17 00:00:00,1A
12369,91262,2024-09-17 00:00:00,1A
12370,9126A,2024-09-17 00:00:00,1A
12371,0201,2024-09-17 00:00:00,1A
12372,0226,2024-09-17 00:00:00,1A
12373,0241,2024-09-17 00:00:00,1A
12374,0249,2024-09-17 00:00:00,1A
12375,0259,2024-09-17 00:00:00,1A
12376,0267,2024-09-17 00:00:00,1A
12377,0298A,2024-09-17 00:00:00,1A
12378,0322,2024-09-17 00:00:00,1A
12379,0323,2024-09-17 00:00:00,1A
12380,0329,2024-09-17 00:00:00,1A
12381,0333,2024-09-17 00:00:00,1A
12382,0336,2024-09-17 00:00:00,1A
12383,0353,2024-09-17 00:00:00,1A
12384,2040,2024-09-17 00:00:00,1A
12385,1004,2024-09-17 00:00:00,1A
12386,4095,2024-09-17 00:00:00,1A
12387,2080,2024-09-17 00:00:00,1A
12388,5079,2024-09-17 00:00:00,1A
12389,4072,2024-09-17 00:00:00,1A
12390,2180A,2024-09-17 00:00:00,1A
12391,80882,2024-09-17 00:00:00,1A
12392,8017,2024-09-17 00:00:00,1A
12393,7017,2024-09-17 00:00:00,1A
12394,5529,2024-09-17 00:00:00,1A
12395,5638,2024-09-17 00:00:00,1A
12396,34,2024-09-17 00:00:00,1A
12397,8019,2024-09-17 00:00:00,1A
12398,EMB 5,2024-09-17 00:00:00,1A
12399,8036,2024-09-19 00:00:00,3
12400,4095,2024-09-19 00:00:00,3
12401,2031,2024-09-19 00:00:00,MUERTO
12402,24226,2024-09-18 00:00:00,MUERTO
12403,24227,2024-09-18 00:00:00,MUERTO
12404,23176,2024-09-17 00:00:00,MUERTO
12405,23182,2024-09-18 00:00:00,MUERTO
12406,4172,2024-09-18 00:00:00,VAQ
12407,4043,2024-09-18 00:00:00,VAQ
12408,8013,2024-09-18 00:00:00,VAQ
12409,24224,2024-09-18 00:00:00,VAQ
12410,24225,2024-09-18 00:00:00,VAQ
12411,BU366,2024-09-18 00:00:00,C4
12412,BU367,2024-09-19 00:00:00,C4
12413,SNA,2024-09-18 00:00:00,SERVICIO
12414,9389,2024-09-18 00:00:00,SERVICIO
12415,2219,2024-09-18 00:00:00,SERVICIO
12416,4025,2024-09-18 00:00:00,SERVICIO
12417,EMB 2,2024-09-18 00:00:00,SERVICIO
12418,2019,2024-09-18 00:00:00,SERVICIO
12419,1056A,2024-09-18 00:00:00,SERVICIO
12420,1077A,2024-09-18 00:00:00,SERVICIO
12421,1090A,2024-09-18 00:00:00,SERVICIO
12422,3178,2024-09-18 00:00:00,SERVICIO
12423,4033,2024-09-18 00:00:00,SERVICIO
12424,4078,2024-09-18 00:00:00,SERVICIO
12425,4099,2024-09-18 00:00:00,SERVICIO
12426,4100,2024-09-18 00:00:00,SERVICIO
12427,4109,2024-09-18 00:00:00,SERVICIO
12428,4141,2024-09-18 00:00:00,SERVICIO
12429,5041,2024-09-18 00:00:00,SERVICIO
12430,50501,2024-09-18 00:00:00,SERVICIO
12431,5082,2024-09-18 00:00:00,SERVICIO
12432,5092,2024-09-18 00:00:00,SERVICIO
12433,6008,2024-09-18 00:00:00,SERVICIO
12434,6031,2024-09-18 00:00:00,SERVICIO
12435,7080,2024-09-18 00:00:00,SERVICIO
12436,9046,2024-09-18 00:00:00,SERVICIO
12437,9238,2024-09-18 00:00:00,SERVICIO
12438,8014,2024-09-18 00:00:00,SERVICIO
12439,4A,2024-09-18 00:00:00,SERVICIO
12440,3027A,2024-09-18 00:00:00,SERVICIO
12441,6020,2024-09-18 00:00:00,SERVICIO
12442,8096,2024-09-18 00:00:00,SERVICIO
12443,9219,2024-09-18 00:00:00,SERVICIO
12444,12164,2024-09-18 00:00:00,SERVICIO
12445,4065,2024-09-18 00:00:00,SERVICIO
12446,5098,2024-09-18 00:00:00,SERVICIO
12447,6050,2024-09-18 00:00:00,SERVICIO
12448,7033,2024-09-18 00:00:00,SERVICIO
12449,7072,2024-09-18 00:00:00,SERVICIO
12450,8026,2024-09-18 00:00:00,SERVICIO
12451,8028,2024-09-18 00:00:00,SERVICIO
12452,8041,2024-09-18 00:00:00,SERVICIO
12453,8060,2024-09-18 00:00:00,SERVICIO
12454,80841,2024-09-18 00:00:00,SERVICIO
12455,9035,2024-09-18 00:00:00,SERVICIO
12456,9099,2024-09-18 00:00:00,SERVICIO
12457,9104,2024-09-18 00:00:00,SERVICIO
12458,91091,2024-09-18 00:00:00,SERVICIO
12459,0225,2024-09-18 00:00:00,SERVICIO
12460,0343,2024-09-18 00:00:00,SERVICIO
12461,33,2024-09-18 00:00:00,SERVICIO
12462,19,2024-09-18 00:00:00,SERVICIO
12463,1123,2024-09-18 00:00:00,SERVICIO
12464,8011,2024-09-18 00:00:00,SERVICIO
12465,8085,2024-09-18 00:00:00,SERVICIO
12466,9011,2024-09-18 00:00:00,SERVICIO
12467,9014,2024-09-18 00:00:00,SERVICIO
12468,9016,2024-09-18 00:00:00,SERVICIO
12469,9192,2024-09-18 00:00:00,SERVICIO
12470,9113,2024-09-18 00:00:00,SERVICIO
12471,9116B,2024-09-18 00:00:00,SERVICIO
12472,91172,2024-09-18 00:00:00,SERVICIO
12473,9121,2024-09-18 00:00:00,SERVICIO
12474,9122,2024-09-18 00:00:00,SERVICIO
12475,9128B,2024-09-18 00:00:00,SERVICIO
12476,0108,2024-09-18 00:00:00,SERVICIO
12477,0114,2024-09-18 00:00:00,SERVICIO
12478,0125,2024-09-18 00:00:00,SERVICIO
12479,0202,2024-09-18 00:00:00,SERVICIO
12480,0206A,2024-09-18 00:00:00,SERVICIO
12481,0206B,2024-09-18 00:00:00,SERVICIO
12482,0208A,2024-09-18 00:00:00,SERVICIO
12483,0211,2024-09-18 00:00:00,SERVICIO
12484,0220,2024-09-18 00:00:00,SERVICIO
12485,0224,2024-09-18 00:00:00,SERVICIO
12486,02331,2024-09-18 00:00:00,SERVICIO
12487,0233,2024-09-18 00:00:00,SERVICIO
12488,0240,2024-09-18 00:00:00,SERVICIO
12489,0246,2024-09-18 00:00:00,SERVICIO
12490,0258,2024-09-18 00:00:00,SERVICIO
12491,0269,2024-09-18 00:00:00,SERVICIO
12492,0291,2024-09-18 00:00:00,SERVICIO
12493,0297,2024-09-18 00:00:00,SERVICIO
12494,0299A,2024-09-18 00:00:00,SERVICIO
12495,0321,2024-09-18 00:00:00,SERVICIO
12496,0326,2024-09-18 00:00:00,SERVICIO
12497,0327,2024-09-18 00:00:00,SERVICIO
12498,0338,2024-09-18 00:00:00,SERVICIO
12499,0349,2024-09-18 00:00:00,SERVICIO
12500,0352,2024-09-18 00:00:00,SERVICIO
12501,20,2024-09-18 00:00:00,SERVICIO
12502,2018,2024-09-18 00:00:00,SERVICIO
12503,1109B,2024-09-18 00:00:00,SERVICIO
12504,2035A,2024-09-18 00:00:00,SERVICIO
12505,1132,2024-09-18 00:00:00,SERVICIO
12506,0271,2024-09-18 00:00:00,SERVICIO
12507,10431,2024-09-18 00:00:00,SERVICIO
12508,0274,2024-09-18 00:00:00,SERVICIO
12509,1052A,2024-09-18 00:00:00,SERVICIO
12510,2007,2024-09-18 00:00:00,SERVICIO
12511,1063,2024-09-18 00:00:00,SERVICIO
12512,1005,2024-09-18 00:00:00,SERVICIO
12513,2037,2024-09-18 00:00:00,SERVICIO
12514,2087,2024-09-18 00:00:00,SERVICIO
12515,2702,2024-09-18 00:00:00,SERVICIO
12516,2024,2024-09-18 00:00:00,SERVICIO
12517,1104A,2024-09-18 00:00:00,SERVICIO
12518,1103,2024-09-18 00:00:00,SERVICIO
12519,4048,2024-09-18 00:00:00,SERVICIO
12520,2097,2024-09-18 00:00:00,SERVICIO
12521,05,2024-09-18 00:00:00,SERVICIO
12522,3108,2024-09-18 00:00:00,SERVICIO
12523,1139A,2024-09-18 00:00:00,SERVICIO
12524,1168,2024-09-18 00:00:00,SERVICIO
12525,2220,2024-09-18 00:00:00,SERVICIO
12526,2060,2024-09-18 00:00:00,SERVICIO
12527,2065,2024-09-18 00:00:00,SERVICIO
12528,1091,2024-09-18 00:00:00,SERVICIO
12529,0350,2024-09-18 00:00:00,SERVICIO
12530,8006,2024-09-18 00:00:00,SERVICIO
12531,7038,2024-09-18 00:00:00,SERVICIO
12532,1015A,2024-09-18 00:00:00,SERVICIO
12533,1098,2024-09-18 00:00:00,SERVICIO
12534,23227,2024-09-18 00:00:00,SERVICIO
12535,23228,2024-09-18 00:00:00,SERVICIO
12536,23230,2024-09-18 00:00:00,SERVICIO
12537,23238,2024-09-18 00:00:00,SERVICIO
12538,23241,2024-09-18 00:00:00,SERVICIO
12539,23247,2024-09-18 00:00:00,SERVICIO
12540,23249,2024-09-18 00:00:00,SERVICIO
12541,23251,2024-09-18 00:00:00,SERVICIO
12542,24002,2024-09-18 00:00:00,SERVICIO
12543,24004,2024-09-18 00:00:00,SERVICIO
12544,24005,2024-09-18 00:00:00,SERVICIO
12545,24006,2024-09-18 00:00:00,SERVICIO
12546,24008,2024-09-18 00:00:00,SERVICIO
12547,24009,2024-09-18 00:00:00,SERVICIO
12548,24016,2024-09-18 00:00:00,SERVICIO
12549,24019,2024-09-18 00:00:00,SERVICIO
12550,24021,2024-09-18 00:00:00,SERVICIO
12551,24025,2024-09-18 00:00:00,SERVICIO
12552,24030,2024-09-18 00:00:00,SERVICIO
12553,24044,2024-09-18 00:00:00,SERVICIO
12554,24047,2024-09-18 00:00:00,SERVICIO
12555,24049,2024-09-18 00:00:00,SERVICIO
12556,24063,2024-09-18 00:00:00,SERVICIO
12557,24065,2024-09-18 00:00:00,SERVICIO
12558,24066,2024-09-18 00:00:00,SERVICIO
12559,24067,2024-09-18 00:00:00,SERVICIO
12560,24071,2024-09-18 00:00:00,SERVICIO
12561,24075,2024-09-18 00:00:00,SERVICIO
12562,24076,2024-09-18 00:00:00,SERVICIO
12563,24077,2024-09-18 00:00:00,SERVICIO
12564,24079,2024-09-18 00:00:00,SERVICIO
12565,24082,2024-09-18 00:00:00,SERVICIO
12566,24085,2024-09-18 00:00:00,SERVICIO
12567,24087,2024-09-18 00:00:00,SERVICIO
12568,24089,2024-09-18 00:00:00,SERVICIO
12569,24090,2024-09-18 00:00:00,SERVICIO
12570,24091,2024-09-18 00:00:00,SERVICIO
12571,24092,2024-09-18 00:00:00,SERVICIO
12574,24096,2024-09-18 00:00:00,SERVICIO
12575,24097,2024-09-18 00:00:00,SERVICIO
12576,24098,2024-09-18 00:00:00,SERVICIO
12577,24099,2024-09-18 00:00:00,SERVICIO
12578,24101,2024-09-18 00:00:00,SERVICIO
12579,24105,2024-09-18 00:00:00,SERVICIO
12580,24110,2024-09-18 00:00:00,SERVICIO
12581,24111,2024-09-18 00:00:00,SERVICIO
12582,24116,2024-09-18 00:00:00,SERVICIO
12583,24119,2024-09-18 00:00:00,SERVICIO
12584,24120,2024-09-18 00:00:00,SERVICIO
12585,24123,2024-09-18 00:00:00,SERVICIO
12586,24125,2024-09-18 00:00:00,SERVICIO
12587,24132,2024-09-18 00:00:00,SERVICIO
12588,24134,2024-09-18 00:00:00,SERVICIO
12589,24136,2024-09-18 00:00:00,SERVICIO
12590,24139,2024-09-18 00:00:00,SERVICIO
12591,24141,2024-09-18 00:00:00,SERVICIO
12592,24145,2024-09-18 00:00:00,SERVICIO
12593,24152,2024-09-18 00:00:00,SERVICIO
12594,24153,2024-09-18 00:00:00,SERVICIO
12595,24154,2024-09-18 00:00:00,SERVICIO
12596,24157,2024-09-18 00:00:00,SERVICIO
12597,24160,2024-09-18 00:00:00,SERVICIO
12598,24164,2024-09-18 00:00:00,SERVICIO
12599,24169,2024-09-18 00:00:00,SERVICIO
12600,24177,2024-09-18 00:00:00,SERVICIO
12601,24180,2024-09-18 00:00:00,SERVICIO
12602,24181,2024-09-18 00:00:00,SERVICIO
12603,24182,2024-09-18 00:00:00,SERVICIO
12604,24198,2024-09-18 00:00:00,SERVICIO
12605,24199,2024-09-18 00:00:00,SERVICIO
12606,24203,2024-09-18 00:00:00,SERVICIO
12607,24204,2024-09-18 00:00:00,SERVICIO
12608,24205,2024-09-18 00:00:00,SERVICIO
12609,24206,2024-09-18 00:00:00,SERVICIO
12610,24208,2024-09-18 00:00:00,SERVICIO
12611,24211,2024-09-18 00:00:00,SERVICIO
12612,0108,2024-09-19 00:00:00,2
12613,0114,2024-09-19 00:00:00,2
12614,0125,2024-09-19 00:00:00,2
12615,0202,2024-09-19 00:00:00,6
12616,0206A,2024-09-19 00:00:00,2
12617,0206B,2024-09-19 00:00:00,2
12618,0208A,2024-09-19 00:00:00,6
12619,0211,2024-09-19 00:00:00,2
12620,0220,2024-09-19 00:00:00,6
12621,0224,2024-09-19 00:00:00,2
12622,0225,2024-09-19 00:00:00,2
12623,0233,2024-09-19 00:00:00,2
12624,02331,2024-09-19 00:00:00,2
12625,0240,2024-09-19 00:00:00,2
12626,0246,2024-09-19 00:00:00,2
12627,0258,2024-09-19 00:00:00,2
12628,0269,2024-09-19 00:00:00,2
12629,0271,2024-09-19 00:00:00,2
12630,0274,2024-09-19 00:00:00,6
12631,0291,2024-09-19 00:00:00,2
12632,0297,2024-09-19 00:00:00,2
12633,0299A,2024-09-19 00:00:00,6
12634,0321,2024-09-19 00:00:00,2
12635,0326,2024-09-19 00:00:00,2
12636,0327,2024-09-19 00:00:00,2
12637,0338,2024-09-19 00:00:00,6
12638,0343,2024-09-19 00:00:00,2
12639,0349,2024-09-19 00:00:00,2
12640,0350,2024-09-19 00:00:00,6
12641,0352,2024-09-19 00:00:00,2
12642,05,2024-09-19 00:00:00,2
12643,1005,2024-09-19 00:00:00,6
12644,1015A,2024-09-19 00:00:00,6
12645,10431,2024-09-19 00:00:00,6
12646,1052A,2024-09-19 00:00:00,2
12647,1056A,2024-09-19 00:00:00,2
12648,1063,2024-09-19 00:00:00,2
12649,1077A,2024-09-19 00:00:00,2
12650,1090A,2024-09-19 00:00:00,2
12651,1091,2024-09-19 00:00:00,6
12652,1098,2024-09-19 00:00:00,2
12653,1103,2024-09-19 00:00:00,2
12654,1104A,2024-09-19 00:00:00,6
12655,1109B,2024-09-19 00:00:00,2
12656,1123,2024-09-19 00:00:00,2
12657,1132,2024-09-19 00:00:00,6
12658,1139A,2024-09-19 00:00:00,2
12659,1168,2024-09-19 00:00:00,6
12660,12164,2024-09-19 00:00:00,2
12661,19,2024-09-19 00:00:00,2
12662,20,2024-09-19 00:00:00,6
12663,2007,2024-09-19 00:00:00,2
12664,2018,2024-09-19 00:00:00,2
12665,2019,2024-09-19 00:00:00,2
12666,2024,2024-09-19 00:00:00,2
12667,2035A,2024-09-19 00:00:00,6
12668,2037,2024-09-19 00:00:00,2
12669,2060,2024-09-19 00:00:00,2
12670,2065,2024-09-19 00:00:00,2
12671,2087,2024-09-19 00:00:00,2
12672,2097,2024-09-19 00:00:00,2
12673,2219,2024-09-19 00:00:00,2
12674,2220,2024-09-19 00:00:00,6
12675,23228,2024-09-19 00:00:00,VAQ
12676,23247,2024-09-19 00:00:00,VAQ
12677,23249,2024-09-19 00:00:00,VAQ
12678,23251,2024-09-19 00:00:00,VAQ
12679,2702,2024-09-19 00:00:00,2
12680,3027A,2024-09-19 00:00:00,2
12681,3108,2024-09-19 00:00:00,2
12682,3178,2024-09-19 00:00:00,2
12683,33,2024-09-19 00:00:00,2
12684,4025,2024-09-19 00:00:00,6
12685,4033,2024-09-19 00:00:00,2
12686,4048,2024-09-19 00:00:00,6
12687,4065,2024-09-19 00:00:00,2
12688,4078,2024-09-19 00:00:00,6
12689,4099,2024-09-19 00:00:00,2
12690,4100,2024-09-19 00:00:00,2
12691,4109,2024-09-19 00:00:00,2
12692,4141,2024-09-19 00:00:00,2
12693,4A,2024-09-19 00:00:00,2
12694,5041,2024-09-19 00:00:00,CACH
12695,50501,2024-09-19 00:00:00,2
12696,5082,2024-09-19 00:00:00,2
12697,5092,2024-09-19 00:00:00,2
12698,5098,2024-09-19 00:00:00,2
12699,6020,2024-09-19 00:00:00,2
12700,6031,2024-09-19 00:00:00,2
12701,6050,2024-09-19 00:00:00,2
12702,7033,2024-09-19 00:00:00,6
12703,7038,2024-09-19 00:00:00,6
12704,7072,2024-09-19 00:00:00,2
12705,7080,2024-09-19 00:00:00,2
12706,8006,2024-09-19 00:00:00,2
12707,8011,2024-09-19 00:00:00,2
12708,8014,2024-09-19 00:00:00,2
12709,8026,2024-09-19 00:00:00,2
12710,8028,2024-09-19 00:00:00,6
12711,8041,2024-09-19 00:00:00,2
12712,8060,2024-09-19 00:00:00,2
12713,80841,2024-09-19 00:00:00,2
12714,8085,2024-09-19 00:00:00,2
12715,8096,2024-09-19 00:00:00,6
12716,9011,2024-09-19 00:00:00,6
12717,9014,2024-09-19 00:00:00,6
12718,9016,2024-09-19 00:00:00,2
12719,9035,2024-09-19 00:00:00,2
12720,9046,2024-09-19 00:00:00,2
12721,9099,2024-09-19 00:00:00,6
12722,9104,2024-09-19 00:00:00,6
12723,91091,2024-09-19 00:00:00,2
12724,9113,2024-09-19 00:00:00,6
12725,9116B,2024-09-19 00:00:00,6
12726,91172,2024-09-19 00:00:00,6
12727,9121,2024-09-19 00:00:00,2
12728,9122,2024-09-19 00:00:00,2
12729,9219,2024-09-19 00:00:00,2
12730,9238,2024-09-19 00:00:00,2
12731,9389,2024-09-19 00:00:00,VAQ
12732,EMB 2,2024-09-19 00:00:00,2
12733,SNA,2024-09-19 00:00:00,6
12734,9192,2024-09-19 00:00:00,1
12735,24198,2024-09-19 00:00:00,2
12736,24199,2024-09-19 00:00:00,2
12737,23227,2024-09-19 00:00:00,VAQ
12738,23230,2024-09-19 00:00:00,VAQ
12739,23238,2024-09-19 00:00:00,VAQ
12740,23241,2024-09-19 00:00:00,VAQ
12741,24002,2024-09-19 00:00:00,VAQ
12742,24004,2024-09-19 00:00:00,VAQ
12743,24005,2024-09-19 00:00:00,VAQ
12744,24006,2024-09-19 00:00:00,2
12745,24008,2024-09-19 00:00:00,VAQ
12746,24009,2024-09-19 00:00:00,VAQ
12747,24016,2024-09-19 00:00:00,VAQ
12748,24019,2024-09-19 00:00:00,VAQ
12749,24021,2024-09-19 00:00:00,VAQ
12750,24025,2024-09-19 00:00:00,2
12751,24030,2024-09-19 00:00:00,2
12752,24044,2024-09-19 00:00:00,2
12753,24047,2024-09-19 00:00:00,2
12754,24049,2024-09-19 00:00:00,2
12755,24063,2024-09-19 00:00:00,2
12756,24065,2024-09-19 00:00:00,2
12757,24066,2024-09-19 00:00:00,2
12758,24067,2024-09-19 00:00:00,2
12759,24071,2024-09-19 00:00:00,2
12760,24075,2024-09-19 00:00:00,2
12761,24076,2024-09-19 00:00:00,2
12762,24077,2024-09-19 00:00:00,2
12763,24079,2024-09-19 00:00:00,2
12764,24082,2024-09-19 00:00:00,2
12765,24085,2024-09-19 00:00:00,2
12766,24087,2024-09-19 00:00:00,2
12767,24089,2024-09-19 00:00:00,2
12768,24090,2024-09-19 00:00:00,2
12769,24091,2024-09-19 00:00:00,2
12770,24092,2024-09-19 00:00:00,2
12772,24096,2024-09-19 00:00:00,2
12773,24097,2024-09-19 00:00:00,2
12774,24098,2024-09-19 00:00:00,2
12775,24099,2024-09-19 00:00:00,VAQ
12776,24101,2024-09-19 00:00:00,2
12777,24105,2024-09-19 00:00:00,2
12778,24110,2024-09-19 00:00:00,2
12779,24111,2024-09-19 00:00:00,2
12780,24116,2024-09-19 00:00:00,2
12781,24119,2024-09-19 00:00:00,2
12782,24120,2024-09-19 00:00:00,2
12783,24123,2024-09-19 00:00:00,2
12784,24125,2024-09-19 00:00:00,2
12785,24132,2024-09-19 00:00:00,2
12786,24136,2024-09-19 00:00:00,2
12787,24141,2024-09-19 00:00:00,2
12788,24145,2024-09-19 00:00:00,2
12789,24152,2024-09-19 00:00:00,2
12790,24153,2024-09-19 00:00:00,2
12791,24154,2024-09-19 00:00:00,2
12792,24157,2024-09-19 00:00:00,2
12793,24160,2024-09-19 00:00:00,2
12794,24164,2024-09-19 00:00:00,2
12795,24169,2024-09-19 00:00:00,2
12796,24181,2024-09-19 00:00:00,2
12797,24182,2024-09-19 00:00:00,2
12798,24203,2024-09-19 00:00:00,2
12799,24204,2024-09-19 00:00:00,VAQ
12800,24205,2024-09-19 00:00:00,2
12801,24206,2024-09-19 00:00:00,2
12802,24208,2024-09-19 00:00:00,2
12804,24124,2024-09-19 00:00:00,2
12805,31,2024-09-19 00:00:00,6
12806,22033,2024-09-19 00:00:00,6
12807,24167,2024-09-19 00:00:00,CACH
12808,24190,2024-09-19 00:00:00,2
12809,23223,2024-09-19 00:00:00,2
12810,4172,2024-09-19 00:00:00,1A
12811,8010,2024-09-17 00:00:00,1A
12812,8013,2024-09-19 00:00:00,1A
12813,4043,2024-09-19 00:00:00,1A
12814,24163,2024-09-22 00:00:00,SERVICIO
12815,2217,2024-09-22 00:00:00,SERVICIO
12816,23160,2024-09-21 00:00:00,C4
12817,23195,2024-09-21 00:00:00,C4
12818,23202,2024-09-21 00:00:00,C4
12819,23212,2024-09-21 00:00:00,C4
12820,23228,2024-09-21 00:00:00,C4
12821,23229,2024-09-21 00:00:00,C4
12822,23247,2024-09-21 00:00:00,C4
12823,8037,2024-09-18 00:00:00,6
12824,91171,2024-09-18 00:00:00,6
12825,91242,2024-09-18 00:00:00,6
12826,8061,2024-09-18 00:00:00,6
12827,24215,2024-09-23 00:00:00,Muerto
12828,10391,2024-09-20 00:00:00,1A
12829,2072,2024-09-21 00:00:00,1A
12830,3066B,2024-09-21 00:00:00,1A
12831,50741,2024-09-23 00:00:00,1A
12832,24228,2024-09-20 00:00:00,VAQ
12833,24229,2024-09-21 00:00:00,VAQ
12834,24230,2024-09-21 00:00:00,VAQ
12835,24231,2024-09-23 00:00:00,VAQ
12836,5076,2024-09-23 00:00:00,3
12837,0322,2024-09-23 00:00:00,3
12838,9015,2024-09-23 00:00:00,3
12839,8050,2024-09-23 00:00:00,3
12841,2171,2024-09-24 00:00:00,3
12842,4007,2024-09-24 00:00:00,3
12843,0128,2024-09-24 00:00:00,3
12844,2209A,2024-09-24 00:00:00,3
12846,6067,2024-09-24 00:00:00,3
12847,8013,2024-09-24 00:00:00,3
12848,9037,2024-09-24 00:00:00,3
12849,0329,2024-09-24 00:00:00,3
12850,0333,2024-09-24 00:00:00,3
12851,EMB 5,2024-09-24 00:00:00,3
12852,0271,2024-09-25 00:00:00,3
12853,24030,2024-09-25 00:00:00,VAQ
12854,1112A,2024-09-25 00:00:00,3
13097,1031,2024-09-24 00:00:00,SERVICIO
13098,1036,2024-09-24 00:00:00,SERVICIO
13099,1039,2024-09-24 00:00:00,SERVICIO
13100,1078,2024-09-24 00:00:00,SERVICIO
13101,1080A,2024-09-24 00:00:00,SERVICIO
13102,1095B,2024-09-24 00:00:00,SERVICIO
13103,1105,2024-09-24 00:00:00,SERVICIO
13104,1106A,2024-09-24 00:00:00,SERVICIO
13105,1107,2024-09-24 00:00:00,SERVICIO
13106,2032,2024-09-24 00:00:00,SERVICIO
13107,2035,2024-09-24 00:00:00,SERVICIO
13108,0346,2024-09-24 00:00:00,SERVICIO
13109,0358,2024-09-24 00:00:00,SERVICIO
13110,2204,2024-09-24 00:00:00,SERVICIO
13111,2027,2024-09-24 00:00:00,SERVICIO
13112,1046A,2024-09-24 00:00:00,SERVICIO
13113,1026,2024-09-24 00:00:00,SERVICIO
13114,1029,2024-09-24 00:00:00,SERVICIO
13115,0104,2024-09-24 00:00:00,SERVICIO
13116,0212,2024-09-24 00:00:00,SERVICIO
13117,0219,2024-09-24 00:00:00,SERVICIO
13118,0279,2024-09-24 00:00:00,SERVICIO
13119,0325,2024-09-24 00:00:00,SERVICIO
13120,0335,2024-09-24 00:00:00,SERVICIO
13121,0345,2024-09-24 00:00:00,SERVICIO
13122,MSN1,2024-09-24 00:00:00,SERVICIO
13123,MSN2,2024-09-24 00:00:00,SERVICIO
13124,MSN3,2024-09-24 00:00:00,SERVICIO
13125,MSN4,2024-09-24 00:00:00,SERVICIO
13126,0214,2024-09-24 00:00:00,SERVICIO
13127,9136A,2024-09-24 00:00:00,SERVICIO
13128,0116,2024-09-24 00:00:00,SERVICIO
13129,MSN8,2024-09-24 00:00:00,SERVICIO
13130,MSN9,2024-09-24 00:00:00,SERVICIO
13131,MSN12,2024-09-24 00:00:00,SERVICIO
13132,MSN15,2024-09-24 00:00:00,SERVICIO
13133,MSN16,2024-09-24 00:00:00,SERVICIO
13134,MSN17,2024-09-24 00:00:00,SERVICIO
13135,1007,2024-09-24 00:00:00,SERVICIO
13136,2781,2024-09-24 00:00:00,SERVICIO
13137,0242,2024-09-24 00:00:00,SERVICIO
13138,0223B,2024-09-24 00:00:00,SERVICIO
13139,9135,2024-09-24 00:00:00,SERVICIO
13140,0293,2024-09-24 00:00:00,SERVICIO
13141,1207,2024-09-24 00:00:00,SERVICIO
13142,1069,2024-09-24 00:00:00,SERVICIO
13143,1154,2024-09-24 00:00:00,SERVICIO
13144,0109,2024-09-24 00:00:00,SERVICIO
13145,1131,2024-09-24 00:00:00,SERVICIO
13146,1163,2024-09-24 00:00:00,SERVICIO
13147,1068,2024-09-24 00:00:00,SERVICIO
13148,1053,2024-09-24 00:00:00,SERVICIO
13149,1336,2024-09-24 00:00:00,SERVICIO
13150,1141,2024-09-24 00:00:00,SERVICIO
13151,1161A,2024-09-24 00:00:00,SERVICIO
13152,1148,2024-09-24 00:00:00,SERVICIO
13153,0118A,2024-09-24 00:00:00,SERVICIO
13154,0221A,2024-09-24 00:00:00,SERVICIO
13155,1097,2024-09-24 00:00:00,SERVICIO
13156,1182,2024-09-24 00:00:00,SERVICIO
13157,1090,2024-09-24 00:00:00,SERVICIO
13158,1095,2024-09-24 00:00:00,SERVICIO
13159,1190,2024-09-24 00:00:00,SERVICIO
13160,1156,2024-09-24 00:00:00,SERVICIO
13161,0216A,2024-09-24 00:00:00,SERVICIO
13162,0196,2024-09-24 00:00:00,SERVICIO
13163,1165,2024-09-24 00:00:00,SERVICIO
13164,1030,2024-09-24 00:00:00,SERVICIO
13165,1219,2024-09-24 00:00:00,SERVICIO
13166,1048,2024-09-24 00:00:00,SERVICIO
13167,1186,2024-09-24 00:00:00,SERVICIO
13168,1238,2024-09-24 00:00:00,SERVICIO
13169,1215,2024-09-24 00:00:00,SERVICIO
13170,1083,2024-09-24 00:00:00,SERVICIO
13171,1257,2024-09-24 00:00:00,SERVICIO
13172,0141,2024-09-24 00:00:00,SERVICIO
13173,1206,2024-09-24 00:00:00,SERVICIO
13174,1080,2024-09-24 00:00:00,SERVICIO
13175,1202,2024-09-24 00:00:00,SERVICIO
13176,1139,2024-09-24 00:00:00,SERVICIO
13177,1180,2024-09-24 00:00:00,SERVICIO
13178,1166,2024-09-24 00:00:00,SERVICIO
13179,1146,2024-09-24 00:00:00,SERVICIO
13180,1205,2024-09-24 00:00:00,SERVICIO
13181,1049,2024-09-24 00:00:00,SERVICIO
13182,2128,2024-09-24 00:00:00,SERVICIO
13183,1047,2024-09-24 00:00:00,SERVICIO
13184,1037,2024-09-24 00:00:00,SERVICIO
13185,1052,2024-09-24 00:00:00,SERVICIO
13186,1213,2024-09-24 00:00:00,SERVICIO
13187,0195,2024-09-24 00:00:00,SERVICIO
13188,1187,2024-09-24 00:00:00,SERVICIO
13189,1214,2024-09-24 00:00:00,SERVICIO
13190,1142,2024-09-24 00:00:00,SERVICIO
13191,1096B,2024-09-24 00:00:00,SERVICIO
13192,0198,2024-09-24 00:00:00,SERVICIO
13193,1106,2024-09-24 00:00:00,SERVICIO
13194,0004,2024-09-24 00:00:00,SERVICIO
13195,1174,2024-09-24 00:00:00,SERVICIO
13196,1253,2024-09-24 00:00:00,SERVICIO
13197,1228,2024-09-24 00:00:00,SERVICIO
13198,1212,2024-09-24 00:00:00,SERVICIO
13199,1101,2024-09-24 00:00:00,SERVICIO
13200,0094,2024-09-24 00:00:00,SERVICIO
13201,1126,2024-09-24 00:00:00,SERVICIO
13202,1027,2024-09-24 00:00:00,SERVICIO
13203,1152,2024-09-24 00:00:00,SERVICIO
13204,1204,2024-09-24 00:00:00,SERVICIO
13205,36,2024-09-24 00:00:00,SERVICIO
13206,0254,2024-09-24 00:00:00,SERVICIO
13207,1130,2024-09-24 00:00:00,SERVICIO
13208,1216,2024-09-24 00:00:00,SERVICIO
13209,0119,2024-09-24 00:00:00,SERVICIO
13210,1092,2024-09-24 00:00:00,SERVICIO
13211,1162,2024-09-24 00:00:00,SERVICIO
13212,1046,2024-09-24 00:00:00,SERVICIO
13213,0351,2024-09-24 00:00:00,SERVICIO
13214,1098A,2024-09-24 00:00:00,SERVICIO
13215,1324,2024-09-24 00:00:00,SERVICIO
13216,1292,2024-09-24 00:00:00,SERVICIO
13217,0217,2024-09-24 00:00:00,SERVICIO
13218,0004,2024-09-25 00:00:00,7
13219,0094,2024-09-25 00:00:00,8
13220,0104,2024-09-25 00:00:00,7
13221,0109,2024-09-25 00:00:00,7
13222,0116,2024-09-25 00:00:00,8
13223,0118A,2024-09-25 00:00:00,9
13224,0119,2024-09-25 00:00:00,9
13225,0141,2024-09-25 00:00:00,8
13226,0195,2024-09-25 00:00:00,7
13227,0196,2024-09-25 00:00:00,8
13228,0198,2024-09-25 00:00:00,9
13229,0212,2024-09-25 00:00:00,8
13230,0216A,2024-09-25 00:00:00,9
13231,0217,2024-09-25 00:00:00,8
13232,0219,2024-09-25 00:00:00,8
13233,0221A,2024-09-25 00:00:00,7
13234,0223B,2024-09-25 00:00:00,7
13235,0242,2024-09-25 00:00:00,8
13236,0254,2024-09-25 00:00:00,CACH
13237,0279,2024-09-25 00:00:00,8
13238,0293,2024-09-25 00:00:00,9
13239,0325,2024-09-25 00:00:00,9
13240,0335,2024-09-25 00:00:00,8
13241,0345,2024-09-25 00:00:00,7
13242,0346,2024-09-25 00:00:00,9
13243,0351,2024-09-25 00:00:00,9
13244,0358,2024-09-25 00:00:00,9
13245,1026,2024-09-25 00:00:00,9
13246,1027,2024-09-25 00:00:00,9
13247,1029,2024-09-25 00:00:00,7
13248,1030,2024-09-25 00:00:00,7
13249,1031,2024-09-25 00:00:00,9
13250,1036,2024-09-25 00:00:00,9
13251,1037,2024-09-25 00:00:00,8
13252,1039,2024-09-25 00:00:00,8
13253,1046,2024-09-25 00:00:00,8
13254,1046A,2024-09-25 00:00:00,9
13255,1047,2024-09-25 00:00:00,7
13256,1048,2024-09-25 00:00:00,9
13257,1049,2024-09-25 00:00:00,8
13258,1052,2024-09-25 00:00:00,8
13259,1053,2024-09-25 00:00:00,9
13260,1068,2024-09-25 00:00:00,9
13261,1069,2024-09-25 00:00:00,9
13262,1078,2024-09-25 00:00:00,9
13263,1080,2024-09-25 00:00:00,8
13264,1080A,2024-09-25 00:00:00,8
13265,1083,2024-09-25 00:00:00,8
13266,1090,2024-09-25 00:00:00,7
13267,1092,2024-09-25 00:00:00,8
13268,1095,2024-09-25 00:00:00,8
13269,1095B,2024-09-25 00:00:00,9
13270,1096B,2024-09-25 00:00:00,7
13271,1097,2024-09-25 00:00:00,7
13272,1098A,2024-09-25 00:00:00,8
13273,1101,2024-09-25 00:00:00,9
13274,1105,2024-09-25 00:00:00,9
13275,1106,2024-09-25 00:00:00,9
13276,1106A,2024-09-25 00:00:00,9
13277,1107,2024-09-25 00:00:00,9
13278,1126,2024-09-25 00:00:00,9
13279,1130,2024-09-25 00:00:00,9
13280,1131,2024-09-25 00:00:00,7
13281,1139,2024-09-25 00:00:00,7
13282,1141,2024-09-25 00:00:00,8
13283,1142,2024-09-25 00:00:00,7
13284,1146,2024-09-25 00:00:00,7
13285,1148,2024-09-25 00:00:00,8
13286,1152,2024-09-25 00:00:00,9
13287,1154,2024-09-25 00:00:00,9
13288,1156,2024-09-25 00:00:00,9
13289,1161A,2024-09-25 00:00:00,8
13290,1162,2024-09-25 00:00:00,8
13291,1163,2024-09-25 00:00:00,9
13292,1165,2024-09-25 00:00:00,9
13293,1166,2024-09-25 00:00:00,9
13294,1174,2024-09-25 00:00:00,8
13295,1180,2024-09-25 00:00:00,8
13296,1182,2024-09-25 00:00:00,7
13297,1186,2024-09-25 00:00:00,7
13298,1187,2024-09-25 00:00:00,7
13299,1190,2024-09-25 00:00:00,7
13300,1202,2024-09-25 00:00:00,9
13301,1204,2024-09-25 00:00:00,9
13302,1205,2024-09-25 00:00:00,7
13303,1206,2024-09-25 00:00:00,9
13304,1207,2024-09-25 00:00:00,9
13305,1212,2024-09-25 00:00:00,9
13306,1213,2024-09-25 00:00:00,7
13307,1214,2024-09-25 00:00:00,9
13308,1215,2024-09-25 00:00:00,9
13309,1216,2024-09-25 00:00:00,9
13310,1219,2024-09-25 00:00:00,9
13311,1228,2024-09-25 00:00:00,9
13312,1238,2024-09-25 00:00:00,7
13313,1253,2024-09-25 00:00:00,8
13314,1257,2024-09-25 00:00:00,8
13315,1292,2024-09-25 00:00:00,9
13316,1324,2024-09-25 00:00:00,9
13317,1336,2024-09-25 00:00:00,9
13318,2027,2024-09-25 00:00:00,9
13319,2032,2024-09-25 00:00:00,9
13320,2035,2024-09-25 00:00:00,7
13321,2128,2024-09-25 00:00:00,9
13322,2204,2024-09-25 00:00:00,9
13323,2781,2024-09-25 00:00:00,7
13324,36,2024-09-25 00:00:00,9
13325,9135,2024-09-25 00:00:00,8
13326,9136A,2024-09-25 00:00:00,7
13327,MSN12,2024-09-25 00:00:00,9
13328,MSN15,2024-09-25 00:00:00,8
13329,MSN16,2024-09-25 00:00:00,9
13330,MSN17,2024-09-25 00:00:00,9
13331,MSN2,2024-09-25 00:00:00,7
13332,MSN3,2024-09-25 00:00:00,9
13333,MSN4,2024-09-25 00:00:00,8
13334,MSN8,2024-09-25 00:00:00,7
13335,MSN9,2024-09-25 00:00:00,9
13336,1007,2024-09-25 00:00:00,8
13337,0338,2024-09-26 00:00:00,3
13338,4008,2024-09-26 00:00:00,CACH
13339,1188,2024-09-21 00:00:00,CACH
13340,0320,2024-09-21 00:00:00,CACH
13341,2034,2024-09-21 00:00:00,CACH
13342,3021A,2024-09-25 00:00:00,SERVICIO
13343,2226,2024-09-25 00:00:00,SERVICIO
13344,2133A,2024-09-25 00:00:00,SERVICIO
13345,31102,2024-09-25 00:00:00,SERVICIO
13346,SNA,2024-09-25 00:00:00,SERVICIO
13347,2208A,2024-09-25 00:00:00,SERVICIO
13348,6035,2024-09-25 00:00:00,SERVICIO
13349,0740,2024-09-25 00:00:00,SERVICIO
13350,4079,2024-09-25 00:00:00,SERVICIO
13351,5033,2024-09-25 00:00:00,SERVICIO
13352,7083,2024-09-25 00:00:00,SERVICIO
13353,5144,2024-09-25 00:00:00,SERVICIO
13354,4025,2024-09-25 00:00:00,SERVICIO
13355,2146,2024-09-25 00:00:00,SERVICIO
13356,2042,2024-09-25 00:00:00,SERVICIO
13357,2093A,2024-09-25 00:00:00,SERVICIO
13358,4075,2024-09-25 00:00:00,SERVICIO
13359,2143,2024-09-25 00:00:00,SERVICIO
13360,9904,2024-09-25 00:00:00,SERVICIO
13361,1128,2024-09-25 00:00:00,SERVICIO
13362,2340,2024-09-25 00:00:00,SERVICIO
13363,3028A,2024-09-25 00:00:00,SERVICIO
13364,3093,2024-09-25 00:00:00,SERVICIO
13365,4023,2024-09-25 00:00:00,SERVICIO
13366,4076,2024-09-25 00:00:00,SERVICIO
13367,4078,2024-09-25 00:00:00,SERVICIO
13368,5090,2024-09-25 00:00:00,SERVICIO
13369,6070,2024-09-25 00:00:00,SERVICIO
13370,7067,2024-09-25 00:00:00,SERVICIO
13371,7076,2024-09-25 00:00:00,SERVICIO
13372,7087,2024-09-25 00:00:00,SERVICIO
13373,7092,2024-09-25 00:00:00,SERVICIO
13374,8067,2024-09-25 00:00:00,SERVICIO
13375,8089,2024-09-25 00:00:00,SERVICIO
13376,9045,2024-09-25 00:00:00,SERVICIO
13377,0018,2024-09-25 00:00:00,SERVICIO
13378,0143,2024-09-25 00:00:00,SERVICIO
13379,EMB 3,2024-09-25 00:00:00,SERVICIO
13380,9100,2024-09-25 00:00:00,SERVICIO
13381,6042,2024-09-25 00:00:00,SERVICIO
13382,9007,2024-09-25 00:00:00,SERVICIO
13383,8096,2024-09-25 00:00:00,SERVICIO
13385,8072,2024-09-25 00:00:00,SERVICIO
13386,6037,2024-09-25 00:00:00,SERVICIO
13387,7032,2024-09-25 00:00:00,SERVICIO
13388,7033,2024-09-25 00:00:00,SERVICIO
13389,7050,2024-09-25 00:00:00,SERVICIO
13390,8004,2024-09-25 00:00:00,SERVICIO
13391,8028,2024-09-25 00:00:00,SERVICIO
13392,8037,2024-09-25 00:00:00,SERVICIO
13393,8066,2024-09-25 00:00:00,SERVICIO
13394,8082,2024-09-25 00:00:00,SERVICIO
13395,80921,2024-09-25 00:00:00,SERVICIO
13396,8093,2024-09-25 00:00:00,SERVICIO
13397,9032,2024-09-25 00:00:00,SERVICIO
13398,9099,2024-09-25 00:00:00,SERVICIO
13399,9104,2024-09-25 00:00:00,SERVICIO
13400,91171,2024-09-25 00:00:00,SERVICIO
13401,91242,2024-09-25 00:00:00,SERVICIO
13402,1310,2024-09-25 00:00:00,SERVICIO
13403,8061,2024-09-25 00:00:00,SERVICIO
13404,9011,2024-09-25 00:00:00,SERVICIO
13405,9014,2024-09-25 00:00:00,SERVICIO
13406,9110A,2024-09-25 00:00:00,SERVICIO
13407,9113,2024-09-25 00:00:00,SERVICIO
13408,9116B,2024-09-25 00:00:00,SERVICIO
13409,91172,2024-09-25 00:00:00,SERVICIO
13410,0101,2024-09-25 00:00:00,SERVICIO
13411,0107,2024-09-25 00:00:00,SERVICIO
13412,0202,2024-09-25 00:00:00,SERVICIO
13413,0205,2024-09-25 00:00:00,SERVICIO
13414,0208A,2024-09-25 00:00:00,SERVICIO
13415,0220,2024-09-25 00:00:00,SERVICIO
13416,0270,2024-09-25 00:00:00,SERVICIO
13417,0299A,2024-09-25 00:00:00,SERVICIO
13418,0299C,2024-09-25 00:00:00,SERVICIO
13419,0342,2024-09-25 00:00:00,SERVICIO
13420,0344,2024-09-25 00:00:00,SERVICIO
13421,0354,2024-09-25 00:00:00,SERVICIO
13422,0355,2024-09-25 00:00:00,SERVICIO
13423,20,2024-09-25 00:00:00,SERVICIO
13424,2035A,2024-09-25 00:00:00,SERVICIO
13425,1132,2024-09-25 00:00:00,SERVICIO
13426,1017A,2024-09-25 00:00:00,SERVICIO
13427,9020,2024-09-25 00:00:00,SERVICIO
13428,10431,2024-09-25 00:00:00,SERVICIO
13429,0274,2024-09-25 00:00:00,SERVICIO
13430,1075,2024-09-25 00:00:00,SERVICIO
13431,1096,2024-09-25 00:00:00,SERVICIO
13432,9023,2024-09-25 00:00:00,SERVICIO
13433,1005,2024-09-25 00:00:00,SERVICIO
13434,0332,2024-09-25 00:00:00,SERVICIO
13435,80472,2024-09-25 00:00:00,SERVICIO
13436,0298,2024-09-25 00:00:00,SERVICIO
13437,2203,2024-09-25 00:00:00,SERVICIO
13438,2052,2024-09-25 00:00:00,SERVICIO
13439,2039,2024-09-25 00:00:00,SERVICIO
13440,1023,2024-09-25 00:00:00,SERVICIO
13441,1104A,2024-09-25 00:00:00,SERVICIO
13442,2062,2024-09-25 00:00:00,SERVICIO
13443,7066,2024-09-25 00:00:00,SERVICIO
13444,7007,2024-09-25 00:00:00,SERVICIO
13445,4048,2024-09-25 00:00:00,SERVICIO
13446,1109A,2024-09-25 00:00:00,SERVICIO
13447,EMB 4,2024-09-25 00:00:00,SERVICIO
13448,1168,2024-09-25 00:00:00,SERVICIO
13449,9067,2024-09-25 00:00:00,SERVICIO
13450,2220,2024-09-25 00:00:00,SERVICIO
13451,9018B,2024-09-25 00:00:00,SERVICIO
13452,89,2024-09-25 00:00:00,SERVICIO
13453,2201,2024-09-25 00:00:00,SERVICIO
13454,1066,2024-09-25 00:00:00,SERVICIO
13455,1088A,2024-09-25 00:00:00,SERVICIO
13456,2023,2024-09-25 00:00:00,SERVICIO
13457,1091,2024-09-25 00:00:00,SERVICIO
13458,BU20,2024-09-25 00:00:00,SERVICIO
13459,BU48,2024-09-25 00:00:00,SERVICIO
13460,2066,2024-09-25 00:00:00,SERVICIO
13461,0350,2024-09-25 00:00:00,SERVICIO
13462,7038,2024-09-25 00:00:00,SERVICIO
13463,31,2024-09-25 00:00:00,SERVICIO
13464,1015A,2024-09-25 00:00:00,SERVICIO
13465,406,2024-09-25 00:00:00,SERVICIO
13466,35,2024-09-25 00:00:00,SERVICIO
13467,0018,2024-09-26 00:00:00,6
13468,0101,2024-09-26 00:00:00,6
13469,0107,2024-09-26 00:00:00,6
13470,0143,2024-09-26 00:00:00,6
13471,0202,2024-09-26 00:00:00,6
13472,0205,2024-09-26 00:00:00,6
13473,0208A,2024-09-26 00:00:00,6
13474,0220,2024-09-26 00:00:00,6
13475,0270,2024-09-26 00:00:00,6
13476,0274,2024-09-26 00:00:00,6
13477,0298,2024-09-26 00:00:00,6
13478,0299A,2024-09-26 00:00:00,6
13479,0299C,2024-09-26 00:00:00,6
13480,0332,2024-09-26 00:00:00,6
13481,0342,2024-09-26 00:00:00,6
13482,0344,2024-09-26 00:00:00,6
13483,0350,2024-09-26 00:00:00,6
13484,0354,2024-09-26 00:00:00,6
13485,0355,2024-09-26 00:00:00,6
13486,0740,2024-09-26 00:00:00,6
13487,1005,2024-09-26 00:00:00,6
13488,1015A,2024-09-26 00:00:00,6
13489,1017A,2024-09-26 00:00:00,6
13490,1023,2024-09-26 00:00:00,6
13491,10431,2024-09-26 00:00:00,6
13492,1066,2024-09-26 00:00:00,6
13493,1075,2024-09-26 00:00:00,6
13494,1088A,2024-09-26 00:00:00,6
13495,1091,2024-09-26 00:00:00,6
13496,1096,2024-09-26 00:00:00,6
13497,1104A,2024-09-26 00:00:00,6
13498,1109A,2024-09-26 00:00:00,6
13499,1128,2024-09-26 00:00:00,6
13500,1132,2024-09-26 00:00:00,6
13501,1168,2024-09-26 00:00:00,6
13502,1310,2024-09-26 00:00:00,6
13503,20,2024-09-26 00:00:00,6
13504,2023,2024-09-26 00:00:00,6
13505,2035A,2024-09-26 00:00:00,6
13506,2039,2024-09-26 00:00:00,6
13507,2042,2024-09-26 00:00:00,6
13508,2052,2024-09-26 00:00:00,6
13509,2062,2024-09-26 00:00:00,6
13510,2066,2024-09-26 00:00:00,6
13511,2093A,2024-09-26 00:00:00,6
13512,2133A,2024-09-26 00:00:00,6
13513,2143,2024-09-26 00:00:00,6
13514,2146,2024-09-26 00:00:00,6
13515,2201,2024-09-26 00:00:00,6
13516,2203,2024-09-26 00:00:00,6
13517,2208A,2024-09-26 00:00:00,6
13518,2220,2024-09-26 00:00:00,6
13519,2226,2024-09-26 00:00:00,6
13520,2340,2024-09-26 00:00:00,6
13521,3021A,2024-09-26 00:00:00,6
13522,3028A,2024-09-26 00:00:00,6
13523,3093,2024-09-26 00:00:00,6
13524,31,2024-09-26 00:00:00,6
13525,31102,2024-09-26 00:00:00,6
13526,35,2024-09-26 00:00:00,6
13527,4023,2024-09-26 00:00:00,6
13528,406,2024-09-26 00:00:00,6
13529,4075,2024-09-26 00:00:00,6
13530,4076,2024-09-26 00:00:00,6
13531,4078,2024-09-26 00:00:00,6
13532,4079,2024-09-26 00:00:00,6
13533,5033,2024-09-26 00:00:00,6
13534,5090,2024-09-26 00:00:00,6
13535,5144,2024-09-26 00:00:00,6
13536,6035,2024-09-26 00:00:00,6
13537,6037,2024-09-26 00:00:00,6
13538,6070,2024-09-26 00:00:00,6
13539,7007,2024-09-26 00:00:00,6
13540,7032,2024-09-26 00:00:00,6
13541,7033,2024-09-26 00:00:00,6
13542,7038,2024-09-26 00:00:00,6
13543,7066,2024-09-26 00:00:00,6
13544,7067,2024-09-26 00:00:00,6
13545,7076,2024-09-26 00:00:00,6
13546,7083,2024-09-26 00:00:00,6
13547,7087,2024-09-26 00:00:00,6
13548,7092,2024-09-26 00:00:00,6
13549,8004,2024-09-26 00:00:00,6
13550,8028,2024-09-26 00:00:00,6
13551,8037,2024-09-26 00:00:00,6
13552,80472,2024-09-26 00:00:00,6
13553,8061,2024-09-26 00:00:00,6
13554,8066,2024-09-26 00:00:00,6
13555,8067,2024-09-26 00:00:00,6
13556,8072,2024-09-26 00:00:00,6
13557,8082,2024-09-26 00:00:00,6
13558,8089,2024-09-26 00:00:00,6
13559,80921,2024-09-26 00:00:00,6
13560,8093,2024-09-26 00:00:00,6
13561,8096,2024-09-26 00:00:00,6
13562,89,2024-09-26 00:00:00,6
13563,9007,2024-09-26 00:00:00,6
13564,9014,2024-09-26 00:00:00,6
13565,9018B,2024-09-26 00:00:00,6
13566,9020,2024-09-26 00:00:00,6
13567,9023,2024-09-26 00:00:00,6
13568,9032,2024-09-26 00:00:00,6
13569,9045,2024-09-26 00:00:00,6
13570,9067,2024-09-26 00:00:00,6
13571,9099,2024-09-26 00:00:00,6
13572,9100,2024-09-26 00:00:00,6
13573,9104,2024-09-26 00:00:00,6
13574,9110A,2024-09-26 00:00:00,6
13575,9113,2024-09-26 00:00:00,6
13576,91171,2024-09-26 00:00:00,6
13577,91172,2024-09-26 00:00:00,6
13578,91242,2024-09-26 00:00:00,6
13579,9904,2024-09-26 00:00:00,6
13580,BU20,2024-09-26 00:00:00,6
13581,BU48,2024-09-26 00:00:00,6
13582,EMB 3,2024-09-26 00:00:00,6
13583,EMB 4,2024-09-26 00:00:00,6
13584,SNA,2024-09-26 00:00:00,6
13585,0320,2024-09-26 00:00:00,6
13586,2034,2024-09-26 00:00:00,6
13587,8011,2024-09-26 00:00:00,6
13588,20337,2024-09-19 00:00:00,MUERTO
13589,23194,2024-09-20 00:00:00,MUERTO
13590,BU368,2024-09-23 00:00:00,C4
13591,0271,2024-09-28 00:00:00,6
13592,4048,2024-09-28 00:00:00,3
13593,9116B,2024-09-28 00:00:00,3
13594,9389,2024-09-28 00:00:00,6
13595,1112,2024-09-28 00:00:00,CACH
13596,8036,2024-09-28 00:00:00,6
13597,4095,2024-09-28 00:00:00,6
13598,24004,2024-09-28 00:00:00,4
13599,23227,2024-09-28 00:00:00,4
13600,23232,2024-09-28 00:00:00,4
13601,24005,2024-09-28 00:00:00,4
13602,23225,2024-09-28 00:00:00,4
13603,24002,2024-09-28 00:00:00,4
13604,23224,2024-09-28 00:00:00,4
13605,23201,2024-09-28 00:00:00,4
13606,23220,2024-09-28 00:00:00,4
13607,23215,2024-09-28 00:00:00,4
13608,23203,2024-09-28 00:00:00,4
13609,23204,2024-09-28 00:00:00,4
13610,23166,2024-09-28 00:00:00,4
13611,23094,2024-09-28 00:00:00,4
13612,23251,2024-09-28 00:00:00,4
13613,9128B,2024-09-28 00:00:00,6
13614,5041,2024-09-28 00:00:00,4
13615,9036,2024-09-28 00:00:00,CACH
13616,23033,2024-09-28 00:00:00,4
13617,23125,2024-09-28 00:00:00,4
13618,24003,2024-09-28 00:00:00,4
13619,23230,2024-09-28 00:00:00,4
13620,24021,2024-09-28 00:00:00,4
13621,23139,2024-09-28 00:00:00,4
13622,23221,2024-09-28 00:00:00,CACH
13623,23249,2024-09-28 00:00:00,4
13624,23148,2024-09-28 00:00:00,4
13625,23238,2024-09-28 00:00:00,4
13626,24016,2024-09-28 00:00:00,4
13627,23154,2024-09-28 00:00:00,CACH
13628,23140,2024-09-28 00:00:00,4
13629,1188,2024-09-28 00:00:00,6
13630,9073,2024-09-28 00:00:00,6
13631,6008,2024-09-28 00:00:00,2
13632,24024,2024-09-28 00:00:00,CACH
13633,24062,2024-09-28 00:00:00,VAQ
13634,2022,2024-09-28 00:00:00,CACH
13635,24206,2024-09-28 00:00:00,2
13636,5629,2024-09-28 00:00:00,CACH
13637,24011,2024-09-28 00:00:00,VAQ
13638,24027,2024-09-28 00:00:00,VAQ
13639,24031,2024-09-28 00:00:00,VAQ
13640,24068,2024-09-28 00:00:00,VAQ
13641,24081,2024-09-28 00:00:00,VAQ
13642,6042,2024-09-30 00:00:00,6
13643,2217,2024-09-30 00:00:00,3
13644,24163,2024-09-30 00:00:00,CACH
13645,9040,2024-09-30 00:00:00,1A
13646,24232,2024-09-30 00:00:00,VAQ
13647,9040,2024-10-01 00:00:00,10A
13648,5033,2024-10-01 00:00:00,Mater
13649,31102,2024-10-01 00:00:00,Mater
13650,2143,2024-10-01 00:00:00,Mater
13651,7067,2024-10-01 00:00:00,Mater
13652,91172,2024-10-01 00:00:00,Mater
13653,6070,2024-10-01 00:00:00,Mater
13654,7087,2024-10-01 00:00:00,Mater
13655,80472,2024-10-01 00:00:00,Mater
13656,89,2024-10-01 00:00:00,Mater
13657,BU369,2024-09-29 00:00:00,C4
13658,23013,2024-10-03 00:00:00,paradero
13659,2083,2024-10-04 00:00:00,VAQ
13660,3024A,2024-10-04 00:00:00,VAQ
13661,24233,2024-10-04 00:00:00,VAQ
13662,24234,2024-10-04 00:00:00,VAQ
13663,4087,2024-10-06 00:00:00,1A
13664,89,2024-10-06 00:00:00,1A
13665,24235,2024-10-06 00:00:00,VAQ
13666,24236,2024-10-06 00:00:00,VAQ
13667,emb 4,2024-10-05 00:00:00,MUERTO
13668,9904,2024-10-05 00:00:00,MUERTO
13669,23040,2024-10-06 00:00:00,MUERTO
13670,23041,2024-10-06 00:00:00,MUERTO
13671,1051,2024-10-06 00:00:00,MUERTO
13672,1029,2024-10-07 00:00:00,MUERTO
13673,1205,2024-10-07 00:00:00,MUERTO
13674,0221A,2024-10-07 00:00:00,MUERTO
13675,1186,2024-10-07 00:00:00,MUERTO
13676,0231B,2024-10-07 00:00:00,MUERTO
13677,BU370,2024-10-07 00:00:00,C4
13679,1039,2024-10-07 00:00:00,MUERTO
13680,5144,2024-10-09 00:00:00,VAQ
13681,24237,2024-10-09 00:00:00,VAQ
13682,9036,2024-10-09 00:00:00,MG
13683,9073,2024-10-09 00:00:00,2
13684,7004,2024-10-09 00:00:00,MG
13685,8003,2024-10-09 00:00:00,MG
13686,2079,2024-10-09 00:00:00,MG
13687,24024,2024-10-09 00:00:00,MG
13688,2022,2024-10-09 00:00:00,5
13689,2196A,2024-10-06 00:00:00,MAR1
13690,3003A,2024-10-06 00:00:00,MAR1
13691,7028,2024-10-06 00:00:00,MAR1
13692,2124A,2024-10-06 00:00:00,MAR1
13693,2148A,2024-10-06 00:00:00,MAR1
13694,3107,2024-10-06 00:00:00,MAR1
13695,3026A,2024-10-06 00:00:00,MAR1
13696,2234,2024-10-06 00:00:00,MAR1
13697,2050,2024-10-06 00:00:00,MAR1
13698,4101,2024-10-06 00:00:00,MAR1
13699,3750,2024-10-06 00:00:00,MAR1
13700,2047,2024-10-06 00:00:00,MAR1
13701,4087,2024-10-06 00:00:00,MAR1
13702,4151,2024-10-06 00:00:00,MAR1
13703,2094A,2024-10-06 00:00:00,MAR1
13704,4055,2024-10-06 00:00:00,MAR1
13705,2063A,2024-10-06 00:00:00,MAR1
13706,1015,2024-10-06 00:00:00,MAR1
13707,2149A,2024-10-06 00:00:00,MAR1
13708,5679,2024-10-06 00:00:00,MAR1
13709,4018,2024-10-06 00:00:00,MAR1
13710,50741,2024-10-06 00:00:00,MAR1
13711,3066B,2024-10-06 00:00:00,MAR1
13712,6021,2024-10-06 00:00:00,MAR1
13713,0500,2024-10-06 00:00:00,MAR1
13714,2073,2024-10-06 00:00:00,MAR1
13715,3043,2024-10-06 00:00:00,MAR1
13716,3119,2024-10-06 00:00:00,MAR1
13717,10391,2024-10-06 00:00:00,MAR1
13718,1091A,2024-10-06 00:00:00,MAR1
13719,2072,2024-10-06 00:00:00,MAR1
13720,4066,2024-10-06 00:00:00,MAR1
13721,4172,2024-10-06 00:00:00,MAR1
13722,5052,2024-10-06 00:00:00,MAR1
13723,5077,2024-10-06 00:00:00,MAR1
13724,7012,2024-10-06 00:00:00,MAR1
13725,7059,2024-10-06 00:00:00,MAR1
13726,7074,2024-10-06 00:00:00,MAR1
13727,8046,2024-10-06 00:00:00,MAR1
13728,2090A,2024-10-06 00:00:00,MAR1
13729,4035,2024-10-06 00:00:00,MAR1
13730,1095A,2024-10-06 00:00:00,MAR1
13731,30212,2024-10-06 00:00:00,MAR1
13732,5030,2024-10-06 00:00:00,MAR1
13733,5146,2024-10-06 00:00:00,MAR1
13734,8010,2024-10-06 00:00:00,MAR1
13735,80121,2024-10-06 00:00:00,MAR1
13736,8030,2024-10-06 00:00:00,MAR1
13737,8033,2024-10-06 00:00:00,MAR1
13738,8043,2024-10-06 00:00:00,MAR1
13739,8045,2024-10-06 00:00:00,MAR1
13740,8048,2024-10-06 00:00:00,MAR1
13741,8054,2024-10-06 00:00:00,MAR1
13742,8079,2024-10-06 00:00:00,MAR1
13743,8086,2024-10-06 00:00:00,MAR1
13744,8087,2024-10-06 00:00:00,MAR1
13745,809,2024-10-06 00:00:00,MAR1
13746,9051,2024-10-06 00:00:00,MAR1
13747,9058,2024-10-06 00:00:00,MAR1
13748,9024,2024-10-06 00:00:00,MAR1
13749,9053,2024-10-06 00:00:00,MAR1
13750,9076,2024-10-06 00:00:00,MAR1
13751,9103,2024-10-06 00:00:00,MAR1
13752,91262,2024-10-06 00:00:00,MAR1
13753,9126A,2024-10-06 00:00:00,MAR1
13754,0201,2024-10-06 00:00:00,MAR1
13755,0226,2024-10-06 00:00:00,MAR1
13756,0241,2024-10-06 00:00:00,MAR1
13757,0249,2024-10-06 00:00:00,MAR1
13758,0259,2024-10-06 00:00:00,MAR1
13759,0267,2024-10-06 00:00:00,MAR1
13760,0298A,2024-10-06 00:00:00,MAR1
13761,0323,2024-10-06 00:00:00,MAR1
13762,0336,2024-10-06 00:00:00,MAR1
13763,0353,2024-10-06 00:00:00,MAR1
13764,2040,2024-10-06 00:00:00,MAR1
13765,1004,2024-10-06 00:00:00,MAR1
13766,2080,2024-10-06 00:00:00,MAR1
13767,5079,2024-10-06 00:00:00,MAR1
13768,4072,2024-10-06 00:00:00,MAR1
13769,2180A,2024-10-06 00:00:00,MAR1
13770,80882,2024-10-06 00:00:00,MAR1
13771,8017,2024-10-06 00:00:00,MAR1
13772,89,2024-10-06 00:00:00,MAR1
13773,7017,2024-10-06 00:00:00,MAR1
13774,5529,2024-10-06 00:00:00,MAR1
13775,5638,2024-10-06 00:00:00,MAR1
13776,34,2024-10-06 00:00:00,MAR1
13777,8019,2024-10-06 00:00:00,MAR1
13778,4043,2024-10-06 00:00:00,MAR1
13779,2196A,2024-10-09 00:00:00,10A
13780,3003A,2024-10-09 00:00:00,10A
13781,7028,2024-10-09 00:00:00,10A
13782,2124A,2024-10-09 00:00:00,10A
13783,2148A,2024-10-09 00:00:00,10A
13784,3107,2024-10-09 00:00:00,10A
13785,3026A,2024-10-09 00:00:00,10A
13786,2234,2024-10-09 00:00:00,10A
13787,2050,2024-10-09 00:00:00,10A
13788,4101,2024-10-09 00:00:00,10A
13789,3750,2024-10-09 00:00:00,10A
13790,2047,2024-10-09 00:00:00,10A
13791,4087,2024-10-09 00:00:00,10A
13792,4151,2024-10-09 00:00:00,10A
13793,2094A,2024-10-09 00:00:00,10A
13794,4055,2024-10-09 00:00:00,10A
13795,2063A,2024-10-09 00:00:00,10A
13796,1015,2024-10-09 00:00:00,10A
13797,2149A,2024-10-09 00:00:00,10A
13798,5679,2024-10-09 00:00:00,10A
13799,4018,2024-10-09 00:00:00,10A
13800,50741,2024-10-09 00:00:00,10A
13801,3066B,2024-10-09 00:00:00,10A
13802,6021,2024-10-09 00:00:00,10A
13803,0500,2024-10-09 00:00:00,10A
13804,2073,2024-10-09 00:00:00,10A
13805,3043,2024-10-09 00:00:00,10A
13806,3119,2024-10-09 00:00:00,10A
13807,10391,2024-10-09 00:00:00,10A
13808,1091A,2024-10-09 00:00:00,10A
13809,2072,2024-10-09 00:00:00,10A
13810,4066,2024-10-09 00:00:00,10A
13811,4172,2024-10-09 00:00:00,10A
13812,5052,2024-10-09 00:00:00,10A
13813,5077,2024-10-09 00:00:00,10A
13814,7012,2024-10-09 00:00:00,10A
13815,7059,2024-10-09 00:00:00,10A
13816,7074,2024-10-09 00:00:00,10A
13817,8046,2024-10-09 00:00:00,10A
13818,2090A,2024-10-09 00:00:00,10A
13819,4035,2024-10-09 00:00:00,10A
13820,1095A,2024-10-09 00:00:00,10A
13821,30212,2024-10-09 00:00:00,10A
13822,5030,2024-10-09 00:00:00,10A
13823,5146,2024-10-09 00:00:00,10A
13824,8010,2024-10-09 00:00:00,10A
13825,80121,2024-10-09 00:00:00,10A
13826,8030,2024-10-09 00:00:00,10A
13827,8033,2024-10-09 00:00:00,10A
13828,8043,2024-10-09 00:00:00,10A
13829,8045,2024-10-09 00:00:00,10A
13830,8048,2024-10-09 00:00:00,10A
13831,8054,2024-10-09 00:00:00,10A
13832,8079,2024-10-09 00:00:00,10A
13833,8086,2024-10-09 00:00:00,10A
13834,8087,2024-10-09 00:00:00,10A
13835,809,2024-10-09 00:00:00,10A
13836,9051,2024-10-09 00:00:00,10A
13837,9058,2024-10-09 00:00:00,10A
13838,9024,2024-10-09 00:00:00,10A
13839,9053,2024-10-09 00:00:00,10A
13840,9076,2024-10-09 00:00:00,10A
13841,9103,2024-10-09 00:00:00,10A
13842,91262,2024-10-09 00:00:00,10A
13843,9126A,2024-10-09 00:00:00,10A
13844,0201,2024-10-09 00:00:00,10A
13845,0226,2024-10-09 00:00:00,10A
13846,0241,2024-10-09 00:00:00,10A
13847,0249,2024-10-09 00:00:00,10A
13848,0259,2024-10-09 00:00:00,10A
13849,0267,2024-10-09 00:00:00,10A
13850,0298A,2024-10-09 00:00:00,10A
13851,0323,2024-10-09 00:00:00,10A
13852,0336,2024-10-09 00:00:00,10A
13853,0353,2024-10-09 00:00:00,10A
13854,2040,2024-10-09 00:00:00,10A
13855,1004,2024-10-09 00:00:00,10A
13856,2080,2024-10-09 00:00:00,10A
13857,5079,2024-10-09 00:00:00,10A
13858,4072,2024-10-09 00:00:00,10A
13859,2180A,2024-10-09 00:00:00,10A
13860,80882,2024-10-09 00:00:00,10A
13861,8017,2024-10-09 00:00:00,10A
13862,89,2024-10-09 00:00:00,10A
13863,7017,2024-10-09 00:00:00,10A
13864,5529,2024-10-09 00:00:00,10A
13865,5638,2024-10-09 00:00:00,10A
13866,34,2024-10-09 00:00:00,10A
13867,8019,2024-10-09 00:00:00,10A
13868,4043,2024-10-09 00:00:00,10A
13869,24199,2024-10-08 00:00:00,MUERTO
13870,9047,2024-10-08 00:00:00,VAQ
13871,24238,2024-10-08 00:00:00,VAQ
13872,23013,2024-10-09 00:00:00,MUERTO
13873,23221,2024-10-09 00:00:00,MUERTO
13874,6070,2024-10-10 00:00:00,VAQ
13875,24239,2024-10-10 00:00:00,VAQ
13876,4043,2024-10-10 00:00:00,2
13877,24225,2024-10-10 00:00:00,4
13878,8010,2024-10-10 00:00:00,2
13879,24223,2024-10-10 00:00:00,2
13880,4172,2024-10-10 00:00:00,2
13881,24224,2024-10-10 00:00:00,2
13882,10391,2024-10-10 00:00:00,2
13883,24228,2024-10-10 00:00:00,4
13884,50741,2024-10-10 00:00:00,2
13885,24231,2024-10-10 00:00:00,2
13886,4066,2024-10-10 00:00:00,2
13887,24217,2024-10-10 00:00:00,2
13888,9126A,2024-10-10 00:00:00,2
13889,24210,2024-10-10 00:00:00,2
13890,4008,2024-10-10 00:00:00,MG
13891,8005,2024-10-11 00:00:00,VAQ
13892,24240,2024-10-11 00:00:00,VAQ
13893,0132,2024-10-15 00:00:00,6
13894,2096,2024-10-15 00:00:00,6
13895,8076,2024-10-15 00:00:00,6
13896,91262,2024-10-15 00:00:00,6
13897,0272,2024-10-15 00:00:00,6
13898,0338,2024-10-15 00:00:00,6
13899,8063,2024-10-15 00:00:00,6
13900,4025,2024-10-14 00:00:00,10A
13901,6070,2024-10-14 00:00:00,10A
13902,9047,2024-10-14 00:00:00,10A
13903,8005,2024-10-14 00:00:00,10A
13904,24239,2024-10-14 00:00:00,CACH
13905,24238,2024-10-14 00:00:00,CACH
13906,24240,2024-10-14 00:00:00,CACH
13907,BU371,2024-10-10 00:00:00,C4
13908,BU372,2024-10-12 00:00:00,C4
13909,24241,2024-10-15 00:00:00,MUERTO
13910,24242,2024-10-15 00:00:00,VAQ
13911,24243,2024-10-16 00:00:00,VAQ
13912,0143,2024-10-15 00:00:00,10A
13913,60286,2024-10-16 00:00:00,10A
13914,EMB 1,2024-10-16 00:00:00,MUERTO
13915,24236,2024-10-17 00:00:00,MUERTO
13916,BU373,2024-10-16 00:00:00,C4
13917,6021,2024-10-16 00:00:00,3
13918,8030,2024-10-16 00:00:00,3
13919,2021,2024-10-16 00:00:00,6
13920,4025,2024-10-16 00:00:00,6
13921,2079,2024-10-16 00:00:00,6
13922,4035,2024-10-16 00:00:00,6
13923,9058,2024-10-16 00:00:00,6
13924,0229,2024-10-16 00:00:00,6
13925,5033,2024-10-17 00:00:00,10A
13926,24244,2024-10-17 00:00:00,VAQ
13927,BU364,2024-09-26 00:00:00,MUERTO
13928,0219,2024-10-18 00:00:00,9
13929,1180,2024-10-18 00:00:00,9
13930,1148,2024-10-18 00:00:00,9
13931,BU374,2024-10-18 00:00:00,C4
13932,24175,2024-07-07 00:00:00,MUERTO
13933,24192,2024-06-20 00:00:00,MUERTO
13934,9128A,2024-10-20 00:00:00,6
13935,20334,2024-10-20 00:00:00,6
13936,2171,2024-10-20 00:00:00,6
13937,5150,2024-10-20 00:00:00,6
13938,3132,2024-10-20 00:00:00,6
13939,0223B,2024-10-22 00:00:00,MUERTO
13940,0004,2024-10-22 00:00:00,MUERTO
13941,24225,2024-10-19 00:00:00,MUERTO
13942,24208,2024-10-22 00:00:00,MUERTO
13943,24228,2024-10-19 00:00:00,MUERTO
13944,1142,2024-10-22 00:00:00,MUERTO
13945,2219,2024-10-22 00:00:00,4
13946,50741,2024-10-22 00:00:00,4
13947,EMB 2,2024-10-22 00:00:00,4
13948,2019,2024-10-22 00:00:00,4
13949,10391,2024-10-22 00:00:00,4
13950,1056A,2024-10-22 00:00:00,4
13951,1077A,2024-10-22 00:00:00,4
13952,1090A,2024-10-22 00:00:00,4
13953,3178,2024-10-22 00:00:00,4
13954,4033,2024-10-22 00:00:00,4
13955,4066,2024-10-22 00:00:00,4
13956,4099,2024-10-22 00:00:00,4
13957,4100,2024-10-22 00:00:00,4
13958,4109,2024-10-22 00:00:00,4
13959,4141,2024-10-22 00:00:00,4
13960,4172,2024-10-22 00:00:00,4
13961,50501,2024-10-22 00:00:00,4
13962,5082,2024-10-22 00:00:00,4
13963,5092,2024-10-22 00:00:00,4
13964,6008,2024-10-22 00:00:00,4
13965,6031,2024-10-22 00:00:00,4
13966,7080,2024-10-22 00:00:00,4
13967,9046,2024-10-22 00:00:00,4
13968,9238,2024-10-22 00:00:00,4
13969,8014,2024-10-22 00:00:00,4
13970,4A,2024-10-22 00:00:00,4
13971,3027A,2024-10-22 00:00:00,4
13972,6020,2024-10-22 00:00:00,4
13973,9219,2024-10-22 00:00:00,4
13974,12164,2024-10-22 00:00:00,4
13975,4065,2024-10-22 00:00:00,4
13976,5098,2024-10-22 00:00:00,4
13977,6050,2024-10-22 00:00:00,4
13978,7072,2024-10-22 00:00:00,4
13979,8010,2024-10-22 00:00:00,4
13980,8026,2024-10-22 00:00:00,4
13981,8041,2024-10-22 00:00:00,4
13982,8060,2024-10-22 00:00:00,4
13983,80841,2024-10-22 00:00:00,4
13984,9035,2024-10-22 00:00:00,4
13985,91091,2024-10-22 00:00:00,4
13986,0225,2024-10-22 00:00:00,4
13987,0343,2024-10-22 00:00:00,4
13988,33,2024-10-22 00:00:00,4
13989,19,2024-10-22 00:00:00,4
13990,1123,2024-10-22 00:00:00,4
13991,8085,2024-10-22 00:00:00,4
13992,9016,2024-10-22 00:00:00,4
13993,9073,2024-10-22 00:00:00,6
13994,9121,2024-10-22 00:00:00,4
13995,9122,2024-10-22 00:00:00,4
13996,9126A,2024-10-22 00:00:00,4
13997,0108,2024-10-22 00:00:00,4
13998,0114,2024-10-22 00:00:00,4
13999,0125,2024-10-22 00:00:00,4
14000,0206A,2024-10-22 00:00:00,4
14001,0206B,2024-10-22 00:00:00,4
14002,0211,2024-10-22 00:00:00,4
14003,0224,2024-10-22 00:00:00,4
14004,02331,2024-10-22 00:00:00,4
14005,0233,2024-10-22 00:00:00,4
14006,0240,2024-10-22 00:00:00,4
14007,0246,2024-10-22 00:00:00,4
14008,0258,2024-10-22 00:00:00,4
14009,0269,2024-10-22 00:00:00,4
14010,0291,2024-10-22 00:00:00,4
14011,0297,2024-10-22 00:00:00,4
14012,0321,2024-10-22 00:00:00,4
14013,0326,2024-10-22 00:00:00,4
14014,0327,2024-10-22 00:00:00,4
14015,0349,2024-10-22 00:00:00,4
14016,0352,2024-10-22 00:00:00,4
14017,2018,2024-10-22 00:00:00,4
14018,1109B,2024-10-22 00:00:00,4
14019,1052A,2024-10-22 00:00:00,4
14020,2007,2024-10-22 00:00:00,4
14021,1063,2024-10-22 00:00:00,4
14022,2037,2024-10-22 00:00:00,4
14023,2087,2024-10-22 00:00:00,4
14024,2702,2024-10-22 00:00:00,4
14025,2024,2024-10-22 00:00:00,4
14026,1103,2024-10-22 00:00:00,4
14027,2097,2024-10-22 00:00:00,4
14028,05,2024-10-22 00:00:00,4
14029,3108,2024-10-22 00:00:00,4
14030,1139A,2024-10-22 00:00:00,4
14031,2060,2024-10-22 00:00:00,4
14032,2065,2024-10-22 00:00:00,4
14033,8006,2024-10-22 00:00:00,4
14034,1098,2024-10-22 00:00:00,4
14035,4043,2024-10-22 00:00:00,4
14036,23223,2024-10-22 00:00:00,4
14037,24006,2024-10-22 00:00:00,4
14038,24025,2024-10-22 00:00:00,4
14039,24044,2024-10-22 00:00:00,4
14040,24047,2024-10-22 00:00:00,4
14041,24049,2024-10-22 00:00:00,4
14042,24063,2024-10-22 00:00:00,4
14043,24065,2024-10-22 00:00:00,4
14044,24066,2024-10-22 00:00:00,4
14045,24067,2024-10-22 00:00:00,4
14046,24071,2024-10-22 00:00:00,4
14047,24075,2024-10-22 00:00:00,4
14048,24076,2024-10-22 00:00:00,4
14049,24077,2024-10-22 00:00:00,4
14050,24079,2024-10-22 00:00:00,4
14051,24082,2024-10-22 00:00:00,4
14052,24085,2024-10-22 00:00:00,4
14053,24087,2024-10-22 00:00:00,4
14054,24089,2024-10-22 00:00:00,4
14055,24090,2024-10-22 00:00:00,4
14056,24091,2024-10-22 00:00:00,4
14057,24092,2024-10-22 00:00:00,4
14059,24096,2024-10-22 00:00:00,4
14060,24097,2024-10-22 00:00:00,4
14061,24098,2024-10-22 00:00:00,4
14062,24101,2024-10-22 00:00:00,4
14063,24105,2024-10-22 00:00:00,4
14064,24110,2024-10-22 00:00:00,4
14065,24111,2024-10-22 00:00:00,4
14066,24116,2024-10-22 00:00:00,4
14067,24119,2024-10-22 00:00:00,4
14068,24120,2024-10-22 00:00:00,4
14069,24123,2024-10-22 00:00:00,4
14070,24124,2024-10-22 00:00:00,4
14071,24125,2024-10-22 00:00:00,4
14072,24132,2024-10-22 00:00:00,4
14073,24136,2024-10-22 00:00:00,4
14074,24141,2024-10-22 00:00:00,4
14075,24145,2024-10-22 00:00:00,4
14076,24152,2024-10-22 00:00:00,4
14077,24153,2024-10-22 00:00:00,4
14078,24154,2024-10-22 00:00:00,4
14079,24157,2024-10-22 00:00:00,4
14080,24160,2024-10-22 00:00:00,4
14081,24164,2024-10-22 00:00:00,4
14082,24169,2024-10-22 00:00:00,4
14083,24181,2024-10-22 00:00:00,4
14084,24182,2024-10-22 00:00:00,4
14085,24190,2024-10-22 00:00:00,4
14086,24198,2024-10-22 00:00:00,4
14087,24203,2024-10-22 00:00:00,4
14088,24205,2024-10-22 00:00:00,4
14089,24206,2024-10-22 00:00:00,4
14090,24210,2024-10-22 00:00:00,4
14091,24217,2024-10-22 00:00:00,4
14092,24223,2024-10-22 00:00:00,4
14093,24224,2024-10-22 00:00:00,4
14094,24231,2024-10-22 00:00:00,4
14095,5010,2024-10-22 00:00:00,2
14096,S/NB,2024-10-22 00:00:00,2
14097,22149,2024-10-22 00:00:00,2
14098,22126,2024-10-22 00:00:00,2
14099,2048,2024-10-22 00:00:00,2
14100,2153,2024-10-22 00:00:00,2
14101,S/NC,2024-10-22 00:00:00,2
14102,2025A,2024-10-22 00:00:00,2
14103,22135,2024-10-22 00:00:00,2
14104,2,2024-10-22 00:00:00,2
14105,2051,2024-10-22 00:00:00,2
14106,3015,2024-10-22 00:00:00,2
14107,3038A,2024-10-22 00:00:00,2
14108,40072,2024-10-22 00:00:00,2
14109,5035,2024-10-22 00:00:00,2
14110,5041,2024-10-22 00:00:00,2
14111,8051,2024-10-22 00:00:00,2
14112,8338,2024-10-22 00:00:00,2
14113,5013,2024-10-22 00:00:00,2
14114,S/NH,2024-10-22 00:00:00,2
14115,3044A,2024-10-22 00:00:00,2
14116,7021,2024-10-22 00:00:00,2
14117,5027,2024-10-22 00:00:00,2
14118,5043,2024-10-22 00:00:00,2
14119,5111,2024-10-22 00:00:00,2
14120,6017,2024-10-22 00:00:00,2
14121,7049,2024-10-22 00:00:00,2
14122,7052,2024-10-22 00:00:00,2
14123,8007,2024-10-22 00:00:00,2
14124,8016,2024-10-22 00:00:00,2
14125,8020,2024-10-22 00:00:00,2
14126,8032,2024-10-22 00:00:00,2
14127,8040,2024-10-22 00:00:00,2
14128,8073,2024-10-22 00:00:00,2
14129,9136,2024-10-22 00:00:00,2
14130,9042,2024-10-22 00:00:00,2
14131,9064,2024-10-22 00:00:00,2
14132,0102,2024-10-22 00:00:00,2
14133,0215A,2024-10-22 00:00:00,2
14134,0252,2024-10-22 00:00:00,2
14135,0348,2024-10-22 00:00:00,2
14136,2063B,2024-10-22 00:00:00,2
14137,9118,2024-10-22 00:00:00,2
14138,4143,2024-10-22 00:00:00,2
14139,2150,2024-10-22 00:00:00,2
14140,22195,2024-10-22 00:00:00,2
14141,2109,2024-10-22 00:00:00,2
14142,2111,2024-10-22 00:00:00,2
14143,2103,2024-10-22 00:00:00,2
14144,2108,2024-10-22 00:00:00,2
14145,2093,2024-10-22 00:00:00,2
14146,2200,2024-10-22 00:00:00,2
14147,2030,2024-10-22 00:00:00,2
14148,2036,2024-10-22 00:00:00,2
14149,8039,2024-10-22 00:00:00,2
14150,0340A,2024-10-22 00:00:00,2
14151,30,2024-10-22 00:00:00,2
14152,8057,2024-10-22 00:00:00,2
14153,8015,2024-10-22 00:00:00,2
14154,32,2024-10-22 00:00:00,2
14155,2013,2024-10-22 00:00:00,2
14156,22049,2024-10-22 00:00:00,2
14157,9,2024-10-22 00:00:00,2
14158,23031,2024-10-22 00:00:00,2
14159,23033,2024-10-22 00:00:00,2
14160,22172,2024-10-22 00:00:00,2
14161,23094,2024-10-22 00:00:00,2
14162,23125,2024-10-22 00:00:00,2
14163,23139,2024-10-22 00:00:00,2
14164,23140,2024-10-22 00:00:00,2
14165,23148,2024-10-22 00:00:00,2
14166,23166,2024-10-22 00:00:00,2
14167,23201,2024-10-22 00:00:00,2
14168,23203,2024-10-22 00:00:00,2
14169,23204,2024-10-22 00:00:00,2
14170,23215,2024-10-22 00:00:00,2
14171,23220,2024-10-22 00:00:00,2
14172,23224,2024-10-22 00:00:00,2
14173,23225,2024-10-22 00:00:00,2
14174,23227,2024-10-22 00:00:00,2
14175,23230,2024-10-22 00:00:00,2
14176,23232,2024-10-22 00:00:00,2
14177,23238,2024-10-22 00:00:00,2
14178,23249,2024-10-22 00:00:00,2
14179,23251,2024-10-22 00:00:00,2
14180,24002,2024-10-22 00:00:00,2
14181,24003,2024-10-22 00:00:00,2
14182,24004,2024-10-22 00:00:00,2
14183,24005,2024-10-22 00:00:00,2
14184,24016,2024-10-22 00:00:00,2
14185,24021,2024-10-22 00:00:00,2
14186,8082,2024-10-15 00:00:00,Mater
14187,8004,2024-10-15 00:00:00,Mater
14188,7066,2024-10-15 00:00:00,Mater
14189,8089,2024-10-15 00:00:00,Mater
14190,8093,2024-10-15 00:00:00,Mater
14191,8061,2024-10-15 00:00:00,Mater
14192,4075,2024-10-15 00:00:00,Mater
14193,91171,2024-10-15 00:00:00,Mater
14194,9007,2024-10-15 00:00:00,Mater
14195,80921,2024-10-15 00:00:00,MG
14196,0101,2024-10-15 00:00:00,Mater
14197,0270,2024-10-15 00:00:00,Mater
14198,3024A,2024-10-28 00:00:00,10A
14199,3043,2024-10-28 00:00:00,3
14200,5030,2024-10-28 00:00:00,3
14201,1112A,2024-10-28 00:00:00,6
14202,89,2024-10-19 00:00:00,3
14203,BU352,2024-10-30 00:00:00,MUERTO
14277,0225,2024-11-01 00:00:00,PARADERO
14278,1098,2024-11-01 00:00:00,PARADERO
14279,2702,2024-11-01 00:00:00,PARADERO
14285,24017,2024-11-02 00:00:00,MUERTO
14286,BU375,2024-10-31 00:00:00,C4
14301,22195,2024-10-30 00:00:00,PARADERO
14318,0108,2024-11-01 00:00:00,PARADERO
14327,0102,2024-10-31 00:00:00,PARADERO
14328,0215A,2024-10-31 00:00:00,PARADERO
14329,0252,2024-10-31 00:00:00,4
14330,0340A,2024-10-31 00:00:00,PARADERO
14331,0348,2024-10-31 00:00:00,PARADERO
14332,2030,2024-10-31 00:00:00,4
14333,2036,2024-10-31 00:00:00,PARADERO
14334,2048,2024-10-31 00:00:00,6
14335,2063B,2024-10-31 00:00:00,6
14336,2103,2024-10-31 00:00:00,6
14337,2108,2024-10-31 00:00:00,4
14338,2109,2024-10-31 00:00:00,4
14339,2111,2024-10-31 00:00:00,6
14340,22172,2024-10-31 00:00:00,6
14341,30,2024-10-31 00:00:00,PARADERO
14342,3015,2024-10-31 00:00:00,6
14343,3044A,2024-10-31 00:00:00,6
14344,40072,2024-10-31 00:00:00,6
14345,7052,2024-10-31 00:00:00,PARADERO
14346,8039,2024-10-31 00:00:00,PARADERO
14347,8051,2024-10-31 00:00:00,6
14348,9,2024-10-31 00:00:00,6
14349,9118,2024-10-31 00:00:00,PARADERO
14350,10391,2024-10-31 00:00:00,2
14351,4043,2024-10-31 00:00:00,2
14352,4066,2024-10-31 00:00:00,2
14353,4172,2024-10-31 00:00:00,2
14354,50741,2024-10-31 00:00:00,2
14355,8010,2024-10-31 00:00:00,2
14356,9126A,2024-10-31 00:00:00,2
14357,0108,2024-11-01 00:00:00,PARADERO
14358,0225,2024-11-01 00:00:00,PARADERO
14359,1098,2024-11-01 00:00:00,PARADERO
14360,2702,2024-11-01 00:00:00,PARADERO
14361,9128A,2024-10-31 00:00:00,PARADERO
14362,406,2024-10-31 00:00:00,2
14363,8063,2024-10-31 00:00:00,2
14364,3093,2024-10-31 00:00:00,2
14365,31,2024-10-31 00:00:00,PARADERO
14366,7052,2024-11-04 00:00:00,NINGUNO
14367,0225,2024-11-04 00:00:00,NINGUNO
14368,9128A,2024-11-04 00:00:00,NINGUNO
14369,0102,2024-11-04 00:00:00,NINGUNO
14370,0108,2024-11-04 00:00:00,NINGUNO
14371,0215A,2024-11-04 00:00:00,NINGUNO
14372,9118,2024-11-04 00:00:00,NINGUNO
14373,2702,2024-11-04 00:00:00,NINGUNO
14374,8039,2024-11-04 00:00:00,NINGUNO
14375,0340A,2024-11-04 00:00:00,NINGUNO
14376,1098,2024-11-04 00:00:00,NINGUNO
14377,9238,2024-11-04 00:00:00,MUERTO
14378,24223,2024-11-05 00:00:00,MUERTO
14379,8073,2024-11-05 00:00:00,MUERTO
14380,24019,2024-11-06 00:00:00,CACH
14381,24062,2024-11-06 00:00:00,CACH
14382,24008,2024-11-06 00:00:00,CACH
14384,s/nc,2024-11-08 00:00:00,MG
14385,9042,2024-11-08 00:00:00,MG
14386,5111,2024-11-08 00:00:00,MG
14387,2013,2024-11-08 00:00:00,MG
14388,9136,2024-11-08 00:00:00,MG
14389,8020,2024-11-08 00:00:00,MG
14390,23241,2024-11-08 00:00:00,2
14391,s/nh,2024-11-08 00:00:00,MG
14392,8016,2024-11-08 00:00:00,MG
14393,89,2024-11-08 00:00:00,MG
14394,3044A,2024-11-08 00:00:00,MG
14395,2,2024-11-08 00:00:00,MG
14396,S/NB,2024-11-08 00:00:00,MG
14397,8007,2024-11-08 00:00:00,MG
14398,8013,2024-11-08 00:00:00,MG
14399,4143,2024-11-08 00:00:00,MG
14400,6017,2024-11-08 00:00:00,MG
14401,5035,2024-11-08 00:00:00,MG
14402,8032,2024-11-08 00:00:00,MG
14403,8063,2024-11-08 00:00:00,MG
14404,3038A,2024-11-08 00:00:00,MG
14405,7021,2024-11-08 00:00:00,MG
14406,2025A,2024-11-08 00:00:00,MG
14407,24031,2024-11-08 00:00:00,2
14408,8057,2024-11-08 00:00:00,MG
14409,9064,2024-11-08 00:00:00,MG
14410,8338,2024-11-08 00:00:00,MG
14411,5027,2024-11-08 00:00:00,MG
14412,406,2024-11-08 00:00:00,MG
14413,8015,2024-11-08 00:00:00,MG
14414,8040,2024-11-08 00:00:00,MG
14415,2150,2024-11-08 00:00:00,MG
14416,5013,2024-11-08 00:00:00,MG
14417,32,2024-11-08 00:00:00,MG
14418,5043,2024-11-08 00:00:00,MG
14419,2051,2024-11-08 00:00:00,MG
14420,5010,2024-11-08 00:00:00,MG
14421,3093,2024-11-08 00:00:00,MG
14422,7049,2024-11-08 00:00:00,MG
14423,5041,2024-11-08 00:00:00,MG
14424,24081,2024-11-08 00:00:00,2
14425,8003,2024-11-08 00:00:00,MG
14426,2079,2024-11-08 00:00:00,MG
14427,80921,2024-11-08 00:00:00,MG
14428,7004,2024-11-08 00:00:00,MG
14429,4008,2024-11-08 00:00:00,MG
14430,23242,2024-11-08 00:00:00,2
14431,24040,2024-11-08 00:00:00,2
14432,24062,2024-11-08 00:00:00,2
14433,24001,2024-11-08 00:00:00,2
14434,24068,2024-11-08 00:00:00,2
14435,23248,2024-11-08 00:00:00,2
14436,23252,2024-11-08 00:00:00,2
14437,23223,2024-11-08 00:00:00,2
14438,24055,2024-11-08 00:00:00,2
14439,23239,2024-11-08 00:00:00,2
14440,24008,2024-11-08 00:00:00,2
14441,23243,2024-11-08 00:00:00,2
14442,23233,2024-11-08 00:00:00,2
14443,23222,2024-11-08 00:00:00,2
14444,24046,2024-11-08 00:00:00,2
14445,24036,2024-11-08 00:00:00,2
14446,24018,2024-11-08 00:00:00,2
14447,23201,2024-11-08 00:00:00,2
14448,24019,2024-11-08 00:00:00,2
14449,23215,2024-11-08 00:00:00,2
14450,23246,2024-11-08 00:00:00,2
14451,23232,2024-11-08 00:00:00,2
14452,23166,2024-11-08 00:00:00,2
14453,24020,2024-11-08 00:00:00,2
14454,23220,2024-11-08 00:00:00,2
14455,23204,2024-11-08 00:00:00,2
14456,22195,2024-11-08 00:00:00,2
14457,1112,2024-11-11 00:00:00,5
14458,0317,2024-11-11 00:00:00,SERVICIO
14459,2005A,2024-11-11 00:00:00,SERVICIO
14460,22175,2024-11-11 00:00:00,SERVICIO
14461,TORO2,2024-11-09 00:00:00,3
14462,TORO3,2024-11-09 00:00:00,3
14463,TORO4,2024-11-09 00:00:00,3
14464,0185,2024-11-11 00:00:00,PARADERO
14465,1064,2024-11-11 00:00:00,PARADERO
14466,2138,2024-11-12 00:00:00,NINGUNO
14467,2148,2024-11-12 00:00:00,NINGUNO
14468,4073,2024-11-12 00:00:00,NINGUNO
14469,2173,2024-11-12 00:00:00,NINGUNO
14470,7050,2024-11-12 00:00:00,NINGUNO
14471,8084B,2024-11-12 00:00:00,NINGUNO
14472,8012B,2024-11-12 00:00:00,NINGUNO
14473,9116A,2024-11-12 00:00:00,NINGUNO
14474,1039B,2024-11-12 00:00:00,NINGUNO
14475,1021,2024-11-12 00:00:00,NINGUNO
14476,S7,2024-11-12 00:00:00,NINGUNO
14477,1009,2024-11-12 00:00:00,NINGUNO
14478,0261,2024-11-12 00:00:00,NINGUNO
14479,BU35,2024-11-12 00:00:00,NINGUNO
14480,BU36,2024-11-12 00:00:00,NINGUNO
14481,BU38,2024-11-12 00:00:00,NINGUNO
14482,BU39,2024-11-12 00:00:00,NINGUNO
14483,BU40,2024-11-12 00:00:00,NINGUNO
14484,BU41,2024-11-12 00:00:00,NINGUNO
14485,BU42,2024-11-12 00:00:00,NINGUNO
14486,BU64,2024-11-12 00:00:00,NINGUNO
14487,0309,2024-11-12 00:00:00,NINGUNO
14488,0340B,2024-11-12 00:00:00,NINGUNO
14489,S14,2024-11-12 00:00:00,NINGUNO
14490,S15,2024-11-12 00:00:00,NINGUNO
14491,3500,2024-11-12 00:00:00,NINGUNO
14492,3505,2024-11-12 00:00:00,NINGUNO
14493,BU002,2024-11-12 00:00:00,NINGUNO
14494,3503,2024-11-12 00:00:00,NINGUNO
14495,2143A,2024-11-12 00:00:00,C4
14496,22112,2024-11-12 00:00:00,C4
14497,1019,2024-11-12 00:00:00,Finca_sr_Hector_baron
14498,2088A,2024-11-12 00:00:00,C4
14499,0214,2024-11-12 00:00:00,catire_El_Silencio
14500,2780,2024-11-12 00:00:00,Finca_Sr_Alexander
14501,0216,2024-11-12 00:00:00,Finca_Sr_Genaro
14502,pend27,2024-11-12 00:00:00,Finca_Sr_Juan
14503,0213A,2024-11-12 00:00:00,Sr_Pedro_la_escuelita_CA
14504,pend31,2024-11-12 00:00:00,Finca_Sr_Juan
14505,1074A,2024-11-12 00:00:00,Finca_Sr_Jose
14506,BU376,2024-11-09 00:00:00,C4
14507,24245,2024-11-03 00:00:00,VAQ
14508,24246,2024-11-11 00:00:00,VAQ
14509,8093,2024-11-11 00:00:00,VAQ
14510,24247,2024-11-12 00:00:00,VAQ
14511,80472,2024-11-11 00:00:00,VAQ
14512,4075,2024-11-11 00:00:00,VAQ
14513,2,2024-11-13 00:00:00,MUERTO
14514,5041,2024-11-13 00:00:00,MUERTO
14515,8013,2024-11-13 00:00:00,MUERTO
14516,2781,2024-11-13 00:00:00,MUERTO
14517,1030,2024-11-13 00:00:00,MUERTO
14518,0195,2024-11-13 00:00:00,MUERTO
14519,0118A,2024-11-12 00:00:00,7
14520,1174,2024-11-12 00:00:00,7
14521,2153,2024-11-14 00:00:00,6
14522,9116B,2024-11-14 00:00:00,6
14523,4048,2024-11-14 00:00:00,6
14524,0205,2024-11-14 00:00:00,Mater
14525,0298,2024-11-14 00:00:00,Mater
14526,0299C,2024-11-14 00:00:00,Mater
14527,0338,2024-11-14 00:00:00,1A
14528,0342,2024-11-14 00:00:00,VAQ
14529,0354,2024-11-14 00:00:00,SERVICIO
14530,1023,2024-11-14 00:00:00,Mater
14531,1088A,2024-11-14 00:00:00,Mater
14532,2034,2024-11-14 00:00:00,Mater
14533,2042,2024-11-14 00:00:00,SERVICIO
14534,2066,2024-11-14 00:00:00,Mater
14535,2226,2024-11-14 00:00:00,Mater
14536,8096,2024-11-14 00:00:00,Mater
14537,9018B,2024-11-14 00:00:00,Mater
14538,9100,2024-11-14 00:00:00,Mater
14539,0330A,2024-11-15 00:00:00,1A
14540,0205,2024-11-15 00:00:00,1A
14541,0342,2024-11-15 00:00:00,1A
14542,24248,2024-11-12 00:00:00,VAQ
14543,24249,2024-11-15 00:00:00,VAQ
14544,24250,2024-11-15 00:00:00,VAQ
14545,2196A,2024-11-03 00:00:00,1A
14546,60286,2024-11-03 00:00:00,1A
14547,3003A,2024-11-03 00:00:00,1A
14548,7028,2024-11-03 00:00:00,1A
14549,2124A,2024-11-03 00:00:00,1A
14550,2148A,2024-11-03 00:00:00,1A
14551,3107,2024-11-03 00:00:00,1A
14552,3026A,2024-11-03 00:00:00,1A
14553,2234,2024-11-03 00:00:00,1A
14554,2050,2024-11-03 00:00:00,1A
14555,4101,2024-11-03 00:00:00,1A
14556,3750,2024-11-03 00:00:00,1A
14557,2047,2024-11-03 00:00:00,1A
14558,5033,2024-11-03 00:00:00,1A
14559,4087,2024-11-03 00:00:00,1A
14560,4151,2024-11-03 00:00:00,1A
14561,2094A,2024-11-03 00:00:00,1A
14562,3024A,2024-11-03 00:00:00,1A
14563,4055,2024-11-03 00:00:00,1A
14564,2063A,2024-11-03 00:00:00,1A
14565,1015,2024-11-03 00:00:00,1A
14566,2149A,2024-11-03 00:00:00,1A
14567,5679,2024-11-03 00:00:00,1A
14568,4018,2024-11-03 00:00:00,1A
14569,3066B,2024-11-03 00:00:00,1A
14570,0500,2024-11-03 00:00:00,1A
14571,2073,2024-11-03 00:00:00,1A
14572,3119,2024-11-03 00:00:00,1A
14573,1091A,2024-11-03 00:00:00,1A
14574,2072,2024-11-03 00:00:00,1A
14575,5052,2024-11-03 00:00:00,1A
14576,5077,2024-11-03 00:00:00,1A
14577,6070,2024-11-03 00:00:00,1A
14578,7012,2024-11-03 00:00:00,1A
14579,7059,2024-11-03 00:00:00,1A
14580,7074,2024-11-03 00:00:00,1A
14581,8046,2024-11-03 00:00:00,1A
14582,9047,2024-11-03 00:00:00,1A
14583,0143,2024-11-03 00:00:00,1A
14584,2090A,2024-11-03 00:00:00,1A
14585,1095A,2024-11-03 00:00:00,1A
14586,30212,2024-11-03 00:00:00,1A
14587,5146,2024-11-03 00:00:00,1A
14588,8005,2024-11-03 00:00:00,1A
14589,80121,2024-11-03 00:00:00,1A
14590,8033,2024-11-03 00:00:00,1A
14591,8043,2024-11-03 00:00:00,1A
14592,8045,2024-11-03 00:00:00,1A
14593,8048,2024-11-03 00:00:00,1A
14594,8054,2024-11-03 00:00:00,1A
14595,8079,2024-11-03 00:00:00,1A
14596,8086,2024-11-03 00:00:00,1A
14597,8087,2024-11-03 00:00:00,1A
14598,809,2024-11-03 00:00:00,1A
14599,9040,2024-11-03 00:00:00,1A
14600,9051,2024-11-03 00:00:00,1A
14601,9024,2024-11-03 00:00:00,1A
14602,9053,2024-11-03 00:00:00,1A
14603,9076,2024-11-03 00:00:00,1A
14604,9103,2024-11-03 00:00:00,1A
14605,0201,2024-11-03 00:00:00,1A
14606,0226,2024-11-03 00:00:00,1A
14607,0241,2024-11-03 00:00:00,1A
14608,0249,2024-11-03 00:00:00,1A
14609,0259,2024-11-03 00:00:00,1A
14610,0267,2024-11-03 00:00:00,1A
14611,0298A,2024-11-03 00:00:00,1A
14612,0323,2024-11-03 00:00:00,1A
14613,0336,2024-11-03 00:00:00,1A
14614,0353,2024-11-03 00:00:00,1A
14615,2040,2024-11-03 00:00:00,1A
14616,1004,2024-11-03 00:00:00,1A
14617,2080,2024-11-03 00:00:00,1A
14618,5079,2024-11-03 00:00:00,1A
14619,4072,2024-11-03 00:00:00,1A
14620,2180A,2024-11-03 00:00:00,1A
14621,80882,2024-11-03 00:00:00,1A
14622,8017,2024-11-03 00:00:00,1A
14623,7017,2024-11-03 00:00:00,1A
14624,5529,2024-11-03 00:00:00,1A
14625,5638,2024-11-03 00:00:00,1A
14626,34,2024-11-03 00:00:00,1A
14627,8019,2024-11-03 00:00:00,1A
14628,0270,2024-11-17 00:00:00,VAQ
14629,24251,2024-11-15 00:00:00,VAQ
14630,91171,2024-11-12 00:00:00,1A
14631,24248,2024-11-12 00:00:00,VAQ
14632,24252,2024-11-17 00:00:00,VAQ
14633,BU336,2024-08-15 00:00:00,NINGUNO
14634,0094,2024-11-18 00:00:00,8
14635,0119,2024-11-18 00:00:00,8
14636,0198,2024-11-18 00:00:00,8
14637,0216A,2024-11-18 00:00:00,8
14638,0219,2024-11-18 00:00:00,8
14639,0293,2024-11-18 00:00:00,8
14640,0325,2024-11-18 00:00:00,8
14641,0346,2024-11-18 00:00:00,8
14642,0351,2024-11-18 00:00:00,8
14643,0358,2024-11-18 00:00:00,8
14644,1026,2024-11-18 00:00:00,8
14645,1027,2024-11-18 00:00:00,8
14646,1031,2024-11-18 00:00:00,8
14647,1036,2024-11-18 00:00:00,8
14648,1046A,2024-11-18 00:00:00,8
14649,1048,2024-11-18 00:00:00,8
14650,1053,2024-11-18 00:00:00,8
14651,1068,2024-11-18 00:00:00,8
14652,1069,2024-11-18 00:00:00,8
14653,1078,2024-11-18 00:00:00,8
14654,1095B,2024-11-18 00:00:00,8
14655,1101,2024-11-18 00:00:00,8
14656,1105,2024-11-18 00:00:00,3
14657,1106,2024-11-18 00:00:00,8
14658,1106A,2024-11-18 00:00:00,8
14659,1107,2024-11-18 00:00:00,8
14660,1126,2024-11-18 00:00:00,8
14661,1130,2024-11-18 00:00:00,8
14662,1148,2024-11-18 00:00:00,8
14663,1152,2024-11-18 00:00:00,8
14664,1154,2024-11-18 00:00:00,8
14665,1156,2024-11-18 00:00:00,8
14666,1163,2024-11-18 00:00:00,8
14667,1165,2024-11-18 00:00:00,8
14668,1166,2024-11-18 00:00:00,8
14669,1180,2024-11-18 00:00:00,8
14670,1202,2024-11-18 00:00:00,8
14671,1204,2024-11-18 00:00:00,8
14672,1206,2024-11-18 00:00:00,8
14673,1207,2024-11-18 00:00:00,8
14674,1214,2024-11-18 00:00:00,8
14675,1215,2024-11-18 00:00:00,8
14676,1216,2024-11-18 00:00:00,8
14677,1219,2024-11-18 00:00:00,8
14678,1228,2024-11-18 00:00:00,8
14679,1292,2024-11-18 00:00:00,8
14680,1324,2024-11-18 00:00:00,8
14681,1336,2024-11-18 00:00:00,8
14682,2027,2024-11-18 00:00:00,8
14683,2032,2024-11-18 00:00:00,8
14684,2128,2024-11-18 00:00:00,8
14685,2204,2024-11-18 00:00:00,8
14686,36,2024-11-18 00:00:00,8
14687,MSN16,2024-11-18 00:00:00,8
14688,MSN17,2024-11-18 00:00:00,8
14689,MSN3,2024-11-18 00:00:00,8
14690,MSN9,2024-11-18 00:00:00,8
14691,0116,2024-11-18 00:00:00,7
14692,0141,2024-11-18 00:00:00,7
14693,0196,2024-11-18 00:00:00,7
14694,0212,2024-11-18 00:00:00,7
14695,0217,2024-11-18 00:00:00,7
14696,0242,2024-11-18 00:00:00,7
14697,0279,2024-11-18 00:00:00,7
14698,0335,2024-11-18 00:00:00,7
14699,1037,2024-11-18 00:00:00,7
14700,1046,2024-11-18 00:00:00,7
14701,1049,2024-11-18 00:00:00,7
14702,1052,2024-11-18 00:00:00,7
14703,1080,2024-11-18 00:00:00,7
14704,1080A,2024-11-18 00:00:00,7
14705,1083,2024-11-18 00:00:00,7
14706,1092,2024-11-18 00:00:00,7
14707,1095,2024-11-18 00:00:00,7
14708,1098A,2024-11-18 00:00:00,7
14709,1141,2024-11-18 00:00:00,7
14710,1161A,2024-11-18 00:00:00,7
14711,1162,2024-11-18 00:00:00,7
14712,1212,2024-11-18 00:00:00,7
14713,1253,2024-11-18 00:00:00,7
14714,1257,2024-11-18 00:00:00,7
14715,9135,2024-11-18 00:00:00,7
14716,MSN12,2024-11-18 00:00:00,7
14717,MSN15,2024-11-18 00:00:00,7
14718,MSN4,2024-11-18 00:00:00,7
14719,1007,2024-11-18 00:00:00,7
14720,0104,2024-11-18 00:00:00,7
14721,0109,2024-11-18 00:00:00,7
14722,0118A,2024-11-18 00:00:00,7
14724,0345,2024-11-18 00:00:00,7
14726,1047,2024-11-18 00:00:00,7
14727,1090,2024-11-18 00:00:00,7
14728,1096B,2024-11-18 00:00:00,7
14729,1097,2024-11-18 00:00:00,7
14730,1131,2024-11-18 00:00:00,7
14731,1139,2024-11-18 00:00:00,7
14732,1146,2024-11-18 00:00:00,7
14733,1174,2024-11-18 00:00:00,7
14734,1182,2024-11-18 00:00:00,7
14735,1187,2024-11-18 00:00:00,7
14736,1190,2024-11-18 00:00:00,7
14737,1213,2024-11-18 00:00:00,7
14738,1238,2024-11-18 00:00:00,7
14739,2035,2024-11-18 00:00:00,7
14741,9136A,2024-11-18 00:00:00,SERVICIO
14742,MSN2,2024-11-18 00:00:00,7
14743,MSN8,2024-11-18 00:00:00,7
14744,9136A,2024-11-19 00:00:00,7
14745,MSN1,2024-11-18 00:00:00,7
14746,8072,2024-11-19 00:00:00,Mater
14747,1017A,2024-11-19 00:00:00,Mater
14748,8066,2024-11-19 00:00:00,Mater
14749,7032,2024-11-19 00:00:00,Mater
14750,35,2024-11-19 00:00:00,Mater
14751,2093A,2024-11-19 00:00:00,VAQ
14752,0298,2024-11-19 00:00:00,VAQ
14753,1079,2024-11-19 00:00:00,VAQ
14754,9018B,2024-11-19 00:00:00,MUERTO
14755,0348,2024-11-06 00:00:00,4
14756,2036,2024-11-06 00:00:00,4
14757,30,2024-11-06 00:00:00,4
14758,31,2024-11-06 00:00:00,4
14759,24253,2024-11-18 00:00:00,VAQ
14760,24254,2024-11-18 00:00:00,CACH
14761,24255,2024-11-18 00:00:00,VAQ
14762,24256,2024-11-18 00:00:00,VAQ
14763,2219,2024-11-19 00:00:00,SERVICIO
14764,EMB 2,2024-11-19 00:00:00,SERVICIO
14765,2019,2024-11-19 00:00:00,SERVICIO
14766,1056A,2024-11-19 00:00:00,SERVICIO
14767,1077A,2024-11-19 00:00:00,SERVICIO
14768,1090A,2024-11-19 00:00:00,SERVICIO
14769,3178,2024-11-19 00:00:00,SERVICIO
14770,4033,2024-11-19 00:00:00,SERVICIO
14771,4099,2024-11-19 00:00:00,SERVICIO
14772,4100,2024-11-19 00:00:00,SERVICIO
14773,4109,2024-11-19 00:00:00,SERVICIO
14774,4141,2024-11-19 00:00:00,SERVICIO
14775,50501,2024-11-19 00:00:00,SERVICIO
14776,5082,2024-11-19 00:00:00,SERVICIO
14777,5092,2024-11-19 00:00:00,SERVICIO
14778,6008,2024-11-19 00:00:00,SERVICIO
14779,6031,2024-11-19 00:00:00,SERVICIO
14780,7080,2024-11-19 00:00:00,SERVICIO
14781,9046,2024-11-19 00:00:00,SERVICIO
14782,8014,2024-11-19 00:00:00,SERVICIO
14783,4A,2024-11-19 00:00:00,SERVICIO
14784,3027A,2024-11-19 00:00:00,SERVICIO
14785,6020,2024-11-19 00:00:00,SERVICIO
14786,9219,2024-11-19 00:00:00,SERVICIO
14787,12164,2024-11-19 00:00:00,SERVICIO
14788,4065,2024-11-19 00:00:00,SERVICIO
14789,5098,2024-11-19 00:00:00,SERVICIO
14790,6050,2024-11-19 00:00:00,SERVICIO
14791,7072,2024-11-19 00:00:00,SERVICIO
14792,8026,2024-11-19 00:00:00,SERVICIO
14793,8041,2024-11-19 00:00:00,SERVICIO
14794,8060,2024-11-19 00:00:00,SERVICIO
14795,80841,2024-11-19 00:00:00,SERVICIO
14796,9035,2024-11-19 00:00:00,SERVICIO
14797,91091,2024-11-19 00:00:00,SERVICIO
14798,0343,2024-11-19 00:00:00,SERVICIO
14799,33,2024-11-19 00:00:00,SERVICIO
14800,19,2024-11-19 00:00:00,SERVICIO
14801,1123,2024-11-19 00:00:00,SERVICIO
14802,8085,2024-11-19 00:00:00,SERVICIO
14803,9016,2024-11-19 00:00:00,SERVICIO
14805,9121,2024-11-19 00:00:00,SERVICIO
14806,9122,2024-11-19 00:00:00,SERVICIO
14807,0114,2024-11-19 00:00:00,SERVICIO
14808,0125,2024-11-19 00:00:00,SERVICIO
14809,0206A,2024-11-19 00:00:00,SERVICIO
14810,0206B,2024-11-19 00:00:00,SERVICIO
14811,0211,2024-11-19 00:00:00,SERVICIO
14812,0224,2024-11-19 00:00:00,SERVICIO
14813,02331,2024-11-19 00:00:00,SERVICIO
14814,0233,2024-11-19 00:00:00,SERVICIO
14815,0240,2024-11-19 00:00:00,SERVICIO
14816,0246,2024-11-19 00:00:00,SERVICIO
14817,0252,2024-11-19 00:00:00,SERVICIO
14818,0258,2024-11-19 00:00:00,SERVICIO
14819,0269,2024-11-19 00:00:00,SERVICIO
14820,0291,2024-11-19 00:00:00,SERVICIO
14821,0297,2024-11-19 00:00:00,SERVICIO
14822,0321,2024-11-19 00:00:00,SERVICIO
14823,0326,2024-11-19 00:00:00,SERVICIO
14824,0327,2024-11-19 00:00:00,SERVICIO
14825,0348,2024-11-19 00:00:00,SERVICIO
14826,0349,2024-11-19 00:00:00,SERVICIO
14827,0352,2024-11-19 00:00:00,SERVICIO
14828,2018,2024-11-19 00:00:00,SERVICIO
14829,1109B,2024-11-19 00:00:00,SERVICIO
14830,1052A,2024-11-19 00:00:00,SERVICIO
14831,2007,2024-11-19 00:00:00,SERVICIO
14832,1063,2024-11-19 00:00:00,SERVICIO
14833,2037,2024-11-19 00:00:00,SERVICIO
14834,2087,2024-11-19 00:00:00,SERVICIO
14835,2024,2024-11-19 00:00:00,SERVICIO
14836,1103,2024-11-19 00:00:00,SERVICIO
14837,2097,2024-11-19 00:00:00,SERVICIO
14838,05,2024-11-19 00:00:00,SERVICIO
14839,3108,2024-11-19 00:00:00,SERVICIO
14840,1139A,2024-11-19 00:00:00,SERVICIO
14841,2060,2024-11-19 00:00:00,SERVICIO
14842,2065,2024-11-19 00:00:00,SERVICIO
14843,2109,2024-11-19 00:00:00,SERVICIO
14844,2108,2024-11-19 00:00:00,SERVICIO
14845,2030,2024-11-19 00:00:00,SERVICIO
14846,2036,2024-11-19 00:00:00,SERVICIO
14847,30,2024-11-19 00:00:00,SERVICIO
14848,8006,2024-11-19 00:00:00,SERVICIO
14849,31,2024-11-19 00:00:00,SERVICIO
14850,24006,2024-11-19 00:00:00,SERVICIO
14851,24025,2024-11-19 00:00:00,SERVICIO
14852,24044,2024-11-19 00:00:00,SERVICIO
14853,24047,2024-11-19 00:00:00,SERVICIO
14854,24049,2024-11-19 00:00:00,SERVICIO
14855,24063,2024-11-19 00:00:00,SERVICIO
14856,24065,2024-11-19 00:00:00,SERVICIO
14857,24066,2024-11-19 00:00:00,SERVICIO
14858,24067,2024-11-19 00:00:00,SERVICIO
14859,24071,2024-11-19 00:00:00,SERVICIO
14860,24075,2024-11-19 00:00:00,SERVICIO
14861,24076,2024-11-19 00:00:00,SERVICIO
14862,24077,2024-11-19 00:00:00,SERVICIO
14863,24079,2024-11-19 00:00:00,SERVICIO
14864,24082,2024-11-19 00:00:00,SERVICIO
14865,24085,2024-11-19 00:00:00,SERVICIO
14866,24087,2024-11-19 00:00:00,SERVICIO
14867,24089,2024-11-19 00:00:00,SERVICIO
14868,24090,2024-11-19 00:00:00,SERVICIO
14869,24091,2024-11-19 00:00:00,SERVICIO
14870,24092,2024-11-19 00:00:00,SERVICIO
14871,24096,2024-11-19 00:00:00,SERVICIO
14872,24097,2024-11-19 00:00:00,SERVICIO
14873,24098,2024-11-19 00:00:00,SERVICIO
14874,24101,2024-11-19 00:00:00,SERVICIO
14875,24105,2024-11-19 00:00:00,SERVICIO
14876,24110,2024-11-19 00:00:00,SERVICIO
14877,24111,2024-11-19 00:00:00,SERVICIO
14878,24116,2024-11-19 00:00:00,SERVICIO
14879,24119,2024-11-19 00:00:00,SERVICIO
14880,24120,2024-11-19 00:00:00,SERVICIO
14881,24123,2024-11-19 00:00:00,SERVICIO
14882,24124,2024-11-19 00:00:00,SERVICIO
14883,24125,2024-11-19 00:00:00,SERVICIO
14884,24132,2024-11-19 00:00:00,SERVICIO
14885,24136,2024-11-19 00:00:00,SERVICIO
14886,24141,2024-11-19 00:00:00,SERVICIO
14887,24145,2024-11-19 00:00:00,SERVICIO
14888,24152,2024-11-19 00:00:00,SERVICIO
14889,24153,2024-11-19 00:00:00,SERVICIO
14890,24154,2024-11-19 00:00:00,SERVICIO
14891,24157,2024-11-19 00:00:00,SERVICIO
14892,24160,2024-11-19 00:00:00,SERVICIO
14893,24164,2024-11-19 00:00:00,SERVICIO
14894,24169,2024-11-19 00:00:00,SERVICIO
14895,24181,2024-11-19 00:00:00,SERVICIO
14896,24182,2024-11-19 00:00:00,SERVICIO
14897,24190,2024-11-19 00:00:00,SERVICIO
14898,24198,2024-11-19 00:00:00,SERVICIO
14899,24203,2024-11-19 00:00:00,SERVICIO
14900,24205,2024-11-19 00:00:00,SERVICIO
14901,24206,2024-11-19 00:00:00,SERVICIO
14902,24210,2024-11-19 00:00:00,SERVICIO
14903,24217,2024-11-19 00:00:00,SERVICIO
14904,24224,2024-11-19 00:00:00,SERVICIO
14905,24231,2024-11-19 00:00:00,SERVICIO
14906,0114,2024-11-20 00:00:00,4
14907,0125,2024-11-20 00:00:00,4
14908,0206A,2024-11-20 00:00:00,4
14909,0206B,2024-11-20 00:00:00,4
14910,0211,2024-11-20 00:00:00,4
14911,0224,2024-11-20 00:00:00,4
14912,0233,2024-11-20 00:00:00,6
14913,02331,2024-11-20 00:00:00,4
14914,0240,2024-11-20 00:00:00,6
14915,0246,2024-11-20 00:00:00,4
14916,0252,2024-11-20 00:00:00,4
14917,0258,2024-11-20 00:00:00,4
14918,0269,2024-11-20 00:00:00,4
14919,0291,2024-11-20 00:00:00,6
14920,0297,2024-11-20 00:00:00,6
14921,0321,2024-11-20 00:00:00,4
14922,0326,2024-11-20 00:00:00,6
14923,0327,2024-11-20 00:00:00,4
14924,0343,2024-11-20 00:00:00,6
14925,0348,2024-11-20 00:00:00,4
14926,0349,2024-11-20 00:00:00,4
14927,0352,2024-11-20 00:00:00,4
14928,05,2024-11-20 00:00:00,VAQ
14929,1052A,2024-11-20 00:00:00,4
14930,1056A,2024-11-20 00:00:00,4
14931,1063,2024-11-20 00:00:00,6
14932,1077A,2024-11-20 00:00:00,4
14933,1090A,2024-11-20 00:00:00,6
14934,1103,2024-11-20 00:00:00,4
14935,1109B,2024-11-20 00:00:00,6
14936,1123,2024-11-20 00:00:00,4
14937,1139A,2024-11-20 00:00:00,6
14938,12164,2024-11-20 00:00:00,6
14939,19,2024-11-20 00:00:00,4
14940,2007,2024-11-20 00:00:00,4
14941,2018,2024-11-20 00:00:00,6
14942,2019,2024-11-20 00:00:00,4
14943,2024,2024-11-20 00:00:00,4
14944,2030,2024-11-20 00:00:00,4
14945,2036,2024-11-20 00:00:00,4
14946,2037,2024-11-20 00:00:00,4
14947,2060,2024-11-20 00:00:00,4
14948,2065,2024-11-20 00:00:00,4
14949,2087,2024-11-20 00:00:00,4
14950,2097,2024-11-20 00:00:00,4
14951,2108,2024-11-20 00:00:00,4
14952,2109,2024-11-20 00:00:00,4
14953,2219,2024-11-20 00:00:00,6
14954,24006,2024-11-20 00:00:00,VAQ
14955,24025,2024-11-20 00:00:00,VAQ
14956,24044,2024-11-20 00:00:00,VAQ
14957,24047,2024-11-20 00:00:00,VAQ
14958,24049,2024-11-20 00:00:00,VAQ
14959,24063,2024-11-20 00:00:00,VAQ
14960,24065,2024-11-20 00:00:00,VAQ
14961,24066,2024-11-20 00:00:00,VAQ
14962,24067,2024-11-20 00:00:00,VAQ
14963,24071,2024-11-20 00:00:00,VAQ
14964,24075,2024-11-20 00:00:00,VAQ
14965,24076,2024-11-20 00:00:00,VAQ
14966,24077,2024-11-20 00:00:00,VAQ
14967,24079,2024-11-20 00:00:00,VAQ
14968,24082,2024-11-20 00:00:00,VAQ
14969,24085,2024-11-20 00:00:00,VAQ
14970,24087,2024-11-20 00:00:00,VAQ
14971,24089,2024-11-20 00:00:00,VAQ
14972,24090,2024-11-20 00:00:00,VAQ
14973,24091,2024-11-20 00:00:00,VAQ
14974,24092,2024-11-20 00:00:00,VAQ
14976,24096,2024-11-20 00:00:00,VAQ
14977,24097,2024-11-20 00:00:00,VAQ
14978,24098,2024-11-20 00:00:00,VAQ
14979,24101,2024-11-20 00:00:00,VAQ
14980,24105,2024-11-20 00:00:00,VAQ
14981,24110,2024-11-20 00:00:00,VAQ
14982,24111,2024-11-20 00:00:00,VAQ
14983,24116,2024-11-20 00:00:00,VAQ
14984,24119,2024-11-20 00:00:00,VAQ
14985,24120,2024-11-20 00:00:00,VAQ
14986,24123,2024-11-20 00:00:00,VAQ
14987,24124,2024-11-20 00:00:00,4
14988,24125,2024-11-20 00:00:00,VAQ
14989,24132,2024-11-20 00:00:00,4
14990,24136,2024-11-20 00:00:00,VAQ
14991,24141,2024-11-20 00:00:00,4
14992,24145,2024-11-20 00:00:00,4
14993,24152,2024-11-20 00:00:00,4
14994,24153,2024-11-20 00:00:00,4
14995,24154,2024-11-20 00:00:00,4
14996,24157,2024-11-20 00:00:00,4
14997,24160,2024-11-20 00:00:00,4
14998,24164,2024-11-20 00:00:00,4
14999,24169,2024-11-20 00:00:00,4
15000,24181,2024-11-20 00:00:00,4
15001,24182,2024-11-20 00:00:00,4
15002,24190,2024-11-20 00:00:00,4
15003,24198,2024-11-20 00:00:00,4
15004,24203,2024-11-20 00:00:00,4
15005,24205,2024-11-20 00:00:00,4
15006,24206,2024-11-20 00:00:00,4
15007,24210,2024-11-20 00:00:00,4
15008,24217,2024-11-20 00:00:00,4
15009,24224,2024-11-20 00:00:00,4
15010,24231,2024-11-20 00:00:00,4
15011,30,2024-11-20 00:00:00,4
15012,3027A,2024-11-20 00:00:00,4
15013,31,2024-11-20 00:00:00,6
15014,3108,2024-11-20 00:00:00,4
15015,3178,2024-11-20 00:00:00,4
15016,33,2024-11-20 00:00:00,6
15017,4033,2024-11-20 00:00:00,6
15018,4099,2024-11-20 00:00:00,6
15019,4100,2024-11-20 00:00:00,4
15020,4109,2024-11-20 00:00:00,4
15021,4141,2024-11-20 00:00:00,6
15022,4A,2024-11-20 00:00:00,6
15023,50501,2024-11-20 00:00:00,4
15024,5082,2024-11-20 00:00:00,4
15025,5092,2024-11-20 00:00:00,4
15026,5098,2024-11-20 00:00:00,4
15027,6008,2024-11-20 00:00:00,4
15028,6020,2024-11-20 00:00:00,6
15029,6031,2024-11-20 00:00:00,4
15030,6050,2024-11-20 00:00:00,4
15031,7072,2024-11-20 00:00:00,4
15032,7080,2024-11-20 00:00:00,4
15033,8006,2024-11-20 00:00:00,4
15034,8014,2024-11-20 00:00:00,6
15035,8026,2024-11-20 00:00:00,4
15036,8041,2024-11-20 00:00:00,4
15037,8060,2024-11-20 00:00:00,4
15038,80841,2024-11-20 00:00:00,6
15039,8085,2024-11-20 00:00:00,6
15040,9016,2024-11-20 00:00:00,4
15041,9035,2024-11-20 00:00:00,4
15042,9046,2024-11-20 00:00:00,4
15043,91091,2024-11-20 00:00:00,6
15044,9121,2024-11-20 00:00:00,4
15045,9122,2024-11-20 00:00:00,4
15046,9219,2024-11-20 00:00:00,4
15047,EMB 2,2024-11-20 00:00:00,6
15048,24134,2024-11-20 00:00:00,4
15049,24180,2024-11-20 00:00:00,4
15050,24211,2024-11-20 00:00:00,4
15051,9011,2024-11-20 00:00:00,6
15052,24030,2024-11-20 00:00:00,VAQ
15053,9126A,2024-11-20 00:00:00,4
15054,24099,2024-11-20 00:00:00,VAQ
15055,8010,2024-11-20 00:00:00,4
15056,10391,2024-11-20 00:00:00,4
15057,23223,2024-11-20 00:00:00,VAQ
15058,4043,2024-11-20 00:00:00,VAQ
15059,4066,2024-11-20 00:00:00,4
15060,4172,2024-11-20 00:00:00,4
15061,50741,2024-11-20 00:00:00,4
15062,24095,2024-11-20 00:00:00,VAQ
15063,24095,2024-09-03 00:00:00,2
15064,24095,2024-02-24 00:00:00,4
15065,24095,2024-08-13 00:00:00,2
15066,24095,2024-07-27 00:00:00,MG
15067,24095,2024-06-27 00:00:00,4
15068,24095,2024-06-16 00:00:00,MAR
15069,24095,2024-04-28 00:00:00,MG
15070,24095,2024-04-23 00:00:00,CACH
15072,24257,2024-11-22 00:00:00,MUERTO
15073,8072,2024-11-22 00:00:00,VAQ
15074,0116,2024-11-25 00:00:00,MUERTO
15075,1141,2024-11-25 00:00:00,MUERTO
15076,1131,2024-11-25 00:00:00,MUERTO
15077,1174,2024-11-25 00:00:00,MUERTO
15078,9036,2024-11-22 00:00:00,MUERTO
15079,2226,2024-11-23 00:00:00,VAQ
15080,1088A,2024-11-23 00:00:00,VAQ
15081,9007,2024-11-23 00:00:00,VAQ
15082,35,2024-11-23 00:00:00,VAQ
15083,1017A,2024-11-23 00:00:00,VAQ
15084,0101,2024-11-24 00:00:00,VAQ
15085,24258,2024-11-23 00:00:00,VAQ
15086,24259,2024-11-23 00:00:00,VAQ
15087,24260,2024-11-23 00:00:00,VAQ
15088,24261,2024-11-23 00:00:00,VAQ
15089,24262,2024-11-23 00:00:00,VAQ
15090,24263,2024-11-24 00:00:00,VAQ
15091,24177,2024-11-23 00:00:00,CACH
15092,24233,2024-10-08 00:00:00,CACH
15093,24230,2024-09-25 00:00:00,CACH
15095,24248,2024-11-17 00:00:00,CACH
15096,24232,2024-10-04 00:00:00,CACH
15097,24222,2024-09-18 00:00:00,CACH
15098,24246,2024-11-16 00:00:00,CACH
15099,24209,2024-08-25 00:00:00,CACH
15100,24237,2024-10-14 00:00:00,CACH
15101,24243,2024-10-21 00:00:00,CACH
15102,24220,2024-09-16 00:00:00,CACH
15103,24247,2024-11-16 00:00:00,CACH
15104,24216,2024-09-07 00:00:00,CACH
15105,24213,2024-09-02 00:00:00,CACH
15106,24244,2024-10-22 00:00:00,CACH
15107,24235,2024-10-11 00:00:00,CACH
15108,24218,2024-09-10 00:00:00,CACH
15109,24234,2024-10-08 00:00:00,CACH
15110,24212,2024-08-29 00:00:00,CACH
15111,24214,2024-09-02 00:00:00,CACH
15112,24219,2024-09-12 00:00:00,CACH
15113,BU377,2024-11-25 00:00:00,C4
15114,BU378,2024-11-25 00:00:00,C4
15115,23166,2024-11-23 00:00:00,C4
15116,23215,2024-11-23 00:00:00,C4
15117,24011,2024-11-23 00:00:00,C4
15118,24025,2024-11-23 00:00:00,C4
15119,24027,2024-11-23 00:00:00,C4
15120,24030,2024-11-23 00:00:00,C4
15121,24031,2024-11-23 00:00:00,C4
15122,24044,2024-11-23 00:00:00,C4
15123,24047,2024-11-23 00:00:00,C4
15124,24049,2024-11-23 00:00:00,C4
15125,24063,2024-11-23 00:00:00,C4
15126,24065,2024-11-23 00:00:00,C4
15127,24066,2024-11-23 00:00:00,C4
15128,24067,2024-11-23 00:00:00,C4
15129,24071,2024-11-23 00:00:00,C4
15130,24075,2024-11-23 00:00:00,C4
15131,24076,2024-11-23 00:00:00,C4
15132,24077,2024-11-23 00:00:00,C4
15133,24079,2024-11-23 00:00:00,C4
15134,24081,2024-11-23 00:00:00,C4
15135,24082,2024-11-23 00:00:00,C4
15136,24085,2024-11-23 00:00:00,C4
15137,24087,2024-11-23 00:00:00,C4
15138,24089,2024-11-23 00:00:00,C4
15139,24090,2024-11-23 00:00:00,C4
15140,24091,2024-11-23 00:00:00,C4
15141,24092,2024-11-23 00:00:00,C4
15142,24095,2024-11-23 00:00:00,C4
15143,24096,2024-11-23 00:00:00,C4
15144,24097,2024-11-23 00:00:00,C4
15145,24098,2024-11-23 00:00:00,C4
15146,24099,2024-11-23 00:00:00,C4
15147,24101,2024-11-23 00:00:00,C4
15148,24105,2024-11-23 00:00:00,C4
15149,24110,2024-11-23 00:00:00,C4
15150,24111,2024-11-23 00:00:00,C4
15151,24116,2024-11-23 00:00:00,C4
15152,24119,2024-11-23 00:00:00,C4
15153,24120,2024-11-23 00:00:00,C4
15154,24123,2024-11-23 00:00:00,C4
15155,24125,2024-11-23 00:00:00,C4
15156,24136,2024-11-23 00:00:00,C4
15157,23003,2024-07-13 00:00:00,C4
15158,23029,2024-07-13 00:00:00,C4
15159,23066,2024-07-13 00:00:00,C4
15160,23070,2024-07-13 00:00:00,C4
15161,23075,2024-07-13 00:00:00,C4
15162,23086,2024-07-13 00:00:00,C4
15163,23089,2024-07-13 00:00:00,C4
15164,23097,2024-07-13 00:00:00,C4
15165,23100,2024-07-13 00:00:00,C4
15166,23109,2024-07-13 00:00:00,C4
15167,23126,2024-07-13 00:00:00,C4
15168,23128,2024-07-13 00:00:00,C4
15169,23132,2024-07-13 00:00:00,C4
15170,23133,2024-07-13 00:00:00,C4
15171,23136,2024-07-13 00:00:00,C4
15172,23137,2024-07-13 00:00:00,C4
15173,23144,2024-07-13 00:00:00,C4
15174,23145,2024-07-13 00:00:00,C4
15175,23147,2024-07-13 00:00:00,C4
15176,23162,2024-07-13 00:00:00,C4
15177,23163,2024-07-13 00:00:00,C4
15178,23164,2024-07-13 00:00:00,C4
15179,23169,2024-07-13 00:00:00,C4
15180,23170,2024-07-13 00:00:00,C4
15181,23172,2024-07-13 00:00:00,C4
15182,23174,2024-07-13 00:00:00,C4
15183,23177,2024-07-13 00:00:00,C4
15184,23184,2024-07-13 00:00:00,C4
15185,23185,2024-07-13 00:00:00,C4
15186,23187,2024-07-13 00:00:00,C4
15187,23188,2024-07-13 00:00:00,C4
15188,23193,2024-07-13 00:00:00,C4
15189,24009,2024-09-20 00:00:00,C4
15190,BU356,2024-08-01 00:00:00,C4
15191,BU356,2024-08-10 00:00:00,C4
15192,BU359,2024-08-10 00:00:00,C4
15193,23203,2024-11-21 00:00:00,SERVICIO
15194,23204,2024-11-21 00:00:00,SERVICIO
15195,23225,2024-11-21 00:00:00,SERVICIO
15196,23232,2024-11-21 00:00:00,SERVICIO
15197,23233,2024-11-21 00:00:00,SERVICIO
15198,23239,2024-11-21 00:00:00,SERVICIO
15199,23242,2024-11-21 00:00:00,SERVICIO
15200,24036,2024-11-21 00:00:00,SERVICIO
15201,24046,2024-11-21 00:00:00,SERVICIO
15202,24055,2024-11-21 00:00:00,SERVICIO
15203,23166,2024-11-22 00:00:00,2
15204,23215,2024-11-22 00:00:00,2
15205,24031,2024-11-22 00:00:00,2
15206,24081,2024-11-22 00:00:00,2
15207,23244,2024-11-22 00:00:00,2
15208,24011,2024-11-22 00:00:00,2
15209,24027,2024-11-22 00:00:00,2
15211,23237,2024-11-22 00:00:00,2
15212,23250,2024-11-22 00:00:00,2
15213,23240,2024-11-22 00:00:00,2
15214,0114,2024-11-25 00:00:00,MUERTO
15215,BU099,2024-11-23 00:00:00,CACH
15216,BU078,2024-11-23 00:00:00,CACH
15217,BU319,2024-11-23 00:00:00,CACH
15218,BU073,2024-11-23 00:00:00,CACH
15219,BU79,2024-11-23 00:00:00,CACH
15220,BU83,2024-11-23 00:00:00,CACH
15221,BU86,2024-11-23 00:00:00,CACH
15222,2234,2024-11-20 00:00:00,3
15223,4101,2024-11-20 00:00:00,3
15224,2047,2024-11-20 00:00:00,3
15225,1015,2024-11-20 00:00:00,3
15226,5052,2024-11-20 00:00:00,3
15227,1095A,2024-11-20 00:00:00,3
15228,30212,2024-11-20 00:00:00,3
15229,5146,2024-11-20 00:00:00,3
15230,9024,2024-11-20 00:00:00,3
15231,9076,2024-11-20 00:00:00,3
15232,9103,2024-11-20 00:00:00,3
15233,9192,2024-11-20 00:00:00,3
15234,0226,2024-11-20 00:00:00,3
15235,0249,2024-11-20 00:00:00,3
15236,0298A,2024-11-20 00:00:00,3
15237,0323,2024-11-20 00:00:00,3
15238,0336,2024-11-20 00:00:00,3
15239,2040,2024-11-20 00:00:00,3
15240,2180A,2024-11-20 00:00:00,3
15241,34,2024-11-20 00:00:00,3
15242,4007,2024-11-20 00:00:00,4
15243,5076,2024-11-20 00:00:00,4
15244,9047,2024-11-20 00:00:00,4
15245,0143,2024-11-20 00:00:00,4
15246,24142,2024-11-20 00:00:00,4
15247,24194,2024-11-20 00:00:00,4
15248,24238,2024-11-20 00:00:00,4
15249,24242,2024-11-20 00:00:00,4
15250,0229,2024-11-26 00:00:00,Mater
15251,4025,2024-11-26 00:00:00,Mater
15252,6037,2024-11-26 00:00:00,Mater
15253,0344,2024-11-26 00:00:00,Mater
15254,2039,2024-11-26 00:00:00,VAQ
15255,5090,2024-11-26 00:00:00,Mater
15256,0332,2024-11-26 00:00:00,Mater
15257,0274,2024-11-26 00:00:00,Mater
15258,8067,2024-11-26 00:00:00,Mater
15259,4048,2024-11-26 00:00:00,Mater
15260,4076,2024-11-26 00:00:00,Mater
15261,1188,2024-11-26 00:00:00,Mater
15262,0299C,2024-11-26 00:00:00,Mater
15263,1109,2024-11-26 00:00:00,Mater
15264,1015A,2024-11-26 00:00:00,Mater
15265,0354,2024-11-26 00:00:00,VAQ
15266,24264,2024-11-26 00:00:00,VAQ
15267,24265,2024-11-26 00:00:00,VAQ
15268,24024,2024-11-22 00:00:00,CACH
15269,9100,2024-11-26 00:00:00,VAQ
15270,8004,2024-11-26 00:00:00,VAQ
15271,8066,2024-11-28 00:00:00,SERVICIO
15272,24268,2024-11-26 00:00:00,VAQ
15273,24266,2024-11-26 00:00:00,MUERTO
15274,24267,2024-11-26 00:00:00,MUERTO
15275,0299C,2024-11-26 00:00:00,VAQ
15276,24269,2024-11-26 00:00:00,VAQ
15277,J401,2024-11-26 00:00:00,2
15278,J402,2024-11-26 00:00:00,2
15279,J403,2024-11-26 00:00:00,2
15280,J404,2024-11-26 00:00:00,2
15281,J405,2024-11-26 00:00:00,2
15282,J406,2024-11-26 00:00:00,2
15283,J407,2024-11-26 00:00:00,2
15284,J408,2024-11-26 00:00:00,2
15285,J409,2024-11-26 00:00:00,2
15286,J4010,2024-11-26 00:00:00,2
15287,J4011,2024-11-26 00:00:00,2
15288,J412,2024-11-26 00:00:00,2
15289,J413,2024-11-26 00:00:00,2
15290,J414,2024-11-26 00:00:00,2
15291,J415,2024-11-26 00:00:00,2
15292,J416,2024-11-26 00:00:00,2
15293,J417,2024-11-26 00:00:00,2
15294,J418,2024-11-26 00:00:00,2
15295,J419,2024-11-26 00:00:00,2
15296,2226,2024-11-27 00:00:00,1A
15297,2093A,2024-11-27 00:00:00,1A
15298,4075,2024-11-27 00:00:00,1A
15299,9100,2024-11-27 00:00:00,1A
15300,9007,2024-11-27 00:00:00,1A
15301,8004,2024-11-27 00:00:00,1A
15303,8093,2024-11-27 00:00:00,1A
15304,91171,2024-11-27 00:00:00,1A
15305,0101,2024-11-27 00:00:00,1A
15306,0270,2024-11-27 00:00:00,1A
15307,0299C,2024-11-27 00:00:00,1A
15308,0330A,2024-11-27 00:00:00,1A
15309,0342,2024-11-27 00:00:00,1A
15310,0354,2024-11-27 00:00:00,1A
15311,1017A,2024-11-27 00:00:00,1A
15312,80472,2024-11-27 00:00:00,1A
15313,1079,2024-11-27 00:00:00,1A
15314,0298,2024-11-27 00:00:00,1A
15315,2039,2024-11-27 00:00:00,1A
15316,1088A,2024-11-27 00:00:00,1A
15317,35,2024-11-27 00:00:00,1A
15318,2083,2024-11-27 00:00:00,1A
15319,5144,2024-11-27 00:00:00,1A
15320,8072,2024-11-27 00:00:00,1A
15321,05,2024-11-27 00:00:00,MG
15322,4043,2024-11-27 00:00:00,MG
15323,23223,2024-11-27 00:00:00,2
15324,24006,2024-11-27 00:00:00,CACH
15325,24204,2024-11-27 00:00:00,CACH
15326,24221,2024-11-27 00:00:00,CACH
15327,24229,2024-11-27 00:00:00,CACH
15328,24245,2024-11-27 00:00:00,CACH
15329,24250,2024-11-27 00:00:00,CACH
15330,24251,2024-11-27 00:00:00,CACH
15331,24252,2024-11-27 00:00:00,CACH
15332,24249,2024-11-27 00:00:00,CACH
15334,24253,2024-11-22 00:00:00,MUERTO
15335,24255,2024-11-27 00:00:00,CACH
15336,24256,2024-11-27 00:00:00,CACH
15337,24258,2024-11-27 00:00:00,CACH
15338,24259,2024-11-27 00:00:00,CACH
15339,24260,2024-11-27 00:00:00,CACH
15340,24261,2024-11-27 00:00:00,CACH
15341,24262,2024-11-27 00:00:00,CACH
15342,24263,2024-11-27 00:00:00,CACH
15343,24264,2024-11-27 00:00:00,CACH
15344,24265,2024-11-27 00:00:00,CACH
15345,24268,2024-11-27 00:00:00,CACH
15346,24269,2024-11-27 00:00:00,CACH
15347,2042,2024-11-27 00:00:00,CACH
15348,4065,2024-11-27 00:00:00,CACH
15349,1064,2024-11-27 00:00:00,CACH
15350,0317,2024-11-27 00:00:00,CACH
15351,0185,2024-11-27 00:00:00,CACH
15352,23203,2024-11-27 00:00:00,2
15353,23204,2024-11-27 00:00:00,2
15354,23225,2024-11-27 00:00:00,2
15355,23232,2024-11-27 00:00:00,2
15356,23233,2024-11-27 00:00:00,2
15357,23239,2024-11-27 00:00:00,2
15358,23242,2024-11-27 00:00:00,2
15359,24036,2024-11-27 00:00:00,2
15360,24046,2024-11-27 00:00:00,2
15361,24055,2024-11-27 00:00:00,2
15362,7032,2024-12-01 00:00:00,10A
15363,0344,2024-12-01 00:00:00,10A
15364,7067,2024-12-01 00:00:00,10A
15365,2143,2024-12-01 00:00:00,10A
15366,1023,2024-12-01 00:00:00,10A
15367,8096,2024-12-01 00:00:00,10A
15368,8067,2024-12-01 00:00:00,10A
15369,24270,2024-12-01 00:00:00,CACH
15370,24271,2024-12-01 00:00:00,CACH
15371,24272,2024-12-01 00:00:00,CACH
15372,24273,2024-12-01 00:00:00,CACH
15373,24274,2024-12-01 00:00:00,CACH
15374,24275,2024-12-01 00:00:00,CACH
15375,24276,2024-12-01 00:00:00,CACH
15376,24277,2024-12-03 00:00:00,CACH
15378,BU379,2024-12-01 00:00:00,C4
15379,24278,2024-12-04 00:00:00,CACH
15380,24279,2024-12-04 00:00:00,CACH
15381,24280,2024-12-04 00:00:00,CACH
15382,24281,2024-12-04 00:00:00,CACH
15383,2066,2024-12-04 00:00:00,10A
15384,8082,2024-12-04 00:00:00,10A
15385,0274,2024-12-04 00:00:00,10A
15386,4025,2024-12-04 00:00:00,10A
15387,7092,2024-12-06 00:00:00,10A
15388,8089,2024-12-06 00:00:00,10A
15389,24282,2024-12-06 00:00:00,CACH
15390,7077,2024-12-06 00:00:00,6
15391,8062,2024-12-06 00:00:00,6
15392,6043,2024-12-06 00:00:00,6
15393,0258,2024-12-06 00:00:00,6
15394,0111,2024-12-06 00:00:00,6
15395,1066A,2024-12-06 00:00:00,6
15396,9125,2024-12-06 00:00:00,6
15397,7022,2024-12-06 00:00:00,6
15398,5060,2024-12-06 00:00:00,6
15399,0201,2024-12-06 00:00:00,6
15400,5030,2024-12-06 00:00:00,6
15401,2196A,2024-12-02 00:00:00,10A
15402,60286,2024-12-02 00:00:00,10A
15403,3003A,2024-12-02 00:00:00,10A
15404,2226,2024-12-02 00:00:00,10A
15405,7028,2024-12-02 00:00:00,10A
15406,2124A,2024-12-02 00:00:00,10A
15407,2148A,2024-12-02 00:00:00,10A
15408,3107,2024-12-02 00:00:00,10A
15409,2083,2024-12-02 00:00:00,10A
15410,3026A,2024-12-02 00:00:00,10A
15411,2050,2024-12-02 00:00:00,10A
15412,3750,2024-12-02 00:00:00,10A
15413,5033,2024-12-02 00:00:00,10A
15414,4087,2024-12-02 00:00:00,10A
15415,4151,2024-12-02 00:00:00,10A
15416,2094A,2024-12-02 00:00:00,10A
15417,3024A,2024-12-02 00:00:00,10A
15418,4055,2024-12-02 00:00:00,10A
15419,2063A,2024-12-02 00:00:00,10A
15420,2149A,2024-12-02 00:00:00,10A
15421,5679,2024-12-02 00:00:00,10A
15422,4018,2024-12-02 00:00:00,10A
15423,5144,2024-12-02 00:00:00,10A
15424,3066B,2024-12-02 00:00:00,10A
15425,0500,2024-12-02 00:00:00,10A
15426,2093A,2024-12-02 00:00:00,10A
15427,4075,2024-12-02 00:00:00,10A
15428,2073,2024-12-02 00:00:00,10A
15429,3119,2024-12-02 00:00:00,10A
15430,1091A,2024-12-02 00:00:00,10A
15431,2072,2024-12-02 00:00:00,10A
15432,5077,2024-12-02 00:00:00,10A
15433,6070,2024-12-02 00:00:00,10A
15434,7012,2024-12-02 00:00:00,10A
15435,7059,2024-12-02 00:00:00,10A
15436,7074,2024-12-02 00:00:00,10A
15437,8046,2024-12-02 00:00:00,10A
15438,9100,2024-12-02 00:00:00,10A
15439,9007,2024-12-02 00:00:00,10A
15440,2090A,2024-12-02 00:00:00,10A
15441,8072,2024-12-02 00:00:00,10A
15442,8004,2024-12-02 00:00:00,MUERTO
15443,8005,2024-12-02 00:00:00,10A
15444,80121,2024-12-02 00:00:00,10A
15445,8033,2024-12-02 00:00:00,10A
15446,8043,2024-12-02 00:00:00,10A
15447,8045,2024-12-02 00:00:00,10A
15448,8048,2024-12-02 00:00:00,10A
15449,8054,2024-12-02 00:00:00,10A
15451,8079,2024-12-02 00:00:00,10A
15452,8086,2024-12-02 00:00:00,10A
15453,8087,2024-12-02 00:00:00,10A
15454,809,2024-12-02 00:00:00,10A
15455,8093,2024-12-02 00:00:00,10A
15456,9040,2024-12-02 00:00:00,10A
15457,9051,2024-12-02 00:00:00,10A
15458,91171,2024-12-02 00:00:00,10A
15459,9053,2024-12-02 00:00:00,10A
15460,0101,2024-12-02 00:00:00,10A
15461,0205,2024-12-02 00:00:00,10A
15462,0241,2024-12-02 00:00:00,10A
15463,0259,2024-12-02 00:00:00,10A
15464,0267,2024-12-02 00:00:00,10A
15465,0270,2024-12-02 00:00:00,10A
15466,0299C,2024-12-02 00:00:00,10A
15467,0330A,2024-12-02 00:00:00,10A
15468,0338,2024-12-02 00:00:00,10A
15469,0342,2024-12-02 00:00:00,10A
15470,0353,2024-12-02 00:00:00,10A
15471,0354,2024-12-02 00:00:00,10A
15472,1017A,2024-12-02 00:00:00,10A
15473,1004,2024-12-02 00:00:00,10A
15474,80472,2024-12-02 00:00:00,10A
15475,1079,2024-12-02 00:00:00,10A
15476,0298,2024-12-02 00:00:00,10A
15477,2039,2024-12-02 00:00:00,10A
15478,2080,2024-12-02 00:00:00,10A
15479,5079,2024-12-02 00:00:00,10A
15480,4072,2024-12-02 00:00:00,10A
15481,80882,2024-12-02 00:00:00,10A
15482,8017,2024-12-02 00:00:00,10A
15483,7017,2024-12-02 00:00:00,10A
15484,5529,2024-12-02 00:00:00,10A
15485,5638,2024-12-02 00:00:00,10A
15486,1088A,2024-12-02 00:00:00,10A
15487,8019,2024-12-02 00:00:00,10A
15488,35,2024-12-02 00:00:00,10A
15489,24281,2024-12-09 00:00:00,MUERTO
15490,4025,2024-12-09 00:00:00,SERVICIO
15491,2090A,2024-12-09 00:00:00,SERVICIO
15492,BU305,2024-12-08 00:00:00,VAQ
15493,BU307,2024-12-08 00:00:00,VAQ
15494,BU3,2024-12-08 00:00:00,VAQ
15495,BU010,2024-12-08 00:00:00,VAQ
15496,BU007,2024-12-08 00:00:00,VAQ
15497,BU011,2024-12-08 00:00:00,VAQ
15498,BU014,2024-12-08 00:00:00,VAQ
15499,BU001,2024-12-08 00:00:00,VAQ
15500,BU008,2024-12-08 00:00:00,VAQ
15501,BU330,2024-12-08 00:00:00,VAQ
15502,BU330,2024-12-09 00:00:00,CACH
15503,2093A,2024-12-09 00:00:00,NINGUNO
15504,2079,2024-12-09 00:00:00,NINGUNO
15505,2150,2024-12-09 00:00:00,NINGUNO
15506,4043,2024-12-09 00:00:00,NINGUNO
15507,4143,2024-12-09 00:00:00,NINGUNO
15508,6017,2024-12-09 00:00:00,NINGUNO
15509,8003,2024-12-09 00:00:00,NINGUNO
15510,8007,2024-12-09 00:00:00,NINGUNO
15511,8015,2024-12-09 00:00:00,NINGUNO
15512,8032,2024-12-09 00:00:00,NINGUNO
15513,80921,2024-12-09 00:00:00,NINGUNO
15514,89,2024-12-09 00:00:00,NINGUNO
15515,9064,2024-12-09 00:00:00,NINGUNO
15516,S/NB,2024-12-09 00:00:00,NINGUNO
15517,S/NC,2024-12-09 00:00:00,NINGUNO
15518,BU305,2024-12-09 00:00:00,NINGUNO
15519,BU307,2024-12-09 00:00:00,NINGUNO
15520,BU3,2024-12-09 00:00:00,NINGUNO
15521,BU010,2024-12-09 00:00:00,NINGUNO
15522,BU007,2024-12-09 00:00:00,NINGUNO
15523,BU011,2024-12-09 00:00:00,NINGUNO
15524,BU014,2024-12-09 00:00:00,NINGUNO
15525,BU001,2024-12-09 00:00:00,NINGUNO
15526,BU008,2024-12-09 00:00:00,NINGUNO
15527,24283,2024-12-09 00:00:00,CACH
15528,24284,2024-12-09 00:00:00,CACH
15529,31102,2024-12-09 00:00:00,10A
15530,7066,2024-12-09 00:00:00,10A
15531,2022,2024-12-10 00:00:00,10A
15532,5007,2024-11-10 00:00:00,6
15533,0322,2024-11-08 00:00:00,6
15534,9024,2024-12-09 00:00:00,10A
15535,8079,2024-12-09 00:00:00,3
15536,8066,2024-12-11 00:00:00,MG
15537,2072,2024-11-18 00:00:00,CACH
15538,24285,2024-12-13 00:00:00,CACH
15539,24286,2024-12-13 00:00:00,CACH
15540,24287,2024-12-13 00:00:00,CACH
15541,24288,2024-12-13 00:00:00,CACH
15542,0332,2024-12-13 00:00:00,10A
15543,8061,2024-12-13 00:00:00,10A
15544,91172,2024-12-13 00:00:00,10A
15545,4076,2024-12-13 00:00:00,10A
15546,24289,2024-12-16 00:00:00,CACH
15547,1109A,2024-12-16 00:00:00,10A
15548,1066,2024-12-16 00:00:00,10A
15549,24290,2024-12-16 00:00:00,CACH
15550,1078A,2024-12-18 00:00:00,10A
15551,5090,2024-12-18 00:00:00,10A
15552,24291,2024-12-18 00:00:00,CACH
15553,24292,2024-12-18 00:00:00,CACH
15554,24293,2024-12-18 00:00:00,MUERTO
15555,23163,2024-12-07 00:00:00,MUERTO
15556,BU80,2024-12-18 00:00:00,MUERTO
15557,BU43,2024-07-26 00:00:00,MUERTO
15558,24294,2024-12-21 00:00:00,CACH
15559,24295,2024-12-21 00:00:00,CACH
15560,4023,2024-12-21 00:00:00,10A
15561,9020,2024-12-21 00:00:00,10A
15562,7090,2024-12-22 00:00:00,MG
15563,TSN01,2024-12-22 00:00:00,MG
15564,J420,2024-12-22 00:00:00,MG
15565,J01415,2024-12-22 00:00:00,MG
15566,J422,2024-12-22 00:00:00,MG
15567,J841,2024-12-22 00:00:00,MG
15568,J424,2024-12-22 00:00:00,MG
15569,J425,2024-12-22 00:00:00,MG
15570,J426,2024-12-22 00:00:00,MG
15571,J8705,2024-12-22 00:00:00,MG
15572,J428,2024-12-22 00:00:00,MG
15573,J8705,2024-12-25 00:00:00,VAQ
15574,20334,2024-12-28 00:00:00,VAQ
15575,9110A,2024-12-29 00:00:00,VAQ
15576,6037,2024-12-30 00:00:00,VAQ
15579,j24001,2024-12-25 00:00:00,CACH
15580,24296,2024-12-28 00:00:00,CACH
15581,24297,2024-12-29 00:00:00,CACH
15582,24301,2024-12-30 00:00:00,MUERTO
15583,25001,2025-01-05 00:00:00,CACH
15584,25002,2025-01-05 00:00:00,CACH
15585,J24001,2024-12-27 00:00:00,MUERTO
15586,24258,2024-12-29 00:00:00,MUERTO
15587,24294,2025-01-03 00:00:00,MUERTO
15588,24295,2025-01-04 00:00:00,MUERTO
15589,24024,2025-01-05 00:00:00,MUERTO
15590,24299,2024-12-28 00:00:00,CACH
15591,24300,2024-12-29 00:00:00,CACH
15592,4048,2024-12-23 00:00:00,VAQ
15593,7087,2024-12-23 00:00:00,VAQ
15594,91262,2024-12-24 00:00:00,VAQ
15595,4034,2024-12-30 00:00:00,C4
15596,24296,2024-12-23 00:00:00,CACH
15597,24297,2024-12-23 00:00:00,CACH
15598,24298,2024-12-24 00:00:00,CACH
15599,24302,2024-12-30 00:00:00,C4
15600,9076,2024-12-27 00:00:00,6
15601,0329,2024-12-27 00:00:00,6
15602,0298A,2024-12-27 00:00:00,6
15603,0226,2024-12-27 00:00:00,6
15604,0241,2024-12-27 00:00:00,6
15605,0249,2024-12-27 00:00:00,6
15606,5013,2024-12-27 00:00:00,6
15607,0323,2024-12-27 00:00:00,6
15608,9006,2024-12-27 00:00:00,6
15609,1004,2024-12-27 00:00:00,6
15610,0333,2024-12-27 00:00:00,6
15611,34,2024-12-27 00:00:00,6
15612,2047,2024-12-27 00:00:00,6
15613,5052,2024-12-27 00:00:00,6
15614,3043,2024-12-27 00:00:00,6
15615,8030,2024-12-27 00:00:00,6
15616,20334,2024-12-27 00:00:00,Mater
15617,9110A,2024-12-27 00:00:00,Mater
15618,1310,2024-12-27 00:00:00,Mater
15619,2208A,2024-12-27 00:00:00,Mater
15620,9023,2024-12-27 00:00:00,Mater
15621,9045,2024-12-27 00:00:00,Mater
15622,2090A,2024-12-27 00:00:00,Mater
15623,0338,2024-12-27 00:00:00,Mater
15625,2224,2024-12-30 00:00:00,C4
15626,2220,2024-12-25 00:00:00,1A
15627,BU331,2025-01-04 00:00:00,C4
15628,24303,2024-12-30 00:00:00,C4
15629,24304,2024-12-25 00:00:00,CACH
15630,BU2501,2025-01-04 00:00:00,C4
15631,2025A,2024-12-23 00:00:00,NINGUNO
15632,406,2024-12-23 00:00:00,NINGUNO
15633,5027,2024-12-23 00:00:00,NINGUNO
15634,5035,2024-12-23 00:00:00,NINGUNO
15635,5043,2024-12-23 00:00:00,NINGUNO
15636,7004,2024-12-23 00:00:00,NINGUNO
15637,8020,2024-12-23 00:00:00,NINGUNO
15638,8057,2024-12-23 00:00:00,NINGUNO
15639,8066,2024-12-23 00:00:00,NINGUNO
15640,4025,2024-12-23 00:00:00,NINGUNO
15641,TORO2,2024-12-23 00:00:00,NINGUNO
15642,TORO3,2024-12-23 00:00:00,NINGUNO
15643,TORO4,2024-12-23 00:00:00,NINGUNO
15644,2340,2024-12-23 00:00:00,NINGUNO
15645,05,2024-12-26 00:00:00,NINGUNO
15646,2013,2024-12-26 00:00:00,NINGUNO
15647,2051,2024-12-26 00:00:00,NINGUNO
15648,3038A,2024-12-26 00:00:00,NINGUNO
15649,3093,2024-12-26 00:00:00,NINGUNO
15650,32,2024-12-26 00:00:00,NINGUNO
15651,5010,2024-12-26 00:00:00,NINGUNO
15652,7021,2024-12-26 00:00:00,NINGUNO
15653,7049,2024-12-26 00:00:00,NINGUNO
15654,8338,2024-12-26 00:00:00,NINGUNO
15655,9042,2024-12-26 00:00:00,NINGUNO
15656,S/NH,2024-12-26 00:00:00,NINGUNO
15657,5111,2024-12-26 00:00:00,6
15658,8016,2024-12-26 00:00:00,6
15659,8040,2024-12-26 00:00:00,MAR2
15660,9136,2024-12-26 00:00:00,6
15661,6011,2025-01-10 00:00:00,4
15662,80272,2025-01-10 00:00:00,4
15663,4055,2025-01-10 00:00:00,4
15664,9037,2025-01-10 00:00:00,4
15665,8077,2025-01-10 00:00:00,4
15666,9091,2025-01-10 00:00:00,4
15668,EMB 5,2025-01-10 00:00:00,4
15669,8093,2025-01-10 00:00:00,4
15670,9071,2025-01-10 00:00:00,4
15671,0128,2025-01-10 00:00:00,4
15672,8050,2025-01-10 00:00:00,4
15673,0278,2025-01-10 00:00:00,4
15674,2234,2025-01-10 00:00:00,4
15675,9053,2025-01-10 00:00:00,4
15676,0354,2025-01-10 00:00:00,4
15677,4023,2025-01-10 00:00:00,4
15678,4076,2025-01-10 00:00:00,4
15679,7092,2025-01-10 00:00:00,4
15680,8067,2025-01-10 00:00:00,4
15681,9192,2025-01-10 00:00:00,4
15682,6037,2025-01-10 00:00:00,4
15683,24159,2025-01-10 00:00:00,4
15684,24129,2025-01-10 00:00:00,4
15685,24201,2025-01-10 00:00:00,4
15686,24212,2025-01-10 00:00:00,4
15687,24288,2025-01-10 00:00:00,4
15688,24279,2025-01-10 00:00:00,4
15689,24276,2025-01-10 00:00:00,4
15690,24150,2025-01-10 00:00:00,4
15691,24155,2025-01-10 00:00:00,4
15692,24247,2025-01-10 00:00:00,4
15693,24158,2025-01-10 00:00:00,4
15694,24086,2025-01-10 00:00:00,4
15695,24070,2025-01-10 00:00:00,4
15697,24204,2025-01-10 00:00:00,4
15698,24052,2025-01-10 00:00:00,4
15699,24264,2025-01-10 00:00:00,4
15700,24186,2025-01-10 00:00:00,4
15701,24149,2025-01-10 00:00:00,4
15702,MSN12,2025-01-10 00:00:00,8
15703,2027,2025-01-10 00:00:00,CACH
15704,1126,2025-01-10 00:00:00,CACH
15705,25003,2025-01-07 00:00:00,CACH
15706,25004,2025-01-09 00:00:00,CACH
15707,25005,2025-01-09 00:00:00,CACH
15708,25006,2025-01-09 00:00:00,C4
15709,1310,2025-01-07 00:00:00,1A
15710,2208A,2025-01-09 00:00:00,1A
15711,2171,2025-01-09 00:00:00,1A
15712,1117,2025-01-09 00:00:00,C4
15713,1213,2025-01-14 00:00:00,MUERTO
15714,1161A,2025-01-14 00:00:00,MUERTO
15715,1049,2025-01-14 00:00:00,MUERTO
15716,1253,2025-01-14 00:00:00,MUERTO
15717,1095,2025-01-14 00:00:00,MUERTO
15718,0196,2025-01-14 00:00:00,MUERTO
15719,9136A,2025-01-13 00:00:00,CACH
15720,0018,2025-01-15 00:00:00,6
15721,0107,2025-01-15 00:00:00,Mater
15722,0111,2025-01-15 00:00:00,6
15723,0132,2025-01-15 00:00:00,Mater
15724,0201,2025-01-15 00:00:00,6
15725,0202,2025-01-15 00:00:00,6
15726,0208A,2025-01-15 00:00:00,6
15727,0220,2025-01-15 00:00:00,6
15728,0226,2025-01-15 00:00:00,6
15729,0233,2025-01-15 00:00:00,6
15730,0240,2025-01-15 00:00:00,6
15731,0241,2025-01-15 00:00:00,6
15732,0249,2025-01-15 00:00:00,6
15733,0258,2025-01-15 00:00:00,6
15734,0271,2025-01-15 00:00:00,6
15735,0272,2025-01-15 00:00:00,6
15736,0291,2025-01-15 00:00:00,6
15737,0297,2025-01-15 00:00:00,6
15738,0298A,2025-01-15 00:00:00,6
15739,0320,2025-01-15 00:00:00,Mater
15740,0322,2025-01-15 00:00:00,6
15741,0323,2025-01-15 00:00:00,6
15742,0326,2025-01-15 00:00:00,6
15743,0329,2025-01-15 00:00:00,6
15744,0333,2025-01-15 00:00:00,6
15745,0343,2025-01-15 00:00:00,6
15746,0350,2025-01-15 00:00:00,6
15747,0355,2025-01-15 00:00:00,6
15748,0740,2025-01-15 00:00:00,6
15749,1004,2025-01-15 00:00:00,6
15750,1005,2025-01-15 00:00:00,6
15751,10431,2025-01-15 00:00:00,6
15752,1063,2025-01-15 00:00:00,6
15753,1066A,2025-01-15 00:00:00,6
15754,1075,2025-01-15 00:00:00,6
15755,1090A,2025-01-15 00:00:00,6
15756,1091,2025-01-15 00:00:00,6
15757,1096,2025-01-15 00:00:00,6
15758,1104A,2025-01-15 00:00:00,6
15759,1109B,2025-01-15 00:00:00,6
15760,1112A,2025-01-15 00:00:00,6
15761,1128,2025-01-15 00:00:00,Mater
15762,1132,2025-01-15 00:00:00,6
15763,1139A,2025-01-15 00:00:00,6
15764,1168,2025-01-15 00:00:00,6
15765,12164,2025-01-15 00:00:00,6
15766,20,2025-01-15 00:00:00,6
15767,2018,2025-01-15 00:00:00,Mater
15768,2021,2025-01-15 00:00:00,Mater
15769,2023,2025-01-15 00:00:00,6
15770,2035A,2025-01-15 00:00:00,6
15771,2047,2025-01-15 00:00:00,6
15772,2048,2025-01-15 00:00:00,6
15773,2052,2025-01-15 00:00:00,6
15774,2062,2025-01-15 00:00:00,6
15775,2063B,2025-01-15 00:00:00,6
15776,2096,2025-01-15 00:00:00,6
15777,2103,2025-01-15 00:00:00,6
15778,2133A,2025-01-15 00:00:00,6
15779,2146,2025-01-15 00:00:00,6
15780,2153,2025-01-15 00:00:00,6
15781,2201,2025-01-15 00:00:00,6
15782,2203,2025-01-15 00:00:00,Mater
15783,2219,2025-01-15 00:00:00,6
15784,3015,2025-01-15 00:00:00,6
15785,3021A,2025-01-15 00:00:00,6
15786,3028A,2025-01-15 00:00:00,Mater
15787,3043,2025-01-15 00:00:00,6
15788,31,2025-01-15 00:00:00,6
15789,3132,2025-01-15 00:00:00,6
15790,33,2025-01-15 00:00:00,6
15791,34,2025-01-15 00:00:00,6
15792,40072,2025-01-15 00:00:00,6
15793,4033,2025-01-15 00:00:00,6
15794,4035,2025-01-15 00:00:00,6
15795,4078,2025-01-15 00:00:00,6
15796,4079,2025-01-15 00:00:00,6
15797,4095,2025-01-15 00:00:00,6
15798,4099,2025-01-15 00:00:00,6
15799,4141,2025-01-15 00:00:00,6
15800,4A,2025-01-15 00:00:00,6
15801,5007,2025-01-15 00:00:00,6
15802,5013,2025-01-15 00:00:00,6
15803,5030,2025-01-15 00:00:00,6
15804,5052,2025-01-15 00:00:00,6
15805,5060,2025-01-15 00:00:00,6
15806,5150,2025-01-15 00:00:00,6
15807,6020,2025-01-15 00:00:00,6
15808,6035,2025-01-15 00:00:00,Mater
15809,6042,2025-01-15 00:00:00,6
15810,6043,2025-01-15 00:00:00,6
15811,7007,2025-01-15 00:00:00,6
15812,7022,2025-01-15 00:00:00,6
15813,7033,2025-01-15 00:00:00,6
15815,7076,2025-01-15 00:00:00,Mater
15816,7077,2025-01-15 00:00:00,6
15817,7083,2025-01-15 00:00:00,6
15818,8011,2025-01-15 00:00:00,6
15819,8014,2025-01-15 00:00:00,6
15820,8028,2025-01-15 00:00:00,6
15821,8030,2025-01-15 00:00:00,6
15822,8036,2025-01-15 00:00:00,Mater
15823,8037,2025-01-15 00:00:00,6
15824,8051,2025-01-15 00:00:00,6
15825,8062,2025-01-15 00:00:00,6
15826,8076,2025-01-15 00:00:00,6
15827,80841,2025-01-15 00:00:00,6
15828,8085,2025-01-15 00:00:00,6
15829,9,2025-01-15 00:00:00,1A
15830,9006,2025-01-15 00:00:00,6
15831,9011,2025-01-15 00:00:00,6
15832,9014,2025-01-15 00:00:00,6
15833,9032,2025-01-15 00:00:00,CACH
15834,9058,2025-01-15 00:00:00,6
15835,9067,2025-01-15 00:00:00,6
15836,9076,2025-01-15 00:00:00,6
15837,9099,2025-01-15 00:00:00,6
15838,9104,2025-01-15 00:00:00,6
15839,91091,2025-01-15 00:00:00,6
15840,9113,2025-01-15 00:00:00,6
15841,9116B,2025-01-15 00:00:00,6
15842,91242,2025-01-15 00:00:00,Mater
15843,9125,2025-01-15 00:00:00,6
15844,9128B,2025-01-15 00:00:00,Mater
15845,9389,2025-01-15 00:00:00,6
15846,EMB 2,2025-01-15 00:00:00,6
15847,EMB 3,2025-01-15 00:00:00,6
15848,SNA,2025-01-15 00:00:00,6
15849,9136,2025-01-15 00:00:00,CACH
15850,8016,2025-01-15 00:00:00,CACH
15851,6067,2025-01-15 00:00:00,6
15852,4008,2025-01-15 00:00:00,6
15853,9110A,2025-01-15 00:00:00,6
15854,2130,2025-01-15 00:00:00,6
15855,7061,2025-01-15 00:00:00,Mater
15856,5111,2025-01-15 00:00:00,CACH
15857,2209A,2025-01-15 00:00:00,Mater
15858,25008,2025-01-15 00:00:00,CACH
15863,BU20,2025-01-15 00:00:00,SERVICIO
15864,BU48,2025-01-15 00:00:00,SERVICIO
15865,0338,2025-01-15 00:00:00,Mater
15866,1015A,2025-01-15 00:00:00,Mater
15867,1188,2025-01-15 00:00:00,Mater
15868,2034,2025-01-15 00:00:00,Mater
15869,2073,2025-01-15 00:00:00,SERVICIO
15870,2090A,2025-01-15 00:00:00,Mater
15871,3044A,2025-01-15 00:00:00,Mater
15872,4008,2025-01-15 00:00:00,SERVICIO
15873,7090,2025-01-15 00:00:00,MG
15874,8063,2025-01-15 00:00:00,MG
15875,9023,2025-01-15 00:00:00,1A
15876,J420,2025-01-15 00:00:00,MG
15877,J422,2025-01-15 00:00:00,MG
15878,J424,2025-01-15 00:00:00,MG
15879,J425,2025-01-15 00:00:00,MG
15880,J426,2025-01-15 00:00:00,MG
15881,J428,2025-01-15 00:00:00,MG
15882,J841,2025-01-15 00:00:00,MG
15883,J8705,2025-01-15 00:00:00,MG
15884,TSN01,2025-01-15 00:00:00,SERVICIO
15885,0206A,2025-01-15 00:00:00,MG
15886,J8705,2025-01-15 00:00:00,MG
15887,9073,2025-01-15 00:00:00,MG
15888,2111,2025-01-15 00:00:00,MG
15889,22172,2025-01-15 00:00:00,MG
15890,0299A,2025-01-15 00:00:00,MG
15891,7038,2025-01-14 00:00:00,1A
15892,9,2025-01-15 00:00:00,1A
15893,8036,2025-01-16 00:00:00,1A
15894,25007,2025-01-14 00:00:00,CACH
15895,25008,2025-01-15 00:00:00,CACH
15896,25009,2025-01-16 00:00:00,CACH
15897,2196A,2024-12-31 00:00:00,1A
15898,60286,2024-12-31 00:00:00,1A
15899,3003A,2024-12-31 00:00:00,1A
15900,2226,2024-12-31 00:00:00,1A
15901,7028,2024-12-31 00:00:00,1A
15902,2124A,2024-12-31 00:00:00,1A
15903,31102,2024-12-31 00:00:00,1A
15904,2148A,2024-12-31 00:00:00,1A
15905,3107,2024-12-31 00:00:00,1A
15906,2083,2024-12-31 00:00:00,1A
15907,3026A,2024-12-31 00:00:00,1A
15908,2050,2024-12-31 00:00:00,1A
15909,3750,2024-12-31 00:00:00,1A
15910,5033,2024-12-31 00:00:00,1A
15911,4087,2024-12-31 00:00:00,1A
15912,4151,2024-12-31 00:00:00,1A
15913,2094A,2024-12-31 00:00:00,1A
15914,3024A,2024-12-31 00:00:00,1A
15915,2063A,2024-12-31 00:00:00,1A
15916,2149A,2024-12-31 00:00:00,1A
15917,5679,2024-12-31 00:00:00,1A
15918,4018,2024-12-31 00:00:00,1A
15919,5144,2024-12-31 00:00:00,1A
15920,3066B,2024-12-31 00:00:00,1A
15921,0500,2024-12-31 00:00:00,1A
15922,2022,2024-12-31 00:00:00,1A
15923,4075,2024-12-31 00:00:00,1A
15924,2143,2024-12-31 00:00:00,1A
15925,3119,2024-12-31 00:00:00,1A
15926,1091A,2024-12-31 00:00:00,1A
15927,2072,2024-12-31 00:00:00,1A
15928,5077,2024-12-31 00:00:00,1A
15929,5090,2024-12-31 00:00:00,1A
15930,6070,2024-12-31 00:00:00,1A
15931,7012,2024-12-31 00:00:00,1A
15932,7059,2024-12-31 00:00:00,1A
15933,7067,2024-12-31 00:00:00,1A
15934,7074,2024-12-31 00:00:00,1A
15935,8046,2024-12-31 00:00:00,1A
15936,8089,2024-12-31 00:00:00,1A
15937,9100,2024-12-31 00:00:00,1A
15938,9007,2024-12-31 00:00:00,1A
15939,1078A,2024-12-31 00:00:00,1A
15940,8096,2024-12-31 00:00:00,1A
15941,8072,2024-12-31 00:00:00,1A
15942,7032,2024-12-31 00:00:00,1A
15944,8005,2024-12-31 00:00:00,1A
15945,80121,2024-12-31 00:00:00,1A
15946,8033,2024-12-31 00:00:00,1A
15947,8043,2024-12-31 00:00:00,1A
15948,8045,2024-12-31 00:00:00,1A
15949,8048,2024-12-31 00:00:00,1A
15950,8054,2024-12-31 00:00:00,1A
15951,8082,2024-12-31 00:00:00,1A
15952,8086,2024-12-31 00:00:00,1A
15953,8087,2024-12-31 00:00:00,1A
15954,809,2024-12-31 00:00:00,1A
15955,9040,2024-12-31 00:00:00,1A
15956,9051,2024-12-31 00:00:00,1A
15957,91171,2024-12-31 00:00:00,1A
15958,8061,2024-12-31 00:00:00,1A
15959,9024,2024-12-31 00:00:00,1A
15960,91172,2024-12-31 00:00:00,1A
15961,0101,2024-12-31 00:00:00,1A
15962,0205,2024-12-31 00:00:00,1A
15963,0259,2024-12-31 00:00:00,1A
15964,0267,2024-12-31 00:00:00,1A
15965,0270,2024-12-31 00:00:00,1A
15966,0299C,2024-12-31 00:00:00,1A
15967,0330A,2024-12-31 00:00:00,1A
15968,0342,2024-12-31 00:00:00,1A
15969,0344,2024-12-31 00:00:00,1A
15970,0353,2024-12-31 00:00:00,1A
15971,1017A,2024-12-31 00:00:00,1A
15972,9020,2024-12-31 00:00:00,1A
15973,0274,2024-12-31 00:00:00,1A
15974,0332,2024-12-31 00:00:00,1A
15975,80472,2024-12-31 00:00:00,1A
15976,1079,2024-12-31 00:00:00,1A
15977,0298,2024-12-31 00:00:00,1A
15978,2039,2024-12-31 00:00:00,1A
15979,1023,2024-12-31 00:00:00,1A
15980,7066,2024-12-31 00:00:00,1A
15981,2080,2024-12-31 00:00:00,1A
15982,5079,2024-12-31 00:00:00,1A
15983,1109A,2024-12-31 00:00:00,1A
15984,4072,2024-12-31 00:00:00,1A
15985,80882,2024-12-31 00:00:00,1A
15986,8017,2024-12-31 00:00:00,1A
15987,7017,2024-12-31 00:00:00,1A
15988,5529,2024-12-31 00:00:00,1A
15989,5638,2024-12-31 00:00:00,1A
15990,1066,2024-12-31 00:00:00,1A
15991,1088A,2024-12-31 00:00:00,1A
15992,2066,2024-12-31 00:00:00,1A
15993,8019,2024-12-31 00:00:00,1A
15994,35,2024-12-31 00:00:00,1A
15995,7087,2024-12-23 00:00:00,10A
15996,9045,2025-01-05 00:00:00,1A
15997,20334,2024-12-28 00:00:00,10A
15998,91262,2024-12-24 00:00:00,10A
15999,0229,2025-01-05 00:00:00,1A
16000,4048,2024-12-23 00:00:00,10A
16001,7087,2024-12-31 00:00:00,1A
16002,20334,2024-12-31 00:00:00,1A
16003,91262,2024-12-31 00:00:00,1A
16004,4048,2024-12-31 00:00:00,1A
16006,24233,2025-01-10 00:00:00,4
16007,J01415,2025-01-18 00:00:00,1A
16008,J25001,2025-01-18 00:00:00,CACH
16009,1125,2025-01-18 00:00:00,1A
16010,25010,2025-01-18 00:00:00,CACH
16011,24304,2025-01-19 00:00:00,MUERTO
16012,9032,2025-01-20 00:00:00,MUERTO
16013,25011,2025-01-20 00:00:00,CACH
16014,9128B,2025-01-20 00:00:00,1A
16015,4151,2025-01-20 00:00:00,CACH
16016,0231A,2025-01-20 00:00:00,CACH
16017,0317,2025-01-22 00:00:00,10B
16018,2027,2025-01-22 00:00:00,3
16019,23143,2025-01-22 00:00:00,NINGUNO
16020,24073,2025-01-22 00:00:00,SERVICIO
16021,24080,2025-01-22 00:00:00,SERVICIO
16022,24094,2025-01-22 00:00:00,SERVICIO
16023,24108,2024-12-18 00:00:00,MUERTO
16024,24163,2025-01-22 00:00:00,SERVICIO
16025,24165,2025-01-22 00:00:00,SERVICIO
16026,24251,2025-01-22 00:00:00,SERVICIO
16028,TSN01,2025-01-22 00:00:00,SERVICIO
16029,BU099,2025-01-22 00:00:00,SERVICIO
16030,BU078,2025-01-22 00:00:00,SERVICIO
16031,BU20,2025-01-22 00:00:00,SERVICIO
16032,BU319,2025-01-22 00:00:00,SERVICIO
16033,BU073,2025-01-22 00:00:00,SERVICIO
16034,BU48,2025-01-22 00:00:00,SERVICIO
16035,BU79,2025-01-22 00:00:00,SERVICIO
16036,BU83,2025-01-22 00:00:00,SERVICIO
16037,BU86,2025-01-22 00:00:00,SERVICIO
16038,BU330,2025-01-22 00:00:00,SERVICIO
16039,0109A,2025-01-21 00:00:00,5
16040,0116A,2025-01-21 00:00:00,5
16041,0127,2025-01-21 00:00:00,5
16042,0204B,2025-01-21 00:00:00,5
16043,099,2025-01-21 00:00:00,5
16044,1008,2025-01-21 00:00:00,5
16045,1018,2025-01-21 00:00:00,5
16046,1027A,2025-01-21 00:00:00,5
16047,1033,2025-01-21 00:00:00,5
16048,1044,2025-01-21 00:00:00,5
16049,1055A,2025-01-21 00:00:00,5
16050,1056,2025-01-21 00:00:00,5
16051,1067,2025-01-21 00:00:00,5
16052,1068A,2025-01-21 00:00:00,5
16053,1070,2025-01-21 00:00:00,5
16054,1070A,2025-01-21 00:00:00,5
16055,1076,2025-01-21 00:00:00,5
16056,1077,2025-01-21 00:00:00,5
16057,1082A,2025-01-21 00:00:00,5
16058,1085,2025-01-21 00:00:00,5
16059,1092A,2025-01-21 00:00:00,5
16060,1093,2025-01-21 00:00:00,5
16061,1096A,2025-01-21 00:00:00,5
16062,1097A,2025-01-21 00:00:00,5
16063,1101A,2025-01-21 00:00:00,5
16064,1104,2025-01-21 00:00:00,5
16065,1112,2025-01-21 00:00:00,5
16066,1130A,2025-01-21 00:00:00,5
16067,1133,2025-01-21 00:00:00,5
16068,1237,2025-01-21 00:00:00,5
16069,2001B,2025-01-21 00:00:00,5
16070,2004,2025-01-21 00:00:00,5
16071,2005A,2025-01-21 00:00:00,5
16072,2005B,2025-01-21 00:00:00,5
16073,2010,2025-01-21 00:00:00,5
16074,2025,2025-01-21 00:00:00,5
16075,2029,2025-01-21 00:00:00,5
16076,2039A,2025-01-21 00:00:00,5
16077,2041,2025-01-21 00:00:00,5
16078,2044,2025-01-21 00:00:00,5
16079,2045,2025-01-21 00:00:00,5
16080,2053,2025-01-21 00:00:00,5
16081,2054,2025-01-21 00:00:00,5
16082,2056,2025-01-21 00:00:00,5
16083,2058,2025-01-21 00:00:00,5
16084,2067,2025-01-21 00:00:00,5
16085,2090,2025-01-21 00:00:00,5
16086,2092,2025-01-21 00:00:00,5
16087,2094,2025-01-21 00:00:00,5
16088,2099,2025-01-21 00:00:00,5
16089,2101,2025-01-21 00:00:00,5
16090,2106,2025-01-21 00:00:00,5
16091,2149,2025-01-21 00:00:00,5
16092,2154,2025-01-21 00:00:00,5
16093,2155,2025-01-21 00:00:00,5
16094,2159,2025-01-21 00:00:00,5
16095,2167,2025-01-21 00:00:00,5
16096,2170,2025-01-21 00:00:00,5
16097,2174,2025-01-21 00:00:00,5
16098,22114,2025-01-21 00:00:00,5
16099,22115,2025-01-21 00:00:00,5
16100,22118,2025-01-21 00:00:00,5
16101,22120,2025-01-21 00:00:00,5
16102,22132,2025-01-21 00:00:00,5
16103,22157,2025-01-21 00:00:00,5
16104,22158,2025-01-21 00:00:00,5
16105,22166,2025-01-21 00:00:00,5
16106,22168,2025-01-21 00:00:00,5
16107,22175,2025-01-21 00:00:00,5
16108,22178,2025-01-21 00:00:00,5
16109,22181,2025-01-21 00:00:00,5
16110,22185,2025-01-21 00:00:00,5
16111,22188,2025-01-21 00:00:00,5
16112,22194,2025-01-21 00:00:00,5
16113,22206,2025-01-21 00:00:00,5
16114,22209,2025-01-21 00:00:00,5
16115,23004,2025-01-21 00:00:00,5
16116,23011,2025-01-21 00:00:00,5
16117,23015,2025-01-21 00:00:00,5
16118,23146,2025-01-21 00:00:00,5
16119,SN50,2025-01-21 00:00:00,5
16120,22100,2025-01-21 00:00:00,5
16121,22100,2025-01-21 00:00:00,SERVICIO
16122,2040,2025-01-20 00:00:00,3
16123,0353,2025-01-20 00:00:00,3
16124,4072,2025-01-20 00:00:00,3
16125,7038,2025-01-20 00:00:00,3
16126,9024,2025-01-20 00:00:00,3
16127,6021,2025-01-20 00:00:00,3
16128,2080,2025-01-20 00:00:00,3
16129,4018,2025-01-20 00:00:00,3
16130,2149A,2025-01-20 00:00:00,3
16131,2180A,2025-01-20 00:00:00,3
16132,7059,2025-01-20 00:00:00,3
16133,1091A,2025-01-20 00:00:00,3
16134,5077,2025-01-20 00:00:00,3
16135,8033,2025-01-20 00:00:00,3
16136,1015,2025-01-20 00:00:00,3
16137,5144,2025-01-20 00:00:00,3
16138,80121,2025-01-20 00:00:00,3
16139,7017,2025-01-20 00:00:00,3
16140,0336,2025-01-20 00:00:00,3
16141,0101,2025-01-20 00:00:00,3
16142,5079,2025-01-20 00:00:00,3
16143,0342,2025-01-20 00:00:00,3
16144,0298,2025-01-20 00:00:00,3
16145,8072,2025-01-20 00:00:00,3
16146,5146,2025-01-20 00:00:00,3
16147,9020,2025-01-20 00:00:00,3
16148,0299C,2025-01-20 00:00:00,3
16149,4101,2025-01-20 00:00:00,3
16150,7012,2025-01-20 00:00:00,3
16151,4075,2025-01-20 00:00:00,3
16152,3026A,2025-01-20 00:00:00,3
16153,7032,2025-01-20 00:00:00,3
16154,0500,2025-01-20 00:00:00,3
16155,3107,2025-01-20 00:00:00,3
16156,8017,2025-01-20 00:00:00,3
16157,8005,2025-01-20 00:00:00,3
16158,9100,2025-01-20 00:00:00,3
16159,2083,2025-01-20 00:00:00,3
16160,2022,2025-01-20 00:00:00,3
16161,2027,2025-01-20 00:00:00,3
16162,5629,2025-01-20 00:00:00,1A
16163,0185,2025-01-22 00:00:00,MG
16164,0254,2025-01-22 00:00:00,MG
16165,1064,2025-01-22 00:00:00,MG
16166,1126,2025-01-22 00:00:00,MG
16167,2042,2025-01-22 00:00:00,MG
16168,23154,2025-01-22 00:00:00,MG
16169,23168,2025-01-22 00:00:00,10B
16170,24006,2025-01-22 00:00:00,10B
16171,24007,2025-01-22 00:00:00,10B
16172,24014,2025-01-22 00:00:00,10B
16173,24023,2025-01-22 00:00:00,10B
16174,24028,2025-01-22 00:00:00,10B
16175,24032,2025-01-22 00:00:00,10B
16176,24033,2025-01-22 00:00:00,10B
16177,24034,2025-01-22 00:00:00,MG
16178,24039,2025-01-22 00:00:00,10B
16179,24042,2025-01-22 00:00:00,10B
16180,24043,2025-01-22 00:00:00,10B
16181,24045,2025-01-22 00:00:00,10B
16182,24048,2025-01-22 00:00:00,10B
16183,24050,2025-01-22 00:00:00,10B
16184,24051,2025-01-22 00:00:00,10B
16185,24053,2025-01-22 00:00:00,10B
16186,24054,2025-01-22 00:00:00,10B
16187,24056,2025-01-22 00:00:00,10B
16188,24058,2025-01-22 00:00:00,10B
16189,24060,2025-01-22 00:00:00,10B
16190,24061,2025-01-22 00:00:00,10B
16191,24069,2025-01-22 00:00:00,10B
16192,24072,2025-01-22 00:00:00,10B
16193,24074,2025-01-22 00:00:00,10B
16194,24084,2025-01-22 00:00:00,10B
16195,24102,2025-01-22 00:00:00,10B
16196,24106,2025-01-22 00:00:00,10B
16197,24109,2025-01-22 00:00:00,10B
16198,24114,2025-01-22 00:00:00,10B
16199,24115,2025-01-22 00:00:00,10B
16200,24117,2025-01-22 00:00:00,10B
16201,24118,2025-01-22 00:00:00,10B
16202,24127,2025-01-22 00:00:00,10B
16203,24130,2025-01-22 00:00:00,CACH
16204,24131,2025-01-22 00:00:00,10B
16205,24133,2025-01-22 00:00:00,10B
16206,24135,2025-01-22 00:00:00,10B
16207,24137,2025-01-22 00:00:00,CACH
16208,24140,2025-01-22 00:00:00,CACH
16209,24143,2025-01-22 00:00:00,10B
16210,24144,2025-01-22 00:00:00,10B
16211,24146,2025-01-22 00:00:00,10B
16212,24147,2025-01-22 00:00:00,10B
16213,24148,2025-01-22 00:00:00,10B
16214,24151,2025-01-22 00:00:00,CACH
16215,24156,2025-01-22 00:00:00,CACH
16216,24162,2025-01-22 00:00:00,CACH
16217,24167,2025-01-22 00:00:00,CACH
16218,24168,2025-01-22 00:00:00,CACH
16219,24170,2025-01-22 00:00:00,CACH
16220,24172,2025-01-22 00:00:00,10B
16221,24173,2025-01-22 00:00:00,10B
16222,24176,2025-01-22 00:00:00,10B
16223,24177,2025-01-22 00:00:00,10B
16224,24178,2025-01-22 00:00:00,10B
16225,24179,2025-01-22 00:00:00,10B
16226,24185,2025-01-22 00:00:00,CACH
16227,24187,2025-01-22 00:00:00,CACH
16228,24188,2025-01-22 00:00:00,CACH
16229,24189,2025-01-22 00:00:00,CACH
16230,24191,2025-01-22 00:00:00,10B
16231,24193,2025-01-22 00:00:00,CACH
16232,24195,2025-01-22 00:00:00,CACH
16233,24196,2025-01-22 00:00:00,10B
16234,24197,2025-01-22 00:00:00,10B
16235,24200,2025-01-22 00:00:00,CACH
16236,24202,2025-01-22 00:00:00,CACH
16237,24207,2025-01-22 00:00:00,10B
16238,24209,2025-01-22 00:00:00,CACH
16239,24213,2025-01-22 00:00:00,10B
16240,24214,2025-01-22 00:00:00,10B
16241,24216,2025-01-22 00:00:00,CACH
16242,24218,2025-01-22 00:00:00,CACH
16243,24219,2025-01-22 00:00:00,10B
16244,24220,2025-01-22 00:00:00,CACH
16245,24221,2025-01-22 00:00:00,CACH
16246,24222,2025-01-22 00:00:00,MG
16247,24229,2025-01-22 00:00:00,MG
16248,24230,2025-01-22 00:00:00,CACH
16249,24232,2025-01-22 00:00:00,CACH
16250,24234,2025-01-22 00:00:00,CACH
16251,24235,2025-01-22 00:00:00,CACH
16252,24237,2025-01-22 00:00:00,10B
16253,24239,2025-01-22 00:00:00,CACH
16254,24240,2025-01-22 00:00:00,10B
16255,24243,2025-01-22 00:00:00,CACH
16256,24244,2025-01-22 00:00:00,CACH
16257,24245,2025-01-22 00:00:00,10B
16258,24246,2025-01-22 00:00:00,CACH
16259,24248,2025-01-22 00:00:00,CACH
16260,24249,2025-01-22 00:00:00,CACH
16261,24250,2025-01-22 00:00:00,CACH
16262,24252,2025-01-22 00:00:00,CACH
16263,24254,2025-01-22 00:00:00,10B
16264,24255,2025-01-22 00:00:00,10B
16265,24256,2025-01-22 00:00:00,CACH
16266,24259,2025-01-22 00:00:00,CACH
16267,24260,2025-01-22 00:00:00,CACH
16268,24261,2025-01-22 00:00:00,CACH
16269,24262,2025-01-22 00:00:00,CACH
16270,24263,2025-01-22 00:00:00,10B
16271,24265,2025-01-22 00:00:00,CACH
16272,24268,2025-01-22 00:00:00,10B
16273,24269,2025-01-22 00:00:00,10B
16274,24270,2025-01-22 00:00:00,10B
16275,24271,2025-01-22 00:00:00,10B
16276,24272,2025-01-22 00:00:00,CACH
16277,24273,2025-01-22 00:00:00,CACH
16278,24274,2025-01-22 00:00:00,CACH
16279,24275,2025-01-22 00:00:00,CACH
16280,24277,2025-01-22 00:00:00,CACH
16281,24278,2025-01-22 00:00:00,CACH
16282,24280,2025-01-22 00:00:00,CACH
16283,24282,2025-01-22 00:00:00,CACH
16284,24283,2025-01-22 00:00:00,CACH
16285,24284,2025-01-22 00:00:00,CACH
16286,24285,2025-01-22 00:00:00,CACH
16287,24286,2025-01-22 00:00:00,CACH
16288,24287,2025-01-22 00:00:00,CACH
16289,24289,2025-01-22 00:00:00,CACH
16290,24290,2025-01-22 00:00:00,CACH
16291,24291,2025-01-22 00:00:00,CACH
16292,24292,2025-01-22 00:00:00,CACH
16293,24296,2025-01-22 00:00:00,CACH
16294,24297,2025-01-22 00:00:00,CACH
16295,24298,2025-01-22 00:00:00,CACH
16296,24299,2025-01-22 00:00:00,CACH
16297,24300,2025-01-22 00:00:00,CACH
16298,25001,2025-01-22 00:00:00,CACH
16299,25002,2025-01-22 00:00:00,CACH
16300,25003,2025-01-22 00:00:00,CACH
16301,25004,2025-01-22 00:00:00,CACH
16302,25005,2025-01-22 00:00:00,CACH
16303,25007,2025-01-22 00:00:00,CACH
16304,25008,2025-01-22 00:00:00,CACH
16305,25009,2025-01-22 00:00:00,CACH
16306,25010,2025-01-22 00:00:00,10B
16307,25011,2025-01-22 00:00:00,CACH
16308,4065,2025-01-22 00:00:00,CACH
16309,J25001,2025-01-22 00:00:00,CACH
16310,24233,2025-01-22 00:00:00,10B
16311,23232,2025-01-22 00:00:00,10B
16312,23233,2025-01-22 00:00:00,10B
16313,23239,2025-01-22 00:00:00,CACH
16314,23203,2025-01-22 00:00:00,MG
16315,23204,2025-01-22 00:00:00,MG
16316,9136A,2025-01-22 00:00:00,MG
16317,2072,2025-01-22 00:00:00,MG
16318,0231A,2025-01-22 00:00:00,MG
16319,8086,2025-01-22 00:00:00,MG
16320,24055,2025-01-22 00:00:00,MG
16321,24205,2025-01-22 00:00:00,MG
16322,23242,2025-01-22 00:00:00,MG
16323,24046,2025-01-22 00:00:00,MG
16324,23225,2025-01-22 00:00:00,MG
16325,24036,2025-01-22 00:00:00,10B
16326,0125,2025-01-23 00:00:00,4
16327,0128,2025-01-23 00:00:00,4
16328,0143,2025-01-23 00:00:00,4
16329,0206B,2025-01-23 00:00:00,4
16330,0211,2025-01-23 00:00:00,4
16331,0224,2025-01-23 00:00:00,4
16332,02331,2025-01-23 00:00:00,4
16333,0246,2025-01-23 00:00:00,4
16334,0252,2025-01-23 00:00:00,4
16335,0269,2025-01-23 00:00:00,4
16336,0278,2025-01-23 00:00:00,4
16337,0321,2025-01-23 00:00:00,4
16338,0327,2025-01-23 00:00:00,4
16339,0348,2025-01-23 00:00:00,4
16340,0349,2025-01-23 00:00:00,4
16341,0352,2025-01-23 00:00:00,4
16342,0354,2025-01-23 00:00:00,4
16343,10391,2025-01-23 00:00:00,4
16344,1052A,2025-01-23 00:00:00,4
16345,1056A,2025-01-23 00:00:00,6
16346,1077A,2025-01-23 00:00:00,4
16347,1103,2025-01-23 00:00:00,4
16348,1123,2025-01-23 00:00:00,4
16349,19,2025-01-23 00:00:00,4
16350,2007,2025-01-23 00:00:00,4
16351,2019,2025-01-23 00:00:00,4
16352,2024,2025-01-23 00:00:00,4
16353,2030,2025-01-23 00:00:00,4
16354,2036,2025-01-23 00:00:00,4
16355,2037,2025-01-23 00:00:00,4
16356,2060,2025-01-23 00:00:00,4
16357,2065,2025-01-23 00:00:00,4
16358,2087,2025-01-23 00:00:00,4
16359,2097,2025-01-23 00:00:00,4
16360,2108,2025-01-23 00:00:00,4
16361,2109,2025-01-23 00:00:00,4
16362,2234,2025-01-23 00:00:00,4
16363,24052,2025-01-23 00:00:00,VAQ
16364,24070,2025-01-23 00:00:00,VAQ
16365,24073,2025-01-23 00:00:00,VAQ
16366,24086,2025-01-23 00:00:00,VAQ
16367,24094,2025-01-23 00:00:00,VAQ
16368,24124,2025-01-23 00:00:00,VAQ
16369,24129,2025-01-23 00:00:00,VAQ
16370,24132,2025-01-23 00:00:00,VAQ
16371,24134,2025-01-23 00:00:00,VAQ
16372,24141,2025-01-23 00:00:00,VAQ
16373,24142,2025-01-23 00:00:00,VAQ
16374,24145,2025-01-23 00:00:00,VAQ
16375,24149,2025-01-23 00:00:00,VAQ
16376,24150,2025-01-23 00:00:00,4
16377,24152,2025-01-23 00:00:00,4
16378,24153,2025-01-23 00:00:00,4
16379,24154,2025-01-23 00:00:00,VAQ
16380,24155,2025-01-23 00:00:00,4
16381,24157,2025-01-23 00:00:00,VAQ
16382,24158,2025-01-23 00:00:00,4
16383,24159,2025-01-23 00:00:00,4
16384,24160,2025-01-23 00:00:00,4
16385,24163,2025-01-23 00:00:00,4
16386,24164,2025-01-23 00:00:00,VAQ
16387,24169,2025-01-23 00:00:00,4
16388,24180,2025-01-23 00:00:00,4
16389,24181,2025-01-23 00:00:00,4
16390,24182,2025-01-23 00:00:00,4
16391,24186,2025-01-23 00:00:00,4
16392,24190,2025-01-23 00:00:00,4
16393,24194,2025-01-23 00:00:00,4
16394,24198,2025-01-23 00:00:00,4
16395,24201,2025-01-23 00:00:00,4
16396,24203,2025-01-23 00:00:00,4
16397,24204,2025-01-23 00:00:00,4
16399,24206,2025-01-23 00:00:00,4
16400,24210,2025-01-23 00:00:00,4
16401,24211,2025-01-23 00:00:00,4
16402,24212,2025-01-23 00:00:00,4
16403,24217,2025-01-23 00:00:00,4
16404,24224,2025-01-23 00:00:00,4
16405,24231,2025-01-23 00:00:00,4
16407,24238,2025-01-23 00:00:00,4
16408,24242,2025-01-23 00:00:00,4
16409,24247,2025-01-23 00:00:00,4
16410,24264,2025-01-23 00:00:00,4
16411,24276,2025-01-23 00:00:00,4
16412,24279,2025-01-23 00:00:00,4
16413,24288,2025-01-23 00:00:00,4
16414,30,2025-01-23 00:00:00,4
16415,3027A,2025-01-23 00:00:00,6
16416,3108,2025-01-23 00:00:00,4
16417,3178,2025-01-23 00:00:00,6
16418,4007,2025-01-23 00:00:00,4
16419,4023,2025-01-23 00:00:00,4
16420,4055,2025-01-23 00:00:00,4
16421,4066,2025-01-23 00:00:00,4
16422,4076,2025-01-23 00:00:00,4
16423,4100,2025-01-23 00:00:00,4
16424,4109,2025-01-23 00:00:00,4
16425,4172,2025-01-23 00:00:00,4
16426,50501,2025-01-23 00:00:00,4
16427,50741,2025-01-23 00:00:00,4
16428,5076,2025-01-23 00:00:00,6
16429,5082,2025-01-23 00:00:00,4
16430,5092,2025-01-23 00:00:00,4
16431,5098,2025-01-23 00:00:00,4
16432,6008,2025-01-23 00:00:00,4
16433,6011,2025-01-23 00:00:00,4
16434,6031,2025-01-23 00:00:00,6
16435,6037,2025-01-23 00:00:00,4
16436,6050,2025-01-23 00:00:00,4
16437,7072,2025-01-23 00:00:00,4
16438,7080,2025-01-23 00:00:00,6
16439,7092,2025-01-23 00:00:00,4
16440,8006,2025-01-23 00:00:00,4
16441,8010,2025-01-23 00:00:00,4
16442,8026,2025-01-23 00:00:00,4
16443,80272,2025-01-23 00:00:00,4
16444,8041,2025-01-23 00:00:00,4
16445,8050,2025-01-23 00:00:00,6
16446,8060,2025-01-23 00:00:00,4
16447,8067,2025-01-23 00:00:00,4
16448,8077,2025-01-23 00:00:00,4
16449,8093,2025-01-23 00:00:00,4
16450,9016,2025-01-23 00:00:00,4
16451,9035,2025-01-23 00:00:00,4
16452,9037,2025-01-23 00:00:00,4
16453,9046,2025-01-23 00:00:00,4
16454,9047,2025-01-23 00:00:00,4
16455,9053,2025-01-23 00:00:00,4
16456,9071,2025-01-23 00:00:00,4
16457,9091,2025-01-23 00:00:00,4
16458,9121,2025-01-23 00:00:00,4
16459,9122,2025-01-23 00:00:00,4
16460,9126A,2025-01-23 00:00:00,4
16461,9192,2025-01-23 00:00:00,4
16462,9219,2025-01-23 00:00:00,4
16463,EMB 5,2025-01-23 00:00:00,4
16465,2217,2025-01-23 00:00:00,4
16466,2093,2025-01-23 00:00:00,MAR2
16467,2200,2025-01-23 00:00:00,MAR2
16468,22049,2025-01-23 00:00:00,MAR2
16469,22126,2025-01-23 00:00:00,MAR2
16470,22135,2025-01-23 00:00:00,MAR2
16471,22149,2025-01-23 00:00:00,MAR2
16472,22195,2025-01-23 00:00:00,MAR2
16473,23031,2025-01-23 00:00:00,MAR2
16474,23033,2025-01-23 00:00:00,MAR2
16475,23094,2025-01-23 00:00:00,MAR2
16476,23125,2025-01-23 00:00:00,MAR2
16477,23139,2025-01-23 00:00:00,MAR2
16478,23140,2025-01-23 00:00:00,MAR2
16479,23148,2025-01-23 00:00:00,MAR2
16480,23201,2025-01-23 00:00:00,MAR2
16481,23220,2025-01-23 00:00:00,MAR2
16482,23222,2025-01-23 00:00:00,MAR2
16483,23223,2025-01-23 00:00:00,MAR2
16484,23224,2025-01-23 00:00:00,MAR2
16485,23227,2025-01-23 00:00:00,MAR2
16486,23230,2025-01-23 00:00:00,MAR2
16487,23237,2025-01-23 00:00:00,MAR2
16488,23238,2025-01-23 00:00:00,MAR2
16489,23240,2025-01-23 00:00:00,MAR2
16490,23241,2025-01-23 00:00:00,MAR2
16491,23243,2025-01-23 00:00:00,MAR2
16492,23244,2025-01-23 00:00:00,MAR2
16493,23246,2025-01-23 00:00:00,MAR2
16494,23248,2025-01-23 00:00:00,MAR2
16495,23249,2025-01-23 00:00:00,MAR2
16496,23250,2025-01-23 00:00:00,MAR2
16497,23251,2025-01-23 00:00:00,MAR2
16498,23252,2025-01-23 00:00:00,MAR2
16499,24001,2025-01-23 00:00:00,MAR2
16500,24002,2025-01-23 00:00:00,MAR2
16501,24003,2025-01-23 00:00:00,MAR2
16502,24004,2025-01-23 00:00:00,MAR2
16503,24005,2025-01-23 00:00:00,MAR2
16504,24008,2025-01-23 00:00:00,MAR2
16505,24016,2025-01-23 00:00:00,MAR2
16506,24018,2025-01-23 00:00:00,MAR2
16507,24019,2025-01-23 00:00:00,MAR2
16508,24020,2025-01-23 00:00:00,MAR2
16509,24021,2025-01-23 00:00:00,MAR2
16510,24040,2025-01-23 00:00:00,MAR2
16511,24062,2025-01-23 00:00:00,MAR2
16512,24068,2025-01-23 00:00:00,MAR2
16513,24080,2025-01-23 00:00:00,MAR2
16514,J401,2025-01-23 00:00:00,MAR2
16515,J402,2025-01-23 00:00:00,MAR2
16516,J403,2025-01-23 00:00:00,MAR2
16517,J404,2025-01-23 00:00:00,MAR2
16518,J405,2025-01-23 00:00:00,MAR2
16519,J406,2025-01-23 00:00:00,MAR2
16520,J407,2025-01-23 00:00:00,MAR2
16521,J408,2025-01-23 00:00:00,MAR2
16522,J409,2025-01-23 00:00:00,MAR2
16523,J4010,2025-01-23 00:00:00,MAR2
16524,J412,2025-01-23 00:00:00,MAR2
16525,J413,2025-01-23 00:00:00,MAR2
16526,J414,2025-01-23 00:00:00,MAR2
16527,J415,2025-01-23 00:00:00,MAR2
16528,J416,2025-01-23 00:00:00,MAR2
16529,J417,2025-01-23 00:00:00,MAR2
16530,J418,2025-01-23 00:00:00,MAR2
16531,J419,2025-01-23 00:00:00,MAR2
16532,J4011,2025-01-23 00:00:00,MAR2
16533,BU099,2025-01-23 00:00:00,MAR1
16534,BU078,2025-01-23 00:00:00,MAR1
16535,BU20,2025-01-23 00:00:00,MAR1
16536,BU319,2025-01-23 00:00:00,MAR1
16537,BU073,2025-01-23 00:00:00,MAR1
16538,BU48,2025-01-23 00:00:00,MAR1
16539,BU79,2025-01-23 00:00:00,MAR1
16540,BU83,2025-01-23 00:00:00,MAR1
16541,BU86,2025-01-23 00:00:00,MAR1
16542,BU330,2025-01-23 00:00:00,MAR1
16543,24165,2025-01-24 00:00:00,CACH
16544,8078,2024-09-22 00:00:00,MUERTO
16545,24251,2025-01-24 00:00:00,10B
16546,TSN01,2025-01-24 00:00:00,Finca_Sr_Juan
16547,5111,2025-01-19 00:00:00,NINGUNO
16548,8016,2025-01-22 00:00:00,NINGUNO
16549,8040,2025-01-22 00:00:00,NINGUNO
16550,9136,2025-01-19 00:00:00,NINGUNO
16551,8050,2025-01-24 00:00:00,3
16552,24149,2025-01-24 00:00:00,10B
16553,BU052,2025-01-25 00:00:00,MUERTO
16554,BU2501,2025-01-25 00:00:00,MUERTO
16555,2093,2024-12-25 00:00:00,1A
16556,24203,2024-12-25 00:00:00,MUERTO
16557,24305,2024-12-25 00:00:00,MUERTO
16558,7061,2025-01-25 00:00:00,1A
16559,1084A,2025-01-26 00:00:00,C4
16560,25012,2025-01-25 00:00:00,CACH
16561,25013,2025-01-26 00:00:00,C4
16562,2073,2025-01-26 00:00:00,3
16563,24124,2025-01-27 00:00:00,C4
16564,24129,2025-01-27 00:00:00,C4
16565,24134,2025-01-27 00:00:00,C4
16566,24141,2025-01-27 00:00:00,C4
16567,24142,2025-01-27 00:00:00,C4
16568,24145,2025-01-27 00:00:00,C4
16569,24154,2025-01-27 00:00:00,C4
16570,24157,2025-01-27 00:00:00,C4
16571,24164,2025-01-27 00:00:00,C4
16572,24033,2025-01-27 00:00:00,C4
16573,24102,2025-01-27 00:00:00,C4
16574,24054,2025-01-27 00:00:00,C4
16575,24074,2025-01-27 00:00:00,C4
16576,24034,2025-01-27 00:00:00,C4
16577,24106,2025-01-27 00:00:00,C4
16578,24069,2025-01-27 00:00:00,C4
16579,24061,2025-01-27 00:00:00,C4
16580,3044A,2025-01-27 00:00:00,1A
16581,25014,2025-01-27 00:00:00,CACH
16582,3227,2025-01-27 00:00:00,MUERTO
16583,25015,2025-01-28 00:00:00,C4
16584,24306,2024-09-15 00:00:00,NINGUNO
16585,24307,2024-12-15 00:00:00,NINGUNO
16586,24308,2024-09-15 00:00:00,NINGUNO
16587,25016,2025-01-15 00:00:00,NINGUNO
16588,25017,2025-01-30 00:00:00,CACH
16590,J25002,2025-01-30 00:00:00,CACH
16591,9500,2024-09-15 00:00:00,NINGUNO
16592,1501,2024-12-15 00:00:00,NINGUNO
16593,0307,2024-09-15 00:00:00,NINGUNO
16594,J426,2025-01-30 00:00:00,1A
16595,0310,2025-01-15 00:00:00,NINGUNO
16596,3028A,2025-01-30 00:00:00,1A
16597,0132,2025-01-30 00:00:00,1A
16598,pend46,2024-07-15 00:00:00,NINGUNO
16599,pend47,2024-12-05 00:00:00,NINGUNO
16600,pend48,2024-12-11 00:00:00,NINGUNO
16601,25002,2025-02-01 00:00:00,MUERTO
16602,2196A,2025-02-01 00:00:00,10A
16603,2171,2025-02-01 00:00:00,10A
16604,60286,2025-02-01 00:00:00,10A
16605,3003A,2025-02-01 00:00:00,10A
16606,2226,2025-02-01 00:00:00,10A
16607,7028,2025-02-01 00:00:00,10A
16608,2124A,2025-02-01 00:00:00,10A
16609,31102,2025-02-01 00:00:00,10A
16610,2208A,2025-02-01 00:00:00,10A
16611,2148A,2025-02-01 00:00:00,10A
16612,2050,2025-02-01 00:00:00,10A
16613,3750,2025-02-01 00:00:00,10A
16614,5033,2025-02-01 00:00:00,10A
16615,4087,2025-02-01 00:00:00,10A
16616,2094A,2025-02-01 00:00:00,10A
16617,3024A,2025-02-01 00:00:00,10A
16618,2063A,2025-02-01 00:00:00,10A
16619,5679,2025-02-01 00:00:00,10A
16620,3066B,2025-02-01 00:00:00,10A
16621,0132,2025-02-01 00:00:00,10A
16622,2143,2025-02-01 00:00:00,10A
16623,3119,2025-02-01 00:00:00,10A
16624,8036,2025-02-01 00:00:00,10A
16625,3028A,2025-02-01 00:00:00,10A
16626,5090,2025-02-01 00:00:00,10A
16627,6070,2025-02-01 00:00:00,10A
16628,7067,2025-02-01 00:00:00,10A
16629,7074,2025-02-01 00:00:00,10A
16630,7087,2025-02-01 00:00:00,10A
16631,8046,2025-02-01 00:00:00,10A
16632,8089,2025-02-01 00:00:00,10A
16633,9045,2025-02-01 00:00:00,10A
16634,9007,2025-02-01 00:00:00,10A
16635,1078A,2025-02-01 00:00:00,10A
16636,8096,2025-02-01 00:00:00,10A
16637,20334,2025-02-01 00:00:00,10A
16638,3044A,2025-02-01 00:00:00,10A
16639,7061,2025-02-01 00:00:00,10A
16641,8043,2025-02-01 00:00:00,10A
16642,8045,2025-02-01 00:00:00,10A
16643,8048,2025-02-01 00:00:00,10A
16644,8054,2025-02-01 00:00:00,10A
16645,8082,2025-02-01 00:00:00,10A
16646,8087,2025-02-01 00:00:00,10A
16647,809,2025-02-01 00:00:00,10A
16648,9040,2025-02-01 00:00:00,10A
16649,9051,2025-02-01 00:00:00,10A
16650,91171,2025-02-01 00:00:00,10A
16651,1310,2025-02-01 00:00:00,10A
16652,8061,2025-02-01 00:00:00,10A
16653,91172,2025-02-01 00:00:00,10A
16654,91262,2025-02-01 00:00:00,10A
16655,9128B,2025-02-01 00:00:00,10A
16656,0205,2025-02-01 00:00:00,10A
16657,0229,2025-02-01 00:00:00,10A
16658,0259,2025-02-01 00:00:00,10A
16659,0267,2025-02-01 00:00:00,10A
16660,0270,2025-02-01 00:00:00,10A
16661,0330A,2025-02-01 00:00:00,10A
16662,0344,2025-02-01 00:00:00,10A
16663,1017A,2025-02-01 00:00:00,10A
16664,0274,2025-02-01 00:00:00,10A
16665,9023,2025-02-01 00:00:00,10A
16666,0332,2025-02-01 00:00:00,10A
16667,80472,2025-02-01 00:00:00,10A
16668,1079,2025-02-01 00:00:00,10A
16669,2039,2025-02-01 00:00:00,10A
16670,1023,2025-02-01 00:00:00,10A
16671,7066,2025-02-01 00:00:00,10A
16672,4048,2025-02-01 00:00:00,10A
16673,1109A,2025-02-01 00:00:00,10A
16674,80882,2025-02-01 00:00:00,10A
16675,2220,2025-02-01 00:00:00,10A
16676,5529,2025-02-01 00:00:00,10A
16677,5629,2025-02-01 00:00:00,10A
16678,5638,2025-02-01 00:00:00,10A
16679,1066,2025-02-01 00:00:00,10A
16680,1088A,2025-02-01 00:00:00,10A
16681,2066,2025-02-01 00:00:00,10A
16682,8019,2025-02-01 00:00:00,10A
16683,9,2025-02-01 00:00:00,10A
16684,35,2025-02-01 00:00:00,10A
16685,J01415,2025-02-01 00:00:00,10A
16686,J426,2025-02-01 00:00:00,10A
16687,1128,2025-01-18 00:00:00,1A
16688,1128,2025-02-01 00:00:00,10A
16689,0104,2024-12-02 00:00:00,MUERTO
16690,0212,2024-12-02 00:00:00,MUERTO
16691,0335,2024-12-02 00:00:00,MUERTO
16692,1046,2024-12-02 00:00:00,MUERTO
16693,1098A,2024-12-02 00:00:00,MUERTO
16694,BU015,2024-07-26 00:00:00,MUERTO
16695,25019,2025-02-05 00:00:00,MUERTO
16696,25020,2025-02-05 00:00:00,CACH
16697,25021,2025-02-05 00:00:00,CACH
16698,91242,2025-02-05 00:00:00,10A
16699,2021,2025-02-05 00:00:00,10A
16700,22120,2025-02-04 00:00:00,9
16701,2004,2025-02-04 00:00:00,9
16702,2053,2025-02-04 00:00:00,9
16703,22118,2025-02-04 00:00:00,9
16704,2174,2025-02-04 00:00:00,9
16705,2154,2025-02-04 00:00:00,9
16706,22115,2025-02-04 00:00:00,9
16707,2155,2025-02-04 00:00:00,9
16708,22157,2025-02-04 00:00:00,9
16709,22158,2025-02-04 00:00:00,9
16710,2159,2025-02-04 00:00:00,9
16711,22132,2025-02-04 00:00:00,9
16712,22166,2025-02-04 00:00:00,9
16713,22114,2025-02-04 00:00:00,9
16714,1093,2025-02-04 00:00:00,9
16715,1027A,2025-02-04 00:00:00,9
16716,1033,2025-02-04 00:00:00,9
16717,1067,2025-02-04 00:00:00,9
16718,1085,2025-02-04 00:00:00,9
16719,1092A,2025-02-04 00:00:00,9
16720,1097A,2025-02-04 00:00:00,9
16721,1101A,2025-02-04 00:00:00,9
16722,1133,2025-02-04 00:00:00,9
16723,2005A,2025-02-04 00:00:00,9
16724,2005B,2025-02-04 00:00:00,9
16725,2025,2025-02-04 00:00:00,9
16726,2039A,2025-02-04 00:00:00,9
16727,2041,2025-02-04 00:00:00,9
16728,2045,2025-02-04 00:00:00,9
16729,2054,2025-02-04 00:00:00,9
16730,2058,2025-02-04 00:00:00,9
16731,2067,2025-02-04 00:00:00,9
16732,1056,2025-02-04 00:00:00,9
16733,1096A,2025-02-04 00:00:00,9
16734,2029,2025-02-04 00:00:00,9
16735,1070A,2025-02-04 00:00:00,9
16736,1130A,2025-02-04 00:00:00,9
16737,2001B,2025-02-04 00:00:00,9
16738,1077,2025-02-04 00:00:00,9
16739,2149,2025-02-04 00:00:00,9
16740,1068A,2025-02-04 00:00:00,9
16741,1018,2025-02-04 00:00:00,9
16742,0109A,2025-02-04 00:00:00,9
16743,2056,2025-02-04 00:00:00,9
16744,1112,2025-02-04 00:00:00,9
16745,1044,2025-02-04 00:00:00,9
16746,2010,2025-02-04 00:00:00,9
16747,2044,2025-02-04 00:00:00,9
16748,2090,2025-02-04 00:00:00,9
16749,1055A,2025-02-04 00:00:00,9
16750,1076,2025-02-04 00:00:00,9
16751,0116A,2025-02-04 00:00:00,9
16752,099,2025-02-04 00:00:00,9
16753,22175,2025-02-04 00:00:00,9
16754,22178,2025-02-04 00:00:00,9
16755,22181,2025-02-04 00:00:00,9
16756,22185,2025-02-04 00:00:00,9
16757,22188,2025-02-04 00:00:00,9
16758,22194,2025-02-04 00:00:00,9
16759,22209,2025-02-04 00:00:00,9
16760,22206,2025-02-04 00:00:00,9
16761,23004,2025-02-04 00:00:00,9
16762,2092,2025-02-04 00:00:00,9
16763,1082A,2025-02-04 00:00:00,9
16764,2094,2025-02-04 00:00:00,9
16765,22100,2025-02-04 00:00:00,9
16766,2101,2025-02-04 00:00:00,9
16767,2106,2025-02-04 00:00:00,9
16768,2099,2025-02-04 00:00:00,9
16769,23011,2025-02-04 00:00:00,9
16770,2170,2025-02-04 00:00:00,9
16771,2167,2025-02-04 00:00:00,9
16772,23015,2025-02-04 00:00:00,9
16773,1070,2025-02-04 00:00:00,9
16774,1237,2025-02-04 00:00:00,9
16775,1008,2025-02-04 00:00:00,9
16776,0127,2025-02-04 00:00:00,9
16777,1104,2025-02-04 00:00:00,9
16778,SN50,2025-02-04 00:00:00,9
16779,0204B,2025-02-04 00:00:00,9
16780,22168,2025-02-04 00:00:00,9
16781,23146,2025-02-04 00:00:00,9
16782,4095,2025-02-07 00:00:00,10A
16783,3132,2025-02-07 00:00:00,10A
16784,4035,2025-02-11 00:00:00,10A
16785,5007,2025-02-11 00:00:00,10A
16786,0320,2025-02-11 00:00:00,10A
16787,2209A,2025-02-11 00:00:00,10A
16788,2096,2025-02-11 00:00:00,10A
16789,25022,2025-02-07 00:00:00,CACH
16790,25023,2025-02-07 00:00:00,CACH
16791,25024,2025-02-11 00:00:00,CACH
16792,25025,2025-02-11 00:00:00,CACH
16793,25026,2025-02-11 00:00:00,CACH
16794,25027,2025-02-11 00:00:00,CACH
16795,25028,2025-02-11 00:00:00,CACH
16796,4065,2025-02-10 00:00:00,MUERTO
16797,24125,2025-02-07 00:00:00,MUERTO
16798,6043,2025-02-05 00:00:00,2
16799,3021A,2025-02-05 00:00:00,2
16800,2133A,2025-02-05 00:00:00,2
16801,SNA,2025-02-05 00:00:00,2
16802,9389,2025-02-05 00:00:00,2
16803,0740,2025-02-05 00:00:00,2
16804,4079,2025-02-05 00:00:00,2
16805,2047,2025-02-05 00:00:00,2
16806,2219,2025-02-05 00:00:00,2
16807,7083,2025-02-05 00:00:00,2
16808,EMB 2,2025-02-05 00:00:00,2
16809,2048,2025-02-05 00:00:00,2
16810,2153,2025-02-05 00:00:00,2
16811,2146,2025-02-05 00:00:00,2
16812,2130,2025-02-05 00:00:00,2
16813,3043,2025-02-05 00:00:00,2
16814,1056A,2025-02-05 00:00:00,2
16815,1090A,2025-02-05 00:00:00,2
16816,1112A,2025-02-05 00:00:00,2
16817,3015,2025-02-05 00:00:00,2
16818,3178,2025-02-05 00:00:00,2
16819,40072,2025-02-05 00:00:00,2
16820,4008,2025-02-05 00:00:00,2
16821,4033,2025-02-05 00:00:00,2
16822,4078,2025-02-05 00:00:00,2
16823,4099,2025-02-05 00:00:00,2
16824,4141,2025-02-05 00:00:00,2
16825,5052,2025-02-05 00:00:00,2
16826,5060,2025-02-05 00:00:00,2
16827,5076,2025-02-05 00:00:00,2
16828,5150,2025-02-05 00:00:00,2
16829,6031,2025-02-05 00:00:00,2
16830,7077,2025-02-05 00:00:00,2
16831,7080,2025-02-05 00:00:00,2
16832,8051,2025-02-05 00:00:00,2
16833,0018,2025-02-05 00:00:00,2
16834,EMB 3,2025-02-05 00:00:00,2
16835,5013,2025-02-05 00:00:00,2
16836,6042,2025-02-05 00:00:00,2
16837,8014,2025-02-05 00:00:00,2
16838,4A,2025-02-05 00:00:00,2
16839,3027A,2025-02-05 00:00:00,2
16840,6020,2025-02-05 00:00:00,2
16841,12164,2025-02-05 00:00:00,2
16842,6067,2025-02-05 00:00:00,2
16843,5030,2025-02-05 00:00:00,2
16844,7022,2025-02-05 00:00:00,2
16845,7033,2025-02-05 00:00:00,2
16846,8028,2025-02-05 00:00:00,2
16847,8030,2025-02-05 00:00:00,2
16848,8037,2025-02-05 00:00:00,2
16849,8062,2025-02-05 00:00:00,2
16850,8076,2025-02-05 00:00:00,2
16851,80841,2025-02-05 00:00:00,2
16852,9058,2025-02-05 00:00:00,2
16853,9099,2025-02-05 00:00:00,2
16854,9104,2025-02-05 00:00:00,2
16855,91091,2025-02-05 00:00:00,2
16856,9125,2025-02-05 00:00:00,2
16857,0343,2025-02-05 00:00:00,2
16858,33,2025-02-05 00:00:00,2
16859,8011,2025-02-05 00:00:00,2
16860,8085,2025-02-05 00:00:00,2
16861,9006,2025-02-05 00:00:00,2
16862,9011,2025-02-05 00:00:00,2
16863,9014,2025-02-05 00:00:00,2
16864,9076,2025-02-05 00:00:00,2
16865,9110A,2025-02-05 00:00:00,2
16866,9113,2025-02-05 00:00:00,2
16867,9116B,2025-02-05 00:00:00,2
16868,0111,2025-02-05 00:00:00,2
16869,0201,2025-02-05 00:00:00,2
16870,0202,2025-02-05 00:00:00,2
16871,0208A,2025-02-05 00:00:00,2
16872,0220,2025-02-05 00:00:00,2
16873,0226,2025-02-05 00:00:00,2
16874,0233,2025-02-05 00:00:00,2
16875,0240,2025-02-05 00:00:00,2
16876,0241,2025-02-05 00:00:00,2
16877,0249,2025-02-05 00:00:00,2
16878,0258,2025-02-05 00:00:00,2
16879,0272,2025-02-05 00:00:00,2
16880,0291,2025-02-05 00:00:00,2
16881,0297,2025-02-05 00:00:00,2
16882,0298A,2025-02-05 00:00:00,2
16883,0322,2025-02-05 00:00:00,2
16884,0323,2025-02-05 00:00:00,2
16885,0326,2025-02-05 00:00:00,2
16886,0329,2025-02-05 00:00:00,2
16887,0333,2025-02-05 00:00:00,2
16888,0355,2025-02-05 00:00:00,2
16889,20,2025-02-05 00:00:00,2
16890,1109B,2025-02-05 00:00:00,2
16891,2035A,2025-02-05 00:00:00,2
16892,2063B,2025-02-05 00:00:00,2
16893,1132,2025-02-05 00:00:00,2
16894,0271,2025-02-05 00:00:00,2
16895,10431,2025-02-05 00:00:00,2
16896,1063,2025-02-05 00:00:00,2
16897,1004,2025-02-05 00:00:00,2
16898,1075,2025-02-05 00:00:00,2
16899,1096,2025-02-05 00:00:00,2
16900,1005,2025-02-05 00:00:00,2
16901,2052,2025-02-05 00:00:00,2
16902,1104A,2025-02-05 00:00:00,2
16903,2062,2025-02-05 00:00:00,2
16904,7007,2025-02-05 00:00:00,2
16905,1139A,2025-02-05 00:00:00,2
16906,1066A,2025-02-05 00:00:00,2
16907,1168,2025-02-05 00:00:00,2
16908,9067,2025-02-05 00:00:00,2
16909,2201,2025-02-05 00:00:00,2
16910,2103,2025-02-05 00:00:00,2
16911,2023,2025-02-05 00:00:00,2
16912,1091,2025-02-05 00:00:00,2
16913,0350,2025-02-05 00:00:00,2
16914,34,2025-02-05 00:00:00,2
16915,31,2025-02-05 00:00:00,2
16916,30212,2025-02-07 00:00:00,2
16917,2050,2025-02-07 00:00:00,2
16918,9015,2025-02-07 00:00:00,2
16919,8094,2025-02-07 00:00:00,2
16920,8079,2025-02-07 00:00:00,2
16921,0259,2025-02-07 00:00:00,2
16922,0284,2025-02-07 00:00:00,2
16923,8050,2025-02-07 00:00:00,2
16925,2180A,2025-02-07 00:00:00,2
16926,9103,2025-02-07 00:00:00,2
16927,2073,2025-02-07 00:00:00,2
16928,9045,2025-02-07 00:00:00,Mater
16929,4095,2025-02-07 00:00:00,Mater
16930,4079,2025-02-07 00:00:00,Mater
16931,5150,2025-02-07 00:00:00,Mater
16932,5007,2025-02-07 00:00:00,Mater
16933,0322,2025-02-07 00:00:00,Mater
16934,1139A,2025-02-07 00:00:00,Mater
16935,4035,2025-02-07 00:00:00,Mater
16936,2096,2025-02-07 00:00:00,Mater
16937,2062,2025-02-07 00:00:00,Mater
16938,9058,2025-02-07 00:00:00,Mater
16939,3021A,2025-02-07 00:00:00,Mater
16940,3132,2025-02-07 00:00:00,Mater
16941,7007,2025-02-07 00:00:00,Mater
16942,4099,2025-02-07 00:00:00,Mater
16943,25030,2025-02-12 00:00:00,CACH
16944,0322,2025-02-12 00:00:00,10A
16945,9109B,2025-02-11 00:00:00,MUERTO
16946,J841,2025-02-12 00:00:00,10A
16947,J25031,2025-02-12 00:00:00,CACH
16948,4151,2025-02-12 00:00:00,3
16949,25032,2025-01-31 00:00:00,C4
16950,25033,2025-01-31 00:00:00,C4
16952,1097,2025-02-17 00:00:00,MUERTO
16953,1257,2025-02-17 00:00:00,MUERTO
16954,1146,2025-02-17 00:00:00,MUERTO
16955,1162,2025-02-17 00:00:00,MUERTO
16956,25008,2025-02-16 00:00:00,MUERTO
16957,0317,2025-02-16 00:00:00,MUERTO
16958,9058,2025-02-17 00:00:00,10A
16959,1139A,2025-02-17 00:00:00,10A
16960,25034,2025-02-17 00:00:00,CACH
16962,25035,2025-02-17 00:00:00,CACH
16965,25029,2025-02-11 00:00:00,C4
16966,22149,2025-02-18 00:00:00,5
16967,22126,2025-02-18 00:00:00,5
16968,22135,2025-02-18 00:00:00,5
16969,22195,2025-02-18 00:00:00,5
16970,2093,2025-02-18 00:00:00,5
16971,2200,2025-02-18 00:00:00,5
16972,BU099,2025-02-18 00:00:00,5
16973,BU078,2025-02-18 00:00:00,5
16974,BU20,2025-02-18 00:00:00,5
16975,BU319,2025-02-18 00:00:00,5
16976,BU073,2025-02-18 00:00:00,5
16977,BU48,2025-02-18 00:00:00,5
16978,BU79,2025-02-18 00:00:00,5
16979,BU83,2025-02-18 00:00:00,5
16980,BU86,2025-02-18 00:00:00,5
16981,BU330,2025-02-18 00:00:00,5
16982,22049,2025-02-18 00:00:00,5
16983,23031,2025-02-18 00:00:00,5
16984,23033,2025-02-18 00:00:00,5
16985,23094,2025-02-18 00:00:00,5
16986,23125,2025-02-18 00:00:00,5
16987,23139,2025-02-18 00:00:00,5
16988,23140,2025-02-18 00:00:00,5
16989,23148,2025-02-18 00:00:00,5
16990,23201,2025-02-18 00:00:00,5
16991,23220,2025-02-18 00:00:00,5
16992,23222,2025-02-18 00:00:00,5
16993,23223,2025-02-18 00:00:00,5
16994,23224,2025-02-18 00:00:00,5
16995,23227,2025-02-18 00:00:00,5
16996,23230,2025-02-18 00:00:00,5
16997,23237,2025-02-18 00:00:00,5
16998,23238,2025-02-18 00:00:00,5
16999,23240,2025-02-18 00:00:00,5
17000,23241,2025-02-18 00:00:00,5
17001,23243,2025-02-18 00:00:00,5
17002,23244,2025-02-18 00:00:00,5
17003,23246,2025-02-18 00:00:00,5
17004,23248,2025-02-18 00:00:00,5
17005,23249,2025-02-18 00:00:00,5
17006,23250,2025-02-18 00:00:00,5
17007,23251,2025-02-18 00:00:00,5
17008,23252,2025-02-18 00:00:00,5
17009,24001,2025-02-18 00:00:00,5
17010,24002,2025-02-18 00:00:00,5
17011,24003,2025-02-18 00:00:00,5
17012,24004,2025-02-18 00:00:00,5
17013,24005,2025-02-18 00:00:00,5
17014,24008,2025-02-18 00:00:00,5
17015,24016,2025-02-18 00:00:00,5
17016,24018,2025-02-18 00:00:00,5
17017,24019,2025-02-18 00:00:00,5
17018,24020,2025-02-18 00:00:00,5
17019,24021,2025-02-18 00:00:00,5
17020,24040,2025-02-18 00:00:00,5
17021,24062,2025-02-18 00:00:00,5
17022,24068,2025-02-18 00:00:00,5
17023,24080,2025-02-18 00:00:00,5
17024,J401,2025-02-18 00:00:00,5
17025,J402,2025-02-18 00:00:00,5
17026,J403,2025-02-18 00:00:00,5
17027,J404,2025-02-18 00:00:00,5
17028,J405,2025-02-18 00:00:00,5
17029,J406,2025-02-18 00:00:00,5
17030,J407,2025-02-18 00:00:00,5
17031,J408,2025-02-18 00:00:00,5
17032,J409,2025-02-18 00:00:00,5
17033,J4010,2025-02-18 00:00:00,5
17034,J4011,2025-02-18 00:00:00,5
17035,J412,2025-02-18 00:00:00,5
17036,J413,2025-02-18 00:00:00,5
17037,J414,2025-02-18 00:00:00,5
17038,J415,2025-02-18 00:00:00,5
17039,J416,2025-02-18 00:00:00,5
17040,J417,2025-02-18 00:00:00,5
17041,J418,2025-02-18 00:00:00,5
17042,J419,2025-02-18 00:00:00,5
17043,24072,2025-02-18 00:00:00,5
17044,24036,2025-02-18 00:00:00,5
17045,24070,2025-02-18 00:00:00,5
17046,23232,2025-02-18 00:00:00,5
17047,24006,2025-02-18 00:00:00,5
17048,24042,2025-02-18 00:00:00,5
17049,24052,2025-02-18 00:00:00,5
17050,24086,2025-02-18 00:00:00,5
17051,24147,2025-02-18 00:00:00,5
17052,24043,2025-02-18 00:00:00,5
17053,24094,2025-02-18 00:00:00,5
17054,24055,2025-02-18 00:00:00,5
17055,24046,2025-02-18 00:00:00,5
17056,23242,2025-02-18 00:00:00,5
17057,23225,2025-02-18 00:00:00,5
17058,23203,2025-02-18 00:00:00,5
17059,23239,2025-02-18 00:00:00,5
17060,23154,2025-02-18 00:00:00,5
17061,3024A,2025-02-18 00:00:00,CACH
17062,24234,2025-02-18 00:00:00,CACH
17063,4087,2025-02-18 00:00:00,CACH
17064,24235,2025-02-18 00:00:00,CACH
17065,2153,2025-02-18 00:00:00,5
17066,25036,2025-02-20 00:00:00,CACH
17067,1188,2025-02-20 00:00:00,10A
17068,BU099,2025-02-22 00:00:00,5
17069,BU078,2025-02-22 00:00:00,5
17070,BU20,2025-02-22 00:00:00,5
17071,BU319,2025-02-22 00:00:00,5
17072,BU073,2025-02-22 00:00:00,5
17073,BU48,2025-02-22 00:00:00,5
17074,BU79,2025-02-22 00:00:00,5
17075,BU83,2025-02-22 00:00:00,5
17076,BU86,2025-02-22 00:00:00,5
17077,BU330,2025-02-22 00:00:00,5
17078,4099,2025-02-21 00:00:00,10A
17079,25037,2025-02-21 00:00:00,CACH
17081,25038,2025-02-23 00:00:00,C4
17082,0185,2025-02-26 00:00:00,MUERTO
17083,9067,2025-02-26 00:00:00,MUERTO
17084,2196A,2025-02-22 00:00:00,1A
17085,2171,2025-02-22 00:00:00,1A
17086,2021,2025-02-22 00:00:00,1A
17087,60286,2025-02-22 00:00:00,1A
17088,3003A,2025-02-22 00:00:00,1A
17089,2226,2025-02-22 00:00:00,1A
17090,7028,2025-02-22 00:00:00,1A
17091,2124A,2025-02-22 00:00:00,1A
17092,31102,2025-02-22 00:00:00,1A
17093,2208A,2025-02-22 00:00:00,1A
17094,2148A,2025-02-22 00:00:00,1A
17095,3750,2025-02-22 00:00:00,1A
17096,5033,2025-02-22 00:00:00,1A
17097,2094A,2025-02-22 00:00:00,1A
17098,2063A,2025-02-22 00:00:00,1A
17099,5679,2025-02-22 00:00:00,1A
17100,3066B,2025-02-22 00:00:00,1A
17101,0132,2025-02-22 00:00:00,1A
17102,2143,2025-02-22 00:00:00,1A
17103,2209A,2025-02-22 00:00:00,1A
17104,3119,2025-02-22 00:00:00,1A
17105,8036,2025-02-22 00:00:00,1A
17106,2096,2025-02-22 00:00:00,1A
17107,1128,2025-02-22 00:00:00,1A
17108,3028A,2025-02-22 00:00:00,1A
17109,4099,2025-02-22 00:00:00,1A
17110,5007,2025-02-22 00:00:00,1A
17111,5090,2025-02-22 00:00:00,1A
17112,6070,2025-02-22 00:00:00,1A
17113,7067,2025-02-22 00:00:00,1A
17114,7074,2025-02-22 00:00:00,1A
17115,7087,2025-02-22 00:00:00,1A
17116,8046,2025-02-22 00:00:00,1A
17117,8089,2025-02-22 00:00:00,1A
17118,9007,2025-02-22 00:00:00,1A
17119,1078A,2025-02-22 00:00:00,1A
17120,3132,2025-02-22 00:00:00,1A
17121,8096,2025-02-22 00:00:00,1A
17122,20334,2025-02-22 00:00:00,1A
17123,4035,2025-02-22 00:00:00,1A
17124,3044A,2025-02-22 00:00:00,1A
17125,7061,2025-02-22 00:00:00,1A
17126,8043,2025-02-22 00:00:00,1A
17127,8045,2025-02-22 00:00:00,1A
17128,8048,2025-02-22 00:00:00,1A
17129,8054,2025-02-22 00:00:00,1A
17130,8082,2025-02-22 00:00:00,1A
17131,8087,2025-02-22 00:00:00,1A
17132,809,2025-02-22 00:00:00,1A
17133,9040,2025-02-22 00:00:00,1A
17134,9051,2025-02-22 00:00:00,1A
17135,9058,2025-02-22 00:00:00,1A
17136,91171,2025-02-22 00:00:00,1A
17137,91242,2025-02-22 00:00:00,1A
17138,1310,2025-02-22 00:00:00,1A
17139,8061,2025-02-22 00:00:00,1A
17140,91172,2025-02-22 00:00:00,1A
17141,91262,2025-02-22 00:00:00,1A
17142,9128B,2025-02-22 00:00:00,1A
17143,0205,2025-02-22 00:00:00,1A
17144,0229,2025-02-22 00:00:00,1A
17145,0267,2025-02-22 00:00:00,1A
17146,0270,2025-02-22 00:00:00,1A
17147,0322,2025-02-22 00:00:00,1A
17148,0330A,2025-02-22 00:00:00,1A
17149,0344,2025-02-22 00:00:00,1A
17150,1188,2025-02-22 00:00:00,1A
17151,1017A,2025-02-22 00:00:00,1A
17152,0274,2025-02-22 00:00:00,1A
17153,9023,2025-02-22 00:00:00,1A
17154,0332,2025-02-22 00:00:00,1A
17155,80472,2025-02-22 00:00:00,1A
17156,1079,2025-02-22 00:00:00,1A
17157,2039,2025-02-22 00:00:00,1A
17158,1023,2025-02-22 00:00:00,1A
17159,7066,2025-02-22 00:00:00,1A
17160,4048,2025-02-22 00:00:00,1A
17161,4095,2025-02-22 00:00:00,1A
17162,1109A,2025-02-22 00:00:00,1A
17163,1139A,2025-02-22 00:00:00,1A
17164,80882,2025-02-22 00:00:00,1A
17165,2220,2025-02-22 00:00:00,1A
17166,5529,2025-02-22 00:00:00,1A
17167,5629,2025-02-22 00:00:00,1A
17168,5638,2025-02-22 00:00:00,1A
17169,1066,2025-02-22 00:00:00,1A
17170,1088A,2025-02-22 00:00:00,1A
17171,2066,2025-02-22 00:00:00,1A
17172,0320,2025-02-22 00:00:00,1A
17173,8019,2025-02-22 00:00:00,1A
17174,9,2025-02-22 00:00:00,1A
17175,35,2025-02-22 00:00:00,1A
17176,J01415,2025-02-22 00:00:00,1A
17177,J841,2025-02-22 00:00:00,1A
17178,J426,2025-02-22 00:00:00,1A
17179,60286,2025-02-27 00:00:00,3
17180,3003A,2025-02-27 00:00:00,3
17181,2124A,2025-02-27 00:00:00,3
17182,2148A,2025-02-27 00:00:00,3
17183,2094A,2025-02-27 00:00:00,3
17184,2063A,2025-02-27 00:00:00,3
17185,5679,2025-02-27 00:00:00,3
17186,7074,2025-02-27 00:00:00,3
17187,1078A,2025-02-27 00:00:00,3
17188,20334,2025-02-27 00:00:00,3
17189,8048,2025-02-27 00:00:00,3
17190,8054,2025-02-27 00:00:00,3
17191,8087,2025-02-27 00:00:00,3
17192,809,2025-02-27 00:00:00,3
17193,9051,2025-02-27 00:00:00,3
17194,0205,2025-02-27 00:00:00,3
17195,0267,2025-02-27 00:00:00,3
17196,0270,2025-02-27 00:00:00,3
17197,0330A,2025-02-27 00:00:00,3
17198,1017A,2025-02-27 00:00:00,3
17199,80472,2025-02-27 00:00:00,3
17200,1079,2025-02-27 00:00:00,3
17201,1066,2025-02-27 00:00:00,3
17202,8019,2025-02-27 00:00:00,3
17204,4075,2025-02-27 00:00:00,4
17205,1128,2025-02-27 00:00:00,4
17206,4099,2025-02-27 00:00:00,4
17207,9128B,2025-02-27 00:00:00,4
17208,0274,2025-02-27 00:00:00,4
17210,24245,2025-02-27 00:00:00,4
17211,25010,2025-02-27 00:00:00,4
17212,25037,2025-02-27 00:00:00,4
17213,25011,2025-02-27 00:00:00,4
17214,24280,2025-02-27 00:00:00,4
17215,3044A,2025-02-27 00:00:00,CACH
17216,7083,2025-02-28 00:00:00,Mater
17217,40072,2025-02-28 00:00:00,Mater
17218,8014,2025-02-28 00:00:00,Mater
17219,6067,2025-02-28 00:00:00,Mater
17220,8037,2025-02-28 00:00:00,Mater
17221,8011,2025-02-28 00:00:00,Mater
17222,0226,2025-02-28 00:00:00,Mater
17223,2035A,2025-02-28 00:00:00,Mater
17224,1004,2025-02-28 00:00:00,Mater
17225,1168,2025-02-28 00:00:00,Mater
17226,1095A,2025-01-22 00:00:00,2
17227,4048,2025-02-26 00:00:00,2
17228,1105,2025-02-26 00:00:00,1A
17229,3044A,2025-02-26 00:00:00,1A
17230,24053,2025-03-05 00:00:00,5
17231,24073,2025-03-05 00:00:00,5
17232,24114,2025-03-05 00:00:00,5
17233,24178,2025-03-05 00:00:00,5
17234,24058,2025-03-05 00:00:00,5
17235,24007,2025-03-05 00:00:00,5
17236,24051,2025-03-05 00:00:00,5
17237,24039,2025-03-05 00:00:00,5
17238,24084,2025-03-05 00:00:00,5
17239,24045,2025-03-05 00:00:00,5
17240,24135,2025-03-05 00:00:00,10B
17241,24117,2025-03-05 00:00:00,5
17242,24032,2025-03-05 00:00:00,5
17243,25046,2025-03-05 00:00:00,CACH
17244,25047,2025-03-05 00:00:00,CACH
17245,25048,2025-03-05 00:00:00,CACH
17246,25044,2025-03-01 00:00:00,C4
17247,25045,2025-03-01 00:00:00,C4
17248,25041,2025-02-07 00:00:00,NINGUNO
17249,25042,2025-02-28 00:00:00,NINGUNO
17250,25043,2025-03-01 00:00:00,NINGUNO
17251,2090A,2025-03-05 00:00:00,1A
17252,7076,2025-03-05 00:00:00,1A
17253,6067,2025-03-05 00:00:00,1A
17254,2042,2025-03-07 00:00:00,2
17255,9073,2025-03-07 00:00:00,2
17256,0206A,2025-03-07 00:00:00,2
17257,0231A,2025-03-07 00:00:00,2
17258,0299A,2025-03-07 00:00:00,2
17259,8063,2025-03-07 00:00:00,2
17260,9136A,2025-03-07 00:00:00,2
17261,2111,2025-03-07 00:00:00,2
17262,1126,2025-03-07 00:00:00,2
17263,22172,2025-03-07 00:00:00,2
17264,23204,2025-03-07 00:00:00,2
17265,24205,2025-03-07 00:00:00,4
17266,24222,2025-03-07 00:00:00,CACH
17267,24229,2025-03-07 00:00:00,CACH
17268,J420,2025-03-07 00:00:00,2
17269,J422,2025-03-07 00:00:00,2
17271,J425,2025-03-07 00:00:00,2
17272,J8705,2025-03-07 00:00:00,2
17273,7090,2025-03-07 00:00:00,4
17274,J428,2025-03-07 00:00:00,4
17275,4079,2025-03-07 00:00:00,CACH
17276,7083,2025-03-07 00:00:00,CACH
17277,2072,2025-03-07 00:00:00,CACH
17278,8037,2025-03-07 00:00:00,CACH
17279,8086,2025-03-07 00:00:00,CACH
17280,0226,2025-03-07 00:00:00,CACH
17281,2062,2025-03-07 00:00:00,CACH
17282,7007,2025-03-07 00:00:00,CACH
17283,1168,2025-03-07 00:00:00,CACH
17284,1064,2025-03-07 00:00:00,CACH
17285,1015A,2025-03-07 00:00:00,CACH
17286,0254,2025-03-07 00:00:00,CACH
17287,23154,2025-03-07 00:00:00,CACH
17288,0220,2025-02-25 00:00:00,1A
17289,5150,2025-02-27 00:00:00,1A
17290,25039,2025-02-25 00:00:00,CACH
17291,25040,2025-02-27 00:00:00,CACH
17292,24005,2025-03-05 00:00:00,CACH
17293,3044A,2025-03-05 00:00:00,MUERTO
17294,J424,2025-03-03 00:00:00,1A
17295,6035,2025-03-07 00:00:00,1A
17296,8014,2025-03-07 00:00:00,1A
17297,J25049,2025-03-03 00:00:00,CACH
17298,25050,2025-03-07 00:00:00,CACH
17299,25051,2025-03-07 00:00:00,CACH
17300,1083,2025-03-10 00:00:00,MUERTO
17301,1096B,2025-03-10 00:00:00,MUERTO
17302,1182,2025-03-10 00:00:00,MUERTO
17303,0109,2025-03-10 00:00:00,NINGUNO
17304,0094,2025-03-10 00:00:00,NINGUNO
17305,0219,2025-03-10 00:00:00,NINGUNO
17306,1212,2025-03-10 00:00:00,NINGUNO
17307,MSN8,2025-03-10 00:00:00,NINGUNO
17308,MSN2,2025-03-10 00:00:00,NINGUNO
17309,0279,2025-03-10 00:00:00,NINGUNO
17310,1037,2025-03-10 00:00:00,NINGUNO
17311,1238,2025-03-10 00:00:00,NINGUNO
17312,1092,2025-03-10 00:00:00,NINGUNO
17313,1336,2025-03-10 00:00:00,NINGUNO
17314,1052,2025-03-10 00:00:00,NINGUNO
17315,1047,2025-03-10 00:00:00,NINGUNO
17316,1139,2025-03-10 00:00:00,NINGUNO
17317,1187,2025-03-10 00:00:00,NINGUNO
17318,MSN1,2025-03-11 00:00:00,NINGUNO
17319,1007,2025-03-11 00:00:00,NINGUNO
17320,9136A,2025-03-11 00:00:00,NINGUNO
17321,0345,2025-03-11 00:00:00,NINGUNO
17322,MSN4,2025-03-11 00:00:00,NINGUNO
17323,7007,2025-03-11 00:00:00,1A
17324,25052,2025-03-11 00:00:00,CACH
17325,23166,2025-03-06 00:00:00,SERVICIO
17326,24033,2025-03-06 00:00:00,SERVICIO
17327,23186,2025-03-06 00:00:00,SERVICIO
17328,24037,2025-03-06 00:00:00,SERVICIO
17329,23135,2025-03-06 00:00:00,SERVICIO
17330,23127,2025-03-06 00:00:00,SERVICIO
17331,24129,2025-03-06 00:00:00,SERVICIO
17332,23124,2025-03-06 00:00:00,SERVICIO
17333,23098,2025-03-06 00:00:00,SERVICIO
17334,24013,2025-03-06 00:00:00,SERVICIO
17335,24119,2025-03-06 00:00:00,SERVICIO
17336,24054,2025-03-06 00:00:00,SERVICIO
17337,24106,2025-03-06 00:00:00,SERVICIO
17338,23026,2025-03-06 00:00:00,SERVICIO
17339,24034,2025-03-06 00:00:00,SERVICIO
17340,24123,2025-03-06 00:00:00,SERVICIO
17341,23156,2025-03-06 00:00:00,SERVICIO
17342,24101,2025-03-06 00:00:00,SERVICIO
17343,24090,2025-03-06 00:00:00,SERVICIO
17344,23231,2025-03-06 00:00:00,SERVICIO
17345,23027,2025-03-06 00:00:00,SERVICIO
17346,23236,2025-03-06 00:00:00,SERVICIO
17347,24110,2025-03-06 00:00:00,SERVICIO
17348,24065,2025-03-06 00:00:00,SERVICIO
17349,24015,2025-03-06 00:00:00,SERVICIO
17350,23212,2025-03-06 00:00:00,SERVICIO
17351,23173,2025-03-06 00:00:00,SERVICIO
17352,23177,2025-03-06 00:00:00,SERVICIO
17353,23217,2025-03-06 00:00:00,SERVICIO
17354,24124,2025-03-06 00:00:00,SERVICIO
17355,24164,2025-03-06 00:00:00,SERVICIO
17356,23216,2025-03-06 00:00:00,SERVICIO
17357,23197,2025-03-06 00:00:00,SERVICIO
17358,23209,2025-03-06 00:00:00,SERVICIO
17360,23201,2025-03-06 00:00:00,C4
17361,23220,2025-03-06 00:00:00,C4
17362,23222,2025-03-06 00:00:00,C4
17363,23033,2025-03-06 00:00:00,C4
17364,23242,2025-03-06 00:00:00,C4
17365,23249,2025-03-06 00:00:00,C4
17366,23251,2025-03-06 00:00:00,C4
17367,23031,2025-03-06 00:00:00,C4
17368,23225,2025-03-06 00:00:00,C4
17369,23230,2025-03-06 00:00:00,C4
17370,23240,2025-03-06 00:00:00,C4
17371,23244,2025-03-06 00:00:00,C4
17372,24003,2025-03-06 00:00:00,C4
17373,24019,2025-03-06 00:00:00,C4
17374,24023,2025-03-06 00:00:00,C4
17375,24048,2025-03-06 00:00:00,C4
17376,24050,2025-03-06 00:00:00,C4
17377,24056,2025-03-06 00:00:00,C4
17379,24062,2025-03-06 00:00:00,C4
17380,24070,2025-03-06 00:00:00,C4
17381,24072,2025-03-06 00:00:00,C4
17382,24086,2025-03-06 00:00:00,C4
17383,24109,2025-03-06 00:00:00,C4
17385,24118,2025-03-06 00:00:00,C4
17386,24127,2025-03-06 00:00:00,C4
17387,24131,2025-03-06 00:00:00,C4
17388,24133,2025-03-06 00:00:00,C4
17389,24147,2025-03-06 00:00:00,C4
17390,24156,2025-03-06 00:00:00,C4
17391,24173,2025-03-06 00:00:00,C4
17392,24176,2025-03-06 00:00:00,C4
17393,24043,2025-03-06 00:00:00,C4
17394,24046,2025-03-06 00:00:00,C4
17395,23204,2025-03-06 00:00:00,C4
17396,23203,2025-03-06 00:00:00,C4
17397,24028,2025-03-06 00:00:00,C4
17399,5077,2025-03-12 00:00:00,2
17400,2080,2025-03-12 00:00:00,2
17401,0336,2025-03-12 00:00:00,2
17402,7017,2025-03-12 00:00:00,2
17403,3003A,2025-03-12 00:00:00,2
17404,1091,2025-03-12 00:00:00,2
17405,8033,2025-03-12 00:00:00,2
17406,80121,2025-03-12 00:00:00,2
17407,0500,2025-03-12 00:00:00,2
17408,5079,2025-03-12 00:00:00,2
17409,3107,2025-03-12 00:00:00,2
17411,7038,2025-03-12 00:00:00,4
17412,0344,2025-03-12 00:00:00,4
17413,1023,2025-03-12 00:00:00,4
17414,25007,2025-03-12 00:00:00,4
17415,24271,2025-03-12 00:00:00,4
17416,24274,2025-03-12 00:00:00,4
17417,24146,2025-03-12 00:00:00,10B
17419,0226,2025-03-14 00:00:00,1A
17420,25053,2025-03-14 00:00:00,CACH
17421,2062,2025-03-16 00:00:00,1A
17422,25054,2025-03-16 00:00:00,CACH
17423,0107,2025-03-18 00:00:00,2
17424,1004,2025-03-18 00:00:00,2
17425,2203,2025-03-18 00:00:00,2
17426,9023,2025-03-18 00:00:00,2
17427,3750,2025-03-18 00:00:00,2
17428,8011,2025-03-18 00:00:00,2
17429,0338,2025-03-18 00:00:00,2
17430,2035A,2025-03-18 00:00:00,2
17431,2200,2025-03-18 00:00:00,2
17432,2018,2025-03-18 00:00:00,2
17433,9045,2025-03-18 00:00:00,2
17434,2034,2025-03-18 00:00:00,2
17435,40072,2025-03-18 00:00:00,2
17436,3021A,2025-03-18 00:00:00,2
17437,1091A,2025-03-18 00:00:00,2
17438,2050,2025-03-18 00:00:00,Mater
17439,9099,2025-03-18 00:00:00,Mater
17440,1056A,2025-03-18 00:00:00,SERVICIO
17441,1126,2025-03-18 00:00:00,SERVICIO
17442,3027A,2025-03-18 00:00:00,SERVICIO
17443,5076,2025-03-18 00:00:00,SERVICIO
17444,6031,2025-03-18 00:00:00,SERVICIO
17445,7080,2025-03-18 00:00:00,SERVICIO
17446,BU78,2025-03-14 00:00:00,5
17447,BU94,2025-03-14 00:00:00,5
17448,BU20,2025-03-14 00:00:00,C4
17449,BU79,2025-03-14 00:00:00,C4
17450,BU83,2025-03-14 00:00:00,C4
17451,BU86,2025-03-14 00:00:00,C4
17452,BU099,2025-03-14 00:00:00,C4
17453,BU078,2025-03-14 00:00:00,C4
17454,BU319,2025-03-14 00:00:00,C4
17455,BU073,2025-03-14 00:00:00,C4
17456,23114,2025-03-14 00:00:00,MG
17457,23116,2025-03-14 00:00:00,MG
17458,23118,2025-03-14 00:00:00,MG
17459,23119,2025-03-14 00:00:00,MG
17460,23120,2025-03-14 00:00:00,MG
17461,23123,2025-03-14 00:00:00,MG
17462,23135,2025-03-14 00:00:00,MG
17463,23142,2025-03-14 00:00:00,MG
17464,23150,2025-03-14 00:00:00,MG
17465,22142,2025-03-14 00:00:00,MG
17466,22131,2025-03-14 00:00:00,MG
17467,22122,2025-03-14 00:00:00,MG
17468,22184,2025-03-14 00:00:00,MG
17469,22190,2025-03-14 00:00:00,MG
17470,22196,2025-03-14 00:00:00,MG
17471,22207,2025-03-14 00:00:00,MG
17472,22205,2025-03-14 00:00:00,MG
17473,23019,2025-03-14 00:00:00,MG
17474,23058,2025-03-14 00:00:00,MG
17475,23063,2025-03-14 00:00:00,MG
17476,23078,2025-03-14 00:00:00,MG
17477,23181,2025-03-14 00:00:00,MG
17478,22176,2025-03-14 00:00:00,MG
17479,23014,2025-03-14 00:00:00,MG
17480,23010,2025-03-14 00:00:00,MG
17481,23038,2025-03-14 00:00:00,MG
17482,23053,2025-03-14 00:00:00,MG
17483,23072,2025-03-14 00:00:00,MG
17484,23214,2025-03-14 00:00:00,MG
17485,23007,2025-03-14 00:00:00,MG
17486,23054,2025-03-14 00:00:00,MG
17487,23249,2025-03-14 00:00:00,MG
17488,23020,2025-03-14 00:00:00,MG
17489,23088,2025-03-14 00:00:00,MG
17490,23095,2025-03-14 00:00:00,MG
17491,23102,2025-03-14 00:00:00,MG
17492,23028,2025-03-14 00:00:00,MG
17493,23046,2025-03-14 00:00:00,MG
17494,23084,2025-03-14 00:00:00,MG
17495,23085,2025-03-14 00:00:00,MG
17496,23090,2025-03-14 00:00:00,MG
17497,23096,2025-03-14 00:00:00,MG
17498,23104,2025-03-14 00:00:00,MG
17499,23100,2025-03-14 00:00:00,MG
17500,24029,2025-03-14 00:00:00,MG
17501,24077,2025-03-14 00:00:00,MG
17502,23114,2025-03-15 00:00:00,8
17503,23116,2025-03-15 00:00:00,8
17504,23118,2025-03-15 00:00:00,8
17505,23119,2025-03-15 00:00:00,8
17506,23120,2025-03-15 00:00:00,8
17507,23123,2025-03-15 00:00:00,8
17508,23135,2025-03-15 00:00:00,8
17509,23142,2025-03-15 00:00:00,8
17510,23150,2025-03-15 00:00:00,8
17511,22192,2025-03-15 00:00:00,8
17512,22131,2025-03-15 00:00:00,SERVICIO
17513,22122,2025-03-15 00:00:00,8
17514,22184,2025-03-15 00:00:00,8
17515,22190,2025-03-15 00:00:00,8
17516,22196,2025-03-15 00:00:00,8
17517,22207,2025-03-15 00:00:00,8
17518,22205,2025-03-15 00:00:00,8
17519,23019,2025-03-15 00:00:00,8
17520,23058,2025-03-15 00:00:00,8
17521,23063,2025-03-15 00:00:00,8
17522,23078,2025-03-15 00:00:00,8
17523,23181,2025-03-15 00:00:00,8
17524,22176,2025-03-15 00:00:00,8
17525,23014,2025-03-15 00:00:00,8
17526,23010,2025-03-15 00:00:00,8
17527,23038,2025-03-15 00:00:00,SERVICIO
17528,23053,2025-03-15 00:00:00,8
17529,23072,2025-03-15 00:00:00,8
17530,23214,2025-03-15 00:00:00,8
17531,23007,2025-03-15 00:00:00,8
17532,23054,2025-03-15 00:00:00,8
17533,23249,2025-03-15 00:00:00,8
17534,23020,2025-03-15 00:00:00,8
17535,23088,2025-03-15 00:00:00,8
17536,23095,2025-03-15 00:00:00,8
17537,23102,2025-03-15 00:00:00,8
17538,23028,2025-03-15 00:00:00,8
17539,23046,2025-03-15 00:00:00,8
17540,23084,2025-03-15 00:00:00,8
17541,23085,2025-03-15 00:00:00,8
17542,23090,2025-03-15 00:00:00,8
17543,23096,2025-03-15 00:00:00,8
17544,23104,2025-03-15 00:00:00,8
17545,23100,2025-03-15 00:00:00,8
17546,24029,2025-03-15 00:00:00,8
17547,24077,2025-03-15 00:00:00,8
17548,0125,2025-03-20 00:00:00,4
17549,0128,2025-03-20 00:00:00,4
17550,0143,2025-03-20 00:00:00,4
17551,0206B,2025-03-20 00:00:00,4
17552,0211,2025-03-20 00:00:00,4
17553,0224,2025-03-20 00:00:00,4
17554,02331,2025-03-20 00:00:00,2
17555,0246,2025-03-20 00:00:00,2
17556,0252,2025-03-20 00:00:00,2
17557,0269,2025-03-20 00:00:00,4
17558,0274,2025-03-20 00:00:00,4
17559,0278,2025-03-20 00:00:00,2
17560,0321,2025-03-20 00:00:00,4
17561,0327,2025-03-20 00:00:00,2
17562,0344,2025-03-20 00:00:00,4
17563,0348,2025-03-20 00:00:00,4
17564,0349,2025-03-20 00:00:00,2
17565,0352,2025-03-20 00:00:00,4
17566,0354,2025-03-20 00:00:00,4
17567,1023,2025-03-20 00:00:00,4
17568,10391,2025-03-20 00:00:00,2
17569,1052A,2025-03-20 00:00:00,4
17570,1077A,2025-03-20 00:00:00,2
17571,1103,2025-03-20 00:00:00,4
17572,1123,2025-03-20 00:00:00,4
17573,1128,2025-03-20 00:00:00,4
17574,19,2025-03-20 00:00:00,2
17575,2007,2025-03-20 00:00:00,2
17576,2019,2025-03-20 00:00:00,4
17577,2024,2025-03-20 00:00:00,4
17578,2030,2025-03-20 00:00:00,2
17579,2036,2025-03-20 00:00:00,4
17580,2037,2025-03-20 00:00:00,4
17581,2060,2025-03-20 00:00:00,4
17582,2065,2025-03-20 00:00:00,4
17583,2087,2025-03-20 00:00:00,4
17584,2097,2025-03-20 00:00:00,2
17585,2108,2025-03-20 00:00:00,2
17586,2109,2025-03-20 00:00:00,4
17587,2217,2025-03-20 00:00:00,10B
17588,2234,2025-03-20 00:00:00,2
17589,24150,2025-03-20 00:00:00,VAQ
17590,24152,2025-03-20 00:00:00,VAQ
17591,24153,2025-03-20 00:00:00,VAQ
17592,24155,2025-03-20 00:00:00,VAQ
17593,24158,2025-03-20 00:00:00,VAQ
17594,24159,2025-03-20 00:00:00,VAQ
17595,24160,2025-03-20 00:00:00,VAQ
17596,24163,2025-03-20 00:00:00,VAQ
17597,24169,2025-03-20 00:00:00,VAQ
17598,24180,2025-03-20 00:00:00,VAQ
17599,24181,2025-03-20 00:00:00,VAQ
17600,24182,2025-03-20 00:00:00,VAQ
17601,24186,2025-03-20 00:00:00,4
17602,24190,2025-03-20 00:00:00,VAQ
17603,24194,2025-03-20 00:00:00,4
17604,24198,2025-03-20 00:00:00,4
17605,24201,2025-03-20 00:00:00,4
17606,24203,2025-03-20 00:00:00,4
17607,24204,2025-03-20 00:00:00,4
17608,24205,2025-03-20 00:00:00,SERVICIO
17609,24206,2025-03-20 00:00:00,4
17610,24210,2025-03-20 00:00:00,4
17611,24211,2025-03-20 00:00:00,4
17612,24212,2025-03-20 00:00:00,4
17613,24217,2025-03-20 00:00:00,4
17614,24224,2025-03-20 00:00:00,4
17615,24231,2025-03-20 00:00:00,4
17616,24238,2025-03-20 00:00:00,4
17617,24242,2025-03-20 00:00:00,4
17618,24245,2025-03-20 00:00:00,10B
17619,24247,2025-03-20 00:00:00,4
17620,24264,2025-03-20 00:00:00,4
17621,24271,2025-03-20 00:00:00,4
17622,24274,2025-03-20 00:00:00,4
17623,24276,2025-03-20 00:00:00,SERVICIO
17624,24279,2025-03-20 00:00:00,4
17625,24280,2025-03-20 00:00:00,4
17626,24288,2025-03-20 00:00:00,4
17627,25007,2025-03-20 00:00:00,4
17628,25010,2025-03-20 00:00:00,4
17629,25011,2025-03-20 00:00:00,4
17630,30,2025-03-20 00:00:00,2
17631,3108,2025-03-20 00:00:00,4
17632,4007,2025-03-20 00:00:00,4
17633,4023,2025-03-20 00:00:00,4
17634,4055,2025-03-20 00:00:00,4
17635,4066,2025-03-20 00:00:00,4
17636,4075,2025-03-20 00:00:00,3
17637,4076,2025-03-20 00:00:00,4
17638,4099,2025-03-20 00:00:00,4
17639,4100,2025-03-20 00:00:00,4
17640,4109,2025-03-20 00:00:00,4
17641,4172,2025-03-20 00:00:00,4
17642,50501,2025-03-20 00:00:00,4
17643,50741,2025-03-20 00:00:00,4
17644,5082,2025-03-20 00:00:00,2
17645,5092,2025-03-20 00:00:00,4
17646,5098,2025-03-20 00:00:00,2
17647,6008,2025-03-20 00:00:00,4
17648,6011,2025-03-20 00:00:00,4
17649,6037,2025-03-20 00:00:00,4
17650,6050,2025-03-20 00:00:00,4
17651,7038,2025-03-20 00:00:00,4
17652,7072,2025-03-20 00:00:00,2
17653,7090,2025-03-20 00:00:00,SERVICIO
17654,7092,2025-03-20 00:00:00,4
17655,8006,2025-03-20 00:00:00,2
17656,8010,2025-03-20 00:00:00,2
17657,8026,2025-03-20 00:00:00,2
17658,80272,2025-03-20 00:00:00,4
17659,8041,2025-03-20 00:00:00,2
17660,8060,2025-03-20 00:00:00,4
17661,8067,2025-03-20 00:00:00,4
17662,8077,2025-03-20 00:00:00,4
17663,8093,2025-03-20 00:00:00,4
17664,9016,2025-03-20 00:00:00,2
17665,9035,2025-03-20 00:00:00,4
17666,9037,2025-03-20 00:00:00,2
17667,9046,2025-03-20 00:00:00,2
17668,9047,2025-03-20 00:00:00,4
17669,9053,2025-03-20 00:00:00,2
17670,9071,2025-03-20 00:00:00,2
17671,9091,2025-03-20 00:00:00,2
17672,9121,2025-03-20 00:00:00,4
17673,9122,2025-03-20 00:00:00,2
17674,9126A,2025-03-20 00:00:00,4
17675,9128B,2025-03-20 00:00:00,4
17676,9192,2025-03-20 00:00:00,4
17677,9219,2025-03-20 00:00:00,4
17678,EMB 5,2025-03-20 00:00:00,4
17679,J428,2025-03-20 00:00:00,4
17680,25037,2025-03-20 00:00:00,4
17681,24132,2025-03-20 00:00:00,VAQ
17682,6031,2025-03-20 00:00:00,2
17683,7080,2025-03-20 00:00:00,2
17684,1056A,2025-03-20 00:00:00,2
17685,5076,2025-03-20 00:00:00,4
17686,24080,2025-03-20 00:00:00,VAQ
17687,3027A,2025-03-20 00:00:00,2
17688,3178,2025-03-20 00:00:00,2
17689,24132,2025-03-21 00:00:00,C4
17690,24137,2025-03-21 00:00:00,C4
17691,24143,2025-03-21 00:00:00,C4
17692,24144,2025-03-21 00:00:00,C4
17693,24150,2025-03-21 00:00:00,C4
17694,24152,2025-03-21 00:00:00,C4
17695,24153,2025-03-21 00:00:00,C4
17696,24155,2025-03-21 00:00:00,C4
17697,24158,2025-03-21 00:00:00,C4
17698,24159,2025-03-21 00:00:00,C4
17699,24160,2025-03-21 00:00:00,C4
17700,24163,2025-03-21 00:00:00,C4
17701,24180,2025-03-21 00:00:00,C4
17702,24181,2025-03-21 00:00:00,C4
17703,24182,2025-03-21 00:00:00,C4
17704,2196A,2025-03-20 00:00:00,10A
17705,2171,2025-03-20 00:00:00,10A
17706,2021,2025-03-20 00:00:00,10A
17707,2226,2025-03-20 00:00:00,10A
17708,7028,2025-03-20 00:00:00,10A
17709,31102,2025-03-20 00:00:00,10A
17710,2208A,2025-03-20 00:00:00,10A
17711,6035,2025-03-20 00:00:00,10A
17712,5033,2025-03-20 00:00:00,10A
17713,3066B,2025-03-20 00:00:00,10A
17714,0132,2025-03-20 00:00:00,10A
17715,2143,2025-03-20 00:00:00,10A
17716,2209A,2025-03-20 00:00:00,10A
17717,3119,2025-03-20 00:00:00,10A
17718,8036,2025-03-20 00:00:00,10A
17719,2096,2025-03-20 00:00:00,10A
17720,3028A,2025-03-20 00:00:00,10A
17721,5007,2025-03-20 00:00:00,10A
17722,5090,2025-03-20 00:00:00,10A
17723,5150,2025-03-20 00:00:00,10A
17724,6070,2025-03-20 00:00:00,10A
17725,7067,2025-03-20 00:00:00,10A
17726,7076,2025-03-20 00:00:00,10A
17727,7087,2025-03-20 00:00:00,10A
17728,8046,2025-03-20 00:00:00,10A
17729,8089,2025-03-20 00:00:00,10A
17730,8014,2025-03-20 00:00:00,10A
17731,9007,2025-03-20 00:00:00,10A
17732,2090A,2025-03-20 00:00:00,10A
17733,3132,2025-03-20 00:00:00,10A
17734,8096,2025-03-20 00:00:00,10A
17735,6067,2025-03-20 00:00:00,10A
17736,4035,2025-03-20 00:00:00,10A
17737,7061,2025-03-20 00:00:00,10A
17738,8043,2025-03-20 00:00:00,10A
17739,8045,2025-03-20 00:00:00,10A
17740,8082,2025-03-20 00:00:00,10A
17741,9040,2025-03-20 00:00:00,10A
17742,9058,2025-03-20 00:00:00,10A
17743,91171,2025-03-20 00:00:00,10A
17744,91242,2025-03-20 00:00:00,10A
17745,1310,2025-03-20 00:00:00,10A
17746,8061,2025-03-20 00:00:00,10A
17747,91172,2025-03-20 00:00:00,10A
17748,91262,2025-03-20 00:00:00,10A
17749,0220,2025-03-20 00:00:00,10A
17750,0226,2025-03-20 00:00:00,10A
17751,0229,2025-03-20 00:00:00,10A
17752,0322,2025-03-20 00:00:00,10A
17753,1188,2025-03-20 00:00:00,10A
17754,0332,2025-03-20 00:00:00,10A
17755,2039,2025-03-20 00:00:00,10A
17756,2062,2025-03-20 00:00:00,10A
17757,7066,2025-03-20 00:00:00,10A
17758,7007,2025-03-20 00:00:00,10A
17759,4095,2025-03-20 00:00:00,10A
17760,1109A,2025-03-20 00:00:00,10A
17761,1139A,2025-03-20 00:00:00,10A
17762,80882,2025-03-20 00:00:00,10A
17763,2220,2025-03-20 00:00:00,10A
17764,1105,2025-03-20 00:00:00,10A
17765,5529,2025-03-20 00:00:00,10A
17766,5629,2025-03-20 00:00:00,10A
17767,5638,2025-03-20 00:00:00,10A
17768,1088A,2025-03-20 00:00:00,10A
17769,2066,2025-03-20 00:00:00,10A
17770,0320,2025-03-20 00:00:00,10A
17771,9,2025-03-20 00:00:00,10A
17772,35,2025-03-20 00:00:00,10A
17773,J01415,2025-03-20 00:00:00,10A
17774,J841,2025-03-20 00:00:00,10A
17775,J424,2025-03-20 00:00:00,10A
17776,J426,2025-03-20 00:00:00,10A
17777,25055,2025-03-20 00:00:00,CACH
17778,25056,2025-03-20 00:00:00,CACH
17779,9099,2025-03-20 00:00:00,10A
17780,8037,2025-03-20 00:00:00,10A
17781,24265,2025-03-19 00:00:00,MUERTO
17782,1031,2025-03-15 00:00:00,7
17783,1036,2025-03-15 00:00:00,7
17784,1078,2025-03-15 00:00:00,7
17785,1095B,2025-03-15 00:00:00,7
17786,1106A,2025-03-15 00:00:00,7
17787,1107,2025-03-15 00:00:00,7
17788,2032,2025-03-15 00:00:00,7
17789,0346,2025-03-15 00:00:00,7
17790,0358,2025-03-15 00:00:00,7
17791,2204,2025-03-15 00:00:00,7
17792,1046A,2025-03-15 00:00:00,7
17793,1026,2025-03-15 00:00:00,7
17794,0325,2025-03-15 00:00:00,7
17795,MSN3,2025-03-15 00:00:00,7
17796,MSN9,2025-03-15 00:00:00,7
17797,MSN12,2025-03-15 00:00:00,7
17798,MSN16,2025-03-15 00:00:00,7
17799,MSN17,2025-03-15 00:00:00,7
17800,0293,2025-03-15 00:00:00,7
17801,1207,2025-03-15 00:00:00,7
17802,1069,2025-03-15 00:00:00,7
17803,1154,2025-03-15 00:00:00,7
17804,1163,2025-03-15 00:00:00,7
17805,1068,2025-03-15 00:00:00,7
17806,1053,2025-03-15 00:00:00,7
17807,1148,2025-03-15 00:00:00,7
17808,1156,2025-03-15 00:00:00,7
17809,0216A,2025-03-15 00:00:00,7
17810,1165,2025-03-15 00:00:00,7
17811,1219,2025-03-15 00:00:00,7
17812,1048,2025-03-15 00:00:00,7
17813,1215,2025-03-15 00:00:00,7
17814,1206,2025-03-15 00:00:00,7
17815,1202,2025-03-15 00:00:00,7
17816,1180,2025-03-15 00:00:00,7
17817,1166,2025-03-15 00:00:00,7
17818,2128,2025-03-15 00:00:00,7
17819,1214,2025-03-15 00:00:00,7
17820,0198,2025-03-15 00:00:00,7
17821,1106,2025-03-15 00:00:00,7
17822,1228,2025-03-15 00:00:00,7
17823,1101,2025-03-15 00:00:00,7
17824,1027,2025-03-15 00:00:00,7
17825,1152,2025-03-15 00:00:00,7
17826,1204,2025-03-15 00:00:00,7
17827,36,2025-03-15 00:00:00,7
17828,1130,2025-03-15 00:00:00,7
17829,1216,2025-03-15 00:00:00,7
17830,0119,2025-03-15 00:00:00,7
17831,0351,2025-03-15 00:00:00,7
17832,1324,2025-03-15 00:00:00,7
17833,1292,2025-03-15 00:00:00,7
17834,25047,2025-03-23 00:00:00,MUERTO
17835,0233,2025-03-24 00:00:00,MUERTO
17836,25057,2025-03-24 00:00:00,MUERTO
17837,0201,2025-03-25 00:00:00,10A
17838,25058,2025-03-25 00:00:00,CACH
17839,2130,2025-03-25 00:00:00,MUERTO
17840,7083,2025-03-26 00:00:00,10A
17841,25059,2025-03-26 00:00:00,CACH
17842,40072,2025-03-26 00:00:00,10A
17843,25060,2025-03-26 00:00:00,CACH
17844,25046,2025-03-28 00:00:00,MUERTO
17845,1109A,2025-03-27 00:00:00,3
17846,1310,2025-03-27 00:00:00,3
17847,3066B,2025-03-27 00:00:00,3
17848,3119,2025-03-27 00:00:00,3
17849,60286,2025-03-27 00:00:00,10A
17850,6070,2025-03-27 00:00:00,3
17851,7028,2025-03-27 00:00:00,3
17852,7067,2025-03-27 00:00:00,3
17853,8043,2025-03-27 00:00:00,3
17854,8082,2025-03-27 00:00:00,3
17855,80882,2025-03-27 00:00:00,3
17856,5082,2025-03-27 00:00:00,3
17857,7090,2025-03-27 00:00:00,3
17858,8030,2025-03-28 00:00:00,10A
17859,25061,2025-03-28 00:00:00,CACH
17860,24254,2025-03-29 00:00:00,MUERTO
17861,4095,2025-03-30 00:00:00,MUERTO
17862,25062,2025-03-30 00:00:00,CACH
17863,4079,2025-03-30 00:00:00,10A
17864,2035,2025-04-02 00:00:00,MUERTO
17865,1080,2025-04-02 00:00:00,MUERTO
17866,MSN9,2025-04-02 00:00:00,MUERTO
17867,36,2025-04-01 00:00:00,MUERTO
17868,24110,2025-04-01 00:00:00,MUERTO
17869,BU81,2025-03-14 00:00:00,5
17870,1168,2025-03-31 00:00:00,10A
17871,3043,2025-03-31 00:00:00,10A
17872,3015,2025-04-01 00:00:00,10A
17873,8079,2025-04-02 00:00:00,10A
17874,1004,2025-04-03 00:00:00,10A
17875,2050,2025-04-04 00:00:00,10A
17876,25063,2025-03-31 00:00:00,CACH
17877,25064,2025-03-31 00:00:00,CACH
17878,25065,2025-04-01 00:00:00,CACH
17879,25066,2025-04-02 00:00:00,CACH
17880,25067,2025-04-03 00:00:00,CACH
17881,25068,2025-04-04 00:00:00,CACH
17882,2093,2025-04-02 00:00:00,VAQ
17883,2153,2025-04-02 00:00:00,VAQ
17884,22049,2025-04-02 00:00:00,VAQ
17885,22126,2025-04-02 00:00:00,VAQ
17886,22135,2025-04-02 00:00:00,VAQ
17887,22149,2025-04-02 00:00:00,VAQ
17888,22195,2025-04-02 00:00:00,5
17889,23094,2025-04-02 00:00:00,5
17890,23125,2025-04-02 00:00:00,5
17891,23139,2025-04-02 00:00:00,5
17892,23140,2025-04-02 00:00:00,5
17893,23148,2025-04-02 00:00:00,5
17894,23223,2025-04-02 00:00:00,5
17895,23224,2025-04-02 00:00:00,5
17896,23227,2025-04-02 00:00:00,5
17897,23232,2025-04-02 00:00:00,SERVICIO
17898,23237,2025-04-02 00:00:00,5
17899,23238,2025-04-02 00:00:00,5
17900,23239,2025-04-02 00:00:00,5
17901,23241,2025-04-02 00:00:00,5
17902,23243,2025-04-02 00:00:00,5
17903,23246,2025-04-02 00:00:00,5
17904,23248,2025-04-02 00:00:00,5
17905,23250,2025-04-02 00:00:00,5
17906,23252,2025-04-02 00:00:00,5
17907,24001,2025-04-02 00:00:00,SERVICIO
17908,24002,2025-04-02 00:00:00,5
17909,24004,2025-04-02 00:00:00,5
17910,24006,2025-04-02 00:00:00,5
17911,24007,2025-04-02 00:00:00,5
17912,24008,2025-04-02 00:00:00,5
17913,24016,2025-04-02 00:00:00,5
17914,24018,2025-04-02 00:00:00,5
17915,24020,2025-04-02 00:00:00,5
17916,24021,2025-04-02 00:00:00,5
17917,24032,2025-04-02 00:00:00,VAQ
17918,24036,2025-04-02 00:00:00,5
17919,24039,2025-04-02 00:00:00,5
17920,24040,2025-04-02 00:00:00,5
17921,24042,2025-04-02 00:00:00,5
17922,24045,2025-04-02 00:00:00,5
17923,24051,2025-04-02 00:00:00,5
17924,24052,2025-04-02 00:00:00,5
17925,24053,2025-04-02 00:00:00,5
17926,24055,2025-04-02 00:00:00,5
17927,24058,2025-04-02 00:00:00,5
17928,24068,2025-04-02 00:00:00,5
17929,24073,2025-04-02 00:00:00,5
17930,24084,2025-04-02 00:00:00,5
17931,24094,2025-04-02 00:00:00,5
17932,24114,2025-04-02 00:00:00,5
17933,24117,2025-04-02 00:00:00,5
17934,24178,2025-04-02 00:00:00,5
17935,BU330,2025-04-02 00:00:00,5
17936,BU48,2025-04-02 00:00:00,5
17937,BU78,2025-04-02 00:00:00,5
17938,BU94,2025-04-02 00:00:00,5
17939,J401,2025-04-02 00:00:00,5
17940,J4011,2025-04-02 00:00:00,5
17941,J402,2025-04-02 00:00:00,5
17942,J403,2025-04-02 00:00:00,5
17943,J404,2025-04-02 00:00:00,5
17944,J405,2025-04-02 00:00:00,5
17945,J406,2025-04-02 00:00:00,5
17946,J407,2025-04-02 00:00:00,5
17947,J408,2025-04-02 00:00:00,5
17948,J409,2025-04-02 00:00:00,5
17949,J4010,2025-04-02 00:00:00,5
17950,J412,2025-04-02 00:00:00,5
17951,J413,2025-04-02 00:00:00,5
17952,J414,2025-04-02 00:00:00,5
17953,J415,2025-04-02 00:00:00,5
17954,J416,2025-04-02 00:00:00,5
17955,J417,2025-04-02 00:00:00,5
17956,J418,2025-04-02 00:00:00,5
17957,J419,2025-04-02 00:00:00,5
17958,23026,2025-04-02 00:00:00,5
17959,23186,2025-04-02 00:00:00,5
17960,23173,2025-04-02 00:00:00,5
17961,23098,2025-04-02 00:00:00,5
17962,24034,2025-04-02 00:00:00,5
17963,24164,2025-04-02 00:00:00,5
17964,24065,2025-04-02 00:00:00,5
17965,23231,2025-04-02 00:00:00,5
17966,23127,2025-04-02 00:00:00,5
17967,24015,2025-04-02 00:00:00,5
17968,23168,2025-04-02 00:00:00,5
17969,23166,2025-04-02 00:00:00,5
17970,23177,2025-04-02 00:00:00,5
17971,24123,2025-04-02 00:00:00,5
17972,24115,2025-04-02 00:00:00,5
17973,24124,2025-04-02 00:00:00,5
17974,24037,2025-04-02 00:00:00,5
17975,23216,2025-04-02 00:00:00,5
17976,24119,2025-04-02 00:00:00,5
17977,23212,2025-04-02 00:00:00,5
17978,24013,2025-04-02 00:00:00,5
17979,23027,2025-04-02 00:00:00,5
17980,24101,2025-04-02 00:00:00,5
17981,24090,2025-04-02 00:00:00,5
17982,23124,2025-04-02 00:00:00,5
17983,23197,2025-04-02 00:00:00,5
17984,23217,2025-04-02 00:00:00,5
17985,24054,2025-04-02 00:00:00,5
17986,24060,2025-04-02 00:00:00,5
17988,24033,2025-04-02 00:00:00,5
17989,24129,2025-04-02 00:00:00,5
17990,23233,2025-04-02 00:00:00,5
17991,25048,2025-04-04 00:00:00,MUERTO
17992,5060,2025-04-04 00:00:00,Mater
17993,2030,2025-04-04 00:00:00,Mater
17994,1091,2025-04-04 00:00:00,Mater
17995,9389,2025-04-04 00:00:00,Mater
17996,1096,2025-04-04 00:00:00,Mater
17997,2035A,2025-04-04 00:00:00,Mater
17998,20,2025-04-04 00:00:00,Mater
17999,8051,2025-04-04 00:00:00,Mater
18000,8011,2025-04-07 00:00:00,10A
18001,25069,2025-04-07 00:00:00,CACH
18002,1090,2025-04-07 00:00:00,MUERTO
18003,1091,2025-04-07 00:00:00,10A
18004,25070,2025-04-07 00:00:00,CACH
18005,2045,2025-04-08 00:00:00,SERVICIO
18138,0109A,2025-04-08 00:00:00,9
18139,0116A,2025-04-08 00:00:00,9
18140,0127,2025-04-08 00:00:00,9
18141,0204B,2025-04-08 00:00:00,9
18142,099,2025-04-08 00:00:00,8
18143,1008,2025-04-08 00:00:00,9
18144,1018,2025-04-08 00:00:00,8
18145,1027A,2025-04-08 00:00:00,9
18146,1033,2025-04-08 00:00:00,9
18147,1044,2025-04-08 00:00:00,9
18148,1055A,2025-04-08 00:00:00,9
18149,1056,2025-04-08 00:00:00,9
18150,1067,2025-04-08 00:00:00,9
18151,1068A,2025-04-08 00:00:00,9
18152,1070,2025-04-08 00:00:00,9
18153,1070A,2025-04-08 00:00:00,9
18154,1076,2025-04-08 00:00:00,9
18155,1077,2025-04-08 00:00:00,9
18156,1082A,2025-04-08 00:00:00,9
18157,1085,2025-04-08 00:00:00,9
18158,1092A,2025-04-08 00:00:00,9
18159,1093,2025-04-08 00:00:00,9
18160,1096A,2025-04-08 00:00:00,9
18161,1097A,2025-04-08 00:00:00,9
18162,1101A,2025-04-08 00:00:00,9
18163,1104,2025-04-08 00:00:00,9
18164,1112,2025-04-08 00:00:00,9
18165,1130A,2025-04-08 00:00:00,9
18166,1133,2025-04-08 00:00:00,9
18167,1237,2025-04-08 00:00:00,9
18168,2001B,2025-04-08 00:00:00,9
18169,2004,2025-04-08 00:00:00,9
18170,2005A,2025-04-08 00:00:00,9
18171,2005B,2025-04-08 00:00:00,9
18172,2010,2025-04-08 00:00:00,9
18173,2025,2025-04-08 00:00:00,9
18174,2029,2025-04-08 00:00:00,9
18175,2039A,2025-04-08 00:00:00,9
18176,2041,2025-04-08 00:00:00,9
18177,2044,2025-04-08 00:00:00,9
18178,2053,2025-04-08 00:00:00,9
18179,2054,2025-04-08 00:00:00,9
18180,2056,2025-04-08 00:00:00,9
18181,2058,2025-04-08 00:00:00,9
18182,2067,2025-04-08 00:00:00,9
18183,2090,2025-04-08 00:00:00,9
18184,2092,2025-04-08 00:00:00,9
18185,2094,2025-04-08 00:00:00,9
18186,2099,2025-04-08 00:00:00,8
18187,2101,2025-04-08 00:00:00,9
18188,2106,2025-04-08 00:00:00,9
18189,2149,2025-04-08 00:00:00,9
18190,2154,2025-04-08 00:00:00,9
18191,2155,2025-04-08 00:00:00,9
18192,2159,2025-04-08 00:00:00,9
18193,2167,2025-04-08 00:00:00,9
18194,2170,2025-04-08 00:00:00,9
18195,2174,2025-04-08 00:00:00,9
18196,22100,2025-04-08 00:00:00,9
18197,22114,2025-04-08 00:00:00,9
18198,22115,2025-04-08 00:00:00,9
18199,22118,2025-04-08 00:00:00,9
18200,22120,2025-04-08 00:00:00,9
18201,22122,2025-04-08 00:00:00,8
18202,22132,2025-04-08 00:00:00,8
18203,22157,2025-04-08 00:00:00,9
18204,22158,2025-04-08 00:00:00,9
18205,22166,2025-04-08 00:00:00,9
18206,22168,2025-04-08 00:00:00,9
18207,22175,2025-04-08 00:00:00,9
18208,22176,2025-04-08 00:00:00,8
18209,22178,2025-04-08 00:00:00,9
18210,22181,2025-04-08 00:00:00,9
18211,22184,2025-04-08 00:00:00,8
18212,22185,2025-04-08 00:00:00,9
18213,22188,2025-04-08 00:00:00,9
18214,22190,2025-04-08 00:00:00,8
18215,22194,2025-04-08 00:00:00,9
18216,22196,2025-04-08 00:00:00,8
18217,22205,2025-04-08 00:00:00,8
18218,22206,2025-04-08 00:00:00,9
18219,22207,2025-04-08 00:00:00,8
18220,22209,2025-04-08 00:00:00,9
18221,23004,2025-04-08 00:00:00,9
18222,23007,2025-04-08 00:00:00,8
18223,23010,2025-04-08 00:00:00,8
18224,23011,2025-04-08 00:00:00,9
18225,23014,2025-04-08 00:00:00,8
18226,23015,2025-04-08 00:00:00,9
18227,23019,2025-04-08 00:00:00,8
18228,23020,2025-04-08 00:00:00,8
18229,23028,2025-04-08 00:00:00,8
18230,23046,2025-04-08 00:00:00,8
18231,23053,2025-04-08 00:00:00,8
18232,23054,2025-04-08 00:00:00,8
18233,23058,2025-04-08 00:00:00,8
18234,23063,2025-04-08 00:00:00,8
18235,23072,2025-04-08 00:00:00,8
18236,23078,2025-04-08 00:00:00,8
18237,23084,2025-04-08 00:00:00,8
18238,23085,2025-04-08 00:00:00,8
18239,23088,2025-04-08 00:00:00,8
18240,23090,2025-04-08 00:00:00,8
18241,23095,2025-04-08 00:00:00,8
18242,23096,2025-04-08 00:00:00,8
18243,23100,2025-04-08 00:00:00,8
18244,23102,2025-04-08 00:00:00,8
18245,23104,2025-04-08 00:00:00,8
18246,23114,2025-04-08 00:00:00,8
18247,23116,2025-04-08 00:00:00,8
18248,23118,2025-04-08 00:00:00,8
18249,23119,2025-04-08 00:00:00,8
18250,23120,2025-04-08 00:00:00,8
18251,23123,2025-04-08 00:00:00,8
18252,23135,2025-04-08 00:00:00,8
18253,23142,2025-04-08 00:00:00,8
18254,23146,2025-04-08 00:00:00,8
18255,23150,2025-04-08 00:00:00,8
18256,23181,2025-04-08 00:00:00,8
18257,23214,2025-04-08 00:00:00,8
18258,23249,2025-04-08 00:00:00,8
18259,24029,2025-04-08 00:00:00,8
18260,24077,2025-04-08 00:00:00,8
18261,SN50,2025-04-08 00:00:00,9
18262,1107,2025-04-08 00:00:00,9
18263,0293,2025-04-08 00:00:00,9
18264,1166,2025-04-08 00:00:00,9
18265,2204,2025-04-08 00:00:00,9
18266,1031,2025-04-08 00:00:00,9
18267,23038,2025-04-08 00:00:00,8
18268,MSN3,2025-04-08 00:00:00,9
18269,1026,2025-04-08 00:00:00,8
18270,1163,2025-04-09 00:00:00,SERVICIO
18271,1202,2025-04-09 00:00:00,SERVICIO
18272,MSN12,2025-04-09 00:00:00,SERVICIO
18273,1096,2025-04-09 00:00:00,CACH
18274,8051,2025-04-10 00:00:00,1A
18275,25071,2025-04-09 00:00:00,C4
18276,25072,2025-04-09 00:00:00,MUERTO
18277,25073,2025-04-10 00:00:00,CACH
18278,25074,2025-04-11 00:00:00,C4
18279,25004,2025-04-13 00:00:00,MUERTO
18280,25075,2025-04-15 00:00:00,CACH
18281,5060,2025-04-15 00:00:00,1A
18282,1117,2025-04-14 00:00:00,CACH
18283,2224,2025-04-14 00:00:00,CACH
18284,21027,2025-04-14 00:00:00,CACH
18285,4034,2025-04-14 00:00:00,CACH
18286,0263,2025-04-14 00:00:00,CACH
18287,1059,2025-04-14 00:00:00,1A
18288,1084A,2025-04-14 00:00:00,CACH
18289,2061,2025-04-14 00:00:00,1A
18290,1043A,2025-04-14 00:00:00,CACH
18291,1065,2025-04-14 00:00:00,CACH
18292,1100B,2025-04-14 00:00:00,1A
18293,3084,2025-04-14 00:00:00,CACH
18294,24302,2025-04-14 00:00:00,CACH
18295,24303,2025-04-14 00:00:00,CACH
18296,25006,2025-04-14 00:00:00,CACH
18297,25013,2025-04-14 00:00:00,CACH
18298,25015,2025-04-14 00:00:00,CACH
18299,25032,2025-04-14 00:00:00,CACH
18300,25033,2025-04-14 00:00:00,CACH
18301,25029,2025-04-14 00:00:00,CACH
18302,25038,2025-04-14 00:00:00,VAQ
18303,25044,2025-04-14 00:00:00,CACH
18304,25045,2025-04-14 00:00:00,VAQ
18305,25071,2025-04-14 00:00:00,VAQ
18306,25074,2025-04-14 00:00:00,VAQ
18307,1094,2025-04-13 00:00:00,MUERTO
18308,1075,2025-04-16 00:00:00,1A
18309,25076,2025-04-16 00:00:00,VAQ
18310,2035A,2025-04-13 00:00:00,1A
18311,25077,2025-04-13 00:00:00,CACH
18312,6031,2025-04-15 00:00:00,Mater
18313,0299A,2025-04-15 00:00:00,Mater
18314,5052,2025-04-15 00:00:00,Mater
18315,0326,2025-04-15 00:00:00,Mater
18316,1005,2025-04-15 00:00:00,Mater
18317,1056A,2025-04-15 00:00:00,Mater
18318,2042,2025-04-15 00:00:00,Mater
18319,2203,2025-04-15 00:00:00,Mater
18320,1075,2025-04-15 00:00:00,Mater
18321,1033,2025-04-15 00:00:00,Mater
18322,2143,2025-04-12 00:00:00,1A
18323,8028,2025-04-15 00:00:00,Mater
18324,7028,2025-04-15 00:00:00,MG
18325,2124A,2025-04-15 00:00:00,MG
18326,2148A,2025-04-15 00:00:00,MG
18327,2083,2025-04-15 00:00:00,MG
18328,3026A,2025-04-15 00:00:00,MG
18329,4101,2025-04-15 00:00:00,MG
18330,4151,2025-04-15 00:00:00,MG
18331,2094A,2025-04-15 00:00:00,MG
18332,2063A,2025-04-15 00:00:00,MG
18333,1015,2025-04-15 00:00:00,MG
18334,2149A,2025-04-15 00:00:00,MG
18335,5679,2025-04-15 00:00:00,MG
18336,4018,2025-04-15 00:00:00,MG
18337,5144,2025-04-15 00:00:00,MG
18338,3066B,2025-04-15 00:00:00,MG
18339,6021,2025-04-15 00:00:00,MG
18340,2022,2025-04-15 00:00:00,MG
18341,4075,2025-04-15 00:00:00,MG
18342,3119,2025-04-15 00:00:00,MG
18343,5082,2025-04-15 00:00:00,MG
18344,6070,2025-04-15 00:00:00,MG
18345,7012,2025-04-15 00:00:00,MG
18346,7059,2025-04-15 00:00:00,MG
18347,7067,2025-04-15 00:00:00,MG
18348,7074,2025-04-15 00:00:00,MG
18349,9100,2025-04-15 00:00:00,MG
18350,1078A,2025-04-15 00:00:00,MG
18351,20334,2025-04-15 00:00:00,MG
18352,8072,2025-04-15 00:00:00,MG
18353,5146,2025-04-15 00:00:00,MG
18354,7032,2025-04-15 00:00:00,MG
18355,8005,2025-04-15 00:00:00,MG
18356,8043,2025-04-15 00:00:00,MG
18357,8048,2025-04-15 00:00:00,MG
18358,8054,2025-04-15 00:00:00,MG
18359,8082,2025-04-15 00:00:00,MG
18360,8087,2025-04-15 00:00:00,MG
18361,809,2025-04-15 00:00:00,MG
18362,9051,2025-04-15 00:00:00,MG
18363,1310,2025-04-15 00:00:00,MG
18364,9024,2025-04-15 00:00:00,MG
18365,0101,2025-04-15 00:00:00,MG
18366,0205,2025-04-15 00:00:00,MG
18367,0267,2025-04-15 00:00:00,MG
18368,0270,2025-04-15 00:00:00,MG
18369,0299C,2025-04-15 00:00:00,MG
18370,0330A,2025-04-15 00:00:00,MG
18371,0342,2025-04-15 00:00:00,MG
18372,0353,2025-04-15 00:00:00,MG
18373,2040,2025-04-15 00:00:00,MG
18374,1017A,2025-04-15 00:00:00,MG
18375,9020,2025-04-15 00:00:00,MG
18376,80472,2025-04-15 00:00:00,MG
18377,1079,2025-04-15 00:00:00,MG
18378,0298,2025-04-15 00:00:00,MG
18379,1109A,2025-04-15 00:00:00,MG
18380,4072,2025-04-15 00:00:00,MG
18381,80882,2025-04-15 00:00:00,MG
18382,8017,2025-04-15 00:00:00,MG
18383,2027,2025-04-15 00:00:00,MG
18384,5592,2025-04-15 00:00:00,MG
18385,1066,2025-04-15 00:00:00,MG
18386,7090,2025-04-15 00:00:00,MG
18387,8019,2025-04-15 00:00:00,MG
18388,24245,2025-04-07 00:00:00,MUERTO
18389,1056A,2025-04-19 00:00:00,1A
18390,25078,2025-04-19 00:00:00,VAQ
18391,2042,2025-04-19 00:00:00,SERVICIO
18392,25079,2025-04-19 00:00:00,MUERTO
18393,1096,2025-04-21 00:00:00,MUERTO
18394,7028,2025-04-21 00:00:00,3A
18395,2124A,2025-04-21 00:00:00,3A
18396,2148A,2025-04-21 00:00:00,3A
18397,2083,2025-04-21 00:00:00,3A
18398,3026A,2025-04-21 00:00:00,3A
18399,4101,2025-04-21 00:00:00,3A
18400,4151,2025-04-21 00:00:00,3A
18401,2094A,2025-04-21 00:00:00,3A
18402,2063A,2025-04-21 00:00:00,3A
18403,1015,2025-04-21 00:00:00,3A
18404,2149A,2025-04-21 00:00:00,3A
18405,5679,2025-04-21 00:00:00,3A
18406,4018,2025-04-21 00:00:00,3A
18407,5144,2025-04-21 00:00:00,3A
18408,3066B,2025-04-21 00:00:00,3A
18409,6021,2025-04-21 00:00:00,3A
18410,2022,2025-04-21 00:00:00,3A
18411,4075,2025-04-21 00:00:00,3A
18412,3119,2025-04-21 00:00:00,3A
18413,5082,2025-04-21 00:00:00,3A
18414,6070,2025-04-21 00:00:00,3A
18415,7012,2025-04-21 00:00:00,3A
18416,7059,2025-04-21 00:00:00,3A
18417,7067,2025-04-21 00:00:00,3A
18418,7074,2025-04-21 00:00:00,3A
18419,9100,2025-04-21 00:00:00,3A
18420,1078A,2025-04-21 00:00:00,3A
18421,20334,2025-04-21 00:00:00,3A
18422,8072,2025-04-21 00:00:00,3A
18423,5146,2025-04-21 00:00:00,3A
18424,7032,2025-04-21 00:00:00,3A
18425,8005,2025-04-21 00:00:00,3A
18426,8043,2025-04-21 00:00:00,3A
18427,8048,2025-04-21 00:00:00,3A
18428,8054,2025-04-21 00:00:00,3A
18429,8082,2025-04-21 00:00:00,3A
18430,8087,2025-04-21 00:00:00,3A
18431,809,2025-04-21 00:00:00,3A
18432,9051,2025-04-21 00:00:00,3A
18433,1310,2025-04-21 00:00:00,3A
18434,9024,2025-04-21 00:00:00,3A
18435,0101,2025-04-21 00:00:00,3A
18436,0205,2025-04-21 00:00:00,3A
18437,0267,2025-04-21 00:00:00,3A
18438,0270,2025-04-21 00:00:00,3A
18439,0299C,2025-04-21 00:00:00,3A
18440,0330A,2025-04-21 00:00:00,3A
18441,0342,2025-04-21 00:00:00,3A
18442,0353,2025-04-21 00:00:00,3A
18443,2040,2025-04-21 00:00:00,3A
18444,1017A,2025-04-21 00:00:00,3A
18445,9020,2025-04-21 00:00:00,3A
18446,80472,2025-04-21 00:00:00,3A
18447,1079,2025-04-21 00:00:00,3A
18448,0298,2025-04-21 00:00:00,3A
18449,1109A,2025-04-21 00:00:00,3A
18450,4072,2025-04-21 00:00:00,3A
18451,80882,2025-04-21 00:00:00,3A
18452,8017,2025-04-21 00:00:00,3A
18453,2027,2025-04-21 00:00:00,3A
18454,5592,2025-04-21 00:00:00,3A
18455,1066,2025-04-21 00:00:00,3A
18456,7090,2025-04-21 00:00:00,3A
18457,8019,2025-04-21 00:00:00,3A
18458,BU361,2025-04-24 00:00:00,MUERTO
18459,6020,2025-04-15 00:00:00,1A
18460,20,2025-04-22 00:00:00,1A
18461,8028,2025-04-23 00:00:00,1A
18462,25080,2025-04-15 00:00:00,VAQ
18463,25081,2025-04-22 00:00:00,VAQ
18464,25082,2025-04-23 00:00:00,VAQ
18465,25083,2025-04-24 00:00:00,VAQ
18466,25084,2025-04-24 00:00:00,VAQ
18467,25085,2025-04-24 00:00:00,VAQ
18468,25086,2025-04-24 00:00:00,VAQ
18469,4141,2025-04-24 00:00:00,1A
18470,4A,2025-04-24 00:00:00,1A
18471,91091,2025-04-24 00:00:00,1A
18472,0326,2025-04-24 00:00:00,1A
18473,8050,2025-04-25 00:00:00,Mater
18474,0240,2025-04-25 00:00:00,Mater
18475,0350,2025-04-25 00:00:00,Mater
18476,6043,2025-04-25 00:00:00,Mater
18477,0202,2025-04-25 00:00:00,Mater
18478,1132,2025-04-25 00:00:00,Mater
18479,10431,2025-04-25 00:00:00,Mater
18480,2196A,2025-04-12 00:00:00,1A
18481,2171,2025-04-12 00:00:00,1A
18482,2021,2025-04-12 00:00:00,1A
18483,60286,2025-04-12 00:00:00,1A
18484,2226,2025-04-12 00:00:00,1A
18485,31102,2025-04-12 00:00:00,1A
18486,2208A,2025-04-12 00:00:00,1A
18487,6035,2025-04-12 00:00:00,1A
18488,2050,2025-04-12 00:00:00,1A
18489,4079,2025-04-12 00:00:00,1A
18490,5033,2025-04-12 00:00:00,1A
18491,7083,2025-04-12 00:00:00,1A
18492,0132,2025-04-12 00:00:00,1A
18493,3043,2025-04-12 00:00:00,1A
18494,2209A,2025-04-12 00:00:00,1A
18495,8036,2025-04-12 00:00:00,1A
18496,2096,2025-04-12 00:00:00,1A
18497,3015,2025-04-12 00:00:00,1A
18498,3028A,2025-04-12 00:00:00,1A
18499,40072,2025-04-12 00:00:00,1A
18500,5007,2025-04-12 00:00:00,1A
18501,5090,2025-04-12 00:00:00,1A
18502,5150,2025-04-12 00:00:00,1A
18503,7076,2025-04-12 00:00:00,1A
18504,7087,2025-04-12 00:00:00,1A
18505,8046,2025-04-12 00:00:00,1A
18506,8089,2025-04-12 00:00:00,1A
18507,8014,2025-04-12 00:00:00,1A
18508,9007,2025-04-12 00:00:00,1A
18509,2090A,2025-04-12 00:00:00,1A
18510,3132,2025-04-12 00:00:00,1A
18511,8096,2025-04-12 00:00:00,1A
18512,6067,2025-04-12 00:00:00,1A
18513,4035,2025-04-12 00:00:00,1A
18514,7061,2025-04-12 00:00:00,1A
18515,8030,2025-04-12 00:00:00,1A
18516,8037,2025-04-12 00:00:00,1A
18517,8045,2025-04-12 00:00:00,1A
18518,8079,2025-04-12 00:00:00,1A
18519,9040,2025-04-12 00:00:00,1A
18520,9058,2025-04-12 00:00:00,1A
18521,9099,2025-04-12 00:00:00,1A
18522,91171,2025-04-12 00:00:00,1A
18523,91242,2025-04-12 00:00:00,1A
18524,8011,2025-04-12 00:00:00,1A
18525,8061,2025-04-12 00:00:00,1A
18526,91172,2025-04-12 00:00:00,1A
18527,91262,2025-04-12 00:00:00,1A
18528,0201,2025-04-12 00:00:00,1A
18529,0220,2025-04-12 00:00:00,1A
18530,0226,2025-04-12 00:00:00,1A
18531,0229,2025-04-12 00:00:00,1A
18532,0322,2025-04-12 00:00:00,1A
18533,1188,2025-04-12 00:00:00,1A
18534,1004,2025-04-12 00:00:00,1A
18535,0332,2025-04-12 00:00:00,1A
18536,2039,2025-04-12 00:00:00,1A
18537,2062,2025-04-12 00:00:00,1A
18538,7066,2025-04-12 00:00:00,1A
18539,7007,2025-04-12 00:00:00,1A
18540,1139A,2025-04-12 00:00:00,1A
18541,1168,2025-04-12 00:00:00,1A
18542,2220,2025-04-12 00:00:00,1A
18543,1105,2025-04-12 00:00:00,1A
18544,5529,2025-04-12 00:00:00,1A
18545,5629,2025-04-12 00:00:00,1A
18546,5638,2025-04-12 00:00:00,1A
18547,1088A,2025-04-12 00:00:00,1A
18548,1091,2025-04-12 00:00:00,1A
18549,2066,2025-04-12 00:00:00,1A
18550,0320,2025-04-12 00:00:00,1A
18551,9,2025-04-12 00:00:00,1A
18552,35,2025-04-12 00:00:00,1A
18553,J01415,2025-04-12 00:00:00,1A
18554,J841,2025-04-12 00:00:00,1A
18555,J424,2025-04-12 00:00:00,1A
18556,J426,2025-04-12 00:00:00,1A
18557,0240,2025-04-28 00:00:00,1A
18558,0299A,2025-04-28 00:00:00,1A
18559,6043,2025-04-28 00:00:00,1A
18560,25087,2025-04-28 00:00:00,VAQ
18561,25088,2025-04-28 00:00:00,VAQ
18562,25089,2025-04-28 00:00:00,VAQ
18563,MSN16,2025-05-02 00:00:00,MUERTO
18564,0216A,2025-05-02 00:00:00,MUERTO
18565,1068,2025-05-02 00:00:00,MUERTO
18566,7033,2025-04-28 00:00:00,10A
18567,9389,2025-04-28 00:00:00,1A
18568,2500,2025-04-30 00:00:00,NINGUNO
18569,6031,2025-04-30 00:00:00,10A
18570,0305,2025-04-30 00:00:00,NINGUNO
18571,0202,2025-04-30 00:00:00,10A
18572,0350,2025-04-30 00:00:00,10A
18573,1132,2025-05-01 00:00:00,10A
18574,25090,2025-04-28 00:00:00,VAQ
18575,25091,2025-04-28 00:00:00,VAQ
18576,25092,2025-04-30 00:00:00,MUERTO
18577,25093,2025-04-30 00:00:00,VAQ
18578,25094,2025-04-30 00:00:00,MUERTO
18579,25095,2025-04-30 00:00:00,VAQ
18580,25096,2025-04-30 00:00:00,VAQ
18581,25097,2025-05-01 00:00:00,VAQ
18583,40072,2025-05-01 00:00:00,MG
18584,4141,2025-05-01 00:00:00,MG
18585,91091,2025-05-01 00:00:00,MG
18586,3015,2025-05-01 00:00:00,MG
18587,0326,2025-05-01 00:00:00,MG
18588,1056A,2025-05-01 00:00:00,MG
18589,6020,2025-05-01 00:00:00,MG
18590,2061,2025-05-01 00:00:00,MG
18591,1310,2025-04-28 00:00:00,MG
18592,6021,2025-04-28 00:00:00,MG
18593,0205,2025-04-28 00:00:00,MG
18594,2149A,2025-04-28 00:00:00,MG
18595,0330A,2025-04-28 00:00:00,MG
18596,8005,2025-04-28 00:00:00,MG
18597,20334,2025-04-28 00:00:00,MG
18598,0101,2025-04-28 00:00:00,MG
18599,0342,2025-04-28 00:00:00,MG
18600,8051,2025-04-28 00:00:00,MG
18601,2083,2025-04-28 00:00:00,MG
18602,9100,2025-04-28 00:00:00,MG
18603,24233,2025-04-28 00:00:00,MG
18604,24218,2025-04-28 00:00:00,MG
18605,24179,2025-04-28 00:00:00,MG
18606,25078,2025-05-01 00:00:00,MG
18607,25065,2025-05-01 00:00:00,MG
18608,25060,2025-05-01 00:00:00,MG
18609,25083,2025-05-01 00:00:00,MG
18610,25073,2025-04-28 00:00:00,MG
18611,24268,2025-04-28 00:00:00,MG
18612,25080,2025-05-01 00:00:00,MG
18613,24299,2025-04-28 00:00:00,MG
18614,24240,2025-04-28 00:00:00,MG
18615,25085,2025-05-01 00:00:00,MG
18616,25003,2025-04-28 00:00:00,MG
18617,24263,2025-04-28 00:00:00,MG
18618,24250,2025-04-28 00:00:00,MG
18619,25086,2025-05-01 00:00:00,MG
18620,24249,2025-04-28 00:00:00,MG
18621,24251,2025-04-28 00:00:00,MG
18622,25071,2025-05-01 00:00:00,MG
18623,1032,2025-04-28 00:00:00,CACH
18624,1102,2025-04-28 00:00:00,CACH
18625,2014,2025-04-28 00:00:00,CACH
18626,2095,2025-04-28 00:00:00,CACH
18627,2162,2025-04-28 00:00:00,CACH
18628,1053A,2025-04-28 00:00:00,CACH
18629,24091,2025-04-28 00:00:00,CACH
18630,2146,2025-04-15 00:00:00,Mater
18631,7033,2025-04-15 00:00:00,Mater
18632,2196A,2025-04-30 00:00:00,10A
18633,6043,2025-04-30 00:00:00,10A
18634,2171,2025-04-30 00:00:00,10A
18635,2021,2025-04-30 00:00:00,10A
18636,60286,2025-04-30 00:00:00,10A
18637,2226,2025-04-30 00:00:00,10A
18638,31102,2025-04-30 00:00:00,10A
18639,2208A,2025-04-30 00:00:00,10A
18640,9389,2025-04-30 00:00:00,10A
18641,6035,2025-04-30 00:00:00,10A
18642,2050,2025-04-30 00:00:00,10A
18643,4079,2025-04-30 00:00:00,10A
18644,5033,2025-04-30 00:00:00,10A
18645,7083,2025-04-30 00:00:00,10A
18646,0132,2025-04-30 00:00:00,10A
18647,2143,2025-04-30 00:00:00,10A
18648,3043,2025-04-30 00:00:00,10A
18649,2209A,2025-04-30 00:00:00,10A
18650,8036,2025-04-30 00:00:00,10A
18651,2096,2025-04-30 00:00:00,10A
18652,3028A,2025-04-30 00:00:00,10A
18653,5007,2025-04-30 00:00:00,10A
18654,5060,2025-04-30 00:00:00,10A
18655,5090,2025-04-30 00:00:00,10A
18656,5150,2025-04-30 00:00:00,10A
18657,7076,2025-04-30 00:00:00,10A
18658,7087,2025-04-30 00:00:00,10A
18659,8046,2025-04-30 00:00:00,10A
18660,8089,2025-04-30 00:00:00,10A
18661,8014,2025-04-30 00:00:00,10A
18662,9007,2025-04-30 00:00:00,10A
18663,4A,2025-04-30 00:00:00,10A
18664,2090A,2025-04-30 00:00:00,10A
18665,3132,2025-04-30 00:00:00,10A
18666,8096,2025-04-30 00:00:00,10A
18667,6067,2025-04-30 00:00:00,10A
18668,4035,2025-04-30 00:00:00,10A
18669,7061,2025-04-30 00:00:00,10A
18670,8028,2025-04-30 00:00:00,10A
18671,8030,2025-04-30 00:00:00,10A
18672,8037,2025-04-30 00:00:00,10A
18673,8045,2025-04-30 00:00:00,10A
18674,8079,2025-04-30 00:00:00,10A
18675,9040,2025-04-30 00:00:00,10A
18676,9058,2025-04-30 00:00:00,10A
18677,9099,2025-04-30 00:00:00,10A
18678,91171,2025-04-30 00:00:00,10A
18679,91242,2025-04-30 00:00:00,10A
18680,8011,2025-04-30 00:00:00,10A
18681,8061,2025-04-30 00:00:00,10A
18682,91172,2025-04-30 00:00:00,10A
18683,91262,2025-04-30 00:00:00,10A
18684,0201,2025-04-30 00:00:00,10A
18685,0220,2025-04-30 00:00:00,10A
18686,0226,2025-04-30 00:00:00,10A
18687,0229,2025-04-30 00:00:00,10A
18688,0240,2025-04-30 00:00:00,10A
18689,0299A,2025-04-30 00:00:00,10A
18690,0322,2025-04-30 00:00:00,10A
18691,20,2025-04-30 00:00:00,10A
18692,1188,2025-04-30 00:00:00,10A
18693,2035A,2025-04-30 00:00:00,10A
18694,1059,2025-04-30 00:00:00,10A
18695,1004,2025-04-30 00:00:00,10A
18696,1075,2025-04-30 00:00:00,10A
18697,0332,2025-04-30 00:00:00,10A
18698,2039,2025-04-30 00:00:00,10A
18699,1100B,2025-04-30 00:00:00,10A
18700,2062,2025-04-30 00:00:00,10A
18701,7066,2025-04-30 00:00:00,10A
18702,7007,2025-04-30 00:00:00,10A
18703,1139A,2025-04-30 00:00:00,10A
18704,1168,2025-04-30 00:00:00,10A
18705,2220,2025-04-30 00:00:00,10A
18706,1105,2025-04-30 00:00:00,10A
18707,5529,2025-04-30 00:00:00,10A
18708,5629,2025-04-30 00:00:00,10A
18709,5638,2025-04-30 00:00:00,10A
18710,1088A,2025-04-30 00:00:00,10A
18711,1091,2025-04-30 00:00:00,10A
18712,2066,2025-04-30 00:00:00,10A
18713,0320,2025-04-30 00:00:00,10A
18714,9,2025-04-30 00:00:00,10A
18715,35,2025-04-30 00:00:00,10A
18716,J01415,2025-04-30 00:00:00,10A
18717,J841,2025-04-30 00:00:00,10A
18718,J424,2025-04-30 00:00:00,10A
18719,J426,2025-04-30 00:00:00,10A
18720,2146,2025-04-26 00:00:00,1A
18721,2146,2025-04-30 00:00:00,10A
18722,25098,2025-04-26 00:00:00,VAQ
18723,9035,2025-04-30 00:00:00,MUERTO
18724,25099,2025-05-03 00:00:00,VAQ
18725,8050,2025-05-03 00:00:00,10A
18726,25081,2025-05-06 00:00:00,MUERTO
18727,5052,2025-05-04 00:00:00,10A
18728,1005,2025-05-04 00:00:00,10A
18729,1015A,2025-05-05 00:00:00,10A
18730,25100,2025-05-04 00:00:00,VAQ
18731,25101,2025-05-04 00:00:00,VAQ
18732,25102,2025-05-05 00:00:00,VAQ
18733,9051,2025-05-06 00:00:00,2
18734,8051,2025-05-06 00:00:00,2
18735,7028,2025-05-06 00:00:00,2
18736,2022,2025-05-06 00:00:00,2
18737,3028A,2025-05-06 00:00:00,2
18738,5146,2025-05-06 00:00:00,2
18739,1104A,2025-05-06 00:00:00,Mater
18740,1109B,2025-05-06 00:00:00,Mater
18741,8033,2025-05-06 00:00:00,Mater
18742,4078,2025-05-06 00:00:00,Mater
18743,1090A,2025-05-06 00:00:00,Mater
18744,0338,2025-05-06 00:00:00,Mater
18745,2018,2025-05-06 00:00:00,Mater
18746,33,2025-05-06 00:00:00,Mater
18747,25103,2025-05-06 00:00:00,VAQ
18748,10431,2025-05-06 00:00:00,10A
18749,25105,2025-05-11 00:00:00,VAQ
18750,1104A,2025-05-11 00:00:00,10A
18751,25104,2025-05-08 00:00:00,VAQ
18752,3027A,2025-05-08 00:00:00,10A
18753,0338,2025-05-14 00:00:00,10A
18754,4078,2025-05-14 00:00:00,10A
18755,25106,2025-05-14 00:00:00,VAQ
18756,25107,2025-05-14 00:00:00,VAQ
18757,22187,2025-03-15 00:00:00,8
18758,24106,2025-05-14 00:00:00,5
18759,2066,2025-05-14 00:00:00,3A
18760,2196A,2025-05-14 00:00:00,3A
18761,9040,2025-05-14 00:00:00,3A
18762,8061,2025-05-14 00:00:00,3A
18763,8046,2025-05-14 00:00:00,3A
18764,91172,2025-05-14 00:00:00,3A
18765,8045,2025-05-14 00:00:00,3A
18766,5033,2025-05-14 00:00:00,3A
18767,4151,2025-05-16 00:00:00,2
18768,80882,2025-05-16 00:00:00,2
18769,4101,2025-05-16 00:00:00,2
18770,809,2025-05-16 00:00:00,2
18771,3178,2025-05-15 00:00:00,10A
18772,2234,2025-05-15 00:00:00,10A
18773,25108,2025-05-15 00:00:00,VAQ
18774,25109,2025-05-15 00:00:00,VAQ
18775,25110,2025-05-14 00:00:00,VAQ
18776,1109B,2025-05-14 00:00:00,10A
18777,2203,2025-05-17 00:00:00,10A
18778,0208A,2025-05-17 00:00:00,10A
18779,2073,2025-05-17 00:00:00,10A
18780,25111,2025-05-17 00:00:00,VAQ
18781,25112,2025-05-17 00:00:00,VAQ
18782,25113,2025-05-17 00:00:00,VAQ
18783,7038,2025-05-18 00:00:00,MUERTO
18784,6043,2025-05-18 00:00:00,1A
18785,2171,2025-05-18 00:00:00,1A
18786,2021,2025-05-18 00:00:00,1A
18787,60286,2025-05-18 00:00:00,1A
18788,2226,2025-05-18 00:00:00,1A
18789,31102,2025-05-18 00:00:00,1A
18790,2208A,2025-05-18 00:00:00,1A
18791,9389,2025-05-18 00:00:00,1A
18792,6035,2025-05-18 00:00:00,1A
18793,2234,2025-05-18 00:00:00,1A
18794,2050,2025-05-18 00:00:00,1A
18795,4079,2025-05-18 00:00:00,1A
18796,7083,2025-05-18 00:00:00,1A
18797,2146,2025-05-18 00:00:00,1A
18798,0132,2025-05-18 00:00:00,1A
18799,2073,2025-05-18 00:00:00,1A
18800,2143,2025-05-18 00:00:00,1A
18801,3043,2025-05-18 00:00:00,1A
18802,2209A,2025-05-18 00:00:00,1A
18803,8036,2025-05-18 00:00:00,1A
18804,2096,2025-05-18 00:00:00,1A
18805,3178,2025-05-18 00:00:00,1A
18806,4078,2025-05-18 00:00:00,1A
18807,5007,2025-05-18 00:00:00,1A
18808,5052,2025-05-18 00:00:00,1A
18809,5060,2025-05-18 00:00:00,1A
18810,5090,2025-05-18 00:00:00,1A
18811,5150,2025-05-18 00:00:00,1A
18812,6031,2025-05-18 00:00:00,1A
18813,7076,2025-05-18 00:00:00,1A
18814,7087,2025-05-18 00:00:00,1A
18815,8089,2025-05-18 00:00:00,1A
18816,8014,2025-05-18 00:00:00,1A
18817,9007,2025-05-18 00:00:00,1A
18818,4A,2025-05-18 00:00:00,1A
18819,2090A,2025-05-18 00:00:00,1A
18820,3027A,2025-05-18 00:00:00,1A
18821,3132,2025-05-18 00:00:00,1A
18822,8096,2025-05-18 00:00:00,1A
18823,6067,2025-05-18 00:00:00,1A
18824,4035,2025-05-18 00:00:00,1A
18825,7033,2025-05-18 00:00:00,1A
18826,7061,2025-05-18 00:00:00,1A
18827,8028,2025-05-18 00:00:00,1A
18828,8030,2025-05-18 00:00:00,1A
18829,8037,2025-05-18 00:00:00,1A
18830,8050,2025-05-18 00:00:00,1A
18831,8079,2025-05-18 00:00:00,1A
18832,9058,2025-05-18 00:00:00,1A
18833,9099,2025-05-18 00:00:00,1A
18834,91171,2025-05-18 00:00:00,1A
18835,91242,2025-05-18 00:00:00,1A
18836,8011,2025-05-18 00:00:00,1A
18837,91262,2025-05-18 00:00:00,1A
18838,0201,2025-05-18 00:00:00,1A
18839,0202,2025-05-18 00:00:00,1A
18840,0208A,2025-05-18 00:00:00,1A
18841,0220,2025-05-18 00:00:00,1A
18842,0226,2025-05-18 00:00:00,1A
18843,0229,2025-05-18 00:00:00,1A
18844,0240,2025-05-18 00:00:00,1A
18845,0299A,2025-05-18 00:00:00,1A
18846,0322,2025-05-18 00:00:00,1A
18847,0338,2025-05-18 00:00:00,1A
18849,1188,2025-05-18 00:00:00,1A
18850,1109B,2025-05-18 00:00:00,1A
18851,2035A,2025-05-18 00:00:00,1A
18852,1132,2025-05-18 00:00:00,1A
18853,1059,2025-05-18 00:00:00,1A
18854,10431,2025-05-18 00:00:00,1A
18855,1004,2025-05-18 00:00:00,1A
18856,1075,2025-05-18 00:00:00,1A
18857,1005,2025-05-18 00:00:00,1A
18858,0332,2025-05-18 00:00:00,1A
18859,2203,2025-05-18 00:00:00,1A
18860,2039,2025-05-18 00:00:00,1A
18861,1100B,2025-05-18 00:00:00,1A
18862,1104A,2025-05-18 00:00:00,1A
18863,2062,2025-05-18 00:00:00,1A
18864,7066,2025-05-18 00:00:00,1A
18865,7007,2025-05-18 00:00:00,1A
18866,1139A,2025-05-18 00:00:00,1A
18867,1168,2025-05-18 00:00:00,1A
18868,2220,2025-05-18 00:00:00,1A
18869,1105,2025-05-18 00:00:00,1A
18870,5529,2025-05-18 00:00:00,1A
18871,5629,2025-05-18 00:00:00,1A
18872,5638,2025-05-18 00:00:00,1A
18873,1088A,2025-05-18 00:00:00,1A
18874,1091,2025-05-18 00:00:00,1A
18875,0320,2025-05-18 00:00:00,1A
18876,0350,2025-05-18 00:00:00,1A
18877,1015A,2025-05-18 00:00:00,1A
18878,9,2025-05-18 00:00:00,1A
18879,35,2025-05-18 00:00:00,1A
18880,J01415,2025-05-18 00:00:00,1A
18881,J841,2025-05-18 00:00:00,1A
18882,J424,2025-05-18 00:00:00,1A
18883,J426,2025-05-18 00:00:00,1A
18884,BU366,2025-05-19 00:00:00,MUERTO
18885,1090A,2025-05-19 00:00:00,1A
18886,5098,2025-05-19 00:00:00,1A
18887,9011,2025-05-19 00:00:00,1A
18888,25114,2025-05-19 00:00:00,VAQ
18889,25115,2025-05-19 00:00:00,VAQ
18890,25116,2025-05-19 00:00:00,VAQ
18891,4007,2025-05-09 00:00:00,6
18892,6011,2025-05-09 00:00:00,6
18893,4055,2025-05-09 00:00:00,6
18894,0128,2025-05-09 00:00:00,6
18895,50741,2025-05-09 00:00:00,6
18896,2019,2025-05-09 00:00:00,6
18897,1128,2025-05-09 00:00:00,6
18898,4023,2025-05-09 00:00:00,6
18899,4066,2025-05-09 00:00:00,6
18900,4076,2025-05-09 00:00:00,6
18901,4099,2025-05-09 00:00:00,6
18902,4100,2025-05-09 00:00:00,6
18903,4109,2025-05-09 00:00:00,6
18904,4172,2025-05-09 00:00:00,6
18905,50501,2025-05-09 00:00:00,6
18906,5076,2025-05-09 00:00:00,6
18907,5092,2025-05-09 00:00:00,6
18908,6008,2025-05-09 00:00:00,6
18909,7092,2025-05-09 00:00:00,6
18910,8067,2025-05-09 00:00:00,6
18911,9047,2025-05-09 00:00:00,6
18912,0143,2025-05-09 00:00:00,6
18913,9219,2025-05-09 00:00:00,6
18914,6037,2025-05-09 00:00:00,6
18915,6050,2025-05-09 00:00:00,6
18916,80272,2025-05-09 00:00:00,6
18917,8060,2025-05-09 00:00:00,6
18918,8077,2025-05-09 00:00:00,6
18919,8093,2025-05-09 00:00:00,6
18920,1123,2025-05-09 00:00:00,6
18921,9192,2025-05-09 00:00:00,6
18922,9121,2025-05-09 00:00:00,6
18923,9126A,2025-05-09 00:00:00,6
18924,9128B,2025-05-09 00:00:00,6
18925,0125,2025-05-09 00:00:00,6
18926,0206B,2025-05-09 00:00:00,6
18927,0211,2025-05-09 00:00:00,6
18928,0224,2025-05-09 00:00:00,6
18929,0269,2025-05-09 00:00:00,6
18930,0321,2025-05-09 00:00:00,6
18931,0344,2025-05-09 00:00:00,6
18932,0348,2025-05-09 00:00:00,6
18933,0352,2025-05-09 00:00:00,6
18934,0354,2025-05-09 00:00:00,6
18935,0274,2025-05-09 00:00:00,6
18936,1052A,2025-05-09 00:00:00,6
18937,2037,2025-05-09 00:00:00,6
18938,1023,2025-05-09 00:00:00,6
18939,2087,2025-05-09 00:00:00,6
18940,2024,2025-05-09 00:00:00,6
18941,1103,2025-05-09 00:00:00,6
18942,3108,2025-05-09 00:00:00,6
18943,2060,2025-05-09 00:00:00,6
18944,2065,2025-05-09 00:00:00,6
18945,2109,2025-05-09 00:00:00,6
18946,2036,2025-05-09 00:00:00,6
18947,EMB 5,2025-05-09 00:00:00,6
18948,24186,2025-05-09 00:00:00,6
18949,24194,2025-05-09 00:00:00,6
18950,24198,2025-05-09 00:00:00,6
18951,24201,2025-05-09 00:00:00,6
18952,24203,2025-05-09 00:00:00,6
18953,24204,2025-05-09 00:00:00,6
18954,24206,2025-05-09 00:00:00,6
18955,24210,2025-05-09 00:00:00,6
18956,24211,2025-05-09 00:00:00,6
18957,24212,2025-05-09 00:00:00,6
18958,24217,2025-05-09 00:00:00,6
18959,24224,2025-05-09 00:00:00,6
18960,24231,2025-05-09 00:00:00,6
18961,24238,2025-05-09 00:00:00,6
18962,24242,2025-05-09 00:00:00,6
18963,24247,2025-05-09 00:00:00,6
18964,24264,2025-05-09 00:00:00,6
18965,24271,2025-05-09 00:00:00,6
18966,24274,2025-05-09 00:00:00,6
18967,24279,2025-05-09 00:00:00,6
18968,24280,2025-05-09 00:00:00,6
18969,J428,2025-05-09 00:00:00,6
18970,24288,2025-05-09 00:00:00,6
18971,25007,2025-05-09 00:00:00,6
18972,25010,2025-05-09 00:00:00,6
18973,25011,2025-05-09 00:00:00,6
18974,25037,2025-05-09 00:00:00,6
18975,4033,2025-05-20 00:00:00,1A
18976,9014,2025-05-20 00:00:00,1A
18977,25117,2025-05-20 00:00:00,VAQ
18978,25118,2025-05-20 00:00:00,VAQ
18979,0343,2025-05-16 00:00:00,Mater
18980,9113,2025-05-16 00:00:00,Mater
18981,9011,2025-05-16 00:00:00,Mater
18982,9014,2025-05-16 00:00:00,Mater
18983,8094,2025-05-16 00:00:00,Mater
18984,3003A,2025-05-16 00:00:00,Mater
18985,2073,2025-05-16 00:00:00,Mater
18986,5098,2025-05-16 00:00:00,Mater
18987,1064,2025-05-21 00:00:00,MUERTO
18988,2217,2025-05-21 00:00:00,MUERTO
18989,4008,2025-05-20 00:00:00,1A
18990,8085,2025-05-20 00:00:00,1A
18991,33,2025-05-20 00:00:00,1A
18992,25119,2025-05-20 00:00:00,VAQ
18993,25120,2025-05-20 00:00:00,VAQ
18994,25121,2025-05-20 00:00:00,VAQ
18995,1148,2025-05-26 00:00:00,MUERTO
18996,1130,2025-05-26 00:00:00,MUERTO
18997,1324,2025-05-26 00:00:00,MUERTO
18998,1166,2025-05-26 00:00:00,MUERTO
18999,0343,2025-05-24 00:00:00,1A
19000,0241,2025-05-24 00:00:00,1A
19001,8094,2025-05-25 00:00:00,1A
19002,25122,2025-05-24 00:00:00,VAQ
19003,25123,2025-05-24 00:00:00,VAQ
19004,25124,2025-05-25 00:00:00,VAQ
19005,12164,2025-05-29 00:00:00,1A
19006,2219,2025-05-29 00:00:00,1A
19007,25125,2025-05-29 00:00:00,VAQ
19008,25126,2025-05-29 00:00:00,VAQ
19009,4079,2025-05-30 00:00:00,MUERTO
19012,9113,2025-05-30 00:00:00,1A
19013,25127,2025-05-30 00:00:00,VAQ
19014,1059,2025-05-22 00:00:00,MG
19015,20,2025-05-10 00:00:00,SERVICIO
19016,20,2025-05-06 00:00:00,SERVICIO
19018,24140,2025-05-06 00:00:00,10B
19019,5007,2025-05-22 00:00:00,SERVICIO
19020,25025,2025-05-22 00:00:00,10B
19021,1168,2025-05-22 00:00:00,SERVICIO
19022,25063,2025-05-22 00:00:00,SERVICIO
19024,3043,2025-05-22 00:00:00,SERVICIO
19025,25064,2025-05-22 00:00:00,SERVICIO
19026,25038,2025-05-22 00:00:00,MG
19027,8017,2025-05-28 00:00:00,3A
19029,25073,2025-05-22 00:00:00,CACH
19030,2042,2025-05-22 00:00:00,1A
19031,60286,2025-05-22 00:00:00,3
19032,2208A,2025-05-22 00:00:00,3A
19033,1139A,2025-05-22 00:00:00,3A
19034,1088A,2025-05-22 00:00:00,3
19035,8096,2025-05-22 00:00:00,3
19036,2226,2025-05-22 00:00:00,3
19037,7066,2025-05-22 00:00:00,3A
19038,j426,2024-12-22 00:00:00,3
19039,0132,2024-12-22 00:00:00,3
19040,0332,2024-12-22 00:00:00,3
19041,25128,2025-05-30 00:00:00,VAQ
19042,2133A,2025-05-30 00:00:00,1A
19043,25129,2025-06-02 00:00:00,VAQ
19044,EMB 2,2025-06-02 00:00:00,1A
19047,5146,2025-06-03 00:00:00,1A
19048,25130,2025-06-03 00:00:00,VAQ
19049,25007,2025-06-02 00:00:00,MUERTO
19050,BU309,2025-05-30 00:00:00,MUERTO
19051,7074,2025-05-28 00:00:00,SERVICIO
19052,2148A,2025-05-28 00:00:00,SERVICIO
19053,7059,2025-05-28 00:00:00,SERVICIO
19054,7012,2025-05-28 00:00:00,SERVICIO
19056,5007,2025-05-29 00:00:00,SERVICIO
19058,3043,2025-05-29 00:00:00,SERVICIO
19059,1059,2025-05-29 00:00:00,SERVICIO
19060,7076,2025-05-29 00:00:00,SERVICIO
19061,0350,2025-05-29 00:00:00,SERVICIO
19062,1132,2025-05-29 00:00:00,SERVICIO
19063,20,2025-05-29 00:00:00,SERVICIO
19064,3178,2025-05-29 00:00:00,SERVICIO
19065,4033,2025-05-29 00:00:00,SERVICIO
19066,5098,2025-05-29 00:00:00,SERVICIO
19068,6031,2025-05-29 00:00:00,SERVICIO
19069,8014,2025-05-29 00:00:00,SERVICIO
19070,8085,2025-05-29 00:00:00,SERVICIO
19071,3028A,2025-05-29 00:00:00,2
19072,2042,2025-05-29 00:00:00,1A
19073,TSN01,2025-05-29 00:00:00,1A
19074,1032,2025-05-29 00:00:00,SERVICIO
19075,1102,2025-05-29 00:00:00,SERVICIO
19076,2014,2025-05-29 00:00:00,SERVICIO
19077,2095,2025-05-29 00:00:00,SERVICIO
19078,2162,2025-05-29 00:00:00,SERVICIO
19079,22131,2025-05-29 00:00:00,SERVICIO
19081,23156,2025-05-29 00:00:00,SERVICIO
19082,24091,2025-05-29 00:00:00,SERVICIO
19083,24190,2025-05-29 00:00:00,SERVICIO
19084,24302,2025-05-29 00:00:00,SERVICIO
19085,25001,2025-05-29 00:00:00,SERVICIO
19086,25025,2025-05-29 00:00:00,SERVICIO
19087,25038,2025-05-29 00:00:00,SERVICIO
19088,25051,2025-05-29 00:00:00,SERVICIO
19090,25064,2025-05-29 00:00:00,SERVICIO
19091,25068,2025-05-29 00:00:00,SERVICIO
19092,25093,2025-05-29 00:00:00,SERVICIO
19093,25096,2025-05-29 00:00:00,SERVICIO
19094,25097,2025-05-29 00:00:00,SERVICIO
19095,25108,2025-05-29 00:00:00,SERVICIO
19096,25115,2025-05-29 00:00:00,SERVICIO
19097,25117,2025-05-29 00:00:00,SERVICIO
19098,25122,2025-05-29 00:00:00,SERVICIO
19099,J25002,2025-05-29 00:00:00,SERVICIO
19100,J25049,2025-05-29 00:00:00,CACH
19101,25045,2025-05-29 00:00:00,CACH
19102,24263,2025-05-29 00:00:00,CACH
19103,25121,2025-05-29 00:00:00,CACH
19104,25060,2025-05-29 00:00:00,CACH
19106,25119,2025-05-29 00:00:00,CACH
19107,25073,2025-05-29 00:00:00,CACH
19108,24179,2025-05-29 00:00:00,CACH
19109,24220,2025-05-29 00:00:00,CACH
19110,5529,2025-05-29 00:00:00,CACH
19111,0254,2025-05-29 00:00:00,CACH
19112,4087,2025-05-29 00:00:00,CACH
19113,24005,2025-05-29 00:00:00,CACH
19114,J420,2025-05-29 00:00:00,Mater
19115,099,2025-05-29 00:00:00,CACH
19116,5638,2025-05-29 00:00:00,CACH
19117,9113,2025-05-29 00:00:00,Mater
19118,2030,2025-05-29 00:00:00,Mater
19119,24229,2025-05-29 00:00:00,CACH
19120,3003A,2025-05-29 00:00:00,Mater
19122,8086,2025-05-29 00:00:00,CACH
19123,9,2025-05-29 00:00:00,CACH
19124,2037,2025-05-29 00:00:00,Mater
19125,24235,2025-05-29 00:00:00,CACH
19126,24222,2025-05-29 00:00:00,CACH
19127,24234,2025-05-29 00:00:00,CACH
19128,2072,2025-05-29 00:00:00,CACH
19129,1168,2025-05-29 00:00:00,CACH
19130,3024A,2025-05-29 00:00:00,CACH
19131,23154,2025-05-29 00:00:00,CACH
19132,2018,2025-05-29 00:00:00,Mater
19133,25063,2025-05-29 00:00:00,CACH
19134,24205,2025-05-29 00:00:00,CACH
19135,BU48,2025-05-29 00:00:00,CACH
19136,0329,2025-05-30 00:00:00,Mater
19137,1063,2025-05-30 00:00:00,Mater
19138,12164,2025-05-30 00:00:00,1A
19139,2007,2025-05-30 00:00:00,SERVICIO
19141,2034,2025-05-30 00:00:00,Mater
19142,2047,2025-05-30 00:00:00,SERVICIO
19143,2080,2025-05-30 00:00:00,CACH
19145,2219,2025-05-30 00:00:00,1A
19147,31,2025-05-30 00:00:00,Mater
19148,4048,2025-05-30 00:00:00,CACH
19149,5146,2025-05-30 00:00:00,Mater
19150,7077,2025-05-30 00:00:00,Mater
19151,9051,2025-05-30 00:00:00,Mater
19152,9071,2025-05-30 00:00:00,Mater
19153,9073,2025-05-30 00:00:00,2
19154,9091,2025-05-30 00:00:00,Mater
19155,EMB 2,2025-05-30 00:00:00,Mater
19156,J420,2025-05-30 00:00:00,Mater
19157,J425,2025-05-30 00:00:00,SERVICIO
19158,SNA,2025-05-30 00:00:00,Mater
19159,22126,2025-05-30 00:00:00,2
19160,2095,2025-05-30 00:00:00,2
19161,2014,2025-05-30 00:00:00,2
19162,22135,2025-05-30 00:00:00,2
19163,8033,2025-05-30 00:00:00,2
19164,1053A,2025-05-30 00:00:00,2
19165,7074,2025-05-30 00:00:00,2
19166,5082,2025-05-30 00:00:00,2
19167,22049,2025-05-30 00:00:00,2
19168,2007,2025-05-30 00:00:00,2
19169,22149,2025-05-30 00:00:00,2
19170,20,2025-05-30 00:00:00,2
19171,2153,2025-05-30 00:00:00,2
19172,7012,2025-05-30 00:00:00,2
19173,7059,2025-05-30 00:00:00,2
19174,9013,2025-05-30 00:00:00,2
19175,8054,2025-05-30 00:00:00,2
19176,2022,2025-05-30 00:00:00,2
19177,4075,2025-05-30 00:00:00,CACH
19178,8060,2025-05-30 00:00:00,2
19179,24091,2025-05-30 00:00:00,CACH
19180,1102,2025-05-30 00:00:00,2
19181,2093,2025-05-30 00:00:00,2
19182,2162,2025-05-30 00:00:00,2
19183,1032,2025-05-30 00:00:00,2
19184,7076,2025-05-30 00:00:00,2
19185,1126,2025-05-30 00:00:00,SERVICIO
19187,2045,2025-05-30 00:00:00,SERVICIO
19188,22131,2025-05-30 00:00:00,SERVICIO
19190,23209,2025-05-29 00:00:00,CACH
19191,23232,2025-05-29 00:00:00,CACH
19192,23236,2025-05-29 00:00:00,CACH
19193,24001,2025-05-29 00:00:00,CACH
19194,24139,2025-05-30 00:00:00,SERVICIO
19196,24276,2025-05-30 00:00:00,SERVICIO
19197,23120,2025-05-30 00:00:00,5
19198,23188,2025-05-30 00:00:00,5
19199,24136,2025-05-30 00:00:00,5
19200,0101,2025-06-04 00:00:00,MG
19201,0205,2025-06-04 00:00:00,MG
19202,0263,2025-06-04 00:00:00,MG
19203,0326,2025-06-04 00:00:00,MG
19204,0330A,2025-06-04 00:00:00,MG
19205,0342,2025-06-04 00:00:00,MG
19206,1043A,2025-06-04 00:00:00,MG
19207,1056A,2025-06-04 00:00:00,MG
19208,1059,2025-06-04 00:00:00,MG
19209,1065,2025-06-04 00:00:00,MG
19210,1084A,2025-06-04 00:00:00,MG
19211,1117,2025-06-04 00:00:00,MG
19212,1310,2025-06-04 00:00:00,MG
19213,20334,2025-06-04 00:00:00,MG
19214,2061,2025-06-04 00:00:00,MG
19215,2072,2025-06-04 00:00:00,MG
19216,2083,2025-06-04 00:00:00,MG
19217,21027,2025-06-04 00:00:00,MG
19218,2149A,2025-06-04 00:00:00,MG
19219,24218,2025-06-04 00:00:00,MG
19220,24233,2025-06-04 00:00:00,MG
19221,24240,2025-06-04 00:00:00,MG
19222,24249,2025-06-04 00:00:00,MG
19223,24268,2025-06-04 00:00:00,MG
19224,24303,2025-06-04 00:00:00,MG
19225,25003,2025-06-04 00:00:00,MG
19226,25006,2025-06-04 00:00:00,MG
19227,25013,2025-06-04 00:00:00,MG
19228,25015,2025-06-04 00:00:00,MG
19229,25025,2025-06-04 00:00:00,MG
19230,25029,2025-06-04 00:00:00,MG
19231,25032,2025-06-04 00:00:00,MG
19232,25033,2025-06-04 00:00:00,MG
19233,25038,2025-06-04 00:00:00,MG
19234,25044,2025-06-04 00:00:00,MG
19235,25060,2025-06-04 00:00:00,MG
19236,25064,2025-06-04 00:00:00,MG
19237,25071,2025-06-04 00:00:00,MG
19238,25078,2025-06-04 00:00:00,MG
19239,25080,2025-06-04 00:00:00,MG
19240,25086,2025-06-04 00:00:00,MG
19241,3015,2025-06-04 00:00:00,MG
19242,3043,2025-06-04 00:00:00,MG
19243,3084,2025-06-04 00:00:00,MG
19244,40072,2025-06-04 00:00:00,MG
19245,4034,2025-06-04 00:00:00,MG
19246,4141,2025-06-04 00:00:00,MG
19247,5007,2025-06-04 00:00:00,MG
19248,6020,2025-06-04 00:00:00,MG
19249,6021,2025-06-04 00:00:00,MG
19250,8005,2025-06-04 00:00:00,MG
19251,9100,2025-06-04 00:00:00,MG
19252,25097,2025-06-04 00:00:00,MG
19253,25093,2025-06-04 00:00:00,MG
19254,8085,2025-06-04 00:00:00,MG
19255,25108,2025-06-04 00:00:00,MG
19256,25096,2025-06-04 00:00:00,MG
19257,25120,2025-06-04 00:00:00,MG
19258,25115,2025-06-04 00:00:00,MG
19259,5098,2025-06-04 00:00:00,MG
19260,24302,2025-06-04 00:00:00,MG
19261,6031,2025-06-04 00:00:00,MG
19262,1132,2025-06-04 00:00:00,MG
19263,25117,2025-06-04 00:00:00,MG
19264,24299,2025-06-04 00:00:00,MG
19265,91091,2025-06-04 00:00:00,MG
19266,0350,2025-06-04 00:00:00,MG
19267,4033,2025-06-04 00:00:00,MG
19268,3178,2025-06-04 00:00:00,MG
19269,0125,2025-06-05 00:00:00,6
19270,0128,2025-06-05 00:00:00,2
19271,0143,2025-06-05 00:00:00,6
19272,0206B,2025-06-05 00:00:00,2
19273,0211,2025-06-05 00:00:00,2
19274,0224,2025-06-05 00:00:00,6
19275,0269,2025-06-05 00:00:00,2
19276,0274,2025-06-05 00:00:00,6
19277,0321,2025-06-05 00:00:00,2
19278,0344,2025-06-05 00:00:00,6
19279,0348,2025-06-05 00:00:00,2
19280,0352,2025-06-05 00:00:00,2
19281,0354,2025-06-05 00:00:00,6
19282,1023,2025-06-05 00:00:00,6
19283,1052A,2025-06-05 00:00:00,2
19284,1103,2025-06-05 00:00:00,6
19285,1123,2025-06-05 00:00:00,2
19286,1128,2025-06-05 00:00:00,6
19287,2019,2025-06-05 00:00:00,6
19288,2024,2025-06-05 00:00:00,2
19289,2036,2025-06-05 00:00:00,2
19290,2037,2025-06-05 00:00:00,Mater
19291,2060,2025-06-05 00:00:00,6
19292,2065,2025-06-05 00:00:00,6
19293,2087,2025-06-05 00:00:00,6
19294,2109,2025-06-05 00:00:00,6
19295,24186,2025-06-05 00:00:00,VAQ
19296,24194,2025-06-05 00:00:00,VAQ
19297,24198,2025-06-05 00:00:00,VAQ
19298,24201,2025-06-05 00:00:00,VAQ
19299,24203,2025-06-05 00:00:00,VAQ
19300,24204,2025-06-05 00:00:00,VAQ
19301,24206,2025-06-05 00:00:00,VAQ
19302,24210,2025-06-05 00:00:00,VAQ
19303,24211,2025-06-05 00:00:00,VAQ
19304,24212,2025-06-05 00:00:00,VAQ
19305,24217,2025-06-05 00:00:00,VAQ
19306,24224,2025-06-05 00:00:00,VAQ
19307,24231,2025-06-05 00:00:00,VAQ
19308,24238,2025-06-05 00:00:00,6
19309,24242,2025-06-05 00:00:00,6
19310,24247,2025-06-05 00:00:00,6
19311,24264,2025-06-05 00:00:00,6
19312,24271,2025-06-05 00:00:00,6
19313,24274,2025-06-05 00:00:00,6
19314,24279,2025-06-05 00:00:00,6
19315,24280,2025-06-05 00:00:00,6
19316,24288,2025-06-05 00:00:00,6
19317,25010,2025-06-05 00:00:00,6
19318,25011,2025-06-05 00:00:00,6
19319,25037,2025-06-05 00:00:00,6
19320,3108,2025-06-05 00:00:00,2
19321,4007,2025-06-05 00:00:00,2
19322,4023,2025-06-05 00:00:00,2
19323,4055,2025-06-05 00:00:00,2
19324,4066,2025-06-05 00:00:00,2
19325,4076,2025-06-05 00:00:00,6
19326,4099,2025-06-05 00:00:00,6
19327,4100,2025-06-05 00:00:00,2
19328,4109,2025-06-05 00:00:00,2
19329,4172,2025-06-05 00:00:00,6
19330,50501,2025-06-05 00:00:00,2
19331,50741,2025-06-05 00:00:00,6
19332,5076,2025-06-05 00:00:00,1A
19333,5092,2025-06-05 00:00:00,2
19334,6008,2025-06-05 00:00:00,2
19335,6011,2025-06-05 00:00:00,MUERTO
19336,6037,2025-06-05 00:00:00,2
19337,6050,2025-06-05 00:00:00,6
19338,7092,2025-06-05 00:00:00,6
19339,80272,2025-06-05 00:00:00,2
19340,8060,2025-06-05 00:00:00,2
19341,8067,2025-06-05 00:00:00,6
19342,8077,2025-06-05 00:00:00,2
19343,8093,2025-06-05 00:00:00,6
19344,9047,2025-06-05 00:00:00,6
19345,9121,2025-06-05 00:00:00,2
19346,9126A,2025-06-05 00:00:00,2
19347,9128B,2025-06-05 00:00:00,6
19348,9192,2025-06-05 00:00:00,6
19349,9219,2025-06-05 00:00:00,6
19350,EMB 5,2025-06-05 00:00:00,2
19351,J428,2025-06-05 00:00:00,6
19352,24276,2025-06-05 00:00:00,6
19353,25051,2025-06-05 00:00:00,6
19354,24190,2025-06-05 00:00:00,VAQ
19355,8014,2025-06-05 00:00:00,6
19356,2045,2025-06-05 00:00:00,CACH
19357,BU48,2025-06-08 00:00:00,MUERTO
19358,J425,2025-06-04 00:00:00,1A
19359,3003A,2025-06-05 00:00:00,1A
19360,5076,2025-06-05 00:00:00,1A
19361,9071,2025-06-08 00:00:00,1A
19362,J25132,2025-06-04 00:00:00,VAQ
19363,25133,2025-06-05 00:00:00,VAQ
19364,25134,2025-06-05 00:00:00,VAQ
19365,25135,2025-06-08 00:00:00,VAQ
19366,9091,2025-06-03 00:00:00,1A
19367,25131,2025-06-03 00:00:00,VAQ
19368,BU20,2025-06-08 00:00:00,CACH
19369,BU009,2025-06-08 00:00:00,CACH
19370,BU66,2025-06-08 00:00:00,CACH
19371,BU67,2025-06-08 00:00:00,CACH
19372,BU69,2025-06-08 00:00:00,CACH
19373,BU75,2025-06-08 00:00:00,CACH
19374,BU79,2025-06-08 00:00:00,CACH
19375,BU83,2025-06-08 00:00:00,CACH
19376,BU84,2025-06-08 00:00:00,CACH
19377,BU86,2025-06-08 00:00:00,CACH
19378,BU87,2025-06-08 00:00:00,CACH
19379,BU097,2025-06-08 00:00:00,CACH
19380,BU304,2025-06-08 00:00:00,CACH
19381,BU303,2025-06-08 00:00:00,CACH
19382,BU302,2025-06-08 00:00:00,CACH
19383,BU088,2025-06-08 00:00:00,CACH
19384,BU301,2025-06-08 00:00:00,CACH
19385,BU086,2025-06-08 00:00:00,CACH
19386,BU069,2025-06-08 00:00:00,CACH
19387,BU099,2025-06-08 00:00:00,CACH
19388,BU306,2025-06-08 00:00:00,CACH
19389,BU091,2025-06-08 00:00:00,CACH
19390,BU089,2025-06-08 00:00:00,CACH
19391,BU308,2025-06-08 00:00:00,CACH
19392,BU092,2025-06-08 00:00:00,CACH
19393,BU310,2025-06-08 00:00:00,CACH
19394,BU311,2025-06-08 00:00:00,CACH
19395,BU078,2025-06-08 00:00:00,CACH
19396,BU314,2025-06-08 00:00:00,CACH
19397,BU315,2025-06-08 00:00:00,CACH
19398,BU085,2025-06-08 00:00:00,CACH
19399,BU087,2025-06-08 00:00:00,CACH
19400,BU056,2025-06-08 00:00:00,CACH
19401,BU090,2025-06-08 00:00:00,CACH
19402,BU317,2025-06-08 00:00:00,CACH
19403,BU319,2025-06-08 00:00:00,CACH
19404,BU321,2025-06-08 00:00:00,CACH
19405,BU071,2025-06-08 00:00:00,CACH
19406,BU322,2025-06-08 00:00:00,CACH
19407,BU323,2025-06-08 00:00:00,CACH
19408,BU325,2025-06-08 00:00:00,CACH
19409,BU073,2025-06-08 00:00:00,CACH
19410,BU326,2025-06-08 00:00:00,CACH
19411,BU095,2025-06-08 00:00:00,CACH
19412,BU327,2025-06-08 00:00:00,CACH
19413,BU328,2025-06-08 00:00:00,CACH
19414,BU313,2025-06-08 00:00:00,CACH
19415,BU084,2025-06-08 00:00:00,CACH
19416,0242,2025-06-10 00:00:00,MUERTO
19417,1163,2025-06-10 00:00:00,MUERTO
19418,1202,2025-06-10 00:00:00,MUERTO
19419,1207,2025-06-10 00:00:00,MUERTO
19420,1165,2025-06-10 00:00:00,MUERTO
19421,1190,2025-06-10 00:00:00,MUERTO
19422,24190,2025-06-06 00:00:00,VAQ
19423,24231,2025-06-06 00:00:00,VAQ
19424,24198,2025-06-06 00:00:00,VAQ
19425,24217,2025-06-06 00:00:00,VAQ
19426,24211,2025-06-06 00:00:00,VAQ
19427,24203,2025-06-06 00:00:00,VAQ
19428,24201,2025-06-06 00:00:00,VAQ
19429,24210,2025-06-06 00:00:00,VAQ
19430,24214,2025-06-06 00:00:00,VAQ
19431,24179,2025-06-06 00:00:00,VAQ
19432,24191,2025-06-06 00:00:00,VAQ
19433,24224,2025-06-06 00:00:00,VAQ
19434,24238,2025-06-06 00:00:00,VAQ
19435,24206,2025-06-06 00:00:00,VAQ
19436,24193,2025-06-06 00:00:00,VAQ
19437,24194,2025-06-06 00:00:00,VAQ
19438,24189,2025-06-06 00:00:00,VAQ
19439,24197,2025-06-06 00:00:00,VAQ
19440,24187,2025-06-06 00:00:00,VAQ
19441,24146,2025-06-06 00:00:00,VAQ
19442,24162,2025-06-06 00:00:00,VAQ
19443,24177,2025-06-06 00:00:00,VAQ
19444,24212,2025-06-06 00:00:00,VAQ
19445,24207,2025-06-06 00:00:00,VAQ
19446,24170,2025-06-06 00:00:00,VAQ
19447,24140,2025-06-06 00:00:00,VAQ
19448,24151,2025-06-06 00:00:00,VAQ
19449,24130,2025-06-06 00:00:00,VAQ
19450,24195,2025-06-06 00:00:00,VAQ
19451,24196,2025-06-06 00:00:00,VAQ
19452,24165,2025-06-06 00:00:00,VAQ
19453,24204,2025-06-06 00:00:00,10B
19454,24221,2025-06-06 00:00:00,10B
19455,24169,2025-06-06 00:00:00,10B
19456,24148,2025-06-06 00:00:00,10B
19457,24014,2025-06-06 00:00:00,10B
19458,24186,2025-06-06 00:00:00,10B
19459,24167,2025-06-06 00:00:00,10B
19460,24198,2025-06-08 00:00:00,C4
19461,24201,2025-06-08 00:00:00,C4
19462,24080,2025-06-08 00:00:00,C4
19463,24130,2025-06-08 00:00:00,C4
19464,24135,2025-06-08 00:00:00,C4
19465,24140,2025-06-08 00:00:00,C4
19466,24146,2025-06-08 00:00:00,C4
19467,24151,2025-06-08 00:00:00,C4
19468,24162,2025-06-08 00:00:00,C4
19469,24165,2025-06-08 00:00:00,C4
19470,24170,2025-06-08 00:00:00,C4
19471,24177,2025-06-08 00:00:00,C4
19472,24179,2025-06-08 00:00:00,C4
19473,24187,2025-06-08 00:00:00,C4
19474,24189,2025-06-08 00:00:00,C4
19475,24190,2025-06-08 00:00:00,C4
19476,24191,2025-06-08 00:00:00,C4
19477,24193,2025-06-08 00:00:00,C4
19478,24194,2025-06-08 00:00:00,C4
19479,24195,2025-06-08 00:00:00,C4
19480,24196,2025-06-08 00:00:00,C4
19481,24197,2025-06-08 00:00:00,C4
19482,24203,2025-06-08 00:00:00,C4
19483,24206,2025-06-08 00:00:00,C4
19484,24207,2025-06-08 00:00:00,C4
19485,24210,2025-06-08 00:00:00,C4
19486,24211,2025-06-08 00:00:00,C4
19487,24212,2025-06-08 00:00:00,C4
19488,24214,2025-06-08 00:00:00,C4
19489,24217,2025-06-08 00:00:00,C4
19490,24224,2025-06-08 00:00:00,C4
19491,24231,2025-06-08 00:00:00,C4
19492,24238,2025-06-08 00:00:00,C4
19493,0109A,2025-06-11 00:00:00,9
19494,0116A,2025-06-11 00:00:00,9
19495,0118A,2025-06-11 00:00:00,7
19496,0119,2025-06-11 00:00:00,7
19497,0127,2025-06-11 00:00:00,9
19498,0141,2025-06-11 00:00:00,7
19499,0198,2025-06-11 00:00:00,7
19500,0204B,2025-06-11 00:00:00,9
19501,0217,2025-06-11 00:00:00,7
19502,0293,2025-06-11 00:00:00,9
19503,0325,2025-06-11 00:00:00,7
19504,0346,2025-06-11 00:00:00,7
19505,0351,2025-06-11 00:00:00,7
19506,0358,2025-06-11 00:00:00,7
19507,1008,2025-06-11 00:00:00,9
19508,1018,2025-06-11 00:00:00,8
19509,1026,2025-06-11 00:00:00,9
19510,1027,2025-06-11 00:00:00,7
19511,1027A,2025-06-11 00:00:00,9
19512,1031,2025-06-11 00:00:00,9
19513,1036,2025-06-11 00:00:00,7
19514,1044,2025-06-11 00:00:00,9
19515,1046A,2025-06-11 00:00:00,7
19516,1048,2025-06-11 00:00:00,7
19517,1053,2025-06-11 00:00:00,7
19518,1055A,2025-06-11 00:00:00,9
19519,1056,2025-06-11 00:00:00,9
19520,1067,2025-06-11 00:00:00,9
19521,1068A,2025-06-11 00:00:00,9
19522,1069,2025-06-11 00:00:00,7
19523,1070,2025-06-11 00:00:00,9
19524,1070A,2025-06-11 00:00:00,9
19525,1076,2025-06-11 00:00:00,9
19526,1077,2025-06-11 00:00:00,9
19527,1078,2025-06-11 00:00:00,7
19528,1080A,2025-06-11 00:00:00,7
19529,1082A,2025-06-11 00:00:00,9
19530,1085,2025-06-11 00:00:00,9
19531,1092A,2025-06-11 00:00:00,9
19532,1093,2025-06-11 00:00:00,9
19533,1095B,2025-06-11 00:00:00,7
19534,1096A,2025-06-11 00:00:00,9
19535,1097A,2025-06-11 00:00:00,9
19536,1101,2025-06-11 00:00:00,7
19537,1101A,2025-06-11 00:00:00,9
19538,1104,2025-06-11 00:00:00,9
19539,1106,2025-06-11 00:00:00,7
19540,1106A,2025-06-11 00:00:00,7
19541,1107,2025-06-11 00:00:00,9
19542,1112,2025-06-11 00:00:00,9
19543,1130A,2025-06-11 00:00:00,9
19544,1133,2025-06-11 00:00:00,9
19545,1152,2025-06-11 00:00:00,7
19546,1154,2025-06-11 00:00:00,7
19547,1156,2025-06-11 00:00:00,7
19548,1180,2025-06-11 00:00:00,7
19549,1204,2025-06-11 00:00:00,7
19550,1206,2025-06-11 00:00:00,7
19551,1214,2025-06-11 00:00:00,7
19552,1215,2025-06-11 00:00:00,7
19553,1216,2025-06-11 00:00:00,7
19554,1219,2025-06-11 00:00:00,7
19555,1228,2025-06-11 00:00:00,7
19556,1237,2025-06-11 00:00:00,9
19557,1292,2025-06-11 00:00:00,7
19558,2001B,2025-06-11 00:00:00,9
19559,2004,2025-06-11 00:00:00,9
19560,2005A,2025-06-11 00:00:00,9
19561,2005B,2025-06-11 00:00:00,9
19562,2010,2025-06-11 00:00:00,9
19563,2025,2025-06-11 00:00:00,9
19564,2029,2025-06-11 00:00:00,9
19565,2032,2025-06-11 00:00:00,7
19566,2039A,2025-06-11 00:00:00,9
19567,2041,2025-06-11 00:00:00,9
19568,2044,2025-06-11 00:00:00,9
19569,2053,2025-06-11 00:00:00,9
19570,2054,2025-06-11 00:00:00,9
19571,2056,2025-06-11 00:00:00,9
19572,2058,2025-06-11 00:00:00,9
19573,2067,2025-06-11 00:00:00,9
19574,2090,2025-06-11 00:00:00,9
19575,2092,2025-06-11 00:00:00,9
19576,2094,2025-06-11 00:00:00,9
19577,2101,2025-06-11 00:00:00,9
19578,2106,2025-06-11 00:00:00,9
19579,2128,2025-06-11 00:00:00,7
19580,2149,2025-06-11 00:00:00,9
19581,2154,2025-06-11 00:00:00,9
19582,2155,2025-06-11 00:00:00,9
19583,2159,2025-06-11 00:00:00,9
19584,2167,2025-06-11 00:00:00,9
19585,2170,2025-06-11 00:00:00,9
19586,2174,2025-06-11 00:00:00,9
19587,2204,2025-06-11 00:00:00,9
19588,22100,2025-06-11 00:00:00,9
19589,22114,2025-06-11 00:00:00,9
19590,22115,2025-06-11 00:00:00,9
19591,22118,2025-06-11 00:00:00,9
19592,22120,2025-06-11 00:00:00,9
19593,22122,2025-06-11 00:00:00,8
19594,22132,2025-06-11 00:00:00,8
19595,22157,2025-06-11 00:00:00,9
19596,22158,2025-06-11 00:00:00,9
19597,22166,2025-06-11 00:00:00,9
19598,22168,2025-06-11 00:00:00,9
19599,22175,2025-06-11 00:00:00,9
19600,22176,2025-06-11 00:00:00,8
19601,22178,2025-06-11 00:00:00,9
19602,22181,2025-06-11 00:00:00,9
19603,22184,2025-06-11 00:00:00,8
19604,22185,2025-06-11 00:00:00,9
19605,22187,2025-06-11 00:00:00,8
19606,22188,2025-06-11 00:00:00,9
19607,22190,2025-06-11 00:00:00,8
19608,22192,2025-06-11 00:00:00,8
19609,22194,2025-06-11 00:00:00,9
19610,22196,2025-06-11 00:00:00,8
19611,22205,2025-06-11 00:00:00,8
19612,22206,2025-06-11 00:00:00,9
19613,22207,2025-06-11 00:00:00,8
19614,22209,2025-06-11 00:00:00,9
19615,23004,2025-06-11 00:00:00,9
19616,23007,2025-06-11 00:00:00,8
19617,23010,2025-06-11 00:00:00,8
19618,23011,2025-06-11 00:00:00,9
19619,23014,2025-06-11 00:00:00,8
19620,23015,2025-06-11 00:00:00,9
19621,23019,2025-06-11 00:00:00,8
19622,23020,2025-06-11 00:00:00,8
19623,23028,2025-06-11 00:00:00,8
19624,23038,2025-06-11 00:00:00,8
19625,23046,2025-06-11 00:00:00,8
19626,23053,2025-06-11 00:00:00,8
19627,23054,2025-06-11 00:00:00,8
19628,23058,2025-06-11 00:00:00,8
19629,23063,2025-06-11 00:00:00,8
19630,23072,2025-06-11 00:00:00,8
19631,23078,2025-06-11 00:00:00,8
19632,23084,2025-06-11 00:00:00,8
19633,23085,2025-06-11 00:00:00,8
19634,23088,2025-06-11 00:00:00,8
19635,23090,2025-06-11 00:00:00,8
19636,23095,2025-06-11 00:00:00,8
19637,23096,2025-06-11 00:00:00,8
19638,23100,2025-06-11 00:00:00,8
19639,23102,2025-06-11 00:00:00,8
19640,23104,2025-06-11 00:00:00,8
19641,23114,2025-06-11 00:00:00,8
19642,23116,2025-06-11 00:00:00,8
19643,23118,2025-06-11 00:00:00,8
19644,23119,2025-06-11 00:00:00,8
19645,23123,2025-06-11 00:00:00,8
19646,23135,2025-06-11 00:00:00,8
19647,23142,2025-06-11 00:00:00,8
19648,23146,2025-06-11 00:00:00,8
19649,23150,2025-06-11 00:00:00,8
19650,23181,2025-06-11 00:00:00,8
19651,23214,2025-06-11 00:00:00,8
19652,23249,2025-06-11 00:00:00,8
19653,24029,2025-06-11 00:00:00,8
19654,24077,2025-06-11 00:00:00,8
19655,9135,2025-06-11 00:00:00,7
19656,MSN15,2025-06-11 00:00:00,7
19657,MSN17,2025-06-11 00:00:00,7
19658,MSN3,2025-06-11 00:00:00,9
19659,SN50,2025-06-11 00:00:00,9
19660,1126,2025-06-11 00:00:00,9
19661,MSN12,2025-06-11 00:00:00,8
19662,25136,2025-06-09 00:00:00,VAQ
19663,25137,2025-06-12 00:00:00,C4
19664,24169,2025-06-12 00:00:00,MUERTO
19665,1131A,2025-06-12 00:00:00,SERVICIO
19666,23071,2025-06-12 00:00:00,SERVICIO
19667,23074,2025-06-12 00:00:00,SERVICIO
19668,22125,2025-01-01 00:00:00,MUERTO
19669,23180,2025-02-16 00:00:00,MUERTO
19670,22142,2025-06-12 00:00:00,C4
19671,23204,2025-06-12 00:00:00,C4
19672,7080,2025-06-14 00:00:00,1A
19673,0329,2025-06-16 00:00:00,1A
19674,25138,2025-06-14 00:00:00,VAQ
19675,25139,2025-06-16 00:00:00,VAQ
19676,1053A,2025-06-14 00:00:00,Mater
19677,2014,2025-06-14 00:00:00,Mater
19678,2007,2025-06-14 00:00:00,Mater
19679,1102,2025-06-14 00:00:00,Mater
19680,0272,2025-06-14 00:00:00,Mater
19681,0252,2025-06-14 00:00:00,Mater
19682,3021A,2025-06-14 00:00:00,Mater
19683,0284,2025-06-13 00:00:00,Mater
19684,5079,2025-06-13 00:00:00,Mater
19685,8063,2025-06-13 00:00:00,Mater
19686,0298A,2025-06-13 00:00:00,Mater
19687,8033,2025-06-13 00:00:00,Mater
19688,22131,2025-06-12 00:00:00,C4
19689,23156,2025-06-12 00:00:00,C4
19690,1131A,2024-02-15 00:00:00,Finca_Vecina_Sr_Juan_Gallina_CA
19691,1131A,2025-06-18 00:00:00,Finca_Vecina_Sr_Juan_Gallina_CA
19692,23071,2025-06-18 00:00:00,MUERTO
19693,31,2025-06-18 00:00:00,1A
19694,2018,2025-06-18 00:00:00,1A
19695,25140,2025-06-18 00:00:00,VAQ
19696,25141,2025-06-18 00:00:00,VAQ
19697,2148A,2025-05-29 00:00:00,Mater
19698,2047,2025-06-20 00:00:00,Mater
19699,3119,2025-06-17 00:00:00,2
19700,4072,2025-06-17 00:00:00,2
19701,9020,2025-06-17 00:00:00,2
19702,9024,2025-06-17 00:00:00,2
19703,2196A,2025-06-17 00:00:00,2
19704,8017,2025-06-17 00:00:00,2
19705,4018,2025-06-17 00:00:00,2
19706,8045,2025-06-17 00:00:00,2
19707,1075,2025-06-17 00:00:00,2
19708,24032,2025-06-20 00:00:00,CACH
19709,25074,2025-06-20 00:00:00,CACH
19710,25076,2025-06-20 00:00:00,CACH
19711,25082,2025-06-20 00:00:00,CACH
19712,25084,2025-06-20 00:00:00,CACH
19713,25087,2025-06-20 00:00:00,CACH
19714,25088,2025-06-20 00:00:00,CACH
19715,25089,2025-06-20 00:00:00,CACH
19716,25090,2025-06-20 00:00:00,CACH
19717,25091,2025-06-20 00:00:00,CACH
19718,25098,2025-06-20 00:00:00,CACH
19719,25099,2025-06-20 00:00:00,CACH
19720,25100,2025-06-20 00:00:00,CACH
19721,25101,2025-06-20 00:00:00,CACH
19722,25102,2025-06-20 00:00:00,CACH
19723,25103,2025-06-20 00:00:00,CACH
19724,25105,2025-06-20 00:00:00,CACH
19725,25104,2025-06-20 00:00:00,CACH
19726,25106,2025-06-20 00:00:00,CACH
19727,25107,2025-06-20 00:00:00,CACH
19728,25109,2025-06-20 00:00:00,CACH
19729,25110,2025-06-20 00:00:00,CACH
19730,25111,2025-06-20 00:00:00,CACH
19731,25112,2025-06-20 00:00:00,CACH
19732,25113,2025-06-20 00:00:00,CACH
19733,25114,2025-06-20 00:00:00,CACH
19734,25116,2025-06-20 00:00:00,CACH
19735,25118,2025-05-30 00:00:00,MG
19736,25123,2025-06-20 00:00:00,CACH
19737,25124,2025-06-20 00:00:00,CACH
19738,25125,2025-06-20 00:00:00,CACH
19739,25126,2025-06-20 00:00:00,CACH
19740,25127,2025-06-20 00:00:00,CACH
19741,25128,2025-06-20 00:00:00,CACH
19742,25129,2025-06-20 00:00:00,CACH
19743,25130,2025-06-20 00:00:00,CACH
19744,25131,2025-06-20 00:00:00,CACH
19745,J25132,2025-06-20 00:00:00,CACH
19746,25133,2025-06-20 00:00:00,CACH
19747,25134,2025-06-20 00:00:00,CACH
19748,25135,2025-06-20 00:00:00,CACH
19749,25136,2025-06-20 00:00:00,CACH
19750,25138,2025-06-20 00:00:00,CACH
19751,25139,2025-06-20 00:00:00,CACH
19752,25140,2025-06-20 00:00:00,CACH
19753,25141,2025-06-20 00:00:00,CACH
19754,5079,2025-06-20 00:00:00,10A
19755,7077,2025-06-20 00:00:00,10A
19756,SNA,2025-06-20 00:00:00,10A
19757,8033,2025-06-19 00:00:00,10A
19758,25142,2025-06-20 00:00:00,VAQ
19759,25143,2025-06-20 00:00:00,VAQ
19760,25144,2025-06-20 00:00:00,VAQ
19761,25145,2025-06-19 00:00:00,VAQ
19762,1053A,2025-06-21 00:00:00,10A
19763,J420,2025-06-21 00:00:00,10A
19764,25146,2025-06-21 00:00:00,VAQ
19765,J25147,2025-06-21 00:00:00,VAQ
19766,J25002,2025-06-23 00:00:00,CACH
19767,25122,2025-06-24 00:00:00,CACH
19768,25068,2025-06-24 00:00:00,CACH
19769,25001,2025-06-24 00:00:00,CACH
19770,6043,2025-06-19 00:00:00,10A
19771,2171,2025-06-19 00:00:00,10A
19772,2021,2025-06-19 00:00:00,10A
19773,3003A,2025-06-19 00:00:00,10A
19774,2133A,2025-06-19 00:00:00,10A
19775,31102,2025-06-19 00:00:00,10A
19776,SNA,2025-06-19 00:00:00,10A
19777,9389,2025-06-19 00:00:00,10A
19778,6035,2025-06-19 00:00:00,10A
19779,2234,2025-06-19 00:00:00,10A
19780,2050,2025-06-19 00:00:00,10A
19781,2219,2025-06-19 00:00:00,10A
19782,7083,2025-06-19 00:00:00,10A
19783,EMB 2,2025-06-19 00:00:00,10A
19784,2146,2025-06-19 00:00:00,10A
19785,2042,2025-06-19 00:00:00,10A
19786,0132,2025-06-19 00:00:00,10A
19787,2073,2025-06-19 00:00:00,10A
19788,2143,2025-06-19 00:00:00,10A
19789,2209A,2025-06-19 00:00:00,10A
19790,8036,2025-06-19 00:00:00,10A
19791,2096,2025-06-19 00:00:00,10A
19792,1090A,2025-06-19 00:00:00,10A
19793,4008,2025-06-19 00:00:00,10A
19794,4078,2025-06-19 00:00:00,10A
19795,5052,2025-06-19 00:00:00,10A
19796,5060,2025-06-19 00:00:00,10A
19797,5076,2025-06-19 00:00:00,10A
19798,5090,2025-06-19 00:00:00,10A
19799,5150,2025-06-19 00:00:00,10A
19800,7077,2025-06-19 00:00:00,10A
19801,7080,2025-06-19 00:00:00,10A
19802,7087,2025-06-19 00:00:00,10A
19803,8089,2025-06-19 00:00:00,10A
19804,8094,2025-06-19 00:00:00,10A
19805,9007,2025-06-19 00:00:00,10A
19806,4A,2025-06-19 00:00:00,10A
19807,2090A,2025-06-19 00:00:00,10A
19808,3027A,2025-06-19 00:00:00,10A
19809,3132,2025-06-19 00:00:00,10A
19810,12164,2025-06-19 00:00:00,10A
19811,6067,2025-06-19 00:00:00,10A
19812,4035,2025-06-19 00:00:00,10A
19813,5146,2025-06-19 00:00:00,10A
19814,7033,2025-06-19 00:00:00,10A
19815,7061,2025-06-19 00:00:00,10A
19816,8028,2025-06-19 00:00:00,10A
19817,8030,2025-06-19 00:00:00,10A
19818,8037,2025-06-19 00:00:00,10A
19819,8050,2025-06-19 00:00:00,10A
19820,8079,2025-06-19 00:00:00,10A
19821,9058,2025-06-19 00:00:00,10A
19822,9071,2025-06-19 00:00:00,10A
19823,9099,2025-06-19 00:00:00,10A
19824,91171,2025-06-19 00:00:00,10A
19825,91242,2025-06-19 00:00:00,10A
19826,0343,2025-06-19 00:00:00,10A
19827,33,2025-06-19 00:00:00,10A
19828,8011,2025-06-19 00:00:00,10A
19829,9011,2025-06-19 00:00:00,10A
19831,9091,2025-06-19 00:00:00,10A
19832,9113,2025-06-19 00:00:00,10A
19833,91262,2025-06-19 00:00:00,10A
19834,0201,2025-06-19 00:00:00,10A
19835,0202,2025-06-19 00:00:00,10A
19836,0208A,2025-06-19 00:00:00,10A
19837,0220,2025-06-19 00:00:00,10A
19838,0226,2025-06-19 00:00:00,10A
19839,0229,2025-06-19 00:00:00,10A
19840,0240,2025-06-19 00:00:00,10A
19841,0241,2025-06-19 00:00:00,10A
19842,0299A,2025-06-19 00:00:00,10A
19843,0322,2025-06-19 00:00:00,10A
19844,0329,2025-06-19 00:00:00,10A
19845,0338,2025-06-19 00:00:00,10A
19846,1188,2025-06-19 00:00:00,10A
19847,2018,2025-06-19 00:00:00,10A
19848,1109B,2025-06-19 00:00:00,10A
19849,2035A,2025-06-19 00:00:00,10A
19850,10431,2025-06-19 00:00:00,10A
19851,1004,2025-06-19 00:00:00,10A
19852,1005,2025-06-19 00:00:00,10A
19853,0332,2025-06-19 00:00:00,10A
19854,2203,2025-06-19 00:00:00,10A
19855,2039,2025-06-19 00:00:00,10A
19856,1100B,2025-06-19 00:00:00,10A
19857,1104A,2025-06-19 00:00:00,10A
19858,2062,2025-06-19 00:00:00,10A
19859,7007,2025-06-19 00:00:00,10A
19860,5079,2025-06-19 00:00:00,10A
19861,2220,2025-06-19 00:00:00,10A
19862,1105,2025-06-19 00:00:00,10A
19863,5629,2025-06-19 00:00:00,10A
19864,1091,2025-06-19 00:00:00,10A
19865,TSN01,2025-06-19 00:00:00,10A
19866,0320,2025-06-19 00:00:00,10A
19867,31,2025-06-19 00:00:00,10A
19868,1015A,2025-06-19 00:00:00,10A
19869,35,2025-06-19 00:00:00,10A
19870,J01415,2025-06-19 00:00:00,10A
19871,J841,2025-06-19 00:00:00,10A
19872,J424,2025-06-19 00:00:00,10A
19873,J425,2025-06-19 00:00:00,10A
19874,J426,2025-06-19 00:00:00,10A
19875,0291,2025-06-12 00:00:00,3A
19876,1075,2025-06-20 00:00:00,3A
19877,3028A,2025-06-20 00:00:00,3A
19878,25148,2025-06-25 00:00:00,VAQ
19879,0284,2025-06-25 00:00:00,10A
19880,1100B,2025-06-30 00:00:00,3A
19881,J01415,2025-06-30 00:00:00,3A
19882,5090,2025-06-30 00:00:00,3A
19883,2021,2025-06-30 00:00:00,3A
19884,35,2025-06-30 00:00:00,3A
19885,6067,2025-06-30 00:00:00,3A
19886,0018,2025-06-30 00:00:00,Mater
19887,2201,2025-06-30 00:00:00,Mater
19888,1095A,2025-06-30 00:00:00,Mater
19889,8062,2025-06-30 00:00:00,Mater
19890,EMB 5,2025-06-30 00:00:00,Mater
19891,8010,2025-06-30 00:00:00,Mater
19892,7072,2025-06-30 00:00:00,10A
19893,1063,2025-06-30 00:00:00,10A
19894,25149,2025-06-30 00:00:00,CACH
19895,25150,2025-06-30 00:00:00,CACH
19896,24078,2024-08-15 00:00:00,MUERTO
19897,24100,2024-09-15 00:00:00,MUERTO
19898,24122,2024-11-15 00:00:00,MUERTO
19899,24174,2024-09-01 00:00:00,MUERTO
19900,pend49,2025-03-15 00:00:00,NINGUNO
19901,pend50,2025-06-13 00:00:00,NINGUNO
19902,25151,2025-06-08 00:00:00,NINGUNO
19903,25152,2025-04-15 00:00:00,NINGUNO
19904,25153,2025-07-01 00:00:00,CACH
19905,25154,2025-07-02 00:00:00,CACH
19906,25155,2025-07-02 00:00:00,CACH
19907,0018,2025-07-01 00:00:00,10A
19908,8063,2025-07-02 00:00:00,10A
19909,2201,2025-07-02 00:00:00,10A
19910,3021A,2025-07-04 00:00:00,10A
19911,25156,2025-07-04 00:00:00,CACH
19912,BU2502,2025-07-03 00:00:00,C4
19913,24100,2024-09-13 00:00:00,VAQ
19914,4087,2025-07-03 00:00:00,3A
19915,3024A,2025-07-03 00:00:00,3A
19916,2072,2025-07-03 00:00:00,3A
19917,12164,2025-07-03 00:00:00,MG
19918,8086,2025-07-03 00:00:00,3A
19919,9051,2025-07-03 00:00:00,MG
19920,4048,2025-07-03 00:00:00,MG
19921,2080,2025-07-03 00:00:00,MG
19922,1168,2025-07-03 00:00:00,MG
19923,2045,2025-07-03 00:00:00,MG
19924,5592,2025-07-03 00:00:00,MG
19925,5529,2025-07-03 00:00:00,Mater
19926,9,2025-07-03 00:00:00,MG
19927,0254,2025-07-03 00:00:00,MG
19928,24091,2025-07-03 00:00:00,MG
19929,25014,2025-07-03 00:00:00,MG
19930,25125,2025-07-03 00:00:00,MG
19931,4075,2025-07-03 00:00:00,Mater
19932,25063,2025-07-03 00:00:00,MG
19933,099,2025-07-03 00:00:00,MG
19934,24005,2025-07-03 00:00:00,MG
19936,5638,2025-07-03 00:00:00,MG
19937,23154,2025-07-03 00:00:00,MG
19938,23236,2025-07-03 00:00:00,MG
19939,25160,2025-05-30 00:00:00,MUERTO
19940,25157,2025-07-06 00:00:00,CACH
19941,25158,2025-07-08 00:00:00,CACH
19942,25159,2025-07-08 00:00:00,CACH
19943,BU2503,2025-07-05 00:00:00,C4
19945,0272,2025-07-08 00:00:00,1A
19947,1095B,2025-07-07 00:00:00,MUERTO
19948,0254,2025-07-07 00:00:00,MUERTO
19949,1036,2025-07-07 00:00:00,MUERTO
19950,4075,2025-07-07 00:00:00,MUERTO
19951,24149,2025-07-06 00:00:00,MUERTO
19952,BU004,2025-07-07 00:00:00,MUERTO
19953,8062,2025-07-14 00:00:00,1A
19954,0740,2025-07-14 00:00:00,1A
19955,BU2504,2025-07-09 00:00:00,C4
19956,25162,2025-07-14 00:00:00,CACH
19957,25163,2025-07-14 00:00:00,CACH
19958,1102,2025-07-10 00:00:00,1A
19959,25161,2025-07-10 00:00:00,CACH
19960,0234,2025-07-11 00:00:00,MG
19961,0302,2025-07-11 00:00:00,MG
19962,0303,2025-07-11 00:00:00,MG
19963,0304,2025-07-11 00:00:00,MG
19964,0305,2025-07-11 00:00:00,MG
19965,0306,2025-07-11 00:00:00,MG
19966,0307,2025-07-11 00:00:00,MG
19967,0308,2025-07-11 00:00:00,MG
19968,0310,2025-07-11 00:00:00,MG
19969,0311,2025-07-11 00:00:00,MG
19970,0312,2025-07-11 00:00:00,MG
19971,0313,2025-07-11 00:00:00,MG
19972,0314,2025-07-11 00:00:00,MG
19973,0317A,2025-07-11 00:00:00,MG
19974,1500,2025-07-11 00:00:00,MG
19975,1501,2025-07-11 00:00:00,MG
19976,24171,2025-07-11 00:00:00,MG
19977,24184,2025-07-11 00:00:00,MG
19978,24306,2025-07-11 00:00:00,MG
19979,24307,2025-07-11 00:00:00,MG
19980,24308,2025-07-11 00:00:00,MG
19981,2500,2025-07-11 00:00:00,MG
19982,25016,2025-07-11 00:00:00,MG
19983,25041,2025-07-11 00:00:00,MG
19984,25042,2025-07-11 00:00:00,MG
19985,25043,2025-07-11 00:00:00,MG
19986,25151,2025-07-11 00:00:00,MG
19987,25152,2025-07-11 00:00:00,MG
19988,3501,2025-07-11 00:00:00,MG
19989,3504,2025-07-11 00:00:00,MG
19990,4501,2025-07-11 00:00:00,MG
19991,9115,2025-07-11 00:00:00,MG
19992,9500,2025-07-11 00:00:00,MG
19993,9501,2025-07-11 00:00:00,MG
19994,9502,2025-07-11 00:00:00,MG
19995,9503,2025-07-11 00:00:00,MG
19996,pend24,2025-07-11 00:00:00,MG
19997,pend41,2025-07-11 00:00:00,MG
19998,PEND45,2025-07-11 00:00:00,MG
19999,pend49,2025-07-11 00:00:00,MG
20000,6043,2025-07-06 00:00:00,1A
20001,2171,2025-07-06 00:00:00,1A
20002,3021A,2025-07-06 00:00:00,1A
20003,3003A,2025-07-06 00:00:00,1A
20004,2133A,2025-07-06 00:00:00,1A
20005,31102,2025-07-06 00:00:00,1A
20006,SNA,2025-07-06 00:00:00,1A
20007,9389,2025-07-06 00:00:00,1A
20008,6035,2025-07-06 00:00:00,1A
20009,2234,2025-07-06 00:00:00,1A
20010,2050,2025-07-06 00:00:00,1A
20011,2219,2025-07-06 00:00:00,1A
20012,7083,2025-07-06 00:00:00,1A
20013,EMB 2,2025-07-06 00:00:00,1A
20014,2146,2025-07-06 00:00:00,1A
20015,2042,2025-07-06 00:00:00,1A
20016,0132,2025-07-06 00:00:00,1A
20017,2073,2025-07-06 00:00:00,1A
20018,2143,2025-07-06 00:00:00,1A
20019,2209A,2025-07-06 00:00:00,1A
20020,8036,2025-07-06 00:00:00,1A
20021,2096,2025-07-06 00:00:00,1A
20022,1090A,2025-07-06 00:00:00,1A
20023,4008,2025-07-06 00:00:00,1A
20024,4078,2025-07-06 00:00:00,1A
20025,5052,2025-07-06 00:00:00,1A
20026,5060,2025-07-06 00:00:00,1A
20027,5076,2025-07-06 00:00:00,1A
20028,5150,2025-07-06 00:00:00,1A
20029,7077,2025-07-06 00:00:00,1A
20030,7080,2025-07-06 00:00:00,1A
20031,7087,2025-07-06 00:00:00,1A
20032,8089,2025-07-06 00:00:00,1A
20033,8094,2025-07-06 00:00:00,1A
20034,0018,2025-07-06 00:00:00,1A
20035,9007,2025-07-06 00:00:00,1A
20036,4A,2025-07-06 00:00:00,1A
20037,2090A,2025-07-06 00:00:00,1A
20038,3027A,2025-07-06 00:00:00,1A
20039,3132,2025-07-06 00:00:00,1A
20040,4035,2025-07-06 00:00:00,1A
20041,5146,2025-07-06 00:00:00,1A
20042,7033,2025-07-06 00:00:00,1A
20043,7061,2025-07-06 00:00:00,1A
20044,7072,2025-07-06 00:00:00,1A
20045,8028,2025-07-06 00:00:00,1A
20046,8030,2025-07-06 00:00:00,1A
20047,8033,2025-07-06 00:00:00,1A
20048,8037,2025-07-06 00:00:00,1A
20049,8050,2025-07-06 00:00:00,1A
20050,8079,2025-07-06 00:00:00,1A
20051,9058,2025-07-06 00:00:00,1A
20052,9071,2025-07-06 00:00:00,1A
20053,9099,2025-07-06 00:00:00,1A
20054,91171,2025-07-06 00:00:00,1A
20055,91242,2025-07-06 00:00:00,1A
20056,0343,2025-07-06 00:00:00,1A
20057,33,2025-07-06 00:00:00,1A
20058,8011,2025-07-06 00:00:00,1A
20059,9011,2025-07-06 00:00:00,1A
20061,9091,2025-07-06 00:00:00,1A
20062,9113,2025-07-06 00:00:00,1A
20063,91262,2025-07-06 00:00:00,1A
20064,0201,2025-07-06 00:00:00,1A
20065,0202,2025-07-06 00:00:00,1A
20066,0208A,2025-07-06 00:00:00,1A
20067,0220,2025-07-06 00:00:00,1A
20068,0226,2025-07-06 00:00:00,1A
20069,0229,2025-07-06 00:00:00,1A
20070,0240,2025-07-06 00:00:00,1A
20071,0241,2025-07-06 00:00:00,1A
20072,0272,2025-07-06 00:00:00,1A
20073,0284,2025-07-06 00:00:00,1A
20074,0298A,2025-07-06 00:00:00,1A
20075,0299A,2025-07-06 00:00:00,1A
20076,0322,2025-07-06 00:00:00,1A
20077,0329,2025-07-06 00:00:00,1A
20078,0338,2025-07-06 00:00:00,1A
20079,1188,2025-07-06 00:00:00,1A
20080,2018,2025-07-06 00:00:00,1A
20081,1109B,2025-07-06 00:00:00,1A
20082,2035A,2025-07-06 00:00:00,1A
20083,1053A,2025-07-06 00:00:00,1A
20084,10431,2025-07-06 00:00:00,1A
20085,1063,2025-07-06 00:00:00,1A
20086,1004,2025-07-06 00:00:00,1A
20087,2014,2025-07-06 00:00:00,1A
20088,1005,2025-07-06 00:00:00,1A
20089,0332,2025-07-06 00:00:00,1A
20090,2203,2025-07-06 00:00:00,1A
20091,2039,2025-07-06 00:00:00,1A
20092,1104A,2025-07-06 00:00:00,1A
20093,2062,2025-07-06 00:00:00,1A
20094,7007,2025-07-06 00:00:00,1A
20095,8063,2025-07-06 00:00:00,1A
20096,5079,2025-07-06 00:00:00,1A
20097,2220,2025-07-06 00:00:00,1A
20098,1105,2025-07-06 00:00:00,1A
20099,5629,2025-07-06 00:00:00,1A
20100,2201,2025-07-06 00:00:00,1A
20101,1091,2025-07-06 00:00:00,1A
20102,TSN01,2025-07-06 00:00:00,1A
20103,0320,2025-07-06 00:00:00,1A
20104,31,2025-07-06 00:00:00,1A
20105,1015A,2025-07-06 00:00:00,1A
20106,J420,2025-07-06 00:00:00,1A
20107,J841,2025-07-06 00:00:00,1A
20108,J424,2025-07-06 00:00:00,1A
20109,J425,2025-07-06 00:00:00,1A
20110,J426,2025-07-06 00:00:00,1A
20111,25148,2025-07-13 00:00:00,MUERTO
20112,9014,2025-05-30 00:00:00,MG
20113,BU2505,2025-07-15 00:00:00,C4
20114,1077A,2025-07-16 00:00:00,Mater
20115,9006,2025-07-16 00:00:00,Mater
20116,0297,2025-07-16 00:00:00,Mater
20117,2095,2025-07-16 00:00:00,Mater
20118,2111,2025-07-16 00:00:00,Mater
20119,2108,2025-07-16 00:00:00,Mater
20120,2143,2025-07-17 00:00:00,3A
20121,2096,2025-07-17 00:00:00,3A
20122,4078,2025-07-17 00:00:00,3A
20123,5052,2025-07-17 00:00:00,3A
20124,9007,2025-07-17 00:00:00,3A
20125,4A,2025-07-17 00:00:00,3A
20126,3132,2025-07-17 00:00:00,3A
20127,8011,2025-07-17 00:00:00,3A
20128,2039,2025-07-17 00:00:00,3A
20129,2220,2025-07-17 00:00:00,3A
20131,9,2025-07-17 00:00:00,CACH
20132,099,2025-07-17 00:00:00,4
20133,0101,2025-07-17 00:00:00,4
20134,0205,2025-07-17 00:00:00,4
20135,0234,2025-07-18 00:00:00,2
20136,0263,2025-07-17 00:00:00,4
20137,0302,2025-07-17 00:00:00,4
20138,0303,2025-07-17 00:00:00,4
20139,0304,2025-07-17 00:00:00,4
20140,0305,2025-07-18 00:00:00,2
20141,0306,2025-07-18 00:00:00,2
20142,0307,2025-07-17 00:00:00,4
20143,0308,2025-07-18 00:00:00,2
20144,0310,2025-07-17 00:00:00,4
20145,0311,2025-07-17 00:00:00,4
20146,0312,2025-07-18 00:00:00,2
20147,0313,2025-07-18 00:00:00,2
20148,0314,2025-07-17 00:00:00,4
20149,0326,2025-07-17 00:00:00,4
20150,0342,2025-07-17 00:00:00,4
20151,0350,2025-07-17 00:00:00,4
20152,1059,2025-07-17 00:00:00,4
20153,1065,2025-07-17 00:00:00,4
20154,1117,2025-07-17 00:00:00,4
20155,1132,2025-07-17 00:00:00,4
20156,1168,2025-07-17 00:00:00,4
20157,1310,2025-07-17 00:00:00,4
20158,1500,2025-07-17 00:00:00,4
20159,1501,2025-07-17 00:00:00,4
20160,2045,2025-07-17 00:00:00,4
20161,2061,2025-07-17 00:00:00,4
20162,2080,2025-07-17 00:00:00,4
20163,2083,2025-07-17 00:00:00,4
20164,2500,2025-07-17 00:00:00,4
20165,3015,2025-07-17 00:00:00,4
20166,3043,2025-07-17 00:00:00,4
20167,3084,2025-07-17 00:00:00,4
20168,3178,2025-07-17 00:00:00,4
20169,3501,2025-07-18 00:00:00,2
20170,3504,2025-07-18 00:00:00,2
20171,4033,2025-07-17 00:00:00,4
20172,4034,2025-07-17 00:00:00,4
20173,4048,2025-07-17 00:00:00,4
20174,4141,2025-07-17 00:00:00,4
20175,4501,2025-07-18 00:00:00,2
20176,5007,2025-07-17 00:00:00,4
20177,5098,2025-07-17 00:00:00,4
20178,5592,2025-07-17 00:00:00,4
20179,5638,2025-07-17 00:00:00,4
20180,6020,2025-07-17 00:00:00,4
20181,6021,2025-07-17 00:00:00,4
20182,6031,2025-07-17 00:00:00,4
20183,8005,2025-07-17 00:00:00,4
20184,8085,2025-07-17 00:00:00,4
20185,9014,2025-07-17 00:00:00,4
20186,9051,2025-07-17 00:00:00,4
20187,9100,2025-07-17 00:00:00,4
20188,9115,2025-07-18 00:00:00,2
20189,9500,2025-07-18 00:00:00,2
20190,9501,2025-07-17 00:00:00,4
20191,9502,2025-07-17 00:00:00,NINGUNO
20192,9503,2025-07-17 00:00:00,4
20193,12164,2025-07-17 00:00:00,4
20194,20334,2025-07-17 00:00:00,4
20195,21027,2025-07-17 00:00:00,4
20196,23154,2025-07-17 00:00:00,4
20197,23236,2025-07-17 00:00:00,4
20198,24005,2025-07-17 00:00:00,4
20199,24091,2025-07-17 00:00:00,4
20200,24171,2025-07-17 00:00:00,4
20201,24184,2025-07-17 00:00:00,4
20202,24218,2025-07-17 00:00:00,4
20203,24233,2025-07-17 00:00:00,4
20204,24240,2025-07-17 00:00:00,4
20205,24249,2025-07-17 00:00:00,4
20206,24250,2025-07-17 00:00:00,4
20207,24251,2025-07-17 00:00:00,4
20208,24268,2025-07-17 00:00:00,4
20209,24299,2025-07-17 00:00:00,4
20210,24302,2025-07-17 00:00:00,4
20211,24303,2025-07-17 00:00:00,4
20212,24306,2025-07-17 00:00:00,4
20213,24307,2025-07-17 00:00:00,4
20214,24308,2025-07-17 00:00:00,4
20215,25003,2025-07-17 00:00:00,4
20216,25006,2025-07-17 00:00:00,4
20217,25013,2025-07-17 00:00:00,4
20218,25014,2025-07-17 00:00:00,4
20219,25015,2025-07-17 00:00:00,4
20220,25016,2025-07-17 00:00:00,4
20221,25025,2025-07-17 00:00:00,4
20222,25029,2025-07-17 00:00:00,4
20223,25032,2025-07-17 00:00:00,4
20224,25033,2025-07-17 00:00:00,4
20225,25038,2025-07-17 00:00:00,4
20226,25041,2025-07-17 00:00:00,4
20227,25042,2025-07-17 00:00:00,4
20228,25043,2025-07-17 00:00:00,4
20229,25044,2025-07-17 00:00:00,4
20230,25060,2025-07-17 00:00:00,4
20231,25063,2025-07-17 00:00:00,4
20232,25064,2025-07-17 00:00:00,4
20233,25065,2025-07-17 00:00:00,4
20234,25071,2025-07-17 00:00:00,4
20235,25078,2025-07-17 00:00:00,4
20236,25080,2025-07-17 00:00:00,4
20237,25083,2025-07-17 00:00:00,4
20238,25085,2025-07-17 00:00:00,4
20239,25086,2025-07-17 00:00:00,4
20240,25093,2025-07-17 00:00:00,4
20241,25096,2025-07-17 00:00:00,4
20242,25097,2025-07-17 00:00:00,4
20243,25108,2025-07-17 00:00:00,4
20244,25115,2025-07-17 00:00:00,4
20245,25117,2025-07-17 00:00:00,4
20246,25118,2025-07-17 00:00:00,4
20247,25120,2025-07-17 00:00:00,4
20248,25125,2025-07-17 00:00:00,4
20249,25151,2025-07-17 00:00:00,4
20250,25152,2025-07-17 00:00:00,4
20251,40072,2025-07-17 00:00:00,4
20252,91091,2025-07-17 00:00:00,4
20253,0317A,2025-07-18 00:00:00,2
20254,0330A,2025-07-17 00:00:00,4
20255,1043A,2025-07-17 00:00:00,4
20256,1056A,2025-07-17 00:00:00,4
20257,1084A,2025-07-17 00:00:00,4
20258,2149A,2025-07-17 00:00:00,4
20259,pend24,2025-07-17 00:00:00,4
20260,pend41,2025-07-17 00:00:00,4
20261,PEND45,2025-07-17 00:00:00,4
20262,pend49,2025-07-17 00:00:00,4
20263,J01415,2025-07-06 00:00:00,1A
20264,2094A,2025-07-18 00:00:00,2
20265,2063A,2025-07-18 00:00:00,2
20266,5144,2025-07-18 00:00:00,2
20267,8086,2025-07-18 00:00:00,2
20268,8087,2025-07-18 00:00:00,2
20269,9040,2025-07-18 00:00:00,2
20270,0267,2025-07-18 00:00:00,2
20271,0353,2025-07-18 00:00:00,2
20272,2040,2025-07-18 00:00:00,2
20273,8019,2025-07-18 00:00:00,2
20274,BU2506,2025-07-18 00:00:00,C4
20275,BU2507,2025-07-18 00:00:00,C4
20276,BU2508,2025-07-19 00:00:00,C4
20277,25164,2025-07-19 00:00:00,C4
20279,9389,2025-07-21 00:00:00,MUERTO
20280,1080A,2025-07-22 00:00:00,MUERTO
20281,1078,2025-07-22 00:00:00,MUERTO
20282,1500,2025-07-22 00:00:00,MUERTO
20283,099,2025-07-22 00:00:00,MUERTO
20284,BU2509,2025-07-20 00:00:00,C4
20285,BU2510,2025-07-20 00:00:00,C4
20286,BU2511,2025-07-22 00:00:00,C4
20287,9006,2025-07-22 00:00:00,1A
20288,0297,2025-07-22 00:00:00,1A
20289,25165,2025-07-22 00:00:00,CACH
20290,25166,2025-07-22 00:00:00,CACH
20291,1045,2025-07-24 00:00:00,2
20292,1073,2025-07-24 00:00:00,2
20293,1100A,2025-07-24 00:00:00,2
20294,2016,2025-07-24 00:00:00,2
20295,2059,2025-07-24 00:00:00,2
20296,2107,2025-07-24 00:00:00,2
20297,2137,2025-07-24 00:00:00,2
20298,21391,2025-07-24 00:00:00,2
20299,2141,2025-07-24 00:00:00,2
20300,2215,2025-07-24 00:00:00,2
20301,6028,2025-07-24 00:00:00,VAQ
20302,1097B,2025-07-24 00:00:00,VAQ
20303,22171,2025-07-24 00:00:00,2
20304,22144,2025-07-24 00:00:00,2
20305,22191,2025-07-24 00:00:00,2
20306,22186,2025-07-24 00:00:00,2
20307,BU356,2025-07-24 00:00:00,4
20308,24081,2025-07-24 00:00:00,PARADERO
20309,BU357,2025-07-24 00:00:00,4
20310,BU358,2025-07-24 00:00:00,4
20311,BU360,2025-07-24 00:00:00,4
20312,BU363,2025-07-24 00:00:00,4
20313,BU365,2025-07-24 00:00:00,4
20314,BU368,2025-07-24 00:00:00,4
20315,BU370,2025-07-24 00:00:00,4
20316,BU371,2025-07-24 00:00:00,4
20317,BU374,2025-07-24 00:00:00,4
20318,BU375,2025-07-24 00:00:00,4
20319,BU376,2025-07-24 00:00:00,4
20320,BU377,2025-07-24 00:00:00,4
20321,22098,2025-07-24 00:00:00,2
20322,25137,2025-07-24 00:00:00,VAQ
20323,25164,2025-07-24 00:00:00,VAQ
20324,4087,2025-07-24 00:00:00,2
20325,3024A,2025-07-24 00:00:00,2
20326,3066B,2025-07-24 00:00:00,2
20327,2072,2025-07-24 00:00:00,2
20328,91172,2025-07-24 00:00:00,2
20329,5079,2025-07-24 00:00:00,2
20330,24263,2025-07-24 00:00:00,MUERTO
20331,pend45,2025-07-25 00:00:00,MUERTO
20332,EMB 5,2025-07-25 00:00:00,1A
20333,25167,2025-07-25 00:00:00,CACH
20334,1128,2025-07-22 00:00:00,MUERTO
20335,2047,2025-07-26 00:00:00,1A
20336,2095,2025-07-27 00:00:00,1A
20337,9037,2025-07-27 00:00:00,1A
20338,25168,2025-07-26 00:00:00,CACH
20339,25169,2025-07-27 00:00:00,CACH
20340,25170,2025-07-27 00:00:00,CACH
20341,BU2512,2025-07-23 00:00:00,C4
20342,BU2513,2025-07-28 00:00:00,C4
20343,BU2514,2025-07-29 00:00:00,C4
20344,0323,2025-07-29 00:00:00,Mater
20345,J8705,2025-07-29 00:00:00,Mater
20346,0313,2025-07-29 00:00:00,Mater
20347,5030,2025-07-29 00:00:00,Mater
20348,25153,2025-07-30 00:00:00,MUERTO
20349,BU2515,2025-07-30 00:00:00,C4
20350,0313,2025-08-02 00:00:00,10A
20351,25171,2025-08-02 00:00:00,CACH
20352,24174,2025-08-03 00:00:00,10B
20353,24078,2025-08-03 00:00:00,10B
20354,5529,2025-08-03 00:00:00,MUERTO
20355,BU2516,2025-08-03 00:00:00,C4
20356,6043,2025-08-02 00:00:00,10A
20357,2171,2025-08-02 00:00:00,10A
20358,3021A,2025-08-02 00:00:00,10A
20359,3003A,2025-08-02 00:00:00,10A
20360,2133A,2025-08-02 00:00:00,10A
20361,31102,2025-08-02 00:00:00,10A
20362,SNA,2025-08-02 00:00:00,10A
20363,6035,2025-08-02 00:00:00,10A
20364,0740,2025-08-02 00:00:00,10A
20365,2234,2025-08-02 00:00:00,10A
20366,2050,2025-08-02 00:00:00,10A
20367,2047,2025-08-02 00:00:00,10A
20368,2219,2025-08-02 00:00:00,10A
20369,7083,2025-08-02 00:00:00,10A
20370,EMB 2,2025-08-02 00:00:00,10A
20371,2146,2025-08-02 00:00:00,10A
20372,2042,2025-08-02 00:00:00,10A
20373,0132,2025-08-02 00:00:00,10A
20374,2073,2025-08-02 00:00:00,10A
20375,2209A,2025-08-02 00:00:00,10A
20376,8036,2025-08-02 00:00:00,10A
20377,1090A,2025-08-02 00:00:00,10A
20378,4008,2025-08-02 00:00:00,10A
20379,5060,2025-08-02 00:00:00,10A
20380,5076,2025-08-02 00:00:00,10A
20381,5150,2025-08-02 00:00:00,10A
20382,7077,2025-08-02 00:00:00,10A
20383,7080,2025-08-02 00:00:00,10A
20384,7087,2025-08-02 00:00:00,10A
20385,8089,2025-08-02 00:00:00,10A
20386,8094,2025-08-02 00:00:00,10A
20387,0018,2025-08-02 00:00:00,10A
20388,2090A,2025-08-02 00:00:00,10A
20389,3027A,2025-08-02 00:00:00,10A
20390,4035,2025-08-02 00:00:00,10A
20391,5146,2025-08-02 00:00:00,10A
20392,7033,2025-08-02 00:00:00,10A
20393,7061,2025-08-02 00:00:00,10A
20394,7072,2025-08-02 00:00:00,10A
20395,8028,2025-08-02 00:00:00,10A
20396,8030,2025-08-02 00:00:00,10A
20397,8033,2025-08-02 00:00:00,10A
20398,8037,2025-08-02 00:00:00,10A
20399,8050,2025-08-02 00:00:00,10A
20400,8062,2025-08-02 00:00:00,10A
20401,8079,2025-08-02 00:00:00,10A
20402,9058,2025-08-02 00:00:00,10A
20403,9071,2025-08-02 00:00:00,10A
20404,9099,2025-08-02 00:00:00,10A
20405,91171,2025-08-02 00:00:00,10A
20406,91242,2025-08-02 00:00:00,10A
20407,0343,2025-08-02 00:00:00,10A
20408,33,2025-08-02 00:00:00,10A
20409,9006,2025-08-02 00:00:00,10A
20410,9011,2025-08-02 00:00:00,10A
20411,9037,2025-08-02 00:00:00,10A
20412,9091,2025-08-02 00:00:00,10A
20413,9113,2025-08-02 00:00:00,10A
20414,91262,2025-08-02 00:00:00,10A
20415,0201,2025-08-02 00:00:00,10A
20416,0202,2025-08-02 00:00:00,10A
20417,0208A,2025-08-02 00:00:00,10A
20418,0220,2025-08-02 00:00:00,10A
20419,0226,2025-08-02 00:00:00,10A
20420,0229,2025-08-02 00:00:00,10A
20421,0240,2025-08-02 00:00:00,10A
20422,0241,2025-08-02 00:00:00,10A
20423,0272,2025-08-02 00:00:00,10A
20424,0284,2025-08-02 00:00:00,10A
20425,0297,2025-08-02 00:00:00,10A
20426,0298A,2025-08-02 00:00:00,10A
20427,0299A,2025-08-02 00:00:00,10A
20428,0322,2025-08-02 00:00:00,10A
20429,0329,2025-08-02 00:00:00,10A
20430,0338,2025-08-02 00:00:00,10A
20431,1188,2025-08-02 00:00:00,10A
20432,2018,2025-08-02 00:00:00,10A
20433,1109B,2025-08-02 00:00:00,10A
20434,2035A,2025-08-02 00:00:00,10A
20435,1102,2025-08-02 00:00:00,10A
20436,1053A,2025-08-02 00:00:00,10A
20437,10431,2025-08-02 00:00:00,10A
20438,1063,2025-08-02 00:00:00,10A
20439,1004,2025-08-02 00:00:00,10A
20440,2014,2025-08-02 00:00:00,10A
20441,1005,2025-08-02 00:00:00,10A
20442,0332,2025-08-02 00:00:00,10A
20443,2203,2025-08-02 00:00:00,10A
20444,1104A,2025-08-02 00:00:00,10A
20445,2062,2025-08-02 00:00:00,10A
20446,7007,2025-08-02 00:00:00,10A
20447,8063,2025-08-02 00:00:00,10A
20448,1105,2025-08-02 00:00:00,10A
20449,5629,2025-08-02 00:00:00,10A
20450,2095,2025-08-02 00:00:00,10A
20451,2201,2025-08-02 00:00:00,10A
20452,1091,2025-08-02 00:00:00,10A
20453,TSN01,2025-08-02 00:00:00,10A
20454,0320,2025-08-02 00:00:00,10A
20455,31,2025-08-02 00:00:00,10A
20456,1015A,2025-08-02 00:00:00,10A
20457,EMB 5,2025-08-02 00:00:00,10A
20458,J420,2025-08-02 00:00:00,10A
20459,J01415,2025-08-02 00:00:00,10A
20460,J841,2025-08-02 00:00:00,10A
20461,J424,2025-08-02 00:00:00,10A
20462,J425,2025-08-02 00:00:00,10A
20463,J426,2025-08-02 00:00:00,10A
20464,3178,2025-08-06 00:00:00,MUERTO
20465,2056,2025-08-06 00:00:00,MUERTO
20466,0358,2025-08-06 00:00:00,MUERTO
20467,2204,2025-08-06 00:00:00,MUERTO
20468,0351,2025-08-06 00:00:00,MUERTO
20469,BU2517,2025-08-06 00:00:00,C4
20470,31102,2025-08-11 00:00:00,3A
20471,2234,2025-08-11 00:00:00,3A
20472,5076,2025-08-11 00:00:00,3A
20473,7087,2025-08-11 00:00:00,3A
20474,8089,2025-08-11 00:00:00,3A
20475,0018,2025-08-11 00:00:00,3A
20476,2090A,2025-08-11 00:00:00,3A
20477,7061,2025-08-11 00:00:00,3A
20478,8030,2025-08-11 00:00:00,3A
20479,8079,2025-08-11 00:00:00,3A
20480,91262,2025-08-11 00:00:00,3A
20481,0202,2025-08-11 00:00:00,3A
20482,0220,2025-08-11 00:00:00,3A
20483,0229,2025-08-11 00:00:00,3A
20485,7028,2025-08-13 00:00:00,Mater
20486,0231A,2025-08-13 00:00:00,Mater
20487,9023,2025-08-13 00:00:00,Mater
20488,8026,2025-08-13 00:00:00,Mater
20489,8076,2025-08-13 00:00:00,Mater
20490,7074,2025-08-13 00:00:00,Mater
20491,9076,2025-08-13 00:00:00,Mater
20492,9016,2025-08-13 00:00:00,Mater
20493,2063A,2025-08-13 00:00:00,Mater
20494,9015,2025-08-13 00:00:00,Mater
20495,30212,2025-08-13 00:00:00,Mater
20496,50501,2025-08-13 00:00:00,Mater
20497,8054,2025-08-13 00:00:00,Mater
20498,9073,2025-08-13 00:00:00,Mater
20499,1045,2025-08-13 00:00:00,10A
20501,0128,2025-08-13 00:00:00,10A
20502,25179,2025-08-13 00:00:00,CACH
20503,1112A,2025-08-09 00:00:00,10A
20504,2097,2025-08-10 00:00:00,10A
20505,5030,2025-08-10 00:00:00,10A
20506,2107,2025-08-11 00:00:00,10A
20507,2064,2025-08-12 00:00:00,C4
20508,0252,2025-08-13 00:00:00,10A
20509,4101,2025-08-13 00:00:00,10A
20510,25172,2025-08-09 00:00:00,CACH
20511,25173,2025-08-10 00:00:00,CACH
20512,25174,2025-08-10 00:00:00,CACH
20513,25175,2025-08-11 00:00:00,CACH
20514,25176,2025-08-12 00:00:00,C4
20515,25177,2025-08-13 00:00:00,CACH
20516,25178,2025-08-13 00:00:00,CACH
20517,25168,2025-08-07 00:00:00,MUERTO
20518,25136,2025-08-12 00:00:00,MUERTO
20519,2064,2025-08-13 00:00:00,10A
20520,25176,2025-08-13 00:00:00,CACH
20617,23157,2025-08-12 00:00:00,8
20618,23108,2025-08-12 00:00:00,8
20619,24023,2025-08-12 00:00:00,8
20620,24028,2025-08-12 00:00:00,8
20621,24056,2025-08-12 00:00:00,8
20622,24066,2025-08-12 00:00:00,8
20623,24069,2025-08-12 00:00:00,8
20624,24071,2025-08-12 00:00:00,8
20625,24080,2025-08-12 00:00:00,8
20626,24118,2025-08-12 00:00:00,8
20627,24127,2025-08-12 00:00:00,8
20628,24130,2025-08-12 00:00:00,8
20629,24132,2025-08-12 00:00:00,8
20630,24133,2025-08-12 00:00:00,8
20631,24134,2025-08-12 00:00:00,8
20632,24135,2025-08-12 00:00:00,8
20633,24137,2025-08-12 00:00:00,8
20634,24140,2025-08-12 00:00:00,8
20635,24143,2025-08-12 00:00:00,8
20636,24146,2025-08-12 00:00:00,8
20637,24147,2025-08-12 00:00:00,8
20638,24151,2025-08-12 00:00:00,8
20639,24154,2025-08-12 00:00:00,8
20640,24155,2025-08-12 00:00:00,8
20641,24156,2025-08-12 00:00:00,8
20642,24160,2025-08-12 00:00:00,8
20644,24165,2025-08-12 00:00:00,8
20645,24177,2025-08-12 00:00:00,8
20646,24189,2025-08-12 00:00:00,8
20647,24193,2025-08-12 00:00:00,8
20648,24194,2025-08-12 00:00:00,8
20649,24195,2025-08-12 00:00:00,8
20650,24196,2025-08-12 00:00:00,8
20651,24197,2025-08-12 00:00:00,8
20652,24206,2025-08-12 00:00:00,8
20653,24207,2025-08-12 00:00:00,8
20654,24211,2025-08-12 00:00:00,8
20655,24214,2025-08-12 00:00:00,8
20656,24238,2025-08-12 00:00:00,8
20657,23131,2025-08-12 00:00:00,5
20658,23160,2025-08-12 00:00:00,5
20659,24043,2025-08-12 00:00:00,5
20660,24070,2025-08-12 00:00:00,5
20661,24072,2025-08-12 00:00:00,5
20662,24097,2025-08-12 00:00:00,5
20663,24099,2025-08-12 00:00:00,5
20664,24120,2025-08-12 00:00:00,5
20665,24142,2025-08-12 00:00:00,5
20666,24144,2025-08-12 00:00:00,5
20667,24150,2025-08-12 00:00:00,5
20668,24152,2025-08-12 00:00:00,5
20669,24159,2025-08-12 00:00:00,5
20670,24162,2025-08-12 00:00:00,5
20671,24173,2025-08-12 00:00:00,5
20672,24179,2025-08-12 00:00:00,5
20673,24180,2025-08-12 00:00:00,5
20674,24181,2025-08-12 00:00:00,5
20675,24182,2025-08-12 00:00:00,5
20676,24187,2025-08-12 00:00:00,5
20677,24190,2025-08-12 00:00:00,5
20678,24212,2025-08-12 00:00:00,5
20679,24224,2025-08-12 00:00:00,5
20680,24231,2025-08-12 00:00:00,5
20681,24123,2025-08-12 00:00:00,8
20682,j416,2025-08-12 00:00:00,8
20683,j4011,2025-08-12 00:00:00,8
20684,23217,2025-08-12 00:00:00,8
20685,24037,2025-08-12 00:00:00,8
20686,24060,2025-08-12 00:00:00,8
20687,24117,2025-08-12 00:00:00,8
20688,24033,2025-08-12 00:00:00,8
20689,24178,2025-08-12 00:00:00,8
20690,24018,2025-08-12 00:00:00,8
20691,24036,2025-08-12 00:00:00,8
20692,23212,2025-08-12 00:00:00,8
20693,23216,2025-08-12 00:00:00,8
20694,24136,2025-08-12 00:00:00,8
20695,23188,2025-08-12 00:00:00,8
20696,24164,2025-08-12 00:00:00,8
20697,23239,2025-08-12 00:00:00,8
20698,23140,2025-08-12 00:00:00,8
20699,23124,2025-08-12 00:00:00,8
20700,23173,2025-08-12 00:00:00,8
20701,23197,2025-08-12 00:00:00,8
20702,j401,2025-08-12 00:00:00,8
20703,23120,2025-08-12 00:00:00,8
20704,24034,2025-08-12 00:00:00,8
20705,24020,2025-08-12 00:00:00,8
20706,23241,2025-08-12 00:00:00,8
20707,23177,2025-08-12 00:00:00,8
20708,23238,2025-08-12 00:00:00,8
20709,23224,2025-08-12 00:00:00,8
20710,24065,2025-08-12 00:00:00,8
20711,23026,2025-08-12 00:00:00,8
20712,24002,2025-08-12 00:00:00,8
20713,8026,2025-08-16 00:00:00,1A
20714,2111,2025-08-16 00:00:00,1A
20715,25180,2025-08-16 00:00:00,CACH
20716,25181,2025-08-16 00:00:00,CACH
20717,BU2518,2025-08-18 00:00:00,C4
20718,50741,2025-08-10 00:00:00,4
20719,2019,2025-08-10 00:00:00,4
20720,4076,2025-08-10 00:00:00,4
20721,4099,2025-08-10 00:00:00,4
20722,4172,2025-08-10 00:00:00,4
20723,7092,2025-08-10 00:00:00,4
20724,8067,2025-08-10 00:00:00,4
20725,9047,2025-08-10 00:00:00,4
20726,0143,2025-08-10 00:00:00,4
20727,8014,2025-08-10 00:00:00,4
20728,9219,2025-08-10 00:00:00,4
20729,6050,2025-08-10 00:00:00,4
20730,8093,2025-08-10 00:00:00,4
20731,9192,2025-08-10 00:00:00,4
20732,9128B,2025-08-10 00:00:00,4
20733,0125,2025-08-10 00:00:00,4
20734,0224,2025-08-10 00:00:00,4
20735,0344,2025-08-10 00:00:00,4
20736,0354,2025-08-10 00:00:00,4
20737,0274,2025-08-10 00:00:00,4
20738,1023,2025-08-10 00:00:00,4
20739,2087,2025-08-10 00:00:00,4
20740,1103,2025-08-10 00:00:00,4
20741,2060,2025-08-10 00:00:00,4
20742,2065,2025-08-10 00:00:00,4
20743,2109,2025-08-10 00:00:00,4
20744,24242,2025-08-10 00:00:00,4
20745,24247,2025-08-10 00:00:00,4
20746,24264,2025-08-10 00:00:00,4
20747,24271,2025-08-10 00:00:00,4
20748,24274,2025-08-10 00:00:00,4
20749,24276,2025-08-10 00:00:00,4
20750,24279,2025-08-10 00:00:00,4
20751,24280,2025-08-10 00:00:00,4
20752,J428,2025-08-10 00:00:00,4
20753,24288,2025-08-10 00:00:00,4
20754,25010,2025-08-10 00:00:00,4
20755,25011,2025-08-10 00:00:00,4
20756,25037,2025-08-10 00:00:00,4
20757,25051,2025-08-10 00:00:00,4
20758,0211,2025-08-20 00:00:00,PARADERO
20759,0224,2025-08-20 00:00:00,PARADERO
20760,20,2025-08-20 00:00:00,PARADERO
20761,5013,2025-08-20 00:00:00,PARADERO
20762,7076,2025-08-20 00:00:00,PARADERO
20763,80841,2025-08-20 00:00:00,PARADERO
20764,9045,2025-08-20 00:00:00,PARADERO
20765,9047,2025-08-20 00:00:00,PARADERO
20766,9192,2025-08-20 00:00:00,PARADERO
20767,9219,2025-08-20 00:00:00,PARADERO
20768,EMB 3,2025-08-20 00:00:00,PARADERO
20769,6021,2025-08-20 00:00:00,Mater
20770,9501,2025-08-20 00:00:00,Mater
20771,J8705,2025-08-20 00:00:00,PARADERO
20772,0302,2025-08-20 00:00:00,1B
20773,2063A,2025-08-20 00:00:00,10A
20774,25182,2025-08-20 00:00:00,CACH
20775,1168,2025-08-20 00:00:00,MUERTO
20776,0211,2025-08-21 00:00:00,NINGUNO
20777,0224,2025-08-21 00:00:00,NINGUNO
20778,20,2025-08-21 00:00:00,NINGUNO
20779,5013,2025-08-21 00:00:00,NINGUNO
20780,7076,2025-08-21 00:00:00,NINGUNO
20781,80841,2025-08-21 00:00:00,NINGUNO
20782,9045,2025-08-21 00:00:00,NINGUNO
20783,9047,2025-08-21 00:00:00,NINGUNO
20784,9192,2025-08-21 00:00:00,NINGUNO
20785,9219,2025-08-21 00:00:00,NINGUNO
20786,EMB 3,2025-08-21 00:00:00,NINGUNO
20787,J8705,2025-08-21 00:00:00,NINGUNO
20788,25172,2025-08-10 00:00:00,MUERTO
20789,25180,2025-08-22 00:00:00,MUERTO
20790,50501,2025-08-20 00:00:00,10A
20792,9015,2025-08-22 00:00:00,1A
20793,25183,2025-08-20 00:00:00,CACH
20794,25184,2025-08-21 00:00:00,CACH
20795,25185,2025-08-22 00:00:00,CACH
20796,1106A,2025-08-25 00:00:00,MUERTO
20797,9135,2025-08-25 00:00:00,MUERTO
20798,0346,2025-08-25 00:00:00,MUERTO
20799,1112A,2025-08-25 00:00:00,MUERTO
20800,6043,2025-08-21 00:00:00,1A
20801,2171,2025-08-21 00:00:00,1A
20802,3021A,2025-08-21 00:00:00,1A
20803,3003A,2025-08-21 00:00:00,1A
20804,2133A,2025-08-21 00:00:00,1A
20805,SNA,2025-08-21 00:00:00,1A
20806,6035,2025-08-21 00:00:00,1A
20807,0740,2025-08-21 00:00:00,1A
20808,2050,2025-08-21 00:00:00,1A
20809,4101,2025-08-21 00:00:00,1A
20810,2047,2025-08-21 00:00:00,1A
20811,2219,2025-08-21 00:00:00,1A
20812,2063A,2025-08-21 00:00:00,1A
20813,7083,2025-08-21 00:00:00,1A
20814,0128,2025-08-21 00:00:00,1A
20815,EMB 2,2025-08-21 00:00:00,1A
20816,2146,2025-08-21 00:00:00,1A
20817,2042,2025-08-21 00:00:00,1A
20818,0132,2025-08-21 00:00:00,1A
20819,2073,2025-08-21 00:00:00,1A
20820,2209A,2025-08-21 00:00:00,1A
20821,8036,2025-08-21 00:00:00,1A
20822,1090A,2025-08-21 00:00:00,1A
20823,1112A,2025-08-21 00:00:00,1A
20824,4008,2025-08-21 00:00:00,1A
20825,50501,2025-08-21 00:00:00,1A
20826,5060,2025-08-21 00:00:00,1A
20827,5150,2025-08-21 00:00:00,1A
20828,7077,2025-08-21 00:00:00,1A
20829,7080,2025-08-21 00:00:00,1A
20830,8094,2025-08-21 00:00:00,1A
20831,3027A,2025-08-21 00:00:00,1A
20832,4035,2025-08-21 00:00:00,1A
20833,5030,2025-08-21 00:00:00,1A
20834,5146,2025-08-21 00:00:00,1A
20835,7033,2025-08-21 00:00:00,1A
20836,7072,2025-08-21 00:00:00,1A
20837,8028,2025-08-21 00:00:00,1A
20838,8033,2025-08-21 00:00:00,1A
20839,8037,2025-08-21 00:00:00,1A
20840,8050,2025-08-21 00:00:00,1A
20841,8062,2025-08-21 00:00:00,1A
20842,9058,2025-08-21 00:00:00,1A
20843,9071,2025-08-21 00:00:00,1A
20844,9099,2025-08-21 00:00:00,1A
20845,91171,2025-08-21 00:00:00,1A
20846,91242,2025-08-21 00:00:00,1A
20847,0343,2025-08-21 00:00:00,1A
20848,33,2025-08-21 00:00:00,1A
20849,9006,2025-08-21 00:00:00,1A
20850,9011,2025-08-21 00:00:00,1A
20852,9037,2025-08-21 00:00:00,1A
20853,9091,2025-08-21 00:00:00,1A
20854,9113,2025-08-21 00:00:00,1A
20855,0201,2025-08-21 00:00:00,1A
20856,0208A,2025-08-21 00:00:00,1A
20857,0226,2025-08-21 00:00:00,1A
20858,0240,2025-08-21 00:00:00,1A
20859,0241,2025-08-21 00:00:00,1A
20860,0252,2025-08-21 00:00:00,1A
20861,0272,2025-08-21 00:00:00,1A
20862,0284,2025-08-21 00:00:00,1A
20863,0297,2025-08-21 00:00:00,1A
20864,0298A,2025-08-21 00:00:00,1A
20865,0299A,2025-08-21 00:00:00,1A
20866,0322,2025-08-21 00:00:00,1A
20867,0329,2025-08-21 00:00:00,1A
20868,0338,2025-08-21 00:00:00,1A
20869,1188,2025-08-21 00:00:00,1A
20870,2018,2025-08-21 00:00:00,1A
20871,1109B,2025-08-21 00:00:00,1A
20872,2035A,2025-08-21 00:00:00,1A
20873,1102,2025-08-21 00:00:00,1A
20874,1053A,2025-08-21 00:00:00,1A
20875,10431,2025-08-21 00:00:00,1A
20876,1063,2025-08-21 00:00:00,1A
20877,1004,2025-08-21 00:00:00,1A
20878,2014,2025-08-21 00:00:00,1A
20879,1005,2025-08-21 00:00:00,1A
20880,0332,2025-08-21 00:00:00,1A
20881,1045,2025-08-21 00:00:00,1A
20882,2064,2025-08-21 00:00:00,1A
20883,2203,2025-08-21 00:00:00,1A
20884,1104A,2025-08-21 00:00:00,1A
20885,2062,2025-08-21 00:00:00,1A
20886,7007,2025-08-21 00:00:00,1A
20887,8063,2025-08-21 00:00:00,1A
20888,2097,2025-08-21 00:00:00,1A
20889,1105,2025-08-21 00:00:00,1A
20890,5629,2025-08-21 00:00:00,1A
20891,2095,2025-08-21 00:00:00,1A
20892,2201,2025-08-21 00:00:00,1A
20893,2108,2025-08-21 00:00:00,1A
20894,2107,2025-08-21 00:00:00,1A
20895,1091,2025-08-21 00:00:00,1A
20896,0313,2025-08-21 00:00:00,1A
20897,TSN01,2025-08-21 00:00:00,1A
20898,0320,2025-08-21 00:00:00,1A
20899,31,2025-08-21 00:00:00,1A
20900,1015A,2025-08-21 00:00:00,1A
20901,EMB 5,2025-08-21 00:00:00,1A
20902,J420,2025-08-21 00:00:00,1A
20903,J01415,2025-08-21 00:00:00,1A
20904,J841,2025-08-21 00:00:00,1A
20905,J424,2025-08-21 00:00:00,1A
20906,J425,2025-08-21 00:00:00,1A
20907,J426,2025-08-21 00:00:00,1A
20908,2148A,2025-08-24 00:00:00,1A
20909,7074,2025-08-24 00:00:00,1A
20910,9501,2025-08-24 00:00:00,1A
20911,25186,2025-08-24 00:00:00,CACH
20912,25187,2025-08-24 00:00:00,CACH
20913,25188,2025-08-24 00:00:00,CACH
20914,BU2519,2025-08-20 00:00:00,C4
20915,25189,2025-08-25 00:00:00,CACH
20916,30212,2025-08-25 00:00:00,1A
20917,20001,2025-08-28 00:00:00,Mater
20918,7012,2025-08-27 00:00:00,1A
20919,9076,2025-08-27 00:00:00,1A
20920,8010,2025-08-27 00:00:00,1A
20921,6021,2025-08-27 00:00:00,1A
20922,8076,2025-08-27 00:00:00,1A
20923,25190,2025-08-27 00:00:00,CACH
20924,25191,2025-08-27 00:00:00,CACH
20925,25192,2025-08-27 00:00:00,CACH
20926,25193,2025-08-27 00:00:00,CACH
20927,25194,2025-08-27 00:00:00,CACH
20928,19,2025-08-28 00:00:00,Mater
20929,0269,2025-08-28 00:00:00,Mater
20930,0306,2025-08-28 00:00:00,Mater
20931,0312,2025-08-28 00:00:00,Mater
20932,1032,2025-08-28 00:00:00,Mater
20933,2059,2025-08-28 00:00:00,Mater
20934,4151,2025-08-28 00:00:00,Mater
20935,8006,2025-08-28 00:00:00,Mater
20936,8019,2025-08-28 00:00:00,Mater
20937,8045,2025-08-28 00:00:00,Mater
20938,9125,2025-08-28 00:00:00,Mater
20939,22172,2025-08-28 00:00:00,Mater
20940,80882,2025-08-28 00:00:00,Mater
20941,2196A,2025-08-28 00:00:00,Mater
20942,0271,2025-08-28 00:00:00,Mater
20943,6070,2025-08-26 00:00:00,2
20944,8096,2025-08-26 00:00:00,2
20945,6067,2025-08-26 00:00:00,2
20946,8026,2025-08-26 00:00:00,2
20947,8043,2025-08-26 00:00:00,2
20948,8048,2025-08-26 00:00:00,2
20949,8061,2025-08-26 00:00:00,2
20950,0291,2025-08-26 00:00:00,2
20951,1017A,2025-08-26 00:00:00,2
20952,1053A,2025-08-26 00:00:00,2
20953,1088A,2025-08-26 00:00:00,2
20954,35,2025-08-26 00:00:00,2
20955,6028,2025-08-26 00:00:00,4
20956,7072,2025-08-26 00:00:00,4
20957,0343,2025-08-26 00:00:00,4
20958,31,2025-08-26 00:00:00,4
20959,25122,2025-08-26 00:00:00,4
20960,25137,2025-08-26 00:00:00,4
20961,25140,2025-08-26 00:00:00,4
20962,25149,2025-08-26 00:00:00,4
20963,0327,2025-08-28 00:00:00,Mater
20964,0278,2025-08-28 00:00:00,Mater
20965,2226,2025-08-26 00:00:00,2
20966,8046,2025-08-26 00:00:00,Mater
20967,3026A,2025-08-26 00:00:00,2
20968,2124A,2025-08-26 00:00:00,2
20969,3084,2025-08-30 00:00:00,MUERTO
20970,5033,2025-08-29 00:00:00,2
20971,8046,2025-09-02 00:00:00,1A
20972,7028,2025-09-02 00:00:00,1A
20973,25195,2025-09-02 00:00:00,CACH
20974,25196,2025-09-02 00:00:00,CACH
20975,0109A,2025-09-03 00:00:00,7
20976,0116A,2025-09-03 00:00:00,7
20977,0119,2025-09-03 00:00:00,7
20978,0127,2025-09-03 00:00:00,7
20979,0141,2025-09-03 00:00:00,7
20980,0198,2025-09-03 00:00:00,7
20981,0204B,2025-09-03 00:00:00,7
20982,0217,2025-09-03 00:00:00,7
20983,0293,2025-09-03 00:00:00,7
20984,1027,2025-09-03 00:00:00,7
20985,1053,2025-09-03 00:00:00,7
20986,1055A,2025-09-03 00:00:00,7
20987,1056,2025-09-03 00:00:00,7
20988,1069,2025-09-03 00:00:00,7
20989,1070,2025-09-03 00:00:00,7
20990,1070A,2025-09-03 00:00:00,7
20991,1077,2025-09-03 00:00:00,7
20992,1085,2025-09-03 00:00:00,7
20993,1092A,2025-09-03 00:00:00,7
20994,1093,2025-09-03 00:00:00,7
20995,1101,2025-09-03 00:00:00,7
20996,1104,2025-09-03 00:00:00,7
20997,1106,2025-09-03 00:00:00,7
20998,1112,2025-09-03 00:00:00,7
20999,1126,2025-09-03 00:00:00,7
21000,1152,2025-09-03 00:00:00,7
21001,1154,2025-09-03 00:00:00,7
21002,1156,2025-09-03 00:00:00,7
21003,1180,2025-09-03 00:00:00,7
21004,1204,2025-09-03 00:00:00,7
21005,1206,2025-09-03 00:00:00,7
21006,1214,2025-09-03 00:00:00,7
21007,1215,2025-09-03 00:00:00,7
21008,1216,2025-09-03 00:00:00,7
21009,1219,2025-09-03 00:00:00,7
21010,1228,2025-09-03 00:00:00,7
21011,1237,2025-09-03 00:00:00,7
21012,1292,2025-09-03 00:00:00,7
21013,2001B,2025-09-03 00:00:00,7
21014,2004,2025-09-03 00:00:00,7
21015,2053,2025-09-03 00:00:00,7
21016,2090,2025-09-03 00:00:00,7
21017,2092,2025-09-03 00:00:00,7
21018,2128,2025-09-03 00:00:00,7
21019,22175,2025-09-03 00:00:00,7
21020,MSN15,2025-09-03 00:00:00,7
21021,SN50,2025-09-03 00:00:00,7
21022,1033,2025-09-03 00:00:00,7
21023,1018,2025-09-03 00:00:00,8
21024,22122,2025-09-03 00:00:00,8
21025,22132,2025-09-03 00:00:00,8
21026,22176,2025-09-03 00:00:00,8
21027,22184,2025-09-03 00:00:00,8
21028,22187,2025-09-03 00:00:00,8
21029,22190,2025-09-03 00:00:00,8
21030,22192,2025-09-03 00:00:00,8
21031,22196,2025-09-03 00:00:00,8
21032,22205,2025-09-03 00:00:00,8
21033,22207,2025-09-03 00:00:00,8
21034,23007,2025-09-03 00:00:00,8
21035,23010,2025-09-03 00:00:00,8
21036,23014,2025-09-03 00:00:00,8
21037,23019,2025-09-03 00:00:00,8
21038,23020,2025-09-03 00:00:00,8
21039,23026,2025-09-03 00:00:00,8
21040,23028,2025-09-03 00:00:00,8
21041,23038,2025-09-03 00:00:00,8
21042,23053,2025-09-03 00:00:00,8
21043,23054,2025-09-03 00:00:00,8
21044,23058,2025-09-03 00:00:00,8
21045,23063,2025-09-03 00:00:00,8
21046,23072,2025-09-03 00:00:00,8
21047,23078,2025-09-03 00:00:00,8
21048,23084,2025-09-03 00:00:00,8
21049,23085,2025-09-03 00:00:00,8
21050,23088,2025-09-03 00:00:00,8
21051,23090,2025-09-03 00:00:00,8
21052,23095,2025-09-03 00:00:00,8
21053,23096,2025-09-03 00:00:00,8
21054,23100,2025-09-03 00:00:00,8
21055,23102,2025-09-03 00:00:00,8
21056,23104,2025-09-03 00:00:00,8
21057,23108,2025-09-03 00:00:00,8
21058,23114,2025-09-03 00:00:00,8
21059,23116,2025-09-03 00:00:00,8
21060,23118,2025-09-03 00:00:00,8
21061,23119,2025-09-03 00:00:00,8
21062,23120,2025-09-03 00:00:00,8
21063,23123,2025-09-03 00:00:00,8
21064,23124,2025-09-03 00:00:00,8
21065,23135,2025-09-03 00:00:00,8
21066,23140,2025-09-03 00:00:00,8
21067,23142,2025-09-03 00:00:00,8
21068,23146,2025-09-03 00:00:00,8
21069,23150,2025-09-03 00:00:00,8
21070,23157,2025-09-03 00:00:00,8
21071,23173,2025-09-03 00:00:00,8
21072,23177,2025-09-03 00:00:00,8
21073,23181,2025-09-03 00:00:00,8
21074,23188,2025-09-03 00:00:00,8
21075,23197,2025-09-03 00:00:00,8
21076,23212,2025-09-03 00:00:00,8
21077,23214,2025-09-03 00:00:00,8
21078,23216,2025-09-03 00:00:00,8
21079,23217,2025-09-03 00:00:00,8
21080,23238,2025-09-03 00:00:00,8
21081,23239,2025-09-03 00:00:00,8
21082,23241,2025-09-03 00:00:00,8
21083,23249,2025-09-03 00:00:00,8
21084,24002,2025-09-03 00:00:00,8
21085,24018,2025-09-03 00:00:00,8
21086,24020,2025-09-03 00:00:00,8
21087,24023,2025-09-03 00:00:00,8
21088,24029,2025-09-03 00:00:00,8
21089,24033,2025-09-03 00:00:00,8
21090,24034,2025-09-03 00:00:00,8
21091,24036,2025-09-03 00:00:00,8
21092,24037,2025-09-03 00:00:00,8
21093,24056,2025-09-03 00:00:00,8
21094,24060,2025-09-03 00:00:00,8
21095,24065,2025-09-03 00:00:00,8
21096,24069,2025-09-03 00:00:00,8
21097,24071,2025-09-03 00:00:00,8
21098,24077,2025-09-03 00:00:00,8
21099,24080,2025-09-03 00:00:00,8
21100,24117,2025-09-03 00:00:00,8
21101,24118,2025-09-03 00:00:00,8
21102,24123,2025-09-03 00:00:00,8
21103,24127,2025-09-03 00:00:00,8
21104,24130,2025-09-03 00:00:00,8
21105,24132,2025-09-03 00:00:00,8
21106,24133,2025-09-03 00:00:00,8
21107,24134,2025-09-03 00:00:00,8
21108,24135,2025-09-03 00:00:00,8
21109,24136,2025-09-03 00:00:00,8
21110,24137,2025-09-03 00:00:00,8
21111,24140,2025-09-03 00:00:00,8
21112,24143,2025-09-03 00:00:00,8
21113,24146,2025-09-03 00:00:00,8
21114,24147,2025-09-03 00:00:00,8
21115,24151,2025-09-03 00:00:00,8
21116,24154,2025-09-03 00:00:00,8
21117,24155,2025-09-03 00:00:00,8
21118,24156,2025-09-03 00:00:00,8
21119,24160,2025-09-03 00:00:00,8
21121,24164,2025-09-03 00:00:00,8
21122,24165,2025-09-03 00:00:00,8
21123,24177,2025-09-03 00:00:00,8
21124,24178,2025-09-03 00:00:00,8
21125,24189,2025-09-03 00:00:00,8
21126,24193,2025-09-03 00:00:00,8
21127,24194,2025-09-03 00:00:00,8
21128,24195,2025-09-03 00:00:00,8
21129,24196,2025-09-03 00:00:00,8
21130,24197,2025-09-03 00:00:00,8
21131,24206,2025-09-03 00:00:00,8
21132,24207,2025-09-03 00:00:00,8
21133,24211,2025-09-03 00:00:00,8
21134,24214,2025-09-03 00:00:00,8
21135,24238,2025-09-03 00:00:00,8
21136,J401,2025-09-03 00:00:00,8
21137,J4011,2025-09-03 00:00:00,8
21138,J416,2025-09-03 00:00:00,8
21139,1008,2025-09-03 00:00:00,9
21140,1027A,2025-09-03 00:00:00,9
21141,1067,2025-09-03 00:00:00,9
21142,1068A,2025-09-03 00:00:00,9
21143,1082A,2025-09-03 00:00:00,9
21144,1096A,2025-09-03 00:00:00,9
21145,1097A,2025-09-03 00:00:00,9
21146,1101A,2025-09-03 00:00:00,9
21147,1133,2025-09-03 00:00:00,9
21148,2005A,2025-09-03 00:00:00,9
21149,2010,2025-09-03 00:00:00,9
21150,2025,2025-09-03 00:00:00,9
21151,2039A,2025-09-03 00:00:00,9
21152,2044,2025-09-03 00:00:00,9
21153,2067,2025-09-03 00:00:00,9
21154,2094,2025-09-03 00:00:00,9
21155,2101,2025-09-03 00:00:00,9
21156,2106,2025-09-03 00:00:00,9
21157,2149,2025-09-03 00:00:00,9
21158,2154,2025-09-03 00:00:00,9
21159,2155,2025-09-03 00:00:00,9
21160,2159,2025-09-03 00:00:00,9
21161,2167,2025-09-03 00:00:00,9
21162,2170,2025-09-03 00:00:00,9
21163,2174,2025-09-03 00:00:00,9
21164,22100,2025-09-03 00:00:00,9
21165,22114,2025-09-03 00:00:00,9
21166,22115,2025-09-03 00:00:00,9
21167,22118,2025-09-03 00:00:00,9
21168,22120,2025-09-03 00:00:00,9
21169,22157,2025-09-03 00:00:00,9
21170,22158,2025-09-03 00:00:00,9
21171,22166,2025-09-03 00:00:00,9
21172,22168,2025-09-03 00:00:00,9
21173,22178,2025-09-03 00:00:00,9
21174,22181,2025-09-03 00:00:00,9
21175,22185,2025-09-03 00:00:00,9
21176,22188,2025-09-03 00:00:00,9
21177,22206,2025-09-03 00:00:00,9
21178,22209,2025-09-03 00:00:00,9
21179,23004,2025-09-03 00:00:00,9
21180,23011,2025-09-03 00:00:00,9
21181,23015,2025-09-03 00:00:00,9
21182,0325,2025-09-03 00:00:00,MG
21183,1026,2025-09-03 00:00:00,MG
21184,1031,2025-09-03 00:00:00,MG
21185,1044,2025-09-03 00:00:00,MG
21186,1046A,2025-09-03 00:00:00,MG
21187,1048,2025-09-03 00:00:00,MG
21188,1076,2025-09-03 00:00:00,MG
21189,1107,2025-09-03 00:00:00,MG
21190,2005B,2025-09-03 00:00:00,MG
21191,2029,2025-09-03 00:00:00,MG
21192,2032,2025-09-03 00:00:00,MG
21193,2041,2025-09-03 00:00:00,MG
21194,2054,2025-09-03 00:00:00,MG
21195,MSN12,2025-09-03 00:00:00,MG
21196,MSN17,2025-09-03 00:00:00,MG
21197,MSN3,2025-09-03 00:00:00,MG
21198,2011,2025-09-05 00:00:00,Mater
21199,2026,2025-09-05 00:00:00,2
21200,2102,2025-09-05 00:00:00,2
21201,2140,2025-09-05 00:00:00,2
21202,22117,2025-09-05 00:00:00,2
21203,22131,2025-09-05 00:00:00,2
21204,22161,2025-09-05 00:00:00,2
21205,22177,2025-09-05 00:00:00,2
21206,0139,2025-09-05 00:00:00,3
21207,0294,2025-09-05 00:00:00,3
21208,1074,2025-09-05 00:00:00,3
21209,2088B,2025-09-05 00:00:00,3
21210,2096A,2025-09-05 00:00:00,3
21211,20971,2025-09-05 00:00:00,3
21212,2110,2025-09-05 00:00:00,3
21213,2143A,2025-09-05 00:00:00,3
21214,2145,2025-09-05 00:00:00,3
21215,22085,2025-09-05 00:00:00,3
21216,22112,2025-09-05 00:00:00,3
21217,22116,2025-09-05 00:00:00,3
21218,22119,2025-09-05 00:00:00,3
21219,22139,2025-09-05 00:00:00,3
21220,22142,2025-09-05 00:00:00,3
21221,22151,2025-09-05 00:00:00,3
21222,22160,2025-09-05 00:00:00,3
21223,2218,2025-09-05 00:00:00,3
21224,22180,2025-09-05 00:00:00,3
21225,22216,2025-09-05 00:00:00,3
21226,23037,2025-09-05 00:00:00,3
21227,2002,2025-09-05 00:00:00,3
21228,2202,2025-09-05 00:00:00,5
21229,22198,2025-09-05 00:00:00,5
21230,23033,2025-09-05 00:00:00,5
21231,4053,2025-09-05 00:00:00,Mater
21232,24109,2025-09-05 00:00:00,VAQ
21233,0323,2025-09-02 00:00:00,1A
21234,5082,2025-09-02 00:00:00,1A
21235,BU036,2025-09-02 00:00:00,C4
21236,BU337,2025-09-02 00:00:00,C4
21237,25197,2025-09-02 00:00:00,CACH
21238,25198,2025-09-02 00:00:00,CACH
21239,BU2520,2025-09-02 00:00:00,C4
21240,BU2521,2025-09-02 00:00:00,C4
21241,2059,2025-09-02 00:00:00,1A
21242,25199,2025-09-02 00:00:00,CACH
21243,0306,2025-09-07 00:00:00,1A
21244,80882,2025-09-07 00:00:00,1A
21245,8045,2025-09-07 00:00:00,1A
21246,0306P,2024-09-15 00:00:00,MUERTO
21247,25200,2025-09-07 00:00:00,CACH
21248,25201,2025-09-07 00:00:00,CACH
21249,25202,2025-09-07 00:00:00,CACH
21250,MSN12,2025-09-08 00:00:00,MUERTO
21251,MSN17,2025-09-08 00:00:00,MUERTO
21252,1046A,2025-09-08 00:00:00,MUERTO
21253,1044,2025-09-08 00:00:00,MUERTO
21254,BU2522,2025-08-20 00:00:00,C4
21255,25193,2025-09-05 00:00:00,MUERTO
21256,8060,2025-09-10 00:00:00,10A
21257,2030,2025-09-10 00:00:00,10A
21258,22172,2025-09-10 00:00:00,10A
21259,4055,2025-09-10 00:00:00,10A
21260,2196,2025-09-10 00:00:00,10A
21262,25203,2025-09-10 00:00:00,VAQ
21263,25204,2025-09-10 00:00:00,VAQ
21264,25205,2025-09-10 00:00:00,VAQ
21265,25206,2025-09-10 00:00:00,VAQ
21266,25207,2025-09-10 00:00:00,VAQ
21267,25208,2025-09-10 00:00:00,VAQ
21268,25209,2025-09-10 00:00:00,VAQ
21269,6043,2025-09-10 00:00:00,10A
21270,2171,2025-09-10 00:00:00,10A
21271,3021A,2025-09-10 00:00:00,10A
21272,3003A,2025-09-10 00:00:00,10A
21273,7028,2025-09-10 00:00:00,10A
21274,2133A,2025-09-10 00:00:00,10A
21275,SNA,2025-09-10 00:00:00,10A
21276,6035,2025-09-10 00:00:00,10A
21277,2148A,2025-09-10 00:00:00,10A
21278,0740,2025-09-10 00:00:00,10A
21279,2050,2025-09-10 00:00:00,10A
21280,4101,2025-09-10 00:00:00,10A
21281,2047,2025-09-10 00:00:00,10A
21282,2219,2025-09-10 00:00:00,10A
21283,2063A,2025-09-10 00:00:00,10A
21284,7083,2025-09-10 00:00:00,10A
21285,0128,2025-09-10 00:00:00,10A
21286,6021,2025-09-10 00:00:00,10A
21287,EMB 2,2025-09-10 00:00:00,10A
21288,2146,2025-09-10 00:00:00,10A
21289,2042,2025-09-10 00:00:00,10A
21290,0132,2025-09-10 00:00:00,10A
21291,2073,2025-09-10 00:00:00,10A
21292,2209A,2025-09-10 00:00:00,10A
21293,8036,2025-09-10 00:00:00,10A
21294,1090A,2025-09-10 00:00:00,10A
21295,4008,2025-09-10 00:00:00,10A
21296,50501,2025-09-10 00:00:00,10A
21297,5060,2025-09-10 00:00:00,10A
21298,5082,2025-09-10 00:00:00,10A
21299,5150,2025-09-10 00:00:00,10A
21300,7012,2025-09-10 00:00:00,10A
21301,7074,2025-09-10 00:00:00,10A
21302,7077,2025-09-10 00:00:00,10A
21303,7080,2025-09-10 00:00:00,10A
21304,8046,2025-09-10 00:00:00,10A
21305,8094,2025-09-10 00:00:00,10A
21306,3027A,2025-09-10 00:00:00,10A
21307,4035,2025-09-10 00:00:00,10A
21308,30212,2025-09-10 00:00:00,10A
21309,5030,2025-09-10 00:00:00,10A
21310,5146,2025-09-10 00:00:00,10A
21311,7033,2025-09-10 00:00:00,10A
21312,8010,2025-09-10 00:00:00,10A
21313,8028,2025-09-10 00:00:00,10A
21314,8033,2025-09-10 00:00:00,10A
21315,8037,2025-09-10 00:00:00,10A
21316,8045,2025-09-10 00:00:00,10A
21317,8050,2025-09-10 00:00:00,10A
21318,8062,2025-09-10 00:00:00,10A
21319,8076,2025-09-10 00:00:00,10A
21320,9058,2025-09-10 00:00:00,10A
21321,9071,2025-09-10 00:00:00,10A
21322,9099,2025-09-10 00:00:00,10A
21323,91171,2025-09-10 00:00:00,10A
21324,91242,2025-09-10 00:00:00,10A
21325,33,2025-09-10 00:00:00,10A
21326,9006,2025-09-10 00:00:00,10A
21327,9011,2025-09-10 00:00:00,10A
21328,9015,2025-09-10 00:00:00,10A
21329,9037,2025-09-10 00:00:00,10A
21330,9076,2025-09-10 00:00:00,10A
21331,9091,2025-09-10 00:00:00,10A
21332,9113,2025-09-10 00:00:00,10A
21333,0201,2025-09-10 00:00:00,10A
21334,0208A,2025-09-10 00:00:00,10A
21335,0226,2025-09-10 00:00:00,10A
21336,0240,2025-09-10 00:00:00,10A
21337,0241,2025-09-10 00:00:00,10A
21338,0252,2025-09-10 00:00:00,10A
21339,0272,2025-09-10 00:00:00,10A
21340,0284,2025-09-10 00:00:00,10A
21341,0297,2025-09-10 00:00:00,10A
21342,0298A,2025-09-10 00:00:00,10A
21343,0299A,2025-09-10 00:00:00,10A
21344,0322,2025-09-10 00:00:00,10A
21345,0323,2025-09-10 00:00:00,10A
21346,0329,2025-09-10 00:00:00,10A
21347,0338,2025-09-10 00:00:00,10A
21348,1188,2025-09-10 00:00:00,10A
21349,2018,2025-09-10 00:00:00,10A
21350,1109B,2025-09-10 00:00:00,10A
21351,2035A,2025-09-10 00:00:00,10A
21352,1102,2025-09-10 00:00:00,10A
21353,10431,2025-09-10 00:00:00,10A
21354,1063,2025-09-10 00:00:00,10A
21355,1004,2025-09-10 00:00:00,10A
21356,2014,2025-09-10 00:00:00,10A
21357,1005,2025-09-10 00:00:00,10A
21358,0332,2025-09-10 00:00:00,10A
21359,1045,2025-09-10 00:00:00,10A
21360,2064,2025-09-10 00:00:00,10A
21361,2203,2025-09-10 00:00:00,10A
21362,1104A,2025-09-10 00:00:00,10A
21363,2062,2025-09-10 00:00:00,10A
21364,7007,2025-09-10 00:00:00,10A
21365,8063,2025-09-10 00:00:00,10A
21366,2097,2025-09-10 00:00:00,10A
21367,80882,2025-09-10 00:00:00,10A
21368,1105,2025-09-10 00:00:00,10A
21369,5629,2025-09-10 00:00:00,10A
21370,2095,2025-09-10 00:00:00,10A
21371,2201,2025-09-10 00:00:00,10A
21372,2111,2025-09-10 00:00:00,10A
21373,2108,2025-09-10 00:00:00,10A
21374,2107,2025-09-10 00:00:00,10A
21375,1091,2025-09-10 00:00:00,10A
21376,2059,2025-09-10 00:00:00,10A
21377,0313,2025-09-10 00:00:00,10A
21378,0306,2025-09-10 00:00:00,10A
21379,9501,2025-09-10 00:00:00,10A
21380,TSN01,2025-09-10 00:00:00,10A
21381,0320,2025-09-10 00:00:00,10A
21382,1015A,2025-09-10 00:00:00,10A
21383,EMB 5,2025-09-10 00:00:00,10A
21384,J420,2025-09-10 00:00:00,10A
21385,J01415,2025-09-10 00:00:00,10A
21386,J841,2025-09-10 00:00:00,10A
21387,J424,2025-09-10 00:00:00,10A
21388,J425,2025-09-10 00:00:00,10A
21389,J426,2025-09-10 00:00:00,10A
21390,22144,2025-09-11 00:00:00,Mater
21391,0333,2025-09-11 00:00:00,Mater
21392,9500,2025-09-11 00:00:00,Mater
21393,2048,2025-09-11 00:00:00,Mater
21394,0258,2025-09-11 00:00:00,Mater
21395,2143,2025-09-11 00:00:00,3A
21396,9122,2025-09-11 00:00:00,Mater
21397,8017,2025-09-11 00:00:00,Mater
21398,5077,2025-09-11 00:00:00,Mater
21399,4018,2025-09-11 00:00:00,Mater
21400,3119,2025-09-11 00:00:00,Mater
21401,4066,2025-09-11 00:00:00,Mater
21402,SNA,2025-09-10 00:00:00,CACH
21403,25104,2025-09-12 00:00:00,4
21404,3027A,2025-09-12 00:00:00,4
21405,BU318,2025-09-10 00:00:00,C4
21406,2196A,2025-09-10 00:00:00,10A
21407,1095A,2025-09-13 00:00:00,10A
21408,1077A,2025-09-13 00:00:00,10A
21409,0312,2025-09-13 00:00:00,10A
21410,4151,2025-09-14 00:00:00,10A
21411,19,2025-09-14 00:00:00,10A
21412,1015,2025-09-10 00:00:00,10A
21413,BU2523,2025-09-10 00:00:00,C4
21414,25207,2025-09-10 00:00:00,VAQ
21415,25208,2025-09-13 00:00:00,VAQ
21416,25210,2025-09-13 00:00:00,VAQ
21417,25211,2025-09-13 00:00:00,VAQ
21418,25212,2025-09-14 00:00:00,VAQ
21419,25213,2025-09-14 00:00:00,VAQ
21420,25214,2025-09-10 00:00:00,VAQ
21421,25209,2025-09-13 00:00:00,VAQ
21422,25171,2025-09-14 00:00:00,MUERTO
21423,25198,2025-09-14 00:00:00,MUERTO
21424,2153,2025-09-11 00:00:00,Mater
21425,5079,2025-09-12 00:00:00,10A
21426,9500,2025-09-16 00:00:00,10A
21427,0231A,2025-09-16 00:00:00,10A
21428,5077,2025-09-16 00:00:00,10A
21429,8017,2025-09-16 00:00:00,10A
21430,4018,2025-09-16 00:00:00,10A
21431,25215,2025-09-16 00:00:00,VAQ
21432,25216,2025-09-16 00:00:00,VAQ
21433,25217,2025-09-16 00:00:00,VAQ
21434,25218,2025-09-16 00:00:00,VAQ
21435,25219,2025-09-16 00:00:00,VAQ
21436,9125,2025-09-17 00:00:00,10A
21437,25220,2025-09-17 00:00:00,VAQ
21438,0201,2025-09-18 00:00:00,3A
21439,0208A,2025-09-18 00:00:00,3A
21440,0299A,2025-09-18 00:00:00,3A
21441,0322,2025-09-18 00:00:00,3A
21442,0329,2025-09-18 00:00:00,3A
21443,2014,2025-09-18 00:00:00,3A
21444,33,2025-09-18 00:00:00,3A
21445,8033,2025-09-18 00:00:00,3A
21446,8050,2025-09-18 00:00:00,3A
21447,9011,2025-09-18 00:00:00,3A
21448,J424,2025-09-18 00:00:00,3A
21449,J425,2025-09-18 00:00:00,3A
21450,9071,2025-09-18 00:00:00,3A
21451,0270,2025-09-18 00:00:00,10A
21452,31102,2025-09-18 00:00:00,10A
21453,8089,2025-09-18 00:00:00,10A
21454,2096,2025-09-18 00:00:00,10A
21455,0229,2025-09-18 00:00:00,10A
21456,0299C,2025-09-18 00:00:00,10A
21457,7061,2025-09-18 00:00:00,10A
21460,8019,2025-09-21 00:00:00,10A
21461,25221,2025-09-21 00:00:00,CACH
21462,25195,2025-09-23 00:00:00,MUERTO
21463,24261,2025-09-19 00:00:00,MUERTO
21464,25018,2025-09-20 00:00:00,MUERTO
21465,2219,2025-09-18 00:00:00,MUERTO
21466,02331,2025-09-22 00:00:00,Mater
21467,2063B,2025-09-22 00:00:00,Mater
21468,0349,2025-09-22 00:00:00,4
21469,0327,2025-09-22 00:00:00,Mater
21470,34,2025-09-22 00:00:00,Mater
21471,10391,2025-09-22 00:00:00,Mater
21472,7059,2025-09-22 00:00:00,Mater
21473,0349,2025-09-22 00:00:00,4
21474,25223,2025-09-22 00:00:00,4
21475,1188,2025-09-23 00:00:00,3A
21476,4035,2025-09-23 00:00:00,3A
21477,7061,2025-09-23 00:00:00,3A
21478,8036,2025-09-23 00:00:00,3A
21479,8089,2025-09-23 00:00:00,3A
21480,31102,2025-09-23 00:00:00,3A
21481,91171,2025-09-23 00:00:00,3A
21482,91242,2025-09-23 00:00:00,3A
21483,2021,2025-09-23 00:00:00,MAR2
21484,60286,2025-09-23 00:00:00,MAR2
21485,2096,2025-09-23 00:00:00,MAR2
21486,5082,2025-09-23 00:00:00,MAR2
21487,7067,2025-09-23 00:00:00,MAR2
21488,8072,2025-09-23 00:00:00,MAR2
21489,0299C,2025-09-23 00:00:00,MAR2
21490,7066,2025-09-23 00:00:00,MAR2
21491,1109A,2025-09-23 00:00:00,MAR2
21492,1139A,2025-09-23 00:00:00,MAR2
21493,0139,2025-09-23 00:00:00,MAR2
21494,0313,2025-09-23 00:00:00,MAR2
21495,0302,2025-09-23 00:00:00,MAR2
21496,0320,2025-09-23 00:00:00,MAR2
21497,0128,2025-09-23 00:00:00,4
21498,1097B,2025-09-23 00:00:00,4
21499,2064,2025-09-23 00:00:00,4
21500,2097,2025-09-23 00:00:00,4
21501,2107,2025-09-23 00:00:00,4
21502,4101,2025-09-23 00:00:00,4
21503,50501,2025-09-23 00:00:00,4
21504,25178,2025-09-23 00:00:00,4
21505,25179,2025-09-23 00:00:00,4
21506,25183,2025-09-23 00:00:00,4
21507,25176,2025-09-23 00:00:00,4
21508,25173,2025-09-23 00:00:00,4
21509,25164,2025-09-23 00:00:00,4
21510,25175,2025-09-23 00:00:00,4
21511,0294,2025-09-23 00:00:00,MAR2
21512,1074,2025-09-23 00:00:00,4
21513,2088B,2025-09-23 00:00:00,4
21514,2096A,2025-09-23 00:00:00,4
21515,20971,2025-09-23 00:00:00,4
21516,2110,2025-09-23 00:00:00,4
21517,2143A,2025-09-23 00:00:00,4
21518,2145,2025-09-23 00:00:00,4
21519,22085,2025-09-23 00:00:00,4
21520,22112,2025-09-23 00:00:00,4
21521,22116,2025-09-23 00:00:00,4
21522,22119,2025-09-23 00:00:00,4
21523,22139,2025-09-23 00:00:00,4
21524,22142,2025-09-23 00:00:00,4
21525,22151,2025-09-23 00:00:00,4
21526,22160,2025-09-23 00:00:00,4
21527,2218,2025-09-23 00:00:00,4
21528,22180,2025-09-23 00:00:00,4
21529,22216,2025-09-23 00:00:00,4
21530,23037,2025-09-23 00:00:00,4
21531,2002,2025-09-23 00:00:00,4
21532,3028A,2025-09-23 00:00:00,MAR2
21533,7032,2025-09-23 00:00:00,MAR2
21534,2209A,2025-09-23 00:00:00,3A
21535,25021,2025-09-24 00:00:00,MAR2
21537,25028,2025-09-24 00:00:00,MAR2
21538,24272,2025-09-24 00:00:00,MAR2
21539,24270,2025-09-24 00:00:00,MAR2
21540,24269,2025-09-24 00:00:00,MAR2
21541,24284,2025-09-24 00:00:00,MAR2
21542,24289,2025-09-24 00:00:00,MAR2
21543,25035,2025-09-24 00:00:00,MAR2
21544,25026,2025-09-24 00:00:00,MAR2
21545,25223,2025-09-24 00:00:00,CACH
21546,0349,2025-09-24 00:00:00,10A
21547,6035,2025-09-24 00:00:00,3A
21548,7083,2025-09-24 00:00:00,3A
21549,5150,2025-09-24 00:00:00,3A
21550,8037,2025-09-24 00:00:00,3A
21551,0226,2025-09-24 00:00:00,3A
21552,2062,2025-09-24 00:00:00,3A
21553,7007,2025-09-24 00:00:00,3A
21554,5679,2025-09-24 00:00:00,3
21555,1078A,2025-09-24 00:00:00,3
21556,7033,2025-09-24 00:00:00,10B
21557,1045,2025-09-24 00:00:00,10B
21558,0298,2025-09-24 00:00:00,3
21559,2039,2025-09-24 00:00:00,3
21560,2220,2025-09-24 00:00:00,3
21561,2059,2025-09-24 00:00:00,10B
21562,25224,2025-09-24 00:00:00,CACH
21563,9122,2025-09-22 00:00:00,10A
21564,9016,2025-09-24 00:00:00,10A
21565,10391,2025-09-25 00:00:00,1A
21566,4066,2025-09-25 00:00:00,1A
21567,25222,2025-09-22 00:00:00,CACH
21568,25224,2025-09-24 00:00:00,CACH
21569,25225,2025-09-25 00:00:00,CACH
21570,25226,2025-09-25 00:00:00,CACH
21571,2005A,2025-09-26 00:00:00,MUERTO
21572,2063B,2025-09-26 00:00:00,1A
21573,25227,2025-09-26 00:00:00,CACH
21575,25228,2025-09-27 00:00:00,MUERTO
21576,2037,2025-09-27 00:00:00,1A
21577,9073,2025-09-27 00:00:00,1A
21578,25229,2025-09-27 00:00:00,CACH
21579,25230,2025-09-27 00:00:00,CACH
21580,2196A,2025-09-26 00:00:00,1A
21581,6043,2025-09-26 00:00:00,1A
21582,2171,2025-09-26 00:00:00,1A
21583,3021A,2025-09-26 00:00:00,1A
21584,3003A,2025-09-26 00:00:00,1A
21585,7028,2025-09-26 00:00:00,1A
21586,2133A,2025-09-26 00:00:00,1A
21587,SNA,2025-09-26 00:00:00,1A
21588,2148A,2025-09-26 00:00:00,1A
21589,0740,2025-09-26 00:00:00,1A
21590,2050,2025-09-26 00:00:00,1A
21591,2047,2025-09-26 00:00:00,1A
21592,4151,2025-09-26 00:00:00,1A
21593,4055,2025-09-26 00:00:00,1A
21594,2063A,2025-09-26 00:00:00,1A
21595,1015,2025-09-26 00:00:00,1A
21596,6021,2025-09-26 00:00:00,1A
21597,EMB 2,2025-09-26 00:00:00,1A
21598,2146,2025-09-26 00:00:00,1A
21599,2042,2025-09-26 00:00:00,1A
21600,0132,2025-09-26 00:00:00,1A
21601,2073,2025-09-26 00:00:00,1A
21602,1077A,2025-09-26 00:00:00,1A
21603,1090A,2025-09-26 00:00:00,1A
21604,4008,2025-09-26 00:00:00,1A
21605,5060,2025-09-26 00:00:00,1A
21606,5077,2025-09-26 00:00:00,1A
21607,7012,2025-09-26 00:00:00,1A
21608,7074,2025-09-26 00:00:00,1A
21609,7077,2025-09-26 00:00:00,1A
21610,7080,2025-09-26 00:00:00,1A
21611,8046,2025-09-26 00:00:00,1A
21612,8094,2025-09-26 00:00:00,1A
21613,1095A,2025-09-26 00:00:00,1A
21614,30212,2025-09-26 00:00:00,1A
21615,5030,2025-09-26 00:00:00,1A
21616,5146,2025-09-26 00:00:00,1A
21617,8010,2025-09-26 00:00:00,1A
21618,8028,2025-09-26 00:00:00,1A
21619,8045,2025-09-26 00:00:00,1A
21620,8060,2025-09-26 00:00:00,1A
21621,8062,2025-09-26 00:00:00,1A
21622,8076,2025-09-26 00:00:00,1A
21623,9058,2025-09-26 00:00:00,1A
21624,9099,2025-09-26 00:00:00,1A
21625,9125,2025-09-26 00:00:00,1A
21626,19,2025-09-26 00:00:00,1A
21627,9006,2025-09-26 00:00:00,1A
21628,9015,2025-09-26 00:00:00,1A
21629,9016,2025-09-26 00:00:00,1A
21630,9037,2025-09-26 00:00:00,1A
21631,9076,2025-09-26 00:00:00,1A
21632,9091,2025-09-26 00:00:00,1A
21633,9113,2025-09-26 00:00:00,1A
21634,9122,2025-09-26 00:00:00,1A
21635,0229,2025-09-26 00:00:00,1A
21636,0231A,2025-09-26 00:00:00,1A
21637,0240,2025-09-26 00:00:00,1A
21638,0241,2025-09-26 00:00:00,1A
21639,0252,2025-09-26 00:00:00,1A
21640,0270,2025-09-26 00:00:00,1A
21641,0272,2025-09-26 00:00:00,1A
21642,0284,2025-09-26 00:00:00,1A
21643,0297,2025-09-26 00:00:00,1A
21644,0298A,2025-09-26 00:00:00,1A
21645,0323,2025-09-26 00:00:00,1A
21646,0338,2025-09-26 00:00:00,1A
21647,0349,2025-09-26 00:00:00,1A
21648,2018,2025-09-26 00:00:00,1A
21649,1109B,2025-09-26 00:00:00,1A
21650,2035A,2025-09-26 00:00:00,1A
21651,1102,2025-09-26 00:00:00,1A
21652,10431,2025-09-26 00:00:00,1A
21653,1063,2025-09-26 00:00:00,1A
21654,1004,2025-09-26 00:00:00,1A
21655,1005,2025-09-26 00:00:00,1A
21656,0332,2025-09-26 00:00:00,1A
21657,2203,2025-09-26 00:00:00,1A
21658,1104A,2025-09-26 00:00:00,1A
21659,8063,2025-09-26 00:00:00,1A
21660,5079,2025-09-26 00:00:00,1A
21661,80882,2025-09-26 00:00:00,1A
21662,8017,2025-09-26 00:00:00,1A
21663,1105,2025-09-26 00:00:00,1A
21664,5629,2025-09-26 00:00:00,1A
21665,2095,2025-09-26 00:00:00,1A
21666,2201,2025-09-26 00:00:00,1A
21667,2111,2025-09-26 00:00:00,1A
21668,2108,2025-09-26 00:00:00,1A
21669,1091,2025-09-26 00:00:00,1A
21670,2030,2025-09-26 00:00:00,1A
21671,0306,2025-09-26 00:00:00,1A
21672,0312,2025-09-26 00:00:00,1A
21673,9500,2025-09-26 00:00:00,1A
21674,9501,2025-09-26 00:00:00,1A
21675,TSN01,2025-09-26 00:00:00,1A
21676,1015A,2025-09-26 00:00:00,1A
21677,8019,2025-09-26 00:00:00,1A
21678,EMB 5,2025-09-26 00:00:00,1A
21679,22172,2025-09-26 00:00:00,1A
21680,J420,2025-09-26 00:00:00,1A
21681,J01415,2025-09-26 00:00:00,1A
21682,J841,2025-09-26 00:00:00,1A
21683,J426,2025-09-26 00:00:00,1A
21684,24206B,2024-09-15 00:00:00,MUERTO
21686,2153,2025-09-27 00:00:00,MUERTO
21687,25227,2025-09-28 00:00:00,MUERTO
21688,0327,2025-09-29 00:00:00,1A
21689,25231,2025-09-29 00:00:00,CACH
21690,2023,2025-10-01 00:00:00,Mater
21691,0249,2025-10-01 00:00:00,Mater
21692,0246,2025-10-01 00:00:00,Mater
21693,0271,2025-10-01 00:00:00,Mater
21694,9053,2025-10-01 00:00:00,Mater
21695,8041,2025-10-01 00:00:00,Mater
21696,1032,2025-09-30 00:00:00,1A
21697,25232,2025-09-30 00:00:00,CACH
21698,25090,2025-10-01 00:00:00,MUERTO
21699,25233,2025-10-03 00:00:00,CACH
21700,02331,2025-10-03 00:00:00,1A
21701,4007,2025-10-06 00:00:00,1A
21702,2048,2025-10-06 00:00:00,1A
21703,25234,2025-10-06 00:00:00,CACH
21704,25235,2025-10-06 00:00:00,CACH
21705,BU2524,2025-09-25 00:00:00,C4
21706,BU2525,2025-09-26 00:00:00,C4
21707,BU2526,2025-10-03 00:00:00,C4
21708,4018,2025-09-26 00:00:00,1A
21709,20001,2025-09-28 00:00:00,1A
21710,25236,2025-09-28 00:00:00,CACH
21711,8041,2025-10-07 00:00:00,1A
21712,25237,2025-10-07 00:00:00,CACH
21713,25217,2025-10-09 00:00:00,MUERTO
21714,25185,2025-10-09 00:00:00,MUERTO
21715,2143,2025-10-10 00:00:00,2
21716,80472,2025-10-10 00:00:00,2
21717,91262,2025-10-10 00:00:00,2
21718,9007,2025-10-10 00:00:00,2
21719,1079,2025-10-10 00:00:00,2
21720,2039,2025-10-10 00:00:00,2
21721,0298,2025-10-10 00:00:00,2
21722,1078A,2025-10-10 00:00:00,2
21723,8036,2025-10-10 00:00:00,2
21724,5090,2025-10-10 00:00:00,2
21725,2220,2025-10-10 00:00:00,2
21726,J422,2025-10-10 00:00:00,Mater
21727,7022,2025-10-10 00:00:00,Mater
21728,25189,2025-10-13 00:00:00,MUERTO
21729,8006,2025-01-10 00:00:00,1A
21730,0246,2025-01-10 00:00:00,1A
21731,25238,2025-01-10 00:00:00,CACH
21732,25239,2025-01-10 00:00:00,CACH
21733,0206A,2025-10-13 00:00:00,Mater
21734,2103,2025-10-13 00:00:00,Mater
21735,0336,2025-10-13 00:00:00,Mater
21736,1088A,2025-10-13 00:00:00,Mater
21737,2052,2025-10-13 00:00:00,Mater
21738,7017,2025-10-13 00:00:00,Mater
21739,0258,2025-10-13 00:00:00,Mater
21740,2162,2025-10-13 00:00:00,Mater
21741,0111,2025-10-13 00:00:00,Mater
21742,22135,2025-10-13 00:00:00,Mater
21743,0132,2025-10-13 00:00:00,1
21744,0313,2025-10-14 00:00:00,MUERTO
21745,0208A,2025-10-08 00:00:00,1A
21746,J424,2025-10-08 00:00:00,1A
21747,1075,2025-10-08 00:00:00,1A
21748,0332,2025-10-08 00:00:00,3A
21749,EMB 2,2025-10-08 00:00:00,3A
21750,J841,2025-10-08 00:00:00,3A
21751,4055,2025-10-08 00:00:00,1B
21752,J426,2025-10-08 00:00:00,1B
21753,0132,2025-10-08 00:00:00,1B
21754,J01415,2025-10-08 00:00:00,1B
21755,1090A,2025-10-08 00:00:00,1B
21756,2063B,2025-10-08 00:00:00,1B
21757,4008,2025-10-08 00:00:00,1B
21758,2023,2025-10-14 00:00:00,1A
21759,9053,2025-10-14 00:00:00,1A
21760,25240,2025-10-14 00:00:00,CACH
21761,25241,2025-10-14 00:00:00,CACH
21762,0249,2025-10-15 00:00:00,1A
21763,0333,2025-10-15 00:00:00,1A
21764,25242,2025-10-15 00:00:00,CACH
21765,25243,2025-10-15 00:00:00,CACH
21767,BU2527,2025-10-14 00:00:00,C4
21768,34,2025-10-16 00:00:00,1A
21769,J422,2025-10-16 00:00:00,1A
21770,0278,2025-10-16 00:00:00,1A
21771,25244,2025-10-16 00:00:00,CACH
21772,25245,2025-10-16 00:00:00,MUERTO
21773,25246,2025-10-16 00:00:00,CACH
21774,0258,2025-10-19 00:00:00,1A
21775,1088A,2025-10-19 00:00:00,1A
21776,25247,2025-10-19 00:00:00,CACH
21777,25248,2025-10-19 00:00:00,CACH
21778,BU2527,2025-10-18 00:00:00,MUERTO
21779,BU2521,2025-09-25 00:00:00,MUERTO
21780,25225,2025-10-21 00:00:00,MUERTO
21781,2196A,2025-10-20 00:00:00,10A
21782,6043,2025-10-20 00:00:00,10A
21783,2171,2025-10-20 00:00:00,10A
21784,3021A,2025-10-20 00:00:00,10A
21785,3003A,2025-10-20 00:00:00,10A
21786,7028,2025-10-20 00:00:00,10A
21787,2133A,2025-10-20 00:00:00,10A
21788,SNA,2025-10-20 00:00:00,10A
21789,2148A,2025-10-20 00:00:00,10A
21790,0740,2025-10-20 00:00:00,10A
21791,4007,2025-10-20 00:00:00,10A
21792,2050,2025-10-20 00:00:00,10A
21793,2047,2025-10-20 00:00:00,10A
21794,4151,2025-10-20 00:00:00,10A
21795,2063A,2025-10-20 00:00:00,10A
21796,1015,2025-10-20 00:00:00,10A
21797,4018,2025-10-20 00:00:00,10A
21798,6021,2025-10-20 00:00:00,10A
21799,2048,2025-10-20 00:00:00,10A
21800,2146,2025-10-20 00:00:00,10A
21801,2042,2025-10-20 00:00:00,10A
21802,2073,2025-10-20 00:00:00,10A
21803,10391,2025-10-20 00:00:00,10A
21804,1077A,2025-10-20 00:00:00,10A
21805,4066,2025-10-20 00:00:00,10A
21806,5060,2025-10-20 00:00:00,10A
21807,5077,2025-10-20 00:00:00,10A
21808,7012,2025-10-20 00:00:00,10A
21809,7074,2025-10-20 00:00:00,10A
21810,7077,2025-10-20 00:00:00,10A
21811,7080,2025-10-20 00:00:00,10A
21812,8046,2025-10-20 00:00:00,10A
21813,8094,2025-10-20 00:00:00,10A
21814,1095A,2025-10-20 00:00:00,10A
21815,30212,2025-10-20 00:00:00,10A
21816,5030,2025-10-20 00:00:00,10A
21817,5146,2025-10-20 00:00:00,10A
21818,8010,2025-10-20 00:00:00,10A
21819,8028,2025-10-20 00:00:00,10A
21820,8041,2025-10-20 00:00:00,10A
21821,8045,2025-10-20 00:00:00,10A
21822,8060,2025-10-20 00:00:00,10A
21823,8062,2025-10-20 00:00:00,10A
21824,8076,2025-10-20 00:00:00,10A
21825,9058,2025-10-20 00:00:00,10A
21826,9099,2025-10-20 00:00:00,10A
21827,9125,2025-10-20 00:00:00,10A
21828,19,2025-10-20 00:00:00,10A
21829,9006,2025-10-20 00:00:00,10A
21830,9015,2025-10-20 00:00:00,10A
21831,9016,2025-10-20 00:00:00,10A
21832,9037,2025-10-20 00:00:00,10A
21833,9053,2025-10-20 00:00:00,10A
21834,9073,2025-10-20 00:00:00,10A
21835,9076,2025-10-20 00:00:00,10A
21836,9091,2025-10-20 00:00:00,10A
21837,9113,2025-10-20 00:00:00,10A
21838,9122,2025-10-20 00:00:00,10A
21839,0208A,2025-10-20 00:00:00,10A
21840,0229,2025-10-20 00:00:00,10A
21841,0231A,2025-10-20 00:00:00,10A
21842,02331,2025-10-20 00:00:00,10A
21843,0240,2025-10-20 00:00:00,10A
21844,0241,2025-10-20 00:00:00,10A
21845,0249,2025-10-20 00:00:00,10A
21846,0252,2025-10-20 00:00:00,10A
21847,0258,2025-10-20 00:00:00,10A
21848,0270,2025-10-20 00:00:00,10A
21849,0272,2025-10-20 00:00:00,10A
21850,0278,2025-10-20 00:00:00,10A
21851,0284,2025-10-20 00:00:00,10A
21852,0297,2025-10-20 00:00:00,10A
21853,0298A,2025-10-20 00:00:00,10A
21854,0323,2025-10-20 00:00:00,10A
21855,0327,2025-10-20 00:00:00,10A
21856,0333,2025-10-20 00:00:00,10A
21857,0338,2025-10-20 00:00:00,10A
21858,0349,2025-10-20 00:00:00,10A
21859,2018,2025-10-20 00:00:00,10A
21860,1109B,2025-10-20 00:00:00,10A
21861,2035A,2025-10-20 00:00:00,10A
21862,1102,2025-10-20 00:00:00,10A
21863,10431,2025-10-20 00:00:00,10A
21864,1063,2025-10-20 00:00:00,10A
21865,1004,2025-10-20 00:00:00,10A
21866,1075,2025-10-20 00:00:00,10A
21867,1032,2025-10-20 00:00:00,10A
21868,1005,2025-10-20 00:00:00,10A
21869,2037,2025-10-20 00:00:00,10A
21870,2203,2025-10-20 00:00:00,10A
21871,1104A,2025-10-20 00:00:00,10A
21872,8063,2025-10-20 00:00:00,10A
21873,5079,2025-10-20 00:00:00,10A
21874,80882,2025-10-20 00:00:00,10A
21875,8017,2025-10-20 00:00:00,10A
21876,1105,2025-10-20 00:00:00,10A
21877,5629,2025-10-20 00:00:00,10A
21878,2095,2025-10-20 00:00:00,10A
21879,2201,2025-10-20 00:00:00,10A
21880,2111,2025-10-20 00:00:00,10A
21881,2108,2025-10-20 00:00:00,10A
21882,1088A,2025-10-20 00:00:00,10A
21883,2023,2025-10-20 00:00:00,10A
21884,1091,2025-10-20 00:00:00,10A
21885,2030,2025-10-20 00:00:00,10A
21886,0306,2025-10-20 00:00:00,10A
21887,0312,2025-10-20 00:00:00,10A
21888,9500,2025-10-20 00:00:00,10A
21889,9501,2025-10-20 00:00:00,10A
21890,TSN01,2025-10-20 00:00:00,10A
21891,34,2025-10-20 00:00:00,10A
21892,1015A,2025-10-20 00:00:00,10A
21893,8019,2025-10-20 00:00:00,10A
21894,EMB 5,2025-10-20 00:00:00,10A
21895,22172,2025-10-20 00:00:00,10A
21896,J420,2025-10-20 00:00:00,10A
21897,J422,2025-10-20 00:00:00,10A
21898,J424,2025-10-20 00:00:00,10A
21899,20001,2025-10-20 00:00:00,10A
21900,0206A,2025-10-21 00:00:00,10A
21901,25249,2025-10-21 00:00:00,CACH
21902,0139,2025-10-21 00:00:00,MAR2
21903,0294,2025-10-21 00:00:00,MAR2
21904,0299C,2025-10-21 00:00:00,MAR2
21905,0302,2025-10-21 00:00:00,MAR2
21906,0320,2025-10-21 00:00:00,MAR2
21907,1109A,2025-10-21 00:00:00,MAR2
21908,1139A,2025-10-21 00:00:00,MAR2
21909,2021,2025-10-21 00:00:00,MAR2
21910,2096,2025-10-21 00:00:00,MAR2
21911,3028A,2025-10-21 00:00:00,MAR2
21912,5082,2025-10-21 00:00:00,MAR2
21913,60286,2025-10-21 00:00:00,MAR2
21914,7032,2025-10-21 00:00:00,MAR2
21915,7066,2025-10-21 00:00:00,MAR2
21916,7067,2025-10-21 00:00:00,MAR2
21917,8072,2025-10-21 00:00:00,MAR2
21918,3119,2025-10-21 00:00:00,MAR2
21919,2063B,2025-10-21 00:00:00,MAR2
21920,8063,2025-10-21 00:00:00,MAR2
21921,4A,2025-10-21 00:00:00,MAR2
21922,SNA,2025-10-21 00:00:00,MAR2
21923,25144,2025-10-21 00:00:00,CACH
21924,24248,2025-10-23 00:00:00,10B
21925,24282,2025-10-23 00:00:00,10B
21926,J25001,2025-10-23 00:00:00,10B
21927,25012,2025-10-23 00:00:00,10B
21928,25020,2025-10-23 00:00:00,10B
21929,25022,2025-10-23 00:00:00,10B
21930,25024,2025-10-23 00:00:00,10B
21931,25027,2025-10-23 00:00:00,10B
21932,25030,2025-10-23 00:00:00,10B
21933,J25031,2025-10-23 00:00:00,10B
21934,25034,2025-10-23 00:00:00,10B
21935,25036,2025-10-23 00:00:00,10B
21936,25040,2025-10-23 00:00:00,10B
21937,J25049,2025-10-23 00:00:00,10B
21938,25050,2025-10-23 00:00:00,10B
21939,25052,2025-10-23 00:00:00,10B
21940,25053,2025-10-23 00:00:00,10B
21941,25054,2025-10-23 00:00:00,10B
21942,25056,2025-10-23 00:00:00,10B
21943,25055,2025-10-23 00:00:00,10B
21944,25058,2025-10-23 00:00:00,10B
21945,25059,2025-10-23 00:00:00,10B
21946,25061,2025-10-23 00:00:00,10B
21947,25066,2025-10-23 00:00:00,10B
21948,25067,2025-10-23 00:00:00,10B
21949,25068,2025-10-23 00:00:00,10B
21950,25069,2025-10-23 00:00:00,10B
21951,25074,2025-10-23 00:00:00,10B
21952,J25002,2025-10-23 00:00:00,10B
21953,25075,2025-10-23 00:00:00,10B
21954,25076,2025-10-23 00:00:00,10B
21955,25082,2025-10-23 00:00:00,10B
21956,25088,2025-10-23 00:00:00,10B
21957,25089,2025-10-23 00:00:00,10B
21958,25100,2025-10-23 00:00:00,10B
21959,25101,2025-10-23 00:00:00,10B
21960,25102,2025-10-23 00:00:00,10B
21961,25107,2025-10-23 00:00:00,10B
21962,25109,2025-10-23 00:00:00,10B
21963,25112,2025-10-23 00:00:00,10B
21964,25116,2025-10-23 00:00:00,10B
21965,25126,2025-10-23 00:00:00,10B
21966,25129,2025-10-23 00:00:00,10B
21967,25130,2025-10-23 00:00:00,10B
21968,25134,2025-10-23 00:00:00,10B
21969,25135,2025-10-23 00:00:00,10B
21970,25121,2025-10-23 00:00:00,10B
21971,25139,2025-10-23 00:00:00,10B
21972,25141,2025-10-23 00:00:00,10B
21973,25142,2025-10-23 00:00:00,10B
21974,25145,2025-10-23 00:00:00,10B
21975,25155,2025-10-23 00:00:00,10B
21976,25158,2025-10-23 00:00:00,10B
21977,25159,2025-10-23 00:00:00,10B
21978,25166,2025-10-23 00:00:00,10B
21979,25167,2025-10-23 00:00:00,10B
21980,J25132,2025-10-23 00:00:00,10B
21981,25184,2025-10-23 00:00:00,10B
21982,25190,2025-10-23 00:00:00,10B
21983,25221,2025-10-23 00:00:00,10B
21984,24204,2025-10-23 00:00:00,10B
21985,24269,2025-10-23 00:00:00,10B
21986,25108,2025-10-23 00:00:00,10B
21987,24290,2025-10-23 00:00:00,10B
21988,24259,2025-10-23 00:00:00,10B
21989,24285,2025-10-23 00:00:00,10B
21990,25045,2025-10-23 00:00:00,10B
21991,24251,2025-10-23 00:00:00,10B
21992,24250,2025-10-23 00:00:00,10B
21993,24300,2025-10-23 00:00:00,10B
21994,24287,2025-10-23 00:00:00,10B
21995,2103,2025-10-24 00:00:00,10A
21996,25250,2025-10-24 00:00:00,CACH
21997,25238,2025-10-24 00:00:00,MUERTO
21999,1216,2025-10-27 00:00:00,MUERTO
22000,0332,2025-10-27 00:00:00,2
22001,8082,2025-10-27 00:00:00,2
22002,91171,2025-10-27 00:00:00,2
22003,2066,2025-10-27 00:00:00,2
22004,3132,2025-10-27 00:00:00,2
22005,8089,2025-10-27 00:00:00,2
22006,4035,2025-10-27 00:00:00,2
22007,7087,2025-10-27 00:00:00,2
22008,2208A,2025-10-27 00:00:00,2
22009,0270,2025-10-27 00:00:00,2
22010,0229,2025-10-27 00:00:00,2
22011,1066,2025-10-27 00:00:00,2
22012,31102,2025-10-27 00:00:00,2
22013,24251,2025-10-23 00:00:00,10B
22014,25210,2025-10-23 00:00:00,10B
22015,25070,2025-10-23 00:00:00,SERVICIO
22016,25099,2025-10-23 00:00:00,SERVICIO
22017,25114,2025-10-23 00:00:00,SERVICIO
22018,25124,2025-10-23 00:00:00,SERVICIO
22019,25143,2025-10-23 00:00:00,SERVICIO
22020,25154,2025-10-23 00:00:00,SERVICIO
22021,25161,2025-10-23 00:00:00,SERVICIO
22022,25186,2025-10-23 00:00:00,SERVICIO
22023,25201,2025-10-23 00:00:00,SERVICIO
22024,25238,2025-10-23 00:00:00,SERVICIO
22025,25246,2025-10-23 00:00:00,SERVICIO
22026,25175,2025-10-23 00:00:00,10B
22027,2107,2025-10-23 00:00:00,10B
22028,24091,2025-10-30 00:00:00,C4
22029,24171,2025-10-30 00:00:00,C4
22030,24184,2025-10-30 00:00:00,C4
22031,24247,2025-10-30 00:00:00,C4
22032,24249,2025-10-30 00:00:00,C4
22033,24264,2025-10-30 00:00:00,C4
22034,24268,2025-10-30 00:00:00,C4
22035,24271,2025-10-30 00:00:00,C4
22036,24274,2025-10-30 00:00:00,C4
22037,24276,2025-10-30 00:00:00,C4
22038,24279,2025-10-30 00:00:00,C4
22039,24288,2025-10-30 00:00:00,C4
22040,24302,2025-10-30 00:00:00,C4
22041,24303,2025-10-30 00:00:00,C4
22042,24308,2025-10-30 00:00:00,C4
22043,25003,2025-10-30 00:00:00,C4
22044,25006,2025-10-30 00:00:00,C4
22045,25010,2025-10-30 00:00:00,C4
22046,25011,2025-10-30 00:00:00,C4
22047,25013,2025-10-30 00:00:00,C4
22048,25015,2025-10-30 00:00:00,C4
22049,25016,2025-10-30 00:00:00,C4
22050,25025,2025-10-30 00:00:00,C4
22051,25032,2025-10-30 00:00:00,C4
22052,25038,2025-10-30 00:00:00,C4
22053,25041,2025-10-30 00:00:00,C4
22054,25042,2025-10-30 00:00:00,C4
22055,25043,2025-10-30 00:00:00,C4
22056,25044,2025-10-30 00:00:00,C4
22057,25051,2025-10-30 00:00:00,C4
22058,25080,2025-10-30 00:00:00,C4
22059,pend49,2025-10-30 00:00:00,C4
22060,24282,2025-10-30 00:00:00,C4
22061,j25001,2025-10-30 00:00:00,C4
22062,24269,2025-10-30 00:00:00,C4
22063,0101,2025-10-29 00:00:00,2
22064,0143,2025-10-29 00:00:00,2
22065,0303,2025-10-29 00:00:00,2
22066,0307,2025-10-29 00:00:00,2
22067,0310,2025-10-29 00:00:00,2
22068,0314,2025-10-29 00:00:00,2
22069,0330A,2025-10-29 00:00:00,2
22070,0342,2025-10-29 00:00:00,2
22071,1103,2025-10-29 00:00:00,2
22072,1501,2025-10-29 00:00:00,2
22073,2060,2025-10-29 00:00:00,SERVICIO
22074,2065,2025-10-29 00:00:00,SERVICIO
22075,2080,2025-10-29 00:00:00,SERVICIO
22076,2109,2025-10-29 00:00:00,2
22077,2110,2025-10-29 00:00:00,2
22078,22112,2025-10-29 00:00:00,2
22079,22160,2025-10-29 00:00:00,2
22080,22216,2025-10-29 00:00:00,SERVICIO
22081,23154,2025-10-29 00:00:00,SERVICIO
22083,24306,2025-10-29 00:00:00,SERVICIO
22084,25014,2025-10-29 00:00:00,SERVICIO
22085,25083,2025-10-29 00:00:00,SERVICIO
22086,25085,2025-10-29 00:00:00,SERVICIO
22087,25151,2025-10-29 00:00:00,SERVICIO
22088,25175,2025-10-29 00:00:00,SERVICIO
22089,4048,2025-10-29 00:00:00,2
22090,4076,2025-10-29 00:00:00,2
22091,4172,2025-10-29 00:00:00,SERVICIO
22092,5592,2025-10-29 00:00:00,SERVICIO
22093,5638,2025-10-29 00:00:00,SERVICIO
22094,8005,2025-10-29 00:00:00,2
22095,8085,2025-10-29 00:00:00,SERVICIO
22096,8093,2025-10-29 00:00:00,2
22097,22131,2025-10-29 00:00:00,2
22098,0206A,2025-10-29 00:00:00,10A
22099,25177,2025-10-29 00:00:00,MG
22100,24248,2025-10-29 00:00:00,MG
22101,24251,2025-10-29 00:00:00,MG
22102,7022,2025-10-26 00:00:00,10A
22103,7017,2025-10-26 00:00:00,10A
22104,4072,2025-10-29 00:00:00,10A
22105,9020,2025-10-29 00:00:00,10A
22106,9116B,2025-10-29 00:00:00,10A
22107,3026A,2025-10-29 00:00:00,10A
22108,2052,2025-10-29 00:00:00,10A
22109,2080,2025-10-30 00:00:00,10A
22110,2007,2025-10-30 00:00:00,10A
22111,9126A,2025-10-30 00:00:00,10A
22112,0206B,2025-10-31 00:00:00,10A
22113,4109,2025-10-31 00:00:00,10A
22114,9104,2025-10-31 00:00:00,10A
22116,25251,2025-10-26 00:00:00,CACH
22117,25252,2025-10-26 00:00:00,CACH
22118,25253,2025-10-29 00:00:00,CACH
22119,25254,2025-10-29 00:00:00,CACH
22120,25255,2025-10-29 00:00:00,CACH
22121,25256,2025-10-29 00:00:00,CACH
22122,25257,2025-10-29 00:00:00,CACH
22123,25258,2025-10-30 00:00:00,CACH
22124,25259,2025-10-30 00:00:00,CACH
22125,25260,2025-10-30 00:00:00,CACH
22126,25261,2025-10-31 00:00:00,CACH
22127,25262,2025-10-31 00:00:00,CACH
22128,25263,2025-10-31 00:00:00,CACH
22129,BU2528,2025-10-29 00:00:00,C4
22130,SNA,2025-10-29 00:00:00,MUERTO
22131,BU331,2025-11-01 00:00:00,MUERTO
22132,25251,2025-10-27 00:00:00,MUERTO
22133,24139,2025-10-30 00:00:00,NINGUNO
22134,0271,2025-11-02 00:00:00,10A
22135,25264,2025-11-02 00:00:00,CACH
22136,BU2529,2025-11-03 00:00:00,C4
22137,24137,2025-10-28 00:00:00,C4
22138,24207,2025-10-28 00:00:00,C4
22139,24220,2025-10-28 00:00:00,C4
22140,24222,2025-10-28 00:00:00,C4
22141,24177,2025-10-28 00:00:00,C4
22142,24202,2025-10-28 00:00:00,C4
22143,24185,2025-10-28 00:00:00,C4
22144,24151,2025-10-28 00:00:00,C4
22145,24200,2025-10-28 00:00:00,C4
22146,24246,2025-10-28 00:00:00,C4
22147,24127,2025-10-28 00:00:00,C4
22148,24298,2025-10-28 00:00:00,C4
22149,24234,2025-10-28 00:00:00,C4
22150,24188,2025-10-28 00:00:00,C4
22151,24164,2025-10-28 00:00:00,C4
22152,24147,2025-10-28 00:00:00,C4
22153,24230,2025-10-28 00:00:00,C4
22154,24109,2025-10-28 00:00:00,C4
22155,24140,2025-10-28 00:00:00,C4
22156,24194,2025-10-28 00:00:00,C4
22157,23239,2025-10-28 00:00:00,C4
22158,24167,2025-10-28 00:00:00,C4
22159,24117,2025-10-28 00:00:00,C4
22160,24232,2025-10-28 00:00:00,C4
22161,23236,2025-10-28 00:00:00,C4
22162,24244,2025-10-28 00:00:00,C4
22163,24056,2025-10-28 00:00:00,C4
22164,BU073,2025-10-28 00:00:00,C4
22165,22105,2025-11-04 00:00:00,CACH
22256,BU01251,2025-10-29 00:00:00,CACH
22257,BU2530,2025-11-05 00:00:00,C4
22259,8011,2025-10-30 00:00:00,2
22260,24123,2025-11-06 00:00:00,C4
22261,24193,2025-11-06 00:00:00,C4
22262,25001,2025-11-06 00:00:00,C4
22263,24209,2025-11-06 00:00:00,C4
22264,24143,2025-11-06 00:00:00,C4
22265,24155,2025-11-06 00:00:00,C4
22266,24018,2025-11-06 00:00:00,C4
22267,24238,2025-11-06 00:00:00,C4
22268,24069,2025-11-06 00:00:00,C4
22269,24292,2025-11-06 00:00:00,C4
22270,24174,2025-11-06 00:00:00,C4
22271,24156,2025-11-06 00:00:00,C4
22272,24080,2025-11-06 00:00:00,C4
22273,24133,2025-11-06 00:00:00,C4
22274,24213,2025-11-06 00:00:00,C4
22275,24135,2025-11-06 00:00:00,C4
22276,24291,2025-11-06 00:00:00,C4
22277,24216,2025-11-06 00:00:00,C4
22278,24284,2025-11-06 00:00:00,C4
22279,24240,2025-11-06 00:00:00,C4
22280,24118,2025-11-06 00:00:00,C4
22281,25017,2025-11-06 00:00:00,C4
22282,25035,2025-11-06 00:00:00,C4
22283,24260,2025-11-06 00:00:00,C4
22284,24239,2025-11-06 00:00:00,C4
22285,25014,2025-11-06 00:00:00,C4
22286,24023,2025-11-06 00:00:00,C4
22287,24032,2025-11-06 00:00:00,C4
22288,24256,2025-11-06 00:00:00,C4
22289,24235,2025-11-06 00:00:00,C4
22290,0342,2025-11-06 00:00:00,1A
22291,8005,2025-11-06 00:00:00,1A
22292,25265,2025-11-06 00:00:00,CACH
22293,25266,2025-11-06 00:00:00,CACH
22297,25267,2025-11-06 00:00:00,CACH
22298,25268,2025-11-06 00:00:00,CACH
22299,25269,2025-11-09 00:00:00,CACH
22300,23206,2025-11-06 00:00:00,MUERTO
22301,25202,2025-11-06 00:00:00,MUERTO
22302,25264,2025-11-09 00:00:00,MUERTO
22303,1026,2025-11-10 00:00:00,MUERTO
22304,1048,2025-11-10 00:00:00,MUERTO
22305,1076,2025-11-10 00:00:00,MUERTO
22306,2054,2025-11-10 00:00:00,MUERTO
22307,0246,2025-10-10 00:00:00,1A
22308,0246,2025-10-20 00:00:00,10A
22309,22198,2025-11-11 00:00:00,4
22310,7080,2025-11-11 00:00:00,4
22311,8085,2025-11-11 00:00:00,4
22312,2107,2025-11-11 00:00:00,4
22313,0205,2025-11-11 00:00:00,2
22314,0344,2025-11-11 00:00:00,2
22315,0354,2025-11-11 00:00:00,2
22316,1074,2025-11-11 00:00:00,2
22317,1117,2025-11-11 00:00:00,2
22318,1310,2025-11-11 00:00:00,2
22319,2002,2025-11-11 00:00:00,2
22320,2019,2025-11-11 00:00:00,2
22321,20334,2025-11-11 00:00:00,2
22322,2083,2025-11-11 00:00:00,2
22323,2087,2025-11-11 00:00:00,2
22324,2088B,2025-11-11 00:00:00,2
22325,2096A,2025-11-11 00:00:00,2
22326,20971,2025-11-11 00:00:00,2
22327,2145,2025-11-11 00:00:00,2
22328,2202,2025-11-11 00:00:00,2
22329,22085,2025-11-11 00:00:00,2
22330,22116,2025-11-11 00:00:00,2
22331,22119,2025-11-11 00:00:00,2
22332,22139,2025-11-11 00:00:00,2
22333,22142,2025-11-11 00:00:00,2
22334,22151,2025-11-11 00:00:00,2
22335,2218,2025-11-11 00:00:00,2
22336,22180,2025-11-11 00:00:00,2
22337,2500,2025-11-11 00:00:00,2
22338,4034,2025-11-11 00:00:00,2
22339,4099,2025-11-11 00:00:00,2
22340,5007,2025-11-11 00:00:00,2
22341,50741,2025-11-11 00:00:00,2
22342,8014,2025-11-11 00:00:00,2
22343,9051,2025-11-11 00:00:00,2
22344,9100,2025-11-11 00:00:00,2
22345,9128B,2025-11-11 00:00:00,2
22346,9503,2025-11-11 00:00:00,2
22347,pend24,2025-11-11 00:00:00,2
22348,21027,2025-11-11 00:00:00,MAR2
22349,2149A,2025-11-11 00:00:00,MAR2
22350,3043,2025-11-11 00:00:00,MAR2
22351,40072,2025-11-11 00:00:00,MAR2
22352,6050,2025-11-11 00:00:00,MAR2
22353,8067,2025-11-11 00:00:00,MAR2
22354,1090A,2025-11-11 00:00:00,MAR2
22355,4066,2025-11-11 00:00:00,4
22356,4055,2025-11-11 00:00:00,4
22357,1077A,2025-11-11 00:00:00,4
22358,2037,2025-11-11 00:00:00,4
22359,8060,2025-11-11 00:00:00,4
22360,0349,2025-11-11 00:00:00,4
22361,9122,2025-11-11 00:00:00,4
22362,0246,2025-11-11 00:00:00,4
22363,25226,2025-11-11 00:00:00,4
22364,25206,2025-11-11 00:00:00,4
22365,25210,2025-11-11 00:00:00,4
22366,25229,2025-11-11 00:00:00,4
22367,25203,2025-11-11 00:00:00,4
22368,25223,2025-11-11 00:00:00,4
22369,25222,2025-11-11 00:00:00,4
22370,25239,2025-11-11 00:00:00,4
22371,2196A,2025-11-05 00:00:00,1A
22372,6043,2025-11-05 00:00:00,1A
22373,2171,2025-11-05 00:00:00,1A
22374,3021A,2025-11-05 00:00:00,1A
22375,3003A,2025-11-05 00:00:00,1A
22376,7028,2025-11-05 00:00:00,1A
22377,2133A,2025-11-05 00:00:00,1A
22378,2148A,2025-11-05 00:00:00,1A
22379,0740,2025-11-05 00:00:00,1A
22380,3026A,2025-11-05 00:00:00,1A
22381,4007,2025-11-05 00:00:00,1A
22382,2050,2025-11-05 00:00:00,1A
22383,2047,2025-11-05 00:00:00,1A
22384,4151,2025-11-05 00:00:00,1A
22385,2063A,2025-11-05 00:00:00,1A
22386,1015,2025-11-05 00:00:00,1A
22387,4018,2025-11-05 00:00:00,1A
22388,6021,2025-11-05 00:00:00,1A
22389,2048,2025-11-05 00:00:00,1A
22390,2146,2025-11-05 00:00:00,1A
22391,2042,2025-11-05 00:00:00,1A
22392,2073,2025-11-05 00:00:00,1A
22393,10391,2025-11-05 00:00:00,1A
22394,4109,2025-11-05 00:00:00,1A
22395,5060,2025-11-05 00:00:00,1A
22396,5077,2025-11-05 00:00:00,1A
22397,7012,2025-11-05 00:00:00,1A
22398,7074,2025-11-05 00:00:00,1A
22399,7077,2025-11-05 00:00:00,1A
22400,8046,2025-11-05 00:00:00,1A
22401,8094,2025-11-05 00:00:00,1A
22402,1095A,2025-11-05 00:00:00,1A
22403,30212,2025-11-05 00:00:00,1A
22404,5030,2025-11-05 00:00:00,1A
22405,5146,2025-11-05 00:00:00,1A
22406,7022,2025-11-05 00:00:00,1A
22407,8010,2025-11-05 00:00:00,1A
22408,8028,2025-11-05 00:00:00,1A
22409,8041,2025-11-05 00:00:00,1A
22410,8045,2025-11-05 00:00:00,1A
22411,8062,2025-11-05 00:00:00,1A
22412,8076,2025-11-05 00:00:00,1A
22413,9058,2025-11-05 00:00:00,1A
22414,9099,2025-11-05 00:00:00,1A
22415,9104,2025-11-05 00:00:00,1A
22416,9125,2025-11-05 00:00:00,1A
22417,19,2025-11-05 00:00:00,1A
22418,9006,2025-11-05 00:00:00,1A
22419,9015,2025-11-05 00:00:00,1A
22420,9016,2025-11-05 00:00:00,1A
22421,9037,2025-11-05 00:00:00,1A
22422,9053,2025-11-05 00:00:00,1A
22423,9073,2025-11-05 00:00:00,1A
22424,9076,2025-11-05 00:00:00,1A
22425,9091,2025-11-05 00:00:00,1A
22426,9113,2025-11-05 00:00:00,1A
22427,9116B,2025-11-05 00:00:00,1A
22428,9126A,2025-11-05 00:00:00,1A
22429,0111,2025-11-05 00:00:00,1A
22430,0206A,2025-11-05 00:00:00,1A
22431,0206B,2025-11-05 00:00:00,1A
22432,0208A,2025-11-05 00:00:00,1A
22433,0231A,2025-11-05 00:00:00,1A
22434,02331,2025-11-05 00:00:00,1A
22435,0240,2025-11-05 00:00:00,1A
22436,0241,2025-11-05 00:00:00,1A
22437,0249,2025-11-05 00:00:00,1A
22438,0252,2025-11-05 00:00:00,1A
22439,0258,2025-11-05 00:00:00,1A
22440,0269,2025-11-05 00:00:00,1A
22441,0272,2025-11-05 00:00:00,1A
22442,0278,2025-11-05 00:00:00,1A
22443,0284,2025-11-05 00:00:00,1A
22444,0297,2025-11-05 00:00:00,1A
22445,0298A,2025-11-05 00:00:00,1A
22446,0323,2025-11-05 00:00:00,1A
22447,0327,2025-11-05 00:00:00,1A
22448,0333,2025-11-05 00:00:00,1A
22449,0336,2025-11-05 00:00:00,1A
22450,0338,2025-11-05 00:00:00,1A
22451,2018,2025-11-05 00:00:00,1A
22452,1109B,2025-11-05 00:00:00,1A
22453,2035A,2025-11-05 00:00:00,1A
22454,0271,2025-11-05 00:00:00,1A
22455,9020,2025-11-05 00:00:00,1A
22456,1102,2025-11-05 00:00:00,1A
22457,10431,2025-11-05 00:00:00,1A
22458,2007,2025-11-05 00:00:00,1A
22459,1063,2025-11-05 00:00:00,1A
22460,1004,2025-11-05 00:00:00,1A
22461,1075,2025-11-05 00:00:00,1A
22462,1032,2025-11-05 00:00:00,1A
22463,1005,2025-11-05 00:00:00,1A
22464,2203,2025-11-05 00:00:00,1A
22465,2052,2025-11-05 00:00:00,1A
22466,1104A,2025-11-05 00:00:00,1A
22467,2080,2025-11-05 00:00:00,1A
22468,5079,2025-11-05 00:00:00,1A
22469,4072,2025-11-05 00:00:00,1A
22470,80882,2025-11-05 00:00:00,1A
22471,8017,2025-11-05 00:00:00,1A
22472,7017,2025-11-05 00:00:00,1A
22473,1105,2025-11-05 00:00:00,1A
22474,5629,2025-11-05 00:00:00,1A
22475,2095,2025-11-05 00:00:00,1A
22476,2201,2025-11-05 00:00:00,1A
22477,2111,2025-11-05 00:00:00,1A
22478,2103,2025-11-05 00:00:00,1A
22479,2108,2025-11-05 00:00:00,1A
22480,1088A,2025-11-05 00:00:00,1A
22481,2023,2025-11-05 00:00:00,1A
22482,1091,2025-11-05 00:00:00,1A
22483,2030,2025-11-05 00:00:00,1A
22484,0306,2025-11-05 00:00:00,1A
22485,0312,2025-11-05 00:00:00,1A
22486,9500,2025-11-05 00:00:00,1A
22487,9501,2025-11-05 00:00:00,1A
22488,TSN01,2025-11-05 00:00:00,1A
22489,34,2025-11-05 00:00:00,1A
22490,1015A,2025-11-05 00:00:00,1A
22491,8019,2025-11-05 00:00:00,1A
22492,EMB 5,2025-11-05 00:00:00,1A
22493,22172,2025-11-05 00:00:00,1A
22495,J420,2025-11-05 00:00:00,1A
22496,J422,2025-11-05 00:00:00,1A
22497,J424,2025-11-05 00:00:00,1A
22498,20001,2025-11-05 00:00:00,1A
22499,3015,2025-11-12 00:00:00,1B
22500,91172,2025-11-11 00:00:00,1A
22501,0352,2025-11-11 00:00:00,1A
22502,4100,2025-11-11 00:00:00,1A
22503,9046,2025-09-20 00:00:00,2
22504,25270,2025-11-11 00:00:00,CACH
22505,25271,2025-11-11 00:00:00,CACH
22506,25272,2025-11-11 00:00:00,CACH
22507,25273,2025-09-20 00:00:00,CACH
22508,BU2531,2025-11-11 00:00:00,C4
22509,BU2532,2025-11-12 00:00:00,C4
22510,10391,2025-11-12 00:00:00,2
22511,4172,2025-11-12 00:00:00,2
22512,5679,2025-11-12 00:00:00,2
22513,7092,2025-11-12 00:00:00,2
22514,8054,2025-11-12 00:00:00,2
22515,9023,2025-11-12 00:00:00,2
22516,J422,2025-11-12 00:00:00,2
22517,pend41,2025-11-12 00:00:00,2
22518,9046,2025-11-12 00:00:00,CACH
22519,24306,2025-11-12 00:00:00,CACH
22520,J426,2025-11-12 00:00:00,2
22521,8030,2025-11-12 00:00:00,2
22522,6042,2025-11-12 00:00:00,2
22523,0234,2025-11-12 00:00:00,2
22524,3501,2025-11-12 00:00:00,CACH
22525,3504,2025-11-12 00:00:00,CACH
22526,4501,2025-11-12 00:00:00,CACH
22527,0101,2025-11-12 00:00:00,Mater
22528,0107,2025-11-12 00:00:00,Mater
22529,0330A,2025-11-12 00:00:00,Mater
22531,2036,2025-11-12 00:00:00,Mater
22532,2137,2025-11-12 00:00:00,Mater
22533,2143,2025-11-12 00:00:00,Mater
22534,22186,2025-11-12 00:00:00,Mater
22535,3066B,2025-11-12 00:00:00,Mater
22536,5144,2025-11-12 00:00:00,Mater
22537,80121,2025-11-12 00:00:00,Mater
22538,80272,2025-11-12 00:00:00,Mater
22539,8061,2025-11-12 00:00:00,Mater
22540,8026,2025-11-12 00:00:00,CACH
22541,25274,2025-11-11 00:00:00,CACH
22542,1045,2025-11-11 00:00:00,1A
22543,25252,2025-11-13 00:00:00,MUERTO
22544,9104,2025-11-14 00:00:00,CACH
22545,24197,2025-11-11 00:00:00,C4
22546,24189,2025-11-11 00:00:00,C4
22547,24078,2025-11-11 00:00:00,C4
22548,23216,2025-11-11 00:00:00,C4
22549,24159,2025-11-11 00:00:00,C4
22550,24237,2025-11-11 00:00:00,C4
22551,24242,2025-11-11 00:00:00,C4
22552,24196,2025-11-11 00:00:00,C4
22553,24123,2025-11-11 00:00:00,C4
22554,25033,2025-11-11 00:00:00,C4
22555,24243,2025-11-11 00:00:00,C4
22556,24132,2025-11-11 00:00:00,C4
22557,24130,2025-11-11 00:00:00,C4
22558,24211,2025-11-11 00:00:00,C4
22559,24273,2025-11-11 00:00:00,C4
22560,24186,2025-11-11 00:00:00,C4
22561,24307,2025-11-11 00:00:00,C4
22562,25029,2025-11-11 00:00:00,C4
22563,24036,2025-11-11 00:00:00,C4
22564,24195,2025-11-11 00:00:00,C4
22565,24146,2025-11-11 00:00:00,C4
22566,24283,2025-11-11 00:00:00,C4
22567,24219,2025-11-11 00:00:00,C4
22568,24270,2025-11-11 00:00:00,C4
22569,3015,2025-11-16 00:00:00,MUERTO
22570,0740,2025-11-16 00:00:00,MUERTO
22571,0353,2025-11-14 00:00:00,1A
22572,8077,2025-11-14 00:00:00,1A
22573,25275,2025-11-14 00:00:00,CACH
22574,25276,2025-11-14 00:00:00,CACH
22575,24221,2025-11-11 00:00:00,C4
22576,24178,2025-11-11 00:00:00,C4
22577,25005,2025-11-19 00:00:00,10B
22578,25039,2025-11-19 00:00:00,10B
22579,25070,2025-11-19 00:00:00,10B
22580,25095,2025-11-19 00:00:00,10B
22581,25099,2025-11-19 00:00:00,10B
22582,25124,2025-11-19 00:00:00,10B
22583,25144,2025-11-19 00:00:00,10B
22584,24136,2025-11-19 00:00:00,10B
22585,25037,2025-11-19 00:00:00,10B
22586,25164,2025-11-19 00:00:00,10B
22587,2180A,2025-11-12 00:00:00,1A
22588,22169A,2025-11-21 00:00:00,VAQ
22589,0298A,2025-11-19 00:00:00,1A
22590,4072,2025-11-19 00:00:00,1A
22591,6021,2025-11-19 00:00:00,1A
22592,3003A,2025-11-19 00:00:00,1A
22593,2080,2025-11-19 00:00:00,1A
22594,4018,2025-11-19 00:00:00,1A
22595,9076,2025-11-19 00:00:00,1A
22596,2063A,2025-11-19 00:00:00,1A
22597,7074,2025-11-19 00:00:00,1A
22598,0240,2025-11-19 00:00:00,1A
22599,0206A,2025-11-19 00:00:00,1A
22600,10431,2025-11-19 00:00:00,1A
22601,0327,2025-11-19 00:00:00,1A
22602,8062,2025-11-19 00:00:00,1A
22603,2148A,2025-11-19 00:00:00,1A
22604,91172,2025-11-19 00:00:00,1A
22605,9116B,2025-11-19 00:00:00,1A
22606,9037,2025-11-19 00:00:00,1A
22607,7028,2025-11-19 00:00:00,1A
22608,9073,2025-11-19 00:00:00,1A
22609,9091,2025-11-19 00:00:00,1A
22610,80882,2025-11-19 00:00:00,1A
22611,0252,2025-11-19 00:00:00,1A
22612,0269,2025-11-19 00:00:00,1A
22613,30212,2025-11-19 00:00:00,1A
22614,0306,2025-11-19 00:00:00,1A
22615,0241,2025-11-19 00:00:00,1A
22616,0338,2025-11-19 00:00:00,1A
22617,34,2025-11-19 00:00:00,1A
22618,8045,2025-11-19 00:00:00,1A
22619,0284,2025-11-19 00:00:00,1A
22620,9125,2025-11-19 00:00:00,1A
22621,5077,2025-11-19 00:00:00,1A
22622,7022,2025-11-19 00:00:00,1A
22623,8005,2025-11-19 00:00:00,1A
22624,0272,2025-11-19 00:00:00,1A
22625,4151,2025-11-19 00:00:00,1A
22626,19,2025-11-19 00:00:00,1A
22627,2146,2025-11-19 00:00:00,1A
22628,0249,2025-11-19 00:00:00,1A
22629,3021A,2025-11-19 00:00:00,1A
22630,1063,2025-11-19 00:00:00,1A
22631,7017,2025-11-19 00:00:00,1A
22632,2047,2025-11-19 00:00:00,1A
22633,0336,2025-11-19 00:00:00,1A
22634,5030,2025-11-19 00:00:00,1A
22635,1095A,2025-11-19 00:00:00,1A
22636,2095,2025-11-19 00:00:00,1A
22637,9113,2025-11-19 00:00:00,1A
22638,2171,2025-11-19 00:00:00,1A
22639,2073,2025-11-19 00:00:00,1A
22640,2203,2025-11-19 00:00:00,1A
22641,0342,2025-11-19 00:00:00,1A
22642,0323,2025-11-19 00:00:00,1A
22643,0231A,2025-11-19 00:00:00,1A
22644,9020,2025-11-19 00:00:00,1A
22645,1088A,2025-11-19 00:00:00,1A
22646,9006,2025-11-19 00:00:00,1A
22647,2196A,2025-11-19 00:00:00,1A
22648,20001,2025-11-19 00:00:00,1A
22649,8046,2025-11-19 00:00:00,1A
22650,1104A,2025-11-19 00:00:00,1A
22651,9015,2025-11-19 00:00:00,1A
22652,2030,2025-11-19 00:00:00,1A
22653,8019,2025-11-19 00:00:00,1A
22654,6043,2025-11-19 00:00:00,1A
22655,8010,2025-11-19 00:00:00,1A
22656,3026A,2025-11-19 00:00:00,1A
22657,2111,2025-11-19 00:00:00,1A
22658,0278,2025-11-19 00:00:00,1A
22659,7077,2025-11-19 00:00:00,1A
22660,2035A,2025-11-19 00:00:00,1A
22661,9053,2025-11-19 00:00:00,1A
22662,0333,2025-11-19 00:00:00,1A
22663,4007,2025-11-19 00:00:00,1A
22664,8017,2025-11-19 00:00:00,1A
22665,0111,2025-11-19 00:00:00,1A
22666,8076,2025-11-19 00:00:00,1A
22667,0206B,2025-11-19 00:00:00,1A
22668,02331,2025-11-19 00:00:00,1A
22669,0258,2025-11-19 00:00:00,1A
22670,0271,2025-11-19 00:00:00,1A
22671,0312,2025-11-19 00:00:00,1A
22672,1032,2025-11-19 00:00:00,1A
22673,1045,2025-11-19 00:00:00,1A
22674,1105,2025-11-19 00:00:00,1A
22675,1109B,2025-11-19 00:00:00,1A
22676,2007,2025-11-19 00:00:00,1A
22677,2023,2025-11-19 00:00:00,1A
22678,2042,2025-11-19 00:00:00,1A
22679,2052,2025-11-19 00:00:00,1A
22680,2059,2025-11-19 00:00:00,1A
22681,2103,2025-11-19 00:00:00,1A
22682,22172,2025-11-19 00:00:00,1A
22683,4100,2025-11-19 00:00:00,1A
22684,4109,2025-11-19 00:00:00,1A
22685,8041,2025-11-19 00:00:00,1A
22686,9016,2025-11-19 00:00:00,1A
22687,9126A,2025-11-19 00:00:00,1A
22688,9500,2025-11-19 00:00:00,1A
22689,TSN01,2025-11-19 00:00:00,1A
22690,8077,2025-11-19 00:00:00,1A
22691,31102,2025-11-19 00:00:00,1A
22692,2048,2025-11-19 00:00:00,1A
22693,0132,2025-11-19 00:00:00,1A
22694,2180A,2025-11-19 00:00:00,1A
22695,22049,2025-11-19 00:00:00,1A
22696,0352,2025-11-19 00:00:00,1A
22697,0353,2025-11-19 00:00:00,1A
22698,8006,2025-11-19 00:00:00,1A
22699,3119,2025-11-19 00:00:00,1A
22700,9011,2025-11-18 00:00:00,3A
22701,8037,2025-11-18 00:00:00,3A
22702,5076,2025-11-18 00:00:00,3A
22703,9058,2025-11-18 00:00:00,3A
22704,0202,2025-11-18 00:00:00,3A
22705,4078,2025-11-18 00:00:00,3A
22706,1188,2025-11-18 00:00:00,3A
22707,0018,2025-11-18 00:00:00,3A
22708,0226,2025-11-18 00:00:00,3A
22709,1004,2025-11-18 00:00:00,3A
22710,5150,2025-11-18 00:00:00,3A
22711,91242,2025-11-18 00:00:00,3A
22712,J01415,2025-11-18 00:00:00,3A
22713,8094,2025-11-18 00:00:00,3A
22714,2201,2025-11-18 00:00:00,3A
22715,1075,2025-11-18 00:00:00,3A
22716,0329,2025-11-18 00:00:00,3A
22717,8079,2025-11-18 00:00:00,3A
22718,0208A,2025-11-18 00:00:00,3A
22719,2014,2025-11-18 00:00:00,3A
22720,2050,2025-11-18 00:00:00,3A
22721,2062,2025-11-18 00:00:00,3A
22722,2090A,2025-11-18 00:00:00,3A
22723,8033,2025-11-18 00:00:00,3A
22724,EMB 2,2025-11-18 00:00:00,3A
22725,9099,2025-11-18 00:00:00,3A
22726,1015,2025-11-18 00:00:00,3A
22727,2209A,2025-11-18 00:00:00,3A
22728,0322,2025-11-18 00:00:00,3A
22729,5052,2025-11-18 00:00:00,3A
22730,7083,2025-11-18 00:00:00,3A
22731,2108,2025-11-18 00:00:00,3A
22732,6035,2025-11-18 00:00:00,3A
22733,J425,2025-11-18 00:00:00,3A
22734,J841,2025-11-18 00:00:00,3A
22735,5079,2025-11-18 00:00:00,3A
22736,1100B,2025-11-18 00:00:00,3A
22737,5146,2025-11-18 00:00:00,3A
22738,0201,2025-11-18 00:00:00,3A
22739,1091,2025-11-18 00:00:00,3A
22740,9071,2025-11-18 00:00:00,3A
22741,33,2025-11-18 00:00:00,3A
22742,7007,2025-11-18 00:00:00,3A
22743,5060,2025-11-18 00:00:00,3A
22744,J424,2025-11-18 00:00:00,3A
22745,8028,2025-11-18 00:00:00,3A
22746,7012,2025-11-18 00:00:00,3A
22747,8050,2025-11-18 00:00:00,3A
22748,0220,2025-11-18 00:00:00,3A
22749,7061,2025-11-18 00:00:00,3A
22750,2018,2025-11-18 00:00:00,3A
22751,2234,2025-11-18 00:00:00,3A
22752,0299A,2025-11-18 00:00:00,3A
22753,1005,2025-11-18 00:00:00,3A
22754,1102,2025-11-18 00:00:00,3A
22755,2027,2025-11-18 00:00:00,3A
22756,7090,2025-11-18 00:00:00,3A
22757,J420,2025-11-18 00:00:00,3A
22758,8011,2025-11-18 00:00:00,3A
22759,5629,2025-11-18 00:00:00,SERVICIO
22760,1015A,2025-11-18 00:00:00,SERVICIO
22761,9501,2025-11-18 00:00:00,SERVICIO
22762,0297,2025-11-18 00:00:00,SERVICIO
22764,EMB 5,2025-11-18 00:00:00,SERVICIO
22765,7033,2025-11-18 00:00:00,SERVICIO
22766,2133A,2025-11-18 00:00:00,SERVICIO
22768,8061,2025-11-18 00:00:00,1A
22769,5144,2025-11-19 00:00:00,1A
22770,2039,2025-11-19 00:00:00,1A
22771,7059,2025-11-20 00:00:00,1A
22772,5090,2025-11-20 00:00:00,1A
22773,9100,2025-11-20 00:00:00,1A
22774,0107,2025-11-21 00:00:00,1A
22775,3066B,2025-11-21 00:00:00,1A
22776,22135,2025-11-22 00:00:00,1A
22777,6037,2025-11-24 00:00:00,1A
22778,25277,2025-11-18 00:00:00,CACH
22779,25278,2025-11-19 00:00:00,CACH
22780,25279,2025-11-19 00:00:00,CACH
22781,25280,2025-11-20 00:00:00,CACH
22782,25281,2025-11-20 00:00:00,CACH
22783,25282,2025-11-20 00:00:00,CACH
22784,25283,2025-11-21 00:00:00,CACH
22785,25284,2025-11-21 00:00:00,CACH
22786,25285,2025-11-22 00:00:00,CACH
22787,25286,2025-11-24 00:00:00,CACH
22788,24065,2025-11-20 00:00:00,MG
22789,22216,2025-11-20 00:00:00,MG
22790,24250,2025-11-20 00:00:00,MG
22791,24020,2025-11-20 00:00:00,MG
22792,23217,2025-11-20 00:00:00,MG
22793,25287,2025-11-12 00:00:00,CACH
22794,0321,2025-11-21 00:00:00,Mater
22795,1078A,2025-11-21 00:00:00,Mater
22796,1100A,2025-11-21 00:00:00,Mater
22797,1109A,2025-11-21 00:00:00,CACH
22798,20334,2025-11-21 00:00:00,Mater
22799,2093,2025-11-21 00:00:00,Mater
22800,2094A,2025-11-21 00:00:00,Mater
22801,22098,2025-11-21 00:00:00,Mater
22802,2215,2025-11-21 00:00:00,Mater
22803,3750,2025-11-21 00:00:00,Mater
22804,4076,2025-11-21 00:00:00,Mater
22805,5090,2025-11-21 00:00:00,1A
22806,9023,2025-11-21 00:00:00,Mater
22807,9100,2025-11-21 00:00:00,1A
22808,22183,2025-10-28 00:00:00,VAQ
22809,22193,2025-10-28 00:00:00,VAQ
22810,23080,2025-10-28 00:00:00,VAQ
22811,23087,2025-10-28 00:00:00,VAQ
22812,23097,2025-10-28 00:00:00,VAQ
22813,23133,2025-10-28 00:00:00,VAQ
22814,23144,2025-10-28 00:00:00,VAQ
22815,23156,2025-10-28 00:00:00,VAQ
22816,23165,2025-10-28 00:00:00,VAQ
22817,23170,2025-10-28 00:00:00,VAQ
22818,23174,2025-10-28 00:00:00,VAQ
22819,23189,2025-10-28 00:00:00,VAQ
22820,23229,2025-10-28 00:00:00,VAQ
22821,23240,2025-10-28 00:00:00,VAQ
22822,24003,2025-10-28 00:00:00,VAQ
22823,24049,2025-10-28 00:00:00,VAQ
22824,24061,2025-10-28 00:00:00,VAQ
22825,24062,2025-10-28 00:00:00,VAQ
22826,24076,2025-10-28 00:00:00,VAQ
22827,24089,2025-10-28 00:00:00,VAQ
22828,24096,2025-10-28 00:00:00,VAQ
22829,23008,2025-10-28 00:00:00,SILENCIO
22830,23035,2025-10-28 00:00:00,SILENCIO
22831,23056,2025-10-28 00:00:00,SILENCIO
22832,23059,2025-10-28 00:00:00,SILENCIO
22833,23070,2025-10-28 00:00:00,SILENCIO
22834,23089,2025-10-28 00:00:00,SILENCIO
22835,23091,2025-10-28 00:00:00,SILENCIO
22836,23093,2025-10-28 00:00:00,SILENCIO
22837,23099,2025-10-28 00:00:00,SILENCIO
22838,23132,2025-10-28 00:00:00,SILENCIO
22839,23137,2025-10-28 00:00:00,SILENCIO
22840,23145,2025-10-28 00:00:00,SILENCIO
22841,23147,2025-10-28 00:00:00,SILENCIO
22842,23164,2025-10-28 00:00:00,SILENCIO
22843,23184,2025-10-28 00:00:00,SILENCIO
22844,23187,2025-10-28 00:00:00,SILENCIO
22845,23190,2025-10-28 00:00:00,SILENCIO
22846,23193,2025-10-28 00:00:00,SILENCIO
22847,23196,2025-10-28 00:00:00,SILENCIO
22848,23210,2025-10-28 00:00:00,SILENCIO
22849,23218,2025-10-28 00:00:00,SILENCIO
22850,23220,2025-10-28 00:00:00,SILENCIO
22851,23222,2025-10-28 00:00:00,SILENCIO
22852,23225,2025-10-28 00:00:00,SILENCIO
22853,23230,2025-10-28 00:00:00,SILENCIO
22854,23242,2025-10-28 00:00:00,SILENCIO
22855,23247,2025-10-28 00:00:00,SILENCIO
22856,23251,2025-10-28 00:00:00,SILENCIO
22857,24050,2025-10-28 00:00:00,SILENCIO
22858,24067,2025-10-28 00:00:00,SILENCIO
22859,24074,2025-10-28 00:00:00,SILENCIO
22860,24082,2025-10-28 00:00:00,SILENCIO
22861,24086,2025-10-28 00:00:00,SILENCIO
22862,24098,2025-10-28 00:00:00,SILENCIO
22863,24111,2025-10-28 00:00:00,SILENCIO
22864,24141,2025-10-28 00:00:00,SILENCIO
22865,24145,2025-10-28 00:00:00,SILENCIO
22866,24198,2025-10-28 00:00:00,SILENCIO
22867,23033,2025-11-25 00:00:00,MAR2
22868,22105,2025-11-25 00:00:00,MAR2
22869,9501,2025-11-25 00:00:00,MAR2
22870,2149A,2025-11-25 00:00:00,MAR2
22871,22193,2025-11-25 00:00:00,MAR2
22872,9046,2025-11-25 00:00:00,MAR2
22873,9104,2025-11-25 00:00:00,MAR2
22874,25084,2025-11-25 00:00:00,MAR2
22875,1109A,2025-11-25 00:00:00,MAR2
22876,25154,2025-11-25 00:00:00,MAR2
22877,25188,2025-11-25 00:00:00,MAR2
22878,1139A,2025-11-25 00:00:00,MAR2
22879,0263,2025-11-25 00:00:00,MAR2
22880,25060,2025-11-25 00:00:00,MAR2
22881,25114,2025-11-25 00:00:00,MAR2
22882,24306,2025-11-25 00:00:00,MAR2
22883,24229,2025-11-25 00:00:00,MAR2
22884,25064,2025-11-25 00:00:00,MAR2
22885,25263,2025-11-25 00:00:00,MAR2
22886,24165,2025-11-25 00:00:00,CACH
22887,2045,2025-11-25 00:00:00,CACH
22888,3504,2025-11-25 00:00:00,CACH
22889,24081,2025-11-25 00:00:00,CACH
22890,25043,2025-11-25 00:00:00,CACH
22891,24255,2025-11-25 00:00:00,CACH
22892,24060,2025-11-25 00:00:00,CACH
22893,24206,2025-11-25 00:00:00,CACH
22894,23197,2025-11-25 00:00:00,CACH
22895,22183,2025-11-25 00:00:00,CACH
22896,23080,2025-11-25 00:00:00,CACH
22897,23087,2025-11-25 00:00:00,CACH
22898,23097,2025-11-25 00:00:00,CACH
22899,23133,2025-11-25 00:00:00,CACH
22900,23144,2025-11-25 00:00:00,CACH
22901,23156,2025-11-25 00:00:00,CACH
22902,23165,2025-11-25 00:00:00,CACH
22903,23174,2025-11-25 00:00:00,CACH
22904,23189,2025-11-25 00:00:00,CACH
22905,23229,2025-11-25 00:00:00,CACH
22906,23240,2025-11-25 00:00:00,CACH
22907,24003,2025-11-25 00:00:00,CACH
22908,24049,2025-11-25 00:00:00,CACH
22909,24061,2025-11-25 00:00:00,CACH
22910,24062,2025-11-25 00:00:00,CACH
22911,24076,2025-11-25 00:00:00,CACH
22912,24096,2025-11-25 00:00:00,CACH
22913,BU085,2025-11-27 00:00:00,C4
22914,8026,2025-11-25 00:00:00,MAR2
22915,22169A,2025-11-25 00:00:00,MAR2
22916,2196A,2025-11-24 00:00:00,10A
22917,6043,2025-11-24 00:00:00,10A
22918,2171,2025-11-24 00:00:00,10A
22919,3021A,2025-11-24 00:00:00,10A
22920,3003A,2025-11-24 00:00:00,10A
22921,7028,2025-11-24 00:00:00,10A
22922,31102,2025-11-24 00:00:00,10A
22923,2148A,2025-11-24 00:00:00,10A
22924,3026A,2025-11-24 00:00:00,10A
22925,4007,2025-11-24 00:00:00,10A
22926,2047,2025-11-24 00:00:00,10A
22927,4151,2025-11-24 00:00:00,10A
22928,2063A,2025-11-24 00:00:00,10A
22929,4018,2025-11-24 00:00:00,10A
22930,5144,2025-11-24 00:00:00,10A
22931,3066B,2025-11-24 00:00:00,10A
22932,6021,2025-11-24 00:00:00,10A
22933,2048,2025-11-24 00:00:00,10A
22934,2146,2025-11-24 00:00:00,10A
22935,2042,2025-11-24 00:00:00,10A
22936,0132,2025-11-24 00:00:00,10A
22937,2073,2025-11-24 00:00:00,10A
22938,3119,2025-11-24 00:00:00,10A
22939,22135,2025-11-24 00:00:00,10A
22940,4100,2025-11-24 00:00:00,10A
22941,4109,2025-11-24 00:00:00,10A
22942,5077,2025-11-24 00:00:00,10A
22943,5090,2025-11-24 00:00:00,10A
22944,7059,2025-11-24 00:00:00,10A
22945,7074,2025-11-24 00:00:00,10A
22946,7077,2025-11-24 00:00:00,10A
22947,8046,2025-11-24 00:00:00,10A
22948,9100,2025-11-24 00:00:00,10A
22949,1095A,2025-11-24 00:00:00,10A
22950,30212,2025-11-24 00:00:00,10A
22951,5030,2025-11-24 00:00:00,10A
22952,6037,2025-11-24 00:00:00,10A
22953,7022,2025-11-24 00:00:00,10A
22954,8005,2025-11-24 00:00:00,10A
22955,8010,2025-11-24 00:00:00,10A
22956,8041,2025-11-24 00:00:00,10A
22957,8045,2025-11-24 00:00:00,10A
22958,8062,2025-11-24 00:00:00,10A
22959,8076,2025-11-24 00:00:00,10A
22960,8077,2025-11-24 00:00:00,10A
22961,9125,2025-11-24 00:00:00,10A
22962,19,2025-11-24 00:00:00,10A
22963,8061,2025-11-24 00:00:00,10A
22964,9006,2025-11-24 00:00:00,10A
22965,9015,2025-11-24 00:00:00,10A
22966,9016,2025-11-24 00:00:00,10A
22967,9037,2025-11-24 00:00:00,10A
22968,9053,2025-11-24 00:00:00,10A
22969,9073,2025-11-24 00:00:00,10A
22970,9076,2025-11-24 00:00:00,10A
22971,9091,2025-11-24 00:00:00,10A
22972,9113,2025-11-24 00:00:00,10A
22973,9116B,2025-11-24 00:00:00,10A
22974,91172,2025-11-24 00:00:00,10A
22975,9126A,2025-11-24 00:00:00,10A
22976,0107,2025-11-24 00:00:00,10A
22977,0111,2025-11-24 00:00:00,10A
22978,0206A,2025-11-24 00:00:00,10A
22979,0206B,2025-11-24 00:00:00,10A
22980,0231A,2025-11-24 00:00:00,10A
22981,02331,2025-11-24 00:00:00,10A
22982,0240,2025-11-24 00:00:00,10A
22983,0241,2025-11-24 00:00:00,10A
22984,0249,2025-11-24 00:00:00,10A
22985,0252,2025-11-24 00:00:00,10A
22986,0258,2025-11-24 00:00:00,10A
22987,0269,2025-11-24 00:00:00,10A
22988,0272,2025-11-24 00:00:00,10A
22989,0278,2025-11-24 00:00:00,10A
22990,0284,2025-11-24 00:00:00,10A
22991,0298A,2025-11-24 00:00:00,10A
22992,0323,2025-11-24 00:00:00,10A
22993,0327,2025-11-24 00:00:00,10A
22994,0333,2025-11-24 00:00:00,10A
22995,0336,2025-11-24 00:00:00,10A
22996,0338,2025-11-24 00:00:00,10A
22997,0342,2025-11-24 00:00:00,10A
22998,0352,2025-11-24 00:00:00,10A
22999,0353,2025-11-24 00:00:00,10A
23000,1109B,2025-11-24 00:00:00,10A
23001,2035A,2025-11-24 00:00:00,10A
23002,0271,2025-11-24 00:00:00,10A
23003,9020,2025-11-24 00:00:00,10A
23004,10431,2025-11-24 00:00:00,10A
23005,2007,2025-11-24 00:00:00,10A
23006,1063,2025-11-24 00:00:00,10A
23007,1032,2025-11-24 00:00:00,10A
23008,1045,2025-11-24 00:00:00,10A
23009,2203,2025-11-24 00:00:00,10A
23010,2052,2025-11-24 00:00:00,10A
23011,2039,2025-11-24 00:00:00,10A
23012,1104A,2025-11-24 00:00:00,10A
23013,2080,2025-11-24 00:00:00,10A
23014,4072,2025-11-24 00:00:00,10A
23015,2180A,2025-11-24 00:00:00,10A
23016,80882,2025-11-24 00:00:00,10A
23017,8017,2025-11-24 00:00:00,10A
23018,7017,2025-11-24 00:00:00,10A
23019,1105,2025-11-24 00:00:00,10A
23020,2095,2025-11-24 00:00:00,10A
23021,2111,2025-11-24 00:00:00,10A
23022,2103,2025-11-24 00:00:00,10A
23023,1088A,2025-11-24 00:00:00,10A
23024,2023,2025-11-24 00:00:00,10A
23025,2030,2025-11-24 00:00:00,10A
23026,2059,2025-11-24 00:00:00,10A
23027,0306,2025-11-24 00:00:00,10A
23028,0312,2025-11-24 00:00:00,10A
23029,9500,2025-11-24 00:00:00,10A
23030,TSN01,2025-11-24 00:00:00,10A
23031,34,2025-11-24 00:00:00,10A
23032,8006,2025-11-24 00:00:00,10A
23033,22049,2025-11-24 00:00:00,10A
23034,8019,2025-11-24 00:00:00,10A
23035,22172,2025-11-24 00:00:00,10A
23036,20001,2025-11-24 00:00:00,10A
23037,23086,2025-11-27 00:00:00,CACH
23038,1008,2025-11-27 00:00:00,7
23039,1027A,2025-11-27 00:00:00,7
23040,1082A,2025-11-27 00:00:00,7
23041,1096A,2025-11-27 00:00:00,7
23042,1097A,2025-11-27 00:00:00,7
23043,2039A,2025-11-27 00:00:00,7
23044,2154,2025-11-27 00:00:00,7
23045,2159,2025-11-27 00:00:00,7
23046,2170,2025-11-27 00:00:00,7
23047,22100,2025-11-27 00:00:00,7
23048,22115,2025-11-27 00:00:00,7
23049,22120,2025-11-27 00:00:00,7
23050,22166,2025-11-27 00:00:00,7
23051,22181,2025-11-27 00:00:00,7
23052,22184,2025-11-27 00:00:00,7
23053,22194,2025-11-27 00:00:00,7
23054,22205,2025-11-27 00:00:00,7
23055,23004,2025-11-27 00:00:00,7
23056,23014,2025-11-27 00:00:00,7
23057,23015,2025-11-27 00:00:00,7
23058,23019,2025-11-27 00:00:00,7
23059,J401,2025-11-27 00:00:00,7
23069,24073,2025-11-28 00:00:00,SERVICIO
23070,24179,2025-11-28 00:00:00,SERVICIO
23071,BU330,2025-11-28 00:00:00,SERVICIO
23072,BU78,2025-11-28 00:00:00,SERVICIO
23073,BU81,2025-11-28 00:00:00,SERVICIO
23074,BU94,2025-11-28 00:00:00,SERVICIO
23075,24028,2025-11-28 00:00:00,5
23076,24077,2025-11-28 00:00:00,5
23077,24066,2025-11-28 00:00:00,5
23078,25005,2025-11-26 00:00:00,CACH
23079,25089,2025-11-26 00:00:00,CACH
23080,25143,2025-11-26 00:00:00,CACH
23081,25146,2025-11-26 00:00:00,CACH
23082,25158,2025-11-26 00:00:00,CACH
23083,25175,2025-11-26 00:00:00,CACH
23084,25186,2025-11-26 00:00:00,CACH
23085,25201,2025-11-26 00:00:00,CACH
23086,25204,2025-11-26 00:00:00,CACH
23087,25205,2025-11-26 00:00:00,CACH
23088,25207,2025-11-26 00:00:00,CACH
23089,25208,2025-11-26 00:00:00,CACH
23090,25209,2025-11-26 00:00:00,CACH
23091,25211,2025-11-26 00:00:00,CACH
23092,25212,2025-11-26 00:00:00,CACH
23093,25213,2025-11-26 00:00:00,CACH
23094,25214,2025-11-26 00:00:00,CACH
23095,25215,2025-11-26 00:00:00,CACH
23096,25216,2025-11-26 00:00:00,CACH
23097,25219,2025-11-26 00:00:00,CACH
23098,25220,2025-11-26 00:00:00,CACH
23099,25221,2025-11-26 00:00:00,CACH
23100,25246,2025-11-26 00:00:00,CACH
23101,J25147,2025-11-26 00:00:00,CACH
23102,25177,2025-11-26 00:00:00,CACH
23103,25218,2025-11-26 00:00:00,CACH
23104,80272,2025-11-24 00:00:00,10A
23105,2143,2025-11-24 00:00:00,10A
23106,2036,2025-11-24 00:00:00,10A
23107,0330A,2025-11-24 00:00:00,10A
23108,25288,2025-11-24 00:00:00,CACH
23109,25289,2025-11-24 00:00:00,CACH
23110,25290,2025-11-24 00:00:00,CACH
23111,25291,2025-11-24 00:00:00,CACH
23112,25262,2025-11-17 00:00:00,MUERTO
23113,22144,2025-11-28 00:00:00,10A
23114,20334,2025-11-28 00:00:00,10A
23115,25292,2025-11-28 00:00:00,CACH
23116,25293,2025-11-28 00:00:00,CACH
23117,0240,2025-12-01 00:00:00,3A
23119,0252,2025-12-01 00:00:00,3A
23120,02331,2025-12-01 00:00:00,3A
23121,0284,2025-12-01 00:00:00,3A
23122,0327,2025-12-01 00:00:00,3A
23123,0338,2025-12-01 00:00:00,3A
23124,10431,2025-12-01 00:00:00,3A
23125,1063,2025-12-01 00:00:00,3A
23126,1104A,2025-12-01 00:00:00,3A
23127,1109B,2025-12-01 00:00:00,3A
23128,19,2025-12-01 00:00:00,3A
23129,2007,2025-12-01 00:00:00,3A
23130,2030,2025-12-01 00:00:00,3A
23131,2035A,2025-12-01 00:00:00,3A
23132,2042,2025-12-01 00:00:00,3A
23133,2063A,2025-12-01 00:00:00,3A
23134,2073,2025-12-01 00:00:00,3A
23135,2095,2025-12-01 00:00:00,3A
23136,2111,2025-12-01 00:00:00,3A
23137,2133A,2025-12-01 00:00:00,3A
23138,2146,2025-12-01 00:00:00,3A
23139,2203,2025-12-01 00:00:00,3A
23140,3003A,2025-12-01 00:00:00,3A
23141,3021A,2025-12-01 00:00:00,3A
23142,5030,2025-12-01 00:00:00,3A
23143,6021,2025-12-01 00:00:00,3A
23144,6043,2025-12-01 00:00:00,3A
23145,7077,2025-12-01 00:00:00,3A
23146,8019,2025-12-01 00:00:00,3A
23148,8062,2025-12-01 00:00:00,3A
23149,9006,2025-12-01 00:00:00,3A
23150,9037,2025-12-01 00:00:00,3A
23151,9091,2025-12-01 00:00:00,3A
23152,9113,2025-12-01 00:00:00,3A
23154,0116A,2025-12-09 00:00:00,8
23155,0118A,2025-12-09 00:00:00,8
23156,0119,2025-12-09 00:00:00,8
23157,0127,2025-12-09 00:00:00,8
23158,0141,2025-12-09 00:00:00,8
23159,0198,2025-12-09 00:00:00,8
23160,0204B,2025-12-09 00:00:00,8
23161,0217,2025-12-09 00:00:00,8
23162,0293,2025-12-09 00:00:00,8
23163,1008,2025-12-09 00:00:00,8
23164,1027,2025-12-09 00:00:00,8
23165,1027A,2025-12-09 00:00:00,8
23166,1033,2025-12-09 00:00:00,8
23167,1053,2025-12-09 00:00:00,8
23168,1055A,2025-12-09 00:00:00,8
23169,1056,2025-12-09 00:00:00,8
23170,1067,2025-12-09 00:00:00,8
23171,1068A,2025-12-09 00:00:00,8
23172,1069,2025-12-09 00:00:00,8
23173,1070,2025-12-09 00:00:00,8
23174,1070A,2025-12-09 00:00:00,8
23175,1077,2025-12-09 00:00:00,8
23176,1082A,2025-12-09 00:00:00,8
23177,1085,2025-12-09 00:00:00,8
23178,1092A,2025-12-09 00:00:00,8
23179,1093,2025-12-09 00:00:00,8
23180,1096A,2025-12-09 00:00:00,8
23181,1097A,2025-12-09 00:00:00,8
23182,1101,2025-12-09 00:00:00,8
23183,1101A,2025-12-09 00:00:00,8
23184,1104,2025-12-09 00:00:00,8
23185,1106,2025-12-09 00:00:00,8
23186,1112,2025-12-09 00:00:00,8
23187,1126,2025-12-09 00:00:00,8
23188,1152,2025-12-09 00:00:00,8
23189,1154,2025-12-09 00:00:00,8
23190,1156,2025-12-09 00:00:00,8
23191,1180,2025-12-09 00:00:00,8
23192,1204,2025-12-09 00:00:00,8
23193,1206,2025-12-09 00:00:00,8
23194,1214,2025-12-09 00:00:00,8
23195,1215,2025-12-09 00:00:00,8
23196,1219,2025-12-09 00:00:00,8
23197,1228,2025-12-09 00:00:00,8
23198,1237,2025-12-09 00:00:00,8
23199,1292,2025-12-09 00:00:00,8
23200,2001B,2025-12-09 00:00:00,8
23201,2004,2025-12-09 00:00:00,8
23202,2010,2025-12-09 00:00:00,8
23203,2025,2025-12-09 00:00:00,8
23204,2039A,2025-12-09 00:00:00,8
23205,2044,2025-12-09 00:00:00,8
23206,2053,2025-12-09 00:00:00,8
23207,2058,2025-12-09 00:00:00,8
23208,2067,2025-12-09 00:00:00,8
23209,2090,2025-12-09 00:00:00,8
23210,2092,2025-12-09 00:00:00,8
23211,2094,2025-12-09 00:00:00,8
23212,2101,2025-12-09 00:00:00,8
23213,2106,2025-12-09 00:00:00,8
23214,2128,2025-12-09 00:00:00,8
23215,2149,2025-12-09 00:00:00,8
23216,2154,2025-12-09 00:00:00,8
23217,2155,2025-12-09 00:00:00,8
23218,2159,2025-12-09 00:00:00,8
23219,2167,2025-12-09 00:00:00,8
23220,2170,2025-12-09 00:00:00,8
23221,2174,2025-12-09 00:00:00,8
23222,22100,2025-12-09 00:00:00,8
23223,22115,2025-12-09 00:00:00,8
23224,22118,2025-12-09 00:00:00,8
23225,22120,2025-12-09 00:00:00,8
23226,22122,2025-12-09 00:00:00,8
23227,22157,2025-12-09 00:00:00,8
23228,22158,2025-12-09 00:00:00,8
23229,22166,2025-12-09 00:00:00,8
23230,22175,2025-12-09 00:00:00,8
23231,22181,2025-12-09 00:00:00,8
23232,22184,2025-12-09 00:00:00,8
23233,22185,2025-12-09 00:00:00,8
23234,22188,2025-12-09 00:00:00,8
23235,22190,2025-12-09 00:00:00,8
23236,22194,2025-12-09 00:00:00,8
23237,22206,2025-12-09 00:00:00,8
23238,22209,2025-12-09 00:00:00,8
23239,23004,2025-12-09 00:00:00,8
23240,23011,2025-12-09 00:00:00,8
23241,23014,2025-12-09 00:00:00,8
23242,23015,2025-12-09 00:00:00,8
23243,23019,2025-12-09 00:00:00,8
23244,23241,2025-12-09 00:00:00,8
23245,J4011,2025-12-09 00:00:00,8
23246,MSN15,2025-12-09 00:00:00,8
23247,SN50,2025-12-09 00:00:00,8
23248,BU367,2025-08-18 00:00:00,MUERTO
23249,BU2503,2025-07-27 00:00:00,MUERTO
23250,1031,2025-12-03 00:00:00,MUERTO
23251,1107,2025-12-03 00:00:00,MUERTO
23252,2005B,2025-12-03 00:00:00,MUERTO
23253,1018,2025-12-03 00:00:00,MUERTO
23254,MSN3,2025-12-03 00:00:00,MUERTO
23255,25117,2025-12-03 00:00:00,MUERTO
23256,0321,2025-12-03 00:00:00,10A
23257,2093,2025-12-05 00:00:00,10A
23258,0101,2025-12-08 00:00:00,10A
23259,3750,2025-12-08 00:00:00,10A
23260,2137,2025-12-08 00:00:00,10A
23261,2024,2025-12-08 00:00:00,10A
23262,2034,2025-12-08 00:00:00,10A
23270,0321,2025-12-03 00:00:00,1A
23271,2093,2025-12-05 00:00:00,1A
23272,0101,2025-12-08 00:00:00,1A
23273,3750,2025-12-08 00:00:00,1A
23274,2137,2025-12-08 00:00:00,1A
23275,2024,2025-12-08 00:00:00,1A
23276,2034,2025-12-08 00:00:00,1A
23277,25294,2025-12-03 00:00:00,CACH
23278,25295,2025-12-05 00:00:00,CACH
23279,25296,2025-12-08 00:00:00,CACH
23280,25297,2025-12-08 00:00:00,MUERTO
23281,25298,2025-12-08 00:00:00,MUERTO
23282,25299,2025-12-08 00:00:00,CACH
23283,25300,2025-12-08 00:00:00,CACH
23284,2196A,2025-12-01 00:00:00,1A
23285,2171,2025-12-01 00:00:00,1A
23286,7028,2025-12-01 00:00:00,1A
23287,31102,2025-12-01 00:00:00,1A
23288,2148A,2025-12-01 00:00:00,1A
23289,3026A,2025-12-01 00:00:00,1A
23290,4007,2025-12-01 00:00:00,1A
23291,3750,2025-12-01 00:00:00,1A
23292,2047,2025-12-01 00:00:00,1A
23293,4151,2025-12-01 00:00:00,1A
23294,4018,2025-12-01 00:00:00,1A
23295,5144,2025-12-01 00:00:00,1A
23296,3066B,2025-12-01 00:00:00,1A
23297,2048,2025-12-01 00:00:00,1A
23298,22144,2025-12-01 00:00:00,1A
23299,2137,2025-12-01 00:00:00,1A
23300,0132,2025-12-01 00:00:00,1A
23301,2143,2025-12-01 00:00:00,1A
23302,3119,2025-12-01 00:00:00,1A
23303,22135,2025-12-01 00:00:00,1A
23304,4100,2025-12-01 00:00:00,1A
23305,4109,2025-12-01 00:00:00,1A
23306,5077,2025-12-01 00:00:00,1A
23307,5090,2025-12-01 00:00:00,1A
23308,7059,2025-12-01 00:00:00,1A
23309,7074,2025-12-01 00:00:00,1A
23310,8046,2025-12-01 00:00:00,1A
23311,9100,2025-12-01 00:00:00,1A
23312,20334,2025-12-01 00:00:00,1A
23313,1095A,2025-12-01 00:00:00,1A
23314,30212,2025-12-01 00:00:00,1A
23315,7022,2025-12-01 00:00:00,1A
23316,8005,2025-12-01 00:00:00,1A
23317,8010,2025-12-01 00:00:00,1A
23318,80272,2025-12-01 00:00:00,1A
23319,8041,2025-12-01 00:00:00,1A
23320,8045,2025-12-01 00:00:00,1A
23321,8076,2025-12-01 00:00:00,1A
23322,8077,2025-12-01 00:00:00,1A
23323,9125,2025-12-01 00:00:00,1A
23324,8061,2025-12-01 00:00:00,1A
23325,9015,2025-12-01 00:00:00,1A
23326,9016,2025-12-01 00:00:00,1A
23327,9053,2025-12-01 00:00:00,1A
23328,9073,2025-12-01 00:00:00,1A
23329,9076,2025-12-01 00:00:00,1A
23330,9116B,2025-12-01 00:00:00,1A
23331,91172,2025-12-01 00:00:00,1A
23332,9126A,2025-12-01 00:00:00,1A
23333,0101,2025-12-01 00:00:00,1A
23334,0107,2025-12-01 00:00:00,1A
23335,0111,2025-12-01 00:00:00,1A
23336,0206A,2025-12-01 00:00:00,1A
23337,0206B,2025-12-01 00:00:00,1A
23338,0231A,2025-12-01 00:00:00,1A
23339,0241,2025-12-01 00:00:00,1A
23340,0249,2025-12-01 00:00:00,1A
23341,0258,2025-12-01 00:00:00,1A
23342,0269,2025-12-01 00:00:00,1A
23343,0272,2025-12-01 00:00:00,1A
23344,0278,2025-12-01 00:00:00,1A
23345,0298A,2025-12-01 00:00:00,1A
23346,0321,2025-12-01 00:00:00,1A
23347,0323,2025-12-01 00:00:00,1A
23348,0330A,2025-12-01 00:00:00,1A
23349,0333,2025-12-01 00:00:00,1A
23350,0336,2025-12-01 00:00:00,1A
23351,0342,2025-12-01 00:00:00,1A
23352,0352,2025-12-01 00:00:00,1A
23353,0353,2025-12-01 00:00:00,1A
23354,0271,2025-12-01 00:00:00,1A
23355,9020,2025-12-01 00:00:00,1A
23356,1032,2025-12-01 00:00:00,1A
23357,1045,2025-12-01 00:00:00,1A
23358,2052,2025-12-01 00:00:00,1A
23359,2039,2025-12-01 00:00:00,1A
23360,2024,2025-12-01 00:00:00,1A
23361,2034,2025-12-01 00:00:00,1A
23362,2080,2025-12-01 00:00:00,1A
23363,4072,2025-12-01 00:00:00,1A
23364,2180A,2025-12-01 00:00:00,1A
23365,80882,2025-12-01 00:00:00,1A
23366,8017,2025-12-01 00:00:00,1A
23367,7017,2025-12-01 00:00:00,1A
23368,1105,2025-12-01 00:00:00,1A
23369,2103,2025-12-01 00:00:00,1A
23370,2093,2025-12-01 00:00:00,1A
23371,1088A,2025-12-01 00:00:00,1A
23372,2023,2025-12-01 00:00:00,1A
23373,2059,2025-12-01 00:00:00,1A
23374,2036,2025-12-01 00:00:00,1A
23375,0306,2025-12-01 00:00:00,1A
23376,0312,2025-12-01 00:00:00,1A
23377,9500,2025-12-01 00:00:00,1A
23378,TSN01,2025-12-01 00:00:00,1A
23379,34,2025-12-01 00:00:00,1A
23380,8006,2025-12-01 00:00:00,1A
23381,22049,2025-12-01 00:00:00,1A
23382,22172,2025-12-01 00:00:00,1A
23383,20001,2025-12-01 00:00:00,1A
23384,2140,2025-12-11 00:00:00,Mater
23385,21391,2025-12-11 00:00:00,Mater
23386,22161,2025-12-11 00:00:00,Mater
23387,9110A,2025-12-11 00:00:00,Mater
23388,0310,2025-12-11 00:00:00,Mater
23389,0355,2025-12-11 00:00:00,Mater
23390,9115,2025-12-11 00:00:00,Mater
23391,0332,2025-12-11 00:00:00,Mater
23392,0322,2025-12-11 00:00:00,2
23393,9058,2025-12-11 00:00:00,2
23394,5150,2025-12-11 00:00:00,2
23395,91242,2025-12-11 00:00:00,2
23396,2050,2025-12-11 00:00:00,2
23397,0220,2025-12-11 00:00:00,2
23398,7061,2025-12-11 00:00:00,2
23399,2171,2025-12-11 00:00:00,2
23400,2090A,2025-12-11 00:00:00,2
23401,1188,2025-12-11 00:00:00,2
23402,8079,2025-12-11 00:00:00,2
23403,J01415,2025-12-11 00:00:00,2
23404,J841,2025-12-11 00:00:00,2
23405,3108,2025-12-11 00:00:00,1A
23406,4076,2025-12-11 00:00:00,1A
23407,9121,2025-12-11 00:00:00,1A
23408,0348,2025-12-11 00:00:00,1A
23409,4048,2025-12-11 00:00:00,1A
23410,25301,2025-12-11 00:00:00,CACH
23411,25302,2025-12-11 00:00:00,CACH
23412,25303,2025-12-11 00:00:00,CACH
23413,25304,2025-12-11 00:00:00,CACH
23414,25305,2025-12-11 00:00:00,MUERTO
23415,BU337,2025-12-13 00:00:00,MUERTO
23416,1100A,2025-12-14 00:00:00,1A
23417,25306,2025-12-14 00:00:00,CACH
23418,25107,2025-12-14 00:00:00,MUERTO
23419,80121,2025-12-15 00:00:00,1A
23420,1078A,2025-12-15 00:00:00,1A
23421,4053,2025-12-15 00:00:00,1A
23422,2140,2025-12-15 00:00:00,1A
23423,9023,2025-12-15 00:00:00,1A
23424,25307,2025-12-15 00:00:00,CACH
23425,25308,2025-12-15 00:00:00,CACH
23426,25309,2025-12-15 00:00:00,CACH
23427,25310,2025-12-15 00:00:00,CACH
23428,25311,2025-12-15 00:00:00,CACH
23429,25138,2025-12-10 00:00:00,4
23430,24160,2025-12-10 00:00:00,4
23431,2060,2025-12-10 00:00:00,4
23432,24154,2025-12-10 00:00:00,4
23433,25164,2025-12-10 00:00:00,4
23434,25223,2025-12-10 00:00:00,4
23435,3501,2025-12-10 00:00:00,4
23436,24205,2025-12-10 00:00:00,4
23437,2065,2025-12-10 00:00:00,4
23438,25119,2025-12-10 00:00:00,4
23439,25080,2025-12-10 00:00:00,4
23440,24089,2025-12-10 00:00:00,4
23441,0317A,2025-12-29 00:00:00,10A
23442,22161,2025-12-29 00:00:00,10A
23443,9115,2025-12-29 00:00:00,10A
23444,21391,2025-12-29 00:00:00,10A
23445,2102,2025-12-29 00:00:00,10A
23446,BU338,2025-12-31 00:00:00,C4
23447,25313,2025-12-29 00:00:00,CACH
23448,25314,2025-12-29 00:00:00,CACH
23449,25315,2025-12-29 00:00:00,CACH
23450,25316,2025-12-29 00:00:00,CACH
23451,25317,2025-12-29 00:00:00,CACH
23452,BU2533,2025-12-31 00:00:00,C4
23453,25312,2025-12-02 00:00:00,MUERTO
23454,9110A,2025-12-02 00:00:00,10A
23455,22098,2026-01-02 00:00:00,10A
23456,5679,2026-01-02 00:00:00,VAQ
23457,2094A,2026-01-02 00:00:00,10A
23458,22171,2026-01-04 00:00:00,MUERTO
23459,26001,2026-01-02 00:00:00,CACH
23460,26002,2026-01-02 00:00:00,MUERTO
23461,26003,2026-01-02 00:00:00,CACH
23462,26004,2026-01-04 00:00:00,MUERTO
23463,0310,2026-01-05 00:00:00,10A
23464,26005,2026-01-05 00:00:00,CACH
23465,0143,2026-01-05 00:00:00,10A
23466,8096,2026-01-06 00:00:00,10A
23467,5092,2026-01-06 00:00:00,10A
23468,4023,2026-01-06 00:00:00,10A
23469,26006,2026-01-05 00:00:00,CACH
23470,26007,2026-01-06 00:00:00,CACH
23471,26008,2026-01-06 00:00:00,CACH
23472,26009,2026-01-06 00:00:00,CACH
23473,26006,2026-01-06 00:00:00,MUERTO
23474,25267,2026-01-06 00:00:00,MUERTO
23475,6008,2026-01-06 00:00:00,10A
23476,PEND41,2026-01-06 00:00:00,10A
23477,0259,2026-01-06 00:00:00,10A
23478,1310,2026-01-06 00:00:00,10A
23479,26010,2026-01-06 00:00:00,CACH
23480,26011,2026-01-06 00:00:00,CACH
23481,26012,2026-01-06 00:00:00,CACH
23482,26013,2026-01-06 00:00:00,CACH
23483,8082,2026-01-04 00:00:00,Mater
23484,0298,2026-01-04 00:00:00,Mater
23485,9007,2026-01-04 00:00:00,Mater
23486,2040,2026-01-04 00:00:00,Mater
23487,9103,2026-01-04 00:00:00,Mater
23488,1052A,2026-01-04 00:00:00,Mater
23489,0330A,2026-01-04 00:00:00,4
23490,3108,2026-01-04 00:00:00,4
23491,9121,2026-01-04 00:00:00,4
23492,4053,2026-01-04 00:00:00,4
23493,2024,2026-01-04 00:00:00,4
23494,0348,2026-01-04 00:00:00,4
23495,25291,2026-01-04 00:00:00,4
23496,25301,2026-01-04 00:00:00,4
23497,25303,2026-01-04 00:00:00,4
23498,25309,2026-01-04 00:00:00,4
23499,25299,2026-01-04 00:00:00,4
23500,25304,2026-01-04 00:00:00,4
23501,4099,2026-01-07 00:00:00,10A
23502,26014,2026-01-07 00:00:00,CACH
23503,0332,2025-12-23 00:00:00,10A
23504,25318,2025-12-23 00:00:00,CACH
23505,1123,2025-12-27 00:00:00,10A
23506,9503,2026-01-04 00:00:00,10A
23507,25319,2025-12-27 00:00:00,CACH
23508,26015,2026-01-04 00:00:00,CACH
23509,8082,2026-01-08 00:00:00,10A
23510,1501,2026-01-08 00:00:00,10A
23511,26016,2026-01-08 00:00:00,CACH
23512,26017,2026-01-08 00:00:00,CACH
23513,0132,2025-12-18 00:00:00,4
23514,0206B,2025-12-18 00:00:00,4
23515,0271,2025-12-18 00:00:00,4
23516,0312,2025-12-18 00:00:00,4
23517,0352,2025-12-18 00:00:00,4
23518,1032,2025-12-18 00:00:00,4
23519,2234,2025-12-18 00:00:00,4
23520,4100,2025-12-18 00:00:00,4
23521,6037,2025-12-18 00:00:00,4
23522,8010,2025-12-18 00:00:00,4
23523,9016,2025-12-18 00:00:00,4
23524,9100,2025-12-18 00:00:00,4
23525,9500,2025-12-18 00:00:00,3A
23526,J420,2025-12-18 00:00:00,MG
23528,25261,2025-12-18 00:00:00,4
23529,25211,2025-12-18 00:00:00,4
23530,25271,2025-12-18 00:00:00,4
23531,25232,2025-12-18 00:00:00,4
23532,25109,2025-12-18 00:00:00,4
23533,25272,2025-12-18 00:00:00,4
23534,25286,2025-12-18 00:00:00,4
23535,25192,2025-12-18 00:00:00,4
23536,25061,2025-12-18 00:00:00,4
23537,25224,2025-12-18 00:00:00,4
23538,25282,2025-12-18 00:00:00,4
23539,J25147,2025-12-18 00:00:00,MG
23540,25133,2026-01-11 00:00:00,MUERTO
23541,25319,2026-01-11 00:00:00,MUERTO
23542,2029,2026-01-12 00:00:00,MUERTO
23543,2032,2026-01-12 00:00:00,MUERTO
23544,2041,2026-01-12 00:00:00,MUERTO
23545,0325,2026-01-12 00:00:00,MUERTO
23546,1501,2026-01-12 00:00:00,MUERTO
23547,25287,2026-01-15 00:00:00,MUERTO
23548,26011,2026-01-15 00:00:00,MUERTO
23549,25291,2026-01-16 00:00:00,MUERTO
23550,25281,2026-01-19 00:00:00,MUERTO
23551,1052A,2026-01-15 00:00:00,1A
23552,9007,2026-01-15 00:00:00,1A
23556,26018,2026-01-15 00:00:00,CACH
23557,26019,2026-01-15 00:00:00,CACH
23558,26020,2026-01-17 00:00:00,CACH
23559,26021,2026-01-17 00:00:00,CACH
23560,26022,2026-01-17 00:00:00,CACH
23561,22049,2026-01-19 00:00:00,10A
23562,26023,2026-01-19 00:00:00,CACH
23563,25273,2025-11-25 00:00:00,MAR2
23564,8061,2026-01-15 00:00:00,1A
23565,0298A,2026-01-15 00:00:00,1A
23566,0353,2026-01-15 00:00:00,1A
23567,4072,2026-01-15 00:00:00,1A
23568,1310,2026-01-15 00:00:00,1A
23569,3003A,2026-01-15 00:00:00,1A
23570,2080,2026-01-15 00:00:00,1A
23571,4018,2026-01-15 00:00:00,1A
23572,2093,2026-01-15 00:00:00,1A
23573,80272,2026-01-15 00:00:00,1A
23574,7074,2026-01-15 00:00:00,1A
23575,0206A,2026-01-15 00:00:00,1A
23576,2148A,2026-01-15 00:00:00,1A
23577,0332,2026-01-15 00:00:00,1A
23578,91172,2026-01-15 00:00:00,1A
23579,2143,2026-01-15 00:00:00,1A
23580,2180A,2026-01-15 00:00:00,1A
23581,5090,2026-01-15 00:00:00,1A
23582,7059,2026-01-15 00:00:00,1A
23583,8077,2026-01-15 00:00:00,1A
23584,7028,2026-01-15 00:00:00,1A
23585,2039,2026-01-15 00:00:00,1A
23586,9073,2026-01-15 00:00:00,1A
23587,1045,2026-01-15 00:00:00,1A
23588,80882,2026-01-15 00:00:00,1A
23589,0269,2026-01-15 00:00:00,1A
23590,30212,2026-01-15 00:00:00,1A
23591,0306,2026-01-15 00:00:00,1A
23592,0107,2026-01-15 00:00:00,1A
23593,34,2026-01-15 00:00:00,1A
23594,9125,2026-01-15 00:00:00,1A
23595,5077,2026-01-15 00:00:00,1A
23596,7022,2026-01-15 00:00:00,1A
23597,22135,2026-01-15 00:00:00,1A
23598,1015,2026-01-15 00:00:00,1A
23599,0272,2026-01-15 00:00:00,1A
23600,3066B,2026-01-15 00:00:00,1A
23601,5144,2026-01-15 00:00:00,1A
23602,4151,2026-01-15 00:00:00,1A
23603,80121,2026-01-15 00:00:00,1A
23604,0249,2026-01-15 00:00:00,1A
23605,2103,2026-01-15 00:00:00,1A
23606,2048,2026-01-15 00:00:00,1A
23607,0336,2026-01-15 00:00:00,1A
23608,1095A,2026-01-15 00:00:00,1A
23609,20334,2026-01-15 00:00:00,1A
23610,0101,2026-01-15 00:00:00,1A
23611,22144,2026-01-15 00:00:00,1A
23612,0342,2026-01-15 00:00:00,1A
23613,0323,2026-01-15 00:00:00,1A
23614,1078A,2026-01-15 00:00:00,1A
23615,0231A,2026-01-15 00:00:00,1A
23616,1088A,2026-01-15 00:00:00,1A
23617,2196A,2026-01-15 00:00:00,1A
23618,20001,2026-01-15 00:00:00,1A
23619,8096,2026-01-15 00:00:00,1A
23620,8046,2026-01-15 00:00:00,1A
23621,0259,2026-01-15 00:00:00,1A
23622,3026A,2026-01-15 00:00:00,1A
23623,0278,2026-01-15 00:00:00,1A
23624,9053,2026-01-15 00:00:00,1A
23625,2094A,2026-01-15 00:00:00,1A
23626,0333,2026-01-15 00:00:00,1A
23627,4007,2026-01-15 00:00:00,1A
23628,8017,2026-01-15 00:00:00,1A
23629,0111,2026-01-15 00:00:00,1A
23630,8076,2026-01-15 00:00:00,1A
23631,0310,2026-01-15 00:00:00,1A
23632,0321,2026-01-15 00:00:00,1A
23633,1100A,2026-01-15 00:00:00,1A
23634,2023,2026-01-15 00:00:00,1A
23635,2034,2026-01-15 00:00:00,1A
23636,2052,2026-01-15 00:00:00,1A
23637,2102,2026-01-15 00:00:00,1A
23638,2137,2026-01-15 00:00:00,1A
23639,2140,2026-01-15 00:00:00,1A
23640,22161,2026-01-15 00:00:00,1A
23641,22172,2026-01-15 00:00:00,1A
23642,4076,2026-01-15 00:00:00,1A
23643,4099,2026-01-15 00:00:00,1A
23644,5092,2026-01-15 00:00:00,1A
23645,6008,2026-01-15 00:00:00,1A
23646,8041,2026-01-15 00:00:00,1A
23647,9115,2026-01-15 00:00:00,1A
23648,9126A,2026-01-15 00:00:00,1A
23649,9503,2026-01-15 00:00:00,1A
23650,8037,2026-01-15 00:00:00,3A
23651,1015A,2026-01-15 00:00:00,3A
23652,6021,2026-01-15 00:00:00,3A
23653,0202,2026-01-15 00:00:00,3A
23654,9076,2026-01-15 00:00:00,3A
23655,4078,2026-01-15 00:00:00,3A
23656,2063A,2026-01-15 00:00:00,3A
23657,0018,2026-01-15 00:00:00,3A
23658,0240,2026-01-15 00:00:00,3A
23659,10431,2026-01-15 00:00:00,3A
23660,0327,2026-01-15 00:00:00,3A
23661,8062,2026-01-15 00:00:00,3A
23662,1004,2026-01-15 00:00:00,3A
23663,8094,2026-01-15 00:00:00,3A
23664,2201,2026-01-15 00:00:00,3A
23665,9037,2026-01-15 00:00:00,3A
23666,1075,2026-01-15 00:00:00,3A
23667,9091,2026-01-15 00:00:00,3A
23668,0252,2026-01-15 00:00:00,3A
23669,0329,2026-01-15 00:00:00,3A
23670,0241,2026-01-15 00:00:00,3A
23671,0338,2026-01-15 00:00:00,3A
23672,0208A,2026-01-15 00:00:00,3A
23673,2014,2026-01-15 00:00:00,3A
23674,0297,2026-01-15 00:00:00,3A
23675,2062,2026-01-15 00:00:00,3A
23676,8045,2026-01-15 00:00:00,3A
23677,0284,2026-01-15 00:00:00,3A
23678,EMB 2,2026-01-15 00:00:00,3A
23679,8005,2026-01-15 00:00:00,3A
23680,19,2026-01-15 00:00:00,3A
23681,2146,2026-01-15 00:00:00,3A
23682,3021A,2026-01-15 00:00:00,3A
23683,1063,2026-01-15 00:00:00,3A
23684,7017,2026-01-15 00:00:00,3A
23685,2047,2026-01-15 00:00:00,3A
23686,EMB 5,2026-01-15 00:00:00,3A
23687,7083,2026-01-15 00:00:00,3A
23688,5030,2026-01-15 00:00:00,3A
23689,2108,2026-01-15 00:00:00,3A
23690,2095,2026-01-15 00:00:00,3A
23691,9113,2026-01-15 00:00:00,3A
23692,J425,2026-01-15 00:00:00,3A
23693,2073,2026-01-15 00:00:00,3A
23694,5079,2026-01-15 00:00:00,3A
23695,2203,2026-01-15 00:00:00,3A
23696,2133A,2026-01-15 00:00:00,3A
23697,5146,2026-01-15 00:00:00,3A
23698,9020,2026-01-15 00:00:00,3A
23699,1091,2026-01-15 00:00:00,3A
23700,9006,2026-01-15 00:00:00,3A
23701,9071,2026-01-15 00:00:00,3A
23702,7007,2026-01-15 00:00:00,3A
23703,1104A,2026-01-15 00:00:00,3A
23704,5060,2026-01-15 00:00:00,3A
23705,8028,2026-01-15 00:00:00,3A
23706,7012,2026-01-15 00:00:00,3A
23707,2030,2026-01-15 00:00:00,3A
23708,8019,2026-01-15 00:00:00,3A
23709,02331,2026-01-15 00:00:00,3A
23710,6043,2026-01-15 00:00:00,3A
23711,2111,2026-01-15 00:00:00,3A
23712,2018,2026-01-15 00:00:00,3A
23713,7077,2026-01-15 00:00:00,3A
23714,2035A,2026-01-15 00:00:00,3A
23715,0299A,2026-01-15 00:00:00,3A
23716,1005,2026-01-15 00:00:00,3A
23717,1102,2026-01-15 00:00:00,3A
23718,1109B,2026-01-15 00:00:00,3A
23719,2042,2026-01-15 00:00:00,3A
23720,9500,2026-01-15 00:00:00,3A
23721,6035,2026-01-15 00:00:00,3A
23722,9011,2026-01-15 00:00:00,SERVICIO
23723,5076,2026-01-15 00:00:00,SERVICIO
23724,9116B,2026-01-15 00:00:00,SERVICIO
23725,3750,2026-01-15 00:00:00,SERVICIO
23726,5052,2026-01-15 00:00:00,SERVICIO
23727,8006,2026-01-15 00:00:00,SERVICIO
23728,33,2026-01-15 00:00:00,SERVICIO
23729,8050,2026-01-15 00:00:00,SERVICIO
23730,0258,2026-01-15 00:00:00,SERVICIO
23732,2007,2026-01-15 00:00:00,SERVICIO
23733,2036,2026-01-15 00:00:00,SERVICIO
23734,2107,2026-01-15 00:00:00,SERVICIO
23735,4109,2026-01-15 00:00:00,SERVICIO
23736,9023,2026-01-15 00:00:00,SERVICIO
23737,3026A,2026-01-19 00:00:00,3A
23738,4007,2026-01-19 00:00:00,3A
23739,4018,2026-01-19 00:00:00,3A
23740,5144,2026-01-19 00:00:00,3A
23741,2048,2026-01-19 00:00:00,3A
23742,5077,2026-01-19 00:00:00,3A
23743,7059,2026-01-19 00:00:00,3A
23744,8046,2026-01-19 00:00:00,3A
23745,20334,2026-01-19 00:00:00,3A
23746,1095A,2026-01-19 00:00:00,3A
23747,30212,2026-01-19 00:00:00,3A
23748,7022,2026-01-19 00:00:00,3A
23749,8041,2026-01-19 00:00:00,3A
23750,8061,2026-01-19 00:00:00,3A
23751,9053,2026-01-19 00:00:00,3A
23752,91172,2026-01-19 00:00:00,3A
23753,9126A,2026-01-19 00:00:00,3A
23754,0206A,2026-01-19 00:00:00,3A
23755,0231A,2026-01-19 00:00:00,3A
23756,0342,2026-01-19 00:00:00,3A
23757,2080,2026-01-19 00:00:00,3A
23758,4072,2026-01-19 00:00:00,3A
23759,2180A,2026-01-19 00:00:00,3A
23760,8017,2026-01-19 00:00:00,3A
23761,2103,2026-01-19 00:00:00,3A
23762,2093,2026-01-19 00:00:00,3A
23763,22172,2026-01-19 00:00:00,3A
23766,4048,2025-12-15 00:00:00,CACH
23767,0317A,2026-01-15 00:00:00,1A
23769,0229,2026-01-18 00:00:00,10A
23770,0303,2026-01-18 00:00:00,10A
23771,8093,2026-01-18 00:00:00,10A
23772,22186,2026-01-20 00:00:00,10A
23773,4034,2026-01-20 00:00:00,10A
23774,0298,2026-01-20 00:00:00,10A
23775,26024,2026-01-17 00:00:00,CACH
23776,26025,2026-01-18 00:00:00,CACH
23777,26026,2026-01-18 00:00:00,CACH
23778,26027,2026-01-18 00:00:00,CACH
23779,26028,2026-01-20 00:00:00,CACH
23780,26029,2026-01-20 00:00:00,CACH
23781,26030,2026-01-20 00:00:00,CACH
23782,22149,2026-01-22 00:00:00,Mater
23783,9024,2026-01-22 00:00:00,Mater
23784,809,2026-01-22 00:00:00,Mater
23785,5007,2026-01-22 00:00:00,Mater
23786,91262,2026-01-22 00:00:00,Mater
23787,22085,2026-01-22 00:00:00,Mater
23788,0308,2026-01-22 00:00:00,Mater
23789,0314,2026-01-22 00:00:00,Mater
23790,2220,2026-01-22 00:00:00,Mater
23791,2002,2026-01-22 00:00:00,Mater
23792,1073,2026-01-22 00:00:00,Mater
23793,22160,2026-01-22 00:00:00,Mater
23794,1079,2026-01-22 00:00:00,Mater
23795,26009,2026-01-10 00:00:00,NINGUNO
23796,23132,2026-01-21 00:00:00,9
23797,23137,2026-01-21 00:00:00,9
23798,23145,2026-01-21 00:00:00,9
23799,23147,2026-01-21 00:00:00,9
23800,23164,2026-01-21 00:00:00,9
23801,23184,2026-01-21 00:00:00,9
23802,23187,2026-01-21 00:00:00,9
23803,23190,2026-01-21 00:00:00,9
23804,23193,2026-01-21 00:00:00,9
23805,23196,2026-01-21 00:00:00,9
23806,23210,2026-01-21 00:00:00,9
23807,23008,2026-01-21 00:00:00,9
23808,23035,2026-01-21 00:00:00,9
23809,23218,2026-01-21 00:00:00,9
23810,23220,2026-01-21 00:00:00,9
23811,23222,2026-01-21 00:00:00,9
23812,23059,2026-01-21 00:00:00,9
23813,23242,2026-01-21 00:00:00,9
23814,23247,2026-01-21 00:00:00,9
23815,23251,2026-01-21 00:00:00,9
23816,23093,2026-01-21 00:00:00,9
23817,23056,2026-01-21 00:00:00,9
23818,23091,2026-01-21 00:00:00,9
23819,23099,2026-01-21 00:00:00,9
23820,23070,2026-01-21 00:00:00,9
23821,23089,2026-01-21 00:00:00,9
23822,24198,2026-01-21 00:00:00,9
23823,23225,2026-01-21 00:00:00,9
23824,23230,2026-01-21 00:00:00,9
23825,24067,2026-01-21 00:00:00,9
23826,24074,2026-01-21 00:00:00,9
23827,24082,2026-01-21 00:00:00,9
23828,24086,2026-01-21 00:00:00,9
23829,24098,2026-01-21 00:00:00,9
23830,24111,2026-01-21 00:00:00,9
23831,24141,2026-01-21 00:00:00,9
23832,24145,2026-01-21 00:00:00,9
23833,2196A,2026-01-17 00:00:00,10A
23834,3003A,2026-01-17 00:00:00,10A
23835,7028,2026-01-17 00:00:00,10A
23836,31102,2026-01-17 00:00:00,10A
23837,2148A,2026-01-17 00:00:00,10A
23838,4151,2026-01-17 00:00:00,10A
23839,2094A,2026-01-17 00:00:00,10A
23840,1015,2026-01-17 00:00:00,10A
23841,3066B,2026-01-17 00:00:00,10A
23842,0500,2026-01-17 00:00:00,10A
23843,22144,2026-01-17 00:00:00,10A
23844,2140,2026-01-17 00:00:00,10A
23845,2137,2026-01-17 00:00:00,10A
23846,22161,2026-01-17 00:00:00,10A
23847,2143,2026-01-17 00:00:00,10A
23848,3119,2026-01-17 00:00:00,10A
23849,22135,2026-01-17 00:00:00,10A
23850,4076,2026-01-17 00:00:00,10A
23851,4099,2026-01-17 00:00:00,10A
23852,4172,2026-01-17 00:00:00,10A
23853,5090,2026-01-17 00:00:00,10A
23854,5092,2026-01-17 00:00:00,10A
23855,6008,2026-01-17 00:00:00,10A
23856,7074,2026-01-17 00:00:00,10A
23857,9007,2026-01-17 00:00:00,10A
23858,1078A,2026-01-17 00:00:00,10A
23860,8096,2026-01-17 00:00:00,10A
23861,80121,2026-01-17 00:00:00,10A
23862,80272,2026-01-17 00:00:00,10A
23863,8048,2026-01-17 00:00:00,10A
23864,8076,2026-01-17 00:00:00,10A
23865,8077,2026-01-17 00:00:00,10A
23866,8087,2026-01-17 00:00:00,10A
23868,9125,2026-01-17 00:00:00,10A
23869,1310,2026-01-17 00:00:00,10A
23870,9015,2026-01-17 00:00:00,10A
23871,9073,2026-01-17 00:00:00,10A
23872,0101,2026-01-17 00:00:00,10A
23873,0107,2026-01-17 00:00:00,10A
23874,0111,2026-01-17 00:00:00,10A
23876,0249,2026-01-17 00:00:00,10A
23877,0259,2026-01-17 00:00:00,10A
23878,0269,2026-01-17 00:00:00,10A
23879,0272,2026-01-17 00:00:00,10A
23880,0278,2026-01-17 00:00:00,10A
23881,0298A,2026-01-17 00:00:00,10A
23882,0321,2026-01-17 00:00:00,10A
23883,0323,2026-01-17 00:00:00,10A
23884,0333,2026-01-17 00:00:00,10A
23885,0336,2026-01-17 00:00:00,10A
23886,0353,2026-01-17 00:00:00,10A
23887,1052A,2026-01-17 00:00:00,10A
23888,1100A,2026-01-17 00:00:00,10A
23889,0332,2026-01-17 00:00:00,10A
23890,1045,2026-01-17 00:00:00,10A
23892,2052,2026-01-17 00:00:00,10A
23893,2039,2026-01-17 00:00:00,10A
23894,2034,2026-01-17 00:00:00,10A
23895,80882,2026-01-17 00:00:00,10A
23896,1105,2026-01-17 00:00:00,10A
23898,1088A,2026-01-17 00:00:00,10A
23899,2023,2026-01-17 00:00:00,10A
23900,2102,2026-01-17 00:00:00,10A
23901,2059,2026-01-17 00:00:00,10A
23902,0306,2026-01-17 00:00:00,10A
23903,9115,2026-01-17 00:00:00,10A
23904,0317A,2026-01-17 00:00:00,10A
23905,9503,2026-01-17 00:00:00,10A
23907,0310,2026-01-17 00:00:00,10A
23908,TSN01,2026-01-17 00:00:00,10A
23909,34,2026-01-17 00:00:00,10A
23911,20001,2026-01-17 00:00:00,10A
23912,2180A,2026-01-23 00:00:00,MUERTO
23913,26018,2026-01-25 00:00:00,MUERTO
23914,25082,2026-01-25 00:00:00,MUERTO
23915,2196A,2026-01-24 00:00:00,1A
23916,3003A,2026-01-24 00:00:00,1A
23917,7028,2026-01-24 00:00:00,1A
23918,31102,2026-01-24 00:00:00,1A
23919,2148A,2026-01-24 00:00:00,1A
23920,4151,2026-01-24 00:00:00,1A
23921,2094A,2026-01-24 00:00:00,1A
23922,1015,2026-01-24 00:00:00,1A
23923,3066B,2026-01-24 00:00:00,1A
23924,0500,2026-01-24 00:00:00,1A
23925,21391,2026-01-24 00:00:00,1A
23926,22144,2026-01-24 00:00:00,1A
23927,2140,2026-01-24 00:00:00,1A
23928,2137,2026-01-24 00:00:00,1A
23929,22161,2026-01-24 00:00:00,1A
23930,2143,2026-01-24 00:00:00,1A
23931,3119,2026-01-24 00:00:00,1A
23932,22135,2026-01-24 00:00:00,1A
23933,4023,2026-01-24 00:00:00,1A
23934,4076,2026-01-24 00:00:00,1A
23935,4099,2026-01-24 00:00:00,1A
23936,4172,2026-01-24 00:00:00,1A
23937,5090,2026-01-24 00:00:00,1A
23938,5092,2026-01-24 00:00:00,1A
23939,6008,2026-01-24 00:00:00,1A
23940,7074,2026-01-24 00:00:00,1A
23941,0143,2026-01-24 00:00:00,1A
23942,9007,2026-01-24 00:00:00,1A
23943,1078A,2026-01-24 00:00:00,1A
23944,4034,2026-01-24 00:00:00,1A
23945,8096,2026-01-24 00:00:00,1A
23946,80121,2026-01-24 00:00:00,1A
23947,80272,2026-01-24 00:00:00,1A
23948,8048,2026-01-24 00:00:00,1A
23949,8076,2026-01-24 00:00:00,1A
23950,8077,2026-01-24 00:00:00,1A
23951,8082,2026-01-24 00:00:00,1A
23952,8087,2026-01-24 00:00:00,1A
23953,8093,2026-01-24 00:00:00,1A
23954,9125,2026-01-24 00:00:00,1A
23955,1310,2026-01-24 00:00:00,1A
23956,1123,2026-01-24 00:00:00,1A
23957,9015,2026-01-24 00:00:00,1A
23958,9073,2026-01-24 00:00:00,1A
23959,0101,2026-01-24 00:00:00,1A
23960,0107,2026-01-24 00:00:00,1A
23961,0111,2026-01-24 00:00:00,1A
23962,0229,2026-01-24 00:00:00,1A
23963,0249,2026-01-24 00:00:00,1A
23964,0259,2026-01-24 00:00:00,1A
23965,0269,2026-01-24 00:00:00,1A
23966,0272,2026-01-24 00:00:00,1A
23967,0278,2026-01-24 00:00:00,1A
23968,0298A,2026-01-24 00:00:00,1A
23969,0321,2026-01-24 00:00:00,1A
23970,0323,2026-01-24 00:00:00,1A
23971,0333,2026-01-24 00:00:00,1A
23972,0336,2026-01-24 00:00:00,1A
23973,0353,2026-01-24 00:00:00,1A
23974,1052A,2026-01-24 00:00:00,1A
23975,1100A,2026-01-24 00:00:00,1A
23976,0332,2026-01-24 00:00:00,1A
23977,1045,2026-01-24 00:00:00,1A
23978,0298,2026-01-24 00:00:00,1A
23979,2052,2026-01-24 00:00:00,1A
23980,2039,2026-01-24 00:00:00,1A
23981,2034,2026-01-24 00:00:00,1A
23982,80882,2026-01-24 00:00:00,1A
23983,1105,2026-01-24 00:00:00,1A
23984,22186,2026-01-24 00:00:00,1A
23985,22098,2026-01-24 00:00:00,1A
23986,1088A,2026-01-24 00:00:00,1A
23987,2023,2026-01-24 00:00:00,1A
23988,2102,2026-01-24 00:00:00,1A
23989,2059,2026-01-24 00:00:00,1A
23990,0306,2026-01-24 00:00:00,1A
23991,9115,2026-01-24 00:00:00,1A
23992,0317A,2026-01-24 00:00:00,1A
23993,9503,2026-01-24 00:00:00,1A
23994,0303,2026-01-24 00:00:00,1A
23995,0310,2026-01-24 00:00:00,1A
23996,TSN01,2026-01-24 00:00:00,1A
23997,34,2026-01-24 00:00:00,1A
23998,22049,2026-01-24 00:00:00,1A
23999,pend41,2026-01-24 00:00:00,1A
24000,20001,2026-01-24 00:00:00,1A
24001,BU315,2026-01-24 00:00:00,C4
24002,BU085,2026-01-24 00:00:00,5
24003,BU321,2026-01-24 00:00:00,C4
24004,BU056,2026-01-24 00:00:00,MUERTO
24005,BU01251,2026-01-24 00:00:00,MUERTO
24006,BU084,2026-01-24 00:00:00,MUERTO
24007,1079,2026-01-25 00:00:00,1A
24008,9040,2026-01-26 00:00:00,1A
24009,9024,2026-01-27 00:00:00,1A
24010,0314,2026-01-28 00:00:00,1A
24011,2040,2026-01-29 00:00:00,1A
24012,809,2026-01-29 00:00:00,1A
24013,J841,2026-01-29 00:00:00,1A
24014,1073,2026-01-29 00:00:00,1A
24015,26031,2026-01-25 00:00:00,CACH
24016,26032,2026-01-26 00:00:00,CACH
24017,26033,2026-01-27 00:00:00,CACH
24018,26034,2026-01-28 00:00:00,CACH
24019,26035,2026-01-29 00:00:00,CACH
24020,26036,2026-01-29 00:00:00,CACH
24021,26037,2026-01-29 00:00:00,CACH
24022,26038,2026-01-29 00:00:00,CACH
24023,9103,2026-01-28 00:00:00,VAQ
24024,26039,2026-01-28 00:00:00,MUERTO
24025,25115,2026-01-30 00:00:00,MUERTO
24026,26024,2026-01-31 00:00:00,MUERTO
24027,2196A,2026-02-02 00:00:00,3A
24028,7028,2026-02-02 00:00:00,3A
24029,2148A,2026-02-02 00:00:00,3A
24030,4151,2026-02-02 00:00:00,3A
24031,2048,2026-02-02 00:00:00,3A
24032,22144,2026-02-02 00:00:00,3A
24033,2140,2026-02-02 00:00:00,3A
24034,2137,2026-02-02 00:00:00,3A
24035,2143,2026-02-02 00:00:00,3A
24036,22135,2026-02-02 00:00:00,3A
24037,5090,2026-02-02 00:00:00,3A
24038,7074,2026-02-02 00:00:00,3A
24039,9125,2026-02-02 00:00:00,3A
24040,9073,2026-02-02 00:00:00,3A
24041,0249,2026-02-02 00:00:00,3A
24042,0272,2026-02-02 00:00:00,3A
24043,0278,2026-02-02 00:00:00,3A
24044,0298A,2026-02-02 00:00:00,3A
24045,0333,2026-02-02 00:00:00,3A
24046,1045,2026-02-02 00:00:00,3A
24047,2093,2026-02-02 00:00:00,3A
24048,1088A,2026-02-02 00:00:00,3A
24049,0306,2026-02-02 00:00:00,3A
24050,25108,2026-02-02 00:00:00,MUERTO
24051,2109,2026-02-02 00:00:00,1A
24052,26040,2026-02-02 00:00:00,CACH
24053,2110,2026-02-04 00:00:00,Mater
24054,1103,2026-02-04 00:00:00,Mater
24055,5150,2026-02-04 00:00:00,Mater
24056,0307,2026-02-04 00:00:00,Mater
24057,22112,2026-02-04 00:00:00,Mater
24058,2124A,2026-02-04 00:00:00,Mater
24059,2226,2026-02-04 00:00:00,Mater
24060,1066A,2026-02-04 00:00:00,Mater
24061,22117,2026-02-04 00:00:00,Mater
24062,2087,2026-02-04 00:00:00,Mater
24063,9128B,2026-02-04 00:00:00,Mater
24064,22105,2026-02-04 00:00:00,Mater
24065,5033,2026-02-04 00:00:00,Mater
24066,8036,2026-02-04 00:00:00,Mater
24067,2026,2026-02-04 00:00:00,Mater
24068,0267,2026-02-04 00:00:00,Mater
24069,0322,2026-02-04 00:00:00,Mater
24070,2083,2026-02-04 00:00:00,Mater
24071,91262,2026-02-04 00:00:00,1A
24072,0322,2026-02-05 00:00:00,1A
24073,2083,2026-02-05 00:00:00,1A
24074,26041,2026-02-04 00:00:00,CACH
24075,26042,2026-02-04 00:00:00,CACH
24076,26043,2026-02-04 00:00:00,CACH
24077,25182,2026-02-05 00:00:00,MUERTO
24078,BU319,2026-02-07 00:00:00,MUERTO
24079,BU085,2026-02-07 00:00:00,MUERTO
24080,4048,2026-02-09 00:00:00,MUERTO
24081,0109A,2026-02-09 00:00:00,MUERTO
24082,2027,2026-02-09 00:00:00,MUERTO
24083,1130A,2026-02-09 00:00:00,MUERTO
24084,2162,2026-02-06 00:00:00,1A
24085,2215,2026-02-05 00:00:00,1A
24086,8043,2026-02-06 00:00:00,1A
24087,5033,2026-02-06 00:00:00,1A
24088,0308,2026-02-06 00:00:00,1A
24089,26044,2026-02-06 00:00:00,CACH
24090,26045,2026-02-05 00:00:00,CACH
24091,26046,2026-02-06 00:00:00,CACH
24092,26047,2026-02-06 00:00:00,CACH
24093,26048,2026-02-06 00:00:00,CACH
24094,22195,2026-02-09 00:00:00,4
24095,23094,2026-02-09 00:00:00,4
24096,24016,2026-02-09 00:00:00,4
24097,J4010,2026-02-09 00:00:00,4
24098,J408,2026-02-09 00:00:00,4
24099,J409,2026-02-09 00:00:00,4
24100,J420,2026-02-09 00:00:00,4
24101,J25147,2026-02-09 00:00:00,4
24102,23027,2026-02-06 00:00:00,5
24103,23098,2026-02-06 00:00:00,5
24104,23125,2026-02-06 00:00:00,5
24105,23127,2026-02-06 00:00:00,5
24106,23139,2026-02-06 00:00:00,5
24107,23160,2026-02-06 00:00:00,5
24108,23166,2026-02-06 00:00:00,5
24109,23168,2026-02-06 00:00:00,5
24110,23186,2026-02-06 00:00:00,5
24111,23223,2026-02-06 00:00:00,5
24112,23227,2026-02-06 00:00:00,5
24113,23231,2026-02-06 00:00:00,5
24114,23233,2026-02-06 00:00:00,5
24115,23237,2026-02-06 00:00:00,5
24116,23243,2026-02-06 00:00:00,5
24117,23246,2026-02-06 00:00:00,5
24118,23248,2026-02-06 00:00:00,5
24119,23250,2026-02-06 00:00:00,5
24120,23252,2026-02-06 00:00:00,5
24121,24004,2026-02-06 00:00:00,5
24122,24006,2026-02-06 00:00:00,5
24123,24007,2026-02-06 00:00:00,5
24124,24013,2026-02-06 00:00:00,5
24125,24015,2026-02-06 00:00:00,5
24126,24021,2026-02-06 00:00:00,5
24127,24028,2026-02-06 00:00:00,5
24128,24039,2026-02-06 00:00:00,5
24129,24040,2026-02-06 00:00:00,5
24130,24042,2026-02-06 00:00:00,5
24131,24043,2026-02-06 00:00:00,5
24132,24045,2026-02-06 00:00:00,5
24133,24051,2026-02-06 00:00:00,5
24134,24052,2026-02-06 00:00:00,5
24135,24053,2026-02-06 00:00:00,5
24136,24054,2026-02-06 00:00:00,5
24137,24055,2026-02-06 00:00:00,5
24138,24058,2026-02-06 00:00:00,5
24139,24066,2026-02-06 00:00:00,5
24140,24070,2026-02-06 00:00:00,5
24141,24072,2026-02-06 00:00:00,5
24142,24084,2026-02-06 00:00:00,5
24143,24090,2026-02-06 00:00:00,5
24144,24094,2026-02-06 00:00:00,5
24145,24097,2026-02-06 00:00:00,5
24146,24099,2026-02-06 00:00:00,5
24147,24101,2026-02-06 00:00:00,5
24148,24106,2026-02-06 00:00:00,5
24149,24115,2026-02-06 00:00:00,5
24150,24119,2026-02-06 00:00:00,5
24151,24120,2026-02-06 00:00:00,5
24152,24124,2026-02-06 00:00:00,5
24153,24142,2026-02-06 00:00:00,5
24154,24144,2026-02-06 00:00:00,5
24155,24150,2026-02-06 00:00:00,5
24156,24152,2026-02-06 00:00:00,5
24157,24162,2026-02-06 00:00:00,5
24158,24173,2026-02-06 00:00:00,5
24159,24180,2026-02-06 00:00:00,5
24160,24181,2026-02-06 00:00:00,5
24161,24182,2026-02-06 00:00:00,5
24162,24187,2026-02-06 00:00:00,5
24163,24190,2026-02-06 00:00:00,5
24164,24224,2026-02-06 00:00:00,5
24165,24231,2026-02-06 00:00:00,5
24166,J402,2026-02-06 00:00:00,5
24167,J403,2026-02-06 00:00:00,5
24168,J404,2026-02-06 00:00:00,5
24169,J405,2026-02-06 00:00:00,5
24170,J406,2026-02-06 00:00:00,5
24171,J407,2026-02-06 00:00:00,5
24172,J412,2026-02-06 00:00:00,5
24173,J413,2026-02-06 00:00:00,5
24174,J414,2026-02-06 00:00:00,5
24175,J415,2026-02-06 00:00:00,5
24176,J418,2026-02-06 00:00:00,5
24177,24250,2026-02-06 00:00:00,5
24178,24005,2026-02-06 00:00:00,5
24179,24131,2026-02-06 00:00:00,5
24180,24014,2026-02-06 00:00:00,5
24181,24179,2026-02-06 00:00:00,5
24182,M,2026-02-06 00:00:00,5
24183,24218,2026-02-06 00:00:00,5
24184,23232,2026-02-06 00:00:00,5
24185,24251,2026-02-06 00:00:00,5
24186,24278,2026-02-06 00:00:00,5
24187,24277,2026-02-06 00:00:00,5
24188,25023,2026-02-06 00:00:00,5
24189,25235,2026-02-06 00:00:00,5
24190,24168,2026-02-06 00:00:00,5
24191,24252,2026-02-06 00:00:00,5
24192,22195,2026-02-06 00:00:00,VAQ
24193,23094,2026-02-06 00:00:00,VAQ
24194,24008,2026-02-06 00:00:00,VAQ
24195,24016,2026-02-06 00:00:00,VAQ
24196,24068,2026-02-06 00:00:00,VAQ
24197,24114,2026-02-06 00:00:00,VAQ
24198,24129,2026-02-06 00:00:00,VAQ
24199,24212,2026-02-06 00:00:00,VAQ
24200,J4010,2026-02-06 00:00:00,VAQ
24201,J408,2026-02-06 00:00:00,VAQ
24202,J409,2026-02-06 00:00:00,VAQ
24203,J417,2026-02-06 00:00:00,VAQ
24204,24073,2026-02-06 00:00:00,VAQ
24205,25021,2026-02-06 00:00:00,VAQ
24206,24299,2026-02-06 00:00:00,VAQ
24207,24262,2026-02-06 00:00:00,VAQ
24208,24020,2026-02-06 00:00:00,VAQ
24209,24172,2026-02-06 00:00:00,VAQ
24210,24204,2026-02-06 00:00:00,VAQ
24211,24285,2026-02-06 00:00:00,VAQ
24212,24290,2026-02-06 00:00:00,VAQ
24213,24247,2026-02-06 00:00:00,VAQ
24214,23240,2026-02-06 00:00:00,5
24215,2209A,2026-02-04 00:00:00,6
24216,0201,2026-02-04 00:00:00,6
24217,9015,2026-02-04 00:00:00,6
24218,80272,2026-02-04 00:00:00,6
24219,1075,2026-02-04 00:00:00,6
24220,0143,2026-02-04 00:00:00,6
24222,8050,2026-02-04 00:00:00,6
24223,0226,2026-02-04 00:00:00,6
24224,9099,2026-02-04 00:00:00,6
24225,4023,2026-02-04 00:00:00,6
24226,10391,2026-02-04 00:00:00,6
24227,8028,2026-02-04 00:00:00,6
24228,8037,2026-02-04 00:00:00,6
24229,1004,2026-02-04 00:00:00,6
24230,1100B,2026-02-04 00:00:00,6
24231,5060,2026-02-04 00:00:00,6
24232,0299A,2026-02-04 00:00:00,6
24233,2047,2026-02-04 00:00:00,6
24234,2007,2026-02-04 00:00:00,6
24235,2073,2026-02-04 00:00:00,6
24236,1091,2026-02-04 00:00:00,6
24237,9011,2026-02-04 00:00:00,3
24238,4078,2026-02-04 00:00:00,6
24239,0317A,2026-02-11 00:00:00,4
24240,6008,2026-02-11 00:00:00,4
24241,9023,2026-02-11 00:00:00,4
24242,4034,2026-02-11 00:00:00,4
24243,25313,2026-02-11 00:00:00,4
24244,26010,2026-02-11 00:00:00,4
24245,25311,2026-02-11 00:00:00,4
24246,26029,2026-02-11 00:00:00,4
24247,2171,2026-01-28 00:00:00,6
24248,2208A,2026-01-28 00:00:00,6
24249,3107,2026-01-28 00:00:00,6
24250,2050,2026-01-28 00:00:00,6
24251,4087,2026-01-28 00:00:00,6
24252,3024A,2026-01-28 00:00:00,6
24253,50741,2026-01-28 00:00:00,6
24254,22116,2026-01-28 00:00:00,6
24255,22119,2026-01-28 00:00:00,6
24256,2141,2026-01-28 00:00:00,6
24257,22126,2026-01-28 00:00:00,6
24258,2019,2026-01-28 00:00:00,6
24259,22151,2026-01-28 00:00:00,6
24260,2145,2026-01-28 00:00:00,6
24261,22142,2026-01-28 00:00:00,6
24262,2022,2026-01-28 00:00:00,6
24263,22131,2026-01-28 00:00:00,6
24264,1091A,2026-01-28 00:00:00,6
24265,1117,2026-01-28 00:00:00,6
24266,2072,2026-01-28 00:00:00,6
24267,6070,2026-01-28 00:00:00,6
24268,7087,2026-01-28 00:00:00,6
24269,7092,2026-01-28 00:00:00,6
24270,8051,2026-01-28 00:00:00,6
24271,8089,2026-01-28 00:00:00,6
24272,6042,2026-01-28 00:00:00,6
24273,8014,2026-01-28 00:00:00,6
24274,2090A,2026-01-28 00:00:00,6
24275,3132,2026-01-28 00:00:00,6
24276,6067,2026-01-28 00:00:00,6
24277,4035,2026-01-28 00:00:00,6
24278,7061,2026-01-28 00:00:00,6
24279,8030,2026-01-28 00:00:00,6
24280,8054,2026-01-28 00:00:00,6
24281,8079,2026-01-28 00:00:00,6
24282,8086,2026-01-28 00:00:00,6
24283,9051,2026-01-28 00:00:00,6
24284,9058,2026-01-28 00:00:00,6
24285,91171,2026-01-28 00:00:00,6
24286,91242,2026-01-28 00:00:00,6
24287,0205,2026-01-28 00:00:00,6
24288,0220,2026-01-28 00:00:00,6
24289,0270,2026-01-28 00:00:00,6
24290,0291,2026-01-28 00:00:00,6
24291,0344,2026-01-28 00:00:00,6
24292,0354,2026-01-28 00:00:00,6
24293,1188,2026-01-28 00:00:00,6
24294,1017A,2026-01-28 00:00:00,6
24295,1053A,2026-01-28 00:00:00,6
24296,1074,2026-01-28 00:00:00,6
24297,80472,2026-01-28 00:00:00,6
24298,2202,2026-01-28 00:00:00,6
24299,2016,2026-01-28 00:00:00,6
24300,2088B,2026-01-28 00:00:00,6
24301,22177,2026-01-28 00:00:00,6
24302,22180,2026-01-28 00:00:00,6
24303,22191,2026-01-28 00:00:00,6
24304,1066,2026-01-28 00:00:00,6
24305,2200,2026-01-28 00:00:00,6
24306,20971,2026-01-28 00:00:00,6
24307,0234,2026-01-28 00:00:00,6
24308,0305,2026-01-28 00:00:00,6
24309,2500,2026-01-28 00:00:00,6
24310,pend24,2026-01-28 00:00:00,6
24311,2066,2026-01-28 00:00:00,6
24312,30,2026-01-28 00:00:00,6
24313,2096A,2026-01-28 00:00:00,6
24314,2218,2026-01-28 00:00:00,6
24315,35,2026-01-28 00:00:00,6
24316,22139,2026-01-28 00:00:00,6
24317,J01415,2026-01-28 00:00:00,6
24318,J422,2026-01-28 00:00:00,6
24319,J426,2026-01-28 00:00:00,6
24320,24200,2025-12-19 00:00:00,MG
24321,24234,2025-12-19 00:00:00,MG
24322,24235,2025-12-19 00:00:00,MG
24323,24302,2025-12-19 00:00:00,MG
24324,24283,2025-12-19 00:00:00,MG
24325,25033,2025-12-19 00:00:00,MG
24326,24271,2025-12-19 00:00:00,MG
24327,24284,2025-12-19 00:00:00,MG
24328,24157,2025-12-19 00:00:00,MG
24329,23244,2025-12-19 00:00:00,MG
24330,24056,2025-12-19 00:00:00,MG
24331,25063,2026-02-11 00:00:00,VAQ
24332,25071,2026-02-11 00:00:00,VAQ
24333,25078,2026-02-11 00:00:00,VAQ
24334,25084,2026-02-11 00:00:00,VAQ
24335,25086,2026-02-11 00:00:00,VAQ
24336,25093,2026-02-11 00:00:00,VAQ
24337,25096,2026-02-11 00:00:00,VAQ
24338,25097,2026-02-11 00:00:00,VAQ
24339,25104,2026-02-11 00:00:00,VAQ
24340,25118,2026-02-11 00:00:00,VAQ
24341,25120,2026-02-11 00:00:00,VAQ
24342,25122,2026-02-11 00:00:00,VAQ
24343,25125,2026-02-11 00:00:00,VAQ
24344,25137,2026-02-11 00:00:00,VAQ
24345,25138,2026-02-11 00:00:00,VAQ
24346,25140,2026-02-11 00:00:00,VAQ
24347,25149,2026-02-11 00:00:00,VAQ
24348,25151,2026-02-11 00:00:00,VAQ
24349,25152,2026-02-11 00:00:00,VAQ
24350,25100,2026-02-11 00:00:00,VAQ
24351,25091,2026-02-11 00:00:00,VAQ
24352,25121,2026-02-11 00:00:00,VAQ
24353,24160,2026-02-11 00:00:00,VAQ
24354,24205,2026-02-11 00:00:00,VAQ
24355,2045,2026-02-11 00:00:00,VAQ
24356,25080,2026-02-11 00:00:00,VAQ
24357,25119,2026-02-11 00:00:00,VAQ
24358,3501,2026-02-11 00:00:00,VAQ
24359,24154,2026-02-11 00:00:00,VAQ
24360,25033,2026-02-11 00:00:00,VAQ
24361,0132,2026-02-11 00:00:00,6
24362,0304,2026-02-11 00:00:00,6
24363,0311,2026-02-11 00:00:00,6
24364,0326,2026-02-11 00:00:00,6
24365,0343,2026-02-11 00:00:00,6
24366,0350,2026-02-11 00:00:00,6
24367,1023,2026-02-11 00:00:00,6
24368,1059,2026-02-11 00:00:00,6
24369,1084A,2026-02-11 00:00:00,6
24370,12164,2026-02-11 00:00:00,6
24371,2234,2026-02-11 00:00:00,6
24372,3027A,2026-02-11 00:00:00,6
24373,33,2026-02-11 00:00:00,6
24374,4033,2026-02-11 00:00:00,6
24375,5052,2026-02-11 00:00:00,6
24376,5098,2026-02-11 00:00:00,6
24377,6020,2026-02-11 00:00:00,6
24378,6031,2026-02-11 00:00:00,6
24379,7080,2026-02-11 00:00:00,6
24380,8006,2026-02-11 00:00:00,6
24381,9014,2026-02-11 00:00:00,6
24382,91091,2026-02-11 00:00:00,6
24383,0125,2026-02-11 00:00:00,4
24384,0128,2026-02-11 00:00:00,4
24385,0206B,2026-02-11 00:00:00,4
24386,0246,2026-02-11 00:00:00,4
24387,0258,2026-02-11 00:00:00,4
24388,0271,2026-02-11 00:00:00,4
24389,0312,2026-02-11 00:00:00,4
24390,0330A,2026-02-11 00:00:00,4
24391,0348,2026-02-11 00:00:00,4
24392,0349,2026-02-11 00:00:00,4
24393,0352,2026-02-11 00:00:00,4
24394,1032,2026-02-11 00:00:00,4
24395,1043A,2026-02-11 00:00:00,4
24396,1056A,2026-02-11 00:00:00,4
24397,1065,2026-02-11 00:00:00,4
24398,1077A,2026-02-11 00:00:00,4
24399,1097B,2026-02-11 00:00:00,4
24400,1132,2026-02-11 00:00:00,4
24401,2016,2026-02-11 00:00:00,4
24402,2024,2026-02-11 00:00:00,4
24403,2037,2026-02-11 00:00:00,4
24404,2059,2026-02-11 00:00:00,4
24405,2061,2026-02-11 00:00:00,4
24406,2064,2026-02-11 00:00:00,4
24407,2097,2026-02-11 00:00:00,4
24408,2107,2026-02-11 00:00:00,4
24409,2143A,2026-02-11 00:00:00,4
24410,22198,2026-02-11 00:00:00,4
24411,23037,2026-02-11 00:00:00,4
24412,25154,2026-02-11 00:00:00,4
24413,25164,2026-02-11 00:00:00,4
24414,25173,2026-02-11 00:00:00,4
24415,25176,2026-02-11 00:00:00,4
24416,25178,2026-02-11 00:00:00,4
24417,25179,2026-02-11 00:00:00,4
24418,25183,2026-02-11 00:00:00,4
24419,25188,2026-02-11 00:00:00,4
24420,25192,2026-02-11 00:00:00,4
24421,25203,2026-02-11 00:00:00,4
24422,25206,2026-02-11 00:00:00,4
24423,25210,2026-02-11 00:00:00,4
24424,25211,2026-02-11 00:00:00,4
24425,25222,2026-02-11 00:00:00,4
24426,25223,2026-02-11 00:00:00,4
24427,25224,2026-02-11 00:00:00,4
24428,25226,2026-02-11 00:00:00,4
24429,25232,2026-02-11 00:00:00,4
24430,25239,2026-02-11 00:00:00,4
24431,25247,2026-02-11 00:00:00,4
24432,25255,2026-02-11 00:00:00,4
24433,25261,2026-02-11 00:00:00,4
24434,25263,2026-02-11 00:00:00,4
24435,25271,2026-02-11 00:00:00,4
24436,25272,2026-02-11 00:00:00,4
24437,25286,2026-02-11 00:00:00,4
24438,25299,2026-02-11 00:00:00,4
24439,25301,2026-02-11 00:00:00,4
24440,25303,2026-02-11 00:00:00,4
24441,25304,2026-02-11 00:00:00,4
24442,25309,2026-02-11 00:00:00,4
24443,31,2026-02-11 00:00:00,4
24444,3108,2026-02-11 00:00:00,4
24445,3119,2026-02-11 00:00:00,4
24446,4053,2026-02-11 00:00:00,4
24447,4055,2026-02-11 00:00:00,4
24448,4066,2026-02-11 00:00:00,4
24449,4100,2026-02-11 00:00:00,4
24450,4101,2026-02-11 00:00:00,4
24451,4109,2026-02-11 00:00:00,4
24452,4141,2026-02-11 00:00:00,4
24453,4A,2026-02-11 00:00:00,4
24454,50501,2026-02-11 00:00:00,4
24455,6028,2026-02-11 00:00:00,4
24456,6037,2026-02-11 00:00:00,4
24457,7072,2026-02-11 00:00:00,4
24458,8010,2026-02-11 00:00:00,4
24459,8060,2026-02-11 00:00:00,4
24460,8063,2026-02-11 00:00:00,4
24461,8085,2026-02-11 00:00:00,4
24462,9100,2026-02-11 00:00:00,4
24463,9104,2026-02-11 00:00:00,4
24464,9116B,2026-02-11 00:00:00,4
24465,9121,2026-02-11 00:00:00,4
24466,9122,2026-02-11 00:00:00,4
24467,9501,2026-02-11 00:00:00,4
24468,J420,2026-02-11 00:00:00,4
24469,2060,2026-02-11 00:00:00,4
24470,2065,2026-02-11 00:00:00,4
24471,J428,2026-02-11 00:00:00,4
24472,26015,2026-02-11 00:00:00,4
24473,0310,2026-02-11 00:00:00,4
24474,25302,2026-02-11 00:00:00,4
24475,26005,2026-02-11 00:00:00,4
24476,25317,2026-02-11 00:00:00,4
24477,26008,2026-02-11 00:00:00,4
24478,26010,2026-02-11 00:00:00,4
24479,25177,2026-02-11 00:00:00,4
24480,9503,2026-02-11 00:00:00,4
24481,0321,2026-02-11 00:00:00,4
24482,4099,2026-02-11 00:00:00,4
24483,5092,2026-02-11 00:00:00,4
24484,23094,2026-02-11 00:00:00,4
24485,J4010,2026-02-11 00:00:00,4
24486,J408,2026-02-11 00:00:00,4
24487,22195,2026-02-11 00:00:00,4
24488,2102,2026-02-11 00:00:00,4
24489,4076,2026-02-11 00:00:00,4
24490,24016,2026-02-11 00:00:00,4
24491,J409,2026-02-11 00:00:00,4
24492,9115,2026-02-11 00:00:00,4
24493,25315,2026-02-11 00:00:00,4
24494,23027,2026-02-12 00:00:00,2
24495,23098,2026-02-12 00:00:00,2
24496,23125,2026-02-12 00:00:00,2
24497,23127,2026-02-12 00:00:00,2
24498,23131,2026-02-12 00:00:00,2
24499,23139,2026-02-12 00:00:00,2
24500,23148,2026-02-12 00:00:00,2
24501,23160,2026-02-12 00:00:00,2
24502,23166,2026-02-12 00:00:00,2
24503,23168,2026-02-12 00:00:00,2
24504,23186,2026-02-12 00:00:00,2
24505,23223,2026-02-12 00:00:00,2
24506,23227,2026-02-12 00:00:00,2
24507,23231,2026-02-12 00:00:00,2
24508,23232,2026-02-12 00:00:00,2
24509,23233,2026-02-12 00:00:00,2
24510,23237,2026-02-12 00:00:00,2
24511,23240,2026-02-12 00:00:00,2
24512,23243,2026-02-12 00:00:00,2
24513,23246,2026-02-12 00:00:00,2
24514,23248,2026-02-12 00:00:00,2
24515,23250,2026-02-12 00:00:00,2
24516,23252,2026-02-12 00:00:00,2
24517,24004,2026-02-12 00:00:00,2
24518,24005,2026-02-12 00:00:00,2
24519,24006,2026-02-12 00:00:00,2
24520,24007,2026-02-12 00:00:00,2
24521,24014,2026-02-12 00:00:00,2
24522,24013,2026-02-12 00:00:00,2
24523,24015,2026-02-12 00:00:00,2
24524,24021,2026-02-12 00:00:00,2
24525,24028,2026-02-12 00:00:00,2
24526,24039,2026-02-12 00:00:00,2
24527,24040,2026-02-12 00:00:00,2
24528,24043,2026-02-12 00:00:00,2
24529,24042,2026-02-12 00:00:00,2
24530,24045,2026-02-12 00:00:00,2
24531,24051,2026-02-12 00:00:00,2
24532,24052,2026-02-12 00:00:00,2
24533,24053,2026-02-12 00:00:00,2
24534,24054,2026-02-12 00:00:00,2
24535,24055,2026-02-12 00:00:00,2
24536,24058,2026-02-12 00:00:00,2
24537,24066,2026-02-12 00:00:00,2
24538,24070,2026-02-12 00:00:00,2
24539,24072,2026-02-12 00:00:00,2
24540,24077,2026-02-12 00:00:00,2
24541,24084,2026-02-12 00:00:00,2
24542,24090,2026-02-12 00:00:00,2
24543,24094,2026-02-12 00:00:00,2
24544,24097,2026-02-12 00:00:00,2
24545,24099,2026-02-12 00:00:00,2
24546,24101,2026-02-12 00:00:00,2
24547,24106,2026-02-12 00:00:00,2
24549,24115,2026-02-12 00:00:00,2
24550,24119,2026-02-12 00:00:00,2
24551,24120,2026-02-12 00:00:00,2
24552,24124,2026-02-12 00:00:00,2
24553,24131,2026-02-12 00:00:00,2
24554,24142,2026-02-12 00:00:00,2
24555,24144,2026-02-12 00:00:00,2
24556,24150,2026-02-12 00:00:00,2
24557,24152,2026-02-12 00:00:00,2
24558,24162,2026-02-12 00:00:00,2
24559,24168,2026-02-12 00:00:00,2
24560,24173,2026-02-12 00:00:00,2
24561,24179,2026-02-12 00:00:00,2
24562,24180,2026-02-12 00:00:00,2
24563,24181,2026-02-12 00:00:00,2
24564,24182,2026-02-12 00:00:00,2
24565,24187,2026-02-12 00:00:00,2
24566,24190,2026-02-12 00:00:00,2
24567,24218,2026-02-12 00:00:00,2
24568,24224,2026-02-12 00:00:00,2
24569,24231,2026-02-12 00:00:00,2
24570,24250,2026-02-12 00:00:00,2
24571,24251,2026-02-12 00:00:00,2
24572,24252,2026-02-12 00:00:00,2
24573,J402,2026-02-12 00:00:00,2
24574,J403,2026-02-12 00:00:00,2
24575,J404,2026-02-12 00:00:00,2
24576,J405,2026-02-12 00:00:00,2
24577,J406,2026-02-12 00:00:00,2
24578,J407,2026-02-12 00:00:00,2
24579,J412,2026-02-12 00:00:00,2
24580,J413,2026-02-12 00:00:00,2
24581,J414,2026-02-12 00:00:00,2
24582,J415,2026-02-12 00:00:00,2
24583,J418,2026-02-12 00:00:00,2
24584,J419,2026-02-12 00:00:00,2
24585,24277,2026-02-12 00:00:00,2
24586,24278,2026-02-12 00:00:00,2
24587,25023,2026-02-12 00:00:00,2
24588,25235,2026-02-12 00:00:00,2
24589,24148,2026-02-12 00:00:00,2
24590,25294,2026-02-11 00:00:00,4
24591,26014,2026-02-11 00:00:00,4
24592,2011,2026-02-10 00:00:00,1A
24593,1103,2026-02-10 00:00:00,1A
24594,22177,2026-02-10 00:00:00,1A
24595,22119,2026-02-10 00:00:00,1A
24596,26049,2026-02-10 00:00:00,CACH
24597,26050,2026-02-10 00:00:00,CACH
24598,26051,2026-02-10 00:00:00,CACH
24599,26052,2026-02-10 00:00:00,CACH
24601,BU78,2026-02-06 00:00:00,5
24602,BU78,2026-02-06 00:00:00,5
24603,BU79,2026-02-06 00:00:00,5
24604,BU356,2026-02-06 00:00:00,5
24605,BU357,2026-02-06 00:00:00,5
24606,BU358,2026-02-06 00:00:00,5
24607,BU360,2026-02-06 00:00:00,5
24608,BU363,2026-02-06 00:00:00,5
24609,BU368,2026-02-06 00:00:00,5
24610,BU370,2026-02-06 00:00:00,5
24611,BU371,2026-02-06 00:00:00,5
24612,BU374,2026-02-06 00:00:00,5
24613,BU375,2026-02-06 00:00:00,5
24614,BU377,2026-02-06 00:00:00,5
24615,25071,2026-02-12 00:00:00,C4
24616,25086,2026-02-12 00:00:00,C4
24617,25080,2026-02-12 00:00:00,C4
24618,25033,2026-02-12 00:00:00,C4
24619,24205,2026-02-12 00:00:00,C4
24620,25152,2026-02-12 00:00:00,C4
24621,25118,2026-02-12 00:00:00,C4
24622,25149,2026-02-12 00:00:00,C4
24623,24212,2026-02-12 00:00:00,C4
24624,25093,2026-02-12 00:00:00,C4
24625,25045,2026-02-12 00:00:00,C4
24626,25122,2026-02-12 00:00:00,C4
24627,25125,2026-02-12 00:00:00,C4
24628,25151,2026-02-12 00:00:00,C4
24629,25097,2026-02-12 00:00:00,C4
24630,25096,2026-02-12 00:00:00,C4
24631,25062,2026-02-12 00:00:00,C4
24632,25120,2026-02-12 00:00:00,C4
24633,24286,2026-02-11 00:00:00,C4
24634,25065,2026-02-11 00:00:00,C4
24635,24302,2026-02-11 00:00:00,C4
24636,25054,2026-02-11 00:00:00,C4
24637,24284,2026-02-11 00:00:00,C4
24638,24234,2026-02-11 00:00:00,C4
24639,24229,2026-02-11 00:00:00,C4
24640,24114,2026-02-11 00:00:00,C4
24641,24306,2026-02-11 00:00:00,C4
24642,25060,2026-02-11 00:00:00,C4
24643,J25031,2026-02-11 00:00:00,C4
24644,25116,2026-02-11 00:00:00,C4
24645,25064,2026-02-11 00:00:00,C4
24646,24073,2026-02-11 00:00:00,C4
24647,J25049,2026-02-11 00:00:00,C4
24648,25052,2026-02-11 00:00:00,C4
24649,25030,2026-02-11 00:00:00,C4
24650,25039,2026-02-11 00:00:00,C4
24651,24157,2026-02-11 00:00:00,C4
24652,25026,2026-02-11 00:00:00,C4
24653,24272,2026-02-11 00:00:00,C4
24654,25069,2026-02-11 00:00:00,C4
24655,25037,2026-02-11 00:00:00,C4
24656,25070,2026-02-11 00:00:00,C4
24657,25020,2026-02-11 00:00:00,SILENCIO
24658,24285,2026-02-11 00:00:00,SILENCIO
24659,25055,2026-02-11 00:00:00,SILENCIO
24660,25088,2026-02-11 00:00:00,SILENCIO
24661,25067,2026-02-11 00:00:00,SILENCIO
24662,25022,2026-02-11 00:00:00,SILENCIO
24663,25005,2026-02-11 00:00:00,SILENCIO
24664,24247,2026-02-11 00:00:00,SILENCIO
24665,25024,2026-02-11 00:00:00,SILENCIO
24666,24287,2026-02-11 00:00:00,SILENCIO
24667,24200,2026-02-11 00:00:00,SILENCIO
24668,24290,2026-02-11 00:00:00,SILENCIO
24669,24300,2026-02-11 00:00:00,SILENCIO
24670,24172,2026-02-11 00:00:00,SILENCIO
24671,25074,2026-02-11 00:00:00,SILENCIO
24672,25114,2026-02-11 00:00:00,SILENCIO
24673,25109,2026-02-11 00:00:00,SILENCIO
24674,23209,2026-02-11 00:00:00,SILENCIO
24675,24299,2026-02-11 00:00:00,SILENCIO
24676,J25002,2026-02-11 00:00:00,SILENCIO
24677,24297,2026-02-11 00:00:00,SILENCIO
24678,25075,2026-02-11 00:00:00,SILENCIO
24679,25056,2026-02-11 00:00:00,SILENCIO
24680,25061,2026-02-11 00:00:00,SILENCIO
24681,24289,2026-02-11 00:00:00,SILENCIO
24682,25038,2026-02-15 00:00:00,MUERTO
24683,2087,2026-02-14 00:00:00,1A
24684,2110,2026-02-14 00:00:00,1A
24685,0267,2026-02-14 00:00:00,1A
24686,3107,2026-02-14 00:00:00,1A
24687,j426,2026-02-14 00:00:00,1A
24688,22160,2026-02-14 00:00:00,1A
24689,2141,2026-02-14 00:00:00,1A
24690,8036,2026-02-15 00:00:00,1A
24691,2220,2026-02-15 00:00:00,1A
24692,26053,2026-02-14 00:00:00,CACH
24693,26054,2026-02-14 00:00:00,CACH
24694,26055,2026-02-14 00:00:00,CACH
24695,26056,2026-02-14 00:00:00,CACH
24696,26057,2026-02-14 00:00:00,CACH
24697,26058,2026-02-14 00:00:00,CACH
24698,26059,2026-02-14 00:00:00,CACH
24699,26060,2026-02-15 00:00:00,CACH
24700,26061,2026-02-15 00:00:00,CACH
24701,24154,2026-02-12 00:00:00,MG
24702,24160,2026-02-12 00:00:00,MG
24703,2045,2026-02-12 00:00:00,MG
24704,24089,2026-02-12 00:00:00,MG
24705,3501,2026-02-12 00:00:00,MG
24706,24020,2026-02-12 00:00:00,MG
24707,23217,2026-02-12 00:00:00,MG
24708,24056,2026-02-12 00:00:00,MG
24709,24068,2026-02-12 00:00:00,MG
24710,23086,2026-02-12 00:00:00,MG
24711,24065,2026-02-12 00:00:00,MG
24712,24233,2026-02-12 00:00:00,MG
24713,24271,2026-02-12 00:00:00,MG
24714,23244,2026-02-12 00:00:00,MG
24715,j417,2026-02-12 00:00:00,MG
24716,24255,2026-02-12 00:00:00,MG
24717,24214,2026-02-12 00:00:00,MG
24718,25063,2026-02-12 00:00:00,SILENCIO
24719,25084,2026-02-12 00:00:00,SILENCIO
24720,25104,2026-02-12 00:00:00,SILENCIO
24721,25137,2026-02-12 00:00:00,SILENCIO
24722,25100,2026-02-12 00:00:00,SILENCIO
24723,25091,2026-02-12 00:00:00,SILENCIO
24724,25121,2026-02-12 00:00:00,SILENCIO
24725,25034,2026-02-12 00:00:00,SILENCIO
24726,25027,2026-02-12 00:00:00,SILENCIO
24727,25058,2026-02-12 00:00:00,SILENCIO
24728,25036,2026-02-12 00:00:00,SILENCIO
24729,22169A,2026-02-12 00:00:00,SILENCIO
24730,25099,2026-02-12 00:00:00,SILENCIO
24731,25028,2026-02-12 00:00:00,SILENCIO
24732,25076,2026-02-12 00:00:00,SILENCIO
24733,24235,2026-02-12 00:00:00,SILENCIO
24734,25053,2026-02-12 00:00:00,SILENCIO
24735,24008,2026-02-12 00:00:00,SILENCIO
24736,24283,2026-02-12 00:00:00,SILENCIO
24737,25009,2026-02-12 00:00:00,SILENCIO
24738,25068,2026-02-12 00:00:00,SILENCIO
24739,25012,2026-02-12 00:00:00,SILENCIO
24740,25040,2026-02-12 00:00:00,SILENCIO
24741,25066,2026-02-12 00:00:00,SILENCIO
24742,0284,2026-02-13 00:00:00,3
24743,7022,2026-02-13 00:00:00,3
24744,5079,2026-02-13 00:00:00,3
24745,0018,2026-02-13 00:00:00,6
24746,5090,2026-02-13 00:00:00,6
24747,J424,2026-02-13 00:00:00,6
24748,9007,2026-02-13 00:00:00,CACH
24749,9103,2026-02-03 00:00:00,1A
24750,9110A,2026-02-13 00:00:00,1A
24751,26046,2026-02-11 00:00:00,MUERTO
24752,26056,2026-02-18 00:00:00,MUERTO
24753,2226,2026-02-17 00:00:00,1A
24754,2026,2026-02-17 00:00:00,1A
24755,26062,2026-02-17 00:00:00,CACH
24756,26063,2026-02-17 00:00:00,CACH
24757,25259,2025-12-18 00:00:00,MUERTO
24758,25113,2026-01-16 00:00:00,MUERTO
24759,BU057,2026-02-20 00:00:00,C4
24760,5007,2026-02-19 00:00:00,1A
24761,BU26001,2026-02-20 00:00:00,C4
24762,26064,2026-02-19 00:00:00,CACH
24763,2215,2026-02-22 00:00:00,MUERTO
24764,0307,2026-02-20 00:00:00,1A
24765,6067,2026-02-20 00:00:00,1A
24766,9128B,2026-02-20 00:00:00,1A
24767,5150,2026-02-21 00:00:00,1A
24768,2096A,2026-02-22 00:00:00,1A
24769,26065,2026-02-20 00:00:00,CACH
24770,26066,2026-02-20 00:00:00,CACH
24771,26067,2026-02-20 00:00:00,CACH
24772,26068,2026-02-21 00:00:00,CACH
24773,26069,2026-02-22 00:00:00,CACH
24774,0226,2026-02-23 00:00:00,Mater
24775,91171,2026-02-23 00:00:00,Mater
24776,8030,2026-02-23 00:00:00,Mater
24777,0305,2026-02-23 00:00:00,Mater
24778,22139,2026-02-23 00:00:00,Mater
24779,50741,2026-02-23 00:00:00,Mater
24780,2208A,2026-02-23 00:00:00,Mater
24781,4035,2026-02-23 00:00:00,Mater
24782,8051,2026-02-23 00:00:00,Mater
24783,2066,2026-02-23 00:00:00,Mater
24784,26070,2026-02-23 00:00:00,MUERTO
24785,BU2533,2026-02-25 00:00:00,MUERTO
24786,5079,2026-02-26 00:00:00,6
24787,9091,2026-02-26 00:00:00,6
24788,2201,2026-02-26 00:00:00,6
24789,0284,2026-02-26 00:00:00,6
24790,0329,2026-02-26 00:00:00,6
24791,1075,2026-02-26 00:00:00,6
24792,9011,2026-02-26 00:00:00,6
24793,8011,2026-02-26 00:00:00,6
24794,9071,2026-02-26 00:00:00,6
24795,30212,2026-02-26 00:00:00,6
24796,J425,2026-02-26 00:00:00,6
24797,2137,2026-02-26 00:00:00,6
24798,1005,2026-02-26 00:00:00,6
24799,7022,2026-02-26 00:00:00,6
24800,2035A,2026-02-26 00:00:00,6
24801,0202,2026-02-26 00:00:00,6
24802,9113,2026-02-26 00:00:00,6
24803,1104A,2026-02-26 00:00:00,6
24804,6035,2026-02-26 00:00:00,6
24805,2062,2026-02-26 00:00:00,6
24806,7007,2026-02-26 00:00:00,6
24807,7083,2026-02-26 00:00:00,6
24808,26048,2026-02-25 00:00:00,MUERTO
24809,22112,2026-02-25 00:00:00,1A
24810,22117,2026-02-26 00:00:00,1A
24811,26072,2026-02-25 00:00:00,CACH
24812,26074,2026-02-26 00:00:00,CACH
24813,2088B,2026-02-28 00:00:00,1A
24814,4035,2026-02-28 00:00:00,1A
24815,2124A,2026-02-28 00:00:00,1A
24816,26075,2026-02-28 00:00:00,CACH
24817,26076,2026-02-28 00:00:00,CACH
24818,26077,2026-02-28 00:00:00,CACH
24820,26045,2026-03-01 00:00:00,MUERTO
24821,25044,2026-03-02 00:00:00,MUERTO
24822,22085,2026-02-25 00:00:00,1A
24823,26073,2026-02-25 00:00:00,CACH
24824,25258,2026-03-06 00:00:00,MUERTO
24825,1053,2026-03-05 00:00:00,MUERTO
24826,1215,2026-03-05 00:00:00,MUERTO
24827,0141,2026-03-05 00:00:00,MUERTO
24828,1056,2026-03-05 00:00:00,MUERTO
24829,BU26001,2026-03-01 00:00:00,MUERTO
24830,26078,2026-03-06 00:00:00,MUERTO
24831,9500,2026-03-05 00:00:00,10B
24832,25215,2026-03-05 00:00:00,10B
24833,pend41,2026-03-05 00:00:00,SERVICIO
24834,2143,2026-03-05 00:00:00,SERVICIO
24835,8082,2026-03-05 00:00:00,SERVICIO
24836,7017,2026-03-05 00:00:00,SERVICIO
24837,EMB 5,2026-03-05 00:00:00,SERVICIO
24838,9128B,2026-03-05 00:00:00,SERVICIO
24839,0342,2026-03-05 00:00:00,SERVICIO
24840,8043,2026-03-05 00:00:00,SERVICIO
24841,1052A,2026-03-05 00:00:00,SERVICIO
24842,1109B,2026-03-05 00:00:00,SERVICIO
24843,1123,2026-03-05 00:00:00,SERVICIO
24844,4172,2026-03-05 00:00:00,SERVICIO
24845,0303,2026-03-05 00:00:00,SERVICIO
24846,0308,2026-03-05 00:00:00,SERVICIO
24847,22193,2026-03-10 00:00:00,1A
24848,26079,2026-03-10 00:00:00,CACH
24849,26071,2026-02-25 00:00:00,CACH
24850,8014,2026-02-25 00:00:00,CACH
24851,BU358,2026-03-11 00:00:00,C4
24852,BU78,2026-03-11 00:00:00,C4
24853,BU357,2026-03-11 00:00:00,C4
24854,BU368,2026-03-11 00:00:00,C4
24855,BU377,2026-03-11 00:00:00,C4
24856,BU363,2026-03-11 00:00:00,C4
24857,2500,2026-03-12 00:00:00,1A
24858,26080,2026-03-12 00:00:00,CACH
24859,22189,2026-03-12 00:00:00,6
24860,23001,2026-03-12 00:00:00,6
24861,23006,2026-03-12 00:00:00,6
24862,23016,2026-03-12 00:00:00,6
24863,23017,2026-03-12 00:00:00,6
24864,23022,2026-03-12 00:00:00,6
24865,23036,2026-03-12 00:00:00,6
24866,25025,2026-03-12 00:00:00,CACH
24867,2202,2026-03-12 00:00:00,Mater
24868,2050,2026-03-12 00:00:00,Mater
24869,2171,2026-03-12 00:00:00,Mater
24870,8089,2026-03-12 00:00:00,Mater
24871,22191,2026-03-12 00:00:00,Mater
24872,5052,2026-03-12 00:00:00,Mater
24873,22180,2026-03-12 00:00:00,Mater
24874,20971,2026-03-12 00:00:00,Mater
24875,0220,2026-03-12 00:00:00,Mater
24876,0304,2026-03-12 00:00:00,MAR2
24877,22151,2026-03-12 00:00:00,Mater
24878,8026,2026-03-12 00:00:00,MAR2
24879,4087,2026-03-12 00:00:00,Mater
24880,0018,2026-03-12 00:00:00,MAR2
24881,3027A,2026-03-12 00:00:00,Mater
24882,80472,2026-03-12 00:00:00,Mater
24883,1109A,2026-03-12 00:00:00,MAR2
24884,25077,2026-03-13 00:00:00,SILENCIO
24885,25103,2026-03-13 00:00:00,SILENCIO
24886,25050,2026-03-13 00:00:00,SILENCIO
24887,25059,2026-03-13 00:00:00,SILENCIO
24888,J25132,2026-03-13 00:00:00,SILENCIO
24889,25127,2026-03-13 00:00:00,SILENCIO
24890,25134,2026-03-13 00:00:00,SILENCIO
24891,J25147,2026-03-13 00:00:00,SILENCIO
24892,25087,2026-03-13 00:00:00,SILENCIO
24893,25142,2026-03-13 00:00:00,SILENCIO
24894,25105,2026-03-13 00:00:00,SILENCIO
24895,25095,2026-03-13 00:00:00,SILENCIO
24896,25144,2026-03-13 00:00:00,CACH
24897,25139,2026-03-13 00:00:00,SILENCIO
24898,25101,2026-03-13 00:00:00,SILENCIO
24899,25124,2026-03-13 00:00:00,SILENCIO
24900,25111,2026-03-13 00:00:00,SILENCIO
24901,25073,2026-03-13 00:00:00,SILENCIO
24902,25131,2026-03-13 00:00:00,SILENCIO
24903,25106,2026-03-13 00:00:00,SILENCIO
24904,25135,2026-03-13 00:00:00,SILENCIO
24905,25155,2026-03-13 00:00:00,SILENCIO
24906,1074A,2026-03-11 00:00:00,2
24907,2196A,2026-03-11 00:00:00,2
24908,6043,2026-03-11 00:00:00,2
24909,3021A,2026-03-11 00:00:00,2
24910,7028,2026-03-11 00:00:00,2
24911,2133A,2026-03-11 00:00:00,2
24912,2148A,2026-03-11 00:00:00,2
24913,3026A,2026-03-11 00:00:00,2
24914,4007,2026-03-11 00:00:00,2
24915,4151,2026-03-11 00:00:00,2
24916,2063A,2026-03-11 00:00:00,2
24917,4018,2026-03-11 00:00:00,2
24918,5144,2026-03-11 00:00:00,2
24919,6021,2026-03-11 00:00:00,2
24920,EMB 2,2026-03-11 00:00:00,2
24921,2048,2026-03-11 00:00:00,2
24922,22144,2026-03-11 00:00:00,2
24923,2140,2026-03-11 00:00:00,2
24924,2146,2026-03-11 00:00:00,2
24925,2042,2026-03-11 00:00:00,2
24926,22135,2026-03-11 00:00:00,2
24927,5077,2026-03-11 00:00:00,2
24928,7012,2026-03-11 00:00:00,2
24929,7059,2026-03-11 00:00:00,2
24930,7074,2026-03-11 00:00:00,2
24931,7077,2026-03-11 00:00:00,2
24932,8046,2026-03-11 00:00:00,2
24933,8094,2026-03-11 00:00:00,2
24934,20334,2026-03-11 00:00:00,2
24935,1095A,2026-03-11 00:00:00,2
24936,5030,2026-03-11 00:00:00,2
24937,5146,2026-03-11 00:00:00,2
24938,8005,2026-03-11 00:00:00,2
24939,8033,2026-03-11 00:00:00,2
24940,8041,2026-03-11 00:00:00,2
24941,8045,2026-03-11 00:00:00,2
24942,8062,2026-03-11 00:00:00,2
24943,9125,2026-03-11 00:00:00,2
24944,19,2026-03-11 00:00:00,2
24945,8061,2026-03-11 00:00:00,2
24946,9006,2026-03-11 00:00:00,2
24947,9037,2026-03-11 00:00:00,2
24948,9053,2026-03-11 00:00:00,2
24949,9073,2026-03-11 00:00:00,2
24950,9076,2026-03-11 00:00:00,2
24951,91172,2026-03-11 00:00:00,2
24952,9126A,2026-03-11 00:00:00,2
24953,0206A,2026-03-11 00:00:00,2
24954,0208A,2026-03-11 00:00:00,2
24955,0231A,2026-03-11 00:00:00,2
24956,02331,2026-03-11 00:00:00,2
24957,0240,2026-03-11 00:00:00,2
24958,0241,2026-03-11 00:00:00,2
24959,0249,2026-03-11 00:00:00,2
24960,0252,2026-03-11 00:00:00,2
24961,0272,2026-03-11 00:00:00,2
24962,0278,2026-03-11 00:00:00,2
24963,0297,2026-03-11 00:00:00,2
24964,0298A,2026-03-11 00:00:00,2
24965,0327,2026-03-11 00:00:00,2
24966,0333,2026-03-11 00:00:00,2
24967,0338,2026-03-11 00:00:00,2
24968,2018,2026-03-11 00:00:00,2
24969,9020,2026-03-11 00:00:00,2
24970,1102,2026-03-11 00:00:00,2
24971,10431,2026-03-11 00:00:00,2
24972,1063,2026-03-11 00:00:00,2
24973,2014,2026-03-11 00:00:00,2
24974,1045,2026-03-11 00:00:00,2
24975,2203,2026-03-11 00:00:00,2
24976,2080,2026-03-11 00:00:00,2
24977,4072,2026-03-11 00:00:00,2
24978,8017,2026-03-11 00:00:00,2
24979,2095,2026-03-11 00:00:00,2
24980,2111,2026-03-11 00:00:00,2
24981,2103,2026-03-11 00:00:00,2
24982,2108,2026-03-11 00:00:00,2
24983,2093,2026-03-11 00:00:00,2
24984,1088A,2026-03-11 00:00:00,2
24985,2030,2026-03-11 00:00:00,2
24986,0306,2026-03-11 00:00:00,2
24987,7090,2026-03-11 00:00:00,2
24988,1015A,2026-03-11 00:00:00,2
24989,8019,2026-03-11 00:00:00,2
24990,22172,2026-03-11 00:00:00,2
24991,8026,2026-03-15 00:00:00,MUERTO
24992,0226,2026-03-15 00:00:00,1A
24993,2208A,2026-03-15 00:00:00,1A
24994,8051,2026-03-15 00:00:00,1A
24995,0220,2026-03-17 00:00:00,1A
24996,31102,2026-03-17 00:00:00,1A
24997,50741,2026-03-17 00:00:00,1A
24998,26081,2026-03-15 00:00:00,CACH
24999,26082,2026-03-15 00:00:00,CACH
25000,26083,2026-03-15 00:00:00,CACH
25001,26084,2026-03-17 00:00:00,CACH
25002,26085,2026-03-17 00:00:00,CACH
25003,26086,2026-03-17 00:00:00,CACH
25004,91171,2026-03-18 00:00:00,1A
25005,20971,2026-03-18 00:00:00,1A
25006,26087,2026-03-18 00:00:00,CACH
25007,26088,2026-03-18 00:00:00,CACH
25008,22139,2026-03-20 00:00:00,1A
25009,2002,2026-03-20 00:00:00,1A
25010,2171,2026-03-23 00:00:00,1A
25011,2050,2026-03-23 00:00:00,1A
25012,0305,2026-03-23 00:00:00,1A
25013,8089,2026-03-23 00:00:00,1A
25014,22180,2026-03-24 00:00:00,1A
25015,0355,2026-03-24 00:00:00,1A
25016,26090,2026-03-20 00:00:00,CACH
25017,26091,2026-03-20 00:00:00,CACH
25018,26092,2026-03-23 00:00:00,CACH
25019,26093,2026-03-23 00:00:00,CACH
25020,26094,2026-03-23 00:00:00,CACH
25021,26095,2026-03-23 00:00:00,CACH
25022,26096,2026-03-24 00:00:00,CACH
25023,26097,2026-03-24 00:00:00,CACH
25024,22131,2026-03-24 00:00:00,Mater
25025,7092,2026-03-24 00:00:00,Mater
25026,30,2026-03-24 00:00:00,Mater
25027,pend24,2026-03-24 00:00:00,Mater
25028,24056,2026-03-24 00:00:00,CACH
25029,2045,2026-03-24 00:00:00,CACH
25030,2149A,2026-03-24 00:00:00,CACH
25031,0274,2026-03-24 00:00:00,CACH
25032,24255,2026-03-24 00:00:00,CACH
25033,0018,2026-03-24 00:00:00,CACH
25034,24089,2026-03-24 00:00:00,CACH
25035,1123,2026-03-24 00:00:00,CACH
25036,22216,2026-03-24 00:00:00,CACH
25037,4008,2026-03-24 00:00:00,CACH
25038,40072,2026-03-24 00:00:00,CACH
25039,3024A,2026-03-24 00:00:00,CACH
25040,0101,2026-03-23 00:00:00,2
25041,0107,2026-03-23 00:00:00,2
25042,0206A,2026-03-23 00:00:00,2
25043,0208A,2026-03-23 00:00:00,2
25044,0231A,2026-03-23 00:00:00,2
25045,02331,2026-03-23 00:00:00,2
25046,0241,2026-03-23 00:00:00,2
25047,0249,2026-03-23 00:00:00,2
25048,0252,2026-03-23 00:00:00,2
25049,0272,2026-03-23 00:00:00,2
25050,0278,2026-03-23 00:00:00,2
25051,0297,2026-03-23 00:00:00,2
25052,0298A,2026-03-23 00:00:00,2
25053,0306,2026-03-23 00:00:00,2
25054,0323,2026-03-23 00:00:00,2
25055,0327,2026-03-23 00:00:00,2
25056,0333,2026-03-23 00:00:00,2
25057,1015,2026-03-23 00:00:00,2
25058,1015A,2026-03-23 00:00:00,2
25059,1045,2026-03-23 00:00:00,2
25060,1063,2026-03-23 00:00:00,2
25061,1073,2026-03-23 00:00:00,2
25062,1078A,2026-03-23 00:00:00,2
25063,1088A,2026-03-23 00:00:00,2
25064,1095A,2026-03-23 00:00:00,2
25065,1102,2026-03-23 00:00:00,2
25066,1310,2026-03-23 00:00:00,2
25067,19,2026-03-23 00:00:00,2
25068,2014,2026-03-23 00:00:00,2
25069,2018,2026-03-23 00:00:00,2
25070,2030,2026-03-23 00:00:00,2
25071,20334,2026-03-23 00:00:00,2
25072,2048,2026-03-23 00:00:00,2
25073,2052,2026-03-23 00:00:00,2
25074,2063A,2026-03-23 00:00:00,2
25075,2080,2026-03-23 00:00:00,2
25076,2093,2026-03-23 00:00:00,2
25077,2095,2026-03-23 00:00:00,2
25078,2103,2026-03-23 00:00:00,2
25079,2108,2026-03-23 00:00:00,2
25080,2111,2026-03-23 00:00:00,2
25081,2133A,2026-03-23 00:00:00,2
25082,2140,2026-03-23 00:00:00,2
25083,2143,2026-03-23 00:00:00,2
25084,2146,2026-03-23 00:00:00,2
25085,2148A,2026-03-23 00:00:00,2
25086,2196A,2026-03-23 00:00:00,2
25087,22135,2026-03-23 00:00:00,2
25088,22144,2026-03-23 00:00:00,2
25089,22172,2026-03-23 00:00:00,2
25090,3003A,2026-03-23 00:00:00,2
25091,3021A,2026-03-23 00:00:00,2
25092,3026A,2026-03-23 00:00:00,2
25093,4007,2026-03-23 00:00:00,2
25094,4018,2026-03-23 00:00:00,2
25095,4072,2026-03-23 00:00:00,2
25096,4151,2026-03-23 00:00:00,2
25097,5030,2026-03-23 00:00:00,2
25098,5077,2026-03-23 00:00:00,2
25099,5144,2026-03-23 00:00:00,2
25100,5146,2026-03-23 00:00:00,2
25101,6021,2026-03-23 00:00:00,2
25102,6043,2026-03-23 00:00:00,2
25103,7012,2026-03-23 00:00:00,2
25104,7028,2026-03-23 00:00:00,2
25105,7074,2026-03-23 00:00:00,2
25106,7077,2026-03-23 00:00:00,2
25107,8005,2026-03-23 00:00:00,2
25108,80121,2026-03-23 00:00:00,2
25109,8017,2026-03-23 00:00:00,2
25110,8019,2026-03-23 00:00:00,2
25111,8045,2026-03-23 00:00:00,2
25112,8046,2026-03-23 00:00:00,2
25113,8061,2026-03-23 00:00:00,2
25114,8062,2026-03-23 00:00:00,2
25115,8076,2026-03-23 00:00:00,2
25116,8077,2026-03-23 00:00:00,2
25117,80882,2026-03-23 00:00:00,2
25118,9006,2026-03-23 00:00:00,2
25119,9020,2026-03-23 00:00:00,2
25120,9037,2026-03-23 00:00:00,2
25121,9053,2026-03-23 00:00:00,2
25122,9073,2026-03-23 00:00:00,2
25123,9076,2026-03-23 00:00:00,2
25124,91172,2026-03-23 00:00:00,2
25125,9125,2026-03-23 00:00:00,2
25126,9126A,2026-03-23 00:00:00,2
25127,EMB 2,2026-03-23 00:00:00,2
25128,EMB 5,2026-03-23 00:00:00,2
25129,8043,2026-03-23 00:00:00,2
25130,8033,2026-03-23 00:00:00,2
25131,1052A,2026-03-23 00:00:00,2
25132,1109A,2026-03-23 00:00:00,2
25134,2042,2026-03-23 00:00:00,2
25135,J428,2026-03-23 00:00:00,2
25136,2022,2026-03-23 00:00:00,2
25137,2203,2026-03-23 00:00:00,2
25138,0338,2026-03-23 00:00:00,2
25139,5076,2026-03-23 00:00:00,2
25140,5592,2026-03-23 00:00:00,2
25141,8094,2026-03-23 00:00:00,2
25142,TSN01,2026-03-23 00:00:00,2
25143,0240,2026-03-23 00:00:00,2
25144,10431,2026-03-23 00:00:00,2
25145,8019,2026-03-23 00:00:00,2
25146,0111,2026-03-23 00:00:00,1A
25147,0220,2026-03-23 00:00:00,1A
25148,0226,2026-03-23 00:00:00,1A
25149,0229,2026-03-23 00:00:00,1A
25150,0259,2026-03-23 00:00:00,1A
25151,0267,2026-03-23 00:00:00,1A
25152,0269,2026-03-23 00:00:00,1A
25153,0298,2026-03-23 00:00:00,1A
25154,0303,2026-03-23 00:00:00,1A
25155,0307,2026-03-23 00:00:00,1A
25156,0314,2026-03-23 00:00:00,1A
25157,0322,2026-03-23 00:00:00,1A
25158,0332,2026-03-23 00:00:00,1A
25159,0336,2026-03-23 00:00:00,1A
25160,0353,2026-03-23 00:00:00,1A
25161,0500,2026-03-23 00:00:00,1A
25162,1079,2026-03-23 00:00:00,1A
25163,1100A,2026-03-23 00:00:00,1A
25164,1103,2026-03-23 00:00:00,1A
25165,20001,2026-03-23 00:00:00,1A
25166,2011,2026-03-23 00:00:00,1A
25167,2023,2026-03-23 00:00:00,1A
25168,2026,2026-03-23 00:00:00,1A
25169,2034,2026-03-23 00:00:00,1A
25170,2039,2026-03-23 00:00:00,1A
25171,2040,2026-03-23 00:00:00,1A
25172,2083,2026-03-23 00:00:00,1A
25173,2087,2026-03-23 00:00:00,1A
25174,2088B,2026-03-23 00:00:00,1A
25175,2094A,2026-03-23 00:00:00,1A
25176,2096A,2026-03-23 00:00:00,1A
25177,20971,2026-03-23 00:00:00,1A
25178,2109,2026-03-23 00:00:00,1A
25179,2110,2026-03-23 00:00:00,1A
25180,2124A,2026-03-23 00:00:00,1A
25181,21391,2026-03-23 00:00:00,1A
25182,2141,2026-03-23 00:00:00,1A
25183,2162,2026-03-23 00:00:00,1A
25184,22049,2026-03-23 00:00:00,1A
25185,22085,2026-03-23 00:00:00,1A
25186,2208A,2026-03-23 00:00:00,1A
25187,22098,2026-03-23 00:00:00,1A
25188,22112,2026-03-23 00:00:00,1A
25189,22117,2026-03-23 00:00:00,1A
25190,22119,2026-03-23 00:00:00,1A
25191,22160,2026-03-23 00:00:00,1A
25192,22161,2026-03-23 00:00:00,1A
25193,22177,2026-03-23 00:00:00,1A
25194,22186,2026-03-23 00:00:00,1A
25195,22193,2026-03-23 00:00:00,1A
25196,2220,2026-03-23 00:00:00,1A
25197,2226,2026-03-23 00:00:00,1A
25198,2500,2026-03-23 00:00:00,1A
25199,3066B,2026-03-23 00:00:00,1A
25200,3107,2026-03-23 00:00:00,1A
25201,31102,2026-03-23 00:00:00,1A
25202,34,2026-03-23 00:00:00,1A
25203,4035,2026-03-23 00:00:00,1A
25204,5007,2026-03-23 00:00:00,1A
25205,5033,2026-03-23 00:00:00,1A
25206,50741,2026-03-23 00:00:00,1A
25207,5150,2026-03-23 00:00:00,1A
25208,6067,2026-03-23 00:00:00,1A
25209,7059,2026-03-23 00:00:00,1A
25210,8036,2026-03-23 00:00:00,1A
25211,8048,2026-03-23 00:00:00,1A
25212,8051,2026-03-23 00:00:00,1A
25213,8082,2026-03-23 00:00:00,1A
25214,8087,2026-03-23 00:00:00,1A
25215,809,2026-03-23 00:00:00,1A
25216,8093,2026-03-23 00:00:00,1A
25217,8096,2026-03-23 00:00:00,1A
25218,9024,2026-03-23 00:00:00,1A
25219,9040,2026-03-23 00:00:00,1A
25220,9103,2026-03-23 00:00:00,1A
25221,9110A,2026-03-23 00:00:00,1A
25222,91171,2026-03-23 00:00:00,1A
25223,91262,2026-03-23 00:00:00,1A
25224,9128B,2026-03-23 00:00:00,1A
25225,J426,2026-03-23 00:00:00,1A
25226,J841,2026-03-23 00:00:00,1A
25227,22139,2026-03-23 00:00:00,1A
25228,0304,2026-03-23 00:00:00,1A
25229,0308,2026-03-23 00:00:00,1A
25230,2002,2026-03-23 00:00:00,1A
25231,9500,2026-03-23 00:00:00,1A
25232,5638,2026-03-23 00:00:00,1A
25233,5629,2026-03-23 00:00:00,1A
25234,1105,2026-03-23 00:00:00,1A
25235,1073,2026-03-23 00:00:00,1A
25236,0342,2026-03-23 00:00:00,SERVICIO
25237,7033,2026-03-23 00:00:00,SERVICIO
25238,8041,2026-03-23 00:00:00,SERVICIO
25239,2234,2026-03-27 00:00:00,1A
25240,26098,2026-03-27 00:00:00,CACH
25241,26099,2026-03-30 00:00:00,MUERTO
25242,BU078,2026-03-31 00:00:00,MUERTO
25243,1004,2026-04-01 00:00:00,Mater
25244,0132,2026-04-01 00:00:00,Mater
25245,22189,2026-04-01 00:00:00,Mater
25246,8079,2026-04-01 00:00:00,Mater
25247,5098,2026-04-01 00:00:00,Mater
25248,22142,2026-04-01 00:00:00,Mater
25249,91242,2026-04-01 00:00:00,Mater
25250,2218,2026-04-01 00:00:00,Mater
25251,2196A,2026-04-01 00:00:00,3A
25252,6043,2026-04-01 00:00:00,3A
25253,3021A,2026-04-01 00:00:00,3A
25254,3003A,2026-04-01 00:00:00,3A
25255,7028,2026-04-01 00:00:00,3A
25256,2133A,2026-04-01 00:00:00,3A
25257,2148A,2026-04-01 00:00:00,3A
25258,3026A,2026-04-01 00:00:00,3A
25259,4007,2026-04-01 00:00:00,3A
25260,4151,2026-04-01 00:00:00,3A
25261,2063A,2026-04-01 00:00:00,3A
25262,1015,2026-04-01 00:00:00,3A
25263,4018,2026-04-01 00:00:00,3A
25264,5144,2026-04-01 00:00:00,3A
25265,6021,2026-04-01 00:00:00,3A
25266,EMB 2,2026-04-01 00:00:00,3A
25267,2048,2026-04-01 00:00:00,3A
25268,22144,2026-04-01 00:00:00,3A
25269,2140,2026-04-01 00:00:00,3A
25270,2146,2026-04-01 00:00:00,3A
25271,2022,2026-04-01 00:00:00,3A
25272,2143,2026-04-01 00:00:00,3A
25273,22135,2026-04-01 00:00:00,3A
25274,5077,2026-04-01 00:00:00,3A
25275,7012,2026-04-01 00:00:00,3A
25276,7074,2026-04-01 00:00:00,3A
25277,7077,2026-04-01 00:00:00,3A
25278,8046,2026-04-01 00:00:00,3A
25279,1078A,2026-04-01 00:00:00,3A
25280,20334,2026-04-01 00:00:00,3A
25281,1095A,2026-04-01 00:00:00,3A
25282,5030,2026-04-01 00:00:00,3A
25283,5146,2026-04-01 00:00:00,3A
25284,8005,2026-04-01 00:00:00,3A
25285,80121,2026-04-01 00:00:00,3A
25286,8045,2026-04-01 00:00:00,3A
25287,8062,2026-04-01 00:00:00,3A
25288,8076,2026-04-01 00:00:00,3A
25289,8077,2026-04-01 00:00:00,3A
25290,9125,2026-04-01 00:00:00,3A
25291,19,2026-04-01 00:00:00,3A
25292,1310,2026-04-01 00:00:00,3A
25293,8061,2026-04-01 00:00:00,3A
25294,9006,2026-04-01 00:00:00,3A
25295,9037,2026-04-01 00:00:00,3A
25296,9053,2026-04-01 00:00:00,3A
25297,9073,2026-04-01 00:00:00,3A
25298,9076,2026-04-01 00:00:00,3A
25299,91172,2026-04-01 00:00:00,3A
25300,9126A,2026-04-01 00:00:00,3A
25301,0101,2026-04-01 00:00:00,3A
25302,0107,2026-04-01 00:00:00,3A
25303,0206A,2026-04-01 00:00:00,3A
25304,0208A,2026-04-01 00:00:00,3A
25305,0231A,2026-04-01 00:00:00,3A
25306,02331,2026-04-01 00:00:00,3A
25307,0241,2026-04-01 00:00:00,3A
25308,0249,2026-04-01 00:00:00,3A
25309,0252,2026-04-01 00:00:00,3A
25310,0272,2026-04-01 00:00:00,3A
25311,0278,2026-04-01 00:00:00,3A
25312,0297,2026-04-01 00:00:00,3A
25313,0298A,2026-04-01 00:00:00,3A
25314,0323,2026-04-01 00:00:00,3A
25315,0327,2026-04-01 00:00:00,3A
25316,0333,2026-04-01 00:00:00,3A
25317,2018,2026-04-01 00:00:00,3A
25318,9020,2026-04-01 00:00:00,3A
25319,1102,2026-04-01 00:00:00,3A
25320,1063,2026-04-01 00:00:00,3A
25321,2014,2026-04-01 00:00:00,3A
25322,1045,2026-04-01 00:00:00,3A
25323,2052,2026-04-01 00:00:00,3A
25324,1073,2026-04-01 00:00:00,3A
25325,2080,2026-04-01 00:00:00,3A
25326,4072,2026-04-01 00:00:00,3A
25327,80882,2026-04-01 00:00:00,3A
25328,8017,2026-04-01 00:00:00,3A
25329,5592,2026-04-01 00:00:00,3A
25330,2095,2026-04-01 00:00:00,3A
25331,2111,2026-04-01 00:00:00,3A
25332,2103,2026-04-01 00:00:00,3A
25333,2108,2026-04-01 00:00:00,3A
25334,2093,2026-04-01 00:00:00,3A
25335,1088A,2026-04-01 00:00:00,3A
25336,2030,2026-04-01 00:00:00,3A
25337,0306,2026-04-01 00:00:00,3A
25338,7090,2026-04-01 00:00:00,3A
25339,TSN01,2026-04-01 00:00:00,3A
25340,1015A,2026-04-01 00:00:00,3A
25341,8019,2026-04-01 00:00:00,3A
25342,EMB 5,2026-04-01 00:00:00,3A
25343,1074A,2026-04-01 00:00:00,3A
25344,22172,2026-04-01 00:00:00,3A
25345,J428,2026-04-01 00:00:00,3A
25346,4141,2026-04-01 00:00:00,1A
25347,2202,2026-04-03 00:00:00,1A
25348,26100,2026-04-01 00:00:00,CACH
25349,26101,2026-04-03 00:00:00,CACH
25350,24050,2026-04-04 00:00:00,MUERTO
25351,1104,2026-04-06 00:00:00,MUERTO
25352,25114,2026-03-25 00:00:00,MUERTO
25353,8043,2026-04-07 00:00:00,6
25354,2203,2026-04-07 00:00:00,6
25355,0338,2026-04-07 00:00:00,6
25356,2200,2026-04-07 00:00:00,6
25357,1052A,2026-04-07 00:00:00,6
25358,8094,2026-04-07 00:00:00,6
25359,10431,2026-04-07 00:00:00,6
25360,1102,2026-04-07 00:00:00,6
25361,0240,2026-04-07 00:00:00,6
25362,5076,2026-04-07 00:00:00,6
25363,2042,2026-04-07 00:00:00,6
25364,4A,2026-04-07 00:00:00,6
25365,0304,2026-04-07 00:00:00,6
25366,9500,2026-04-07 00:00:00,6
25367,1109A,2026-04-07 00:00:00,MUERTO
25368,23006,2026-04-08 00:00:00,Mater
25369,8037,2026-04-08 00:00:00,Mater
25370,6070,2026-04-08 00:00:00,Mater
25371,22116,2026-04-08 00:00:00,Mater
25372,0299A,2026-04-08 00:00:00,Mater
25373,6031,2026-04-08 00:00:00,Mater
25374,0326,2026-04-08 00:00:00,Mater
25375,1117,2026-04-08 00:00:00,Mater
25376,2145,2026-04-08 00:00:00,Mater
25377,23017,2026-04-08 00:00:00,CACH
25378,1066A,2026-04-06 00:00:00,1A
25379,2090A,2026-04-06 00:00:00,1A
25380,5052,2026-04-07 00:00:00,1A
25381,8030,2026-04-07 00:00:00,1A
25382,1004,2026-04-07 00:00:00,1A
25383,26102,2026-04-06 00:00:00,CACH
25384,26103,2026-04-06 00:00:00,CACH
25385,26104,2026-04-07 00:00:00,CACH
25386,26105,2026-04-07 00:00:00,CACH
25387,26106,2026-04-07 00:00:00,CACH
25388,26079,2026-04-08 00:00:00,MUERTO
25389,2218,2026-04-10 00:00:00,1A
25390,2066,2026-04-10 00:00:00,1A
25391,26107,2026-04-10 00:00:00,CACH
25392,26108,2026-04-10 00:00:00,CACH
25393,80472,2026-03-29 00:00:00,1A
25394,91242,2026-04-11 00:00:00,1A
25395,8079,2026-04-11 00:00:00,1A
25396,26111,2026-03-29 00:00:00,CACH
25397,26109,2026-04-11 00:00:00,CACH
25398,26110,2026-04-11 00:00:00,CACH
25399,25121,2026-04-10 00:00:00,MUERTO
25400,1095A,2026-04-11 00:00:00,MUERTO
25401,BU66,2026-03-28 00:00:00,MUERTO
25402,23096,2026-04-10 00:00:00,Finca_Vec_las Margaritas_silencio
25403,25109,2026-04-13 00:00:00,MUERTO
25405,25021,2026-02-11 00:00:00,SILENCIO
25406,6031,2026-04-11 00:00:00,1A
25407,0326,2026-04-11 00:00:00,1A
25408,26112,2026-04-11 00:00:00,CACH
25409,26113,2026-04-11 00:00:00,CACH
25410,EMB 5,2026-04-15 00:00:00,4
25411,9126A,2026-04-15 00:00:00,4
25412,19,2026-04-15 00:00:00,4
25413,6021,2026-04-15 00:00:00,4
25414,5144,2026-04-15 00:00:00,4
25415,4007,2026-04-15 00:00:00,4
25416,2110,2026-04-15 00:00:00,4
25417,9128B,2026-04-15 00:00:00,4
25418,8051,2026-04-15 00:00:00,4
25419,8082,2026-04-15 00:00:00,4
25420,0308,2026-04-15 00:00:00,4
25421,8093,2026-04-15 00:00:00,4
25422,5007,2026-04-15 00:00:00,4
25423,0303,2026-04-15 00:00:00,4
25424,2088B,2026-04-15 00:00:00,4
25425,4141,2026-04-15 00:00:00,4
25426,0355,2026-04-15 00:00:00,4
25427,8014,2026-04-15 00:00:00,4
25428,25167,2026-04-15 00:00:00,4
25429,25260,2026-04-15 00:00:00,4
25430,25213,2026-04-15 00:00:00,4
25431,25278,2026-04-15 00:00:00,4
25432,25234,2026-04-15 00:00:00,4
25433,26054,2026-04-15 00:00:00,4
25434,26067,2026-04-15 00:00:00,4
25435,26083,2026-04-15 00:00:00,4
25436,26016,2026-04-15 00:00:00,4
25437,26027,2026-04-15 00:00:00,4
25438,26064,2026-04-15 00:00:00,4
25439,26026,2026-04-15 00:00:00,4
25440,26075,2026-04-15 00:00:00,4
25441,26100,2026-04-15 00:00:00,4
25442,26097,2026-04-15 00:00:00,4
25443,26071,2026-04-15 00:00:00,4
25444,2072,2026-04-16 00:00:00,Mater
25445,1053A,2026-04-16 00:00:00,Mater
25446,35,2026-04-16 00:00:00,Mater
25447,8028,2026-04-16 00:00:00,Mater
25448,9014,2026-04-16 00:00:00,Mater
25449,7061,2026-04-16 00:00:00,Mater
25450,1017A,2026-04-16 00:00:00,Mater
25451,0343,2026-04-16 00:00:00,Mater
25452,1074,2026-04-16 00:00:00,Mater
25453,23016,2026-04-16 00:00:00,Mater
25454,2019,2026-04-16 00:00:00,Mater
25455,91091,2026-04-15 00:00:00,1A
25456,26114,2026-04-15 00:00:00,CACH
25457,24290,2026-04-16 00:00:00,MUERTO
25458,22169A,2026-04-13 00:00:00,C4
25459,23209,2026-04-13 00:00:00,C4
25460,24008,2026-04-13 00:00:00,C4
25461,24172,2026-04-13 00:00:00,C4
25462,24200,2026-04-13 00:00:00,C4
25463,24235,2026-04-13 00:00:00,C4
25464,24247,2026-04-13 00:00:00,C4
25465,24283,2026-04-13 00:00:00,C4
25466,24285,2026-04-13 00:00:00,C4
25467,24287,2026-04-13 00:00:00,C4
25468,24289,2026-04-13 00:00:00,C4
25469,24290,2026-04-13 00:00:00,C4
25470,24297,2026-04-13 00:00:00,C4
25471,24299,2026-04-13 00:00:00,C4
25472,24300,2026-04-13 00:00:00,C4
25473,25005,2026-04-13 00:00:00,C4
25474,25009,2026-04-13 00:00:00,C4
25475,25012,2026-04-13 00:00:00,C4
25476,J25002,2026-04-13 00:00:00,C4
25477,25020,2026-04-13 00:00:00,C4
25478,25021,2026-04-13 00:00:00,C4
25479,25022,2026-04-13 00:00:00,C4
25480,25024,2026-04-13 00:00:00,C4
25481,25027,2026-04-16 00:00:00,PARADERO
25482,25028,2026-04-13 00:00:00,C4
25483,25034,2026-04-13 00:00:00,C4
25484,25036,2026-04-13 00:00:00,C4
25485,25040,2026-04-13 00:00:00,C4
25486,25050,2026-04-13 00:00:00,C4
25487,25053,2026-04-13 00:00:00,C4
25488,25055,2026-04-13 00:00:00,C4
25489,25056,2026-04-13 00:00:00,C4
25490,25058,2026-04-13 00:00:00,C4
25491,25059,2026-04-13 00:00:00,C4
25492,25061,2026-04-13 00:00:00,C4
25493,25066,2026-04-13 00:00:00,C4
25494,25067,2026-04-13 00:00:00,C4
25495,25068,2026-04-13 00:00:00,C4
25496,25073,2026-04-13 00:00:00,C4
25497,25074,2026-04-13 00:00:00,C4
25498,25075,2026-04-13 00:00:00,C4
25499,25076,2026-04-13 00:00:00,C4
25500,25077,2026-04-13 00:00:00,C4
25501,25084,2026-04-13 00:00:00,C4
25502,25087,2026-04-13 00:00:00,C4
25503,25088,2026-04-13 00:00:00,C4
25504,25091,2026-04-13 00:00:00,C4
25505,25095,2026-04-13 00:00:00,C4
25506,25099,2026-04-13 00:00:00,C4
25507,25100,2026-04-13 00:00:00,C4
25508,25101,2026-04-13 00:00:00,C4
25509,25103,2026-04-13 00:00:00,C4
25510,25105,2026-04-13 00:00:00,C4
25511,25104,2026-04-13 00:00:00,C4
25512,25106,2026-04-13 00:00:00,C4
25513,25111,2026-04-13 00:00:00,C4
25514,25124,2026-04-13 00:00:00,C4
25515,25127,2026-04-13 00:00:00,C4
25516,25131,2026-04-13 00:00:00,C4
25517,J25132,2026-04-13 00:00:00,C4
25518,25134,2026-04-13 00:00:00,C4
25519,25135,2026-04-13 00:00:00,C4
25520,25137,2026-04-13 00:00:00,C4
25521,25139,2026-04-13 00:00:00,C4
25522,25142,2026-04-13 00:00:00,C4
25523,J25147,2026-04-13 00:00:00,C4
25524,25155,2026-04-13 00:00:00,C4
25525,25076,2026-04-15 00:00:00,MUERTO
25526,0353,2026-04-23 00:00:00,3A
25527,22161,2026-04-23 00:00:00,3A
25528,0269,2026-04-23 00:00:00,3A
25529,2023,2026-04-23 00:00:00,3A
25530,34,2026-04-23 00:00:00,3A
25531,20001,2026-04-23 00:00:00,3A
25532,21391,2026-04-23 00:00:00,3A
25533,22186,2026-04-23 00:00:00,3A
25534,22116,2026-04-16 00:00:00,1A
25535,22151,2026-04-16 00:00:00,1A
25536,5098,2026-04-21 00:00:00,1A
25537,1117,2026-04-21 00:00:00,1A
25538,1017A,2026-04-21 00:00:00,1A
25539,22142,2026-04-21 00:00:00,1A
25540,3027A,2026-04-21 00:00:00,1A
25541,7061,2026-04-21 00:00:00,1A
25542,2145,2026-04-21 00:00:00,1A
25543,26115,2026-04-16 00:00:00,CACH
25544,26116,2026-04-16 00:00:00,CACH
25545,26117,2026-04-21 00:00:00,CACH
25546,26118,2026-04-21 00:00:00,CACH
25547,26119,2026-04-21 00:00:00,CACH
25548,26120,2026-04-21 00:00:00,CACH
25549,26121,2026-04-21 00:00:00,CACH
25550,26122,2026-04-21 00:00:00,CACH
25551,26123,2026-04-21 00:00:00,CACH
25553,26124,2026-04-22 00:00:00,CACH
25554,4087,2026-04-22 00:00:00,1A
25555,1097B,2026-04-24 00:00:00,MUERTO
25556,80472,2026-04-20 00:00:00,3A
25557,1109,2026-04-20 00:00:00,3A
25558,1073,2026-04-20 00:00:00,1A
25559,0327,2026-04-20 00:00:00,SERVICIO
25560,2133A,2026-04-20 00:00:00,SERVICIO
25561,9053,2026-04-20 00:00:00,SERVICIO
25562,0333,2026-04-20 00:00:00,SERVICIO
25563,0326,2026-04-20 00:00:00,SERVICIO
25564,2026,2026-04-20 00:00:00,SERVICIO
25565,2218,2026-04-20 00:00:00,SERVICIO
25566,4008,2026-04-20 00:00:00,SERVICIO
25567,6031,2026-04-20 00:00:00,SERVICIO
25568,8041,2026-04-20 00:00:00,SERVICIO
25569,91091,2026-04-20 00:00:00,SERVICIO
25570,0132,2026-04-24 00:00:00,10A
25571,8028,2026-04-24 00:00:00,10A
25572,22189,2026-04-24 00:00:00,10A
25573,26125,2026-04-24 00:00:00,CACH
25574,26126,2026-04-24 00:00:00,CACH
25575,26127,2026-04-24 00:00:00,CACH
25576,2171,2026-04-23 00:00:00,10A
25577,2226,2026-04-23 00:00:00,10A
25578,2124A,2026-04-23 00:00:00,10A
25579,31102,2026-04-23 00:00:00,10A
25580,2208A,2026-04-23 00:00:00,10A
25581,3107,2026-04-23 00:00:00,10A
25582,2083,2026-04-23 00:00:00,10A
25583,2234,2026-04-23 00:00:00,10A
25584,2050,2026-04-23 00:00:00,10A
25585,5033,2026-04-23 00:00:00,10A
25586,4087,2026-04-23 00:00:00,10A
25587,2094A,2026-04-23 00:00:00,10A
25588,50741,2026-04-23 00:00:00,10A
25589,3066B,2026-04-23 00:00:00,10A
25590,0500,2026-04-23 00:00:00,10A
25591,22116,2026-04-23 00:00:00,10A
25592,22119,2026-04-23 00:00:00,10A
25593,2141,2026-04-23 00:00:00,10A
25594,22085,2026-04-23 00:00:00,10A
25595,22151,2026-04-23 00:00:00,10A
25596,2145,2026-04-23 00:00:00,10A
25597,22142,2026-04-23 00:00:00,10A
25598,22117,2026-04-23 00:00:00,10A
25599,22160,2026-04-23 00:00:00,10A
25600,2162,2026-04-23 00:00:00,10A
25601,22112,2026-04-23 00:00:00,10A
25602,8036,2026-04-23 00:00:00,10A
25603,1117,2026-04-23 00:00:00,10A
25604,5052,2026-04-23 00:00:00,10A
25605,5150,2026-04-23 00:00:00,10A
25606,7059,2026-04-23 00:00:00,10A
25607,8089,2026-04-23 00:00:00,10A
25608,2090A,2026-04-23 00:00:00,10A
25609,3027A,2026-04-23 00:00:00,10A
25610,8096,2026-04-23 00:00:00,10A
25611,6067,2026-04-23 00:00:00,10A
25612,4035,2026-04-23 00:00:00,10A
25613,5098,2026-04-23 00:00:00,10A
25614,7061,2026-04-23 00:00:00,10A
25615,8030,2026-04-23 00:00:00,10A
25616,8048,2026-04-23 00:00:00,10A
25617,8079,2026-04-23 00:00:00,10A
25618,8087,2026-04-23 00:00:00,10A
25619,809,2026-04-23 00:00:00,10A
25620,9040,2026-04-23 00:00:00,10A
25621,91171,2026-04-23 00:00:00,10A
25622,91242,2026-04-23 00:00:00,10A
25623,9024,2026-04-23 00:00:00,10A
25624,9103,2026-04-23 00:00:00,10A
25625,9110A,2026-04-23 00:00:00,10A
25626,91262,2026-04-23 00:00:00,10A
25627,0111,2026-04-23 00:00:00,10A
25628,0220,2026-04-23 00:00:00,10A
25629,0226,2026-04-23 00:00:00,10A
25630,0229,2026-04-23 00:00:00,10A
25631,0259,2026-04-23 00:00:00,10A
25632,0267,2026-04-23 00:00:00,10A
25633,0322,2026-04-23 00:00:00,10A
25634,0336,2026-04-23 00:00:00,10A
25635,2040,2026-04-23 00:00:00,10A
25636,1017A,2026-04-23 00:00:00,10A
25637,2002,2026-04-23 00:00:00,10A
25638,1100A,2026-04-23 00:00:00,10A
25639,1004,2026-04-23 00:00:00,10A
25640,0332,2026-04-23 00:00:00,10A
25641,1079,2026-04-23 00:00:00,10A
25642,0298,2026-04-23 00:00:00,10A
25643,2039,2026-04-23 00:00:00,10A
25644,2087,2026-04-23 00:00:00,10A
25645,1073,2026-04-23 00:00:00,10A
25646,2202,2026-04-23 00:00:00,10A
25647,1103,2026-04-23 00:00:00,10A
25648,2034,2026-04-23 00:00:00,10A
25649,1066A,2026-04-23 00:00:00,10A
25650,2220,2026-04-23 00:00:00,10A
25651,1105,2026-04-23 00:00:00,10A
25652,5629,2026-04-23 00:00:00,10A
25653,5638,2026-04-23 00:00:00,10A
25654,22177,2026-04-23 00:00:00,10A
25655,22180,2026-04-23 00:00:00,10A
25656,22193,2026-04-23 00:00:00,10A
25657,2109,2026-04-23 00:00:00,10A
25658,22098,2026-04-23 00:00:00,10A
25659,20971,2026-04-23 00:00:00,10A
25660,0305,2026-04-23 00:00:00,10A
25661,0307,2026-04-23 00:00:00,10A
25662,2500,2026-04-23 00:00:00,10A
25663,0314,2026-04-23 00:00:00,10A
25664,2066,2026-04-23 00:00:00,10A
25665,2011,2026-04-23 00:00:00,10A
25666,2096A,2026-04-23 00:00:00,10A
25667,22049,2026-04-23 00:00:00,10A
25668,22139,2026-04-23 00:00:00,10A
25669,J841,2026-04-23 00:00:00,10A
25670,J426,2026-04-23 00:00:00,10A
25671,2080,2026-04-20 00:00:00,SERVICIO
25672,0342,2026-04-20 00:00:00,3A
25673,pend24,2026-03-30 00:00:00,1A
25674,2110,2026-04-20 00:00:00,1A
25675,26054,2026-04-20 00:00:00,CACH
25676,1109B,2026-04-20 00:00:00,3A
25677,1292,2026-04-28 00:00:00,MUERTO
25678,1204,2026-04-28 00:00:00,MUERTO
25679,0198,2026-04-28 00:00:00,MUERTO
25680,1074A,2026-04-28 00:00:00,MUERTO
25681,0294,2026-04-28 00:00:00,10A
25682,26128,2026-04-28 00:00:00,CACH
25683,26030,2026-04-26 00:00:00,MUERTO
25684,26117,2026-04-27 00:00:00,MUERTO
25685,26098,2026-04-30 00:00:00,MUERTO
25686,6050,2026-04-29 00:00:00,MUERTO
25687,BU314,2026-04-20 00:00:00,MUERTO
25688,7087,2026-04-29 00:00:00,Mater
25689,23001,2026-04-29 00:00:00,Mater
25690,22126,2026-04-29 00:00:00,Mater
25691,1091A,2026-04-29 00:00:00,Mater
25692,23033,2026-04-29 00:00:00,Mater
25693,23036,2026-04-29 00:00:00,Mater
25694,23016,2026-04-29 00:00:00,Mater
25695,23022,2026-04-29 00:00:00,Mater
25696,7087,2026-04-29 00:00:00,Mater
25697,23001,2026-04-29 00:00:00,Mater
25698,22126,2026-04-29 00:00:00,Mater
25699,1091A,2026-04-29 00:00:00,Mater
25700,23033,2026-04-29 00:00:00,Mater
25701,23036,2026-04-29 00:00:00,Mater
25702,23016,2026-04-29 00:00:00,Mater
25703,23022,2026-04-29 00:00:00,Mater
25704,BU321,2026-04-29 00:00:00,CACH
25705,BU325,2026-04-29 00:00:00,C4
25706,25063,2026-04-29 00:00:00,CACH
25707,3132,2026-04-30 00:00:00,1A
25708,35,2026-05-02 00:00:00,1A
25709,23001,2026-05-02 00:00:00,1A
25710,3024A,2026-05-02 00:00:00,1A
25711,8037,2026-05-02 00:00:00,1A
25712,23016,2026-05-04 00:00:00,1A
25713,0343,2026-05-04 00:00:00,1A
25714,1091A,2026-05-04 00:00:00,1A
25715,6070,2026-05-04 00:00:00,1A
25716,26129,2026-04-30 00:00:00,1A
25717,26130,2026-05-02 00:00:00,CACH
25718,26131,2026-05-02 00:00:00,CACH
25719,26132,2026-05-02 00:00:00,CACH
25720,26133,2026-05-02 00:00:00,CACH
25721,26134,2026-05-04 00:00:00,CACH
25722,26135,2026-05-04 00:00:00,CACH
25723,26136,2026-05-04 00:00:00,CACH
25724,26137,2026-05-04 00:00:00,CACH
25725,2196A,2026-05-02 00:00:00,6
25726,6043,2026-05-02 00:00:00,6
25727,2133A,2026-05-02 00:00:00,6
25728,2148A,2026-05-02 00:00:00,6
25729,EMB 2,2026-05-02 00:00:00,6
25730,2146,2026-05-02 00:00:00,6
25731,7077,2026-05-02 00:00:00,6
25732,8046,2026-05-02 00:00:00,6
25733,5146,2026-05-02 00:00:00,6
25734,8061,2026-05-02 00:00:00,6
25735,0272,2026-05-02 00:00:00,6
25736,0297,2026-05-02 00:00:00,6
25737,0342,2026-05-02 00:00:00,6
25738,2014,2026-05-02 00:00:00,6
25739,4072,2026-05-02 00:00:00,6
25740,8017,2026-05-02 00:00:00,6
25741,0306,2026-05-02 00:00:00,6
25742,1082A,2026-05-04 00:00:00,PARADERO
25743,22178,2026-05-04 00:00:00,PARADERO
25744,23011,2026-05-04 00:00:00,PARADERO
25745,23020,2026-05-04 00:00:00,PARADERO
25746,23053,2026-05-04 00:00:00,PARADERO
25747,23063,2026-05-04 00:00:00,PARADERO
25748,23090,2026-05-04 00:00:00,PARADERO
25749,23118,2026-05-04 00:00:00,PARADERO
25750,23120,2026-05-04 00:00:00,PARADERO
25751,23156,2026-05-04 00:00:00,PARADERO
25752,23165,2026-05-04 00:00:00,PARADERO
25753,23212,2026-05-04 00:00:00,PARADERO
25754,24029,2026-05-04 00:00:00,PARADERO
25755,24034,2026-05-04 00:00:00,PARADERO
25756,22196,2026-05-04 00:00:00,PARADERO
25757,1133,2026-05-04 00:00:00,VAQ
25758,2045,2026-05-04 00:00:00,VAQ
25759,2099,2026-05-04 00:00:00,VAQ
25760,22114,2026-05-04 00:00:00,VAQ
25761,22120,2026-05-04 00:00:00,VAQ
25762,22122,2026-05-04 00:00:00,VAQ
25763,22175,2026-05-04 00:00:00,VAQ
25764,22176,2026-05-04 00:00:00,VAQ
25765,22183,2026-05-04 00:00:00,VAQ
25766,22184,2026-05-04 00:00:00,VAQ
25767,22187,2026-05-04 00:00:00,VAQ
25768,22192,2026-05-04 00:00:00,VAQ
25769,22205,2026-05-04 00:00:00,VAQ
25770,22206,2026-05-04 00:00:00,VAQ
25771,22207,2026-05-04 00:00:00,VAQ
25772,23007,2026-05-04 00:00:00,VAQ
25773,23008,2026-05-04 00:00:00,VAQ
25774,23010,2026-05-04 00:00:00,VAQ
25775,23014,2026-05-04 00:00:00,VAQ
25776,23019,2026-05-04 00:00:00,VAQ
25777,23026,2026-05-04 00:00:00,VAQ
25778,23028,2026-05-04 00:00:00,VAQ
25779,23035,2026-05-04 00:00:00,VAQ
25780,23038,2026-05-04 00:00:00,VAQ
25781,23046,2026-05-04 00:00:00,VAQ
25782,23054,2026-05-04 00:00:00,VAQ
25783,23056,2026-05-04 00:00:00,VAQ
25784,23058,2026-05-04 00:00:00,VAQ
25785,23059,2026-05-04 00:00:00,VAQ
25786,23070,2026-05-04 00:00:00,VAQ
25787,23072,2026-05-04 00:00:00,VAQ
25788,23078,2026-05-04 00:00:00,VAQ
25789,23080,2026-05-04 00:00:00,VAQ
25790,23084,2026-05-04 00:00:00,VAQ
25791,23085,2026-05-04 00:00:00,VAQ
25792,23087,2026-05-04 00:00:00,VAQ
25793,23088,2026-05-04 00:00:00,VAQ
25794,23089,2026-05-04 00:00:00,VAQ
25795,23091,2026-05-04 00:00:00,VAQ
25796,23093,2026-05-04 00:00:00,VAQ
25797,23095,2026-05-04 00:00:00,VAQ
25798,23097,2026-05-04 00:00:00,VAQ
25799,23099,2026-05-04 00:00:00,VAQ
25800,23100,2026-05-04 00:00:00,VAQ
25801,23102,2026-05-04 00:00:00,VAQ
25802,23104,2026-05-04 00:00:00,VAQ
25803,23108,2026-05-04 00:00:00,VAQ
25804,23114,2026-05-04 00:00:00,VAQ
25805,23116,2026-05-04 00:00:00,VAQ
25806,23119,2026-05-04 00:00:00,VAQ
25807,23123,2026-05-04 00:00:00,VAQ
25808,23124,2026-05-04 00:00:00,VAQ
25809,23132,2026-05-04 00:00:00,VAQ
25810,23133,2026-05-04 00:00:00,VAQ
25811,23135,2026-05-04 00:00:00,VAQ
25812,23137,2026-05-04 00:00:00,VAQ
25813,23140,2026-05-04 00:00:00,VAQ
25814,23142,2026-05-04 00:00:00,VAQ
25815,23144,2026-05-04 00:00:00,VAQ
25816,23145,2026-05-04 00:00:00,VAQ
25817,23146,2026-05-04 00:00:00,VAQ
25818,23147,2026-05-04 00:00:00,VAQ
25819,23150,2026-05-04 00:00:00,VAQ
25820,23157,2026-05-04 00:00:00,VAQ
25821,23164,2026-05-04 00:00:00,VAQ
25822,23170,2026-05-04 00:00:00,VAQ
25823,23173,2026-05-04 00:00:00,VAQ
25824,23174,2026-05-04 00:00:00,VAQ
25825,23177,2026-05-04 00:00:00,VAQ
25826,23181,2026-05-04 00:00:00,VAQ
25827,23184,2026-05-04 00:00:00,VAQ
25828,23187,2026-05-04 00:00:00,VAQ
25829,23188,2026-05-04 00:00:00,VAQ
25830,23189,2026-05-04 00:00:00,VAQ
25831,23190,2026-05-04 00:00:00,VAQ
25832,23193,2026-05-04 00:00:00,VAQ
25833,23196,2026-05-04 00:00:00,VAQ
25834,23197,2026-05-04 00:00:00,VAQ
25835,23210,2026-05-04 00:00:00,VAQ
25836,23214,2026-05-04 00:00:00,VAQ
25837,23217,2026-05-04 00:00:00,VAQ
25838,23218,2026-05-04 00:00:00,VAQ
25839,23220,2026-05-04 00:00:00,VAQ
25840,23222,2026-05-04 00:00:00,VAQ
25841,23224,2026-05-04 00:00:00,VAQ
25842,23225,2026-05-04 00:00:00,VAQ
25843,23229,2026-05-04 00:00:00,VAQ
25844,23230,2026-05-04 00:00:00,VAQ
25845,23238,2026-05-04 00:00:00,VAQ
25846,23240,2026-05-04 00:00:00,VAQ
25847,23241,2026-05-04 00:00:00,VAQ
25848,23242,2026-05-04 00:00:00,VAQ
25849,23244,2026-05-04 00:00:00,VAQ
25850,23247,2026-05-04 00:00:00,VAQ
25851,23249,2026-05-04 00:00:00,VAQ
25852,23251,2026-05-04 00:00:00,VAQ
25853,24002,2026-05-04 00:00:00,VAQ
25854,24003,2026-05-04 00:00:00,VAQ
25855,24020,2026-05-04 00:00:00,VAQ
25856,24033,2026-05-04 00:00:00,VAQ
25857,24037,2026-05-04 00:00:00,VAQ
25858,24049,2026-05-04 00:00:00,VAQ
25859,24056,2026-05-04 00:00:00,VAQ
25860,24060,2026-05-04 00:00:00,VAQ
25861,24061,2026-05-04 00:00:00,VAQ
25862,24062,2026-05-04 00:00:00,VAQ
25863,24065,2026-05-04 00:00:00,VAQ
25864,24067,2026-05-04 00:00:00,VAQ
25865,24068,2026-05-04 00:00:00,VAQ
25866,24071,2026-05-04 00:00:00,VAQ
25867,24074,2026-05-04 00:00:00,VAQ
25868,24076,2026-05-04 00:00:00,VAQ
25869,24077,2026-05-04 00:00:00,VAQ
25870,24081,2026-05-04 00:00:00,VAQ
25871,24082,2026-05-04 00:00:00,VAQ
25872,24086,2026-05-04 00:00:00,VAQ
25873,24098,2026-05-04 00:00:00,VAQ
25874,24111,2026-05-04 00:00:00,VAQ
25875,24134,2026-05-04 00:00:00,VAQ
25876,24141,2026-05-04 00:00:00,VAQ
25877,24145,2026-05-04 00:00:00,VAQ
25878,24160,2026-05-04 00:00:00,VAQ
25879,24165,2026-05-04 00:00:00,VAQ
25880,24198,2026-05-04 00:00:00,VAQ
25881,24206,2026-05-04 00:00:00,VAQ
25882,24214,2026-05-04 00:00:00,VAQ
25883,24233,2026-05-04 00:00:00,VAQ
25884,24271,2026-05-04 00:00:00,VAQ
25885,3501,2026-05-04 00:00:00,VAQ
25886,3504,2026-05-04 00:00:00,VAQ
25887,4501,2026-05-04 00:00:00,VAQ
25888,J4011,2026-05-04 00:00:00,VAQ
25889,J416,2026-05-04 00:00:00,VAQ
25890,J417,2026-05-04 00:00:00,VAQ
25891,1133,2026-05-05 00:00:00,12
25892,2045,2026-05-05 00:00:00,12
25893,2099,2026-05-05 00:00:00,12
25894,22114,2026-05-05 00:00:00,12
25895,22120,2026-05-05 00:00:00,12
25896,22122,2026-05-05 00:00:00,12
25897,22175,2026-05-05 00:00:00,12
25898,22176,2026-05-05 00:00:00,12
25899,22183,2026-05-05 00:00:00,12
25900,22184,2026-05-05 00:00:00,12
25901,22187,2026-05-05 00:00:00,12
25902,22192,2026-05-05 00:00:00,12
25903,22205,2026-05-05 00:00:00,12
25904,22206,2026-05-05 00:00:00,12
25905,22207,2026-05-05 00:00:00,12
25906,23007,2026-05-05 00:00:00,12
25907,23008,2026-05-05 00:00:00,12
25908,23010,2026-05-05 00:00:00,12
25909,23014,2026-05-05 00:00:00,12
25910,23019,2026-05-05 00:00:00,12
25911,23026,2026-05-05 00:00:00,12
25912,23028,2026-05-05 00:00:00,12
25913,23035,2026-05-05 00:00:00,12
25914,23038,2026-05-05 00:00:00,12
25915,23046,2026-05-05 00:00:00,12
25916,23054,2026-05-05 00:00:00,12
25917,23056,2026-05-05 00:00:00,12
25918,23058,2026-05-05 00:00:00,12
25919,23059,2026-05-05 00:00:00,12
25920,23070,2026-05-05 00:00:00,12
25921,23072,2026-05-05 00:00:00,12
25922,23078,2026-05-05 00:00:00,12
25923,23080,2026-05-05 00:00:00,12
25924,23084,2026-05-05 00:00:00,12
25925,23085,2026-05-05 00:00:00,12
25926,23087,2026-05-05 00:00:00,12
25927,23088,2026-05-05 00:00:00,12
25928,23089,2026-05-05 00:00:00,12
25929,23091,2026-05-05 00:00:00,12
25930,23093,2026-05-05 00:00:00,12
25931,23095,2026-05-05 00:00:00,12
25932,23097,2026-05-05 00:00:00,12
25933,23099,2026-05-05 00:00:00,12
25934,23100,2026-05-05 00:00:00,12
25935,23102,2026-05-05 00:00:00,12
25936,23104,2026-05-05 00:00:00,12
25937,23108,2026-05-05 00:00:00,12
25938,23114,2026-05-05 00:00:00,12
25940,23119,2026-05-05 00:00:00,12
25941,23123,2026-05-05 00:00:00,12
25942,23124,2026-05-05 00:00:00,12
25943,23132,2026-05-05 00:00:00,12
25944,23133,2026-05-05 00:00:00,12
25945,23135,2026-05-05 00:00:00,12
25946,23137,2026-05-05 00:00:00,12
25947,23140,2026-05-05 00:00:00,12
25948,23142,2026-05-05 00:00:00,12
25949,23144,2026-05-05 00:00:00,12
25950,23145,2026-05-05 00:00:00,12
25951,23146,2026-05-05 00:00:00,12
25952,23147,2026-05-05 00:00:00,12
25953,23150,2026-05-05 00:00:00,12
25954,23157,2026-05-05 00:00:00,12
25955,23164,2026-05-05 00:00:00,12
25956,23170,2026-05-05 00:00:00,12
25957,23173,2026-05-05 00:00:00,12
25958,23174,2026-05-05 00:00:00,12
25959,23177,2026-05-05 00:00:00,12
25960,23181,2026-05-05 00:00:00,12
25961,23184,2026-05-05 00:00:00,12
25962,23187,2026-05-05 00:00:00,12
25963,23188,2026-05-05 00:00:00,12
25964,23190,2026-05-05 00:00:00,12
25965,23193,2026-05-05 00:00:00,12
25966,23196,2026-05-05 00:00:00,12
25967,23197,2026-05-05 00:00:00,12
25968,23210,2026-05-05 00:00:00,12
25969,23214,2026-05-05 00:00:00,12
25970,23217,2026-05-05 00:00:00,12
25971,23218,2026-05-05 00:00:00,12
25972,23220,2026-05-05 00:00:00,12
25973,23222,2026-05-05 00:00:00,12
25974,23224,2026-05-05 00:00:00,12
25975,23225,2026-05-05 00:00:00,12
25976,23229,2026-05-05 00:00:00,12
25977,23230,2026-05-05 00:00:00,12
25978,23238,2026-05-05 00:00:00,12
25979,23240,2026-05-05 00:00:00,12
25980,23241,2026-05-05 00:00:00,12
25981,23242,2026-05-05 00:00:00,12
25982,23244,2026-05-05 00:00:00,12
25983,23247,2026-05-05 00:00:00,12
25984,23249,2026-05-05 00:00:00,12
25985,23251,2026-05-05 00:00:00,12
25986,24002,2026-05-05 00:00:00,12
25987,24003,2026-05-05 00:00:00,12
25988,24020,2026-05-05 00:00:00,12
25989,24033,2026-05-05 00:00:00,12
25990,24037,2026-05-05 00:00:00,12
25991,24049,2026-05-05 00:00:00,12
25992,24056,2026-05-05 00:00:00,12
25993,24060,2026-05-05 00:00:00,12
25994,24061,2026-05-05 00:00:00,12
25995,24062,2026-05-05 00:00:00,12
25996,24065,2026-05-05 00:00:00,12
25997,24067,2026-05-05 00:00:00,12
25998,24068,2026-05-05 00:00:00,12
25999,24071,2026-05-05 00:00:00,12
26000,24074,2026-05-05 00:00:00,12
26001,24076,2026-05-05 00:00:00,12
26002,24077,2026-05-05 00:00:00,12
26003,24081,2026-05-05 00:00:00,12
26004,24082,2026-05-05 00:00:00,12
26005,24086,2026-05-05 00:00:00,12
26006,24098,2026-05-05 00:00:00,12
26007,24111,2026-05-05 00:00:00,12
26008,24134,2026-05-05 00:00:00,12
26009,24141,2026-05-05 00:00:00,12
26010,24145,2026-05-05 00:00:00,12
26011,24160,2026-05-05 00:00:00,12
26012,24165,2026-05-05 00:00:00,12
26013,24198,2026-05-05 00:00:00,12
26014,24206,2026-05-05 00:00:00,12
26015,24214,2026-05-05 00:00:00,12
26016,24233,2026-05-05 00:00:00,12
26017,24271,2026-05-05 00:00:00,12
26018,3501,2026-05-05 00:00:00,12
26019,3504,2026-05-05 00:00:00,12
26020,4501,2026-05-05 00:00:00,12
26021,J4011,2026-05-05 00:00:00,12
26022,J416,2026-05-05 00:00:00,12
26023,J417,2026-05-05 00:00:00,12
26024,23090,2026-05-06 00:00:00,catire_El_Silencio
26025,0214,2026-05-06 00:00:00,CACH
26026,2067,2026-05-06 00:00:00,MUERTO
26027,1097A,2026-05-06 00:00:00,MUERTO
26028,1070A,2026-05-06 00:00:00,MUERTO
26029,2004,2026-05-06 00:00:00,MUERTO
26030,BU310,2026-05-06 00:00:00,MUERTO
26031,1085,2026-05-07 00:00:00,CACH
26032,91091,2026-05-05 00:00:00,4
26033,2110,2026-05-05 00:00:00,4
26034,6031,2026-05-05 00:00:00,4
26035,0326,2026-05-05 00:00:00,4
26036,80472,2026-05-05 00:00:00,4
26037,1117,2026-05-05 00:00:00,4
26038,3027A,2026-05-05 00:00:00,4
26039,0333,2026-05-05 00:00:00,4
26040,8019,2026-05-05 00:00:00,4
26041,1078A,2026-05-05 00:00:00,4
26042,8005,2026-05-05 00:00:00,4
26043,9073,2026-05-05 00:00:00,4
26044,3026A,2026-05-05 00:00:00,4
26045,20334,2026-05-05 00:00:00,4
26046,0327,2026-05-05 00:00:00,4
26047,2140,2026-05-05 00:00:00,4
26048,1109B,2026-05-05 00:00:00,4
26049,0107,2026-05-05 00:00:00,4
26050,91172,2026-05-05 00:00:00,4
26051,02331,2026-05-05 00:00:00,4
26052,26114,2026-05-05 00:00:00,4
26053,26054,2026-05-05 00:00:00,4
26054,26112,2026-05-05 00:00:00,4
26055,26113,2026-05-05 00:00:00,4
26056,26111,2026-05-05 00:00:00,4
26057,26118,2026-05-05 00:00:00,4
26058,26121,2026-05-05 00:00:00,4
26059,25243,2026-05-05 00:00:00,4
26060,25221,2026-05-05 00:00:00,4
26061,25308,2026-05-05 00:00:00,4
26062,25266,2026-05-05 00:00:00,4
26063,25230,2026-05-05 00:00:00,4
26064,25256,2026-05-05 00:00:00,4
26065,25293,2026-05-05 00:00:00,4
26066,25231,2026-05-05 00:00:00,4
26067,25310,2026-05-05 00:00:00,4
26068,25110,2026-05-05 00:00:00,4
26069,25283,2026-05-05 00:00:00,4
26070,25270,2026-05-05 00:00:00,4
26071,25233,2026-05-05 00:00:00,4
26072,1310,2026-05-02 00:00:00,6
26073,8033,2026-05-06 00:00:00,1A
26074,26138,2026-05-06 00:00:00,CACH
26075,8011,2026-05-08 00:00:00,Mater
26076,2073,2026-05-08 00:00:00,Mater
26077,8086,2026-05-08 00:00:00,Mater
26078,j425,2026-05-08 00:00:00,Mater
26079,0311,2026-05-08 00:00:00,Mater
26080,2200,2026-05-08 00:00:00,Mater
26081,8033,2026-05-06 00:00:00,1A
26082,0354,2026-05-07 00:00:00,1A
26083,0291,2026-05-07 00:00:00,1A
26084,0350,2026-05-07 00:00:00,1A
26085,26138,2026-05-06 00:00:00,CACH
26086,26139,2026-05-07 00:00:00,CACH
26087,26140,2026-05-07 00:00:00,CACH
26088,26141,2026-05-07 00:00:00,CACH
26089,BU321,2026-05-11 00:00:00,MUERTO
26090,23154,2026-05-11 00:00:00,MUERTO
26091,22178,2026-05-11 00:00:00,MUERTO
26092,1085,2026-05-11 00:00:00,MUERTO
26093,23011,2026-05-11 00:00:00,MUERTO
26094,1082A,2026-05-11 00:00:00,MUERTO
26095,23006,2026-05-08 00:00:00,1A
26096,2072,2026-05-08 00:00:00,1A
26097,26142,2026-05-08 00:00:00,CACH
26098,26143,2026-05-08 00:00:00,CACH
26099,2171,2026-05-02 00:00:00,1A
26100,2226,2026-05-02 00:00:00,1A
26101,2124A,2026-05-02 00:00:00,1A
26102,31102,2026-05-02 00:00:00,1A
26103,2208A,2026-05-02 00:00:00,1A
26104,3107,2026-05-02 00:00:00,1A
26105,2083,2026-05-02 00:00:00,1A
26106,2234,2026-05-02 00:00:00,1A
26107,2050,2026-05-02 00:00:00,1A
26108,5033,2026-05-02 00:00:00,1A
26109,4087,2026-05-02 00:00:00,1A
26110,2094A,2026-05-02 00:00:00,1A
26111,50741,2026-05-02 00:00:00,1A
26112,3066B,2026-05-02 00:00:00,1A
26113,0500,2026-05-02 00:00:00,1A
26114,22116,2026-05-02 00:00:00,1A
26115,22119,2026-05-02 00:00:00,1A
26116,2141,2026-05-02 00:00:00,1A
26117,22085,2026-05-02 00:00:00,1A
26118,22151,2026-05-02 00:00:00,1A
26119,2145,2026-05-02 00:00:00,1A
26120,22142,2026-05-02 00:00:00,1A
26121,22117,2026-05-02 00:00:00,1A
26122,22160,2026-05-02 00:00:00,1A
26123,2162,2026-05-02 00:00:00,1A
26124,22112,2026-05-02 00:00:00,1A
26125,0132,2026-05-02 00:00:00,1A
26126,8036,2026-05-02 00:00:00,1A
26127,5052,2026-05-02 00:00:00,1A
26128,5150,2026-05-02 00:00:00,1A
26129,7059,2026-05-02 00:00:00,1A
26130,8089,2026-05-02 00:00:00,1A
26131,2090A,2026-05-02 00:00:00,1A
26132,8096,2026-05-02 00:00:00,1A
26133,6067,2026-05-02 00:00:00,1A
26134,4035,2026-05-02 00:00:00,1A
26135,5098,2026-05-02 00:00:00,1A
26136,7061,2026-05-02 00:00:00,1A
26137,8028,2026-05-02 00:00:00,1A
26138,8030,2026-05-02 00:00:00,1A
26139,8048,2026-05-02 00:00:00,1A
26140,8079,2026-05-02 00:00:00,1A
26141,8087,2026-05-02 00:00:00,1A
26142,809,2026-05-02 00:00:00,1A
26143,9040,2026-05-02 00:00:00,1A
26144,91171,2026-05-02 00:00:00,1A
26145,91242,2026-05-02 00:00:00,1A
26146,9024,2026-05-02 00:00:00,1A
26147,9103,2026-05-02 00:00:00,1A
26148,9110A,2026-05-02 00:00:00,1A
26149,91262,2026-05-02 00:00:00,1A
26150,0111,2026-05-02 00:00:00,1A
26151,0220,2026-05-02 00:00:00,1A
26152,0226,2026-05-02 00:00:00,1A
26153,0229,2026-05-02 00:00:00,1A
26154,0259,2026-05-02 00:00:00,1A
26155,0267,2026-05-02 00:00:00,1A
26156,0294,2026-05-02 00:00:00,1A
26157,0322,2026-05-02 00:00:00,1A
26158,0336,2026-05-02 00:00:00,1A
26159,2040,2026-05-02 00:00:00,1A
26160,1017A,2026-05-02 00:00:00,1A
26161,2002,2026-05-02 00:00:00,1A
26162,1100A,2026-05-02 00:00:00,1A
26163,1004,2026-05-02 00:00:00,1A
26164,0332,2026-05-02 00:00:00,1A
26165,1079,2026-05-02 00:00:00,1A
26166,0298,2026-05-02 00:00:00,1A
26167,2039,2026-05-02 00:00:00,1A
26168,2087,2026-05-02 00:00:00,1A
26169,1073,2026-05-02 00:00:00,1A
26170,2202,2026-05-02 00:00:00,1A
26171,1103,2026-05-02 00:00:00,1A
26172,2034,2026-05-02 00:00:00,1A
26173,1066A,2026-05-02 00:00:00,1A
26174,2220,2026-05-02 00:00:00,1A
26175,1105,2026-05-02 00:00:00,1A
26176,5629,2026-05-02 00:00:00,1A
26177,5638,2026-05-02 00:00:00,1A
26178,22177,2026-05-02 00:00:00,1A
26179,22180,2026-05-02 00:00:00,1A
26180,22189,2026-05-02 00:00:00,1A
26181,22193,2026-05-02 00:00:00,1A
26182,2109,2026-05-02 00:00:00,1A
26183,22098,2026-05-02 00:00:00,1A
26184,20971,2026-05-02 00:00:00,1A
26185,0305,2026-05-02 00:00:00,1A
26186,0307,2026-05-02 00:00:00,1A
26187,2500,2026-05-02 00:00:00,1A
26188,0314,2026-05-02 00:00:00,1A
26189,2066,2026-05-02 00:00:00,1A
26190,2011,2026-05-02 00:00:00,1A
26191,2096A,2026-05-02 00:00:00,1A
26192,22049,2026-05-02 00:00:00,1A
26193,22139,2026-05-02 00:00:00,1A
26194,J841,2026-05-02 00:00:00,1A
26195,J426,2026-05-02 00:00:00,1A
26196,8011,2026-05-12 00:00:00,1A
26197,26144,2026-05-12 00:00:00,CACH
26198,J415,2026-05-13 00:00:00,1A
26199,9014,2026-05-13 00:00:00,1A
26200,26145,2026-05-13 00:00:00,CACH
26201,26146,2026-05-13 00:00:00,CACH
26202,23020,2026-05-05 00:00:00,6
26203,23053,2026-05-05 00:00:00,6
26204,23063,2026-05-05 00:00:00,6
26205,23118,2026-05-05 00:00:00,6
26206,23120,2026-05-05 00:00:00,6
26207,23156,2026-05-05 00:00:00,6
26208,23165,2026-05-05 00:00:00,6
26209,23212,2026-05-05 00:00:00,6
26210,24029,2026-05-05 00:00:00,6
26211,24034,2026-05-05 00:00:00,6
26212,25102,2026-05-18 00:00:00,CACH
26213,25112,2026-05-18 00:00:00,CACH
26214,25126,2026-05-18 00:00:00,CACH
26215,25141,2026-05-18 00:00:00,CACH
26216,25184,2026-05-18 00:00:00,CACH
26217,25190,2026-05-18 00:00:00,CACH
26218,25235,2026-05-18 00:00:00,CACH
26219,26129,2026-05-18 00:00:00,CACH
26220,26054,2026-05-18 00:00:00,CACH
26221,26075,2026-05-18 00:00:00,CACH
26222,25145,2026-05-18 00:00:00,CACH
26223,25130,2026-05-18 00:00:00,CACH
26224,25215,2026-05-18 00:00:00,CACH
26225,25159,2026-05-18 00:00:00,CACH
26226,25129,2026-05-18 00:00:00,CACH
26227,25027,2026-05-18 00:00:00,CACH
26228,25273,2026-05-18 00:00:00,CACH
26229,25023,2026-05-18 00:00:00,CACH
26230,25166,2026-05-18 00:00:00,CACH
26231,25146,2026-05-18 00:00:00,SERVICIO
26232,25177,2026-05-18 00:00:00,SERVICIO
26233,25205,2026-05-18 00:00:00,SERVICIO
26235,26017,2026-05-18 00:00:00,SERVICIO
26237,26073,2026-05-18 00:00:00,SERVICIO
26239,26119,2026-05-18 00:00:00,SERVICIO
26243,26136,2026-05-18 00:00:00,SERVICIO
26245,26146,2026-05-18 00:00:00,SERVICIO
26246,24034,2026-05-16 00:00:00,CACH
26247,24259,2026-05-16 00:00:00,CACH
26248,J4010,2026-05-16 00:00:00,CACH
26249,24106,2026-05-16 00:00:00,CACH
26250,24289,2026-05-16 00:00:00,CACH
26251,23016,2026-05-16 00:00:00,CACH
26252,2036,2026-05-16 00:00:00,CACH
26253,24154,2026-05-16 00:00:00,CACH
26254,4008,2026-05-16 00:00:00,CACH
26255,1045,2026-05-16 00:00:00,CACH
26256,23189,2026-05-16 00:00:00,CACH
26257,50741,2026-05-16 00:00:00,CACH
26258,7033,2026-05-16 00:00:00,CACH
26259,0311,2026-05-13 00:00:00,10A
26260,22149,2026-05-13 00:00:00,10A
26261,2019,2026-05-13 00:00:00,10A
26262,2073,2026-05-16 00:00:00,10A
26263,23022,2026-05-16 00:00:00,10A
26264,22126,2026-05-20 00:00:00,10A
26265,8086,2026-05-21 00:00:00,10A
26266,10431,2026-05-21 00:00:00,10A
26267,0344,2026-05-21 00:00:00,10A
26268,26147,2026-05-13 00:00:00,CACH
26269,26148,2026-05-13 00:00:00,CACH
26270,26149,2026-05-13 00:00:00,CACH
26271,26150,2026-05-16 00:00:00,CACH
26272,26151,2026-05-16 00:00:00,CACH
26273,26152,2026-05-20 00:00:00,CACH
26274,26153,2026-05-21 00:00:00,CACH
26275,26154,2026-05-21 00:00:00,CACH
26276,26155,2026-05-21 00:00:00,CACH
26277,2171,2026-05-15 00:00:00,10A
26278,2226,2026-05-15 00:00:00,10A
26279,2124A,2026-05-15 00:00:00,10A
26280,31102,2026-05-15 00:00:00,10A
26281,2208A,2026-05-15 00:00:00,10A
26282,3107,2026-05-15 00:00:00,10A
26283,2083,2026-05-15 00:00:00,10A
26284,2234,2026-05-15 00:00:00,10A
26285,2050,2026-05-15 00:00:00,10A
26286,5033,2026-05-15 00:00:00,10A
26287,4087,2026-05-15 00:00:00,10A
26288,2094A,2026-05-15 00:00:00,10A
26289,3024A,2026-05-15 00:00:00,10A
26290,3066B,2026-05-15 00:00:00,10A
26291,0500,2026-05-15 00:00:00,10A
26292,22116,2026-05-15 00:00:00,10A
26293,22119,2026-05-15 00:00:00,10A
26294,2141,2026-05-15 00:00:00,10A
26295,22085,2026-05-15 00:00:00,10A
26296,22151,2026-05-15 00:00:00,10A
26297,2145,2026-05-15 00:00:00,10A
26298,22142,2026-05-15 00:00:00,10A
26299,22117,2026-05-15 00:00:00,10A
26300,22160,2026-05-15 00:00:00,10A
26301,2162,2026-05-15 00:00:00,10A
26302,22112,2026-05-15 00:00:00,10A
26303,0132,2026-05-15 00:00:00,10A
26304,8036,2026-05-15 00:00:00,10A
26305,1091A,2026-05-15 00:00:00,10A
26306,2072,2026-05-15 00:00:00,10A
26307,5052,2026-05-15 00:00:00,10A
26308,5150,2026-05-15 00:00:00,10A
26309,6070,2026-05-15 00:00:00,10A
26310,7059,2026-05-15 00:00:00,10A
26311,8089,2026-05-15 00:00:00,10A
26312,2090A,2026-05-15 00:00:00,10A
26313,3132,2026-05-15 00:00:00,10A
26314,8096,2026-05-15 00:00:00,10A
26315,6067,2026-05-15 00:00:00,10A
26316,4035,2026-05-15 00:00:00,10A
26317,5098,2026-05-15 00:00:00,10A
26318,7061,2026-05-15 00:00:00,10A
26319,8028,2026-05-15 00:00:00,10A
26320,8030,2026-05-15 00:00:00,10A
26321,8033,2026-05-15 00:00:00,10A
26322,8037,2026-05-15 00:00:00,10A
26323,8048,2026-05-15 00:00:00,10A
26324,8079,2026-05-15 00:00:00,10A
26325,8087,2026-05-15 00:00:00,10A
26326,809,2026-05-15 00:00:00,10A
26327,9040,2026-05-15 00:00:00,10A
26328,91171,2026-05-15 00:00:00,10A
26329,91242,2026-05-15 00:00:00,10A
26330,0343,2026-05-15 00:00:00,10A
26331,8011,2026-05-15 00:00:00,10A
26332,9014,2026-05-15 00:00:00,10A
26333,9024,2026-05-15 00:00:00,10A
26334,9103,2026-05-15 00:00:00,10A
26335,9110A,2026-05-15 00:00:00,10A
26336,91262,2026-05-15 00:00:00,10A
26337,0111,2026-05-15 00:00:00,10A
26338,0220,2026-05-15 00:00:00,10A
26339,0226,2026-05-15 00:00:00,10A
26340,0229,2026-05-15 00:00:00,10A
26341,0259,2026-05-15 00:00:00,10A
26342,0267,2026-05-15 00:00:00,10A
26343,0291,2026-05-15 00:00:00,10A
26344,0294,2026-05-15 00:00:00,10A
26345,0322,2026-05-15 00:00:00,10A
26346,0336,2026-05-15 00:00:00,10A
26347,0354,2026-05-15 00:00:00,10A
26348,2040,2026-05-15 00:00:00,10A
26349,1017A,2026-05-15 00:00:00,10A
26350,2002,2026-05-15 00:00:00,10A
26351,1100A,2026-05-15 00:00:00,10A
26352,1004,2026-05-15 00:00:00,10A
26353,0332,2026-05-15 00:00:00,10A
26354,1079,2026-05-15 00:00:00,10A
26355,0298,2026-05-15 00:00:00,10A
26356,2039,2026-05-15 00:00:00,10A
26357,2087,2026-05-15 00:00:00,10A
26358,1073,2026-05-15 00:00:00,10A
26359,2202,2026-05-15 00:00:00,10A
26360,1103,2026-05-15 00:00:00,10A
26361,2034,2026-05-15 00:00:00,10A
26362,1066A,2026-05-15 00:00:00,10A
26363,2220,2026-05-15 00:00:00,10A
26364,1105,2026-05-15 00:00:00,10A
26365,5629,2026-05-15 00:00:00,10A
26366,5638,2026-05-15 00:00:00,10A
26367,22177,2026-05-15 00:00:00,10A
26368,22180,2026-05-15 00:00:00,10A
26369,22189,2026-05-15 00:00:00,10A
26370,22193,2026-05-15 00:00:00,10A
26371,23001,2026-05-15 00:00:00,10A
26372,23006,2026-05-15 00:00:00,10A
26373,2109,2026-05-15 00:00:00,10A
26374,22098,2026-05-15 00:00:00,10A
26375,20971,2026-05-15 00:00:00,10A
26376,0305,2026-05-15 00:00:00,10A
26377,0307,2026-05-15 00:00:00,10A
26378,2500,2026-05-15 00:00:00,10A
26379,0314,2026-05-15 00:00:00,10A
26380,pend24,2026-05-15 00:00:00,10A
26381,2066,2026-05-15 00:00:00,10A
26382,0350,2026-05-15 00:00:00,10A
26383,2011,2026-05-15 00:00:00,10A
26384,2096A,2026-05-15 00:00:00,10A
26385,22049,2026-05-15 00:00:00,10A
26386,35,2026-05-15 00:00:00,10A
26387,22139,2026-05-15 00:00:00,10A
26388,J415,2026-05-15 00:00:00,10A
26389,J841,2026-05-15 00:00:00,10A
26390,J426,2026-05-15 00:00:00,10A
26391,2023,2026-05-14 00:00:00,1A
26392,22049,2026-05-14 00:00:00,3A
26393,2218,2026-05-14 00:00:00,1A
26394,22186,2026-05-14 00:00:00,1A
26395,4008,2026-05-14 00:00:00,1A
26396,8041,2026-05-14 00:00:00,3A
26397,9020,2026-05-14 00:00:00,1A
26398,9053,2026-05-14 00:00:00,3A
26399,2200,2026-05-14 00:00:00,1B
26400,2096,2026-05-14 00:00:00,1B
26401,23022,2026-05-16 00:00:00,CACH
26402,24136,2026-05-16 00:00:00,CACH
26403,22126,2026-05-16 00:00:00,CACH
26404,25219,2026-05-16 00:00:00,CACH
26405,8086,2026-05-16 00:00:00,CACH
26406,26019,2026-05-16 00:00:00,CACH
26407,2073,2026-05-16 00:00:00,CACH
26408,26134,2026-05-16 00:00:00,CACH
26409,25306,2026-05-18 00:00:00,10B
26410,25200,2026-05-18 00:00:00,10B
26411,25265,2026-05-18 00:00:00,10B
26412,25158,2026-05-18 00:00:00,10B
26413,25207,2026-05-18 00:00:00,10B
26414,25186,2026-05-18 00:00:00,10B
26415,25027,2026-05-18 00:00:00,10B
26416,26013,2026-05-18 00:00:00,10B
26417,25277,2026-05-18 00:00:00,10B
26418,25023,2026-05-18 00:00:00,10B
26419,25089,2026-05-18 00:00:00,10B
26420,25128,2026-05-18 00:00:00,10B
26421,25253,2026-05-18 00:00:00,10B
26422,25098,2026-05-18 00:00:00,10B
26423,25143,2026-05-18 00:00:00,10B
26424,0202,2026-05-19 00:00:00,PARADERO
26425,0344,2026-05-19 00:00:00,PARADERO
26426,10431,2026-05-19 00:00:00,PARADERO
26427,9058,2026-05-19 00:00:00,PARADERO
26428,J01415,2026-05-19 00:00:00,PARADERO
26429,7066,2026-05-19 00:00:00,PARADERO
26430,0299A,2026-05-19 00:00:00,PARADERO
26431,2103,2026-05-19 00:00:00,3A
26432,24255,2026-05-19 00:00:00,PARADERO
26433,7080,2026-05-19 00:00:00,SERVICIO
26434,J404,2026-05-20 00:00:00,Mater
26435,24262,2026-05-20 00:00:00,PARADERO
26436,24129,2026-05-20 00:00:00,PARADERO
26437,23098,2026-05-20 00:00:00,PARADERO
26438,23125,2026-05-20 00:00:00,PARADERO
26439,23127,2026-05-20 00:00:00,PARADERO
26440,23139,2026-05-20 00:00:00,PARADERO
26441,23168,2026-05-20 00:00:00,PARADERO
26442,23186,2026-05-20 00:00:00,PARADERO
26443,23223,2026-05-20 00:00:00,PARADERO
26444,23237,2026-05-20 00:00:00,PARADERO
26445,23243,2026-05-20 00:00:00,PARADERO
26446,23246,2026-05-20 00:00:00,PARADERO
26447,23252,2026-05-20 00:00:00,PARADERO
26448,24007,2026-05-20 00:00:00,PARADERO
26449,24021,2026-05-20 00:00:00,PARADERO
26450,24054,2026-05-20 00:00:00,PARADERO
26451,24084,2026-05-20 00:00:00,PARADERO
26452,24094,2026-05-20 00:00:00,PARADERO
26453,24099,2026-05-20 00:00:00,PARADERO
26454,24148,2026-05-20 00:00:00,PARADERO
26455,23233,2026-05-20 00:00:00,PARADERO
26456,24131,2026-05-20 00:00:00,5
26457,23131,2026-05-20 00:00:00,SERVICIO
26458,23148,2026-05-20 00:00:00,SERVICIO
26459,J413,2026-05-20 00:00:00,SERVICIO
26460,23027,2026-05-20 00:00:00,5
26461,23160,2026-05-20 00:00:00,5
26462,23166,2026-05-20 00:00:00,5
26463,23227,2026-05-20 00:00:00,5
26464,23231,2026-05-20 00:00:00,5
26465,23232,2026-05-20 00:00:00,5
26466,23248,2026-05-20 00:00:00,5
26467,23250,2026-05-20 00:00:00,5
26468,24004,2026-05-20 00:00:00,5
26469,24005,2026-05-20 00:00:00,5
26470,24006,2026-05-20 00:00:00,5
26471,24013,2026-05-20 00:00:00,5
26472,24014,2026-05-20 00:00:00,5
26473,24015,2026-05-20 00:00:00,5
26474,24039,2026-05-20 00:00:00,5
26475,24040,2026-05-20 00:00:00,5
26476,24042,2026-05-20 00:00:00,5
26477,24043,2026-05-20 00:00:00,5
26478,24045,2026-05-20 00:00:00,5
26479,24051,2026-05-20 00:00:00,5
26480,24052,2026-05-20 00:00:00,5
26481,24053,2026-05-20 00:00:00,5
26482,24055,2026-05-20 00:00:00,5
26483,24058,2026-05-20 00:00:00,5
26484,24070,2026-05-20 00:00:00,5
26485,24072,2026-05-20 00:00:00,5
26486,24097,2026-05-20 00:00:00,5
26487,24101,2026-05-20 00:00:00,5
26488,24115,2026-05-20 00:00:00,5
26489,24119,2026-05-20 00:00:00,5
26490,24120,2026-05-20 00:00:00,5
26491,24124,2026-05-20 00:00:00,5
26492,24142,2026-05-20 00:00:00,5
26493,24144,2026-05-20 00:00:00,5
26494,24150,2026-05-20 00:00:00,5
26495,24152,2026-05-20 00:00:00,5
26496,24162,2026-05-20 00:00:00,5
26497,24168,2026-05-20 00:00:00,5
26498,24173,2026-05-20 00:00:00,5
26499,24179,2026-05-20 00:00:00,5
26500,24180,2026-05-20 00:00:00,5
26501,24181,2026-05-20 00:00:00,5
26502,24182,2026-05-20 00:00:00,5
26503,24187,2026-05-20 00:00:00,5
26504,24190,2026-05-20 00:00:00,5
26505,24218,2026-05-20 00:00:00,5
26506,24224,2026-05-20 00:00:00,5
26507,24231,2026-05-20 00:00:00,5
26508,24251,2026-05-20 00:00:00,5
26509,24252,2026-05-20 00:00:00,5
26510,24277,2026-05-20 00:00:00,5
26511,24278,2026-05-20 00:00:00,5
26512,J402,2026-05-20 00:00:00,5
26513,J403,2026-05-20 00:00:00,5
26514,J405,2026-05-20 00:00:00,5
26515,J406,2026-05-20 00:00:00,5
26516,J407,2026-05-20 00:00:00,5
26517,J412,2026-05-20 00:00:00,5
26518,J414,2026-05-20 00:00:00,5
26519,J418,2026-05-20 00:00:00,5
26520,J419,2026-05-20 00:00:00,5
26521,24131,2026-05-20 00:00:00,5
26522,24250,2026-05-20 00:00:00,5
26523,24066,2026-05-20 00:00:00,5
26524,24090,2026-05-20 00:00:00,5
26525,24106,2026-05-20 00:00:00,5
26526,24001,2026-05-20 00:00:00,5
26527,25023,2026-05-20 00:00:00,5
26528,24248,2026-05-20 00:00:00,5
26529,24275,2026-05-20 00:00:00,5
26530,24028,2026-05-20 00:00:00,5
26531,BU330,2026-05-26 00:00:00,CACH
26532,BU351,2026-05-21 00:00:00,C4
26533,BU78,2026-05-21 00:00:00,C4
26534,BU329,2026-05-21 00:00:00,C4
26535,BU362,2026-05-21 00:00:00,C4
26536,BU363,2026-05-21 00:00:00,C4
26537,BU378,2026-05-21 00:00:00,C4
26538,BU342,2026-05-21 00:00:00,C4
26539,BU057,2026-05-21 00:00:00,C4
26540,BU106,2026-05-21 00:00:00,C4
26541,BU373,2026-05-21 00:00:00,C4
26542,BU053,2026-05-21 00:00:00,C4
26543,BU346,2026-05-21 00:00:00,C4
26544,BU88,2026-05-21 00:00:00,C4
26545,BU358,2026-05-21 00:00:00,C4
26546,BU048,2026-05-21 00:00:00,C4
26547,BU70,2026-05-21 00:00:00,C4
26548,BU355,2026-05-21 00:00:00,C4
26549,BU89,2026-05-21 00:00:00,C4
26550,BU72,2026-05-21 00:00:00,C4
26551,BU359,2026-05-21 00:00:00,C4
26552,BU333,2026-05-21 00:00:00,C4
26553,BU318,2026-05-21 00:00:00,C4
26554,BU71,2026-05-21 00:00:00,C4
26555,BU379,2026-05-21 00:00:00,C4
26556,BU85,2026-05-21 00:00:00,C4
26557,BU377,2026-05-21 00:00:00,C4
26558,BU353,2026-05-21 00:00:00,C4
26559,BU93,2026-05-21 00:00:00,C4
26560,BU92,2026-05-21 00:00:00,C4
26561,BU357,2026-05-21 00:00:00,C4
26562,BU82,2026-05-21 00:00:00,C4
26563,BU082,2026-05-21 00:00:00,C4
26564,BU073,2026-05-21 00:00:00,C4
26565,BU368,2026-05-21 00:00:00,C4
26566,BU324,2026-05-21 00:00:00,C4
26567,BU354,2026-05-21 00:00:00,C4
26568,BU76,2026-05-21 00:00:00,C4
26569,BU341,2026-05-21 00:00:00,C4
26570,BU68,2026-05-21 00:00:00,C4
26571,BU2517,2026-05-21 00:00:00,CA
26572,BU340,2026-05-21 00:00:00,CA
26573,BU2502,2026-05-21 00:00:00,CA
26574,BU320,2026-05-21 00:00:00,CA
26575,BU316,2026-05-21 00:00:00,CA
26576,BU334,2026-05-21 00:00:00,CA
26577,BU2505,2026-05-21 00:00:00,CA
26578,BU2520,2026-05-21 00:00:00,CA
26579,BU006,2026-05-21 00:00:00,CA
26580,BU2510,2026-05-21 00:00:00,CA
26581,BU2508,2026-05-21 00:00:00,CA
26582,BU2506,2026-05-21 00:00:00,CA
26583,BU2516,2026-05-21 00:00:00,CA
26584,BU036,2026-05-21 00:00:00,CA
26585,BU2519,2026-05-21 00:00:00,CA
26586,BU2504,2026-05-21 00:00:00,CA
26587,BU349,2026-05-21 00:00:00,CA
26588,BU2507,2026-05-21 00:00:00,CA
26589,BU2523,2026-05-21 00:00:00,CA
26590,BU2524,2026-05-21 00:00:00,CA
26591,BU2518,2026-05-21 00:00:00,CA
26592,BU2532,2026-05-21 00:00:00,CA
26593,BU335,2026-05-21 00:00:00,CA
26594,BU2511,2026-05-21 00:00:00,CA
26595,BU2530,2026-05-21 00:00:00,CA
26596,BU2515,2026-05-21 00:00:00,CA
26597,BU2522,2026-05-21 00:00:00,CA
26598,BU062,2026-05-21 00:00:00,CA
26599,BU2529,2026-05-21 00:00:00,CA
26600,BU2514,2026-05-21 00:00:00,CA
26601,BU2512,2026-05-21 00:00:00,CA
26602,BU332,2026-05-21 00:00:00,CA
26603,BU348,2026-05-21 00:00:00,CA
26604,BU2531,2026-05-21 00:00:00,CA
26605,BU2528,2026-05-21 00:00:00,CA
26606,BU035,2026-05-21 00:00:00,CA
26607,BU2509,2026-05-21 00:00:00,CA
26608,BU019,2026-05-21 00:00:00,CA
26609,BU347,2026-05-21 00:00:00,CA
26610,BU339,2026-05-21 00:00:00,CA
26611,BU338,2026-05-21 00:00:00,CA
26612,BU2525,2026-05-21 00:00:00,CA
26613,BU344,2026-05-21 00:00:00,CA
26614,BU2513,2026-05-21 00:00:00,CA
26615,BU345,2026-05-21 00:00:00,CA
26616,BU2526,2026-05-21 00:00:00,CA
26617,BU369,2026-05-21 00:00:00,CA
26618,BU312,2026-05-21 00:00:00,CA
26619,BU372,2026-05-21 00:00:00,CA
26620,BU076,2026-05-21 00:00:00,CA
26621,BU343,2026-05-21 00:00:00,CA
26623,BU315,2026-05-21 00:00:00,CA
26624,BU325,2026-05-21 00:00:00,CA
26625,BU009,2026-05-21 00:00:00,CA
26627,BU322,2026-05-30 00:00:00,MUERTO
26628,BU308,2026-04-20 00:00:00,MUERTO
26629,BU071,2026-05-11 00:00:00,MUERTO
26630,BU097,2026-05-11 00:00:00,MUERTO
26631,BU302,2026-05-11 00:00:00,MUERTO
26632,BU069,2026-05-20 00:00:00,MUERTO
26633,BU089,2026-05-20 00:00:00,MUERTO
26634,BU317,2026-05-20 00:00:00,MUERTO
26635,BU087,2026-05-20 00:00:00,MUERTO
26636,BU327,2026-05-26 00:00:00,MUERTO
26637,BU090,2026-05-26 00:00:00,MUERTO
26638,BU311,2026-05-26 00:00:00,MUERTO
26639,BU088,2026-05-26 00:00:00,MUERTO
26640,BU086,2026-05-26 00:00:00,MUERTO
26641,BU326,2026-05-26 00:00:00,MUERTO
26642,BU328,2026-05-28 00:00:00,MUERTO
26643,BU376,2026-02-15 00:00:00,MUERTO
26644,26143,2026-05-24 00:00:00,MUERTO
26645,26156,2026-05-26 00:00:00,MUERTO
26646,26136,2026-05-28 00:00:00,MUERTO
26647,25078,2026-05-28 00:00:00,CA
26648,25089,2026-05-28 00:00:00,CA
26649,25098,2026-05-28 00:00:00,CA
26650,25119,2026-05-28 00:00:00,CA
26651,25126,2026-05-28 00:00:00,CA
26652,25129,2026-05-28 00:00:00,CA
26653,25130,2026-05-28 00:00:00,CA
26654,25138,2026-05-28 00:00:00,CA
26655,25140,2026-05-28 00:00:00,CA
26656,25141,2026-05-28 00:00:00,CA
26657,25154,2026-05-28 00:00:00,CA
26658,25159,2026-05-28 00:00:00,CA
26659,25161,2026-05-28 00:00:00,CA
26660,25164,2026-05-28 00:00:00,CA
26661,25167,2026-05-28 00:00:00,CA
26662,25173,2026-05-28 00:00:00,CA
26663,25176,2026-05-28 00:00:00,CA
26664,25178,2026-05-28 00:00:00,CA
26665,25179,2026-05-28 00:00:00,CA
26666,25183,2026-05-28 00:00:00,CA
26667,25187,2026-05-28 00:00:00,CA
26668,25188,2026-05-28 00:00:00,CA
26669,25190,2026-05-28 00:00:00,CA
26670,25192,2026-05-28 00:00:00,CA
26671,25203,2026-05-28 00:00:00,CA
26672,25210,2026-05-28 00:00:00,CA
26673,25211,2026-05-28 00:00:00,CA
26674,25213,2026-05-28 00:00:00,CA
26675,25222,2026-05-28 00:00:00,CA
26676,25223,2026-05-28 00:00:00,CA
26677,25224,2026-05-28 00:00:00,CA
26678,25226,2026-05-28 00:00:00,CA
26679,25237,2026-05-28 00:00:00,CA
26680,25265,2026-05-28 00:00:00,CA
26681,BU86,2026-03-28 00:00:00,MUERTO
26682,BU84,2026-05-20 00:00:00,MG
26683,BU356,2026-05-20 00:00:00,5
26684,BU374,2026-05-20 00:00:00,5
26685,BU69,2026-05-20 00:00:00,MG
26686,BU79,2026-05-20 00:00:00,MG
26687,BU360,2026-05-20 00:00:00,5
26688,BU371,2026-05-20 00:00:00,5
26689,BU370,2026-05-20 00:00:00,5
26690,BU365,2026-05-20 00:00:00,5
26691,BU375,2026-05-20 00:00:00,5
26692,BU091,2026-05-26 00:00:00,MG
26693,BU092,2026-05-26 00:00:00,MG
26694,BU095,2026-05-26 00:00:00,MG
26695,BU099,2026-05-26 00:00:00,MG
26696,BU20,2026-05-26 00:00:00,MG
26697,BU301,2026-05-26 00:00:00,MG
26698,BU303,2026-05-26 00:00:00,MG
26699,BU304,2026-05-26 00:00:00,MG
26700,BU306,2026-05-26 00:00:00,MG
26701,BU313,2026-05-26 00:00:00,MG
26702,BU322,2026-05-26 00:00:00,MG
26703,BU323,2026-05-26 00:00:00,MG
26704,BU328,2026-05-26 00:00:00,MG
26705,BU330,2026-05-26 00:00:00,MG
26706,BU67,2026-05-26 00:00:00,MG
26707,BU75,2026-05-26 00:00:00,MG
26708,BU83,2026-05-26 00:00:00,MG
26709,BU87,2026-05-26 00:00:00,MG
26710,23168,2026-05-26 00:00:00,5
26711,24094,2026-05-26 00:00:00,5
26712,24148,2026-05-26 00:00:00,5
26713,23125,2026-05-26 00:00:00,5
26714,23252,2026-05-26 00:00:00,5
26715,23186,2026-05-26 00:00:00,5
26716,24021,2026-05-26 00:00:00,5
26717,23139,2026-05-26 00:00:00,5
26718,23246,2026-05-26 00:00:00,5
26719,23127,2026-05-26 00:00:00,5
26720,23243,2026-05-26 00:00:00,5
26721,24007,2026-05-26 00:00:00,5
26722,23237,2026-05-26 00:00:00,5
26723,24054,2026-05-26 00:00:00,5
26724,23233,2026-05-26 00:00:00,5
26725,23098,2026-05-26 00:00:00,5
26726,24099,2026-05-26 00:00:00,5
26727,23223,2026-05-26 00:00:00,5
26728,24084,2026-05-26 00:00:00,5
26729,24204,2026-05-22 00:00:00,C4
26730,23131,2026-05-22 00:00:00,C4
26731,0125,2026-05-27 00:00:00,4
26732,02331,2026-05-27 00:00:00,4
26733,0246,2026-05-27 00:00:00,4
26734,0258,2026-05-27 00:00:00,4
26735,0303,2026-05-27 00:00:00,4
26736,0308,2026-05-27 00:00:00,4
26737,0310,2026-05-27 00:00:00,4
26738,0317A,2026-05-27 00:00:00,4
26739,0321,2026-05-27 00:00:00,4
26740,0326,2026-05-27 00:00:00,4
26741,0333,2026-05-27 00:00:00,4
26742,0348,2026-05-27 00:00:00,4
26743,0352,2026-05-27 00:00:00,4
26744,0355,2026-05-27 00:00:00,4
26745,1032,2026-05-27 00:00:00,4
26746,1056A,2026-05-27 00:00:00,4
26747,1078A,2026-05-27 00:00:00,4
26748,1117,2026-05-27 00:00:00,4
26749,1132,2026-05-27 00:00:00,4
26750,2024,2026-05-27 00:00:00,4
26751,2060,2026-05-27 00:00:00,4
26752,2064,2026-05-27 00:00:00,4
26753,2065,2026-05-27 00:00:00,4
26754,2088B,2026-05-27 00:00:00,4
26755,2102,2026-05-27 00:00:00,4
26756,2107,2026-05-27 00:00:00,4
26757,2110,2026-05-27 00:00:00,4
26758,2140,2026-05-27 00:00:00,4
26759,22198,2026-05-27 00:00:00,4
26760,25231,2026-05-27 00:00:00,4
26761,25232,2026-05-27 00:00:00,4
26762,25233,2026-05-27 00:00:00,4
26763,25234,2026-05-27 00:00:00,4
26764,25239,2026-05-27 00:00:00,4
26765,25243,2026-05-27 00:00:00,4
26766,25247,2026-05-27 00:00:00,4
26767,25255,2026-05-27 00:00:00,4
26768,25256,2026-05-27 00:00:00,4
26769,25260,2026-05-27 00:00:00,4
26770,25261,2026-05-27 00:00:00,4
26771,25263,2026-05-27 00:00:00,4
26772,25270,2026-05-27 00:00:00,4
26773,25271,2026-05-27 00:00:00,4
26774,25272,2026-05-27 00:00:00,4
26775,25278,2026-05-27 00:00:00,4
26776,25283,2026-05-27 00:00:00,4
26777,25286,2026-05-27 00:00:00,4
26778,25293,2026-05-27 00:00:00,4
26779,25294,2026-05-27 00:00:00,4
26780,25299,2026-05-27 00:00:00,4
26781,25301,2026-05-27 00:00:00,4
26782,25302,2026-05-27 00:00:00,4
26783,25303,2026-05-27 00:00:00,4
26784,25304,2026-05-27 00:00:00,4
26785,25308,2026-05-27 00:00:00,4
26786,25309,2026-05-27 00:00:00,4
26787,25310,2026-05-27 00:00:00,4
26788,25311,2026-05-27 00:00:00,4
26789,25313,2026-05-27 00:00:00,4
26790,25315,2026-05-27 00:00:00,4
26791,25317,2026-05-27 00:00:00,4
26792,26005,2026-05-27 00:00:00,4
26793,26008,2026-05-27 00:00:00,4
26794,26010,2026-05-27 00:00:00,4
26795,26014,2026-05-27 00:00:00,4
26796,26015,2026-05-27 00:00:00,4
26797,26016,2026-05-27 00:00:00,4
26798,26026,2026-05-27 00:00:00,4
26799,26027,2026-05-27 00:00:00,4
26800,26029,2026-05-27 00:00:00,4
26801,26064,2026-05-27 00:00:00,4
26802,26067,2026-05-27 00:00:00,4
26803,26071,2026-05-27 00:00:00,4
26804,26083,2026-05-27 00:00:00,4
26805,26097,2026-05-27 00:00:00,4
26806,26100,2026-05-27 00:00:00,4
26807,26111,2026-05-27 00:00:00,4
26808,26112,2026-05-27 00:00:00,4
26809,26113,2026-05-27 00:00:00,4
26810,26114,2026-05-27 00:00:00,4
26811,26121,2026-05-27 00:00:00,4
26812,3026A,2026-05-27 00:00:00,4
26813,3027A,2026-05-27 00:00:00,4
26814,3108,2026-05-27 00:00:00,4
26815,4007,2026-05-27 00:00:00,4
26816,4034,2026-05-27 00:00:00,4
26817,4053,2026-05-27 00:00:00,4
26818,4076,2026-05-27 00:00:00,4
26819,4099,2026-05-27 00:00:00,4
26820,4100,2026-05-27 00:00:00,4
26821,4101,2026-05-27 00:00:00,4
26822,4141,2026-05-27 00:00:00,4
26823,5007,2026-05-27 00:00:00,4
26824,5092,2026-05-27 00:00:00,4
26825,5144,2026-05-27 00:00:00,4
26826,6008,2026-05-27 00:00:00,4
26827,6031,2026-05-27 00:00:00,4
26828,6037,2026-05-27 00:00:00,4
26829,8005,2026-05-27 00:00:00,4
26830,8014,2026-05-27 00:00:00,4
26831,8019,2026-05-27 00:00:00,4
26832,80472,2026-05-27 00:00:00,4
26833,8051,2026-05-27 00:00:00,4
26834,8063,2026-05-27 00:00:00,4
26835,8082,2026-05-27 00:00:00,4
26836,8093,2026-05-27 00:00:00,4
26837,9016,2026-05-27 00:00:00,4
26838,9023,2026-05-27 00:00:00,4
26839,9100,2026-05-27 00:00:00,4
26840,9104,2026-05-27 00:00:00,4
26841,91091,2026-05-27 00:00:00,4
26842,9115,2026-05-27 00:00:00,4
26843,91172,2026-05-27 00:00:00,4
26844,9121,2026-05-27 00:00:00,4
26845,9122,2026-05-27 00:00:00,4
26846,9126A,2026-05-27 00:00:00,4
26847,9128B,2026-05-27 00:00:00,4
26848,9503,2026-05-27 00:00:00,4
26849,J409,2026-05-27 00:00:00,4
26850,J428,2026-05-27 00:00:00,4
26851,26017,2026-05-27 00:00:00,4
26852,0107,2026-05-27 00:00:00,6
26853,0128,2026-05-27 00:00:00,6
26854,0206B,2026-05-27 00:00:00,6
26855,0271,2026-05-27 00:00:00,6
26856,0312,2026-05-27 00:00:00,6
26857,0327,2026-05-27 00:00:00,6
26858,0330A,2026-05-27 00:00:00,6
26859,0349,2026-05-27 00:00:00,6
26860,1043A,2026-05-27 00:00:00,6
26861,1065,2026-05-27 00:00:00,6
26862,1077A,2026-05-27 00:00:00,6
26863,1109B,2026-05-27 00:00:00,6
26864,19,2026-05-27 00:00:00,6
26865,20334,2026-05-27 00:00:00,6
26866,2037,2026-05-27 00:00:00,6
26867,2059,2026-05-27 00:00:00,6
26868,2061,2026-05-27 00:00:00,6
26869,2097,2026-05-27 00:00:00,6
26870,2143A,2026-05-27 00:00:00,6
26871,22195,2026-05-27 00:00:00,6
26872,23037,2026-05-27 00:00:00,6
26873,23094,2026-05-27 00:00:00,6
26874,24016,2026-05-27 00:00:00,6
26875,31,2026-05-27 00:00:00,6
26876,3119,2026-05-27 00:00:00,6
26877,4055,2026-05-27 00:00:00,6
26878,4066,2026-05-27 00:00:00,6
26879,4109,2026-05-27 00:00:00,6
26880,50501,2026-05-27 00:00:00,6
26881,6021,2026-05-27 00:00:00,6
26882,6028,2026-05-27 00:00:00,6
26883,8010,2026-05-27 00:00:00,6
26884,8085,2026-05-27 00:00:00,6
26885,9073,2026-05-27 00:00:00,6
26886,9501,2026-05-27 00:00:00,6
26887,EMB 5,2026-05-27 00:00:00,6
26888,J408,2026-05-27 00:00:00,6
26889,J420,2026-05-27 00:00:00,6
26890,J413,2026-05-27 00:00:00,6
26891,4A,2026-05-27 00:00:00,6
26892,2016,2026-05-27 00:00:00,CACH
26893,26073,2026-05-27 00:00:00,CACH
26894,24280,2026-05-27 00:00:00,PARADERO
26895,25110,2026-05-27 00:00:00,PARADERO
26896,25154,2026-05-27 00:00:00,PARADERO
26897,25164,2026-05-27 00:00:00,PARADERO
26898,25167,2026-05-27 00:00:00,PARADERO
26899,25173,2026-05-27 00:00:00,PARADERO
26900,25176,2026-05-27 00:00:00,PARADERO
26901,25178,2026-05-27 00:00:00,PARADERO
26902,25179,2026-05-27 00:00:00,PARADERO
26903,25183,2026-05-27 00:00:00,PARADERO
26904,25188,2026-05-27 00:00:00,PARADERO
26905,25192,2026-05-27 00:00:00,PARADERO
26906,25203,2026-05-27 00:00:00,PARADERO
26907,25206,2026-05-27 00:00:00,PARADERO
26908,25210,2026-05-27 00:00:00,PARADERO
26909,25211,2026-05-27 00:00:00,PARADERO
26910,25213,2026-05-27 00:00:00,PARADERO
26911,25221,2026-05-27 00:00:00,PARADERO
26912,25222,2026-05-27 00:00:00,PARADERO
26913,25223,2026-05-27 00:00:00,PARADERO
26914,25224,2026-05-27 00:00:00,PARADERO
26915,25226,2026-05-27 00:00:00,PARADERO
26916,25230,2026-05-27 00:00:00,PARADERO
26917,8060,2026-05-27 00:00:00,PARADERO
26918,25025,2026-05-27 00:00:00,PARADERO
26919,25138,2026-05-27 00:00:00,PARADERO
26920,25177,2026-05-27 00:00:00,PARADERO
26921,25078,2026-05-27 00:00:00,PARADERO
26922,25140,2026-05-27 00:00:00,PARADERO
26923,25119,2026-05-27 00:00:00,PARADERO
26924,25209,2026-05-27 00:00:00,PARADERO
26925,25161,2026-05-27 00:00:00,PARADERO
26926,25175,2026-05-27 00:00:00,PARADERO
26927,7072,2026-05-27 00:00:00,VAQ
26928,7080,2026-05-27 00:00:00,VAQ
26929,26158,2026-05-27 00:00:00,VAQ
26930,26159,2026-05-27 00:00:00,VAQ
26931,25229,2026-05-27 00:00:00,SERVICIO
26932,25266,2026-05-27 00:00:00,SERVICIO
26933,25282,2026-05-27 00:00:00,SERVICIO
26938,pen,2026-04-15 00:00:00,MUERTO
26941,22199,2026-05-31 00:00:00,SERVICIO
26943,BU81,2026-05-31 00:00:00,SERVICIO
26944,BU94,2026-05-31 00:00:00,SERVICIO
26945,9,2026-05-31 00:00:00,NINGUNO
26946,23074,2026-05-31 00:00:00,SERVICIO
26947,23086,2026-05-31 00:00:00,SERVICIO
26948,23148,2026-05-31 00:00:00,SERVICIO
26950,24096,2026-05-31 00:00:00,SERVICIO
26951,24178,2026-05-31 00:00:00,SERVICIO
26952,24296,2026-05-31 00:00:00,SERVICIO
26953,25063,2026-05-31 00:00:00,SERVICIO
26954,25083,2026-05-31 00:00:00,NINGUNO
26955,25085,2026-05-31 00:00:00,NINGUNO
26956,25144,2026-05-31 00:00:00,SERVICIO
26957,25146,2026-05-31 00:00:00,SERVICIO
26958,25205,2026-05-31 00:00:00,SERVICIO
26959,25229,2026-05-31 00:00:00,SERVICIO
26960,25266,2026-05-31 00:00:00,SERVICIO
26961,25282,2026-05-31 00:00:00,SERVICIO
26964,26119,2026-05-31 00:00:00,SERVICIO
26966,26133,2026-05-31 00:00:00,MUERTO
26967,0202,2026-05-27 00:00:00,1A
26968,23036,2026-05-27 00:00:00,1A
26969,7080,2026-05-27 00:00:00,1A
26970,7072,2026-05-27 00:00:00,1A
26971,9058,2026-05-29 00:00:00,1A
26972,7066,2026-05-29 00:00:00,1A
26973,26156,2026-05-27 00:00:00,CACH
26974,26157,2026-05-27 00:00:00,CACH
26975,26158,2026-05-29 00:00:00,CACH
26976,26159,2026-05-29 00:00:00,CACH
26977,26160,2026-05-29 00:00:00,CACH
26978,26161,2026-05-29 00:00:00,CACH
26979,0302,2026-05-27 00:00:00,3B
26980,7059,2026-05-27 00:00:00,3A
26981,2034,2026-05-27 00:00:00,3A
26982,3066B,2026-05-27 00:00:00,3A
26983,0336,2026-05-27 00:00:00,3A
26984,9110A,2026-05-27 00:00:00,3A
26985,0111,2026-05-27 00:00:00,3A
26986,2234,2026-05-27 00:00:00,3A
26987,1103,2026-05-27 00:00:00,3A
26988,0298,2026-05-27 00:00:00,3A
26989,8096,2026-05-27 00:00:00,3A
26990,3107,2026-05-27 00:00:00,3A
26991,2023,2026-05-27 00:00:00,3A
26992,22186,2026-05-27 00:00:00,3A
26993,9020,2026-05-27 00:00:00,3A
26994,22161,2026-05-27 00:00:00,3A
26995,3043,2026-05-27 00:00:00,3B
26996,5098,2026-05-27 00:00:00,3A
26997,9040,2026-05-30 00:00:00,3A
26998,2087,2026-05-30 00:00:00,3A
26999,9500,2026-05-30 00:00:00,3B
27000,2141,2026-05-30 00:00:00,3A
27001,2162,2026-05-30 00:00:00,3A
27002,2066,2026-05-30 00:00:00,3A
27003,0500,2026-05-30 00:00:00,3A
27004,2226,2026-05-30 00:00:00,3A
27005,j426,2026-05-30 00:00:00,3A
27006,9024,2026-05-30 00:00:00,3A
27007,8048,2026-05-30 00:00:00,3A
27008,pend24,2026-05-30 00:00:00,3A
27009,22180,2026-05-30 00:00:00,3A
27010,9103,2026-05-30 00:00:00,3A
27011,2072,2026-05-30 00:00:00,3A
27012,2094A,2026-05-30 00:00:00,3A
27013,1091A,2026-05-30 00:00:00,3A
27014,0259,2026-05-30 00:00:00,3A
27015,21391,2026-05-30 00:00:00,3A
27016,4066,2026-05-30 00:00:00,3B
27017,8060,2026-05-30 00:00:00,3B
27018,2171,2026-05-26 00:00:00,1A
27019,2226,2026-05-26 00:00:00,1A
27020,2124A,2026-05-26 00:00:00,1A
27021,2208A,2026-05-26 00:00:00,1A
27022,3107,2026-05-26 00:00:00,1A
27023,2083,2026-05-26 00:00:00,1A
27024,2234,2026-05-26 00:00:00,1A
27025,2050,2026-05-26 00:00:00,1A
27026,5033,2026-05-26 00:00:00,1A
27027,4087,2026-05-26 00:00:00,1A
27028,2094A,2026-05-26 00:00:00,1A
27029,3024A,2026-05-26 00:00:00,1A
27030,3066B,2026-05-26 00:00:00,1A
27031,0500,2026-05-26 00:00:00,1A
27032,22116,2026-05-26 00:00:00,1A
27033,22119,2026-05-26 00:00:00,1A
27034,22149,2026-05-26 00:00:00,1A
27035,2141,2026-05-26 00:00:00,1A
27036,22126,2026-05-26 00:00:00,1A
27037,2019,2026-05-26 00:00:00,1A
27038,22085,2026-05-26 00:00:00,1A
27039,22151,2026-05-26 00:00:00,1A
27040,2145,2026-05-26 00:00:00,1A
27041,22142,2026-05-26 00:00:00,1A
27042,22117,2026-05-26 00:00:00,1A
27043,22160,2026-05-26 00:00:00,1A
27044,2162,2026-05-26 00:00:00,1A
27045,22112,2026-05-26 00:00:00,1A
27046,0132,2026-05-26 00:00:00,1A
27047,2073,2026-05-26 00:00:00,1A
27048,8036,2026-05-26 00:00:00,1A
27049,1091A,2026-05-26 00:00:00,1A
27050,2072,2026-05-26 00:00:00,1A
27051,5052,2026-05-26 00:00:00,1A
27052,5150,2026-05-26 00:00:00,1A
27053,6070,2026-05-26 00:00:00,1A
27054,7059,2026-05-26 00:00:00,1A
27055,8089,2026-05-26 00:00:00,1A
27056,3132,2026-05-26 00:00:00,1A
27057,8096,2026-05-26 00:00:00,1A
27058,6067,2026-05-26 00:00:00,1A
27059,4035,2026-05-26 00:00:00,1A
27060,5098,2026-05-26 00:00:00,1A
27061,7061,2026-05-26 00:00:00,1A
27062,8028,2026-05-26 00:00:00,1A
27063,8030,2026-05-26 00:00:00,1A
27064,8033,2026-05-26 00:00:00,1A
27065,8037,2026-05-26 00:00:00,1A
27066,8048,2026-05-26 00:00:00,1A
27067,8079,2026-05-26 00:00:00,1A
27068,8086,2026-05-26 00:00:00,1A
27069,8087,2026-05-26 00:00:00,1A
27070,809,2026-05-26 00:00:00,1A
27071,9040,2026-05-26 00:00:00,1A
27072,91171,2026-05-26 00:00:00,1A
27073,91242,2026-05-26 00:00:00,1A
27074,0343,2026-05-26 00:00:00,1A
27075,8011,2026-05-26 00:00:00,1A
27076,9014,2026-05-26 00:00:00,1A
27077,9024,2026-05-26 00:00:00,1A
27078,9103,2026-05-26 00:00:00,1A
27079,9110A,2026-05-26 00:00:00,1A
27080,91262,2026-05-26 00:00:00,1A
27081,0111,2026-05-26 00:00:00,1A
27082,0220,2026-05-26 00:00:00,1A
27083,0226,2026-05-26 00:00:00,1A
27084,0229,2026-05-26 00:00:00,1A
27085,0259,2026-05-26 00:00:00,1A
27086,0267,2026-05-26 00:00:00,1A
27087,0291,2026-05-26 00:00:00,1A
27088,0294,2026-05-26 00:00:00,1A
27089,0322,2026-05-26 00:00:00,1A
27090,0336,2026-05-26 00:00:00,1A
27091,0344,2026-05-26 00:00:00,1A
27092,0354,2026-05-26 00:00:00,1A
27093,2040,2026-05-26 00:00:00,1A
27094,1017A,2026-05-26 00:00:00,1A
27095,2002,2026-05-26 00:00:00,1A
27096,10431,2026-05-26 00:00:00,1A
27097,1100A,2026-05-26 00:00:00,1A
27098,1004,2026-05-26 00:00:00,1A
27099,0332,2026-05-26 00:00:00,1A
27100,1079,2026-05-26 00:00:00,1A
27101,0298,2026-05-26 00:00:00,1A
27102,2039,2026-05-26 00:00:00,1A
27103,2087,2026-05-26 00:00:00,1A
27104,1073,2026-05-26 00:00:00,1A
27105,2202,2026-05-26 00:00:00,1A
27106,1103,2026-05-26 00:00:00,1A
27107,2034,2026-05-26 00:00:00,1A
27108,1066A,2026-05-26 00:00:00,1A
27109,2220,2026-05-26 00:00:00,1A
27110,22177,2026-05-26 00:00:00,1A
27111,22180,2026-05-26 00:00:00,1A
27112,22189,2026-05-26 00:00:00,1A
27113,23001,2026-05-26 00:00:00,1A
27114,23006,2026-05-26 00:00:00,1A
27115,2109,2026-05-26 00:00:00,1A
27116,22098,2026-05-26 00:00:00,1A
27117,20971,2026-05-26 00:00:00,1A
27118,0305,2026-05-26 00:00:00,1A
27119,0307,2026-05-26 00:00:00,1A
27120,0311,2026-05-26 00:00:00,1A
27121,2500,2026-05-26 00:00:00,1A
27122,0314,2026-05-26 00:00:00,1A
27123,pend24,2026-05-26 00:00:00,1A
27124,2066,2026-05-26 00:00:00,1A
27125,0350,2026-05-26 00:00:00,1A
27126,2011,2026-05-26 00:00:00,1A
27127,2096A,2026-05-26 00:00:00,1A
27128,22049,2026-05-26 00:00:00,1A
27129,23022,2026-05-26 00:00:00,1A
27130,35,2026-05-26 00:00:00,1A
27131,22139,2026-05-26 00:00:00,1A
27132,J415,2026-05-26 00:00:00,1A
27133,J841,2026-05-26 00:00:00,1A
27134,J426,2026-05-26 00:00:00,1A
27135,BU306,2026-06-02 00:00:00,MUERTO
27136,BU313,2026-06-02 00:00:00,MUERTO
27137,BU092,2026-06-02 00:00:00,MUERTO
27138,BU67,2026-06-02 00:00:00,MUERTO
27139,1152,2026-06-01 00:00:00,MUERTO
27144,25186,2026-05-28 00:00:00,10B
27145,25275,2026-05-28 00:00:00,10B
27146,25277,2026-05-28 00:00:00,10B
27147,25200,2026-05-28 00:00:00,10B
27148,25145,2026-05-28 00:00:00,10B
27149,25209,2026-05-28 00:00:00,10B
27150,25175,2026-05-28 00:00:00,10B
27151,25230,2026-05-28 00:00:00,10B
27152,25231,2026-05-28 00:00:00,10B
27153,25110,2026-05-28 00:00:00,10B
27154,25253,2026-05-28 00:00:00,10B
27155,25177,2026-05-28 00:00:00,C4
27156,9116B,2026-05-22 00:00:00,MUERTO
27157,26118,2026-05-20 00:00:00,MUERTO
27158,3750,2026-06-18 00:00:00,CACH
27159,26089,2026-03-03 00:00:00,CACH
27160,26089,2026-03-15 00:00:00,MUERTO
27161,pend41,2026-05-16 00:00:00,CACH
27162,4172,2026-05-19 00:00:00,6
27163,2080,2026-05-19 00:00:00,6
27164,2026,2026-05-15 00:00:00,1A
27165,7017,2026-05-16 00:00:00,CACH
27166,26085,2026-04-20 00:00:00,MUERTO
27167,2224,2025-10-27 00:00:00,MUERTO
27169,26018A,2026-01-15 00:00:00,MUERTO
27170,23033,2026-05-31 00:00:00,1A
27171,1053A,2026-06-01 00:00:00,1A
27172,0274,2026-06-01 00:00:00,1A
27173,26164,2026-05-31 00:00:00,CACH
27174,26162,2026-06-01 00:00:00,CACH
27175,26163,2026-06-01 00:00:00,CACH
27176,0263,2026-05-19 00:00:00,6
27177,pend41,2026-05-19 00:00:00,6
27178,2021,2026-05-19 00:00:00,6
27179,9046,2026-05-19 00:00:00,6
27180,2016,2026-05-19 00:00:00,6
27181,J425,2026-05-19 00:00:00,6
27182,5679,2026-05-19 00:00:00,6
27183,5082,2026-05-19 00:00:00,6
27184,8067,2026-05-19 00:00:00,6
27185,3750,2026-05-19 00:00:00,6
27186,21027,2026-05-19 00:00:00,6
27187,0320,2026-05-19 00:00:00,6
27188,0139,2026-05-19 00:00:00,6
27189,8072,2026-05-19 00:00:00,6
27190,22132,2026-05-19 00:00:00,6
27191,1090A,2026-05-19 00:00:00,6
27192,0299C,2026-05-19 00:00:00,6
27193,60286,2026-05-19 00:00:00,6
27194,7067,2026-05-19 00:00:00,6
27195,2063B,2026-05-19 00:00:00,6
27196,7032,2026-05-19 00:00:00,6
27197,1139A,2026-05-19 00:00:00,6
27198,5079,2026-06-03 00:00:00,Mater
27199,0205,2026-06-03 00:00:00,Mater
27200,0299C,2026-06-03 00:00:00,Mater
27201,2047,2026-06-03 00:00:00,Mater
27202,9051,2026-06-03 00:00:00,1A
27203,7087,2026-06-03 00:00:00,1A
27204,1074,2026-06-03 00:00:00,1A
27205,9011,2026-06-03 00:00:00,1A
27206,26164,2026-06-03 00:00:00,CACH
27207,26165,2026-06-03 00:00:00,CACH
27208,26166,2026-06-03 00:00:00,CACH
27209,26167,2026-06-03 00:00:00,CACH
27210,22168,2026-04-22 00:00:00,MUERTO
27211,24071,2026-06-04 00:00:00,CACH
27212,24065,2026-06-04 00:00:00,CACH
27213,3504,2026-06-04 00:00:00,CACH
27214,24020,2026-06-04 00:00:00,CACH
27215,23008,2026-06-04 00:00:00,CACH
27216,23007,2026-06-04 00:00:00,CACH
27217,24033,2026-06-04 00:00:00,CACH
27218,26168,2026-06-03 00:00:00,CACH
27219,0118A,2026-06-04 00:00:00,CACH
27220,1027,2026-06-04 00:00:00,CACH
27221,26156,2026-06-02 00:00:00,MUERTO
27222,25144,2026-06-04 00:00:00,MUERTO
27224,24156,2026-06-04 00:00:00,12
27225,24109,2026-06-04 00:00:00,12
27226,24170,2026-06-04 00:00:00,12
27227,25078,2026-06-04 00:00:00,12
27228,24203,2026-06-04 00:00:00,12
27229,24080,2026-06-04 00:00:00,12
27230,24102,2026-06-04 00:00:00,12
27231,23064,2026-06-04 00:00:00,12
27232,24036,2026-06-04 00:00:00,12
27233,24018,2026-06-04 00:00:00,12
27234,24193,2026-06-04 00:00:00,12
27235,23171,2026-06-04 00:00:00,12
27236,24163,2026-06-04 00:00:00,12
27237,24191,2026-06-04 00:00:00,12
27238,24194,2026-06-04 00:00:00,12
27239,24130,2026-06-04 00:00:00,12
27240,24073,2026-06-04 00:00:00,12
27241,24132,2026-06-04 00:00:00,12
27242,BU036,2026-06-04 00:00:00,C4
27243,BU344,2026-06-04 00:00:00,C4
27244,BU062,2026-06-04 00:00:00,C4
27245,BU312,2026-06-04 00:00:00,C4
27246,BU019,2026-06-04 00:00:00,C4
27247,BU316,2026-06-04 00:00:00,C4
27248,BU343,2026-06-04 00:00:00,C4
27249,26054,2026-05-27 00:00:00,4
27250,2202,2026-06-05 00:00:00,4
27251,0354,2026-06-05 00:00:00,4
27252,0291,2026-06-05 00:00:00,4
27253,0350,2026-06-05 00:00:00,4
27254,0343,2026-06-05 00:00:00,4
27255,9014,2026-06-05 00:00:00,4
27256,7072,2026-06-05 00:00:00,4
27257,0274,2026-06-05 00:00:00,4
27258,7080,2026-06-05 00:00:00,4
27259,26101,2026-06-05 00:00:00,4
27260,26139,2026-06-05 00:00:00,4
27261,26140,2026-06-05 00:00:00,4
27262,26141,2026-06-05 00:00:00,4
27263,26135,2026-06-05 00:00:00,4
27264,26146,2026-06-05 00:00:00,4
27265,26159,2026-06-05 00:00:00,4
27266,26163,2026-06-05 00:00:00,4
27267,26158,2026-06-05 00:00:00,4
27268,23116,2026-06-03 00:00:00,6
27269,25266,2026-06-08 00:00:00,VAQ
27270,BU75,2026-06-10 00:00:00,MUERTO
27271,BU091,2026-06-10 00:00:00,MUERTO
27272,BU20,2026-06-10 00:00:00,MUERTO
27273,BU83,2026-06-10 00:00:00,MUERTO
27274,BU095,2026-06-10 00:00:00,MUERTO
27275,26113,2026-06-08 00:00:00,MUERTO
27276,23043,2026-06-09 00:00:00,5
27277,23128,2026-06-09 00:00:00,5
27278,23002,2026-06-09 00:00:00,5
27279,23172,2026-06-09 00:00:00,5
27280,22182,2026-06-09 00:00:00,5
27281,23081,2026-06-09 00:00:00,5
27282,23075,2026-06-09 00:00:00,5
27283,23079,2026-06-09 00:00:00,5
27284,23138,2026-06-09 00:00:00,5
27285,22169A,2026-06-09 00:00:00,5
27286,23110,2026-06-09 00:00:00,5
27287,23131,2026-06-09 00:00:00,5
27288,23077,2026-06-09 00:00:00,5
27289,23044,2026-06-09 00:00:00,5
27290,23183,2026-06-09 00:00:00,5
27291,23185,2026-06-09 00:00:00,5
27292,23169,2026-06-09 00:00:00,5
27293,23151,2026-06-09 00:00:00,5
27294,23062,2026-06-09 00:00:00,5
27295,23005,2026-06-09 00:00:00,5
27296,23105,2026-06-09 00:00:00,5
27297,23069,2026-06-09 00:00:00,5
27298,23130,2026-06-09 00:00:00,5
27299,23057,2026-06-09 00:00:00,5
27300,23050,2026-06-09 00:00:00,5
27301,23082,2026-06-09 00:00:00,5
27302,23018,2026-06-09 00:00:00,5
27303,23106,2026-06-09 00:00:00,5
27304,24116,2026-06-09 00:00:00,5
27305,22197,2026-06-09 00:00:00,5
27306,23215,2026-06-09 00:00:00,5
27307,23066,2026-06-09 00:00:00,5
27308,23129,2026-06-09 00:00:00,5
27309,23208,2026-06-09 00:00:00,5
27310,23141,2026-06-09 00:00:00,5
27311,22121,2026-06-09 00:00:00,5
27312,23162,2026-06-09 00:00:00,5
27313,23052,2026-06-09 00:00:00,5
27314,23158,2026-06-09 00:00:00,5
27315,23235,2026-06-09 00:00:00,5
27316,23136,2026-06-09 00:00:00,5
27317,23178,2026-06-09 00:00:00,5
27318,23152,2026-06-09 00:00:00,5
27319,23109,2026-06-09 00:00:00,5
27320,23179,2026-06-09 00:00:00,5
27321,23134,2026-06-09 00:00:00,5
27322,23207,2026-06-09 00:00:00,5
27323,23049,2026-06-09 00:00:00,5
27324,23122,2026-06-09 00:00:00,5
27325,23023,2026-06-09 00:00:00,5
27326,23211,2026-06-09 00:00:00,5
27327,23126,2026-06-09 00:00:00,5
27328,23067,2026-06-09 00:00:00,5
27329,23201,2026-06-09 00:00:00,5
27330,22150,2026-06-09 00:00:00,5
27331,23195,2026-06-09 00:00:00,5
27332,23228,2026-06-09 00:00:00,5
27333,23159,2026-06-09 00:00:00,5
27334,23203,2026-06-09 00:00:00,5
27335,23202,2026-06-09 00:00:00,5
27336,23073,2026-06-09 00:00:00,6
27337,23039,2026-06-09 00:00:00,6
27338,23045,2026-06-09 00:00:00,6
27339,23107,2026-06-09 00:00:00,6
27340,23121,2026-06-09 00:00:00,6
27341,23003,2026-06-09 00:00:00,6
27342,22164,2026-06-09 00:00:00,6
27343,23024,2026-06-09 00:00:00,6
27344,23111,2026-06-09 00:00:00,6
27345,23061,2026-06-09 00:00:00,6
27346,23031,2026-06-09 00:00:00,6
27347,23153,2026-06-09 00:00:00,6
27348,23092,2026-06-09 00:00:00,6
27349,23030,2026-06-09 00:00:00,6
27350,23021,2026-06-09 00:00:00,6
27351,23065,2026-06-09 00:00:00,6
27352,23055,2026-06-09 00:00:00,6
27353,23101,2026-06-09 00:00:00,6
27354,23198,2026-06-09 00:00:00,6
27355,23115,2026-06-09 00:00:00,6
27356,23051,2026-06-09 00:00:00,6
27357,23060,2026-06-09 00:00:00,6
27358,22221,2026-06-09 00:00:00,6
27359,0298,2026-06-09 00:00:00,6
27360,0298A,2026-06-09 00:00:00,6
27361,8041,2026-06-09 00:00:00,6
27362,0353,2026-06-09 00:00:00,6
27363,7012,2026-06-09 00:00:00,6
27364,0241,2026-06-09 00:00:00,6
27365,1063,2026-06-09 00:00:00,6
27366,1015,2026-06-09 00:00:00,6
27367,9006,2026-06-09 00:00:00,6
27368,5098,2026-06-09 00:00:00,6
27369,2095,2026-06-09 00:00:00,6
27370,2018,2026-06-09 00:00:00,6
27371,9037,2026-06-09 00:00:00,6
27372,7074,2026-06-09 00:00:00,6
27373,5030,2026-06-09 00:00:00,6
27374,3021A,2026-06-09 00:00:00,6
27375,25157,2026-06-09 00:00:00,CACH
27376,25123,2026-06-09 00:00:00,CACH
27377,25150,2026-06-09 00:00:00,CACH
27378,25214,2026-06-09 00:00:00,CACH
27379,25165,2026-06-09 00:00:00,CACH
27380,25169,2026-06-09 00:00:00,CACH
27381,25170,2026-06-09 00:00:00,CACH
27382,25174,2026-06-09 00:00:00,CACH
27383,25156,2026-06-09 00:00:00,CACH
27384,26174,2026-06-11 00:00:00,CACH
27385,0299C,2026-06-11 00:00:00,10A
27386,0118A,2026-06-12 00:00:00,MUERTO
27387,23236,2026-03-04 00:00:00,Sr_jose_luis_Guache_CA
27388,22216,2026-06-14 00:00:00,10A
27389,2047,2026-06-14 00:00:00,10A
27390,5076,2026-06-15 00:00:00,10A
27391,0139,2026-06-15 00:00:00,10A
27392,5079,2026-06-15 00:00:00,10A
27393,26169,2026-06-14 00:00:00,CACH
27394,26170,2026-06-14 00:00:00,CACH
27395,26171,2026-06-15 00:00:00,CACH
27396,26172,2026-06-15 00:00:00,CACH
27397,26173,2026-06-15 00:00:00,CACH
27398,2171,2026-06-10 00:00:00,10A
27399,2124A,2026-06-10 00:00:00,10A
27400,2208A,2026-06-10 00:00:00,10A
27401,2083,2026-06-10 00:00:00,10A
27402,2050,2026-06-10 00:00:00,10A
27403,5033,2026-06-10 00:00:00,10A
27404,4087,2026-06-10 00:00:00,10A
27405,3024A,2026-06-10 00:00:00,10A
27406,22116,2026-06-10 00:00:00,10A
27407,22119,2026-06-10 00:00:00,10A
27408,22149,2026-06-10 00:00:00,10A
27409,22126,2026-06-10 00:00:00,10A
27410,2019,2026-06-10 00:00:00,10A
27411,22085,2026-06-10 00:00:00,10A
27412,22151,2026-06-10 00:00:00,10A
27413,2145,2026-06-10 00:00:00,10A
27414,22142,2026-06-10 00:00:00,10A
27415,22117,2026-06-10 00:00:00,10A
27416,22160,2026-06-10 00:00:00,10A
27417,22112,2026-06-10 00:00:00,10A
27418,0132,2026-06-10 00:00:00,10A
27419,2073,2026-06-10 00:00:00,10A
27420,8036,2026-06-10 00:00:00,10A
27421,5052,2026-06-10 00:00:00,10A
27422,5150,2026-06-10 00:00:00,10A
27423,6070,2026-06-10 00:00:00,10A
27424,7087,2026-06-10 00:00:00,10A
27425,8089,2026-06-10 00:00:00,10A
27426,3132,2026-06-10 00:00:00,10A
27427,6067,2026-06-10 00:00:00,10A
27428,4035,2026-06-10 00:00:00,10A
27429,7061,2026-06-10 00:00:00,10A
27430,8028,2026-06-10 00:00:00,10A
27431,8030,2026-06-10 00:00:00,10A
27432,8033,2026-06-10 00:00:00,10A
27433,8037,2026-06-10 00:00:00,10A
27434,8079,2026-06-10 00:00:00,10A
27435,8086,2026-06-10 00:00:00,10A
27436,8087,2026-06-10 00:00:00,10A
27437,809,2026-06-10 00:00:00,10A
27438,9051,2026-06-10 00:00:00,10A
27439,9058,2026-06-10 00:00:00,10A
27440,91171,2026-06-10 00:00:00,10A
27441,91242,2026-06-10 00:00:00,10A
27442,8011,2026-06-10 00:00:00,10A
27443,9011,2026-06-10 00:00:00,10A
27444,91262,2026-06-10 00:00:00,10A
27445,0202,2026-06-10 00:00:00,10A
27446,0220,2026-06-10 00:00:00,10A
27447,0226,2026-06-10 00:00:00,10A
27448,0229,2026-06-10 00:00:00,10A
27449,0267,2026-06-10 00:00:00,10A
27450,0294,2026-06-10 00:00:00,10A
27451,0322,2026-06-10 00:00:00,10A
27452,0344,2026-06-10 00:00:00,10A
27453,2040,2026-06-10 00:00:00,10A
27454,1017A,2026-06-10 00:00:00,10A
27455,2002,2026-06-10 00:00:00,10A
27456,1053A,2026-06-10 00:00:00,10A
27457,10431,2026-06-10 00:00:00,10A
27458,1100A,2026-06-10 00:00:00,10A
27459,1074,2026-06-10 00:00:00,10A
27460,1004,2026-06-10 00:00:00,10A
27461,0332,2026-06-10 00:00:00,10A
27462,1079,2026-06-10 00:00:00,10A
27463,2039,2026-06-10 00:00:00,10A
27464,1073,2026-06-10 00:00:00,10A
27465,7066,2026-06-10 00:00:00,10A
27466,1066A,2026-06-10 00:00:00,10A
27467,2220,2026-06-10 00:00:00,10A
27468,22177,2026-06-10 00:00:00,10A
27469,22189,2026-06-10 00:00:00,10A
27470,23001,2026-06-10 00:00:00,10A
27471,23006,2026-06-10 00:00:00,10A
27472,2109,2026-06-10 00:00:00,10A
27473,22098,2026-06-10 00:00:00,10A
27474,2026,2026-06-10 00:00:00,10A
27475,20971,2026-06-10 00:00:00,10A
27476,0305,2026-06-10 00:00:00,10A
27477,0307,2026-06-10 00:00:00,10A
27478,0311,2026-06-10 00:00:00,10A
27479,2500,2026-06-10 00:00:00,10A
27480,0314,2026-06-10 00:00:00,10A
27481,2011,2026-06-10 00:00:00,10A
27482,2096A,2026-06-10 00:00:00,10A
27483,2218,2026-06-10 00:00:00,10A
27484,22049,2026-06-10 00:00:00,10A
27485,23022,2026-06-10 00:00:00,10A
27486,23033,2026-06-10 00:00:00,10A
27487,23036,2026-06-10 00:00:00,10A
27488,35,2026-06-10 00:00:00,10A
27489,22139,2026-06-10 00:00:00,10A
27490,J415,2026-06-10 00:00:00,10A
27491,J841,2026-06-10 00:00:00,10A
27492,50741,2026-06-16 00:00:00,MUERTO
27493,26154,2026-06-17 00:00:00,MUERTO
27494,26108,2026-06-16 00:00:00,MUERTO
27495,BU87,2026-06-17 00:00:00,MUERTO
27496,BU69,2026-06-17 00:00:00,MUERTO
27497,8067,2026-06-17 00:00:00,MUERTO
27498,4109,2026-06-17 00:00:00,MUERTO
27499,10391,2026-06-17 00:00:00,MUERTO
27500,7032,2026-06-17 00:00:00,MUERTO
27501,26175,2026-06-17 00:00:00,MUERTO
27502,26175,2026-06-16 00:00:00,VAQ
27503,0205,2026-06-16 00:00:00,10A
27504,25266,2026-06-17 00:00:00,MUERTO
27505,26176,2026-06-17 00:00:00,CACH
27506,2203,2026-06-17 00:00:00,10A
27507,2200,2026-06-22 00:00:00,VAQ
27508,25207,2026-06-22 00:00:00,CACH
27509,7092,2026-06-22 00:00:00,VAQ
27510,25158,2026-06-22 00:00:00,CACH
27511,4018,2026-06-22 00:00:00,VAQ
27512,25128,2026-06-22 00:00:00,CACH
27513,J404,2026-06-22 00:00:00,CACH
27514,25025,2026-06-22 00:00:00,CACH
27515,2021,2026-06-22 00:00:00,CACH
27516,1075,2026-06-22 00:00:00,VAQ
27517,J01415,2026-06-22 00:00:00,VAQ
27518,24262,2026-06-22 00:00:00,CACH
27519,3024A,2026-06-22 00:00:00,CACH
27520,24129,2026-06-22 00:00:00,CACH
27521,25143,2026-06-22 00:00:00,CACH
27522,25275,2026-06-22 00:00:00,CACH
27523,25277,2026-06-22 00:00:00,CACH
27524,25206,2026-06-22 00:00:00,CACH
27525,40072,2026-06-22 00:00:00,MG
27526,0018,2026-06-22 00:00:00,MG
27527,J4010,2026-06-22 00:00:00,MAR1
27528,22191,2026-06-22 00:00:00,Mater
27529,2059,2026-06-24 00:00:00,MUERTO
27530,8072,2026-06-24 00:00:00,MUERTO
27531,30,2026-06-24 00:00:00,MUERTO
27532,BU099,2026-06-24 00:00:00,MUERTO
27533,40072,2026-06-24 00:00:00,MUERTO
27534,2096,2026-06-25 00:00:00,CACH
27535,9073,2026-06-25 00:00:00,CACH
27536,7067,2026-06-25 00:00:00,CACH
27537,1123,2026-06-25 00:00:00,CACH
27538,7092,2026-06-25 00:00:00,MG
27539,31102,2026-06-25 00:00:00,MG
27540,2090A,2026-06-25 00:00:00,MG
27541,5098,2026-06-25 00:00:00,MG
27542,4008,2026-06-25 00:00:00,MG
27543,4A,2026-06-25 00:00:00,MG
27544,21027,2026-06-25 00:00:00,MG
27545,6028,2026-06-25 00:00:00,MG
27546,1139A,2026-06-25 00:00:00,MG
27547,6020,2026-06-25 00:00:00,MG
27548,1091A,2026-06-25 00:00:00,MG
27549,3028A,2026-06-25 00:00:00,MG
27550,31,2026-06-25 00:00:00,MG
27551,0128,2026-06-25 00:00:00,MG
27552,3043,2026-06-25 00:00:00,MG
27553,0018,2026-06-25 00:00:00,MG
27554,4023,2026-06-25 00:00:00,MG
27555,2080,2026-06-25 00:00:00,MG
27556,4055,2026-06-25 00:00:00,MG
27557,4078,2026-06-25 00:00:00,MG
27558,4018,2026-06-25 00:00:00,MG
27559,2097,2026-06-25 00:00:00,MG
27560,2133A,2026-06-25 00:00:00,MG
27561,9046,2026-06-25 00:00:00,MG
27562,1090A,2026-06-25 00:00:00,MG
27563,2149A,2026-06-25 00:00:00,MG
27564,22149,2026-06-25 00:00:00,MG
27565,8060,2026-06-25 00:00:00,MG
27566,0314,2026-06-21 00:00:00,3A
27567,0332,2026-06-21 00:00:00,3A
27568,2026,2026-06-21 00:00:00,3A
27569,2039,2026-06-21 00:00:00,3A
27570,22049,2026-06-21 00:00:00,3A
27571,2500,2026-06-21 00:00:00,3A
27572,1015,2026-06-21 00:00:00,3A
27573,1103,2026-06-21 00:00:00,10A
27574,2023,2026-06-21 00:00:00,10A
27575,2066,2026-06-21 00:00:00,10A
27576,21391,2026-06-21 00:00:00,10A
27577,2162,2026-06-21 00:00:00,10A
27578,22180,2026-06-21 00:00:00,10A
27579,22186,2026-06-21 00:00:00,10A
27580,80121,2026-06-21 00:00:00,10A
27581,22193,2026-06-21 00:00:00,10A
27582,2203,2026-06-21 00:00:00,10A
27583,0299C,2026-06-21 00:00:00,10A
27584,3021A,2026-06-21 00:00:00,10A
27585,26132,2026-06-22 00:00:00,CACH
27586,26170,2026-06-24 00:00:00,MUERTO
27587,26074,2026-06-19 00:00:00,MUERTO
27591,26177,2026-06-16 00:00:00,CACH
27592,0299A,2026-06-16 00:00:00,10A
27593,2171,2026-06-20 00:00:00,1A
27594,3021A,2026-06-20 00:00:00,1A
27595,2124A,2026-06-20 00:00:00,1A
27596,2208A,2026-06-20 00:00:00,1A
27597,2083,2026-06-20 00:00:00,1A
27598,2050,2026-06-20 00:00:00,1A
27599,2047,2026-06-20 00:00:00,1A
27600,5033,2026-06-20 00:00:00,1A
27601,4087,2026-06-20 00:00:00,1A
27602,22116,2026-06-20 00:00:00,1A
27603,22119,2026-06-20 00:00:00,1A
27604,22126,2026-06-20 00:00:00,1A
27605,21391,2026-06-20 00:00:00,1A
27606,2019,2026-06-20 00:00:00,1A
27607,22085,2026-06-20 00:00:00,1A
27608,22151,2026-06-20 00:00:00,1A
27609,2145,2026-06-20 00:00:00,1A
27610,22142,2026-06-20 00:00:00,1A
27611,22117,2026-06-20 00:00:00,1A
27612,22160,2026-06-20 00:00:00,1A
27613,2162,2026-06-20 00:00:00,1A
27614,22112,2026-06-20 00:00:00,1A
27615,0132,2026-06-20 00:00:00,1A
27616,2073,2026-06-20 00:00:00,1A
27617,8036,2026-06-20 00:00:00,1A
27618,5052,2026-06-20 00:00:00,1A
27619,5076,2026-06-20 00:00:00,1A
27620,5150,2026-06-20 00:00:00,1A
27621,6070,2026-06-20 00:00:00,1A
27622,7087,2026-06-20 00:00:00,1A
27623,8089,2026-06-20 00:00:00,1A
27624,3132,2026-06-20 00:00:00,1A
27625,6067,2026-06-20 00:00:00,1A
27626,4035,2026-06-20 00:00:00,1A
27627,7061,2026-06-20 00:00:00,1A
27628,80121,2026-06-20 00:00:00,1A
27629,8028,2026-06-20 00:00:00,1A
27630,8030,2026-06-20 00:00:00,1A
27631,8033,2026-06-20 00:00:00,1A
27632,8037,2026-06-20 00:00:00,1A
27633,8079,2026-06-20 00:00:00,1A
27634,8086,2026-06-20 00:00:00,1A
27635,8087,2026-06-20 00:00:00,1A
27636,809,2026-06-20 00:00:00,1A
27637,9051,2026-06-20 00:00:00,1A
27638,9058,2026-06-20 00:00:00,1A
27639,91171,2026-06-20 00:00:00,1A
27640,91242,2026-06-20 00:00:00,1A
27641,8011,2026-06-20 00:00:00,1A
27642,9011,2026-06-20 00:00:00,1A
27643,91262,2026-06-20 00:00:00,1A
27644,0202,2026-06-20 00:00:00,1A
27645,0205,2026-06-20 00:00:00,1A
27646,0220,2026-06-20 00:00:00,1A
27647,0226,2026-06-20 00:00:00,1A
27648,0229,2026-06-20 00:00:00,1A
27649,0267,2026-06-20 00:00:00,1A
27650,0294,2026-06-20 00:00:00,1A
27651,0299A,2026-06-20 00:00:00,1A
27652,0299C,2026-06-20 00:00:00,1A
27653,0322,2026-06-20 00:00:00,1A
27654,0344,2026-06-20 00:00:00,1A
27655,2040,2026-06-20 00:00:00,1A
27656,1017A,2026-06-20 00:00:00,1A
27657,2002,2026-06-20 00:00:00,1A
27658,1053A,2026-06-20 00:00:00,1A
27659,10431,2026-06-20 00:00:00,1A
27660,1100A,2026-06-20 00:00:00,1A
27661,1074,2026-06-20 00:00:00,1A
27662,1004,2026-06-20 00:00:00,1A
27663,1079,2026-06-20 00:00:00,1A
27664,2203,2026-06-20 00:00:00,1A
27665,1073,2026-06-20 00:00:00,1A
27666,1103,2026-06-20 00:00:00,1A
27667,7066,2026-06-20 00:00:00,1A
27668,5079,2026-06-20 00:00:00,1A
27669,1066A,2026-06-20 00:00:00,1A
27670,0139,2026-06-20 00:00:00,1A
27671,2220,2026-06-20 00:00:00,1A
27672,1105,2026-06-20 00:00:00,1A
27673,5629,2026-06-20 00:00:00,1A
27674,5638,2026-06-20 00:00:00,1A
27675,22177,2026-06-20 00:00:00,1A
27676,22180,2026-06-20 00:00:00,1A
27677,22186,2026-06-20 00:00:00,1A
27678,22189,2026-06-20 00:00:00,1A
27679,22193,2026-06-20 00:00:00,1A
27680,23001,2026-06-20 00:00:00,1A
27681,23006,2026-06-20 00:00:00,1A
27682,2109,2026-06-20 00:00:00,1A
27683,22098,2026-06-20 00:00:00,1A
27684,2023,2026-06-20 00:00:00,1A
27685,20971,2026-06-20 00:00:00,1A
27686,0305,2026-06-20 00:00:00,1A
27687,0307,2026-06-20 00:00:00,1A
27688,0311,2026-06-20 00:00:00,1A
27689,2066,2026-06-20 00:00:00,1A
27690,2011,2026-06-20 00:00:00,1A
27691,2096A,2026-06-20 00:00:00,1A
27692,2218,2026-06-20 00:00:00,1A
27693,23022,2026-06-20 00:00:00,1A
27694,23033,2026-06-20 00:00:00,1A
27695,23036,2026-06-20 00:00:00,1A
27696,35,2026-06-20 00:00:00,1A
27697,22139,2026-06-20 00:00:00,1A
27698,22216,2026-06-20 00:00:00,1A
27699,J415,2026-06-20 00:00:00,1A
27700,J841,2026-06-20 00:00:00,1A
27701,0139,2026-06-23 00:00:00,10B
27702,0294,2026-06-23 00:00:00,10B
27703,0299A,2026-06-23 00:00:00,10B
27704,0311,2026-06-23 00:00:00,10B
27705,0344,2026-06-23 00:00:00,10B
27706,1074,2026-06-23 00:00:00,10B
27707,2047,2026-06-23 00:00:00,10B
27708,22116,2026-06-23 00:00:00,10B
27709,1017A,2026-06-23 00:00:00,10B
27710,22149,2026-06-23 00:00:00,10B
27711,22189,2026-06-23 00:00:00,10B
27712,22216,2026-06-23 00:00:00,10B
27713,23001,2026-06-23 00:00:00,10B
27714,23006,2026-06-23 00:00:00,10B
27715,23022,2026-06-23 00:00:00,10B
27716,23033,2026-06-23 00:00:00,10B
27717,5076,2026-06-23 00:00:00,10B
27718,5079,2026-06-23 00:00:00,10B
27719,6070,2026-06-23 00:00:00,10B
27720,8011,2026-06-23 00:00:00,10B
27721,8028,2026-06-23 00:00:00,10B
27722,8033,2026-06-23 00:00:00,10B
27723,8086,2026-06-23 00:00:00,10B
27724,9011,2026-06-23 00:00:00,10B
27725,j415,2026-06-23 00:00:00,10B
27726,0305,2026-06-23 00:00:00,3A
27727,0307,2026-06-23 00:00:00,3A
27728,1100A,2026-06-23 00:00:00,3A
27729,2002,2026-06-23 00:00:00,3A
27730,2011,2026-06-23 00:00:00,3A
27731,2023,2026-06-23 00:00:00,3A
27732,2083,2026-06-23 00:00:00,3A
27733,2109,2026-06-23 00:00:00,3A
27734,2145,2026-06-23 00:00:00,3A
27735,2162,2026-06-23 00:00:00,3A
27736,22098,2026-06-23 00:00:00,3A
27737,22112,2026-06-23 00:00:00,3A
27738,22117,2026-06-23 00:00:00,3A
27739,22119,2026-06-23 00:00:00,3A
27740,22177,2026-06-23 00:00:00,3A
27741,2218,2026-06-23 00:00:00,3A
27742,22180,2026-06-23 00:00:00,3A
27743,22186,2026-06-23 00:00:00,3A
27744,8030,2026-06-23 00:00:00,3A
27745,8079,2026-06-23 00:00:00,3A
27746,22193,2026-06-23 00:00:00,3A
27747,2203,2026-06-23 00:00:00,1A
27748,0299C,2026-06-23 00:00:00,1A
27749,7092,2026-07-01 00:00:00,MUERTO
27750,BU323,2026-07-01 00:00:00,MUERTO
27751,2090A,2026-07-01 00:00:00,MUERTO
27752,31102,2026-07-01 00:00:00,MUERTO
27753,1027,2026-07-01 00:00:00,MUERTO
27754,0214,2026-07-01 00:00:00,MUERTO
27755,8050,2026-07-01 00:00:00,MUERTO
27756,1027A,2026-07-01 00:00:00,MUERTO
27757,2092,2026-07-01 00:00:00,MUERTO
27758,26179,2026-07-04 00:00:00,MUERTO
27759,8054,2026-07-04 00:00:00,1A
27760,26158,2026-07-03 00:00:00,MUERTO
27761,23033,2026-07-02 00:00:00,CACH
27762,2103,2026-07-02 00:00:00,SERVICIO
27763,22216,2026-07-02 00:00:00,SERVICIO
27764,23006,2026-07-02 00:00:00,SERVICIO
27765,3066B,2026-07-02 00:00:00,SERVICIO
27767,4151,2026-07-02 00:00:00,SERVICIO
27768,7028,2026-07-02 00:00:00,SERVICIO
27769,80882,2026-07-02 00:00:00,SERVICIO
27770,9020,2026-07-02 00:00:00,SERVICIO
27771,9076,2026-07-02 00:00:00,SERVICIO
27772,4033,2026-06-30 00:00:00,1A
27773,26178,2026-06-30 00:00:00,CACH
27774,26013,2026-07-01 00:00:00,CACH
27775,0284,2026-06-30 00:00:00,PARADERO
27776,0329,2026-06-30 00:00:00,PARADERO
27777,0338,2026-06-30 00:00:00,PARADERO
27778,0349,2026-06-30 00:00:00,PARADERO
27779,1059,2026-06-30 00:00:00,PARADERO
27780,2018,2026-06-30 00:00:00,PARADERO
27781,2035A,2026-06-30 00:00:00,PARADERO
27782,2201,2026-06-30 00:00:00,PARADERO
27783,6021,2026-06-30 00:00:00,PARADERO
27784,7007,2026-06-30 00:00:00,PARADERO
27785,7077,2026-06-30 00:00:00,PARADERO
27786,8054,2026-06-30 00:00:00,PARADERO
27787,9099,2026-06-30 00:00:00,PARADERO
27788,J424,2026-06-30 00:00:00,PARADERO
27789,J425,2026-06-30 00:00:00,PARADERO
27790,9500,2026-06-30 00:00:00,PARADERO
27791,2063A,2026-06-30 00:00:00,PARADERO
27792,9011,2026-06-30 00:00:00,PARADERO
27793,26167,2026-06-30 00:00:00,PARADERO
27794,33,2026-06-30 00:00:00,Mater
27795,22191,2026-06-30 00:00:00,Mater
27796,1017A,2026-07-02 00:00:00,3A
27797,1079,2026-07-02 00:00:00,3A
27798,0332,2026-07-02 00:00:00,1A
27799,1103,2026-07-02 00:00:00,1A
27800,2002,2026-07-02 00:00:00,1A
27801,2034,2026-07-02 00:00:00,1A
27802,2066,2026-07-02 00:00:00,1A
27803,2072,2026-07-02 00:00:00,1A
27804,2111,2026-07-02 00:00:00,1A
27805,21391,2026-07-02 00:00:00,1A
27806,2145,2026-07-02 00:00:00,1A
27807,22049,2026-07-02 00:00:00,1A
27808,22117,2026-07-02 00:00:00,1A
27809,22144,2026-07-02 00:00:00,1A
27810,2218,2026-07-02 00:00:00,1A
27811,2500,2026-07-02 00:00:00,1A
27812,80121,2026-07-02 00:00:00,1A
27813,8077,2026-07-02 00:00:00,1A
27814,9103,2026-07-02 00:00:00,1A
27815,J426,2026-07-02 00:00:00,1A
27816,4033,2026-07-02 00:00:00,1A
27817,3021A,2026-07-02 00:00:00,1A
27818,4151,2026-07-07 00:00:00,6
27819,9076,2026-07-07 00:00:00,6
27820,0208A,2026-07-07 00:00:00,6
27821,3107,2026-07-07 00:00:00,6
27822,5077,2026-07-07 00:00:00,6
27823,80882,2026-07-07 00:00:00,6
27824,0202,2026-07-07 00:00:00,6
27825,0111,2026-07-07 00:00:00,6
27826,8062,2026-07-07 00:00:00,6
27827,2234,2026-07-07 00:00:00,6
27828,7028,2026-07-07 00:00:00,6
27829,3066B,2026-07-07 00:00:00,6
27830,8045,2026-07-07 00:00:00,6
27831,4008,2026-07-08 00:00:00,MUERTO
27832,0143,2026-07-08 00:00:00,MUERTO
27833,1091A,2026-07-08 00:00:00,MUERTO
27834,8054,2026-07-08 00:00:00,MUERTO
27835,1112,2026-07-08 00:00:00,MUERTO
27836,1228,2026-07-08 00:00:00,MUERTO
27837,23004,2026-07-08 00:00:00,MUERTO
27838,2149,2026-07-08 00:00:00,MUERTO
27839,SN50,2026-07-08 00:00:00,MUERTO
27840,1096A,2026-07-08 00:00:00,MUERTO
27841,2058,2026-07-08 00:00:00,MUERTO
27842,1093,2026-07-08 00:00:00,MUERTO
27843,1055A,2026-07-08 00:00:00,MUERTO
27844,0352,2026-07-09 00:00:00,MG
27845,1056A,2026-07-09 00:00:00,MG
27846,1132,2026-07-09 00:00:00,MG
27847,2064,2026-07-09 00:00:00,MG
27848,2107,2026-07-09 00:00:00,MG
27849,3108,2026-07-09 00:00:00,MG
27850,4101,2026-07-09 00:00:00,MG
27851,8063,2026-07-09 00:00:00,MG
27852,9016,2026-07-09 00:00:00,MG
27853,9122,2026-07-09 00:00:00,MG
27854,0252,2026-07-09 00:00:00,MG
27855,0349,2026-07-09 00:00:00,MG
27856,33,2026-07-09 00:00:00,Mater
27857,0294,2026-07-11 00:00:00,3A
27858,20971,2026-07-11 00:00:00,3A
27859,2145,2026-07-11 00:00:00,3A
27860,22117,2026-07-11 00:00:00,3A
27861,2218,2026-07-11 00:00:00,3A
27862,22189,2026-07-11 00:00:00,3A
27863,3132,2026-07-11 00:00:00,3A
27864,2002,2026-07-11 00:00:00,1A
27865,22116,2026-07-11 00:00:00,1A
27866,8028,2026-07-11 00:00:00,1A
27867,6070,2026-07-11 00:00:00,1A
27868,0139,2026-07-11 00:00:00,2
27869,4033,2026-07-11 00:00:00,2
27870,23022,2026-07-11 00:00:00,2
27871,0299A,2026-07-11 00:00:00,2
27872,5076,2026-07-11 00:00:00,2
27873,26172,2026-07-11 00:00:00,2
27874,26178,2026-07-11 00:00:00,2
27875,26151,2026-07-11 00:00:00,2
27876,26177,2026-07-11 00:00:00,2
27877,26171,2026-07-11 00:00:00,2
27878,0125,2026-07-09 00:00:00,2
27879,02331,2026-07-09 00:00:00,2
27880,0246,2026-07-09 00:00:00,2
27881,0258,2026-07-09 00:00:00,2
27882,0274,2026-07-09 00:00:00,2
27883,0291,2026-07-09 00:00:00,2
27884,0303,2026-07-09 00:00:00,2
27885,0308,2026-07-09 00:00:00,2
27886,0310,2026-07-09 00:00:00,2
27887,0317A,2026-07-09 00:00:00,2
27888,0321,2026-07-09 00:00:00,2
27889,0326,2026-07-09 00:00:00,2
27890,0333,2026-07-09 00:00:00,2
27891,0343,2026-07-09 00:00:00,2
27892,0348,2026-07-09 00:00:00,2
27893,0350,2026-07-09 00:00:00,2
27894,0354,2026-07-09 00:00:00,2
27895,0355,2026-07-09 00:00:00,2
27896,1032,2026-07-09 00:00:00,2
27897,1078A,2026-07-09 00:00:00,2
27898,1117,2026-07-09 00:00:00,2
27899,2024,2026-07-09 00:00:00,2
27900,2060,2026-07-09 00:00:00,2
27901,2065,2026-07-09 00:00:00,2
27902,2088B,2026-07-09 00:00:00,2
27903,2102,2026-07-09 00:00:00,2
27904,2110,2026-07-09 00:00:00,2
27905,2140,2026-07-09 00:00:00,2
27906,2202,2026-07-09 00:00:00,2
27907,22198,2026-07-09 00:00:00,2
27908,25232,2026-07-09 00:00:00,2
27909,25233,2026-07-09 00:00:00,2
27910,25234,2026-07-09 00:00:00,2
27911,25239,2026-07-09 00:00:00,2
27912,25243,2026-07-09 00:00:00,2
27913,25247,2026-07-09 00:00:00,2
27914,25255,2026-07-09 00:00:00,2
27915,25256,2026-07-09 00:00:00,2
27916,25260,2026-07-09 00:00:00,2
27917,25261,2026-07-09 00:00:00,2
27918,25263,2026-07-09 00:00:00,2
27919,25270,2026-07-09 00:00:00,2
27920,25271,2026-07-09 00:00:00,2
27921,25272,2026-07-09 00:00:00,2
27922,25278,2026-07-09 00:00:00,2
27923,25283,2026-07-09 00:00:00,2
27924,25286,2026-07-09 00:00:00,2
27925,25293,2026-07-09 00:00:00,2
27926,25294,2026-07-09 00:00:00,SERVICIO
27927,25299,2026-07-09 00:00:00,2
27928,25301,2026-07-09 00:00:00,2
27929,25302,2026-07-09 00:00:00,2
27930,25303,2026-07-09 00:00:00,2
27931,25304,2026-07-09 00:00:00,2
27932,25308,2026-07-09 00:00:00,2
27933,25309,2026-07-09 00:00:00,2
27934,25310,2026-07-09 00:00:00,2
27935,25311,2026-07-09 00:00:00,2
27936,25313,2026-07-09 00:00:00,2
27937,25315,2026-07-09 00:00:00,2
27938,25317,2026-07-09 00:00:00,2
27939,26005,2026-07-09 00:00:00,2
27940,26008,2026-07-09 00:00:00,2
27941,26010,2026-07-09 00:00:00,2
27942,26014,2026-07-09 00:00:00,2
27943,26015,2026-07-09 00:00:00,2
27944,26016,2026-07-09 00:00:00,2
27945,26017,2026-07-09 00:00:00,2
27946,26026,2026-07-09 00:00:00,2
27947,26027,2026-07-09 00:00:00,2
27948,26029,2026-07-09 00:00:00,2
27949,26054,2026-07-09 00:00:00,2
27950,26064,2026-07-09 00:00:00,2
27951,26067,2026-07-09 00:00:00,2
27952,26071,2026-07-09 00:00:00,2
27953,26083,2026-07-09 00:00:00,SERVICIO
27954,26097,2026-07-09 00:00:00,SERVICIO
27955,26100,2026-07-09 00:00:00,2
27956,26101,2026-07-09 00:00:00,2
27957,26111,2026-07-09 00:00:00,2
27958,26112,2026-07-09 00:00:00,2
27959,26114,2026-07-09 00:00:00,2
27960,26121,2026-07-09 00:00:00,2
27961,26135,2026-07-09 00:00:00,2
27962,26139,2026-07-09 00:00:00,SERVICIO
27963,26140,2026-07-09 00:00:00,2
27964,26141,2026-07-09 00:00:00,2
27965,26146,2026-07-09 00:00:00,SERVICIO
27966,26159,2026-07-09 00:00:00,2
27967,26163,2026-07-09 00:00:00,2
27968,3026A,2026-07-09 00:00:00,2
27969,3027A,2026-07-09 00:00:00,2
27970,4007,2026-07-09 00:00:00,2
27971,4034,2026-07-09 00:00:00,2
27972,4053,2026-07-09 00:00:00,2
27973,4076,2026-07-09 00:00:00,2
27974,4099,2026-07-09 00:00:00,2
27975,4100,2026-07-09 00:00:00,2
27976,4141,2026-07-09 00:00:00,2
27977,5007,2026-07-09 00:00:00,2
27978,5092,2026-07-09 00:00:00,2
27979,5144,2026-07-09 00:00:00,2
27980,6008,2026-07-09 00:00:00,2
27981,6031,2026-07-09 00:00:00,2
27982,6037,2026-07-09 00:00:00,2
27983,7072,2026-07-09 00:00:00,SERVICIO
27984,7080,2026-07-09 00:00:00,2
27985,8005,2026-07-09 00:00:00,2
27986,8014,2026-07-09 00:00:00,2
27987,8019,2026-07-09 00:00:00,2
27988,80472,2026-07-09 00:00:00,2
27989,8051,2026-07-09 00:00:00,2
27990,8082,2026-07-09 00:00:00,2
27991,8093,2026-07-09 00:00:00,2
27992,9014,2026-07-09 00:00:00,2
27993,9023,2026-07-09 00:00:00,2
27994,9100,2026-07-09 00:00:00,2
27995,9104,2026-07-09 00:00:00,2
27996,91091,2026-07-09 00:00:00,2
27997,9115,2026-07-09 00:00:00,2
27998,91172,2026-07-09 00:00:00,2
27999,9121,2026-07-09 00:00:00,2
28000,9126A,2026-07-09 00:00:00,2
28001,9128B,2026-07-09 00:00:00,2
28002,9503,2026-07-09 00:00:00,2
28003,J409,2026-07-09 00:00:00,2
28004,J428,2026-07-09 00:00:00,2
28005,0107,2026-07-09 00:00:00,2
28006,0206B,2026-07-09 00:00:00,2
28007,25063,2026-07-09 00:00:00,2
28008,26073,2026-07-09 00:00:00,2
28009,20334,2026-07-09 00:00:00,2
28010,25209,2026-07-09 00:00:00,2
28011,25221,2026-07-09 00:00:00,2
28012,0329,2026-07-14 00:00:00,Mater
28013,7007,2026-07-14 00:00:00,Mater
28014,2021,2026-07-14 00:00:00,Mater
28015,0201,2026-07-14 00:00:00,Mater
28016,1005,2026-07-14 00:00:00,Mater
28017,7077,2026-07-14 00:00:00,Mater
28018,9099,2026-07-14 00:00:00,Mater
28019,J424,2026-07-14 00:00:00,Mater
28020,6021,2026-07-14 00:00:00,Mater
28021,9500,2026-07-14 00:00:00,Mater
28022,J425,2026-07-14 00:00:00,Mater
28023,5030,2026-07-14 00:00:00,MG
28024,J404,2026-07-14 00:00:00,6
28025,5082,2026-07-14 00:00:00,6
28026,7067,2026-07-14 00:00:00,6
28027,2035A,2026-07-14 00:00:00,6
28028,2201,2026-07-14 00:00:00,6
28029,0284,2026-07-14 00:00:00,6
28030,0338,2026-07-14 00:00:00,6
28031,23017,2026-07-14 00:00:00,6
28032,1123,2026-07-14 00:00:00,6
28033,2063A,2026-07-14 00:00:00,6
28034,2096,2026-07-14 00:00:00,6
28035,9073,2026-07-14 00:00:00,6
28036,2018,2026-07-14 00:00:00,6
28037,1059,2026-07-14 00:00:00,6
28038,23007,2026-07-14 00:00:00,9
28039,22196,2026-07-14 00:00:00,9
28040,23008,2026-07-14 00:00:00,9
28041,24065,2026-07-14 00:00:00,9
28042,24033,2026-07-14 00:00:00,9
28043,24020,2026-07-14 00:00:00,9
28044,24034,2026-07-14 00:00:00,9
28045,24089,2026-07-14 00:00:00,9
28046,24071,2026-07-14 00:00:00,9
28047,23189,2026-07-14 00:00:00,9
28048,3504,2026-07-14 00:00:00,9
28049,24136,2026-07-14 00:00:00,9
28050,24154,2026-07-14 00:00:00,9
28051,24129,2026-07-14 00:00:00,9
28052,24255,2026-07-14 00:00:00,9
28053,9007,2026-07-14 00:00:00,2
28054,26019,2026-07-14 00:00:00,2
28055,2036,2026-07-14 00:00:00,2
28056,0355,2026-07-14 00:00:00,2
28057,23033,2026-07-14 00:00:00,2
28058,3024A,2026-07-14 00:00:00,2
28059,26132,2026-07-14 00:00:00,2
28060,23016,2026-07-14 00:00:00,2
28061,4087,2026-07-14 00:00:00,2
28062,26124,2026-07-14 00:00:00,2
28063,9011,2026-07-14 00:00:00,2
28064,26167,2026-07-14 00:00:00,2
28065,26164,2026-07-14 00:00:00,2
28066,1045,2026-07-14 00:00:00,2
28067,25274,2026-07-14 00:00:00,2
28068,1132,2026-07-15 00:00:00,MUERTO
28069,0349,2026-07-15 00:00:00,MUERTO
28070,5098,2026-07-15 00:00:00,MUERTO
28071,2094,2026-07-15 00:00:00,MUERTO
28072,0293,2026-07-15 00:00:00,MUERTO
28073,2053,2026-07-15 00:00:00,MUERTO
28074,25211,2026-06-29 00:00:00,BLV
28075,25064,2026-06-29 00:00:00,BLV
28076,25039,2026-06-29 00:00:00,BLV
28077,25096,2026-06-29 00:00:00,BLV
28078,25033,2026-06-29 00:00:00,BLV
28079,24287,2026-06-29 00:00:00,BLV
28080,25118,2026-06-29 00:00:00,BLV
28081,25016,2026-06-29 00:00:00,BLV
28082,25125,2026-06-29 00:00:00,BLV
28083,25141,2026-06-29 00:00:00,BLV
28085,25120,2026-06-29 00:00:00,BLV
28086,24264,2026-06-29 00:00:00,BLV
28087,25223,2026-06-29 00:00:00,BLV
28088,25124,2026-06-29 00:00:00,BLV
28089,25154,2026-06-29 00:00:00,BLV
28090,25149,2026-06-29 00:00:00,BLV
28091,25131,2026-06-29 00:00:00,BLV
28092,25084,2026-06-29 00:00:00,BLV
28093,25034,2026-06-29 00:00:00,BLV
28094,25062,2026-06-29 00:00:00,BLV
28095,25211,2026-09-18 00:00:00,MUERTO
28096,25064,2026-06-29 00:00:00,BLV
28097,25039,2026-06-29 00:00:00,BLV
28098,25096,2026-06-29 00:00:00,BLV
28099,25033,2026-06-29 00:00:00,BLV
28100,24287,2026-06-29 00:00:00,BLV
28101,25118,2026-06-29 00:00:00,BLV
28102,25016,2026-06-29 00:00:00,BLV
28103,25125,2026-06-29 00:00:00,BLV
28104,25141,2026-06-29 00:00:00,BLV
28106,25120,2026-06-29 00:00:00,BLV
28107,24264,2026-06-29 00:00:00,BLV
28108,25223,2026-06-29 00:00:00,BLV
28109,25124,2026-06-29 00:00:00,BLV
28110,25154,2026-06-29 00:00:00,BLV
28111,25149,2026-06-29 00:00:00,BLV
28112,25131,2026-06-29 00:00:00,BLV
28113,25084,2026-06-29 00:00:00,BLV
28115,25062,2026-06-29 00:00:00,BLV
28116,25236,2026-07-15 00:00:00,BLV
28117,24289,2026-07-15 00:00:00,BLV
28118,25199,2026-07-15 00:00:00,BLV
28119,25169,2026-07-15 00:00:00,BLV
28120,26013,2026-07-15 00:00:00,BLV
28121,25145,2026-07-15 00:00:00,BLV
28122,25201,2026-07-15 00:00:00,BLV
28123,25254,2026-07-15 00:00:00,BLV
28124,25207,2026-07-15 00:00:00,BLV
28125,25175,2026-07-15 00:00:00,BLV
28126,25143,2026-07-15 00:00:00,BLV
28127,25275,2026-07-15 00:00:00,BLV
28128,25191,2026-07-15 00:00:00,BLV
28129,25158,2026-07-15 00:00:00,BLV
28130,25219,2026-07-15 00:00:00,BLV
28131,25218,2026-07-15 00:00:00,BLV
28132,25253,2026-07-15 00:00:00,BLV
28133,25174,2026-07-15 00:00:00,BLV
28134,25215,2026-07-15 00:00:00,BLV
28135,25128,2026-07-15 00:00:00,BLV
28136,25214,2026-07-15 00:00:00,BLV
28137,25284,2026-07-15 00:00:00,BLV
28138,25170,2026-07-15 00:00:00,BLV
28139,25277,2026-07-15 00:00:00,BLV
28140,24259,2026-07-15 00:00:00,BLV
28141,25110,2026-07-15 00:00:00,BLV
28142,25273,2026-07-15 00:00:00,BLV
28143,25150,2026-07-15 00:00:00,BLV
28144,25123,2026-07-15 00:00:00,BLV
28145,25231,2026-07-15 00:00:00,BLV
28146,25166,2026-07-15 00:00:00,BLV
28147,25162,2026-07-15 00:00:00,BLV
28148,25165,2026-07-15 00:00:00,BLV
28149,25102,2026-07-15 00:00:00,BLV
28150,25186,2026-07-15 00:00:00,BLV
28151,25200,2026-07-15 00:00:00,BLV
28152,24262,2026-07-15 00:00:00,BLV
28153,25025,2026-07-15 00:00:00,BLV
28154,25230,2026-07-15 00:00:00,BLV
28155,25157,2026-07-15 00:00:00,BLV
28156,25043,2026-07-15 00:00:00,BLV
28157,25027,2026-07-15 00:00:00,BLV
28158,25112,2026-07-15 00:00:00,BLV
28159,25296,2026-06-21 00:00:00,MUERTO
28160,24081,2026-06-26 00:00:00,9
28161,23028,2026-06-26 00:00:00,9
28162,24060,2026-06-26 00:00:00,9
28163,22114,2026-06-26 00:00:00,9
28164,24147,2026-06-26 00:00:00,9
28165,23170,2026-06-26 00:00:00,9
28166,23177,2026-06-26 00:00:00,9
28167,24036,2026-06-26 00:00:00,9
28168,23174,2026-06-26 00:00:00,9
28169,3501,2026-06-26 00:00:00,9
28170,24214,2026-06-26 00:00:00,9
28171,23197,2026-06-26 00:00:00,9
28172,23114,2026-06-26 00:00:00,9
28173,23046,2026-06-26 00:00:00,9
28174,25078,2026-06-26 00:00:00,9
28175,23089,2026-06-26 00:00:00,9
28176,22122,2026-06-26 00:00:00,9
28177,23222,2026-06-26 00:00:00,9
28178,24080,2026-06-26 00:00:00,9
28179,24134,2026-06-26 00:00:00,9
28180,24170,2026-06-26 00:00:00,9
28181,23216,2026-06-26 00:00:00,9
28182,23140,2026-06-26 00:00:00,9
28183,23124,2026-06-26 00:00:00,9
28184,24074,2026-06-26 00:00:00,9
28185,j416,2026-06-26 00:00:00,9
28186,23218,2026-06-26 00:00:00,9
28187,23229,2026-06-26 00:00:00,9
28188,22176,2026-06-26 00:00:00,9
28189,23244,2026-06-26 00:00:00,9
28190,24123,2026-06-26 00:00:00,9
28191,23190,2026-06-26 00:00:00,9
28192,23247,2026-06-26 00:00:00,9
28193,24206,2026-06-26 00:00:00,9
28194,24145,2026-06-26 00:00:00,9
28195,23095,2026-06-26 00:00:00,9
28196,24114,2026-06-26 00:00:00,9
28197,24141,2026-06-26 00:00:00,9
28198,j4011,2026-06-26 00:00:00,9
28199,24194,2026-06-26 00:00:00,9
28200,23220,2026-06-26 00:00:00,9
28201,23187,2026-06-26 00:00:00,9
28202,23085,2026-06-26 00:00:00,9
28203,23164,2026-06-26 00:00:00,9
28204,J417,2026-06-26 00:00:00,9
28205,22183,2026-06-26 00:00:00,9
28206,24132,2026-06-26 00:00:00,9
28207,24111,2026-06-26 00:00:00,9
28208,24018,2026-06-26 00:00:00,9
28209,24165,2026-06-26 00:00:00,9
28210,24127,2026-06-26 00:00:00,9
28211,23217,2026-06-26 00:00:00,9
28212,24153,2026-06-26 00:00:00,9
28213,24140,2026-06-26 00:00:00,9
28214,23038,2026-06-26 00:00:00,9
28215,23251,2026-06-26 00:00:00,9
28216,24037,2026-06-26 00:00:00,9
28217,23132,2026-06-26 00:00:00,9
28218,23188,2026-06-26 00:00:00,9
28219,23240,2026-06-26 00:00:00,9
28220,23142,2026-06-26 00:00:00,9
28221,23056,2026-06-26 00:00:00,9
28222,23144,2026-06-26 00:00:00,9
28223,23150,2026-06-26 00:00:00,9
28224,23224,2026-06-26 00:00:00,9
28225,24009,2026-06-26 00:00:00,9
28226,23249,2026-06-26 00:00:00,9
28227,24146,2026-06-26 00:00:00,9
28228,24109,2026-06-26 00:00:00,9
28229,24068,2026-06-26 00:00:00,9
28230,23054,2026-06-26 00:00:00,9
28231,23084,2026-06-26 00:00:00,9
28232,24086,2026-06-26 00:00:00,9
28233,23080,2026-06-26 00:00:00,9
28234,23059,2026-06-26 00:00:00,9
28235,24091,2026-06-26 00:00:00,9
28236,23173,2026-06-26 00:00:00,9
28237,24069,2026-06-26 00:00:00,9
28238,23242,2026-06-26 00:00:00,9
28239,24082,2026-06-26 00:00:00,9
28240,24193,2026-06-26 00:00:00,9
28241,22175,2026-06-26 00:00:00,9
28242,23064,2026-06-26 00:00:00,9
28243,23204,2026-06-26 00:00:00,9
28244,24003,2026-06-26 00:00:00,9
28245,24105,2026-06-26 00:00:00,9
28246,24233,2026-06-26 00:00:00,9
28247,22207,2026-06-26 00:00:00,9
28248,23070,2026-06-26 00:00:00,9
28249,23147,2026-06-26 00:00:00,9
28250,24137,2026-06-26 00:00:00,9
28251,23171,2026-06-26 00:00:00,9
28252,24191,2026-06-26 00:00:00,9
28253,23225,2026-06-26 00:00:00,9
28254,23093,2026-06-26 00:00:00,9
28255,24188,2026-06-26 00:00:00,9
28256,24067,2026-06-26 00:00:00,9
28257,23214,2026-06-26 00:00:00,9
28258,24023,2026-06-26 00:00:00,9
28259,23196,2026-06-26 00:00:00,9
28260,23133,2026-06-26 00:00:00,9
28261,22187,2026-06-26 00:00:00,9
28262,24203,2026-06-26 00:00:00,9
28263,23230,2026-06-26 00:00:00,9
28264,24271,2026-06-26 00:00:00,9
28265,24234,2026-06-26 00:00:00,9
28266,24073,2026-06-26 00:00:00,9
28267,23097,2026-06-26 00:00:00,9
28268,24163,2026-06-26 00:00:00,9
28269,23019,2026-06-26 00:00:00,9
28270,23091,2026-06-26 00:00:00,9
28271,23135,2026-06-26 00:00:00,9
28272,23010,2026-06-26 00:00:00,9
28273,23072,2026-06-26 00:00:00,9
28274,23184,2026-06-26 00:00:00,9
28275,24189,2026-06-26 00:00:00,9
28276,23137,2026-06-26 00:00:00,9
28277,23108,2026-06-26 00:00:00,9
28278,23146,2026-06-26 00:00:00,9
28279,23035,2026-06-26 00:00:00,9
28280,23119,2026-06-26 00:00:00,9
28281,22192,2026-06-26 00:00:00,9
28282,24130,2026-06-26 00:00:00,9
28283,24061,2026-06-26 00:00:00,9
28284,23104,2026-06-26 00:00:00,9
28285,24049,2026-06-26 00:00:00,9
28286,23100,2026-06-26 00:00:00,9
28287,24002,2026-06-26 00:00:00,9
28288,22206,2026-06-26 00:00:00,9
28289,24098,2026-06-26 00:00:00,9
28290,23123,2026-06-26 00:00:00,9
28291,24209,2026-06-26 00:00:00,9
28292,22205,2026-06-26 00:00:00,9
28293,23238,2026-06-26 00:00:00,9
28294,23014,2026-06-26 00:00:00,9
28295,23210,2026-06-26 00:00:00,9
28296,24076,2026-06-26 00:00:00,9
28297,24102,2026-06-26 00:00:00,9
28298,23241,2026-06-26 00:00:00,9
28299,4501,2026-06-26 00:00:00,9
28300,23078,2026-06-26 00:00:00,9
28301,23058,2026-06-26 00:00:00,9
28302,24160,2026-06-26 00:00:00,9
28303,23088,2026-06-26 00:00:00,9
28304,23181,2026-06-26 00:00:00,9
28305,24198,2026-06-26 00:00:00,9
28306,23145,2026-06-26 00:00:00,9
28307,2045,2026-06-26 00:00:00,9
28308,23102,2026-06-26 00:00:00,9
28309,22120,2026-06-26 00:00:00,9
28310,23087,2026-06-26 00:00:00,9
28311,24077,2026-06-26 00:00:00,9
28312,24044,2026-06-26 00:00:00,9
28313,22184,2026-06-26 00:00:00,9
28314,23026,2026-06-26 00:00:00,9
28315,23099,2026-06-26 00:00:00,9
28316,24062,2026-06-26 00:00:00,9
28317,23193,2026-06-26 00:00:00,9
28318,24158,2026-06-26 00:00:00,9
28319,25254,2026-07-17 00:00:00,VAQ
28320,1133,2026-06-26 00:00:00,9
28321,23157,2026-06-26 00:00:00,9
28322,0329,2026-07-20 00:00:00,1A
28323,26180,2026-07-20 00:00:00,MUERTO
28324,6028,2026-07-21 00:00:00,VAQ
28325,1139A,2026-07-21 00:00:00,VAQ
28326,6020,2026-07-21 00:00:00,VAQ
28327,0119,2026-07-22 00:00:00,MUERTO
28328,0127,2026-07-22 00:00:00,MUERTO
28329,6028,2026-07-22 00:00:00,MUERTO
28330,1139A,2026-07-22 00:00:00,MUERTO
28331,6020,2026-07-22 00:00:00,MUERTO
28332,2099,2026-06-26 00:00:00,9
28333,24054,2026-06-26 00:00:00,SERVICIO
28334,24056,2026-06-26 00:00:00,9
28335,24056,2026-06-26 00:00:00,9
28336,24096,2026-06-26 00:00:00,9
28337,1133,2026-07-23 00:00:00,8
28338,2045,2026-07-23 00:00:00,7
28339,22114,2026-07-23 00:00:00,8
28340,22120,2026-07-23 00:00:00,8
28341,22122,2026-07-23 00:00:00,7
28342,22175,2026-07-23 00:00:00,8
28343,22176,2026-07-23 00:00:00,9
28344,22183,2026-07-23 00:00:00,8
28345,22184,2026-07-23 00:00:00,8
28346,22187,2026-07-23 00:00:00,9
28347,22192,2026-07-23 00:00:00,8
28348,22196,2026-07-23 00:00:00,8
28349,22205,2026-07-23 00:00:00,8
28350,22206,2026-07-23 00:00:00,8
28351,22207,2026-07-23 00:00:00,8
28352,23007,2026-07-23 00:00:00,9
28353,23008,2026-07-23 00:00:00,9
28354,23010,2026-07-23 00:00:00,8
28355,23014,2026-07-23 00:00:00,7
28356,23019,2026-07-23 00:00:00,8
28357,23026,2026-07-23 00:00:00,9
28358,23028,2026-07-23 00:00:00,8
28359,23035,2026-07-23 00:00:00,9
28360,23038,2026-07-23 00:00:00,9
28361,23046,2026-07-23 00:00:00,9
28362,23054,2026-07-23 00:00:00,8
28363,23056,2026-07-23 00:00:00,9
28364,23058,2026-07-23 00:00:00,8
28365,23059,2026-07-23 00:00:00,9
28366,23064,2026-07-23 00:00:00,9
28367,23070,2026-07-23 00:00:00,9
28368,23072,2026-07-23 00:00:00,8
28369,23078,2026-07-23 00:00:00,9
28370,23080,2026-07-23 00:00:00,7
28371,23084,2026-07-23 00:00:00,8
28372,23085,2026-07-23 00:00:00,8
28373,23087,2026-07-23 00:00:00,9
28374,23088,2026-07-23 00:00:00,9
28375,23089,2026-07-23 00:00:00,9
28376,23091,2026-07-23 00:00:00,9
28377,23093,2026-07-23 00:00:00,9
28378,23095,2026-07-23 00:00:00,8
28379,23097,2026-07-23 00:00:00,9
28380,23099,2026-07-23 00:00:00,9
28381,23100,2026-07-23 00:00:00,8
28382,23102,2026-07-23 00:00:00,8
28383,23104,2026-07-23 00:00:00,8
28384,23108,2026-07-23 00:00:00,9
28385,23114,2026-07-23 00:00:00,8
28386,23119,2026-07-23 00:00:00,8
28387,23123,2026-07-23 00:00:00,8
28388,23124,2026-07-23 00:00:00,9
28389,23132,2026-07-23 00:00:00,9
28390,23133,2026-07-23 00:00:00,9
28391,23135,2026-07-23 00:00:00,9
28392,23137,2026-07-23 00:00:00,9
28393,23140,2026-07-23 00:00:00,9
28394,23142,2026-07-23 00:00:00,8
28395,23144,2026-07-23 00:00:00,9
28396,23145,2026-07-23 00:00:00,8
28397,23146,2026-07-23 00:00:00,8
28398,23147,2026-07-23 00:00:00,9
28399,23150,2026-07-23 00:00:00,8
28400,23157,2026-07-23 00:00:00,9
28401,23164,2026-07-23 00:00:00,9
28402,23170,2026-07-23 00:00:00,9
28403,23171,2026-07-23 00:00:00,9
28404,23173,2026-07-23 00:00:00,9
28405,23174,2026-07-23 00:00:00,9
28406,23177,2026-07-23 00:00:00,8
28407,23181,2026-07-23 00:00:00,9
28408,23184,2026-07-23 00:00:00,9
28409,23187,2026-07-23 00:00:00,9
28410,23188,2026-07-23 00:00:00,9
28411,23189,2026-07-23 00:00:00,7
28412,23190,2026-07-23 00:00:00,9
28413,23193,2026-07-23 00:00:00,9
28414,23196,2026-07-23 00:00:00,9
28415,23197,2026-07-23 00:00:00,9
28416,23204,2026-07-23 00:00:00,9
28417,23210,2026-07-23 00:00:00,9
28418,23214,2026-07-23 00:00:00,8
28419,23216,2026-07-23 00:00:00,9
28420,23217,2026-07-23 00:00:00,9
28421,23218,2026-07-23 00:00:00,9
28422,23220,2026-07-23 00:00:00,9
28423,23222,2026-07-23 00:00:00,9
28424,23224,2026-07-23 00:00:00,8
28425,23225,2026-07-23 00:00:00,8
28426,23229,2026-07-23 00:00:00,9
28427,23230,2026-07-23 00:00:00,8
28428,23238,2026-07-23 00:00:00,8
28429,23240,2026-07-23 00:00:00,9
28430,23241,2026-07-23 00:00:00,8
28431,23242,2026-07-23 00:00:00,9
28432,23244,2026-07-23 00:00:00,8
28433,23247,2026-07-23 00:00:00,7
28434,23249,2026-07-23 00:00:00,8
28435,23251,2026-07-23 00:00:00,9
28436,24002,2026-07-23 00:00:00,9
28437,24003,2026-07-23 00:00:00,9
28438,24009,2026-07-23 00:00:00,9
28439,24018,2026-07-23 00:00:00,9
28440,24020,2026-07-23 00:00:00,9
28441,24023,2026-07-23 00:00:00,9
28442,24033,2026-07-23 00:00:00,9
28443,24034,2026-07-23 00:00:00,7
28444,24036,2026-07-23 00:00:00,9
28445,24037,2026-07-23 00:00:00,9
28446,24044,2026-07-23 00:00:00,9
28447,24049,2026-07-23 00:00:00,9
28448,24060,2026-07-23 00:00:00,9
28449,24061,2026-07-23 00:00:00,9
28450,24062,2026-07-23 00:00:00,7
28451,24065,2026-07-23 00:00:00,7
28452,24067,2026-07-23 00:00:00,9
28453,24068,2026-07-23 00:00:00,9
28454,24069,2026-07-23 00:00:00,9
28455,24071,2026-07-23 00:00:00,7
28456,24073,2026-07-23 00:00:00,9
28457,24074,2026-07-23 00:00:00,7
28458,24076,2026-07-23 00:00:00,9
28459,24077,2026-07-23 00:00:00,8
28460,24080,2026-07-23 00:00:00,9
28461,24081,2026-07-23 00:00:00,9
28462,24082,2026-07-23 00:00:00,9
28463,24086,2026-07-23 00:00:00,9
28464,24089,2026-07-23 00:00:00,9
28465,24091,2026-07-23 00:00:00,9
28466,24098,2026-07-23 00:00:00,9
28467,24102,2026-07-23 00:00:00,9
28468,24105,2026-07-23 00:00:00,9
28469,24109,2026-07-23 00:00:00,9
28470,24111,2026-07-23 00:00:00,9
28471,24114,2026-07-23 00:00:00,9
28472,24123,2026-07-23 00:00:00,9
28473,24127,2026-07-23 00:00:00,9
28474,24129,2026-07-23 00:00:00,7
28475,24130,2026-07-23 00:00:00,9
28476,24132,2026-07-23 00:00:00,9
28477,24134,2026-07-23 00:00:00,9
28478,24136,2026-07-23 00:00:00,7
28479,24137,2026-07-23 00:00:00,9
28480,24140,2026-07-23 00:00:00,9
28481,24141,2026-07-23 00:00:00,9
28482,24145,2026-07-23 00:00:00,9
28483,24146,2026-07-23 00:00:00,9
28484,24147,2026-07-23 00:00:00,9
28485,24153,2026-07-23 00:00:00,9
28486,24154,2026-07-23 00:00:00,9
28487,24158,2026-07-23 00:00:00,7
28488,24160,2026-07-23 00:00:00,7
28489,24163,2026-07-23 00:00:00,9
28490,24165,2026-07-23 00:00:00,9
28491,24170,2026-07-23 00:00:00,7
28492,24188,2026-07-23 00:00:00,9
28493,24189,2026-07-23 00:00:00,9
28494,24191,2026-07-23 00:00:00,9
28495,24193,2026-07-23 00:00:00,9
28496,24194,2026-07-23 00:00:00,9
28497,24198,2026-07-23 00:00:00,9
28498,24203,2026-07-23 00:00:00,9
28499,24206,2026-07-23 00:00:00,9
28500,24209,2026-07-23 00:00:00,9
28501,24214,2026-07-23 00:00:00,9
28502,24233,2026-07-23 00:00:00,9
28503,24234,2026-07-23 00:00:00,9
28504,24255,2026-07-23 00:00:00,7
28505,24271,2026-07-23 00:00:00,9
28506,25078,2026-07-23 00:00:00,9
28507,3501,2026-07-23 00:00:00,9
28508,3504,2026-07-23 00:00:00,7
28509,4501,2026-07-23 00:00:00,7
28510,J4011,2026-07-23 00:00:00,9
28511,J416,2026-07-23 00:00:00,9
28512,J417,2026-07-23 00:00:00,9
28513,2099,2026-07-23 00:00:00,9
28514,24096,2026-07-23 00:00:00,9
28516,1067,2026-07-23 00:00:00,8
28517,24056,2026-07-23 00:00:00,9
28518,0201,2026-07-20 00:00:00,1A
28519,9099,2026-07-22 00:00:00,1A
28520,26181,2026-07-20 00:00:00,CACH
28521,26182,2026-07-22 00:00:00,CACH
28522,BU26005,2026-07-26 00:00:00,C4
28523,2001A,2026-07-29 00:00:00,MUERTO
28524,3043,2026-07-29 00:00:00,MUERTO
28525,4A,2026-07-29 00:00:00,MUERTO
28526,22118,2026-07-29 00:00:00,MUERTO
28527,BU26006,2026-07-29 00:00:00,C4
28528,7007,2026-07-29 00:00:00,1A
28529,1005,2026-07-29 00:00:00,1A
28530,26183,2026-07-29 00:00:00,CACH
28531,26184,2026-07-29 00:00:00,CACH
28532,9500,2026-07-30 00:00:00,1A
28533,26185,2026-07-30 00:00:00,CACH
28534,2155,2026-08-06 00:00:00,MUERTO
28535,1033,2026-08-06 00:00:00,MUERTO
28536,2154,2026-08-06 00:00:00,MUERTO
28537,26171,2026-08-06 00:00:00,MUERTO
28538,26168,2026-07-02 00:00:00,MUERTO
28539,6021,2026-07-31 00:00:00,1A
28540,7077,2026-08-09 00:00:00,1A
28541,33,2026-08-09 00:00:00,1A
28542,J425,2026-08-10 00:00:00,1A
28543,26186,2026-07-31 00:00:00,CACH
28544,26187,2026-08-09 00:00:00,CACH
28545,26188,2026-08-09 00:00:00,CACH
28546,26189,2026-08-10 00:00:00,CACH
28547,BU26007,2026-08-01 00:00:00,CA
28548,BU26008,2026-08-04 00:00:00,CA
28549,BU26009,2026-08-05 00:00:00,CA
28550,BU26010,2026-08-07 00:00:00,CA
28551,3003A,2026-08-05 00:00:00,10A
28552,2226,2026-08-05 00:00:00,10A
28553,2083,2026-08-05 00:00:00,10A
28554,2094A,2026-08-05 00:00:00,10A
28555,1015,2026-08-05 00:00:00,10A
28556,0500,2026-08-05 00:00:00,10A
28557,22119,2026-08-05 00:00:00,10A
28558,2141,2026-08-05 00:00:00,10A
28559,2048,2026-08-05 00:00:00,10A
28560,2145,2026-08-05 00:00:00,10A
28561,22117,2026-08-05 00:00:00,10A
28562,2022,2026-08-05 00:00:00,10A
28563,22161,2026-08-05 00:00:00,10A
28564,2162,2026-08-05 00:00:00,10A
28565,22112,2026-08-05 00:00:00,10A
28566,2143,2026-08-05 00:00:00,10A
28567,22135,2026-08-05 00:00:00,10A
28568,7059,2026-08-05 00:00:00,10A
28569,3132,2026-08-05 00:00:00,10A
28570,8096,2026-08-05 00:00:00,10A
28571,8030,2026-08-05 00:00:00,10A
28572,8048,2026-08-05 00:00:00,10A
28573,8076,2026-08-05 00:00:00,10A
28574,8079,2026-08-05 00:00:00,10A
28575,9040,2026-08-05 00:00:00,10A
28576,9125,2026-08-05 00:00:00,10A
28577,9024,2026-08-05 00:00:00,10A
28578,9053,2026-08-05 00:00:00,10A
28579,9110A,2026-08-05 00:00:00,10A
28580,0101,2026-08-05 00:00:00,10A
28581,0206A,2026-08-05 00:00:00,10A
28582,0231A,2026-08-05 00:00:00,10A
28583,0249,2026-08-05 00:00:00,10A
28584,0259,2026-08-05 00:00:00,10A
28585,0269,2026-08-05 00:00:00,10A
28586,0278,2026-08-05 00:00:00,10A
28587,0294,2026-08-05 00:00:00,10A
28588,0323,2026-08-05 00:00:00,10A
28589,0336,2026-08-05 00:00:00,10A
28590,1017A,2026-08-05 00:00:00,10A
28591,1100A,2026-08-05 00:00:00,10A
28592,1079,2026-08-05 00:00:00,10A
28593,2052,2026-08-05 00:00:00,10A
28594,2039,2026-08-05 00:00:00,10A
28595,2087,2026-08-05 00:00:00,10A
28596,5592,2026-08-05 00:00:00,10A
28597,22177,2026-08-05 00:00:00,10A
28598,22180,2026-08-05 00:00:00,10A
28599,22186,2026-08-05 00:00:00,10A
28600,22189,2026-08-05 00:00:00,10A
28601,22193,2026-08-05 00:00:00,10A
28602,2109,2026-08-05 00:00:00,10A
28603,2108,2026-08-05 00:00:00,10A
28604,22098,2026-08-05 00:00:00,10A
28605,2093,2026-08-05 00:00:00,10A
28606,1088A,2026-08-05 00:00:00,10A
28607,2023,2026-08-05 00:00:00,10A
28608,2026,2026-08-05 00:00:00,10A
28609,20971,2026-08-05 00:00:00,10A
28610,2030,2026-08-05 00:00:00,10A
28611,0305,2026-08-05 00:00:00,10A
28612,0307,2026-08-05 00:00:00,10A
28613,0314,2026-08-05 00:00:00,10A
28614,pend24,2026-08-05 00:00:00,10A
28615,7090,2026-08-05 00:00:00,10A
28616,TSN01,2026-08-05 00:00:00,10A
28617,34,2026-08-05 00:00:00,10A
28618,1015A,2026-08-05 00:00:00,10A
28619,2011,2026-08-05 00:00:00,10A
28620,2218,2026-08-05 00:00:00,10A
28621,22172,2026-08-05 00:00:00,10A
28622,20001,2026-08-05 00:00:00,10A
28623,BU359,2026-08-08 00:00:00,CACH
28624,BU362,2026-08-08 00:00:00,CACH
28625,BU373,2026-08-08 00:00:00,CACH
28626,BU378,2026-08-08 00:00:00,CACH
28627,BU379,2026-08-08 00:00:00,CACH
28628,26190,2026-08-09 00:00:00,CACH
28629,J424,2026-08-09 00:00:00,1A
28630,25277,2026-08-13 00:00:00,MUERTO
28631,25236,2026-08-13 00:00:00,NINGUNO
28632,26191,2026-08-16 00:00:00,CACH
28633,2201,2026-08-16 00:00:00,1A
28634,1103,2026-08-14 00:00:00,10A
28635,2039,2026-08-14 00:00:00,1A
28636,23006,2026-08-14 00:00:00,10A
28637,2500,2026-08-14 00:00:00,10A
28638,3132,2026-08-14 00:00:00,1A
28639,8086,2026-08-14 00:00:00,1A
28640,pend24,2026-08-14 00:00:00,1A
28641,8096,2026-08-16 00:00:00,4
28642,34,2026-08-16 00:00:00,4
28643,2108,2026-08-16 00:00:00,4
28644,0329,2026-08-16 00:00:00,4
28645,9020,2026-08-16 00:00:00,4
28646,22216,2026-08-16 00:00:00,4
28647,0101,2026-08-16 00:00:00,4
28648,26169,2026-07-02 00:00:00,MUERTO
28649,BU035,2026-07-30 00:00:00,C4
28650,BU076,2026-07-25 00:00:00,C4
28651,BU334,2026-08-08 00:00:00,C4
28652,BU339,2026-07-30 00:00:00,C4
28653,BU2518,2026-07-30 00:00:00,C4
28654,BU2519,2026-07-25 00:00:00,C4
28655,BU2530,2026-08-08 00:00:00,C4
28656,BU2531,2026-07-30 00:00:00,C4
28657,26192,2026-08-18 00:00:00,CACH
28658,1084A,2026-08-18 00:00:00,1A
28659,26013,2026-08-21 00:00:00,CACH
28660,25275,2026-08-21 00:00:00,CACH
28661,25273,2026-08-21 00:00:00,CACH
28662,BU26011,2026-08-17 00:00:00,CA
28663,BU26012,2026-08-17 00:00:00,CA
28664,BU26013,2026-08-18 00:00:00,CA
28665,BU26014,2026-08-21 00:00:00,CA
28666,BU26015,2026-08-22 00:00:00,CA
28667,BU26016,2026-08-22 00:00:00,CA
28668,22122,2026-08-25 00:00:00,MUERTO
28669,0116A,2026-08-25 00:00:00,MUERTO
28670,22166,2026-08-25 00:00:00,MUERTO
28671,22158,2026-08-25 00:00:00,MUERTO
28672,BU26007,2026-08-25 00:00:00,MUERTO
28673,2016,2026-07-26 00:00:00,5
28674,22197,2026-08-28 00:00:00,4
28675,23021,2026-08-28 00:00:00,4
28676,23023,2026-08-28 00:00:00,4
28677,23027,2026-08-28 00:00:00,4
28678,23044,2026-08-28 00:00:00,4
28679,23049,2026-08-28 00:00:00,4
28680,23050,2026-08-28 00:00:00,4
28681,23052,2026-08-28 00:00:00,4
28682,23067,2026-08-28 00:00:00,4
28683,23105,2026-08-28 00:00:00,4
28684,23139,2026-08-28 00:00:00,4
28685,23186,2026-08-28 00:00:00,4
28686,23223,2026-08-28 00:00:00,4
28687,23246,2026-08-28 00:00:00,4
28688,24013,2026-08-28 00:00:00,4
28689,24148,2026-08-28 00:00:00,4
28690,J407,2026-08-28 00:00:00,4
28691,J414,2026-08-28 00:00:00,4
28692,J418,2026-08-28 00:00:00,4
28693,23002,2026-08-28 00:00:00,4
28694,2016,2026-08-28 00:00:00,SERVICIO
28695,24028,2026-08-28 00:00:00,CACH
28696,23086,2026-08-28 00:00:00,4
28697,BU26006,2026-08-28 00:00:00,MUERTO
28698,BU26009,2026-08-30 00:00:00,MUERTO
28699,BU26017,2026-08-25 00:00:00,CA
28700,BU26018,2026-08-28 00:00:00,CA
28701,BU26008,2026-08-28 00:00:00,MUERTO
28702,26013,2026-08-31 00:00:00,MUERTO
28703,25034B,2026-06-26 00:00:00,C.A.
28887,23029,2026-06-27 00:00:00,12
28888,23034,2026-06-27 00:00:00,12
28889,23239,2026-06-27 00:00:00,12
28890,24008,2026-06-27 00:00:00,12
28891,24011,2026-06-27 00:00:00,12
28892,24012,2026-06-27 00:00:00,12
28893,24019,2026-06-27 00:00:00,12
28894,24025,2026-06-27 00:00:00,12
28895,24027,2026-06-27 00:00:00,12
28896,24030,2026-06-27 00:00:00,12
28897,24031,2026-06-27 00:00:00,12
28898,24032,2026-06-27 00:00:00,12
28899,24046,2026-06-27 00:00:00,12
28900,24047,2026-06-27 00:00:00,12
28901,24048,2026-06-27 00:00:00,12
28902,24063,2026-06-27 00:00:00,12
28903,24075,2026-06-27 00:00:00,12
28904,24078,2026-06-27 00:00:00,12
28905,24079,2026-06-27 00:00:00,12
28906,24085,2026-06-27 00:00:00,12
28907,24087,2026-06-27 00:00:00,12
28908,24092,2026-06-27 00:00:00,12
28909,24095,2026-06-27 00:00:00,12
28910,24117,2026-06-27 00:00:00,12
28911,24118,2026-06-27 00:00:00,12
28912,24133,2026-06-27 00:00:00,12
28913,24135,2026-06-27 00:00:00,12
28914,24143,2026-06-27 00:00:00,12
28915,24151,2026-06-27 00:00:00,12
28916,24155,2026-06-27 00:00:00,12
28917,24157,2026-06-27 00:00:00,12
28918,24159,2026-06-27 00:00:00,12
28919,24164,2026-06-27 00:00:00,12
28920,24167,2026-06-27 00:00:00,12
28921,24171,2026-06-27 00:00:00,12
28922,24174,2026-06-27 00:00:00,12
28923,24176,2026-06-27 00:00:00,12
28924,24177,2026-06-27 00:00:00,12
28925,24184,2026-06-27 00:00:00,12
28926,24185,2026-06-27 00:00:00,12
28927,24186,2026-06-27 00:00:00,12
28928,24195,2026-06-27 00:00:00,12
28929,24196,2026-06-27 00:00:00,12
28930,24197,2026-06-27 00:00:00,12
28931,24201,2026-06-27 00:00:00,12
28932,24202,2026-06-27 00:00:00,12
28933,24205,2026-06-27 00:00:00,12
28934,24207,2026-06-27 00:00:00,12
28935,24210,2026-06-27 00:00:00,12
28936,24211,2026-06-27 00:00:00,12
28937,24212,2026-06-27 00:00:00,12
28938,24213,2026-06-27 00:00:00,12
28939,24216,2026-06-27 00:00:00,12
28940,24217,2026-06-27 00:00:00,12
28941,24219,2026-06-27 00:00:00,12
28942,24220,2026-06-27 00:00:00,12
28943,24221,2026-06-27 00:00:00,12
28944,24222,2026-06-27 00:00:00,12
28945,24229,2026-06-27 00:00:00,12
28946,24230,2026-06-27 00:00:00,12
28947,24232,2026-06-27 00:00:00,12
28948,24237,2026-06-27 00:00:00,12
28949,24238,2026-06-27 00:00:00,12
28950,24239,2026-06-27 00:00:00,12
28951,24240,2026-06-27 00:00:00,12
28952,24242,2026-06-27 00:00:00,12
28953,24243,2026-06-27 00:00:00,12
28954,24244,2026-06-27 00:00:00,12
28955,24246,2026-06-27 00:00:00,12
28956,24247,2026-06-27 00:00:00,12
28957,24249,2026-06-27 00:00:00,12
28958,24256,2026-06-29 00:00:00,BLV
28959,24260,2026-06-27 00:00:00,12
28960,24268,2026-06-27 00:00:00,12
28961,24269,2026-06-27 00:00:00,12
28962,24270,2026-06-27 00:00:00,12
28963,24272,2026-06-27 00:00:00,12
28964,24273,2026-06-27 00:00:00,12
28965,24276,2026-06-27 00:00:00,12
28966,24279,2026-06-27 00:00:00,12
28967,24282,2026-06-27 00:00:00,12
28968,24283,2026-06-27 00:00:00,12
28969,24284,2026-06-27 00:00:00,12
28970,24285,2026-06-27 00:00:00,12
28971,24286,2026-06-27 00:00:00,12
28972,24288,2026-06-27 00:00:00,12
28973,24291,2026-06-27 00:00:00,12
28974,24292,2026-06-27 00:00:00,12
28975,24297,2026-06-27 00:00:00,12
28976,24298,2026-06-27 00:00:00,12
28977,24300,2026-06-27 00:00:00,12
28978,24302,2026-06-27 00:00:00,12
28979,24303,2026-06-27 00:00:00,12
28980,25001,2026-06-27 00:00:00,12
28981,25003,2026-06-27 00:00:00,12
28982,25006,2026-06-27 00:00:00,12
28983,25009,2026-06-27 00:00:00,12
28984,J25001,2026-06-27 00:00:00,12
28985,25010,2026-06-27 00:00:00,12
28986,25011,2026-06-27 00:00:00,12
28987,25012,2026-06-27 00:00:00,12
28988,25013,2026-06-27 00:00:00,12
28989,25014,2026-06-27 00:00:00,12
28990,25015,2026-06-27 00:00:00,12
28991,J25002,2026-06-27 00:00:00,12
28992,24307,2026-06-27 00:00:00,12
28993,24306,2026-06-27 00:00:00,12
28994,24308,2026-06-27 00:00:00,12
28995,25017,2026-06-27 00:00:00,12
28996,25021,2026-06-27 00:00:00,12
28997,25024,2026-06-27 00:00:00,12
28998,25026,2026-06-27 00:00:00,12
28999,25028,2026-06-27 00:00:00,12
29000,25030,2026-06-27 00:00:00,12
29001,J25031,2026-06-27 00:00:00,12
29002,25032,2026-06-27 00:00:00,12
29003,25035,2026-06-27 00:00:00,12
29004,25036,2026-06-27 00:00:00,12
29005,25037,2026-06-27 00:00:00,12
29006,25040,2026-06-27 00:00:00,12
29007,25041,2026-06-27 00:00:00,12
29008,25042,2026-06-27 00:00:00,12
29009,25045,2026-06-27 00:00:00,12
29010,J25049,2026-06-27 00:00:00,12
29011,25050,2026-06-27 00:00:00,12
29012,25051,2026-06-27 00:00:00,12
29013,25052,2026-06-27 00:00:00,12
29014,25054,2026-06-27 00:00:00,12
29015,25056,2026-06-27 00:00:00,12
29016,25058,2026-06-27 00:00:00,12
29017,25059,2026-06-27 00:00:00,12
29018,25060,2026-06-27 00:00:00,12
29019,25065,2026-06-27 00:00:00,12
29020,25066,2026-06-27 00:00:00,12
29021,25069,2026-06-27 00:00:00,12
29022,25070,2026-06-27 00:00:00,12
29023,25071,2026-06-27 00:00:00,12
29024,25073,2026-06-27 00:00:00,12
29025,25074,2026-06-27 00:00:00,12
29026,25075,2026-06-27 00:00:00,12
29027,25077,2026-06-27 00:00:00,12
29028,25080,2026-06-27 00:00:00,12
29029,25086,2026-06-27 00:00:00,12
29030,25088,2026-06-27 00:00:00,12
29031,25089,2026-06-27 00:00:00,12
29032,25091,2026-06-27 00:00:00,12
29033,25093,2026-06-27 00:00:00,12
29034,25095,2026-06-27 00:00:00,12
29035,25098,2026-06-27 00:00:00,12
29036,25099,2026-06-27 00:00:00,12
29037,25100,2026-06-27 00:00:00,12
29038,25105,2026-06-27 00:00:00,12
29039,25104,2026-06-27 00:00:00,12
29040,25116,2026-06-27 00:00:00,12
29041,25119,2026-06-27 00:00:00,12
29042,25122,2026-06-27 00:00:00,12
29043,25126,2026-06-27 00:00:00,12
29044,25127,2026-06-27 00:00:00,12
29045,25130,2026-06-27 00:00:00,12
29046,J25132,2026-06-27 00:00:00,12
29047,25134,2026-06-27 00:00:00,12
29048,25138,2026-06-27 00:00:00,12
29049,25140,2026-06-27 00:00:00,12
29050,25151,2026-06-27 00:00:00,12
29051,25152,2026-06-27 00:00:00,12
29052,25155,2026-06-27 00:00:00,12
29053,25159,2026-06-27 00:00:00,12
29054,25161,2026-06-27 00:00:00,12
29055,25164,2026-06-27 00:00:00,12
29056,25167,2026-06-27 00:00:00,12
29057,25176,2026-06-27 00:00:00,12
29058,25177,2026-06-27 00:00:00,12
29059,25178,2026-06-27 00:00:00,12
29060,25179,2026-06-27 00:00:00,12
29061,25183,2026-06-27 00:00:00,12
29062,25188,2026-06-27 00:00:00,12
29063,25192,2026-06-27 00:00:00,12
29064,25210,2026-06-27 00:00:00,12
29065,25213,2026-06-27 00:00:00,12
29066,25224,2026-06-27 00:00:00,12
29067,25222,2026-06-27 00:00:00,12
29068,25226,2026-06-27 00:00:00,12
29069,25265,2026-06-27 00:00:00,12
29070,25014,2026-09-03 00:00:00,CACH
29071,24285,2026-09-03 00:00:00,CACH
29072,24297,2026-09-03 00:00:00,CACH
29073,24300,2026-09-03 00:00:00,CACH
29074,25074,2026-09-03 00:00:00,CACH
29075,25265,2026-09-03 00:00:00,CACH
29076,9015,2026-09-01 00:00:00,Mater
29077,0284,2026-09-02 00:00:00,Mater
29078,2018,2026-09-02 00:00:00,Mater
29079,2037,2026-09-02 00:00:00,Mater
29080,2109,2026-09-02 00:00:00,MG
29081,8011,2026-09-02 00:00:00,MG
29082,22189,2026-09-02 00:00:00,MG
29083,22049,2026-09-02 00:00:00,MG
29084,20971,2026-09-02 00:00:00,MG
29085,26040,2026-09-02 00:00:00,MG
29086,26144,2026-09-02 00:00:00,MG
29087,26127,2026-09-02 00:00:00,MG
29088,26023,2026-09-02 00:00:00,MG
29089,26088,2026-09-02 00:00:00,MG
29090,8045,2026-08-21 00:00:00,1A
29091,12164,2026-08-27 00:00:00,1A
29092,2021,2026-08-31 00:00:00,1A
29093,26193,2026-08-21 00:00:00,CACH
29094,26194,2026-08-27 00:00:00,CACH
29095,26195,2026-08-31 00:00:00,CACH
29096,9015,2026-09-02 00:00:00,1A
29097,26196,2026-09-02 00:00:00,CACH
29098,25110,2026-08-15 00:00:00,MUERTO
29099,25042,2026-08-21 00:00:00,MUERTO
29100,25013,2026-08-25 00:00:00,MUERTO
29101,25014,2026-09-04 00:00:00,MUERTO
29102,BU330,2026-09-03 00:00:00,MG
29103,BU359,2026-09-03 00:00:00,MG
29104,BU362,2026-09-03 00:00:00,MG
29105,BU373,2026-09-03 00:00:00,MG
29106,BU378,2026-09-03 00:00:00,MG
29107,BU379,2026-09-03 00:00:00,MG
29108,BU94,2026-09-03 00:00:00,MG
29109,BU78,2026-08-27 00:00:00,C4
29110,BU2502,2026-08-27 00:00:00,C4
29111,BU320,2026-08-27 00:00:00,C4
29112,BU334,2026-08-27 00:00:00,C4
29113,BU363,2026-08-27 00:00:00,C4
29114,BU2505,2026-08-27 00:00:00,C4
29115,BU2520,2026-08-27 00:00:00,C4
29116,BU009,2026-08-27 00:00:00,C4
29117,BU2510,2026-08-27 00:00:00,C4
29118,BU2508,2026-08-27 00:00:00,C4
29119,BU2506,2026-08-27 00:00:00,C4
29120,BU057,2026-08-27 00:00:00,C4
29121,BU2516,2026-08-27 00:00:00,C4
29122,BU2526,2026-08-27 00:00:00,C4
29123,BU2519,2026-08-27 00:00:00,C4
29124,BU036,2026-08-27 00:00:00,C4
29125,BU2504,2026-08-27 00:00:00,C4
29126,BU2523,2026-08-27 00:00:00,C4
29127,BU335,2026-08-27 00:00:00,C4
29128,BU2511,2026-08-27 00:00:00,C4
29129,BU2515,2026-08-27 00:00:00,C4
29130,BU2522,2026-08-27 00:00:00,C4
29131,BU2517,2026-08-27 00:00:00,C4
29132,BU2514,2026-08-27 00:00:00,C4
29133,BU2512,2026-08-27 00:00:00,C4
29134,BU2528,2026-08-27 00:00:00,C4
29135,BU035,2026-08-27 00:00:00,C4
29136,BU2509,2026-08-27 00:00:00,C4
29137,BU019,2026-08-27 00:00:00,C4
29138,BU347,2026-08-27 00:00:00,C4
29139,BU338,2026-08-27 00:00:00,C4
29140,BU2525,2026-08-27 00:00:00,C4
29141,BU2513,2026-08-27 00:00:00,C4
29142,BU88,2026-08-27 00:00:00,C4
29143,BU358,2026-08-27 00:00:00,C4
29144,BU369,2026-08-27 00:00:00,C4
29145,BU355,2026-08-27 00:00:00,C4
29146,BU89,2026-08-27 00:00:00,C4
29147,BU72,2026-08-27 00:00:00,C4
29148,BU71,2026-08-27 00:00:00,C4
29149,BU312,2026-08-27 00:00:00,C4
29150,BU85,2026-08-27 00:00:00,C4
29151,BU377,2026-08-27 00:00:00,C4
29152,BU372,2026-08-27 00:00:00,C4
29153,BU353,2026-08-27 00:00:00,C4
29154,BU076,2026-08-27 00:00:00,C4
29155,BU93,2026-08-27 00:00:00,C4
29156,BU92,2026-08-27 00:00:00,C4
29157,BU357,2026-08-27 00:00:00,C4
29158,BU82,2026-08-27 00:00:00,C4
29159,BU073,2026-08-27 00:00:00,C4
29160,BU368,2026-08-27 00:00:00,C4
29161,BU354,2026-08-27 00:00:00,C4
29162,BU76,2026-08-27 00:00:00,C4
29163,BU341,2026-08-27 00:00:00,C4
29164,BU68,2026-08-27 00:00:00,C4
29165,BU351,2026-08-27 00:00:00,CA
29166,BU329,2026-08-27 00:00:00,CA
29167,BU316,2026-08-27 00:00:00,CA
29168,BU342,2026-08-27 00:00:00,CA
29169,BU2518,2026-08-27 00:00:00,CA
29170,BU106,2026-08-27 00:00:00,CA
29171,BU2530,2026-08-27 00:00:00,CA
29172,BU062,2026-08-27 00:00:00,CA
29173,BU2531,2026-08-27 00:00:00,CA
29174,BU053,2026-08-27 00:00:00,CA
29175,BU339,2026-08-27 00:00:00,CA
29176,BU346,2026-08-27 00:00:00,CA
29177,BU344,2026-08-27 00:00:00,CA
29178,BU048,2026-08-27 00:00:00,CA
29179,BU70,2026-08-27 00:00:00,CA
29180,BU333,2026-08-27 00:00:00,CA
29181,BU318,2026-08-27 00:00:00,CA
29182,BU343,2026-08-27 00:00:00,CA
29183,BU082,2026-08-27 00:00:00,CA
29184,BU324,2026-08-27 00:00:00,CA
29185,BU26002,2026-08-27 00:00:00,CA
29186,BU26003,2026-08-27 00:00:00,CA
29187,BU26004,2026-08-27 00:00:00,CA
29188,BU26005,2026-08-27 00:00:00,CA
29189,BU26008,2026-08-27 00:00:00,CA
29190,BU26009,2026-08-27 00:00:00,CA
29191,BU315,2026-08-27 00:00:00,CA
29192,23209,2026-08-27 00:00:00,CA
29193,24172,2026-08-27 00:00:00,CA
29194,24200,2026-08-27 00:00:00,CA
29195,24204,2026-08-27 00:00:00,CA
29196,24235,2026-08-27 00:00:00,CA
29197,24274,2026-08-27 00:00:00,CA
29198,24299,2026-08-27 00:00:00,CA
29199,25005,2026-08-27 00:00:00,CA
29200,25020,2026-08-27 00:00:00,CA
29201,25022,2026-08-27 00:00:00,CA
29202,25029,2026-08-27 00:00:00,CA
29203,25034B,2026-08-27 00:00:00,CA
29204,25053,2026-08-27 00:00:00,CA
29205,25055,2026-08-27 00:00:00,CA
29206,25061,2026-08-27 00:00:00,CA
29207,25067,2026-08-27 00:00:00,CA
29208,25068,2026-08-27 00:00:00,CA
29209,25087,2026-08-27 00:00:00,CA
29210,25097,2026-08-27 00:00:00,CA
29211,25101,2026-08-27 00:00:00,CA
29212,25103,2026-08-27 00:00:00,CA
29213,25106,2026-08-27 00:00:00,CA
29214,25111,2026-08-27 00:00:00,CA
29215,25129,2026-08-27 00:00:00,CA
29216,25137,2026-08-27 00:00:00,CA
29217,25139,2026-08-27 00:00:00,CA
29218,25142,2026-08-27 00:00:00,CA
29219,25173,2026-08-27 00:00:00,CA
29220,25187,2026-08-27 00:00:00,CA
29221,25190,2026-08-27 00:00:00,CA
29222,25203,2026-08-27 00:00:00,CA
29223,25237,2026-08-27 00:00:00,CA
29224,J25147,2026-08-27 00:00:00,CA
29225,pend49,2026-08-27 00:00:00,CA
29226,2088A,2026-09-06 00:00:00,Finca_sr_Hector_goyo_CA
29227,26152,2026-09-06 00:00:00,MUERTO
29228,2148A,2026-09-03 00:00:00,1A
29229,26197,2026-09-03 00:00:00,CACH
29230,26193,2026-09-01 00:00:00,MUERTO
29231,5146,2026-09-05 00:00:00,1A
29232,26199,2026-09-05 00:00:00,CACH
29233,26198,2026-09-08 00:00:00,MUERTO
29234,BU036,2026-09-11 00:00:00,CA
29235,2018,2026-09-09 00:00:00,1A
29236,1188,2026-09-10 00:00:00,1A
29237,j01415,2026-09-09 00:00:00,1A
29238,BU343,2026-09-12 00:00:00,CA
29239,26200,2026-09-09 00:00:00,CACH
29240,26203,2026-09-10 00:00:00,CACH
29241,26204,2026-09-09 00:00:00,CACH
29242,BU26019,2026-09-12 00:00:00,CA
29243,26201,2026-09-09 00:00:00,MUERTO
29244,26202,2026-09-09 00:00:00,MUERTO
29245,0338,2026-09-09 00:00:00,VAQ
29246,2037,2026-09-09 00:00:00,VAQ
29247,25116,2026-09-06 00:00:00,MUERTO
29248,25265,2026-09-14 00:00:00,MUERTO
29249,BU2524,2026-09-11 00:00:00,MUERTO
29250,20001,2026-09-08 00:00:00,NINGUNO
29251,2196A,2026-08-15 00:00:00,4
29252,6043,2026-08-15 00:00:00,4
29253,60286,2026-08-15 00:00:00,4
29254,7028,2026-08-15 00:00:00,4
29255,6035,2026-08-15 00:00:00,4
29256,3107,2026-08-15 00:00:00,4
29257,2234,2026-08-15 00:00:00,4
29258,4151,2026-08-15 00:00:00,4
29259,2063A,2026-08-15 00:00:00,4
29260,5679,2026-08-15 00:00:00,4
29261,7083,2026-08-15 00:00:00,4
29262,3066B,2026-08-15 00:00:00,4
29263,EMB 2,2026-08-15 00:00:00,4
29264,2143A,2026-08-15 00:00:00,4
29265,2146,2026-08-15 00:00:00,4
29266,2137,2026-08-15 00:00:00,4
29267,2042,2026-08-15 00:00:00,4
29268,22132,2026-08-15 00:00:00,4
29269,2209A,2026-08-15 00:00:00,4
29270,22164,2026-08-15 00:00:00,4
29271,3119,2026-08-15 00:00:00,4
29272,2096,2026-08-15 00:00:00,4
29273,1077A,2026-08-15 00:00:00,4
29274,4172,2026-08-15 00:00:00,4
29275,50501,2026-08-15 00:00:00,4
29276,5060,2026-08-15 00:00:00,4
29277,5077,2026-08-15 00:00:00,4
29278,5082,2026-08-15 00:00:00,4
29279,5090,2026-08-15 00:00:00,4
29280,7012,2026-08-15 00:00:00,4
29281,7067,2026-08-15 00:00:00,4
29282,7074,2026-08-15 00:00:00,4
29283,8046,2026-08-15 00:00:00,4
29284,8094,2026-08-15 00:00:00,4
29285,6042,2026-08-15 00:00:00,4
29286,30212,2026-08-15 00:00:00,4
29287,7022,2026-08-15 00:00:00,4
29288,8010,2026-08-15 00:00:00,4
29289,80272,2026-08-15 00:00:00,4
29290,8041,2026-08-15 00:00:00,4
29291,8043,2026-08-15 00:00:00,4
29292,8062,2026-08-15 00:00:00,4
29293,9071,2026-08-15 00:00:00,4
29294,19,2026-08-15 00:00:00,4
29295,1310,2026-08-15 00:00:00,4
29296,1123,2026-08-15 00:00:00,4
29297,8061,2026-08-15 00:00:00,4
29298,8085,2026-08-15 00:00:00,4
29299,9006,2026-08-15 00:00:00,4
29300,9037,2026-08-15 00:00:00,4
29301,9073,2026-08-15 00:00:00,4
29302,9076,2026-08-15 00:00:00,4
29303,9091,2026-08-15 00:00:00,4
29304,9113,2026-08-15 00:00:00,4
29305,0111,2026-08-15 00:00:00,4
29306,0202,2026-08-15 00:00:00,4
29307,0208A,2026-08-15 00:00:00,4
29308,0240,2026-08-15 00:00:00,4
29309,0241,2026-08-15 00:00:00,4
29310,0263,2026-08-15 00:00:00,4
29311,0270,2026-08-15 00:00:00,4
29312,0272,2026-08-15 00:00:00,4
29313,0297,2026-08-15 00:00:00,4
29314,0298A,2026-08-15 00:00:00,4
29315,0327,2026-08-15 00:00:00,4
29316,0330A,2026-08-15 00:00:00,4
29317,0342,2026-08-15 00:00:00,4
29318,0353,2026-08-15 00:00:00,4
29319,1109B,2026-08-15 00:00:00,4
29320,2035A,2026-08-15 00:00:00,4
29321,2063B,2026-08-15 00:00:00,4
29322,0271,2026-08-15 00:00:00,4
29323,1059,2026-08-15 00:00:00,4
29324,2061,2026-08-15 00:00:00,4
29325,1102,2026-08-15 00:00:00,4
29326,1043A,2026-08-15 00:00:00,4
29327,1052A,2026-08-15 00:00:00,4
29328,2007,2026-08-15 00:00:00,4
29329,1063,2026-08-15 00:00:00,4
29330,2014,2026-08-15 00:00:00,4
29331,0298,2026-08-15 00:00:00,4
29332,1023,2026-08-15 00:00:00,4
29333,1065,2026-08-15 00:00:00,4
29334,1100B,2026-08-15 00:00:00,4
29335,1104A,2026-08-15 00:00:00,4
29336,2062,2026-08-15 00:00:00,4
29337,4072,2026-08-15 00:00:00,4
29338,80882,2026-08-15 00:00:00,4
29339,8017,2026-08-15 00:00:00,4
29340,22195,2026-08-15 00:00:00,4
29341,23003,2026-08-15 00:00:00,4
29342,2095,2026-08-15 00:00:00,4
29343,1066,2026-08-15 00:00:00,4
29344,1091,2026-08-15 00:00:00,4
29345,0234,2026-08-15 00:00:00,4
29346,0306,2026-08-15 00:00:00,4
29347,0312,2026-08-15 00:00:00,4
29348,9501,2026-08-15 00:00:00,4
29349,0304,2026-08-15 00:00:00,4
29350,0320,2026-08-15 00:00:00,4
29351,8006,2026-08-15 00:00:00,4
29352,EMB 5,2026-08-15 00:00:00,4
29353,23017,2026-08-15 00:00:00,4
29354,23020,2026-08-15 00:00:00,4
29355,23024,2026-08-15 00:00:00,4
29356,23030,2026-08-15 00:00:00,4
29357,23031,2026-08-15 00:00:00,4
29358,23037,2026-08-15 00:00:00,4
29359,23039,2026-08-15 00:00:00,4
29360,23045,2026-08-15 00:00:00,4
29361,23051,2026-08-15 00:00:00,4
29362,23053,2026-08-15 00:00:00,4
29363,23055,2026-08-15 00:00:00,4
29364,23060,2026-08-15 00:00:00,4
29365,23061,2026-08-15 00:00:00,4
29366,23063,2026-08-15 00:00:00,4
29367,23065,2026-08-15 00:00:00,4
29368,23073,2026-08-15 00:00:00,4
29369,pend41,2026-08-15 00:00:00,4
29370,23092,2026-08-15 00:00:00,4
29371,23094,2026-08-15 00:00:00,4
29372,23101,2026-08-15 00:00:00,4
29373,23107,2026-08-15 00:00:00,4
29374,23111,2026-08-15 00:00:00,4
29375,22221,2026-08-15 00:00:00,4
29376,23115,2026-08-15 00:00:00,4
29377,23116,2026-08-15 00:00:00,4
29378,23118,2026-08-15 00:00:00,4
29379,23120,2026-08-15 00:00:00,4
29380,23121,2026-08-15 00:00:00,4
29381,23153,2026-08-15 00:00:00,4
29382,23156,2026-08-15 00:00:00,4
29383,23165,2026-08-15 00:00:00,4
29384,23198,2026-08-15 00:00:00,4
29385,23212,2026-08-15 00:00:00,4
29386,24016,2026-08-15 00:00:00,4
29387,24029,2026-08-15 00:00:00,4
29388,J404,2026-08-15 00:00:00,4
29389,J408,2026-08-15 00:00:00,4
29390,J413,2026-08-15 00:00:00,4
29391,J420,2026-08-15 00:00:00,4
29392,J422,2026-08-15 00:00:00,4
29393,8010,2026-09-14 00:00:00,PARADERO
29394,1104A,2026-09-14 00:00:00,PARADERO
29395,0327,2026-09-14 00:00:00,PARADERO
29396,2063A,2026-09-14 00:00:00,PARADERO
29397,34,2026-09-14 00:00:00,PARADERO
29398,9020,2026-09-14 00:00:00,PARADERO
29399,9091,2026-09-13 00:00:00,PARADERO
29400,8006,2026-09-14 00:00:00,PARADERO
29401,7017,2026-09-14 00:00:00,PARADERO
29402,19,2026-09-14 00:00:00,PARADERO
29403,1043A,2026-09-14 00:00:00,PARADERO
29404,2007,2026-09-14 00:00:00,PARADERO
29405,0271,2026-09-14 00:00:00,PARADERO
29406,1023,2026-09-13 00:00:00,PARADERO
29407,30212,2026-09-14 00:00:00,PARADERO
29408,6043,2026-09-14 00:00:00,PARADERO
29409,23121,2026-09-14 00:00:00,PARADERO
29410,5150,2026-09-14 00:00:00,PARADERO
29411,3750,2026-09-14 00:00:00,PARADERO
29412,60286,2026-09-14 00:00:00,PARADERO
29413,2037,2026-09-15 00:00:00,3
29414,9006,2026-09-15 00:00:00,3
29415,j841,2026-09-15 00:00:00,3
29416,0205,2026-09-15 00:00:00,3
29417,22160,2026-09-15 00:00:00,3
29418,6070,2026-09-15 00:00:00,3A
29419,8086,2026-09-15 00:00:00,3A
29420,0322,2026-09-15 00:00:00,3A
29421,j415,2026-09-15 00:00:00,3A
29422,22126,2026-09-15 00:00:00,3A
29423,2174,2026-09-15 00:00:00,MUERTO
29424,22185,2026-09-15 00:00:00,MUERTO
29425,2170,2026-09-15 00:00:00,MUERTO
29426,1101A,2026-09-15 00:00:00,MUERTO
29427,2101,2026-09-15 00:00:00,MUERTO
29428,9091,2026-09-14 00:00:00,1A
29429,1059,2026-09-14 00:00:00,1A
29430,1023,2026-09-14 00:00:00,1A
29431,26205,2026-09-14 00:00:00,CACH
29432,26206,2026-09-14 00:00:00,CACH
29433,26207,2026-09-14 00:00:00,CACH
29434,J25132,2026-09-15 00:00:00,MUERTO
29435,24259,2026-09-08 00:00:00,SILENCIO
29436,24262,2026-09-08 00:00:00,SILENCIO
29437,24264,2026-09-08 00:00:00,SILENCIO
29438,24287,2026-09-08 00:00:00,SILENCIO
29439,24289,2026-09-08 00:00:00,SILENCIO
29440,25016,2026-09-08 00:00:00,SILENCIO
29441,25025,2026-09-08 00:00:00,SILENCIO
29442,25027,2026-09-08 00:00:00,SILENCIO
29443,25033,2026-09-08 00:00:00,SILENCIO
29444,25034,2026-09-08 00:00:00,SILENCIO
29445,25039,2026-09-08 00:00:00,SILENCIO
29446,25043,2026-09-08 00:00:00,SILENCIO
29447,25062,2026-09-08 00:00:00,SILENCIO
29448,25064,2026-09-08 00:00:00,SILENCIO
29449,25084,2026-09-08 00:00:00,SILENCIO
29450,25096,2026-09-08 00:00:00,SILENCIO
29451,25102,2026-09-08 00:00:00,SILENCIO
29452,25112,2026-09-08 00:00:00,SILENCIO
29453,25118,2026-09-08 00:00:00,SILENCIO
29454,25120,2026-09-08 00:00:00,SILENCIO
29455,25123,2026-09-08 00:00:00,SILENCIO
29456,25124,2026-09-08 00:00:00,SILENCIO
29457,25125,2026-09-08 00:00:00,SILENCIO
29458,25128,2026-09-08 00:00:00,SILENCIO
29459,25131,2026-09-08 00:00:00,SILENCIO
29460,25141,2026-09-08 00:00:00,SILENCIO
29461,25143,2026-09-08 00:00:00,SILENCIO
29462,25145,2026-09-08 00:00:00,SILENCIO
29463,25149,2026-09-08 00:00:00,SILENCIO
29464,25150,2026-09-08 00:00:00,SILENCIO
29465,25154,2026-09-08 00:00:00,SILENCIO
29466,25157,2026-09-08 00:00:00,SILENCIO
29467,25158,2026-09-08 00:00:00,SILENCIO
29468,25162,2026-09-08 00:00:00,SILENCIO
29469,25165,2026-09-08 00:00:00,SILENCIO
29470,25166,2026-09-08 00:00:00,SILENCIO
29471,25169,2026-09-08 00:00:00,SILENCIO
29472,25170,2026-09-08 00:00:00,SILENCIO
29473,25174,2026-09-08 00:00:00,SILENCIO
29474,25175,2026-09-08 00:00:00,SILENCIO
29475,25186,2026-09-08 00:00:00,SILENCIO
29476,25191,2026-09-08 00:00:00,SILENCIO
29477,25199,2026-09-08 00:00:00,SILENCIO
29478,25200,2026-09-08 00:00:00,SILENCIO
29479,25201,2026-09-08 00:00:00,SILENCIO
29480,25207,2026-09-08 00:00:00,SILENCIO
29482,25214,2026-09-08 00:00:00,SILENCIO
29483,25215,2026-09-08 00:00:00,SILENCIO
29484,25218,2026-09-08 00:00:00,SILENCIO
29485,25219,2026-09-08 00:00:00,SILENCIO
29486,25223,2026-09-08 00:00:00,SILENCIO
29487,25230,2026-09-08 00:00:00,SILENCIO
29488,25231,2026-09-08 00:00:00,SILENCIO
29489,25253,2026-09-08 00:00:00,SILENCIO
29490,25284,2026-09-08 00:00:00,SILENCIO
29491,24300,2026-09-16 00:00:00,MUERTO
29492,26208,2026-09-16 00:00:00,CACH
29493,9020,2026-09-16 00:00:00,1A
29494,,2026-09-08 00:00:00,SILENCIO
29495,24256,2026-09-08 00:00:00,SILENCIO
29496,4100,2026-09-17 00:00:00,1A
29497,26209,2026-09-17 00:00:00,CACH
29498,2087,2026-09-18 00:00:00,SERVICIO
29499,2048,2026-09-18 00:00:00,SERVICIO
29500,0231A,2026-09-18 00:00:00,SERVICIO
29501,2030,2026-09-18 00:00:00,SERVICIO
29502,0323,2026-09-18 00:00:00,SERVICIO
29503,1088A,2026-09-18 00:00:00,SERVICIO
29504,J841,2026-09-18 00:00:00,SERVICIO
29505,2023,2026-09-18 00:00:00,SERVICIO
29506,34,2026-09-18 00:00:00,SERVICIO
29507,25163,2026-09-18 00:00:00,2
29508,26053,2026-09-18 00:00:00,2
29509,25235,2026-09-18 00:00:00,2
29510,25216,2026-09-18 00:00:00,2
29511,25204,2026-09-18 00:00:00,2
29512,25184,2026-09-18 00:00:00,2
29513,26007,2026-09-18 00:00:00,2
29514,25197,2026-09-18 00:00:00,2
29515,25248,2026-09-18 00:00:00,2
29516,25250,2026-09-18 00:00:00,2
29517,25212,2026-09-18 00:00:00,2
29518,26037,2026-09-18 00:00:00,2
29519,25240,2026-09-18 00:00:00,2
29520,25244,2026-09-18 00:00:00,2
29521,3026A,2026-09-18 00:00:00,MG
29522,4007,2026-09-18 00:00:00,MG
29523,5144,2026-09-18 00:00:00,MG
29524,4053,2026-09-18 00:00:00,MG
29525,4076,2026-09-18 00:00:00,MG
29526,4099,2026-09-18 00:00:00,MG
29527,6008,2026-09-18 00:00:00,MG
29528,9100,2026-09-18 00:00:00,MG
29529,20334,2026-09-18 00:00:00,MG
29530,8005,2026-09-18 00:00:00,MG
29531,9104,2026-09-18 00:00:00,MG
29532,9121,2026-09-18 00:00:00,MG
29533,9126A,2026-09-18 00:00:00,MG
29534,0107,2026-09-18 00:00:00,MG
29535,0246,2026-09-18 00:00:00,MG
29536,0258,2026-09-18 00:00:00,MG
29537,0321,2026-09-18 00:00:00,MG
29538,9115,2026-09-18 00:00:00,MG
29539,8019,2026-09-18 00:00:00,MG
29540,0352,2026-09-18 00:00:00,MG
29541,22112,2026-09-10 00:00:00,SERVICIO
29542,0206A,2026-09-14 00:00:00,3A
29543,0226,2026-09-14 00:00:00,3A
29544,0269,2026-09-14 00:00:00,3A
29545,0294,2026-09-14 00:00:00,3A
29546,0305,2026-09-14 00:00:00,3A
29547,0311,2026-09-14 00:00:00,3A
29548,0314,2026-09-14 00:00:00,3A
29549,0344,2026-09-14 00:00:00,3A
29550,0500,2026-09-14 00:00:00,3A
29551,1017A,2026-09-14 00:00:00,3A
29552,1100A,2026-09-14 00:00:00,3A
29553,1103,2026-09-14 00:00:00,3A
29554,2011,2026-09-14 00:00:00,3A
29555,2026,2026-09-14 00:00:00,3A
29556,2047,2026-09-14 00:00:00,3A
29557,2052,2026-09-14 00:00:00,3A
29558,2083,2026-09-14 00:00:00,3A
29559,2093,2026-09-14 00:00:00,3A
29560,2143,2026-09-14 00:00:00,3A
29561,2145,2026-09-14 00:00:00,3A
29562,22098,2026-09-14 00:00:00,3A
29563,22135,2026-09-14 00:00:00,3A
29564,22160,2026-09-14 00:00:00,3A
29565,22161,2026-09-14 00:00:00,3A
29566,22172,2026-09-14 00:00:00,3A
29567,22177,2026-09-14 00:00:00,3A
29568,2218,2026-09-14 00:00:00,3A
29569,22180,2026-09-14 00:00:00,3A
29570,22189,2026-09-14 00:00:00,3A
29571,22193,2026-09-14 00:00:00,3A
29572,2226,2026-09-14 00:00:00,3A
29573,23001,2026-09-14 00:00:00,3A
29574,23006,2026-09-14 00:00:00,3A
29575,2500,2026-09-14 00:00:00,3A
29576,3132,2026-09-14 00:00:00,3A
29577,5079,2026-09-14 00:00:00,3A
29578,7059,2026-09-14 00:00:00,3A
29579,8030,2026-09-14 00:00:00,3A
29580,8033,2026-09-14 00:00:00,3A
29581,8048,2026-09-14 00:00:00,3A
29582,8076,2026-09-14 00:00:00,3A
29583,8077,2026-09-14 00:00:00,3A
29584,9024,2026-09-14 00:00:00,3A
29585,9040,2026-09-14 00:00:00,3A
29586,9053,2026-09-14 00:00:00,3A
29587,91242,2026-09-14 00:00:00,3A
29588,J426,2026-09-14 00:00:00,3A
29589,2087,2026-09-24 00:00:00,4
29590,9110A,2026-09-24 00:00:00,4
29591,0205,2026-09-24 00:00:00,4
29592,2023,2026-09-24 00:00:00,4
29593,2103,2026-09-24 00:00:00,4
29594,0231A,2026-09-24 00:00:00,4
29595,2037,2026-09-24 00:00:00,4
29596,2048,2026-09-24 00:00:00,4
29597,9006,2026-09-24 00:00:00,4
29598,2030,2026-09-24 00:00:00,4
29599,1088A,2026-09-24 00:00:00,4
29600,22112,2026-09-24 00:00:00,4
29601,22126,2026-09-24 00:00:00,4
29602,J841,2026-09-24 00:00:00,4
29603,8079,2026-09-15 00:00:00,1A
29604,0249,2026-09-15 00:00:00,1A
29605,0259,2026-09-15 00:00:00,1A
29606,0278,2026-09-15 00:00:00,1A
29607,0336,2026-09-15 00:00:00,1A
29608,1074,2026-09-15 00:00:00,1A
29609,1079,2026-09-15 00:00:00,1A
29610,22186,2026-09-15 00:00:00,1A
29611,0307,2026-09-15 00:00:00,1A
29612,2094A,2026-09-15 00:00:00,1A
29613,22119,2026-09-15 00:00:00,1A
29614,2141,2026-09-15 00:00:00,1A
29615,22117,2026-09-15 00:00:00,1A
29616,2162,2026-09-15 00:00:00,1A
29617,0327,2026-09-19 00:00:00,1A
29618,2063A,2026-09-21 00:00:00,1A
29619,7017,2026-09-20 00:00:00,1A
29620,26210,2026-09-19 00:00:00,CACH
29621,26211,2026-09-21 00:00:00,CACH
29622,26212,2026-09-20 00:00:00,CACH
29623,0327,2026-09-19 00:00:00,1A
29624,2063A,2026-09-21 00:00:00,1A
29625,7017,2026-09-20 00:00:00,1A
29626,26210,2026-09-19 00:00:00,CACH
29627,26211,2026-09-21 00:00:00,CACH
29628,26212,2026-09-20 00:00:00,CACH
29629,0231A,2026-09-29 00:00:00,Mater
29630,0241,2026-09-29 00:00:00,Mater
29631,0270,2026-09-29 00:00:00,Mater
29632,2042,2026-09-29 00:00:00,Mater
29633,2062,2026-09-29 00:00:00,Mater
29634,2096,2026-09-29 00:00:00,Mater
29635,2108,2026-09-29 00:00:00,Mater
29636,2196A,2026-09-29 00:00:00,Mater
29637,23246,2026-09-29 00:00:00,Mater
29638,24148,2026-09-29 00:00:00,Mater
29639,6035,2026-09-29 00:00:00,Mater
29640,8046,2026-09-29 00:00:00,Mater
29641,8094,2026-09-29 00:00:00,Mater
29642,9113,2026-09-29 00:00:00,Mater
29643,pend41,2026-09-29 00:00:00,Mater
29644,20334,2026-09-29 00:00:00,Mater
29645,0217,2026-10-02 00:00:00,7
29646,1008,2026-10-02 00:00:00,7
29647,1069,2026-10-02 00:00:00,7
29648,1070,2026-10-02 00:00:00,7
29649,1077,2026-10-02 00:00:00,7
29650,1101,2026-10-02 00:00:00,7
29651,1106,2026-10-02 00:00:00,7
29652,1126,2026-10-02 00:00:00,7
29653,1154,2026-10-02 00:00:00,7
29654,1156,2026-10-02 00:00:00,7
29655,1180,2026-10-02 00:00:00,7
29656,1206,2026-10-02 00:00:00,7
29657,1214,2026-10-02 00:00:00,7
29658,1219,2026-10-02 00:00:00,7
29659,1237,2026-10-02 00:00:00,7
29660,2010,2026-10-02 00:00:00,7
29661,2025,2026-10-02 00:00:00,7
29662,2044,2026-10-02 00:00:00,7
29663,2090,2026-10-02 00:00:00,SERVICIO
29664,2106,2026-10-02 00:00:00,7
29665,2128,2026-10-02 00:00:00,7
29666,2159,2026-10-02 00:00:00,7
29667,2167,2026-10-02 00:00:00,7
29668,22100,2026-10-02 00:00:00,7
29669,22115,2026-10-02 00:00:00,7
29670,22157,2026-10-02 00:00:00,7
29671,22175,2026-10-02 00:00:00,7
29672,22181,2026-10-02 00:00:00,SERVICIO
29673,22188,2026-10-02 00:00:00,7
29674,22190,2026-10-02 00:00:00,7
29675,22194,2026-10-02 00:00:00,7
29676,22209,2026-10-02 00:00:00,7
29677,23015,2026-10-02 00:00:00,7
29678,23216,2026-10-02 00:00:00,SERVICIO
29679,0204B,2026-10-02 00:00:00,7
29680,1068A,2026-10-02 00:00:00,7
29681,2001B,2026-10-02 00:00:00,SERVICIO
29682,2039A,2026-10-02 00:00:00,SERVICIO
29683,MSN15,2026-10-02 00:00:00,7
